Total number of secondary electrons: 1901
1500 98.6902 1.37507 19.6906 1.27192 0.0430577 223.844 0 0
1500 102.11 10.6552 16.9089 1.00008 0.147142 262.005 0 0
1500 90.1835 -22.3366 15.5365 0.620457 -0.345824 261.999 0 0
1500 76.584 -13.0232 14.9064 0.39312 -0.222627 264.723 0 0
1500 85.9585 4.15079 15.8791 0.520677 -0.00857088 274.916 0 0
1500 122.427 2.77239 15.0022 1.0273 0.0645107 276.278 0 0
1500 90.0737 -2.64819 16.3343 0.693027 0.00931147 283.035 0 0
1500 100.12 -3.01334 14.8764 0.667776 -0.0340347 284.069 0 0
1500 85.0728 -6.46083 15.0828 0.515901 -0.0948609 284.125 0 0
1500 77.9488 -15.2228 14.9785 0.379067 -0.226995 288.405 0 0
1500 100.892 7.75824 14.6788 0.621261 0.0740507 293.355 0 0
1500 110.845 -17.465 16.2237 1.08293 -0.374435 295.757 0 0
1500 96.7988 16.2475 15.363 0.593951 0.250973 297.157 0 0
1500 87.3981 9.26485 16.9364 0.687332 0.13386 299.632 0 0
1500 79.7731 3.55981 16.5326 0.527848 0.0459396 299.779 0 0
1500 113.883 -3.14732 14.5256 0.735424 -0.0261333 299.91 0 0
1500 80.2195 23.5164 15.2961 0.405464 0.349708 300.214 0 0
1500 96.1397 14.6577 15.0331 0.580844 0.179757 300.719 0 0
1500 93.3762 8.05667 16.0067 0.647367 0.102606 302.491 0 0
1500 114.459 7.73409 16.7699 1.12704 0.0955177 303.005 0 0
1500 93.6449 6.73574 14.6104 0.525573 0.0687174 303.239 0 0
1500 84.7271 3.60759 15.9286 0.5101 0.0454699 304.556 0 0
1500 78.8022 1.48299 14.7051 0.343246 -0.0299396 308.203 0 0
1500 82.8525 -16.1577 14.9333 0.36334 -0.200198 308.328 0 0
1500 88.0225 -8.55376 15.8575 0.567295 -0.131125 309.064 0 0
1500 87.8317 3.54562 16.5796 0.64933 0.0505881 309.169 0 0
1500 63.8936 17.3212 15.1568 0.151407 0.231689 309.457 0 0
1500 97.4046 3.80202 15.7525 0.802387 0.0890481 309.715 0 0
1500 41.3768 -26.8145 14.4571 -0.190254 -0.381928 310.182 0 0
1500 51.2334 -24.9445 14.4796 -0.0395428 -0.354464 310.297 0 0
1500 84.8962 37.8399 14.4016 0.404513 0.48022 310.462 0 0
1500 71.4447 -46.5381 14.3462 0.159017 -0.616061 310.96 0 0
1500 85.5463 -2.38479 14.4972 0.363591 -0.0154124 310.967 0 0
1500 117.198 6.28398 14.2343 0.775705 0.0863801 311.019 0 0
1500 119.372 -0.950867 14.4217 0.808256 0.0148451 311.464 0 0
1500 63.5416 42.1168 14.3269 0.027859 0.545963 311.926 0 0
1500 83.1315 43.7097 14.3382 0.264765 0.563297 312.22 0 0
1500 82.3432 10.1902 16.4482 0.552068 0.147001 313.092 0 0
1500 89.0686 -8.17433 16.1438 0.5877 -0.142006 313.824 0 0
1500 85.7196 4.21472 15.967 0.56242 0.025627 313.974 0 0
1500 118.728 58.7074 14.3629 0.766024 0.691185 314.067 0 0
1500 65.6227 -71.0573 14.6392 0.117386 -0.974167 314.263 0 0
1500 72.3406 -22.9098 14.8952 0.178196 -0.364015 314.52 0 0
1500 85.2131 21.8938 16.1467 0.591229 0.364777 314.833 0 0
1500 91.126 -5.34437 15.424 0.565179 -0.0780252 315.502 0 0
1500 92.5243 -1.86926 16.3502 0.720532 -0.0705329 315.662 0 0
1500 77.7061 -22.4556 14.9447 0.270116 -0.318474 316.169 0 0
1500 101.158 13.228 16.0117 0.86317 0.207939 316.232 0 0
1500 43.8835 -32.1219 14.9837 -0.192971 -0.439766 316.43 0 0
1500 31.7297 8.07576 14.5541 -0.342125 0.0412549 316.677 0 0
1500 81.6466 8.47918 14.8495 0.37664 0.0668896 317.037 0 0
1500 35.6305 -77.493 14.6806 -0.267316 -1.02849 318.294 0 0
1500 109.545 -37.6618 14.6582 0.611394 -0.515817 318.417 0 0
1500 10.5764 -45.3839 14.6692 -0.589741 -0.607266 318.749 0 0
1500 127.671 -7.84583 14.8114 0.904016 -0.120263 319.251 0 0
1500 -6.81612 -43.0807 14.7123 -0.788071 -0.570451 320.04 0 0
1500 34.4357 -76.0422 14.7301 -0.294461 -0.958081 320.517 0 0
1500 94.8774 -19.2887 15.1275 0.571087 -0.264246 320.642 0 0
1500 69.3906 -24.7698 15.5044 0.201428 -0.338209 320.86 0 0
1500 70.9816 -14.813 15.7389 0.296441 -0.228804 322.783 0 0
1500 69.7216 11.4087 15.5631 0.234968 0.196281 323.054 0 0
1500 101.853 -1.46439 15.7932 0.750409 -0.0858852 323.7 0 0
1500 3.48182 -17.832 14.8817 -0.730132 -0.302526 323.816 0 0
1500 111.868 -36.9438 14.9944 0.717692 -0.503198 324.116 0 0
1500 74.5618 3.83038 16.437 0.391431 0.0577382 325.09 0 0
1500 102.541 -17.4176 16.7036 0.964495 -0.377471 325.108 0 0
1500 69.3749 16.897 15.4318 0.217669 0.26795 326.228 0 0
1500 86.2922 -12.6609 15.4095 0.48373 -0.178638 326.308 0 0
1500 45.492 1.60174 14.7689 -0.187425 0.0817753 326.824 0 0
1500 87.4416 -2.70069 15.6636 0.506675 0.0153416 326.845 0 0
1500 58.1898 8.86821 14.8902 0.0431064 0.171458 327.838 0 0
1500 74.2202 2.61633 15.9622 0.343288 0.00854288 327.895 0 0
1500 82.765 -14.4165 16.6079 0.51033 -0.225481 328.205 0 0
1500 86.3181 8.27579 15.1736 0.362126 0.120842 328.964 0 0
1500 85.6658 33.9262 14.9209 0.318607 0.475953 329.155 0 0
1500 103.008 -18.3991 16.5089 0.914363 -0.358802 329.212 0 0
1500 59.5497 64.7961 15.2514 0.0572146 0.944606 329.259 0 0
1500 136.942 -0.97212 15.1924 1.15003 0.00455775 329.359 0 0
1500 91.8919 16.7023 15.7416 0.523106 0.253781 329.867 0 0
1500 115.116 38.8636 14.8845 0.778764 0.477906 329.947 0 0
1500 -18.7979 -9.63249 14.8211 -0.976336 -0.0610195 330.301 0 0
1500 91.1039 25.4144 16.1024 0.640912 0.498726 330.398 0 0
1500 32.0093 -31.0464 15.5188 -0.401113 -0.462884 330.661 0 0
1500 80.7273 24.5828 15.022 0.369189 0.311032 331.106 0 0
1500 4.83574 47.6921 14.9718 -0.690952 0.633578 331.335 0 0
1500 95.2728 13.0932 16.6859 0.693826 0.172274 331.513 0 0
1500 69.1746 -3.31068 15.9974 0.202263 -0.128295 331.662 0 0
1500 78.3037 -11.1604 16.9385 0.491864 -0.178069 331.817 0 0
1500 81.8368 13.892 15.8268 0.377415 0.211135 332.291 0 0
1500 97.2397 6.59147 15.5683 0.617552 0.0993159 333.599 0 0
1500 138.522 0.137875 15.026 1.03516 0.0315042 334.548 0 0
1500 131.417 23.9992 15.1178 0.969451 0.290659 334.619 0 0
1500 -162.181 152.503 15.0363 -2.87118 1.94378 335.001 0 0
1500 43.1502 -75.1759 15.0129 -0.244587 -0.935209 335.327 0 0
1500 -7.92077 37.3126 15.0222 -0.871775 0.449747 335.521 0 0
1500 41.5765 55.8563 15.0282 -0.268863 0.731609 335.532 0 0
1500 64.1331 -23.1105 15.4006 0.126258 -0.359782 335.662 0 0
1500 65.9335 37.2153 15.1487 0.0937479 0.474537 335.81 0 0
1500 107.715 35.7476 15.4846 0.734435 0.515614 336.039 0 0
1500 72.8225 23.6164 15.0637 0.236612 0.343499 336.1 0 0
1500 66.9256 17.7183 15.8325 0.200341 0.275658 337.113 0 0
1500 65.6901 82.9688 15.1357 0.126994 1.14323 337.183 0 0
1500 103.504 -12.7774 15.3556 0.655411 -0.131351 337.251 0 0
1500 130.771 31.9512 15.6108 1.20056 0.542091 337.34 0 0
1500 106.197 -10.6595 16.1905 0.869517 -0.191493 338.432 0 0
1500 106.777 -27.1433 16.7894 0.989101 -0.452912 338.477 0 0
1500 64.8012 81.3002 15.1158 0.0251198 0.982009 338.567 0 0
1500 46.7248 19.5455 15.6807 -0.117395 0.28266 339.099 0 0
1500 74.9136 -5.92193 15.348 0.282372 -0.0314183 339.284 0 0
1500 77.7419 -7.03743 15.8838 0.391235 -0.0715095 340.202 0 0
1500 99.2395 33.6858 15.3606 0.551761 0.531737 340.189 0 0
1500 56.2818 -51.2942 15.858 0.020459 -0.840192 340.409 0 0
1500 76.4803 24.7853 15.577 0.227268 0.343446 340.468 0 0
1500 114.126 24.4682 15.3841 0.760956 0.345547 341.238 0 0
1500 92.3497 2.26702 15.2693 0.474251 0.0860881 341.625 0 0
1500 95.0237 -6.12169 15.8361 0.548035 -0.121894 341.7 0 0
1500 74.6063 3.30022 15.9582 0.297744 0.107721 342.133 0 0
1500 68.4161 -41.6379 15.34 0.20797 -0.570905 342.182 0 0
1500 87.7306 3.41541 16.257 0.524119 -0.00524913 342.217 0 0
1500 94.5625 0.542503 15.8098 0.55934 -0.0420669 342.207 0 0
1500 97.5665 -5.21047 15.3417 0.568477 -0.102491 342.196 0 0
1500 46.5321 -33.0074 15.4981 -0.169831 -0.455572 342.768 0 0
1500 3.6157 -96.3404 15.3868 -0.805712 -1.36465 342.764 0 0
1500 90.8695 -41.8069 15.3532 0.478682 -0.565466 342.878 0 0
1500 57.2478 -83.1632 15.3049 -0.0256761 -1.04704 343.046 0 0
1500 59.6525 7.42333 15.4412 0.078795 0.10873 343.853 0 0
1500 84.0749 -15.1529 15.6204 0.426807 -0.167696 343.953 0 0
1500 96.6433 -41.68 15.5025 0.571064 -0.541797 344.046 0 0
1500 61.0452 0.106858 16.2971 0.104988 0.022189 344.184 0 0
1500 45.9072 -3.58278 15.9738 -0.13269 -0.0609661 344.454 0 0
1500 129.293 29.1096 15.3845 0.91251 0.414846 344.852 0 0
1500 135.931 -68.9834 15.3843 1.02178 -0.946632 344.927 0 0
1500 116.58 -54.3083 15.4471 0.830461 -0.68912 345.116 0 0
1500 61.373 -32.5658 15.4957 -0.0116946 -0.426517 345.393 0 0
1500 125.586 11.2299 16.5502 1.15099 0.199375 345.385 0 0
1500 92.0834 -4.63454 16.7756 0.609582 -0.0997898 345.555 0 0
1500 99.2574 -67.9821 15.468 0.564061 -0.865124 345.806 0 0
1500 12.3681 0.344112 15.5355 -0.630857 -0.0155965 345.855 0 0
1500 49.9731 10.2491 16.373 -0.0815538 0.129207 346.131 0 0
1500 99.4303 47.8792 15.4808 0.596204 0.613705 346.184 0 0
1500 106.703 21.9588 17.0855 0.992046 0.356328 346.642 0 0
1500 56.352 12.7213 15.465 0.0231667 0.179366 347.058 0 0
1500 69.9951 20.2262 15.7313 0.213872 0.247139 347.193 0 0
1500 83.4628 -16.6787 16.9851 0.492384 -0.249542 347.304 0 0
1500 72.9514 -11.6906 16.7173 0.305792 -0.184172 347.571 0 0
1500 64.4591 -27.8329 15.5715 0.106389 -0.425581 348.137 0 0
1500 23.535 6.83238 15.5013 -0.4853 0.0368349 348.187 0 0
1500 109.623 24.7668 15.9293 0.772835 0.414626 348.184 0 0
1500 56.8652 -41.5403 15.665 0.00389981 -0.636373 348.299 0 0
1500 59.1127 14.9561 15.6589 0.0741854 0.246414 348.904 0 0
1500 83.3316 11.159 17.8151 0.617698 0.17237 348.971 0 0
1500 74.6958 17.7085 15.983 0.241965 0.279283 349.672 0 0
1500 93.146 -0.169396 15.8163 0.529883 -0.0620846 349.703 0 0
1500 134.866 43.4734 15.9792 1.2397 0.74193 349.915 0 0
1500 58.1367 -5.9855 15.9596 0.0147089 -0.0297633 349.939 0 0
1500 92.6103 -7.55923 15.6204 0.51504 -0.126043 350.139 0 0
1500 131.717 -21.182 15.7697 1.067 -0.245201 350.264 0 0
1500 74.3966 -78.4083 15.819 0.266625 -1.13262 350.277 0 0
1500 87.1533 -10.2753 16.0135 0.424762 -0.101645 350.396 0 0
1500 53.6323 41.057 15.5963 -0.092828 0.502444 350.414 0 0
1500 98.8976 -12.1471 15.9246 0.611866 -0.19358 350.821 0 0
1500 77.5425 11.6776 16.5927 0.381691 0.202971 351.271 0 0
1500 80.4051 -0.743025 15.9095 0.353702 0.0485258 351.367 0 0
1500 74.3098 46.6794 15.9099 0.277673 0.645053 351.727 0 0
1500 86.7045 13.4588 15.7112 0.43019 0.216989 352.103 0 0
1500 36.8676 -50.0348 15.7096 -0.353824 -0.686741 352.139 0 0
1500 99.1867 66.8952 15.6694 0.555074 0.875631 352.258 0 0
1500 68.3291 -0.745787 15.8384 0.142243 -0.0646029 352.511 0 0
1500 80.9319 9.31492 16.0352 0.401058 0.147213 352.734 0 0
1500 85.5255 21.2901 17.4672 0.578526 0.347781 352.948 0 0
1500 87.5317 -11.4934 17.1208 0.533366 -0.193604 353.019 0 0
1500 123.5 -13.7745 16.4774 1.09475 -0.244747 353.073 0 0
1500 76.2484 34.4999 16.8074 0.382783 0.579326 353.502 0 0
1500 99.755 4.71816 15.7836 0.608074 0.079255 353.623 0 0
1500 42.3826 29.0511 16.0125 -0.213578 0.501091 353.622 0 0
1500 93.2768 -17.9694 16.3106 0.5854 -0.220655 353.987 0 0
1500 45.3078 -23.0029 15.7504 -0.218317 -0.292244 354.169 0 0
1500 110.401 12.8593 15.8727 0.783787 0.125775 354.349 0 0
1500 49.7489 20.4415 15.8698 -0.0925112 0.326345 354.604 0 0
1500 104.316 -5.4098 16.1124 0.688869 -0.104184 354.685 0 0
1500 125.136 -150.206 15.6955 0.888708 -2.03151 354.788 0 0
1500 98.6909 -30.4549 16.1125 0.616863 -0.41598 354.908 0 0
1500 41.2566 30.2218 15.7897 -0.223565 0.382087 354.926 0 0
1500 138.309 -7.25508 15.7255 1.03977 -0.114769 355.082 0 0
1500 38.7955 50.3901 15.7608 -0.298613 0.650276 355.237 0 0
1500 127.735 -22.6178 15.7874 0.973917 -0.272995 355.906 0 0
1500 117.808 33.084 15.9132 0.845936 0.522166 356.112 0 0
1500 70.592 -33.3189 15.9087 0.231874 -0.473134 356.166 0 0
1500 82.1934 5.50077 15.8806 0.368696 0.0186968 356.505 0 0
1500 116.252 -25.3454 16.2374 0.89178 -0.376913 356.579 0 0
1500 96.3202 7.88091 15.8188 0.486606 0.164673 356.694 0 0
1500 144.68 -16.5406 16.0508 1.36564 -0.291532 356.771 0 0
1500 144.2 0.516199 15.8198 1.19174 -0.0398452 356.834 0 0
1500 74.3897 -5.40228 17.1849 0.353963 -0.0647922 357.028 0 0
1500 85.9296 18.2164 16.0621 0.3568 0.285378 357.097 0 0
1500 82.1058 -24.1909 16.0089 0.370945 -0.36562 357.192 0 0
1500 2.40311 14.3737 16.3194 -0.884667 0.168427 357.179 0 0
1500 73.7329 -6.77354 16.5846 0.3179 -0.088675 357.217 0 0
1500 94.9935 44.4255 15.8819 0.533638 0.673066 357.347 0 0
1500 113.902 -14.3088 16.0808 0.777829 -0.239023 357.474 0 0
1500 39.1456 131.338 16.1347 -0.242372 2.04452 357.765 0 0
1500 77.6235 -10.127 17.2473 0.418139 -0.122985 357.899 0 0
1500 91.4853 -36.6065 16.3618 0.537077 -0.557211 358.037 0 0
1500 82.9028 -69.2811 15.8473 0.314508 -0.879619 358.297 0 0
1500 69.135 22.3119 16.1889 0.124567 0.307605 358.276 0 0
1500 122.266 -17.9922 16.0144 0.863388 -0.27794 358.74 0 0
1500 93.8245 14.6214 17.9864 0.812237 0.381064 358.893 0 0
1500 68.1502 -11.4399 16.7644 0.194342 -0.183123 359.005 0 0
1500 84.2096 66.4111 15.9972 0.291689 0.906879 359.562 0 0
1500 1.77773 33.0059 16.0261 -0.743635 0.47424 359.831 0 0
1500 35.4931 -77.4532 15.976 -0.301594 -0.999666 360.156 0 0
1500 133.011 -35.6428 16.1081 1.0724 -0.450186 360.414 0 0
1500 93.3346 -37.9178 16.2771 0.516309 -0.539316 360.492 0 0
1500 35.3348 -51.5784 16.0872 -0.314162 -0.724831 360.552 0 0
1500 81.6019 17.354 16.2104 0.395167 0.216425 360.537 0 0
1500 100.508 -18.1408 16.3534 0.627546 -0.279393 360.715 0 0
1500 99.4917 -17.6269 17.0557 0.762306 -0.338709 360.762 0 0
1500 94.7119 34.5973 16.4646 0.512843 0.533225 361.035 0 0
1500 60.9318 16.143 16.3874 0.0178457 0.23246 361.979 0 0
1500 32.1007 -68.3866 16.1799 -0.34869 -0.922917 362.173 0 0
1500 69.6511 1.7572 17.0058 0.232898 0.0740543 362.208 0 0
1500 68.7208 13.428 16.4081 0.168331 0.242488 362.263 0 0
1500 105.347 -3.36847 16.5449 0.723234 -0.000858908 362.399 0 0
1500 135.835 -47.7283 16.2376 1.14758 -0.673227 362.639 0 0
1500 63.1649 49.9392 16.4045 0.0913245 0.712454 362.693 0 0
1500 96.5422 -24.2987 17.5951 0.740125 -0.408065 362.711 0 0
1500 67.4641 -65.8341 16.215 0.1745 -0.896723 362.841 0 0
1500 97.4616 8.1174 16.5503 0.620897 0.128784 362.85 0 0
1500 80.5538 -18.0207 16.4652 0.368982 -0.291623 362.85 0 0
1500 90.3673 -10.5343 16.9526 0.60841 -0.190133 362.829 0 0
1500 124.547 0.210402 17.3145 1.27943 0.0158882 363.094 0 0
1500 127.866 -48.1318 16.471 1.01493 -0.693666 363.459 0 0
1500 22.1109 -47.5326 16.3954 -0.483142 -0.666148 363.625 0 0
1500 99.5074 52.5067 16.4605 0.684008 0.780946 363.655 0 0
1500 56.462 12.7664 16.2784 -0.0396256 0.235465 363.71 0 0
1500 90.931 -17.1948 17.6743 0.659062 -0.273865 363.722 0 0
1500 104.935 3.8673 16.5133 0.716186 0.00975034 363.789 0 0
1500 79.6937 -12.1281 17.3235 0.463631 -0.178033 363.962 0 0
1500 43.1522 3.79622 16.7698 -0.208399 0.0855161 364.098 0 0
1500 24.1489 -3.45458 16.6457 -0.476651 -0.0529057 364.138 0 0
1500 8.05515 24.4678 16.3438 -0.752719 0.389797 364.146 0 0
1500 31.2119 11.1843 16.488 -0.389664 0.162764 364.207 0 0
1500 95.1418 63.6154 16.2589 0.561013 0.837744 364.202 0 0
1500 56.5741 -13.6911 16.3203 0.0140732 -0.251275 364.463 0 0
1500 51.1195 -46.3688 16.3215 -0.0479203 -0.668771 364.582 0 0
1500 73.1894 -15.2985 16.7993 0.179755 -0.208798 364.583 0 0
1500 10.1051 -10.994 16.453 -0.676016 -0.134984 364.991 0 0
1500 54.0537 -5.3068 16.9184 -0.0298261 -0.0741262 365.182 0 0
1500 53.5745 0.829423 16.7599 -0.0300698 -0.0480697 365.325 0 0
1500 124.105 47.027 16.3401 0.937055 0.594324 365.712 0 0
1500 108.921 15.7712 16.6836 0.818539 0.175561 365.776 0 0
1500 99.2164 -37.8263 16.5498 0.555849 -0.553084 365.822 0 0
1500 59.2896 -16.0365 17.0718 0.0746222 -0.260906 366.174 0 0
1500 73.0909 26.8279 16.4533 0.16465 0.365374 366.237 0 0
1500 68.7989 7.24483 17.7541 0.290018 0.13116 366.346 0 0
1500 83.8809 -22.1404 17.0918 0.389473 -0.337646 366.628 0 0
1500 117.438 50.8893 16.4125 0.801733 0.654922 366.869 0 0
1500 81.1441 -16.3352 16.9774 0.434993 -0.236432 366.99 0 0
1500 8.33147 -53.5929 16.3945 -0.707053 -0.715154 367.147 0 0
1500 66.3739 -22.9828 16.8327 0.113112 -0.347903 367.463 0 0
1500 10.2672 -5.69503 16.4615 -0.699565 -0.0595206 367.484 0 0
1500 138.653 -35.8909 16.5266 1.15516 -0.478006 367.461 0 0
1500 -17.6569 47.188 16.4363 -0.997221 0.593266 367.591 0 0
1500 45.6602 -17.6191 16.4815 -0.232078 -0.228832 367.639 0 0
1500 62.6426 17.2668 16.9195 0.130738 0.243953 367.712 0 0
1500 93.9068 -19.715 16.6037 0.509576 -0.327083 367.711 0 0
1500 26.7147 -67.642 16.5198 -0.433429 -0.919391 367.844 0 0
1500 -1.25949 51.9144 16.4428 -0.821446 0.643334 368.068 0 0
1500 68.6648 63.1457 16.579 0.15359 0.974774 368.22 0 0
1500 133.221 -74.8013 16.5199 1.06042 -0.995031 368.27 0 0
1500 109.425 -16.3937 17.0354 0.795966 -0.302071 368.304 0 0
1500 80.0041 21.4287 17.5139 0.381981 0.334521 368.319 0 0
1500 -2.86182 4.28788 16.5009 -0.864604 0.0727552 368.354 0 0
1500 121.86 -27.9419 17.07 1.05044 -0.424381 368.493 0 0
1500 12.1703 31.5666 16.6587 -0.641638 0.508772 368.507 0 0
1500 47.3285 -30.2771 16.6026 -0.143775 -0.406228 368.743 0 0
1500 74.933 29.9065 17.1344 0.297862 0.452145 369.148 0 0
1500 65.2488 17.9332 17.0362 0.0816708 0.243275 369.378 0 0
1500 52.8483 28.3795 17.0485 -0.120148 0.437949 369.401 0 0
1500 119.937 -12.3384 16.9949 0.958095 -0.17513 369.877 0 0
1500 64.5232 -29.1659 16.6784 0.0688171 -0.451008 369.97 0 0
1500 79.4673 4.62569 16.7583 0.342238 0.13088 370.058 0 0
1500 57.7607 -29.1442 17.1028 -0.0279917 -0.489006 370.189 0 0
1500 36.3787 7.50577 16.744 -0.363121 0.160085 370.216 0 0
1500 26.0836 57.2205 16.6058 -0.425811 0.812706 370.327 0 0
1500 46.6974 -2.18624 16.7638 -0.186173 -0.0594606 370.502 0 0
1500 91.0157 -43.7182 16.6896 0.49574 -0.624012 370.886 0 0
1500 60.9108 14.9881 17.6152 0.0945876 0.309901 370.921 0 0
1500 80.9185 17.791 16.7287 0.314023 0.303766 371.331 0 0
1500 73.4872 1.61626 17.983 0.310882 0.0681761 371.419 0 0
1500 53.2151 29.5011 16.5859 -0.110303 0.379237 371.537 0 0
1500 28.7534 12.2162 16.5548 -0.445358 0.21642 371.706 0 0
1500 14.554 -41.7202 16.5374 -0.635232 -0.585829 371.898 0 0
1500 65.2123 0.909524 16.8877 0.0766582 -0.0573116 371.96 0 0
1500 30.0189 39.1459 16.5582 -0.431204 0.484219 372.392 0 0
1500 65.0559 57.2306 16.7005 0.0701161 0.804899 372.444 0 0
1500 57.771 -48.3849 16.5563 -0.0570736 -0.693692 372.571 0 0
1500 121.075 5.92757 17.5166 1.16514 0.0814936 372.681 0 0
1500 80.9565 -55.6778 16.7324 0.292124 -0.813129 372.756 0 0
1500 -15.4848 -2.66431 16.5682 -0.971661 -0.0178003 372.987 0 0
1500 56.7599 -7.83248 17.1262 0.027621 -0.162529 373.161 0 0
1500 94.9533 -12.5097 16.5717 0.490083 -0.237105 373.351 0 0
1500 81.3879 -48.4269 16.7982 0.374016 -0.691339 373.494 0 0
1500 109.655 -24.4918 16.7969 0.742877 -0.375621 373.751 0 0
1500 99.6081 58.2841 16.5474 0.499076 0.813016 373.879 0 0
1500 83.6066 10.2344 17.1612 0.419873 0.198284 374 0 0
1500 88.1985 -69.0072 16.7116 0.487757 -1.01531 374.06 0 0
1500 95.6474 -67.521 16.578 0.462561 -0.927115 374.136 0 0
1500 64.9129 2.42867 16.8798 0.125871 0.0994533 374.137 0 0
1500 87.8167 14.4757 16.8473 0.474464 0.246072 374.188 0 0
1500 16.6104 32.7062 16.7853 -0.620595 0.570076 374.403 0 0
1500 21.7763 -8.97288 16.9728 -0.644416 -0.142218 374.394 0 0
1500 9.954 -31.3756 16.5567 -0.655211 -0.486378 374.415 0 0
1500 53.7935 -42.8207 16.5815 -0.0359591 -0.575566 374.59 0 0
1500 96.306 30.0949 16.9318 0.553914 0.461534 375.019 0 0
1500 78.4003 -4.55615 17.0236 0.33422 -0.148457 375.057 0 0
1500 67.051 5.37491 16.9186 0.126723 0.119436 375.176 0 0
1500 128.308 -19.6372 16.5956 0.915162 -0.324001 375.608 0 0
1500 35.0786 16.9053 16.6543 -0.331756 0.217611 375.837 0 0
1500 50.1754 29.7391 16.6315 -0.0760262 0.471526 375.883 0 0
1500 77.7913 -15.2147 17.2025 0.350459 -0.19864 376.008 0 0
1500 76.3515 -9.1037 17.1013 0.31434 -0.145581 376.065 0 0
1500 102.199 -71.9811 16.7001 0.669031 -1.04479 376.384 0 0
1500 1.20267 -48.3148 16.6318 -0.752441 -0.694789 376.397 0 0
1500 45.7398 -70.6633 16.6503 -0.135869 -0.989279 376.651 0 0
1500 70.5657 6.65948 16.8581 0.255979 0.0659879 377.454 0 0
1500 56.0379 -14.5333 17.1469 -0.0108158 -0.214191 377.527 0 0
1500 78.0508 27.034 16.9713 0.248383 0.407117 377.714 0 0
1500 78.8998 -6.86025 16.7731 0.349481 -0.0502445 377.714 0 0
1500 69.367 28.6736 17.1955 0.255104 0.437398 377.779 0 0
1500 5.57171 -55.3978 16.7127 -0.719463 -0.738431 377.888 0 0
1500 99.158 59.7154 16.8185 0.663206 0.854476 377.94 0 0
1500 114.59 -15.6519 16.7362 0.746864 -0.215218 378.268 0 0
1500 135.845 -10.7202 16.8135 1.11743 -0.100483 378.369 0 0
1500 46.6407 -57.3195 17.2028 -0.235033 -1.03101 378.368 0 0
1500 78.9243 17.3929 17.1424 0.336718 0.305774 378.645 0 0
1500 65.6148 56.6027 16.8517 0.0938714 0.878487 378.743 0 0
1500 98.0483 -60.1835 17.2233 0.625514 -0.972549 378.806 0 0
1500 71.5508 1.72701 17.522 0.2929 0.0619229 378.825 0 0
1500 71.9809 -63.2955 17.0358 0.219785 -0.973673 378.868 0 0
1500 91.7745 -57.9708 17.1533 0.550141 -0.92795 379.084 0 0
1500 69.5109 -42.3697 16.8831 0.17131 -0.566147 379.34 0 0
1500 79.9081 -1.68196 17.0243 0.321086 -0.0921293 379.405 0 0
1500 98.8223 25.6775 17.1678 0.60166 0.414236 379.472 0 0
1500 75.8249 7.60576 17.0589 0.26399 0.126196 379.587 0 0
1500 82.7046 -27.0599 17.389 0.417441 -0.415956 379.647 0 0
1500 89.2274 -3.92029 17.6792 0.610973 -0.0303091 379.631 0 0
1500 28.9299 4.93294 16.8964 -0.464695 0.0402894 379.74 0 0
1500 164.497 21.2743 16.9867 1.61015 0.331031 379.794 0 0
1500 187.852 -24.8948 16.941 1.96914 -0.360569 379.805 0 0
1500 89.5366 -18.5389 17.9815 0.577331 -0.291823 379.907 0 0
1500 90.7996 -14.9104 17.3615 0.564633 -0.243758 380.099 0 0
1500 77.1032 -13.668 17.4075 0.295008 -0.240137 380.125 0 0
1500 50.4358 49.4101 17.4005 -0.0708111 0.82041 380.108 0 0
1500 66.7623 -4.13334 17.1621 0.127055 -0.116753 380.205 0 0
1500 130.417 16.0721 16.9083 1.03593 0.290785 380.239 0 0
1500 22.6588 -10.4903 16.8579 -0.563534 -0.121193 380.31 0 0
1500 47.4478 -53.3851 16.9133 -0.110869 -0.795883 380.407 0 0
1500 161.031 -28.0077 16.8293 1.42074 -0.337462 380.543 0 0
1500 76.5659 -71.1284 17.0036 0.314091 -1.13671 380.562 0 0
1500 69.3039 -8.63561 16.9238 0.181805 -0.146599 380.747 0 0
1500 67.0223 14.0291 17.6696 0.220382 0.201914 380.835 0 0
1500 64.7814 -15.006 17.2343 0.0884628 -0.254024 381.058 0 0
1500 25.6297 19.1012 16.9917 -0.47504 0.328654 381.085 0 0
1500 102.64 -59.5256 16.8449 0.630038 -0.837826 381.123 0 0
1500 34.5652 16.4167 16.9532 -0.375885 0.183427 381.187 0 0
1500 122.918 31.8853 16.9381 0.90196 0.489353 381.468 0 0
1500 46.812 100.292 17.186 -0.126891 1.59687 381.578 0 0
1500 30.5075 -22.1283 17.1062 -0.373851 -0.378219 381.751 0 0
1500 79.1044 -18.0299 18.3146 0.429073 -0.287938 382.043 0 0
1500 102.539 -8.1767 17.3223 0.726656 -0.129037 382.081 0 0
1500 78.9975 15.7798 17.8397 0.377347 0.229487 382.111 0 0
1500 18.3122 -40.5897 17.0871 -0.574267 -0.678704 382.125 0 0
1500 11.9648 -58.4065 16.8783 -0.606735 -0.848881 382.23 0 0
1500 122.81 18.0685 17.0403 0.953751 0.291657 382.342 0 0
1500 60.7696 1.39462 17.3084 0.0536422 0.086841 382.519 0 0
1500 85.6356 5.50954 17.1751 0.448931 0.01389 382.574 0 0
1500 70.2452 19.0471 17.5773 0.219818 0.280268 383.011 0 0
1500 122.72 -28.6778 17.0317 0.940223 -0.418306 382.988 0 0
1500 75.3052 12.8769 17.4367 0.262401 0.213163 383.061 0 0
1500 122.252 15.3885 16.941 0.944417 0.242464 383.278 0 0
1500 114.435 26.7055 17.3999 0.890532 0.427698 383.269 0 0
1500 91.3958 -5.55752 18.3601 0.655502 -0.110829 383.303 0 0
1500 91.4633 -36.591 17.4206 0.534447 -0.571389 383.446 0 0
1500 83.2509 -2.35854 17.4268 0.446664 -0.0937948 383.54 0 0
1500 9.21309 -48.9315 17.125 -0.709899 -0.749796 383.574 0 0
1500 77.1596 -16.9841 17.3235 0.357877 -0.29052 383.61 0 0
1500 79.0972 -15.7669 17.0928 0.335131 -0.285871 383.705 0 0
1500 107.496 48.1628 16.9954 0.687787 0.666096 383.724 0 0
1500 40.2466 167.925 16.9786 -0.274759 2.50242 383.737 0 0
1500 66.8672 35.8952 17.1202 0.146644 0.495228 384.031 0 0
1500 62.0766 -65.8719 17.1499 0.112383 -1.02826 384.115 0 0
1500 81.3964 -4.60816 17.1299 0.42857 -0.0617977 384.264 0 0
1500 102.85 -10.2568 18.5152 0.960406 -0.175734 384.26 0 0
1500 83.661 3.01316 17.3654 0.402281 0.0585099 384.277 0 0
1500 122.617 -33.4323 16.9952 0.914429 -0.453341 384.298 0 0
1500 91.1675 22.1843 17.9166 0.631228 0.453528 384.41 0 0
1500 79.9863 9.47518 18.6302 0.488275 0.176004 384.416 0 0
1500 65.4065 -49.6573 17.7484 0.165216 -0.891286 384.55 0 0
1500 63.3049 -3.5872 17.2592 0.0559354 -0.0990538 384.586 0 0
1500 112.33 7.34303 17.3956 0.849787 0.135659 384.876 0 0
1500 75.2233 -1.94777 17.6239 0.350315 0.0336382 384.961 0 0
1500 83.5515 -43.0282 17.3084 0.361356 -0.657329 384.963 0 0
1500 69.0434 -2.87117 17.5723 0.203293 0.0176081 385.238 0 0
1500 143.797 16.9921 17.2357 1.34192 0.244789 385.337 0 0
1500 83.7226 13.4618 17.0792 0.382074 0.152172 385.51 0 0
1500 29.7575 -0.171195 17.4648 -0.460701 0.00659904 385.606 0 0
1500 79.3808 -48.3673 17.156 0.375968 -0.705318 385.795 0 0
1500 67.2424 10.1052 17.3355 0.186288 0.164427 385.851 0 0
1500 94.6795 -9.13635 17.2554 0.530748 -0.142587 385.914 0 0
1500 81.1866 10.3769 17.2533 0.361027 0.101063 386.121 0 0
1500 82.2394 13.2617 17.5004 0.36425 0.240446 386.275 0 0
1500 112.502 46.599 17.2811 0.809201 0.727279 386.518 0 0
1500 82.7695 6.08912 17.9936 0.44124 0.051479 386.832 0 0
1500 84.7432 -68.3586 17.084 0.413201 -0.948503 386.798 0 0
1500 91.5294 -11.9081 17.9084 0.628469 -0.317182 387.057 0 0
1500 87.6009 1.47051 17.4809 0.464229 -0.00284245 387.207 0 0
1500 139.321 -19.9983 17.3007 1.25867 -0.256047 387.412 0 0
1500 46.3756 -57.0655 17.1193 -0.119147 -0.794001 387.535 0 0
1500 106.554 -4.83192 17.6434 0.889461 -0.1456 387.662 0 0
1500 89.2304 -5.30706 17.1245 0.472689 -0.0101584 387.815 0 0
1500 37.7182 -79.5409 17.2242 -0.345344 -1.15887 388.212 0 0
1500 90.9091 -62.9502 17.1937 0.499523 -0.907797 388.393 0 0
1500 90.5072 65.9393 17.3009 0.568936 1.04748 388.399 0 0
1500 81.7864 21.2217 17.3946 0.436668 0.291559 388.439 0 0
1500 96.3014 47.309 17.2683 0.542376 0.752727 388.498 0 0
1500 98.6686 23.3259 17.1388 0.577797 0.327867 388.562 0 0
1500 15.4475 -30.3059 17.2037 -0.585222 -0.43357 388.64 0 0
1500 75.069 43.3753 17.1417 0.274762 0.584612 388.629 0 0
1500 128.273 -1.41398 17.1806 1.02454 0.0341286 388.955 0 0
1500 75.7876 50.8654 17.1597 0.319614 0.72371 389.107 0 0
1500 86.7388 -19.9563 17.1635 0.421723 -0.225861 389.118 0 0
1500 117.934 21.1661 17.1399 0.886751 0.251981 389.18 0 0
1500 104.295 -22.7472 17.4059 0.776771 -0.298131 389.168 0 0
1500 115.467 -2.83734 18.0458 1.10587 -0.0123526 389.264 0 0
1500 66.9773 38.2552 17.5606 0.201283 0.594767 389.303 0 0
1500 90.5165 -31.5889 17.163 0.524571 -0.472385 389.307 0 0
1500 20.2883 12.2275 17.3141 -0.575927 0.200121 389.333 0 0
1500 39.4969 -33.455 17.3824 -0.31904 -0.500475 389.349 0 0
1500 99.6785 -29.3897 17.4156 0.677966 -0.411348 389.403 0 0
1500 94.8993 8.35362 17.7625 0.642314 0.0779345 389.444 0 0
1500 48.4434 23.6184 17.3693 -0.17008 0.301251 389.542 0 0
1500 111.853 -25.5116 17.1728 0.819858 -0.346559 389.665 0 0
1500 112.499 58.23 17.4743 0.877597 0.930751 389.768 0 0
1500 52.1643 4.85393 17.6114 -0.0520793 0.113831 389.808 0 0
1500 -11.5946 5.83476 17.192 -0.985199 0.0805251 390.034 0 0
1500 90.1496 -1.91793 18.5063 0.634299 0.0270062 390.184 0 0
1500 99.8324 -17.4149 18.3726 0.881987 -0.425671 390.232 0 0
1500 29.2487 -27.2816 17.3891 -0.431357 -0.400098 390.366 0 0
1500 82.8521 -45.162 17.2765 0.350971 -0.70293 390.614 0 0
1500 39.9613 -58.8303 17.2577 -0.25271 -0.818017 390.713 0 0
1500 81.2236 42.6649 17.3748 0.343075 0.713782 390.873 0 0
1500 72.5937 40.9597 17.3061 0.200491 0.587289 390.983 0 0
1500 -1.95108 -31.5613 17.212 -0.817856 -0.505122 391.036 0 0
1500 64.4402 -15.4297 17.4673 0.135172 -0.250151 391.099 0 0
1500 56.362 -49.7279 17.2375 0.0181643 -0.690796 391.182 0 0
1500 88.154 -34.1836 17.4406 0.516452 -0.496145 391.403 0 0
1500 88.4491 -50.7821 17.8221 0.53405 -0.933068 391.414 0 0
1500 125.766 19.3945 17.2177 0.991578 0.240786 391.542 0 0
1500 60.5794 52.5172 17.345 -0.0190618 0.803842 391.547 0 0
1500 65.0424 -67.9031 17.2259 0.108911 -1.00093 391.568 0 0
1500 102.698 -39.7684 17.3021 0.73257 -0.563457 391.573 0 0
1500 85.6754 -25.5494 17.7071 0.429236 -0.420551 391.64 0 0
1500 66.4057 -35.8358 17.7063 0.16292 -0.563086 391.598 0 0
1500 86.3617 16.7982 17.4553 0.385561 0.293186 391.584 0 0
1500 90.2978 13.6079 17.5458 0.57424 0.200446 391.619 0 0
1500 206.237 51.666 17.2083 2.02815 0.725074 391.713 0 0
1500 126.361 28.3726 17.2244 0.949084 0.445093 391.72 0 0
1500 71.6441 32.9804 17.458 0.177356 0.520583 391.736 0 0
1500 117.669 21.1939 17.7236 1.01169 0.354739 391.761 0 0
1500 67.0789 8.78225 17.3418 0.128655 0.174188 391.804 0 0
1500 97.459 60.8875 17.3335 0.550953 0.888033 391.92 0 0
1500 76.699 -9.30326 17.605 0.314686 -0.164206 391.987 0 0
1500 21.7137 -11.7451 17.3525 -0.57313 -0.168987 392.095 0 0
1500 78.8372 20.4413 17.6941 0.410394 0.314797 392.235 0 0
1500 101.722 -6.68163 17.3743 0.642441 -0.160382 392.409 0 0
1500 7.05147 -44.9687 17.2993 -0.716504 -0.632062 392.469 0 0
1500 72.8806 -70.3223 17.25 0.214129 -1.02218 392.423 0 0
1500 108.447 -10.6146 17.2652 0.771081 -0.110492 392.456 0 0
1500 112.782 48.9772 17.2552 0.80058 0.664995 392.552 0 0
1500 128.086 -231.182 17.2268 0.916567 -3.22519 392.6 0 0
1500 114.323 39.0792 17.3191 0.806391 0.546453 392.765 0 0
1500 29.9456 -46.3659 17.3661 -0.451776 -0.653185 392.818 0 0
1500 64.397 -8.86429 17.6879 0.0995051 -0.197835 392.856 0 0
1500 71.3954 18.8707 18.0265 0.277685 0.326562 392.94 0 0
1500 51.4954 3.74143 17.7958 -0.0864511 0.0816649 393.004 0 0
1500 48.0758 16.4514 17.798 -0.133987 0.25881 393.143 0 0
1500 7.31105 1.81199 17.5281 -0.821754 0.0630021 393.216 0 0
1500 62.7317 -54.7215 17.6692 0.0874251 -0.909104 393.37 0 0
1500 76.8832 -2.53992 18.0018 0.371554 -0.0661443 393.383 0 0
1500 71.2746 -17.5774 17.551 0.247378 -0.258558 393.426 0 0
1500 83.3317 -9.5361 17.7529 0.483122 -0.164792 393.427 0 0
1500 69.7681 -0.448911 17.3865 0.198174 -0.0546526 393.625 0 0
1500 121.006 -14.0198 17.2798 0.875445 -0.223651 393.617 0 0
1500 114.064 -40.5999 17.2989 0.803986 -0.526316 393.831 0 0
1500 109.63 -50.9237 17.2936 0.700114 -0.744556 393.816 0 0
1500 113.747 -21.7842 17.4433 0.911849 -0.283976 393.865 0 0
1500 87.9338 36.1591 17.4233 0.42198 0.523561 393.98 0 0
1500 29.1992 -5.35671 17.3681 -0.480892 -0.0199271 394.053 0 0
1500 40.9234 -11.3754 17.5922 -0.21693 -0.195722 394.175 0 0
1500 4.91349 -4.20811 17.3175 -0.818368 -0.0859817 394.285 0 0
1500 100.227 -34.5057 17.3842 0.673048 -0.474686 394.36 0 0
1500 76.4336 68.7952 17.3136 0.309585 0.982272 394.559 0 0
1500 71.0051 22.7042 17.6943 0.210673 0.388279 394.704 0 0
1500 115.694 41.9204 17.3227 0.844323 0.610663 394.9 0 0
1500 12.5864 -23.0497 17.4744 -0.695821 -0.315216 395.133 0 0
1500 5.21463 -6.81277 17.4561 -0.838597 -0.0526594 395.156 0 0
1500 98.3767 42.1741 17.5496 0.698638 0.701312 395.08 0 0
1500 78.2416 -35.0453 18.1359 0.379291 -0.593972 395.249 0 0
1500 71.2523 7.69795 18.011 0.302992 0.0935706 395.32 0 0
1500 85.5723 -16.148 18.2315 0.518668 -0.280125 395.343 0 0
1500 103.905 33.3695 17.4928 0.666617 0.539223 395.619 0 0
1500 28.1999 -28.6444 17.5051 -0.475799 -0.430914 395.566 0 0
1500 66.6367 -27.1586 18.1005 0.200481 -0.445746 395.828 0 0
1500 64.8832 -8.06329 17.4311 0.117622 -0.190706 395.827 0 0
1500 61.0277 -7.8938 17.9714 0.0524696 -0.109062 395.849 0 0
1500 79.9225 -39.5993 17.3733 0.251897 -0.614222 395.881 0 0
1500 44.5144 -22.8647 17.7933 -0.208587 -0.417904 395.927 0 0
1500 99.6545 22.0196 17.3931 0.659043 0.272802 396.043 0 0
1500 55.4727 10.2092 17.8128 0.0358282 0.187503 396.175 0 0
1500 121.883 32.09 17.3651 0.910769 0.467141 396.353 0 0
1500 -12.7136 1.34255 17.3623 -1.03768 -0.00713489 396.354 0 0
1500 110.881 -18.3457 17.794 0.848276 -0.275675 396.897 0 0
1500 131.616 -25.4725 18.475 1.50281 -0.458568 397.068 0 0
1500 125.201 -5.65227 17.3976 0.942595 -0.0377696 397.352 0 0
1500 108.148 3.55213 17.3865 0.715973 0.123684 397.365 0 0
1500 116.788 21.3302 17.6903 0.921098 0.333516 397.472 0 0
1500 87.4074 13.9499 18.611 0.538137 0.213297 397.538 0 0
1500 117.406 -31.5 17.5451 0.876144 -0.524164 397.548 0 0
1500 111.037 22.1018 18.2069 1.00889 0.394465 397.53 0 0
1500 64.4554 -16.9864 17.8598 0.196204 -0.298106 397.693 0 0
1500 56.7022 -49.1154 17.4217 -0.0803714 -0.750263 397.695 0 0
1500 112.542 31.5461 17.4112 0.771281 0.451428 397.747 0 0
1500 84.072 8.9131 17.8156 0.413508 0.193769 397.773 0 0
1500 49.0231 52.0374 17.6707 -0.141718 0.877916 397.773 0 0
1500 15.152 -47.613 17.4364 -0.600584 -0.678922 397.97 0 0
1500 21.6649 -56.4058 17.438 -0.479847 -0.836011 398.153 0 0
1500 113.588 -14.3047 17.6798 0.867558 -0.24709 398.135 0 0
1500 45.4137 -14.1994 17.7004 -0.180835 -0.276322 398.155 0 0
1500 39.8353 20.9523 17.8759 -0.300471 0.337369 398.364 0 0
1500 94.9926 -13.6171 19.1262 0.888815 -0.28204 398.5 0 0
1500 24.0053 -52.286 17.4236 -0.44062 -0.785113 398.617 0 0
1500 56.3693 -39.9091 17.5098 -0.0100739 -0.644791 398.692 0 0
1500 80.1179 27.716 17.8849 0.398061 0.460067 398.722 0 0
1500 126.534 -15.4548 17.4421 0.990334 -0.194916 398.954 0 0
1500 50.4007 -60.6925 17.4345 -0.0754302 -0.895597 399.076 0 0
1500 72.0921 -13.8183 17.8572 0.290378 -0.261615 398.936 0 0
1500 40.2193 33.0337 17.4981 -0.328071 0.485542 399.216 0 0
1500 118.262 -23.2664 17.9059 1.0603 -0.334724 399.195 0 0
1500 97.0761 -22.2138 18.057 0.786128 -0.380537 399.242 0 0
1500 83.368 11.5559 18.2339 0.469963 0.286304 399.369 0 0
1500 115.081 -22.3944 17.4432 0.808765 -0.367984 399.425 0 0
1500 36.3088 -0.131235 17.8037 -0.335849 0.022686 399.417 0 0
1500 105.652 -6.94003 17.5788 0.745507 -0.0343315 399.434 0 0
1500 123.285 5.89096 17.5077 0.995881 0.0644175 399.485 0 0
1500 80.233 23.9964 17.7562 0.387656 0.404163 399.605 0 0
1500 34.7864 35.6322 17.5186 -0.403915 0.520222 399.592 0 0
1500 148.516 6.43596 17.6997 1.48083 0.0538538 399.635 0 0
1500 118.202 -29.2695 17.4628 0.869883 -0.377483 399.653 0 0
1500 91.97 51.5216 17.6037 0.55215 0.853208 399.685 0 0
1500 95.4882 -3.19132 18.2316 0.683325 -0.0113292 399.712 0 0
1500 114.433 9.2416 17.7772 0.904639 0.128427 399.7 0 0
1500 20.8685 -1.99943 17.5246 -0.570018 0.0437723 399.747 0 0
1500 49.2286 -46.1368 17.5871 -0.202172 -0.734757 399.707 0 0
1500 95.6995 23.216 17.8472 0.617876 0.393122 399.97 0 0
1500 52.2938 -10.6108 17.497 -0.0213903 -0.174729 400.009 0 0
1500 82.7918 -37.6587 17.5071 0.337631 -0.551247 400.087 0 0
1500 95.9084 42.0502 17.5567 0.656822 0.712462 400.078 0 0
1500 14.0948 51.5574 17.542 -0.679939 0.733515 400.121 0 0
1500 41.5074 -66.0969 17.5064 -0.224429 -0.954277 400.134 0 0
1500 124.817 -1.35891 17.548 1.11825 -0.0217438 400.167 0 0
1500 73.7802 -21.1946 17.7044 0.294722 -0.371378 400.246 0 0
1500 117.497 10.4381 17.7437 1.06631 0.139297 400.244 0 0
1500 12.3284 -26.6194 17.534 -0.743974 -0.395499 400.373 0 0
1500 71.8501 0.431153 17.971 0.277751 -0.0331137 400.551 0 0
1500 79.0641 -17.7195 17.9395 0.432095 -0.273693 400.561 0 0
1500 92.9243 13.9241 17.7006 0.520091 0.272684 400.573 0 0
1500 49.7521 -4.75623 17.6388 -0.176164 -0.0276823 400.581 0 0
1500 75.0612 7.46677 18.3589 0.36623 0.114633 401.041 0 0
1500 86.1947 -43.3623 17.714 0.467409 -0.682255 401.385 0 0
1500 67.7716 -2.40681 18.3007 0.269418 -0.05193 401.451 0 0
1500 47.5412 -66.9062 17.5308 -0.126202 -0.972802 401.49 0 0
1500 77.5397 -49.8001 17.7151 0.343186 -0.773199 401.484 0 0
1500 66.574 -39.9902 17.6642 0.195384 -0.633429 401.532 0 0
1500 75.0142 29.8932 17.5322 0.285523 0.401054 401.731 0 0
1500 73.4817 -32.6234 17.7441 0.274088 -0.542491 401.885 0 0
1500 90.21 -13.2537 17.6133 0.541364 -0.153316 402.062 0 0
1500 80.5791 -20.6868 17.5338 0.391197 -0.352699 401.992 0 0
1500 80.1795 7.73554 17.8829 0.409159 0.203985 402.012 0 0
1500 22.9403 50.3229 17.5332 -0.531823 0.784933 402.335 0 0
1500 72.649 -22.741 17.9761 0.33026 -0.367256 402.36 0 0
1500 28.1113 21.9605 17.7371 -0.540246 0.318376 402.406 0 0
1500 45.8161 12.8776 17.684 -0.136671 0.229126 402.475 0 0
1500 35.8481 19.7929 17.6625 -0.306824 0.309746 402.623 0 0
1500 104.13 11.3604 17.5378 0.731784 0.119071 402.634 0 0
1500 86.1861 7.38184 17.8978 0.464345 0.0919027 402.737 0 0
1500 104.936 -34.9642 17.6723 0.708855 -0.568343 402.875 0 0
1500 45.3573 -10.3153 17.5646 -0.250626 -0.189473 402.908 0 0
1500 121.926 8.09958 17.6385 1.02381 0.170681 402.877 0 0
1500 74.9468 56.6003 17.9489 0.350283 1.05171 402.885 0 0
1500 99.6569 -8.54157 17.5906 0.682766 -0.0929281 403.026 0 0
1500 84.852 1.69292 18.2864 0.541698 -0.0475613 403.02 0 0
1500 92.1114 3.75398 17.5613 0.49951 0.00851832 403.088 0 0
1500 52.0199 -54.6921 17.6364 -0.0693098 -0.85988 403.239 0 0
1500 114.213 -8.09327 17.8122 0.886378 -0.178534 403.183 0 0
1500 75.0042 -38.0792 17.6698 0.268271 -0.555574 403.29 0 0
1500 71.2912 -24.8979 17.9785 0.299764 -0.392844 403.319 0 0
1500 49.3895 -47.6981 17.6609 -0.144826 -0.826301 403.32 0 0
1500 86.5883 22.477 18.9295 0.577789 0.496263 403.35 0 0
1500 50.7166 -68.982 17.56 -0.123479 -1.00724 403.392 0 0
1500 74.3049 -6.86327 17.9759 0.315465 -0.107634 403.443 0 0
1500 82.6004 -56.1458 17.6944 0.359868 -0.869103 403.43 0 0
1500 89.6253 -57.733 17.5377 0.420137 -0.888282 403.434 0 0
1500 32.1853 14.0935 18.1409 -0.425369 0.212877 403.457 0 0
1500 111.813 -40.2788 17.7145 0.83498 -0.602346 403.664 0 0
1500 100.5 18.9986 17.825 0.715896 0.295656 403.655 0 0
1500 60.3578 0.381535 17.606 0.0312612 0.0811363 403.614 0 0
1500 62.9311 -10.2866 17.9081 0.0428099 -0.141372 403.702 0 0
1500 58.1033 -23.3921 17.5462 -0.052156 -0.347641 403.855 0 0
1500 134.925 -40.2167 17.672 1.17047 -0.639766 403.851 0 0
1500 -77.2796 43.8273 17.5023 -1.95425 0.659981 403.858 0 0
1500 99.6072 -16.1581 18.2669 0.744246 -0.241279 404.056 0 0
1500 115.102 39.9206 17.5702 0.878278 0.551099 404.011 0 0
1500 100.271 37.703 17.5981 0.682347 0.575922 403.968 0 0
1500 67.7236 30.7927 17.8223 0.111601 0.480926 404.082 0 0
1500 50.1501 -45.4455 17.5836 -0.069939 -0.72678 404.031 0 0
1500 124.832 -16.3487 17.5725 1.01327 -0.240946 404.154 0 0
1500 75.0458 0.960941 18.2964 0.364918 0.0863895 404.159 0 0
1500 89.0698 -55.9209 17.6001 0.500924 -0.857727 404.299 0 0
1500 117.493 -17.6558 17.6026 0.925212 -0.221858 404.398 0 0
1500 55.251 26.3782 17.6179 -0.0334907 0.465463 404.395 0 0
1500 49.4691 41.6746 17.7551 -0.0937638 0.679029 404.51 0 0
1500 100.186 9.028 18.8661 0.836793 0.174429 404.624 0 0
1500 90.8783 -34.6588 18.1759 0.596325 -0.576809 404.695 0 0
1500 71.9653 -55.7628 17.59 0.246748 -0.867216 404.88 0 0
1500 74.8165 -63.7545 17.5979 0.27755 -0.97025 404.917 0 0
1500 43.7221 0.916542 17.6393 -0.266209 -0.030782 405.31 0 0
1500 59.4036 56.529 17.8675 0.075561 0.998148 405.393 0 0
1500 84.9053 4.64529 19.0914 0.58578 0.0912768 405.436 0 0
1500 73.9701 42.0437 17.6512 0.298646 0.665507 405.535 0 0
1500 -58.3988 22.7373 17.6524 -1.83576 0.295001 405.467 0 0
1500 35.3269 58.9954 17.6973 -0.408454 0.95535 405.56 0 0
1500 70.869 25.9774 17.7248 0.246771 0.431468 405.582 0 0
1500 74.7443 -3.91576 17.8899 0.284451 0.00714354 405.858 0 0
1500 24.4578 -28.6944 17.6236 -0.467848 -0.441063 405.775 0 0
1500 40.464 -37.957 17.6014 -0.203481 -0.601499 405.783 0 0
1500 61.241 -70.0236 17.5791 0.109671 -1.05468 405.735 0 0
1500 144.466 21.6782 17.6948 1.41208 0.35303 405.746 0 0
1500 107.18 -13.5305 17.9431 0.806264 -0.212321 405.918 0 0
1500 96.6387 -10.9202 17.7426 0.652311 -0.126976 406.104 0 0
1500 85.2502 -19.8781 17.8876 0.470311 -0.26853 406.139 0 0
1500 106.518 17.2008 17.8625 0.77174 0.278242 406.299 0 0
1500 56.5127 -45.1642 17.6081 0.0267718 -0.699418 406.339 0 0
1500 106.251 -0.471944 17.6778 0.788239 -0.0239643 406.202 0 0
1500 16.8658 -44.3187 17.5973 -0.588832 -0.727781 406.251 0 0
1500 82.1264 15.3698 18.0611 0.50909 0.258417 406.262 0 0
1500 93.033 61.2894 17.6323 0.558032 0.884966 406.429 0 0
1500 56.3141 -33.2354 17.9434 -0.0406786 -0.500155 406.552 0 0
1500 124.082 -21.633 17.6105 0.977206 -0.364139 406.581 0 0
1500 97.8298 -10.2092 17.8478 0.679499 -0.178872 406.562 0 0
1500 120.942 10.9891 17.6961 0.991443 0.113006 406.615 0 0
1500 101.454 31.7052 17.896 0.72611 0.481706 406.702 0 0
1500 108.752 -20.9622 17.6808 0.819173 -0.321237 406.671 0 0
1500 75.9502 -7.04936 17.652 0.332029 -0.151922 406.744 0 0
1500 77.8519 17.3778 18.4199 0.356861 0.2806 406.831 0 0
1500 45.1862 -7.299 17.7837 -0.221276 -0.0576659 406.791 0 0
1500 70.8005 21.7439 18.0159 0.301829 0.356317 406.985 0 0
1500 92.3981 7.14525 18.4063 0.649311 0.165945 406.975 0 0
1500 79.8352 -25.8837 18.0451 0.398702 -0.38662 407.019 0 0
1500 77.1707 19.54 18.0161 0.393991 0.323853 407.071 0 0
1500 76.3638 7.26113 18.0022 0.311559 0.151167 407.153 0 0
1500 115.886 14.6971 18.6945 1.22328 0.267008 407.175 0 0
1500 74.534 -10.5072 17.9375 0.287887 -0.186852 407.192 0 0
1500 -12.231 -4.14606 17.6084 -1.04091 -0.0918823 407.183 0 0
1500 189.785 -38.1447 17.6288 2.04424 -0.542559 407.337 0 0
1500 116.879 -22.1607 17.8116 0.940592 -0.419646 407.298 0 0
1500 94.7274 1.78422 17.6427 0.599876 -0.0280075 407.395 0 0
1500 59.6117 -36.2588 17.6127 -0.0494926 -0.558222 407.378 0 0
1500 94.5969 -35.0468 17.6521 0.560113 -0.479652 407.731 0 0
1500 101.944 -9.07129 17.8578 0.742204 -0.115448 407.638 0 0
1500 23.1071 24.1553 17.6132 -0.59123 0.341619 407.723 0 0
1500 121.144 38.7134 17.68 0.94958 0.656763 407.568 0 0
1500 97.1014 -31.6225 17.6475 0.557579 -0.47482 407.841 0 0
1500 101.924 20.9849 17.6438 0.701917 0.255613 407.869 0 0
1500 76.0226 51.7116 17.7719 0.337504 0.882918 407.971 0 0
1500 68.0577 68.8792 17.6476 0.156195 1.03079 407.991 0 0
1500 118.499 -10.2489 17.5864 0.937005 -0.189968 408.028 0 0
1500 156.92 -28.0692 17.8127 1.61217 -0.40596 408.12 0 0
1500 133.421 -73.4364 17.585 1.05245 -1.08055 408.19 0 0
1500 102.29 22.7474 18.0203 0.747303 0.364783 408.14 0 0
1500 23.7061 37.0246 17.6679 -0.539718 0.603408 408.223 0 0
1500 74.2263 21.1402 17.6569 0.312562 0.350751 408.423 0 0
1500 91.7964 -43.1762 17.6466 0.547393 -0.685193 408.49 0 0
1500 88.1171 -13.9597 18.3237 0.53145 -0.183236 408.559 0 0
1500 84.9309 2.21728 18.0281 0.460861 0.0258206 408.675 0 0
1500 45.6801 -34.5799 17.89 -0.191783 -0.565426 408.703 0 0
1500 70.3405 0.0670893 17.9413 0.20152 0.0717269 408.671 0 0
1500 126.327 -7.70053 17.7051 1.0408 -0.124718 408.888 0 0
1500 51.1129 15.6257 18.4323 -0.135225 0.233778 408.763 0 0
1500 70.5731 15.3495 17.9936 0.270298 0.288655 408.996 0 0
1500 96.5354 -11.1702 18.6571 0.714741 -0.218697 409.054 0 0
1500 29.1414 -54.5467 17.6197 -0.491813 -0.810691 409.068 0 0
1500 23.8442 24.0569 17.693 -0.498473 0.365413 409.148 0 0
1500 84.7694 9.1351 18.2364 0.4981 0.18423 409.145 0 0
1500 93.0179 13.9301 17.7809 0.53664 0.245667 409.228 0 0
1500 8.76721 -40.8152 17.6441 -0.727576 -0.674211 409.284 0 0
1500 82.3686 9.6763 18.2781 0.39082 0.187629 409.484 0 0
1500 83.6288 38.5753 17.7006 0.409643 0.545303 409.457 0 0
1500 84.1688 20.4697 18.239 0.487522 0.341729 409.46 0 0
1500 49.8157 0.0550794 17.8291 -0.0980039 -0.0637062 409.645 0 0
1500 68.0262 -15.8131 18.1683 0.147032 -0.251916 409.753 0 0
1500 93.2212 -14.8698 17.8504 0.580281 -0.28469 409.712 0 0
1500 51.701 13.0101 17.8874 -0.0398465 0.23326 409.952 0 0
1500 99.7484 3.4992 17.7432 0.621889 0.00901095 409.89 0 0
1500 63.7478 -9.57455 18.7257 0.186362 -0.194635 410.099 0 0
1500 70.1005 -22.6615 17.7752 0.156141 -0.401955 409.891 0 0
1500 62.9745 39.0231 17.7716 0.113663 0.649033 410.115 0 0
1500 28.7096 48.2322 17.6196 -0.469628 0.650756 410.221 0 0
1500 90.6496 24.8655 17.7024 0.456653 0.436237 410.18 0 0
1500 124.313 1.80512 17.7289 0.99291 0.00879131 410.289 0 0
1500 73.7195 1.30909 18.3969 0.396244 0.0103986 410.41 0 0
1500 80.5928 18.7873 18.1047 0.392756 0.297685 410.373 0 0
1500 94.0655 -13.2121 18.0898 0.644829 -0.227058 410.404 0 0
1500 70.6156 27.096 17.9019 0.248724 0.392405 410.475 0 0
1500 -4.17777 30.6279 17.6338 -0.956804 0.420354 410.506 0 0
1500 -7.58685 13.8023 17.6787 -0.970674 0.20454 410.65 0 0
1500 65.227 57.5402 17.8214 0.0768252 0.889985 410.989 0 0
1500 41.9037 98.4069 17.6208 -0.195769 1.47271 411.041 0 0
1500 61.3216 1.82676 18.353 0.128923 0.0866153 411.243 0 0
1500 110.809 40.8835 17.6833 0.791486 0.609023 411.157 0 0
1500 95.7643 -57.7687 17.6749 0.582333 -0.864351 411.202 0 0
1500 49.103 16.3472 18.1989 -0.129091 0.261911 411.16 0 0
1500 7.18225 21.7336 17.7036 -0.778732 0.384021 411.13 0 0
1500 120.895 -30.2628 18.0306 1.07932 -0.552888 411.236 0 0
1500 63.0714 -22.8441 18.0552 0.0543347 -0.418503 411.113 0 0
1500 51.6375 -55.6616 17.8238 -0.122176 -0.965105 411.361 0 0
1500 -14.2989 -34.0612 17.6895 -1.0848 -0.484629 411.554 0 0
1500 77.3754 -19.0136 18.0231 0.356647 -0.349904 411.606 0 0
1500 187.949 8.62272 17.7294 2.041 0.182751 411.538 0 0
1500 70.9052 25.5096 17.785 0.23602 0.36998 411.726 0 0
1500 111.112 -8.11587 17.7584 0.795692 -0.125645 411.669 0 0
1500 78.2589 -22.2484 17.9126 0.325008 -0.415221 411.73 0 0
1500 77.9104 -16.3071 17.9661 0.407551 -0.239777 411.735 0 0
1500 75.0162 -2.64795 17.7349 0.240642 0.0304962 411.774 0 0
1500 36.525 24.0164 17.796 -0.37938 0.351081 411.762 0 0
1500 46.975 -10.2031 17.8876 -0.129665 -0.226979 411.843 0 0
1500 167.055 54.8227 17.8954 1.93974 0.945224 411.826 0 0
1500 122.199 -15.4599 17.6453 0.930321 -0.298688 411.965 0 0
1500 64.7865 -51.6997 17.6443 0.162653 -0.801763 411.975 0 0
1500 51.353 -5.94395 18.0498 -0.0914428 -0.121458 412.134 0 0
1500 81.3799 -3.97882 19.2671 0.552985 -0.116302 412.166 0 0
1500 15.7824 -52.2587 17.6594 -0.656335 -0.743473 412.202 0 0
1500 79.6206 50.3641 17.6557 0.315849 0.817114 412.205 0 0
1500 60.3078 0.964662 18.5754 0.0803651 0.0080002 412.497 0 0
1500 103.232 -33.7709 17.7669 0.704525 -0.549183 412.352 0 0
1500 15.3749 -49.7002 17.648 -0.62634 -0.794133 412.37 0 0
1500 85.1282 -19.3285 17.8862 0.437682 -0.360756 412.345 0 0
1500 106.803 -13.1996 17.6656 0.775261 -0.248721 412.446 0 0
1500 72.3601 -12.663 17.9661 0.195889 -0.238581 412.478 0 0
1500 86.2279 0.410296 17.8683 0.45565 0.00888672 412.645 0 0
1500 125.664 12.0197 17.6857 1.01973 0.201424 412.601 0 0
1500 71.4411 -19.6942 18.0042 0.212861 -0.323928 412.697 0 0
1500 83.5011 -15.243 17.7863 0.415729 -0.218801 412.785 0 0
1500 0.530234 21.5758 17.6743 -0.859342 0.281355 412.981 0 0
1500 74.6689 -3.45898 18.5467 0.416682 -0.0837981 412.926 0 0
1500 93.9505 -9.0889 17.8174 0.608856 -0.0955162 413.027 0 0
1500 96.8931 2.71641 17.9294 0.678722 0.0268119 413.05 0 0
1500 58.2596 50.2078 17.7794 0.0660019 0.797428 413.296 0 0
1500 88.0386 -25.7352 17.8527 0.54026 -0.365009 413.25 0 0
1500 100.493 -28.7516 18.4495 0.803539 -0.51812 413.333 0 0
1500 65.7028 -27.345 17.9008 0.0988807 -0.422956 413.696 0 0
1500 79.0972 -28.0242 17.8842 0.357529 -0.410055 413.58 0 0
1500 106.194 -25.9238 17.7165 0.706834 -0.403633 413.438 0 0
1500 86.1816 44.6007 17.763 0.50032 0.664401 413.832 0 0
1500 89.1822 -34.6822 17.763 0.547645 -0.511818 413.473 0 0
1500 43.9583 -22.3766 17.8251 -0.19552 -0.412397 413.924 0 0
1500 -6.13052 -4.43691 17.6583 -0.960844 -0.136605 413.972 0 0
1500 31.1612 -17.8373 17.734 -0.459994 -0.220135 413.994 0 0
1500 111.518 24.0875 17.7811 0.844119 0.406208 414.087 0 0
1500 66.5577 -44.4874 17.6846 0.196816 -0.688576 414.137 0 0
1500 65.3553 -30.1553 17.7449 0.174603 -0.50344 414.25 0 0
1500 53.1058 68.0647 17.6709 -0.0731765 1.04538 414.343 0 0
1500 83.1139 15.6974 18.1238 0.433813 0.242075 414.452 0 0
1500 24.4182 -15.285 17.7073 -0.519895 -0.221827 414.443 0 0
1500 23.7473 59.5952 17.6697 -0.488011 0.926496 414.687 0 0
1500 75.1771 -65.6755 17.6765 0.296538 -0.997418 414.51 0 0
1500 112.362 -39.3163 17.6757 0.83333 -0.618379 414.425 0 0
1500 91.7138 54.5704 18.0295 0.590278 0.968017 414.76 0 0
1500 57.3536 35.4479 17.9955 -0.0566604 0.646785 414.555 0 0
1500 37.7466 -12.4653 18.0176 -0.283209 -0.20433 414.825 0 0
1500 93.2612 -21.5016 17.8464 0.618188 -0.308644 414.787 0 0
1500 96.8254 -25.7133 18.5245 0.698369 -0.451614 414.833 0 0
1500 85.2076 -23.7468 18.1198 0.489944 -0.392569 414.849 0 0
1500 93.2992 8.537 18.2809 0.613262 0.192573 414.925 0 0
1500 62.8023 46.2198 17.8396 0.0873209 0.761186 414.91 0 0
1500 53.6664 68.1045 17.6794 -0.064507 1.03554 415.045 0 0
1500 116.507 -78.4877 17.8181 0.941874 -1.30777 414.944 0 0
1500 95.7348 41.0182 17.9128 0.636033 0.732954 415.101 0 0
1500 86.6789 -55.7427 17.6863 0.391908 -0.844895 415.384 0 0
1500 110.268 -25.5932 17.6868 0.834883 -0.398616 415.383 0 0
1500 59.3102 -59.1896 17.8152 0.0895392 -0.987494 415.276 0 0
1500 97.9731 21.1014 18.2822 0.66238 0.401671 415.535 0 0
1500 23.1222 48.7391 17.7533 -0.510248 0.733122 415.626 0 0
1500 53.4237 -22.8054 18.2963 -0.00931275 -0.402706 415.637 0 0
1500 91.5741 -42.8595 17.7443 0.491976 -0.710931 415.65 0 0
1500 106.427 -33.4713 17.7118 0.775294 -0.537748 415.679 0 0
1500 19.4902 43.2018 17.7571 -0.558847 0.654826 415.828 0 0
1500 59.2087 -57.6976 17.6944 0.00968261 -0.866764 415.826 0 0
1500 51.5841 3.46608 18.0407 -0.108502 -0.000359071 415.797 0 0
1500 81.8247 26.8608 18.278 0.457546 0.455506 416.025 0 0
1500 70.997 -61.31 17.8244 0.204863 -0.966225 416.168 0 0
1500 74.602 53.4995 17.8221 0.323672 0.827537 416.045 0 0
1500 81.3963 52.2126 17.8222 0.423172 0.806816 416.188 0 0
1500 40.5258 5.7505 17.8417 -0.269354 0.0304904 416.404 0 0
1500 125.659 -14.6373 17.756 1.0301 -0.173082 416.448 0 0
1500 52.4689 8.39766 18.4132 -0.0621871 0.134814 416.449 0 0
1500 99.9142 44.3312 18.0798 0.713715 0.768925 416.243 0 0
1500 51.4067 46.4577 18.104 -0.13764 0.757654 416.24 0 0
1500 42.6821 -60.0328 17.7456 -0.232254 -0.954134 416.511 0 0
1500 101.334 21.2185 18.313 0.738211 0.412148 416.514 0 0
1500 17.5288 -24.447 17.8138 -0.601573 -0.361315 416.687 0 0
1500 82.126 -36.086 17.7143 0.322242 -0.560429 416.796 0 0
1500 119.051 11.0978 17.821 0.960426 0.211536 416.78 0 0
1500 90.346 14.9376 18.1713 0.510534 0.300296 416.748 0 0
1500 100.027 23.2256 18.0843 0.794751 0.379143 416.861 0 0
1500 52.3732 -5.26197 17.8433 -0.0336077 -0.130023 417.198 0 0
1500 12.7989 49.9591 17.7386 -0.704703 0.76975 417.109 0 0
1500 -10.6452 1.86307 17.7391 -1.04251 0.0744631 417.179 0 0
1500 105.08 -39.1822 17.776 0.749026 -0.629915 417.095 0 0
1500 24.8812 -26.5375 17.7355 -0.506893 -0.487761 417.042 0 0
1500 125.133 -5.25 19.0973 1.42856 -0.0923763 417.036 0 0
1500 78.8306 -12.6104 17.7157 0.390899 -0.184023 417.458 0 0
1500 105.459 42.0418 17.8161 0.718567 0.636074 417.603 0 0
1500 81.0634 12.2782 17.7152 0.424703 0.197172 417.521 0 0
1500 124.249 -6.56845 17.866 1.03911 -0.0686502 417.797 0 0
1500 123.443 13.9375 17.8291 1.01793 0.236584 417.869 0 0
1500 59.267 -36.2435 18.1006 -0.00764092 -0.606626 417.925 0 0
1500 0.149715 7.63365 17.8463 -1.00671 0.121962 417.985 0 0
1500 114.72 24.3217 17.8017 0.866439 0.342025 418.221 0 0
1500 -8.67758 10.4831 17.7028 -1.03686 0.154018 418.016 0 0
1500 98.4131 -14.2814 17.7113 0.683682 -0.207416 418.154 0 0
1500 95.2818 16.6835 18.2642 0.654538 0.36247 418.112 0 0
1500 14.5093 -54.1823 17.7058 -0.698807 -0.77522 418.361 0 0
1500 53.0864 -33.4182 17.9507 -0.0162606 -0.565932 418.249 0 0
1500 105.591 5.74301 17.7164 0.762572 0.145373 418.283 0 0
1500 27.0062 27.3322 17.8759 -0.565297 0.415916 418.369 0 0
1500 107.957 -31.3816 17.787 0.815755 -0.484295 418.639 0 0
1500 48.1217 42.0543 17.8578 -0.0891465 0.69988 418.639 0 0
1500 13.6505 16.7867 17.9899 -0.700955 0.260098 419.106 0 0
1500 77.8784 -6.8047 18.9579 0.440917 -0.0441552 419.144 0 0
1500 50.4163 3.38948 18.0375 -0.109208 0.0964436 418.767 0 0
1500 93.8766 -2.086 17.8471 0.53937 0.0242518 419.637 0 0
1500 93.003 -28.9774 17.7364 0.547151 -0.421864 419.651 0 0
1500 93.537 11.0474 18.3108 0.668077 0.154076 418.772 0 0
1500 105.792 -19.7313 18.1227 0.821519 -0.293143 419.385 0 0
1500 66.1391 7.58008 18.3574 0.22699 0.181345 418.823 0 0
1500 18.5442 -11.582 18.019 -0.623844 -0.193014 418.748 0 0
1500 71.3192 56.4902 17.8872 0.180484 0.899164 419.459 0 0
1500 81.0188 -49.291 17.8894 0.383258 -0.801292 419.497 0 0
1500 83.165 -36.766 17.8913 0.419172 -0.621708 418.837 0 0
1500 96.4062 -22.8626 17.8914 0.617618 -0.413725 418.813 0 0
1500 67.622 58.208 17.7549 0.20768 0.906105 419.268 0 0
1500 92.1521 34.4578 17.8901 0.49692 0.582687 419.132 0 0
1500 4.82196 -22.7337 17.7504 -0.862965 -0.316062 419.481 0 0
1500 84.2975 -11.8634 17.9261 0.493376 -0.201002 418.851 0 0
1500 88.1989 -7.46403 17.8645 0.549043 -0.117407 419.207 0 0
1500 9.43774 7.18433 17.7315 -0.752123 0.183517 419.596 0 0
1500 82.7317 -15.4934 18.0538 0.363941 -0.293479 419.597 0 0
1500 88.4484 50.6461 17.8912 0.438519 0.814283 419.988 0 0
1500 28.1258 45.6566 17.934 -0.440418 0.748491 420.079 0 0
1500 122.814 17.7567 17.7226 0.984839 0.290381 420.335 0 0
1500 88.4269 14.184 17.7513 0.441373 0.277365 420.178 0 0
1500 79.483 49.9808 17.8964 0.295829 0.798501 420.097 0 0
1500 88.3883 52.5644 17.8939 0.518675 0.823813 420.372 0 0
1500 86.0721 -26.0844 17.9617 0.521671 -0.414609 419.952 0 0
1500 102.081 15.2653 17.8356 0.750306 0.236315 420.391 0 0
1500 33.6137 -4.83839 17.8247 -0.402485 -0.142331 420.052 0 0
1500 75.8895 -23.3099 17.738 0.348669 -0.360298 420.049 0 0
1500 -16.0012 -144.698 17.8572 -1.22932 -2.38754 420.138 0 0
1500 125.455 4.07593 17.7617 1.04603 0.0273447 420.447 0 0
1500 121.21 7.92324 17.9203 1.0021 0.157245 420.458 0 0
1500 123.382 -15.5906 17.7573 1.01848 -0.188278 420.502 0 0
1500 45.6778 27.5705 17.8571 -0.218004 0.485514 420.506 0 0
1500 12.0621 15.3885 17.7575 -0.698853 0.239282 420.68 0 0
1500 75.7934 -30.1455 17.825 0.20793 -0.487273 420.605 0 0
1500 47.5564 70.227 17.8812 -0.0995378 1.15765 420.814 0 0
1500 97.6907 50.4726 17.7719 0.659199 0.764501 420.998 0 0
1500 63.3009 -41.9114 17.822 0.0163279 -0.664151 420.949 0 0
1500 39.1722 -58.0567 17.7507 -0.256678 -0.930497 421.209 0 0
1500 85.8428 -21.512 17.7705 0.408955 -0.405204 421.157 0 0
1500 95.2853 19.5556 17.7689 0.62449 0.323594 421.255 0 0
1500 47.626 -7.37693 17.8983 -0.21957 -0.122937 421.272 0 0
1500 104.931 -10.3446 18.3484 0.828231 -0.174724 421.363 0 0
1500 102.024 -26.4162 18.1563 0.749388 -0.431058 421.403 0 0
1500 57.2133 46.3996 17.7688 0.0573852 0.72182 421.399 0 0
1500 79.1156 -32.9765 17.9398 0.4057 -0.541509 421.422 0 0
1500 37.2433 29.4606 17.8621 -0.345193 0.514198 421.344 0 0
1500 107.808 44.409 17.8985 0.788259 0.690184 421.733 0 0
1500 104.61 -36.5463 18.0302 0.748766 -0.602674 421.633 0 0
1500 100.31 -55.2829 17.7185 0.676707 -0.787491 421.637 0 0
1500 66.4536 73.0145 17.7351 0.187621 1.09936 421.547 0 0
1500 8.88088 -43.9397 17.7302 -0.770334 -0.699819 421.635 0 0
1500 95.1038 -51.4607 17.7518 0.566879 -0.825836 421.779 0 0
1500 138.518 -65.6317 17.7961 1.25612 -1.0176 421.723 0 0
1500 10.9351 -24.5747 17.8168 -0.772551 -0.394803 421.773 0 0
1500 58.4698 42.9152 17.7992 0.0625702 0.710941 421.733 0 0
1500 34.8334 -20.3852 17.894 -0.413845 -0.3211 421.671 0 0
1500 147.116 19.1379 17.9323 1.55017 0.330674 421.578 0 0
1500 68.9654 0.0978885 17.916 0.162229 0.0686796 421.831 0 0
1500 118.053 29.4215 17.7668 0.922067 0.459995 421.881 0 0
1500 96.2542 -18.5243 18.0003 0.673778 -0.311835 421.819 0 0
1500 103.243 -13.7603 17.798 0.743536 -0.15304 421.899 0 0
1500 45.4688 18.88 17.8815 -0.246225 0.325569 421.813 0 0
1500 69.6407 -5.20559 17.9788 0.281204 -0.0704523 422.055 0 0
1500 81.1864 22.7337 18.0012 0.401225 0.339339 422.609 0 0
1500 154.197 206.108 17.7331 1.44793 3.06025 422.325 0 0
1500 123.493 -5.30961 17.8266 1.03786 -0.0631782 422.351 0 0
1500 -27.6882 6.06982 17.7257 -1.3316 0.146781 422.399 0 0
1500 -3.08986 5.21057 17.8145 -0.972728 0.053186 422.527 0 0
1500 49.9663 -59.8914 17.8151 -0.183452 -0.920411 422.226 0 0
1500 120.053 -8.14916 17.8107 0.965274 -0.194261 422.146 0 0
1500 84.0302 44.9563 17.8566 0.364841 0.742299 422.088 0 0
1500 85.6423 23.4799 17.9725 0.521022 0.365002 422.691 0 0
1500 84.1207 19.1318 17.8498 0.409804 0.369595 422.104 0 0
1500 146.865 -2.1121 17.933 1.51345 -0.0503611 422.675 0 0
1500 118.448 -12.8626 18.0753 1.05643 -0.296129 422.165 0 0
1500 113.916 -25.3332 17.8706 0.864674 -0.375542 422.981 0 0
1500 1.68343 32.1861 17.8346 -0.853248 0.497557 424.691 0 0
1500 46.4361 10.7448 18.0179 -0.195242 0.141577 423.268 0 0
1500 97.5469 30.0654 17.8442 0.620007 0.438823 422.906 0 0
1500 102.496 -5.31367 17.8346 0.685916 -0.0926763 423.495 0 0
1500 66.609 3.92093 17.8215 0.181153 0.0235982 424.827 0 0
1500 73.4238 -33.1354 17.9389 0.249856 -0.518601 425.117 0 0
1500 72.6241 37.4003 17.8031 0.261668 0.553376 424.515 0 0
1500 68.8136 -5.66021 17.8169 0.207033 -0.04042 425.234 0 0
1500 68.6117 -12.322 17.8163 0.204356 -0.131496 425.205 0 0
1500 54.1604 -42.085 17.8648 -0.0186467 -0.645107 425.245 0 0
1500 37.6042 -57.9669 17.7675 -0.268821 -0.892386 423.992 0 0
1500 69.5788 -63.0282 17.7602 0.187976 -0.974743 423.245 0 0
1500 116.815 -25.3435 17.7394 0.91069 -0.364147 424.948 0 0
1500 115.417 23.5479 17.8328 0.870202 0.425375 422.946 0 0
1500 94.6132 -19.1801 18.2999 0.625198 -0.357276 423.351 0 0
1500 115.487 4.70592 18.0893 0.955106 0.100318 423.89 0 0
1500 27.8447 80.7254 17.7543 -0.493768 1.23568 424.327 0 0
1500 52.1936 -65.6484 17.7666 -0.101811 -1.0185 425.322 0 0
1500 102.147 49.4074 17.7932 0.700122 0.778195 424.409 0 0
1500 27.5991 -45.2026 17.8855 -0.515491 -0.6886 422.81 0 0
1500 86.4043 -12.1876 18.3126 0.568394 -0.169496 423.622 0 0
1500 96.88 -11.2352 18.3091 0.719745 -0.154315 424.056 0 0
1500 57.6047 45.042 18.1132 0.0318218 0.747729 423.535 0 0
1500 101.789 -44.2645 17.8996 0.737624 -0.669604 424.509 0 0
1500 110.782 -27.5314 17.9 0.87393 -0.423771 424.252 0 0
1500 102.385 -45.3456 17.9222 0.73893 -0.700014 424.949 0 0
1500 89.749 4.7371 18.518 0.635518 0.0896019 425.069 0 0
1500 30.6396 -5.69068 18.2437 -0.422713 -0.0990717 423.576 0 0
1500 46.3657 -41.137 17.9123 -0.16289 -0.698734 423.061 0 0
1500 75.5428 51.7968 17.9902 0.283335 0.845876 424.409 0 0
1500 3.23262 28.981 17.886 -0.851216 0.480978 424.69 0 0
1500 26.883 -4.28772 17.7861 -0.553058 -0.0788234 423.033 0 0
1500 28.8222 -18.5478 17.7852 -0.522424 -0.297509 423.137 0 0
1500 27.6992 36.3896 17.874 -0.518395 0.570443 424.162 0 0
1500 94.2891 -44.4204 17.8215 0.637269 -0.678114 423.734 0 0
1500 42.8152 -36.2851 17.9521 -0.263149 -0.600972 424.374 0 0
1500 55.2652 -11.2383 17.9596 -0.0752469 -0.223768 423.63 0 0
1500 47.0933 -35.6721 17.9277 -0.198087 -0.597474 424.309 0 0
1500 95.9092 18.3012 17.8666 0.659111 0.302951 424.473 0 0
1500 48.1181 52.5678 17.7695 -0.105436 0.85489 424.927 0 0
1500 41.1647 49.7273 17.77 -0.210802 0.813409 424.812 0 0
1500 -15.5091 40.6609 17.7613 -1.12957 0.70511 423.432 0 0
1500 61.8722 9.55258 17.8827 0.0128011 0.0984311 423.818 0 0
1500 84.0694 -6.73247 17.8818 0.380309 -0.172738 424.259 0 0
1500 90.8648 34.4232 17.8196 0.575656 0.565743 424.963 0 0
1500 67.8724 -17.2527 17.8203 0.0888613 -0.304368 424.783 0 0
1500 29.2214 9.56106 17.8233 -0.484959 0.0863631 425.207 0 0
1500 127.264 -118.579 17.8341 1.19736 -1.90593 422.993 0 0
1500 60.7518 45.8541 18.044 0.0582642 0.822817 423.183 0 0
1500 101.746 19.1826 18.0805 0.770313 0.376571 424.362 0 0
1500 127.356 36.7292 17.8887 1.18466 0.635884 424.491 0 0
1500 44.1766 -51.5305 18.1053 -0.182101 -0.920047 424.377 0 0
1500 -36.5279 -31.2894 17.9286 -1.60148 -0.532439 424.783 0 0
1500 66.9951 18.5928 18.3333 0.169618 0.385669 424.031 0 0
1500 36.1385 -27.7206 17.9318 -0.439651 -0.422686 425.233 0 0
1500 46.8507 -26.6939 17.8385 -0.230274 -0.449259 425.364 0 0
1500 11.3521 -26.7793 17.8512 -0.702105 -0.416999 426.36 0 0
1500 46.8882 10.7322 18.0598 -0.179463 0.174365 425.933 0 0
1500 57.5153 -20.0669 17.9479 0.0319658 -0.337592 425.591 0 0
1500 115.184 20.61 17.779 0.880701 0.269262 426.147 0 0
1500 118.772 -26.2527 17.9015 0.970654 -0.395867 425.77 0 0
1500 108.057 54.1219 17.8225 0.765945 0.860153 425.729 0 0
1500 108.361 1.49462 18.2722 0.868579 0.0601185 425.844 0 0
1500 84.2835 -6.78878 18.4285 0.543459 -0.129818 425.987 0 0
1500 8.70316 13.8275 17.8157 -0.789093 0.149805 426.132 0 0
1500 97.167 -29.7806 17.8171 0.55319 -0.512602 425.931 0 0
1500 36.3539 67.0928 17.8785 -0.291261 1.14203 425.851 0 0
1500 -9.69581 7.35832 18.0893 -1.16985 0.132591 426.34 0 0
1500 -1.84927 4.12799 17.9227 -1.07661 0.0902483 425.728 0 0
1500 74.7157 -16.4962 18.1908 0.33926 -0.223061 426.517 0 0
1500 88.9819 -7.73347 17.8707 0.503273 -0.0929615 426.492 0 0
1500 104.561 -48.1241 17.8481 0.751644 -0.724578 426.473 0 0
1500 37.0478 -44.0909 17.9655 -0.35968 -0.693515 426.432 0 0
1500 94.4783 -19.7201 18.3044 0.731518 -0.29596 426.553 0 0
1500 92.9177 -15.1039 18.378 0.607998 -0.222901 428.902 0 0
1500 66.8435 19.893 18.0928 0.193966 0.31917 426.849 0 0
1500 77.9142 -8.05786 17.8758 0.349474 -0.0970562 426.772 0 0
1500 65.7259 6.06721 17.9805 0.183312 0.0447071 428.522 0 0
1500 42.3348 13.6279 17.8602 -0.274127 0.165186 427.953 0 0
1500 22.9127 -11.6503 17.8518 -0.545452 -0.184364 427.458 0 0
1500 37.5008 42.7025 17.7651 -0.281527 0.669177 427.28 0 0
1500 57.2776 -0.701922 17.7942 -0.00997665 0.059318 428.495 0 0
1500 64.6008 52.9628 17.8161 0.144002 0.797328 427.231 0 0
1500 66.2074 56.7018 17.8121 0.167363 0.853785 426.911 0 0
1500 85.0297 -13.3389 17.9386 0.456809 -0.19799 429.392 0 0
1500 97.5609 15.6287 17.9316 0.633596 0.202793 428.939 0 0
1500 82.5874 53.8429 17.7823 0.391382 0.824269 428.934 0 0
1500 116.559 3.00342 18.068 0.967896 0.0153936 426.686 0 0
1500 35.4427 -64.2716 17.814 -0.387208 -0.97415 427.262 0 0
1500 104.137 -40.5772 17.7887 0.653759 -0.647897 429.328 0 0
1500 75.6561 -30.9723 18.4537 0.311956 -0.520976 427.442 0 0
1500 86.3845 -13.6412 18.4552 0.47148 -0.265683 427.283 0 0
1500 58.608 62.4116 17.7498 0.0527594 0.989496 426.77 0 0
1500 68.4258 32.8725 18.2133 0.175599 0.557243 426.747 0 0
1500 100.24 -31.5259 17.9959 0.640722 -0.542004 427.242 0 0
1500 5.36672 -41.0182 17.812 -0.811912 -0.658822 428.387 0 0
1500 96.6917 -55.6211 17.8286 0.635452 -0.851766 428.978 0 0
1500 150.218 16.1531 17.8157 1.44112 0.276131 428.024 0 0
1500 52.5418 -17.035 18.2065 -0.0849071 -0.305547 427.076 0 0
1500 92.6267 -35.1844 17.9174 0.612416 -0.544993 427.458 0 0
1500 116.049 9.2783 17.9037 0.95276 0.141307 428.399 0 0
1500 91.2128 21.9423 17.9109 0.59628 0.336525 426.986 0 0
1500 61.2505 -4.10006 18.2769 0.111501 -0.137081 427.89 0 0
1500 -9.35174 24.6021 17.8234 -1.03163 0.433302 428.809 0 0
1500 44.3928 48.4138 17.9077 -0.190443 0.802548 428.402 0 0
1500 66.5672 10.5714 18.219 0.110486 0.165576 428.386 0 0
1500 87.1112 -23.5712 17.8235 0.487977 -0.425746 427.718 0 0
1500 81.4557 1.5646 17.9192 0.398077 0.0971602 427.833 0 0
1500 19.5731 38.7127 17.8427 -0.594431 0.671061 427.703 0 0
1500 71.9624 33.6336 17.8388 0.203661 0.588889 428.585 0 0
1500 -2.74138 -43.5351 17.8108 -1.02928 -0.722452 426.662 0 0
1500 66.0798 13.9741 17.8528 0.146796 0.290621 429.105 0 0
1500 131.595 8.90026 17.9819 1.25969 0.181002 427.075 0 0
1500 49.1029 -58.9637 17.8197 -0.214494 -0.915371 428.902 0 0
1500 50.4649 -70.0345 17.8601 -0.0586081 -1.16181 427.824 0 0
1500 68.9278 -15.4911 17.8808 0.229812 -0.308448 427.677 0 0
1500 114.222 -5.00219 18.0739 0.944795 -0.15147 428.739 0 0
1500 70.7124 -43.5754 17.8861 0.178528 -0.782915 427.345 0 0
1500 138.888 -1.15651 18.1171 1.38256 0.0194955 429.194 0 0
1500 50.1655 -71.718 17.9503 -0.0735198 -1.2186 428.803 0 0
1500 22.5439 3.7235 17.923 -0.643531 0.0142733 427.958 0 0
1500 138.114 5.20441 17.993 1.4061 0.0483975 427.929 0 0
1500 54.2055 47.1979 18.3098 -0.0312059 0.856865 428.405 0 0
1500 122.95 7.59388 18.2243 1.23768 0.127732 426.914 0 0
1500 62.1008 -6.50348 18.293 0.0241371 -0.154106 429.338 0 0
1500 61.4156 -23.1735 18.1486 0.106685 -0.381685 429.795 0 0
1500 60.0265 -10.2666 17.9461 0.111296 -0.154681 429.831 0 0
1500 30.7751 24.1902 17.9223 -0.412279 0.381943 429.617 0 0
1500 101.149 32.6978 17.8436 0.634961 0.518765 429.896 0 0
1500 91.5381 14.7533 17.9933 0.559501 0.178585 429.585 0 0
1500 13.0419 -49.1629 17.833 -0.702726 -0.744854 429.677 0 0
1500 84.0348 -59.214 17.9214 0.406197 -0.939589 429.816 0 0
1500 70.9336 -116.814 17.783 0.186256 -1.7981 429.571 0 0
1500 109.864 -19.9587 18.105 0.880394 -0.298068 430.062 0 0
1500 9.29085 -27.9664 17.77 -0.774797 -0.48555 429.721 0 0
1500 50.7731 -16.5464 18.1675 -0.0604623 -0.325938 429.47 0 0
1500 85.9088 12.6758 18.0048 0.526728 0.195926 429.432 0 0
1500 62.3324 -32.025 17.9091 0.0787857 -0.56472 429.704 0 0
1500 73.9668 43.3338 17.8119 0.320619 0.665217 429.89 0 0
1500 13.2032 10.7021 17.843 -0.758206 0.238069 429.929 0 0
1500 82.7056 24.0419 17.9603 0.378628 0.457885 430.009 0 0
1500 129.346 -46.9697 18.1925 1.25191 -0.803851 429.711 0 0
1500 72.9042 -8.29522 17.8648 0.266837 -0.211002 430.006 0 0
1500 92.1463 -9.15442 17.9977 0.623684 -0.229391 429.683 0 0
1500 64.681 2.3074 18.1996 0.181086 0.107629 431.907 0 0
1500 52.168 26.2142 17.8342 -0.0365821 0.399065 431.606 0 0
1500 69.4687 24.2261 18.3311 0.199897 0.391939 431.79 0 0
1500 48.1412 14.9917 17.9297 -0.118627 0.267901 432.726 0 0
1500 29.7136 -13.1612 17.9581 -0.418782 -0.231289 431.14 0 0
1500 28.7572 38.4607 17.8433 -0.473165 0.542607 430.084 0 0
1500 21.4063 -30.2058 17.8437 -0.575649 -0.417079 430.118 0 0
1500 90.7756 35.0819 17.8927 0.498619 0.552963 430.476 0 0
1500 86.3095 -23.9026 17.8093 0.391779 -0.40209 430.861 0 0
1500 38.382 -20.664 17.8134 -0.274082 -0.355794 431.111 0 0
1500 63.9226 -1.15688 18.1115 0.184705 -0.0312315 432.365 0 0
1500 107.812 -14.0917 17.8543 0.763714 -0.159499 430.936 0 0
1500 71.351 16.4555 18.0346 0.270239 0.255601 432.735 0 0
1500 75.9093 56.1756 17.7674 0.296063 0.853354 430.151 0 0
1500 12.5995 -42.6519 17.8245 -0.686056 -0.663544 430.364 0 0
1500 101.834 -10.4752 17.9006 0.690492 -0.158558 432.169 0 0
1500 118.316 -7.78125 17.869 0.920205 -0.153668 431.333 0 0
1500 86.7738 -45.4773 17.8766 0.468783 -0.681577 431.991 0 0
1500 114.282 -1.06362 17.9225 0.876764 -0.0116825 432.218 0 0
1500 70.6837 -63.6854 17.7982 0.205848 -0.982812 431.734 0 0
1500 107.32 -44.3858 17.8518 0.786233 -0.659366 431.94 0 0
1500 88.7894 8.67251 18.6571 0.608625 0.183026 431.042 0 0
1500 37.3475 61.4854 17.8741 -0.302956 0.978234 430.548 0 0
1500 81.6034 -63.8474 17.7713 0.406563 -0.952962 431.952 0 0
1500 113.324 36.1699 17.921 0.878752 0.542604 432.828 0 0
1500 5.82404 -29.0523 17.7689 -0.822509 -0.499179 430.082 0 0
1500 22.3804 -56.3899 17.7713 -0.559148 -0.884055 431.929 0 0
1500 26.4699 -58.1745 17.7739 -0.496199 -0.903925 432.395 0 0
1500 58.6183 -58.8905 17.8934 -0.0205754 -0.938707 430.501 0 0
1500 73.8906 -25.9739 18.2395 0.343211 -0.44739 430.274 0 0
1500 102.739 -7.96985 18.234 0.767003 -0.176009 430.978 0 0
1500 105.632 -45.4583 17.8985 0.711942 -0.741216 432.216 0 0
1500 84.443 -42.2897 17.9026 0.410746 -0.712113 430.549 0 0
1500 40.5778 -63.2799 17.8986 -0.243454 -1.00202 432.284 0 0
1500 79.189 -61.5955 17.8985 0.323314 -0.977704 432.256 0 0
1500 99.3315 18.3261 18.5863 0.772866 0.332576 430.756 0 0
1500 8.69405 -37.8002 17.777 -0.745869 -0.638368 431.182 0 0
1500 115.741 -34.0796 17.8603 0.923873 -0.493164 432.806 0 0
1500 110.797 17.9709 17.8607 0.874137 0.273301 431.049 0 0
1500 36.3308 -19.6508 18.1957 -0.324487 -0.348576 431.092 0 0
1500 87.3848 -31.6411 17.974 0.470214 -0.552779 430.861 0 0
1500 12.3414 42.5187 17.9286 -0.703693 0.687126 432.269 0 0
1500 80.0237 29.3154 17.9385 0.306059 0.505786 430.4 0 0
1500 151.031 7.4232 17.83 1.45608 0.0556446 431.052 0 0
1500 62.2101 -62.4382 17.7901 0.09017 -0.996999 432.06 0 0
1500 35.8237 -14.6061 17.9881 -0.350717 -0.2892 430.544 0 0
1500 27.7045 -0.204102 17.9877 -0.474135 -0.0696588 430.588 0 0
1500 75.6412 -8.11449 17.9903 0.256883 -0.190833 430.348 0 0
1500 15.0972 -27.5467 17.9704 -0.667757 -0.472086 431.59 0 0
1500 95.2471 1.03022 18.0333 0.613878 -0.0572602 431.124 0 0
1500 95.3447 -6.10479 18.0328 0.614842 -0.164979 431.179 0 0
1500 42.0371 36.1335 17.9296 -0.298581 0.570001 430.829 0 0
1500 79.2463 54.1517 17.827 0.311279 0.884616 431.863 0 0
1500 84.1616 -79.5459 17.8103 0.439555 -1.27822 430.634 0 0
1500 60.6872 -51.6479 17.9938 0.0903246 -0.842925 431.973 0 0
1500 86.2719 -9.54864 18.0019 0.480536 -0.21691 430.906 0 0
1500 98.8059 -18.4369 17.9965 0.664528 -0.348576 431.546 0 0
1500 50.4108 -33.3228 17.8118 -0.0704412 -0.572887 430.406 0 0
1500 79.3779 51.9661 17.8665 0.370593 0.839947 432.028 0 0
1500 47.1532 19.9466 17.879 -0.114657 0.370301 430.301 0 0
1500 56.165 36.3564 17.8744 0.0236262 0.617986 430.768 0 0
1500 87.1942 38.4972 17.8693 0.49193 0.644066 431.437 0 0
1500 88.4907 0.334498 18.5106 0.588041 -0.0564743 432.589 0 0
1500 46.87 -56.2004 17.789 -0.244011 -0.855792 431.679 0 0
1500 49.354 55.618 17.7899 -0.207139 0.832018 431.496 0 0
1500 77.2482 -54.3522 17.8352 0.314838 -0.912748 430.347 0 0
1500 197.521 12.654 17.8157 2.19566 0.1564 431.105 0 0
1500 61.1332 -17.0999 17.7941 0.120053 -0.285862 430.398 0 0
1500 33.1276 19.3119 18.0522 -0.389816 0.353154 431.808 0 0
1500 35.828 19.9457 18.0526 -0.349145 0.363009 431.762 0 0
1500 35.0197 -45.9352 17.8399 -0.416202 -0.675466 431.947 0 0
1500 67.1521 3.58929 18.0099 0.0915741 0.0713386 431.395 0 0
1500 44.276 35.5702 18.0027 -0.25588 0.554986 432.089 0 0
1500 81.3482 -10.5116 17.7857 0.308697 -0.222839 430.876 0 0
1500 10.9908 -0.207146 17.777 -0.766814 -0.0626963 431.847 0 0
1500 30.9857 -47.4728 17.8094 -0.379764 -0.78629 432.631 0 0
1500 -9.09008 25.5161 17.8028 -1.11477 0.429037 430.8 0 0
1500 115.588 -59.6692 17.9225 0.895863 -0.997519 431.722 0 0
1500 101.076 10.2035 17.816 0.702415 0.0941674 432.647 0 0
1500 26.4971 -0.75051 18.0555 -0.53942 -0.0363953 431.665 0 0
1500 38.4139 43.1934 17.9367 -0.376368 0.672434 431.837 0 0
1500 78.078 22.6823 18.0238 0.406717 0.406617 432.239 0 0
1500 100.805 -31.9025 18.0065 0.690334 -0.614756 430.562 0 0
1500 117.709 7.79165 18.3959 1.08963 0.195237 432.889 0 0
1500 85.714 -30.7078 18.1257 0.443004 -0.59962 430.639 0 0
1500 111.117 -28.362 18.0957 0.866543 -0.468392 436.592 0 0
1500 83.8323 -6.35016 18.3289 0.477535 -0.0981869 434.065 0 0
1500 55.4623 -49.3169 17.8759 -0.0322791 -0.75603 433.513 0 0
1500 87.8751 -14.2859 17.8007 0.446208 -0.259449 433.64 0 0
1500 58.1822 35.7983 18.0934 0.027785 0.55875 434.954 0 0
1500 23.9403 -10.4586 17.8 -0.509861 -0.206694 434.165 0 0
1500 54.3869 -41.0847 17.796 -0.0865097 -0.635084 433.912 0 0
1500 87.3089 34.9032 17.9353 0.442631 0.551661 434.486 0 0
1500 78.4136 29.6524 17.9417 0.317105 0.475873 434.907 0 0
1500 82.1253 47.735 17.9285 0.373186 0.735216 433.981 0 0
1500 68.0091 43.1691 17.9052 0.140293 0.669317 434.528 0 0
1500 74.3933 -48.1374 17.7934 0.292653 -0.702682 434.164 0 0
1500 108.627 -30.0526 17.784 0.781824 -0.45346 433.409 0 0
1500 85.6108 -12.1567 17.9551 0.461005 -0.145305 435.803 0 0
1500 18.5864 -16.3446 17.801 -0.589078 -0.288193 434.883 0 0
1500 26.526 -6.99722 17.8075 -0.475406 -0.15671 435.299 0 0
1500 31.4016 -25.6026 17.9286 -0.395491 -0.410348 435.738 0 0
1500 70.1785 12.3714 18.055 0.241687 0.216836 436.945 0 0
1500 115.955 -11.5652 17.8636 0.892982 -0.189102 434.409 0 0
1500 78.7931 -10.1183 18.5089 0.366281 -0.201711 438.576 0 0
1500 75.6986 29.4691 17.9227 0.258745 0.476372 436.148 0 0
1500 79.3859 10.7697 18.3965 0.359019 0.211884 438.414 0 0
1500 57.3509 -36.9531 17.9343 0.00254208 -0.580227 436.445 0 0
1500 59.9943 -65.7909 17.9062 0.0404468 -1.01271 434.044 0 0
1500 101.195 52.9411 17.8086 0.701998 0.774997 432.979 0 0
1500 52.2665 7.51475 17.8846 -0.0589318 0.170566 436.919 0 0
1500 97.713 52.4778 17.796 0.621779 0.80815 433.731 0 0
1500 59.5263 10.9387 18.1947 0.0398969 0.21152 438.423 0 0
1500 -7.49741 17.6135 17.7838 -0.998164 0.319854 432.97 0 0
1500 80.2768 -4.6154 18.1566 0.374943 -0.122139 438.29 0 0
1500 -62.4159 -138.164 17.784 -1.82102 -2.06759 433.11 0 0
1500 88.9914 -56.0823 17.8005 0.470552 -0.869691 434.598 0 0
1500 1.02014 0.515098 17.874 -0.865489 0.00319275 435.905 0 0
1500 122.78 -4.26719 17.971 1.03864 -0.0518891 433.575 0 0
1500 32.5115 54.6806 17.842 -0.367745 0.845395 435.588 0 0
1500 50.2859 -12.3807 18.0359 -0.0595312 -0.233564 438.339 0 0
1500 79.7589 -50.0607 17.8235 0.34886 -0.76236 436.154 0 0
1500 61.8541 67.6246 17.8683 0.104752 1.03886 434.308 0 0
1500 72.7968 64.74 17.8655 0.266083 1.00833 433.539 0 0
1500 123.02 5.7405 17.8648 1.00888 0.145963 433.014 0 0
1500 75.0579 36.3527 17.8986 0.283778 0.562356 437.246 0 0
1500 10.977 -9.61362 17.8147 -0.730044 -0.142796 436.677 0 0
1500 77.1574 -63.9112 17.8511 0.245974 -1.00039 433.284 0 0
1500 93.0118 -12.0658 18.5699 0.684303 -0.165187 434.094 0 0
1500 -10.1499 -24.9567 17.8326 -1.01697 -0.418296 435.249 0 0
1500 117.63 28.7998 17.7876 0.923565 0.394018 435.312 0 0
1500 101.358 -40.0121 17.9655 0.701259 -0.656558 433.375 0 0
1500 15.7287 53.3848 17.837 -0.681131 0.796736 434.583 0 0
1500 31.5229 -53.6141 17.7719 -0.44636 -0.860363 433.013 0 0
1500 89.7583 8.02147 18.3971 0.619866 0.131979 433.861 0 0
1500 80.8056 2.33055 18.4001 0.490073 0.0481437 433.519 0 0
1500 109.775 24.4814 17.9255 0.796416 0.439776 433.254 0 0
1500 141.505 20.5569 17.7955 1.29211 0.368051 433.234 0 0
1500 59.2269 68.0116 17.8345 0.0676994 1.04248 435.41 0 0
1500 111.29 40.0587 17.8863 0.824528 0.645951 435.196 0 0
1500 116.384 -4.21402 17.8284 0.867458 -0.116401 437.81 0 0
1500 57.0392 -52.5311 17.8121 0.030986 -0.853974 433.258 0 0
1500 97.1484 -30.6025 17.8129 0.63801 -0.523999 433.114 0 0
1500 61.3358 -28.7402 17.8849 0.0235653 -0.480564 435.959 0 0
1500 69.664 -27.269 17.8845 0.144616 -0.459893 435.858 0 0
1500 92.8518 81.2707 17.8058 0.527466 1.26348 435.23 0 0
1500 122.638 -15.7202 17.8503 1.02216 -0.207572 435.641 0 0
1500 113.678 -22.9633 17.8503 0.906702 -0.319209 434.454 0 0
1500 96.9702 3.66336 18.0901 0.696892 0.05172 434.275 0 0
1500 117.626 -0.969062 17.7813 0.915644 -0.086265 434.323 0 0
1500 87.8955 16.2972 17.9176 0.518811 0.305553 433.542 0 0
1500 80.5574 45.4966 17.9555 0.343645 0.756335 434.633 0 0
1500 93.2296 34.5606 17.9564 0.534946 0.593545 434.488 0 0
1500 -42.8557 10.6991 17.8502 -1.60851 0.154946 433.613 0 0
1500 54.8819 -12.754 17.9594 -0.101182 -0.171291 433.666 0 0
1500 79.0177 33.5578 17.8416 0.349635 0.583126 433.692 0 0
1500 77.8762 44.7544 17.984 0.387289 0.706776 434.946 0 0
1500 151.86 22.5244 17.8484 1.50218 0.404795 433.211 0 0
1500 56.3776 44.1314 17.8571 0.0478152 0.706933 434.205 0 0
1500 117.934 -26.3915 17.9057 0.943333 -0.435243 437.113 0 0
1500 48.8384 6.01445 18.0444 -0.16233 0.147642 434.424 0 0
1500 67.6034 -1.59574 18.3719 0.209795 0.0506442 435.783 0 0
1500 42.3727 25.0868 18.0525 -0.198628 0.455896 434.968 0 0
1500 34.4731 -64.1422 17.7849 -0.424383 -0.942257 436.898 0 0
1500 50.4268 69.9881 17.786 -0.18762 1.03005 437.373 0 0
1500 28.9873 2.00251 17.7964 -0.526508 0.0353411 434.175 0 0
1500 3.11098 7.2944 17.7866 -0.904438 0.114192 435.609 0 0
1500 48.6231 -66.2578 17.7848 -0.217078 -0.980357 436.423 0 0
1500 65.6768 -5.62566 17.8964 0.0507474 -0.0799327 434.059 0 0
1500 89.9441 26.1606 18.2474 0.52685 0.480563 433.509 0 0
1500 8.63342 -35.9874 17.8208 -0.794071 -0.579222 436.367 0 0
1500 124.249 -4.14788 17.861 1.01896 -0.1247 437.177 0 0
1500 80.935 -22.2655 17.8717 0.395691 -0.406436 434.68 0 0
1500 77.9416 -49.0354 17.8638 0.344085 -0.802063 435.791 0 0
1500 105.773 -20.5107 17.8644 0.763827 -0.373943 435.671 0 0
1500 105.314 -28.909 18.1188 0.781551 -0.52772 433.919 0 0
1500 45.2023 -16.2843 18.2454 -0.190397 -0.298124 436.267 0 0
1500 65.4873 4.22324 17.9604 0.163643 0.134947 435.098 0 0
1500 120.266 12.9876 17.8015 0.959401 0.279371 434.467 0 0
1500 97.3032 18.8323 17.981 0.682463 0.24667 436.048 0 0
1500 78.5475 61.3192 17.8397 0.36765 0.950362 437.969 0 0
1500 12.5566 -7.15655 17.8468 -0.730921 -0.171843 436.196 0 0
1500 131.888 36.1869 17.8667 1.25716 0.564308 433.191 0 0
1500 97.5805 20.335 18.3294 0.717939 0.332816 438.3 0 0
1500 44.3815 13.367 18.0764 -0.186941 0.279126 436.229 0 0
1500 63.5437 9.38181 18.0776 0.105437 0.218675 436.132 0 0
1500 95.9838 6.42183 18.0741 0.621118 0.171245 436.895 0 0
1500 52.9543 30.9391 18.0765 -0.0291456 0.543755 436.643 0 0
1500 46.8749 -51.0749 17.8195 -0.185814 -0.846769 437.025 0 0
1500 48.9423 -64.1238 17.8152 -0.151052 -1.02081 438.544 0 0
1500 99.5271 -95.226 17.8374 0.732902 -1.50735 434.249 0 0
1500 65.1272 35.3711 18.007 0.12989 0.613297 436.817 0 0
1500 72.4748 37.9047 18.0731 0.231327 0.645068 437.414 0 0
1500 105.888 -82.1654 17.8088 0.814005 -1.25977 435.795 0 0
1500 34.6317 37.9961 17.8734 -0.395665 0.639066 436.921 0 0
1500 54.0438 15.0062 17.8838 -0.101645 0.293455 435.935 0 0
1500 40.3981 37.7814 18.0579 -0.29532 0.647972 435.792 0 0
1500 75.5708 -15.1913 17.8383 0.294329 -0.309504 436.458 0 0
1500 11.3022 -17.6019 17.8235 -0.733375 -0.341824 437.611 0 0
1500 73.2127 5.61095 17.8588 0.289871 0.145124 436.544 0 0
1500 62.4275 -9.7879 17.8183 0.123802 -0.204194 436.327 0 0
1500 112.991 -12.9581 17.8049 0.854431 -0.123992 437.971 0 0
1500 140.925 35.5321 17.8554 1.34301 0.619086 436.478 0 0
1500 -49.2249 -19.2443 17.8113 -1.73178 -0.314275 437.635 0 0
1500 69.5382 -0.190258 18.0527 0.202391 0.0740253 437.853 0 0
1500 83.346 51.0322 17.9812 0.347767 0.855739 435.209 0 0
1500 142.548 -2.02178 17.9527 1.4414 -0.00791357 435.506 0 0
1500 85.3293 6.7713 18.0973 0.520318 0.137543 438.711 0 0
1500 78.9707 4.72694 18.0998 0.424473 0.10664 438.52 0 0
1500 104.441 57.3078 17.8291 0.79596 0.889429 437.877 0 0
1500 40.9691 7.25666 17.8489 -0.338402 0.0736711 437.367 0 0
1500 48.9672 -12.0542 18.0126 -0.194433 -0.176853 438.672 0 0
1500 92.4727 -24.6174 18.6761 0.67196 -0.46347 437.646 0 0
1500 98.671 -45.4626 17.8676 0.60087 -0.781121 438.109 0 0
1500 101.341 -197.913 17.949 0.677191 -3.38923 434.32 0 0
1500 69.8388 -64.7205 18.0324 0.228787 -1.1563 434.897 0 0
1500 130.685 37.4392 17.9623 1.25747 0.620459 436.935 0 0
1500 84.8015 25.1542 18.0404 0.42026 0.480437 436.68 0 0
1500 86.0106 -46.1306 18.1038 0.432247 -0.805641 437.467 0 0
1500 30.8359 -6.58975 18.0779 -0.453724 -0.17041 437.868 0 0
1500 116.447 -16.2485 17.9444 0.99066 -0.197149 438.301 0 0
1500 69.0591 63.9134 17.9011 0.0989472 1.05178 437.245 0 0
1500 86.5731 -11.0721 18.0294 0.524801 -0.111982 438.072 0 0
1500 117.982 6.61137 18.0468 1.03013 0.180929 438 0 0
1500 66.547 -38.2087 18.4037 0.156491 -0.712927 436.239 0 0
1500 11.8155 -2.406 18.0324 -0.836421 -0.070888 437.132 0 0
1500 82.4284 -45.6182 18.1887 0.511617 -0.849466 435.121 0 0
1500 4.6121 15.7149 18.0259 -0.970397 0.322923 438.42 0 0
1500 84.6592 19.8459 18.2573 0.575836 0.3638 437.942 0 0
1500 128.379 152.325 18.1245 1.34322 2.75422 437.034 0 0
1500 106.783 -46.3338 17.8208 0.684909 -0.739253 441.222 0 0
1500 5.09931 33.8149 17.8752 -0.792375 0.539386 441.307 0 0
1500 109.952 27.8298 18.0472 0.873467 0.414944 439.143 0 0
1500 110.987 18.3281 17.9624 0.832163 0.267612 442.214 0 0
1500 106.581 26.1978 18.2506 0.82445 0.435918 439.687 0 0
1500 33.4603 -4.41717 18.0355 -0.379178 -0.0457872 439.144 0 0
1500 45.0422 -35.9805 17.8746 -0.229802 -0.542442 438.9 0 0
1500 99.662 14.5574 17.8805 0.65215 0.224367 439.147 0 0
1500 74.7143 -2.53622 17.835 0.278407 0.0129517 439.986 0 0
1500 84.3506 -32.1637 18.0017 0.39616 -0.512136 440.402 0 0
1500 94.6235 25.0064 18.048 0.59218 0.376887 440.609 0 0
1500 88.5822 42.0417 17.8748 0.495399 0.622315 439.79 0 0
1500 88.5109 -40.0162 17.9312 0.489327 -0.605436 440.403 0 0
1500 45.3014 -57.7286 17.8392 -0.235771 -0.857458 439.924 0 0
1500 26.8519 -16.5051 17.8575 -0.487412 -0.269602 441.256 0 0
1500 66.2569 -21.8546 17.9035 0.154422 -0.36073 441.829 0 0
1500 78.3769 -47.2233 17.932 0.341783 -0.718464 440.806 0 0
1500 71.5368 -11.791 18.0954 0.280391 -0.172973 443.131 0 0
1500 98.1511 53.0922 17.9368 0.618648 0.844436 439.209 0 0
1500 33.8775 24.291 17.9041 -0.358968 0.399148 442.815 0 0
1500 86.2443 -11.2742 17.9416 0.466135 -0.130385 443.493 0 0
1500 109.692 39.3765 17.8182 0.842015 0.572466 438.883 0 0
1500 112.649 20.6477 17.8319 0.847154 0.280924 441.966 0 0
1500 119.008 6.54408 17.8485 0.92109 0.146938 442.099 0 0
1500 85.8795 -57.6828 17.7964 0.467917 -0.909072 439.237 0 0
1500 119.001 -23.3419 17.8197 0.974775 -0.363562 439.882 0 0
1500 39.8859 39.47 18.0409 -0.250804 0.675167 438.81 0 0
1500 68.5885 5.60672 18.3971 0.245065 0.159285 439.231 0 0
1500 81.1444 55.1083 17.843 0.34413 0.904449 439.536 0 0
1500 31.8354 51.2929 17.8443 -0.399457 0.849998 439.303 0 0
1500 15.0542 35.6196 17.846 -0.655601 0.615764 439.034 0 0
1500 111.736 18.2015 18.0822 0.900438 0.30427 440.388 0 0
1500 114.254 -34.7153 17.8105 0.885667 -0.560668 441.31 0 0
1500 113.496 -17.0644 17.8213 0.899559 -0.20986 439.74 0 0
1500 7.8197 -2.18905 17.9966 -0.8155 -0.0235693 439.963 0 0
1500 100.023 14.8904 18.3137 0.740856 0.279514 441.311 0 0
1500 109.085 8.53701 18.1862 0.881696 0.101672 441.565 0 0
1500 123.155 4.46216 18.0102 1.04992 0.0809675 443.076 0 0
1500 52.7281 20.7791 18.1187 -0.119634 0.303263 439.722 0 0
1500 20.4612 -24.9412 18.1202 -0.598269 -0.415949 440.709 0 0
1500 58.3727 -33.3441 18.1266 -0.0227021 -0.54777 440.202 0 0
1500 96.4801 40.2271 17.9993 0.60039 0.682441 441.211 0 0
1500 79.9966 31.3738 18.0101 0.357362 0.557762 440.151 0 0
1500 66.987 -45.3619 18.2777 0.172687 -0.763179 440.661 0 0
1500 22.8602 -50.7016 17.835 -0.553835 -0.833655 441.417 0 0
1500 -75.9319 -104.289 17.8133 -2.12951 -1.68572 439.661 0 0
1500 118.712 35.4244 17.9006 1.0224 0.514005 439.568 0 0
1500 80.3799 87.788 17.9422 0.357908 1.43248 440.353 0 0
1500 62.3259 -53.587 17.9386 0.127015 -0.873085 441.513 0 0
1500 46.9919 60.2328 17.8145 -0.173388 0.983164 441.987 0 0
1500 107.578 -15.7772 18.1144 0.849648 -0.270088 442.428 0 0
1500 80.1748 -18.6835 18.1704 0.432247 -0.343225 441.68 0 0
1500 42.3414 -136.342 17.894 -0.212892 -2.20872 440.026 0 0
1500 100.298 6.9731 18.3456 0.775003 0.104242 443.131 0 0
1500 68.9452 -62.9671 17.8362 0.19962 -1.00836 443.122 0 0
1500 91.7945 -68.0747 17.8275 0.598434 -1.03758 440.538 0 0
1500 87.9301 48.2294 17.9975 0.457669 0.800578 442.734 0 0
1500 79.6866 48.653 17.9323 0.414084 0.766661 442.174 0 0
1500 64.6512 -25.6404 17.9392 0.184565 -0.433438 440.956 0 0
1500 86.8926 -35.2121 17.9286 0.522741 -0.574415 441.797 0 0
1500 122.118 -3.0516 18.1399 1.13201 -0.0844192 439.142 0 0
1500 97.9774 -0.617999 18.3182 0.752099 0.0151732 441.56 0 0
1500 92.0474 49.7716 18.0919 0.540595 0.868358 439.33 0 0
1500 93.6155 3.42029 18.12 0.670682 0.0793481 440.183 0 0
1500 93.8984 33.7475 17.9521 0.592448 0.584143 442.725 0 0
1500 78.8501 32.0479 18.0277 0.318843 0.558502 443.197 0 0
1500 -18.2575 16.7922 17.948 -1.26236 0.334986 439.718 0 0
1500 49.5364 35.4082 18.0682 -0.117205 0.616358 442.773 0 0
1500 71.0291 -57.1653 18.0835 0.29549 -0.968774 439.877 0 0
1500 15.2943 36.865 17.8177 -0.651516 0.638187 443.07 0 0
1500 38.505 41.0185 17.8243 -0.300947 0.709183 442.359 0 0
1500 79.946 40.016 17.8243 0.337681 0.693688 442.364 0 0
1500 77.5876 42.1458 17.8237 0.30107 0.72586 442.422 0 0
1500 4.77051 11.6175 17.8205 -0.816048 0.25459 442.74 0 0
1500 74.9579 50.4306 17.8536 0.316552 0.822346 443.157 0 0
1500 40.9878 44.8754 17.8587 -0.203362 0.743503 442.636 0 0
1500 54.4365 21.9877 17.8709 0.00352595 0.397227 441.697 0 0
1500 114.197 -6.89067 17.852 0.912451 -0.0520698 443.357 0 0
1500 70.3605 7.14621 17.994 0.255164 0.175067 442.219 0 0
1500 62.8516 30.4491 18.0714 0.0333889 0.495521 443 0 0
1500 77.2661 87.9855 17.9943 0.283866 1.44469 442.014 0 0
1500 98.4995 2.13128 18.0552 0.657285 0.108538 443.441 0 0
1500 83.0589 -40.8595 17.9624 0.387461 -0.718191 441.8 0 0
1500 103.113 -14.1468 18.1733 0.828467 -0.195472 441.619 0 0
1500 68.2652 -34.1522 17.9362 0.106178 -0.608192 439.718 0 0
1500 48.9401 41.1648 17.811 -0.0738172 0.669822 443.228 0 0
1500 21.7239 33.2383 18.0129 -0.604473 0.619746 440.332 0 0
1500 51.528 -102.098 17.878 -0.104672 -1.71082 442.505 0 0
1500 69.0468 40.4278 18.3885 0.165609 0.695987 441.192 0 0
1500 101.41 -51.446 18.1267 0.786585 -0.956634 441.385 0 0
1500 129.074 14.2637 18.5716 1.45436 0.295562 439.866 0 0
1500 60.8786 17.9931 18.0726 0.0829174 0.312383 443.862 0 0
1500 71.2075 21.8458 17.9719 0.233647 0.360354 444.016 0 0
1500 77.0525 -61.8999 17.8351 0.252764 -0.96763 443.79 0 0
1500 120.694 -21.4264 17.9297 0.978389 -0.371653 443.852 0 0
1500 119.794 -16.6021 17.8173 0.998786 -0.250006 443.686 0 0
1500 119.573 -16.5214 17.852 0.991092 -0.278512 444.013 0 0
1500 56.0802 -6.9299 18.0416 -0.0797509 -0.0998244 443.689 0 0
1500 89.2948 -28.7095 17.814 0.491343 -0.520735 444.043 0 0
1500 88.7843 20.2898 18.1648 0.468607 0.348722 445.588 0 0
1500 92.2459 -32.6324 17.9991 0.538589 -0.517363 444.983 0 0
1500 78.1629 25.2836 18.4007 0.351182 0.411268 446.467 0 0
1500 78.0901 15.1881 18.4887 0.384055 0.233446 446.682 0 0
1500 80.9107 8.97024 18.2733 0.424287 0.0918318 445.59 0 0
1500 40.4258 7.29181 17.9265 -0.273388 0.158556 444.71 0 0
1500 58.9878 3.66845 17.9292 -0.0162108 0.108101 444.884 0 0
1500 55.6965 10.48 18.1737 0.012028 0.211561 446.214 0 0
1500 34.8649 17.0087 17.9421 -0.378366 0.221334 445.109 0 0
1500 71.1979 0.253637 18.1112 0.274021 0.0342163 446.009 0 0
1500 42.4169 -7.70474 18.0155 -0.264413 -0.0978303 446.359 0 0
1500 80.6733 26.9249 18.0301 0.402775 0.415566 445.3 0 0
1500 63.5038 5.13339 17.9211 0.110281 0.0067023 446.476 0 0
1500 83.1428 34.4991 18.0099 0.370658 0.553495 446.3 0 0
1500 86.9877 31.4823 18.01 0.424509 0.511178 446.306 0 0
1500 49.8631 -54.5061 17.8425 -0.140058 -0.8464 444.911 0 0
1500 75.5139 -4.5475 17.9091 0.298425 -0.114972 447.923 0 0
1500 105.681 4.63871 17.9298 0.74794 0.0330098 447.253 0 0
1500 59.3785 58.0184 17.8715 0.0621101 0.891836 446.831 0 0
1500 123.555 -5.90283 17.8509 1.04099 -0.118785 444.63 0 0
1500 87.5396 -50.7582 17.8587 0.492063 -0.758392 446.8 0 0
1500 121.411 13.8436 17.8533 0.990709 0.170321 445.895 0 0
1500 103.792 34.4198 17.82 0.655464 0.564645 447.283 0 0
1500 9.51093 38.5391 17.8162 -0.700097 0.628191 446.779 0 0
1500 118.912 25.8859 17.8447 0.95332 0.432497 445.485 0 0
1500 99.5482 49.2568 17.8467 0.659904 0.767418 446.319 0 0
1500 105.562 -34.7756 17.8831 0.75913 -0.491621 447.512 0 0
1500 104.324 45.1549 17.9315 0.740696 0.730936 445.886 0 0
1500 54.1612 38.9942 17.9897 -0.0808571 0.649915 444.648 0 0
1500 31.1883 43.9496 17.9828 -0.418827 0.70972 446.048 0 0
1500 119.464 19.4008 17.7937 0.983972 0.320671 445.574 0 0
1500 92.8975 -16.9381 18.3186 0.663811 -0.260264 445.867 0 0
1500 86.1366 -59.5274 17.7982 0.420047 -0.946905 447.497 0 0
1500 70.663 -61.654 17.8134 0.139957 -0.986838 446.089 0 0
1500 46.3707 -74.8701 17.8188 -0.206582 -1.21669 445.207 0 0
1500 27.2319 -58.3659 17.7975 -0.470282 -0.934107 447.924 0 0
1500 84.051 -53.4612 17.8021 0.378509 -0.88557 446.099 0 0
1500 123.631 1.04309 17.896 1.0295 -0.0457382 447.411 0 0
1500 38.6044 -55.1869 17.923 -0.322492 -0.894869 446.641 0 0
1500 73.4372 -5.71817 17.9333 0.206984 -0.152879 444.519 0 0
1500 25.457 -48.3513 17.91 -0.524025 -0.79184 446.6 0 0
1500 94.2346 -7.46119 18.0591 0.656351 -0.0904028 445.923 0 0
1500 123.303 11.6307 17.801 1.02506 0.217645 448.007 0 0
1500 106.58 40.6752 17.8024 0.785621 0.655926 447.259 0 0
1500 96.0215 52.4455 17.8016 0.624418 0.82888 447.554 0 0
1500 68.2221 37.4132 17.8194 0.217038 0.627231 445.107 0 0
1500 93.4459 29.6612 17.8144 0.604144 0.503665 445.538 0 0
1500 75.0072 33.8661 17.8197 0.322351 0.572404 445.088 0 0
1500 72.1353 -10.0224 17.8292 0.280735 -0.109511 444.414 0 0
1500 47.6967 -11.7785 17.8614 -0.236006 -0.20187 444.624 0 0
1500 69.7999 32.9398 18.0825 0.176398 0.574001 445.828 0 0
1500 50.8768 -29.492 17.9702 -0.0984375 -0.532634 445.614 0 0
1500 154.068 -42.2481 17.8787 1.50691 -0.719283 446.44 0 0
1500 96.7912 21.4116 17.9772 0.621216 0.403635 446.619 0 0
1500 130.491 14.1377 17.8424 1.17987 0.249208 446.617 0 0
1500 37.3916 -44.4059 17.8404 -0.391191 -0.698614 446.54 0 0
1500 30.8284 5.19033 17.8512 -0.498791 0.0643469 445.66 0 0
1500 21.2091 50.7444 17.8314 -0.62908 0.750604 447.655 0 0
1500 49.9203 16.6085 17.8558 -0.201068 0.280399 445.535 0 0
1500 68.7674 -51.5608 17.9484 0.165537 -0.857631 447.61 0 0
1500 39.8575 -52.1335 17.8452 -0.218129 -0.846778 447.286 0 0
1500 60.2777 -43.6906 17.8517 0.0946825 -0.724821 446.654 0 0
1500 68.8547 -31.8225 17.8569 0.228424 -0.54526 446.24 0 0
1500 93.4468 51.2139 17.8261 0.58386 0.841836 447.612 0 0
1500 11.0181 -3.95475 18.0779 -0.757456 -0.0614306 447.926 0 0
1500 11.4748 -26.0423 17.9204 -0.765711 -0.425466 448.379 0 0
1500 111.228 -8.78943 17.8849 0.864779 -0.0722293 448.203 0 0
1500 105.857 -3.35427 18.022 0.851415 -0.0285876 446.598 0 0
1500 53.1775 -35.1404 17.9523 -0.0229231 -0.609853 448.131 0 0
1500 73.338 -9.22528 17.8575 0.318842 -0.147053 447.259 0 0
1500 128.9 42.9267 18.1474 1.26464 0.69862 444.939 0 0
1500 146.913 0.0722149 18.0559 1.54176 0.00656211 445.112 0 0
1500 66.2298 -28.9002 17.9032 0.19805 -0.494224 447.958 0 0
1500 78.2656 38.7881 17.9741 0.274947 0.672138 446.39 0 0
1500 -61.082 -61.3817 17.8327 -1.94035 -1.00106 447.828 0 0
1500 14.1881 19.1769 17.9328 -0.776517 0.25722 445.77 0 0
1500 34.822 7.6437 18.0164 -0.453748 0.0803489 444.967 0 0
1500 84.7659 -4.54467 18.5948 0.599792 -0.121396 445.939 0 0
1500 117.005 12.9363 18.13 1.06632 0.149837 446.091 0 0
1500 30.5859 -19.9004 18.1236 -0.507015 -0.376131 446.969 0 0
1500 27.7129 103.144 18.1832 -0.498872 1.84709 446.629 0 0
1500 82.4826 -10.1977 18.5109 0.412777 -0.223004 447.912 0 0
1500 57.5331 -3.4924 17.8999 0.0270983 -0.101932 448.766 0 0
1500 53.0106 27.1959 17.9807 -0.119251 0.396202 449.649 0 0
1500 80.7972 2.49228 17.8775 0.38566 0.00518129 448.555 0 0
1500 42.6754 7.91277 18.037 -0.211527 0.176667 448.999 0 0
1500 58.9351 21.0488 17.953 0.0881287 0.323605 450.811 0 0
1500 56.7817 -22.713 17.8728 -0.0310722 -0.385745 450.529 0 0
1500 -66.1144 46.5963 17.7971 -1.82643 0.736496 448.698 0 0
1500 36.699 -37.9808 17.8155 -0.295158 -0.608207 449.99 0 0
1500 78.1224 32.9569 18.1873 0.350281 0.519857 451.811 0 0
1500 45.4285 -52.0803 17.8219 -0.227902 -0.798032 449.781 0 0
1500 105.182 29.5444 17.938 0.723008 0.480767 450.12 0 0
1500 -3.37479 -19.5922 17.8016 -0.905665 -0.355429 449.146 0 0
1500 83.6807 59.2709 17.8285 0.378976 0.935804 448.998 0 0
1500 75.5659 38.6531 17.8552 0.262497 0.610771 451.756 0 0
1500 47.0117 64.9556 17.804 -0.104906 0.988737 449.385 0 0
1500 46.633 58.3696 17.8096 -0.109032 0.881792 450.256 0 0
1500 107.327 -17.1566 17.8146 0.756533 -0.201173 450.809 0 0
1500 5.8467 43.5295 17.8333 -0.840096 0.625643 448.471 0 0
1500 -5.54089 20.4315 17.8333 -1.0077 0.284721 448.499 0 0
1500 67.2051 -24.7292 18.0929 0.124863 -0.40337 453.113 0 0
1500 122.781 -8.9967 17.8845 1.02547 -0.119368 449.385 0 0
1500 102.69 -13.4257 18.0053 0.709549 -0.225852 452.076 0 0
1500 60.954 -22.5438 18.5882 0.106231 -0.367089 455.257 0 0
1500 104.881 -43.5422 17.9512 0.719662 -0.695958 450.361 0 0
1500 116.393 -28.8537 17.9492 0.909401 -0.496657 448.573 0 0
1500 112.499 -41.6271 17.8376 0.790442 -0.688077 448.727 0 0
1500 62.4916 -30.4843 17.8614 0.0474105 -0.496031 452.411 0 0
1500 76.4669 -8.41391 17.9183 0.306942 -0.173828 452.96 0 0
1500 17.5149 11.2229 17.8462 -0.640637 0.143623 452.227 0 0
1500 29.5942 4.40656 17.8528 -0.465813 0.0804259 452.824 0 0
1500 90.038 -56.0405 17.8366 0.535784 -0.885718 448.819 0 0
1500 105.721 -39.5492 17.8403 0.745907 -0.619704 450.969 0 0
1500 119.898 -27.9904 17.8021 0.964235 -0.35599 449.103 0 0
1500 91.3216 -34.5938 18.1275 0.569041 -0.592562 448.613 0 0
1500 100.588 -39.0957 17.949 0.667415 -0.613885 452.544 0 0
1500 51.6976 -20.0997 18.1204 -0.0637088 -0.346139 455.242 0 0
1500 92.2024 -1.0963 18.0722 0.556972 -0.0601986 455.073 0 0
1500 138.344 -10.9054 17.9493 1.30231 -0.1474 449.465 0 0
1500 102.76 45.2324 17.8324 0.748646 0.67704 449.836 0 0
1500 84.6211 47.4778 17.8398 0.484181 0.722913 448.72 0 0
1500 121.196 -10.2286 17.8327 0.992666 -0.151395 452.051 0 0
1500 76.6004 3.77509 17.8578 0.330971 0.0502844 454.772 0 0
1500 32.247 55.2181 17.9438 -0.427282 0.879012 449.997 0 0
1500 -2.58648 10.1824 17.8654 -0.94601 0.219812 449.666 0 0
1500 23.3762 -46.0765 17.9159 -0.553415 -0.759352 449.658 0 0
1500 61.7066 -49.905 17.9242 0.0242172 -0.765072 454.167 0 0
1500 74.2928 -38.7092 17.8967 0.320649 -0.64142 448.458 0 0
1500 46.0294 -5.5271 18.1246 -0.205702 -0.0348936 448.833 0 0
1500 24.9303 17.4666 17.9269 -0.56444 0.309415 449.026 0 0
1500 60.7533 31.6605 18.3943 0.10531 0.551487 450.791 0 0
1500 37.1421 50.7482 17.8163 -0.338858 0.787268 454.313 0 0
1500 31.0238 44.6794 17.8154 -0.455651 0.748317 449.839 0 0
1500 67.6713 27.7133 18.1598 0.224918 0.491648 449.973 0 0
1500 81.9342 -18.5565 17.9194 0.427545 -0.335168 450.646 0 0
1500 103.194 -2.83425 18.4451 0.820881 -0.0667182 452.137 0 0
1500 23.3689 2.79326 18.068 -0.554864 -0.0120716 449.918 0 0
1500 87.346 23.8155 17.813 0.528532 0.35879 449.466 0 0
1500 75.9397 -66.1185 17.7936 0.335982 -0.992428 452.418 0 0
1500 119.131 0.0948774 17.9335 1.03112 -0.00852002 449.955 0 0
1500 81.3778 24.8878 17.9958 0.443035 0.427353 450.192 0 0
1500 13.2772 2.86875 17.932 -0.763232 0.0285065 449.269 0 0
1500 87.2793 -41.3486 18.0517 0.466126 -0.699947 451.438 0 0
1500 120.849 -15.5795 17.9068 1.01605 -0.23499 452.763 0 0
1500 44.4198 -23.7099 17.8948 -0.161424 -0.433371 449.701 0 0
1500 34.157 -40.7958 17.816 -0.4117 -0.691869 450.436 0 0
1500 82.8907 4.7499 18.0002 0.451367 0.135693 450.137 0 0
1500 29.1319 5.64946 17.8727 -0.513237 0.0499519 449.798 0 0
1500 107.921 -22.1108 18.2395 0.83433 -0.39268 452.946 0 0
1500 113.164 36.3214 17.8462 0.88389 0.546905 453.986 0 0
1500 83.89 -10.7804 18.3134 0.520723 -0.201189 451.908 0 0
1500 113.571 30.3983 17.8153 0.908431 0.445106 452.687 0 0
1500 100.834 -47.78 17.8166 0.692199 -0.705202 455.061 0 0
1500 107.741 -2.75734 17.8243 0.837216 -0.0544886 451.38 0 0
1500 102.259 38.1923 17.8193 0.746375 0.568415 451.971 0 0
1500 42.4089 41.881 18.0641 -0.280048 0.661046 452.045 0 0
1500 122.846 -10.4648 17.8245 1.02069 -0.138021 454.807 0 0
1500 73.8124 1.25335 17.8512 0.323971 0.035801 450.391 0 0
1500 63.7551 64.1562 17.8788 0.0993063 1.02965 453.741 0 0
1500 115.454 35.4124 17.878 0.861872 0.59647 454.316 0 0
1500 110.384 31.3731 17.8623 0.815018 0.545565 453.027 0 0
1500 39.6136 64.242 17.8584 -0.246588 1.01869 454.489 0 0
1500 121.473 -21.0792 17.911 1.08866 -0.308897 449.739 0 0
1500 93.2756 -68.4232 17.978 0.583925 -1.16149 449.955 0 0
1500 118.437 25.8712 17.9147 0.974558 0.386075 455.041 0 0
1500 105.125 -7.8635 17.8981 0.790153 -0.18287 451.424 0 0
1500 99.2815 49.1503 17.9464 0.685568 0.773983 454.821 0 0
1500 73.4915 -49.8011 17.9992 0.23208 -0.837609 452.473 0 0
1500 23.3221 -75.4891 17.864 -0.50546 -1.21986 453.331 0 0
1500 86.6645 57.9307 17.9023 0.474164 0.923969 454.811 0 0
1500 169.006 -56.5515 17.8092 1.7314 -0.83903 454.418 0 0
1500 63.1954 2.12859 18.0503 0.0565262 0.0912767 451.997 0 0
1500 121.683 17.3624 17.8095 1.01448 0.203125 453.005 0 0
1500 91.3458 -99.3572 17.9755 0.538363 -1.67498 449.872 0 0
1500 90.4238 32.0291 18.4107 0.586663 0.545316 455.186 0 0
1500 72.3563 8.60163 18.4242 0.323206 0.200157 454.097 0 0
1500 3.48296 18.9141 17.8448 -0.879903 0.339096 453.874 0 0
1500 122.422 32.7148 18.1199 1.11439 0.541325 452.225 0 0
1500 139.338 30.4799 17.876 1.29511 0.565579 451.373 0 0
1500 152.866 41.2744 17.9347 1.56036 0.655101 453.418 0 0
1500 75.9767 66.0301 17.9203 0.350197 1.06688 453.794 0 0
1500 86.6641 -43.7317 17.9207 0.498341 -0.72158 454.895 0 0
1500 107.036 -24.5364 17.919 0.805473 -0.428345 455.108 0 0
1500 92.1532 -32.9784 18.0926 0.519205 -0.582737 452.266 0 0
1500 28.8801 -9.01137 18.0227 -0.492702 -0.16285 455.142 0 0
1500 53.417 10.2888 18.0292 -0.118432 0.1333 454.634 0 0
1500 58.4354 -27.9474 17.8401 -0.0611613 -0.481696 453.429 0 0
1500 51.4659 -47.6522 17.8107 -0.177204 -0.759561 454.745 0 0
1500 31.4856 -63.7219 17.8085 -0.480549 -0.946295 455.019 0 0
1500 57.067 21.9986 18 0.0124288 0.418532 454.61 0 0
1500 109.944 73.2597 17.9724 0.928377 1.19101 453.004 0 0
1500 114 -1.70076 18.241 0.984083 -0.0960948 453.564 0 0
1500 109.767 -17.0384 18.1155 0.985326 -0.288881 449.57 0 0
1500 88.0106 -56.2804 17.8823 0.417645 -0.956464 453.05 0 0
1500 130.388 55.7664 18.0149 1.32119 0.939416 450.049 0 0
1500 124.177 -109.133 17.9562 1.15545 -1.79921 453.379 0 0
1500 133.933 2.58656 17.9597 1.29634 -0.00830713 454.289 0 0
1500 35.6755 -2.50718 17.9095 -0.412327 0.025711 453.549 0 0
1500 27.4465 -70.297 17.9553 -0.565756 -1.13761 454.62 0 0
1500 99.9192 39.8328 18.1157 0.749873 0.736663 453.691 0 0
1500 70.9859 21.5619 18.2322 0.208992 0.452236 450.907 0 0
1500 89.0066 9.40376 18.3106 0.591334 0.237913 453.107 0 0
1500 101.898 -20.0147 17.9211 0.701969 -0.287087 455.965 0 0
1500 79.7239 -20.6836 17.8288 0.264049 -0.349151 456.642 0 0
1500 100.129 9.3412 17.8312 0.664914 0.120963 456.828 0 0
1500 99.7914 43.996 17.8005 0.671359 0.641202 455.47 0 0
1500 50.746 -51.8806 17.8647 -0.060984 -0.797652 456.694 0 0
1500 58.989 16.2258 17.8524 0.0821991 0.241249 458.029 0 0
1500 86.4929 -13.8432 18.1898 0.50439 -0.202141 459.019 0 0
1500 117.74 26.2445 17.9461 0.946614 0.429115 455.701 0 0
1500 65.6851 -55.6019 17.8931 0.151116 -0.85642 457.513 0 0
1500 77.1125 -26.5752 18.1182 0.339545 -0.424698 460.645 0 0
1500 124.881 -12.6922 17.8204 1.037 -0.134526 456.543 0 0
1500 14.1497 -52.7154 17.8045 -0.618295 -0.846441 456.553 0 0
1500 55.5645 -13.3948 17.8336 -0.00495528 -0.249875 460.477 0 0
1500 75.944 -56.9097 17.9159 0.332003 -0.912731 455.559 0 0
1500 92.7104 49.5057 17.9123 0.554705 0.81549 455.758 0 0
1500 65.925 57.7556 17.9165 0.145017 0.894244 459.121 0 0
1500 69.424 -36.4506 18.0872 0.166857 -0.573265 461.822 0 0
1500 24.5486 40.3583 17.8111 -0.557709 0.680523 455.386 0 0
1500 78.9187 -55.1272 18.0202 0.316148 -0.904804 456.538 0 0
1500 53.9993 46.7934 17.8613 -0.015737 0.780798 456.014 0 0
1500 101.95 50.1666 17.8772 0.657425 0.815607 458.588 0 0
1500 108.193 8.78692 18.0348 0.854947 0.163065 457.131 0 0
1500 113.949 4.25596 18.0329 0.939065 0.0839494 457.64 0 0
1500 26.34 -50.4922 17.8011 -0.415458 -0.782594 460.998 0 0
1500 86.5113 -21.2388 17.8141 0.440787 -0.355917 462.268 0 0
1500 85.0183 -53.2209 17.7963 0.450595 -0.866426 457.411 0 0
1500 116.25 -26.1255 17.7957 0.886471 -0.437776 460.175 0 0
1500 83.9523 -49.8078 17.9047 0.433124 -0.757473 461.908 0 0
1500 90.649 -30.0302 17.9121 0.522898 -0.470117 462.681 0 0
1500 90.3198 -57.7708 17.8953 0.539589 -0.897047 459.879 0 0
1500 106.424 -26.0745 17.9025 0.801055 -0.445168 457.767 0 0
1500 74.8737 4.26939 17.9229 0.331527 0.0153429 456.004 0 0
1500 116.509 -4.66033 17.9029 0.900443 -0.113708 461.687 0 0
1500 124.761 2.05227 17.8953 1.04804 -0.0181474 459.721 0 0
1500 101.199 -41.2814 17.8991 0.716221 -0.670496 458.283 0 0
1500 108.441 -18.2031 18.1609 0.843986 -0.352797 456.83 0 0
1500 46.3152 -21.7705 17.8264 -0.124624 -0.389044 455.792 0 0
1500 26.888 -55.4691 17.8042 -0.414556 -0.886338 457.943 0 0
1500 83.1592 -13.71 18.2652 0.464252 -0.176714 465.066 0 0
1500 51.2831 -9.52826 18.0622 -0.0504935 -0.194761 465.931 0 0
1500 98.6565 -26.9731 17.9694 0.682978 -0.471116 458.078 0 0
1500 86.1179 22.7037 18.0005 0.505065 0.393886 458.453 0 0
1500 70.921 13.185 18.0086 0.254682 0.231342 463.709 0 0
1500 93.9483 -40.6208 17.8823 0.625467 -0.64272 458.16 0 0
1500 35.8495 31.5825 17.9484 -0.34731 0.492418 463.784 0 0
1500 63.2261 -39.2901 18.0367 0.0962636 -0.676774 457.971 0 0
1500 113.303 -24.7247 17.8821 0.868469 -0.385012 462.282 0 0
1500 123.161 -7.50184 17.8834 1.03511 -0.107179 461.086 0 0
1500 48.1673 1.36392 17.8938 -0.130647 0.0886492 465.104 0 0
1500 60.5822 42.0827 17.8798 0.0467824 0.725125 458.256 0 0
1500 69.0707 -1.49091 17.89 0.220512 -0.0164687 466.604 0 0
1500 23.1318 31.6524 17.9549 -0.530085 0.559498 458.899 0 0
1500 126.697 19.3953 17.9964 1.14046 0.260786 458.893 0 0
1500 110.843 -24.7492 17.882 0.789856 -0.420379 463.619 0 0
1500 58.5238 -28.7719 17.8982 0.0401938 -0.467612 465.163 0 0
1500 108.657 -22.5694 17.8842 0.755676 -0.387699 463.886 0 0
1500 96.7374 -5.51117 17.8925 0.634653 -0.156567 458.48 0 0
1500 103.75 -47.2974 17.8745 0.702999 -0.758896 462.162 0 0
1500 61.9791 12.8143 17.8781 0.0854019 0.243364 465.392 0 0
1500 108.331 42.966 17.8492 0.776314 0.704051 461.341 0 0
1500 132.509 18.3042 18.1736 1.31808 0.299001 456.168 0 0
1500 9.61845 -45.7937 17.817 -0.793055 -0.683834 461.538 0 0
1500 66.6711 64.1652 17.9376 0.0952582 1.01313 461.316 0 0
1500 66.9252 -64.9195 17.9157 0.153624 -1.0167 463.059 0 0
1500 106.388 -40.6292 17.9167 0.747761 -0.681135 461.245 0 0
1500 102.11 20.8951 18.1151 0.716327 0.339626 465.093 0 0
1500 76.7027 42.6107 18.0432 0.286214 0.719645 460.229 0 0
1500 42.5942 20.3509 18.0542 -0.235766 0.3861 459.364 0 0
1500 83.0184 -15.9747 18.2554 0.410071 -0.321446 458.12 0 0
1500 72.726 50.8438 17.9061 0.262377 0.778237 465.11 0 0
1500 82.3867 17.2565 17.9182 0.39361 0.296336 466.194 0 0
1500 41.9614 53.502 17.8421 -0.337951 0.877999 457.415 0 0
1500 47.1154 -44.0732 18.1704 -0.144657 -0.737898 461.405 0 0
1500 96.8073 44.8575 17.9093 0.59988 0.706311 465.32 0 0
1500 107.013 44.8198 17.8217 0.748759 0.733647 463.218 0 0
1500 14.4478 42.8348 17.8266 -0.636023 0.720784 461.67 0 0
1500 11.0472 45.9941 17.8233 -0.680628 0.760919 462.34 0 0
1500 66.205 19.4379 17.8479 0.152711 0.377748 459.673 0 0
1500 93.3699 12.7783 17.8413 0.572867 0.271707 460.145 0 0
1500 79.1911 36.0494 18.1016 0.372196 0.556681 467.542 0 0
1500 91.1919 -7.10204 17.9104 0.501207 -0.184383 460.359 0 0
1500 102.398 -35.2522 17.9416 0.748151 -0.572774 462.227 0 0
1500 102.085 9.89549 17.9799 0.702578 0.112354 467.157 0 0
1500 85.6105 -40.0569 17.9354 0.472365 -0.677368 461.815 0 0
1500 110.827 23.8076 17.9402 0.879252 0.451417 459.622 0 0
1500 0.454601 -0.425786 17.8829 -0.885323 -0.0252946 466.625 0 0
1500 36.4845 32.3995 17.9879 -0.34324 0.489214 468.265 0 0
1500 96.5842 39.1163 17.8648 0.638025 0.654301 462.621 0 0
1500 64.3078 65.3549 17.8591 0.141296 1.00931 465.477 0 0
1500 84.5516 -30.9326 17.8173 0.430184 -0.552934 461.513 0 0
1500 62.6596 -28.3852 17.8234 0.0919579 -0.517185 461.053 0 0
1500 33.0171 -46.3937 17.8102 -0.363725 -0.784013 462.193 0 0
1500 11.1441 -44.2289 17.8026 -0.686872 -0.73805 463.325 0 0
1500 126.896 -5.07986 17.8003 1.03782 -0.146009 464.491 0 0
1500 63.0721 -63.7836 17.8106 0.0145297 -1.00606 463.481 0 0
1500 13.0393 -34.9244 17.8141 -0.745634 -0.576843 462.871 0 0
1500 62.3823 0.895694 17.839 0.00432179 -0.0336143 460.731 0 0
1500 3.66228 -31.79 17.8116 -0.848687 -0.505711 465.929 0 0
1500 107.045 1.44374 18.0212 0.836241 0.0567481 463.076 0 0
1500 58.4317 -9.61549 17.8721 0.0555819 -0.180186 469.822 0 0
1500 123.005 -15.0033 17.9056 1.00882 -0.283759 465.065 0 0
1500 66.7878 -60.3317 17.9091 0.182905 -0.969942 463.837 0 0
1500 65.4515 17.9217 17.8517 0.0974359 0.320446 468.898 0 0
1500 70.2158 -20.8434 17.8632 0.138708 -0.381827 461.641 0 0
1500 33.2992 -44.4547 17.9891 -0.384165 -0.745258 463.397 0 0
1500 82.3879 -5.9948 18.1907 0.508281 -0.0698712 459.711 0 0
1500 101.541 20.9096 17.8619 0.726346 0.373582 462.899 0 0
1500 42.3866 54.2976 17.903 -0.244249 0.895865 463.9 0 0
1500 31.085 19.5062 17.9729 -0.43257 0.369846 462.805 0 0
1500 34.928 20.8538 17.9737 -0.37364 0.391025 462.741 0 0
1500 91.1543 -11.1914 17.8475 0.498935 -0.249922 462.543 0 0
1500 94.056 -55.343 17.826 0.521771 -0.898135 465.29 0 0
1500 60.2873 -60.6449 17.8312 0.0175699 -0.945152 467.564 0 0
1500 66.103 -66.6184 17.9199 0.134931 -1.03697 467.448 0 0
1500 103.806 1.69944 17.9903 0.773353 -0.0283217 463.987 0 0
1500 105.559 -3.16285 17.8116 0.792792 -0.00556986 463.856 0 0
1500 116.108 21.986 17.8009 0.934448 0.373406 465.302 0 0
1500 103.212 -42.6823 17.8034 0.745468 -0.605093 464.83 0 0
1500 16.5325 19.3419 17.9114 -0.702098 0.284478 464.271 0 0
1500 44.1534 73.053 17.8179 -0.256727 1.10321 468.838 0 0
1500 123.489 -7.96811 17.8212 1.02899 -0.0942313 467.999 0 0
1500 21.7473 -51.5943 17.8693 -0.527222 -0.882318 462.815 0 0
1500 119.158 -3.89719 17.8704 0.996274 -0.0813618 466.538 0 0
1500 120.897 -14.4071 17.8625 1.00956 -0.177345 466.894 0 0
1500 44.741 26.6682 17.9092 -0.247803 0.370337 471.566 0 0
1500 21.3034 -18.5923 17.9034 -0.579332 -0.264356 471.104 0 0
1500 1.44729 -8.00382 17.8931 -0.871498 -0.117009 470.072 0 0
1500 7.87949 43.2697 17.8506 -0.78493 0.694767 467.849 0 0
1500 69.0949 56.3913 17.8728 0.219264 0.914872 466.246 0 0
1500 98.6841 -69.5577 17.9403 0.6737 -1.18479 463.154 0 0
1500 42.0645 0.230339 18.2164 -0.24149 -0.00654826 473.591 0 0
1500 106.069 -1.21541 17.9402 0.785946 0.0483598 465.943 0 0
1500 35.3381 1.88148 17.9701 -0.378057 0.0757313 467.435 0 0
1500 89.7734 -3.21563 17.917 0.510506 -0.00414505 472.074 0 0
1500 95.8733 -21.6826 17.9099 0.654633 -0.288646 465.67 0 0
1500 42.2804 26.7589 17.9513 -0.252604 0.487191 465.41 0 0
1500 14.4369 -6.96378 17.857 -0.745243 -0.105476 465.832 0 0
1500 -2.029 -13.0613 17.8451 -0.976544 -0.194928 467.311 0 0
1500 50.1144 21.536 17.8646 -0.0637909 0.392016 463.746 0 0
1500 130.959 26.93 18.0671 1.23751 0.461274 464.886 0 0
1500 77.4091 -5.48506 18.0969 0.409348 -0.0776785 466.202 0 0
1500 4.46833 -33.8732 17.9098 -0.861937 -0.526219 468.094 0 0
1500 43.7216 57.4701 17.9067 -0.181188 0.93884 467.528 0 0
1500 85.1577 54.9774 17.9044 0.441369 0.895676 467.938 0 0
1500 74.9403 -6.86913 17.8496 0.213635 -0.166725 465.167 0 0
1500 1.46581 12.7046 17.8279 -0.910774 0.135924 467.025 0 0
1500 21.5477 -1.21103 17.8427 -0.559892 -0.070217 472.33 0 0
1500 49.2533 2.88575 17.8508 -0.168258 -0.012413 472.934 0 0
1500 37.74 -36.4537 17.8371 -0.363925 -0.621346 466.07 0 0
1500 62.3323 -26.0241 17.8467 0.0144498 -0.417853 472.64 0 0
1500 116.032 -4.91208 17.8613 0.925349 -0.0100476 467.373 0 0
1500 91.4882 51.0061 17.8598 0.524697 0.796581 470.884 0 0
1500 55.0132 27.4089 17.8785 -0.00121861 0.492517 465.797 0 0
1500 95.1038 7.24988 17.8757 0.562958 0.161805 472.591 0 0
1500 80.7434 48.6468 17.8613 0.374664 0.747409 471.928 0 0
1500 105.719 37.7073 17.8556 0.738633 0.597714 471.188 0 0
1500 3.80545 6.06502 17.9675 -0.878078 0.0827925 467.88 0 0
1500 49.7928 -7.92822 17.9618 -0.18406 -0.190795 463.139 0 0
1500 61.0538 -10.766 17.8903 -0.0253242 -0.167059 466.147 0 0
1500 7.00197 28.4622 17.866 -0.842974 0.43233 468.276 0 0
1500 99.0067 -17.9293 18.1085 0.75604 -0.263532 465.626 0 0
1500 31.0554 39.1554 17.8312 -0.431119 0.586943 474.419 0 0
1500 42.7427 -20.5788 17.8886 -0.240081 -0.412343 464.732 0 0
1500 51.6059 6.21719 18.1613 -0.0958294 0.136668 475.521 0 0
1500 59.3369 -5.40078 18.1621 0.0116496 -0.0257434 467.627 0 0
1500 81.8578 14.6633 18.1564 0.356671 0.281843 467.997 0 0
1500 35.6316 23.5178 18.1539 -0.350708 0.416402 468.173 0 0
1500 109.553 32.0289 17.8219 0.809242 0.438405 472.221 0 0
1500 92.733 -0.687135 18.2173 0.626215 -0.0688808 468.74 0 0
1500 89.9201 -27.8064 18.2127 0.580113 -0.477609 469.128 0 0
1500 112.318 -38.7563 17.9045 0.822291 -0.646536 470.566 0 0
1500 75.8 -59.6314 17.9087 0.275057 -0.930729 472.345 0 0
1500 102.707 1.24267 18.2175 0.809207 0.0995725 462.788 0 0
1500 13.5428 1.9621 17.9413 -0.727646 0.0785217 468.185 0 0
1500 16.9269 16.0624 17.9817 -0.733428 0.206925 463.303 0 0
1500 76.2052 -62.3983 18.0649 0.352796 -1.03518 467.413 0 0
1500 46.3067 16.1393 18.2847 -0.15298 0.31436 468.93 0 0
1500 86.0564 6.96746 17.8659 0.431313 0.158039 474.82 0 0
1500 145.134 55.413 17.8087 1.31479 0.840548 473.896 0 0
1500 113.837 35.7996 17.8078 0.894172 0.54339 472.492 0 0
1500 85.9312 -38.4877 17.822 0.50393 -0.577598 469.592 0 0
1500 106.265 46.0452 17.8078 0.781968 0.694171 472.532 0 0
1500 52.769 -24.906 18.1221 -0.148432 -0.511615 461.039 0 0
1500 85.172 14.4596 17.9934 0.485126 0.301189 467.515 0 0
1500 95.1424 -14.9204 17.8397 0.575763 -0.180846 476.964 0 0
1500 53.3531 -65.5777 17.9064 -0.116156 -1.02345 471.924 0 0
1500 39.7353 -50.7375 17.9144 -0.325631 -0.819329 470.542 0 0
1500 55.7719 54.0148 17.9901 -0.0641675 0.873485 470.899 0 0
1500 100.501 52.2411 17.8329 0.704715 0.775657 472.397 0 0
1500 96.4723 -28.7321 17.8458 0.669059 -0.439336 469.975 0 0
1500 87.1447 10.1293 18.0034 0.54364 0.13132 469.887 0 0
1500 29.1189 42.9154 17.8247 -0.475218 0.726054 470.393 0 0
1500 78.8093 -11.7256 17.846 0.2851 -0.234051 476.783 0 0
1500 90.0064 -1.69241 18.2309 0.526236 0.034321 477.968 0 0
1500 96.3255 -5.43845 18.1252 0.630799 -0.158662 471.476 0 0
1500 46.9667 -41.6179 18.0058 -0.12863 -0.71087 471.399 0 0
1500 116.24 17.274 17.8757 0.926702 0.322184 472.763 0 0
1500 70.9206 -0.406062 17.9007 0.25294 0.0578876 470.407 0 0
1500 92.5301 24.2191 18.135 0.543028 0.402049 478.354 0 0
1500 15.7349 34.531 17.8299 -0.664855 0.532959 476.516 0 0
1500 38.3993 -12.1787 17.8466 -0.333632 -0.132279 477.999 0 0
1500 63.4606 -28.8045 17.9736 0.151494 -0.437446 478.36 0 0
1500 111.496 18.9991 17.9558 0.88969 0.248201 472.846 0 0
1500 72.4243 33.8513 17.8267 0.295648 0.503981 471.757 0 0
1500 70.0935 -56.7136 17.8137 0.251272 -0.860345 473.959 0 0
1500 83.4143 -43.4688 17.8176 0.456971 -0.674233 472.862 0 0
1500 96.4626 43.0683 17.8143 0.634061 0.615278 474.981 0 0
1500 78.8932 -4.26292 17.9569 0.363507 -0.145746 469.499 0 0
1500 100.526 6.91985 18.0498 0.691442 0.0917665 478.412 0 0
1500 119.373 6.95523 18.07 1.05288 0.187851 468.487 0 0
1500 91.2949 -57.0541 17.8 0.545249 -0.895316 474.605 0 0
1500 122.918 3.84908 17.9083 1.02155 0.0859938 476.091 0 0
1500 28.1581 -59.0758 17.8394 -0.489349 -0.927032 475.066 0 0
1500 6.70539 13.3966 17.85 -0.835036 0.149085 472.744 0 0
1500 33.6036 -55.9129 17.845 -0.398854 -0.858711 476.766 0 0
1500 2.13542 -35.3765 17.8399 -0.86772 -0.572713 475.549 0 0
1500 121.347 -12.8347 17.8057 1.00089 -0.24333 474.32 0 0
1500 113.511 32.6085 17.8077 0.890498 0.440654 473.799 0 0
1500 53.0836 -38.7836 18.1111 -0.0959189 -0.641853 473.525 0 0
1500 114.483 18.4847 17.9082 0.877283 0.35363 474.204 0 0
1500 67.0004 1.44676 17.9323 0.147166 0.0885529 479.93 0 0
1500 119.319 24.3786 17.9034 0.936048 0.436019 475.214 0 0
1500 69.8689 36.9121 17.9204 0.207228 0.644453 472.928 0 0
1500 62.8172 61.1123 17.9078 0.0920245 0.949464 477.564 0 0
1500 75.0069 57.4128 17.9064 0.279672 0.937778 474.485 0 0
1500 57.2061 -30.8701 17.9331 -0.036827 -0.491454 479.621 0 0
1500 31.0134 -60.9326 17.9093 -0.423561 -0.958084 476.173 0 0
1500 9.11172 -7.06956 17.9222 -0.776063 -0.173496 473.482 0 0
1500 1.37024 -21.8916 17.9139 -0.880933 -0.394184 474.489 0 0
1500 97.2909 -54.3079 17.7966 0.624045 -0.886632 474.378 0 0
1500 95.0621 45.6366 17.8605 0.538319 0.783272 471.832 0 0
1500 70.6993 -26.4465 17.9448 0.153142 -0.427882 480.593 0 0
1500 38.5915 48.2211 17.8711 -0.302898 0.749958 479.329 0 0
1500 35.0853 42.7978 17.9544 -0.337608 0.729358 474.644 0 0
1500 87.6702 18.2101 17.9644 0.425866 0.324378 480.651 0 0
1500 84.8025 -22.84 17.9167 0.444827 -0.357094 480.499 0 0
1500 117.309 -6.8077 17.9016 0.921178 -0.135106 478.933 0 0
1500 49.6792 37.2455 18.02 -0.0693491 0.64005 474.772 0 0
1500 74.9252 28.3083 17.9392 0.301648 0.441774 481.098 0 0
1500 101.567 -15.9105 17.8904 0.684864 -0.259091 480.793 0 0
1500 83.0415 4.99377 17.8762 0.352292 0.139789 481.723 0 0
1500 76.0165 48.8799 17.8223 0.349222 0.767316 475.452 0 0
1500 112.196 36.3846 17.8118 0.878688 0.559586 477.331 0 0
1500 89.4488 30.9345 17.829 0.512766 0.454528 480.848 0 0
1500 55.0691 -74.1384 17.9941 -0.0195851 -1.27467 472.571 0 0
1500 97.756 -9.29889 18.1243 0.717681 -0.147585 476.897 0 0
1500 41.66 -19.6379 17.8805 -0.293761 -0.286911 482.539 0 0
1500 52.8602 69.0718 17.8976 -0.00936726 1.12873 475.258 0 0
1500 55.4207 14.4248 17.8256 -0.00662389 0.263769 483.184 0 0
1500 42.2717 64.5211 17.7969 -0.202709 1.02586 478.949 0 0
1500 79.2338 47.8606 17.8088 0.333371 0.746706 481.76 0 0
1500 -13.0258 25.0072 18.0126 -1.21241 0.426446 473.81 0 0
1500 68.1001 25.4827 17.8169 0.207715 0.398062 481.761 0 0
1500 52.7187 -33.8809 18.2183 -0.131209 -0.585882 472.484 0 0
1500 23.2757 25.0228 17.8102 -0.545498 0.464431 477.687 0 0
1500 55.5298 31.1309 17.8157 -0.0467383 0.562656 477.26 0 0
1500 97.749 -13.8184 17.9067 0.697303 -0.219037 478.341 0 0
1500 89.8131 -46.8326 17.8022 0.531237 -0.66594 482.537 0 0
1500 31.6174 -98.0509 17.7971 -0.416568 -1.51208 481.91 0 0
1500 42.3855 35.2111 17.8655 -0.237884 0.563535 484.987 0 0
1500 85.6336 15.9001 17.8684 0.410031 0.321637 478.322 0 0
1500 59.4535 1.14568 17.8758 0.00258956 0.0826232 485.761 0 0
1500 113.037 -15.0144 17.9023 0.86396 -0.306982 479.155 0 0
1500 105.289 -15.9175 18.1074 0.793801 -0.331742 477.058 0 0
1500 29.7133 -20.069 17.9307 -0.423509 -0.387665 478.86 0 0
1500 30.2502 -44.0452 17.9196 -0.409084 -0.747277 479.828 0 0
1500 101.002 -28.0426 17.9059 0.742168 -0.402206 480.346 0 0
1500 98.6728 -15.594 17.8173 0.601755 -0.314906 480.267 0 0
1500 -10.7511 6.76311 17.7994 -1.04752 0.0302168 483.128 0 0
1500 38.6058 -58.5135 17.8041 -0.307547 -0.915867 484.787 0 0
1500 30.206 -46.0842 17.8104 -0.423966 -0.726895 485.639 0 0
1500 42.2333 -16.8831 17.826 -0.24704 -0.303177 487.015 0 0
1500 44.3724 -51.242 17.8109 -0.221114 -0.8 485.698 0 0
1500 66.5018 -42.9687 17.8147 0.102862 -0.736647 480.484 0 0
1500 90.2927 23.3438 17.8519 0.499072 0.385926 486.749 0 0
1500 128.133 141.815 17.854 1.13918 2.28414 479.931 0 0
1500 23.1676 -46.3068 17.8239 -0.58864 -0.749284 482.118 0 0
1500 37.574 -62.3216 17.8433 -0.279586 -0.979745 484.792 0 0
1500 40.6708 62.443 17.8225 -0.285095 0.976763 485.415 0 0
1500 4.62954 -13.7872 17.8306 -0.85052 -0.142162 482.23 0 0
1500 96.3429 -21.5715 17.9574 0.630337 -0.317243 487.606 0 0
1500 32.2509 -24.5415 17.8461 -0.454694 -0.326046 481.666 0 0
1500 36.7795 9.32121 17.8495 -0.38572 0.201307 481.424 0 0
1500 62.3599 41.7126 17.8365 0.02424 0.709101 483.146 0 0
1500 99.7663 55.2436 17.8213 0.590103 0.876195 488.382 0 0
1500 44.7356 -3.45499 17.8918 -0.241398 -0.121313 484.859 0 0
1500 -0.314509 -26.4996 17.8669 -0.875076 -0.445621 489.996 0 0
1500 18.05 -22.3478 17.8303 -0.683036 -0.381664 486.115 0 0
1500 90.5117 -41.2834 17.8529 0.45569 -0.698828 485.838 0 0
1500 12.6741 42.8898 17.8669 -0.671269 0.734363 486.675 0 0
1500 80.4023 -14.6438 17.824 0.407779 -0.180103 489.41 0 0
1500 9.28342 37.4741 17.8138 -0.725179 0.610709 495.62 0 0
1500 16.6449 21.6063 17.8541 -0.646609 0.423348 489.158 0 0
1500 111.888 37.7405 17.9273 0.849067 0.609269 497.689 0 0
1500 84.5985 12.4179 17.9512 0.42871 0.227444 500.99 0 0
1500 97.7075 38.6778 17.934 0.662436 0.643421 495.521 0 0
1500 41.5126 -36.4371 17.8739 -0.257605 -0.578604 519.272 0 0
1500 37.6698 -39.2892 17.8698 -0.409418 -0.616437 517.331 0 0
