Total number of secondary electrons: 2256
1500 130.855 12.2006 17.7578 1.81363 0.236762 239.316 0 0
1500 120 29.5345 17.5347 1.50685 0.687473 254.871 0 0
1500 94.4023 1.33797 16.2209 0.823158 0.0122408 266.846 0 0
1500 111.603 -1.83487 14.7765 0.92994 -0.0786879 267.191 0 0
1500 96.495 1.79661 16.4836 0.851527 0.0514974 270.94 0 0
1500 82.3808 3.3959 15.3848 0.54439 0.0959036 273.871 0 0
1500 86.8309 7.10616 15.3766 0.593777 0.137961 274.087 0 0
1500 89.7512 -1.47319 14.4007 0.550331 -0.0515795 283.132 0 0
1500 121.758 -1.9849 16.0794 1.42345 -0.0685655 285.053 0 0
1500 83.0692 1.76212 15.5818 0.525776 -0.0490265 286.039 0 0
1500 77.4721 17.4058 14.5663 0.358008 0.242109 287.332 0 0
1500 90.6857 9.17646 15.1069 0.627254 0.109151 291.186 0 0
1500 94.7523 1.94491 16.1594 0.750594 0.0214627 294.79 0 0
1500 89.2797 0.401194 16.1899 0.669892 0.0499236 294.945 0 0
1500 101.148 -29.8926 15.8773 0.895809 -0.554611 295.795 0 0
1500 58.2985 -28.3893 14.7285 -0.00510541 -0.462739 296.001 0 0
1500 89.5577 -4.85096 15.7882 0.60714 -0.0154328 299.38 0 0
1500 93.4567 -22.3508 15.9375 0.710603 -0.341743 299.946 0 0
1500 92.8538 23.798 15.6527 0.70139 0.45589 299.974 0 0
1500 92.5182 -3.30146 16.0197 0.669543 -0.0148673 300.421 0 0
1500 189.394 31.0938 15.2741 2.21222 0.491045 302.175 0 0
1500 92.1785 17.7282 16.4128 0.775907 0.320032 302.214 0 0
1500 94.1324 6.93838 15.6308 0.631241 0.136022 304.098 0 0
1500 94.6769 -0.690711 15.4148 0.607563 -0.023109 304.231 0 0
1500 80.6923 -34.2771 15.0248 0.370635 -0.488518 304.743 0 0
1500 97.9764 0.981568 15.7376 0.593814 -0.0347446 305.168 0 0
1500 84.6348 -7.44251 16.4097 0.573503 -0.11431 307.904 0 0
1500 83.969 2.27925 16.2966 0.562074 0.0233777 310.358 0 0
1500 121.864 47.0189 14.4836 0.823098 0.651361 312.074 0 0
1500 16.7489 -24.946 14.5566 -0.582296 -0.335171 312.14 0 0
1500 45.28 -41.0841 14.4222 -0.105308 -0.533416 314.313 0 0
1500 109.972 10.2706 15.4727 0.797076 0.197936 315.052 0 0
1500 85.0429 18.7897 15.6171 0.460194 0.258392 315.456 0 0
1500 61.2671 9.96566 15.6733 0.119879 0.144978 316.097 0 0
1500 -1.28695 -2.25085 14.5233 -0.823712 -0.0574234 316.311 0 0
1500 99.096 -60.5223 14.4142 0.540245 -0.75083 316.623 0 0
1500 100.127 1.63462 16.48 0.873054 0.0487814 316.854 0 0
1500 96.088 11.121 15.88 0.638106 0.139493 316.921 0 0
1500 101.392 -62.3696 14.4303 0.565276 -0.769639 316.976 0 0
1500 43.7395 -25.6486 14.5749 -0.204181 -0.362015 317.12 0 0
1500 12.3324 -0.878547 14.5917 -0.587162 -0.0565429 317.655 0 0
1500 128.11 -38.5946 14.4539 0.875778 -0.482948 317.668 0 0
1500 140.945 26.4712 14.5198 1.0089 0.279403 319.203 0 0
1500 144.072 -6.03183 14.525 1.04336 -0.0969704 319.349 0 0
1500 94.6943 14.3583 15.2345 0.553155 0.21401 320.531 0 0
1500 144.119 -0.61788 14.5865 1.02704 -0.0338025 320.768 0 0
1500 66.5211 9.17977 15.6678 0.220046 0.133705 321.138 0 0
1500 84.4097 3.48832 16.7702 0.571961 -0.00170565 321.192 0 0
1500 58.5199 2.32463 15.4551 0.0145132 0.014567 321.284 0 0
1500 87.5518 2.79334 16.3044 0.584336 0.0603115 321.754 0 0
1500 73.7612 -9.44436 14.9688 0.279933 -0.15328 322.115 0 0
1500 113.792 9.3967 16.6319 1.12739 0.18919 322.288 0 0
1500 87.0866 0.980517 16.5555 0.605221 0.0181864 323.035 0 0
1500 19.7236 17.7592 14.7281 -0.512505 0.219262 323.013 0 0
1500 91.9315 -11.6894 16.0928 0.615678 -0.156657 326.003 0 0
1500 89.4091 3.38804 16.0993 0.525302 0.0346553 326.247 0 0
1500 96.3186 -4.13839 15.205 0.598777 -0.0180054 326.23 0 0
1500 96.8322 14.9027 16.6762 0.835779 0.296925 327.752 0 0
1500 16.6694 1.07858 14.9069 -0.565925 0.0333076 327.994 0 0
1500 75.7179 -11.2793 15.4769 0.332715 -0.121589 328.793 0 0
1500 103.26 -3.70025 15.0751 0.655689 -0.0703775 330.819 0 0
1500 78.535 11.6545 16.045 0.400289 0.161725 331.308 0 0
1500 78.4747 -8.42651 14.8803 0.296248 -0.159973 331.582 0 0
1500 98.9477 65.0434 14.6119 0.520391 0.902296 331.832 0 0
1500 76.0423 27.0486 15.0697 0.290353 0.446526 331.96 0 0
1500 50.882 -3.97774 14.7918 -0.0667617 -0.104283 332.396 0 0
1500 66.7537 -8.27464 15.1239 0.209997 -0.113303 333.914 0 0
1500 76.7484 -7.64255 15.2131 0.320282 -0.111614 333.97 0 0
1500 86.4605 -2.59923 15.8131 0.534749 0.00648825 334.218 0 0
1500 95.9408 11.2264 15.7103 0.639156 0.135703 334.376 0 0
1500 92.9389 7.13495 15.3809 0.589651 0.0825108 334.559 0 0
1500 90.8914 5.21239 15.7411 0.568684 0.0157898 334.626 0 0
1500 83.0882 -11.9262 15.1149 0.432734 -0.126119 334.921 0 0
1500 84.6301 -0.946285 15.5481 0.489442 -0.0660614 335.504 0 0
1500 89.085 10.0513 15.7378 0.502645 0.167483 335.509 0 0
1500 53.1429 23.1891 14.6167 -0.0317375 0.343316 336.337 0 0
1500 104.672 4.02205 16.6859 0.906924 0.0394912 336.986 0 0
1500 87.505 7.18819 15.653 0.534179 0.0815191 337.242 0 0
1500 83.8107 3.02291 14.7978 0.405018 0.0459308 337.446 0 0
1500 110.139 -45.5033 14.655 0.700955 -0.670287 337.582 0 0
1500 37.8827 -12.7466 14.8602 -0.260597 -0.175926 337.781 0 0
1500 124.467 -39.7013 15.0218 0.990581 -0.568013 337.846 0 0
1500 97.9687 12.7973 15.418 0.694742 0.263561 337.865 0 0
1500 94.942 -13.225 16.0324 0.640385 -0.175892 338.025 0 0
1500 122.756 9.30828 15.3516 1.00314 0.0989706 339.932 0 0
1500 65.9324 -15.5423 15.54 0.156503 -0.203371 340.316 0 0
1500 16.669 26.5417 14.7879 -0.551704 0.354025 340.656 0 0
1500 76.2394 -2.25275 16.3585 0.420892 -0.0240299 341.628 0 0
1500 67.1774 -46.8558 14.8621 0.0718086 -0.621045 342.259 0 0
1500 86.1466 -1.71386 16.6406 0.549522 -0.0210337 342.32 0 0
1500 87.652 -14.5345 14.8724 0.425623 -0.227839 342.312 0 0
1500 92.3089 -7.38048 15.7567 0.642895 -0.176054 342.445 0 0
1500 75.2305 30.502 15.2519 0.233314 0.421082 342.527 0 0
1500 77.8611 22.5708 15.5984 0.342722 0.340438 342.906 0 0
1500 88.8645 -7.88818 15.351 0.435101 -0.155953 342.91 0 0
1500 47.7218 -61.7305 15.1383 -0.166368 -0.87377 343.102 0 0
1500 90.8404 -4.66231 15.9798 0.567276 -0.0833224 343.143 0 0
1500 106.897 60.1464 14.9015 0.685028 0.75536 343.373 0 0
1500 83.8164 1.50653 16.2333 0.515597 0.103473 343.426 0 0
1500 80.6195 -4.69664 16.4457 0.441515 -0.067593 344.296 0 0
1500 97.9294 -56.1284 15.0439 0.540054 -0.731215 344.511 0 0
1500 71.4162 -11.6273 15.7173 0.203121 -0.167443 344.687 0 0
1500 85.1296 4.45767 17.2111 0.617104 0.0484233 344.749 0 0
1500 80.5425 -1.74234 15.7263 0.403054 -0.0679288 344.864 0 0
1500 88.269 35.8927 15.1297 0.401756 0.513484 345.09 0 0
1500 77.1728 14.3095 16.4447 0.409877 0.215302 345.438 0 0
1500 135.341 -2.90388 15.121 0.986694 -0.0783073 345.474 0 0
1500 100.582 -65.5579 15.0868 0.492016 -0.853685 345.718 0 0
1500 76.0204 -3.1781 15.392 0.260064 -0.0635758 346.147 0 0
1500 64.5545 26.1732 15.2792 0.0760315 0.391003 346.218 0 0
1500 130.202 -6.46 16.4872 1.42391 -0.161845 346.283 0 0
1500 37.3937 60.0786 15.2432 -0.2979 0.846091 346.614 0 0
1500 23.6204 1.11394 15.1999 -0.427984 0.0165985 346.864 0 0
1500 90.1267 -2.40781 15.5751 0.416671 -0.06078 347.089 0 0
1500 84.1324 -4.85333 17.3332 0.595546 -0.0675035 347.318 0 0
1500 68.4502 19.5822 16.3838 0.242851 0.395237 347.501 0 0
1500 61.2666 12.1549 16.0119 0.0813979 0.168251 347.766 0 0
1500 91.4501 -0.391758 15.575 0.437838 -0.000628877 348.227 0 0
1500 110.961 -35.1156 15.4673 0.730422 -0.463832 348.251 0 0
1500 148.652 -54.5942 15.4818 1.25445 -0.769853 348.705 0 0
1500 -18.3502 6.60257 15.3613 -0.994029 0.100683 349.041 0 0
1500 100.604 -12.7994 15.9825 0.716358 -0.19552 349.43 0 0
1500 118.527 -42.6214 15.7008 0.948987 -0.665896 349.412 0 0
1500 80.57 11.0192 16.6056 0.412635 0.113975 349.638 0 0
1500 17.0665 19.7871 15.4254 -0.562809 0.280867 350.115 0 0
1500 58.7885 -4.77066 15.6119 -0.00205994 -0.00550507 350.131 0 0
1500 95.6842 -29.6192 16.8167 0.772875 -0.566719 350.274 0 0
1500 50.2094 -54.6493 15.4478 -0.157855 -0.699475 350.41 0 0
1500 64.2024 54.6847 15.4345 0.0273686 0.713232 350.642 0 0
1500 118.732 -0.536578 17.4896 1.17702 -0.00234161 351.34 0 0
1500 83.5848 -9.75857 16.0397 0.384982 -0.11597 351.508 0 0
1500 113.34 -25.4587 15.5028 0.765306 -0.310117 351.518 0 0
1500 91.0426 3.96996 16.572 0.596979 0.0370727 351.583 0 0
1500 3.55085 -40.6211 15.4665 -0.738092 -0.514162 351.575 0 0
1500 -184.838 -33.6406 15.9184 -3.92233 -0.575719 351.623 0 0
1500 108.62 148.205 15.6729 0.790568 2.17725 351.727 0 0
1500 32.3006 -21.6233 15.5454 -0.323236 -0.271823 352.301 0 0
1500 68.2592 -13.6748 16.5955 0.267764 -0.222236 352.369 0 0
1500 107.749 0.565449 15.9968 0.740088 0.00631205 352.493 0 0
1500 -3.30511 48.4956 15.4905 -0.811369 0.58951 352.791 0 0
1500 58.0685 -88.6062 15.4461 0.0516581 -1.12103 352.836 0 0
1500 62.8998 5.22967 16.1366 0.08959 0.0459767 352.847 0 0
1500 38.46 65.6529 15.4838 -0.284771 0.82604 352.944 0 0
1500 129.076 -32.3526 15.5364 0.939306 -0.386967 353.529 0 0
1500 64.184 -12.7462 15.5138 0.0503681 -0.226016 353.576 0 0
1500 50.7118 -52.0429 15.7707 -0.0958177 -0.793821 353.642 0 0
1500 78.822 0.750784 16.9311 0.399926 -0.071561 353.673 0 0
1500 106.528 -43.128 16.8633 0.918356 -0.833292 353.745 0 0
1500 21.3329 -30.4971 15.5138 -0.506695 -0.412717 353.793 0 0
1500 106.556 29.324 15.6515 0.696258 0.384008 354.336 0 0
1500 85.6573 -14.2049 16.1341 0.48322 -0.171347 354.969 0 0
1500 21.156 33.8068 15.7424 -0.557941 0.437784 354.974 0 0
1500 140.826 8.1569 15.6148 1.1029 0.0531175 355.116 0 0
1500 89.0705 32.4587 16.0607 0.494104 0.451309 355.349 0 0
1500 75.0037 19.0077 16.6465 0.365812 0.362305 355.638 0 0
1500 99.0776 44.1534 15.7961 0.5666 0.617795 355.953 0 0
1500 0.307624 -10.0305 15.673 -0.745626 -0.152933 356.277 0 0
1500 88.6931 3.88974 15.8822 0.41227 0.0162204 356.719 0 0
1500 -23.0858 -57.7594 15.6793 -1.09201 -0.699506 356.706 0 0
1500 87.7127 2.42992 15.8845 0.401186 -0.000102318 356.746 0 0
1500 76.4714 -39.1159 15.8563 0.267546 -0.56822 356.822 0 0
1500 67.5479 -6.01455 16.0934 0.120287 -0.11626 357.064 0 0
1500 63.7083 -11.3404 15.8505 0.0230148 -0.126665 357.594 0 0
1500 120.388 -11.8956 15.8197 0.860062 -0.120072 357.604 0 0
1500 75.3805 48.9118 15.7586 0.198881 0.697286 357.921 0 0
1500 80.6264 26.7365 16.0561 0.323375 0.409585 358.297 0 0
1500 87.3506 -35.191 16.2166 0.399163 -0.53711 358.379 0 0
1500 84.3458 4.93302 16.0837 0.403202 0.122355 358.445 0 0
1500 52.8652 43.9366 15.9 -0.118705 0.595916 358.487 0 0
1500 2.96788 -65.1616 15.8105 -0.728592 -0.865918 358.502 0 0
1500 91.3395 0.998981 17.1734 0.625715 -0.00472674 358.692 0 0
1500 113.262 -38.7753 16.216 0.883838 -0.541003 358.722 0 0
1500 78.3408 20.1106 16.845 0.334076 0.295185 358.93 0 0
1500 132.324 -11.4891 15.9067 0.994846 -0.112899 358.983 0 0
1500 76.0804 5.45766 16.1433 0.327708 0.0985248 359.341 0 0
1500 111.978 54.658 15.935 0.735715 0.712542 359.421 0 0
1500 69.8006 19.5852 15.9752 0.121722 0.334164 359.498 0 0
1500 136.027 1.39485 15.9509 1.03246 0.0482277 359.665 0 0
1500 113.186 4.47132 16.3482 0.812054 0.0655012 359.826 0 0
1500 106.148 -36.8132 16.0582 0.632079 -0.536343 360.017 0 0
1500 107.914 15.2585 16.0121 0.724433 0.189672 360.028 0 0
1500 110.935 2.47748 16.0162 0.762992 0.023472 360.1 0 0
1500 -3.18264 -29.8954 15.9287 -0.770081 -0.426819 360.22 0 0
1500 74.2241 16.5472 16.0317 0.24654 0.196061 360.312 0 0
1500 30.3024 -8.24407 16.2576 -0.431135 -0.0607491 360.713 0 0
1500 40.1873 15.233 16.4782 -0.22627 0.225748 361.219 0 0
1500 81.3402 -4.6489 17.168 0.433159 -0.0579824 361.247 0 0
1500 57.5237 29.6784 16.2781 -0.0381527 0.429105 361.498 0 0
1500 89.6348 -22.1563 17.1708 0.54071 -0.41209 361.54 0 0
1500 82.9279 -58.6032 16.4607 0.389538 -0.887473 361.624 0 0
1500 -8.61007 -33.6244 16.1517 -1.00606 -0.430706 362.001 0 0
1500 36.559 -26.1366 16.1033 -0.336695 -0.308005 362.084 0 0
1500 54.2618 -9.53734 16.7154 -0.078447 -0.235813 362.441 0 0
1500 61.5903 -71.1808 16.1819 0.0442078 -0.971432 362.568 0 0
1500 66.3511 46.6622 16.1847 0.072033 0.645195 363.121 0 0
1500 66.8226 2.47405 16.3038 0.188878 0.0780625 363.206 0 0
1500 100.352 -12.9299 17.2267 0.848107 -0.224728 363.509 0 0
1500 3.7792 -5.71677 16.2736 -0.779826 -0.0416045 363.534 0 0
1500 87.8299 -14.4446 16.3249 0.468005 -0.148171 363.673 0 0
1500 12.0152 64.3466 16.1475 -0.613765 0.840761 363.728 0 0
1500 118.195 -11.1579 16.3247 0.860381 -0.176454 363.714 0 0
1500 18.0621 50.8973 16.2137 -0.572937 0.713333 363.876 0 0
1500 82.8961 -25.5101 16.2404 0.392108 -0.385521 364.001 0 0
1500 72.7844 -15.1978 16.4015 0.287858 -0.225203 364.054 0 0
1500 129.076 -11.7093 16.3406 1.06748 -0.119035 364.198 0 0
1500 123.784 -9.55429 17.7231 1.36043 -0.214947 364.413 0 0
1500 96.1665 30.1219 16.3612 0.573317 0.441919 364.447 0 0
1500 16.1728 0.707107 16.3541 -0.641857 0.00958904 364.454 0 0
1500 110.589 -38.1631 16.8871 0.92776 -0.598815 364.52 0 0
1500 94.1043 -65.7671 16.1916 0.52943 -0.84081 364.657 0 0
1500 64.3909 0.0129794 16.413 0.0824957 -0.059815 364.705 0 0
1500 35.1435 -28.7377 16.258 -0.368423 -0.358766 364.853 0 0
1500 113.615 10.0289 16.3841 0.79874 0.175457 364.922 0 0
1500 41.7532 59.3913 16.3009 -0.244438 0.80419 365.025 0 0
1500 109.039 -39.5705 16.2752 0.739907 -0.514928 365.136 0 0
1500 22.384 -50.7945 16.2602 -0.445856 -0.733326 365.208 0 0
1500 78.9194 -27.8267 16.2812 0.290061 -0.441396 365.26 0 0
1500 67.5653 12.6739 16.388 0.186828 0.223757 365.343 0 0
1500 121.689 -7.26801 16.2675 0.865661 -0.157412 365.357 0 0
1500 80.9107 -59.9138 16.2789 0.326464 -0.849632 365.589 0 0
1500 55.2241 9.07668 16.3918 0.0259113 0.133323 365.941 0 0
1500 47.7897 39.8516 16.6256 -0.102249 0.629285 365.982 0 0
1500 135.575 -13.2332 16.2871 1.03582 -0.14182 365.995 0 0
1500 93.3103 12.784 16.5443 0.478669 0.182979 366.045 0 0
1500 110.836 -40.7289 16.3249 0.726231 -0.59208 366.056 0 0
1500 24.9197 -61.0938 16.3294 -0.399234 -0.857961 366.145 0 0
1500 115.375 -44.8243 16.3298 0.769754 -0.642586 366.595 0 0
1500 69.5899 -8.05183 17.3686 0.237453 -0.160743 366.658 0 0
1500 29.7339 -65.0675 16.3767 -0.357175 -0.91906 366.781 0 0
1500 -15.8661 -7.49164 16.3528 -0.969157 -0.104867 366.918 0 0
1500 115.721 -16.9097 16.4538 0.790826 -0.288032 366.928 0 0
1500 56.1065 57.6299 16.4576 0.0311962 0.814315 366.924 0 0
1500 80.1726 -70.2714 16.3773 0.320066 -0.966193 367.085 0 0
1500 19.6784 100.41 16.4405 -0.522205 1.44104 367.088 0 0
1500 63.282 -7.7321 17.5268 0.135241 -0.169692 367.164 0 0
1500 87.403 29.8728 17.0422 0.470246 0.448033 367.19 0 0
1500 119.1 8.98973 16.4758 0.860779 0.169409 367.318 0 0
1500 90.7137 -0.912894 17.5634 0.623214 -0.00750379 367.514 0 0
1500 25.726 65.3172 16.3891 -0.47778 0.879828 367.635 0 0
1500 148.681 28.7862 17.3954 1.60846 0.521896 367.674 0 0
1500 113.524 -52.449 16.4126 0.744866 -0.729429 367.755 0 0
1500 97.4174 5.2542 16.4912 0.532684 0.138568 367.759 0 0
1500 127.263 -5.61045 16.4106 0.973916 -0.0721952 367.991 0 0
1500 17.1458 -34.9538 16.4817 -0.605164 -0.451128 368.579 0 0
1500 85.2577 -15.4212 16.5643 0.431817 -0.251895 368.637 0 0
1500 58.3295 -37.5947 16.57 0.0695607 -0.549048 368.777 0 0
1500 79.6864 30.6436 17.0795 0.380155 0.460812 368.951 0 0
1500 72.4264 -26.0434 16.5553 0.273093 -0.356439 368.946 0 0
1500 -17.8768 14.685 16.4672 -1.02579 0.215822 369.144 0 0
1500 67.0486 -21.8368 16.6591 0.0826691 -0.318216 369.155 0 0
1500 94.4548 5.57746 17.164 0.59185 0.129733 369.273 0 0
1500 97.0834 -2.66246 16.7669 0.60947 -0.0724044 369.408 0 0
1500 93.2909 -33.6896 16.5422 0.454072 -0.513046 369.406 0 0
1500 120.152 23.71 16.6431 0.882771 0.406696 369.404 0 0
1500 104.111 17.1135 17.0764 0.733726 0.240752 369.549 0 0
1500 100.161 -0.0379561 17.5525 0.710757 0.044577 369.834 0 0
1500 92.5772 0.0573375 16.619 0.499162 0.0646117 370.019 0 0
1500 112.279 44.5899 16.8289 0.87335 0.634785 370.157 0 0
1500 75.6919 9.81475 17.45 0.354295 0.189893 370.364 0 0
1500 20.2479 -43.806 16.6177 -0.578106 -0.695871 370.52 0 0
1500 129.972 -62.3322 16.6527 1.07139 -0.907209 370.59 0 0
1500 108.404 -44.5831 16.5627 0.644319 -0.606584 370.768 0 0
1500 58.8764 43.5893 16.7893 0.0718853 0.638084 370.772 0 0
1500 74.2318 -14.0733 17.0485 0.23762 -0.218759 370.793 0 0
1500 102.098 47.7308 16.7495 0.613246 0.686596 370.86 0 0
1500 108.685 9.64907 16.7339 0.747181 0.184937 370.862 0 0
1500 113.879 52.3148 16.5714 0.767585 0.659741 371.08 0 0
1500 63.0217 74.0344 16.6198 0.0826835 1.02147 371.2 0 0
1500 70.9468 45.7564 16.9152 0.154419 0.673849 371.428 0 0
1500 105.418 36.7726 16.6786 0.659365 0.548336 371.445 0 0
1500 68.281 -56.5914 16.6096 0.148639 -0.747356 371.545 0 0
1500 37.5027 58.8603 16.6827 -0.237377 0.839017 371.54 0 0
1500 -7.48102 4.85095 16.6514 -0.956181 0.108742 371.568 0 0
1500 90.6246 2.2929 16.9344 0.474825 0.00500713 372 0 0
1500 81.0321 -49.4039 16.8936 0.309422 -0.763442 372.019 0 0
1500 -18.0293 -17.7887 16.6604 -1.02375 -0.211429 372.312 0 0
1500 123.273 25.396 16.7193 0.884503 0.393319 372.36 0 0
1500 93.745 -9.1132 16.9547 0.597886 -0.103233 372.529 0 0
1500 87.0737 11.5005 16.8203 0.408877 0.176812 372.661 0 0
1500 165.376 -12.6951 16.725 1.51265 -0.246859 372.91 0 0
1500 134.367 35.6922 16.7267 1.15241 0.489185 372.888 0 0
1500 76.0208 -0.619086 18.0523 0.411972 -0.0699025 372.938 0 0
1500 96.3129 -44.758 16.9161 0.584716 -0.667608 373.305 0 0
1500 76.0511 -11.6744 17.7574 0.378601 -0.139879 373.357 0 0
1500 109.66 19.0779 16.8593 0.757515 0.289158 373.559 0 0
1500 78.9437 -45.9783 16.8149 0.279773 -0.616966 373.7 0 0
1500 75.2823 -50.5667 16.9954 0.24066 -0.802803 373.739 0 0
1500 41.1124 35.4059 17.2351 -0.21836 0.5592 373.796 0 0
1500 48.672 25.9732 16.9704 -0.151064 0.375209 373.926 0 0
1500 123.803 -33.0203 16.7919 0.914938 -0.534671 374.087 0 0
1500 77.2291 51.1029 16.9866 0.283339 0.789816 374.197 0 0
1500 27.0557 35.7318 16.9341 -0.483716 0.492844 374.271 0 0
1500 132.639 -16.4817 16.8058 1.0372 -0.286064 374.39 0 0
1500 69.3088 61.3318 16.8355 0.104632 0.882802 374.59 0 0
1500 82.348 14.3609 18.008 0.438154 0.210108 374.632 0 0
1500 49.5074 27.0124 17.0232 -0.15244 0.448866 374.629 0 0
1500 75.1681 27.0013 17.0821 0.254194 0.42251 374.673 0 0
1500 88.9324 70.6342 16.8371 0.419551 0.959993 374.816 0 0
1500 126.918 -67.1731 16.7288 0.934295 -0.829124 374.839 0 0
1500 70.1436 1.77581 17.8354 0.266378 0.0756174 374.929 0 0
1500 73.1628 -2.49958 16.8914 0.232356 0.0164227 374.945 0 0
1500 64.128 -60.0549 16.8414 0.0801156 -0.858499 374.966 0 0
1500 62.0361 2.43092 16.8971 0.0990646 0.0753543 375.038 0 0
1500 67.6422 -37.3429 16.9055 0.157912 -0.502862 375.588 0 0
1500 67.4062 55.0368 17.2638 0.161829 0.872053 375.966 0 0
1500 64.4189 -34.4033 17.4144 0.129598 -0.551109 376.058 0 0
1500 53.5405 -12.3228 16.8732 -0.114675 -0.20443 376.092 0 0
1500 118.651 16.5388 17.0157 0.881734 0.223228 376.505 0 0
1500 96.5347 -3.65876 18.5394 0.737867 -0.0252836 376.641 0 0
1500 107.452 -28.3807 16.9188 0.725009 -0.426574 376.605 0 0
1500 103.008 8.27559 17.1051 0.651002 0.165749 377.173 0 0
1500 84.3139 -13.8632 17.1139 0.403406 -0.253915 377.324 0 0
1500 98.7987 -16.7148 17.0917 0.667629 -0.202244 377.494 0 0
1500 76.6655 -39.6422 17.0339 0.214098 -0.575553 377.872 0 0
1500 71.6583 42.1183 17.0274 0.195705 0.567472 378.312 0 0
1500 79.118 -8.05935 17.3943 0.302231 -0.161829 378.382 0 0
1500 55.5413 46.148 17.0737 -0.0414034 0.682457 378.582 0 0
1500 -4.52391 -4.3558 16.9643 -0.830983 -0.0514813 378.886 0 0
1500 79.4088 14.3665 17.0619 0.287495 0.229751 378.906 0 0
1500 14.7219 17.7323 17.1321 -0.625204 0.230417 378.921 0 0
1500 69.4639 15.3158 17.1206 0.1988 0.273102 379.02 0 0
1500 82.1635 6.78719 17.4294 0.476708 0.128172 379.048 0 0
1500 120.967 29.2282 17.0347 0.897334 0.359535 379.493 0 0
1500 5.60332 -19.3537 17.0838 -0.752462 -0.279327 379.497 0 0
1500 87.5031 -25.6718 17.1804 0.437162 -0.412042 379.449 0 0
1500 -3.56102 -2.67142 17.128 -0.896669 0.0197545 379.741 0 0
1500 129.258 -40.8328 17.3046 1.09396 -0.666589 379.802 0 0
1500 20.453 -47.7905 17.0949 -0.551269 -0.657383 379.812 0 0
1500 65.5317 70.6669 17.0265 0.131962 0.987224 379.969 0 0
1500 20.6826 30.467 17.0515 -0.482629 0.479455 380.026 0 0
1500 77.3767 0.394603 17.1769 0.309639 0.0102719 380.08 0 0
1500 87.8539 26.7234 17.3984 0.444035 0.422535 380.267 0 0
1500 78.4516 23.1063 17.0962 0.356344 0.324812 380.292 0 0
1500 80.6345 -2.07964 18.0223 0.372107 -0.033425 380.354 0 0
1500 114.716 -16.2276 17.0644 0.828297 -0.189581 380.372 0 0
1500 86.3005 -2.3736 17.9977 0.542495 -0.0133933 380.562 0 0
1500 106.255 30.7993 17.0734 0.675829 0.479585 380.699 0 0
1500 91.0445 -12.9248 17.766 0.567428 -0.21688 380.858 0 0
1500 82.825 -23.5534 17.2082 0.342006 -0.323246 381.05 0 0
1500 73.8605 -11.8654 17.2484 0.296353 -0.227928 381.065 0 0
1500 104.57 34.8118 17.1386 0.701199 0.476363 381.644 0 0
1500 111.198 -8.72315 17.0699 0.729549 -0.186359 381.732 0 0
1500 -16.0337 15.6653 17.0513 -1.02154 0.158384 381.864 0 0
1500 52.3726 18.6161 17.1788 -0.0827557 0.323614 382.041 0 0
1500 64.7857 20.8108 17.7179 0.166226 0.299791 382.17 0 0
1500 121.525 -8.72525 17.1578 0.922234 -0.108453 382.211 0 0
1500 62.7884 48.3418 17.9464 0.0956948 0.879511 382.273 0 0
1500 65.7551 -19.6902 17.2215 0.0944857 -0.295927 382.387 0 0
1500 79.9037 -53.9241 17.1316 0.312213 -0.707949 382.427 0 0
1500 61.528 -76.6937 17.0744 -0.00257692 -1.04709 382.436 0 0
1500 58.3177 -7.75086 17.9049 0.0796353 -0.1449 382.471 0 0
1500 87.6592 -2.08455 18.1996 0.523389 -0.0404074 382.491 0 0
1500 163.677 8.7177 17.169 1.53097 0.127916 382.495 0 0
1500 63.1979 -57.5094 17.3071 0.0132931 -0.845068 382.617 0 0
1500 76.5269 -11.932 18.2096 0.396905 -0.233092 382.677 0 0
1500 64.5597 -62.9422 17.1012 0.09344 -0.912515 382.692 0 0
1500 40.2747 -61.2399 17.1018 -0.232834 -0.889439 382.709 0 0
1500 119.767 -31.3986 17.1761 0.892587 -0.408313 382.729 0 0
1500 101.568 -15.887 17.3794 0.695707 -0.210936 382.786 0 0
1500 79.0226 -51.7488 17.2496 0.27348 -0.75859 382.835 0 0
1500 78.0799 -3.05201 18.842 0.466756 -0.00101602 383.012 0 0
1500 63.4837 10.8515 17.7265 0.0858063 0.130717 383.035 0 0
1500 76.7033 -34.4932 17.2446 0.336322 -0.47484 383.071 0 0
1500 106.636 23.4142 17.212 0.653874 0.383599 383.189 0 0
1500 75.6896 12.3846 18.0078 0.359474 0.163703 383.291 0 0
1500 40.689 -57.0066 17.5223 -0.232545 -0.901163 383.501 0 0
1500 77.6924 -68.6721 17.1372 0.266256 -0.976121 383.713 0 0
1500 108.88 23.5283 17.2237 0.682803 0.321992 383.748 0 0
1500 57.6401 -12.9188 17.2788 -0.0362968 -0.230943 383.746 0 0
1500 15.087 -60.2622 17.1355 -0.597003 -0.817593 383.866 0 0
1500 51.4911 7.91721 17.9292 -0.0450533 0.135925 383.998 0 0
1500 69.2549 -8.68912 17.7911 0.230938 -0.152723 384.043 0 0
1500 32.5593 32.6661 17.5159 -0.37834 0.576826 384.066 0 0
1500 72.5668 40.2869 17.1643 0.143628 0.592644 384.211 0 0
1500 128.646 20.9121 17.2025 0.98339 0.228442 384.244 0 0
1500 27.8269 28.7692 17.1675 -0.464322 0.435332 384.317 0 0
1500 45.4373 -70.3746 17.1656 -0.206734 -0.939018 384.533 0 0
1500 71.2259 21.3686 17.3081 0.251094 0.333202 384.544 0 0
1500 124.623 35.9889 17.2508 0.932951 0.472939 384.671 0 0
1500 105.536 -27.1249 17.2913 0.673929 -0.430966 384.698 0 0
1500 62.0306 37.5237 17.5165 0.0230814 0.630191 384.89 0 0
1500 56.5456 1.18252 17.2378 0.00511392 0.0811589 385.1 0 0
1500 65.988 30.0082 17.3134 0.168761 0.462039 385.255 0 0
1500 0.635563 59.6024 17.2717 -0.767842 0.87501 385.339 0 0
1500 65.7107 -51.2075 17.2986 0.0722161 -0.810664 385.512 0 0
1500 70.0769 28.3705 17.2344 0.216249 0.441048 385.693 0 0
1500 99.8819 41.6675 17.3069 0.614107 0.602391 385.82 0 0
1500 99.0914 18.2414 18.0913 0.736878 0.258666 385.967 0 0
1500 66.7602 5.34424 17.5644 0.187806 0.13543 386.015 0 0
1500 144.129 20.516 17.4841 1.3967 0.323044 386.299 0 0
1500 93.387 -14.6281 17.9579 0.617832 -0.216424 386.309 0 0
1500 66.0476 33.9942 17.5719 0.148778 0.5292 386.322 0 0
1500 67.4063 25.584 17.5721 0.195781 0.410693 386.34 0 0
1500 98.4324 39.8966 17.2474 0.614237 0.523434 386.395 0 0
1500 55.4808 27.0552 17.7176 -0.0299751 0.50574 386.632 0 0
1500 89.0158 -8.91243 17.3753 0.468828 -0.0609261 386.754 0 0
1500 112.993 20.3124 17.283 0.775292 0.340228 386.891 0 0
1500 88.1281 -7.1124 17.3175 0.431555 -0.0809689 386.952 0 0
1500 101.103 -10.3978 17.3432 0.666803 -0.157711 386.985 0 0
1500 46.0776 64.7241 17.2614 -0.208619 0.8905 387.065 0 0
1500 21.3634 19.5762 17.481 -0.514195 0.327172 387.096 0 0
1500 120.611 6.09499 17.2904 0.876136 0.145695 387.151 0 0
1500 89.0474 50.6449 17.2724 0.470747 0.736144 387.152 0 0
1500 36.2099 -27.9451 17.5608 -0.297002 -0.44293 387.206 0 0
1500 52.4803 42.8151 17.4841 -0.0874687 0.644608 387.225 0 0
1500 64.0705 7.66901 18.2102 0.202143 0.138971 387.284 0 0
1500 81.691 0.892987 17.4984 0.402841 0.0607081 387.306 0 0
1500 90.6992 57.2068 17.3716 0.495201 0.813672 387.326 0 0
1500 97.8498 52.6747 17.3728 0.590704 0.752544 387.365 0 0
1500 129.87 34.8804 17.29 1.04594 0.445393 387.409 0 0
1500 98.1165 49.4358 17.2986 0.568054 0.732209 387.436 0 0
1500 124.023 10.221 17.3018 0.917665 0.200736 387.541 0 0
1500 71.3111 68.5624 17.3838 0.234189 0.960839 387.714 0 0
1500 98.4139 -57.1961 17.2897 0.602192 -0.790299 387.826 0 0
1500 28.2201 33.1154 17.3268 -0.401197 0.527634 387.937 0 0
1500 46.7353 -58.3883 17.3142 -0.136413 -0.795022 387.962 0 0
1500 80.0375 2.80079 18.1372 0.367304 -0.0270587 387.983 0 0
1500 97.8179 58.8499 17.3949 0.58486 0.82758 388.057 0 0
1500 82.5749 46.9294 17.5025 0.410724 0.708893 388.061 0 0
1500 112.557 39.4777 18.0148 0.936797 0.653838 388.055 0 0
1500 54.7819 35.055 17.5069 -0.0456636 0.550184 388.095 0 0
1500 93.3052 -34.3625 17.4428 0.530086 -0.521756 388.104 0 0
1500 73.9516 -54.3214 17.3233 0.204619 -0.742186 388.155 0 0
1500 96.5168 -28.5659 18.0827 0.651504 -0.500561 388.171 0 0
1500 45.499 46.7478 17.5922 -0.151747 0.713921 388.191 0 0
1500 76.4272 63.7689 17.3067 0.185989 0.864868 388.224 0 0
1500 62.9169 -41.6898 17.4177 0.0574825 -0.575214 388.398 0 0
1500 76.076 57.3069 17.5267 0.306947 0.827675 388.447 0 0
1500 71.7764 33.8405 17.6375 0.16361 0.496285 388.766 0 0
1500 47.389 -65.3607 17.3838 -0.199289 -0.924199 388.755 0 0
1500 75.9538 -31.0179 17.3949 0.323919 -0.422496 388.758 0 0
1500 21.9366 63.6113 17.3378 -0.4879 0.877668 388.885 0 0
1500 24.543 66.7105 17.3439 -0.420336 0.947706 388.877 0 0
1500 120.869 39.4524 17.4239 0.880779 0.563805 388.909 0 0
1500 100.004 2.63211 18.0174 0.70161 0.0648656 388.925 0 0
1500 81.7212 -11.6207 17.952 0.461732 -0.174153 389.036 0 0
1500 76.3968 47.5809 17.5883 0.277666 0.717751 389.162 0 0
1500 51.8844 94.01 17.371 -0.0677741 1.30376 389.194 0 0
1500 35.7724 -18.5126 17.3812 -0.269264 -0.28956 389.358 0 0
1500 93.7756 10.8718 17.8965 0.615569 0.162555 389.391 0 0
1500 55.7759 50.6415 17.378 -0.0244621 0.693982 389.527 0 0
1500 98.7799 12.5449 17.7916 0.710596 0.141314 389.603 0 0
1500 48.8754 24.1939 18.1341 -0.13744 0.383988 389.613 0 0
1500 108.089 -9.96741 17.6268 0.766912 -0.179565 389.78 0 0
1500 67.975 -70.7507 17.3949 0.150939 -1.01366 389.959 0 0
1500 71.2625 -40.248 17.6669 0.157155 -0.60903 389.903 0 0
1500 73.9394 -25.0343 18.3387 0.323754 -0.50423 389.901 0 0
1500 69.6628 -14.6244 18.0277 0.172178 -0.340755 390.037 0 0
1500 41.8078 -56.7816 17.5071 -0.182379 -0.840614 390.067 0 0
1500 35.3659 15.0884 17.7508 -0.308978 0.282158 390.12 0 0
1500 135.679 2.29664 17.7863 1.32294 0.0196284 390.198 0 0
1500 94.7756 29.1875 17.4827 0.518056 0.474471 390.251 0 0
1500 12.4186 48.6956 17.3989 -0.611851 0.73187 390.321 0 0
1500 85.1886 61.4057 17.472 0.360432 0.898265 390.346 0 0
1500 43.5008 -29.0765 17.7727 -0.188131 -0.530951 390.56 0 0
1500 88.2552 69.486 17.433 0.378951 0.976693 390.591 0 0
1500 124.937 33.2189 17.4064 0.892638 0.491239 390.637 0 0
1500 112.892 58.4667 17.6786 0.854608 0.887819 390.655 0 0
1500 112.709 29.4482 17.5286 0.767047 0.489063 390.69 0 0
1500 83.4594 -13.9465 17.6236 0.448382 -0.191878 390.743 0 0
1500 82.6295 36.0359 17.4741 0.411076 0.532037 390.766 0 0
1500 101.189 6.38027 17.4747 0.669458 0.118732 390.792 0 0
1500 44.0336 -3.43183 18.022 -0.252284 -0.0495269 390.793 0 0
1500 62.9093 74.3097 17.393 0.108741 1.00871 390.805 0 0
1500 84.0507 -25.9819 17.8233 0.441641 -0.414588 390.916 0 0
1500 63.1344 68.477 17.5439 0.101141 0.988115 391.315 0 0
1500 122.555 50.2463 17.5763 1.01706 0.720233 391.405 0 0
1500 163.707 -18.9689 17.4518 1.46574 -0.218347 391.581 0 0
1500 60.6636 17.0925 17.9552 0.0726825 0.296474 391.62 0 0
1500 61.1635 -28.9898 17.836 0.124197 -0.460563 391.6 0 0
1500 125.287 -23.6031 17.4253 0.909472 -0.260814 391.639 0 0
1500 83.0215 -23.912 17.5704 0.337187 -0.353441 391.841 0 0
1500 101.199 14.1382 17.49 0.582257 0.220288 391.803 0 0
1500 114.458 -25.8501 17.4987 0.841502 -0.325297 391.884 0 0
1500 69.7171 13.8369 18.733 0.268231 0.214786 391.964 0 0
1500 120.268 46.9689 17.7295 0.962731 0.721439 391.983 0 0
1500 84.6606 58.7754 17.4615 0.363164 0.808364 392.034 0 0
1500 32.8515 9.96609 17.6328 -0.385431 0.188266 392.598 0 0
1500 66.2104 -7.15902 17.5321 0.145385 -0.0441563 392.698 0 0
1500 113.114 -39.2167 17.4768 0.817936 -0.543317 392.694 0 0
1500 92.415 62.4284 17.4811 0.534567 0.84028 392.861 0 0
1500 105.763 6.91908 17.4832 0.656035 0.066071 392.916 0 0
1500 116.724 -45.0064 17.6205 0.910585 -0.681143 393.006 0 0
1500 74.6414 50.3774 17.4823 0.253898 0.678223 393.017 0 0
1500 85.9869 -4.08502 18.1681 0.572137 -0.0180725 393.046 0 0
1500 68.1154 6.81385 18.1485 0.147453 0.146881 393.069 0 0
1500 58.2999 -17.8451 17.5457 -0.00115392 -0.328829 393.158 0 0
1500 82.7328 -60.203 17.5901 0.431922 -0.89527 393.231 0 0
1500 67.9973 -10.1266 17.5443 0.151555 -0.215228 393.257 0 0
1500 76.3516 -4.43049 17.5963 0.343066 -0.0644503 393.38 0 0
1500 97.8567 10.9509 18.3432 0.701094 0.166709 393.462 0 0
1500 88.0159 -11.8141 17.5962 0.484129 -0.118822 393.458 0 0
1500 33.2113 -39.7651 17.5951 -0.406128 -0.553254 393.5 0 0
1500 53.7686 34.235 17.5973 0.00107092 0.530162 393.53 0 0
1500 129.56 -7.26657 17.4998 1.03002 -0.106559 393.554 0 0
1500 10.9937 -22.8922 17.6021 -0.712561 -0.316069 393.874 0 0
1500 92.1164 2.28418 18.0526 0.532459 0.0178433 393.902 0 0
1500 97.8684 -16.6164 17.7123 0.644754 -0.21466 394.337 0 0
1500 102.445 12.058 17.6753 0.669681 0.211971 394.454 0 0
1500 79.576 -82.2989 17.7079 0.292911 -1.35047 394.463 0 0
1500 80.5541 -18.2791 18.1081 0.410835 -0.311182 394.575 0 0
1500 109.014 33.4034 17.618 0.773996 0.48476 394.57 0 0
1500 120.895 -3.574 17.6553 0.945989 0.00243205 394.603 0 0
1500 5.84463 5.74399 17.7017 -0.763842 0.113624 394.654 0 0
1500 94.7242 19.397 17.9162 0.594885 0.320605 394.694 0 0
1500 108.881 -2.91899 17.6855 0.752789 0.00853431 394.874 0 0
1500 107.213 -2.69449 17.946 0.783525 -0.0647107 395.004 0 0
1500 83.3748 1.62305 17.8251 0.37246 0.0870395 395.266 0 0
1500 106.514 48.6965 17.5723 0.733253 0.658696 395.276 0 0
1500 95.0407 -16.3491 17.9232 0.622178 -0.199521 395.266 0 0
1500 104.153 55.6386 17.5977 0.668294 0.75683 395.353 0 0
1500 59.0005 5.27487 17.7717 0.00158113 0.117745 395.382 0 0
1500 115.228 13.7751 17.9487 0.949101 0.279789 395.542 0 0
1500 116.267 40.4022 17.605 0.824622 0.555685 395.569 0 0
1500 93.9272 -17.1889 18.2521 0.633088 -0.262189 395.567 0 0
1500 75.1447 -61.523 17.5847 0.245328 -0.917527 395.575 0 0
1500 56.6578 49.9029 17.575 -0.00749547 0.69803 395.602 0 0
1500 96.8781 26.5674 17.9295 0.644264 0.391058 395.635 0 0
1500 108.011 -35.5862 17.7833 0.800682 -0.582585 395.752 0 0
1500 55.702 47.6924 18.0691 0.0313602 0.832677 395.755 0 0
1500 119.944 -34.3033 17.5649 0.874384 -0.527017 395.807 0 0
1500 51.3157 13.3396 17.7116 -0.0407114 0.214952 395.846 0 0
1500 80.4058 -38.9816 17.624 0.290779 -0.630958 395.843 0 0
1500 48.058 32.1443 17.9395 -0.157163 0.476541 395.895 0 0
1500 88.7179 -43.292 17.6141 0.505752 -0.607387 395.882 0 0
1500 -14.155 1.54253 17.6501 -1.03128 0.02259 396.005 0 0
1500 113.111 -41.3874 17.5947 0.764355 -0.635661 396.034 0 0
1500 -3.85471 -78.3063 17.6035 -0.968189 -1.15206 396.079 0 0
1500 69.3222 -17.2287 18.6972 0.256859 -0.297096 396.101 0 0
1500 84.9341 -1.13546 18.2965 0.52677 -0.0200934 396.127 0 0
1500 110.572 18.2516 17.619 0.809993 0.258039 396.186 0 0
1500 54.979 -10.1842 18.4531 0.00555127 -0.149808 396.246 0 0
1500 96.7203 -45.072 17.7001 0.592027 -0.776692 396.4 0 0
1500 89.0739 -6.62659 18.3622 0.53349 -0.156038 396.433 0 0
1500 90.8355 -30.924 17.8475 0.554417 -0.459683 396.504 0 0
1500 85.8755 -105.504 17.6582 0.431929 -1.54534 396.549 0 0
1500 53.9011 -39.5404 17.8076 -0.0924508 -0.595284 396.543 0 0
1500 117.963 42.0091 17.6461 0.879848 0.564182 396.651 0 0
1500 117.465 44.5701 17.6089 0.866003 0.590571 396.72 0 0
1500 96.6177 -41.6082 17.8666 0.661445 -0.676485 396.801 0 0
1500 85.9015 -50.655 17.9605 0.48076 -0.814784 396.832 0 0
1500 118.817 -9.24685 17.6072 0.847444 -0.127543 396.869 0 0
1500 97.4679 -33.8786 17.8536 0.643377 -0.498115 396.909 0 0
1500 83.8063 -66.7491 17.6639 0.35581 -0.972038 396.957 0 0
1500 82.0991 -8.92015 17.7847 0.333268 -0.196071 396.971 0 0
1500 82.872 12.4111 17.7839 0.347109 0.243818 397.064 0 0
1500 49.0238 -22.7271 17.6474 -0.162538 -0.397274 397.073 0 0
1500 102.61 -16.0862 18.6592 0.939472 -0.285774 397.121 0 0
1500 41.5714 -22.8775 17.6481 -0.27084 -0.39889 397.173 0 0
1500 48.5292 12.2578 18.2203 -0.122028 0.184255 397.341 0 0
1500 110.069 -10.0924 17.8381 0.809772 -0.181944 397.494 0 0
1500 74.4511 -4.7948 17.9453 0.300695 -0.135128 397.656 0 0
1500 56.5974 -26.5112 17.8957 0.0518491 -0.43872 397.666 0 0
1500 73.5177 -6.49485 17.9066 0.282256 -0.0981881 397.692 0 0
1500 103.478 6.82707 17.6838 0.639542 0.113944 397.73 0 0
1500 97.4399 30.2031 17.6397 0.565468 0.377057 397.729 0 0
1500 86.1079 29.6574 17.9029 0.443153 0.51135 397.784 0 0
1500 119.126 -55.0136 17.8568 0.988044 -0.856066 397.757 0 0
1500 99.3306 23.9839 17.6425 0.589037 0.297451 397.802 0 0
1500 48.1982 14.4824 17.6498 -0.125011 0.284573 397.834 0 0
1500 22.0933 30.4899 17.7912 -0.520768 0.498141 397.84 0 0
1500 129.505 3.63204 17.6446 1.01095 0.0405822 397.944 0 0
1500 16.9442 -61.5545 17.6447 -0.539647 -0.888182 398.005 0 0
1500 68.8996 -1.72077 19.1165 0.316089 -0.068551 398.106 0 0
1500 15.6107 14.7205 17.8148 -0.653478 0.190789 398.129 0 0
1500 87.8344 21.1134 18.0123 0.458907 0.367975 398.215 0 0
1500 85.087 -23.8353 17.8799 0.368746 -0.397985 398.265 0 0
1500 86.2998 49.4075 17.6653 0.375997 0.769907 398.32 0 0
1500 20.7727 -3.11953 18.0293 -0.652532 -0.0042316 398.363 0 0
1500 100.645 -38.5 17.6589 0.579224 -0.615487 398.392 0 0
1500 90.6311 25.659 17.7732 0.446243 0.383471 398.413 0 0
1500 17.6523 59.2371 17.6359 -0.595393 0.859278 398.407 0 0
1500 24.4957 46.689 17.7995 -0.481911 0.72139 398.527 0 0
1500 113.86 -15.5265 17.6381 0.823616 -0.288362 398.555 0 0
1500 77.7588 -21.6149 18.5285 0.347649 -0.351667 398.64 0 0
1500 41.7139 -69.5021 17.6637 -0.207147 -0.985687 398.659 0 0
1500 69.4612 -2.83604 17.9717 0.142356 -0.0778381 398.715 0 0
1500 76.4843 88.9606 17.798 0.232216 1.4423 398.735 0 0
1500 29.2577 -35.3848 17.669 -0.410255 -0.589623 398.776 0 0
1500 60.1556 -30.3882 17.916 0.0259908 -0.477401 398.914 0 0
1500 102.928 -54.4404 18.0248 0.80491 -0.902386 398.913 0 0
1500 -10.9405 23.7626 17.653 -0.975869 0.372094 399.108 0 0
1500 -8.34143 15.4379 17.7338 -0.974604 0.241977 399.145 0 0
1500 77.7903 -24.6904 18.3944 0.407727 -0.396786 399.287 0 0
1500 66.6681 33.2953 17.8922 0.122805 0.550626 399.352 0 0
1500 99.891 17.6112 18.0761 0.690591 0.297156 399.373 0 0
1500 98.502 -57.8592 17.6437 0.521908 -0.83258 399.492 0 0
1500 107.985 28.2215 17.659 0.74194 0.476189 399.514 0 0
1500 109.211 14.6963 17.8927 0.816311 0.281315 399.558 0 0
1500 62.0097 13.76 17.8326 0.112738 0.219811 399.57 0 0
1500 45.5757 -67.3174 17.6467 -0.17969 -0.956708 399.594 0 0
1500 66.1423 -57.0768 17.7271 0.0870138 -0.845857 399.577 0 0
1500 85.5012 -52.3497 17.7073 0.344574 -0.801943 399.628 0 0
1500 27.1888 6.58452 17.6998 -0.468582 0.0245137 399.77 0 0
1500 36.0739 -63.1867 17.6539 -0.30456 -0.899171 399.832 0 0
1500 75.4983 57.8485 17.6627 0.270949 0.899124 399.912 0 0
1500 30.6142 -17.0685 17.7002 -0.4171 -0.324107 399.916 0 0
1500 32.6639 -63.6917 17.7366 -0.442132 -0.933214 399.988 0 0
1500 61.3392 -7.557 18.0041 -0.00616644 -0.102146 399.995 0 0
1500 47.1792 19.1196 18.1996 -0.135961 0.327036 400.036 0 0
1500 127.306 13.8678 17.6895 1.02097 0.147332 400.228 0 0
1500 96.272 51.6526 17.9234 0.597108 0.845994 400.223 0 0
1500 14.4789 15.3478 18.0048 -0.699999 0.31244 400.302 0 0
1500 78.7593 -32.016 17.8356 0.381683 -0.513466 400.341 0 0
1500 83.4098 16.0928 18.2072 0.412321 0.310412 400.334 0 0
1500 85.6789 -32.8888 17.7021 0.391482 -0.553161 400.417 0 0
1500 51.3835 64.9511 17.6687 -0.0749211 0.993303 400.463 0 0
1500 126.019 -15.6411 17.6694 0.988224 -0.155368 400.516 0 0
1500 89.3329 22.2015 17.8967 0.531762 0.379762 400.534 0 0
1500 -4.10522 -11.0519 17.741 -0.940398 -0.229027 400.526 0 0
1500 113.493 -33.9362 17.7605 0.902919 -0.536028 400.516 0 0
1500 -8.06468 12.0957 17.7177 -0.989927 0.125427 400.651 0 0
1500 -7.10233 -13.5829 17.7187 -0.975153 -0.239175 400.731 0 0
1500 81.9952 -1.46776 18.1602 0.478682 -0.0146974 400.702 0 0
1500 68.3458 -54.8648 17.948 0.139092 -0.870486 400.728 0 0
1500 66.0505 54.445 17.9464 0.122506 0.892425 400.732 0 0
1500 25.1718 -24.6689 17.766 -0.569079 -0.343484 400.768 0 0
1500 123.621 -13.3747 17.9867 1.13208 -0.293139 400.761 0 0
1500 70.1296 25.4819 18.2779 0.279578 0.428684 400.84 0 0
1500 66.1613 -31.9696 17.7269 0.0526585 -0.496489 400.878 0 0
1500 59.3251 -35.6074 17.7274 -0.0477296 -0.548668 401.039 0 0
1500 54.972 -32.1859 18.0362 -0.00196772 -0.540459 401.073 0 0
1500 57.8028 -36.1014 17.7276 -0.0700237 -0.555651 401.071 0 0
1500 110.186 13.9303 17.8381 0.833802 0.160405 401.168 0 0
1500 37.0525 -17.321 17.9158 -0.33269 -0.31545 401.165 0 0
1500 71.85 30.9238 17.755 0.147843 0.450085 401.216 0 0
1500 64.2302 -71.3708 17.7035 0.0558669 -1.0436 401.222 0 0
1500 91.8931 -15.7154 17.777 0.569054 -0.18667 401.218 0 0
1500 43.9651 68.1348 17.6799 -0.178528 1.0264 401.303 0 0
1500 88.5918 -13.5074 18.0241 0.543932 -0.243662 401.285 0 0
1500 68.0231 4.57859 18.2136 0.240014 0.0606736 401.562 0 0
1500 56.5048 25.1015 18.2868 0.00424126 0.41618 401.547 0 0
1500 103.03 39.5716 17.9369 0.765911 0.627776 401.673 0 0
1500 39.1843 -41.0974 17.7312 -0.339492 -0.622524 401.769 0 0
1500 63.9603 -70.3872 17.7164 0.0517213 -1.0215 401.832 0 0
1500 109.199 48.7419 17.6884 0.734701 0.747501 401.848 0 0
1500 69.7029 18.1102 18.2769 0.208347 0.284439 402.06 0 0
1500 105.64 8.38073 17.7687 0.684465 0.110546 402.061 0 0
1500 76.2625 -11.9252 18.1377 0.397756 -0.184545 402.118 0 0
1500 52.5957 -19.9557 17.8273 -0.147863 -0.309098 402.117 0 0
1500 48.9815 5.70685 17.9133 -0.188062 0.11694 402.331 0 0
1500 58.5042 18.5222 18.0653 -0.0231584 0.285479 402.374 0 0
1500 30.0993 28.2244 17.7536 -0.403388 0.413601 402.464 0 0
1500 86.0511 49.7778 17.778 0.472738 0.776402 402.504 0 0
1500 44.492 10.6819 18.3517 -0.291543 0.242591 402.563 0 0
1500 16.4704 16.8381 17.8822 -0.665412 0.216471 402.617 0 0
1500 121.703 -39.8897 17.8547 1.03498 -0.65803 402.648 0 0
1500 92.0467 7.39805 18.3943 0.615868 0.148638 402.757 0 0
1500 34.5632 -11.2249 17.7878 -0.336702 -0.245087 402.826 0 0
1500 38.9199 25.4446 17.9325 -0.340939 0.363136 402.831 0 0
1500 121.694 29.1881 17.7076 0.896118 0.467266 402.905 0 0
1500 196.109 35.3981 17.8081 2.18461 0.51112 402.929 0 0
1500 46.2025 -44.2802 18.0215 -0.149023 -0.730888 402.989 0 0
1500 62.1087 57.0729 17.9592 0.0867238 0.900336 403.107 0 0
1500 71.7622 -20.9048 18.0109 0.168437 -0.330937 403.062 0 0
1500 104.39 -16.5468 17.7906 0.76148 -0.281939 403.091 0 0
1500 39.5355 -80.5349 17.7177 -0.271294 -1.23725 403.13 0 0
1500 91.6428 8.29379 18.0027 0.570043 0.188241 403.163 0 0
1500 91.3542 48.2347 17.9597 0.509934 0.770638 403.242 0 0
1500 98.6177 -7.88968 17.7845 0.633232 -0.192684 403.379 0 0
1500 126.096 79.3457 17.7488 1.01564 1.19351 403.424 0 0
1500 113.808 30.5274 17.9278 0.997424 0.505007 403.499 0 0
1500 100.396 -1.18982 17.8747 0.713012 -0.0577456 403.523 0 0
1500 8.18307 62.2349 17.7712 -0.751068 1.03519 403.665 0 0
1500 95.6747 12.99 18.1011 0.655778 0.240739 403.884 0 0
1500 82.4569 -4.85948 17.9208 0.389316 -0.0825305 404.08 0 0
1500 99.0047 57.8711 17.8528 0.596682 0.970422 404.11 0 0
1500 56.7181 61.2477 17.92 -0.0223392 0.97839 404.117 0 0
1500 104.071 -25.0852 18.0737 0.786209 -0.368607 404.23 0 0
1500 90.5076 41.0779 18.0114 0.542475 0.667977 404.202 0 0
1500 95.4691 -39.2972 17.8737 0.631231 -0.621568 404.219 0 0
1500 74.7543 20.1773 18.3786 0.345067 0.376108 404.173 0 0
1500 114.868 -58.832 17.8257 0.980622 -0.981447 404.25 0 0
1500 89.7805 4.64725 18.1738 0.507019 0.0373517 404.478 0 0
1500 59.2668 -51.1065 17.8002 0.0796434 -0.815049 404.463 0 0
1500 27.089 -38.7981 17.9293 -0.44938 -0.650859 404.612 0 0
1500 30.2339 64.1699 17.7255 -0.358187 0.981878 404.819 0 0
1500 35.3838 -6.06313 18.1093 -0.354324 -0.136611 404.828 0 0
1500 107.612 47.2713 17.7957 0.762409 0.715084 404.852 0 0
1500 40.006 24.9985 17.9454 -0.241851 0.381769 404.898 0 0
1500 47.729 16.0211 18.1669 -0.115762 0.318803 404.912 0 0
1500 44.4129 26.0277 17.9465 -0.184837 0.394903 404.93 0 0
1500 108.228 46.5253 17.7969 0.769998 0.703484 404.956 0 0
1500 119.458 -4.26279 17.8743 0.975428 -0.102524 404.944 0 0
1500 65.3051 4.73872 18.7911 0.209905 0.078519 405.035 0 0
1500 113.144 8.49161 17.8857 0.904776 0.126111 405.131 0 0
1500 83.1657 5.94221 18.1493 0.482231 0.137235 405.072 0 0
1500 119.069 7.63701 18.0483 1.00408 0.173994 405.233 0 0
1500 82.0369 2.13058 17.8935 0.429959 0.0909525 405.442 0 0
1500 104.492 -17.7418 18.0797 0.79836 -0.250084 405.533 0 0
1500 89.1578 -1.53245 19.0036 0.685936 -0.0157804 405.58 0 0
1500 121.062 23.0062 17.8058 0.942498 0.367329 405.633 0 0
1500 64.8831 -52.5379 17.8071 0.0441097 -0.828633 405.627 0 0
1500 84.1216 19.031 18.001 0.425004 0.276051 405.712 0 0
1500 123.92 -12.1807 17.7942 1.02617 -0.198517 405.725 0 0
1500 50.402 -8.97444 18.0107 -0.102381 -0.174234 405.968 0 0
1500 98.8024 16.045 18.4097 0.7127 0.294614 405.971 0 0
1500 66.9737 1.97723 18.1153 0.173124 -0.0342051 405.992 0 0
1500 86.7904 -62.9057 17.7962 0.487315 -0.928102 406.01 0 0
1500 48.46 65.1384 17.7359 -0.0857714 1.00481 406.16 0 0
1500 99.5836 -54.5349 17.7976 0.669764 -0.805449 406.193 0 0
1500 12.8976 -24.7617 17.7599 -0.684032 -0.319558 406.386 0 0
1500 108.237 37.9607 17.8167 0.755388 0.571209 406.335 0 0
1500 75.8928 -9.15187 18.386 0.408851 -0.17218 406.323 0 0
1500 88.787 17.1248 17.8487 0.474454 0.3347 406.331 0 0
1500 78.419 -48.0804 17.8934 0.316053 -0.87571 406.337 0 0
1500 79.5687 -14.5503 19.0016 0.463798 -0.227732 406.484 0 0
1500 64.0058 -18.3263 17.7977 0.144402 -0.340199 406.473 0 0
1500 121.947 -23.0161 17.7715 0.972514 -0.375862 406.563 0 0
1500 115.07 -36.1141 17.8017 0.886316 -0.537349 406.653 0 0
1500 66.5676 66.8373 17.7376 0.179893 1.02193 406.686 0 0
1500 89.282 35.2019 18.1457 0.54166 0.58657 406.689 0 0
1500 100.321 -19.3993 17.9163 0.638761 -0.299702 406.735 0 0
1500 51.407 -22.0485 18.1678 -0.0957075 -0.39964 406.705 0 0
1500 88.9047 -15.4537 18.01 0.492834 -0.230504 407.035 0 0
1500 90.1879 -2.1095 18.5669 0.606031 0.0335359 407.235 0 0
1500 58.7081 -24.7951 18.1596 -0.028814 -0.525405 407.211 0 0
1500 75.6274 -63.7019 17.7806 0.304555 -0.947395 407.434 0 0
1500 77.6026 9.17452 18.5512 0.461825 0.137532 407.453 0 0
1500 42.1027 -1.28472 17.9374 -0.254866 -0.0478051 407.551 0 0
1500 80.4457 -8.80813 17.9357 0.367545 -0.155615 407.545 0 0
1500 106.189 9.85188 17.7884 0.782903 0.0933779 407.538 0 0
1500 79.6492 -26.2068 17.9236 0.338531 -0.474866 407.898 0 0
1500 97.3616 8.03093 17.8126 0.664695 0.0770913 407.937 0 0
1500 69.7107 9.70774 18.9962 0.269407 0.178159 407.997 0 0
1500 30.2389 6.32516 17.9897 -0.533999 0.173592 408.054 0 0
1500 90.5303 -15.3691 17.9335 0.587898 -0.243426 408.129 0 0
1500 -2.22 -60.4192 17.8245 -0.92013 -0.997028 408.141 0 0
1500 67.1419 11.1578 18.6649 0.189993 0.205672 408.22 0 0
1500 101.585 15.6377 17.8104 0.726106 0.192446 408.216 0 0
1500 118.615 23.7431 17.938 0.953438 0.417345 408.304 0 0
1500 98.8739 -20.1986 17.8169 0.692745 -0.338528 408.29 0 0
1500 115.487 -16.2812 17.904 0.872994 -0.264864 408.417 0 0
1500 90.1588 -51.6708 17.8096 0.469562 -0.792991 408.451 0 0
1500 102.216 -15.6985 17.8094 0.734102 -0.283491 408.358 0 0
1500 43.9136 -51.0475 17.8082 -0.150167 -0.817437 408.557 0 0
1500 16.484 44.3357 17.845 -0.598504 0.721241 408.632 0 0
1500 -66.768 59.017 17.778 -1.87561 0.954987 408.634 0 0
1500 106.744 -15.7125 17.8307 0.744553 -0.238906 408.816 0 0
1500 49.7984 -35.2854 17.8531 -0.128615 -0.61425 408.829 0 0
1500 43.8064 5.3685 18.1451 -0.234545 0.0424387 409.052 0 0
1500 74.9705 -10.3994 17.9856 0.25914 -0.231332 409.209 0 0
1500 71.3746 35.9831 18.7552 0.297981 0.703604 409.227 0 0
1500 95.6593 -30.6089 17.9181 0.589737 -0.458663 409.301 0 0
1500 72.6036 13.7508 17.9659 0.299823 0.262955 409.413 0 0
1500 103.344 12.1958 17.902 0.677871 0.221758 409.555 0 0
1500 74.2792 43.218 18 0.304888 0.716468 409.563 0 0
1500 61.9941 26.5601 17.9491 0.0700508 0.426676 409.706 0 0
1500 70.9861 -58.6712 17.8134 0.251669 -0.894007 409.708 0 0
1500 142.716 47.2428 17.8501 1.39088 0.704389 409.687 0 0
1500 108.217 1.30377 17.9989 0.812527 0.0867739 409.731 0 0
1500 89.5113 6.89372 18.2979 0.578191 0.16416 409.759 0 0
1500 39.9267 -59.1723 17.9649 -0.275986 -1.00377 409.804 0 0
1500 88.0848 -35.2993 18.2189 0.554819 -0.574926 409.965 0 0
1500 101.366 25.5788 17.7723 0.656485 0.398282 410.089 0 0
1500 92.903 8.12915 18.8726 0.719386 0.19639 410.322 0 0
1500 64.8896 2.28239 18.5193 0.214573 0.0797903 410.479 0 0
1500 93.4794 -18.4588 17.9346 0.569402 -0.252172 410.463 0 0
1500 77.9641 -26.6968 17.9423 0.371926 -0.463306 410.475 0 0
1500 52.673 -67.8315 17.8048 -0.0171436 -1.04081 410.498 0 0
1500 98.6029 0.638638 17.7805 0.622064 0.0798679 410.511 0 0
1500 77.6263 1.00577 18.1118 0.292644 -0.000317292 410.55 0 0
1500 60.3549 -5.21095 17.9419 0.102527 -0.10759 410.538 0 0
1500 49.1594 26.4683 18.1971 -0.17852 0.439726 410.539 0 0
1500 36.699 16.8153 18.1801 -0.391564 0.255017 410.523 0 0
1500 59.6604 2.87719 18.5839 0.0791453 -0.0127302 410.653 0 0
1500 34.1298 5.1288 17.8111 -0.44406 0.0678121 410.65 0 0
1500 117.989 23.0798 17.7929 0.913288 0.290331 410.759 0 0
1500 20.3728 71.756 17.9983 -0.630616 1.19601 410.769 0 0
1500 118.238 4.6 18.1234 1.01594 0.141253 410.894 0 0
1500 89.1833 47.3848 17.8174 0.533077 0.749768 410.917 0 0
1500 71.7558 -17.5482 17.817 0.2863 -0.24902 410.91 0 0
1500 120.074 28.82 17.8145 0.971125 0.388349 411.242 0 0
1500 67.4222 -6.974 17.9546 0.221932 -0.153282 411.275 0 0
1500 93.092 35.5223 18.0582 0.531296 0.634631 411.298 0 0
1500 59.6479 -38.2559 17.9479 0.0243769 -0.591353 411.379 0 0
1500 83.6805 -64.6846 17.786 0.443199 -0.993766 411.426 0 0
1500 63.3797 46.4534 17.8687 0.0835012 0.721405 411.552 0 0
1500 124.986 4.3165 17.8511 1.03061 0.107549 411.554 0 0
1500 72.5561 13.4528 18.0587 0.328617 0.214013 411.637 0 0
1500 49.9901 -28.5042 17.9505 -0.127329 -0.448355 411.682 0 0
1500 106.504 -18.1454 17.8057 0.739079 -0.291867 411.788 0 0
1500 87.0153 -7.58126 19.2548 0.667133 -0.11325 411.784 0 0
1500 125.934 2.89061 18.139 1.26839 0.0102115 411.986 0 0
1500 117.787 3.6098 18.015 0.982475 0.0506514 412.123 0 0
1500 82.7571 -18.7898 17.8547 0.457888 -0.308369 412.393 0 0
1500 54.8499 -25.638 17.9968 -0.0990426 -0.403663 412.464 0 0
1500 29.2845 -7.94299 17.9952 -0.487645 -0.133538 412.625 0 0
1500 66.9827 31.3785 18.3506 0.232646 0.535641 412.74 0 0
1500 21.8307 -40.9729 17.9587 -0.592939 -0.631516 412.759 0 0
1500 76.5972 -15.9379 18.1874 0.271271 -0.287264 412.745 0 0
1500 80.1501 -16.3663 18.1867 0.32455 -0.293432 412.812 0 0
1500 49.9074 30.4625 17.9761 -0.220395 0.535487 412.808 0 0
1500 52.0152 -26.0214 18.1427 -0.0344306 -0.467402 412.869 0 0
1500 104.722 -5.24731 18.448 0.937618 -0.133495 412.961 0 0
1500 118.805 -26.4715 17.8917 0.935213 -0.43301 413.056 0 0
1500 94.7907 29.4742 18.1575 0.657442 0.474923 413.102 0 0
1500 83.2202 -3.25026 17.8362 0.457452 -0.0139878 413.244 0 0
1500 32.6611 -2.22838 18.1639 -0.411335 -0.0255336 413.295 0 0
1500 86.4211 4.0157 18.4761 0.535403 0.12812 413.296 0 0
1500 85.9589 -49.3183 17.8322 0.461439 -0.725325 413.316 0 0
1500 81.9633 -8.14527 18.8215 0.493598 -0.124221 413.489 0 0
1500 110.862 15.9646 17.8339 0.811167 0.195254 413.454 0 0
1500 75.4567 -64.8695 17.8188 0.314934 -0.971619 413.662 0 0
1500 101.74 -50.1301 17.8027 0.718684 -0.721349 413.617 0 0
1500 49.0667 -19.9098 18.0484 -0.154401 -0.36101 413.757 0 0
1500 26.4951 -23.6745 18.0548 -0.621214 -0.393838 413.839 0 0
1500 83.5141 8.73244 18.0163 0.424443 0.0751556 413.902 0 0
1500 75.4868 0.319457 17.9576 0.352585 -0.040305 413.89 0 0
1500 103.023 -8.64679 17.8412 0.695501 -0.150127 413.994 0 0
1500 18.3757 -16.1919 17.8168 -0.588473 -0.317583 413.985 0 0
1500 125.749 -4.30969 17.9154 1.10082 -0.0964107 413.956 0 0
1500 85.8639 47.8184 18.0661 0.495642 0.763933 414.027 0 0
1500 84.4537 -12.3566 17.9344 0.463054 -0.131348 414.028 0 0
1500 102.704 -37.8009 17.821 0.676925 -0.641003 414.063 0 0
1500 19.1112 -4.17154 18.209 -0.741458 0.0066337 414.013 0 0
1500 70.4345 50.2578 18.0846 0.189426 0.944627 414.077 0 0
1500 68.1192 -4.52524 18.1295 0.135762 -0.116738 414.238 0 0
1500 78.7666 57.2477 17.7937 0.302051 0.928559 414.309 0 0
1500 58.6628 -1.75282 18.2016 0.0305751 -0.0869629 414.509 0 0
1500 81.95 9.26633 18.1323 0.429423 0.143262 414.532 0 0
1500 15.4583 -45.893 17.82 -0.62608 -0.757362 414.492 0 0
1500 30.576 0.935737 18.1263 -0.43273 -0.0336253 414.524 0 0
1500 73.531 48.3522 18.1289 0.274919 0.879091 414.687 0 0
1500 59.6872 -29.3956 17.8525 0.0890573 -0.435657 414.718 0 0
1500 70.9851 16.1656 18.0374 0.201834 0.289407 414.861 0 0
1500 52.8855 6.4928 18.3068 -0.102266 0.199077 414.84 0 0
1500 25.7924 -38.0924 17.8154 -0.470705 -0.637017 414.917 0 0
1500 71.6904 -3.28653 17.8571 0.254178 -0.0742026 414.981 0 0
1500 61.2296 -14.0247 17.8502 0.101886 -0.234482 414.994 0 0
1500 108.317 43.9184 17.8437 0.816808 0.626826 414.983 0 0
1500 41.2764 62.3796 17.7934 -0.254849 0.995376 414.965 0 0
1500 98.9575 10.3856 18.5122 0.751047 0.185577 415.053 0 0
1500 119.459 -21.2568 17.8439 0.979437 -0.33244 415.084 0 0
1500 67.6179 64.4867 17.7935 0.134142 1.02467 415.087 0 0
1500 46.3782 -36.9601 18.132 -0.200397 -0.588492 415.093 0 0
1500 8.4653 8.58566 17.9031 -0.773637 0.19463 415.121 0 0
1500 63.9142 61.2879 17.8349 0.140441 0.91951 415.191 0 0
1500 68.2151 -60.0621 17.7957 0.221514 -0.923968 415.141 0 0
1500 40.9488 39.1769 17.8847 -0.206754 0.65767 415.279 0 0
1500 83.2533 -12.7224 17.9222 0.432264 -0.263721 415.232 0 0
1500 70.7921 27.3045 18.0922 0.276591 0.485981 415.299 0 0
1500 108.855 10.9813 18.0367 0.903399 0.254366 415.299 0 0
1500 43.1889 -40.8406 17.8489 -0.234739 -0.631746 415.319 0 0
1500 46.3716 -19.2144 17.8828 -0.249729 -0.290863 415.315 0 0
1500 107.569 -23.6015 18.0206 0.829967 -0.451082 415.338 0 0
1500 86.4518 60.4581 17.7941 0.409954 0.9606 415.415 0 0
1500 72.9722 -27.5861 18.0821 0.292526 -0.522591 415.408 0 0
1500 1.46607 32.062 17.8085 -0.880505 0.44865 415.558 0 0
1500 96.7855 -19.6205 18.2428 0.646853 -0.364078 415.534 0 0
1500 102.994 -15.7943 17.8447 0.691205 -0.183417 415.621 0 0
1500 12.3461 46.4265 17.8098 -0.723237 0.652953 415.702 0 0
1500 96.9484 -24.3127 17.9133 0.605009 -0.385368 415.733 0 0
1500 141.322 106.745 18.1124 1.42447 1.97616 415.975 0 0
1500 118.545 17.9439 17.8146 0.933385 0.27626 416.082 0 0
1500 111.161 28.0188 17.8225 0.771924 0.490794 416.042 0 0
1500 49.5864 54.2816 17.8794 -0.0744587 0.876577 416.091 0 0
1500 69.8549 -12.9857 17.8688 0.225785 -0.215439 416.245 0 0
1500 10.7852 6.53478 17.8029 -0.797814 0.0906907 416.302 0 0
1500 61.6826 -9.28864 18.8336 0.151148 -0.184771 416.413 0 0
1500 68.4808 -3.92467 17.9321 0.202174 -0.103953 416.362 0 0
1500 65.6844 25.8894 17.9944 0.182121 0.404564 416.43 0 0
1500 59.2696 -66.7913 17.8243 0.0253377 -1.03857 416.424 0 0
1500 120.711 -73.1772 17.8127 1.00641 -1.10803 416.564 0 0
1500 90.6936 3.4126 18.1995 0.615278 0.0568003 416.583 0 0
1500 38.5302 12.477 17.8226 -0.382709 0.200832 416.582 0 0
1500 60.0495 -22.4626 17.8555 0.0892714 -0.346194 416.643 0 0
1500 63.4043 -63.8393 17.8035 0.0927037 -1.01694 416.625 0 0
1500 84.8869 12.1658 17.8319 0.393961 0.263129 416.631 0 0
1500 55.644 8.61647 17.8623 0.0283583 0.155658 416.733 0 0
1500 95.4878 -24.3022 18.5625 0.686517 -0.411223 416.901 0 0
1500 113.068 -15.281 17.823 0.845688 -0.196053 416.866 0 0
1500 58.9587 14.9964 18.1482 -0.00980858 0.190895 416.856 0 0
1500 58.9152 -38.8604 17.8183 -0.0655455 -0.593908 416.922 0 0
1500 77.4795 65.3969 17.8276 0.347657 0.980539 417.275 0 0
1500 104.505 -4.90875 18.194 0.813989 -0.0673593 417.281 0 0
1500 87.4823 17.7902 18.1106 0.549521 0.305924 417.189 0 0
1500 58.3453 29.2811 17.849 0.0722637 0.494813 417.192 0 0
1500 113.506 -61.0324 18.1242 0.990941 -1.03332 417.27 0 0
1500 95.7064 -30.2546 18.2576 0.676088 -0.487811 417.42 0 0
1500 99.5216 2.33966 18.1529 0.705565 -0.0220089 417.433 0 0
1500 37.2463 -60.3328 17.7969 -0.387539 -0.910839 417.526 0 0
1500 105.712 18.1125 17.8222 0.707193 0.350515 417.525 0 0
1500 27.4189 2.33722 17.9591 -0.499657 0.0984441 417.433 0 0
1500 16.9649 24.8457 17.822 -0.650435 0.453423 417.54 0 0
1500 72.0478 30.3854 17.9577 0.18703 0.5293 417.545 0 0
1500 22.3442 -73.618 17.8469 -0.515054 -1.22794 417.558 0 0
1500 84.4791 11.5977 18.6073 0.564216 0.179694 417.586 0 0
1500 121.496 -16.1696 17.7949 0.957876 -0.183355 417.906 0 0
1500 72.7666 -28.3541 18.2918 0.228787 -0.561114 417.881 0 0
1500 97.8297 20.0339 18.1163 0.631199 0.341866 417.992 0 0
1500 165.226 70.6137 17.7932 1.62653 0.999284 417.932 0 0
1500 98.9097 -5.136 17.884 0.702248 -0.114781 418.055 0 0
1500 94.2289 -11.4266 18.0515 0.584638 -0.250196 418.073 0 0
1500 120.518 -18.7186 17.8339 0.958478 -0.234108 418.154 0 0
1500 99.1349 41.4689 17.8169 0.60008 0.700288 418.231 0 0
1500 81.38 -66.2105 17.9706 0.33035 -1.08756 418.181 0 0
1500 60.9668 22.8409 17.9239 -0.0257966 0.340345 418.131 0 0
1500 33.0191 -36.3057 17.893 -0.407253 -0.62573 418.368 0 0
1500 83.4357 -11.5989 19.0627 0.5853 -0.203891 418.418 0 0
1500 19.2293 44.6259 17.8054 -0.66331 0.680608 418.461 0 0
1500 62.1746 72.3519 17.8101 0.0693013 1.20088 418.457 0 0
1500 59.1295 27.599 17.8938 -0.0451921 0.465063 418.488 0 0
1500 113.172 26.8677 18.0994 0.996617 0.499138 418.535 0 0
1500 118.805 46.455 18.1703 1.0861 0.904889 418.551 0 0
1500 91.066 -8.32328 17.9383 0.572405 -0.115937 418.558 0 0
1500 76.3389 23.2012 18.1795 0.279122 0.382774 418.666 0 0
1500 57.1968 -49.3162 17.8469 -0.00450556 -0.760522 418.714 0 0
1500 35.8721 64.4771 17.8242 -0.346168 1.02555 418.778 0 0
1500 55.2605 55.2304 17.9458 -0.0696061 0.893899 418.797 0 0
1500 90.262 -5.76315 17.8665 0.557766 -0.0334637 418.645 0 0
1500 56.7013 -27.6452 17.9108 -0.0892515 -0.434447 418.719 0 0
1500 75.146 -22.5809 17.8188 0.341682 -0.356529 418.813 0 0
1500 13.6691 17.1624 17.9025 -0.753491 0.220441 418.95 0 0
1500 91.8789 -49.3169 17.8219 0.486332 -0.769655 419.101 0 0
1500 119.778 -21.0824 17.8307 0.954586 -0.283015 419.093 0 0
1500 108.549 -6.54964 18.3181 0.88079 -0.112132 419.047 0 0
1500 69.1951 3.44227 17.8498 0.251706 0.0700852 419.036 0 0
1500 93.0768 6.68759 18.0809 0.577652 0.134409 419.212 0 0
1500 60.1781 52.9149 17.9486 -0.0365776 0.857068 419.223 0 0
1500 14.1392 38.164 17.9951 -0.699685 0.610805 419.369 0 0
1500 0.367156 17.366 17.8591 -0.937001 0.248144 419.389 0 0
1500 85.906 -34.5125 17.8104 0.504554 -0.537358 419.461 0 0
1500 109.176 38.5341 18.2476 0.896967 0.705184 419.527 0 0
1500 107.063 45.614 17.8135 0.698096 0.755449 419.642 0 0
1500 10.3638 42.2238 17.9412 -0.736043 0.688 419.742 0 0
1500 119.137 12.762 17.872 0.987353 0.155952 419.73 0 0
1500 129.931 -32.4333 17.8578 1.22137 -0.484202 419.757 0 0
1500 107.656 -46.919 17.7981 0.795939 -0.676974 419.785 0 0
1500 8.49623 -24.1606 17.8782 -0.815707 -0.333072 419.834 0 0
1500 -8.4805 45.8641 17.8662 -1.09752 0.666328 419.797 0 0
1500 73.7998 -8.33347 18.1668 0.362464 -0.128739 419.955 0 0
1500 53.1374 -31.9655 18.3307 -0.0173967 -0.557804 420.091 0 0
1500 73.1968 -22.56 18.4536 0.350823 -0.401175 420.125 0 0
1500 68.962 -23.1289 18.406 0.244741 -0.36873 420.275 0 0
1500 84.0097 -37.5989 17.9319 0.484444 -0.598064 420.148 0 0
1500 134.405 19.1871 18.0326 1.32188 0.321987 420.323 0 0
1500 89.5763 -11.545 18.4504 0.594096 -0.235109 420.385 0 0
1500 111.148 -2.89387 17.8447 0.81579 -0.0221513 420.397 0 0
1500 83.6407 54.7332 17.7974 0.383417 0.849023 420.392 0 0
1500 84.1342 -43.1252 17.929 0.484256 -0.679761 420.43 0 0
1500 128.511 33.3732 17.8349 1.04888 0.569624 420.574 0 0
1500 44.2136 45.8313 18.0815 -0.180127 0.770613 420.534 0 0
1500 61.0379 -1.23557 17.871 0.104178 0.0151937 420.906 0 0
1500 93.1219 3.06086 18.8242 0.680355 0.0429997 420.809 0 0
1500 83.1045 -16.3262 18.6222 0.51 -0.308136 421.009 0 0
1500 113.021 -10.562 17.9241 0.916599 -0.181569 421.015 0 0
1500 104.766 5.92603 17.9122 0.781679 0.0374764 420.987 0 0
1500 52.186 -7.67101 18.025 -0.144222 -0.12386 420.963 0 0
1500 78.3116 -49.2094 17.9303 0.326706 -0.753258 421.214 0 0
1500 45.0115 47.6175 17.8086 -0.165528 0.737224 421.367 0 0
1500 7.81843 17.3825 17.8161 -0.782314 0.237496 421.395 0 0
1500 81.2781 61.4539 17.8167 0.315725 0.959975 421.176 0 0
1500 126.08 9.35433 17.7939 1.02079 0.213418 421.29 0 0
1500 71.5667 57.2104 18.0735 0.231241 0.929592 421.496 0 0
1500 118.231 -21.2077 17.7961 0.974562 -0.321967 421.424 0 0
1500 84.5655 -42.883 18.0148 0.459655 -0.718129 421.506 0 0
1500 82.0402 -10.3676 18.1134 0.476059 -0.133965 421.223 0 0
1500 135.748 -79.584 18.0117 1.35995 -1.40662 421.728 0 0
1500 86.15 14.6839 17.924 0.492276 0.312635 421.799 0 0
1500 74.3151 -10.353 18.2018 0.301134 -0.19674 421.954 0 0
1500 64.771 -26.6638 17.9673 0.120128 -0.434206 421.918 0 0
1500 -4.80857 11.3184 17.9112 -0.993346 0.135412 421.927 0 0
1500 66.4702 39.5653 18.5831 0.216382 0.724529 421.897 0 0
1500 97.601 -22.0346 18.0956 0.703165 -0.3665 422.087 0 0
1500 65.2545 -37.829 17.8603 0.173703 -0.635432 422.14 0 0
1500 33.0984 52.1733 17.8244 -0.376748 0.813321 422.21 0 0
1500 90.0204 -4.12736 17.9454 0.483444 -0.133534 422.289 0 0
1500 140.094 2.93959 18.9695 1.76189 0.0671545 422.226 0 0
1500 0.588095 35.9079 17.7948 -0.835645 0.59878 422.474 0 0
1500 54.1256 13.3894 17.9514 -0.111479 0.165242 422.523 0 0
1500 -1.37422 17.7121 17.8632 -0.918837 0.241681 422.598 0 0
1500 23.8318 -39.1151 17.8105 -0.519453 -0.619024 422.668 0 0
1500 44.6104 -33.7038 17.8298 -0.259717 -0.582114 422.648 0 0
1500 15.7475 27.9325 17.8312 -0.618703 0.46296 422.86 0 0
1500 80.046 46.2316 17.8624 0.378556 0.683146 423.072 0 0
1500 88.0479 -61.2713 17.7953 0.511756 -0.905101 422.735 0 0
1500 6.36682 -41.1343 17.9095 -0.811824 -0.636511 423.132 0 0
1500 101.127 -47 17.8997 0.705627 -0.751734 422.865 0 0
1500 118.906 -3.64116 18.0255 1.00637 -0.0535089 423.069 0 0
1500 15.3097 -47.6877 17.8418 -0.61417 -0.788197 423.051 0 0
1500 75.194 34.3076 18.288 0.372041 0.57142 423.085 0 0
1500 111.837 16.5875 17.8994 0.884867 0.306752 422.82 0 0
1500 61.4112 18.3671 18.2526 0.0296082 0.275807 422.827 0 0
1500 36.2297 19.6203 17.9464 -0.388412 0.261023 422.849 0 0
1500 55.2284 -32.4205 18.0428 0.0167776 -0.600601 422.785 0 0
1500 62.8755 -21.4307 18.2101 0.0199721 -0.428372 422.795 0 0
1500 95.3418 15.6448 18.286 0.674077 0.289278 423.257 0 0
1500 81.986 28.5949 17.9574 0.36965 0.515877 423.38 0 0
1500 56.1936 12.1041 18.1291 -0.0615571 0.214965 423.336 0 0
1500 15.4885 56.66 17.9666 -0.693617 1.0236 423.242 0 0
1500 77.5478 1.16545 19.2272 0.489826 -0.0484756 423.485 0 0
1500 113.739 3.1741 17.9579 0.907643 0.106479 423.503 0 0
1500 107.272 42.4128 17.8761 0.787983 0.653712 423.769 0 0
1500 115.946 -4.78021 18.0948 0.956584 -0.0468771 423.754 0 0
1500 76.9001 -63.8813 17.8987 0.340666 -0.990968 423.689 0 0
1500 99.6391 -8.70268 18.0657 0.713195 -0.0708819 423.726 0 0
1500 145.034 14.1395 18.0124 1.52506 0.21909 423.713 0 0
1500 119.264 -4.77288 17.7999 0.955124 -0.0727897 423.862 0 0
1500 123.63 9.90882 17.8884 1.02978 0.195473 423.893 0 0
1500 63.7178 -57.4189 17.9426 0.0648256 -0.932895 423.875 0 0
1500 17.3698 -25.611 17.8993 -0.636567 -0.403828 423.967 0 0
1500 108.893 14.5543 18.2782 0.867132 0.269539 424.081 0 0
1500 117.409 7.28035 17.8359 0.932645 0.0400172 424.069 0 0
1500 38.6644 -61.7612 17.9932 -0.337286 -1.05664 423.963 0 0
1500 120.131 -11.9989 18.0844 1.08676 -0.24435 424.084 0 0
1500 118.712 37.4038 18.1187 1.08538 0.652213 424.016 0 0
1500 67.4133 -54.863 17.9478 0.147297 -0.850337 424.12 0 0
1500 54.2546 -12.0349 17.9861 -0.0342613 -0.264518 424.267 0 0
1500 59.2834 -17.187 18.0367 0.00305744 -0.294742 424.479 0 0
1500 39.9688 -60.2303 17.8138 -0.21696 -0.938783 424.329 0 0
1500 83.5492 12.9933 18.8326 0.565675 0.234002 424.418 0 0
1500 36.4288 -12.2899 18.1616 -0.316868 -0.202253 424.525 0 0
1500 45.1675 15.0148 17.8877 -0.242984 0.196725 424.805 0 0
1500 3.87643 2.25308 17.8968 -0.833454 0.0278781 424.676 0 0
1500 98.9952 39.7757 17.8046 0.655762 0.56661 424.501 0 0
1500 122.168 -0.792241 17.9564 1.0117 -0.0400149 424.631 0 0
1500 111.358 37.9506 17.8817 0.793118 0.622579 424.756 0 0
1500 107.981 2.23382 18.3822 0.876452 0.0714419 424.626 0 0
1500 96.1416 16.8587 18.118 0.593194 0.324065 424.536 0 0
1500 17.4256 -43.169 17.9706 -0.619576 -0.719469 424.773 0 0
1500 89.7309 -57.9236 17.889 0.449252 -0.950238 424.822 0 0
1500 89.168 12.544 18.0624 0.589951 0.249321 424.518 0 0
1500 90.0377 -25.1453 18.2653 0.573646 -0.446106 425.031 0 0
1500 39.2519 49.9506 18.0232 -0.323614 0.79449 425.072 0 0
1500 104.361 -18.681 18.0687 0.83983 -0.274257 425.136 0 0
1500 83.5786 -25.7745 18.0415 0.409115 -0.371765 425.518 0 0
1500 14.521 12.1176 17.9027 -0.676347 0.166877 425.26 0 0
1500 85.0792 29.0604 17.8154 0.449488 0.406866 425.548 0 0
1500 -50.4807 -2.20437 17.7956 -1.66321 0.0397987 425.297 0 0
1500 83.6394 41.482 18.0863 0.425138 0.703035 425.306 0 0
1500 10.8088 -30.3745 17.8843 -0.768188 -0.50794 425.424 0 0
1500 77.8893 -26.8046 17.8675 0.388172 -0.401447 425.542 0 0
1500 114.854 -16.9854 18.5617 1.05803 -0.318731 425.189 0 0
1500 67.3443 17.0163 17.8726 0.229169 0.281089 425.166 0 0
1500 78.0247 19.0968 18.8348 0.3761 0.388405 425.494 0 0
1500 123.35 -49.9673 18.3617 1.19707 -0.977532 425.624 0 0
1500 73.1632 54.392 18.0812 0.264252 0.890179 425.91 0 0
1500 68.6003 -25.1854 17.8208 0.215419 -0.357257 425.973 0 0
1500 109.668 52.4288 17.894 0.81746 0.844367 426.106 0 0
1500 80.0517 5.51037 18.2477 0.459078 0.116923 426.022 0 0
1500 86.9285 8.25525 18.6114 0.533619 0.211039 426.042 0 0
1500 84.0992 -16.5884 18.2588 0.460919 -0.273065 426.286 0 0
1500 53.172 -4.20825 18.0317 -0.0322865 -0.12603 426.184 0 0
1500 16.9862 -10.8678 17.8168 -0.652224 -0.135477 426.259 0 0
1500 15.7042 51.224 17.8985 -0.655273 0.817641 426.208 0 0
1500 8.05535 32.9441 17.8582 -0.824549 0.511397 426.192 0 0
1500 108.011 -8.74295 17.8997 0.782029 -0.209805 426.321 0 0
1500 69.633 31.6598 17.9112 0.133251 0.543958 426.231 0 0
1500 81.5991 12.7778 17.8947 0.443546 0.16651 426.367 0 0
1500 108.361 -32.9671 17.9753 0.834687 -0.535136 426.419 0 0
1500 -1.7821 -17.8981 17.8565 -0.968398 -0.255275 426.516 0 0
1500 98.5911 -3.72874 17.9341 0.717144 -0.00588283 426.536 0 0
1500 44.2272 -6.0752 18.7623 -0.191157 -0.137497 426.597 0 0
1500 72.1464 -31.9979 17.9334 0.173707 -0.546844 426.687 0 0
1500 64.5496 -14.6787 17.8791 0.109009 -0.307362 426.661 0 0
1500 145.616 -125.697 17.8211 1.44774 -1.97536 426.685 0 0
1500 55.2232 -2.23809 17.855 -0.0888285 0.0288501 426.787 0 0
1500 104.641 20.848 18.0322 0.778129 0.407765 426.729 0 0
1500 98.5893 -36.271 17.9745 0.651736 -0.556097 426.863 0 0
1500 -6.91527 10.7844 17.8133 -0.992809 0.101389 426.957 0 0
1500 103.927 -36.6816 17.8508 0.790253 -0.53297 426.926 0 0
1500 36.7709 34.1178 17.8769 -0.402366 0.582723 426.993 0 0
1500 86.3645 -7.26736 18.4579 0.496929 -0.155797 427.014 0 0
1500 93.4909 -47.612 17.8485 0.567467 -0.731217 427.053 0 0
1500 1.30311 32.6042 17.8543 -0.912799 0.498757 427.188 0 0
1500 -1.0763 1.56368 17.8844 -0.9433 -0.0264533 427.15 0 0
1500 90.0529 40.9783 17.9292 0.545351 0.683974 427.134 0 0
1500 68.5139 49.8305 17.9425 0.160454 0.833243 427.123 0 0
1500 46.5507 -8.5873 18.0746 -0.199037 -0.12937 427.342 0 0
1500 85.8591 5.60414 17.9959 0.47543 0.0887736 427.212 0 0
1500 -4.14605 8.55175 17.816 -0.945824 0.0684329 427.445 0 0
1500 71.021 -61.2286 17.8159 0.139699 -0.939442 427.433 0 0
1500 11.635 -47.2452 17.8493 -0.735125 -0.746871 427.5 0 0
1500 105.398 16.9001 17.8817 0.79838 0.226395 427.521 0 0
1500 44.2575 21.7234 18.058 -0.177414 0.411699 427.312 0 0
1500 45.8182 27.8317 18.712 -0.163982 0.546473 427.243 0 0
1500 82.225 12.1951 18.0477 0.430567 0.169974 427.814 0 0
1500 88.5058 31.2921 18.0672 0.561249 0.512819 427.602 0 0
1500 84.4338 6.2213 18.1224 0.514542 0.11803 427.617 0 0
1500 95.4422 -8.76157 17.8662 0.624308 -0.200634 427.639 0 0
1500 71.5093 4.0457 17.9859 0.268462 -0.00350038 427.931 0 0
1500 185.763 19.6667 17.8657 2.04804 0.374054 427.819 0 0
1500 75.243 18.6073 18.3418 0.321922 0.357337 427.983 0 0
1500 75.1298 27.5495 17.9145 0.202118 0.451691 428.042 0 0
1500 90.0064 -1.33899 17.8652 0.505217 -0.0642708 428.725 0 0
1500 50.5518 -61.141 17.8832 -0.0822783 -0.990605 428.66 0 0
1500 112.282 13.611 17.9071 0.907492 0.199512 428.623 0 0
1500 91.7561 40.8994 17.8356 0.473261 0.689503 428.276 0 0
1500 96.8058 -18.6967 17.9727 0.64916 -0.353221 428.505 0 0
1500 101.117 47.2898 17.8755 0.696649 0.79342 428.661 0 0
1500 72.0988 42.2654 17.8146 0.286857 0.678921 428.321 0 0
1500 44.9553 -6.94787 17.9426 -0.184894 -0.18593 428.596 0 0
1500 16.2097 25.6274 17.9854 -0.73495 0.380968 428.6 0 0
1500 79.3915 28.1467 18.3303 0.366418 0.528432 428.38 0 0
1500 95.9922 -17.5034 17.9795 0.701922 -0.24337 428.473 0 0
1500 53.7006 -25.9685 17.9958 -0.159139 -0.468693 428.321 0 0
1500 121.05 19.3847 18.1322 1.19584 0.374787 428.788 0 0
1500 120.228 -16.8335 17.8821 0.961142 -0.323553 428.912 0 0
1500 70.8742 -3.30106 18.0323 0.197376 0.0221703 428.97 0 0
1500 61.6063 52.0932 18.4073 0.123056 0.938233 428.904 0 0
1500 62.1506 -28.1556 17.856 0.127791 -0.408387 429.172 0 0
1500 105.667 40.1995 17.9034 0.799976 0.596519 429.232 0 0
1500 83.9575 -46.8418 17.9656 0.447521 -0.775451 429.23 0 0
1500 102.826 -26.0341 17.8198 0.745044 -0.350274 429.301 0 0
1500 59.8299 25.9588 17.8198 0.0190049 0.483217 429.123 0 0
1500 109.066 -44.1722 18.0011 0.949207 -0.771901 429.156 0 0
1500 105.409 -1.64497 17.8449 0.728877 -0.0671402 429.344 0 0
1500 29.3551 -44.242 17.892 -0.465265 -0.778318 429.395 0 0
1500 76.7341 12.0032 18.3366 0.377968 0.192511 429.603 0 0
1500 45.8429 -41.1623 17.9406 -0.217009 -0.617885 429.488 0 0
1500 97.1778 -12.1653 17.8955 0.63444 -0.13443 429.612 0 0
1500 65.0905 -61.7275 17.8501 0.150399 -0.991201 429.518 0 0
1500 106.223 36.7757 17.8685 0.777852 0.6126 429.465 0 0
1500 -4.61692 -20.8454 17.8264 -0.983499 -0.251774 429.647 0 0
1500 81.4959 52.5705 17.8201 0.417374 0.84319 429.473 0 0
1500 54.8857 9.46884 17.8448 -0.0501119 0.226835 429.452 0 0
1500 125.35 41.6471 18.0851 1.15038 0.725073 429.694 0 0
1500 20.2209 3.6954 17.9433 -0.575381 0.0127319 429.716 0 0
1500 108.029 5.02733 18.5573 0.897508 0.0959299 429.799 0 0
1500 104.856 -35.5956 18.066 0.777625 -0.588754 429.714 0 0
1500 52.079 57.7469 17.8791 -0.148464 0.914525 429.747 0 0
1500 101.658 -25.5934 17.9848 0.694099 -0.401523 430.305 0 0
1500 4.01939 10.7029 17.8642 -0.837009 0.165856 430.028 0 0
1500 67.5431 -65.4253 17.8804 0.168921 -1.02977 430.29 0 0
1500 89.7333 -8.53392 18.6246 0.56802 -0.200496 430.008 0 0
1500 26.8383 56.2891 17.8252 -0.508482 0.901554 430.004 0 0
1500 63.4873 -64.7587 17.8388 0.152175 -1.00333 430.229 0 0
1500 114.692 -26.2583 17.8179 0.915282 -0.353438 430.226 0 0
1500 89.5401 -48.8165 17.8808 0.430969 -0.794377 429.968 0 0
1500 81.2019 2.07465 17.9497 0.449885 0.0471491 430.018 0 0
1500 28.4687 10.9249 17.8386 -0.461304 0.248069 429.861 0 0
1500 99.5162 8.82833 17.8335 0.641574 0.214121 430.248 0 0
1500 3.94946 14.3212 17.8043 -0.835994 0.295282 430.47 0 0
1500 39.7675 57.16 17.8449 -0.355788 0.885003 430.473 0 0
1500 -1.30991 -83.3972 17.8272 -0.876271 -1.35756 430.389 0 0
1500 74.6813 27.9696 17.8476 0.29881 0.421903 430.839 0 0
1500 129.864 26.369 17.8406 1.11272 0.425236 430.569 0 0
1500 11.6418 47.0497 17.8193 -0.748888 0.732757 430.757 0 0
1500 99.1312 28.0793 18.0536 0.687032 0.491725 430.555 0 0
1500 108.943 -12.1193 18.027 0.845337 -0.240153 430.668 0 0
1500 87.4017 30.0841 17.9763 0.465027 0.537664 430.57 0 0
1500 69.2211 -33.0736 17.8366 0.248248 -0.534591 430.671 0 0
1500 74.1805 -9.60566 17.895 0.186989 -0.181009 430.84 0 0
1500 139.903 -25.7819 17.9654 1.41514 -0.411191 430.774 0 0
1500 84.8995 -2.41134 19.1455 0.566004 -0.0684081 430.988 0 0
1500 49.212 -53.0405 17.8964 -0.113775 -0.825915 430.899 0 0
1500 60.4957 67.1562 17.8142 0.0961493 1.04157 430.942 0 0
1500 93.2883 -31.2135 18.2162 0.622869 -0.531138 431.081 0 0
1500 105.049 -26.584 17.9101 0.793599 -0.368986 430.894 0 0
1500 111.836 -10.8969 17.9087 0.894563 -0.129959 431.064 0 0
1500 40.6413 34.3191 18.0541 -0.277777 0.589852 430.936 0 0
1500 127.656 2.71425 18.1483 1.22236 0.10509 430.89 0 0
1500 44.7939 -16.8654 18.1405 -0.281433 -0.258166 430.961 0 0
1500 46.2999 -2.24383 18.0966 -0.154797 -0.0958993 431.184 0 0
1500 75.2182 -12.0186 18.1245 0.329387 -0.198646 431.958 0 0
1500 66.2837 -15.443 17.9999 0.190666 -0.253454 431.591 0 0
1500 31.2698 6.05537 17.875 -0.422767 0.037526 431.133 0 0
1500 117.427 28.1118 17.9015 0.948979 0.403553 431.156 0 0
1500 115.275 -32.7037 17.8484 0.880571 -0.540019 431.349 0 0
1500 44.8588 -64.295 17.8499 -0.148677 -0.995875 431.784 0 0
1500 35.2309 61.2157 17.8258 -0.374976 0.954351 431.462 0 0
1500 57.0838 67.1562 17.8154 0.0447212 1.02511 432.022 0 0
1500 88.0985 5.2614 18.3574 0.574814 0.125103 431.263 0 0
1500 120.667 16.6062 17.8728 0.990473 0.301775 431.466 0 0
1500 108.986 -29.0278 18.0223 0.837759 -0.490799 431.319 0 0
1500 81.5412 40.3488 18.0498 0.346219 0.678342 431.301 0 0
1500 110.852 31.1606 17.82 0.798968 0.547498 431.713 0 0
1500 27.7802 47.6397 17.8223 -0.461201 0.801184 431.368 0 0
1500 -1.12955 -14.7574 17.8288 -0.940642 -0.162144 431.66 0 0
1500 94.7731 -23.2501 17.9315 0.618815 -0.420572 431.439 0 0
1500 73.6633 31.7261 17.906 0.306349 0.543953 431.986 0 0
1500 113.885 23.4991 18.1053 0.943624 0.458761 431.772 0 0
1500 63.7865 -28.6464 18.5687 0.16644 -0.54197 432.022 0 0
1500 -7.88526 91.7655 17.9388 -1.12915 1.62713 431.995 0 0
1500 -7.50458 16.5658 17.7961 -0.987659 0.321948 432.027 0 0
1500 36.6061 58.0252 17.9021 -0.280298 0.941024 432.041 0 0
1500 37.7509 59.1676 17.8286 -0.334995 0.91581 432.104 0 0
1500 60.738 -55.0735 17.8707 0.0963892 -0.895719 432.112 0 0
1500 81.8792 -5.36004 19.0101 0.517476 -0.0475542 432.435 0 0
1500 61.006 -22.8939 18.5224 0.104576 -0.374881 432.776 0 0
1500 88.4711 1.75028 18.0393 0.514141 0.0032546 432.215 0 0
1500 94.4315 53.3878 17.8163 0.58885 0.82067 432.275 0 0
1500 115.621 -27.3168 17.8192 0.890328 -0.352593 432.84 0 0
1500 122.518 -8.4438 18.001 1.03488 -0.13559 432.826 0 0
1500 118.386 2.44339 17.9941 0.993116 0.0641788 432.25 0 0
1500 54.3211 62.7056 17.9007 -0.0137948 1.0071 432.326 0 0
1500 122.442 15.5992 17.8988 0.997093 0.298827 432.95 0 0
1500 52.7938 57.9196 18.0415 -0.0900278 0.932719 432.219 0 0
1500 113.62 17.1319 18.1509 0.9329 0.290648 433.027 0 0
1500 97.127 19.9583 18.3764 0.727935 0.31525 433.02 0 0
1500 61.3178 25.3895 18.3571 0.0823018 0.450536 432.506 0 0
1500 84.9586 10.0772 18.3563 0.439934 0.218432 432.566 0 0
1500 114.078 3.99218 17.8941 0.902129 0.123535 432.389 0 0
1500 99.8788 73.5506 17.8411 0.701869 1.15026 433.053 0 0
1500 53.9377 63.6366 17.8878 -0.0111663 1.04467 432.188 0 0
1500 76.8013 9.22239 18.1722 0.381265 0.20011 432.709 0 0
1500 88.3678 3.04106 18.0034 0.496292 0.123858 432.547 0 0
1500 103.138 -36.3657 17.9639 0.682332 -0.631018 432.747 0 0
1500 17.7805 -5.35778 17.9226 -0.651429 -0.15005 432.911 0 0
1500 77.8265 12.8557 17.8937 0.386704 0.170029 432.921 0 0
1500 115.86 30.2459 18.5867 1.07855 0.537007 432.182 0 0
1500 74.5621 -14.8698 18.0226 0.212795 -0.264201 433.245 0 0
1500 56.4159 10.958 17.9612 -0.0216216 0.220454 433.413 0 0
1500 50.5107 2.84875 17.9192 -0.146391 0.0877106 433.542 0 0
1500 75.9604 58.0692 17.878 0.313515 0.887692 433.855 0 0
1500 18.406 -51.5529 17.8781 -0.63575 -0.770946 433.33 0 0
1500 89.4831 5.14458 18.994 0.653564 0.0159837 433.515 0 0
1500 72.8848 63.3934 17.7971 0.208746 1.00015 433.453 0 0
1500 121.254 12.9286 17.9913 1.02194 0.21774 433.168 0 0
1500 31.7272 60.528 17.8155 -0.390936 0.972006 433.081 0 0
1500 77.2453 -32.9925 18.4341 0.395918 -0.562283 433.43 0 0
1500 32.3985 -54.9798 17.8706 -0.449992 -0.859689 433.094 0 0
1500 83.7722 59.0243 17.7944 0.411033 0.951329 433.88 0 0
1500 110.753 21.3399 17.8497 0.868701 0.323739 433.881 0 0
1500 136.157 57.6493 17.8235 1.25589 0.86699 433.483 0 0
1500 150.179 66.3412 17.8408 1.46108 1.04273 433.641 0 0
1500 60.4278 -26.0277 18.0292 -0.00719312 -0.430977 433.724 0 0
1500 44.8831 5.68729 17.8959 -0.221125 0.163687 433.22 0 0
1500 76.5412 -2.31917 17.9236 0.359621 0.0124433 433.783 0 0
1500 97.6499 -9.18462 18.3308 0.656431 -0.174847 434.708 0 0
1500 9.35638 23.3517 17.8583 -0.720049 0.397468 434.571 0 0
1500 113.1 25.3233 17.9062 0.865627 0.397638 434.727 0 0
1500 101.073 43.9666 17.9057 0.693512 0.666452 434.646 0 0
1500 -2.66069 29.4694 17.8521 -0.913937 0.500841 434.594 0 0
1500 88.2652 -27.4332 18.2866 0.588299 -0.431436 433.903 0 0
1500 42.4669 49.2195 17.8975 -0.239471 0.811912 434.212 0 0
1500 84.7061 33.0081 18.298 0.507595 0.561963 434.303 0 0
1500 111.055 22.9409 17.7981 0.874585 0.321557 434.718 0 0
1500 53.7211 -53.1361 17.8025 0.00145898 -0.843729 434.197 0 0
1500 48.4323 -11.3387 18.1498 -0.135933 -0.245483 434.222 0 0
1500 44.5746 -9.23441 18.1336 -0.174298 -0.218991 434.32 0 0
1500 61.5473 34.0311 17.9703 0.131469 0.573754 434.694 0 0
1500 73.943 -21.7043 17.938 0.276592 -0.418409 433.892 0 0
1500 94.7731 -100.023 17.9011 0.604635 -1.63725 434.35 0 0
1500 173.006 53.7941 17.906 1.88572 0.89319 434.61 0 0
1500 79.8022 -37.1194 18.1117 0.365637 -0.748909 434.702 0 0
1500 85.8043 14.5255 17.9017 0.45897 0.233653 435.393 0 0
1500 35.1898 -39.1301 17.977 -0.343594 -0.607998 435.308 0 0
1500 85.2443 -22.9963 17.9358 0.398234 -0.392075 435.781 0 0
1500 97.8235 21.5814 17.9291 0.632669 0.342292 435.694 0 0
1500 118.541 -9.50482 17.9063 0.943463 -0.103058 434.756 0 0
1500 9.13316 -16.6536 17.823 -0.74773 -0.288861 435.62 0 0
1500 99.9181 33.1151 17.9098 0.635213 0.535396 435.886 0 0
1500 93.0491 33.4842 17.831 0.49647 0.546409 436.097 0 0
1500 100.483 40.0132 17.8242 0.608329 0.645807 435.367 0 0
1500 105.732 43.8654 17.8882 0.743102 0.698381 435.257 0 0
1500 121.291 22.2341 17.8014 0.95259 0.393714 435.733 0 0
1500 -15.96 -53.8974 17.8088 -1.1227 -0.854614 435.722 0 0
1500 115.2 -18.732 17.7954 0.931722 -0.311084 435.141 0 0
1500 109.305 -10.2115 17.9436 0.858345 -0.19486 435.25 0 0
1500 101.27 -17.2151 17.9109 0.733594 -0.216228 434.75 0 0
1500 90.1021 -13.4093 18.2501 0.611279 -0.230741 435.94 0 0
1500 50.1753 -15.2363 18.0561 -0.0641267 -0.307391 434.897 0 0
1500 72.3107 -48.0312 17.8762 0.282146 -0.785012 436.082 0 0
1500 66.4724 -23.3002 17.911 0.0634443 -0.375086 435.845 0 0
1500 10.7898 37.2946 17.8794 -0.762576 0.679055 435.264 0 0
1500 73.8935 46.0743 17.8888 0.337513 0.751843 435.181 0 0
1500 127.383 -14.6833 17.9015 1.18426 -0.184959 435.634 0 0
1500 44.4392 -17.2591 17.941 -0.17255 -0.309963 436.178 0 0
1500 79.7192 -14.9553 17.9267 0.374548 -0.17622 436.797 0 0
1500 107.155 11.6364 17.8559 0.779626 0.170618 436.89 0 0
1500 83.7464 106.624 17.795 0.415757 1.63002 436.363 0 0
1500 120.196 -13.4358 17.9356 1.0024 -0.238737 436.648 0 0
1500 84.1167 58.4074 17.915 0.364048 0.938244 436.94 0 0
1500 105.528 37.0476 17.8139 0.786716 0.588304 436.506 0 0
1500 17.4454 -16.8358 17.8997 -0.690927 -0.270808 436.699 0 0
1500 50.5503 22.6966 17.9416 -0.0657723 0.420617 436.566 0 0
1500 47.4781 10.012 18.3914 -0.21411 0.17942 436.404 0 0
1500 99.0191 10.7524 18.5323 0.766245 0.271411 436.649 0 0
1500 97.0711 -16.0023 18.0512 0.636525 -0.253246 437.266 0 0
1500 115.642 -31.0401 17.9346 0.924118 -0.494745 437.418 0 0
1500 119.965 -21.2669 17.8954 0.988361 -0.348903 437.267 0 0
1500 105 -37.17 18.0322 0.756708 -0.62434 437.197 0 0
1500 66.7583 -45.2975 18.2472 0.176408 -0.755472 437.496 0 0
1500 73.3045 -53.8481 17.9732 0.214927 -0.88073 437.379 0 0
1500 45.625 29.9943 18.0263 -0.231109 0.481259 437.559 0 0
1500 48.1745 -14.9737 18.3699 -0.110406 -0.296393 437.255 0 0
1500 76.2337 -32.3011 18.0891 0.313592 -0.569725 437.521 0 0
1500 35.8182 20.9505 17.9551 -0.324536 0.401488 437.197 0 0
1500 82.4312 21.6399 17.9695 0.340491 0.389805 437.323 0 0
1500 52.2 18.2877 18.1157 -0.0801751 0.357948 437.171 0 0
1500 98.7152 32.6746 17.9346 0.71581 0.480662 437.586 0 0
1500 94.667 -38.3608 17.919 0.570397 -0.695124 437.53 0 0
1500 128.573 -23.9769 18.1444 1.2258 -0.449426 437.6 0 0
1500 91.118 11.3514 18.0101 0.628247 0.140566 437.553 0 0
1500 75.625 -35.5842 18.8932 0.347362 -0.681887 437.438 0 0
1500 74.6533 -26.0067 17.9399 0.282955 -0.422113 437.732 0 0
1500 55.1927 65.0261 17.8143 -0.0162362 1.01741 437.771 0 0
1500 123.22 -8.94268 17.9348 1.03206 -0.169441 437.644 0 0
1500 30.6059 66.0871 17.849 -0.473131 1.02679 437.846 0 0
1500 37.3312 -58.309 17.8889 -0.378068 -0.891235 437.941 0 0
1500 105.817 7.38887 17.9458 0.750077 0.189447 437.939 0 0
1500 7.3469 7.54838 17.8409 -0.797874 0.189506 437.89 0 0
1500 83.6319 -1.00658 18.6353 0.500001 -0.0476384 438.767 0 0
1500 88.3259 8.59208 18.3977 0.552387 0.118645 438.063 0 0
1500 63.4419 -6.58969 18.2292 0.149657 -0.152285 439.025 0 0
1500 32.2751 3.12371 17.9035 -0.422777 0.0475293 438.379 0 0
1500 67.476 -14.6505 18.2099 0.18985 -0.268032 439.843 0 0
1500 53.3126 -7.63864 17.9552 -0.0855333 -0.167225 439.235 0 0
1500 85.9326 -5.86418 18.1713 0.469556 -0.0279296 439.881 0 0
1500 94.4535 19.0234 17.8876 0.583933 0.240648 439.708 0 0
1500 105.186 -30.9927 17.8769 0.746329 -0.470923 438.64 0 0
1500 112.469 -33.4622 17.9368 0.864425 -0.522446 438.446 0 0
1500 12.9154 -12.6524 17.8783 -0.702994 -0.167875 440.297 0 0
1500 4.14963 -12.3972 17.9052 -0.828937 -0.174497 440.298 0 0
1500 -1.11663 1.61626 17.9022 -0.908759 0.0251681 439.924 0 0
1500 97.145 -14.0857 18.9665 0.748808 -0.266014 440.36 0 0
1500 134.019 7.4012 17.8292 1.17687 0.0604926 439.047 0 0
1500 87.1339 6.80969 18.8424 0.622937 0.136656 439.721 0 0
1500 23.8574 56.5375 17.8633 -0.576343 0.859371 438.699 0 0
1500 -4.1425 11.5426 17.8866 -0.996834 0.161178 438.389 0 0
1500 94.3169 -51.0857 17.9018 0.614382 -0.806913 438.995 0 0
1500 72.8233 53.3621 17.9391 0.24262 0.883046 438.661 0 0
1500 100.166 -5.80797 18.1514 0.731237 -0.0310265 438.557 0 0
1500 -9.11863 9.42554 17.8293 -1.0196 0.211883 439.866 0 0
1500 8.1768 36.1955 17.8323 -0.77181 0.618396 439.015 0 0
1500 15.2009 -27.2131 17.999 -0.688239 -0.460129 438.645 0 0
1500 57.5359 -42.2276 18.0046 -0.045282 -0.693719 438.129 0 0
1500 44.6625 -15.316 18.2088 -0.212801 -0.285014 438.38 0 0
1500 46.1643 59.1912 17.8341 -0.245419 0.931336 439.436 0 0
1500 92.2295 21.3968 17.9442 0.531328 0.405666 438.469 0 0
1500 9.33707 11.1218 17.9519 -0.800095 0.187595 439.497 0 0
1500 66.8287 0.167098 17.9705 0.077996 0.0210603 438.072 0 0
1500 26.6432 -49.6793 17.8841 -0.47073 -0.826608 440.275 0 0
1500 89.0486 9.54545 17.8823 0.560061 0.122981 438.871 0 0
1500 94.142 30.5504 17.9861 0.614918 0.527118 440.235 0 0
1500 66.8199 -34.4729 18.1923 0.196161 -0.598437 440.429 0 0
1500 57.508 7.11939 17.89 -0.00310273 0.18959 438.602 0 0
1500 82.0325 -31.8256 18.0109 0.375255 -0.567834 439.497 0 0
1500 17.0208 10.1094 17.9659 -0.664121 0.0981531 440.261 0 0
1500 53.938 -7.52408 17.8269 -0.145429 -0.127022 440.22 0 0
1500 -178.529 110.948 17.9229 -3.88953 1.87876 438.62 0 0
1500 139.554 17.3167 18.1139 1.4266 0.327051 438.645 0 0
1500 98.2777 34.8864 18.5724 0.753731 0.663466 440.347 0 0
1500 -29.8196 7.44983 18.0951 -1.56536 0.177382 438.706 0 0
1500 32.1519 -32.2068 18.049 -0.403026 -0.628255 439.469 0 0
1500 135.738 -53.5671 18.0364 1.41726 -0.892415 440.191 0 0
1500 77.0344 18.3897 18.0785 0.273707 0.378015 440.152 0 0
1500 56.7975 -6.49032 18.3842 -0.073905 -0.182055 438.969 0 0
1500 52.4923 18.5666 18.0727 -0.0402591 0.300317 443.617 0 0
1500 56.3958 11.2178 18.19 0.0480153 0.216318 440.555 0 0
1500 87.606 10.1476 18.3713 0.475142 0.200572 445.646 0 0
1500 32.6357 0.83278 17.8883 -0.418237 0.0273466 443.074 0 0
1500 40.0703 16.8719 17.8887 -0.314089 0.251666 443.103 0 0
1500 6.11067 -40.3723 17.8864 -0.817619 -0.597815 440.48 0 0
1500 38.109 3.47288 17.9118 -0.33889 0.0375214 443.311 0 0
1500 -6.14821 9.53093 17.887 -0.993503 0.126782 440.632 0 0
1500 68.9808 -59.0177 17.8299 0.201469 -0.907355 441.203 0 0
1500 143.007 2.74621 17.8359 1.30852 0.0486461 440.821 0 0
1500 44.5513 -10.1146 18.319 -0.179796 -0.180352 445.431 0 0
1500 89.9702 48.1642 17.9239 0.502815 0.751039 442.144 0 0
1500 95.9395 -39.2422 17.8656 0.596268 -0.610525 442.543 0 0
1500 53.077 15.3489 17.8573 -0.0876352 0.281739 444.242 0 0
1500 115.852 34.3049 17.8285 0.872148 0.576266 441.26 0 0
1500 14.3448 -20.6593 17.8452 -0.68109 -0.25999 443.903 0 0
1500 5.1994 -21.594 17.8392 -0.818012 -0.275684 443.28 0 0
1500 47.5541 -1.2745 18.1492 -0.170686 0.00911118 446.18 0 0
1500 87.1819 -7.37636 17.912 0.458137 -0.047274 445.273 0 0
1500 98.6372 10.3467 17.864 0.644283 0.166626 444.647 0 0
1500 2.42261 32.1838 17.9419 -0.885884 0.497645 440.949 0 0
1500 99.8652 -0.590734 18.1908 0.689157 0.0188081 445.868 0 0
1500 80.3797 60.5883 17.8076 0.335539 0.956057 442.595 0 0
1500 109.506 18.6564 17.9691 0.819501 0.260289 444.489 0 0
1500 69.4429 -64.398 17.88 0.169998 -1.01122 442.756 0 0
1500 93.3054 -10.9971 18.3819 0.67309 -0.188048 440.955 0 0
1500 22.763 52.4757 17.9582 -0.540126 0.850813 441.341 0 0
1500 67.3669 -65.453 17.8797 0.158705 -1.03427 442.443 0 0
1500 83.6665 -19.8195 18.7007 0.460455 -0.358897 442.081 0 0
1500 87.596 -16.4213 18.7001 0.518214 -0.308414 442.129 0 0
1500 61.4178 -8.38634 18.202 0.102943 -0.1823 447.538 0 0
1500 46.159 41.7511 17.8781 -0.16307 0.660208 445.491 0 0
1500 75.4833 55.7243 17.8654 0.26887 0.918432 440.796 0 0
1500 75.9302 55.7669 17.8653 0.27555 0.918814 440.815 0 0
1500 56.9107 65.6726 17.8611 -0.011634 1.03337 443.069 0 0
1500 94.7006 -14.4387 18.2061 0.644432 -0.282933 440.91 0 0
1500 68.1384 9.05775 18.1784 0.14732 0.185239 447.633 0 0
1500 14.3661 26.1085 17.813 -0.696026 0.378743 445.083 0 0
1500 26.6841 19.9953 17.8208 -0.515186 0.288661 445.794 0 0
1500 72.7181 -51.1719 18.0185 0.205613 -0.819856 442.74 0 0
1500 45.7512 -64.212 17.9489 -0.215049 -1.00874 442.538 0 0
1500 45.4613 -57.6399 17.9533 -0.222487 -0.924172 441.59 0 0
1500 107.063 56.6118 17.8315 0.722548 0.925964 441.711 0 0
1500 96.5355 20.8984 17.9574 0.663721 0.303275 442.848 0 0
1500 75.8314 -12.7686 17.9674 0.364913 -0.201517 441.247 0 0
1500 83.9346 -4.24054 18.0474 0.491757 -0.106605 440.731 0 0
1500 90.7315 29.8805 18.1918 0.512742 0.521325 441.962 0 0
1500 67.4763 67.5975 17.8177 0.0796849 1.03763 443.869 0 0
1500 100.109 36.61 17.8504 0.658975 0.570433 445.728 0 0
1500 25.4055 -36.6785 17.9838 -0.553183 -0.549989 441.585 0 0
1500 35.1712 45.8637 17.9854 -0.399734 0.719962 441.804 0 0
1500 38.4654 18.5566 17.9981 -0.355258 0.309462 440.761 0 0
1500 30.3184 -22.9174 17.9948 -0.479465 -0.330447 440.994 0 0
1500 69.543 -13.3903 18.6657 0.246584 -0.265674 443.032 0 0
1500 17.6107 11.4492 17.9311 -0.660552 0.118441 441.28 0 0
1500 23.8948 -42.7637 17.9239 -0.520527 -0.661473 446.676 0 0
1500 22.5313 -15.5055 17.9337 -0.532838 -0.270312 447.61 0 0
1500 36.3793 -21.2852 17.9356 -0.373472 -0.387698 440.94 0 0
1500 86.7375 -19.2011 17.8216 0.521462 -0.296794 440.683 0 0
1500 94.1407 28.4527 17.8151 0.631305 0.440482 441.22 0 0
1500 -7.98222 4.03995 17.9294 -1.03716 0.0442107 443.803 0 0
1500 39.1865 -53.3619 17.831 -0.228 -0.862503 442.03 0 0
1500 112.628 -7.04647 18.1588 0.927928 -0.131569 443.601 0 0
1500 13.757 50.3183 17.7983 -0.724161 0.7287 444.809 0 0
1500 47.1972 -29.3465 17.8201 -0.249511 -0.466383 440.67 0 0
1500 55.5372 -60.8351 17.8031 -0.116539 -0.933818 442.286 0 0
1500 82.4077 8.8936 18.3797 0.514387 0.149801 442.877 0 0
1500 90.1461 -46.0846 17.8976 0.531561 -0.687576 446.864 0 0
1500 109.465 -17.9654 17.9165 0.839161 -0.234634 444.598 0 0
1500 122.55 8.42538 17.9989 1.03604 0.134133 445.471 0 0
1500 111.897 -23.8856 18.0031 0.90485 -0.346291 443.64 0 0
1500 94.6614 17.9991 18.0148 0.659745 0.286964 442.311 0 0
1500 87.4876 0.685614 18.0171 0.554495 0.00840782 441.844 0 0
1500 83.2737 30.816 18.0129 0.48719 0.470035 442.167 0 0
1500 101.262 0.985191 18.4424 0.772394 0.0712298 444.267 0 0
1500 121.835 -2.45257 18.0519 1.05525 -0.068148 443.862 0 0
1500 67.4382 -29.1959 18.2194 0.149238 -0.512765 441.955 0 0
1500 59.149 24.8365 17.9959 0.0507907 0.460321 441.988 0 0
1500 104.309 8.2793 18.4854 0.811314 0.184174 445.235 0 0
1500 64.3121 12.2402 17.9412 0.0329562 0.197682 441.773 0 0
1500 56.5187 -2.09572 18.065 0.00108912 0.0448455 442.234 0 0
1500 15.9613 -35.6076 17.9042 -0.701357 -0.562822 443.631 0 0
1500 -4.93048 16.5358 17.8974 -1.00052 0.225026 444.824 0 0
1500 26.498 1.2976 17.9182 -0.552089 -0.00237262 442.348 0 0
1500 -0.870265 -27.5733 17.8985 -0.913376 -0.420713 446.775 0 0
1500 22.6656 39.2603 17.8744 -0.569727 0.665409 443.474 0 0
1500 36.3095 60.7716 17.8675 -0.344585 0.946338 446.734 0 0
1500 3.84901 35.9894 17.8662 -0.860626 0.579659 445.085 0 0
1500 70.2629 16.191 17.8933 0.134218 0.298764 441.977 0 0
1500 -8.01 10.0024 17.8656 -1.03023 0.191529 445.537 0 0
1500 33.9358 3.89704 17.8908 -0.431654 0.106601 442.144 0 0
1500 65.1676 61.3396 17.8699 0.0528775 0.970202 444.172 0 0
1500 122.077 9.16558 17.8553 1.00897 0.0766132 444.704 0 0
1500 73.4704 -14.3139 17.8792 0.290876 -0.286479 442.172 0 0
1500 92.2911 11.2349 18.1483 0.58695 0.243693 443.695 0 0
1500 76.1981 -62.1924 17.8102 0.297051 -0.997027 445.152 0 0
1500 114.576 -16.3028 17.8157 0.885875 -0.318424 443.913 0 0
1500 108.01 -29.6106 17.8797 0.772969 -0.524029 444.181 0 0
1500 102.712 -22.6814 18.2246 0.76766 -0.397804 445.131 0 0
1500 19.8357 32.8645 18.0261 -0.619736 0.536249 444.165 0 0
1500 70.1817 -1.24019 17.8409 0.205476 -0.0961935 442.064 0 0
1500 60.4 -1.92159 18.2639 0.0562091 0.0377564 443.872 0 0
1500 99.5818 50.1535 17.8532 0.667268 0.777512 447.122 0 0
1500 12.0823 -54.0405 17.9788 -0.729322 -0.912961 442.853 0 0
1500 41.7112 -56.316 17.8265 -0.203451 -0.940645 442.299 0 0
1500 105.999 44.8373 17.9335 0.772563 0.706755 447.089 0 0
1500 98.5864 -46.0964 17.8662 0.692169 -0.697149 445.285 0 0
1500 80.529 -8.54329 18.001 0.449869 -0.15495 442.444 0 0
1500 130.026 27.2921 17.8603 1.1073 0.461384 447.068 0 0
1500 73.9213 19.3914 18.3547 0.255725 0.346707 445.111 0 0
1500 19.2581 83.6187 17.8101 -0.548685 1.32278 446.092 0 0
1500 85.7808 -9.23531 18.1765 0.517773 -0.199468 445.112 0 0
1500 85.2994 -17.5953 18.2002 0.483081 -0.341263 445.316 0 0
1500 116.946 -49.9449 17.9983 0.984083 -0.854075 443.188 0 0
1500 77.0876 23.799 17.8251 0.358218 0.330707 445.728 0 0
1500 111.891 -11.2562 17.948 0.843888 -0.24601 445.608 0 0
1500 98.8458 -44.6154 18.0565 0.69246 -0.714605 446.955 0 0
1500 116.245 -12.1604 17.9629 0.960983 -0.208662 446.535 0 0
1500 36.0972 -185.72 17.8809 -0.336602 -3.04839 442.528 0 0
1500 19.8792 1.83102 17.8897 -0.640387 -0.0233442 444.7 0 0
1500 78.7778 1.50167 18.4795 0.47246 0.0134976 446.572 0 0
1500 84.5393 -17.4135 18.597 0.503397 -0.332817 447.364 0 0
1500 5.29586 -2.93171 17.8741 -0.87326 -0.0317288 445.74 0 0
1500 53.3596 11.5105 17.8604 -0.0643907 0.265132 442.138 0 0
1500 72.8439 -31.0095 18.029 0.217542 -0.544588 445.248 0 0
1500 93.4402 11.7062 18.1585 0.657136 0.171844 446.096 0 0
1500 106.137 17.616 17.8846 0.742162 0.346164 445.667 0 0
1500 112.379 34.6237 18.0518 0.902016 0.560143 447.474 0 0
1500 78.1278 27.2823 18.3284 0.369357 0.487161 446.746 0 0
1500 129.079 19.7481 18.0432 1.26268 0.337738 441.48 0 0
1500 42.7529 -18.5926 18.0659 -0.241216 -0.354775 445.489 0 0
1500 101.355 -4.8932 17.8291 0.74423 -0.0840168 445.544 0 0
1500 22.0745 -15.2363 17.8147 -0.635216 -0.255722 445.579 0 0
1500 115.139 7.62859 17.8362 0.942117 0.128032 447.009 0 0
1500 75.2159 43.6058 17.8452 0.342046 0.683994 445.998 0 0
1500 91.331 -10.453 18.4437 0.686982 -0.150423 443.362 0 0
1500 79.3645 2.77541 18.332 0.458828 0.010669 447.072 0 0
1500 84.9757 -13.6664 18.1149 0.525651 -0.217577 446.496 0 0
1500 115.76 -5.85464 17.9771 0.939319 -0.0316414 447.555 0 0
1500 118.367 31.5338 17.8388 0.90304 0.552636 447.251 0 0
1500 77.6369 37.9009 17.8348 0.353812 0.642698 446.073 0 0
1500 27.3995 -20.3636 18.1797 -0.476344 -0.387156 445.072 0 0
1500 147.604 -3.95699 17.8283 1.42859 -0.023251 447.215 0 0
1500 48.4186 -10.8847 17.8522 -0.127041 -0.245309 445.363 0 0
1500 68.6296 -43.0819 18.0181 0.132541 -0.712204 447.112 0 0
1500 78.6119 47.7944 17.8653 0.300058 0.804118 447.355 0 0
1500 53.0969 -5.40898 18.1063 -0.0956015 -0.0288975 446.676 0 0
1500 132.955 -1.54108 18.1784 1.2931 -0.0723844 445.061 0 0
1500 127.118 -7.56146 18.0761 1.2228 -0.178038 442.701 0 0
1500 133.043 40.7004 18.0088 1.30956 0.70841 443.253 0 0
1500 82.0347 20.5723 17.9695 0.439092 0.375077 446.969 0 0
1500 139.788 26.472 18.0186 1.42016 0.461546 443.676 0 0
1500 90.2905 -44.7746 18.061 0.581322 -0.774374 445.359 0 0
1500 53.619 48.237 17.8555 -0.0850636 0.813493 447.548 0 0
1500 80.1056 21.2715 17.9764 0.434309 0.310149 447.144 0 0
1500 71.9094 16.3387 17.8554 0.241082 0.329715 446.862 0 0
1500 133.168 20.7118 18.1498 1.33439 0.400307 443.212 0 0
1500 122.836 -53.1654 17.9202 1.12859 -0.880915 445.148 0 0
1500 88.5588 11.1076 17.847 0.536673 0.124719 447.562 0 0
1500 85.4577 15.89 17.8477 0.488815 0.199264 447.512 0 0
1500 56.1519 -19.4704 17.852 0.0327606 -0.352786 447.222 0 0
1500 125.479 22.1107 17.9563 1.15218 0.431858 444.613 0 0
1500 15.7275 -19.8787 17.9613 -0.738522 -0.40517 443.938 0 0
1500 -0.163953 -42.0889 17.9087 -0.980393 -0.619539 447.572 0 0
1500 115.83 -25.072 18.4481 1.07528 -0.45982 446.545 0 0
1500 68.713 -41.8822 18.0492 0.111772 -0.730184 444.778 0 0
1500 51.3652 -19.2027 18.2256 -0.0829432 -0.415222 443.481 0 0
1500 39.5195 27.8559 18.2483 -0.381409 0.47717 442.879 0 0
1500 140.439 28.9873 18.1522 1.49715 0.513051 444.667 0 0
1500 93.3015 -40.6516 17.9899 0.675443 -0.745575 445.192 0 0
1500 81.3949 44.5123 18.1632 0.41998 0.8258 447.074 0 0
1500 106.529 39.7058 18.1825 0.846578 0.797013 443.513 0 0
1500 105.088 52.5953 18.3145 0.92245 0.944879 447.687 0 0
1500 65.9819 13.9279 18.2562 0.18396 0.254502 448.139 0 0
1500 73.9772 -14.1817 18.3425 0.345092 -0.209267 449.146 0 0
1500 25.2688 7.41733 17.9967 -0.504661 0.123873 447.758 0 0
1500 94.0154 -14.1592 18.1245 0.559051 -0.262231 448.763 0 0
1500 45.6604 -2.98042 18.1808 -0.176482 -0.0886492 451.378 0 0
1500 68.3457 13.4944 18.5008 0.256305 0.239241 451.458 0 0
1500 43.7416 -13.8146 17.9236 -0.25652 -0.21282 449.516 0 0
1500 59.4345 -10.1035 17.8827 0.0644104 -0.197512 449.742 0 0
1500 24.8434 -3.56717 17.947 -0.522676 -0.0347475 449.168 0 0
1500 37.9465 -34.3449 17.8317 -0.270134 -0.554007 449.124 0 0
1500 70.8081 -0.652108 17.9872 0.205644 -0.0769585 450.866 0 0
1500 113.514 -6.80812 17.8622 0.851898 -0.0524829 448.623 0 0
1500 36.2816 3.73225 17.9546 -0.358798 0.0603138 450.584 0 0
1500 88.8438 -3.43828 18.4096 0.558872 -0.0400946 452.098 0 0
1500 33.3029 10.8497 17.931 -0.382285 0.202633 450.554 0 0
1500 92.5802 -18.276 17.9594 0.508663 -0.325583 451.066 0 0
1500 93.5764 -31.2243 18.0023 0.583139 -0.473298 451.157 0 0
1500 41.0853 -1.66609 18.0367 -0.243684 -0.0843053 452.425 0 0
1500 51.3615 1.61356 18.4249 -0.052942 0.0819916 452.96 0 0
1500 96.6477 43.2552 17.8813 0.557762 0.690176 450.252 0 0
1500 41.217 -16.93 17.8333 -0.267684 -0.300777 451.693 0 0
1500 101.465 13.2026 17.9684 0.691383 0.155873 451.713 0 0
1500 122.085 -8.10998 18.016 1.02591 -0.115895 449.685 0 0
1500 111.605 29.6479 17.8199 0.843958 0.419804 450.029 0 0
1500 99.1548 -37.895 17.8735 0.63628 -0.596058 450.892 0 0
1500 -0.793927 28.3854 17.799 -0.93211 0.395794 449.557 0 0
1500 114.578 9.21373 17.8391 0.883329 0.143875 450.764 0 0
1500 88.3115 -52.797 18.0767 0.506905 -0.855296 448.381 0 0
1500 84.4851 -9.40123 18.5748 0.55517 -0.180657 448.247 0 0
1500 -1.82034 29.6368 17.8889 -0.944982 0.453765 449.004 0 0
1500 108.703 -38.2187 17.8274 0.756009 -0.623074 450.517 0 0
1500 95.5993 6.70058 18.3205 0.702054 0.0766823 448.097 0 0
1500 92.8802 26.0756 18.149 0.643586 0.410972 447.787 0 0
1500 148.168 -23.9844 17.8848 1.43122 -0.409774 447.811 0 0
1500 85.7646 -11.1066 18.316 0.55814 -0.15492 447.86 0 0
1500 86.2485 -8.26704 18.5386 0.491167 -0.130042 459.744 0 0
1500 81.9209 -27.1968 18.267 0.419936 -0.429684 454.602 0 0
1500 88.2197 -10.4929 18.5583 0.561361 -0.119713 455.571 0 0
1500 55.8312 66.094 17.8555 -0.0460852 1.04116 450.028 0 0
1500 103.269 28.1031 17.8739 0.712897 0.433957 452.164 0 0
1500 60.528 10.3493 17.9675 0.00263427 0.196426 453 0 0
1500 33.7592 41.6471 17.9519 -0.39135 0.665994 449.96 0 0
1500 106.381 -0.684816 18.5146 0.870398 -0.0368555 450.144 0 0
1500 92.4816 -32.0643 17.9665 0.617724 -0.507339 447.957 0 0
1500 122.591 12.2389 17.9539 1.03216 0.161488 450.808 0 0
1500 70.9144 -3.47135 18.4995 0.305706 -0.124 448.826 0 0
1500 -53.8059 119.709 17.7913 -1.71708 1.85912 449.226 0 0
1500 69.4031 42.708 17.926 0.196086 0.668043 453.542 0 0
1500 13.9857 37.1075 17.8649 -0.694579 0.631174 448.796 0 0
1500 29.3706 4.27669 18.0682 -0.485052 0.0476064 447.956 0 0
1500 73.9526 35.1367 17.9388 0.2063 0.534134 458.078 0 0
1500 78.405 28.5239 18.1032 0.287906 0.459805 455.112 0 0
1500 84.8183 -14.2254 17.9886 0.503884 -0.188074 447.944 0 0
1500 74.8123 -19.1205 18.2837 0.294455 -0.363933 448.989 0 0
1500 86.0248 -32.4163 18.2753 0.460353 -0.56051 449.644 0 0
1500 113.931 10.9659 17.8319 0.91131 0.119881 448.975 0 0
1500 53.0251 -65.9854 17.8257 -0.0154216 -1.03246 450.177 0 0
1500 111.205 -33.3157 17.8285 0.828372 -0.527697 452.263 0 0
1500 108.193 -17.4513 17.8336 0.826705 -0.313677 448.758 0 0
1500 74.8945 -50.4865 17.8267 0.33201 -0.791629 448.603 0 0
1500 80.1814 11.3066 18.5136 0.488584 0.204172 450.172 0 0
1500 41.9316 -31.1529 18.0155 -0.270561 -0.539638 448.531 0 0
1500 62.2226 22.2262 17.9158 0.0666872 0.422974 447.858 0 0
1500 115.852 0.954366 17.847 0.94318 0.0558073 449.654 0 0
1500 119.614 22.5137 17.8421 0.965704 0.369513 452.011 0 0
1500 173.854 4.03768 17.8891 1.87556 0.0614792 448.446 0 0
1500 72.4782 -18.1594 18.081 0.278793 -0.352621 448.792 0 0
1500 78.6333 -24.7132 18.7819 0.475384 -0.428628 451.055 0 0
1500 85.1151 65.7024 17.8082 0.458103 1.02948 450.981 0 0
1500 36.8613 61.5513 17.7976 -0.321131 0.973814 452.31 0 0
1500 102.293 10.0993 17.8129 0.673057 0.233163 448.626 0 0
1500 119.026 -23.5548 17.876 0.975595 -0.381224 451.711 0 0
1500 61.759 -12.3486 17.9051 0.121271 -0.20306 455.854 0 0
1500 54.9712 29.3783 17.9593 0.00601885 0.470701 455.92 0 0
1500 78.8717 57.3157 17.938 0.364558 0.923865 451.016 0 0
1500 67.7926 -45.5899 17.8577 0.108079 -0.708378 454.899 0 0
1500 33.5741 61.2064 17.8545 -0.410266 0.961264 451.851 0 0
1500 53.5165 -7.70255 17.8569 -0.00703315 -0.150311 456.114 0 0
1500 123.834 0.82163 17.8272 1.04017 -0.0334384 451.59 0 0
1500 119.59 30.0168 17.8268 0.969537 0.398506 452.102 0 0
1500 59.6992 -59.9234 17.8344 0.0815875 -0.904961 454.077 0 0
1500 104.916 -42.404 17.8283 0.762737 -0.681426 451.2 0 0
1500 81.2875 -3.49251 17.8533 0.382007 -0.0918826 455.851 0 0
1500 84.6824 -59.1551 17.8275 0.457779 -0.928949 451.453 0 0
1500 120.83 -5.27396 17.8289 1.00378 -0.125302 451.031 0 0
1500 90.8995 8.42724 18.1379 0.55824 0.139207 456.573 0 0
1500 122.212 -72.3014 17.8092 1.04413 -1.07268 450.381 0 0
1500 102.491 1.70175 18.4626 0.802543 0.0694632 452.006 0 0
1500 93.6486 -48.2296 17.814 0.549459 -0.757278 453.968 0 0
1500 110.582 -33.097 17.8103 0.829191 -0.563156 450.998 0 0
1500 90.7736 22.3244 18.1917 0.618495 0.3246 450.854 0 0
1500 69.2353 -38.2865 17.9049 0.171815 -0.608912 455.928 0 0
1500 75.4038 -2.09936 18.3776 0.410008 -0.0187203 450.943 0 0
1500 38.8783 -28.2881 17.9558 -0.354776 -0.415895 449.63 0 0
1500 66.6123 -32.7828 18.1689 0.176422 -0.58233 449.824 0 0
1500 91.471 -29.1512 17.999 0.557438 -0.428846 456.188 0 0
1500 120.086 -17.3544 17.9834 0.989982 -0.271539 453.987 0 0
1500 93.1906 -11.2498 17.9091 0.566518 -0.249956 449.701 0 0
1500 111.977 14.246 17.8294 0.844582 0.296257 449.764 0 0
1500 -5.40896 -9.9659 17.8574 -0.980231 -0.177626 454.191 0 0
1500 64.1764 -25.7133 18.2007 0.0849556 -0.407406 458.006 0 0
1500 105.461 -1.74285 17.8185 0.741413 -0.0395894 455.715 0 0
1500 115.624 -8.49014 17.8109 0.896574 -0.137116 454.873 0 0
1500 105.176 -46.4532 17.8041 0.760523 -0.696167 453.572 0 0
1500 75.7627 -12.9893 17.8291 0.35142 -0.219422 449.298 0 0
1500 67.1914 6.09226 17.8324 0.218116 0.0792188 449.085 0 0
1500 75.4087 -29.1883 18.0223 0.280897 -0.524679 450.42 0 0
1500 31.5275 52.4828 17.8316 -0.364659 0.863449 451.304 0 0
1500 71.6226 -5.15261 18.0523 0.303074 -0.121906 450.15 0 0
1500 122.789 -5.55549 17.9228 1.02238 -0.140875 452.831 0 0
1500 50.1578 -24.5754 17.947 -0.059976 -0.442114 450.022 0 0
1500 118.251 -26.7578 17.9219 0.945851 -0.451774 453.475 0 0
1500 91.7882 24.7964 18.4322 0.617042 0.435532 452.711 0 0
1500 40.9047 -39.376 18.0412 -0.3104 -0.608713 450.983 0 0
1500 81.6866 10.1114 18.3584 0.442677 0.177099 458.86 0 0
1500 114.136 12.1838 18.0528 0.94299 0.166861 452.664 0 0
1500 123.492 42.9537 18.2809 1.16487 0.74837 447.942 0 0
1500 88.8505 42.2141 17.8112 0.478297 0.661393 456.092 0 0
1500 121.813 19.9806 17.7996 0.977221 0.354126 454.07 0 0
1500 50.3782 -26.9972 17.8575 -0.144952 -0.438382 457.17 0 0
1500 38.7281 -46.9605 17.8434 -0.334221 -0.778273 451.79 0 0
1500 64.2824 -0.823828 18.597 0.132766 -0.0595505 449.951 0 0
1500 85.4431 -1.18912 18.1778 0.514313 0.039617 451.767 0 0
1500 117.988 -24.3996 17.9582 0.978144 -0.343388 453.819 0 0
1500 95.7432 -8.15193 18.1683 0.611403 -0.149043 459.439 0 0
1500 97.0765 29.2302 17.8455 0.609357 0.540716 449.818 0 0
1500 21.7649 -54.6936 17.9455 -0.634199 -0.84996 450.423 0 0
1500 100.028 28.2098 18.3964 0.731242 0.516944 450.88 0 0
1500 81.7837 38.3156 17.9401 0.3784 0.587602 458.904 0 0
1500 23.5702 26.4633 17.9926 -0.538801 0.490455 450.663 0 0
1500 -2.63542 10.8451 17.8733 -0.980574 0.156697 453.341 0 0
1500 6.43641 -41.9402 17.8714 -0.818369 -0.61766 455.436 0 0
1500 81.8709 -4.19674 18.0524 0.390063 -0.140393 452.371 0 0
1500 94.3826 54.8667 17.9392 0.579794 0.86723 455.346 0 0
1500 163.241 -38.8073 17.805 1.62542 -0.52334 453.4 0 0
1500 131.781 -1.37514 17.8866 1.17903 -0.00972223 454.192 0 0
1500 48.3463 6.21739 18.024 -0.132206 0.173803 451.446 0 0
1500 66.5611 5.28825 18.0243 0.134173 0.142193 459.24 0 0
1500 96.9265 21.0047 18.0106 0.612182 0.397171 452.429 0 0
1500 45.9524 16.9908 18.2366 -0.157186 0.331626 452.418 0 0
1500 66.8564 62.9393 17.8044 0.0600701 0.97861 453.106 0 0
1500 18.1112 44.9819 17.8045 -0.677476 0.707073 453.094 0 0
1500 42.8095 54.6133 17.8081 -0.306198 0.859623 452.57 0 0
1500 15.932 -22.5026 17.8165 -0.666859 -0.294757 457.414 0 0
1500 77.9594 -22.6512 18.2563 0.332525 -0.415445 452.852 0 0
1500 86.7642 -34.5624 17.8124 0.443906 -0.610636 451.872 0 0
1500 45.4324 -4.27241 18.164 -0.189735 0.000592746 452.215 0 0
1500 19.5605 -55.4933 17.8307 -0.544465 -0.916815 451.816 0 0
1500 71.7538 -13.9128 18.5615 0.294618 -0.251558 461.409 0 0
1500 77.6064 -42.2333 17.8611 0.342008 -0.715442 452.48 0 0
1500 101.834 -15.7365 18.0559 0.748272 -0.326389 450.12 0 0
1500 96.9581 28.6104 17.9832 0.617807 0.453165 458.369 0 0
1500 121.799 4.82136 17.9702 1.01938 0.123852 454.807 0 0
1500 97.8364 28.4793 17.9801 0.679297 0.486481 453.244 0 0
1500 64.4334 3.31219 18.0014 0.15966 0.000488632 459.842 0 0
1500 79.2578 39.9563 18.2812 0.418925 0.662389 454.397 0 0
1500 48.0534 18.5751 18.2486 -0.174048 0.286108 453.169 0 0
1500 18.9999 -54.565 17.8432 -0.640982 -0.823224 455.959 0 0
1500 100.174 -41.794 18.1198 0.709192 -0.680622 455.29 0 0
1500 66.6839 -31.8611 18.6081 0.173909 -0.566239 450.315 0 0
1500 85.9105 -7.50686 18.1481 0.477211 -0.190863 453.544 0 0
1500 89.2184 -15.0613 18.1451 0.526091 -0.305457 453.76 0 0
1500 115.719 -29.7472 17.9058 0.919891 -0.491517 455.885 0 0
1500 92.9766 -19.0707 17.9992 0.601533 -0.351479 454 0 0
1500 49.5198 3.55578 18.2307 -0.126347 -0.00531401 453.646 0 0
1500 78.83 -9.38041 17.8715 0.271455 -0.200153 452.537 0 0
1500 64.1694 -32.4033 17.866 0.0421318 -0.556602 452.915 0 0
1500 39.5427 -12.8294 18.2452 -0.272023 -0.188591 461.521 0 0
1500 74.1376 -39.9378 18.012 0.195466 -0.672831 449.124 0 0
1500 73.0275 30.1704 17.9896 0.277166 0.541535 453.145 0 0
1500 105.138 -26.061 18.0401 0.749084 -0.41119 459.425 0 0
1500 45.9062 61.3087 17.8584 -0.204093 0.989744 455.586 0 0
1500 10.5526 -4.51256 17.8493 -0.817283 -0.0336041 452.534 0 0
1500 87.3466 -50.5371 17.9338 0.47532 -0.779762 459.023 0 0
1500 60.5539 -6.44478 17.956 0.100605 -0.162876 453.248 0 0
1500 76.3451 28.7285 17.8241 0.333646 0.504959 453.6 0 0
1500 20.7886 46.975 17.81 -0.518897 0.772233 454.961 0 0
1500 114.845 -19.0124 17.9459 0.97223 -0.261643 453.1 0 0
1500 116.696 12.0042 17.9209 0.917348 0.205156 458.997 0 0
1500 100.07 -40.2303 17.8677 0.716205 -0.588789 455.401 0 0
1500 75.4233 5.06816 17.8888 0.31488 0.0907902 461.111 0 0
1500 105.061 -12.276 17.9519 0.752567 -0.261601 455.082 0 0
1500 120.795 -17.7296 17.8941 0.99413 -0.284211 458.105 0 0
1500 73.7534 11.9216 18.0713 0.317645 0.248979 454.161 0 0
1500 -7.51808 -9.61204 17.8406 -1.03518 -0.140347 457.645 0 0
1500 57.5509 61.5505 17.807 0.0125835 0.959478 458.859 0 0
1500 14.2574 23.224 17.8272 -0.744471 0.328163 454.965 0 0
1500 70.8044 36.9691 17.9193 0.168424 0.636234 454.731 0 0
1500 53.98 -60.7971 17.8974 -0.0613405 -0.987937 456.694 0 0
1500 87.1977 -5.31831 17.9999 0.474736 -0.159283 455.028 0 0
1500 80.0079 5.35387 18.0231 0.461164 0.076665 449.424 0 0
1500 88.9353 -56.5877 17.7923 0.43748 -0.921809 457.02 0 0
1500 -8.56293 -10.327 17.7909 -1.01928 -0.224872 457.559 0 0
1500 110.224 33.8815 17.9661 0.872458 0.499809 457.475 0 0
1500 122.053 0.337231 17.9642 1.03961 -0.000864582 458.081 0 0
1500 64.4909 -22.4329 18.0219 0.0521511 -0.347693 462.654 0 0
1500 29.3242 -3.7709 18.0027 -0.483135 -0.104771 455.449 0 0
1500 69.1059 -7.00922 17.9474 0.21171 -0.106826 466.561 0 0
1500 7.86401 8.34221 17.8607 -0.75697 0.137694 463.366 0 0
1500 100.228 -1.71 17.8723 0.698158 0.038213 455.711 0 0
1500 79.4254 50.0253 17.8658 0.348784 0.773625 460.982 0 0
1500 103.028 7.7966 18.1152 0.811043 0.219552 448.528 0 0
1500 3.53962 20.3126 17.8014 -0.796244 0.362422 460.611 0 0
1500 85.0142 30.7886 17.8119 0.367417 0.505199 461.653 0 0
1500 64.196 45.9895 17.808 0.0734368 0.723641 461.308 0 0
1500 45.6594 15.079 18.0773 -0.283562 0.289683 449.377 0 0
1500 120.855 -16.1744 18.0143 1.02024 -0.330225 454.919 0 0
1500 29.72 29.7619 18.1141 -0.46571 0.479197 456.784 0 0
1500 64.4524 -32.4448 18.0866 0.0594307 -0.601743 450.894 0 0
1500 114.316 15.722 17.936 0.941537 0.27931 457.015 0 0
1500 73.5841 10.1458 18.2629 0.302912 0.239804 454.853 0 0
1500 61.9397 66.9702 17.8573 0.112481 1.03661 459.858 0 0
1500 117.987 25.8038 17.8573 0.946596 0.437515 459.043 0 0
1500 78.6393 4.9962 17.8832 0.379833 0.134691 455.877 0 0
1500 74.4019 34.1527 17.8776 0.283289 0.532045 462.777 0 0
1500 98.9434 -33.1115 18.3814 0.690211 -0.611955 453.112 0 0
1500 85.9365 -76.8089 17.8677 0.431639 -1.21509 459.174 0 0
1500 96.341 10.3539 17.8263 0.666337 0.180107 456.638 0 0
1500 109.126 -40.7965 17.8119 0.81153 -0.574381 460.835 0 0
1500 80.603 62.6881 17.8094 0.407678 0.955012 459.02 0 0
1500 119.727 -2.45267 17.8137 0.960951 -0.0169495 461.169 0 0
1500 51.8664 66.9134 17.7986 -0.150773 1.0367 459.717 0 0
1500 41.6913 34.5981 17.8191 -0.287711 0.533796 462.893 0 0
1500 -4.31317 -24.1795 17.8004 -0.969577 -0.306485 460.546 0 0
1500 65.2947 54.9102 17.8072 0.0494017 0.888279 457.504 0 0
1500 96.6335 51.7 17.8024 0.522973 0.830481 458.191 0 0
1500 34.2851 54.5795 17.8257 -0.400403 0.827069 461.823 0 0
1500 90.0718 -40.3273 17.9309 0.481899 -0.736723 452.59 0 0
1500 87.1253 -12.4625 18.1624 0.577836 -0.193042 455.784 0 0
1500 86.4323 -55.1402 17.9841 0.429996 -0.896837 459.366 0 0
1500 10.2138 -24.3089 17.82 -0.805534 -0.349328 457.906 0 0
1500 26.2172 47.8414 17.8171 -0.55775 0.749832 458.266 0 0
1500 67.0662 10.518 18.2129 0.139133 0.205549 466.081 0 0
1500 40.306 16.7405 17.8276 -0.243828 0.331277 456.688 0 0
1500 72.8358 -38.6098 17.9969 0.268974 -0.597493 464.109 0 0
1500 107.324 -3.43341 17.9899 0.816306 -0.113287 458.524 0 0
1500 26.1435 -42.4178 17.9267 -0.578663 -0.650859 455.239 0 0
1500 114.787 -33.2308 17.8996 0.89678 -0.542731 460.78 0 0
1500 59.2552 -29.5372 17.9227 0.0832631 -0.51412 457.375 0 0
1500 58.2544 -32.2582 17.9215 0.0676603 -0.555576 457.459 0 0
1500 75.7764 -11.6665 17.9146 0.361444 -0.20026 457.103 0 0
1500 99.7342 30.64 17.8916 0.671613 0.538488 458.495 0 0
1500 120.814 46.3947 17.8241 1.01258 0.697215 459.936 0 0
1500 28.7636 -31.5903 17.841 -0.514998 -0.443277 457.639 0 0
1500 73.404 60.093 17.8276 0.171924 0.953936 459.101 0 0
1500 67.3539 39.7982 17.9826 0.103672 0.660057 458.197 0 0
1500 108.026 -15.6471 17.9121 0.823011 -0.18053 458.726 0 0
1500 41.4404 57.1752 17.9718 -0.240288 0.929459 460.005 0 0
1500 -3.42294 -24.1663 17.8998 -0.97331 -0.373143 460.681 0 0
1500 56.789 5.6582 18.8094 0.0448482 0.117769 460.655 0 0
1500 69.7374 7.76672 18.116 0.261524 0.122649 465.834 0 0
1500 123.986 -29.8151 18.3409 1.21085 -0.567406 452.816 0 0
1500 64.857 -12.3334 17.9505 0.118634 -0.240162 465.281 0 0
1500 86.2526 -57.342 17.923 0.44541 -0.926922 460.563 0 0
1500 1.22313 11.2696 17.8482 -0.893215 0.25076 457.983 0 0
1500 61.4042 5.64352 18.1723 0.125317 0.133359 466.457 0 0
1500 78.4631 28.3348 18.0046 0.301495 0.504444 458.609 0 0
1500 101.945 50.0187 17.8121 0.693482 0.817766 460.209 0 0
1500 63.8701 -7.94936 17.9817 0.133264 -0.169641 465.907 0 0
1500 99.8619 29.2673 18.1351 0.694039 0.511326 460.437 0 0
1500 76.361 5.47452 18.1523 0.312095 0.140675 466.52 0 0
1500 64.1258 11.704 18.1531 0.160224 0.252846 458.957 0 0
1500 34.8447 -60.6285 17.8303 -0.331807 -0.979103 460.97 0 0
1500 94.6152 20.9664 18.21 0.65289 0.372557 460.307 0 0
1500 107.997 -2.04304 18.2057 0.849333 0.0252175 460.733 0 0
1500 77.7084 -47.2091 17.9959 0.284433 -0.780554 460.249 0 0
1500 93.5421 34.1476 18.0219 0.562551 0.594466 460.033 0 0
1500 75.009 -116.381 17.8569 0.281469 -1.92867 457.316 0 0
1500 88.2478 30.4816 18.2423 0.512858 0.534665 460.892 0 0
1500 100.595 -5.09417 18.1519 0.692957 -0.104846 466.342 0 0
1500 46.3265 18.3618 18.1031 -0.197746 0.338738 459.616 0 0
1500 113.594 50.3362 17.949 0.892069 0.789695 462.514 0 0
1500 93.3618 -6.72329 17.8604 0.542479 -0.0392637 466.011 0 0
1500 89.8317 -0.5485 17.9619 0.526871 -0.0254305 466.579 0 0
1500 98.6731 12.2862 17.8787 0.639824 0.266407 459.889 0 0
1500 10.7916 -46.9798 17.8915 -0.724966 -0.756947 462.857 0 0
1500 93.8808 -10.7885 18.0856 0.569626 -0.240552 460.463 0 0
1500 98.1913 -37.8309 18.0235 0.706204 -0.577399 461.663 0 0
1500 92.8843 17.0634 18.0336 0.635964 0.253432 460.65 0 0
1500 90.9519 2.77859 17.825 0.527074 0.0140219 466.329 0 0
1500 98.2322 55.3669 17.8023 0.66702 0.79934 462.343 0 0
1500 73.9461 -18.0085 18.0232 0.256021 -0.315067 467.966 0 0
1500 99.7074 6.99097 17.8313 0.673851 0.179477 460.14 0 0
1500 93.7681 39.4337 18.0402 0.61305 0.654127 461.844 0 0
1500 116.528 7.9297 18.0753 0.976228 0.0974802 462.778 0 0
1500 64.7926 34.037 18.0931 0.141552 0.540443 467.761 0 0
1500 62.5141 44.1073 18.086 0.120166 0.743983 461.608 0 0
1500 54.531 19.3405 17.941 -0.070035 0.331871 467.523 0 0
1500 65.7079 14.7447 17.9415 0.0956384 0.29695 460.46 0 0
1500 46.0891 56.2274 17.9201 -0.201671 0.908931 462.686 0 0
1500 70.7294 22.356 17.8614 0.177746 0.423118 460.18 0 0
1500 7.91042 37.313 17.8393 -0.773772 0.633574 462.478 0 0
1500 94.4226 34.2934 18.0325 0.628715 0.651362 456.33 0 0
1500 -6.34232 -28.8801 17.8145 -0.96584 -0.5106 462.45 0 0
1500 173.249 61.4011 18.0706 1.94933 1.09537 456.558 0 0
1500 22.9403 -2.98345 17.9347 -0.54354 -0.0123338 467.628 0 0
1500 42.8304 40.0578 17.9288 -0.290807 0.648057 461.285 0 0
1500 80.5146 -53.8882 17.9047 0.403572 -0.870454 462.299 0 0
1500 49.0389 -49.8446 18.14 -0.0788635 -0.899666 456.358 0 0
1500 128.722 -17.5382 17.8375 1.13962 -0.222699 461.987 0 0
1500 110.023 -21.46 17.8086 0.842778 -0.381259 461.986 0 0
1500 116.592 13.0891 17.8856 0.92952 0.262845 462.631 0 0
1500 91.7487 3.49381 18.0731 0.554129 0.0892621 468.297 0 0
1500 17.9821 53.843 17.799 -0.581346 0.871742 463.784 0 0
1500 77.8098 62.1644 17.893 0.321363 1.02829 461.729 0 0
1500 -4.29902 -17.2159 17.8315 -0.963447 -0.209885 465.491 0 0
1500 88.6377 40.4445 17.8417 0.407694 0.664487 461.524 0 0
1500 5.16698 39.2291 17.828 -0.843825 0.621629 464.049 0 0
1500 40.2594 61.3971 17.8317 -0.317112 0.929535 465.532 0 0
1500 93.4972 -30.5516 17.9659 0.556353 -0.543074 461.996 0 0
1500 47.6796 -34.9227 17.9716 -0.144713 -0.614412 461.511 0 0
1500 98.4389 -49.4045 17.9538 0.61611 -0.810401 463.668 0 0
1500 44.7274 -46.9265 17.9643 -0.188303 -0.791395 462.149 0 0
1500 144.686 -139.7 17.812 1.30833 -2.18332 462.86 0 0
1500 92.8076 -12.0463 17.9986 0.568547 -0.199856 468.095 0 0
1500 97.0194 -15.5406 18.2271 0.70324 -0.307904 460.588 0 0
1500 96.188 41.251 17.9736 0.705187 0.645755 458.789 0 0
1500 157.541 3.97285 17.9039 1.67502 -0.00262081 457.868 0 0
1500 87.0008 -55.5096 17.8328 0.480659 -0.893777 463.606 0 0
1500 124.738 -6.06759 17.8318 1.02114 -0.147865 465.301 0 0
1500 108.186 -2.23626 18.2326 0.863182 -0.0785411 463.949 0 0
1500 73.0603 6.29251 18.2169 0.317971 0.104134 469.893 0 0
1500 47.5964 15.6864 18.0506 -0.251995 0.323285 454.625 0 0
1500 42.2512 15.2853 17.821 -0.29402 0.303876 461.075 0 0
1500 14.159 14.8369 17.8089 -0.722841 0.292584 462.01 0 0
1500 12.4459 -2.365 17.8126 -0.68908 0.0252048 467.674 0 0
1500 74.2469 40.856 17.8112 0.204098 0.695885 461.805 0 0
1500 59.2217 7.5022 18.4068 0.041489 0.059117 462.989 0 0
1500 111.416 -9.31236 18.0794 0.900389 -0.101528 463.808 0 0
1500 33.3534 -59.0978 17.9686 -0.39983 -0.938953 464.349 0 0
1500 117.305 5.38501 17.8751 0.973328 0.0993505 463.87 0 0
1500 72.2994 -17.178 17.8984 0.273354 -0.223037 469.128 0 0
1500 56.2361 19.3797 18.2354 -0.00296591 0.367101 463.319 0 0
1500 88.4623 29.2838 18.2254 0.484134 0.512663 464.063 0 0
1500 138.077 1.92857 18.103 1.3906 -0.0302908 458.94 0 0
1500 94.1526 -67.2763 17.9743 0.673588 -1.1764 457.695 0 0
1500 81.5055 22.7693 18.032 0.384748 0.42688 463.032 0 0
1500 96.3336 -11.7335 17.9332 0.61258 -0.197316 469.312 0 0
1500 79.0708 -7.92239 17.9404 0.366941 -0.142589 469.886 0 0
1500 38.8371 -7.9346 17.9456 -0.316409 -0.194345 462.589 0 0
1500 125.65 63.8483 17.866 1.10565 1.05474 462.505 0 0
1500 -2.92511 11.1943 17.8266 -0.912722 0.22506 467.986 0 0
1500 44.2371 27.1529 17.9885 -0.17722 0.448155 470.375 0 0
1500 109.806 -1.30823 17.9494 0.807374 -0.0575246 469.251 0 0
1500 65.6888 -19.7848 17.964 0.179139 -0.313689 470.512 0 0
1500 86.5807 16.6397 17.9492 0.5325 0.249802 463.521 0 0
1500 113.934 -21.6267 17.9342 0.88664 -0.316673 468.502 0 0
1500 79.5835 2.45905 17.9548 0.383012 0.0278411 470.53 0 0
1500 115.924 21.3442 17.9329 0.917907 0.300304 468.295 0 0
1500 86.9447 18.9377 18.057 0.567751 0.27485 459.62 0 0
1500 81.9303 -48.9625 17.8993 0.454302 -0.79673 462.795 0 0
1500 84.6052 -0.284361 17.8802 0.40446 -0.0810107 463.197 0 0
1500 40.4931 13.7525 18.1427 -0.243423 0.286757 464.145 0 0
1500 -0.249995 -21.6128 17.8525 -0.90266 -0.283314 468.51 0 0
1500 5.23255 31.296 17.8498 -0.860467 0.500435 465.542 0 0
1500 43.9041 29.2028 17.8687 -0.287165 0.483753 463.506 0 0
1500 93.138 -13.9847 17.9393 0.608851 -0.300703 460.783 0 0
1500 36.0586 0.390976 18.26 -0.402949 0.0679136 457.782 0 0
1500 56.3298 4.60814 18.0141 0.0222397 0.12363 473.295 0 0
1500 92.3152 -3.78126 18.2227 0.588783 -0.064904 471.889 0 0
1500 86.2552 -19.7987 18.2212 0.554391 -0.314181 465.447 0 0
1500 81.7777 14.8715 18.2245 0.488368 0.212483 465.193 0 0
1500 83.3517 14.5724 17.9459 0.45778 0.282879 464.183 0 0
1500 121.306 7.41952 18.0339 1.03153 0.148258 466.884 0 0
1500 34.2677 62.1847 17.8849 -0.375427 1.02862 465.057 0 0
1500 41.0304 4.55675 18.3192 -0.242562 0.0610286 473.285 0 0
1500 58.7547 -19.0011 18.3186 -0.000919238 -0.290729 465.604 0 0
1500 14.2071 -43.5977 17.9099 -0.673988 -0.725398 466.575 0 0
1500 78.8867 -5.85307 17.8251 0.375938 -0.0335156 463.949 0 0
1500 109.792 37.3647 17.7994 0.823237 0.615733 466.782 0 0
1500 101.557 34.2158 17.8055 0.711792 0.578282 465.657 0 0
1500 13.9949 -15.4932 17.8512 -0.724167 -0.178293 464.981 0 0
1500 74.1116 62.5988 17.8398 0.19011 0.963654 469.12 0 0
1500 61.5262 42.7781 18.0448 0.0107626 0.682762 465.647 0 0
1500 87.1595 -26.7015 17.9872 0.43707 -0.488323 463.922 0 0
1500 -20.3378 36.1003 17.8324 -1.2604 0.644046 463.804 0 0
1500 58.2889 -12.1469 17.8794 0.0175397 -0.26758 464.332 0 0
1500 72.3248 -27.2951 17.8728 0.235393 -0.500991 464.774 0 0
1500 78.3918 32.662 18.0186 0.398605 0.545153 465.721 0 0
1500 108.566 -46.0243 17.7925 0.725312 -0.755089 467.751 0 0
1500 80.7863 -59.6974 17.7961 0.305215 -0.936503 469.321 0 0
1500 7.10987 -6.35282 17.8041 -0.809429 -0.170927 465.55 0 0
1500 58.0866 -21.713 18.2533 0.0747922 -0.405248 466.247 0 0
1500 131.699 -17.7656 18.0338 1.29028 -0.232613 461.131 0 0
1500 38.9696 34.3065 17.9865 -0.349348 0.516987 465.915 0 0
1500 60.1574 10.7873 17.9966 -0.0236601 0.156861 465.218 0 0
1500 100.39 34.0075 17.9181 0.671217 0.625883 463.104 0 0
1500 21.3433 -50.7962 17.884 -0.634037 -0.902516 462.286 0 0
1500 61.0906 -17.7053 17.866 -0.0260028 -0.259597 465.132 0 0
1500 90.9069 -8.48047 17.9208 0.528678 -0.109143 473.827 0 0
1500 138.214 14.021 17.9122 1.39141 0.247381 462.434 0 0
1500 106.103 -21.5122 18.1416 0.819686 -0.439599 461.597 0 0
1500 4.99707 29.5483 17.7976 -0.798592 0.523959 467.261 0 0
1500 0.717176 -35.2581 17.8109 -0.863323 -0.593007 469.24 0 0
1500 88.9989 -27.5174 18.1489 0.469635 -0.480838 467.312 0 0
1500 52.2915 -28.1316 18.1557 -0.0803877 -0.445091 473.973 0 0
1500 -7.94277 -9.66052 17.8695 -1.0186 -0.182691 470.113 0 0
1500 36.3087 -34.0578 17.8861 -0.391954 -0.569057 466.552 0 0
1500 94.6172 -47.309 17.8518 0.566516 -0.742613 471.217 0 0
1500 96.9327 1.3518 17.8666 0.586822 -0.0414643 472.758 0 0
1500 66.8432 -31.6525 17.8684 0.162896 -0.505062 472.903 0 0
1500 107.647 -16.0318 17.8556 0.800893 -0.310723 467.149 0 0
1500 97.4112 36.8682 18.2577 0.730732 0.746904 457.83 0 0
1500 66.3033 64.721 17.8388 0.0914326 1.00828 470.542 0 0
1500 44.6688 -57.7922 17.8082 -0.151557 -0.931942 468.002 0 0
1500 65.7332 -0.210357 18.0863 0.161816 0.0607609 474.813 0 0
1500 41.3785 57.2808 17.9456 -0.24707 0.939207 468.602 0 0
1500 73.8747 0.703999 18.0484 0.306529 -0.0586707 467.158 0 0
1500 128.592 -43.7009 17.9294 1.16605 -0.691152 467.899 0 0
1500 122.924 -30.9476 17.8413 0.997891 -0.460896 472.586 0 0
1500 10.7354 -43.1436 17.943 -0.831045 -0.684403 464.896 0 0
1500 -10.305 4.81612 17.8797 -1.14524 0.00745685 464.512 0 0
1500 30.1416 28.4308 18.1448 -0.492489 0.509037 463.937 0 0
1500 71.8331 41.9618 17.8255 0.199091 0.737995 466.302 0 0
1500 156.877 64.1018 17.8976 1.64024 1.07333 465.542 0 0
1500 96.9518 12.8905 18.1816 0.680981 0.313255 459.65 0 0
1500 41.3261 -48.8062 17.9759 -0.261494 -0.826175 467.709 0 0
1500 99.2395 27.9706 17.9039 0.694801 0.478651 468.377 0 0
1500 67.5123 -5.88573 17.8368 0.217655 -0.0575918 466.203 0 0
1500 32.3594 12.8134 17.8474 -0.489265 0.22792 465.666 0 0
1500 173.619 70.0205 17.9586 1.94089 1.15264 465.345 0 0
1500 99.4163 50.7157 17.8334 0.662738 0.789814 471.5 0 0
1500 29.8232 -12.444 17.9018 -0.497179 -0.154742 467.724 0 0
1500 33.8072 -13.4451 17.9033 -0.436028 -0.170549 467.623 0 0
1500 78.1172 27.1748 17.9017 0.252368 0.460128 467.733 0 0
1500 88.7786 -29.5706 17.9687 0.449134 -0.549826 462.154 0 0
1500 101.955 22.2059 18.0844 0.707913 0.411096 469.436 0 0
1500 108.433 37.0481 17.8302 0.801868 0.5409 472.535 0 0
1500 119.728 1.72325 17.8281 1.0041 0.0311787 469.859 0 0
1500 83.4577 62.0537 17.8263 0.454724 0.931425 470.393 0 0
1500 87.1685 -16.9514 17.8879 0.454138 -0.296084 474.64 0 0
1500 84.3562 -6.18823 17.8895 0.459249 -0.160564 467.724 0 0
1500 115.229 -23.1194 17.8706 0.870427 -0.392759 472.812 0 0
1500 71.21 -9.94851 17.8261 0.281423 -0.143856 466.994 0 0
1500 118.59 4.19673 17.8512 0.917752 0.117214 473.036 0 0
1500 78.1057 -7.48537 18.0453 0.382754 -0.177904 468.287 0 0
1500 113.385 -22.7584 18.0234 0.897275 -0.400255 470.457 0 0
1500 119.555 20.7302 17.982 1.00129 0.296523 471.402 0 0
1500 27.6277 -16.6602 18.1645 -0.496385 -0.257705 469.238 0 0
1500 30.7952 -22.1832 18.1644 -0.447969 -0.341958 469.248 0 0
1500 111.529 -5.24923 17.8413 0.890702 -0.0579994 469.465 0 0
1500 52.6669 41.6194 17.8174 -0.0106473 0.647114 470.976 0 0
1500 119.807 -16.4751 17.7983 0.917234 -0.306503 473.123 0 0
1500 8.97368 -4.6515 18.0046 -0.798593 -0.0819007 469.846 0 0
1500 117.263 22.4833 17.9848 0.9462 0.392735 471.491 0 0
1500 49.5369 -5.58805 18.1978 -0.212955 -0.0931977 461.895 0 0
1500 97.1239 34.9824 17.88 0.692995 0.537662 468.239 0 0
1500 111.726 -25.8704 17.8727 0.843402 -0.347044 474.005 0 0
1500 109.788 -36.6693 17.8679 0.854028 -0.525559 470.868 0 0
1500 94.5647 1.99665 18.1417 0.677371 0.0932168 466.103 0 0
1500 66.4616 -2.24283 18.0311 0.120916 -0.0981976 475.586 0 0
1500 49.6447 64.1077 17.9597 -0.102878 1.02565 471.882 0 0
1500 119.218 -10.4822 17.8982 0.958929 -0.17845 473.882 0 0
1500 59.1784 -10.9409 17.9236 0.0895254 -0.178521 476.424 0 0
1500 16.451 0.462668 17.8889 -0.675421 0.0726567 469.39 0 0
1500 54.9106 53.5624 17.8799 -0.0808512 0.880425 470.248 0 0
1500 93.1971 59.6206 17.7952 0.589446 0.859078 471.632 0 0
1500 81.3894 -25.8687 18.1444 0.360563 -0.473837 467.745 0 0
1500 109.013 40.6896 18.7925 1.10083 0.898752 454.39 0 0
1500 122.705 -66.5177 17.9778 1.04055 -1.09308 469.735 0 0
1500 115.559 26.4193 18.048 0.933487 0.440006 472.408 0 0
1500 72.5629 3.60097 17.8801 0.249627 0.105344 476.418 0 0
1500 61.399 -18.5833 18.0129 0.101491 -0.360472 469.378 0 0
1500 96.7675 -52.9646 17.9863 0.616037 -0.847317 472.845 0 0
1500 103.744 16.9605 18.1681 0.805347 0.34431 467.191 0 0
1500 20.8889 -27.542 17.8901 -0.573197 -0.499226 469.945 0 0
1500 50.5992 -15.4056 17.9031 -0.118567 -0.317545 468.97 0 0
1500 58.381 -47.0059 17.8885 0.00274615 -0.796434 470.091 0 0
1500 104.8 -43.6498 17.8615 0.760476 -0.698604 471.965 0 0
1500 76.3658 -15.878 17.8854 0.350993 -0.296737 469.167 0 0
1500 130.3 2.25722 17.9259 1.21944 0.0962305 467.335 0 0
1500 94.4565 9.33411 17.8698 0.586815 0.126647 476.351 0 0
1500 27.1651 108.296 17.7952 -0.523618 1.64136 472.992 0 0
1500 112.316 -3.57672 17.8109 0.868553 0.0105982 470.806 0 0
1500 42.467 34.9502 17.8205 -0.203731 0.608736 469.926 0 0
1500 72.6157 61.1478 17.8559 0.237084 0.954146 474.606 0 0
1500 126.764 -100.315 17.9274 1.20582 -1.70305 466.028 0 0
1500 81.7489 -18.9267 17.9077 0.315087 -0.340703 469.897 0 0
1500 37.6977 -3.97874 17.9614 -0.317262 -0.105328 477.446 0 0
1500 133.87 16.5532 17.8605 1.20673 0.201244 472.039 0 0
1500 71.4436 -11.1994 18.1293 0.28082 -0.186293 478.283 0 0
1500 95.0084 -33.2368 17.8269 0.553433 -0.540963 475.886 0 0
1500 58.4356 -0.995098 17.8434 0.0306613 -0.0790429 477.309 0 0
1500 78.0328 -19.0008 18.415 0.370304 -0.405571 464.485 0 0
1500 91.9176 3.70287 18.0614 0.550962 0.00561521 477.738 0 0
1500 76.2776 22.2842 17.839 0.315472 0.364532 475.973 0 0
1500 81.1447 41.5173 17.8292 0.393481 0.653203 474.45 0 0
1500 119.187 23.3912 17.935 0.982377 0.36182 474.188 0 0
1500 70.6806 29.9485 18.2025 0.230717 0.481455 478.573 0 0
1500 44.0523 -6.81078 18.0464 -0.211211 -0.180465 470.7 0 0
1500 116.482 0.790363 18.1057 0.982603 -0.0291721 472.681 0 0
1500 106.715 6.30238 18.1941 0.847178 0.06312 473.109 0 0
1500 95.3582 -47.0582 18.2362 0.686338 -0.893708 464.634 0 0
1500 55.5106 -56.3323 17.8426 0.0142983 -0.914145 472.266 0 0
1500 86.036 -57.0722 17.8366 0.471053 -0.910327 473.354 0 0
1500 6.24556 -21.1979 17.9528 -0.842636 -0.326713 472.62 0 0
1500 60.8001 49.5501 17.8216 -0.00106154 0.764489 476.864 0 0
1500 63.7907 47.3372 17.8229 0.0414084 0.731681 476.991 0 0
1500 68.2717 48.9502 17.8504 0.184603 0.821732 471.897 0 0
1500 43.6941 59.2698 17.8455 -0.180326 0.921671 476.012 0 0
1500 121.388 19.2524 17.8863 0.981445 0.338208 474.957 0 0
1500 96.7376 2.53622 18.0537 0.713661 0.0546034 470.112 0 0
1500 100.15 -24.497 17.886 0.633115 -0.461634 468.571 0 0
1500 -2.41381 -24.2207 17.8842 -0.963755 -0.377675 473.959 0 0
1500 17.3194 -50.9811 17.8846 -0.671587 -0.777798 473.803 0 0
1500 28.2999 37.6478 17.8978 -0.522405 0.560184 471.925 0 0
1500 88.6118 -55.3165 17.7946 0.496845 -0.893468 473.396 0 0
1500 85.355 -59.4534 17.7932 0.443907 -0.946994 474.001 0 0
1500 -13.1016 -57.8521 18.0238 -1.29797 -1.03858 465.033 0 0
1500 100.218 -34.5322 17.8657 0.676834 -0.487223 477.159 0 0
1500 172.862 -44.1492 17.8385 1.79845 -0.675487 473.907 0 0
1500 29.4813 26.0163 17.8451 -0.472196 0.36112 478.6 0 0
1500 24.577 -57.669 17.8261 -0.559906 -0.846691 476.247 0 0
1500 25.3181 -71.2319 17.869 -0.479087 -1.18012 472.026 0 0
1500 22.9765 -47.4686 18.0289 -0.557798 -0.85445 469.116 0 0
1500 3.91564 108.912 17.82 -0.787289 1.67091 475.939 0 0
1500 115.49 9.42789 17.9446 0.955129 0.146139 474.295 0 0
1500 96.5461 45.5237 17.8283 0.648612 0.756112 472.704 0 0
1500 75.5354 1.12397 17.8553 0.300854 -0.0562407 471.817 0 0
1500 56.5404 -61.872 17.832 0.0033177 -0.962446 477.105 0 0
1500 106.63 -45.3064 17.8274 0.740678 -0.736333 475.854 0 0
1500 66.554 65.6806 17.8654 0.164118 1.03531 475.731 0 0
1500 114.069 22.0997 17.9661 0.989236 0.429312 468.174 0 0
1500 69.3116 29.0713 18.1034 0.161912 0.46698 480.283 0 0
1500 105.046 -37.7401 17.8696 0.711062 -0.664244 472.053 0 0
1500 82.8069 -4.7079 17.8669 0.411418 0.001408 472.332 0 0
1500 3.58212 30.2745 17.7999 -0.89842 0.445424 474.591 0 0
1500 7.3622 44.3065 17.8691 -0.763475 0.764924 472.483 0 0
1500 72.4211 -40.48 17.9516 0.198136 -0.65021 477.797 0 0
1500 120.608 -1.57278 18.0699 1.02755 -0.0427863 476.418 0 0
1500 82.7746 0.96826 18.1053 0.473136 -0.0361841 473.905 0 0
1500 106.636 -3.54711 18.0924 0.825947 -0.103818 474.985 0 0
1500 129.14 20.3199 17.9238 1.24291 0.375391 469.522 0 0
1500 100.894 -9.68941 17.987 0.722514 -0.208504 474.252 0 0
1500 20.4907 23.5119 17.8437 -0.632322 0.308323 473.791 0 0
1500 30.9066 -6.49707 17.8518 -0.430311 -0.140645 480.044 0 0
1500 0.0170497 111.078 17.9275 -1.03061 1.87307 469.512 0 0
1500 56.0782 -59.3467 17.826 -0.0167885 -0.972342 475.088 0 0
1500 52.2729 -43.3769 17.9986 -0.0358048 -0.733443 474.421 0 0
1500 86.8 -23.7707 18.0015 0.49392 -0.435323 474.176 0 0
1500 79.85 -44.2278 17.9942 0.38337 -0.741728 474.838 0 0
1500 62.8612 -21.0164 18.0087 0.127583 -0.396263 473.648 0 0
1500 6.5712 44.771 17.7928 -0.741183 0.729696 476.978 0 0
1500 90.1878 13.3655 18.0345 0.5791 0.313212 467.171 0 0
1500 45.8168 43.4079 18.1083 -0.14804 0.734768 475.06 0 0
1500 115.152 -31.7563 17.9706 0.919773 -0.501806 477.475 0 0
1500 107.661 -54.4551 17.9166 0.765003 -0.896804 475.584 0 0
1500 110.658 -27.4436 17.8158 0.817821 -0.360768 479.119 0 0
1500 111.374 -19.9369 17.8145 0.878526 -0.268359 475.123 0 0
1500 93.5652 -35.3294 17.8204 0.613241 -0.507901 474.475 0 0
1500 111.566 -32.3942 17.8134 0.83486 -0.433945 478.786 0 0
1500 112.165 -40.3452 17.8091 0.853691 -0.55531 477.959 0 0
1500 81.3677 2.43952 17.8328 0.432045 0.0744239 473.497 0 0
1500 25.6998 -27.6896 17.9635 -0.522551 -0.487464 474.755 0 0
1500 10.4304 -37.6812 17.9515 -0.741201 -0.627551 476.121 0 0
1500 77.9569 -0.290632 17.8511 0.313621 0.0736838 473.52 0 0
1500 52.3748 -27.8533 18.2754 -0.0912935 -0.498484 472.756 0 0
1500 60.4304 -57.3762 17.8354 -0.0204181 -0.921967 475.664 0 0
1500 85.6435 36.5624 18.0762 0.487919 0.615605 476.298 0 0
1500 122.254 5.44315 17.8983 1.03748 0.0747917 477.413 0 0
1500 82.8736 -39.7597 17.8792 0.467158 -0.620846 474.717 0 0
1500 118.943 -7.71265 17.8664 0.950393 -0.13892 479.512 0 0
1500 106.843 12.0448 17.8753 0.76367 0.143734 480.621 0 0
1500 80.1223 -8.36855 17.8865 0.421535 -0.160171 474.408 0 0
1500 95.9347 -51.8967 17.8626 0.640612 -0.80384 477.125 0 0
1500 69.637 -49.1407 17.8733 0.254053 -0.78189 475.48 0 0
1500 102.706 28.0289 17.8717 0.758466 0.398777 475.65 0 0
1500 67.3087 0.865219 17.8908 0.223012 -0.0164845 474.129 0 0
1500 29.063 0.109753 17.9929 -0.443894 0.0387412 482.026 0 0
1500 45.8928 32.8984 17.9904 -0.210147 0.496652 481.827 0 0
1500 9.97323 27.0101 17.9763 -0.771393 0.44922 476.281 0 0
1500 99.7761 9.03865 17.9954 0.773364 0.0942514 468.748 0 0
1500 105.161 -43.156 17.8095 0.735676 -0.679777 479.213 0 0
1500 40.9551 -58.7913 17.814 -0.196736 -0.897456 479.971 0 0
1500 120.839 19.1487 17.8248 0.974775 0.238502 479.3 0 0
1500 117.681 2.91569 17.8784 0.94655 0.109761 476.718 0 0
1500 47.1735 3.40275 17.8936 -0.239107 0.0729051 474.584 0 0
1500 7.33826 -20.1166 17.8734 -0.839771 -0.287176 476.252 0 0
1500 34.66 56.0356 17.8695 -0.420268 0.865793 476.777 0 0
1500 55.0069 68.0046 17.8203 0.0156651 1.04294 478.593 0 0
1500 54.5238 67.9419 17.8204 0.008547 1.04087 478.668 0 0
1500 79.6244 20.6778 18.0748 0.304312 0.366703 475.884 0 0
1500 122.336 8.13335 17.9316 1.03826 0.106598 478.506 0 0
1500 119.332 -0.73988 17.9338 1.00495 -0.0248989 477.758 0 0
1500 104.186 -18.5462 17.8361 0.773906 -0.323758 476.17 0 0
1500 96.9032 -50.8778 17.9756 0.648283 -0.806149 478.61 0 0
1500 63.357 28.1814 17.9849 0.166683 0.477311 475.918 0 0
1500 59.7235 22.1427 18.2268 -0.025933 0.448005 467.52 0 0
1500 37.5305 36.5354 17.8094 -0.29694 0.590023 481.674 0 0
1500 52.3565 61.0287 17.7941 -0.090849 0.987207 478.164 0 0
1500 91.9657 49.7419 17.7973 0.486741 0.794551 480.176 0 0
1500 56.1052 64.9893 17.843 0.00266126 1.01365 479.981 0 0
1500 104.107 -35.8254 17.8044 0.743783 -0.603079 477.312 0 0
1500 23.8472 -45.3711 17.8078 -0.477614 -0.753189 476.854 0 0
1500 125.749 8.0198 17.9282 1.15545 0.0693295 473.19 0 0
1500 104.18 -9.75926 17.877 0.789581 -0.13967 476.801 0 0
1500 47.1259 51.0974 18.0798 -0.162499 0.829031 478.625 0 0
1500 73.2516 -26.5194 18.1594 0.320391 -0.480072 475.767 0 0
1500 113.269 9.37688 17.8168 0.861899 0.136926 481.594 0 0
1500 29.939 4.23423 18.0125 -0.569404 0.0396355 469.66 0 0
1500 79.1009 59.1306 17.8487 0.342752 0.919831 480.974 0 0
1500 115.386 3.43517 17.824 0.886724 0.0809117 481.645 0 0
1500 130.566 -12.4818 17.8313 1.19506 -0.166841 476.713 0 0
1500 81.4422 52.8412 17.8103 0.39208 0.867568 478.09 0 0
1500 90.1792 4.36546 18.1938 0.557106 0.141005 477.661 0 0
1500 -28.4342 80.6116 17.8126 -1.41022 1.23075 477.264 0 0
1500 68.4541 -55.1148 17.8157 0.200688 -0.901743 478.207 0 0
1500 90.3717 17.1871 17.8676 0.570772 0.221441 476.462 0 0
1500 74.8008 -13.7722 18.0874 0.303382 -0.22151 487.391 0 0
1500 76.3688 -9.34007 17.8499 0.228612 -0.19501 483.545 0 0
1500 122.763 10.066 17.8814 1.01151 0.188943 481.415 0 0
1500 35.2438 134.318 17.8358 -0.344116 2.205 476.07 0 0
1500 80.4186 14.5816 17.9621 0.393601 0.18413 484.757 0 0
1500 23.5588 -10.3765 17.9257 -0.523776 -0.193632 484.442 0 0
1500 96.803 -16.1775 17.91 0.639195 -0.318534 478.383 0 0
1500 99.9261 -33.6478 17.9212 0.750423 -0.503991 475.544 0 0
1500 -5.7178 41.0214 17.9329 -1.05322 0.613249 477.985 0 0
1500 24.1947 30.1937 17.9804 -0.530599 0.530651 479.12 0 0
1500 27.3258 -11.431 17.8689 -0.486352 -0.121677 485.11 0 0
1500 20.2287 38.6577 17.8887 -0.663424 0.59256 477.772 0 0
1500 72.0911 -43.0213 17.8799 0.30548 -0.700889 476.477 0 0
1500 117.259 28.9779 17.8073 0.953897 0.426713 481.496 0 0
1500 112.769 -38.6936 17.8602 0.911699 -0.558831 479.598 0 0
1500 49.7442 -33.4364 17.9508 -0.0681451 -0.579191 479.186 0 0
1500 95.6923 -46.3072 17.9335 0.623725 -0.756543 481.018 0 0
1500 89.5362 11.8371 18.0283 0.52606 0.193507 486.146 0 0
1500 102.065 -27.8048 17.881 0.758966 -0.405973 479.286 0 0
1500 72.5258 14.0932 18.0965 0.193292 0.249187 490.5 0 0
1500 116.798 6.49001 17.8519 0.919147 0.103913 484.372 0 0
1500 120.452 -27.5905 17.8613 1.03084 -0.374978 478.926 0 0
1500 20.6584 -25.1011 17.9431 -0.579142 -0.458722 480.082 0 0
1500 56.3067 -32.219 17.9491 -0.0327532 -0.572128 479.597 0 0
1500 27.7918 -57.5992 17.8662 -0.465856 -0.90394 483.725 0 0
1500 -5.11277 -11.0142 17.867 -0.974914 -0.233132 481.6 0 0
1500 42.4155 9.1768 18.0099 -0.353791 0.134122 473.173 0 0
1500 61.2186 -60.5953 17.8103 0.0752627 -0.985108 481.608 0 0
1500 91.7397 -52.0103 17.8114 0.514084 -0.820003 484.468 0 0
1500 14.4102 -46.8756 17.8097 -0.630507 -0.776288 481.743 0 0
1500 44.6372 -22.0318 18.0793 -0.169562 -0.416001 480.388 0 0
1500 107.696 -29.8285 17.8966 0.774007 -0.473807 485.327 0 0
1500 98.3581 47.4376 17.8049 0.680061 0.694519 481.585 0 0
1500 -8.71367 -0.538603 17.8685 -1.03013 -0.0473844 484.134 0 0
1500 7.15889 -29.1442 18.0032 -0.80788 -0.473971 482.166 0 0
1500 -49.9226 -51.1657 17.8885 -1.7614 -0.804321 479.654 0 0
1500 132.194 35.6511 17.9145 1.25097 0.623922 478.291 0 0
1500 56.5781 67.043 17.8082 0.0359388 1.04341 483.333 0 0
1500 84.2203 32.1944 17.8539 0.431273 0.492827 487.033 0 0
1500 92.5338 41.2654 18.1321 0.659111 0.791048 474.011 0 0
1500 72.977 44.8769 17.9286 0.188406 0.742519 481.982 0 0
1500 80.7275 -0.553965 17.8989 0.413102 0.0489982 481.037 0 0
1500 39.1775 -61.7032 17.8068 -0.306829 -0.992133 484.052 0 0
1500 13.7687 -37.214 17.812 -0.698245 -0.637481 482.897 0 0
1500 68.2794 -39.7232 17.8321 0.14586 -0.694296 481.672 0 0
1500 58.5852 -9.857 17.9741 -0.0428505 -0.116677 481.739 0 0
1500 128.904 4.24051 17.9503 1.22434 0.0122364 478.63 0 0
1500 102.192 -21.5258 17.888 0.771023 -0.362489 481.542 0 0
1500 105.562 2.88754 17.822 0.772999 0.108735 482.626 0 0
1500 69.6418 60.7492 17.811 0.214956 0.978302 484.065 0 0
1500 58.4835 62.9698 17.8105 0.0467256 1.00994 484.185 0 0
1500 91.4752 35.4589 17.8228 0.513442 0.563689 488.01 0 0
1500 103.848 47.3715 17.8088 0.712639 0.757811 485.72 0 0
1500 124.018 28.9932 18.0817 1.15181 0.448378 481.019 0 0
1500 82.8935 -1.71611 17.8698 0.41329 -0.101501 482.139 0 0
1500 98.4414 -12.4687 18.1752 0.643584 -0.230293 490.003 0 0
1500 62.0643 -1.12546 18.1874 0.136016 -0.071629 490.967 0 0
1500 46.6439 -8.28125 17.8777 -0.166718 -0.184442 489.914 0 0
1500 19.0173 -50.1801 17.9048 -0.57449 -0.855566 482.582 0 0
1500 100.046 -6.98426 17.8257 0.723038 -0.124004 483.266 0 0
1500 109.934 -19.6625 17.8546 0.837524 -0.240289 485.092 0 0
1500 31.1939 53.1386 17.9606 -0.439726 0.851364 485.483 0 0
1500 123.48 9.28673 18.0865 1.15561 0.122475 481.149 0 0
1500 16.5227 -46.2886 17.8706 -0.608416 -0.771925 485.564 0 0
1500 90.9485 -47.4316 17.8752 0.487337 -0.749905 489.037 0 0
1500 113.197 -8.75622 17.898 0.854744 -0.207232 485.586 0 0
1500 67.7729 42.3002 17.827 0.154987 0.67206 489.635 0 0
1500 15.098 42.6959 17.8454 -0.644348 0.680934 488.999 0 0
1500 44.2404 -49.2145 17.8787 -0.303851 -0.777523 481.634 0 0
1500 18.0261 -26.5333 17.8606 -0.647817 -0.473991 485.2 0 0
1500 63.2948 -23.0496 17.8998 0.117534 -0.378618 492.215 0 0
1500 66.6454 -1.64754 17.8816 0.132386 0.0534416 482.819 0 0
1500 61.0117 -35.9396 18.2375 0.0340367 -0.69984 477.985 0 0
1500 47.7343 -42.6302 17.9613 -0.137552 -0.729386 485.776 0 0
1500 62.8765 53.6172 17.8433 0.12291 0.813047 491.233 0 0
1500 117.205 -7.75017 17.8392 0.903898 -0.0625463 490.751 0 0
1500 70.1451 49.5118 17.8422 0.243281 0.810155 486.416 0 0
1500 52.2626 35.4902 17.8551 -0.0351564 0.607819 486.008 0 0
1500 98.014 -8.66366 17.8256 0.674349 -0.0814537 486.133 0 0
1500 88.113 32.878 18.1306 0.570186 0.510925 487.876 0 0
1500 50.0851 -15.478 17.8381 -0.0741078 -0.300727 486.173 0 0
1500 6.33819 2.22464 17.8634 -0.847623 -0.0112978 488.007 0 0
1500 54.3881 -11.3728 17.8821 -0.102943 -0.199989 494.299 0 0
1500 72.4945 -55.7805 17.8604 0.16318 -0.893621 488.35 0 0
1500 51.8789 -21.6731 17.8787 -0.154176 -0.384116 486.752 0 0
1500 9.94768 -45.4639 17.8532 -0.759964 -0.710212 490.801 0 0
1500 100.375 -20.1022 17.8102 0.692567 -0.245537 488.082 0 0
1500 52.7169 59.8513 17.8391 -0.0127822 0.971202 487.394 0 0
1500 -39.6628 -37.4841 17.8648 -1.60522 -0.61928 487.985 0 0
1500 80.2746 52.0949 17.9695 0.371017 0.816794 493.797 0 0
1500 69.5209 17.3036 18.0324 0.250538 0.251531 497.125 0 0
1500 94.785 42.7814 17.9284 0.634554 0.655322 492.223 0 0
1500 96.7851 24.5593 17.9367 0.634229 0.366242 495.41 0 0
1500 92.3234 0.0307217 17.9427 0.56565 0.0169862 496.041 0 0
1500 91.6909 -12.8155 17.8629 0.576061 -0.256425 490.355 0 0
1500 84.353 -37.6298 17.8595 0.42282 -0.585974 496.397 0 0
1500 135.64 -2.00178 17.8307 1.23668 -0.109755 489.174 0 0
1500 54.4944 -23.4294 17.8412 -0.0767918 -0.440947 490.179 0 0
1500 53.9008 -64.304 17.9873 -0.0487144 -1.0272 493.927 0 0
1500 143.536 -54.7995 17.8092 1.27333 -0.892527 493.601 0 0
1500 123.547 8.81199 17.8968 1.03926 0.0843064 494.253 0 0
1500 115.793 32.2506 17.8426 0.927919 0.486211 495.371 0 0
1500 116.055 20.5921 17.8474 0.912341 0.307695 496.815 0 0
1500 87.9542 52.3916 17.8474 0.530602 0.803417 493.672 0 0
1500 70.7115 46.2151 17.8566 0.274226 0.721781 492.59 0 0
1500 83.1611 -25.3257 17.8631 0.469555 -0.38167 492.057 0 0
1500 91.2601 58.0104 17.8429 0.570617 0.873125 494.83 0 0
1500 94.291 43.2323 17.886 0.54238 0.686866 497.822 0 0
1500 29.2931 -60.4048 17.8574 -0.478742 -0.929777 495.92 0 0
1500 124.425 -12.9016 17.9073 1.07401 -0.166893 495.136 0 0
1500 105.515 41.0371 17.8191 0.70135 0.664631 497.833 0 0
1500 35.8631 40.4991 17.8735 -0.372521 0.688789 493.99 0 0
1500 57.3809 65.1024 17.862 -0.0398894 1.0099 497.644 0 0
1500 116.394 30.4457 17.8061 0.919411 0.484693 497.142 0 0
1500 84.2094 -61.0116 17.8683 0.451558 -0.928774 497.754 0 0
1500 89.9247 -47.6153 17.8761 0.52393 -0.717749 499.209 0 0
1500 86.6687 -20.7247 17.8871 0.516078 -0.360006 493.963 0 0
1500 102.759 -16.5641 17.8824 0.700675 -0.270788 499.897 0 0
1500 99.1742 -16.2282 17.8219 0.643274 -0.196943 499.981 0 0
1500 52.4076 66.0265 17.8081 -0.0616326 1.04521 497.164 0 0
1500 109.994 14.8821 17.8204 0.762138 0.280159 499.529 0 0
1500 71.5695 59.1252 17.8114 0.226292 0.964415 495.681 0 0
1500 155.161 2.97018 17.9068 1.57375 0.0500928 495.011 0 0
1500 30.8721 17.9829 17.9653 -0.519211 0.373553 489.076 0 0
1500 89.1546 22.8245 17.938 0.598771 0.358891 490.358 0 0
1500 28.7318 -15.9897 17.8686 -0.465573 -0.184082 502.342 0 0
1500 65.8765 69.4138 17.8725 0.196535 1.09982 496.943 0 0
1500 20.5003 11.2183 17.8092 -0.661224 0.190237 496.573 0 0
1500 24.3629 -37.6136 17.8063 -0.552316 -0.520315 502.304 0 0
1500 7.8601 -31.856 17.7991 -0.796345 -0.443455 501.497 0 0
1500 85.9237 53.6109 17.9356 0.54127 0.916123 494.16 0 0
1500 85.5263 53.6094 17.8616 0.445935 0.878298 501.108 0 0
1500 50.8572 33.2222 17.8789 -0.0786575 0.587503 499.256 0 0
1500 63.2389 17.131 17.8384 0.123679 0.333217 500.956 0 0
1500 0.794291 22.8324 17.882 -0.925086 0.317369 514.113 0 0
