Total number of secondary electrons: 2032
1500 130.28 21.4342 16.6322 1.65437 0.47475 264.534 0 0
1500 115.155 -2.61563 17.4472 1.38624 -0.10254 266.663 0 0
1500 92.0239 6.51582 16.7005 0.783364 0.0906085 274.875 0 0
1500 101.094 7.67221 15.8471 0.780539 0.134887 276.827 0 0
1500 100.516 13.3683 15.8444 0.773324 0.201886 276.872 0 0
1500 88.4668 -9.38951 16.4076 0.650238 -0.137439 281.777 0 0
1500 87.1713 -13.0478 15.8794 0.609557 -0.192909 293.089 0 0
1500 106.341 14.6342 16.1434 0.997968 0.216417 302.037 0 0
1500 116.007 13.3703 16.6016 1.19427 0.262495 304.161 0 0
1500 91.8245 12.8888 15.1721 0.569915 0.134339 304.589 0 0
1500 83.7879 -1.40909 16.0324 0.568139 0.00310674 305.73 0 0
1500 87.2165 -2.12283 16.3246 0.595216 -0.0194426 306.938 0 0
1500 92.9273 7.30703 15.463 0.653472 0.164677 310.118 0 0
1500 88.6906 -43.1969 14.4829 0.428448 -0.529816 311.913 0 0
1500 99.9256 -7.2172 14.6473 0.576529 -0.0539533 312.512 0 0
1500 88.307 10.476 16.0654 0.55767 0.157324 312.992 0 0
1500 89.4892 -7.74082 15.7741 0.56851 -0.0964745 313.846 0 0
1500 37.6655 -24.8 14.6873 -0.235075 -0.348735 315.348 0 0
1500 35.0739 5.27047 14.8067 -0.307084 0.0464525 315.36 0 0
1500 97.0695 25.2369 16.0271 0.724419 0.384782 316.889 0 0
1500 88.4636 -1.74876 15.718 0.509861 0.0281655 317.192 0 0
1500 86.5963 -6.87512 16.1906 0.519552 -0.122264 320.157 0 0
1500 88.9722 -7.0363 16.2296 0.659496 -0.149471 321.104 0 0
1500 83.3285 6.056 16.6988 0.562656 0.127838 321.374 0 0
1500 103.16 -0.498625 16.5856 0.932538 0.0113941 321.723 0 0
1500 94.7663 -4.34331 16.1604 0.682514 -0.0482596 322.266 0 0
1500 96.9018 5.9189 14.9602 0.521409 0.134962 322.338 0 0
1500 76.3647 -21.8595 15.2297 0.338516 -0.303334 322.881 0 0
1500 89.6757 11.0766 15.1284 0.411506 0.178285 323.905 0 0
1500 86.9553 0.795454 16.5157 0.565412 -0.0358628 324.547 0 0
1500 74.4912 -5.30656 15.7621 0.357287 -0.114174 324.69 0 0
1500 74.9058 -49.4963 14.8103 0.16798 -0.708418 325.551 0 0
1500 98.924 -60.2325 14.8014 0.529033 -0.796108 326.206 0 0
1500 122.813 -36.3897 14.804 0.820583 -0.503702 326.293 0 0
1500 77.7122 6.39072 15.0192 0.278192 0.0901587 326.486 0 0
1500 94.5535 -65.6514 14.8115 0.473594 -0.858928 326.54 0 0
1500 118.706 26.6402 15.7223 1.09185 0.465519 326.693 0 0
1500 95.0866 -71.3649 14.8452 0.47407 -0.916933 327.582 0 0
1500 62.2482 -30.2842 15.3828 0.115942 -0.443473 328.123 0 0
1500 103.961 31.1303 15.7176 0.844702 0.54403 328.476 0 0
1500 63.5613 11.4064 15.7042 0.154808 0.162861 329.387 0 0
1500 73.1961 8.06263 15.5208 0.248474 0.165516 330.315 0 0
1500 62.708 -50.6513 15.4023 0.0762495 -0.728559 330.65 0 0
1500 95.6396 -5.35755 16.14 0.635154 -0.0916485 333.565 0 0
1500 74.1786 -17.2255 16.0464 0.243752 -0.28086 334.279 0 0
1500 73.5894 70.9677 15.2675 0.252136 0.901902 335.045 0 0
1500 103.069 -4.28057 16.7971 0.785059 -0.111536 335.647 0 0
1500 72.1323 18.8346 15.8421 0.190119 0.276737 337.009 0 0
1500 -21.3231 38.2472 15.4005 -0.995376 0.508486 337.313 0 0
1500 80.0352 15.7623 16.4263 0.412275 0.247757 337.857 0 0
1500 82.1552 -6.41822 15.8624 0.40036 -0.113305 338.466 0 0
1500 63.102 -5.92309 15.8316 0.0510136 -0.0446333 338.577 0 0
1500 71.8391 15.5019 15.843 0.160149 0.223355 338.751 0 0
1500 35.5757 11.3744 15.8495 -0.292911 0.171531 338.851 0 0
1500 58.3429 28.9083 16.0227 0.012216 0.384007 339.094 0 0
1500 90.1505 -5.80647 16.0087 0.509941 -0.0936916 339.666 0 0
1500 81.3833 -1.59824 17.4351 0.485282 -0.0241989 341.297 0 0
1500 97.9559 13.3551 17.0662 0.812684 0.235756 341.36 0 0
1500 74.8074 -7.11012 16.202 0.249211 -0.15557 342.22 0 0
1500 73.2655 14.4368 16.4964 0.297536 0.234222 342.47 0 0
1500 42.4338 -38.9541 16.1088 -0.215463 -0.544621 343.966 0 0
1500 88.5702 -25.3733 16.3189 0.495883 -0.331667 344.086 0 0
1500 93.9851 -74.6941 16.2189 0.533365 -1.05126 344.162 0 0
1500 45.8218 -13.0384 16.5134 -0.134787 -0.180773 344.174 0 0
1500 39.212 -45.7925 16.1259 -0.23675 -0.639632 344.223 0 0
1500 87.0575 -42.2687 16.1304 0.36965 -0.594366 344.3 0 0
1500 85.7741 -6.18074 17.5875 0.527138 -0.0745194 344.691 0 0
1500 89.3737 34.9308 16.196 0.488368 0.486764 344.994 0 0
1500 62.0607 22.998 16.4123 0.0186604 0.389433 345.319 0 0
1500 82.655 -14.3793 17.3365 0.460268 -0.227591 345.767 0 0
1500 100.047 68.9038 16.0849 0.56243 0.881368 346.336 0 0
1500 93.7335 -11.3015 16.895 0.595681 -0.167941 346.435 0 0
1500 78.4531 -2.40469 17.49 0.443028 0.0264884 346.475 0 0
1500 63.1708 -55.5746 16.6176 0.0974405 -0.893632 346.598 0 0
1500 14.6965 -72.5822 16.193 -0.58607 -1.03415 346.835 0 0
1500 102.35 -13.9988 16.8982 0.674247 -0.222875 347.102 0 0
1500 85.383 77.0764 16.1574 0.378365 0.968607 347.401 0 0
1500 -5.14339 -47.7754 16.353 -0.901788 -0.624094 347.864 0 0
1500 82.4718 -8.93053 16.4085 0.405273 -0.132371 348.018 0 0
1500 74.8706 103.792 16.3713 0.233993 1.46216 348.194 0 0
1500 86.5625 3.67636 17.8146 0.534103 0.0304874 348.332 0 0
1500 58.1081 -6.91543 16.6066 -0.0714468 -0.0897229 348.398 0 0
1500 126.876 -9.23772 16.3773 0.942105 -0.0993548 348.723 0 0
1500 96.3953 0.0252512 17.3751 0.768045 -0.0211605 348.753 0 0
1500 72.3958 1.15008 16.6434 0.255978 0.0222382 348.858 0 0
1500 97.2477 -20.5076 18.2371 0.857766 -0.39791 349.393 0 0
1500 86.9639 -4.38625 16.9759 0.443885 -0.0307801 349.59 0 0
1500 106.002 14.3312 16.3054 0.659526 0.135643 350.023 0 0
1500 78.7078 19.3237 16.8138 0.318122 0.249601 351.117 0 0
1500 90.7914 4.31392 17.8519 0.593132 0.0995817 351.17 0 0
1500 49.4417 37.7059 16.5518 -0.137921 0.528432 351.511 0 0
1500 43.5283 -71.2379 16.4055 -0.145961 -0.949776 351.86 0 0
1500 85.9753 -68.88 16.4604 0.41296 -0.890875 351.945 0 0
1500 93.2615 -66.4906 16.4386 0.479518 -0.883212 352.443 0 0
1500 109.905 14.9932 18.1398 0.963011 0.258651 352.748 0 0
1500 125.256 -38.4066 16.4593 0.877267 -0.528233 352.802 0 0
1500 68.0371 -6.87385 16.6676 0.150981 -0.154076 352.913 0 0
1500 81.7852 23.0155 17.2015 0.390881 0.349142 353.01 0 0
1500 -16.227 17.9635 16.475 -0.994613 0.217937 353.078 0 0
1500 28.886 75.253 16.4856 -0.428961 0.932858 353.262 0 0
1500 36.3013 -12.1514 16.9554 -0.321649 -0.251035 353.393 0 0
1500 122.243 -47.4522 16.5051 0.831498 -0.635106 353.582 0 0
1500 63.7244 -28.0257 16.7895 0.0885793 -0.4226 353.69 0 0
1500 107.629 -45.2123 16.6811 0.704386 -0.581436 353.766 0 0
1500 89.4445 4.84825 17.5821 0.554458 0.108933 353.865 0 0
1500 59.476 8.56119 17.6065 0.076752 0.102956 353.946 0 0
1500 38.3713 -25.273 16.8296 -0.25947 -0.421221 354.168 0 0
1500 21.3582 -8.58084 16.7225 -0.520029 -0.119039 354.239 0 0
1500 93.1892 -29.4984 17.0526 0.557077 -0.402139 354.366 0 0
1500 66.1381 22.243 17.3118 0.172649 0.335121 354.401 0 0
1500 60.0572 19.6366 17.001 0.0349634 0.366749 354.749 0 0
1500 36.2395 -11.7964 16.9101 -0.283478 -0.202088 354.89 0 0
1500 68.5526 9.65431 17.0567 0.178055 0.161611 355.404 0 0
1500 83.8075 -44.2367 16.6824 0.401847 -0.566963 355.445 0 0
1500 87.0534 9.87237 17.5629 0.524302 0.0955021 356.449 0 0
1500 102.408 -13.3233 16.8691 0.62646 -0.226582 356.866 0 0
1500 72.2385 -14.9988 16.9006 0.271732 -0.194685 356.853 0 0
1500 82.8163 -3.1178 17.0055 0.378147 -0.101367 356.871 0 0
1500 77.5317 -0.185561 17.8728 0.374316 0.0542233 356.9 0 0
1500 121.849 59.5668 16.845 0.95293 0.875918 357.177 0 0
1500 72.2895 -45.6289 16.8171 0.243159 -0.634875 357.322 0 0
1500 71.9279 -1.6765 16.7938 0.248953 -9.59571e-05 357.327 0 0
1500 87.4631 -5.60117 18.385 0.615601 -0.0632374 357.503 0 0
1500 115.783 -16.3539 16.7524 0.716603 -0.238532 357.52 0 0
1500 59.7528 36.8464 16.8131 0.0860128 0.510473 357.805 0 0
1500 81.1246 4.25415 18.0202 0.499343 0.067446 357.807 0 0
1500 92.8002 -34.2109 17.0925 0.482062 -0.501012 357.815 0 0
1500 107.342 3.36295 16.7941 0.612437 -0.00577448 358.148 0 0
1500 95.1789 16.0959 16.8566 0.489558 0.164221 358.298 0 0
1500 90.0687 -8.70985 17.7494 0.520169 -0.166779 358.375 0 0
1500 123.643 12.2334 16.8741 0.897523 0.116833 358.558 0 0
1500 96.189 19.248 17.5573 0.612484 0.285014 358.798 0 0
1500 60.5664 16.7959 17.5749 0.0836768 0.256376 358.851 0 0
1500 -1.26882 -37.2151 16.9459 -0.877163 -0.593386 359.064 0 0
1500 109.36 7.64367 19.443 1.19602 0.117846 359.08 0 0
1500 92.904 14.1176 18.1783 0.708994 0.251983 359.134 0 0
1500 92.547 -29.1077 17.4209 0.515355 -0.477672 359.802 0 0
1500 77.4327 3.66425 17.9067 0.424012 0.0797952 359.913 0 0
1500 101.571 -13.4077 18.4582 0.839176 -0.246347 359.92 0 0
1500 279.53 -82.0478 17.0307 3.30972 -1.20748 360.046 0 0
1500 80.1733 6.87573 17.1394 0.375768 0.0575072 360.238 0 0
1500 73.7768 2.14987 18.2585 0.361633 -0.0162514 360.323 0 0
1500 52.1643 -45.1867 17.2151 -0.08809 -0.75628 360.336 0 0
1500 97.0314 37.0093 17.0718 0.539684 0.548992 360.375 0 0
1500 76.9637 7.54533 17.532 0.379686 0.0676971 360.505 0 0
1500 108.823 13.3177 18.0173 0.878614 0.245468 360.615 0 0
1500 88.7688 -10.6698 17.5594 0.449322 -0.167316 360.892 0 0
1500 87.246 -20.0621 17.2552 0.40079 -0.277419 361.137 0 0
1500 81.177 -14.9114 17.0511 0.354008 -0.239873 361.243 0 0
1500 114.297 -47.3375 16.9767 0.787616 -0.601548 361.342 0 0
1500 97.8689 68.5615 16.9754 0.516664 0.908406 361.345 0 0
1500 19.6204 22.6024 17.1042 -0.603961 0.332719 361.541 0 0
1500 124.866 -60.7033 17.1644 1.06963 -0.90578 361.921 0 0
1500 108.594 60.7816 17.0022 0.695156 0.784602 361.949 0 0
1500 88.5407 20.6621 17.1582 0.479213 0.299467 362.132 0 0
1500 91.3753 -23.6444 17.2143 0.534659 -0.307496 362.132 0 0
1500 84.2527 18.811 17.5172 0.423718 0.299025 362.385 0 0
1500 96.1017 9.70621 17.6273 0.626833 0.152996 362.444 0 0
1500 116.369 53.1001 17.0299 0.787427 0.683408 362.495 0 0
1500 42.3629 -53.7746 17.275 -0.322625 -0.845912 362.98 0 0
1500 121.39 -27.7293 17.1867 0.941564 -0.394643 363.068 0 0
1500 95.7714 -23.5872 17.1821 0.523902 -0.383245 363.111 0 0
1500 43.5155 7.53242 17.4931 -0.17473 0.155684 363.213 0 0
1500 118.95 7.17658 17.2618 0.886107 0.10077 363.437 0 0
1500 121.987 40.1565 17.0883 0.845759 0.514736 363.61 0 0
1500 25.8904 -9.50195 17.6381 -0.515194 -0.194331 363.701 0 0
1500 115.68 72.4757 17.085 0.789854 0.905087 364.282 0 0
1500 25.0154 40.0429 17.1863 -0.473703 0.592078 364.285 0 0
1500 81.1135 17.62 17.4593 0.352891 0.229123 364.401 0 0
1500 101.964 -17.2033 17.3577 0.680843 -0.228174 364.422 0 0
1500 81.2481 8.42503 18.7749 0.542788 0.128947 364.447 0 0
1500 -49.0384 -16.3026 17.2929 -1.63864 -0.319485 364.45 0 0
1500 92.3049 39.6739 17.1976 0.487764 0.61519 364.664 0 0
1500 70.2741 1.4288 17.8212 0.283195 0.075337 364.754 0 0
1500 59.1507 -0.721728 17.3161 -0.0209426 -0.049575 364.793 0 0
1500 27.195 -73.532 17.1893 -0.414983 -0.994845 365.25 0 0
1500 106.086 -49.0371 17.3423 0.692756 -0.764608 365.408 0 0
1500 120.333 -0.413412 18.7991 1.40333 -0.0222894 366.007 0 0
1500 78.5452 0.491374 18.8577 0.463955 0.00765856 366.068 0 0
1500 114.227 -1.15147 17.4087 0.833481 0.0161538 366.193 0 0
1500 112.294 -20.8219 17.3862 0.805394 -0.305549 366.269 0 0
1500 127.162 23.7951 17.3082 0.974628 0.320837 366.427 0 0
1500 81.8552 23.3722 17.2509 0.339758 0.297566 366.508 0 0
1500 88.0771 22.0867 17.6353 0.477035 0.358987 366.624 0 0
1500 40.6142 -64.6096 17.2162 -0.298756 -0.886545 366.652 0 0
1500 114.921 -11.2771 17.3038 0.785167 -0.211581 367.029 0 0
1500 76.3847 -26.3783 17.667 0.26198 -0.409822 367.132 0 0
1500 73.2501 63.3541 17.2845 0.188471 0.919119 367.272 0 0
1500 43.7767 -78.6549 17.2356 -0.224555 -1.0418 367.336 0 0
1500 115.735 -36.126 17.6101 1.00277 -0.63904 367.473 0 0
1500 -1.22091 -1.10886 17.2434 -0.835755 -0.0816336 367.527 0 0
1500 91.4816 1.09886 18.4424 0.656238 0.0538937 367.638 0 0
1500 77.5113 8.58132 18.4131 0.394791 0.072785 367.843 0 0
1500 87.6696 0.179541 18.943 0.589121 0.0488476 367.874 0 0
1500 38.6351 64.2918 17.5353 -0.247621 1.01053 367.898 0 0
1500 79.3609 -59.4332 17.4489 0.334171 -0.857417 368.035 0 0
1500 89.6497 -14.0757 17.5274 0.53278 -0.172285 368.138 0 0
1500 92.5939 -11.7676 18.1658 0.627091 -0.147319 368.177 0 0
1500 85.1599 4.10764 17.8484 0.468187 0.116276 368.451 0 0
1500 57.6139 25.7567 17.9299 0.0377769 0.435056 368.722 0 0
1500 85.1044 -57.0028 17.5199 0.38915 -0.860898 368.886 0 0
1500 1.16619 0.0742238 17.386 -0.862477 -0.061446 368.873 0 0
1500 22.8577 -69.6503 17.3897 -0.530661 -1.09125 368.923 0 0
1500 73.9788 1.57137 17.7123 0.240413 -0.0388688 368.972 0 0
1500 71.7002 -1.50005 17.7861 0.310721 -0.050713 368.994 0 0
1500 41.2439 -46.4543 17.3639 -0.225472 -0.718196 369.07 0 0
1500 78.0932 -1.55423 17.5203 0.375736 -0.0186045 369.079 0 0
1500 42.4349 71.9046 17.3458 -0.228764 1.01228 369.103 0 0
1500 83.989 -26.8332 17.7466 0.451608 -0.398069 369.519 0 0
1500 55.59 1.09406 17.8367 -0.014998 -0.0355254 369.488 0 0
1500 10.7884 -21.3156 17.3356 -0.694877 -0.358122 369.46 0 0
1500 80.027 -2.38503 17.4872 0.381829 0.0120119 369.449 0 0
1500 78.9733 14.9818 17.4892 0.366379 0.256521 369.563 0 0
1500 55.2995 0.260501 17.5106 -0.026952 0.0739741 369.487 0 0
1500 84.6427 -44.7049 17.7283 0.477215 -0.697334 369.468 0 0
1500 103.71 -60.354 17.587 0.741199 -0.970899 369.542 0 0
1500 89.3366 -6.29963 17.7595 0.49453 -0.050857 369.591 0 0
1500 105.727 29.5759 17.3647 0.700458 0.450993 369.636 0 0
1500 63.4324 -25.7013 17.8839 0.171682 -0.456062 369.701 0 0
1500 62.8622 -14.6956 17.964 0.103394 -0.222806 369.798 0 0
1500 62.7353 21.0353 18.1137 0.13604 0.344041 369.918 0 0
1500 80.5297 7.33296 17.7827 0.383653 0.116311 370.102 0 0
1500 99.2991 7.71393 17.4996 0.647444 0.152977 370.125 0 0
1500 8.50353 34.4038 17.4855 -0.766435 0.459521 370.165 0 0
1500 92.8572 -46.1692 17.595 0.502221 -0.705221 370.278 0 0
1500 74.0288 -2.93583 17.3957 0.196015 -0.105307 370.422 0 0
1500 67.2996 56.7225 17.4343 0.0784156 0.806796 370.483 0 0
1500 70.7839 16.5385 17.9159 0.201622 0.278797 370.501 0 0
1500 16.3701 51.9954 17.5033 -0.634948 0.763758 370.545 0 0
1500 108.308 6.81232 17.4913 0.751942 0.153779 370.611 0 0
1500 83.1735 -2.65222 18.0043 0.416423 -0.00549539 370.654 0 0
1500 64.3251 58.7343 17.4576 0.0535766 0.871573 371.393 0 0
1500 9.66911 19.1764 17.4405 -0.698777 0.248022 371.435 0 0
1500 28.5054 30.6837 17.5351 -0.408766 0.5104 371.44 0 0
1500 -9.43347 -30.0804 17.3859 -0.956223 -0.39951 371.533 0 0
1500 101.467 43.8583 17.5112 0.648403 0.661054 371.53 0 0
1500 92.8423 -45.7136 17.5773 0.549031 -0.680433 371.553 0 0
1500 87.0015 13.5642 17.8657 0.451883 0.180212 371.592 0 0
1500 93.6569 0.408845 18.1968 0.633889 -0.0361566 371.595 0 0
1500 110.418 -26.1501 17.5796 0.789954 -0.410439 371.656 0 0
1500 24.9945 -40.8038 17.4492 -0.494412 -0.543257 371.697 0 0
1500 111.321 36.0927 17.427 0.755449 0.524982 371.691 0 0
1500 90.8231 33.9149 17.4838 0.44794 0.466009 371.794 0 0
1500 60.0496 11.1471 17.7454 0.0226073 0.179636 371.842 0 0
1500 96.7833 -17.1551 17.4361 0.516654 -0.306018 372.029 0 0
1500 62.1608 -0.452128 17.7436 0.0890829 0.0538966 372.122 0 0
1500 99.8845 9.1011 18.0647 0.697522 0.171146 372.135 0 0
1500 33.7433 -22.3965 17.4701 -0.312678 -0.384528 372.207 0 0
1500 61.4012 15.1432 17.4765 0.0421339 0.288057 372.243 0 0
1500 42.4499 30.4263 17.5155 -0.174935 0.432608 372.336 0 0
1500 87.644 17.1568 17.5158 0.377779 0.270303 372.341 0 0
1500 69.8102 16.4316 17.9452 0.2488 0.218781 372.405 0 0
1500 73.7699 23.5102 17.4802 0.218617 0.406441 372.514 0 0
1500 -2.55682 -5.42443 17.4344 -0.873197 -0.136777 372.533 0 0
1500 124.717 5.50802 18.6662 1.29028 0.102761 372.57 0 0
1500 124.33 29.3962 17.4766 0.936958 0.453995 372.673 0 0
1500 80.5091 0.116414 17.9521 0.385232 -0.0681624 372.667 0 0
1500 73.8237 51.0429 17.6162 0.212795 0.840827 372.675 0 0
1500 112.935 -16.4455 17.6427 0.819115 -0.288607 372.798 0 0
1500 24.466 110.653 17.5692 -0.469817 1.76645 372.772 0 0
1500 -3.83363 29.7228 17.4317 -0.86789 0.382495 372.801 0 0
1500 86.547 -35.1883 17.4796 0.437698 -0.562247 372.83 0 0
1500 43.2697 15.4896 17.5175 -0.221136 0.231605 372.914 0 0
1500 122.959 -28.6505 17.6112 0.977507 -0.48748 373.011 0 0
1500 29.144 -14.5728 17.5958 -0.520719 -0.26614 373.073 0 0
1500 14.9151 56.7498 17.4299 -0.609258 0.797027 373.089 0 0
1500 23.318 47.8248 17.5166 -0.543743 0.684302 373.136 0 0
1500 40.9376 27.3147 18.0034 -0.284212 0.549191 373.191 0 0
1500 102.363 -6.94025 17.4732 0.619771 -0.168918 373.207 0 0
1500 93.8863 -4.0642 18.0591 0.603609 -0.110634 373.529 0 0
1500 99.1826 -11.3519 18.1725 0.728657 -0.209988 373.751 0 0
1500 84.4826 6.71114 18.3311 0.513938 0.0376221 373.771 0 0
1500 65.6133 -10.2688 17.5418 0.13949 -0.171397 373.813 0 0
1500 98.6779 -40.6999 17.4918 0.6117 -0.636058 373.784 0 0
1500 91.5658 36.9591 17.5077 0.47971 0.520963 373.937 0 0
1500 59.08 11.0644 17.8548 0.0924092 0.220408 374.1 0 0
1500 74.7614 -4.14529 18.4053 0.265278 -0.109134 374.494 0 0
1500 72.4822 -21.2572 17.9161 0.314719 -0.338638 374.516 0 0
1500 89.1189 37.8512 17.526 0.512548 0.517004 374.649 0 0
1500 71.0697 -35.1683 17.5553 0.18578 -0.509009 374.725 0 0
1500 95.2227 -69.8617 18.1706 0.661016 -1.22214 374.708 0 0
1500 124.782 -19.7664 17.5182 0.952245 -0.334485 374.818 0 0
1500 115.1 14.7587 17.7093 0.864955 0.254328 374.841 0 0
1500 86.8791 -8.68377 18.253 0.460256 -0.15013 374.857 0 0
1500 48.0334 9.46016 17.549 -0.156154 0.170894 374.942 0 0
1500 89.4337 13.8538 17.5516 0.417793 0.259147 375.007 0 0
1500 98.2736 27.8778 18.9599 0.915134 0.652126 375.218 0 0
1500 69.2565 -13.6253 17.579 0.161545 -0.233428 375.302 0 0
1500 1.45546 -31.1196 17.5266 -0.851422 -0.407343 375.412 0 0
1500 101.853 -18.6694 17.9299 0.71623 -0.29847 375.463 0 0
1500 23.8151 -60.9025 17.5159 -0.542296 -0.836372 375.578 0 0
1500 93.9279 15.9979 17.7719 0.53564 0.219923 375.739 0 0
1500 30.6638 0.350001 17.6118 -0.455193 -0.00715729 375.792 0 0
1500 84.0819 -35.0234 17.5565 0.440952 -0.526259 375.822 0 0
1500 67.441 -53.7968 17.9387 0.158665 -0.879454 375.895 0 0
1500 123.761 -7.51195 18.6984 1.33845 -0.130096 375.91 0 0
1500 31.064 58.3569 18.1432 -0.421847 1.03978 376.043 0 0
1500 116.845 -27.8996 17.6633 0.89771 -0.389283 376.275 0 0
1500 135.212 -49.0042 17.83 1.33517 -0.764898 376.223 0 0
1500 13.6191 35.9796 17.6256 -0.659349 0.601341 376.336 0 0
1500 51.6687 -72.1448 17.5888 -0.109503 -1.04059 376.355 0 0
1500 42.4136 -2.24491 17.9241 -0.260763 0.0239979 376.392 0 0
1500 116.176 16.237 17.5223 0.868255 0.179993 376.433 0 0
1500 16.4399 58.0388 17.5607 -0.568106 0.851531 376.464 0 0
1500 104.586 -24.3221 17.5356 0.639473 -0.364818 376.567 0 0
1500 83.4748 -4.48526 18.6228 0.476314 -0.0545644 376.628 0 0
1500 91.1352 -48.3463 17.9349 0.521938 -0.802907 376.756 0 0
1500 93.1808 -18.8904 18.0323 0.540336 -0.3311 376.865 0 0
1500 57.0981 16.0727 17.6941 0.0238091 0.302043 376.883 0 0
1500 124.658 -36.3441 17.8325 1.06836 -0.63654 376.917 0 0
1500 59.0873 -14.8775 17.7675 -0.045904 -0.188378 377.064 0 0
1500 94.5695 -16.1533 17.7884 0.54924 -0.21144 377.119 0 0
1500 57.0163 -69.5113 17.5546 -0.0464883 -0.98062 377.13 0 0
1500 71.9365 15.9415 18.3789 0.278361 0.303643 377.14 0 0
1500 48.7336 -12.4761 18.1168 -0.125564 -0.190495 377.154 0 0
1500 102.216 -16.6822 17.8445 0.705031 -0.284669 377.403 0 0
1500 82.5189 -58.5154 17.5807 0.301563 -0.899085 377.466 0 0
1500 76.8475 -6.94017 18.2785 0.42078 -0.113416 377.55 0 0
1500 92.2119 6.68904 19.4372 0.727281 0.113455 377.659 0 0
1500 99.3312 14.5634 17.7015 0.628007 0.276858 377.712 0 0
1500 97.858 -33.3577 18.7688 0.784525 -0.593795 377.806 0 0
1500 71.4379 -45.742 17.6153 0.1483 -0.71151 377.858 0 0
1500 67.6588 29.5158 17.6677 0.223758 0.466958 378.006 0 0
1500 24.7582 -20.7352 17.7105 -0.5334 -0.275697 378.146 0 0
1500 72.2957 3.6409 17.7494 0.16443 0.0905011 378.167 0 0
1500 82.8984 -20.5882 17.8293 0.458394 -0.283093 378.22 0 0
1500 106.797 -16.3011 17.5871 0.769368 -0.251701 378.344 0 0
1500 75.4772 -26.9842 18.1105 0.264563 -0.429328 378.398 0 0
1500 134.645 27.1125 17.6846 1.14054 0.380819 378.486 0 0
1500 79.4949 18.0643 18.5717 0.386001 0.273163 378.483 0 0
1500 92.9954 48.3976 17.656 0.603884 0.721531 378.478 0 0
1500 69.9319 13.3925 17.7517 0.225923 0.196224 378.67 0 0
1500 -37.2828 33.1891 17.6737 -1.42521 0.515478 378.617 0 0
1500 80.3249 13.0857 17.6422 0.403561 0.185006 378.601 0 0
1500 50.7671 -13.2272 17.8489 -0.137168 -0.155399 378.692 0 0
1500 83.4163 5.8399 18.578 0.457419 0.124233 378.738 0 0
1500 77.2137 1.56023 18.1701 0.332105 -0.0338484 378.75 0 0
1500 123.448 -38.2263 18.0441 1.08404 -0.630785 378.927 0 0
1500 69.8984 12.116 17.8516 0.216632 0.247419 379.009 0 0
1500 69.189 -26.5703 17.6312 0.237995 -0.394828 379.041 0 0
1500 72.6186 25.2165 17.6313 0.288404 0.36698 379.052 0 0
1500 12.769 -10.6538 17.9076 -0.722688 -0.200282 379.11 0 0
1500 56.4138 33.147 17.8512 -0.0547293 0.515322 379.142 0 0
1500 96.2743 -32.5851 17.6592 0.639582 -0.466894 379.24 0 0
1500 19.8603 -60.3772 17.6089 -0.528835 -0.878072 379.353 0 0
1500 67.1985 1.19324 17.7882 0.222269 0.0461169 379.423 0 0
1500 66.1664 8.68484 17.7069 0.195751 0.158973 379.49 0 0
1500 74.026 -10.1261 18.7559 0.357418 -0.166986 379.761 0 0
1500 -20.5041 -39.5103 17.6102 -1.16442 -0.531976 379.753 0 0
1500 94.8248 27.7124 17.6648 0.608551 0.399814 379.803 0 0
1500 126.355 -1.2266 17.6822 1.01919 0.0207285 379.881 0 0
1500 94.6747 -31.4615 17.6363 0.605318 -0.460987 379.896 0 0
1500 81.2704 28.6664 17.6727 0.294078 0.43342 380.052 0 0
1500 109.239 46.4111 17.6875 0.777563 0.681616 380.174 0 0
1500 99.7681 6.34986 18.0313 0.711376 0.0668374 380.18 0 0
1500 103.878 52.4223 17.6893 0.702242 0.763994 380.271 0 0
1500 106.606 -45.4396 17.7675 0.836701 -0.679129 380.346 0 0
1500 120.548 -2.53492 17.8638 0.968063 -0.0618171 380.376 0 0
1500 15.2295 57.7346 17.6711 -0.62415 0.841178 380.393 0 0
1500 75.9818 0.720477 17.6864 0.260613 -0.059728 380.375 0 0
1500 93.7325 15.7048 17.8191 0.539974 0.300295 380.504 0 0
1500 111.393 46.1304 17.6969 0.801962 0.673116 380.667 0 0
1500 73.1422 39.1722 17.7307 0.249805 0.639907 380.641 0 0
1500 -10.645 -6.71341 17.7173 -1.0107 -0.130594 380.888 0 0
1500 129.429 -6.60499 17.702 1.04688 -0.0534284 380.919 0 0
1500 90.5253 -31.836 17.8537 0.567064 -0.458049 380.905 0 0
1500 110.892 -8.15512 17.9657 0.934716 -0.109445 380.934 0 0
1500 106.338 108.096 18.0447 0.823281 1.97123 380.977 0 0
1500 82.3213 25.6313 18.4423 0.431661 0.424632 381.07 0 0
1500 94.6586 -44.6229 17.6929 0.57018 -0.742539 381.017 0 0
1500 54.8064 -31.4497 18.0378 -0.040702 -0.508596 381.143 0 0
1500 98.3281 33.7451 17.7347 0.61104 0.556346 381.213 0 0
1500 42.0575 28.4342 17.6908 -0.263377 0.391176 381.314 0 0
1500 162.711 -15.4446 17.7091 1.67221 -0.258978 381.318 0 0
1500 55.1402 -71.4137 17.6696 -0.0844987 -1.0393 381.392 0 0
1500 124.004 -2.81853 17.637 1.00245 -0.062684 381.584 0 0
1500 6.06286 -11.5616 17.6618 -0.786049 -0.247874 381.62 0 0
1500 81.1659 60.5267 17.999 0.436758 0.992691 381.599 0 0
1500 90.2855 -13.8479 18.1421 0.49988 -0.265527 381.638 0 0
1500 77.1791 19.9535 17.72 0.303486 0.366684 381.738 0 0
1500 110.812 39.2897 18.1975 0.972797 0.723788 381.774 0 0
1500 103.525 -17.479 18.0335 0.750175 -0.292836 381.935 0 0
1500 60.9893 -46.8923 17.7386 0.00984873 -0.809051 382.003 0 0
1500 61.5242 55.5277 17.71 0.00540495 0.854198 382.046 0 0
1500 101.92 55.3283 17.6618 0.688253 0.774831 382.129 0 0
1500 48.6755 -3.4486 18.0429 -0.188871 -0.0160398 382.127 0 0
1500 37.8667 20.2423 18.1177 -0.287116 0.337196 382.201 0 0
1500 77.3735 19.3806 18.1385 0.304102 0.305965 382.215 0 0
1500 109.572 -34.0999 17.9242 0.797621 -0.539176 382.236 0 0
1500 99.4044 48.1367 17.8335 0.607049 0.75187 382.229 0 0
1500 81.7557 17.196 18.7941 0.440621 0.328048 382.266 0 0
1500 126.58 11.2348 17.6653 1.03198 0.153843 382.357 0 0
1500 118.425 9.49956 18.4072 1.20987 0.15868 382.388 0 0
1500 68.7949 15.9432 18.1104 0.183641 0.296645 382.426 0 0
1500 104.353 -12.147 17.9417 0.71831 -0.2409 382.57 0 0
1500 62.4812 -18.4339 18.88 0.122635 -0.311842 382.604 0 0
1500 69.1445 -8.98625 18.4201 0.277386 -0.139917 382.687 0 0
1500 52.2154 -38.1241 17.9484 -0.152724 -0.631012 382.679 0 0
1500 127.488 -24.4142 17.7209 1.03263 -0.326686 382.739 0 0
1500 56.8848 -14.5131 17.9836 0.0183747 -0.285136 382.708 0 0
1500 77.5912 4.23136 18.2354 0.399337 0.0154152 382.862 0 0
1500 81.6338 10.2946 18.8937 0.544591 0.162494 382.88 0 0
1500 120.846 -20.2543 17.709 0.941362 -0.280245 382.971 0 0
1500 2.1091 128.225 18.0767 -0.956021 2.22114 383.071 0 0
1500 67.3789 -26.264 17.7444 0.174862 -0.45592 383.084 0 0
1500 124.276 19.9303 17.7413 0.998237 0.308074 383.15 0 0
1500 93.7679 -43.6906 17.8503 0.522549 -0.697807 383.219 0 0
1500 117.694 3.30415 17.7273 0.882298 0.11839 383.208 0 0
1500 75.2066 -41.03 17.8862 0.216879 -0.64028 383.412 0 0
1500 59.6652 8.39363 18.3788 0.0668112 0.156959 383.482 0 0
1500 98.7455 -42.7093 17.709 0.601054 -0.615456 383.747 0 0
1500 102.364 54.5291 17.7659 0.645594 0.825876 383.754 0 0
1500 46.4168 33.0713 17.8599 -0.253886 0.560576 383.869 0 0
1500 84.9466 -4.4539 18.4015 0.568892 -0.0179695 383.925 0 0
1500 56.7505 -12.5304 17.7074 -0.0452613 -0.221933 383.974 0 0
1500 111.948 29.9109 17.7334 0.851354 0.427804 383.972 0 0
1500 84.9314 3.54299 18.9083 0.529929 0.11701 384.076 0 0
1500 18.3414 19.4482 17.6906 -0.617341 0.346117 384.05 0 0
1500 7.02724 9.59449 17.746 -0.849232 0.0940633 384.169 0 0
1500 18.2379 44.9012 17.7163 -0.634313 0.68584 384.326 0 0
1500 86.4176 -10.2072 17.8567 0.50341 -0.17914 384.257 0 0
1500 89.3244 9.60214 18.1333 0.52598 0.208384 384.354 0 0
1500 52.5993 -42.7953 18.0813 -0.116224 -0.705978 384.389 0 0
1500 125.659 9.8719 17.6819 1.0225 0.10846 384.418 0 0
1500 8.8111 13.1035 17.6937 -0.751272 0.251974 384.504 0 0
1500 58.2618 5.80901 18.1238 0.053946 0.136055 384.602 0 0
1500 132.529 10.0064 18.0513 1.2219 0.175678 384.73 0 0
1500 45.9997 -14.0678 17.7434 -0.172061 -0.284569 384.868 0 0
1500 86.6821 10.6762 18.2159 0.549847 0.152756 385.039 0 0
1500 80.4921 5.08002 18.3733 0.47399 0.0462229 385.052 0 0
1500 118.834 32.0744 17.7461 0.934789 0.45141 385.124 0 0
1500 109.199 39.0622 17.709 0.806768 0.553908 385.182 0 0
1500 101.257 38.1609 17.7291 0.648745 0.509544 385.435 0 0
1500 94.0933 -17.76 18.1288 0.603576 -0.320211 385.435 0 0
1500 25.9474 -4.42201 17.8493 -0.494743 -0.130163 385.516 0 0
1500 88.4683 14.2832 18.0306 0.553153 0.188684 385.693 0 0
1500 128.707 6.98105 17.8143 1.10505 0.0397848 385.776 0 0
1500 19.3265 -40.846 17.7271 -0.520204 -0.616491 385.835 0 0
1500 72.4774 -0.823185 19.089 0.356526 -0.0409837 385.893 0 0
1500 25.911 2.55511 17.8388 -0.536735 0.0462176 385.953 0 0
1500 113.903 3.17854 17.7615 0.856143 -0.0162002 386.103 0 0
1500 75.9866 7.34646 18.4446 0.312039 0.153828 386.153 0 0
1500 44.3822 -0.496656 18.1099 -0.216194 -0.0431511 386.331 0 0
1500 102.938 28.0766 17.8081 0.669647 0.403747 386.379 0 0
1500 19.5341 -28.9173 17.7333 -0.540079 -0.494683 386.357 0 0
1500 136.832 35.995 17.7544 1.14234 0.584076 386.609 0 0
1500 97.5584 2.39916 18.3313 0.653511 0.0678462 386.796 0 0
1500 70.4413 -21.1574 17.768 0.229976 -0.282693 386.857 0 0
1500 53.6964 -64.3787 17.8037 -0.0729352 -0.990572 386.882 0 0
1500 77.9768 2.17245 17.7695 0.329181 0.0251173 386.908 0 0
1500 15.4093 43.5009 17.722 -0.633607 0.668746 386.917 0 0
1500 47.3244 -21.7045 17.7715 -0.14711 -0.399285 387.028 0 0
1500 43.111 13.3286 17.9331 -0.246572 0.254789 387.073 0 0
1500 101.085 48.1414 18.4574 0.817204 0.918771 387.12 0 0
1500 60.398 -3.32091 18.1854 0.00639169 -0.0738532 387.174 0 0
1500 25.2219 23.4138 18.1756 -0.552142 0.352969 387.181 0 0
1500 126.249 -13.5031 17.7115 1.02959 -0.196663 387.182 0 0
1500 60.5988 11.4943 17.9991 0.0728185 0.212965 387.225 0 0
1500 52.9964 -43.5749 18.2563 -0.0957323 -0.719084 387.299 0 0
1500 88.8268 63.432 17.7582 0.497846 0.922339 387.326 0 0
1500 86.5833 13.8579 17.8339 0.445137 0.210822 387.338 0 0
1500 62.7541 32.6432 17.9325 0.0449846 0.539021 387.406 0 0
1500 58.0999 19.7769 18.4355 0.0198866 0.293652 387.487 0 0
1500 79.5472 29.7039 18.1771 0.393914 0.497384 387.537 0 0
1500 67.5445 -29.302 17.8573 0.139317 -0.452443 387.6 0 0
1500 64.3496 17.825 17.8434 0.150797 0.262069 387.671 0 0
1500 66.8633 29.0739 17.8538 0.143795 0.447343 387.664 0 0
1500 128.178 13.3278 17.8762 1.12664 0.271202 387.823 0 0
1500 25.1729 45.5587 17.735 -0.545161 0.626132 387.875 0 0
1500 126.414 -15.2395 17.7566 0.98494 -0.289062 387.881 0 0
1500 75.6825 1.87158 17.9846 0.320435 0.0247312 388.041 0 0
1500 59.701 1.55407 18.51 0.0633641 0.0623814 388.05 0 0
1500 108.633 13.122 17.7524 0.740551 0.146728 388.216 0 0
1500 115.89 -15.9027 17.984 0.9188 -0.264548 388.166 0 0
1500 111.07 -37.0087 17.9328 0.873518 -0.639495 388.191 0 0
1500 14.3645 32.5655 17.7459 -0.636363 0.506318 388.249 0 0
1500 59.3464 -23.5303 18.0271 -0.0602381 -0.374639 388.361 0 0
1500 87.2755 -37.983 17.8406 0.499358 -0.602948 388.388 0 0
1500 79.0382 90.6384 17.9051 0.313193 1.46104 388.505 0 0
1500 57.2871 12.2936 18.4517 0.0115118 0.209218 388.54 0 0
1500 93.7821 -31.1868 17.7468 0.565298 -0.526804 388.552 0 0
1500 10.3514 -34.4411 17.7722 -0.685287 -0.576663 388.597 0 0
1500 28.5101 28.8362 17.9924 -0.479878 0.473175 388.614 0 0
1500 108.028 1.81828 17.785 0.787195 0.0844313 388.664 0 0
1500 30.4446 -63.5993 17.7993 -0.392537 -0.970172 388.677 0 0
1500 105.929 -11.9317 17.7811 0.696917 -0.250007 388.676 0 0
1500 54.4842 -96.259 17.8226 -0.117843 -1.523 388.888 0 0
1500 106.069 -3.32795 18.3961 0.832772 -0.054034 389.035 0 0
1500 66.6303 51.7193 17.8546 0.159408 0.785311 389.02 0 0
1500 45.6617 -13.498 18.0277 -0.275986 -0.250771 389.027 0 0
1500 93.9835 -47.7852 17.8433 0.59006 -0.737194 389.315 0 0
1500 67.2307 22.2986 17.8385 0.140701 0.360417 389.423 0 0
1500 121.386 -23.6095 17.7962 0.915822 -0.347869 389.408 0 0
1500 80.1783 3.42631 17.9569 0.426752 0.0703195 389.503 0 0
1500 43.306 -67.6249 17.8112 -0.207935 -1.0143 389.571 0 0
1500 32.974 30.6515 17.9767 -0.388289 0.562187 389.583 0 0
1500 52.9943 18.0099 18.1634 -0.0994815 0.267791 389.684 0 0
1500 97.7138 -8.13952 18.5477 0.780409 -0.0735003 389.72 0 0
1500 5.53083 -45.0815 17.807 -0.755547 -0.691889 389.832 0 0
1500 119.278 3.66471 17.7823 0.952391 0.00850662 389.746 0 0
1500 117.587 -34.4229 17.7811 0.86695 -0.564363 390.053 0 0
1500 123.307 -7.51105 17.7858 1.00164 -0.153206 390.401 0 0
1500 77.2645 -67.3687 17.752 0.238998 -1.01882 390.504 0 0
1500 82.1309 -0.267165 18.4712 0.497704 0.0369912 390.584 0 0
1500 97.2953 -16.9825 17.7781 0.592096 -0.234329 390.64 0 0
1500 60.7874 -64.122 17.8299 0.0357547 -0.95048 390.691 0 0
1500 88.4054 6.97196 18.1508 0.540261 0.163947 390.916 0 0
1500 87.8199 16.1467 18.2025 0.556283 0.27479 390.993 0 0
1500 38.7356 -66.656 17.7913 -0.260233 -1.01236 391.037 0 0
1500 100.904 -12.0188 18.2371 0.753167 -0.185732 391.099 0 0
1500 87.2356 -19.4841 18.1083 0.542137 -0.3201 391.041 0 0
1500 45.8829 31.0034 18.136 -0.204308 0.493757 391.031 0 0
1500 77.1401 23.9896 18.0779 0.308704 0.433106 391.064 0 0
1500 99.5559 -52.3562 17.7814 0.560015 -0.793643 391.128 0 0
1500 66.7118 -49.9211 17.8456 0.0618254 -0.775383 391.136 0 0
1500 65.8102 45.6059 17.9938 0.117577 0.748701 391.166 0 0
1500 28.1428 -24.2339 18.1237 -0.47406 -0.381037 391.268 0 0
1500 45.4901 -26.2812 17.8741 -0.251386 -0.439984 391.271 0 0
1500 96.5338 -57.3327 17.8597 0.609346 -0.851062 391.321 0 0
1500 68.3824 49.3294 17.9288 0.192841 0.871947 391.385 0 0
1500 103.934 -16.2486 18.1905 0.869071 -0.375128 391.415 0 0
1500 53.9024 -0.274154 18.1802 -0.0530227 -0.0685777 391.478 0 0
1500 65.3813 -11.7376 17.8915 0.141309 -0.255305 391.501 0 0
1500 23.3403 -31.6191 18.2153 -0.556671 -0.589575 391.511 0 0
1500 16.6574 54.9468 17.8614 -0.635542 0.830048 391.534 0 0
1500 63.3915 17.7981 18.0913 0.125845 0.344709 391.602 0 0
1500 61.4701 -51.5199 17.8167 0.0536464 -0.766757 391.618 0 0
1500 33.0154 -4.41455 18.1914 -0.398114 -0.050894 391.656 0 0
1500 63.2489 37.5367 18.0562 0.11378 0.634707 391.761 0 0
1500 65.1763 46.786 18.0738 0.128026 0.766171 391.804 0 0
1500 75.5531 -23.8072 17.952 0.26011 -0.372926 391.85 0 0
1500 19.7024 -44.9415 17.7803 -0.589491 -0.661458 392.03 0 0
1500 105.789 -47.7277 17.8696 0.732069 -0.707889 392.084 0 0
1500 95.6722 -15.1968 18.4973 0.653847 -0.288318 392.222 0 0
1500 74.6096 -30.6532 18.0176 0.211542 -0.502452 392.36 0 0
1500 74.3946 -14.663 18.0166 0.230482 -0.285873 392.35 0 0
1500 40.8671 60.3886 17.8421 -0.28055 0.954486 392.47 0 0
1500 75.1658 -39.3064 17.8863 0.250082 -0.595069 392.532 0 0
1500 109.835 -43.2201 17.8462 0.808774 -0.664164 392.507 0 0
1500 74.786 63.4948 17.8837 0.214926 0.988711 392.651 0 0
1500 63.6033 13.2249 18.1907 0.182713 0.249652 392.617 0 0
1500 89.1741 29.4717 18.2965 0.537661 0.470867 392.727 0 0
1500 78.7734 -65.7172 17.848 0.360899 -0.984201 392.75 0 0
1500 9.94083 -3.49642 17.8706 -0.781172 -0.104554 392.731 0 0
1500 44.9285 -41.1276 18.0138 -0.237812 -0.65738 392.779 0 0
1500 104.02 29.2992 18.7645 0.907531 0.643168 392.77 0 0
1500 9.00166 -1.81819 17.797 -0.728698 -0.0642907 392.902 0 0
1500 31.1148 59.2812 17.8428 -0.421608 0.932728 392.867 0 0
1500 -0.324042 12.1915 17.8635 -0.92875 0.145163 392.951 0 0
1500 13.8811 -22.1537 18.0111 -0.702684 -0.369002 393.134 0 0
1500 58.7656 -24.8074 18.0191 -0.038375 -0.362958 393.311 0 0
1500 10.2545 -64.9297 17.9426 -0.789969 -1.06924 393.344 0 0
1500 121.364 49.3786 18.0994 1.13676 0.83645 393.474 0 0
1500 42.9457 66.4062 17.8013 -0.203299 1.02356 393.507 0 0
1500 73.5347 1.14594 19.2077 0.381129 -0.0409665 393.532 0 0
1500 53.1924 -0.477895 18.2349 -0.0643654 -0.0684228 393.559 0 0
1500 87.4376 -6.92768 18.0695 0.474816 -0.126329 393.63 0 0
1500 110.527 -27.9247 17.8256 0.77991 -0.428186 393.673 0 0
1500 41.0865 65.6215 17.8467 -0.272166 1.01233 393.756 0 0
1500 84.7382 -52.0871 17.882 0.443312 -0.842658 393.697 0 0
1500 87.3224 24.9754 18.1876 0.523551 0.415692 393.835 0 0
1500 -7.14576 -6.53737 17.884 -1.01984 -0.080267 393.806 0 0
1500 79.4418 -11.8255 18.3901 0.468318 -0.165903 393.776 0 0
1500 81.74 12.8091 18.2763 0.415896 0.267567 393.804 0 0
1500 79.975 16.6665 18.4561 0.373347 0.312893 393.882 0 0
1500 42.3051 -17.7645 17.8462 -0.202003 -0.341497 393.872 0 0
1500 50.2727 -41.992 18.1814 -0.150443 -0.716479 393.914 0 0
1500 55.3621 -15.4865 17.9409 -0.105425 -0.239993 393.942 0 0
1500 86.5704 -6.36639 18.2079 0.508655 -0.166409 394.055 0 0
1500 42.9436 -28.0119 17.843 -0.191335 -0.498525 394.128 0 0
1500 87.7311 -1.70305 17.8436 0.501296 -0.0919769 394.075 0 0
1500 44.4043 51.602 18.0026 -0.236633 0.932927 394.37 0 0
1500 38.1708 -25.389 17.8526 -0.255708 -0.408751 394.497 0 0
1500 94.7663 -23.5623 18.4574 0.690364 -0.377403 394.515 0 0
1500 45.4628 43.5902 17.9298 -0.255344 0.666593 394.838 0 0
1500 -2.45502 -58.4627 17.8728 -1.03197 -0.966358 394.844 0 0
1500 68.6769 -23.0728 17.9974 0.220468 -0.344488 394.95 0 0
1500 39.1183 5.24216 18.4578 -0.321018 0.101654 395.031 0 0
1500 85.7216 5.93091 17.8503 0.480513 0.0334623 395.138 0 0
1500 59.1865 6.37668 17.8625 -0.0212466 0.0331693 395.216 0 0
1500 56.57 -58.0274 17.9793 0.0143091 -0.94501 395.292 0 0
1500 89.3838 23.6192 17.8465 0.559325 0.339996 395.347 0 0
1500 87.283 -20.4307 18.2243 0.539067 -0.367516 395.441 0 0
1500 61.2765 26.6665 17.8462 0.107571 0.379704 395.532 0 0
1500 76.5602 -1.6211 18.604 0.40315 0.0444813 395.539 0 0
1500 53.9823 95.1093 17.849 -0.0442322 1.54722 395.572 0 0
1500 101.084 -2.69713 17.9161 0.68736 -0.109104 395.876 0 0
1500 69.2701 -16.7672 18.483 0.195537 -0.278274 396.158 0 0
1500 175.438 11.5956 17.8057 1.7867 0.226157 396.197 0 0
1500 55.0415 18.8974 18.0113 -0.0988226 0.312337 396.202 0 0
1500 73.9132 29.7633 18.1183 0.215473 0.575277 396.136 0 0
1500 104.556 45.1451 18.0198 0.764952 0.712547 396.541 0 0
1500 74.2739 -23.6729 17.9022 0.281221 -0.362192 396.524 0 0
1500 48.9179 -24.0567 18.0964 -0.155956 -0.494259 396.529 0 0
1500 97.5442 47.6312 18.5137 0.795125 0.997796 396.598 0 0
1500 75.7469 -22.6994 18.037 0.281528 -0.369532 396.646 0 0
1500 15.5324 -26.1783 17.8431 -0.689881 -0.46658 396.7 0 0
1500 93.1473 10.2945 17.9343 0.546282 0.179316 396.802 0 0
1500 48.3745 -15.0949 17.9303 -0.199482 -0.283838 396.812 0 0
1500 92.8502 29.9634 18.2423 0.565378 0.524408 396.889 0 0
1500 77.5303 -20.2913 18.3181 0.33642 -0.329385 396.944 0 0
1500 112.082 -33.8827 17.8259 0.840383 -0.564502 396.966 0 0
1500 106.186 -31.2878 18.0429 0.790526 -0.529412 397.109 0 0
1500 90.0575 54.5375 17.8085 0.451092 0.890973 397.166 0 0
1500 51.5011 -60.6432 17.7992 -0.117419 -0.988625 397.15 0 0
1500 34.9864 14.875 17.9686 -0.400772 0.182231 397.169 0 0
1500 43.6338 -6.42391 17.88 -0.285649 -0.0570068 397.23 0 0
1500 -1.96813 46.9566 17.8191 -0.951931 0.789122 397.372 0 0
1500 98.5417 -1.62413 17.9676 0.701232 -0.0701497 397.381 0 0
1500 85.7219 -51.2464 17.892 0.416817 -0.792036 397.39 0 0
1500 47.4934 0.511777 18.481 -0.143237 0.0367475 397.688 0 0
1500 86.4016 21.8875 18.1401 0.547657 0.317116 397.737 0 0
1500 70.667 -10.5203 18.1074 0.171605 -0.212094 397.644 0 0
1500 38.2445 -23.1194 18.212 -0.326201 -0.405003 397.691 0 0
1500 111.327 -32.0902 18.04 0.859211 -0.536328 397.742 0 0
1500 70.9022 14.1007 17.8979 0.149842 0.253557 397.749 0 0
1500 74.7882 34.1133 18.1986 0.302596 0.578042 397.745 0 0
1500 53.8804 -61.0776 17.9188 -0.0308995 -0.989303 397.745 0 0
1500 121.443 -14.821 18.087 1.11028 -0.280007 397.856 0 0
1500 86.8293 3.98907 18.2587 0.491619 0.0868053 397.904 0 0
1500 80.6832 -42.5439 18.3818 0.455166 -0.773787 397.942 0 0
1500 92.9449 -12.9499 18.1164 0.636169 -0.159518 398.028 0 0
1500 39.8496 -35.7381 17.8979 -0.305893 -0.529625 398.069 0 0
1500 50.7989 -0.254256 18.2996 -0.0759699 -0.061174 398.102 0 0
1500 105.774 43.8963 17.8393 0.752759 0.716989 398.13 0 0
1500 82.6383 42.5564 17.8058 0.355701 0.729216 398.279 0 0
1500 45.4113 33.0476 17.8642 -0.220896 0.582166 398.282 0 0
1500 76.3192 56.1942 18.2391 0.350807 1.03441 398.275 0 0
1500 24.0646 -52.1539 17.916 -0.532421 -0.940462 398.346 0 0
1500 93.3248 26.8392 18.1959 0.57083 0.46577 398.433 0 0
1500 98.973 40.0101 17.8498 0.653307 0.571048 398.423 0 0
1500 96.1892 -54.8993 17.8287 0.634042 -0.834537 398.464 0 0
1500 58.0267 57.5775 17.8844 -0.0644038 0.899722 398.473 0 0
1500 92.2652 0.329334 18.1528 0.638654 -0.0090423 398.483 0 0
1500 71.4134 -67.0499 17.8288 0.267939 -1.01227 398.571 0 0
1500 8.00235 67.197 17.8032 -0.805412 1.04735 398.613 0 0
1500 61.7243 -20.3342 17.9079 -0.0026031 -0.31345 398.672 0 0
1500 108.395 3.13951 18.1302 0.870637 0.0309424 398.657 0 0
1500 108.454 16.6383 18.0767 0.938011 0.266936 398.689 0 0
1500 110.135 62.1991 18.4501 1.0388 1.2557 398.626 0 0
1500 5.81589 -21.0748 17.951 -0.832672 -0.36605 398.734 0 0
1500 103.596 18.6089 18.8398 0.881246 0.38178 398.788 0 0
1500 84.7692 -10.2514 18.2803 0.406328 -0.195768 398.871 0 0
1500 72.4681 63.1162 17.9014 0.211692 0.983057 399.001 0 0
1500 62.2601 25.8348 18.0937 0.101934 0.473742 398.964 0 0
1500 69.2413 -23.4185 18.3044 0.269711 -0.423857 399.134 0 0
1500 66.5481 1.53948 18.3432 0.177578 0.0976929 399.119 0 0
1500 123.347 3.71252 17.8947 1.01184 0.0420571 399.164 0 0
1500 121.531 -3.73339 17.8405 1.0134 -0.0983075 399.183 0 0
1500 47.3984 -57.6625 17.8351 -0.113544 -0.886973 399.221 0 0
1500 52.8676 -20.3743 18.2158 -0.0613603 -0.332438 399.336 0 0
1500 89.7738 -52.5175 17.8669 0.518458 -0.855233 399.327 0 0
1500 83.2973 -22.4619 18.8634 0.556637 -0.433267 399.318 0 0
1500 81.2513 19.5778 18.3258 0.408589 0.388639 399.306 0 0
1500 99.1733 -58.7581 17.8054 0.690639 -0.902169 399.459 0 0
1500 88.359 37.6268 18.4368 0.590674 0.672326 399.592 0 0
1500 90.2704 -5.36362 17.8662 0.520575 -0.0708026 399.694 0 0
1500 83.1193 -24.8717 17.9004 0.379399 -0.383987 399.774 0 0
1500 86.2008 -57.7334 17.8327 0.477367 -0.859703 399.777 0 0
1500 119.101 23.4812 17.8115 0.981078 0.359686 399.883 0 0
1500 88.9529 -3.16781 18.1735 0.584243 -0.0830455 399.941 0 0
1500 78.662 -19.115 18.2951 0.449919 -0.294284 400.03 0 0
1500 55.375 -43.353 17.8399 -0.00111092 -0.735327 400.158 0 0
1500 105.201 -37.5826 18.095 0.827501 -0.721255 400.269 0 0
1500 112.803 24.4559 17.8365 0.855484 0.327605 400.346 0 0
1500 116.179 -6.09867 17.8368 0.903449 -0.111111 400.386 0 0
1500 82.1542 -4.5709 18.2384 0.46603 -0.146947 400.46 0 0
1500 95.3635 -82.0107 18.0266 0.671063 -1.41052 400.428 0 0
1500 113.149 -51.0116 17.9029 0.966947 -0.873578 400.546 0 0
1500 11.5659 -16.4458 17.8113 -0.753374 -0.320557 400.571 0 0
1500 59.6641 -37.6665 17.9734 -0.00712223 -0.637523 400.576 0 0
1500 91.5028 14.36 18.4066 0.609072 0.297675 400.59 0 0
1500 83.5354 -17.2894 17.9382 0.35898 -0.309069 400.646 0 0
1500 24.3598 14.7983 17.8798 -0.506477 0.264363 400.667 0 0
1500 92.6529 -4.40924 17.8513 0.523625 -0.121366 400.718 0 0
1500 111.621 0.249814 17.8407 0.832565 -0.0198655 400.844 0 0
1500 92.1292 38.6681 18.1787 0.58822 0.662871 400.816 0 0
1500 63.5048 23.2854 18.3552 0.0840689 0.358599 400.889 0 0
1500 76.1655 10.4263 18.2721 0.410224 0.152832 401.027 0 0
1500 112.933 -3.43883 17.9635 0.865985 -0.0352668 401.092 0 0
1500 49.074 -47.1051 17.8117 -0.145151 -0.739157 401.207 0 0
1500 88.3944 -0.430768 18.6651 0.610026 -0.0671009 401.135 0 0
1500 11.0364 1.64503 17.8574 -0.793999 0.0384802 401.151 0 0
1500 82.7376 -10.931 17.854 0.462516 -0.150305 401.287 0 0
1500 38.0944 49.5861 17.8545 -0.376755 0.771167 401.448 0 0
1500 93.6339 4.02283 18.6998 0.701548 0.0975227 401.453 0 0
1500 39.766 -4.76612 18.4195 -0.273258 -0.0575346 401.616 0 0
1500 60.9005 -34.5903 18.3939 0.0571669 -0.691582 401.694 0 0
1500 64.073 -49.7543 18.1133 0.183478 -0.861193 401.729 0 0
1500 63.0414 -64.0113 17.7946 0.0610986 -1.03213 401.98 0 0
1500 57.697 -66.6702 17.8278 -0.049826 -1.04648 401.99 0 0
1500 81.6733 -14.2699 17.8546 0.398635 -0.223028 402.06 0 0
1500 79.7418 -13.1303 18.4714 0.485911 -0.200797 402.029 0 0
1500 113.29 28.0919 18.2414 0.999896 0.517353 402.09 0 0
1500 119.294 -24.2088 17.9112 1.0576 -0.364669 402.095 0 0
1500 133.612 -15.3513 18.05 1.30235 -0.206724 402.099 0 0
1500 101.643 46.5454 17.9758 0.699643 0.723661 402.155 0 0
1500 117.603 4.50576 17.9132 0.96952 0.111258 402.148 0 0
1500 -0.996405 6.75123 17.8488 -0.963225 0.115036 402.202 0 0
1500 75.0492 8.19288 17.8577 0.30485 0.0915158 402.281 0 0
1500 129.387 21.5812 17.984 1.24323 0.363051 402.278 0 0
1500 18.1658 -1.61604 17.8523 -0.59733 -0.0828568 402.4 0 0
1500 13.7324 70.4857 18.0262 -0.730034 1.27749 402.495 0 0
1500 41.0212 -26.0415 17.8553 -0.274226 -0.42572 402.641 0 0
1500 52.5044 -63.2653 17.9543 -0.105682 -1.00622 402.758 0 0
1500 30.4075 -0.976074 17.8574 -0.422416 -0.0734268 402.795 0 0
1500 123.718 8.38899 17.8043 1.03585 0.154225 402.861 0 0
1500 59.3481 -32.8555 17.8869 0.0455324 -0.58435 402.798 0 0
1500 55.4694 -6.6748 17.9242 0.00385037 -0.174715 402.874 0 0
1500 118.749 6.14623 18.1217 1.01925 0.161407 402.917 0 0
1500 77.5681 -29.2731 18.2225 0.352562 -0.462202 402.983 0 0
1500 122.619 -11.2323 17.9097 1.03108 -0.123844 403.044 0 0
1500 90.3502 18.057 18.8614 0.635468 0.330216 403.079 0 0
1500 96.279 32.7755 18.1289 0.655468 0.611946 403.084 0 0
1500 129.307 -7.55356 17.897 1.22461 -0.188844 403.151 0 0
1500 119.074 12.7077 18.0805 1.03244 0.282234 403.329 0 0
1500 9.299 45.1755 17.8445 -0.792718 0.682876 403.447 0 0
1500 101.591 33.6584 18.4801 0.802054 0.61224 403.509 0 0
1500 95.6545 6.29039 18.1596 0.626155 0.114217 403.585 0 0
1500 51.0838 40.6184 18.1394 -0.167482 0.684325 403.628 0 0
1500 64.1803 7.48033 18.9754 0.212189 0.177222 403.722 0 0
1500 108.54 -10.6763 18.3323 0.882388 -0.189838 403.767 0 0
1500 48.395 5.60547 18.3879 -0.145119 0.0622347 403.88 0 0
1500 76.2244 -16.592 18.6621 0.426987 -0.290874 404.034 0 0
1500 30.084 59.9349 17.8733 -0.423621 0.958136 404.062 0 0
1500 119.568 -22.687 17.7978 0.98666 -0.310501 404.081 0 0
1500 100.395 19.7929 17.8296 0.725694 0.283294 404.089 0 0
1500 69.2056 -23.3535 18.1455 0.280858 -0.392113 404.134 0 0
1500 53.5118 -34.776 17.9659 -0.102532 -0.529758 404.174 0 0
1500 94.8392 17.9604 17.9919 0.584161 0.302067 404.202 0 0
1500 27.9399 14.3226 17.8779 -0.539042 0.217232 404.18 0 0
1500 141.333 4.94768 17.903 1.44054 0.121361 404.21 0 0
1500 56.4632 -13.8082 17.853 -0.0251317 -0.262807 404.232 0 0
1500 102.993 0.966878 18.1795 0.769032 0.0761067 404.252 0 0
1500 86.1614 1.1826 18.1439 0.539668 -0.0161822 404.25 0 0
1500 116.387 -50.0712 18.1299 1.06973 -0.833904 404.27 0 0
1500 70.7093 -3.9574 18.0579 0.263763 -0.0840284 404.393 0 0
1500 23.8843 18.4699 17.8649 -0.505741 0.32603 404.403 0 0
1500 118.408 -26.2673 17.8957 1.01076 -0.509949 404.464 0 0
1500 80.0848 -2.50461 18.1295 0.358846 -0.100708 405.055 0 0
1500 106.361 38.2021 17.9137 0.766044 0.591682 405.127 0 0
1500 79.2333 -36.2866 17.8507 0.259478 -0.569368 405.207 0 0
1500 110.049 -38.4347 17.8669 0.800748 -0.646181 405.257 0 0
1500 82.1164 -11.763 18.3142 0.37733 -0.22604 405.472 0 0
1500 40.0422 56.1647 17.8065 -0.218506 0.864656 405.617 0 0
1500 112.821 -8.6444 17.9108 0.84377 -0.170946 405.735 0 0
1500 31.5723 -54.8972 17.8616 -0.470749 -0.835082 405.818 0 0
1500 12.7114 -29.7554 17.8843 -0.715776 -0.52145 405.833 0 0
1500 35.5321 35.5957 17.9708 -0.349771 0.618911 405.779 0 0
1500 135.151 7.52349 18.0757 1.35317 0.175874 405.794 0 0
1500 84.9608 41.8588 18.2735 0.512768 0.850277 405.791 0 0
1500 96.2584 85.3656 17.9077 0.572744 1.36786 405.926 0 0
1500 59.0944 51.7848 17.9565 0.0143421 0.860881 405.951 0 0
1500 89.6818 -6.8924 18.5504 0.604074 -0.167099 405.972 0 0
1500 70.0367 -7.34288 17.9307 0.246097 -0.112722 406.043 0 0
1500 112.649 7.15386 17.8136 0.850681 0.184183 406.048 0 0
1500 43.1543 19.7953 17.8788 -0.273388 0.370743 406.017 0 0
1500 112.89 24.4425 17.9067 0.868323 0.365736 406.192 0 0
1500 64.4507 62.6843 17.8085 0.137124 0.96453 406.201 0 0
1500 -16.7306 128.668 17.803 -1.09543 2.01462 406.267 0 0
1500 33.8663 26.9157 17.8862 -0.387052 0.424531 406.361 0 0
1500 75.1047 44.6348 17.9246 0.310038 0.671428 406.459 0 0
1500 114.723 -32.323 17.8356 0.858008 -0.558615 406.382 0 0
1500 14.285 -43.4369 18.2584 -0.737185 -0.8264 406.532 0 0
1500 68.1603 -60.8632 17.8788 0.126829 -0.982914 406.644 0 0
1500 90.7482 -4.49319 17.8499 0.551945 -0.135015 406.555 0 0
1500 73.227 -35.7969 17.8452 0.179402 -0.559221 406.74 0 0
1500 65.1971 -11.8909 17.893 0.19092 -0.213983 406.698 0 0
1500 48.5155 -1.17029 18.0475 -0.151761 0.0366468 406.784 0 0
1500 109.108 -42.8296 17.8344 0.767472 -0.710004 406.942 0 0
1500 70.1648 -62.5449 17.8774 0.156253 -1.00358 406.95 0 0
1500 128.815 -8.97338 17.8367 1.11703 -0.160081 407.27 0 0
1500 60.7192 24.0493 17.9356 0.105437 0.375742 407.373 0 0
1500 80.1677 23.4614 18.0687 0.391824 0.433438 407.33 0 0
1500 94.8976 26.3878 18.2257 0.619111 0.471516 407.511 0 0
1500 53.5196 -26.335 17.8894 -0.0831265 -0.483683 407.611 0 0
1500 60.0198 7.06897 18.1521 0.0846872 0.162867 407.71 0 0
1500 44.3323 -55.8135 17.8348 -0.165781 -0.912378 407.985 0 0
1500 80.2743 -2.621 17.9273 0.388663 -0.0222441 408.218 0 0
1500 51.9083 20.2564 18.3952 -0.112669 0.404453 408.247 0 0
1500 96.1738 8.12022 18.0981 0.691401 0.135376 408.304 0 0
1500 71.7471 17.3122 17.9805 0.302981 0.29705 408.322 0 0
1500 91.5627 19.2311 17.9697 0.609655 0.299957 408.338 0 0
1500 66.774 -10.5004 18.3264 0.156327 -0.20795 408.428 0 0
1500 105.322 -0.419425 18.2476 0.827721 0.0333865 408.409 0 0
1500 69.5866 -44.9349 17.8192 0.101783 -0.718073 408.502 0 0
1500 62.4757 0.41525 18.4612 0.075285 0.0146801 408.537 0 0
1500 0.634669 17.7596 17.8217 -0.933171 0.22683 408.541 0 0
1500 68.727 36.1922 18.0405 0.129374 0.60034 408.57 0 0
1500 6.96586 30.0236 17.8895 -0.889298 0.514151 408.59 0 0
1500 81.6897 11.6541 18.1567 0.434226 0.162244 408.597 0 0
1500 119.02 11.3728 17.8049 0.991535 0.172023 408.728 0 0
1500 120.183 18.6894 17.889 0.973734 0.312702 408.791 0 0
1500 30.6431 -45.4773 17.8865 -0.413538 -0.751622 408.871 0 0
1500 124.777 16.816 17.9441 1.11159 0.204885 408.877 0 0
1500 67.1086 -28.4182 17.8771 0.208735 -0.487366 408.937 0 0
1500 64.2177 3.91902 18.0508 0.0844757 0.127662 408.998 0 0
1500 119.197 -21.0074 17.8293 0.956985 -0.37706 409.051 0 0
1500 108.767 -24.7674 17.8403 0.840892 -0.408913 409.122 0 0
1500 102.48 -48.2278 17.8753 0.653023 -0.792554 409.183 0 0
1500 38.6391 8.8463 18.0473 -0.308593 0.232654 409.201 0 0
1500 22.7362 -27.0643 17.9772 -0.616433 -0.542833 409.189 0 0
1500 22.0262 -54.2494 17.8656 -0.585231 -0.857295 409.239 0 0
1500 99.7229 -35.6219 17.96 0.724372 -0.534697 409.292 0 0
1500 83.5793 7.86809 18.0464 0.382917 0.188048 409.283 0 0
1500 57.4901 -48.8139 17.9091 0.0320855 -0.754706 409.491 0 0
1500 102.433 -19.6644 17.9093 0.667927 -0.342083 409.512 0 0
1500 153.071 163.521 17.826 1.42355 2.55976 409.588 0 0
1500 73.3024 -14.7778 17.9837 0.332276 -0.240245 409.552 0 0
1500 30.578 59.8864 17.8276 -0.415378 0.961573 409.665 0 0
1500 81.3169 -71.8719 18.2458 0.462577 -1.26424 409.733 0 0
1500 44.955 46.6632 17.9633 -0.174591 0.728493 409.755 0 0
1500 116.065 -9.82097 17.9561 0.963668 -0.142945 409.846 0 0
1500 125.127 -8.08461 17.8281 1.0319 -0.181281 409.946 0 0
1500 69.3355 1.35541 17.826 0.219437 -0.0428729 410.007 0 0
1500 26.7395 58.4749 17.8277 -0.469605 0.935284 410.051 0 0
1500 90.8392 17.9219 17.8372 0.529597 0.232952 410.092 0 0
1500 76.4475 -115.016 17.8124 0.319418 -1.74206 410.285 0 0
1500 101.67 -15.1864 18.7752 0.807566 -0.275363 410.322 0 0
1500 58.1374 -28.5156 17.919 0.0407578 -0.46191 410.338 0 0
1500 99.7405 0.213294 18.5401 0.724995 -0.00155463 410.429 0 0
1500 88.6547 -22.1436 18.4879 0.595986 -0.364364 410.497 0 0
1500 78.1386 -34.2839 18.5021 0.39003 -0.584524 410.548 0 0
1500 36.2605 11.1805 18.4782 -0.380278 0.16622 410.522 0 0
1500 65.4841 8.95947 18.1717 0.0844161 0.157114 410.579 0 0
1500 96.9276 -11.7162 18.1395 0.6411 -0.194288 410.698 0 0
1500 20.8652 12.9375 17.8767 -0.589174 0.177771 410.701 0 0
1500 122.971 -6.23823 17.9642 1.04526 -0.0753651 410.698 0 0
1500 28.7647 28.6851 17.8998 -0.496978 0.496026 410.667 0 0
1500 52.4534 29.5252 17.816 -0.0348884 0.515092 410.629 0 0
1500 51.1605 -53.2235 18.0643 -0.0817377 -0.993868 410.689 0 0
1500 67.7302 3.40972 18.6218 0.154043 0.0277942 410.671 0 0
1500 89.7041 -15.0531 18.7084 0.632301 -0.275554 410.872 0 0
1500 78.8836 -63.5448 17.8522 0.37911 -0.975712 410.81 0 0
1500 16.071 15.6777 17.8979 -0.690693 0.294886 410.837 0 0
1500 13.5593 4.36986 18.089 -0.723511 0.042401 410.95 0 0
1500 98.5037 21.8122 17.8723 0.636557 0.347886 410.974 0 0
1500 86.4975 59.8709 17.8515 0.400501 0.960196 411.069 0 0
1500 11.5514 19.5401 17.8942 -0.756045 0.352323 411.189 0 0
1500 61.7116 59.908 18.0257 0.0440802 0.961798 411.264 0 0
1500 86.6285 -60.4732 17.8523 0.490054 -0.922965 411.338 0 0
1500 98.5851 19.7931 17.8064 0.68785 0.264004 411.302 0 0
1500 133.209 7.45998 17.9946 1.26884 0.0776414 411.295 0 0
1500 51.0835 65.5903 17.8511 -0.125856 1.04001 411.411 0 0
1500 111.625 31.5365 17.8581 0.84473 0.431653 411.464 0 0
1500 96.5963 28.1514 17.8968 0.66543 0.468476 411.479 0 0
1500 61.9282 54.6943 17.839 0.103364 0.896779 411.558 0 0
1500 62.9199 -51.0996 17.807 0.11599 -0.846237 411.513 0 0
1500 28.7164 29.8744 17.9584 -0.503388 0.490235 411.519 0 0
1500 33.1076 -12.6463 18.2704 -0.384504 -0.23517 411.681 0 0
1500 93.8149 38.9727 17.8113 0.504912 0.66281 411.576 0 0
1500 74.683 -10.0343 17.8692 0.296122 -0.224922 411.62 0 0
1500 86.7462 52.644 17.8346 0.405055 0.828707 411.738 0 0
1500 75.0426 11.7192 18.6175 0.381245 0.192077 411.878 0 0
1500 115.838 -14.7989 18.1447 0.962568 -0.255455 411.864 0 0
1500 69.5695 63.1798 17.8989 0.268849 1.05181 411.995 0 0
1500 20.142 -23.6057 17.8184 -0.607645 -0.438786 412.089 0 0
1500 5.22504 -30.3174 17.9429 -0.841952 -0.493473 412.12 0 0
1500 72.1259 -56.5566 17.8018 0.254625 -0.920761 412.162 0 0
1500 72.7326 14.1895 18.5423 0.281691 0.280272 412.225 0 0
1500 73.9757 -48.5472 17.9471 0.236524 -0.757889 412.259 0 0
1500 74.5643 2.7458 17.855 0.269555 -0.020493 412.313 0 0
1500 61.4605 44.6332 17.9984 0.0652059 0.757111 412.355 0 0
1500 76.2804 12.0823 17.8209 0.338635 0.134916 412.557 0 0
1500 80.4399 -30.9627 17.8964 0.324722 -0.549968 412.638 0 0
1500 51.7302 -13.9035 17.9106 -0.15889 -0.180613 412.586 0 0
1500 40.8092 -59.2977 17.964 -0.253697 -1.04245 412.727 0 0
1500 65.3921 -44.7159 17.8449 0.14387 -0.692826 412.809 0 0
1500 84.1323 29.2849 18.1681 0.488398 0.503124 412.804 0 0
1500 86.8985 76.3833 17.87 0.389379 1.22077 412.782 0 0
1500 68.8091 -18.8648 17.819 0.0868721 -0.289297 413.038 0 0
1500 48.3132 14.44 18.3977 -0.129586 0.217272 413.111 0 0
1500 51.6101 36.9388 17.8483 -0.0983997 0.590651 413.164 0 0
1500 31.79 -29.3224 17.945 -0.412191 -0.422272 413.21 0 0
1500 99.5252 33.9916 17.869 0.685962 0.575903 413.518 0 0
1500 124.226 2.87958 17.8815 1.03346 0.0872733 413.583 0 0
1500 95.1484 17.3473 18.3374 0.655792 0.361249 413.662 0 0
1500 110.287 8.64242 17.963 0.828668 0.12683 413.726 0 0
1500 109.537 -12.0514 17.9103 0.808778 -0.196662 413.718 0 0
1500 120.464 2.97513 18.1196 1.1073 0.0562435 413.691 0 0
1500 66.4076 13.1114 17.8314 0.185032 0.184165 413.791 0 0
1500 105.001 35.2874 18.0708 0.771389 0.590731 413.822 0 0
1500 24.6856 29.3031 17.9164 -0.484487 0.479114 413.933 0 0
1500 37.9568 52.9559 17.8085 -0.24235 0.846093 413.929 0 0
1500 24.6537 -61.4631 17.7908 -0.436918 -0.952619 413.984 0 0
1500 97.3816 -49.9277 17.8329 0.667325 -0.732847 414.021 0 0
1500 90.4177 -50.3787 17.852 0.499253 -0.790471 414.197 0 0
1500 24.6434 -33.9084 17.8041 -0.594688 -0.515823 414.183 0 0
1500 35.7668 -1.93744 17.9979 -0.379338 0.0243678 414.176 0 0
1500 112.108 -14.0906 17.8007 0.882399 -0.25995 414.367 0 0
1500 26.0739 -30.5592 17.8558 -0.557199 -0.42249 414.374 0 0
1500 108.698 6.32698 18.1573 0.87194 0.125744 414.688 0 0
1500 118.356 -1.4502 17.9631 0.953208 -0.0311843 414.782 0 0
1500 57.5159 -10.6898 18.461 -0.000150009 -0.165436 414.949 0 0
1500 72.4839 -22.9718 18.4053 0.249796 -0.40774 414.992 0 0
1500 97.1532 -2.91328 17.9745 0.630336 -0.014768 415.109 0 0
1500 60.7108 25.6289 18.3322 0.0431643 0.430147 415.048 0 0
1500 44.6506 -23.3789 17.9918 -0.191505 -0.438586 415.021 0 0
1500 57.854 -28.5194 17.9907 0.0126062 -0.517453 415.097 0 0
1500 51.8972 26.9624 17.963 -0.065066 0.4935 415.111 0 0
1500 68.6022 21.4801 17.9642 0.193726 0.409173 415.029 0 0
1500 82.547 30.6592 17.9747 0.425439 0.455772 415.13 0 0
1500 88.4898 46.8649 17.8832 0.539287 0.741975 415.129 0 0
1500 85.8895 45.217 17.8886 0.507026 0.70573 415.13 0 0
1500 13.7832 -18.134 17.8055 -0.755318 -0.24723 415.243 0 0
1500 121.543 -6.58523 17.7952 1.01104 -0.143362 415.354 0 0
1500 139.849 17.3526 17.8844 1.26372 0.260197 415.483 0 0
1500 92.3584 51.9575 17.797 0.546165 0.803921 415.505 0 0
1500 104.801 -13.8981 17.9299 0.730926 -0.28295 415.506 0 0
1500 39.93 -77.9911 17.8601 -0.316897 -1.23127 415.585 0 0
1500 106.662 27.4644 17.8857 0.819249 0.432802 415.483 0 0
1500 34.8926 -31.2267 17.9863 -0.34024 -0.55644 415.425 0 0
1500 103.891 56.7406 18.0091 0.820473 0.923243 415.38 0 0
1500 98.2262 -16.055 17.9842 0.631133 -0.322472 415.6 0 0
1500 112.052 27.5052 17.8049 0.829101 0.447551 415.814 0 0
1500 96.7897 -53.8865 17.8052 0.544262 -0.857005 415.809 0 0
1500 117.16 -31.7734 17.83 0.941312 -0.447599 415.728 0 0
1500 80.1228 -61.5941 17.7941 0.379802 -0.970499 415.753 0 0
1500 95.3146 -48.8608 17.8301 0.573975 -0.795215 415.826 0 0
1500 92.1913 -33.1162 17.9808 0.536146 -0.581175 415.906 0 0
1500 23.3758 107.48 17.8596 -0.542372 1.78398 415.911 0 0
1500 121.506 -18.4587 17.7939 0.994279 -0.326152 415.943 0 0
1500 125.443 -5.30619 18.1205 1.1691 -0.133443 416.044 0 0
1500 59.1279 -51.2611 17.9778 0.0317371 -0.854045 416.203 0 0
1500 80.0985 18.9185 17.9223 0.395184 0.358072 416.451 0 0
1500 182.192 44.5643 17.8298 1.95082 0.765229 416.439 0 0
1500 34.2056 -115.571 17.9095 -0.368964 -1.87139 416.451 0 0
1500 85.0564 38.0512 17.808 0.44459 0.597505 416.488 0 0
1500 88.4446 7.7106 17.9216 0.524117 0.184257 416.5 0 0
1500 86.6157 11.9467 18.5056 0.5027 0.252198 416.542 0 0
1500 4.62489 -22.6922 17.7991 -0.834809 -0.419406 416.504 0 0
1500 -4.39135 1.00635 17.7944 -1.01155 0.0465064 416.765 0 0
1500 71.7139 -57.4932 17.7975 0.185897 -0.945839 416.739 0 0
1500 72.0545 -64.2895 17.962 0.315071 -1.09587 416.725 0 0
1500 15.1028 -13.3522 17.9163 -0.683065 -0.273889 416.852 0 0
1500 68.3256 4.40929 18.3303 0.251599 0.137493 417.005 0 0
1500 68.2996 12.1382 18.329 0.250889 0.254851 417.087 0 0
1500 54.4334 -11.9025 18.0065 -0.0886824 -0.202576 417.104 0 0
1500 102.519 7.28898 17.8083 0.686799 0.064863 417.13 0 0
1500 51.3539 -60.5937 17.9711 -0.0851014 -0.981978 417.126 0 0
1500 85.1171 9.63909 18.5988 0.518515 0.0990688 417.202 0 0
1500 7.66553 42.0984 17.7917 -0.818945 0.626064 417.13 0 0
1500 52.2655 -23.6129 18.3203 -0.0965743 -0.378374 417.197 0 0
1500 62.8831 15.3443 18.0756 0.155375 0.296459 417.153 0 0
1500 108.371 -32.5418 18.2052 0.97559 -0.595791 417.179 0 0
1500 90.5123 -43.6625 17.926 0.502097 -0.710765 417.355 0 0
1500 110.661 15.9084 17.9172 0.884324 0.250656 417.422 0 0
1500 60.7299 28.369 18.1075 0.0480813 0.506071 417.382 0 0
1500 -5.53131 -19.0855 17.7925 -1.01607 -0.252743 417.591 0 0
1500 97.5871 45.2522 18.0639 0.635264 0.7477 417.444 0 0
1500 72.1281 34.2387 18.0199 0.256419 0.600087 417.476 0 0
1500 89.8139 -32.1142 17.9315 0.465687 -0.561211 417.523 0 0
1500 128.859 27.8517 18.2108 1.24063 0.504965 417.603 0 0
1500 74.9678 -19.7182 17.9689 0.32782 -0.406634 417.685 0 0
1500 96.3359 4.18313 18.2332 0.678241 -0.00763326 417.892 0 0
1500 104.748 -0.615045 17.9244 0.802824 -0.00259474 417.977 0 0
1500 79.5459 37.8787 17.9356 0.410564 0.618408 418.099 0 0
1500 49.2224 60.4459 17.8029 -0.105469 0.982589 418.104 0 0
1500 54.0489 17.8364 18.3593 -0.0596864 0.303014 418.116 0 0
1500 103.242 3.62698 18.0621 0.766212 0.113731 418.19 0 0
1500 11.34 37.827 17.9617 -0.767257 0.61486 418.109 0 0
1500 80.0266 21.9305 18.3834 0.372432 0.398746 418.228 0 0
1500 106.617 -20.4992 18.7047 1.04721 -0.381736 418.268 0 0
1500 76.2803 56.6136 17.9039 0.326577 0.915719 418.316 0 0
1500 148.431 -7.51913 18.2592 1.6785 -0.199045 418.308 0 0
1500 16.0278 49.9462 17.8013 -0.603719 0.819376 418.472 0 0
1500 53.0734 45.9567 17.9751 -0.092212 0.769388 418.438 0 0
1500 67.0837 -39.76 17.9022 0.143735 -0.689177 418.482 0 0
1500 93.7017 42.6451 18.2365 0.613409 0.738222 418.427 0 0
1500 77.6022 -71.8914 17.9556 0.393995 -1.17293 418.437 0 0
1500 70.977 -75.6877 17.9897 0.285621 -1.31952 418.441 0 0
1500 35.2828 29.9882 18.0165 -0.432904 0.594752 418.462 0 0
1500 77.3098 7.81863 17.9708 0.368627 0.0640189 418.601 0 0
1500 91.7722 -2.97123 17.938 0.605939 -0.0743612 418.614 0 0
1500 34.4282 -36.2997 17.8181 -0.443949 -0.571474 418.684 0 0
1500 108.634 -15.5545 17.8058 0.771028 -0.271753 418.715 0 0
1500 147.915 -23.145 17.8378 1.38769 -0.32444 418.794 0 0
1500 59.9018 65.2686 17.8745 0.0136029 1.0545 418.874 0 0
1500 87.9762 49.2197 17.9128 0.534012 0.773094 418.886 0 0
1500 -31.3729 -29.3492 17.8371 -1.45853 -0.527195 418.954 0 0
1500 91.0326 12.7993 17.9648 0.577885 0.140418 419.018 0 0
1500 39.8639 -14.5145 18.0563 -0.293648 -0.288542 419.077 0 0
1500 71.4914 -20.6067 17.9235 0.197587 -0.394617 419.093 0 0
1500 107.38 44.179 17.8112 0.794393 0.66914 419.167 0 0
1500 90.0686 47.4003 18.0228 0.547718 0.774294 419.182 0 0
1500 87.569 -22.7079 18.3544 0.582174 -0.37047 419.172 0 0
1500 118.514 -24.6078 17.9079 0.940704 -0.43352 419.236 0 0
1500 76.52 54.7173 17.9678 0.262602 0.892086 419.252 0 0
1500 67.2898 -30.5491 17.9413 0.20846 -0.529722 419.342 0 0
1500 30.6037 22.8368 17.9849 -0.432229 0.322289 419.428 0 0
1500 101.956 15.5285 17.9585 0.740395 0.181053 419.539 0 0
1500 69.2323 36.3656 18.429 0.236199 0.618483 419.613 0 0
1500 38.4836 47.2849 17.8369 -0.281557 0.798903 419.646 0 0
1500 69.46 36.1481 18.3437 0.182683 0.658719 419.658 0 0
1500 136.181 30.5656 18.4264 1.45355 0.537169 419.649 0 0
1500 35.1626 -9.24459 17.8261 -0.390672 -0.109741 419.661 0 0
1500 85.8547 2.78617 18.1417 0.541764 0.0299726 419.693 0 0
1500 53.814 50.7236 17.8367 -0.0467324 0.851213 419.674 0 0
1500 64.5891 -48.9411 17.956 0.168103 -0.802299 419.78 0 0
1500 101.728 -1.81101 17.954 0.754872 0.0492689 419.765 0 0
1500 52.6204 -8.75044 18.5628 -0.059643 -0.125693 419.857 0 0
1500 22.9589 -44.729 17.838 -0.504708 -0.752222 419.837 0 0
1500 11.6038 -43.4324 17.9174 -0.721638 -0.71176 419.894 0 0
1500 44.5388 -52.7947 18.1141 -0.183047 -0.994815 419.893 0 0
1500 43.8972 37.5377 17.8607 -0.209999 0.656997 419.924 0 0
1500 106.924 -17.2924 18.3472 0.942226 -0.248216 419.904 0 0
1500 96.8782 8.92108 18.1666 0.643816 0.152578 419.961 0 0
1500 66.0129 -117.77 18.199 0.133628 -2.19773 419.995 0 0
1500 71.9536 -59.0944 17.8888 0.213609 -0.963815 420.04 0 0
1500 45.7153 0.733841 18.0424 -0.237121 0.0374396 420.1 0 0
1500 61.9711 -9.42121 17.8609 0.132707 -0.183907 420.033 0 0
1500 89.7509 41.5828 17.9649 0.5082 0.646123 420.195 0 0
1500 36.8288 51.1026 17.8031 -0.372126 0.761521 420.164 0 0
1500 123.674 1.84523 17.8147 1.04699 0.0148002 420.321 0 0
1500 94.1171 -4.58487 17.8976 0.633266 -0.0332838 420.33 0 0
1500 6.68611 4.41456 17.805 -0.801339 0.0927671 420.371 0 0
1500 97.2685 52.0982 17.8052 0.533165 0.836276 420.466 0 0
1500 -39.2766 84.3546 17.8444 -1.5461 1.40994 420.423 0 0
1500 45.2633 -40.1745 18.3241 -0.21843 -0.764107 420.351 0 0
1500 99.0123 -39.7184 17.9497 0.684963 -0.654233 420.531 0 0
1500 96.1894 5.12227 17.8752 0.643855 0.139033 420.561 0 0
1500 19.9138 -32.96 17.8074 -0.610413 -0.439279 420.611 0 0
1500 80.145 269.897 17.7936 0.306405 4.07846 420.586 0 0
1500 108.777 7.61308 18.2216 0.872373 0.0712838 420.602 0 0
1500 107.22 18.5677 18.0396 0.846482 0.244161 420.628 0 0
1500 71.9904 -4.29943 18.2046 0.227947 -0.134222 420.62 0 0
1500 67.1538 14.0429 17.9913 0.127294 0.262248 420.729 0 0
1500 22.8586 40.7158 17.8526 -0.52869 0.697733 420.7 0 0
1500 53.6374 12.1552 18.0351 -0.120004 0.186752 420.66 0 0
1500 125.352 -4.20997 17.9403 1.0955 0.00254151 420.672 0 0
1500 74.5716 -48.4056 18.0874 0.36235 -0.881492 420.682 0 0
1500 95.9292 -13.8656 18.982 0.891043 -0.2941 420.779 0 0
1500 123.417 10.3098 17.8148 1.0349 0.13935 420.86 0 0
1500 42.7108 -65.4765 17.8137 -0.297974 -1.00135 420.885 0 0
1500 101.363 -50.7523 17.8819 0.710647 -0.791673 420.948 0 0
1500 90.3958 -44.5994 18.0961 0.540643 -0.741156 420.912 0 0
1500 104.787 32.6848 17.8676 0.774568 0.54024 420.92 0 0
1500 94.0704 31.0009 17.8905 0.626623 0.511921 420.941 0 0
1500 21.976 -14.9394 17.8727 -0.62148 -0.265102 420.903 0 0
1500 79.6324 -38.9081 17.8721 0.269086 -0.634973 420.946 0 0
1500 -12.9025 -149.429 17.8314 -1.18802 -2.34992 420.988 0 0
1500 8.80859 -33.1359 17.8239 -0.785113 -0.565976 421.047 0 0
1500 93.9459 34.1881 18.0974 0.651 0.534794 421.063 0 0
1500 146.789 -7.28088 18.03 1.53804 -0.131728 421.081 0 0
1500 -5.58743 -41.882 18.1348 -1.13172 -0.693299 421.092 0 0
1500 71.3946 -44.3217 17.8091 0.169484 -0.698358 421.239 0 0
1500 35.2467 60.5897 17.8273 -0.323288 0.978925 421.231 0 0
1500 64.1663 63.7547 17.8272 0.109129 1.02599 421.248 0 0
1500 122.614 -16.6524 17.8306 0.99107 -0.317243 421.329 0 0
1500 75.6954 -29.3834 18.4062 0.388216 -0.499838 421.322 0 0
1500 108.639 23.6714 17.9422 0.850278 0.321507 421.329 0 0
1500 120.072 -14.888 17.9453 0.98909 -0.276335 421.42 0 0
1500 88.7303 -4.1387 18.5158 0.593674 -0.121888 421.469 0 0
1500 -23.8745 70.6949 17.8144 -1.25692 1.12006 421.478 0 0
1500 72.2454 -63.8588 17.8303 0.240052 -1.01759 421.519 0 0
1500 89.2227 5.82957 18.7501 0.584386 0.159546 421.545 0 0
1500 105.438 -14.4331 18.4481 0.855132 -0.21079 421.602 0 0
1500 87.6119 1.85463 17.9196 0.498672 0.100548 421.66 0 0
1500 70.726 31.515 18.4214 0.206051 0.53756 421.665 0 0
1500 79.4511 -34.5682 17.9869 0.314107 -0.554375 421.695 0 0
1500 -9.47102 -22.297 17.8492 -1.04699 -0.357247 421.898 0 0
1500 21.8585 58.2782 17.8021 -0.609258 0.850179 421.764 0 0
1500 105.451 28.9637 17.8636 0.773346 0.498786 421.706 0 0
1500 39.8084 4.83476 17.9911 -0.280657 0.155172 421.944 0 0
1500 54.9492 2.44716 18.3727 -0.111347 0.0801871 421.936 0 0
1500 51.8434 -32.2852 17.8932 -0.0373582 -0.559216 421.992 0 0
1500 60.4901 59.3399 17.8615 0.0899495 0.955869 422.005 0 0
1500 41.8144 -9.00432 18.0275 -0.286455 -0.0904079 422.032 0 0
1500 112.893 12.4223 18.4403 0.992902 0.279409 422.05 0 0
1500 32.737 -60.0343 17.8197 -0.415787 -0.956894 422.172 0 0
1500 103.184 -56.3921 17.8596 0.730229 -0.841193 422.201 0 0
1500 -1.4207 28.4926 17.803 -0.946227 0.40781 422.234 0 0
1500 109.797 32.3987 17.8809 0.850725 0.523053 422.224 0 0
1500 69.2323 16.8753 18.3509 0.276713 0.258415 422.288 0 0
1500 85.4004 -43.041 18.217 0.459743 -0.781731 422.273 0 0
1500 118.579 -17.2081 17.8805 0.981287 -0.221606 422.313 0 0
1500 57.2078 23.3668 18.3456 -0.0194613 0.367419 422.389 0 0
1500 88.5289 -63.7142 17.997 0.568945 -1.17009 422.418 0 0
1500 116.22 23.0488 17.9569 0.924653 0.349957 422.479 0 0
1500 55.5908 25.2296 18.0564 -0.113466 0.498028 422.586 0 0
1500 57.5548 -15.3977 18.3068 0.0260783 -0.274305 422.641 0 0
1500 70.6016 8.98722 17.9043 0.182949 0.192759 422.615 0 0
1500 -4.59354 -6.4838 17.8569 -1.00218 -0.130588 422.826 0 0
1500 39.7933 -66.4026 17.8124 -0.283886 -1.09919 422.805 0 0
1500 -2.45808 0.0190938 17.8195 -0.940564 -0.0261459 422.986 0 0
1500 45.4812 -27.1119 18.2057 -0.211278 -0.446177 423.04 0 0
1500 91.3937 5.22864 19.3272 0.674524 0.100053 423.269 0 0
1500 -6.10755 -10.4009 17.8554 -1.01829 -0.188138 423.258 0 0
1500 48.9726 32.2759 18.0458 -0.0860959 0.568371 423.249 0 0
1500 52.7327 -18.6493 17.9529 -0.0474108 -0.364813 423.306 0 0
1500 112.266 -36.7525 17.935 0.873133 -0.579667 423.392 0 0
1500 37.7933 -36.3669 17.8074 -0.334576 -0.62874 423.377 0 0
1500 78.0649 10.2996 18.3093 0.323624 0.208872 423.727 0 0
1500 103.149 -4.98886 18.3548 0.81298 -0.0974346 423.642 0 0
1500 102.613 -21.1313 17.8256 0.757216 -0.301196 423.65 0 0
1500 39.9938 10.4427 18.0695 -0.278301 0.232108 423.713 0 0
1500 27.9259 12.6899 17.8368 -0.475487 0.275102 423.78 0 0
1500 131.265 22.3373 18.0779 1.27835 0.406534 423.648 0 0
1500 13.7177 18.2559 18.2985 -0.747129 0.348619 423.758 0 0
1500 148.035 -5.6518 17.964 1.61173 -0.0998227 423.706 0 0
1500 94.3232 15.443 18.4545 0.69541 0.377078 423.601 0 0
1500 69.4723 -31.2093 18.2082 0.215485 -0.498735 423.879 0 0
1500 90.8627 3.2775 18.1801 0.538393 -0.00888067 423.876 0 0
1500 106.432 -2.65351 18.3528 0.859198 -0.0624422 423.852 0 0
1500 84.6787 -18.8432 19.324 0.658196 -0.392496 423.867 0 0
1500 53.0202 57.6364 17.8109 -0.128317 0.874396 423.912 0 0
1500 79.0586 55.0367 17.8047 0.365893 0.818007 423.971 0 0
1500 80.5929 18.9367 18.0013 0.310148 0.3413 423.946 0 0
1500 43.4574 41.6582 18.0213 -0.190106 0.717031 423.974 0 0
1500 59.33 -63.6662 17.8652 0.0329793 -1.0256 424.028 0 0
1500 96.8983 -35.4308 17.8024 0.562314 -0.607632 424.109 0 0
1500 18.1002 0.888827 17.9088 -0.682341 0.0212909 424.282 0 0
1500 118.376 -1.56034 18.0588 1.00807 0.0128091 424.332 0 0
1500 71.7701 35.744 18.0873 0.256922 0.620583 424.429 0 0
1500 55.995 18.0687 18.1119 -0.0220919 0.313057 424.667 0 0
1500 35.0599 -48.3223 17.8729 -0.362017 -0.734651 424.515 0 0
1500 58.718 51.3798 17.839 0.026375 0.801358 424.556 0 0
1500 75.5064 -2.2487 18.0321 0.372941 -0.0300777 424.486 0 0
1500 60.4679 1.91286 17.839 -0.0397446 0.0118473 424.439 0 0
1500 87.77 -43.141 17.9559 0.484903 -0.663868 424.723 0 0
1500 83.8763 -46.0378 17.9557 0.429824 -0.705113 424.705 0 0
1500 119.109 14.0253 17.8818 0.953398 0.237862 424.82 0 0
1500 80.9147 25.2118 18.0709 0.395242 0.400683 424.894 0 0
1500 99.3899 35.8609 17.818 0.658479 0.617814 424.865 0 0
1500 70.4955 -30.1635 17.8319 0.116916 -0.488462 424.895 0 0
1500 86.882 -46.001 17.9302 0.470416 -0.707092 424.968 0 0
1500 123.561 -21.9183 17.9296 1.09719 -0.298135 424.977 0 0
1500 53.3332 8.30385 17.9908 -0.0801164 0.176448 425.08 0 0
1500 106.814 -15.4714 18.0508 0.834348 -0.199474 425.2 0 0
1500 69.799 -34.9208 18.1361 0.223951 -0.60804 425.101 0 0
1500 95.3991 -37.6462 18.3485 0.647723 -0.694701 425.326 0 0
1500 87.2035 -6.63899 18.2319 0.518173 -0.101309 425.396 0 0
1500 95.5476 48.6344 17.9289 0.613241 0.800416 425.535 0 0
1500 100.726 2.74075 17.9969 0.690972 0.117051 425.461 0 0
1500 47.9874 -44.0083 17.8238 -0.231834 -0.697575 425.52 0 0
1500 110.138 -6.27535 17.9467 0.812998 -0.127538 425.811 0 0
1500 4.08538 31.3196 17.8179 -0.821271 0.548191 425.759 0 0
1500 67.8584 -5.51731 18.2377 0.250079 -0.0853397 425.831 0 0
1500 88.78 17.3233 17.9709 0.563453 0.239206 425.988 0 0
1500 67.5359 37.8179 18.2332 0.111639 0.639927 425.999 0 0
1500 34.0885 1.22098 17.8894 -0.438692 0.0486409 426.054 0 0
1500 40.0983 -19.8559 18.1002 -0.276172 -0.310116 426.348 0 0
1500 123.737 0.56147 17.8485 1.03057 -0.0224414 426.246 0 0
1500 114.679 18.383 17.9692 0.890749 0.348933 426.274 0 0
1500 109.892 21.3641 18.0115 0.879448 0.325747 426.345 0 0
1500 64.0882 -24.044 18.2281 0.191106 -0.427285 426.259 0 0
1500 33.3919 -49.9478 17.8162 -0.451841 -0.779964 426.295 0 0
1500 101.767 48.7331 17.8154 0.647588 0.803525 426.386 0 0
1500 18.199 -46.7213 17.9451 -0.630035 -0.757491 426.383 0 0
1500 55.237 -64.7237 18.0816 0.0207697 -1.10706 426.385 0 0
1500 79.3384 -0.443754 17.9467 0.355721 -0.0579861 426.432 0 0
1500 58.549 8.56872 18.2151 -0.0152416 0.108616 426.797 0 0
1500 11.2183 -48.0661 17.8768 -0.734515 -0.743335 426.917 0 0
1500 79.4419 -18.3117 17.9594 0.371683 -0.293531 426.943 0 0
1500 97.8903 13.7725 17.8506 0.626914 0.161741 427 0 0
1500 45.7774 -61.7104 17.8118 -0.260228 -0.950021 426.948 0 0
1500 71.5559 8.22377 17.9233 0.280792 0.178226 426.959 0 0
1500 106.701 -3.22553 17.8799 0.857444 -0.0746813 427.005 0 0
1500 75.3427 9.77459 18.0581 0.334884 0.130998 427.032 0 0
1500 37.8516 -1.97397 17.9191 -0.294682 -0.0935846 427.032 0 0
1500 67.1247 -32.2974 18.2108 0.218674 -0.569236 427.026 0 0
1500 -9.51903 5.36388 18.2421 -1.19168 0.150544 427.023 0 0
1500 93.7626 6.97848 17.9962 0.642983 0.0954315 427.106 0 0
1500 97.2032 -34.0326 18.2457 0.695839 -0.631543 427.251 0 0
1500 32.8484 8.47003 18.0386 -0.437566 0.0684988 427.097 0 0
1500 76.3425 -22.5352 18.5193 0.28296 -0.393552 427.104 0 0
1500 98.509 -3.94541 18.9011 0.846884 -0.00163464 427.306 0 0
1500 95.4101 -16.5672 17.9937 0.665721 -0.263096 427.344 0 0
1500 36.0175 -60.49 17.8602 -0.339285 -0.975215 427.414 0 0
1500 73.6365 43.5254 17.8303 0.29125 0.709776 427.486 0 0
1500 96.0519 -56.1354 17.9969 0.694812 -0.971396 427.58 0 0
1500 43.6472 47.1225 17.8297 -0.161585 0.762956 427.587 0 0
1500 84.9901 -20.3076 18.4078 0.480983 -0.3314 427.797 0 0
1500 103.313 4.23741 18.3889 0.816247 0.0916802 427.865 0 0
1500 18.6142 43.0527 17.8697 -0.660722 0.680495 427.892 0 0
1500 109.641 38.9822 17.8126 0.777601 0.634989 428.007 0 0
1500 83.4304 1.66755 18.3065 0.523269 0.0338607 427.981 0 0
1500 50.7113 -24.9508 17.9132 -0.18403 -0.368501 428.015 0 0
1500 129.853 -19.0052 17.9739 1.234 -0.27877 428.019 0 0
1500 56.2765 -32.4317 18.0878 0.00643859 -0.51963 428.06 0 0
1500 7.42359 -28.5816 17.8906 -0.770936 -0.454728 428.046 0 0
1500 61.7608 64.4602 17.8165 0.0479375 1.01287 428.096 0 0
1500 97.5371 12.4451 17.8741 0.687954 0.217488 428.341 0 0
1500 96.2873 54.0371 18.0196 0.730428 0.935797 428.401 0 0
1500 75.2998 -32.445 18.236 0.309301 -0.513568 428.614 0 0
1500 90.7077 51.6493 17.852 0.451183 0.841238 428.633 0 0
1500 46.6841 38.1347 17.8854 -0.243987 0.607733 428.517 0 0
1500 30.2498 26.1586 17.9668 -0.467276 0.453574 428.817 0 0
1500 67.2428 -24.4838 18.9125 0.215164 -0.488946 428.562 0 0
1500 74.497 0.197807 18.222 0.34247 -0.0146538 428.958 0 0
1500 96.0621 47.0484 17.8213 0.54124 0.749235 428.982 0 0
1500 112.011 -4.50171 17.8264 0.853223 -0.0155007 428.867 0 0
1500 115.944 -8.64826 17.9013 0.943212 -0.0820886 428.939 0 0
1500 84.5703 -25.4627 18.2842 0.50606 -0.446922 428.916 0 0
1500 130.257 34.801 18.2177 1.27267 0.607431 428.955 0 0
1500 28.3161 -45.5283 17.9837 -0.491232 -0.73271 428.99 0 0
1500 106.174 18.8131 18.2124 0.844905 0.278043 429.049 0 0
1500 57.3511 38.2873 18.0785 0.0623488 0.650115 429.157 0 0
1500 145.304 -5.64747 17.9436 1.50736 -0.112516 429.11 0 0
1500 114.89 -26.3057 17.9127 0.873604 -0.437387 429.196 0 0
1500 64.6614 -7.65734 18.0122 0.0522168 -0.0937247 429.263 0 0
1500 69.8065 64.8066 17.8129 0.248055 1.04634 429.334 0 0
1500 90.898 38.2868 17.8898 0.466408 0.64872 429.443 0 0
1500 115.847 31.3722 18.0337 0.997244 0.58111 429.42 0 0
1500 28.7802 -31.9476 18.0215 -0.458306 -0.555294 429.54 0 0
1500 104.383 26.363 17.8403 0.782594 0.42175 429.742 0 0
1500 82.1303 49.1002 17.8011 0.308377 0.803791 429.697 0 0
1500 74.3282 -4.1461 17.9027 0.203601 -0.116617 429.661 0 0
1500 96.2281 -61.2281 17.8373 0.678461 -0.96498 429.519 0 0
1500 117.385 -20.017 17.909 0.959316 -0.341487 429.984 0 0
1500 122.897 -14.4142 18.0901 1.16243 -0.221531 429.931 0 0
1500 110.425 21.7598 17.8378 0.870494 0.349789 430.065 0 0
1500 68.7939 4.40646 17.9417 0.247952 0.107672 430.058 0 0
1500 121.522 -4.63359 17.9086 1.01933 -0.111555 430.101 0 0
1500 44.1595 -47.5823 17.805 -0.205312 -0.806925 430.139 0 0
1500 11.3071 8.932 17.8636 -0.810422 0.130867 430.134 0 0
1500 77.9368 -31.6284 17.9419 0.324848 -0.505568 430.19 0 0
1500 2.51 24.1991 17.8705 -0.903593 0.382636 430.165 0 0
1500 19.9912 13.8213 18 -0.627843 0.234308 430.262 0 0
1500 32.3753 31.6611 18.0811 -0.397061 0.54904 430.231 0 0
1500 10.3421 -3.48059 17.8268 -0.788884 0.00120328 430.218 0 0
1500 86.248 -6.39637 18.2464 0.539646 -0.163064 430.175 0 0
1500 5.26262 2.83172 17.9186 -0.917522 0.104632 430.381 0 0
1500 102.615 37.0386 18.0303 0.709441 0.629325 430.519 0 0
1500 85.3046 41.685 18.0899 0.443722 0.705362 430.474 0 0
1500 12.7021 3.73293 17.8251 -0.739841 -0.00387669 430.481 0 0
1500 54.9164 0.566626 18.2869 -0.0611154 0.0306422 430.54 0 0
1500 86.8916 0.0692973 19.0356 0.567047 -0.0515898 431.136 0 0
1500 48.8028 -43.3101 17.8765 -0.140742 -0.68111 431.136 0 0
1500 86.8 -53.1114 17.7973 0.442855 -0.878228 431.15 0 0
1500 70.5249 16.2148 18.0173 0.220309 0.286299 431.636 0 0
1500 98.4275 -27.7797 18.3437 0.719121 -0.467835 431.458 0 0
1500 89.7744 -50.8211 17.839 0.442509 -0.834895 431.536 0 0
1500 94.1425 22.1199 18.0466 0.653699 0.351902 431.467 0 0
1500 95.4247 -26.7314 18.1043 0.59852 -0.430094 431.744 0 0
1500 50.6301 26.7358 18.3042 -0.079039 0.475899 431.785 0 0
1500 83.7332 -27.5916 17.8512 0.474864 -0.407359 431.782 0 0
1500 117.413 -38.6891 17.9042 1.00881 -0.571093 431.774 0 0
1500 79.0679 13.109 18.3888 0.396139 0.297984 431.76 0 0
1500 48.5372 -32.9765 17.8314 -0.203512 -0.480382 431.83 0 0
1500 64.1742 41.0876 17.8493 0.171209 0.655959 431.933 0 0
1500 89.5529 -23.0468 17.8252 0.564158 -0.360081 431.944 0 0
1500 43.4353 3.13506 17.8887 -0.213695 -0.0243626 432.098 0 0
1500 117.424 28.7006 17.8319 0.946706 0.441169 432.155 0 0
1500 18.6158 12.0202 18.0118 -0.644041 0.140885 432.068 0 0
1500 99.6052 11.9951 17.8466 0.716758 0.205217 432.16 0 0
1500 75.0944 8.79546 17.9701 0.336837 0.0816656 432.052 0 0
1500 53.6429 -6.36578 18.4161 -0.0287207 -0.142295 432.248 0 0
1500 21.6724 46.8886 17.8536 -0.563877 0.730059 432.17 0 0
1500 23.6048 -45.4071 17.9404 -0.549067 -0.747581 432.459 0 0
1500 43.4471 -53.9586 17.9222 -0.217233 -0.900185 432.322 0 0
1500 69.0517 45.1813 17.8176 0.244987 0.699849 432.242 0 0
1500 28.9931 -13.4976 17.9475 -0.503356 -0.172743 432.498 0 0
1500 113.239 -29.1827 17.9114 0.887483 -0.546709 432.282 0 0
1500 99.0994 -55.2986 17.9729 0.744234 -0.936817 432.466 0 0
1500 107.67 14.1504 18.0544 0.853474 0.200363 432.508 0 0
1500 84.9201 -52.6939 17.9399 0.377181 -0.856894 432.521 0 0
1500 32.8649 -21.9486 17.8457 -0.35107 -0.408236 432.582 0 0
1500 39.7952 50.5837 17.9658 -0.301968 0.858485 432.621 0 0
1500 73.8423 8.86018 17.8589 0.326923 0.138437 432.554 0 0
1500 40.2206 63.3207 17.7923 -0.319332 0.976541 432.72 0 0
1500 65.1496 105.289 18.0476 0.113623 1.76989 432.734 0 0
1500 16.8144 84.0666 17.8471 -0.616903 1.32313 432.741 0 0
1500 88.7047 35.2837 17.8889 0.489681 0.616894 432.791 0 0
1500 76.266 -0.788118 18.3107 0.368404 -0.0389622 433.379 0 0
1500 87.1142 16.876 18.1402 0.508876 0.226625 433.151 0 0
1500 61.5376 1.45433 18.0074 0.137501 0.010101 433.531 0 0
1500 74.2509 -37.1304 17.9408 0.277781 -0.58141 433.181 0 0
1500 116.558 -4.87219 17.9147 0.907523 -0.11051 432.894 0 0
1500 1.59145 5.72947 17.8177 -0.878904 0.106234 433.298 0 0
1500 122.51 -13.3396 17.8397 1.00377 -0.240058 433.327 0 0
1500 54.1109 66.9682 17.8135 -0.110561 1.04113 432.983 0 0
1500 114.739 -17.7877 17.9457 0.941529 -0.25232 432.852 0 0
1500 67.1263 -57.4152 17.8456 0.0712794 -0.904975 433.194 0 0
1500 22.2804 -45.2035 17.8439 -0.609438 -0.716561 433.421 0 0
1500 45.3919 -54.4089 17.8403 -0.262962 -0.855295 433.24 0 0
1500 91.5663 21.5698 18.904 0.66475 0.405237 433.12 0 0
1500 112.381 -109.817 17.869 0.929573 -1.74878 432.956 0 0
1500 84.4043 1.41748 18.1282 0.466353 0.000888823 433.87 0 0
1500 63.8811 -41.7087 17.8318 0.0766358 -0.660605 434.021 0 0
1500 47.6965 65.1079 17.8209 -0.136203 1.03832 433.695 0 0
1500 84.1871 7.07245 18.2995 0.44281 0.181556 434.008 0 0
1500 115.011 4.77865 17.8307 0.908052 0.00756333 433.949 0 0
1500 69.9924 -4.23131 17.9389 0.196622 -0.143864 433.951 0 0
1500 32.1477 -93.2129 17.8526 -0.419804 -1.52881 434.117 0 0
1500 73.4093 92.4127 17.849 0.195241 1.51489 433.747 0 0
1500 163.649 23.011 17.8595 1.72533 0.304861 434.179 0 0
1500 242.431 -23.4799 17.8613 3.06001 -0.38974 433.686 0 0
1500 95.1099 -2.07281 18.946 0.771177 -0.110387 434.095 0 0
1500 131.659 25.5655 18.4007 1.33548 0.476837 434.032 0 0
1500 93.6713 -62.8658 17.9665 0.648635 -1.11178 433.734 0 0
1500 122.008 -7.0732 17.8323 1.02936 -0.085976 434.222 0 0
1500 112.866 33.6448 17.8322 0.892473 0.522149 434.245 0 0
1500 145.901 17.9398 18.0586 1.50838 0.354196 434.342 0 0
1500 79.6112 -2.28728 17.9227 0.363807 0.0129625 434.454 0 0
1500 42.9501 48.6232 17.8357 -0.257993 0.740885 434.847 0 0
1500 0.780628 22.4418 17.8186 -0.878982 0.375766 434.435 0 0
1500 51.4097 -41.5784 18.0642 -0.0488236 -0.69872 434.389 0 0
1500 46.5364 27.873 17.838 -0.256767 0.446689 434.82 0 0
1500 38.0384 -23.2305 17.8378 -0.38909 -0.349548 434.836 0 0
1500 102.969 -19.6129 17.8093 0.645846 -0.349012 435.408 0 0
1500 15.3666 31.9909 17.8248 -0.660505 0.507869 435.24 0 0
1500 29.5834 42.8002 17.8261 -0.456441 0.660903 435.387 0 0
1500 120.1 5.8079 17.9158 0.976878 0.102389 435.142 0 0
1500 114.294 34.6755 17.8315 0.902686 0.531001 435.07 0 0
1500 107.978 8.04643 18.4289 0.881027 0.153923 435.17 0 0
1500 31.8708 -61.2071 17.8236 -0.351352 -0.976985 435.359 0 0
1500 32.3294 -48.1497 17.907 -0.448143 -0.765965 435.168 0 0
1500 108.968 -37.6269 17.8631 0.851836 -0.542319 435.405 0 0
1500 54.782 -12.6612 18.1937 -0.0716534 -0.160623 435.237 0 0
1500 89.0155 -31.9075 17.8408 0.542847 -0.533398 435.406 0 0
1500 118.979 -21.0758 18.0429 1.00716 -0.412202 434.941 0 0
1500 76.6923 -41.5509 18.0572 0.282891 -0.766714 435.063 0 0
1500 106.878 16.9233 17.8731 0.768633 0.259928 435.484 0 0
1500 64.3195 53.2147 17.9422 0.142724 0.830796 435.613 0 0
1500 52.2972 53.0369 17.8256 -0.164324 0.825372 435.865 0 0
1500 -4.14767 -81.8762 18.0489 -1.10244 -1.36542 435.864 0 0
1500 56.3935 34.8264 18.1708 -0.0790411 0.616468 435.889 0 0
1500 106.569 38.2973 17.9482 0.765574 0.600796 436.072 0 0
1500 15.3944 54.6964 17.8923 -0.720092 0.831002 436.078 0 0
1500 39.6549 27.2909 17.8363 -0.308865 0.434183 436.294 0 0
1500 92.7194 38.6009 17.9997 0.554412 0.601881 436.223 0 0
1500 41.8979 56.1573 17.8215 -0.321407 0.866831 436.345 0 0
1500 53.9783 -64.5628 17.889 -0.0568857 -1.00966 436.588 0 0
1500 120.871 15.5903 17.9402 1.01654 0.203976 436.481 0 0
1500 49.2562 -31.0843 18.1306 -0.13477 -0.540685 436.429 0 0
1500 84.2809 41.5313 17.9566 0.373906 0.696896 436.569 0 0
1500 83.6697 3.0297 18.0101 0.473306 0.101326 436.517 0 0
1500 51.8714 -7.91892 18.0153 -0.0648882 -0.200162 436.535 0 0
1500 55.6029 4.55437 18.1169 -0.0255472 -0.00283126 436.653 0 0
1500 61.1134 -21.5464 18.1816 0.0646216 -0.401191 436.748 0 0
1500 15.0886 28.842 17.8763 -0.713988 0.391301 436.766 0 0
1500 78.9836 33.431 17.9442 0.389906 0.580097 436.712 0 0
1500 29.2816 31.9767 18.0438 -0.426026 0.563207 436.95 0 0
1500 53.3375 -31.8855 18.144 -0.0317593 -0.563585 437.016 0 0
1500 32.2602 -36.2989 18.288 -0.421604 -0.688116 437.031 0 0
1500 94.3893 11.2321 18.3501 0.593113 0.216032 437.059 0 0
1500 112.758 23.892 17.9445 0.912405 0.35114 437.045 0 0
1500 38.6845 -40.0007 17.92 -0.253758 -0.684346 437.165 0 0
1500 37.5835 -65.3966 17.8906 -0.298703 -1.1333 437.114 0 0
1500 88.0073 -4.26591 18.4032 0.544626 -0.0759593 437.625 0 0
1500 105.541 -30.3915 17.8416 0.749745 -0.415706 437.223 0 0
1500 93.6663 42.3225 17.8133 0.578861 0.607152 437.419 0 0
1500 54.4889 -87.0392 17.8021 0.0120279 -1.32812 437.781 0 0
1500 3.06341 -29.7433 17.8245 -0.85793 -0.5182 437.258 0 0
1500 108.052 3.85349 17.9408 0.850646 0.0735778 437.398 0 0
1500 42.8595 -27.8475 18.1087 -0.220578 -0.499247 437.202 0 0
1500 60.9575 -51.0008 17.8673 -2.96459e-05 -0.838435 437.298 0 0
1500 74.5057 3.58852 18.0134 0.292931 0.131701 437.412 0 0
1500 129.923 -11.5892 17.8289 1.18134 -0.208997 437.784 0 0
1500 84.1553 -9.30785 17.8266 0.478462 -0.171694 437.319 0 0
1500 86.3859 -2.66667 17.8286 0.48467 -0.105438 437.515 0 0
1500 42.2766 27.9691 17.8962 -0.283825 0.384007 438.062 0 0
1500 77.1623 -26.8583 17.9876 0.375075 -0.461489 437.948 0 0
1500 68.0996 6.48033 17.9407 0.246288 0.111945 437.943 0 0
1500 20.1521 6.72246 17.9764 -0.635566 0.0640233 438.089 0 0
1500 116.269 27.4608 17.9806 1.05544 0.429447 437.997 0 0
1500 87.8177 -24.4029 17.9222 0.460318 -0.359941 438.199 0 0
1500 40.0686 2.63066 18.2852 -0.257493 0.0555788 438.346 0 0
1500 51.0192 -3.24814 17.9636 -0.123799 -0.101471 438.327 0 0
1500 74.448 62.3878 17.8115 0.23176 1.0068 438.411 0 0
1500 82.6824 -40.9629 17.8161 0.449537 -0.656708 438.168 0 0
1500 85.6396 -1.4909 17.9057 0.493256 -0.0769294 438.373 0 0
1500 108.424 -21.1033 17.8244 0.808696 -0.408168 438.33 0 0
1500 79.1474 11.5909 17.8576 0.364866 0.18087 438.658 0 0
1500 115.499 19.3676 17.9334 0.948862 0.304794 438.443 0 0
1500 74.6207 44.2145 17.9984 0.289478 0.747866 438.579 0 0
1500 37.1327 102.452 17.887 -0.354407 1.66397 438.641 0 0
1500 51.5015 -9.58264 17.8649 -0.139338 -0.217941 438.434 0 0
1500 77.0736 30.4298 18.3568 0.442171 0.561207 438.46 0 0
1500 80.137 -6.33411 17.9274 0.42399 -0.0630353 438.763 0 0
1500 44.2982 7.43789 17.9977 -0.247665 0.0606144 438.882 0 0
1500 115.816 -75.3304 17.8679 0.974314 -1.15888 439.017 0 0
1500 85.3795 -21.0075 18.0996 0.450586 -0.423273 439.003 0 0
1500 98.1287 -48.6167 17.9879 0.626192 -0.797534 439.317 0 0
1500 65.0171 57.908 17.991 0.141363 0.943621 439.464 0 0
1500 117.857 -10.8516 17.809 0.945505 -0.225922 439.532 0 0
1500 109.524 -13.2572 17.8521 0.849847 -0.247638 439.341 0 0
1500 -27.8868 18.4992 17.8083 -1.3603 0.213669 439.177 0 0
1500 -2.48325 67.8496 17.9373 -0.950041 1.13334 439.352 0 0
1500 -1.82821 -29.2155 17.8562 -0.927803 -0.487866 439.61 0 0
1500 101.128 -43.6814 17.9128 0.721472 -0.693871 439.671 0 0
1500 74.1317 -58.5078 17.8082 0.284064 -0.944031 439.68 0 0
1500 2.04373 -24.4207 17.795 -0.859204 -0.445864 439.703 0 0
1500 24.9071 28.0638 18.0261 -0.498614 0.503258 439.686 0 0
1500 71.6802 -55.7393 17.955 0.221395 -0.864861 440.398 0 0
1500 122.626 3.15466 17.8038 1.0342 0.0217479 440.065 0 0
1500 110.346 11.7579 18.1797 0.868295 0.239305 440.253 0 0
1500 45.2717 -34.0056 18.1798 -0.17716 -0.589036 440.424 0 0
1500 33.7986 56.8403 17.8045 -0.412113 0.939356 440.191 0 0
1500 56.06 4.90511 18.2294 -0.0519576 0.0539341 440.284 0 0
1500 86.2605 -8.88147 17.8799 0.497527 -0.193906 440.343 0 0
1500 101.387 47.2953 17.949 0.765211 0.775651 440.267 0 0
1500 123.713 -26.7751 18.3005 1.18348 -0.450274 440.046 0 0
1500 96.4964 -42.2729 17.8116 0.64443 -0.708414 440.613 0 0
1500 134.48 -50.8631 17.8841 1.28267 -0.870709 440.644 0 0
1500 49.7337 37.2701 17.9291 -0.213664 0.609151 440.681 0 0
1500 47.6401 -6.11504 17.9275 -0.197189 -0.116231 441.241 0 0
1500 33.8988 26.8823 17.9069 -0.340868 0.446699 441.095 0 0
1500 102.107 38.363 17.8582 0.696964 0.589464 441.356 0 0
1500 116.927 7.53377 17.8577 0.910574 0.147081 441.288 0 0
1500 35.6388 -59.9005 17.8788 -0.353054 -0.930552 441.121 0 0
1500 106.628 48.5838 17.8031 0.785509 0.692892 440.866 0 0
1500 123.47 -10.9813 17.8054 1.01118 -0.223645 440.785 0 0
1500 67.8286 -63.7723 17.8522 0.164258 -1.02358 440.938 0 0
1500 64.6956 58.2374 18.0148 0.107573 0.946701 440.916 0 0
1500 71.5214 5.07735 18.4401 0.318688 0.143864 440.987 0 0
1500 72.3005 40.0084 18.0264 0.23952 0.68715 441.114 0 0
1500 60.157 -14.695 18.2261 0.0344698 -0.283266 441.021 0 0
1500 78.7845 -8.9525 17.9636 0.413305 -0.157178 440.858 0 0
1500 62.734 17.6352 18.1114 0.0340353 0.252504 441.212 0 0
1500 -15.5049 -15.6044 17.8481 -1.16737 -0.327967 440.909 0 0
1500 121.435 -20.9475 18.1684 1.08814 -0.415582 441.159 0 0
1500 38.6793 -32.3175 18.2177 -0.291882 -0.548244 441.612 0 0
1500 48.8781 14.2118 17.9385 -0.0961039 0.264413 441.717 0 0
1500 101.112 -2.16411 17.9479 0.68917 -0.0166384 442.725 0 0
1500 101.469 28.0809 17.8631 0.682091 0.4382 441.94 0 0
1500 67.0751 46.777 17.9288 0.148314 0.731046 442.821 0 0
1500 92.0985 -53.7205 17.8069 0.560294 -0.804032 442.132 0 0
1500 93.7503 -53.4123 17.8062 0.585366 -0.801077 442.001 0 0
1500 118.872 22.0349 17.967 0.991539 0.30991 441.659 0 0
1500 121.387 12.9827 17.9023 1.01645 0.226342 441.838 0 0
1500 114.499 33.3224 17.9022 0.902426 0.521157 442.726 0 0
1500 101.835 -43.9653 17.8594 0.714237 -0.713691 442.617 0 0
1500 59.5925 -61.6614 17.8607 0.0807501 -0.983201 442.346 0 0
1500 112.084 -11.0021 17.9453 0.90616 -0.184205 442.52 0 0
1500 45.151 -57.1228 17.8924 -0.161089 -0.934964 442.91 0 0
1500 98.2486 25.5545 17.9968 0.706737 0.41066 442.656 0 0
1500 97.5231 5.23232 18.0899 0.702969 0.1153 442.811 0 0
1500 12.7191 -24.542 17.8096 -0.691162 -0.453486 442.693 0 0
1500 37.9178 -20.9989 18.0585 -0.306767 -0.395348 442.746 0 0
1500 81.5312 -17.4486 18.0806 0.468601 -0.247148 442.82 0 0
1500 49.1533 -20.9502 18.0431 -0.175909 -0.28291 442.707 0 0
1500 80.3006 -30.1871 17.8141 0.298304 -0.533206 442.482 0 0
1500 109.124 -5.98096 19.3321 1.03858 -0.160317 442.068 0 0
1500 15.8157 -33.9737 18.0979 -0.718442 -0.553962 441.755 0 0
1500 53.3207 -23.9422 17.8697 -0.0994769 -0.456867 441.881 0 0
1500 43.3343 -72.9748 17.8367 -0.218855 -1.23066 442.914 0 0
1500 10.2811 -6.1392 18.0235 -0.82692 -0.127722 441.809 0 0
1500 47.3346 -31.9546 18.1442 -0.223014 -0.512166 442.286 0 0
1500 127.8 -11.7878 17.8922 1.17337 -0.258373 442.809 0 0
1500 98.6843 13.2695 17.8643 0.629218 0.140031 442.968 0 0
1500 100.13 37.1837 17.8141 0.667096 0.50739 443.136 0 0
1500 85.1042 -55.5485 17.8293 0.45922 -0.824348 443.113 0 0
1500 120.947 -9.02003 17.9687 0.99837 -0.146042 443.276 0 0
1500 124.12 -0.522107 17.8221 1.04736 -0.0283285 443.092 0 0
1500 108.054 19.1473 18.0774 0.937227 0.287198 443.033 0 0
1500 76.7396 -6.91962 18.4635 0.38329 -0.0529599 443.331 0 0
1500 69.4187 13.1911 18.0551 0.169398 0.250363 443.737 0 0
1500 87.2508 -38.2967 17.8183 0.47999 -0.568455 443.564 0 0
1500 0.370026 0.800757 17.8075 -0.865413 -0.0505142 443.66 0 0
1500 46.2484 26.7141 17.9824 -0.236527 0.387895 443.486 0 0
1500 93.5238 16.8154 17.8966 0.613556 0.20805 443.898 0 0
1500 93.4843 16.8884 17.8224 0.612028 0.303726 443.787 0 0
1500 105.967 -38.4627 18.1728 0.837019 -0.701729 444.004 0 0
1500 90.4534 -50.9259 17.9309 0.596222 -0.90578 443.857 0 0
1500 50.2013 -2.31175 18.515 -0.167418 -0.0116287 444.003 0 0
1500 67.6839 9.10322 18.2655 0.178845 0.192788 444.189 0 0
1500 55.6895 -22.9526 17.8426 -0.0537316 -0.388576 444.105 0 0
1500 99.64 27.9006 17.9772 0.646476 0.452007 444.101 0 0
1500 9.28281 -13.7764 17.8116 -0.73292 -0.257831 444.109 0 0
1500 109.812 -19.8268 18.1234 0.848626 -0.363138 444.079 0 0
1500 23.3455 53.0692 17.7976 -0.574141 0.851033 444.211 0 0
1500 105.165 -42.6814 17.8 0.714188 -0.717077 444.065 0 0
1500 52.9838 -53.8996 18.0436 -0.0734204 -0.883765 444.063 0 0
1500 105.106 17.4354 17.9236 0.79436 0.223521 444.196 0 0
1500 67.4757 -4.24008 17.8622 0.0720624 -0.0771034 444.265 0 0
1500 76.2593 -0.575005 17.8951 0.28792 -0.0720297 444.891 0 0
1500 55.3043 -41.5225 17.822 -0.073478 -0.648687 444.472 0 0
1500 112.488 -2.01622 17.9124 0.848883 0.0037257 444.665 0 0
1500 102.588 -7.3586 17.9186 0.701644 -0.0716774 445.298 0 0
1500 85.0301 -5.61932 18.8963 0.597598 -0.0438133 445.299 0 0
1500 111.973 -41.9704 17.7948 0.762392 -0.690717 444.875 0 0
1500 111.48 -43.3755 17.7945 0.753407 -0.710273 445.017 0 0
1500 66.8879 41.743 18.1693 0.207207 0.702336 444.439 0 0
1500 61.5888 -52.4873 17.9224 0.12981 -0.842162 444.327 0 0
1500 110.034 -21.1728 17.9183 0.861307 -0.362352 444.825 0 0
1500 95.2529 4.9526 18.1559 0.650543 0.0113866 444.53 0 0
1500 96.856 -47.1651 17.912 0.571387 -0.788843 444.861 0 0
1500 89.8757 20.3389 18.009 0.577914 0.349761 444.869 0 0
1500 99.5757 2.61134 18.0069 0.724645 0.0778444 445.044 0 0
1500 99.9955 35.2315 17.8224 0.699756 0.582927 445.283 0 0
1500 47.2988 -49.6063 17.811 -0.17584 -0.836598 445.036 0 0
1500 14.7125 -1.86741 17.9013 -0.687743 -0.100137 445.229 0 0
1500 39.3845 -29.6717 17.8526 -0.36472 -0.471102 444.913 0 0
1500 68.7824 -5.65297 17.9134 0.151053 -0.161964 444.627 0 0
1500 70.7598 -48.4074 18.0943 0.233536 -0.857629 445.057 0 0
1500 92.4239 -56.4253 18.002 0.606913 -1.01952 445.288 0 0
1500 50.3454 -9.75408 17.8809 -0.0901426 -0.204572 445.52 0 0
1500 44.4926 31.1032 18.0321 -0.181536 0.500902 446.062 0 0
1500 76.8558 -41.2527 17.9214 0.337547 -0.616389 445.946 0 0
1500 95.4105 49.3102 17.8359 0.611718 0.721687 445.693 0 0
1500 15.9628 -49.7615 17.7947 -0.66208 -0.789878 446.364 0 0
1500 124.958 0.974762 17.8143 1.04453 -0.0404962 446.043 0 0
1500 106.668 -22.0921 18.3713 0.85041 -0.384829 445.717 0 0
1500 98.4431 -54.2908 17.8114 0.682287 -0.798393 445.601 0 0
1500 117.998 -21.8424 17.8174 0.962446 -0.283541 446.081 0 0
1500 -17.097 4.24299 17.952 -1.22258 0.101026 445.583 0 0
1500 69.7666 -1.4875 17.8697 0.243259 0.0342311 446.128 0 0
1500 49.6614 -51.3874 18.1802 -0.125966 -0.969831 446.132 0 0
1500 50.0269 -28.6173 18.1584 -0.179575 -0.572656 445.825 0 0
1500 98.096 -19.6219 18.8814 0.848671 -0.446549 445.839 0 0
1500 51.1675 40.5255 18.0296 -0.0761747 0.636549 447.133 0 0
1500 56.1377 -65.2718 17.7956 -0.0727139 -1.01353 446.618 0 0
1500 62.9454 65.7069 17.7995 0.0590895 1.04008 447.238 0 0
1500 36.3703 -61.6376 17.8336 -0.39779 -0.935057 447.135 0 0
1500 -0.943971 -26.7079 17.8325 -0.952367 -0.408632 447.508 0 0
1500 99.3915 -4.76093 18.0537 0.728869 -0.104787 447.133 0 0
1500 115.02 17.3516 17.8153 0.939012 0.227075 446.925 0 0
1500 82.6172 40.2228 17.9191 0.408753 0.688767 447.555 0 0
1500 15.5016 7.87066 17.8312 -0.690761 0.0512812 446.945 0 0
1500 15.0086 -15.3383 17.8284 -0.7392 -0.2217 447.469 0 0
1500 68.597 44.4531 17.8201 0.0842147 0.695527 447.484 0 0
1500 20.8295 -23.7031 17.8183 -0.554439 -0.440403 447.722 0 0
1500 68.5082 21.6823 17.8462 0.14605 0.414516 447.165 0 0
1500 39.9073 -8.04855 18.2272 -0.267928 -0.129446 448.051 0 0
1500 105.533 20.3547 18.0392 0.761947 0.313506 448.685 0 0
1500 68.7783 -47.7906 17.8089 0.10898 -0.738032 448.485 0 0
1500 58.7898 -68.5304 17.8141 -0.0584796 -1.02921 448.366 0 0
1500 114.837 -32.7133 17.917 0.91835 -0.505502 448.094 0 0
1500 14.4728 -49.9931 17.885 -0.654936 -0.797242 448.846 0 0
1500 106.529 -37.9038 17.9994 0.803262 -0.611093 448.511 0 0
1500 27.7616 -44.7759 17.9228 -0.522416 -0.696065 448.025 0 0
1500 81.6336 65.192 17.8126 0.434208 0.995071 448.243 0 0
1500 92.2149 -33.6123 17.8142 0.546964 -0.590358 448.091 0 0
1500 106.278 -13.7403 17.9158 0.774811 -0.281458 448.718 0 0
1500 146.879 -40.8127 17.9422 1.49045 -0.657268 448.083 0 0
1500 71.1591 -18.5774 17.8583 0.283818 -0.301641 448.806 0 0
1500 75.4993 -2.27903 18.9751 0.415431 0.0153306 452.349 0 0
1500 62.1768 -26.7988 18.0984 0.0280735 -0.404463 449.806 0 0
1500 58.7883 -19.5691 17.9907 -0.0325608 -0.303304 451.27 0 0
1500 85.3384 -29.1449 17.9313 0.453602 -0.448923 449.829 0 0
1500 91.0257 -33.3972 17.9165 0.5231 -0.525289 449.574 0 0
1500 72.2137 -0.128153 17.8438 0.253501 0.0403469 451.186 0 0
1500 106.623 26.9842 17.8271 0.757915 0.421678 449.81 0 0
1500 99.9375 -6.31391 17.9428 0.665967 -0.0585065 451.212 0 0
1500 14.4837 -26.6474 17.862 -0.661076 -0.433395 450.799 0 0
1500 63.9273 -48.3662 17.8245 0.064179 -0.756421 451.42 0 0
1500 95.067 23.9443 17.8288 0.550208 0.404595 451.924 0 0
1500 122.637 4.95299 17.8153 0.962143 0.13876 450.346 0 0
1500 80.8 42.6835 17.8257 0.349565 0.672645 451.643 0 0
1500 58.6935 13.3444 18.2643 0.00626722 0.224922 454.771 0 0
1500 109.696 14.9592 17.814 0.804938 0.194758 451.782 0 0
1500 65.2234 3.01228 18.1206 0.120709 0.109338 454.558 0 0
1500 94.6928 -52.2876 17.8726 0.606721 -0.773177 451.152 0 0
1500 4.43553 39.2482 17.7939 -0.855416 0.568403 450.889 0 0
1500 95.4679 0.322068 18.1435 0.613724 -0.0361796 454.141 0 0
1500 71.065 48.1575 17.92 0.214893 0.750214 452.777 0 0
1500 114.067 35.6989 17.8136 0.870014 0.589512 449.784 0 0
1500 -8.2441 -9.03911 17.9139 -1.02713 -0.146347 450.776 0 0
1500 79.7355 3.54324 17.8223 0.29785 0.11965 454.232 0 0
1500 9.45379 45.7245 17.8033 -0.791282 0.680895 450.74 0 0
1500 14.6858 -17.7293 17.8189 -0.68836 -0.244887 453.287 0 0
1500 29.932 56.6035 17.806 -0.501255 0.861319 449.154 0 0
1500 103.531 -24.7913 18.0303 0.771809 -0.423356 449.188 0 0
1500 127.114 -1.97509 17.8015 1.04352 -0.099763 450.605 0 0
1500 86.9936 -58.9057 17.8023 0.4452 -0.934501 451.22 0 0
1500 75.4366 -62.9449 17.9054 0.289487 -0.984399 451.947 0 0
1500 83.6409 -5.94661 18.8841 0.517234 -0.123828 458.321 0 0
1500 97.4101 6.8877 18.2511 0.708892 0.0566919 449.777 0 0
1500 82.2128 -33.0367 18.2506 0.479244 -0.545234 449.827 0 0
1500 25.7052 -57.9971 17.8206 -0.543636 -0.895909 451.053 0 0
1500 97.6663 33.2252 17.905 0.643412 0.576453 449.287 0 0
1500 118.573 8.82339 18.0229 1.00084 0.125658 450.983 0 0
1500 45.7137 11.6364 18.0505 -0.202859 0.199802 456.132 0 0
1500 55.7584 -41.9613 17.9762 0.036992 -0.69909 449.171 0 0
1500 76.0436 7.27853 18.4756 0.388912 0.0954562 457.711 0 0
1500 78.1421 32.4689 18.1347 0.319292 0.520374 456.128 0 0
1500 73.2221 17.3521 19.0599 0.349959 0.281831 462.83 0 0
1500 78.5195 -35.7903 18.1373 0.404868 -0.597371 450.435 0 0
1500 108.861 40.7652 17.9874 0.834816 0.632237 452.758 0 0
1500 77.124 27.5321 17.8559 0.339217 0.376296 455.928 0 0
1500 86.2627 -23.5724 17.8536 0.468777 -0.342492 455.75 0 0
1500 102.851 18.4525 17.8473 0.707997 0.251358 455.188 0 0
1500 84.8953 13.8649 17.855 0.496497 0.204069 449.031 0 0
1500 106.755 38.1006 17.8357 0.811182 0.563456 451.04 0 0
1500 34.4924 53.1108 17.9105 -0.355307 0.824303 454.91 0 0
1500 49.7275 56.0493 17.9116 -0.13728 0.864605 455.047 0 0
1500 29.3794 0.90824 18.0654 -0.458943 0.0742216 450.068 0 0
1500 84.7414 59.5484 17.9572 0.432827 0.950105 453.024 0 0
1500 57.0171 64.2403 17.9582 0.0236525 1.02615 452.577 0 0
1500 101.73 38.3477 17.9623 0.696861 0.649395 451.741 0 0
1500 63.4043 64.4047 17.8144 0.100972 1.04197 451.869 0 0
1500 -10.1925 46.141 17.8613 -1.11457 0.744279 450.74 0 0
1500 154.752 -17.5733 17.86 1.50066 -0.280991 453.638 0 0
1500 57.4108 44.7405 17.8889 0.0227146 0.698052 456.626 0 0
1500 32.4852 54.9867 17.8763 -0.351983 0.900628 452.08 0 0
1500 86.4091 59.9728 17.8438 0.476614 0.93091 453.985 0 0
1500 107.203 -40.7198 17.9254 0.7497 -0.682783 453.023 0 0
1500 96.981 -14.8742 18.0815 0.69866 -0.203266 451.813 0 0
1500 82.1758 15.1262 18.1202 0.430962 0.308285 451.036 0 0
1500 129.443 0.266421 17.7984 1.12226 0.0506457 453.294 0 0
1500 44.6661 47.7575 17.8858 -0.165306 0.753767 456.223 0 0
1500 112.194 5.84154 17.8208 0.865313 0.0425821 454.333 0 0
1500 66.8572 -26.7125 17.8349 0.197924 -0.457365 452.008 0 0
1500 116.459 -17.6637 17.8047 0.902516 -0.294357 456.536 0 0
1500 121.683 -2.59675 17.8008 1.01656 -0.0796302 453.913 0 0
1500 87.5226 -19.4882 17.819 0.520634 -0.34476 451.711 0 0
1500 115.592 -30.2676 17.8007 0.900494 -0.482132 455.728 0 0
1500 60.099 10.4051 18.0516 0.0073778 0.195343 459.713 0 0
1500 84.4596 -57.9551 17.9194 0.410257 -0.938236 454.682 0 0
1500 65.8787 -48.844 17.932 0.126554 -0.761722 458.268 0 0
1500 96.9329 -14.1556 18.3224 0.643143 -0.246436 460.128 0 0
1500 17.9651 -29.7303 17.8937 -0.706796 -0.549303 449.065 0 0
1500 3.64443 -34.3556 17.8515 -0.883373 -0.491603 454.71 0 0
1500 17.6289 52.0285 17.851 -0.654066 0.781531 456.691 0 0
1500 50.8666 -7.33428 18.0533 -0.16129 -0.109134 452.6 0 0
1500 30.9774 20.794 17.8778 -0.490598 0.30702 453.05 0 0
1500 22.4096 -64.9577 17.8785 -0.587261 -1.06205 453.572 0 0
1500 104.033 -20.5037 17.9518 0.75854 -0.375255 454.442 0 0
1500 74.2123 5.4179 17.9968 0.294222 0.122116 460.91 0 0
1500 119.503 -7.24695 18.073 1.01487 -0.118993 456.59 0 0
1500 37.8465 -20.6202 18.0712 -0.356363 -0.312163 454.1 0 0
1500 35.7248 22.2895 18.0699 -0.388466 0.347753 454.193 0 0
1500 36.116 -23.0493 18.07 -0.382495 -0.349091 454.185 0 0
1500 113.312 -17.6683 17.8853 0.97856 -0.264574 450.428 0 0
1500 66.6293 -41.2383 18.2947 0.127483 -0.731035 450.254 0 0
1500 44.467 -97.2044 17.8703 -0.173064 -1.5527 455.121 0 0
1500 71.9839 -6.14523 17.8557 0.23178 -0.145743 461.137 0 0
1500 78.995 -21.1578 18.4989 0.452585 -0.371851 456.432 0 0
1500 68.6601 41.2944 17.9803 0.193811 0.64467 460.848 0 0
1500 97.9695 20.6346 17.9903 0.628995 0.341346 460.826 0 0
1500 76.7608 38.9301 17.9392 0.274539 0.618225 461.968 0 0
1500 92.7391 39.6051 17.931 0.539684 0.678347 456.665 0 0
1500 56.5275 60.127 17.9253 -0.0109034 0.978695 457.455 0 0
1500 108.39 13.6366 18.4569 0.879418 0.278969 456.47 0 0
1500 36.1876 29.3519 17.8234 -0.416837 0.435628 455.444 0 0
1500 44.07 -66.9155 17.8028 -0.280193 -1.00999 458.684 0 0
1500 63.4872 -54.1677 17.8133 0.00743505 -0.850898 456.336 0 0
1500 43.7437 -19.8552 18.1727 -0.214115 -0.311432 463.777 0 0
1500 64.6616 -13.9995 18.1746 0.0825328 -0.257531 456.237 0 0
1500 37.2642 -0.33794 18.1734 -0.338097 -0.0475281 456.315 0 0
1500 54.4098 7.87526 18.1763 -0.0751354 0.0787618 456.13 0 0
1500 102.157 -39.5701 17.9125 0.680417 -0.672269 457.72 0 0
1500 102.156 -47.3635 17.9084 0.671727 -0.779762 458.576 0 0
1500 53.4722 -15.7108 18.4385 -0.0193164 -0.306765 457.668 0 0
1500 102.085 26.6645 18.0586 0.729053 0.473587 457.618 0 0
1500 49.4477 -42.5059 18.2526 -0.132533 -0.704817 456.893 0 0
1500 119.369 -22.8151 17.8695 0.97418 -0.329035 460.315 0 0
1500 79.1709 -2.48541 18.7077 0.449787 -0.00596355 466.335 0 0
1500 56.013 -11.0799 18.0172 0.0407331 -0.203307 464.2 0 0
1500 71.7793 -44.0336 18.0015 0.285176 -0.726134 457.589 0 0
1500 24.1739 -62.7065 17.9453 -0.552643 -1.12309 452.596 0 0
1500 121.378 13.7864 17.8267 0.989615 0.294546 456.149 0 0
1500 93.9081 -0.312404 17.8582 0.642951 -0.0341867 455.418 0 0
1500 44.3194 1.13715 18.052 -0.210876 0.0670986 464.908 0 0
1500 79.8604 -11.1129 18.4997 0.426459 -0.241128 459.236 0 0
1500 32.3922 -49.2676 17.9186 -0.428185 -0.802284 458.579 0 0
1500 29.3405 -44.8719 17.9195 -0.451177 -0.753227 458.429 0 0
1500 95.9208 96.9975 17.8171 0.52596 1.4859 461.077 0 0
1500 58.7739 -90.7492 17.8892 0.00598017 -1.48404 457.337 0 0
1500 91.9459 -26.4248 18.2427 0.539302 -0.469114 459.462 0 0
1500 76.3274 8.41417 17.8569 0.342527 0.0761357 457.43 0 0
1500 34.1149 30.8331 18.0798 -0.407359 0.590685 454.094 0 0
1500 121.589 -20.1701 17.8287 0.98462 -0.354569 461.781 0 0
1500 119.952 0.343504 17.8346 0.939053 -0.050984 463.328 0 0
1500 55.0573 35.5696 17.8318 -0.123254 0.534912 458.195 0 0
1500 54.0134 -64.6084 17.8122 -0.135025 -0.991926 460.327 0 0
1500 40.1518 -62.2632 17.8114 -0.343046 -0.954171 460.495 0 0
1500 4.29945 5.87051 17.8176 -0.895638 0.0710756 459.479 0 0
1500 36.269 -50.6246 17.818 -0.407921 -0.791863 459.433 0 0
1500 42.4808 -44.3466 17.8237 -0.315835 -0.70219 458.853 0 0
1500 3.18675 28.3806 17.8127 -0.90248 0.410076 460.216 0 0
1500 33.1836 4.57091 17.8341 -0.464997 0.0523946 458.033 0 0
1500 53.3781 -68.9957 17.8097 -0.141301 -1.03391 461.876 0 0
1500 91.3518 10.5604 18.4218 0.645119 0.114048 459.669 0 0
1500 112.751 27.3383 18.1394 0.902993 0.454738 461.716 0 0
1500 105.16 -3.17897 17.9853 0.809469 -0.0751257 459.755 0 0
1500 118.263 22.8924 17.8444 0.951914 0.338272 463 0 0
1500 85.0649 32.3206 18.0912 0.453709 0.504816 465.968 0 0
1500 6.40949 3.19765 17.909 -0.793614 0.0437514 465.016 0 0
1500 108.89 5.71351 17.923 0.857454 0.0584852 460.735 0 0
1500 106.824 25.6139 17.8766 0.789328 0.42384 462.686 0 0
1500 64.9074 -3.32106 17.9784 0.0592536 -0.0937685 459.492 0 0
1500 50.8027 -25.8983 17.9737 -0.143477 -0.398385 467.063 0 0
1500 56.4415 -24.3324 17.9746 -0.0648646 -0.376209 467.132 0 0
1500 88.4246 -50.4356 17.9125 0.428796 -0.853405 458.853 0 0
1500 67.1322 36.6138 18.0719 0.229946 0.608309 461.495 0 0
1500 52.0775 -18.0817 18.0688 -0.127145 -0.319878 461.225 0 0
1500 39.4176 14.6125 18.0682 -0.322468 0.1849 461.261 0 0
1500 42.3692 -9.88259 17.8203 -0.29745 -0.20578 461.589 0 0
1500 35.465 -12.9794 17.8185 -0.375413 -0.235691 466.476 0 0
1500 133.057 -8.39092 18.0066 1.32307 -0.195604 456.748 0 0
1500 64.6139 20.8613 18.5001 0.161678 0.349836 470.734 0 0
1500 -0.727707 28.7341 17.8678 -0.934656 0.458128 464.317 0 0
1500 46.4251 57.6875 17.855 -0.225961 0.860442 467.153 0 0
1500 -7.08677 -5.06823 17.8487 -1.00759 -0.0391876 466.113 0 0
1500 96.4831 2.50483 18.4554 0.773011 0.121415 453.528 0 0
1500 92.7478 29.3898 17.884 0.502317 0.519099 462.489 0 0
1500 24.3889 40.5822 17.88 -0.508532 0.638764 467.847 0 0
1500 50.0908 53.6613 17.8789 -0.143091 0.826148 467.736 0 0
1500 7.97612 9.31598 17.8796 -0.798215 0.208614 462.901 0 0
1500 63.7154 -0.331617 17.8749 0.0322457 0.0449492 461.545 0 0
1500 -3.30028 24.3837 17.8443 -0.963312 0.409054 465.17 0 0
1500 27.6501 -21.4335 17.865 -0.527458 -0.282806 462.213 0 0
1500 52.9771 10.4902 17.8736 -0.121153 0.191061 469.39 0 0
1500 -5.10711 -23.5006 17.8448 -0.994373 -0.302355 464.881 0 0
1500 10.2453 -21.1636 17.82 -0.798366 -0.282736 463.01 0 0
1500 20.3412 52.1026 17.8102 -0.627925 0.820097 464.637 0 0
1500 45.1287 25.1579 17.8342 -0.24146 0.391612 468.978 0 0
1500 87.528 -52.7786 17.8133 0.41086 -0.876695 462.862 0 0
1500 95.6158 -27.281 18.0106 0.61518 -0.470584 465.317 0 0
1500 66.4653 33.8245 18.5052 0.204153 0.579087 464.965 0 0
1500 173.697 -45.5743 17.8661 1.85431 -0.739104 462.944 0 0
1500 118.85 15.369 17.938 0.995836 0.220372 465.195 0 0
1500 118.125 12.2225 18.2033 1.04686 0.274586 459.659 0 0
1500 52.9474 -11.0773 18.3912 -0.051978 -0.198497 471.405 0 0
1500 64.8869 -61.5088 17.8571 0.184201 -0.993328 461.898 0 0
1500 67.373 -0.677977 17.8618 0.220823 0.0183485 462.535 0 0
1500 100.222 -40.8348 17.839 0.713599 -0.592592 464.482 0 0
1500 102.373 37.4766 17.8377 0.744112 0.596011 464.676 0 0
1500 66.3858 34.8673 17.8529 0.203432 0.569726 463.14 0 0
1500 48.4554 5.20567 18.5499 -0.1093 0.123601 465.124 0 0
1500 103.871 -12.2772 17.9282 0.730262 -0.174915 469.551 0 0
1500 122.239 7.69307 17.9147 1.01838 0.110435 467.57 0 0
1500 90.1576 23.8665 17.9325 0.559478 0.414759 464.483 0 0
1500 52.779 40.996 17.9333 -0.00988652 0.676494 464.403 0 0
1500 0.934358 -22.1096 17.8179 -0.898566 -0.412494 464.079 0 0
1500 93.7248 -30.1197 18.1793 0.65625 -0.475192 465.273 0 0
1500 101.678 -0.813778 18.1832 0.717335 -0.0313268 470.706 0 0
1500 94.3626 -21.763 18.1817 0.66815 -0.350557 465.045 0 0
1500 110.316 10.7289 18.1746 0.898941 0.138821 465.802 0 0
1500 82.5409 4.51173 18.1825 0.52097 0.0959547 458.674 0 0
1500 109.448 5.24159 17.9915 0.825699 0.151965 465.033 0 0
1500 42.0252 61.0934 17.9796 -0.312551 1.06608 460.122 0 0
1500 111.6 -7.93167 18.1273 0.97055 -0.183156 460.318 0 0
1500 30.701 9.50967 18.0706 -0.437178 0.235802 460.982 0 0
1500 111.042 -37.9948 17.972 0.821499 -0.634147 467.475 0 0
1500 45.5656 -0.727746 18.5026 -0.238335 -0.0261396 457.947 0 0
1500 120.739 21.8353 17.8985 1.00315 0.285211 467.537 0 0
1500 32.6463 40.356 17.8667 -0.42578 0.58021 470.908 0 0
1500 65.4929 15.0812 18.3222 0.163265 0.274034 473.538 0 0
1500 29.9081 5.52969 17.8789 -0.499064 0.13701 464.208 0 0
1500 87.2184 -12.553 17.9326 0.477199 -0.136421 472.567 0 0
1500 113.541 32.2327 17.9108 0.876869 0.508252 469.998 0 0
1500 122.805 11.4442 17.9088 1.02702 0.209869 468.941 0 0
1500 25.6234 15.2183 18.1558 -0.52717 0.243515 466.805 0 0
1500 44.6359 6.64 18.1635 -0.213545 0.101449 474.015 0 0
1500 87.6729 36.5534 18.4166 0.498555 0.68584 459.877 0 0
1500 85.7439 60.0835 17.958 0.428333 1.04123 464.091 0 0
1500 31.3059 10.1979 17.8513 -0.472847 0.0973072 464.787 0 0
1500 71.9277 -40.2154 17.8504 0.216658 -0.697429 467.034 0 0
1500 105.311 -10.8685 18.264 0.863647 -0.131347 466.006 0 0
1500 123.861 31.7172 18.0086 1.15977 0.520252 464.204 0 0
1500 61.9219 12.5284 17.8613 0.121579 0.22603 470.739 0 0
1500 103.922 -40.9481 17.9219 0.75662 -0.661606 469.259 0 0
1500 80.4826 -15.0753 17.9429 0.420129 -0.284079 466.989 0 0
1500 122.971 -12.1403 17.9197 1.01874 -0.225431 470.764 0 0
1500 75.0366 -56.635 17.9243 0.326607 -0.902557 468.8 0 0
1500 88.4964 4.66839 17.8326 0.510384 0.14521 465.877 0 0
1500 112.043 23.3831 18.0832 0.947659 0.367181 466.898 0 0
1500 251.066 39.4568 18.1878 3.47002 0.664075 459.835 0 0
1500 61.7683 35.4575 17.9538 0.093916 0.620627 467.477 0 0
1500 86.5591 26.7399 17.952 0.474869 0.485182 467.625 0 0
1500 73.8904 11.3152 17.8526 0.204063 0.225759 474.184 0 0
1500 41.558 43.3857 17.8403 -0.251665 0.683825 473.192 0 0
1500 89.7683 15.971 17.9374 0.555475 0.189534 467.777 0 0
1500 39.2882 34.2526 17.8495 -0.329356 0.507077 474.399 0 0
1500 4.82997 12.3549 17.8024 -0.820568 0.222654 473.301 0 0
1500 1.09591 22.7329 17.7968 -0.883521 0.375306 472.552 0 0
1500 42.2623 32.2562 17.8135 -0.280294 0.500186 474.346 0 0
1500 8.25139 -41.9506 17.7946 -0.812691 -0.584658 469.768 0 0
1500 18.3119 29.4254 17.803 -0.672843 0.500891 468.594 0 0
1500 71.7316 -23.214 18.1082 0.254643 -0.43248 468.736 0 0
1500 106.309 18.2989 17.8664 0.706943 0.32887 473.98 0 0
1500 67.5991 18.7261 18.0176 0.223013 0.26401 475.828 0 0
1500 68.7245 26.3749 17.8954 0.147763 0.438819 475.2 0 0
1500 84.0384 -25.033 18.2223 0.437697 -0.536372 458.949 0 0
1500 85.4873 14.6727 18.2177 0.457096 0.263306 476.402 0 0
1500 56.832 -28.5245 17.96 0.0225465 -0.51449 468.606 0 0
1500 81.3399 1.89974 18.3788 0.442049 -0.0463515 469.378 0 0
1500 73.1544 3.29083 17.9238 0.251357 -0.0264975 468.347 0 0
1500 95.1098 -32.0757 17.9072 0.582201 -0.566858 469.63 0 0
1500 89.5581 -44.5164 17.9442 0.471999 -0.788553 466.2 0 0
1500 121.305 -32.9375 18.1141 1.17247 -0.548618 463.638 0 0
1500 56.2892 -79.5844 17.865 -0.017195 -1.22645 473.867 0 0
1500 68.071 25.5932 18.1164 0.114911 0.400833 469.955 0 0
1500 24.2597 -66.1914 18.0462 -0.523251 -1.12269 468.433 0 0
1500 84.9455 -11.1029 18.1637 0.527599 -0.146425 470.706 0 0
1500 125.175 -8.92248 17.8014 1.01939 -0.205187 472.384 0 0
1500 85.1733 -17.5382 17.8246 0.39811 -0.314679 476.454 0 0
1500 95.0339 15.8203 17.8573 0.623812 0.184525 470.541 0 0
1500 64.0472 -13.335 18.067 0.170526 -0.214108 478.631 0 0
1500 94.4599 42.9941 17.8101 0.588844 0.634865 475.85 0 0
1500 -5.72648 -7.6376 17.8624 -1.02118 -0.120395 473.038 0 0
1500 29.1858 -27.85 17.8814 -0.471191 -0.39814 477.097 0 0
1500 3.57763 39.9953 17.8613 -0.870327 0.583051 473.953 0 0
1500 -6.60454 -15.4573 17.8613 -1.02165 -0.234285 473.867 0 0
1500 -6.3248 13.9102 17.8616 -1.02413 0.200258 473.429 0 0
1500 27.7277 -37.7758 17.877 -0.494425 -0.540868 476.709 0 0
1500 6.70271 -43.4743 17.8614 -0.822645 -0.645505 474.088 0 0
1500 51.0971 36.2256 18.4437 -0.100592 0.697027 464.9 0 0
1500 111.409 7.6782 18.0442 0.889101 0.165579 472.942 0 0
1500 44.1742 -27.6375 18.0187 -0.241492 -0.482454 471.887 0 0
1500 64.8756 -21.6494 18.0224 0.0777226 -0.391734 471.634 0 0
1500 48.306 -25.5666 18.0215 -0.16046 -0.406517 478.919 0 0
1500 57.7594 30.3555 18.1116 -0.0374408 0.497356 472.711 0 0
1500 87.4324 34.178 17.8552 0.524659 0.559082 472.795 0 0
1500 91.8732 -22.2662 17.8293 0.538655 -0.34955 478.833 0 0
1500 78.7993 -27.9303 18.1178 0.32629 -0.4715 477.913 0 0
1500 50.5223 -20.098 18.1228 -0.0826095 -0.375173 474.946 0 0
1500 71.2119 -0.388049 18.1255 0.213741 -0.0753188 479.144 0 0
1500 108.268 -82.0436 17.827 0.75871 -1.27259 476.492 0 0
1500 29.3606 56.2723 17.8344 -0.395307 0.914346 474.704 0 0
1500 56.4079 -16.1265 18.1508 -0.0256128 -0.271936 483.427 0 0
1500 91.3998 38.2801 17.9446 0.496534 0.692525 469.003 0 0
1500 59.7215 6.20704 18.2564 0.00924082 0.06981 473.78 0 0
1500 45.656 0.663998 18.0158 -0.212858 0.0401648 480.739 0 0
1500 15.778 33.086 17.8594 -0.70848 0.537344 474.198 0 0
1500 75.6657 8.62898 18.136 0.262197 0.185901 481.463 0 0
1500 44.148 -8.10116 18.213 -0.233835 -0.153246 474.165 0 0
1500 54.3552 -53.2438 17.8962 -0.0725072 -0.881725 474.716 0 0
1500 21.8165 -2.5703 17.953 -0.55923 -0.0128109 480.474 0 0
1500 53.0779 53.9522 17.8543 -0.0224281 0.901313 473.217 0 0
1500 76.2584 48.4374 17.8774 0.324024 0.727291 479.755 0 0
1500 84.0777 -10.0937 18.241 0.521446 -0.179817 475.216 0 0
1500 72.2017 -35.8351 18.2544 0.229324 -0.605598 475.997 0 0
1500 115.79 -31.8685 18.4334 1.06095 -0.543481 473.013 0 0
1500 107.702 -40.3094 17.8567 0.763434 -0.646921 478.941 0 0
1500 29.382 -6.48562 17.928 -0.490092 -0.152354 474.599 0 0
1500 70.4284 7.3239 18.1997 0.175252 0.156053 475.357 0 0
1500 42.2634 -24.2846 17.9452 -0.304617 -0.398086 474.843 0 0
1500 35.4652 3.67933 17.9086 -0.395555 6.40572e-05 474.549 0 0
1500 122.835 -18.6252 17.9547 1.09089 -0.247908 474.804 0 0
1500 70.6352 44.8448 17.8931 0.152944 0.696638 481.779 0 0
1500 68.0605 10.6254 17.9053 0.128767 0.235338 475.07 0 0
1500 60.7633 64.6962 17.8792 0.0137808 1.00283 479.97 0 0
1500 74.3915 64.3817 17.878 0.212471 1.00315 479.635 0 0
1500 27.7477 -58.5076 17.8093 -0.513728 -0.842053 479.968 0 0
1500 -5.36333 -9.71934 17.8081 -0.998048 -0.134145 479.722 0 0
1500 -5.30497 12.5946 17.8062 -1.02124 0.19561 478.106 0 0
1500 10.4044 -15.2239 17.8195 -0.750818 -0.209481 481.319 0 0
1500 105.886 45.64 17.8228 0.742694 0.736487 478.989 0 0
1500 93.7694 47.58 17.8293 0.551073 0.747416 480.593 0 0
1500 64.6014 66.5154 17.8361 0.032445 1.02881 478.1 0 0
1500 57.6452 68.1489 17.8169 0.0628565 1.04203 478.604 0 0
1500 121.114 18.9485 17.8167 1.00197 0.308136 478.969 0 0
1500 115.303 -33.6301 17.8173 0.923548 -0.474018 478.414 0 0
1500 87.1361 25.1156 17.835 0.522189 0.417952 475.974 0 0
1500 117.604 21.4989 17.8199 0.932183 0.339395 480.262 0 0
1500 -92.8242 24.8585 17.9269 -2.53174 0.482964 471.974 0 0
1500 58.2565 -68.456 18.2138 0.0872077 -1.24226 469.829 0 0
1500 35.1935 7.83913 17.9672 -0.321411 0.17535 484.028 0 0
1500 48.1514 -41.1972 18.4624 -0.131827 -0.754425 472.477 0 0
1500 54.5041 -34.5928 18.0626 -0.0467795 -0.546209 483.891 0 0
1500 111.905 11.9958 17.924 0.930906 0.258927 473.554 0 0
1500 55.7865 77.4259 18.2143 -0.0628981 1.47166 467.963 0 0
1500 73.9845 -39.1122 18.5291 0.353403 -0.820118 465.849 0 0
1500 50.1866 -24.5531 17.9138 -0.0997041 -0.458094 476.679 0 0
1500 81.0635 -58.6452 17.8929 0.353394 -0.918608 481.522 0 0
1500 66.9903 -37.9645 18.1526 0.106107 -0.617297 476.664 0 0
1500 66.9201 -51.9065 17.9686 0.152263 -0.878634 477.407 0 0
1500 29.4253 3.63097 18.1345 -0.469713 0.0850825 477.971 0 0
1500 51.6561 29.7267 17.8439 -0.0300399 0.454399 484.146 0 0
1500 68.5782 6.20607 17.9082 0.249055 0.0798098 477.164 0 0
1500 77.3786 17.6998 17.9053 0.346012 0.232124 484.649 0 0
1500 114.232 29.8364 18.0444 0.926109 0.467221 481.149 0 0
1500 91.5606 -42.9516 18.0138 0.574256 -0.708675 479.819 0 0
1500 20.8492 -74.6302 18.0106 -0.638027 -1.24687 476.004 0 0
1500 115.916 26.4895 17.9779 0.926184 0.398584 482.856 0 0
1500 14.0942 -16.7709 18.009 -0.769199 -0.221787 474.734 0 0
1500 74.1844 9.74106 18.0107 0.337505 0.108376 478.39 0 0
1500 115.395 -21.2219 17.9883 0.903231 -0.343639 483.585 0 0
1500 116.614 -28.413 17.9843 0.934257 -0.453317 482.574 0 0
1500 117.252 -4.82847 17.9877 0.971276 -0.11343 480.611 0 0
1500 41.3431 -30.1892 17.93 -0.219496 -0.492815 485.273 0 0
1500 51.9 -64.9378 17.9092 -0.0742736 -1.01576 482.727 0 0
1500 73.4523 -64.1293 17.9075 0.242461 -1.01952 481.68 0 0
1500 90.9179 -55.2228 17.9086 0.504924 -0.896785 481.028 0 0
1500 89.8889 -58.1702 17.9078 0.481109 -0.924367 482.213 0 0
1500 4.40499 0.550431 18.1824 -1.03443 0.0676973 469.446 0 0
1500 99.5393 -27.6981 18.0773 0.6865 -0.4894 480.222 0 0
1500 102.158 30.2687 17.9869 0.751752 0.498226 480.431 0 0
1500 109.66 -7.39799 17.9885 0.867512 -0.0711742 480.248 0 0
1500 96.2422 34.8474 17.9883 0.663971 0.568807 480.269 0 0
1500 97.4518 30.6582 17.9894 0.683594 0.506309 480.144 0 0
1500 119.571 -2.93961 17.9816 1.00216 -0.00355897 481.271 0 0
1500 81.8402 -23.5997 18.1429 0.410398 -0.436209 479.903 0 0
1500 60.8919 -15.3998 18.1949 0.132499 -0.300882 479.803 0 0
1500 48.1876 65.8156 17.8297 -0.0851687 1.02746 481.661 0 0
1500 118.814 -20.9656 17.8308 0.975278 -0.271262 481.351 0 0
1500 86.1595 -4.66204 17.8538 0.452803 -0.0246353 486.055 0 0
1500 74.1417 -18.6511 17.9349 0.226326 -0.329459 486.421 0 0
1500 92.115 -40.7904 17.9349 0.579342 -0.677669 480.82 0 0
1500 63.1928 -62.0049 17.9294 0.13878 -0.986979 481.658 0 0
1500 74.9993 -42.3123 18.1672 0.34338 -0.701411 481.201 0 0
1500 79.0938 -19.2546 18.4226 0.456027 -0.33373 481.738 0 0
1500 98.3697 2.03708 17.9802 0.630848 -0.022487 486.699 0 0
1500 102.304 20.4211 17.8139 0.736735 0.363233 480.893 0 0
1500 23.7158 -35.8355 17.8209 -0.530359 -0.568991 486.315 0 0
1500 92.6681 -59.2074 17.807 0.469177 -0.937331 483.649 0 0
1500 72.37 -33.4098 17.8275 0.177187 -0.583227 480.441 0 0
1500 34.4767 -41.6716 17.8193 -0.407169 -0.70399 481.136 0 0
1500 99.1056 65.699 17.9641 0.758035 1.15436 475.631 0 0
1500 93.071 57.4132 17.8131 0.600419 0.911236 481.709 0 0
1500 113.476 38.5806 17.8098 0.809029 0.638469 484.668 0 0
1500 82.757 -37.9455 17.9957 0.427503 -0.576603 487.265 0 0
1500 37.5551 48.4961 17.9396 -0.361054 0.814853 480.546 0 0
1500 15.4522 20.0382 17.9933 -0.786089 0.307735 476.433 0 0
1500 94.1841 -36.7715 17.8405 0.626542 -0.534422 482.137 0 0
1500 69.6446 -37.1675 17.9066 0.219679 -0.643408 482.57 0 0
1500 108.625 -21.2161 17.8997 0.757879 -0.367139 487.936 0 0
1500 76.8796 -3.0042 17.9166 0.299569 -0.105613 489.421 0 0
1500 69.9261 -59.3349 17.8947 0.208803 -0.918217 487.297 0 0
1500 121.284 5.7582 17.8207 1.00021 0.0284071 484.134 0 0
1500 96.2803 -11.2977 18.1418 0.638275 -0.169509 489.784 0 0
1500 58.1182 7.01229 17.8717 0.0644621 0.132341 489.709 0 0
1500 80.8724 -50.2058 18.0104 0.458751 -0.847506 479.934 0 0
1500 98.9412 2.99537 17.9506 0.698984 -0.0058331 483.478 0 0
1500 74.6731 -17.0211 17.982 0.210585 -0.304478 482.797 0 0
1500 38.058 2.47979 18.0218 -0.31641 0.109346 483.172 0 0
1500 90.4472 35.1716 17.9147 0.50275 0.559415 489.524 0 0
1500 95.584 44.7875 17.9072 0.582396 0.703877 488.676 0 0
1500 97.1712 -0.874545 17.9186 0.651899 0.0540118 483.664 0 0
1500 64.0418 12.6167 17.9285 0.127215 0.236604 490.649 0 0
1500 163.335 -3.35368 17.9075 1.75135 0.00239014 481.182 0 0
1500 77.8482 -61.1704 17.8873 0.336082 -0.947448 487.967 0 0
1500 80.1441 6.09283 17.9784 0.429084 0.130812 483.605 0 0
1500 116.123 6.01269 17.8279 0.918532 0.158785 484.999 0 0
1500 42.7785 64.2453 17.8219 -0.192562 1.02328 486.334 0 0
1500 41.7727 32.1687 17.8552 -0.338494 0.494931 482.31 0 0
1500 -15.2848 -7.97731 17.8397 -1.12867 -0.138182 488.763 0 0
1500 75.4586 -25.3859 18.2983 0.254776 -0.491106 476.361 0 0
1500 120.236 -31.2177 18.002 1.03176 -0.5016 486.224 0 0
1500 85.9291 6.76276 18.1151 0.486124 0.177315 485.481 0 0
1500 71.7132 -42.7815 17.8846 0.180758 -0.725637 485.373 0 0
1500 92.7084 -43.953 17.9467 0.543124 -0.688152 490.71 0 0
1500 61.7702 -38.0267 17.9559 0.11083 -0.65232 485.483 0 0
1500 77.116 -6.66355 17.9647 0.313785 -0.153592 492.347 0 0
1500 82.8903 -28.8338 17.9556 0.435564 -0.510669 485.511 0 0
1500 131.371 -14.0296 17.913 1.29713 -0.253213 480.675 0 0
1500 122.865 55.6453 18.1391 1.18818 0.918847 480.784 0 0
1500 3.34432 92.8044 17.8899 -0.863567 1.47139 486.907 0 0
1500 76.2269 41.9835 18.2275 0.391702 0.72721 483.994 0 0
1500 125.433 -22.6253 18.3287 1.18142 -0.420566 484.276 0 0
1500 71.4735 -36.832 17.833 0.246146 -0.63717 485.989 0 0
1500 73.9613 -41.2381 17.83 0.28353 -0.702583 486.245 0 0
1500 78.3664 -64.5856 17.9274 0.331155 -1.02652 489.613 0 0
1500 104.714 31.3939 17.9261 0.832736 0.470733 483.84 0 0
1500 81.1223 13.3916 17.84 0.299931 0.253961 493.808 0 0
1500 126.761 -8.61266 18.2408 1.31597 -0.122175 479.167 0 0
1500 75.4636 16.0803 18.0855 0.237534 0.283211 494.895 0 0
1500 75.9004 2.34518 18.0071 0.270305 0.101818 495.378 0 0
1500 46.4934 -48.6724 18.0048 -0.222546 -0.807365 487.301 0 0
1500 34.0342 42.6914 18.0512 -0.359458 0.719575 490.025 0 0
1500 65.2967 17.9916 18.1348 0.197192 0.338012 489.212 0 0
1500 79.7098 17.5734 17.8511 0.270923 0.312197 488.212 0 0
1500 118.148 -16.4509 17.965 0.936264 -0.284238 493.797 0 0
1500 0.982943 -24.3544 17.8354 -0.889562 -0.381758 493.586 0 0
1500 -2.11605 30.3471 17.8309 -0.958772 0.41997 491.826 0 0
1500 38.0932 3.15142 18.4285 -0.363477 0.118669 481.507 0 0
1500 137.708 24.2988 17.9965 1.39348 0.37861 485.867 0 0
1500 22.0377 -15.6465 17.9602 -0.54941 -0.317078 489.759 0 0
1500 89.1363 -57.1339 17.8235 0.535743 -0.846864 492.415 0 0
1500 63.015 19.9314 17.8489 0.140497 0.279735 496.251 0 0
1500 112.6 -0.62047 17.8288 0.90368 -0.00924672 490.916 0 0
1500 91.399 -51.7799 17.8254 0.576616 -0.777371 491.558 0 0
1500 115.84 21.6885 17.8241 0.937553 0.323738 491.989 0 0
1500 38.961 -24.904 17.8662 -0.370401 -0.395279 489.405 0 0
1500 114.101 16.8704 17.834 0.870395 0.275889 494.952 0 0
1500 113.989 -13.4468 17.8329 0.918456 -0.169011 491.19 0 0
1500 124.042 4.31428 17.8266 1.04361 0.0982713 492.93 0 0
1500 116.295 -20.0459 17.8282 0.895037 -0.338764 494.601 0 0
1500 80.4212 -7.12711 17.9332 0.42477 -0.153088 489.976 0 0
1500 49.5785 -23.0337 18.0844 -0.168794 -0.483762 483.182 0 0
1500 53.8548 -35.4331 17.9871 -0.0128966 -0.615556 491.145 0 0
1500 50.9392 -18.338 17.9948 -0.0521263 -0.31809 498.173 0 0
1500 55.3047 -67.3497 18.0939 0.00456337 -1.19642 486.56 0 0
1500 61.1276 37.7881 18.1834 0.0550617 0.722443 485.354 0 0
1500 -114.106 62.5119 17.8094 -2.69641 0.936508 492.385 0 0
1500 131.964 -21.0655 17.8026 1.182 -0.378588 492.066 0 0
1500 59.1797 1.33815 17.824 0.0713816 0.0567996 498.395 0 0
1500 6.65214 -4.89007 17.8979 -0.821278 -0.136276 492.381 0 0
1500 8.78921 -28.2836 17.8 -0.826051 -0.449826 492.753 0 0
1500 -3.85505 5.13307 17.7962 -1.00808 0.0579212 493.426 0 0
1500 94.3488 -30.383 17.897 0.636027 -0.435179 492.243 0 0
1500 7.71655 -26.3299 17.8247 -0.807952 -0.463347 492.846 0 0
1500 67.5074 -65.5736 17.9162 0.175568 -1.02951 495.591 0 0
1500 80.7588 0.64352 17.9422 0.392188 -0.0632919 491.668 0 0
1500 -34.8089 -25.6756 17.8589 -1.5393 -0.470385 490.019 0 0
1500 42.0024 81.7045 17.9676 -0.285795 1.31033 492.454 0 0
1500 75.0254 -20.2459 18.2191 0.327638 -0.385182 492.826 0 0
1500 98.3411 -36.399 17.8305 0.607742 -0.584271 497.641 0 0
1500 49.1449 -65.1229 17.8212 -0.0974542 -1.0166 496.14 0 0
1500 86.8049 -59.5163 17.8302 0.408679 -0.957746 494.994 0 0
1500 106.518 -48.2691 17.8299 0.694735 -0.781787 495.721 0 0
1500 111.212 -29.883 17.8355 0.786584 -0.526084 493.762 0 0
1500 100.467 -32.6949 18.2252 0.727413 -0.585725 492.131 0 0
1500 98.9403 6.18055 18.1586 0.745774 0.0709636 492.931 0 0
1500 109.087 -1.89046 17.9792 0.872933 0.052923 486.858 0 0
1500 18.3202 -1.64536 17.8936 -0.657787 -0.0822732 493.075 0 0
1500 -15.0201 26.8486 17.8199 -1.12578 0.369921 497.69 0 0
1500 104.127 20.192 18.0291 0.798803 0.31861 495.074 0 0
1500 83.2759 41.5101 17.8305 0.411819 0.710068 494.364 0 0
1500 90.8152 -59.2893 17.7963 0.558377 -0.885638 496.546 0 0
1500 121.122 -5.84562 17.7977 1.01888 -0.0921787 495.884 0 0
1500 89.2287 -25.4427 17.8444 0.485073 -0.471071 493.896 0 0
1500 79.9237 -22.8933 17.8575 0.3639 -0.430352 494.227 0 0
1500 78.1885 -36.0913 17.8544 0.306259 -0.577566 500.674 0 0
1500 58.6746 43.4931 17.8478 0.0540317 0.670567 501.113 0 0
1500 55.5974 -6.55473 17.8413 -0.107047 -0.145935 493.907 0 0
1500 116.484 8.23559 17.8413 0.957289 0.0968026 497.288 0 0
1500 106.617 12.81 17.8504 0.75868 0.155913 501.578 0 0
1500 23.0182 33.5416 17.843 -0.608978 0.487915 496.313 0 0
1500 109.858 -31.5509 17.9745 0.803586 -0.568079 495.722 0 0
1500 50.5323 -37.81 17.9301 -0.179224 -0.568312 497.45 0 0
1500 39.3271 -63.5092 18.0897 -0.371516 -1.19729 489.567 0 0
1500 31.889 91.659 17.8398 -0.483224 1.5091 496.948 0 0
1500 102.027 21.2259 17.8954 0.701364 0.310553 504.781 0 0
1500 28.6217 -136.439 17.9492 -0.486967 -2.28247 496.138 0 0
1500 53.9486 18.1976 17.9941 -0.0558291 0.319997 506.385 0 0
1500 90.1919 29.558 17.8908 0.572316 0.485182 500.606 0 0
1500 96.7498 29.2719 17.8615 0.674482 0.448146 500.961 0 0
1500 116.391 -34.074 17.7962 0.929117 -0.465352 502.958 0 0
1500 28.3055 56.1836 17.8545 -0.425311 0.885626 505.738 0 0
1500 107.051 -21.264 17.8664 0.746545 -0.401166 502.204 0 0
1500 81.4004 -56.6534 17.859 0.348931 -0.927811 503.222 0 0
1500 77.6946 24.9408 17.8985 0.377077 0.429333 501.571 0 0
1500 59.1607 14.923 17.9053 0.0905232 0.276069 501.11 0 0
1500 107.21 21.8216 17.8877 0.767258 0.350317 507.222 0 0
1500 102.799 45.0906 17.8781 0.737968 0.714347 504.03 0 0
1500 123.57 -3.62666 17.8449 1.03844 -0.0967119 505.129 0 0
1500 84.3739 -4.05657 17.8687 0.477138 -0.107958 502.105 0 0
1500 29.6622 -69.972 18.0056 -0.453458 -1.13827 504.116 0 0
1500 6.9333 -12.8335 17.8881 -0.825293 -0.140235 506.994 0 0
1500 65.9886 55.528 17.855 0.0937773 0.913528 507.38 0 0
1500 25.3271 87.9839 18.0304 -0.517211 1.4826 504.267 0 0
1500 31.3358 31.1127 17.8812 -0.493117 0.447874 504.507 0 0
1500 101.764 -66.6946 17.8183 0.724828 -1.00209 511.17 0 0
1500 82.1768 -61.4761 17.8445 0.400019 -0.96829 511.812 0 0
1500 45.3988 73.8603 17.8309 -0.127701 1.18007 509.907 0 0
1500 102.338 -49.5178 17.8332 0.730761 -0.750487 516.426 0 0
