Total number of secondary electrons: 1870
1500 94.5506 16.7575 14.7861 0.686111 0.222019 247.225 0 0
1500 89.9736 6.70536 16.0315 0.757993 0.114283 254.007 0 0
1500 90.4509 3.21971 14.5035 0.571553 0.0609257 257.688 0 0
1500 92.0412 -1.55989 15.4382 0.671145 -0.0549709 271.141 0 0
1500 90.0424 -6.0853 14.949 0.613151 -0.0406243 271.395 0 0
1500 96.3804 -1.00199 14.957 0.689058 0.0389241 271.53 0 0
1500 122.621 10.6239 15.9652 1.31878 0.197867 273.566 0 0
1500 123.154 14.2198 15.6612 1.33957 0.302626 273.843 0 0
1500 96.4549 -4.34014 14.967 0.676862 -0.116776 275.608 0 0
1500 120.46 -8.15883 14.7463 0.996792 -0.137725 282.703 0 0
1500 99.5516 -7.86308 15.7304 0.789825 -0.0721088 286.432 0 0
1500 86.538 4.72042 15.066 0.543348 0.0343619 287.084 0 0
1500 85.9519 4.43992 14.3817 0.508026 0.0792791 288.21 0 0
1500 81.7981 -9.30408 15.4769 0.486566 -0.143184 289.666 0 0
1500 96.5419 15.8536 15.6982 0.793281 0.329991 291.793 0 0
1500 99.1252 4.13876 14.855 0.625991 0.0119049 293.026 0 0
1500 84.5668 14.0881 15.3057 0.482043 0.196795 293.671 0 0
1500 113.464 11.1195 15.4304 0.872742 0.149563 299.311 0 0
1500 100.965 11.9668 16.0568 0.850861 0.234714 300.729 0 0
1500 103.266 0.0187492 15.2218 0.788508 0.00999301 301.415 0 0
1500 85.3379 -15.3496 16.6692 0.533063 -0.204541 306.274 0 0
1500 94.9823 -13.4713 15.5667 0.573851 -0.161999 307.913 0 0
1500 115.122 -13.1606 16.5828 1.01257 -0.205893 311.341 0 0
1500 94.317 -4.19426 15.7075 0.545375 -0.106421 311.976 0 0
1500 57.445 4.22353 15.641 0.0481069 0.076114 312.897 0 0
1500 91.2704 10.1982 15.378 0.445133 0.11935 313.01 0 0
1500 77.0769 10.0806 16.0406 0.364357 0.102134 314.924 0 0
1500 93.6401 3.72884 16.2674 0.607375 0.00955146 314.968 0 0
1500 45.1068 7.87683 15.3647 -0.146197 0.105044 315.277 0 0
1500 49.4299 19.0689 15.312 -0.10914 0.272121 315.402 0 0
1500 79.7889 -2.64933 16.7113 0.49117 -0.0678772 316.044 0 0
1500 102.882 72.09 14.947 0.56881 0.854142 316.721 0 0
1500 104.189 -1.24077 16.5194 0.790221 -0.0319104 316.966 0 0
1500 67.3585 -4.8465 15.5404 0.178139 -0.114714 316.981 0 0
1500 89.0709 81.2029 14.9627 0.408396 0.954389 317.119 0 0
1500 71.0524 10.7833 16.0835 0.278584 0.146289 317.203 0 0
1500 81.7378 -0.547599 16.3009 0.410483 0.00679116 318.06 0 0
1500 86.7873 16.1816 16.3565 0.549885 0.303752 319.093 0 0
1500 83.5825 -6.41367 15.8145 0.455456 -0.0623279 319.208 0 0
1500 105.479 -22.5985 17.507 1.06255 -0.451361 319.734 0 0
1500 54.6805 -60.1412 15.1267 -0.0702914 -0.804601 320.391 0 0
1500 96.3378 -6.66961 16.2396 0.63258 -0.0790888 320.491 0 0
1500 87.2614 -2.45846 17.0156 0.577055 -0.0689982 320.689 0 0
1500 25.1019 19.8684 15.1882 -0.4773 0.254414 320.911 0 0
1500 98.4434 4.22124 16.9407 0.816175 0.0502775 321.5 0 0
1500 68.1063 -32.2965 15.7936 0.11796 -0.459137 322.444 0 0
1500 79.4567 -0.0365213 16.2739 0.426341 0.0290287 323.347 0 0
1500 76.9122 15.809 15.5731 0.325206 0.195796 323.4 0 0
1500 55.5957 -17.1073 15.3436 0.021308 -0.248798 323.786 0 0
1500 86.5222 -4.78841 15.9305 0.476813 -0.0621925 323.956 0 0
1500 97.4405 11.0142 15.355 0.538275 0.100748 324.438 0 0
1500 95.4028 -12.4764 15.3548 0.513105 -0.189566 324.436 0 0
1500 102.902 -21.2064 16.3558 0.801941 -0.292767 324.603 0 0
1500 71.2183 -14.4676 16.3613 0.297945 -0.223287 324.738 0 0
1500 98.3385 -26.1549 15.3629 0.546741 -0.356888 324.827 0 0
1500 -21.9143 -37.9035 15.7552 -1.21842 -0.587238 324.882 0 0
1500 68.5514 -10.7973 15.3969 0.192615 -0.140549 326.02 0 0
1500 76.9003 3.01326 17.224 0.421957 0.139968 326.258 0 0
1500 65.5774 -9.75997 16.1002 0.132395 -0.153961 326.901 0 0
1500 111.776 -10.2325 15.4401 0.72465 -0.13107 327.447 0 0
1500 75.6359 7.81767 16.6173 0.340425 0.145039 327.609 0 0
1500 50.93 -82.5101 15.4731 -0.0350679 -1.013 327.798 0 0
1500 80.5679 0.99137 16.5445 0.440466 -0.0287259 327.853 0 0
1500 139.449 15.3594 15.4907 1.01264 0.147905 328.018 0 0
1500 84.2519 46.9893 16.1827 0.465343 0.73226 328.052 0 0
1500 93.6511 55.7295 15.4868 0.4962 0.680634 328.086 0 0
1500 83.1079 10.3461 16.2436 0.452703 0.121847 328.159 0 0
1500 141.962 -6.19212 15.5362 1.03547 -0.106446 328.581 0 0
1500 124.679 26.8467 15.5398 0.86986 0.322819 328.804 0 0
1500 50.9436 17.5333 16.1127 -0.0553947 0.256911 328.838 0 0
1500 100.463 -25.8421 16.1345 0.689763 -0.463859 328.86 0 0
1500 99.8173 64.3566 15.5662 0.564554 0.776446 329.157 0 0
1500 96.5739 -5.55736 17.8802 0.869663 -0.0526847 329.2 0 0
1500 63.0905 37.3061 16.3749 0.0632008 0.624266 329.309 0 0
1500 101.596 35.6998 15.6951 0.641251 0.485742 329.33 0 0
1500 69.6936 17.0159 16.1242 0.218593 0.26814 329.491 0 0
1500 136.402 7.4554 15.6143 1.00058 0.0855475 329.796 0 0
1500 78.8227 7.64274 15.9638 0.361468 0.0834576 329.815 0 0
1500 142.69 -23.8508 15.6392 1.09438 -0.257695 329.947 0 0
1500 85.4784 -11.4151 15.9777 0.443471 -0.154374 330.032 0 0
1500 77.1947 -4.31061 16.9928 0.367811 -0.142997 330.399 0 0
1500 102.394 2.02 16.5373 0.715197 0.0857718 330.813 0 0
1500 88.8712 3.40178 17.199 0.667105 0.0871447 330.914 0 0
1500 57.2756 4.25892 16.6494 0.057895 0.0732649 331.4 0 0
1500 78.1899 -2.39089 16.1199 0.350311 -0.0723711 331.422 0 0
1500 116.356 6.47486 16.02 0.814068 0.0674797 331.449 0 0
1500 75.7079 -8.55048 17.7258 0.427974 -0.158764 332.187 0 0
1500 108.649 69.5778 15.7122 0.647306 0.809294 332.263 0 0
1500 111.677 66.5871 15.7181 0.681056 0.772465 332.469 0 0
1500 117.265 -15.8147 16.5317 0.931689 -0.284283 332.541 0 0
1500 115.087 62.2271 15.7278 0.717949 0.718748 332.812 0 0
1500 133.619 34.4283 15.7297 0.932541 0.39557 332.874 0 0
1500 101.224 -49.5996 16.0469 0.591844 -0.725839 332.889 0 0
1500 115.835 -59.3055 15.7365 0.724152 -0.690533 333.108 0 0
1500 73.3461 -6.54955 16.855 0.296245 -0.129523 333.351 0 0
1500 60.5415 10.2064 16.0211 0.000996324 0.108454 334.036 0 0
1500 130.677 17.7406 15.8277 0.95679 0.256251 334.254 0 0
1500 79.6039 -0.648579 16.6252 0.354404 0.0306478 334.407 0 0
1500 111.624 -9.02843 16.0751 0.766658 -0.0865201 334.414 0 0
1500 76.2231 -1.95102 16.9842 0.37761 -0.0819789 334.738 0 0
1500 82.3769 13.7138 17.1005 0.49989 0.193067 334.745 0 0
1500 69.9335 71.111 15.7936 0.113053 0.949328 335.189 0 0
1500 60.4486 -14.0562 16.462 0.053328 -0.168958 335.454 0 0
1500 95.3478 24.6654 16.0372 0.569389 0.315787 335.482 0 0
1500 139.837 -15.0892 15.8417 1.12902 -0.256423 335.487 0 0
1500 138.688 5.73694 15.8569 1.03921 0.105741 335.564 0 0
1500 77.9236 -5.27716 16.3797 0.334578 -0.0130808 336.29 0 0
1500 25.707 72.9206 15.8998 -0.435166 0.950671 336.98 0 0
1500 92.8126 1.29259 16.806 0.557502 0.0750661 337.134 0 0
1500 48.4845 22.6842 16.3117 -0.176638 0.400912 337.148 0 0
1500 77.1684 10.1557 17.2018 0.35157 0.150585 337.678 0 0
1500 57.9376 34.9453 16.4274 0.0434173 0.506342 337.848 0 0
1500 40.1768 -13.3455 16.2151 -0.215091 -0.238566 338.127 0 0
1500 87.6066 6.58714 17.6082 0.595544 0.0422882 338.275 0 0
1500 5.04605 0.750205 16.0579 -0.740279 0.0192793 338.402 0 0
1500 102.215 -8.17049 17.2481 0.798129 -0.174915 338.879 0 0
1500 49.1898 -11.2832 16.2911 -0.207386 -0.178185 338.979 0 0
1500 81.7664 14.5761 16.849 0.374403 0.22799 339.127 0 0
1500 73.3096 18.0715 16.8403 0.281828 0.23931 339.541 0 0
1500 105.038 28.0259 18.3424 1.12177 0.656327 339.964 0 0
1500 56.6915 -38.7968 16.3012 -0.0324889 -0.564159 340.169 0 0
1500 87.9788 9.89667 17.7908 0.640037 0.147495 340.727 0 0
1500 119.464 46.1106 16.3483 0.934201 0.726362 340.885 0 0
1500 104.008 -15.2816 16.5673 0.697423 -0.215169 341.261 0 0
1500 135.326 45.2116 16.7975 1.23161 0.721833 341.364 0 0
1500 25.7548 -5.86526 16.4736 -0.457777 -0.0664087 341.43 0 0
1500 84.6765 -9.64776 16.6313 0.383017 -0.145011 341.555 0 0
1500 107.542 16.4118 16.2797 0.719109 0.189389 341.594 0 0
1500 48.7382 -31.0551 16.3312 -0.0918984 -0.478102 341.617 0 0
1500 105.621 22.8149 16.4154 0.758442 0.296394 341.688 0 0
1500 54.9694 -20.5796 16.7593 -0.0159921 -0.313948 341.839 0 0
1500 51.8496 5.4654 16.5082 -0.0528012 0.11461 341.926 0 0
1500 89.4652 14.7209 17.152 0.562758 0.209667 342.031 0 0
1500 127.102 8.85652 16.5611 1.04635 0.148627 342.057 0 0
1500 88.0321 -6.05305 18.1629 0.628319 -0.053281 342.367 0 0
1500 127.611 -53.7325 16.5097 1.04529 -0.794789 342.662 0 0
1500 58.3037 33.2782 16.3125 -0.0532531 0.486277 342.735 0 0
1500 62.2382 30.2257 16.4399 0.0411565 0.451687 342.839 0 0
1500 104.703 46.1334 16.4212 0.669165 0.674106 343.061 0 0
1500 122.457 26.8344 16.7085 0.977727 0.448797 343.078 0 0
1500 150.697 0.821662 16.5927 1.36752 0.0431817 343.515 0 0
1500 89.9538 -13.5456 16.4357 0.456706 -0.236185 343.769 0 0
1500 43.8321 -68.592 16.4204 -0.147323 -0.978595 343.915 0 0
1500 75.8637 -3.90654 17.2798 0.315377 -0.0767171 344.119 0 0
1500 70.0721 1.52741 16.4427 0.102782 0.0029415 344.183 0 0
1500 31.4749 -28.1883 16.492 -0.450162 -0.42738 344.197 0 0
1500 80.8443 -13.768 16.9575 0.335561 -0.196979 344.247 0 0
1500 50.451 14.0472 16.675 -0.0799023 0.252753 344.336 0 0
1500 136.169 10.9417 16.3844 1.01521 0.175183 344.517 0 0
1500 97.9606 -61.8522 16.4812 0.543282 -0.854486 344.677 0 0
1500 53.5321 37.3023 16.4649 -0.121609 0.486608 344.732 0 0
1500 83.7592 24.6249 17.2392 0.445634 0.37462 344.751 0 0
1500 74.3478 23.9479 16.9324 0.333187 0.351536 344.818 0 0
1500 60.0354 -75.6108 16.4981 0.0564311 -1.02679 344.998 0 0
1500 94.0303 4.32151 16.8603 0.543311 0.131495 345.119 0 0
1500 96.5922 1.09466 16.862 0.578961 0.0773028 345.168 0 0
1500 139.745 47.1492 16.6389 1.23227 0.686156 345.298 0 0
1500 144.859 28.2417 16.5606 1.29351 0.478089 345.439 0 0
1500 93.7811 -0.611148 16.9883 0.596911 -0.0251896 345.709 0 0
1500 68.2746 -6.28246 16.9583 0.156595 -0.135558 346.084 0 0
1500 96.7497 16.157 16.6656 0.588285 0.277209 346.208 0 0
1500 117.221 -16.2661 17.1335 0.988287 -0.249788 346.276 0 0
1500 56.0089 -12.8763 16.8621 -0.0337048 -0.212789 346.372 0 0
1500 145.852 -92.0127 16.5156 1.22086 -1.20264 346.541 0 0
1500 40.9395 9.93992 16.7135 -0.273751 0.11601 346.947 0 0
1500 85.8635 2.63032 18.5283 0.635841 0.0657858 346.975 0 0
1500 79.957 7.82655 17.8165 0.410431 0.12807 347.11 0 0
1500 71.5107 -19.4867 16.7307 0.227016 -0.325738 347.166 0 0
1500 124.149 20.4345 16.5769 0.930648 0.291953 347.244 0 0
1500 79.2501 -11.0569 16.8804 0.392025 -0.140233 347.348 0 0
1500 93.6521 43.0845 16.6746 0.493014 0.654214 347.63 0 0
1500 83.2766 9.33401 17.9213 0.450276 0.102547 347.585 0 0
1500 94.5908 11.2088 17.9181 0.640187 0.196313 347.666 0 0
1500 114.415 15.2375 16.8835 0.841345 0.287486 347.656 0 0
1500 16.4227 64.8522 16.5738 -0.57709 0.851586 348.006 0 0
1500 72.9653 27.1089 16.8224 0.2443 0.428118 348.036 0 0
1500 72.644 -8.93611 16.8284 0.184238 -0.160241 348.102 0 0
1500 144.114 7.3634 16.8373 1.32416 0.111013 348.219 0 0
1500 132.037 23.8145 16.7288 1.0923 0.366593 348.229 0 0
1500 73.1039 6.29572 16.8063 0.24408 0.0438931 348.427 0 0
1500 86.2943 -19.7622 16.7378 0.381069 -0.295988 349.333 0 0
1500 45.0806 40.0856 16.7624 -0.181807 0.536379 349.358 0 0
1500 115.585 13.0748 17.5418 1.04679 0.251748 349.613 0 0
1500 62.33 10.7123 16.848 0.0132155 0.160819 349.72 0 0
1500 69.5231 23.6996 16.7274 0.200475 0.376513 349.739 0 0
1500 49.8995 29.2008 16.9736 -0.103449 0.447936 349.818 0 0
1500 53.8124 16.0637 16.851 -0.101943 0.232982 349.803 0 0
1500 71.4961 28.7443 16.8983 0.158418 0.387042 349.953 0 0
1500 66.1921 12.6955 16.9097 0.128622 0.206045 349.995 0 0
1500 43.5023 36.3071 16.7397 -0.151977 0.545158 350.071 0 0
1500 56.3674 16.6064 17.4604 0.015611 0.230045 350.136 0 0
1500 113.819 -46.9364 16.9278 0.852416 -0.681203 350.145 0 0
1500 101.355 27.6797 16.7226 0.552041 0.389394 350.167 0 0
1500 34.5217 36.2748 16.7445 -0.272841 0.543789 350.198 0 0
1500 71.4985 32.9352 17.1123 0.179759 0.568021 350.254 0 0
1500 130.616 19.797 16.7292 0.97637 0.272733 350.289 0 0
1500 74.4713 14.7886 16.7794 0.21264 0.266436 350.275 0 0
1500 62.9084 9.46791 16.7125 -0.00283311 0.14783 350.446 0 0
1500 124.424 -20.9838 18.2631 1.36442 -0.461233 350.929 0 0
1500 51.0949 -52.0677 17.1024 -0.0965667 -0.873292 351.105 0 0
1500 71.292 19.7109 16.9978 0.275821 0.334216 351.278 0 0
1500 76.312 56.7194 16.7882 0.286501 0.807421 351.31 0 0
1500 93.3079 -16.7553 16.9275 0.500024 -0.292058 351.518 0 0
1500 58.7653 117.691 17.2176 0.0547984 1.98264 351.71 0 0
1500 34.8569 23.5875 17.3078 -0.326983 0.369593 351.75 0 0
1500 94.1906 -37.9388 17.034 0.504846 -0.566639 351.799 0 0
1500 80.7425 31.0915 17.023 0.373239 0.469653 351.887 0 0
1500 88.0589 25.4953 17.4425 0.475295 0.395877 352.023 0 0
1500 50.5206 68.798 16.8221 -0.0556125 0.957548 352.125 0 0
1500 50.4982 -53.9988 16.9575 -0.0743402 -0.783978 352.321 0 0
1500 120.786 28.0047 16.8348 0.858851 0.457166 352.402 0 0
1500 68.6317 20.1589 17.6077 0.201199 0.310931 352.428 0 0
1500 79.8031 8.4901 18.0392 0.41108 0.137642 352.446 0 0
1500 54.2465 36.1827 17.3433 -0.0321473 0.566582 352.53 0 0
1500 86.9242 7.38805 17.4484 0.462833 0.0678063 352.58 0 0
1500 -40.3139 43.9192 16.842 -1.34181 0.577848 352.56 0 0
1500 75.6859 69.1968 16.8407 0.27365 0.957364 352.556 0 0
1500 89.6651 34.6444 17.4169 0.542964 0.630679 352.876 0 0
1500 86.8573 7.29889 18.8334 0.616874 0.144393 352.893 0 0
1500 106.882 40.759 16.9833 0.665023 0.602932 353.007 0 0
1500 79.576 0.106417 17.3778 0.41761 -0.00745916 353.239 0 0
1500 69.8119 -32.6498 17.2985 0.190585 -0.494347 353.304 0 0
1500 88.7285 20.1086 17.1866 0.518818 0.266874 353.714 0 0
1500 109.499 -41.1787 16.9312 0.752756 -0.525687 353.982 0 0
1500 90.0037 -11.1302 17.6031 0.499106 -0.166232 354.032 0 0
1500 125.111 37.7354 16.9117 0.901278 0.535174 354.121 0 0
1500 50.4077 -21.3353 17.5432 -0.0882326 -0.320007 354.124 0 0
1500 125.896 3.89052 16.9452 0.968356 0.0468334 354.301 0 0
1500 102.076 54.8067 16.9316 0.597167 0.779605 354.403 0 0
1500 90.5905 6.97966 18.1014 0.62912 0.0910383 354.435 0 0
1500 79.3918 -71.1858 16.8765 0.302323 -0.949878 354.446 0 0
1500 108.805 46.1613 16.9395 0.739368 0.629227 354.457 0 0
1500 82.3659 21.1879 17.2976 0.366879 0.423377 354.558 0 0
1500 105.652 -51.4307 17.3396 0.745951 -0.812527 355.241 0 0
1500 132.568 -22.6514 17.0128 1.15992 -0.298071 355.305 0 0
1500 31.6255 -37.3818 16.9606 -0.333943 -0.576977 355.313 0 0
1500 45.6619 -34.1793 16.9708 -0.15679 -0.541858 355.332 0 0
1500 107.351 54.8377 16.9869 0.711348 0.734984 355.35 0 0
1500 79.4204 8.28642 17.281 0.414363 0.173143 355.455 0 0
1500 121.115 5.43693 17.0267 0.886297 0.13152 355.573 0 0
1500 88.021 22.7396 17.4551 0.444182 0.392941 355.898 0 0
1500 38.3308 -6.96379 17.2742 -0.334368 -0.177589 355.942 0 0
1500 72.0271 -4.12304 17.4135 0.274345 -0.0579254 356.003 0 0
1500 115.71 -23.6781 17.0478 0.832502 -0.361251 356.023 0 0
1500 131.987 12.0846 18.1769 1.4659 0.231749 356 0 0
1500 22.6189 -37.5224 17.1255 -0.524427 -0.535245 356.052 0 0
1500 91.1732 -17.6529 17.7356 0.560826 -0.309571 356.343 0 0
1500 54.8774 7.90656 17.7647 -0.00497775 0.115123 356.411 0 0
1500 73.3365 2.98305 17.1845 0.224 -0.0253017 356.45 0 0
1500 45.9261 -24.3855 17.2753 -0.182306 -0.381237 356.455 0 0
1500 64.0306 6.42533 17.3298 0.0717083 0.0445732 356.469 0 0
1500 86.2931 -57.1198 17.0053 0.411141 -0.832851 356.707 0 0
1500 91.2429 -53.0688 17.5488 0.563903 -0.859959 356.713 0 0
1500 38.4902 -64.4422 17.0142 -0.23406 -0.928554 356.966 0 0
1500 85.6159 -14.7814 17.6783 0.517093 -0.20515 356.995 0 0
1500 57.6514 11.9937 17.6511 0.0109597 0.163742 357 0 0
1500 91.5554 14.5309 17.2314 0.528602 0.261888 357.029 0 0
1500 107.615 8.77166 17.2359 0.794064 0.0983492 356.987 0 0
1500 79.7354 -12.6188 17.1858 0.378929 -0.135253 357.107 0 0
1500 96.5184 -45.5301 17.0799 0.562104 -0.679195 357.125 0 0
1500 90.7004 3.07842 17.805 0.595302 0.0450642 357.195 0 0
1500 82.5149 3.72593 17.5528 0.401915 0.0710182 357.313 0 0
1500 86.6448 33.3443 17.8646 0.554015 0.550491 357.434 0 0
1500 128.246 -21.007 17.1034 0.980801 -0.319114 357.513 0 0
1500 84.6417 14.869 18.0109 0.462701 0.265476 357.67 0 0
1500 95.8028 -0.294433 18.0241 0.769795 -0.029616 357.728 0 0
1500 14.9697 9.91064 17.2199 -0.645753 0.138519 357.794 0 0
1500 59.4994 4.61791 17.1864 0.0900525 0.0483673 357.849 0 0
1500 116.876 -25.6397 17.146 0.865465 -0.319218 357.978 0 0
1500 75.5725 -9.24344 17.4838 0.3147 -0.117899 358.051 0 0
1500 105.005 -56.1064 17.0553 0.651694 -0.803949 358.106 0 0
1500 134.031 -1.21256 17.0589 1.03538 -0.0757754 358.201 0 0
1500 110.956 9.6793 17.1102 0.794369 0.0971492 358.266 0 0
1500 103.198 -5.63439 17.2351 0.701707 -0.162091 358.349 0 0
1500 41.0629 -71.2563 17.0716 -0.211506 -1.01266 358.422 0 0
1500 103.87 -43.2643 17.2234 0.69486 -0.622781 358.472 0 0
1500 96.1586 -63.0504 17.0785 0.519901 -0.901313 358.607 0 0
1500 79.3664 8.44148 17.1515 0.297676 0.150985 358.746 0 0
1500 64.494 51.6856 17.1071 0.159267 0.741357 358.752 0 0
1500 112.164 9.33779 17.6467 0.92067 0.239265 359.01 0 0
1500 76.1826 -2.43423 17.4453 0.329273 -0.0209473 359.111 0 0
1500 94.7095 -3.82839 19.1207 0.752599 -0.0614009 359.189 0 0
1500 108.752 -6.72288 17.589 0.886987 -0.129997 359.278 0 0
1500 58.8188 -74.0329 17.225 0.0446453 -1.15834 359.451 0 0
1500 89.1052 9.25806 17.7291 0.555937 0.166987 359.845 0 0
1500 53.5964 38.741 17.393 -0.0145371 0.609535 359.914 0 0
1500 77.8543 -3.1219 17.2576 0.356444 -0.085155 359.956 0 0
1500 113.63 -48.6263 17.196 0.800739 -0.676287 360.113 0 0
1500 93.1601 -10.6469 18.4249 0.675812 -0.139759 360.485 0 0
1500 55.881 -58.0364 17.2335 -0.0466246 -0.872003 360.618 0 0
1500 98.0795 29.1792 17.5021 0.616169 0.471569 360.729 0 0
1500 70.3224 -2.7798 17.2317 0.25326 -0.0311633 361.093 0 0
1500 76.8088 2.92661 17.4227 0.300459 0.000575268 361.195 0 0
1500 121.724 -43.4248 17.1672 0.960708 -0.597981 361.23 0 0
1500 68.4988 15.1419 18.5478 0.265695 0.23845 361.278 0 0
1500 -8.53109 12.8274 17.2246 -1.00343 0.212395 361.292 0 0
1500 88.673 59.4477 17.3355 0.466498 0.887447 361.805 0 0
1500 102.14 -13.1108 17.41 0.648829 -0.258149 361.955 0 0
1500 94.8926 -12.0591 17.4945 0.606603 -0.236027 362.019 0 0
1500 86.9142 7.09848 17.9817 0.55199 0.13203 362.085 0 0
1500 9.98167 53.3087 17.2711 -0.719094 0.817838 362.161 0 0
1500 62.5809 -54.0386 17.2292 0.0844097 -0.736448 362.209 0 0
1500 27.9531 15.1828 17.2621 -0.465063 0.156289 362.201 0 0
1500 101.178 6.73102 17.4513 0.729243 0.149445 362.252 0 0
1500 83.8408 2.80649 17.6575 0.409345 0.0039237 362.395 0 0
1500 73.6614 -50.1782 17.2457 0.21033 -0.693846 362.596 0 0
1500 84.891 -3.9062 17.3431 0.384799 -0.0884381 362.814 0 0
1500 73.547 -17.8968 17.3465 0.245348 -0.259956 362.882 0 0
1500 94.932 -63.5327 17.2135 0.570306 -0.872754 362.901 0 0
1500 85.9354 9.82673 17.5516 0.396283 0.174447 362.926 0 0
1500 57.8313 -50.1649 17.2601 0.0174552 -0.692638 363.026 0 0
1500 78.3515 64.8028 17.2902 0.350179 0.928498 363.025 0 0
1500 42.8211 -18.3894 17.6948 -0.217249 -0.292369 363.17 0 0
1500 77.1468 55.2757 17.577 0.260727 0.928976 363.18 0 0
1500 99.6778 35.2092 17.2738 0.571476 0.495945 363.234 0 0
1500 72.1301 14.8562 18.1612 0.349182 0.2834 363.254 0 0
1500 94.6755 18.947 17.7228 0.640211 0.274199 363.348 0 0
1500 70.1486 -16.8924 18.1997 0.238912 -0.253382 363.59 0 0
1500 111.34 31.5609 17.3415 0.804112 0.490429 363.581 0 0
1500 104.564 8.9177 17.3699 0.719158 0.17889 363.609 0 0
1500 48.1421 -48.9288 17.5434 -0.112523 -0.75443 363.684 0 0
1500 48.2752 -10.3243 17.3579 -0.121524 -0.188224 363.663 0 0
1500 70.0571 -52.8379 17.3704 0.109308 -0.816866 363.988 0 0
1500 4.77955 -33.0205 17.2952 -0.771162 -0.558385 364.065 0 0
1500 79.1225 -37.3202 17.4678 0.325816 -0.599737 364.101 0 0
1500 11.6628 -84.7217 17.2685 -0.695509 -1.30571 364.174 0 0
1500 60.4159 0.615001 17.376 0.0219201 0.0765182 364.26 0 0
1500 126.633 5.16879 17.2956 1.01995 0.0800465 364.324 0 0
1500 64.8583 -2.90998 17.8885 0.109252 -0.0629128 364.448 0 0
1500 74.9963 9.01959 17.3788 0.230768 0.196725 364.456 0 0
1500 65.1705 20.3216 17.3804 0.0898455 0.358116 364.563 0 0
1500 82.729 18.0224 17.3837 0.340007 0.324234 364.776 0 0
1500 81.3349 -17.8018 17.3956 0.412516 -0.224302 364.766 0 0
1500 51.9261 -63.736 17.3532 -0.111592 -0.950713 364.831 0 0
1500 23.2736 59.0586 17.3875 -0.576986 0.909162 364.823 0 0
1500 76.0576 -4.63243 19.0008 0.473098 -0.116536 364.917 0 0
1500 91.0217 11.376 18.0526 0.61924 0.139145 364.919 0 0
1500 70.6295 37.3767 17.3913 0.166341 0.596365 365.236 0 0
1500 64.4718 40.9321 17.4658 0.0588095 0.63234 365.479 0 0
1500 94.5878 -46.864 17.657 0.679909 -0.790682 365.687 0 0
1500 86.6751 -0.22835 17.9284 0.496967 -0.0708274 365.761 0 0
1500 105.796 10.8363 18.1072 0.815491 0.165808 365.769 0 0
1500 124.9 17.846 17.3722 0.956294 0.268224 365.888 0 0
1500 12.7004 54.2978 17.3341 -0.665597 0.75755 365.996 0 0
1500 75.7874 4.14953 17.9273 0.38975 0.091399 366.035 0 0
1500 86.6408 3.05941 18.9122 0.629748 0.0763655 366.088 0 0
1500 76.1416 32.4376 17.3518 0.278721 0.538245 366.096 0 0
1500 46.5998 71.3814 17.4173 -0.152856 1.03687 366.411 0 0
1500 109.053 10.5388 18.8464 1.09876 0.241056 366.402 0 0
1500 22.07 -62.4318 17.3924 -0.516774 -0.911502 366.479 0 0
1500 109.864 -8.89692 18.0812 0.926513 -0.166219 366.526 0 0
1500 104.433 -16.0019 18.9107 0.940356 -0.30757 366.586 0 0
1500 20.2539 -61.6963 17.3995 -0.539605 -0.898182 366.747 0 0
1500 31.0911 54.6144 17.4867 -0.410411 0.812949 366.752 0 0
1500 24.5946 40.6493 17.36 -0.453816 0.660648 366.718 0 0
1500 119.569 16.1646 17.4253 0.965607 0.24273 366.826 0 0
1500 39.651 18.1927 17.7905 -0.329511 0.299366 367.027 0 0
1500 60.6453 -72.6495 17.4085 0.0099037 -1.04256 367.074 0 0
1500 9.28977 35.3898 17.37 -0.674081 0.571167 367.269 0 0
1500 145.563 30.6746 17.689 1.40983 0.487039 367.301 0 0
1500 74.5628 -79.761 17.3978 0.316325 -1.22297 367.242 0 0
1500 15.1885 -18.0735 17.5062 -0.702832 -0.352109 367.262 0 0
1500 10.9245 -42.9929 17.4026 -0.675261 -0.671954 367.368 0 0
1500 100.587 -1.04537 18.7299 0.798513 -0.0334901 367.529 0 0
1500 27.0889 18.7478 17.507 -0.492291 0.293054 367.552 0 0
1500 85.7815 8.02878 17.8132 0.44302 0.178405 367.589 0 0
1500 2.13629 4.5061 17.3922 -0.78893 0.0879144 367.727 0 0
1500 81.2685 2.22076 19.0512 0.582277 0.0492815 368.051 0 0
1500 76.67 -7.63179 18.7246 0.424394 -0.0923368 368.231 0 0
1500 68.9852 1.66196 17.7729 0.230233 -0.00793236 368.841 0 0
1500 67.0734 38.2142 17.8102 0.206436 0.602823 368.868 0 0
1500 96.8279 19.2432 17.4388 0.571865 0.258119 368.917 0 0
1500 66.5625 10.1383 17.6527 0.190545 0.175834 368.901 0 0
1500 211.93 -25.9422 17.3639 2.14278 -0.426645 368.95 0 0
1500 96.2224 5.69555 18.7325 0.701966 0.127438 369.085 0 0
1500 80.7018 -17.1491 17.5198 0.291025 -0.281336 369.127 0 0
1500 82.0234 5.03785 18.3821 0.50692 0.0216112 369.168 0 0
1500 114.135 -26.4313 17.4148 0.858481 -0.387063 369.638 0 0
1500 99.6009 18.6317 17.5353 0.597791 0.291191 369.676 0 0
1500 48.5821 22.1624 17.7901 -0.186164 0.378376 369.87 0 0
1500 91.5396 2.18149 18.9725 0.674152 -0.0281107 369.963 0 0
1500 68.752 3.79231 17.5382 0.192836 0.0946329 369.961 0 0
1500 13.4657 58.1002 17.4284 -0.59215 0.860288 369.972 0 0
1500 111.888 1.80963 17.9979 0.92423 0.0645652 369.988 0 0
1500 65.9666 20.1055 17.5148 0.0525165 0.281508 370.069 0 0
1500 108.051 -38.7006 17.9625 0.831231 -0.665989 370.185 0 0
1500 68.274 -66.4048 17.5165 0.196087 -0.978085 370.316 0 0
1500 77.089 14.7466 17.5857 0.238596 0.259699 370.312 0 0
1500 84.536 -5.3555 18.1235 0.572681 -0.0881971 370.295 0 0
1500 80.9828 -12.331 17.4767 0.366151 -0.127595 370.333 0 0
1500 50.722 62.9875 17.4306 -0.0974721 0.954143 370.399 0 0
1500 37.5508 -29.0339 17.5216 -0.289329 -0.431507 370.542 0 0
1500 94.4829 -17.1215 17.4747 0.538246 -0.244839 370.551 0 0
1500 84.7122 22.8144 17.7598 0.490168 0.326126 370.695 0 0
1500 44.6028 2.40329 17.5097 -0.187782 0.107809 370.844 0 0
1500 97.4697 -5.43071 18.8492 0.825656 -0.117178 370.816 0 0
1500 94.1359 15.6995 17.9587 0.680261 0.231311 370.812 0 0
1500 85.6842 -12.4193 18.4236 0.548276 -0.222596 370.917 0 0
1500 48.0678 -8.08516 17.567 -0.123443 -0.1895 371.068 0 0
1500 80.3774 2.31488 18.4243 0.44617 0.0221265 371.336 0 0
1500 141.097 -11.8125 17.7012 1.3867 -0.222872 371.398 0 0
1500 144.433 10.3282 17.5715 1.36999 0.143877 371.432 0 0
1500 136.025 -10.2439 17.6966 1.24643 -0.158436 371.52 0 0
1500 78.0574 -0.849248 19.3145 0.507668 0.0535807 371.734 0 0
1500 85.8303 -24.9116 18.0323 0.430237 -0.410291 372.11 0 0
1500 111.208 -1.73799 17.4916 0.741305 -0.0749795 372.42 0 0
1500 23.9909 43.6399 17.5278 -0.477021 0.692509 372.428 0 0
1500 50.0799 52.4528 17.5267 -0.105681 0.818918 372.349 0 0
1500 62.3942 15.305 17.7154 0.074519 0.290633 372.35 0 0
1500 101.185 -37.8563 17.6298 0.694108 -0.553984 372.554 0 0
1500 72.0849 23.4264 17.7175 0.213511 0.406318 372.593 0 0
1500 55.8655 -45.2736 17.5872 -0.0987248 -0.720641 372.614 0 0
1500 54.0173 18.5853 17.9331 -0.0961982 0.264111 372.592 0 0
1500 9.65605 48.8284 17.8586 -0.846966 0.88162 372.747 0 0
1500 54.7195 60.7379 17.5364 -0.0391868 0.928465 372.995 0 0
1500 91.9376 14.7555 18.7433 0.653183 0.252336 373.059 0 0
1500 62.9036 39.3914 17.9144 0.106464 0.623791 373.021 0 0
1500 87.7424 55.2455 17.5391 0.426223 0.848871 373.163 0 0
1500 38.7394 12.9014 17.7027 -0.300826 0.241568 373.261 0 0
1500 78.1206 34.7065 17.805 0.346246 0.560498 373.396 0 0
1500 89.367 -6.35116 17.6425 0.540624 -0.0973211 373.402 0 0
1500 39.9675 1.09215 17.7024 -0.255511 0.0860126 373.455 0 0
1500 73.0617 -15.2145 17.5973 0.251777 -0.239159 373.71 0 0
1500 84.8518 38.3049 17.8088 0.439771 0.608728 373.729 0 0
1500 150.717 5.73783 17.5675 1.39775 0.13961 373.822 0 0
1500 53.4518 -28.7542 17.5542 -0.133922 -0.447203 374.657 0 0
1500 60.6705 7.82758 17.5487 0.101535 0.150199 374.7 0 0
1500 93.668 9.19417 18.0944 0.579612 0.137621 374.862 0 0
1500 155.292 6.96921 17.5681 1.41802 0.1274 374.964 0 0
1500 66.068 48.8523 17.8211 0.119358 0.823643 375.115 0 0
1500 95.0919 17.0725 18.6036 0.700946 0.256633 375.149 0 0
1500 16.604 10.709 17.559 -0.665838 0.127124 375.202 0 0
1500 87.802 38.7907 18.424 0.600685 0.685747 375.288 0 0
1500 73.5465 62.8541 17.5498 0.290353 0.897769 375.398 0 0
1500 84.4256 -4.48727 18.19 0.510895 -0.0218169 375.572 0 0
1500 11.2866 23.6116 17.5641 -0.737566 0.31156 375.688 0 0
1500 60.8768 -11.7843 17.5761 0.064867 -0.242592 375.902 0 0
1500 74.4567 -12.5118 18.7595 0.36464 -0.282954 375.905 0 0
1500 92.3336 39.3438 17.7091 0.541193 0.589138 375.936 0 0
1500 39.6655 10.651 17.689 -0.315722 0.191632 375.937 0 0
1500 92.0043 2.48114 18.3521 0.579361 0.00812127 375.974 0 0
1500 102.555 9.21355 17.7296 0.662239 0.203614 376.109 0 0
1500 59.2853 38.4684 17.5885 0.0781024 0.602984 376.356 0 0
1500 109.902 12.0007 17.7188 0.777843 0.211715 376.401 0 0
1500 65.804 -27.1307 18.1699 0.20496 -0.451193 376.413 0 0
1500 108.573 -20.922 17.8497 0.785801 -0.40119 376.4 0 0
1500 76.3831 10.8011 17.5986 0.242223 0.204322 376.429 0 0
1500 118.544 19.978 18.7978 1.35011 0.442997 376.46 0 0
1500 119.076 -36.7727 18.3485 1.17978 -0.649706 376.604 0 0
1500 -2.50199 -13.9666 17.5763 -0.923232 -0.225164 376.621 0 0
1500 114.037 45.6293 17.5962 0.83777 0.61696 376.667 0 0
1500 83.8965 -7.75269 18.4999 0.493142 -0.0896229 376.773 0 0
1500 55.2729 -18.6625 18.5174 -0.015781 -0.372949 376.984 0 0
1500 106.765 38.2348 17.5723 0.75276 0.577058 377.012 0 0
1500 61.8595 9.28802 17.7277 0.104193 0.201411 377.04 0 0
1500 76.5243 22.1808 17.9325 0.259618 0.369392 377.139 0 0
1500 67.9832 21.1595 17.8896 0.211994 0.369931 377.085 0 0
1500 42.4101 7.04779 17.9543 -0.234343 0.147253 377.215 0 0
1500 61.7815 106.612 17.7849 0.0280974 1.70245 377.349 0 0
1500 28.0777 -20.6019 17.8505 -0.437292 -0.356805 377.577 0 0
1500 23.4413 -32.0883 17.7168 -0.564891 -0.592213 377.743 0 0
1500 65.244 54.7109 17.6505 0.102434 0.789174 377.854 0 0
1500 98.8242 -7.91511 18.0099 0.700695 -0.10541 377.901 0 0
1500 81.7139 -30.5405 17.9109 0.416067 -0.494111 377.896 0 0
1500 23.4318 -61.8226 17.5982 -0.545576 -0.887023 377.927 0 0
1500 123.497 19.7192 17.5869 0.977527 0.310064 377.936 0 0
1500 87.4783 -22.6626 17.9875 0.538065 -0.338945 377.928 0 0
1500 111.353 20.118 17.6488 0.836416 0.303857 378.021 0 0
1500 96.5762 -30.8856 18.2013 0.67339 -0.50199 378.065 0 0
1500 1.90733 47.0299 17.6049 -0.841049 0.624722 378.273 0 0
1500 119.032 -36.6382 17.7967 0.986588 -0.546621 378.256 0 0
1500 110.091 -34.5634 17.6403 0.765619 -0.469362 378.399 0 0
1500 60.3478 5.92978 18.5924 0.0415122 0.0807089 378.37 0 0
1500 125.702 0.607691 17.6016 0.980967 -0.0581794 378.473 0 0
1500 91.2796 -3.57906 18.3047 0.606935 0.00257599 378.509 0 0
1500 91.9288 16.1892 17.8024 0.503659 0.305826 378.553 0 0
1500 72.3583 17.6725 17.9424 0.30886 0.293727 378.647 0 0
1500 83.5489 21.7169 17.9868 0.514961 0.332818 378.701 0 0
1500 97.2554 39.8677 17.7413 0.606073 0.632227 378.788 0 0
1500 64.6627 1.95766 17.9539 0.182913 0.00161478 378.898 0 0
1500 38.5171 -2.05305 17.9034 -0.28194 -0.0942004 378.953 0 0
1500 100.677 44.5656 17.8189 0.643833 0.695129 379.072 0 0
1500 95.267 -12.1182 17.9913 0.660919 -0.126643 379.022 0 0
1500 94.1914 -16.7613 17.994 0.629393 -0.212246 379.12 0 0
1500 16.5747 -75.6334 17.8838 -0.641959 -1.25046 379.107 0 0
1500 37.3375 9.76988 17.6943 -0.26171 0.191742 379.213 0 0
1500 114.947 -47.2018 17.6104 0.843161 -0.617291 379.165 0 0
1500 99.1238 -0.245903 17.9949 0.698536 0.023096 379.236 0 0
1500 91.402 22.5128 17.9945 0.5891 0.347177 379.184 0 0
1500 75.8271 3.91653 18.2461 0.32074 0.125404 379.266 0 0
1500 105.038 13.3952 18.2188 0.788276 0.225965 379.495 0 0
1500 90.4029 18.1655 18.1963 0.517425 0.327655 379.59 0 0
1500 128.26 -12.7631 17.6205 1.0201 -0.141854 379.628 0 0
1500 73.7492 21.9516 18.3176 0.317897 0.379143 379.705 0 0
1500 9.32192 8.39619 17.7997 -0.793902 0.0822803 379.731 0 0
1500 98.1202 -31.4567 17.6276 0.58503 -0.531066 379.782 0 0
1500 128.638 -3.30712 17.6468 0.999927 -0.100311 379.868 0 0
1500 79.9688 4.48033 18.0455 0.327508 0.120852 380.086 0 0
1500 79.8821 24.2707 17.9806 0.317025 0.409576 380.075 0 0
1500 18.5553 -60.7715 17.6305 -0.524563 -0.906126 380.163 0 0
1500 22.5683 69.1954 17.763 -0.595796 1.07457 380.136 0 0
1500 34.3691 -30.5373 17.7489 -0.406579 -0.467768 380.215 0 0
1500 86.0789 -7.17179 18.1513 0.536357 -0.103802 380.259 0 0
1500 33.2046 -12.509 17.6933 -0.441216 -0.192274 380.368 0 0
1500 125.472 0.852041 17.64 0.971001 0.0440636 380.449 0 0
1500 9.576 -40.3652 17.6589 -0.712075 -0.567459 380.582 0 0
1500 17.9157 24.4064 17.7503 -0.644611 0.336372 380.563 0 0
1500 52.082 -44.3633 17.7094 -0.0303724 -0.70288 380.556 0 0
1500 95.3899 3.32367 17.7198 0.628015 0.0673016 380.595 0 0
1500 61.9428 22.8515 17.869 0.0485507 0.401325 380.631 0 0
1500 87.415 -13.7062 17.7713 0.527285 -0.208441 380.619 0 0
1500 19.1705 -46.7651 17.7528 -0.557873 -0.787956 380.688 0 0
1500 120.708 42.7892 17.9853 1.11598 0.72794 380.689 0 0
1500 42.544 -17.0154 18.1343 -0.273065 -0.303778 380.797 0 0
1500 100.385 29.5395 18.4253 0.747404 0.585418 380.853 0 0
1500 93.722 21.7506 18.0006 0.61716 0.34966 380.9 0 0
1500 22.0062 40.627 17.753 -0.507167 0.660644 380.9 0 0
1500 63.1901 -68.9323 17.6505 0.0918535 -1.00592 381.106 0 0
1500 87.4802 3.60835 17.915 0.482828 -0.0176741 381.059 0 0
1500 74.7842 8.33258 17.811 0.296693 0.10298 381.219 0 0
1500 127.507 -29.1018 17.7622 1.12632 -0.514837 381.26 0 0
1500 118.268 25.5261 17.7563 0.890485 0.428212 381.291 0 0
1500 72.9769 -28.3831 18.8921 0.388239 -0.642308 381.332 0 0
1500 89.6897 1.36057 19.0089 0.643289 0.0626089 381.401 0 0
1500 118.805 -35.3204 17.6871 0.976329 -0.537397 381.595 0 0
1500 102.412 -35.3252 17.8998 0.822065 -0.589535 381.717 0 0
1500 84.4416 -6.07441 19.0067 0.592443 -0.0964946 381.77 0 0
1500 110.466 -24.3219 17.788 0.81571 -0.405345 381.817 0 0
1500 98.4697 -22.2938 17.9963 0.694034 -0.336192 382.032 0 0
1500 56.1662 11.3392 18.1342 -0.00769044 0.227814 382.014 0 0
1500 104.044 -43.6192 17.7286 0.738257 -0.610288 382.186 0 0
1500 64.6055 -22.5395 18.2824 0.197121 -0.408842 382.122 0 0
1500 97.1937 9.12989 17.9661 0.669978 0.0716929 382.244 0 0
1500 74.0505 -39.1583 17.9672 0.324762 -0.617965 382.383 0 0
1500 92.7054 -30.5327 17.764 0.523754 -0.431235 382.411 0 0
1500 100.569 44.9376 18.0569 0.683505 0.747604 382.449 0 0
1500 71.6649 15.9082 17.9346 0.202385 0.261339 382.519 0 0
1500 54.2262 17.3259 18.1306 -0.128024 0.284043 382.579 0 0
1500 58.565 -65.6873 17.9286 0.0598995 -1.10331 382.725 0 0
1500 54.8213 20.6889 18.2122 -0.0515248 0.314935 382.874 0 0
1500 124.864 -20.6979 17.7883 0.994089 -0.332251 382.924 0 0
1500 106.771 32.7032 17.8201 0.780211 0.507852 383.152 0 0
1500 92.4165 15.9287 18.3144 0.661577 0.222028 383.285 0 0
1500 49.9844 1.04577 18.1936 -0.108095 -0.0330413 383.372 0 0
1500 69.4567 5.53235 18.2094 0.234542 0.0152024 383.445 0 0
1500 75.939 10.9402 18.9164 0.360964 0.19542 383.567 0 0
1500 80.7845 -10.4664 18.1101 0.349508 -0.216524 383.591 0 0
1500 65.0052 -4.30096 18.0394 0.155163 -0.142225 383.797 0 0
1500 81.5878 20.7842 18.1983 0.472363 0.334862 383.845 0 0
1500 47.3309 65.8367 17.9363 -0.109791 1.10532 383.861 0 0
1500 122.488 -82.3284 17.8716 1.09599 -1.31259 383.889 0 0
1500 17.4126 20.5246 17.7541 -0.656876 0.354247 383.964 0 0
1500 -3.86795 -2.54224 17.7611 -0.94813 -0.08906 384.25 0 0
1500 134.39 -21.9893 17.7703 1.25034 -0.394707 384.211 0 0
1500 71.2606 -3.43245 18.1718 0.221105 -0.1076 384.397 0 0
1500 79.0405 21.8725 18.2862 0.433598 0.366012 384.393 0 0
1500 73.9851 -13.2863 18.1224 0.347399 -0.239695 384.439 0 0
1500 56.619 -70.6979 17.7035 0.0310822 -1.03688 384.502 0 0
1500 26.662 -42.9098 17.6983 -0.518411 -0.693248 384.595 0 0
1500 139.561 -25.4034 17.8838 1.3539 -0.429491 384.594 0 0
1500 115.193 -15.2291 18.0199 1.01673 -0.241803 384.567 0 0
1500 76.6272 32.3732 17.8424 0.276909 0.487158 384.62 0 0
1500 27.3922 -13.0531 17.7433 -0.54128 -0.181122 384.628 0 0
1500 15.7824 -43.2101 17.7142 -0.68882 -0.602045 384.687 0 0
1500 36.3701 -12.619 17.7332 -0.315092 -0.266077 384.782 0 0
1500 28.9835 -26.2177 17.7703 -0.417064 -0.47499 384.79 0 0
1500 141.315 -7.35871 17.8416 1.37306 -0.147387 384.896 0 0
1500 28.961 -56.4906 18.0114 -0.536022 -0.908881 384.781 0 0
1500 57.118 -7.35163 18.3298 0.00396944 -0.06831 384.954 0 0
1500 27.7456 11.9551 18.1944 -0.505174 0.230677 385.024 0 0
1500 80.5216 -53.8684 17.715 0.360095 -0.76238 385.116 0 0
1500 30.5152 -6.29114 17.7196 -0.467907 -0.156041 385.088 0 0
1500 79.2536 -5.3449 19.1125 0.531514 -0.0409961 385.365 0 0
1500 26.2413 21.6906 17.9328 -0.518743 0.298934 385.352 0 0
1500 130.763 52.9907 17.7004 1.09151 0.765451 385.521 0 0
1500 24.1211 -10.9628 17.9266 -0.537752 -0.213693 385.537 0 0
1500 43.3662 43.6372 18.1328 -0.226429 0.730728 385.622 0 0
1500 84.9134 -0.321274 18.506 0.555905 0.0195556 385.665 0 0
1500 127.593 -33.0631 18.04 1.16125 -0.608076 385.798 0 0
1500 97.5246 -29.8418 17.8523 0.589755 -0.440839 385.931 0 0
1500 101.497 3.77201 18.9834 0.822515 0.0456644 386.131 0 0
1500 75.7582 -2.23075 18.3555 0.315091 0.0320823 386.102 0 0
1500 85.8491 -7.42215 19.009 0.602647 -0.141794 386.113 0 0
1500 71.697 11.5815 17.9459 0.189974 0.215334 386.208 0 0
1500 91.9255 3.85006 18.1939 0.596098 0.11825 386.265 0 0
1500 113.196 16.4233 17.7775 0.817231 0.199662 386.477 0 0
1500 -4.55988 -11.1255 17.7747 -0.98165 -0.153838 386.68 0 0
1500 77.5913 15.6282 18.252 0.399908 0.287796 386.638 0 0
1500 72.881 -55.9564 17.7294 0.233459 -0.900102 386.587 0 0
1500 36.6824 63.5786 17.8476 -0.340225 0.964061 386.893 0 0
1500 88.9841 -40.5083 17.7876 0.485056 -0.57101 386.924 0 0
1500 58.9613 10.8502 17.8572 0.0558255 0.198401 387.044 0 0
1500 11.3395 -17.9394 17.7765 -0.69726 -0.248412 387.029 0 0
1500 65.0831 -9.69229 17.8844 0.15483 -0.169561 387.101 0 0
1500 89.6517 -9.54945 18.5431 0.598784 -0.196802 387.082 0 0
1500 20.5413 -26.2125 17.7824 -0.570836 -0.359117 387.28 0 0
1500 68.4511 45.5491 18.1377 0.175333 0.833448 387.301 0 0
1500 91.0351 14.6572 17.8206 0.511584 0.212634 387.524 0 0
1500 29.7715 59.0006 17.8007 -0.37877 0.92896 387.65 0 0
1500 31.0382 22.407 17.7936 -0.426696 0.294607 387.734 0 0
1500 76.3281 -4.7023 17.814 0.329913 -0.131638 388.035 0 0
1500 33.926 -29.2062 17.763 -0.300475 -0.455943 388.134 0 0
1500 33.5345 12.3591 17.9273 -0.358398 0.260952 388.234 0 0
1500 83.8777 -62.6312 17.7375 0.386246 -0.973894 388.319 0 0
1500 67.0666 -55.4979 17.9298 0.1361 -0.927233 388.381 0 0
1500 36.1464 -25.5857 17.8661 -0.444021 -0.438273 388.718 0 0
1500 25.855 -61.2284 17.7709 -0.522867 -0.893453 388.73 0 0
1500 115.062 -36.5243 17.8405 0.886898 -0.557851 388.753 0 0
1500 75.7669 3.03381 18.3393 0.408607 0.0267758 388.777 0 0
1500 136.66 12.1949 18.3949 1.43706 0.230345 388.8 0 0
1500 97.6423 -13.1774 18.3802 0.725462 -0.21144 388.821 0 0
1500 33.7813 58.1958 17.8423 -0.400465 0.89956 389.037 0 0
1500 -1.4861 18.1805 17.8421 -0.918869 0.314048 388.902 0 0
1500 117.628 -20.0166 18.0254 0.996675 -0.333754 388.999 0 0
1500 86.7038 9.14776 18.3089 0.553443 0.175591 389.121 0 0
1500 -7.19785 7.52145 17.799 -0.981691 0.113925 389.365 0 0
1500 84.3454 6.34776 17.7933 0.386968 0.171983 389.732 0 0
1500 44.7774 -40.1114 18.0961 -0.16729 -0.666765 389.972 0 0
1500 86.6306 -8.83507 17.9979 0.429437 -0.202288 389.953 0 0
1500 49.92 9.26398 17.9266 -0.178961 0.161758 389.933 0 0
1500 15.5118 12.108 17.8182 -0.627997 0.209844 390.08 0 0
1500 100.047 -37.1193 17.7848 0.618937 -0.573038 390.178 0 0
1500 -6.5133 -4.50873 17.7432 -0.955354 -0.119577 390.257 0 0
1500 -71.6491 -112.033 17.8246 -2.08331 -1.7401 390.252 0 0
1500 69.0026 -19.9879 18.0046 0.118887 -0.306602 390.374 0 0
1500 70.6649 23.3556 17.8746 0.121498 0.388807 390.381 0 0
1500 126.678 0.352637 17.8249 1.07091 0.0753995 390.532 0 0
1500 98.2687 -23.8328 17.7938 0.583548 -0.431509 390.527 0 0
1500 64.3348 67.8611 17.7986 0.126843 1.04052 390.624 0 0
1500 80.5878 17.6862 17.8777 0.321064 0.337874 390.629 0 0
1500 63.5283 4.23959 18.4443 0.135516 0.128579 390.992 0 0
1500 32.9595 -12.9316 18.0124 -0.401737 -0.283308 391.013 0 0
1500 66.3699 26.2723 18.0247 0.222012 0.434052 391.056 0 0
1500 87.3228 16.7985 18.4913 0.588777 0.262291 391.169 0 0
1500 97.8862 7.92361 18.3891 0.694307 0.179411 391.144 0 0
1500 55.2817 40.2037 17.8219 0.0234414 0.676196 391.161 0 0
1500 57.5766 -31.2419 18.0286 0.0444969 -0.54303 391.196 0 0
1500 60.4198 55.2932 17.8314 0.104942 0.921216 391.401 0 0
1500 124.935 7.40054 17.86 1.03263 0.0929087 391.55 0 0
1500 73.9594 23.6476 18.075 0.290404 0.429767 391.55 0 0
1500 100.054 -48.3284 18.048 0.799123 -0.844954 391.477 0 0
1500 31.4474 64.625 17.75 -0.460285 0.9415 391.626 0 0
1500 74.5758 21.1453 18.1803 0.230823 0.347547 391.638 0 0
1500 79.2171 1.86697 17.8065 0.382152 0.0816405 391.591 0 0
1500 25.8885 50.7842 17.9575 -0.491009 0.897273 391.575 0 0
1500 36.8236 -5.5783 18 -0.363031 -0.0486172 391.66 0 0
1500 117.566 4.38732 17.9739 0.95925 0.0250137 391.676 0 0
1500 41.2516 49.143 17.8704 -0.273306 0.802555 391.824 0 0
1500 103.653 -20.7789 17.7866 0.685301 -0.329773 391.889 0 0
1500 103 -0.712038 18.0195 0.76564 0.0265717 391.842 0 0
1500 16.607 33.3834 17.8702 -0.641685 0.56637 391.866 0 0
1500 68.2034 12.7571 18.1389 0.193294 0.267662 391.867 0 0
1500 69.6598 27.4514 17.804 0.233987 0.474088 391.838 0 0
1500 22.3509 -15.6781 17.9992 -0.606199 -0.309427 391.881 0 0
1500 27.7739 -22.9327 17.7901 -0.401529 -0.380894 392.028 0 0
1500 67.2067 -19.2639 18.2758 0.148189 -0.31333 392.003 0 0
1500 75.9526 -84.35 17.7936 0.308095 -1.36534 392.034 0 0
1500 88.5932 -5.33169 18.4941 0.524667 -0.149514 392.291 0 0
1500 74.7784 11.0121 18.3948 0.354777 0.134936 392.267 0 0
1500 -0.736459 21.531 17.9162 -0.917191 0.336374 392.32 0 0
1500 98.1616 -19.5286 18.0606 0.655637 -0.362582 392.31 0 0
1500 42.8071 55.464 17.8179 -0.175787 0.886534 392.284 0 0
1500 100.132 84.9454 17.8347 0.652142 1.41735 392.249 0 0
1500 108.223 23.2341 17.9191 0.76853 0.359207 392.383 0 0
1500 71.7682 -14.2117 18.1522 0.212713 -0.254726 392.441 0 0
1500 73.5056 23.9113 18.0344 0.343852 0.400884 392.53 0 0
1500 55.6478 20.9922 18.9193 0.0301423 0.44888 392.546 0 0
1500 100.285 8.3601 17.9935 0.731553 0.115795 392.594 0 0
1500 114.782 5.55724 18.1229 1.04964 0.126873 392.691 0 0
1500 78.9 5.93161 17.8673 0.314545 0.143647 392.808 0 0
1500 91.3995 34.1894 17.928 0.531783 0.507074 392.916 0 0
1500 107.011 -37.392 17.8457 0.751617 -0.624667 392.837 0 0
1500 79.6229 43.6116 17.7973 0.381799 0.712584 392.714 0 0
1500 46.0554 34.7617 17.9142 -0.185727 0.602725 392.917 0 0
1500 102.485 11.6508 18.3162 0.765434 0.265571 392.887 0 0
1500 70.3169 40.5662 17.8334 0.15766 0.686368 392.968 0 0
1500 70.2271 -52.7759 17.9302 0.216518 -0.859754 393.142 0 0
1500 45.19 -53.4709 17.9303 -0.156913 -0.870293 393.128 0 0
1500 -62.0196 97.2505 18.1018 -2.17044 1.73122 393.164 0 0
1500 88.9598 -12.9976 17.7915 0.514383 -0.134798 393.246 0 0
1500 99.75 25.0711 17.8631 0.6806 0.413227 393.352 0 0
1500 -36.3901 24.8881 17.7764 -1.44764 0.317285 393.325 0 0
1500 92.8344 -3.19325 17.9201 0.582645 0.0176403 393.393 0 0
1500 116.536 -21.1328 18.0037 1.0881 -0.390505 393.361 0 0
1500 95.4236 6.80863 17.8971 0.565331 0.137045 393.484 0 0
1500 64.7728 23.8242 17.9452 0.163944 0.360175 393.827 0 0
1500 76.2724 7.76341 18.5569 0.328439 0.176095 393.794 0 0
1500 58.5546 -19.3884 17.9816 -0.0495299 -0.399264 393.913 0 0
1500 116.302 8.31015 17.8607 0.944791 0.152829 393.946 0 0
1500 114.677 2.51851 18.3567 0.994775 0.0720836 393.944 0 0
1500 7.75604 9.59062 17.7779 -0.788689 0.218051 393.94 0 0
1500 73.5338 -8.82803 17.9482 0.282253 -0.0826805 393.973 0 0
1500 20.4511 56.4193 17.872 -0.565701 0.882023 394.052 0 0
1500 93.6976 38.9255 17.9693 0.627522 0.601692 394.145 0 0
1500 46.5419 7.01194 18.279 -0.159505 0.115709 394.19 0 0
1500 92.2525 -20.3001 17.8132 0.567033 -0.372096 394.174 0 0
1500 87.5866 -19.3574 18.0235 0.492837 -0.277953 394.263 0 0
1500 95.6652 58.6787 18.1405 0.683666 0.987721 394.43 0 0
1500 108.665 5.26453 18.1928 0.932566 0.0934554 394.369 0 0
1500 58.7401 40.7689 18.3629 0.0132794 0.717526 394.365 0 0
1500 76.65 15.9368 18.0972 0.406886 0.293247 394.482 0 0
1500 53.1975 4.96656 17.8534 -0.135143 0.119185 394.549 0 0
1500 116.778 3.11846 17.7755 0.909232 0.1164 394.572 0 0
1500 86.2394 61.2197 17.7859 0.473669 0.933432 394.619 0 0
1500 88.4303 19.6317 18.3623 0.56324 0.353419 394.624 0 0
1500 74.5237 -14.0168 17.8121 0.289279 -0.209045 394.652 0 0
1500 92.5992 -68.4342 17.7993 0.596521 -1.05747 394.682 0 0
1500 44.6819 -19.9579 18.396 -0.178953 -0.349699 394.819 0 0
1500 67.6138 71.2554 17.7901 0.20863 1.13594 394.799 0 0
1500 106.974 31.0398 17.9108 0.780036 0.527053 394.913 0 0
1500 95.3154 -9.18519 18.4624 0.70437 -0.0929932 394.903 0 0
1500 103.243 64.325 18.0026 0.819875 1.07419 394.985 0 0
1500 107.484 -17.1468 17.9274 0.766545 -0.23256 395.295 0 0
1500 89.3833 5.09199 17.9853 0.503135 0.105012 395.131 0 0
1500 75.0229 -52.3804 17.8072 0.299519 -0.849279 395.148 0 0
1500 35.1172 61.7741 17.9552 -0.324514 1.00892 395.037 0 0
1500 64.1782 7.10548 17.8375 0.068222 0.181822 395.28 0 0
1500 72.5021 -48.8109 17.931 0.217966 -0.74211 395.387 0 0
1500 73.628 57.7666 17.8091 0.205111 0.881774 395.432 0 0
1500 22.2391 54.0351 17.7737 -0.506995 0.871624 395.407 0 0
1500 62.3952 36.9476 17.8368 0.123943 0.620343 395.442 0 0
1500 98.8707 23.7012 18.0197 0.713047 0.37084 395.517 0 0
1500 95.1762 5.31843 17.9284 0.653922 0.0925464 395.625 0 0
1500 150.248 -38.2335 17.8565 1.49125 -0.539542 395.464 0 0
1500 118.914 11.419 17.9491 0.98118 0.216466 395.688 0 0
1500 119.994 9.42107 17.8055 0.968279 0.0798499 395.683 0 0
1500 67.5797 20.7688 17.944 0.209599 0.294241 395.777 0 0
1500 -3.85044 -49.5553 17.8035 -1.00749 -0.712111 395.771 0 0
1500 30.2408 36.9669 17.8196 -0.483671 0.516845 395.843 0 0
1500 123.764 -3.86706 17.9274 1.02512 -0.0712472 395.935 0 0
1500 106.198 45.9893 17.9336 0.758093 0.713805 396.01 0 0
1500 82.2939 57.4794 17.8342 0.392811 0.868218 396.016 0 0
1500 62.7916 -35.2948 17.9439 0.0831842 -0.550102 396.122 0 0
1500 100.778 49.7506 17.9102 0.67522 0.791007 396.16 0 0
1500 123.245 11.9911 17.805 1.00911 0.117312 396.194 0 0
1500 86.8136 1.13119 18.0543 0.475927 0.0925926 396.217 0 0
1500 108.126 43.4004 17.9796 0.868492 0.664619 396.247 0 0
1500 85.551 56.8451 17.8301 0.414134 0.876592 396.321 0 0
1500 81.5864 28.1701 18.3238 0.388529 0.487028 396.342 0 0
1500 88.8693 -23.4083 17.9292 0.549157 -0.317637 396.329 0 0
1500 73.9999 -38.3379 18.2314 0.253276 -0.634114 396.575 0 0
1500 92.0873 -5.67829 18.0942 0.606529 -0.135168 396.544 0 0
1500 34.5269 -9.57617 17.8989 -0.426895 -0.162694 396.537 0 0
1500 99.9273 -52.2438 17.8751 0.723312 -0.921766 396.592 0 0
1500 125.195 13.2377 17.8055 1.0308 0.134836 396.665 0 0
1500 11.1819 9.68414 17.7928 -0.732672 0.0727151 396.702 0 0
1500 -5.90428 -15.3431 17.8609 -1.07525 -0.277933 396.795 0 0
1500 89.6936 31.8035 17.8751 0.520131 0.586016 396.685 0 0
1500 97.3849 -22.3435 18.0901 0.680835 -0.383096 397.079 0 0
1500 68.8791 -3.56461 18.6482 0.219363 -0.106134 397.209 0 0
1500 -1.18198 -6.03978 17.8225 -0.915083 -0.020765 397.191 0 0
1500 104.512 34.9321 17.8125 0.70865 0.5427 397.386 0 0
1500 98.8568 -52.8982 17.8091 0.634306 -0.826096 397.64 0 0
1500 51.7492 -67.7571 17.8085 -0.0488702 -1.04321 397.531 0 0
1500 118.95 -26.2578 17.8615 0.983329 -0.371233 397.623 0 0
1500 79.7526 -4.03059 17.88 0.322084 -0.137277 397.578 0 0
1500 74.6166 5.39038 17.8114 0.308818 0.139888 397.651 0 0
1500 60.6712 -7.35356 18.5101 0.0650034 -0.144273 397.773 0 0
1500 85.3804 43.0969 17.9501 0.500794 0.7426 397.67 0 0
1500 50.8639 -46.0309 18.0872 -0.172898 -0.755305 397.665 0 0
1500 51.5029 30.8005 17.9155 -0.110013 0.484513 397.832 0 0
1500 -11.9333 13.0838 17.8047 -1.11095 0.184 398.014 0 0
1500 82.3951 -50.8132 17.8112 0.44331 -0.796138 397.951 0 0
1500 39.7475 -22.5285 18.1519 -0.351173 -0.441318 397.928 0 0
1500 63.9076 0.730127 17.9325 0.053594 -0.0482219 398.052 0 0
1500 37.6018 18.871 18.0024 -0.43052 0.300498 398.045 0 0
1500 44.3697 62.1986 17.8206 -0.227912 0.989735 398.137 0 0
1500 99.8418 15.9655 17.9941 0.71091 0.290996 398.108 0 0
1500 61.6572 -7.22003 17.9319 0.0186231 -0.171608 398.095 0 0
1500 131.781 5.17531 18.2946 1.46964 0.114974 398.104 0 0
1500 69.0425 48.666 18.0366 0.241652 0.78746 398.246 0 0
1500 78.5855 50.7265 17.9093 0.399325 0.816855 398.19 0 0
1500 115.669 14.5852 17.9309 0.94049 0.167303 398.369 0 0
1500 81.9405 25.8346 17.8255 0.386505 0.474309 398.369 0 0
1500 91.1463 4.8192 18.3073 0.593265 0.00546697 398.448 0 0
1500 50.7797 36.1142 17.8247 -0.0949314 0.632435 398.444 0 0
1500 107.827 25.19 18.1826 0.837319 0.41513 398.644 0 0
1500 85.6278 0.310909 18.3051 0.467929 -0.0490036 398.792 0 0
1500 50.2381 32.9812 18.1943 -0.141276 0.519579 398.53 0 0
1500 12.7043 9.07238 18.0288 -0.723519 0.175154 398.665 0 0
1500 22.8819 -10.9111 17.923 -0.577215 -0.226511 398.776 0 0
1500 75.2522 -1.67608 18.7376 0.413535 0.0309436 398.885 0 0
1500 103.148 29.278 18.0692 0.754464 0.490629 398.897 0 0
1500 107.812 -29.8408 18.1888 0.883348 -0.594091 398.949 0 0
1500 46.4729 54.7384 18.0392 -0.182506 0.880373 399.136 0 0
1500 -11.2686 -2.55081 17.7854 -1.03739 -0.11011 399.113 0 0
1500 75.4352 -30.8154 18.1047 0.26337 -0.534362 399.148 0 0
1500 178.38 39.6055 17.9065 1.95195 0.726894 399.181 0 0
1500 41.3882 8.33626 18.2235 -0.239279 0.139535 399.282 0 0
1500 77.9038 14.7904 17.9029 0.345017 0.230679 399.378 0 0
1500 77.4147 48.7659 17.9337 0.319077 0.742746 399.279 0 0
1500 91.1058 9.03072 18.4023 0.639397 0.152667 399.246 0 0
1500 111.983 2.37788 17.8171 0.839703 0.110363 399.222 0 0
1500 69.6503 46.8638 17.8159 0.202009 0.789875 399.515 0 0
1500 80.5102 65.0643 17.9253 0.376613 1.10689 399.504 0 0
1500 75.3229 22.1835 18.0848 0.25378 0.369649 399.54 0 0
1500 7.15992 29.0499 17.8144 -0.754735 0.514194 399.603 0 0
1500 91.7703 -16.9944 17.9035 0.586138 -0.3126 399.586 0 0
1500 72.7937 3.71842 18.065 0.297861 -0.00858997 399.633 0 0
1500 30.1634 15.2708 17.9551 -0.413453 0.313213 399.67 0 0
1500 3.74218 -7.084 17.9137 -0.858362 -0.165244 399.752 0 0
1500 106.237 21.257 18.2005 0.831147 0.343691 399.788 0 0
1500 30.5875 -34.5908 18.1411 -0.43937 -0.642316 399.762 0 0
1500 94.8426 -0.782076 18.1666 0.675738 0.000248028 399.869 0 0
1500 93.6118 -4.4532 18.035 0.64398 -0.0463536 399.915 0 0
1500 98.7397 7.34188 17.9432 0.611498 0.161975 399.954 0 0
1500 102.422 -14.1671 17.9992 0.686714 -0.244578 400.023 0 0
1500 104.374 48.2795 17.8029 0.734902 0.684828 400.005 0 0
1500 12.4245 41.6072 17.812 -0.670532 0.700058 400.032 0 0
1500 63.419 -13.9282 18.3439 0.152867 -0.250355 400.232 0 0
1500 95.3371 -31.3675 17.8326 0.563561 -0.496521 400.051 0 0
1500 18.1176 46.6991 17.8119 -0.584553 0.776502 400.056 0 0
1500 112.169 14.5167 17.8063 0.867644 0.159255 400.231 0 0
1500 51.6033 -34.4123 17.893 -0.150868 -0.637913 400.153 0 0
1500 86.3489 -56.3427 17.9039 0.502035 -0.866318 400.29 0 0
1500 119.933 6.63723 17.8722 0.980915 0.156006 400.304 0 0
1500 91.9433 9.10652 18.4825 0.68567 0.162259 400.31 0 0
1500 63.0818 61.7592 17.8106 0.0922047 0.998437 400.38 0 0
1500 93.0636 -50.8357 17.8329 0.603925 -0.764358 400.338 0 0
1500 107.777 -27.7421 18.2489 0.901025 -0.491339 400.342 0 0
1500 76.8811 -0.381841 18.4724 0.347735 0.0580578 400.44 0 0
1500 28.0133 46.6515 18.0136 -0.463228 0.766782 400.534 0 0
1500 108.325 -18.9712 17.9424 0.850558 -0.290157 400.458 0 0
1500 114.674 -11.8497 17.8039 0.901369 -0.24205 400.559 0 0
1500 51.0301 -12.3288 17.9217 -0.0903952 -0.269743 400.422 0 0
1500 89.6469 -14.4903 18.4948 0.628411 -0.195095 400.609 0 0
1500 94.7935 4.87519 18.0825 0.662349 0.0872064 400.613 0 0
1500 61.6759 71.5967 18.0227 0.0517636 1.22383 400.635 0 0
1500 45.1517 -4.04943 17.9988 -0.241062 -0.0156948 400.73 0 0
1500 90.1097 5.21397 17.8447 0.484909 0.0158413 400.848 0 0
1500 54.1018 -68.1459 17.8044 0.000557035 -1.04746 400.926 0 0
1500 56.29 -96.1095 17.8796 -0.0430274 -1.51696 400.826 0 0
1500 56.7596 -25.2565 18.285 -0.0344978 -0.397258 400.905 0 0
1500 78.8613 -35.165 18.0869 0.418189 -0.571335 400.905 0 0
1500 87.7698 -31.1361 17.9922 0.556114 -0.504454 400.849 0 0
1500 43.1521 -13.5994 17.8304 -0.217509 -0.289146 400.875 0 0
1500 74.0595 65.0652 17.8067 0.292509 0.977331 400.942 0 0
1500 105.992 45.0364 17.8094 0.728478 0.740839 401.008 0 0
1500 51.8855 64.7438 17.8095 -0.0749594 1.03428 400.954 0 0
1500 9.68118 5.94999 17.9052 -0.78459 0.0236401 400.985 0 0
1500 122.9 -10.9436 18.2572 1.22512 -0.153155 401.002 0 0
1500 50.9566 29.2804 17.9005 -0.0545329 0.463103 401.12 0 0
1500 67.3797 48.186 17.8071 0.190684 0.711158 401.124 0 0
1500 77.0214 -33.0492 17.9117 0.311455 -0.586349 401.134 0 0
1500 65.1755 -65.5899 17.9074 0.0698779 -1.02825 401.195 0 0
1500 123.64 -9.14589 17.9053 1.03492 -0.159244 401.176 0 0
1500 117.799 26.5161 18.0771 1.02941 0.42285 401.209 0 0
1500 80.2443 35.9113 17.8116 0.37006 0.535838 401.457 0 0
1500 83.2064 50.9255 17.8417 0.330455 0.783543 401.526 0 0
1500 16.1882 53.536 17.8097 -0.599778 0.859645 401.587 0 0
1500 56.213 65.9746 17.8094 -0.0105939 1.04678 401.326 0 0
1500 122.703 22.4159 17.8097 0.968249 0.401498 401.589 0 0
1500 90.3706 22.0419 18.3844 0.588641 0.396359 401.332 0 0
1500 113.903 -15.5509 18.0222 0.93326 -0.211238 401.375 0 0
1500 119.22 11.6553 17.8895 0.982628 0.125081 401.307 0 0
1500 85.4207 -48.2861 17.9939 0.431693 -0.803765 401.599 0 0
1500 -2.85475 -7.17282 17.7982 -0.951098 -0.0363923 401.594 0 0
1500 34.3154 37.7088 17.8648 -0.348516 0.670622 401.648 0 0
1500 134.278 22.3888 18.1105 1.31569 0.397644 401.511 0 0
1500 58.536 -54.9368 18.0438 0.033517 -1.03868 401.437 0 0
1500 108.427 -14.0889 18.2101 0.843412 -0.261614 401.786 0 0
1500 121.33 27.7455 17.7985 0.981757 0.351984 401.948 0 0
1500 96.2682 -14.0653 18.3217 0.661611 -0.281554 401.836 0 0
1500 113.316 2.78437 18.0771 0.927965 0.00630855 401.95 0 0
1500 100.299 25.6422 18.0979 0.707468 0.454669 401.772 0 0
1500 92.312 41.185 17.8178 0.595764 0.651555 401.819 0 0
1500 152.787 -3.27673 17.8519 1.46705 -0.100267 402.088 0 0
1500 100.289 9.99522 18.0395 0.676803 0.149228 402.235 0 0
1500 38.539 58.597 17.8202 -0.329108 0.891707 402.423 0 0
1500 125.011 -120.95 17.7957 1.05483 -1.7848 402.239 0 0
1500 64.5124 34.5461 17.8152 0.116252 0.594768 402.402 0 0
1500 74.6242 -44.3268 18.6327 0.368956 -0.945748 402.404 0 0
1500 83.3758 27.4979 18.4056 0.515945 0.456378 402.542 0 0
1500 97.2995 89.1707 17.8736 0.641713 1.43321 402.443 0 0
1500 68.6155 -21.0393 17.9738 0.175475 -0.403196 402.435 0 0
1500 108.616 81.112 18.3221 0.947594 1.45782 402.526 0 0
1500 115.195 -52.2052 18.153 1.06685 -0.958006 402.609 0 0
1500 87.4037 -58.4746 17.8001 0.468737 -0.914435 403.141 0 0
1500 4.90223 45.0948 17.7962 -0.845861 0.619188 403.139 0 0
1500 54.0825 65.5889 17.8086 -0.0446691 1.04639 403.203 0 0
1500 95.0366 -14.7361 18.314 0.678817 -0.268103 402.73 0 0
1500 58.0416 58.5907 18.0002 -0.0209843 0.941634 402.969 0 0
1500 43.2556 -54.026 17.8103 -0.210101 -0.89731 402.635 0 0
1500 93.0018 -92.8062 17.8012 0.490879 -1.48076 402.833 0 0
1500 36.8197 -44.5545 17.9509 -0.334129 -0.750566 402.946 0 0
1500 66.6157 16.3787 18.3059 0.120625 0.272385 403.025 0 0
1500 78.3253 -52.0964 17.8562 0.377923 -0.831132 403.299 0 0
1500 44.8376 20.815 17.849 -0.161283 0.389343 403.036 0 0
1500 138.36 17.2024 18.0145 1.37902 0.262203 403.117 0 0
1500 79.3018 -33.9202 18.1705 0.465532 -0.607619 403.243 0 0
1500 51.3364 20.7328 18.3081 -0.0969716 0.36476 403.301 0 0
1500 10.2343 -41.0746 17.8619 -0.756427 -0.675307 403.363 0 0
1500 41.6051 16.1467 17.8998 -0.239547 0.328846 403.37 0 0
1500 132.125 -2.34586 18.0139 1.26119 -0.0560197 403.365 0 0
1500 71.2201 58.2482 17.8188 0.204836 0.904559 403.424 0 0
1500 68.6804 33.0889 17.8434 0.209738 0.577425 403.433 0 0
1500 79.9015 -22.8069 17.8681 0.420929 -0.357637 403.41 0 0
1500 47.8472 20.6634 17.8994 -0.14227 0.399031 403.396 0 0
1500 6.65476 -24.5536 17.8569 -0.876538 -0.333182 403.376 0 0
1500 117.465 36.3002 17.7928 0.852542 0.606737 403.478 0 0
1500 107.904 -12.4377 17.8408 0.840651 -0.192586 403.459 0 0
1500 78.9936 28.7773 17.8429 0.369553 0.510182 403.475 0 0
1500 8.11338 43.7028 17.7929 -0.761654 0.715158 403.565 0 0
1500 76.2991 -60.7454 17.8046 0.288722 -0.983976 403.683 0 0
1500 92.0677 -111.553 17.8799 0.540631 -1.76937 403.532 0 0
1500 84.6077 -27.578 17.9699 0.412679 -0.499297 403.488 0 0
1500 88.3712 20.6493 17.8424 0.514726 0.383922 403.508 0 0
1500 35.8797 27.8944 17.9365 -0.403275 0.395568 403.587 0 0
1500 58.0096 28.8816 18.7899 0.0848066 0.552508 403.603 0 0
1500 44.6337 -28.6845 17.9201 -0.244554 -0.410887 403.732 0 0
1500 13.0663 101.947 17.8064 -0.697834 1.5378 403.736 0 0
1500 120.489 -8.56835 17.8596 1.00938 -0.155611 403.868 0 0
1500 101.334 1.0129 18.1717 0.734889 -0.0522242 403.785 0 0
1500 96.1239 -48.7417 17.804 0.589429 -0.763398 403.927 0 0
1500 79.7726 22.7491 18.065 0.392566 0.327307 404.326 0 0
1500 66.2324 26.316 18.1021 0.189119 0.411388 404.645 0 0
1500 78.7725 44.3897 17.8278 0.30906 0.696821 404.334 0 0
1500 23.6515 51.094 17.7975 -0.522723 0.809146 404.825 0 0
1500 81.5123 -39.362 18.0905 0.405937 -0.648471 404.061 0 0
1500 94.9212 53.3717 17.8139 0.598438 0.817778 404.683 0 0
1500 93.7795 -54.965 17.8035 0.546719 -0.890547 404.188 0 0
1500 12.7547 41.4206 17.8325 -0.758107 0.620916 404.02 0 0
1500 94.0788 -15.0649 18.1987 0.626206 -0.297141 404.031 0 0
1500 91.2766 6.76862 18.0131 0.607456 0.111059 404.118 0 0
1500 104.209 -11.5305 17.8592 0.787151 -0.19203 404.329 0 0
1500 17.6052 28.362 17.8869 -0.60387 0.511084 404.377 0 0
1500 77.1415 26.728 18.0393 0.305711 0.48609 404.322 0 0
1500 58.3023 -51.6505 17.8644 -0.0495796 -0.839754 404.748 0 0
1500 45.7647 -26.2966 18.0273 -0.171157 -0.481999 404.409 0 0
1500 107.489 -36.2337 18.1496 0.877412 -0.586215 404.678 0 0
1500 70.6242 -75.6216 18.0776 0.241208 -1.25939 404.34 0 0
1500 39.0062 18.9653 17.833 -0.314735 0.378702 404.123 0 0
1500 116.696 -31.1998 18.147 1.08883 -0.504362 404.55 0 0
1500 107.72 29.5933 17.8288 0.797482 0.511549 404.897 0 0
1500 47.8722 17.4074 17.8424 -0.126208 0.31024 405.427 0 0
1500 51.8338 37.2761 17.8149 -0.0723871 0.611818 405.019 0 0
1500 9.99938 -45.3185 17.8291 -0.788601 -0.679691 404.954 0 0
1500 97.4908 2.85882 18.8819 0.800487 0.0650045 405.271 0 0
1500 -5.18814 -14.7167 17.8176 -0.996403 -0.161037 405.083 0 0
1500 108.963 -24.4029 17.8532 0.850984 -0.385365 405.024 0 0
1500 0.631749 5.02632 17.8602 -0.924966 0.0271367 405.237 0 0
1500 80.6308 38.4767 17.9407 0.434531 0.610444 405.273 0 0
1500 102.734 -10.7595 18.3975 0.833685 -0.189858 405.599 0 0
1500 55.1453 -23.8201 17.8174 0.0248585 -0.398304 405.197 0 0
1500 95.2613 -41.7379 18.1706 0.723668 -0.766201 405.182 0 0
1500 134.508 20.6954 18.5521 1.45799 0.351267 405.466 0 0
1500 47.4977 -19.5607 18.0187 -0.206232 -0.341226 405.676 0 0
1500 69.7132 7.92609 18.04 0.249321 0.187641 405.679 0 0
1500 66.1804 1.99255 18.3823 0.240673 0.0265155 406.102 0 0
1500 20.0339 14.3532 17.8945 -0.592725 0.228798 406.098 0 0
1500 34.8296 39.9188 17.8088 -0.353977 0.634996 406.164 0 0
1500 74.6524 -61.0008 17.8066 0.255855 -0.957228 405.813 0 0
1500 37.2318 -66.8996 17.8107 -0.288984 -1.04174 406.091 0 0
1500 104.147 32.8507 17.9998 0.782397 0.495507 405.918 0 0
1500 87.6068 -8.07171 18.1909 0.550029 -0.0670299 406.094 0 0
1500 49.1563 -43.7348 17.8944 -0.0990609 -0.743164 406.172 0 0
1500 71.9566 -3.26017 17.8575 0.220516 -0.130484 405.95 0 0
1500 -38.3304 -76.8324 17.9112 -1.60287 -1.29217 406.074 0 0
1500 79.1416 -42.3629 18.1952 0.434043 -0.812475 405.867 0 0
1500 122.424 -8.58875 17.8505 1.0045 -0.162308 406.186 0 0
1500 122.288 12.993 17.8828 1.01356 0.222225 406.22 0 0
1500 113.272 36.2669 17.8743 0.837362 0.613439 406.382 0 0
1500 101.704 37.92 17.9311 0.745212 0.592131 406.35 0 0
1500 47.3941 -92.227 17.9092 -0.193417 -1.45451 406.517 0 0
1500 83.9939 3.97301 17.9884 0.488748 0.0784535 406.354 0 0
1500 109.747 -49.0925 18.3312 0.913261 -0.897944 406.484 0 0
1500 101.103 -37.5319 18.3239 0.79965 -0.733142 406.513 0 0
1500 58.8542 -56.7932 18.7924 0.066555 -1.15964 406.297 0 0
1500 86.0537 -10.8926 18.1479 0.479953 -0.158708 407.139 0 0
1500 80.0438 8.10664 18.7639 0.47785 0.131814 407.088 0 0
1500 72.1245 17.5139 18.0355 0.286145 0.257267 407.133 0 0
1500 11.1078 4.19159 17.9164 -0.717008 0.0306126 407.087 0 0
1500 86.47 -31.743 17.9116 0.417575 -0.517157 407.283 0 0
1500 100.987 46.591 17.8855 0.694383 0.70589 406.97 0 0
1500 101.868 -48.986 17.9617 0.690655 -0.788279 406.672 0 0
1500 118.894 -10.3109 17.9282 0.996444 -0.134009 406.88 0 0
1500 98.5028 -9.09597 18.3875 0.74805 -0.108711 407.426 0 0
1500 105.722 7.87556 18.1803 0.81474 0.173632 407.015 0 0
1500 113.395 -23.8855 17.9749 0.906992 -0.409328 407.212 0 0
1500 95.6088 -39.7273 17.9112 0.656525 -0.615403 406.841 0 0
1500 6.24498 -23.5038 18 -0.823413 -0.392236 407.322 0 0
1500 80.4387 34.4202 17.9868 0.313167 0.585784 406.937 0 0
1500 66.5201 16.2236 18.2142 0.113241 0.290202 406.817 0 0
1500 148.367 27.9348 17.9452 1.54115 0.536815 407.366 0 0
1500 30.5817 -32.3558 17.9044 -0.424148 -0.509645 407.639 0 0
1500 15.5688 -51.1087 17.802 -0.617871 -0.835424 407.751 0 0
1500 96.6463 5.86549 18.3041 0.718097 0.0789467 407.685 0 0
1500 52.4148 59.3265 17.8272 -0.143262 0.947368 407.841 0 0
1500 107.922 -13.4571 17.9629 0.821957 -0.264411 407.866 0 0
1500 97.0651 41.7178 17.8563 0.668829 0.607048 407.787 0 0
1500 32.2773 -11.2584 17.9691 -0.438225 -0.121251 407.781 0 0
1500 -36.9509 121.048 18.149 -1.78588 2.17032 407.911 0 0
1500 108.116 41.0535 17.8766 0.740877 0.666848 408.176 0 0
1500 122.378 -14.0539 17.9262 1.02423 -0.185589 408.468 0 0
1500 51.0351 -25.8978 18.303 -0.0604702 -0.467387 408.416 0 0
1500 113.225 11.4907 17.8036 0.851258 0.251452 408.111 0 0
1500 138.693 -85.0961 17.8835 1.28942 -1.37459 408.165 0 0
1500 119.994 18.2269 17.9805 1.00067 0.363298 408.232 0 0
1500 120.839 -84.9442 17.8544 1.02727 -1.40344 408.186 0 0
1500 4.14546 -27.9375 18.1475 -0.928683 -0.465666 408.16 0 0
1500 105.619 -25.2753 18.1714 0.871554 -0.532184 408.191 0 0
1500 85.8523 -23.1965 18.0621 0.471151 -0.364763 408.694 0 0
1500 90.7139 36.5117 17.8461 0.5361 0.515946 408.538 0 0
1500 16.4026 52.1573 17.9197 -0.650735 0.808134 408.816 0 0
1500 88.8016 -57.93 17.8795 0.490966 -0.925081 408.72 0 0
1500 56.0681 62.3344 17.9718 -0.0594818 0.988406 408.65 0 0
1500 89.5664 -36.0386 17.8275 0.554752 -0.584219 408.668 0 0
1500 117.22 -39.0823 18.0105 1.04818 -0.651741 408.672 0 0
1500 112.935 31.2217 18.0828 0.945764 0.597076 408.514 0 0
1500 95.7578 -7.22903 18.4083 0.76137 -0.187295 408.502 0 0
1500 72.1662 13.1086 18.3149 0.189885 0.300875 408.707 0 0
1500 93.719 -6.92409 18.4836 0.628486 -0.0663041 408.865 0 0
1500 76.9495 -10.6561 18.3238 0.370777 -0.188335 409.269 0 0
1500 89.4465 3.80876 18.3249 0.558208 0.0650811 409.047 0 0
1500 65.6424 -2.38311 17.8607 0.17736 -0.0354279 409.709 0 0
1500 97.3363 25.7529 18.0081 0.65013 0.372272 409.138 0 0
1500 78.3819 -30.1875 17.8679 0.359661 -0.427523 410.151 0 0
1500 108.848 -15.6776 17.8582 0.797928 -0.237657 409.262 0 0
1500 103.501 32.4432 17.9905 0.731481 0.48978 409.964 0 0
1500 121.552 -13.3266 17.881 1.00463 -0.210554 409.064 0 0
1500 122.795 -12.7653 17.8816 1.03167 -0.173221 408.878 0 0
1500 124.034 3.51322 17.8483 1.04798 0.0246979 409.756 0 0
1500 67.4034 -65.5697 17.7971 0.179476 -1.03268 409.845 0 0
1500 86.6621 -59.2193 17.8044 0.468339 -0.937333 410.272 0 0
1500 87.9562 6.30488 18.1752 0.505559 0.172536 408.894 0 0
1500 75.3606 32.0791 18.2087 0.360816 0.545356 409.598 0 0
1500 106.603 19.4789 17.9484 0.826506 0.274158 409.71 0 0
1500 76.838 49.684 18.0646 0.351499 0.814391 410.296 0 0
1500 57.5866 -45.0217 17.9853 -0.0541245 -0.724961 409.532 0 0
1500 28.842 16.6684 17.9918 -0.497981 0.221032 409.024 0 0
1500 59.6295 -49.7683 17.9187 -0.0352461 -0.789575 409.88 0 0
1500 69.8408 5.69889 17.9492 0.225342 0.161549 409.328 0 0
1500 83.6525 -15.5331 17.9305 0.381516 -0.313303 409.584 0 0
1500 68.2057 6.07209 18.1215 0.216844 0.167312 410.128 0 0
1500 98.6883 -1.52577 18.3439 0.746519 -0.0852586 410.021 0 0
1500 26.1088 -87.8721 17.8944 -0.567027 -1.39211 410.243 0 0
1500 117.899 39.5525 17.8642 1.02748 0.619329 409.401 0 0
1500 30.8939 -27.4212 17.918 -0.50161 -0.426792 410.223 0 0
1500 140.628 18.5349 18.1289 1.43531 0.290432 409.85 0 0
1500 86.7312 75.6779 17.9416 0.554578 1.24881 409.111 0 0
1500 90.4646 12.9904 18.1435 0.606815 0.279743 409.431 0 0
1500 73.9788 -3.44979 18.9925 0.397446 0.00306708 410.468 0 0
1500 80.4526 -13.8608 17.8722 0.38614 -0.208049 410.51 0 0
1500 96.6591 -3.49303 18.4204 0.69697 0.0136032 410.393 0 0
1500 67.0105 -46.7781 17.9196 0.121758 -0.787119 410.465 0 0
1500 76.9625 2.67803 18.312 0.358148 -0.016941 410.805 0 0
1500 60.2401 -4.9315 18.1859 0.102396 -0.128911 410.592 0 0
1500 52.3922 -16.2127 17.8817 -0.127788 -0.271639 410.994 0 0
1500 81.4324 6.27579 17.99 0.419764 0.105787 411.087 0 0
1500 57.7746 -62.7233 17.7975 0.0608437 -0.92835 410.629 0 0
1500 103.91 -59.4854 17.804 0.728918 -0.914339 411.179 0 0
1500 -1.43396 21.3146 17.9191 -0.940233 0.385249 410.832 0 0
1500 14.6378 -6.8238 18.0856 -0.695604 -0.137534 411.202 0 0
1500 77.5549 -10.4689 18.2657 0.33225 -0.232388 411.205 0 0
1500 91.4315 74.8451 17.8237 0.57995 1.22923 410.631 0 0
1500 80.6358 -6.93328 17.8236 0.40628 -0.0535996 411.163 0 0
1500 84.4583 -131.258 17.9307 0.355876 -2.20624 411.095 0 0
1500 54.4199 -235.972 18.0441 -0.064409 -4.15464 410.895 0 0
1500 141.528 -14.1541 18.4377 1.54859 -0.328537 410.793 0 0
1500 65.3005 23.9538 18.5602 0.072088 0.454775 410.966 0 0
1500 65.5127 29.0153 18.2987 0.138112 0.463454 411.232 0 0
1500 85.4353 3.11501 17.8215 0.480314 0.10337 411.302 0 0
1500 136.571 27.7269 17.9245 1.35417 0.433769 411.288 0 0
1500 87.0422 -9.05203 18.0052 0.487928 -0.0979324 411.36 0 0
1500 98.6692 -31.0375 17.8925 0.61141 -0.506281 411.539 0 0
1500 107.997 0.702861 18.0681 0.853007 0.0467601 411.404 0 0
1500 103.614 20.3238 18.068 0.786564 0.343024 411.424 0 0
1500 10.336 -2.66199 17.9524 -0.788557 -0.0477726 411.701 0 0
1500 22.3414 -33.5249 18.0549 -0.600608 -0.633154 411.659 0 0
1500 60.967 6.44986 18.2093 0.0970094 0.155748 411.752 0 0
1500 46.8511 25.2391 17.9442 -0.197305 0.397112 411.943 0 0
1500 101.405 -37.8211 17.8567 0.691875 -0.568462 411.872 0 0
1500 109.03 -33.0541 17.9031 0.881399 -0.480279 411.828 0 0
1500 100.897 36.9331 18.0636 0.73941 0.588949 411.972 0 0
1500 119.803 -34.8473 17.8914 1.01886 -0.55598 412.038 0 0
1500 80.867 60.5451 17.9232 0.368505 0.946575 412.148 0 0
1500 95.5878 31.9638 17.9689 0.59774 0.509471 412.246 0 0
1500 76.8047 -63.2367 17.9071 0.263281 -1.00708 412.532 0 0
1500 40.1308 -20.8764 18.3005 -0.279633 -0.347876 412.512 0 0
1500 109.613 23.5553 17.8531 0.801292 0.433331 412.623 0 0
1500 92.9427 42.6063 17.8532 0.547852 0.723432 412.601 0 0
1500 33.9972 -36.137 18.0811 -0.3869 -0.604018 412.859 0 0
1500 100.815 18.5255 17.9286 0.684457 0.35854 413.018 0 0
1500 91.2915 -2.06053 18.0456 0.555376 0.0434406 412.894 0 0
1500 31.6236 27.4761 17.9425 -0.453691 0.470064 412.949 0 0
1500 50.3971 44.9306 17.8778 -0.0745263 0.758057 413.142 0 0
1500 88.1979 21.6068 17.8282 0.428305 0.403231 412.684 0 0
1500 43.8814 35.7975 17.8251 -0.259875 0.62164 412.917 0 0
1500 74.7842 19.6034 17.9293 0.258264 0.3808 413.091 0 0
1500 68.6136 29.8526 17.8499 0.189062 0.538022 413.048 0 0
1500 59.9542 130.595 17.9937 0.0866563 2.21799 412.704 0 0
1500 112.452 18.114 17.9406 0.909854 0.284172 413.211 0 0
1500 77.559 5.62573 17.9368 0.351143 0.0180144 413.215 0 0
1500 90.1067 3.22214 18.8605 0.608641 0.0808466 413.426 0 0
1500 69.1574 6.03117 18.1972 0.242097 0.133262 413.326 0 0
1500 47.9784 -3.3087 18.022 -0.177898 -0.0803786 413.27 0 0
1500 50.0266 23.9894 18.0011 -0.131003 0.391268 413.539 0 0
1500 106.764 45.5383 17.8826 0.798084 0.678036 413.455 0 0
1500 102.406 22.4041 18.5046 0.798308 0.376461 413.663 0 0
1500 10.0262 45.4444 17.839 -0.779124 0.69919 413.244 0 0
1500 30.5482 59.8213 17.8992 -0.428177 0.952765 413.386 0 0
1500 100.27 45.6924 17.7997 0.686556 0.740676 413.665 0 0
1500 33.8023 42.7543 17.9359 -0.416424 0.699165 413.527 0 0
1500 103.392 3.93994 17.8571 0.777321 0.0626384 413.285 0 0
1500 99.3228 7.82749 17.8752 0.662209 0.04701 413.536 0 0
1500 22.6907 36.6608 17.8054 -0.571603 0.634268 413.546 0 0
1500 63.3428 3.89473 18.0492 0.06357 -0.00185653 413.625 0 0
1500 74.1275 -28.7714 17.9888 0.191753 -0.474927 413.301 0 0
1500 78.202 -16.9385 18.5174 0.363461 -0.417618 413.412 0 0
1500 92.3642 -16.818 18.307 0.599461 -0.24029 413.707 0 0
1500 91.8964 0.883569 18.3088 0.591732 0.0037116 413.864 0 0
1500 84.2881 -14.5073 17.9405 0.448852 -0.199865 414.181 0 0
1500 98.4339 2.3352 17.9354 0.650381 0.035787 413.765 0 0
1500 35.6406 5.23719 18.1957 -0.330864 0.0916732 417.006 0 0
1500 28.0748 -11.1845 17.8737 -0.466281 -0.20578 415.662 0 0
1500 109.245 -8.39188 17.9047 0.7897 -0.165938 415.101 0 0
1500 98.8173 -39.8194 17.9254 0.65145 -0.611599 415.073 0 0
1500 103.01 21.1799 17.935 0.673713 0.365643 415.818 0 0
1500 63.0142 28.1357 17.9452 0.106794 0.45831 416.697 0 0
1500 63.1614 -54.7086 17.9173 0.0584676 -0.844882 415.383 0 0
1500 83.1709 -35.2997 17.9253 0.33939 -0.562426 416.168 0 0
1500 106.94 9.09007 17.9853 0.778712 0.144286 415.904 0 0
1500 -1.60786 -22.702 17.8357 -0.925248 -0.294614 414.804 0 0
1500 49.9316 -8.48355 17.9586 -0.143474 -0.171272 417.81 0 0
1500 73.0404 48.227 17.9284 0.216482 0.74045 418.424 0 0
1500 56.3342 15.8687 18.2189 0.00680482 0.284504 419.826 0 0
1500 109.201 -10.7139 17.811 0.777164 -0.102702 417.412 0 0
1500 36.628 62.0694 17.799 -0.270863 0.984747 413.832 0 0
1500 38.5347 62.2344 17.7992 -0.242452 0.988125 413.772 0 0
1500 86.0133 59.1522 17.7988 0.458924 0.917313 415.547 0 0
1500 85.286 1.01816 17.823 0.430092 0.0635603 418.436 0 0
1500 108.725 39.1595 17.7984 0.809585 0.638966 414.014 0 0
1500 71.7823 5.88397 18.5119 0.313322 0.139831 419.494 0 0
1500 -3.72015 -24.6919 17.8012 -0.944163 -0.43992 414.433 0 0
1500 57.4101 29.8901 17.9387 0.0179666 0.486102 419.263 0 0
1500 97.3095 52.3032 17.916 0.598894 0.831611 416.492 0 0
1500 72.4955 -4.50563 17.9438 0.227633 0.00527287 419.641 0 0
1500 108.018 28.8269 18.0296 0.793506 0.506117 414.45 0 0
1500 95.2592 -31.4982 17.9188 0.607106 -0.45697 418.576 0 0
1500 26.4161 16.5034 17.9457 -0.485398 0.273705 419.437 0 0
1500 76.7657 16.1713 17.8892 0.301077 0.287598 419.564 0 0
1500 91.3745 43.5823 17.8735 0.515698 0.684683 418.145 0 0
1500 116.684 31.4306 17.8635 0.903154 0.526504 416.112 0 0
1500 80.6979 -18.3928 18.035 0.35318 -0.323759 420.164 0 0
1500 107.292 43.1473 17.8686 0.773676 0.686622 416.676 0 0
1500 115.853 6.20815 17.8763 0.879869 0.143451 418.152 0 0
1500 78.9495 -55.0258 17.8627 0.336567 -0.881613 416.118 0 0
1500 94.9652 51.3642 17.798 0.528248 0.846072 414.6 0 0
1500 79.1091 62.6041 17.7954 0.285424 1.00331 415.419 0 0
1500 46.5206 45.9626 17.8224 -0.200808 0.714468 418.759 0 0
1500 99.7686 53.0662 17.8077 0.58424 0.857227 415.324 0 0
1500 77.5641 62.0242 17.8101 0.245873 0.964727 417.149 0 0
1500 43.9228 50.0478 17.8194 -0.238748 0.775857 418.455 0 0
1500 20.4857 51.0891 17.8083 -0.602157 0.830691 415.083 0 0
1500 47.0739 49.2591 17.8205 -0.193473 0.763377 418.568 0 0
1500 80.6242 39.9924 18.2885 0.439588 0.661682 415.227 0 0
1500 96.3578 -27.5203 17.8675 0.669347 -0.43555 413.757 0 0
1500 99.6281 -0.609504 18.483 0.776537 0.00523819 416.114 0 0
1500 64.8329 -50.8802 17.9198 0.149884 -0.843044 414.602 0 0
1500 119.993 -23.3069 17.9107 0.946702 -0.404527 417.609 0 0
1500 90.2761 -53.1971 17.9117 0.527683 -0.86241 415.814 0 0
1500 95.4919 -35.667 17.922 0.574606 -0.569437 419.431 0 0
1500 34.279 -17.3189 18.0435 -0.346773 -0.296321 421.15 0 0
1500 82.272 -11.1605 18.0443 0.355442 -0.234233 413.942 0 0
1500 9.37332 -9.43751 17.8614 -0.7552 -0.155609 420.124 0 0
1500 -4.69623 -21.4299 17.8473 -0.990943 -0.338179 417.571 0 0
1500 47.4735 -1.82811 18.0155 -0.173332 -0.0989676 414.165 0 0
1500 79.118 -55.6487 17.9244 0.369222 -0.916179 415.359 0 0
1500 32.1755 11.6744 17.9829 -0.448282 0.142404 414.666 0 0
1500 52.8976 -6.57037 18.6229 -0.0461434 -0.111287 416.745 0 0
1500 28.2875 57.7733 17.7978 -0.425397 0.914608 418.834 0 0
1500 3.95815 35.558 17.7998 -0.775631 0.587122 419.24 0 0
1500 118.101 20.6543 17.7945 0.97258 0.319867 417.131 0 0
1500 19.3498 48.1577 17.7963 -0.650501 0.768287 416.917 0 0
1500 92.3021 -6.2126 18.197 0.583274 -0.169279 416.713 0 0
1500 72.6849 -42.5839 18.1908 0.282707 -0.716715 417.234 0 0
1500 102.921 11.0435 17.9816 0.744807 0.2337 416.504 0 0
1500 105.548 29.5997 17.9746 0.77563 0.51078 417.287 0 0
1500 106.376 -21.0781 17.8455 0.733556 -0.399041 416.31 0 0
1500 96.5347 -9.89871 18.3826 0.711192 -0.230678 414.144 0 0
1500 -6.54664 16.9257 17.8313 -1.02315 0.216618 418.768 0 0
1500 34.5115 7.80286 17.8564 -0.434294 0.0852362 415.532 0 0
1500 7.33856 45.1124 17.8317 -0.820109 0.637654 418.509 0 0
1500 48.0692 -56.4504 17.8862 -0.171121 -0.924661 417.676 0 0
1500 105.641 -42.787 17.9629 0.766257 -0.726867 417.113 0 0
1500 53.9375 -0.617724 17.9627 -0.0475233 0.0685567 415.774 0 0
1500 51.6818 -19.2554 17.9758 -0.0474098 -0.368858 416.307 0 0
1500 82.8262 -58.4032 17.9521 0.405133 -0.907468 421.198 0 0
1500 4.66535 38.8539 17.8068 -0.808548 0.674934 416.674 0 0
1500 109.038 -41.3352 17.8439 0.811585 -0.646725 420.439 0 0
1500 46.7241 -45.5523 17.8582 -0.106976 -0.744295 417.161 0 0
1500 107.042 2.99775 17.8553 0.818351 0.00327037 417.436 0 0
1500 62.2479 -21.0397 17.8697 0.133852 -0.371821 416.293 0 0
1500 78.0154 -53.6777 17.8496 0.36957 -0.857163 418.089 0 0
1500 109.359 -34.6674 17.8456 0.83648 -0.56256 418.792 0 0
1500 68.3673 -65.9027 17.8435 0.218392 -1.02074 419.51 0 0
1500 103.46 27.3838 17.8538 0.761668 0.376325 417.586 0 0
1500 56.738 -17.9989 17.871 0.0479248 -0.32481 416.205 0 0
1500 120.159 4.76802 18.0666 1.02009 0.0434142 419.916 0 0
1500 78.13 -0.51056 18.4297 0.457682 -0.00251753 418.685 0 0
1500 86.369 38.3153 17.8724 0.445106 0.664223 417.599 0 0
1500 87.1368 -42.7256 18.0896 0.499798 -0.714163 418.819 0 0
1500 1.8339 19.5183 17.8144 -0.915405 0.369649 416.91 0 0
1500 105.16 -23.8775 17.9956 0.737121 -0.437894 418.488 0 0
1500 110.027 -15.0453 18.1557 0.872654 -0.278862 419.59 0 0
1500 95.1327 31.5537 18.387 0.68009 0.517143 420.137 0 0
1500 89.8267 -47.737 18.0612 0.546061 -0.778554 419.585 0 0
1500 52.7975 -74.4578 17.936 -0.141285 -1.18997 417.028 0 0
1500 113.598 -32.9465 17.9166 0.880992 -0.548968 420.265 0 0
1500 97.1443 10.2821 18.5166 0.736527 0.186611 420.362 0 0
1500 123.865 0.997103 17.8525 1.04489 0.0274217 420.91 0 0
1500 22.6347 -57.6349 17.8203 -0.495108 -0.922944 420.348 0 0
1500 101.007 -35.0076 17.9725 0.737657 -0.55722 419.222 0 0
1500 44.9203 -44.9243 17.8333 -0.197782 -0.767762 418.096 0 0
1500 23.5102 34.4479 17.9197 -0.532114 0.614974 417.5 0 0
1500 36.8891 -8.49658 18.0149 -0.372927 -0.0962097 418.057 0 0
1500 30.1241 -30.4293 17.9915 -0.408401 -0.54345 418.901 0 0
1500 83.4883 -10.6541 17.9212 0.445462 -0.231807 418.287 0 0
1500 93.5471 -21.2451 17.914 0.596397 -0.392743 418.839 0 0
1500 89.1607 -25.1815 17.9644 0.5039 -0.46312 419.019 0 0
1500 82.3074 25.9116 18.3269 0.397886 0.458312 420.23 0 0
1500 -12.0863 -26.128 17.8969 -1.08687 -0.457934 420.419 0 0
1500 68.761 -0.998561 18.0826 0.257758 -0.0643724 418.908 0 0
1500 141.335 12.0476 18.0815 1.47847 0.240732 414.274 0 0
1500 80.0494 25.5984 17.9835 0.346943 0.470635 419.297 0 0
1500 41.1951 44.4361 17.9755 -0.249268 0.75316 419.968 0 0
1500 62.9378 54.3615 17.9704 0.0817032 0.897086 420.514 0 0
1500 91.3181 53.2504 17.887 0.479548 0.869481 421.088 0 0
1500 92.7691 49.9255 17.9662 0.533028 0.823089 421.428 0 0
1500 77.5197 4.90127 18.5007 0.416481 0.140228 421.292 0 0
1500 133.003 -4.85771 17.9291 1.27276 -0.0308061 417.238 0 0
1500 69.5972 34.8633 18.1779 0.274923 0.584217 420.857 0 0
1500 126.218 -18.445 17.8528 1.06166 -0.36597 419.131 0 0
1500 103.862 -14.19 18.0167 0.775767 -0.268162 420.992 0 0
1500 73.4564 -25.1401 18.484 0.291762 -0.494815 415.189 0 0
1500 101.254 27.1418 18.0184 0.687245 0.487049 421.205 0 0
1500 89.7767 -0.122431 18.2177 0.546508 0.0732638 420.965 0 0
1500 33.8174 -26.4467 17.8829 -0.443742 -0.387569 419.812 0 0
1500 72.5355 -42.7563 17.958 0.17935 -0.743598 417.22 0 0
1500 116.384 23.1363 17.8683 0.988381 0.325102 419.243 0 0
1500 -33.5649 20.8497 18.0163 -1.52499 0.35006 419.289 0 0
1500 37.0932 11.4307 18.2077 -0.393261 0.284114 415.869 0 0
1500 109.868 31.4352 18.6872 1.01755 0.615338 417.795 0 0
1500 99.8368 -54.5175 17.9454 0.703024 -0.988201 420.157 0 0
1500 -10.9393 231.454 17.8947 -1.1758 3.86754 421.097 0 0
1500 89.1449 -14.1119 18.0027 0.612613 -0.212492 418.549 0 0
1500 128.44 -22.7962 18.0077 1.23859 -0.327112 421.11 0 0
1500 78.2444 -31.4401 18.1671 0.38106 -0.660029 415.682 0 0
1500 125.682 -46.9944 18.5319 1.31352 -0.947757 420.271 0 0
1500 13.6681 -18.2728 17.8461 -0.691108 -0.292608 421.871 0 0
1500 110.363 16.0298 17.8547 0.808424 0.188879 422.345 0 0
1500 19.4563 16.5284 17.9348 -0.592529 0.265295 423.396 0 0
1500 101.453 7.19331 17.8135 0.668614 0.0593288 423.18 0 0
1500 84.0553 -36.8624 17.9325 0.420541 -0.576902 423.79 0 0
1500 94.6308 7.10758 17.8679 0.582928 0.0716293 423.962 0 0
1500 90.0971 8.90985 17.9881 0.530285 0.097601 424.564 0 0
1500 114.321 -29.8852 17.9679 0.898857 -0.459626 422.149 0 0
1500 71.7412 0.439405 18.1569 0.289433 -0.021944 425.675 0 0
1500 -6.32458 -10.4931 17.8162 -1.00325 -0.191326 421.881 0 0
1500 16.0706 -16.0154 17.8314 -0.655977 -0.26392 423.977 0 0
1500 84.4534 -2.38937 17.9433 0.410107 -0.0966037 425.305 0 0
1500 47.4164 -12.3199 18.0023 -0.129442 -0.240223 425.805 0 0
1500 87.0586 -20.4772 17.9958 0.423258 -0.355762 425.32 0 0
1500 122.184 -13.2513 17.8965 1.02112 -0.208865 422.088 0 0
1500 123.704 1.84725 17.8962 1.04707 0.0122955 421.848 0 0
1500 62.4331 -54.0634 17.9087 0.108972 -0.830095 424.12 0 0
1500 85.1686 -0.709569 17.9439 0.445106 -0.0541342 425.571 0 0
1500 80.0199 -58.7278 17.8338 0.358436 -0.893999 424.075 0 0
1500 86.5473 -2.20058 17.9064 0.490309 -0.0339107 424.465 0 0
1500 79.9553 2.78732 18.7142 0.429987 -0.022337 429.32 0 0
1500 43.9951 90.6888 17.8138 -0.284479 1.37131 421.613 0 0
1500 65.135 -17.0722 17.9775 0.1804 -0.251163 427.24 0 0
1500 88.2357 25.8445 18.6067 0.54815 0.450629 423.495 0 0
1500 103.446 18.2977 18.2075 0.744643 0.348995 421.842 0 0
1500 118.056 4.95508 18.0529 0.996022 0.0584013 422.744 0 0
1500 89.7463 -68.911 17.8422 0.45462 -1.11196 421.717 0 0
1500 56.057 52.0512 17.9635 0.00111256 0.867023 421.646 0 0
1500 103.075 48.2138 17.9339 0.700237 0.772746 424.484 0 0
1500 110.417 20.6318 17.916 0.876669 0.287564 422.27 0 0
1500 111.82 21.6625 18.0193 0.895614 0.362803 423.023 0 0
1500 96.878 40.9119 18.0208 0.674118 0.653223 422.8 0 0
1500 4.31937 38.9028 17.8677 -0.866728 0.574813 423.998 0 0
1500 60.6953 17.294 18.5754 0.128995 0.30027 430.971 0 0
1500 119.351 12.1814 18.0723 1.00776 0.2041 424.554 0 0
1500 97.8783 19.1471 18.046 0.650663 0.29211 428.143 0 0
1500 68.0019 25.5161 17.8639 0.179308 0.417253 428.133 0 0
1500 38.2378 13.7193 17.8811 -0.334717 0.224189 428.35 0 0
1500 33.995 10.8652 17.8929 -0.387808 0.188389 429.085 0 0
1500 78.2684 -19.3206 18.0023 0.387571 -0.349124 422.614 0 0
1500 21.7471 -45.8948 18.0183 -0.565252 -0.749278 423.904 0 0
1500 65.7957 -22.5957 18.0387 0.0892015 -0.368429 429.458 0 0
1500 37.8785 -33.5186 17.9317 -0.267031 -0.540524 428.671 0 0
1500 85.0106 -50.1945 17.9174 0.424923 -0.834246 423.577 0 0
1500 51.3936 -58.6349 17.916 -0.0830192 -0.958837 423.784 0 0
1500 68.2663 -50.4537 17.9239 0.161147 -0.786227 427.947 0 0
1500 93.468 55.938 17.8003 0.582522 0.85492 425.601 0 0
1500 90.6676 -57.5797 17.8315 0.478772 -0.929278 425.017 0 0
1500 53.6044 -33.111 17.8539 -0.0679987 -0.535631 428.806 0 0
1500 55.7648 6.37875 18.4624 0.039559 0.153768 431.681 0 0
1500 21.7551 9.60335 17.9166 -0.58221 0.218495 422.488 0 0
1500 9.51411 -17.3475 18.0562 -0.780975 -0.309979 422.765 0 0
1500 57.0674 -52.1387 17.8525 -0.028203 -0.804235 428.707 0 0
1500 69.8067 -12.7415 18.863 0.327675 -0.215295 433.18 0 0
1500 120.73 -25.9116 17.8936 1.0329 -0.350144 423.032 0 0
1500 91.3079 -27.653 18.5012 0.645221 -0.448016 425.716 0 0
1500 41.3374 -27.1708 17.9599 -0.239464 -0.446325 429.824 0 0
1500 102.285 -47.6722 17.8988 0.731614 -0.742332 425.689 0 0
1500 93.4391 22.9956 17.9155 0.623297 0.317139 423.216 0 0
1500 95.7246 -29.691 17.9105 0.653914 -0.490393 423.67 0 0
1500 119.99 5.747 17.903 0.965845 0.0483388 427.664 0 0
1500 108.306 11.8907 17.9087 0.843803 0.144783 423.858 0 0
1500 91.8471 -45.8542 17.9046 0.588458 -0.729781 424.357 0 0
1500 57.5374 -67.6585 17.8011 0.0519178 -1.04612 425.597 0 0
1500 111.611 40.4828 17.8021 0.862174 0.564635 425.037 0 0
1500 86.7948 14.0788 18.5396 0.516752 0.245668 432.02 0 0
1500 46.989 -11.9221 18.1725 -0.166487 -0.256648 422.341 0 0
1500 67.2291 -19.7967 17.8719 0.177822 -0.380383 422.928 0 0
1500 103.452 -24.5361 18.0566 0.718475 -0.395519 429.77 0 0
1500 117.642 9.60598 17.8345 0.964461 0.11236 425.484 0 0
1500 113.038 20.9145 17.8381 0.860344 0.271079 428.195 0 0
1500 88.8547 -6.84579 17.8519 0.549521 -0.138942 423.401 0 0
1500 95.7829 -34.0525 17.8432 0.605683 -0.516837 428.856 0 0
1500 104.158 -26.7441 17.8389 0.771109 -0.438438 424.702 0 0
1500 97.6536 32.2978 17.9117 0.643138 0.484553 428.955 0 0
1500 92.6274 -51.4909 17.8555 0.594471 -0.802339 425.418 0 0
1500 101.718 -5.00885 17.8675 0.748075 -0.105668 423.917 0 0
1500 91.0633 -22.1437 17.9137 0.571041 -0.397686 423.983 0 0
1500 38.2456 14.9784 18.1924 -0.327755 0.254461 424.442 0 0
1500 127.475 6.3309 18.1193 1.19212 0.166735 421.664 0 0
1500 13.9904 -8.73337 17.942 -0.732597 -0.159438 424.659 0 0
1500 -2.82977 -18.5627 17.9292 -0.965407 -0.302259 426.346 0 0
1500 62.241 60.6794 17.9294 0.0567965 0.983046 426.15 0 0
1500 81.7709 60.1385 18.0862 0.355797 1.00611 423.397 0 0
1500 27.7447 -3.85099 18.0291 -0.517955 -0.0642707 424.608 0 0
1500 93.1777 19.1382 18.6066 0.610211 0.367228 423.653 0 0
1500 40.995 -120.061 17.8224 -0.212151 -1.94111 423.281 0 0
1500 87.5238 27.7204 18.2287 0.572307 0.433768 426.039 0 0
1500 114.589 -1.02975 18.2174 0.962447 -0.000374892 427.317 0 0
1500 103.391 14.2308 18.2236 0.805983 0.228386 426.526 0 0
1500 118.549 -18.7083 17.8954 0.950765 -0.244906 429.134 0 0
1500 88.0494 30.4822 17.8297 0.410265 0.500447 430.705 0 0
1500 96.7204 54.2291 17.8109 0.561067 0.88045 427.149 0 0
1500 59.699 -1.28151 18.752 0.072233 -0.0164873 427.239 0 0
1500 87.2149 43.7466 18.4249 0.542208 0.772849 423.187 0 0
1500 33.5838 -30.6637 17.9787 -0.357173 -0.548136 425.233 0 0
1500 45.4223 -64.1672 17.9606 -0.168791 -1.02406 427.711 0 0
1500 113.942 27.9943 18.0656 1.00262 0.444921 422.431 0 0
1500 100.858 -15.6271 17.8967 0.742137 -0.195374 423.638 0 0
1500 120.776 9.6108 17.876 0.987514 0.128526 429.509 0 0
1500 103.132 -28.5326 17.8816 0.768958 -0.445591 426.181 0 0
1500 73.7653 15.8644 18.1695 0.35654 0.271047 425.93 0 0
1500 85.6112 -7.42977 17.8466 0.4447 -0.144977 432.115 0 0
1500 74.2367 -56.0624 18.0289 0.338473 -0.959229 423.01 0 0
1500 86.2603 147.185 17.9077 0.528041 2.4113 423.367 0 0
1500 120.487 9.15236 17.9005 0.989744 0.197312 428.112 0 0
1500 93.5419 25.1887 17.8975 0.563552 0.399971 432.215 0 0
1500 78.9403 35.0117 17.8993 0.356703 0.537471 432.365 0 0
1500 77.3655 45.7435 17.8916 0.363084 0.747418 426.78 0 0
1500 -81.9135 22.083 17.8281 -2.18089 0.285114 427.335 0 0
1500 87.1682 27.9828 17.8444 0.508587 0.484306 426.664 0 0
1500 119.568 24.4437 17.8275 0.963267 0.41003 429.755 0 0
1500 77.3062 4.85793 18.1748 0.379421 0.00802318 427.088 0 0
1500 91.685 -38.4594 17.9923 0.54386 -0.707743 423.434 0 0
1500 83.0543 -44.7728 17.8881 0.466628 -0.688228 427.652 0 0
1500 78.7931 -37.9064 17.8932 0.404403 -0.587496 427.179 0 0
1500 55.7262 -24.6114 18.253 -0.0558467 -0.380347 427.76 0 0
1500 66.8776 -15.8423 18.0059 0.224968 -0.285954 426.988 0 0
1500 113.997 -14.7323 17.912 0.882361 -0.220222 432.369 0 0
1500 5.90699 -3.58962 17.87 -0.842894 -0.115687 427.646 0 0
1500 66.7491 8.75141 18.3715 0.240832 0.143143 437.039 0 0
1500 72.5372 60.4254 17.8651 0.245495 0.978211 429.346 0 0
1500 96.0019 23.1585 17.8779 0.612705 0.429747 427.696 0 0
1500 60.4524 49.4524 17.8742 0.0654649 0.829744 428.048 0 0
1500 -4.16093 15.9623 17.827 -0.970293 0.206022 431.602 0 0
1500 21.0059 -16.4393 17.843 -0.588546 -0.257231 433.518 0 0
1500 -4.18682 15.408 17.8271 -0.970429 0.197926 431.619 0 0
1500 108.458 12.9553 17.8369 0.740078 0.251953 433.034 0 0
1500 13.4278 26.6379 17.8353 -0.660413 0.481898 427.892 0 0
1500 59.8132 62.2621 17.8255 0.0506337 1.0076 429.263 0 0
1500 112.817 38.8818 18.0023 0.959959 0.607536 426.441 0 0
1500 80.4168 -24.9953 18.57 0.417743 -0.445253 430.151 0 0
1500 36.2112 -60.911 17.8565 -0.373179 -0.962241 429.985 0 0
1500 -4.53934 15.107 17.8582 -0.987974 0.173363 429.533 0 0
1500 -5.78949 9.743 17.8578 -1.00547 0.0926517 429.618 0 0
1500 109.17 4.05637 17.9079 0.873203 -0.00870495 423.742 0 0
1500 110.428 13.8231 17.9115 0.824676 0.17881 433.368 0 0
1500 68.6154 -46.8488 17.7987 0.171382 -0.744487 432.429 0 0
1500 21.8966 -45.0591 17.7927 -0.512741 -0.733163 431.058 0 0
1500 75.1026 -51.181 17.7944 0.267999 -0.816211 431.645 0 0
1500 84.5277 -26.0232 17.853 0.47706 -0.445271 427.806 0 0
1500 94.256 -16.7629 17.8514 0.62644 -0.301279 427.935 0 0
1500 57.9763 -66.779 17.8347 0.0634828 -1.03633 430.299 0 0
1500 87.7495 -36.5511 17.8471 0.522798 -0.603495 428.319 0 0
1500 123.758 -7.75112 17.8347 1.02784 -0.153859 431.367 0 0
1500 123.469 -24.3913 17.8902 1.12754 -0.351066 425.236 0 0
1500 34.1516 50.4142 17.8074 -0.436991 0.737186 428.747 0 0
1500 117.374 -19.6256 17.8402 0.936847 -0.316235 432.169 0 0
1500 119.472 11.9734 17.8599 0.965244 0.165697 432.916 0 0
1500 -48.5463 66.4494 17.9162 -1.70716 1.12423 427.064 0 0
1500 95.9226 5.75005 17.9829 0.579869 0.133462 436.434 0 0
1500 74.1736 39.47 17.982 0.233963 0.624233 435.103 0 0
1500 95.0649 9.19434 18.1848 0.600454 0.215162 429.825 0 0
1500 123.754 8.15741 17.8126 1 0.0613255 432.997 0 0
1500 109.056 -0.179008 17.9254 0.834816 0.0595913 430.053 0 0
1500 111.313 38.7237 17.9145 0.834625 0.626869 432.772 0 0
1500 71.7502 18.4521 17.9405 0.24317 0.314337 436.182 0 0
1500 85.3305 -56.1913 17.831 0.431283 -0.877243 433.544 0 0
1500 73.2882 -15.2057 17.854 0.248343 -0.274221 435.914 0 0
1500 161.67 40.8462 17.8428 1.67785 0.711068 427.876 0 0
1500 47.6688 -14.688 17.9163 -0.167927 -0.30508 428.784 0 0
1500 72.9034 -28.0374 17.911 0.22397 -0.510189 429.146 0 0
1500 93.185 -40.7273 17.8984 0.529013 -0.694739 430.266 0 0
1500 151.123 -3.80401 17.8382 1.48255 -0.0666826 431.102 0 0
1500 100.025 -27.6064 17.8858 0.706006 -0.376036 431.336 0 0
1500 25.9979 -59.6425 18.0284 -0.488048 -1.00779 429.485 0 0
1500 98.1272 -26.2531 17.8288 0.633618 -0.424471 434.789 0 0
1500 48.0392 27.8437 17.9368 -0.16426 0.505216 430.033 0 0
1500 69.4105 15.5275 17.9229 0.112817 0.263676 429.589 0 0
1500 42.9754 30.7242 17.9159 -0.297129 0.496887 430.072 0 0
1500 54.7078 27.1961 18.1567 -0.0841175 0.410663 430.981 0 0
1500 50.9741 60.4462 17.8464 -0.153832 0.968422 432.072 0 0
1500 18.3673 40.9014 17.8487 -0.649435 0.677129 431.713 0 0
1500 114.678 42.3611 17.8765 0.8739 0.680791 434.263 0 0
1500 27.9711 43.6495 17.8449 -0.415734 0.732053 431.129 0 0
1500 41.5915 50.0255 18.0453 -0.227232 0.831326 431.994 0 0
1500 40.097 30.0585 18.0561 -0.253542 0.537407 431.024 0 0
1500 86.0989 -20.6967 17.9069 0.471552 -0.282887 437.127 0 0
1500 85.5788 6.39488 17.9077 0.513393 0.107467 430.305 0 0
1500 101.504 -46.7907 17.8301 0.725574 -0.675375 432.211 0 0
1500 99.8894 14.4539 17.8739 0.634725 0.263317 436.968 0 0
1500 63.0595 63.0132 17.8584 0.121296 1.00724 432.906 0 0
1500 91.0074 51.9325 17.8591 0.541552 0.843204 432.743 0 0
1500 56.671 40.5161 17.876 0.024007 0.629944 437.15 0 0
1500 30.1378 -53.6143 17.8298 -0.499983 -0.796393 431.454 0 0
1500 78.6103 -2.43563 18.0073 0.380342 -0.104208 430.824 0 0
1500 112.228 -20.4602 17.9865 0.874674 -0.372141 432.753 0 0
1500 70.5332 -14.62 17.9642 0.276847 -0.266904 430.718 0 0
1500 91.9802 20.5384 17.9781 0.566922 0.387092 431.557 0 0
1500 85.1608 49.208 17.9671 0.454343 0.812876 432.694 0 0
1500 84.6034 34.8202 17.9753 0.45209 0.604089 431.791 0 0
1500 89.5088 26.558 17.9793 0.483584 0.43831 437.676 0 0
1500 57.2848 -0.305046 17.8384 0.054964 -0.0221713 438.467 0 0
1500 114.335 17.7125 17.8776 0.937314 0.361346 428.583 0 0
1500 65.4212 -47.942 17.8499 0.0983162 -0.751205 437.181 0 0
1500 100.649 -51.5291 17.8353 0.625647 -0.838495 434.127 0 0
1500 63.0129 -31.4355 17.8568 0.0701555 -0.565461 431.124 0 0
1500 1.96938 -37.2659 17.8352 -0.838571 -0.626465 434.163 0 0
1500 3.87261 -21.7229 17.842 -0.830465 -0.405722 432.529 0 0
1500 71.3387 -64.4808 17.8352 0.190413 -1.0297 434.195 0 0
1500 40.9407 -25.1484 17.8577 -0.273002 -0.468247 431.062 0 0
1500 126.596 21.8318 17.8782 1.16263 0.315662 429.838 0 0
1500 3.12326 8.05685 17.9828 -0.885325 0.116195 433.148 0 0
1500 39.8878 -50.1697 17.8157 -0.211766 -0.795734 433.913 0 0
1500 49.2327 -64.6096 17.7978 -0.145514 -1.03516 434.538 0 0
1500 86.2669 -60.3842 17.7977 0.403667 -0.967383 434.877 0 0
1500 58.6119 -26.1596 17.8231 -0.00558093 -0.436817 438.545 0 0
1500 89.5332 -57.5472 17.7982 0.455925 -0.933325 434.302 0 0
1500 49.6402 -27.7108 17.8206 -0.146072 -0.509034 431.492 0 0
1500 19.7881 -38.6384 17.806 -0.599256 -0.665806 432.802 0 0
1500 71.7423 -56.7418 17.8028 0.193299 -0.936357 433.225 0 0
1500 85.8215 -49.4873 17.9591 0.50168 -0.894814 427.673 0 0
1500 67.3723 56.007 18.0076 0.118527 0.903915 433.852 0 0
1500 62.6608 9.16209 18.0476 0.136018 0.176211 439.981 0 0
1500 46.9328 -24.091 17.8401 -0.151114 -0.412895 438.188 0 0
1500 58.0978 -11.6934 17.993 -0.0566209 -0.17497 432.108 0 0
1500 21.0772 -0.420348 17.983 -0.625604 0.000317795 432.794 0 0
1500 30.1973 -3.10345 17.9885 -0.439223 -0.0370748 439.61 0 0
1500 91.1006 -65.9956 17.8824 0.505074 -1.15445 428.972 0 0
1500 42.944 23.7828 17.8743 -0.287025 0.422742 432.411 0 0
1500 55.85 7.26133 18.5849 0.0284849 0.173639 434.665 0 0
1500 70.9123 5.26065 18.2098 0.284161 0.0451348 441.153 0 0
1500 85.9805 -14.8122 17.8996 0.46281 -0.179961 439.851 0 0
1500 85.4808 -33.4888 18.1164 0.496057 -0.5712 434.479 0 0
1500 92.0054 8.63702 18.2534 0.644372 0.116629 434.838 0 0
1500 77.3343 44.2359 18.0029 0.30568 0.835809 427.416 0 0
1500 102.262 38.9059 17.8365 0.747834 0.583871 434.697 0 0
1500 67.6861 -0.138165 17.8602 0.230814 -0.00851936 432.601 0 0
1500 74.7108 -33.9738 17.8525 0.306403 -0.484088 439.777 0 0
1500 108.538 18.3009 18.0373 0.847579 0.322621 435.188 0 0
1500 82.7975 31.6118 18.0463 0.4663 0.53036 434.278 0 0
1500 109.502 33.4442 18.0319 0.850587 0.543332 436.087 0 0
1500 87.1586 -14.0809 18.2907 0.564029 -0.255186 435.005 0 0
1500 -1.47789 70.9089 17.8004 -0.946405 1.1085 436.025 0 0
1500 49.4028 4.36478 18.0925 -0.234394 0.0787337 426.331 0 0
1500 53.2342 -0.7488 18.357 -0.0448427 -0.0755902 434.732 0 0
1500 49.509 -0.123201 18.3568 -0.101573 -0.0660479 434.744 0 0
1500 89.9745 36.7673 17.9604 0.508596 0.636584 434.723 0 0
1500 133.812 35.1949 17.8266 1.17334 0.51729 438.109 0 0
1500 93.2128 -1.83617 18.3859 0.613233 -0.0506826 442.24 0 0
1500 55.3571 -44.4249 17.8155 -0.0518383 -0.730266 436.928 0 0
1500 55.85 -42.2562 17.8165 -0.0450495 -0.706069 436.172 0 0
1500 85.9848 -23.1813 17.8299 0.509408 -0.347766 433.749 0 0
1500 42.6485 -30.3619 17.9016 -0.304112 -0.446617 433.849 0 0
1500 47.5831 77.8227 17.9308 -0.236234 1.3098 430.814 0 0
1500 75.6355 -7.61898 18.3479 0.338511 -0.166094 441.932 0 0
1500 3.72481 -19.7758 17.8936 -0.940788 -0.282433 431.838 0 0
1500 88.9457 -36.7177 18.2207 0.541054 -0.717818 427.646 0 0
1500 102.653 1.0637 17.8339 0.764345 0.0216423 434.608 0 0
1500 32.4617 35.5656 17.8348 -0.425844 0.534755 440.359 0 0
1500 0.689987 18.6059 17.823 -0.892163 0.30022 439.05 0 0
1500 67.6699 -43.444 17.9156 0.226699 -0.703393 435.011 0 0
1500 123.019 -4.04552 17.9015 1.02023 -0.0931354 438.619 0 0
1500 83.5317 19.4116 18.8029 0.47757 0.354214 438.023 0 0
1500 105.449 -16.3094 18.0537 0.822212 -0.246233 436.279 0 0
1500 27.9695 53.4712 17.8389 -0.524234 0.828704 436.597 0 0
1500 -5.45021 7.95488 17.8362 -1.01911 0.140168 437.227 0 0
1500 27.8342 59.232 17.8367 -0.50859 0.88491 438.901 0 0
1500 94.903 -4.27979 18.2783 0.683917 -0.0324231 436.791 0 0
1500 43.0677 42.3683 17.9872 -0.270743 0.69181 435.932 0 0
1500 51.1672 -24.1769 17.8603 -0.0392946 -0.414497 436.146 0 0
1500 126.458 15.2037 17.8779 1.10872 0.2561 437.053 0 0
1500 120.903 1.0094 17.7977 1.01691 0.0208247 437.227 0 0
1500 114.633 -33.354 17.9759 0.892908 -0.544601 439.367 0 0
1500 75.6883 -44.5429 17.8839 0.260114 -0.704194 441.387 0 0
1500 116.259 21.569 17.8446 0.951305 0.303165 437.642 0 0
1500 120.987 17.1313 17.8436 0.98989 0.228853 439.828 0 0
1500 105.669 -21.5601 17.8018 0.773147 -0.390919 436.475 0 0
1500 110.333 -25.7791 17.7975 0.837507 -0.451735 437.028 0 0
1500 36.7357 -51.3523 17.8006 -0.282517 -0.845585 436.617 0 0
1500 124.88 -53.6224 18.0934 1.18156 -0.889157 433.283 0 0
1500 93.4778 -7.34331 18.134 0.629415 -0.169883 436.985 0 0
1500 156.928 36.6075 18.0889 1.70192 0.654663 432.453 0 0
1500 5.02583 30.8589 17.8753 -0.82031 0.477986 440.827 0 0
1500 -7.84666 -0.729358 17.8716 -1.01629 0.0234787 440.099 0 0
1500 85.4858 51.7694 17.836 0.493276 0.797799 437.233 0 0
1500 71.4828 49.8488 17.8416 0.283433 0.776292 436.583 0 0
1500 50.3405 -1.73555 17.8462 -0.155009 0.0273008 443.092 0 0
1500 3.77421 8.44169 17.827 -0.824245 0.173411 441.455 0 0
1500 38.4032 49.7796 17.8247 -0.351792 0.816583 436.975 0 0
1500 15.7703 39.8864 17.8212 -0.692459 0.660744 437.446 0 0
1500 33.1991 -30.023 17.8368 -0.438695 -0.409075 435.867 0 0
1500 12.5762 47.338 17.8161 -0.724654 0.756774 438.924 0 0
1500 5.44833 -6.08193 17.8262 -0.857325 -0.0366224 436.803 0 0
1500 19.0248 40.7697 17.8224 -0.644846 0.675955 437.269 0 0
1500 65.8249 57.1032 17.8255 0.0628534 0.871135 441.282 0 0
1500 74.6165 -58.545 17.8641 0.276959 -0.952959 438.586 0 0
1500 119.629 -27.0794 17.8614 0.929775 -0.467145 440.338 0 0
1500 106.898 -43.9254 17.8623 0.739374 -0.710522 440.685 0 0
1500 99.0277 -18.1544 17.8785 0.604797 -0.324003 442.926 0 0
1500 92.562 20.0524 18.0219 0.575292 0.289449 443.606 0 0
1500 73.6705 -64.0972 17.7935 0.263092 -1.01464 439.764 0 0
1500 53.2904 -66.321 17.7938 -0.0385503 -1.04208 440.121 0 0
1500 121.05 3.0449 17.7971 0.985162 -0.0206382 438.371 0 0
1500 2.45073 -35.7991 17.8758 -0.843422 -0.582399 441.136 0 0
1500 23.9716 -52.475 17.8788 -0.524623 -0.817428 441.808 0 0
1500 104.88 -25.9911 17.9856 0.719935 -0.469224 438.447 0 0
1500 50.8995 -57.3357 17.8167 -0.105783 -0.945973 438.569 0 0
1500 125.771 33.2674 17.9468 1.15782 0.504403 436.103 0 0
1500 75.6534 62.6823 17.8741 0.305419 0.995724 440.125 0 0
1500 79.2932 2.3957 18.1412 0.380691 0.0794529 445.356 0 0
1500 52.0458 -10.8713 17.8976 -0.0647119 -0.251123 434.507 0 0
1500 87.9858 -24.2153 18.2084 0.565738 -0.40376 439.419 0 0
1500 100.386 -11.5531 18.205 0.748536 -0.21201 439.766 0 0
1500 97.4893 -26.1652 17.9933 0.627866 -0.515046 432.355 0 0
1500 133.454 21.0437 17.9422 1.29017 0.305769 435.521 0 0
1500 74.992 46.6684 17.8779 0.29877 0.709676 443.57 0 0
1500 76.2421 -1.45016 17.8918 0.311427 0.0265594 444.719 0 0
1500 110.433 -47.4224 18.0566 0.936461 -0.77505 436.031 0 0
1500 96.2913 35.0666 17.9141 0.601009 0.550807 443.763 0 0
1500 107.778 28.3432 17.9077 0.812987 0.484453 439.53 0 0
1500 91.3452 -25.6773 18.0813 0.555284 -0.465564 439.722 0 0
1500 45.7945 9.97361 18.1706 -0.141489 0.204601 446.844 0 0
1500 82.2697 5.33934 18.023 0.420743 0.0429785 446.248 0 0
1500 63.9417 63.1783 17.8594 0.0594721 0.978952 443.483 0 0
1500 113.277 15.6965 17.8048 0.915191 0.255369 439.835 0 0
1500 14.6339 -5.3294 17.997 -0.699778 -0.0302435 439.784 0 0
1500 35.7534 58.3831 17.96 -0.346304 1.04803 434.89 0 0
1500 102.704 -6.52355 18.211 0.782864 -0.0587341 441.826 0 0
1500 30.854 -14.2698 18.1288 -0.427208 -0.276891 440.279 0 0
1500 65.2358 -24.5445 18.1304 0.0997818 -0.435096 440.164 0 0
1500 112.465 40.1212 17.8271 0.875674 0.574261 442.816 0 0
1500 69.3152 -27.2853 17.8519 0.227353 -0.399729 446.3 0 0
1500 72.7054 22.8624 17.9067 0.285781 0.414932 439.675 0 0
1500 54.3346 58.2874 17.8891 0.000553659 0.940617 441.339 0 0
1500 79.826 22.1708 17.9049 0.39553 0.403378 439.805 0 0
1500 87.8738 58.563 17.8838 0.490774 0.912487 443.678 0 0
1500 119.776 49.6707 17.9295 1.07166 0.790422 438.078 0 0
1500 102.56 45.9986 18.0562 0.838865 0.813468 434.617 0 0
1500 38.308 41.8259 17.8207 -0.282177 0.71864 440.385 0 0
1500 36.3838 -4.77315 18.0091 -0.347856 -0.00469096 440.149 0 0
1500 71.2081 40.3845 18.0006 0.17341 0.62853 446.979 0 0
1500 114.199 14.8787 17.8567 0.928374 0.207594 441.681 0 0
1500 44.9357 -61.6421 17.832 -0.140356 -0.946399 444.746 0 0
1500 91.9164 56.5958 17.8911 0.554426 0.887251 443.824 0 0
1500 83.21 22.824 17.9113 0.449017 0.411836 440.418 0 0
1500 -4.22034 -13.5572 17.8315 -0.999116 -0.166893 442.381 0 0
1500 67.8769 -5.56201 17.8599 0.0873282 -0.0488975 439.556 0 0
1500 79.292 25.8501 18.1807 0.389943 0.400723 448.164 0 0
1500 31.136 49.1913 17.9406 -0.418705 0.814937 442.158 0 0
1500 42.1785 -34.3683 17.9729 -0.231508 -0.60522 441.294 0 0
1500 129.514 -40.5395 17.9734 1.24489 -0.715474 437.419 0 0
1500 46.2214 -19.3416 17.9524 -0.179433 -0.333269 448.27 0 0
1500 107.053 -26.7768 17.809 0.753597 -0.485055 442.055 0 0
1500 20.462 -50.8317 17.8244 -0.61457 -0.750651 445.734 0 0
1500 140.2 -65.7642 17.8302 1.2608 -1.06279 443.177 0 0
1500 190.765 83.1369 17.8272 2.07293 1.34856 441.937 0 0
1500 87.4936 -55.018 17.887 0.446038 -0.899915 443.656 0 0
1500 25.7371 9.66199 18.1032 -0.587641 0.133035 437.827 0 0
1500 94.7565 -34.0269 18.2423 0.635548 -0.655774 436.624 0 0
1500 102.828 -25.5147 18.1238 0.739468 -0.497797 438.268 0 0
1500 188.486 -94.9009 18.0279 2.24743 -1.64175 437.392 0 0
1500 84.6276 33.5867 18.1372 0.419744 0.536427 449.27 0 0
1500 39.4806 1.30893 17.9868 -0.394837 -0.0236353 435.919 0 0
1500 71.4721 20.9568 18.0249 0.279893 0.384041 442.509 0 0
1500 78.6598 31.0384 17.9299 0.361022 0.549052 442.649 0 0
1500 89.8843 2.41965 18.1983 0.52441 0.112508 443.362 0 0
1500 73.1359 -53.2065 17.9548 0.267315 -0.897306 442.66 0 0
1500 50.0028 96.4062 17.7995 -0.0725315 1.45644 446.798 0 0
1500 63.7592 -8.55681 17.9093 0.0952766 -0.187002 450.257 0 0
1500 103.389 8.43355 17.933 0.715642 0.150448 449.066 0 0
1500 72.7995 51.9692 17.9264 0.3056 0.82359 444.024 0 0
1500 62.1717 -51.8287 17.9867 0.00803038 -0.836483 441.985 0 0
1500 74.1273 32.1977 18.2359 0.242317 0.618637 436.127 0 0
1500 44.6618 -35.8599 18.046 -0.218691 -0.612966 443.875 0 0
1500 21.7208 -19.4347 18.0451 -0.569361 -0.361083 443.944 0 0
1500 45.1188 -41.604 17.9102 -0.226019 -0.705919 443.89 0 0
1500 25.0627 -46.64 17.9011 -0.526246 -0.77175 444.863 0 0
1500 30.5434 46.0636 17.9589 -0.402203 0.735642 448.247 0 0
1500 26.7801 53.8422 17.8304 -0.523425 0.861123 445.904 0 0
1500 -4.85395 -8.4305 17.8307 -0.999972 -0.0752105 445.842 0 0
1500 35.4399 29.4059 17.8491 -0.368583 0.462784 450.351 0 0
1500 6.86621 -29.8325 17.9496 -0.82794 -0.465096 445.776 0 0
1500 33.818 40.9406 17.9003 -0.400229 0.603932 450.147 0 0
1500 47.4264 -21.4569 18.0199 -0.122068 -0.360914 452.835 0 0
1500 89.9933 8.26036 18.0444 0.594694 0.120479 444.771 0 0
1500 40.7721 28.6613 18.1071 -0.314201 0.457156 443.486 0 0
1500 -65.567 2.75133 17.8967 -2.03285 0.0167519 442.944 0 0
1500 50.6956 2.56378 18.1032 -0.138116 0.0493619 451.291 0 0
1500 64.0964 -5.05413 18.1036 0.0539886 -0.0621345 446.102 0 0
1500 -3.41582 -23.4223 17.811 -0.924981 -0.426783 446.785 0 0
1500 92.1092 -20.6442 17.8279 0.525913 -0.397535 444.697 0 0
1500 66.9971 4.98578 17.9444 0.20086 0.139099 444.633 0 0
1500 37.8015 -12.7356 17.8564 -0.290909 -0.247241 452.065 0 0
1500 57.7189 55.5407 17.8933 0.0395019 0.921165 445.693 0 0
1500 87.8362 3.26409 18.0207 0.514483 -0.0182808 446.228 0 0
1500 52.1183 -51.5931 17.8033 -0.109328 -0.80506 450.8 0 0
1500 111.576 -25.0697 17.7985 0.790544 -0.45543 446.313 0 0
1500 89.2554 15.3005 17.82 0.432592 0.285709 451.872 0 0
1500 81.667 35.1332 17.8774 0.405316 0.608647 445.949 0 0
1500 45.0324 63.7042 17.8643 -0.149676 0.990698 449.725 0 0
1500 44.1293 59.9902 17.8653 -0.168416 0.968945 447.436 0 0
1500 50.3595 38.2139 17.8821 -0.0699358 0.600493 451.962 0 0
1500 28.3751 -41.3608 17.9993 -0.448796 -0.701267 446.854 0 0
1500 97.6207 15.1518 17.9086 0.609412 0.308195 446.615 0 0
1500 111.1 -3.40611 17.8437 0.825298 -0.0235827 451.458 0 0
1500 104.249 -21.8268 17.843 0.781421 -0.307526 446.627 0 0
1500 76.6986 13.7877 18.1888 0.343809 0.242453 454.156 0 0
1500 91.9899 -3.17778 18.2274 0.652121 -0.0620844 446.442 0 0
1500 63.9732 -25.1184 18.648 0.155641 -0.572513 434.33 0 0
1500 64.8713 -4.20451 17.9891 0.181355 -0.058603 453.929 0 0
1500 119.619 20.2307 18.0183 1.00228 0.304495 450.038 0 0
1500 115.558 -32.1479 17.8045 0.901604 -0.51807 450.08 0 0
1500 58.0992 -22.7352 17.8491 -0.0136994 -0.431478 446.351 0 0
1500 84.0081 -36.4053 17.8388 0.386036 -0.637067 447.138 0 0
1500 6.30069 -41.5365 17.8238 -0.78341 -0.690665 449.535 0 0
1500 48.178 -46.084 17.839 -0.153269 -0.723679 452.751 0 0
1500 32.0007 -5.37127 18.1643 -0.496187 -0.0508211 441.093 0 0
1500 67.3723 20.8053 17.952 0.0889695 0.355592 446.747 0 0
1500 -8.50396 22.466 17.8246 -1.00326 0.408331 449.672 0 0
1500 20.7135 40.4206 17.9041 -0.623725 0.649093 448.434 0 0
1500 18.485 4.92471 18.0945 -0.743088 0.0132024 439.479 0 0
1500 116.606 23.9215 18.0262 0.959508 0.384214 450.348 0 0
1500 77.6546 -24.1385 18.021 0.315383 -0.402879 454.463 0 0
1500 44.3034 5.8834 17.8573 -0.229037 0.169604 446.473 0 0
1500 139.114 -30.7402 17.9472 1.40924 -0.544754 443.901 0 0
1500 93.1926 49.1934 17.9534 0.513783 0.808114 449.627 0 0
1500 64.7322 48.4943 17.9632 0.0801894 0.747824 454.05 0 0
1500 84.1941 6.3954 17.9533 0.496504 0.111389 447.841 0 0
1500 96.8889 46.6123 18.0745 0.752851 0.822838 441.993 0 0
1500 77.0683 4.9663 17.9607 0.336559 0.108254 455.329 0 0
1500 118.609 -24.0125 17.8436 0.957412 -0.373789 452.065 0 0
1500 89.0056 -32.1013 17.8434 0.469522 -0.56405 449.396 0 0
1500 69.9367 63.0588 18.0084 0.206606 1.06127 447.816 0 0
1500 101.158 46.4957 17.8211 0.723079 0.706109 450.522 0 0
1500 53.535 -20.4341 18.0372 -0.0260248 -0.391133 449.142 0 0
1500 78.5425 -57.8405 18.0138 0.347697 -0.93492 451.518 0 0
1500 121.927 47.6904 17.7929 0.986555 0.649833 452.78 0 0
1500 89.9551 9.43442 18.1216 0.4918 0.198487 456.859 0 0
1500 29.6077 -30.1625 17.9518 -0.473879 -0.518716 449.89 0 0
1500 46.5568 -32.1055 17.9576 -0.194514 -0.499554 456.278 0 0
1500 71.5929 67.1156 17.8979 0.288373 1.06739 449.663 0 0
1500 119.928 21.9604 17.8826 0.996863 0.322045 452.611 0 0
1500 111.488 -0.242706 17.8935 0.840304 -0.00588803 455.173 0 0
1500 -36.2408 -80.5034 17.8451 -1.44277 -1.30347 450.548 0 0
1500 116.52 -24.7585 18.1967 1.05528 -0.499503 444.242 0 0
1500 105.348 63.5444 17.9449 0.843642 1.03546 448.039 0 0
1500 73.3349 -10.4477 17.879 0.320968 -0.170871 449.578 0 0
1500 79.6144 14.454 17.8777 0.375819 0.195391 456.937 0 0
1500 94.4867 40.9693 17.895 0.579428 0.63356 455.676 0 0
1500 120.655 -11.3501 17.8769 0.990534 -0.251069 450.201 0 0
1500 123.116 -19.0672 17.8503 0.986891 -0.350841 453.492 0 0
1500 54.3232 5.45045 18.0524 -0.0620902 0.014099 450.318 0 0
1500 58.5973 -38.3302 18.0426 0.0037729 -0.598131 457.512 0 0
1500 73.0642 -13.9297 17.8464 0.216407 -0.264767 457.405 0 0
1500 52.6934 25.7416 17.9252 -0.061123 0.476419 450.666 0 0
1500 52.3851 -62.2952 17.8871 -0.0223745 -1.01507 450.852 0 0
1500 25.1577 -2.52797 17.9903 -0.569923 -0.00355438 450.336 0 0
1500 140.61 18.7828 17.9352 1.43182 0.286386 448.125 0 0
1500 -16.8054 32.306 17.8367 -1.18591 0.552794 452.527 0 0
1500 68.9272 -25.4884 17.865 0.210779 -0.464797 451.188 0 0
1500 56.4658 -37.9364 17.9593 -0.0591128 -0.641259 452.199 0 0
1500 48.053 -34.7077 17.962 -0.171473 -0.53778 458.695 0 0
1500 71.4864 -9.66644 17.9639 0.254647 -0.222099 451.66 0 0
1500 98.559 30.103 17.9122 0.675758 0.566028 449.265 0 0
1500 93.9609 -1.63428 18.0783 0.621186 -0.0953217 451.998 0 0
1500 24.4639 -39.0836 17.9107 -0.55775 -0.646383 453.148 0 0
1500 10.209 -42.0512 17.8304 -0.789466 -0.645406 454.249 0 0
1500 -0.886917 16.746 17.832 -0.961286 0.23765 453.873 0 0
1500 25.2729 51.4322 17.834 -0.569684 0.764664 453.533 0 0
1500 34.9032 -13.4695 18.2119 -0.43401 -0.289287 445.986 0 0
1500 110.203 40.2664 17.8097 0.834955 0.633836 455.303 0 0
1500 72.6479 6.87551 17.9593 0.285966 0.0868147 459.71 0 0
1500 110.102 -15.516 18.0292 0.863692 -0.287842 454.334 0 0
1500 107.535 -40.1098 18.0225 0.809005 -0.645512 455.647 0 0
1500 14.8046 -30.2633 17.8214 -0.726928 -0.502158 453.441 0 0
1500 16.14 30.7134 17.8562 -0.711437 0.449445 453.35 0 0
1500 21.3715 -53.9926 17.8463 -0.616146 -0.826635 454.963 0 0
1500 6.66255 44.9852 17.8452 -0.826633 0.6446 455.71 0 0
1500 22.2679 -6.05421 17.8647 -0.624903 -0.114646 452.591 0 0
1500 39.5713 21.7665 17.9416 -0.312437 0.29389 461.088 0 0
1500 95.3247 11.4937 18.0284 0.647295 0.233124 453.658 0 0
1500 93.15 -6.54882 17.813 0.61661 -0.079582 452.692 0 0
1500 82.9722 61.7298 17.7934 0.440318 0.942852 455.337 0 0
1500 68.6838 73.4226 17.8005 0.196885 1.16269 455.258 0 0
1500 94.4418 -29.1195 17.9051 0.628087 -0.492354 453.891 0 0
1500 101.895 -42.2413 17.8974 0.697425 -0.651441 458.084 0 0
1500 98.7368 -18.8543 17.9062 0.694997 -0.335739 453.783 0 0
1500 71.7587 -40.7631 18.1281 0.274307 -0.689364 454.669 0 0
1500 -0.531592 30.7932 17.9353 -0.908086 0.50549 456.248 0 0
1500 63.2822 -31.08 17.8245 0.146013 -0.524498 453.344 0 0
1500 80.1307 -18.8132 17.825 0.408729 -0.333579 453.308 0 0
1500 106.137 7.3246 17.9414 0.815818 0.0687002 454.347 0 0
1500 80.0462 6.74227 18.0615 0.45038 0.100402 453.598 0 0
1500 90.6677 10.7036 18.1517 0.549094 0.185905 462.054 0 0
1500 9.23913 25.0467 17.9073 -0.783348 0.451574 454.799 0 0
1500 89.4629 -35.6361 18.0095 0.551705 -0.689445 448.756 0 0
1500 90.5284 5.24902 17.9774 0.580534 0.0335691 454.85 0 0
1500 90.416 -9.59149 17.9783 0.524713 -0.177004 461.536 0 0
1500 111.413 24.0064 17.8458 0.876082 0.401748 456.075 0 0
1500 38.6269 62.8478 17.7915 -0.317869 0.996303 457.801 0 0
1500 -6.46963 8.03169 17.793 -1.00136 0.190379 456.604 0 0
1500 79.2436 50.1197 17.8001 0.291957 0.837574 455.44 0 0
1500 84.7017 61.4228 17.7914 0.364769 0.981733 457.354 0 0
1500 -13.6952 -4.63404 17.9495 -1.17073 -0.0969827 454.919 0 0
1500 86.8516 59.4205 17.8672 0.500557 0.971308 455.529 0 0
1500 74.4039 6.45268 18.2941 0.31537 0.174339 456.352 0 0
1500 78.7692 -25.9485 17.9869 0.36974 -0.470348 455.751 0 0
1500 86.1502 -31.8112 17.9404 0.521088 -0.471603 455.92 0 0
1500 154.183 -58.0825 17.9932 1.70538 -0.935425 449.399 0 0
1500 93.3401 -16.5574 17.8484 0.621363 -0.231694 455.517 0 0
1500 79.8482 -10.0638 17.8554 0.415778 -0.132211 455.007 0 0
1500 67.4876 41.3209 17.8167 0.21445 0.670705 455.555 0 0
1500 117.009 26.2474 17.8005 0.947154 0.422355 457.858 0 0
1500 92.8379 -14.4674 17.8212 0.553117 -0.175695 461.827 0 0
1500 70.6527 31.0298 17.8213 0.264886 0.514238 455.202 0 0
1500 83.4043 32.1119 17.8191 0.421046 0.482609 461.655 0 0
1500 72.1778 -56.811 17.89 0.258117 -0.924201 457.246 0 0
1500 51.0148 -65.3246 17.8856 -0.0604635 -1.03653 458.282 0 0
1500 55.7006 -34.6036 17.9055 0.00956827 -0.6034 455.655 0 0
1500 65.8237 -46.5968 17.9005 0.151936 -0.721341 461.712 0 0
1500 107.674 14.8085 17.8063 0.836065 0.218422 456.184 0 0
1500 38.3365 -109.554 18.1862 -0.370764 -2.03645 447.274 0 0
1500 75.3599 -38.959 17.867 0.312484 -0.665247 456.055 0 0
1500 91.1838 -48.9906 17.8557 0.545368 -0.80374 457.351 0 0
1500 125.698 3.99209 17.8536 1.11671 -0.00389991 454.283 0 0
1500 84.3495 -9.04494 17.9529 0.424224 -0.135067 466.412 0 0
1500 107.869 -11.7744 18.051 0.857405 -0.17783 458.085 0 0
1500 57.588 -55.7658 17.8951 0.0581604 -0.898753 457.764 0 0
1500 159.381 1.80165 17.932 1.75313 0.0424401 452.734 0 0
1500 123.458 4.19422 17.8731 1.04602 0.0688102 460.107 0 0
1500 118.047 6.31848 17.8765 0.984806 0.102093 458.825 0 0
1500 123.124 0.344397 17.8733 1.0454 0.0120423 459.828 0 0
1500 102.522 19.6445 17.8876 0.707888 0.285089 462.898 0 0
1500 69.2186 58.3269 17.8519 0.210032 0.892898 461.962 0 0
1500 24.0262 35.6009 17.8502 -0.582965 0.587386 457.616 0 0
1500 -7.94152 -7.38302 17.8389 -1.04093 -0.0693169 459.623 0 0
1500 -8.39896 -10.8575 17.8386 -1.04135 -0.120246 460.035 0 0
1500 48.0861 66.893 17.8386 -0.206198 1.02722 460.144 0 0
1500 50.776 56.0605 17.8461 -0.171752 0.894699 458.074 0 0
1500 41.8791 50.8679 17.848 -0.308193 0.818388 457.856 0 0
1500 95.4007 39.8002 18.0545 0.721491 0.665573 452.252 0 0
1500 30.1762 -15.9896 18.1534 -0.455959 -0.218881 457.813 0 0
1500 51.1917 24.13 18.1557 -0.134695 0.395972 457.659 0 0
1500 113.799 28.138 17.8727 0.900119 0.468587 459.389 0 0
1500 103.853 -4.90255 17.8849 0.7702 -0.0269162 457.737 0 0
1500 71.9907 -43.7429 17.9637 0.290949 -0.715923 458.099 0 0
1500 95.6853 -50.4963 17.9513 0.636263 -0.798022 459.831 0 0
1500 81.2811 50.0756 18.1097 0.463003 0.824237 457.299 0 0
1500 116.355 16.1485 17.8879 0.91786 0.24526 462.797 0 0
1500 9.60584 45.3642 17.8568 -0.746481 0.735713 461.039 0 0
1500 53.2919 18.741 17.9998 -0.0565387 0.33158 464.857 0 0
1500 64.1008 -46.4745 17.831 0.148466 -0.768807 458.409 0 0
1500 38.2382 16.0698 18.0748 -0.328031 0.301653 458.382 0 0
1500 95.0459 -12.2532 17.8198 0.594683 -0.18017 463.971 0 0
1500 88.5181 -48.9665 17.8584 0.498688 -0.809778 460.008 0 0
1500 11.4594 -21.3251 17.8196 -0.707441 -0.361561 464.216 0 0
1500 75.4353 -47.0747 17.8213 0.203929 -0.726803 464.388 0 0
1500 -2.26205 -16.4911 17.8091 -0.954498 -0.309344 460.432 0 0
1500 20.2162 54.1757 17.8341 -0.59075 0.865696 462.247 0 0
1500 55.5665 48.0236 17.8492 -0.065935 0.744469 465.008 0 0
1500 86.3652 53.1512 17.8418 0.375568 0.826989 464.177 0 0
1500 47.4253 -33.8836 17.8473 -0.163093 -0.603042 459.035 0 0
1500 106.386 -63.5675 18.0218 0.881985 -1.06993 455.693 0 0
1500 7.46801 5.92706 17.8982 -0.779388 0.0753662 465.122 0 0
1500 35.0632 14.2024 17.9091 -0.425053 0.21114 458.977 0 0
1500 46.5922 7.95228 17.9137 -0.220478 0.102231 466.405 0 0
1500 96.9337 -8.57525 17.911 0.617224 -0.2083 459.662 0 0
1500 7.35281 43.7604 17.8348 -0.759032 0.67869 465.273 0 0
1500 119.06 33.8951 17.8055 0.972338 0.463386 461.673 0 0
1500 93.9585 -62.8889 17.8524 0.615489 -0.956375 461.701 0 0
1500 103.892 -40.011 17.9433 0.779073 -0.595502 462.072 0 0
1500 23.8564 -26.2795 17.8987 -0.60753 -0.467957 458.232 0 0
1500 39.9219 55.6758 17.8461 -0.351493 0.841082 461.366 0 0
1500 129.955 -53.8924 18.0175 1.25385 -0.930151 457.605 0 0
1500 47.755 22.3598 18.041 -0.154609 0.369458 469.607 0 0
1500 20.8862 -21.6179 17.8987 -0.584434 -0.32214 468.953 0 0
1500 3.41731 -36.9125 17.8006 -0.908815 -0.546332 464.043 0 0
1500 20.2734 -2.88123 17.8593 -0.59759 0.03032 463.265 0 0
1500 113.476 39.11 18.0401 0.980226 0.742453 457.719 0 0
1500 78.5652 -36.1151 17.9023 0.273784 -0.635511 461.048 0 0
1500 64.0434 19.2855 17.9039 0.176185 0.323043 463.244 0 0
1500 121.338 -1.17965 17.8801 0.993232 0.00380065 468.147 0 0
1500 99.3529 -8.93941 17.8929 0.717374 -0.11538 464.06 0 0
1500 87.0984 0.700454 17.8997 0.533125 0.0332446 463.53 0 0
1500 160.07 -44.3744 17.8555 1.7067 -0.672373 461.391 0 0
1500 14.4756 49.6646 17.8395 -0.693163 0.786367 467.273 0 0
1500 4.54251 -4.03018 17.8192 -0.83501 -0.0389341 469.579 0 0
1500 -5.38518 3.44503 17.811 -0.993858 0.0690893 468.386 0 0
1500 5.56594 21.1476 17.8142 -0.872757 0.341428 465.38 0 0
1500 3.81479 34.1701 17.8105 -0.861334 0.516623 468.286 0 0
1500 10.9247 -4.22982 17.8208 -0.80046 -0.0449715 464.626 0 0
1500 104.239 -45.6486 17.8783 0.749315 -0.679759 468.527 0 0
1500 111.984 15.2846 17.8857 0.847068 0.201996 469.727 0 0
1500 100.301 -12.5098 18.0411 0.70441 -0.259544 465.671 0 0
1500 104.368 -30.585 18.0412 0.734882 -0.579183 459.54 0 0
1500 41.5091 -51.5319 17.8289 -0.254931 -0.805694 470.561 0 0
1500 47.7107 25.1533 17.8764 -0.118942 0.459879 464.956 0 0
1500 106.085 -6.30552 18.0471 0.824539 -0.0606066 466.783 0 0
1500 97.7492 -24.5389 17.9651 0.645834 -0.355954 471.874 0 0
1500 104.398 2.36804 17.965 0.739663 0.0233277 471.864 0 0
1500 96.2286 15.4428 17.9659 0.679218 0.225854 466.148 0 0
1500 2.62521 37.4407 17.8329 -0.891421 0.55159 469.621 0 0
1500 21.1304 -57.0194 17.8329 -0.618576 -0.846133 469.536 0 0
1500 14.4341 29.529 17.8427 -0.741087 0.449324 467.406 0 0
1500 131.63 11.8606 17.934 1.21037 0.126058 466.764 0 0
1500 82.4618 30.6279 18.0615 0.491066 0.514926 466.005 0 0
1500 108.219 -0.131665 17.9356 0.846878 -0.0354145 469.154 0 0
1500 57.3672 22.2229 17.89 -0.0436274 0.413454 468.087 0 0
1500 142.136 -17.8122 17.8487 1.36838 -0.345332 468.404 0 0
1500 62.0219 33.7518 17.9821 -0.003509 0.52739 465.78 0 0
1500 95.1951 1.34367 17.9754 0.602994 -0.00518466 477.098 0 0
1500 20.2374 37.617 17.8155 -0.555124 0.607458 476.196 0 0
1500 100.387 52.2372 17.8045 0.605771 0.838575 474.335 0 0
1500 87.4008 50.0093 17.8972 0.417412 0.823976 472.561 0 0
1500 26.9216 23.826 17.9086 -0.507976 0.434645 471.422 0 0
1500 59.8278 55.6386 17.8979 -0.000483889 0.910503 472.474 0 0
1500 31.604 47.6023 17.8174 -0.453788 0.784283 473.487 0 0
1500 53.6296 27.2815 17.8348 -0.108467 0.436659 479.141 0 0
1500 -6.75836 11.9051 17.796 -1.02543 0.21755 478.66 0 0
1500 57.0607 29.8611 17.8208 -0.0751341 0.458707 482.345 0 0
1500 81.6646 64.802 17.7971 0.282303 0.990446 479.434 0 0
1500 51.7211 65.168 17.7971 -0.160067 1.0178 477.96 0 0
1500 81.3308 5.01163 18.1844 0.431669 0.0722513 484.308 0 0
1500 117.682 4.72767 18.162 0.999608 0.0732448 479.447 0 0
1500 118.658 5.34679 18.1613 1.01154 0.0821878 479.613 0 0
1500 97.5794 9.03994 17.8316 0.675889 0.181853 476.692 0 0
1500 115.452 -36.3584 17.8147 0.916297 -0.500651 479.235 0 0
1500 53.5447 65.6155 17.8177 -0.00489521 0.992695 480.876 0 0
1500 122.01 -17.7848 17.7947 1.00526 -0.23827 481.385 0 0
1500 112.761 -32.3645 17.8686 0.900329 -0.58658 484.517 0 0
