Total number of secondary electrons: 1691
1500 96.7834 -10.4326 16.6253 0.868585 -0.148937 264.235 0 0
1500 99.8137 4.04709 16.1588 0.85925 0.0753442 275.023 0 0
1500 87.9354 -6.00585 16.1061 0.710978 -0.103814 277.329 0 0
1500 98.1044 11.6946 15.1224 0.679284 0.189675 280.303 0 0
1500 104.789 11.973 15.1391 0.752994 0.19198 280.715 0 0
1500 85.6317 29.9516 14.9872 0.517746 0.45952 282.402 0 0
1500 80.3674 3.8595 15.769 0.504654 0.0993186 284.246 0 0
1500 88.9954 -0.826565 16.0746 0.619417 0.0105994 286.751 0 0
1500 86.0996 0.84404 16.2899 0.599667 -0.0160295 294.3 0 0
1500 84.2838 3.54377 15.162 0.46872 -0.0125255 294.818 0 0
1500 95.6249 -21.6808 14.6257 0.509452 -0.299691 295.928 0 0
1500 94.516 -9.00505 15.0047 0.533145 -0.152904 298.642 0 0
1500 109.682 13.5997 15.7924 0.944618 0.232672 305.3 0 0
1500 64.9235 -56.6834 14.2282 0.135967 -0.672349 305.542 0 0
1500 82.9003 12.09 14.6885 0.319118 0.183778 305.841 0 0
1500 84.8509 4.71476 16.1659 0.525006 0.0398973 307.348 0 0
1500 82.4801 -4.63618 16.211 0.539873 -0.0543202 307.838 0 0
1500 88.2346 -26.0004 16.0038 0.563225 -0.394352 309.651 0 0
1500 68.7304 10.9356 15.4689 0.17282 0.151156 311.599 0 0
1500 103.698 -16.3041 17.1055 0.985515 -0.288223 312.828 0 0
1500 4.39633 -44.4043 14.8569 -0.638811 -0.574836 313.361 0 0
1500 79.7435 12.6737 15.1965 0.329925 0.206678 315.058 0 0
1500 92.3471 3.44168 15.2848 0.492224 -0.0195184 315.452 0 0
1500 31.0504 -32.0314 15.1598 -0.329204 -0.440834 315.774 0 0
1500 137.076 -49.1481 15.0001 1.04115 -0.60829 316.273 0 0
1500 58.2614 -13.1546 15.2352 -0.00677125 -0.206762 316.421 0 0
1500 114.13 32.5179 15.77 0.949907 0.540209 316.747 0 0
1500 59.2889 -5.39852 16.0072 0.0866368 -0.0755122 316.997 0 0
1500 88.3599 4.71799 16.4915 0.560812 0.037961 317.367 0 0
1500 53.6514 -74.9245 15.1227 -0.0679818 -0.949617 317.504 0 0
1500 91.9779 2.92869 16.4974 0.592318 0.058791 317.591 0 0
1500 90.6624 0.417741 16.1397 0.540626 -0.0541817 318.464 0 0
1500 6.00111 49.9458 15.2083 -0.633695 0.664215 319.149 0 0
1500 101.548 5.93476 15.472 0.632439 0.0635507 319.657 0 0
1500 78.1526 -40.5798 15.468 0.29212 -0.62724 320.049 0 0
1500 63.831 39.4856 15.5743 0.12606 0.545662 320.93 0 0
1500 80.6201 -13.0038 16.8375 0.481712 -0.187512 321.023 0 0
1500 70.8928 -2.77139 15.3433 0.16599 0.0273587 321.233 0 0
1500 38.7352 13.9284 15.5399 -0.256707 0.204916 321.847 0 0
1500 87.1715 1.38865 15.675 0.389551 0.0235115 322.121 0 0
1500 68.8187 -8.36979 16.1252 0.209858 -0.153369 323.007 0 0
1500 90.5724 22.0899 16.0348 0.54044 0.286895 323.1 0 0
1500 107.712 37.1587 15.4149 0.618123 0.521296 323.141 0 0
1500 12.8668 48.4148 15.4409 -0.554211 0.657813 323.497 0 0
1500 79.8233 38.487 16.1799 0.359381 0.586901 324.024 0 0
1500 111.139 -9.65671 15.7348 0.717777 -0.149826 324.115 0 0
1500 68.4905 7.44264 16.4068 0.226617 0.137838 324.253 0 0
1500 74.9956 -0.99504 16.6541 0.346109 -0.00967933 324.61 0 0
1500 79.55 -20.1872 16.5446 0.425929 -0.288476 324.846 0 0
1500 84.3013 -2.95261 16.9703 0.5548 -0.0362509 325.14 0 0
1500 62.3701 23.2213 16.2764 0.112051 0.429421 325.201 0 0
1500 79.8185 74.7742 15.5108 0.276229 0.966069 325.859 0 0
1500 217.912 98.1159 15.6156 2.30569 1.41885 325.947 0 0
1500 60.2783 -10.5469 15.5163 0.00824654 -0.164353 326.084 0 0
1500 77.4985 23.1567 15.7793 0.267147 0.293818 326.141 0 0
1500 88.421 -0.657321 16.8711 0.564108 -0.0539323 326.389 0 0
1500 17.3344 -7.08109 15.5177 -0.545553 -0.0401057 326.635 0 0
1500 93.3887 1.1441 16.2701 0.586893 0.0374925 326.697 0 0
1500 102.019 -116.931 15.5244 0.627388 -1.55326 327.407 0 0
1500 121.145 -91.3391 15.5206 0.791344 -1.25739 327.54 0 0
1500 78.5932 -1.96737 16.6914 0.433499 0.0225412 328.157 0 0
1500 110.445 10.0799 16.4702 0.94167 0.18551 328.218 0 0
1500 123.589 -24.4941 15.6721 0.861625 -0.347341 328.514 0 0
1500 72.8499 -6.40376 15.5173 0.181407 -0.144632 328.524 0 0
1500 92.2617 -5.47322 16.4033 0.570349 -0.0251068 328.688 0 0
1500 73.7965 -33.6582 15.7038 0.259316 -0.470733 328.727 0 0
1500 50.5474 22.0156 15.9623 -0.117143 0.294092 329.398 0 0
1500 79.6774 67.7993 15.9629 0.314399 0.972598 330.25 0 0
1500 107.7 -21.2963 16.1548 0.719872 -0.351888 330.275 0 0
1500 84.876 -9.66021 16.16 0.451649 -0.167204 330.299 0 0
1500 94.5074 -12.8394 16.5979 0.600281 -0.197833 330.313 0 0
1500 29.3264 56.5399 15.8955 -0.40594 0.791791 330.347 0 0
1500 85.4644 -7.32476 16.6317 0.507506 -0.0522902 330.408 0 0
1500 69.839 77.104 15.6399 0.124083 0.994416 330.406 0 0
1500 68.1957 -19.578 16.5558 0.23984 -0.294868 330.602 0 0
1500 -10.5225 79.187 15.7086 -0.856498 1.0766 330.667 0 0
1500 75.1185 46.6485 15.7197 0.242369 0.640199 330.84 0 0
1500 82.4344 15.3588 16.5413 0.369914 0.211472 330.947 0 0
1500 54.3341 -24.5349 15.9086 0.00822692 -0.380259 331.452 0 0
1500 81.7656 -4.71805 16.5651 0.393189 -0.116531 331.472 0 0
1500 82.9187 45.4636 15.7371 0.259226 0.599154 331.485 0 0
1500 102.155 29.9036 16.0761 0.668702 0.380072 331.501 0 0
1500 71.5391 -4.7883 16.9632 0.313844 -0.0811534 331.953 0 0
1500 52.4613 -32.0331 15.8389 -0.0785523 -0.462738 331.94 0 0
1500 51.7395 -63.4359 15.7613 -0.119872 -0.82882 332.017 0 0
1500 36.8521 23.7234 15.8727 -0.233689 0.319499 332.082 0 0
1500 40.9167 7.8007 15.8977 -0.187761 0.141486 332.37 0 0
1500 4.59959 -11.0973 15.9538 -0.731229 -0.109973 332.539 0 0
1500 71.7083 3.67285 17.2938 0.330647 0.0784713 332.742 0 0
1500 26.4049 -51.2106 15.9248 -0.399707 -0.692546 333.249 0 0
1500 83.0973 -57.457 15.8274 0.32755 -0.734768 333.303 0 0
1500 90.0193 -20.1654 16.0753 0.398531 -0.281599 333.799 0 0
1500 72.2326 -65.5008 15.9614 0.166252 -0.863544 333.795 0 0
1500 -0.290381 -33.5609 15.9015 -0.770478 -0.448125 333.962 0 0
1500 10.2884 -39.17 15.8741 -0.554337 -0.526511 334.132 0 0
1500 58.3 2.39357 16.2851 0.0601378 0.0765982 334.237 0 0
1500 93.5059 21.2051 16.0055 0.518306 0.268514 334.308 0 0
1500 70.6613 19.3313 16.5609 0.25671 0.292935 334.361 0 0
1500 42.4365 -70.9196 16.0017 -0.198533 -0.923428 334.387 0 0
1500 86.6069 -18.3267 16.9452 0.463831 -0.270291 335.161 0 0
1500 88.295 -10.0045 16.0234 0.445888 -0.149942 335.262 0 0
1500 108.383 -39.5901 16.0867 0.694187 -0.487873 335.583 0 0
1500 47.3255 40.0952 16.192 -0.0938922 0.562102 335.853 0 0
1500 1.97528 -1.91187 16.1725 -0.733923 0.0130555 336.134 0 0
1500 83.3018 -2.72974 16.6312 0.417476 -0.0854206 336.143 0 0
1500 107.863 2.31851 16.7869 0.790538 0.0680464 336.357 0 0
1500 79.8217 -1.54899 16.9098 0.379555 0.00468044 336.556 0 0
1500 48.4505 26.08 16.1635 -0.13569 0.335945 336.651 0 0
1500 85.0665 7.9551 16.8322 0.430636 0.0719568 336.755 0 0
1500 89.5001 -62.2195 16.1273 0.35443 -0.770311 337.117 0 0
1500 105.773 -8.51735 16.3563 0.680824 -0.130338 337.109 0 0
1500 94.7124 -33.2685 16.1135 0.443492 -0.438756 337.321 0 0
1500 82.3848 4.97047 17.2352 0.475796 0.0228461 337.714 0 0
1500 83.0922 -2.00657 16.9327 0.415505 0.0383427 337.736 0 0
1500 68.9379 -9.74577 17.359 0.227844 -0.218759 337.968 0 0
1500 127.943 -30.8344 16.2151 0.914617 -0.399358 338.324 0 0
1500 40.3286 -45.5379 16.2304 -0.206258 -0.570583 338.412 0 0
1500 35.0134 -52.4009 16.2844 -0.36073 -0.657565 338.838 0 0
1500 81.1922 40.3412 16.2602 0.24256 0.558201 339.046 0 0
1500 39.6951 -36.2125 16.5201 -0.226779 -0.51578 339.13 0 0
1500 20.8064 21.9405 16.4499 -0.50455 0.372587 339.148 0 0
1500 90.3877 20.6727 17.0028 0.50891 0.307684 339.559 0 0
1500 -4.55759 -12.3304 16.3273 -0.854222 -0.121929 340.279 0 0
1500 33.4317 -26.4887 16.3766 -0.299141 -0.348813 340.512 0 0
1500 40.3575 46.2474 16.5197 -0.20549 0.657827 340.655 0 0
1500 64.6408 4.23624 17.07 0.155384 0.0994919 340.709 0 0
1500 96.2933 63.9084 16.3656 0.42752 0.84251 340.959 0 0
1500 76.9565 2.98155 17.639 0.415852 0.0860832 341.028 0 0
1500 80.0045 -19.3632 17.555 0.472303 -0.341065 341.182 0 0
1500 80.3543 -8.77863 17.1092 0.430202 -0.109894 341.301 0 0
1500 -14.8128 15.6002 16.401 -0.968931 0.23027 341.575 0 0
1500 77.8478 -1.39281 16.5035 0.320037 0.0257088 341.563 0 0
1500 58.6329 -26.372 17.1072 0.026628 -0.456367 341.66 0 0
1500 35.4454 73.3412 16.414 -0.337805 0.951623 341.798 0 0
1500 88.6163 39.7173 16.987 0.45699 0.615205 341.957 0 0
1500 133.997 4.82088 16.4773 1.00927 0.0779614 342.079 0 0
1500 86.8738 1.38349 17.1369 0.50505 0.0417743 342.179 0 0
1500 58.6368 -10.1662 16.9218 -0.0273293 -0.239836 342.184 0 0
1500 47.5907 60.2222 16.7151 -0.144968 0.851238 342.433 0 0
1500 27.841 -10.8474 16.6704 -0.47981 -0.165896 342.545 0 0
1500 69.3986 -6.98273 17.1891 0.15481 -0.160111 342.872 0 0
1500 21.0477 -47.0017 16.5153 -0.450805 -0.591343 343.069 0 0
1500 -2.49052 52.5902 16.5001 -0.797792 0.679911 343.238 0 0
1500 117.114 -27.2508 17.0977 1.0222 -0.478123 343.341 0 0
1500 74.848 3.3124 17.2599 0.350983 0.0876473 343.394 0 0
1500 27.4131 91.3164 16.5378 -0.35987 1.19266 343.417 0 0
1500 129.387 -25.365 16.6371 0.959204 -0.349425 343.589 0 0
1500 65.067 25.6396 16.6304 0.0709551 0.409391 343.836 0 0
1500 121.587 19.5495 17.4344 1.12065 0.327943 343.836 0 0
1500 62.6587 12.3314 17.4652 0.134185 0.202484 344.004 0 0
1500 100.598 53.1107 16.619 0.604153 0.730595 344.088 0 0
1500 96.8118 3.7605 17.8974 0.780666 0.0165602 344.151 0 0
1500 94.0228 21.5615 16.9903 0.583794 0.273653 344.169 0 0
1500 134.938 -39.3337 16.7305 1.15358 -0.595035 344.164 0 0
1500 108.832 -15.1305 16.8444 0.754846 -0.174391 344.375 0 0
1500 81.683 -23.4222 16.6594 0.303363 -0.375202 344.636 0 0
1500 97.7055 -5.20604 17.4144 0.661793 -0.0762643 344.874 0 0
1500 91.2776 0.60349 17.7664 0.693546 0.0236972 344.869 0 0
1500 6.26766 6.10988 16.651 -0.650133 0.0783717 345.028 0 0
1500 60.8294 35.4268 16.8983 0.0419921 0.54283 345.084 0 0
1500 89.5379 2.53808 17.8474 0.582468 0.0716901 345.829 0 0
1500 93.5004 -2.90534 16.9461 0.476391 -0.0546178 345.862 0 0
1500 138.246 -16.0406 16.8309 1.18591 -0.187591 346.033 0 0
1500 91.3288 -33.3261 17.0933 0.490598 -0.502937 346.29 0 0
1500 29.7453 -33.483 16.7692 -0.471161 -0.508308 346.502 0 0
1500 83.0413 3.77578 18.4253 0.564451 0.022759 346.511 0 0
1500 -8.65805 2.5031 16.8059 -0.917949 0.0762461 346.584 0 0
1500 40.0402 -21.4315 16.9483 -0.218323 -0.358072 346.724 0 0
1500 127.135 33.2239 16.7402 0.951124 0.427898 346.786 0 0
1500 14.6818 30.5571 16.7528 -0.559851 0.39044 347.166 0 0
1500 68.3307 1.23261 17.9984 0.229039 0.039988 347.605 0 0
1500 53.8409 5.4879 16.9975 -0.0462528 0.115328 347.768 0 0
1500 59.8543 23.9531 17.3226 0.0776016 0.382693 347.969 0 0
1500 67.1177 12.0132 17.888 0.208956 0.18179 348.11 0 0
1500 79.3546 22.5696 18.0362 0.422334 0.343042 348.352 0 0
1500 64.2293 -30.5934 16.8972 0.104947 -0.38591 348.361 0 0
1500 71.6185 -27.3074 17.7294 0.275005 -0.506803 348.415 0 0
1500 53.879 -15.5109 17.0707 -0.0885079 -0.185178 348.521 0 0
1500 128.874 23.8026 16.8601 0.950932 0.381816 348.794 0 0
1500 98.4928 -52.9685 16.9966 0.638753 -0.78255 348.838 0 0
1500 92.0542 -50.8456 16.8913 0.521147 -0.714977 348.843 0 0
1500 66.9404 32.1643 17.0829 0.0896126 0.464234 348.917 0 0
1500 96.2913 44.2001 17.0428 0.623521 0.66384 348.893 0 0
1500 99.8509 -48.963 16.9035 0.622897 -0.686777 349.167 0 0
1500 66.068 31.9525 17.0275 0.11229 0.427523 349.179 0 0
1500 87.9033 -19.3973 17.9698 0.573556 -0.281726 349.514 0 0
1500 115.981 -11.8166 16.9334 0.85179 -0.136141 349.78 0 0
1500 86.3342 -17.5844 17.1057 0.379446 -0.255151 349.919 0 0
1500 122.128 10.0329 16.9165 0.850591 0.125533 350.129 0 0
1500 98.3368 -10.8739 17.4942 0.621483 -0.217892 350.474 0 0
1500 72.6896 -24.8163 16.9811 0.237339 -0.297487 350.51 0 0
1500 122.912 23.781 18.3753 1.27076 0.421878 350.538 0 0
1500 64.5496 -29.7706 17.1135 0.0509933 -0.446897 350.689 0 0
1500 109.11 -15.4138 17.6219 0.86866 -0.216914 350.75 0 0
1500 51.0471 -0.162053 17.2855 -0.0970095 0.0457124 350.798 0 0
1500 78.1628 -8.89623 17.9414 0.346877 -0.148056 350.859 0 0
1500 83.9 13.7108 17.6792 0.501436 0.199146 351.116 0 0
1500 75.5316 32.6575 17.3035 0.23473 0.48891 351.419 0 0
1500 104.752 10.3643 18.077 0.816994 0.228853 351.495 0 0
1500 55.4645 -4.77497 17.6879 0.0255378 -0.120998 351.601 0 0
1500 96.1013 -7.60177 17.9937 0.705739 -0.0810454 351.714 0 0
1500 82.6665 16.8278 17.9073 0.497919 0.254387 351.741 0 0
1500 85.2595 -25.4499 16.9618 0.431348 -0.31297 351.744 0 0
1500 72.6417 -6.26585 17.5388 0.281726 -0.108531 351.961 0 0
1500 86.5177 3.97591 17.2872 0.420359 0.0195079 351.99 0 0
1500 108.559 34.0892 17.3012 0.74666 0.507799 352.11 0 0
1500 68.8716 5.27042 18.0048 0.250938 0.107783 352.561 0 0
1500 69.0504 -58.5056 17.1735 0.217012 -0.879876 352.643 0 0
1500 5.42717 26.7321 17.1849 -0.745798 0.388618 352.963 0 0
1500 44.8747 15.2957 17.0741 -0.180498 0.239441 352.976 0 0
1500 87.3235 9.74266 17.8818 0.48506 0.128944 353.009 0 0
1500 131.026 17.992 17.1932 1.07482 0.319388 353.064 0 0
1500 69.1199 22.661 17.955 0.260883 0.361523 353.085 0 0
1500 85.7091 3.34007 17.2893 0.425034 -0.0215226 353.09 0 0
1500 100.536 -15.3885 17.0319 0.65216 -0.206356 353.302 0 0
1500 94.4337 54.1896 17.0221 0.543959 0.768866 353.65 0 0
1500 91.373 -45.0324 17.0475 0.522444 -0.609697 353.818 0 0
1500 82.0261 -61.3414 17.1082 0.388377 -0.85542 354.123 0 0
1500 77.345 -3.63393 17.1802 0.303732 -0.0348355 354.318 0 0
1500 107.921 37.4075 17.0666 0.742329 0.511838 354.418 0 0
1500 28.5709 -11.3675 17.1896 -0.428753 -0.0981643 354.461 0 0
1500 103.757 -21.0323 17.3339 0.714849 -0.265707 354.591 0 0
1500 75.2961 5.80806 17.6833 0.332986 0.163684 354.608 0 0
1500 87.845 -2.21344 18.4078 0.583109 0.0278623 354.72 0 0
1500 76.4893 2.61541 17.7752 0.346767 0.0132146 354.757 0 0
1500 34.9162 31.2112 17.2662 -0.360161 0.440469 354.778 0 0
1500 140.458 -81.2069 17.2221 1.27859 -1.17131 354.755 0 0
1500 80.3904 41.4596 17.0691 0.353487 0.585872 354.905 0 0
1500 88.1724 28.8949 17.2002 0.389947 0.453879 354.846 0 0
1500 102.633 -53.4374 17.0808 0.675968 -0.709503 354.885 0 0
1500 37.0784 -45.699 17.2476 -0.311642 -0.669714 354.918 0 0
1500 87.4923 -13.9962 18.2219 0.510915 -0.242893 355.085 0 0
1500 119.215 30.6522 17.0901 0.886847 0.41638 355.121 0 0
1500 77.2694 21.0578 17.5031 0.322367 0.352044 355.161 0 0
1500 67.6786 -18.6921 17.1833 0.14955 -0.327495 355.32 0 0
1500 99.8627 -39.0998 17.1289 0.637743 -0.529529 355.585 0 0
1500 43.5159 -55.7626 17.3161 -0.235298 -0.803931 355.737 0 0
1500 -21.4903 -9.8393 17.1115 -1.08092 -0.111617 355.775 0 0
1500 62.0166 11.6634 17.525 0.113768 0.235773 355.794 0 0
1500 78.7669 1.45488 17.155 0.358353 0.0242131 355.808 0 0
1500 48.0972 -102.39 17.2791 -0.0926026 -1.52487 356.095 0 0
1500 146.06 -8.36803 17.3409 1.32844 -0.130883 356.166 0 0
1500 132.723 -17.1382 17.1176 1.02501 -0.186454 356.198 0 0
1500 139.476 -28.8216 17.3399 1.2284 -0.393847 356.251 0 0
1500 103.988 46.8857 17.1297 0.66861 0.644754 356.331 0 0
1500 132.915 11.5275 17.2345 1.09152 0.227306 356.441 0 0
1500 113.077 37.5691 17.3232 0.819539 0.515092 356.485 0 0
1500 61.5678 -8.13334 17.5794 0.0790398 -0.174135 356.547 0 0
1500 83.707 -2.86948 17.4007 0.387021 -0.108655 356.582 0 0
1500 120.887 38.8341 17.1422 0.864012 0.538979 356.794 0 0
1500 117.754 -9.68408 17.2272 0.82496 -0.198479 356.886 0 0
1500 78.0178 -27.4156 17.519 0.292141 -0.434802 356.883 0 0
1500 33.9575 -4.67611 17.41 -0.439197 -0.0733149 356.889 0 0
1500 107.406 -3.72417 17.3735 0.695281 -0.0527358 356.985 0 0
1500 118.37 -48.3749 17.1562 0.844067 -0.604662 357.165 0 0
1500 79.6656 42.4466 17.3465 0.377504 0.604492 357.186 0 0
1500 128.565 26.0214 17.1686 0.984385 0.344485 357.234 0 0
1500 80.3085 -14.4518 17.8104 0.435425 -0.219891 357.243 0 0
1500 93.7196 -46.7914 17.2075 0.528685 -0.687899 357.36 0 0
1500 1.33388 4.615 17.3249 -0.823959 0.0688731 357.359 0 0
1500 133.611 -49.8085 17.3018 1.18144 -0.74324 357.422 0 0
1500 125.473 -13.624 18.2392 1.23673 -0.202416 357.605 0 0
1500 119.254 -4.99284 17.2083 0.897262 -0.0636966 357.704 0 0
1500 69.0922 55.5727 17.695 0.206543 0.917115 357.739 0 0
1500 119.178 42.9352 17.1905 0.855869 0.561188 357.775 0 0
1500 52.391 -17.3555 17.5998 -0.091904 -0.21938 357.841 0 0
1500 -21.7415 36.057 17.3751 -1.2097 0.535039 357.934 0 0
1500 82.373 -37.6446 17.3422 0.345805 -0.597956 358.018 0 0
1500 27.9907 -57.4974 17.329 -0.438024 -0.830899 358.054 0 0
1500 108.165 -25.7502 17.2081 0.742246 -0.383348 358.107 0 0
1500 101.781 7.04196 17.2264 0.658491 0.0997633 358.283 0 0
1500 118.702 6.87103 18.9489 1.381 0.149964 358.233 0 0
1500 85.169 -3.66486 18.2788 0.55385 -0.0297918 358.3 0 0
1500 59.4158 32.5181 17.5966 0.0606111 0.508343 358.357 0 0
1500 7.44337 -7.6398 17.398 -0.73272 -0.0981251 358.385 0 0
1500 113.872 -45.0101 17.2244 0.778983 -0.572164 358.583 0 0
1500 75.6332 -0.718096 17.7092 0.329485 0.0513015 358.617 0 0
1500 87.7552 -6.9627 18.3185 0.554802 -0.148802 358.705 0 0
1500 145.776 -3.33708 18.0134 1.55437 0.000414929 358.763 0 0
1500 47.7937 72.3169 17.2752 -0.129219 1.02311 358.794 0 0
1500 90.3434 54.0304 17.4895 0.491098 0.850962 358.972 0 0
1500 78.2758 46.5504 17.3497 0.341914 0.67642 359.267 0 0
1500 84.0415 -19.6825 17.7496 0.479704 -0.281327 359.575 0 0
1500 73.2498 22.7662 17.5343 0.199984 0.330225 359.809 0 0
1500 92.5838 -6.0758 18.2166 0.601563 -0.138465 359.791 0 0
1500 84.7327 -17.4563 17.8232 0.483816 -0.224851 359.931 0 0
1500 8.1439 -47.9886 17.3836 -0.777696 -0.671061 359.925 0 0
1500 83.7569 34.3629 18.0936 0.537712 0.622256 359.987 0 0
1500 85.253 16.113 17.5655 0.472496 0.23978 360.067 0 0
1500 55.1653 -48.6857 17.4303 -0.0917994 -0.758607 360.082 0 0
1500 132.474 -9.01423 17.2914 1.04177 -0.114354 360.148 0 0
1500 132.33 -10.5638 17.2943 1.03882 -0.134522 360.226 0 0
1500 107.979 24.3933 17.6344 0.861033 0.386505 360.352 0 0
1500 80.9545 8.63983 17.9692 0.448067 0.153659 360.554 0 0
1500 101.648 -15.7805 17.4665 0.670344 -0.256575 360.497 0 0
1500 106.008 -20.2714 17.475 0.726617 -0.316465 360.824 0 0
1500 9.55153 -37.8309 17.3217 -0.726227 -0.498968 360.784 0 0
1500 111.372 63.8283 17.393 0.81979 0.912816 360.809 0 0
1500 90.1438 41.7282 17.3641 0.513462 0.58539 360.944 0 0
1500 33.6895 23.2058 17.5327 -0.335326 0.38401 360.934 0 0
1500 119.313 38.7392 17.3126 0.851332 0.497546 360.97 0 0
1500 87.6289 19.9705 17.4749 0.496032 0.283504 360.999 0 0
1500 71.1003 34.8409 17.8536 0.246148 0.5346 361.073 0 0
1500 97.7419 -51.9351 17.4009 0.57272 -0.75928 361.309 0 0
1500 70.3262 5.6647 18.4385 0.297279 0.139117 361.838 0 0
1500 116.694 -28.1975 17.3912 0.866189 -0.370385 361.965 0 0
1500 85.4403 22.6784 17.6421 0.48144 0.308319 361.98 0 0
1500 62.2548 -30.7755 17.5599 0.0931966 -0.495955 362.04 0 0
1500 81.4415 30.4648 17.4605 0.304698 0.486633 362.047 0 0
1500 123.605 -16.0793 17.4009 0.955422 -0.205201 362.307 0 0
1500 -87.4428 7.57384 17.4708 -2.19488 0.135324 362.48 0 0
1500 81.3694 -71.4341 17.3481 0.346525 -0.984466 362.621 0 0
1500 107.22 12.5362 17.6398 0.771904 0.21241 362.718 0 0
1500 58.7229 53.613 17.509 0.00550823 0.802683 362.76 0 0
1500 59.6185 30.3171 17.5838 0.0568901 0.491864 362.867 0 0
1500 0.620229 92.414 17.414 -0.781257 1.35777 362.976 0 0
1500 60.3625 3.92064 18.3455 0.124971 0.103153 363.031 0 0
1500 73.6656 -7.44471 18.2441 0.339203 -0.162771 363.313 0 0
1500 89.8118 5.94264 17.4165 0.510766 0.121247 363.333 0 0
1500 5.125 -46.8509 17.5635 -0.875023 -0.760328 363.438 0 0
1500 53.997 31.121 17.5875 -0.0761731 0.493528 363.472 0 0
1500 60.7799 -16.5757 17.6174 0.0482257 -0.26367 363.547 0 0
1500 97.0865 27.177 17.6706 0.595171 0.425074 363.637 0 0
1500 87.6505 -53.9414 17.4227 0.45308 -0.793585 363.633 0 0
1500 49.4706 19.9908 17.6292 -0.180079 0.317873 363.714 0 0
1500 84.7997 10.6425 17.7461 0.391173 0.213569 363.719 0 0
1500 100.099 -38.3678 17.6297 0.686584 -0.5527 363.776 0 0
1500 91.8662 -8.71432 17.7622 0.579008 -0.126598 363.801 0 0
1500 59.1538 46.6697 17.4311 0.0761173 0.693232 364.008 0 0
1500 110.676 41.3355 17.4807 0.789891 0.543999 364.3 0 0
1500 19.4775 11.1169 17.5511 -0.654283 0.201574 364.348 0 0
1500 -13.5356 22.346 17.4208 -1.01321 0.268083 364.389 0 0
1500 97.0656 -15.5289 18.3932 0.672882 -0.294909 364.462 0 0
1500 84.5652 54.7791 17.4566 0.334355 0.834334 364.729 0 0
1500 55.7195 0.341529 17.6733 -0.070384 0.0390502 364.706 0 0
1500 69.3492 -20.0002 17.491 0.233894 -0.311334 364.714 0 0
1500 53.3693 14.0218 17.8058 -0.0940731 0.157328 364.659 0 0
1500 85.0442 -14.9318 17.5945 0.468102 -0.189843 364.823 0 0
1500 73.7922 -41.3428 17.8353 0.276158 -0.653779 364.883 0 0
1500 51.2382 18.7259 17.6755 -0.134153 0.30137 364.905 0 0
1500 68.8077 20.9354 17.596 0.0969659 0.302474 364.954 0 0
1500 72.6962 -7.65733 18.1751 0.275259 -0.20169 364.948 0 0
1500 90.1047 34.1309 17.6898 0.463766 0.544239 365.007 0 0
1500 88.9213 32.6181 17.7297 0.493655 0.516104 365.124 0 0
1500 109.955 -13.6014 17.5413 0.764621 -0.255487 365.108 0 0
1500 35.9667 0.48727 17.5671 -0.383671 -0.0238469 365.271 0 0
1500 109.535 -2.38423 17.6324 0.80717 -0.02275 365.323 0 0
1500 126.721 -133.749 17.5222 1.08906 -1.99757 365.374 0 0
1500 110.521 -44.8292 17.458 0.781613 -0.583371 365.473 0 0
1500 46.3394 12.3025 17.6732 -0.184365 0.150921 365.55 0 0
1500 62.9482 23.5648 17.6825 0.146911 0.386946 365.623 0 0
1500 125.701 3.25361 17.4623 0.988649 0.0803269 365.661 0 0
1500 76.0631 23.4298 18.3175 0.381751 0.43423 365.673 0 0
1500 93.2743 -12.8965 17.7756 0.576973 -0.235762 365.715 0 0
1500 110.982 -18.8813 17.5718 0.798917 -0.330641 365.796 0 0
1500 44.0269 54.5986 17.6655 -0.261358 0.823635 365.827 0 0
1500 81.3578 -0.395803 18.2139 0.435958 0.0662957 366.022 0 0
1500 56.9538 72.0125 17.4728 0.0416208 1.02108 366.101 0 0
1500 113.28 -10.2396 17.66 0.859608 -0.13796 366.053 0 0
1500 78.4574 -8.3914 18.5755 0.477665 -0.116201 366.17 0 0
1500 98.0708 -14.9195 18.165 0.756734 -0.204136 366.227 0 0
1500 82.6473 32.958 17.9927 0.446036 0.513924 366.937 0 0
1500 91.5775 -21.4574 17.6183 0.453975 -0.323688 367.171 0 0
1500 126.468 -30.4662 17.503 0.977785 -0.375821 367.253 0 0
1500 110.11 36.4113 17.5335 0.782961 0.561789 367.225 0 0
1500 60.0938 14.0909 17.9688 0.0292054 0.241944 367.249 0 0
1500 27.2493 -50.7312 17.528 -0.452846 -0.676812 367.378 0 0
1500 99.9396 42.056 17.7127 0.671481 0.745552 367.619 0 0
1500 74.6419 10.6712 17.718 0.320908 0.200922 367.653 0 0
1500 130.615 -12.5362 17.5185 1.02616 -0.133212 367.796 0 0
1500 44.2084 -13.508 17.992 -0.197304 -0.237581 367.961 0 0
1500 45.0168 -89.7678 17.6308 -0.15512 -1.38106 367.962 0 0
1500 127.122 -25.6509 17.526 0.976134 -0.307628 368.048 0 0
1500 56.7443 -3.71164 18.1548 -0.0148241 -0.127148 368.054 0 0
1500 37.6958 53.7628 17.5529 -0.242455 0.825203 368.356 0 0
1500 37.1894 -35.3362 17.5572 -0.382955 -0.525792 368.458 0 0
1500 16.903 23.0517 17.6107 -0.64119 0.390175 368.59 0 0
1500 55.156 34.3006 17.7522 -0.0876273 0.52416 368.571 0 0
1500 70.1896 6.4341 18.6394 0.33366 0.149576 368.701 0 0
1500 72.8122 -5.82164 18.1721 0.274526 -0.0168241 368.732 0 0
1500 46.1418 -67.0704 17.5383 -0.207338 -1.00541 368.793 0 0
1500 77.8541 58.7318 17.56 0.333899 0.888986 368.972 0 0
1500 72.407 8.29303 17.6662 0.23126 0.197222 369.012 0 0
1500 55.127 -19.2049 17.5999 -0.0955279 -0.340736 369.05 0 0
1500 66.4628 -26.4078 17.6001 0.0735995 -0.447256 369.209 0 0
1500 -7.87049 -25.5065 17.5977 -0.97926 -0.323204 369.258 0 0
1500 65.1835 16.9399 17.6188 0.0390328 0.281178 369.251 0 0
1500 97.2803 -1.01989 18.6893 0.740438 0.0495651 369.283 0 0
1500 128.502 -16.2691 17.6585 1.11195 -0.31804 369.296 0 0
1500 94.6785 53.0225 17.5678 0.534178 0.728591 369.363 0 0
1500 112.809 33.2589 17.5678 0.771753 0.469612 369.363 0 0
1500 101.613 -49.2899 18.0292 0.736371 -0.830886 369.397 0 0
1500 71.2079 -25.4809 18.0346 0.218608 -0.372326 369.446 0 0
1500 90.6322 -30.0274 17.9422 0.57921 -0.453462 369.531 0 0
1500 103.463 -37.681 17.6047 0.658314 -0.506814 369.71 0 0
1500 90.1857 23.7292 17.6678 0.490715 0.422527 369.696 0 0
1500 38.0682 -33.2399 17.6012 -0.347104 -0.545323 369.668 0 0
1500 77.3926 -10.2757 18.6954 0.427114 -0.205793 369.788 0 0
1500 95.0227 38.9035 18.1821 0.707258 0.743639 369.856 0 0
1500 14.2102 -7.67514 17.6021 -0.697755 -0.166422 369.902 0 0
1500 58.7 -24.4647 17.6976 -0.0457697 -0.416223 369.889 0 0
1500 36.1728 -9.03804 17.9993 -0.337958 -0.124084 370.03 0 0
1500 54.5235 54.1655 17.5916 -0.0272616 0.85863 370.121 0 0
1500 74.1848 -36.5283 18.2036 0.287715 -0.668728 370.135 0 0
1500 69.5372 14.6144 17.6607 0.24452 0.250383 370.147 0 0
1500 105.424 -20.5365 17.9482 0.78429 -0.404496 370.219 0 0
1500 56.2946 7.91067 17.643 -0.053474 0.154099 370.384 0 0
1500 134.087 -19.6461 17.7026 1.20869 -0.26119 370.37 0 0
1500 106.07 2.18766 17.6091 0.67305 0.0615117 370.542 0 0
1500 62.024 -27.6694 17.6774 0.0911313 -0.481131 370.587 0 0
1500 127.038 11.4961 18.1815 1.23054 0.224796 370.661 0 0
1500 109.985 13.1016 17.8194 0.842557 0.163081 370.76 0 0
1500 99.8778 53.6344 17.5902 0.651752 0.798078 370.873 0 0
1500 81.0518 -9.55689 18.3614 0.48886 -0.105804 370.956 0 0
1500 25.4102 -6.50676 17.7539 -0.516606 -0.0892686 371.09 0 0
1500 55.0738 18.2377 17.8329 -0.00584729 0.289882 371.135 0 0
1500 59.4887 42.8452 17.8757 0.0849018 0.690114 371.157 0 0
1500 83.5703 -7.05101 17.6598 0.3906 -0.104609 371.254 0 0
1500 57.0291 -63.2796 17.6116 -0.0649247 -0.966312 371.315 0 0
1500 68.3378 50.8288 17.8697 0.149807 0.799028 371.319 0 0
1500 59.3074 -17.4857 17.8415 0.0261775 -0.274922 371.428 0 0
1500 4.12676 4.11185 17.6232 -0.841149 0.00693495 371.447 0 0
1500 34.7791 -12.7335 17.8469 -0.34948 -0.258919 371.572 0 0
1500 96.1424 -32.2383 17.9335 0.618813 -0.53015 371.601 0 0
1500 108.653 -3.74016 17.7595 0.827347 -0.0527206 371.598 0 0
1500 131.047 8.86425 18.0028 1.34038 0.133535 371.7 0 0
1500 104.547 -8.4976 18.2855 0.802638 -0.109753 371.877 0 0
1500 6.91478 -12.4523 17.6246 -0.737199 -0.193936 371.968 0 0
1500 137.255 -0.514078 18.3213 1.54805 -0.00163981 372.134 0 0
1500 84.9095 56.2768 17.6699 0.459016 0.84482 372.344 0 0
1500 83.3773 -10.6544 18.0869 0.386979 -0.190492 372.454 0 0
1500 41.8193 -24.8137 17.6895 -0.299487 -0.413762 372.539 0 0
1500 49.8116 -13.5435 17.7754 -0.168455 -0.202365 372.541 0 0
1500 11.5208 -27.8937 17.7834 -0.717104 -0.450559 372.559 0 0
1500 62.4895 -23.5689 17.7942 0.0116155 -0.364915 372.553 0 0
1500 60.8509 13.605 18.3851 0.121733 0.225488 372.63 0 0
1500 38.6543 -0.695608 17.7788 -0.325886 -0.0193916 372.842 0 0
1500 38.9155 -2.55727 17.7787 -0.322213 -0.0457837 372.836 0 0
1500 80.2383 -31.3788 17.6894 0.27459 -0.510755 372.698 0 0
1500 52.059 4.85699 17.8885 -0.124753 0.00269939 372.761 0 0
1500 117.173 -29.3538 17.809 0.922056 -0.455774 372.901 0 0
1500 40.8866 41.0953 17.7354 -0.231146 0.602519 372.985 0 0
1500 82.7199 -5.3375 17.7583 0.440817 -0.0339307 373.276 0 0
1500 73.2092 36.2716 18.3394 0.323822 0.62405 373.241 0 0
1500 40.9099 -38.9101 17.9927 -0.220933 -0.705945 373.262 0 0
1500 -14.7449 90.5585 17.6605 -1.04497 1.4053 373.43 0 0
1500 91.2531 -10.0963 18.1088 0.610399 -0.142555 373.581 0 0
1500 84.8471 19.1158 17.7619 0.482735 0.309158 373.457 0 0
1500 82.3966 85.5594 18.0241 0.446101 1.45528 373.473 0 0
1500 122.227 21.9081 17.7782 0.994796 0.311134 373.678 0 0
1500 97.9458 -15.1097 18.7838 0.769379 -0.265076 373.68 0 0
1500 92.148 -17.1113 18.0377 0.566235 -0.319681 373.759 0 0
1500 68.6481 40.1005 17.8462 0.239422 0.635982 373.755 0 0
1500 67.0856 23.4719 18.2774 0.185149 0.406219 373.831 0 0
1500 80.2007 9.80644 18.1764 0.386239 0.160356 373.982 0 0
1500 76.4239 41.307 17.8398 0.3484 0.65642 374.002 0 0
1500 47.1593 -17.2936 18.1084 -0.174054 -0.243598 374.051 0 0
1500 123.913 20.5064 17.6891 0.998233 0.319695 374.058 0 0
1500 104.487 35.7734 17.9081 0.728672 0.580789 374.11 0 0
1500 90.7395 -26.782 17.7518 0.502435 -0.379344 374.153 0 0
1500 113.331 24.2244 17.8791 0.944195 0.372298 374.219 0 0
1500 125.751 11.1855 17.7873 1.03486 0.158185 374.342 0 0
1500 26.935 67.7888 17.6503 -0.405972 1.04485 374.623 0 0
1500 4.36719 5.88406 17.7488 -0.848 0.0819263 374.69 0 0
1500 60.716 46.3226 17.7494 0.0360536 0.75957 374.678 0 0
1500 81.4835 18.7472 18.6038 0.45311 0.471251 374.736 0 0
1500 25.4215 12.6066 17.7048 -0.538317 0.248351 374.902 0 0
1500 125.798 7.09461 17.7035 1.01175 0.128801 374.974 0 0
1500 99.4709 -12.7099 17.8724 0.697243 -0.145261 374.999 0 0
1500 103.819 50.3166 17.705 0.704765 0.729984 375.06 0 0
1500 90.8071 15.281 18.9122 0.606579 0.280325 375.094 0 0
1500 77.0184 8.16587 18.4034 0.436925 0.134537 375.222 0 0
1500 87.6624 -5.40519 18.0517 0.508964 -0.0109348 375.152 0 0
1500 57.1164 -18.4747 18.4532 0.0450813 -0.403463 375.151 0 0
1500 124.887 -2.7031 17.7366 1.09129 -0.0252437 375.278 0 0
1500 55.4397 -87.5611 18.0655 -0.0810053 -1.56464 375.284 0 0
1500 84.8684 -62.1991 17.8105 0.408271 -0.954447 375.327 0 0
1500 85.1464 23.9451 18.1847 0.459109 0.420643 375.45 0 0
1500 42.89 26.6558 18.0298 -0.201874 0.462128 375.448 0 0
1500 122.073 4.50821 17.7179 0.949484 0.0917712 375.758 0 0
1500 13.3401 35.5124 17.7641 -0.688228 0.577483 375.636 0 0
1500 32.1741 30.6805 17.8712 -0.361154 0.544152 375.767 0 0
1500 97.0249 14.2172 18.213 0.712807 0.282219 375.806 0 0
1500 151.39 -22.1359 17.9151 1.52966 -0.314898 376.306 0 0
1500 46.7709 -48.231 17.7832 -0.182625 -0.702014 376.216 0 0
1500 40.0035 24.2543 17.8836 -0.278042 0.340285 376.104 0 0
1500 -0.805006 -35.982 17.7091 -0.890864 -0.552161 376.01 0 0
1500 42.5858 -68.5011 17.7118 -0.272971 -1.01154 376.224 0 0
1500 65.5057 68.117 17.7358 0.149871 1.0338 376.18 0 0
1500 93.4971 -12.3474 17.8254 0.61528 -0.163665 376.018 0 0
1500 91.5836 -33.2447 17.6981 0.572568 -0.482833 376.166 0 0
1500 28.2473 10.9364 18.0723 -0.521626 0.233196 376.116 0 0
1500 112.664 22.5493 17.7348 0.803104 0.403855 376.469 0 0
1500 97.5725 25.7516 17.9325 0.636355 0.402378 376.531 0 0
1500 91.1142 6.42827 18.3298 0.562677 0.0791241 376.658 0 0
1500 24.3213 3.87588 17.7095 -0.498623 0.00356967 376.704 0 0
1500 60.9255 -24.8 18.0187 0.0204145 -0.361295 376.869 0 0
1500 100.341 43.9161 17.6714 0.625736 0.715361 376.904 0 0
1500 108.819 -14.0528 17.8262 0.832047 -0.186608 376.867 0 0
1500 108.738 -12.3712 17.8367 0.768696 -0.165442 376.952 0 0
1500 101.693 16.6792 18.2086 0.767471 0.250234 376.985 0 0
1500 46.5266 15.2129 17.7839 -0.131696 0.296419 377.271 0 0
1500 99.559 7.08924 17.7542 0.625104 0.124512 377.404 0 0
1500 89.1528 8.16449 18.4151 0.603906 0.152649 377.433 0 0
1500 98.9077 17.154 18.0125 0.710786 0.251525 377.328 0 0
1500 61.0618 1.608 17.6957 0.0354318 0.0997089 377.436 0 0
1500 74.6082 42.1533 18.8891 0.424376 0.895595 377.356 0 0
1500 106.244 -7.94952 18.0129 0.814298 -0.114278 377.625 0 0
1500 124.624 20.3736 17.6821 1.01109 0.264086 377.701 0 0
1500 0.322306 -46.4855 17.8155 -0.94763 -0.69904 377.827 0 0
1500 110.839 11.8664 18.014 0.876128 0.172645 378.013 0 0
1500 95.4398 -19.4667 18.2065 0.685616 -0.437403 377.979 0 0
1500 12.6224 52.0656 17.7461 -0.647982 0.816661 378.14 0 0
1500 74.8518 9.59917 18.0068 0.361485 0.140421 378.15 0 0
1500 43.375 12.3529 18.0162 -0.213739 0.247927 378.142 0 0
1500 143.874 -9.17946 17.7717 1.29171 -0.156434 378.363 0 0
1500 126.024 18.0259 17.6913 0.986438 0.330082 378.346 0 0
1500 122.525 -21.8293 17.8175 0.992761 -0.335112 378.603 0 0
1500 64.141 32.6317 17.824 0.0344112 0.583447 378.662 0 0
1500 18.5487 -9.0431 17.8969 -0.635429 -0.13155 378.791 0 0
1500 53.6014 -2.01725 17.9236 -0.115557 -0.0184802 378.878 0 0
1500 67.9418 4.79174 17.9762 0.108665 0.0923299 378.923 0 0
1500 145.91 8.50121 17.8768 1.41437 0.183893 379.021 0 0
1500 90.8745 6.53638 17.8151 0.576796 0.0925645 379.142 0 0
1500 35.7791 48.893 17.6949 -0.337936 0.79357 379.248 0 0
1500 86.5274 -19.5449 18.1721 0.491003 -0.276534 379.488 0 0
1500 21.9191 58.4042 17.6968 -0.502903 0.893379 379.507 0 0
1500 95.5364 -6.17533 17.9496 0.66374 -0.156672 379.535 0 0
1500 88.2209 -20.8909 18.1394 0.495167 -0.322372 379.691 0 0
1500 55.3312 -6.5981 18.5229 0.0357274 -0.144616 380.045 0 0
1500 77.2689 7.09413 18.218 0.348981 0.0418398 379.803 0 0
1500 119.877 29.7688 17.7024 0.873499 0.487013 379.89 0 0
1500 57.1471 68.1837 17.7585 0.033735 1.03609 380.092 0 0
1500 44.9342 59.4972 17.6987 -0.200676 0.938539 380.061 0 0
1500 139.799 -56.7133 17.8996 1.34167 -0.937089 380.1 0 0
1500 89.4685 4.95315 18.031 0.571741 0.0500758 380.16 0 0
1500 122.784 16.2303 17.7312 0.97762 0.237866 380.188 0 0
1500 107.251 -12.7896 18.2227 0.835295 -0.222134 380.216 0 0
1500 76.6108 -5.83388 18.4793 0.419002 -0.133576 380.287 0 0
1500 75.6168 -27.2392 17.8566 0.339994 -0.447343 380.256 0 0
1500 32.2785 11.2583 17.8503 -0.431488 0.218066 380.264 0 0
1500 57.7097 40.537 18.1006 0.0137322 0.737534 380.239 0 0
1500 105.856 29.8579 17.8148 0.786236 0.433341 380.389 0 0
1500 21.2565 -68.414 17.9564 -0.588734 -1.12154 380.428 0 0
1500 79.0017 41.8865 17.9769 0.315231 0.678335 380.434 0 0
1500 19.5548 -46.3695 17.7602 -0.62551 -0.712219 380.474 0 0
1500 180.489 21.9714 17.8892 1.99366 0.307758 380.518 0 0
1500 104.552 -26.6391 18.2757 0.84728 -0.461798 380.589 0 0
1500 97.3415 79.57 17.8391 0.578837 1.30316 380.603 0 0
1500 61.1807 51.9813 18.0199 0.0877558 0.927934 380.589 0 0
1500 65.333 67.7684 17.7949 0.143445 1.03289 380.686 0 0
1500 20.1228 52.631 17.7035 -0.556459 0.830572 380.724 0 0
1500 73.4692 24.6585 18.0167 0.211225 0.41855 380.78 0 0
1500 118.937 -3.53698 17.8166 0.970217 -0.0565824 380.958 0 0
1500 83.5256 -35.3022 18.4576 0.427328 -0.664863 380.967 0 0
1500 72.1689 -1.2241 18.1375 0.248539 -0.0796763 381.104 0 0
1500 32.9071 7.67496 18.0127 -0.395916 0.149598 381.243 0 0
1500 70.8775 9.03209 18.4949 0.205307 0.244219 381.32 0 0
1500 74.0465 1.07952 17.845 0.291695 0.0176768 381.661 0 0
1500 119.926 25.8284 17.7357 0.902823 0.420281 381.933 0 0
1500 96.6091 14.8148 18.5907 0.724289 0.233768 381.717 0 0
1500 96.3711 11.0526 18.4936 0.708913 0.186355 381.672 0 0
1500 118.666 -5.80067 17.9484 0.964918 -0.065688 381.485 0 0
1500 110.566 -18.3092 18.1479 0.873793 -0.294446 381.885 0 0
1500 111.885 2.06655 18.0714 0.895728 0.035364 381.443 0 0
1500 77.9137 -30.5567 18.1171 0.389345 -0.50622 381.498 0 0
1500 82.0658 12.8024 18.1983 0.475419 0.228352 381.928 0 0
1500 77.2817 55.1848 17.7375 0.356673 0.831695 381.892 0 0
1500 111.893 15.8987 17.7375 0.870085 0.248927 381.892 0 0
1500 55.1694 30.0589 17.8159 -0.0871385 0.500617 381.581 0 0
1500 125.896 9.26465 17.7578 1.03112 0.116324 382.08 0 0
1500 79.079 38.2518 17.8155 0.266859 0.617227 382.18 0 0
1500 87.169 9.06324 17.8471 0.522825 0.157757 382.105 0 0
1500 98.9717 51.413 17.7216 0.567175 0.794634 382.329 0 0
1500 28.4815 57.4107 17.7215 -0.426175 0.879308 382.316 0 0
1500 90.9331 24.2127 18.1964 0.601461 0.393538 382.463 0 0
1500 54.4494 45.0598 17.9202 -0.0710661 0.730723 382.415 0 0
1500 47.6831 -47.554 17.8258 -0.17437 -0.778572 382.396 0 0
1500 51.2887 -44.5747 17.9695 -0.0816027 -0.771059 382.326 0 0
1500 79.6982 -30.7934 18.2732 0.38597 -0.565325 382.398 0 0
1500 104.297 -9.65491 18.1403 0.757316 -0.162003 382.481 0 0
1500 125.587 -6.16967 17.8271 1.04414 -0.0928839 382.465 0 0
1500 51.8057 -5.2262 18.2597 -0.0819928 -0.0276294 382.583 0 0
1500 111.926 37.0672 17.7263 0.746324 0.589804 382.652 0 0
1500 103.291 45.2606 17.7392 0.733816 0.676481 382.689 0 0
1500 76.0322 63.5958 17.7394 0.333955 0.94463 382.737 0 0
1500 59.7795 -64.6766 18.0304 0.0309097 -1.07093 382.631 0 0
1500 35.6288 1.80579 17.9061 -0.447907 0.00108293 382.64 0 0
1500 96.1414 50.9175 17.8346 0.634857 0.767269 382.884 0 0
1500 56.7721 43.5112 18.6091 0.0411631 0.805104 383.03 0 0
1500 105.52 52.7026 18.3928 0.879881 0.925736 383.159 0 0
1500 -21.9052 -62.1492 17.9533 -1.37753 -0.982817 383.193 0 0
1500 56.2423 2.51311 18.1862 -0.0175962 -0.0214823 383.281 0 0
1500 124.06 -9.92544 17.8387 1.00782 -0.14432 383.479 0 0
1500 70.3657 -13.8751 17.9926 0.286048 -0.230449 383.536 0 0
1500 24.4813 -23.9269 18.2656 -0.635185 -0.450347 383.782 0 0
1500 70.6689 -15.1606 18.4032 0.183461 -0.325316 383.838 0 0
1500 20.6721 6.06499 18.0334 -0.596603 0.0930376 383.897 0 0
1500 62.5021 48.6262 17.7509 0.0520111 0.737316 384.066 0 0
1500 101.854 -54.5624 17.7634 0.696885 -0.774202 384.057 0 0
1500 23.1724 -1.0316 18.0084 -0.617152 -0.0632648 384.155 0 0
1500 120.92 6.97701 17.8487 0.954363 0.0922112 384.176 0 0
1500 113.255 -42.2995 17.7495 0.860161 -0.593586 384.254 0 0
1500 70.2076 -65.3451 17.8281 0.157491 -1.01646 384.217 0 0
1500 58.3476 13.9793 18.3076 0.0751985 0.29793 384.25 0 0
1500 61.7348 -19.5719 17.7986 0.0679836 -0.330801 384.37 0 0
1500 78.9305 35.2184 18.4989 0.388499 0.611299 384.607 0 0
1500 26.3279 22.1635 17.867 -0.46308 0.40938 384.753 0 0
1500 110.83 20.3758 17.8614 0.805487 0.275687 384.937 0 0
1500 113.943 8.19534 17.861 0.848613 0.108052 384.913 0 0
1500 98.6347 -31.7033 17.987 0.696707 -0.488418 384.916 0 0
1500 54.8814 -48.1622 17.9442 -0.0858028 -0.758531 384.882 0 0
1500 70.1941 11.8579 17.7804 0.195984 0.257668 384.877 0 0
1500 61.4011 26.6997 17.7703 0.0364046 0.430256 384.992 0 0
1500 38.4131 -28.7554 17.9114 -0.330175 -0.488839 385.08 0 0
1500 112.328 -2.19605 17.9868 0.894994 -0.053497 385.177 0 0
1500 50.7454 -1.66884 18.2593 -0.116936 -0.0468643 385.198 0 0
1500 114.917 -32.825 17.7626 0.869542 -0.45032 385.412 0 0
1500 101.004 -14.3703 18.2594 0.748301 -0.252895 385.398 0 0
1500 37.9418 -64.9881 17.8381 -0.30518 -0.991441 385.594 0 0
1500 113.548 -19.0886 17.9871 0.907245 -0.299543 385.602 0 0
1500 115.224 -9.49816 17.987 0.932703 -0.159841 385.527 0 0
1500 33.9922 50.829 17.8633 -0.341727 0.827443 385.881 0 0
1500 60.7298 -51.3688 17.9079 0.00600392 -0.819744 385.875 0 0
1500 105.445 45.7935 18.0606 0.833697 0.726758 385.646 0 0
1500 101.771 -25.7298 18.1884 0.741971 -0.500465 385.537 0 0
1500 85.8324 17.4998 18.2322 0.440449 0.326961 386.107 0 0
1500 46.5381 -62.9575 17.9194 -0.144164 -1.06162 386.045 0 0
1500 40.0222 18.4302 18.0834 -0.307933 0.405468 386.274 0 0
1500 82.6912 4.60942 19.1122 0.505445 0.0386755 386.39 0 0
1500 69.7648 4.77566 18.5623 0.292483 0.0938292 386.502 0 0
1500 115.488 -20.2832 17.7863 0.91773 -0.268485 386.317 0 0
1500 29.7849 28.2966 17.8023 -0.431348 0.506236 386.475 0 0
1500 101.082 8.42035 18.4894 0.83786 0.232846 386.394 0 0
1500 11.7114 46.2519 17.8815 -0.713798 0.713238 386.582 0 0
1500 65.0561 -60.9122 17.972 0.136754 -0.961764 386.712 0 0
1500 94.1019 1.87039 18.0985 0.644658 0.0583228 386.543 0 0
1500 107.193 -5.46977 18.0672 0.839156 -0.0560478 386.574 0 0
1500 85.8889 -13.3478 17.8147 0.399547 -0.275966 386.635 0 0
1500 71.222 3.39798 18.582 0.25764 0.111239 386.889 0 0
1500 49.4633 -55.4861 17.8748 -0.185204 -0.855891 386.856 0 0
1500 71.7408 -0.753962 17.9437 0.213108 -0.0867502 386.884 0 0
1500 94.5501 21.7823 17.9032 0.573656 0.403553 386.954 0 0
1500 123.504 9.85476 17.8949 1.00737 0.201805 387.188 0 0
1500 98.5492 21.8658 17.7889 0.624322 0.31343 387.057 0 0
1500 84.1656 -19.056 17.8722 0.346712 -0.337509 387.094 0 0
1500 82.2148 3.37039 18.2839 0.464993 -0.0118781 387.466 0 0
1500 60.5878 30.0937 17.8467 0.113785 0.491861 387.488 0 0
1500 94.2748 -2.2268 18.556 0.626985 -0.00237545 387.513 0 0
1500 38.4633 18.5581 17.9158 -0.304466 0.295015 387.675 0 0
1500 102.204 -4.84527 18.1631 0.753158 -0.0204229 387.711 0 0
1500 88.1212 -48.9877 17.8886 0.511934 -0.879688 387.588 0 0
1500 80.7103 32.166 17.9479 0.396387 0.552794 387.748 0 0
1500 70.3497 -12.0305 18.5602 0.296021 -0.200797 387.938 0 0
1500 63.005 21.6655 17.9188 0.0277356 0.33645 387.814 0 0
1500 48.4531 -65.168 17.7894 -0.117066 -0.990231 387.79 0 0
1500 41.4469 -9.08184 18.1103 -0.25672 -0.206572 387.891 0 0
1500 118.622 17.1672 18.1122 1.07603 0.232391 387.846 0 0
1500 105.849 -25.4951 17.9903 0.780783 -0.43492 388.077 0 0
1500 58.0345 -47.1685 17.9098 0.04148 -0.780442 388.113 0 0
1500 72.8587 50.3129 17.8882 0.303474 0.789011 388.173 0 0
1500 35.4248 27.2457 17.8133 -0.401011 0.470662 388.163 0 0
1500 49.7095 23.5214 18.7501 -0.108034 0.429485 388.177 0 0
1500 36.4021 -5.34968 17.9128 -0.382084 -0.0379159 388.315 0 0
1500 117.372 -27.5165 17.9034 0.906042 -0.47095 388.658 0 0
1500 38.6115 -51.2333 17.9658 -0.298279 -0.830208 388.523 0 0
1500 89.7022 42.9708 17.9432 0.525458 0.706917 388.599 0 0
1500 109.453 9.59686 17.9041 0.852414 0.114382 388.441 0 0
1500 13.7762 -30.9112 17.8632 -0.715484 -0.508577 388.413 0 0
1500 130.951 23.4803 17.8361 1.20658 0.333681 388.471 0 0
1500 73.9 64.3805 18.1629 0.311523 1.12636 388.485 0 0
1500 110.421 14.6981 18.1016 0.915184 0.322395 388.366 0 0
1500 72.988 2.07284 17.9201 0.281387 0.0205712 388.809 0 0
1500 77.943 -49.3147 18.2781 0.352427 -0.867569 388.834 0 0
1500 68.1542 -5.83922 19.1461 0.307652 -0.131993 388.838 0 0
1500 65.1916 -1.37137 18.3142 0.193773 0.0338384 388.852 0 0
1500 -6.93265 -1.42975 17.8042 -0.989847 -0.0901769 388.854 0 0
1500 55.0807 29.3007 17.9222 -0.0208982 0.466247 388.915 0 0
1500 24.5016 -39.7186 17.857 -0.556792 -0.646005 388.954 0 0
1500 73.1241 -45.5904 17.977 0.211787 -0.804668 388.905 0 0
1500 79.6507 -39.8642 18.7365 0.48895 -0.803257 388.964 0 0
1500 106.39 40.0877 17.8615 0.717101 0.624468 389.102 0 0
1500 56.6653 4.69918 17.9308 0.000654753 0.130846 389.333 0 0
1500 60.9704 67.0749 17.7795 0.0510546 1.03544 389.243 0 0
1500 73.7971 42.3936 18.2548 0.304161 0.706497 389.317 0 0
1500 63.3854 -3.28472 18.0285 0.127688 -0.124346 389.261 0 0
1500 55.506 27.4855 17.9791 0.0293632 0.492335 389.229 0 0
1500 73.5338 5.30591 18.2438 0.308667 0.112123 389.453 0 0
1500 89.7854 8.67505 18.7433 0.65192 0.117459 389.45 0 0
1500 78.0135 -18.1137 17.8376 0.336966 -0.221627 389.513 0 0
1500 120.243 -11.0295 17.9652 1.00422 -0.159514 389.607 0 0
1500 111.691 -33.9957 18.0952 0.907953 -0.622294 389.659 0 0
1500 59.7905 59.9179 17.7991 0.0349226 0.968725 389.763 0 0
1500 88.2649 -2.56164 18.0238 0.504496 -0.112537 389.702 0 0
1500 92.6306 -54.5411 17.8941 0.590347 -0.826538 389.811 0 0
1500 96.9714 47.5505 17.7989 0.589227 0.782889 389.863 0 0
1500 169.592 6.95626 17.8701 1.7893 0.0701926 389.903 0 0
1500 85.8193 11.3181 18.443 0.545899 0.25715 389.82 0 0
1500 89.1383 54.6125 17.8658 0.539809 0.832052 389.991 0 0
1500 123.918 -4.86252 17.8354 1.03841 -0.042277 390.409 0 0
1500 9.34305 41.1499 17.8037 -0.773934 0.661018 390.385 0 0
1500 71.8867 -40.1817 17.8356 0.288349 -0.628531 390.148 0 0
1500 97.5515 16.3241 17.7957 0.652331 0.306566 390.39 0 0
1500 103.937 16.8303 18.0273 0.769469 0.333491 390.37 0 0
1500 58.377 25.2508 17.9431 -0.0738435 0.436377 390.387 0 0
1500 13.0723 46.0837 17.8038 -0.717387 0.73269 390.511 0 0
1500 72.7382 16.9813 18.2428 0.343971 0.277538 390.508 0 0
1500 109.446 7.33993 17.84 0.841604 0.0620465 390.539 0 0
1500 71.3447 -7.71831 18.0015 0.189124 -0.187369 390.5 0 0
1500 72.071 -27.2303 18.1314 0.259198 -0.484238 390.609 0 0
1500 77.1645 13.5758 18.3656 0.368397 0.224453 391.154 0 0
1500 74.6778 5.91686 17.8692 0.252217 0.144539 390.927 0 0
1500 102.217 15.3521 17.9364 0.661272 0.266667 391.049 0 0
1500 56.9722 101.323 17.9882 -0.0185959 1.73778 390.851 0 0
1500 45.8549 37.4822 17.9652 -0.274436 0.629944 391.059 0 0
1500 93.2062 -31.4598 17.9301 0.609797 -0.60282 391.244 0 0
1500 1.37917 -36.4463 17.8673 -0.864539 -0.567404 391.253 0 0
1500 20.3134 16.8436 17.8055 -0.645521 0.301719 391.269 0 0
1500 70.1627 -5.76686 17.9024 0.202428 -0.0178276 391.483 0 0
1500 90.6074 18.2377 17.9437 0.498846 0.3046 391.463 0 0
1500 118.861 32.4474 17.8012 0.894632 0.544936 391.434 0 0
1500 28.5503 12.9112 18.0675 -0.486487 0.165251 391.432 0 0
1500 81.9178 12.1 17.832 0.437336 0.225348 391.376 0 0
1500 76.3449 -33.9891 18.022 0.281287 -0.530389 391.654 0 0
1500 90.0245 -16.9835 17.8377 0.501858 -0.203852 391.544 0 0
1500 113.526 -26.3502 17.7887 0.881418 -0.340497 391.529 0 0
1500 73.7977 -39.7379 17.874 0.269931 -0.679962 391.639 0 0
1500 100.799 17.8703 18.1537 0.716431 0.362875 391.544 0 0
1500 118.859 -11.628 17.7881 0.959055 -0.118758 391.707 0 0
1500 43.3924 28.8234 17.859 -0.246612 0.518346 391.681 0 0
1500 116.395 35.936 17.803 0.854123 0.59258 391.803 0 0
1500 76.9801 57.3307 17.7879 0.330597 0.914799 391.765 0 0
1500 59.1754 20.9476 17.8391 -0.0553278 0.354729 391.748 0 0
1500 -14.4345 42.4458 18.1054 -1.2688 0.749736 391.77 0 0
1500 25.411 58.3372 17.8085 -0.524042 0.894925 391.934 0 0
1500 99.0862 9.83388 18.4521 0.756883 0.127952 391.887 0 0
1500 78.3832 -2.94674 18.3466 0.445782 -0.0674844 391.994 0 0
1500 80.0297 -1.92113 17.93 0.429767 -0.0325125 392.025 0 0
1500 65.0376 -2.97409 17.9572 0.151986 0.0243021 392.178 0 0
1500 88.3924 -0.808634 18.3583 0.575567 -0.100985 392.193 0 0
1500 82.3366 -3.55223 18.6704 0.573164 -0.115502 392.104 0 0
1500 89.1605 -8.27743 18.4505 0.553563 -0.102361 392.409 0 0
1500 89.8838 1.68099 18.3055 0.542988 0.0512075 392.31 0 0
1500 50.5441 -18.1569 17.9829 -0.119548 -0.302697 392.386 0 0
1500 37.5837 13.8385 17.9604 -0.33178 0.191262 392.282 0 0
1500 122.294 2.52575 17.8456 0.987472 0.0643934 392.279 0 0
1500 119.286 -20.0402 17.8468 0.942732 -0.257477 392.41 0 0
1500 137.943 -70.3649 17.8223 1.24997 -1.03383 392.349 0 0
1500 107.262 40.2242 17.787 0.778511 0.653477 392.271 0 0
1500 106.683 40.6409 17.787 0.770252 0.659977 392.24 0 0
1500 104.462 -38.2227 17.9023 0.75277 -0.624022 392.39 0 0
1500 68.4719 -40.333 17.9417 0.239524 -0.656803 392.556 0 0
1500 94.6294 7.59186 17.8503 0.642197 0.131237 392.324 0 0
1500 57.964 8.32696 18.5498 0.0618842 0.236103 392.386 0 0
1500 65.0556 4.02526 18.4301 0.156613 0.129862 392.584 0 0
1500 17.1923 -14.2715 17.9408 -0.673825 -0.257906 392.607 0 0
1500 76.7777 -25.6833 18.0916 0.34203 -0.384733 392.777 0 0
1500 19.7187 49.9612 17.816 -0.598118 0.763114 392.894 0 0
1500 75.0884 42.07 18.0276 0.351372 0.673324 392.695 0 0
1500 30.8294 11.8552 17.8862 -0.490439 0.163643 392.673 0 0
1500 61.7386 -17.8778 18.8527 0.108411 -0.315125 392.744 0 0
1500 33.7799 -38.3277 17.8842 -0.362228 -0.700181 392.715 0 0
1500 114.712 16.4707 17.8526 0.870507 0.261 392.975 0 0
1500 100.319 -5.10938 18.1248 0.747699 -0.101153 392.973 0 0
1500 123.374 1.32186 18.0159 1.04584 0.0179531 393.131 0 0
1500 61.1511 62.5034 17.8186 -0.00669566 0.938527 393.163 0 0
1500 46.0961 -38.5031 17.8816 -0.25231 -0.613705 393.036 0 0
1500 67.0412 -38.9682 17.8202 0.0860558 -0.661635 393.078 0 0
1500 76.0588 -15.5238 17.889 0.303962 -0.317652 393.07 0 0
1500 23.0512 198.99 17.8787 -0.587738 3.24752 393.039 0 0
1500 83.064 15.4288 18.6734 0.490302 0.39013 393.092 0 0
1500 93.1101 20.8304 18.1425 0.581175 0.301175 393.221 0 0
1500 78.7312 -17.0682 18.5394 0.341073 -0.288994 393.213 0 0
1500 66.0393 13.3297 17.9787 0.172101 0.23018 393.308 0 0
1500 103.57 41.1497 17.8145 0.655054 0.654913 393.195 0 0
1500 123.291 -13.9713 17.8286 1.02434 -0.217779 393.287 0 0
1500 125.89 5.20503 17.7881 1.04009 0.130662 393.272 0 0
1500 69.0847 153.346 18.1943 0.245044 2.82038 393.32 0 0
1500 37.7534 53.932 17.8182 -0.278508 0.832631 393.52 0 0
1500 116.164 -14.0395 18.0199 0.955766 -0.235839 393.464 0 0
1500 96.7958 46.3544 17.8151 0.647723 0.73347 393.397 0 0
1500 79.7273 -33.6439 18.105 0.438021 -0.534123 393.571 0 0
1500 34.9607 -82.2897 18.0047 -0.384233 -1.36214 393.577 0 0
1500 55.6444 -6.76703 18.2588 -0.0636472 -0.209318 393.459 0 0
1500 -3.08245 -24.1186 17.8221 -0.913191 -0.371439 393.65 0 0
1500 54.5666 -18.5463 18.1134 0.00744705 -0.3563 393.592 0 0
1500 12.4079 22.8551 17.8145 -0.754001 0.293455 393.595 0 0
1500 51.2382 47.1774 17.8836 -0.0647469 0.803276 393.59 0 0
1500 29.9383 -7.83435 18.241 -0.448424 -0.104316 394.184 0 0
1500 70.2482 -5.24915 19.1295 0.364859 -0.098139 393.741 0 0
1500 75.0956 -6.39405 18.209 0.318362 -0.0364593 393.865 0 0
1500 40.7198 49.8247 17.8282 -0.29382 0.749602 393.974 0 0
1500 7.73506 42.5675 17.8411 -0.785033 0.643692 393.875 0 0
1500 41.1282 65.3506 17.7926 -0.199389 0.998381 394.212 0 0
1500 64.178 66.9101 17.7908 0.134423 1.02545 393.907 0 0
1500 65.1256 66.5637 17.8131 0.169413 1.02403 394.258 0 0
1500 8.81843 -35.1053 17.931 -0.785874 -0.564669 393.925 0 0
1500 74.0459 -49.4114 17.8132 0.1926 -0.815171 393.727 0 0
1500 41.2086 -47.4747 17.8129 -0.310723 -0.785079 393.76 0 0
1500 64.6202 -57.2245 17.8088 0.0476918 -0.927436 394.257 0 0
1500 49.911 14.1836 18.2447 -0.144786 0.23192 393.932 0 0
1500 106.094 8.12942 17.8832 0.810416 0.158147 394.012 0 0
1500 30.4453 28.1017 17.9642 -0.44054 0.501119 394.352 0 0
1500 42.3364 4.9087 17.9174 -0.294198 0.127245 393.757 0 0
1500 72.9673 -37.2398 17.8211 0.303502 -0.599123 394.282 0 0
1500 121.578 -16.6543 18.4691 1.14503 -0.296754 393.831 0 0
1500 107.701 35.0935 17.9304 0.799703 0.646045 394.094 0 0
1500 120.049 13.4093 18.0378 1.00602 0.224281 394.4 0 0
1500 71.9172 15.6869 17.8706 0.233259 0.272757 394.543 0 0
1500 93.5697 -7.89183 18.2971 0.670913 -0.125607 394.414 0 0
1500 73.5761 -27.8212 18.3104 0.355752 -0.468791 394.488 0 0
1500 77.3998 21.5904 17.8393 0.276259 0.36767 395 0 0
1500 111.71 -33.7041 17.9289 0.87273 -0.538284 394.642 0 0
1500 89.1648 27.7085 17.9763 0.545026 0.483023 394.662 0 0
1500 92.4543 41.0287 17.8133 0.598928 0.607271 394.994 0 0
1500 24.5328 -21.0012 17.9162 -0.578313 -0.34888 394.867 0 0
1500 51.7716 10.2227 18.0274 -0.0536782 0.233753 394.801 0 0
1500 45.8761 25.4393 18.1218 -0.257615 0.426636 394.842 0 0
1500 50.0873 -19.8457 18.2192 -0.103564 -0.372483 395.025 0 0
1500 52.5997 29.8733 18.1055 -0.0288487 0.532367 395.025 0 0
1500 90.796 -35.4143 18.1058 0.580313 -0.592565 395.125 0 0
1500 68.4096 31.792 17.9621 0.17982 0.516082 395.511 0 0
1500 105.903 -23.8362 17.8478 0.74534 -0.349555 395.642 0 0
1500 72.8795 65.2529 17.8437 0.197147 1.02146 395.438 0 0
1500 14.3237 49.9846 17.8446 -0.654953 0.795922 395.676 0 0
1500 116.889 -23.5529 17.8741 0.956086 -0.319758 395.337 0 0
1500 102.998 23.0217 17.9708 0.750708 0.407911 395.197 0 0
1500 92.492 -24.2423 17.807 0.567783 -0.442182 395.271 0 0
1500 106.814 -5.29337 17.8036 0.785669 -0.14828 395.577 0 0
1500 73.1014 -22.3831 17.9688 0.327753 -0.342786 395.481 0 0
1500 -34.5771 -26.4149 17.9719 -1.51088 -0.452584 395.431 0 0
1500 133.072 -19.7614 18.1827 1.29645 -0.362331 395.655 0 0
1500 40.7832 67.5453 17.99 -0.306276 1.19697 395.361 0 0
1500 97.7454 28.0977 18.1706 0.691469 0.568706 395.61 0 0
1500 62.7423 17.61 18.1385 0.055359 0.401081 395.236 0 0
1500 94.223 -39.5112 17.9206 0.567212 -0.607706 396.314 0 0
1500 119.859 -23.2559 17.9094 0.985882 -0.341718 395.952 0 0
1500 35.1372 -62.4559 17.875 -0.344533 -0.982373 395.992 0 0
1500 116.466 -10.3011 18.0984 0.954089 -0.210274 396.087 0 0
1500 123.15 22.3787 18.1171 1.13489 0.413053 396.063 0 0
1500 35.5711 -88.5878 17.9354 -0.331937 -1.52884 395.938 0 0
1500 5.16093 -44.5368 18.1515 -0.926288 -0.735553 396.223 0 0
1500 89.5922 35.7794 18.7031 0.681262 0.781213 395.994 0 0
1500 79.9954 -23.9041 18.0501 0.342551 -0.394561 396.705 0 0
1500 2.56054 -30.1896 17.9005 -0.890612 -0.476408 396.783 0 0
1500 98.8001 -32.4817 17.9542 0.711981 -0.489743 396.72 0 0
1500 -16.2335 44.2429 17.8629 -1.18188 0.730018 396.711 0 0
1500 17.7681 -11.687 18.0087 -0.663868 -0.208256 396.804 0 0
1500 79.7792 0.653116 18.2254 0.373082 -0.0660869 396.544 0 0
1500 59.812 25.7146 17.8547 0.0476392 0.476481 396.524 0 0
1500 165.423 -10.1003 17.8934 1.82589 -0.158538 396.757 0 0
1500 56.9313 -21.5724 18.0774 -0.0053587 -0.440861 396.566 0 0
1500 -8.68306 8.33416 17.804 -1.02682 0.0670168 396.841 0 0
1500 115.25 -53.7717 17.9633 0.976767 -0.840975 396.841 0 0
1500 58.376 -24.0101 17.9695 -0.00800549 -0.393426 397.069 0 0
1500 36.4088 -14.9944 17.969 -0.310218 -0.269553 397.04 0 0
1500 123.389 6.45179 17.8729 1.027 0.126603 397.058 0 0
1500 122.644 -13.6209 17.9209 1.06389 -0.294171 397.09 0 0
1500 4.24607 -36.6937 17.8992 -0.860578 -0.570576 397.156 0 0
1500 77.8568 -20.1242 17.9676 0.311487 -0.342148 397.205 0 0
1500 63.9524 -8.64945 18.246 0.0839767 -0.178734 397.273 0 0
1500 119.385 15.8259 17.9282 0.949897 0.276815 397.587 0 0
1500 85.8596 0.591826 18.5194 0.495076 -0.0446658 397.701 0 0
1500 69.471 -1.26736 17.8881 0.166708 0.0512407 397.408 0 0
1500 45.7269 -64.4527 17.8652 -0.157566 -1.01044 397.462 0 0
1500 71.4905 -36.1698 17.9406 0.200333 -0.631054 397.44 0 0
1500 51.8045 -24.5245 18.0046 -0.122384 -0.439632 397.659 0 0
1500 12.6741 -4.49459 17.8719 -0.73433 0.0015628 397.348 0 0
1500 60.4261 -42.3059 17.8871 0.0879582 -0.642053 397.768 0 0
1500 4.20904 26.585 17.8625 -0.853346 0.461544 397.945 0 0
1500 76.8929 36.4878 18.0883 0.292963 0.633412 398.078 0 0
1500 69.8519 -28.6271 17.9073 0.210105 -0.453361 398.246 0 0
1500 97.4572 -7.56574 18.3563 0.691051 -0.113618 398.281 0 0
1500 89.5914 14.4898 18.2735 0.602745 0.253746 398.227 0 0
1500 35.7192 -5.77944 18.0883 -0.339631 -0.107501 398.714 0 0
1500 64.8531 -13.8062 17.9005 0.12079 -0.2572 398.412 0 0
1500 62.8646 -55.943 17.8137 0.0197401 -0.853833 398.424 0 0
1500 118.783 23.411 17.7974 0.923169 0.283643 398.455 0 0
1500 32.5789 61.7814 17.8834 -0.428844 0.955461 398.627 0 0
1500 100.403 -27.2369 18.0505 0.724269 -0.446699 398.815 0 0
1500 94.6094 17.3826 18.2703 0.675801 0.296243 398.498 0 0
1500 80.9453 39.9493 18.1824 0.361368 0.6719 398.67 0 0
1500 109.836 4.36345 18.346 0.900279 0.12838 398.42 0 0
1500 91.0708 -38.3171 17.8683 0.503392 -0.662661 398.358 0 0
1500 101.431 0.991947 18.0811 0.735418 -0.0484032 398.907 0 0
1500 92.7621 6.003 18.0859 0.607176 0.0280003 398.513 0 0
1500 82.778 36.846 17.9026 0.455786 0.603952 398.503 0 0
1500 49.8 20.8052 18.2872 -0.088441 0.38936 399.039 0 0
1500 62.6761 -42.6961 18.0279 0.0948013 -0.727949 399.001 0 0
1500 47.0286 97.382 17.8631 -0.195853 1.57712 398.894 0 0
1500 56.0547 -8.66966 17.9069 0.0168664 -0.203272 398.439 0 0
1500 53.7856 10.7674 17.8974 -0.114462 0.112457 399.18 0 0
1500 36.0177 -0.0442379 18.0243 -0.420467 0.0342591 398.444 0 0
1500 52.4815 -57.0182 18.0608 -0.054843 -1.01426 399.037 0 0
1500 32.3347 6.48548 18.1935 -0.436067 0.179977 399.076 0 0
1500 38.1639 3.84347 18.0061 -0.408353 0.0505786 398.896 0 0
1500 56.1994 86.1269 18.0461 -0.0276935 1.56353 398.91 0 0
1500 49.3476 -15.583 17.9617 -0.165689 -0.251893 399.376 0 0
1500 71.3067 13.5853 17.8668 0.255272 0.20202 399.266 0 0
1500 97.9879 12.2885 18.3317 0.73933 0.17333 399.228 0 0
1500 144.369 -52.1171 17.8156 1.29257 -0.856271 399.391 0 0
1500 92.9367 3.16543 18.1803 0.645904 0.0793285 399.27 0 0
1500 109.831 17.435 18.0428 0.899944 0.273282 399.447 0 0
1500 113.734 16.3373 18.0441 0.931556 0.2707 399.544 0 0
1500 -6.28331 12.0069 17.8857 -0.984939 0.215483 399.897 0 0
1500 -6.35127 -18.3591 17.8793 -1.01258 -0.265958 399.589 0 0
1500 90.8106 -46.5786 18.0188 0.516476 -0.775584 399.983 0 0
1500 67.0561 -17.6416 18.4364 0.201238 -0.340357 399.868 0 0
1500 74.3647 35.9198 18.2467 0.291672 0.617673 399.862 0 0
1500 47.7846 -48.3239 17.8674 -0.0903372 -0.778805 399.788 0 0
1500 76.2291 -54.4245 17.8541 0.322263 -0.887656 399.911 0 0
1500 76.8376 33.0536 17.941 0.372025 0.544346 400.12 0 0
1500 61.7703 -37.3701 17.8869 0.0103131 -0.633335 399.901 0 0
1500 95.3045 21.7219 17.8808 0.633003 0.390155 400.379 0 0
1500 59.8203 -15.3698 18.0206 -0.0212131 -0.211133 400.3 0 0
1500 61.4476 -18.3372 18.02 0.00403977 -0.257037 400.337 0 0
1500 -70.8594 100.459 17.8894 -2.17952 1.61428 400.383 0 0
1500 82.719 -0.163402 18.27 0.513516 0.0546368 399.804 0 0
1500 115.291 -19.0538 18.251 1.04395 -0.400175 399.6 0 0
1500 76.043 -21.3127 18.7377 0.419475 -0.454779 399.855 0 0
1500 116.591 -7.51724 18.8963 1.23478 -0.166352 399.751 0 0
1500 53.7242 17.548 18.4358 -0.0258212 0.405549 400.101 0 0
1500 101.32 17.5228 18.9292 0.98199 0.357164 399.895 0 0
1500 74.5169 -58.8163 18.0157 0.269432 -0.952443 400.483 0 0
1500 61.2685 -10.3349 17.8492 0.109413 -0.145902 401.15 0 0
1500 74.186 -27.2876 17.9479 0.307699 -0.392526 400.763 0 0
1500 88.6176 -37.4128 17.9541 0.495261 -0.570164 401.258 0 0
1500 122.585 -4.26433 17.9894 1.04495 -0.0541522 401.2 0 0
1500 46.0782 27.0251 18.2686 -0.151617 0.470664 401.055 0 0
1500 94.9959 -53.1048 17.8839 0.630191 -0.815044 401.281 0 0
1500 104.615 -1.68305 18.1346 0.801548 0.0238879 400.724 0 0
1500 99.3648 -33.6618 17.9969 0.711022 -0.548866 400.721 0 0
1500 106.353 -9.23182 18.0748 0.837227 -0.151363 401.093 0 0
1500 -49.1038 -4.35399 17.8162 -1.6714 -0.00782489 400.97 0 0
1500 107.465 29.7177 17.8298 0.807647 0.500561 401.148 0 0
1500 46.1413 54.3273 17.8366 -0.232062 0.882575 401.055 0 0
1500 73.1056 -3.77098 18.2961 0.254421 -0.124377 401.024 0 0
1500 104.428 -10.8854 17.9219 0.79115 -0.196545 401.009 0 0
1500 53.711 -22.9429 18.1447 -0.0711981 -0.41368 400.749 0 0
1500 101.195 -19.6656 17.8858 0.677151 -0.37827 400.76 0 0
1500 66.2033 -19.0901 18.0641 0.111585 -0.357799 400.744 0 0
1500 50.6001 -30.8774 17.9536 -0.117768 -0.552112 400.769 0 0
1500 113.236 26.947 17.9884 0.924939 0.524305 400.82 0 0
1500 112.804 66.9885 17.9523 0.926337 1.1863 400.983 0 0
1500 75.3377 -42.8061 18.063 0.278159 -0.80073 400.64 0 0
1500 64.7803 -34.8175 18.1034 0.138159 -0.708058 400.964 0 0
1500 87.5685 -7.87911 18.2064 0.521497 -0.10759 401.5 0 0
1500 89.7421 -9.96263 18.1202 0.538416 -0.165291 401.429 0 0
1500 111.276 6.19143 17.949 0.8421 0.0932049 401.452 0 0
1500 104.712 -26.7458 18.072 0.808455 -0.413838 401.42 0 0
1500 59.3672 -32.1438 18.2899 0.0445285 -0.553595 401.456 0 0
1500 74.5987 -0.258538 18.8308 0.376346 -0.056273 401.797 0 0
1500 101.724 13.5336 18.0938 0.704682 0.224351 401.805 0 0
1500 122.919 -6.53801 17.9895 1.04123 -0.086884 401.764 0 0
1500 55.7983 66.2157 17.9127 -0.0059916 1.03895 401.762 0 0
1500 101.577 -49.7125 17.8829 0.722352 -0.758227 401.833 0 0
1500 114.205 -33.9991 17.7961 0.894089 -0.456816 401.735 0 0
1500 -1.18057 -29.2536 17.8939 -0.939342 -0.492296 401.809 0 0
1500 99.2205 7.56341 17.8673 0.702635 0.120494 401.868 0 0
1500 57.0123 -6.1099 18.4916 0.0188424 -0.0385101 401.909 0 0
1500 59.1713 -22.8578 18.3931 0.0622833 -0.378749 402.6 0 0
1500 93.0709 38.0425 17.8432 0.517154 0.610925 402.582 0 0
1500 122.416 -5.75877 17.9232 1.0203 -0.09813 402.654 0 0
1500 13.2618 47.8796 17.8293 -0.714307 0.764703 402.746 0 0
1500 118.812 23.3618 17.7942 0.955381 0.404459 402.301 0 0
1500 124.876 1.96305 17.7937 1.04187 0.0842623 402.567 0 0
1500 71.4426 -71.6904 17.854 0.26747 -1.1106 402.452 0 0
1500 120.318 5.23878 17.9118 1.01171 0.0487261 402.446 0 0
1500 101.978 -35.2603 17.8668 0.672394 -0.612157 401.964 0 0
1500 92.6955 21.1429 17.9657 0.610608 0.285725 402.278 0 0
1500 85.0519 51.6688 17.8798 0.383218 0.851027 402.298 0 0
1500 78.2325 -18.4045 17.9514 0.384244 -0.337642 402.106 0 0
1500 64.9853 -165.295 17.8855 0.0624754 -2.76206 402.223 0 0
1500 63.9569 14.6161 18.2534 0.130071 0.268632 402.846 0 0
1500 69.8126 -0.450842 17.9673 0.247513 -0.00112384 403.043 0 0
1500 118.853 5.42336 17.9938 0.964814 0.0861274 402.977 0 0
1500 -10.9478 -73.4047 17.8762 -1.15659 -1.16005 402.812 0 0
1500 53.3328 9.81631 18.284 -0.133708 0.167562 402.841 0 0
1500 137.165 -6.2933 18.2382 1.47947 -0.0881392 402.885 0 0
1500 100.531 5.29019 18.751 0.806025 0.0278656 403.241 0 0
1500 111.226 -6.34549 18.1619 0.912795 -0.107083 403.222 0 0
1500 15.1397 -15.6859 18.0335 -0.700442 -0.216558 403.23 0 0
1500 -18.2804 -0.65743 18.0136 -1.32685 0.0111689 403.137 0 0
1500 102.273 17.7951 18.0038 0.714209 0.258843 404.235 0 0
1500 104.672 -38.4091 17.8543 0.715766 -0.61268 403.379 0 0
1500 99.5018 43.985 17.7999 0.657276 0.672689 403.545 0 0
1500 85.2932 60.2119 17.9208 0.458706 0.94137 403.487 0 0
1500 50.8235 65.3882 17.7958 -0.059424 1.00787 403.946 0 0
1500 55.5889 -180.268 17.7969 -0.027444 -2.71878 403.726 0 0
1500 72.4472 -64.4772 17.932 0.210109 -1.02414 403.746 0 0
1500 62.0031 14.5926 18.0554 0.0422268 0.286625 403.6 0 0
1500 46.7957 -43.7847 17.8158 -0.217776 -0.748847 403.751 0 0
1500 129.81 -67.0547 17.9672 1.15581 -1.12772 403.531 0 0
1500 94.2791 -76.1723 17.9417 0.592054 -1.3153 404.023 0 0
1500 109.675 34.194 18.0621 0.876683 0.643199 403.289 0 0
1500 76.9068 -36.4937 18.5346 0.336723 -0.671342 403.367 0 0
1500 87.0044 -41.4262 18.2728 0.553199 -0.777263 403.547 0 0
1500 34.2071 13.5801 18.0348 -0.447902 0.298099 403.483 0 0
1500 90.01 -54.0503 17.9299 0.546132 -0.857382 404.524 0 0
1500 89.3739 42.2824 18.058 0.571548 0.669829 404.548 0 0
1500 31.3565 -14.096 17.8265 -0.39481 -0.294256 404.498 0 0
1500 -2.69142 56.0001 17.9812 -1.00487 0.96743 404.479 0 0
1500 88.0779 -9.03611 18.2774 0.527746 -0.0925885 404.765 0 0
1500 70.5062 9.1716 18.1403 0.174688 0.186759 405.116 0 0
1500 114.444 -13.9759 18.0541 0.942032 -0.177119 405.081 0 0
1500 151.185 -24.3497 17.8582 1.4348 -0.431029 405.005 0 0
1500 80.113 34.0447 18.1307 0.435009 0.564091 404.913 0 0
1500 83.1853 41.3363 17.8064 0.376061 0.709081 405.11 0 0
1500 -13.3145 -53.4666 17.9056 -1.2502 -0.90889 405.004 0 0
1500 80.629 34.6114 17.87 0.401468 0.502974 405.262 0 0
1500 81.7173 -14.7407 18.2099 0.399428 -0.300224 405.232 0 0
1500 74.6635 2.12522 17.877 0.274996 -0.0280679 405.557 0 0
1500 71.0109 -7.93723 18.4076 0.323681 -0.1194 405.726 0 0
1500 107.458 21.5593 17.9317 0.759163 0.362192 405.718 0 0
1500 109.942 -17.8176 18.3327 0.896646 -0.299649 405.46 0 0
1500 110.144 38.829 17.8992 0.842099 0.618169 405.594 0 0
1500 12.4225 30.4873 17.8025 -0.701781 0.538872 405.611 0 0
1500 75.0078 -6.23578 17.9257 0.304145 -0.162661 405.811 0 0
1500 55.2222 -44.9152 17.8842 0.00749463 -0.753558 405.462 0 0
1500 66.7196 13.1392 18.0497 0.084958 0.197949 405.402 0 0
1500 40.5629 -22.9763 18.0202 -0.250566 -0.431346 405.843 0 0
1500 116.694 16.235 18.3212 1.0533 0.316189 405.312 0 0
1500 99.7585 -3.09323 18.1193 0.672468 -0.0193166 406.104 0 0
1500 68.6315 2.75626 18.0749 0.221564 0.0882928 406.085 0 0
1500 55.5542 11.6298 17.8226 -0.0981285 0.198449 406.669 0 0
1500 82.9328 40.7262 17.9357 0.408212 0.630876 406.132 0 0
1500 93.0023 22.3378 17.8124 0.539376 0.368511 406.048 0 0
1500 73.3519 40.7534 17.8113 0.26158 0.630025 405.953 0 0
1500 106.388 33.1433 17.9957 0.757818 0.52518 405.866 0 0
1500 87.1596 55.9383 17.8306 0.489319 0.836135 406.741 0 0
1500 51.1537 -41.1551 18.0271 -0.153247 -0.65131 405.876 0 0
1500 71.9488 3.55409 18.0103 0.202659 0.124127 406.155 0 0
1500 20.2997 5.14453 18.0079 -0.614971 0.0286132 407.064 0 0
1500 57.1292 -32.5874 18.0099 -0.0490208 -0.552575 406.916 0 0
1500 67.2645 -2.17271 17.8886 0.220746 -0.066925 407.049 0 0
1500 82.5977 18.0263 18.1283 0.507777 0.273286 406.525 0 0
1500 83.5105 -55.6915 18.0142 0.448432 -1.01602 406.864 0 0
1500 76.5954 47.5651 18.0425 0.31572 0.921732 405.849 0 0
1500 96.0505 34.1252 17.8445 0.660532 0.51511 407.142 0 0
1500 1.57285 17.1988 17.835 -0.944622 0.208133 407.163 0 0
1500 68.4909 0.928823 19.0346 0.287259 0.0776681 407.954 0 0
1500 80.3249 -12.1487 18.068 0.398354 -0.183515 407.698 0 0
1500 21.4913 10.2325 18.0126 -0.554327 0.167542 407.475 0 0
1500 91.7184 -29.1752 18.0338 0.564376 -0.428599 407.351 0 0
1500 63.8873 -56.5818 17.8768 0.116968 -0.857928 407.406 0 0
1500 102.767 2.63987 18.1794 0.733396 0.0550808 408.671 0 0
1500 89.7359 -43.2592 17.9027 0.526263 -0.640752 407.85 0 0
1500 102.37 -58.4998 17.825 0.686434 -0.893781 407.427 0 0
1500 122.415 11.9007 17.9322 1.01596 0.211376 407.538 0 0
1500 5.75422 30.4173 17.8015 -0.816888 0.48239 408.511 0 0
1500 85.8395 -25.7131 18.6066 0.576452 -0.419716 407.728 0 0
1500 55.4352 -65.19 17.879 -0.0177122 -1.04122 408.113 0 0
1500 94.0034 -56.5946 17.7912 0.608573 -0.836208 407.645 0 0
1500 106.072 23.2097 17.9931 0.775919 0.414292 408.235 0 0
1500 102.657 22.0493 18.0351 0.769503 0.369674 407.901 0 0
1500 86.9928 -54.2701 17.8376 0.514661 -0.827756 408.042 0 0
1500 269.247 78.3658 17.8216 3.2705 1.17781 408.227 0 0
1500 43.5891 74.6535 17.8654 -0.246149 1.20756 408.529 0 0
1500 22.6314 -34.073 17.8471 -0.531574 -0.599455 408.21 0 0
1500 51.8693 -19.3912 18.002 -0.0443287 -0.371945 407.668 0 0
1500 45.2195 18.9559 17.8977 -0.265637 0.323813 408.028 0 0
1500 71.7998 -0.606627 18.3589 0.228535 0.0506186 407.583 0 0
1500 65.6058 -9.70142 18.11 0.126552 -0.19506 409.774 0 0
1500 99.8888 -7.33576 17.9465 0.656779 -0.147805 408.898 0 0
1500 38.572 51.6758 17.8033 -0.28925 0.817551 409.09 0 0
1500 9.82711 25.4609 17.8053 -0.701344 0.437639 409.353 0 0
1500 47.5206 -33.2763 17.9203 -0.107563 -0.54605 409.049 0 0
1500 96.2493 -52.539 17.8708 0.60498 -0.825418 409.036 0 0
1500 80.191 43.6425 18.0801 0.375877 0.709842 409.751 0 0
1500 118.431 17.5355 18.026 0.985703 0.294634 409.41 0 0
1500 117.35 -9.60831 18.0285 0.978334 -0.107939 408.814 0 0
1500 119.529 24.7145 17.8334 0.985174 0.35818 409.465 0 0
1500 35.0141 -56.4267 17.9922 -0.379101 -0.894796 408.731 0 0
1500 97.3127 -22.1412 18.3718 0.703299 -0.388675 409.218 0 0
1500 112.181 -28.7013 18.0737 0.908065 -0.442027 409.625 0 0
1500 111.941 -25.3433 17.8981 0.824856 -0.458814 409.108 0 0
1500 -2.31847 84.382 17.8463 -0.976045 1.29861 409.496 0 0
1500 110.271 15.0386 17.8 0.869257 0.243503 409.058 0 0
1500 58.7451 11.3979 18.3123 0.00293259 0.2012 409.394 0 0
1500 75.2489 47.3995 18.0372 0.354155 0.770084 409.167 0 0
1500 22.989 17.623 17.9199 -0.563129 0.340978 409.025 0 0
1500 -17.1978 -71.1228 17.8701 -1.218 -1.13327 409.346 0 0
1500 54.283 48.6719 17.9021 0.0115832 0.793626 409.624 0 0
1500 92.0445 5.19996 17.9093 0.595586 0.128924 409.014 0 0
1500 52.0918 38.1917 17.9448 -0.0231358 0.645699 409.012 0 0
1500 15.3534 -16.7726 17.8604 -0.696553 -0.321308 409.694 0 0
1500 113.146 -50.2617 17.9265 0.89169 -0.883394 408.946 0 0
1500 59.4438 38.6133 18.4369 0.0481026 0.716985 409.179 0 0
1500 79.5184 25.9079 17.9538 0.374355 0.398767 410.448 0 0
1500 87.2509 56.0303 17.9213 0.483993 0.900985 410.39 0 0
1500 100.93 40.3135 17.8665 0.730332 0.601625 410.155 0 0
1500 80.2453 55.739 17.9062 0.312738 0.908383 410.476 0 0
1500 72.7208 6.05049 18.3253 0.335703 0.151688 410.438 0 0
1500 56.0285 97.0325 17.9593 0.0105532 1.61096 409.989 0 0
1500 73.0008 -10.6661 18.0767 0.297656 -0.117937 410.56 0 0
1500 101.575 -22.5733 18.0937 0.696322 -0.36342 411.073 0 0
1500 47.4441 -34.8126 17.8915 -0.102385 -0.546496 411.622 0 0
1500 104.842 -15.5619 17.8049 0.733199 -0.211197 411.072 0 0
1500 118.243 11.4604 17.8386 0.942785 0.158178 411.14 0 0
1500 116.165 -30.8631 17.8361 0.91429 -0.497419 410.791 0 0
1500 65.1187 -65.3944 17.8931 0.112824 -1.0276 411.478 0 0
1500 93.1982 -56.6403 17.8594 0.589929 -0.865329 410.989 0 0
1500 32.3438 60.5516 17.8549 -0.407717 0.964159 410.807 0 0
1500 102.423 -3.05269 18.472 0.811648 -0.0717517 410.989 0 0
1500 -1.85958 -26.8928 17.8172 -0.934023 -0.462471 410.841 0 0
1500 90.0034 10.7043 18.3592 0.609219 0.122114 411.341 0 0
1500 84.6895 55.0075 17.8922 0.46827 0.873727 410.891 0 0
1500 91.9422 50.294 17.8923 0.577447 0.803168 410.868 0 0
1500 119.024 -18.0383 17.8914 0.981545 -0.223301 411.071 0 0
1500 49.2343 48.7638 18.0655 -0.106205 0.814136 411.162 0 0
1500 74.2285 -43.7473 17.8914 0.330727 -0.691286 410.58 0 0
1500 106.46 1.5127 17.8632 0.82254 0.0301029 411.195 0 0
1500 105.269 -48.3922 17.8582 0.804189 -0.715573 411.166 0 0
1500 53.103 2.54857 17.9223 -0.088095 -0.0354174 410.951 0 0
1500 109.316 -2.6026 18.123 0.895337 -0.100168 410.575 0 0
1500 85.7999 -11.2608 17.8541 0.509949 -0.189259 411.546 0 0
1500 90.3165 11.6958 17.8592 0.561132 0.129248 411.765 0 0
1500 123.266 -2.58323 17.889 1.04731 0.0343356 411.438 0 0
1500 132.276 26.3348 17.907 1.22446 0.486422 411.221 0 0
1500 43.5518 19.0016 18.0989 -0.233782 0.368973 411.664 0 0
1500 101.802 54.37 17.8828 0.773838 0.848513 411.461 0 0
1500 136.179 6.1681 17.9543 1.35317 0.152625 411.46 0 0
1500 113.011 -24.9019 18.0803 0.963649 -0.501543 410.966 0 0
1500 56.3784 29.4489 18.1709 -0.0652185 0.565354 411.76 0 0
1500 53.3189 -15.0086 17.8515 -0.0114465 -0.254039 411.927 0 0
1500 88.2046 10.8419 17.8137 0.490974 0.162959 411.837 0 0
1500 18.5719 27.7831 17.8513 -0.592414 0.456223 411.92 0 0
1500 66.8009 -47.3695 17.8112 0.189555 -0.692344 411.934 0 0
1500 47.6065 5.62136 18.0106 -0.156369 0.139409 413.922 0 0
1500 64.4322 21.4002 18.0081 0.0769149 0.358898 413.741 0 0
1500 35.9263 52.365 17.8827 -0.350013 0.807035 411.801 0 0
1500 105.986 -13.7625 17.8471 0.754386 -0.202872 412.192 0 0
1500 132.003 -1.27241 17.8551 1.1205 -0.0565498 411.946 0 0
1500 31.1659 -4.82419 18.0135 -0.405123 -0.112689 413.944 0 0
1500 92.5527 -18.8308 18.2614 0.598137 -0.268267 414.579 0 0
1500 93.8517 7.84616 17.8575 0.562266 0.0680371 413.743 0 0
1500 47.6722 -63.7248 17.8946 -0.140913 -0.996562 411.936 0 0
1500 85.0225 -32.0234 17.9111 0.389028 -0.521234 414.004 0 0
1500 98.5837 -31.8697 17.8719 0.646306 -0.483306 413.4 0 0
1500 42.797 33.146 17.8761 -0.240039 0.52985 414.404 0 0
1500 98.7266 -43.3857 17.8335 0.656321 -0.63805 413.029 0 0
1500 -1.41007 1.06428 17.8252 -0.893684 -0.0443447 413.368 0 0
1500 87.2192 13.1715 17.8439 0.462134 0.131045 413.948 0 0
1500 108.156 41.8654 17.889 0.807928 0.665572 411.958 0 0
1500 108.634 10.7022 17.9015 0.782615 0.196553 414.756 0 0
1500 43.0859 -63.7526 17.8423 -0.258584 -1.01082 411.922 0 0
1500 130.943 23.1506 17.8055 1.07303 0.398482 414.775 0 0
1500 115.862 -28.3992 17.8791 0.91832 -0.431344 414.245 0 0
1500 110.131 -40.0964 17.8772 0.849722 -0.611979 413.054 0 0
1500 102.257 -33.788 18.1173 0.761437 -0.546988 412.402 0 0
1500 106.031 -42.337 17.8509 0.76792 -0.642122 414.662 0 0
1500 111.81 35.0217 17.9937 0.893616 0.531238 413.333 0 0
1500 104.559 47.6151 17.8523 0.757672 0.703256 414.274 0 0
1500 78.7512 66.7004 17.7916 0.232894 1.00813 414.426 0 0
1500 1.65868 -35.6064 17.8322 -0.849566 -0.603446 413.765 0 0
1500 107.209 -20.5971 18.0102 0.784009 -0.387427 412.468 0 0
1500 114.96 7.66857 18.1218 0.956707 0.139974 413.811 0 0
1500 55.1546 -30.0443 18.2259 0.01913 -0.532762 412.419 0 0
1500 63.6222 -14.6332 18.4058 0.16855 -0.296923 412.813 0 0
1500 108.442 -39.2624 17.9607 0.77254 -0.659409 413.988 0 0
1500 34.4837 62.4349 17.8479 -0.422815 0.938507 413.807 0 0
1500 35.0449 54.8549 17.853 -0.420759 0.837844 412.8 0 0
1500 55.5138 -68.1757 17.8361 -0.0921295 -1.07361 413.707 0 0
1500 68.0733 49.8299 18.0155 0.201753 0.826786 413.241 0 0
1500 117.615 -25.3401 17.8383 0.945612 -0.428035 414.451 0 0
1500 33.3156 -33.388 17.9272 -0.444193 -0.525588 412.49 0 0
1500 89.7582 -36.0056 18.0986 0.481166 -0.61276 413.539 0 0
1500 -1.14479 -15.2924 17.8123 -0.968614 -0.216376 413.875 0 0
1500 117.611 8.44119 17.9412 0.970284 0.0809333 414.412 0 0
1500 60.2978 -21.7123 17.9632 0.112718 -0.384359 412.295 0 0
1500 46.0989 -7.69798 18.1185 -0.209318 -0.163951 413.042 0 0
1500 21.4022 -25.0372 17.9837 -0.56644 -0.455341 413.989 0 0
1500 68.1358 -2.49661 17.9387 0.09198 -0.0355348 413.92 0 0
1500 54.1864 34.5302 17.9304 -0.124709 0.53787 414.467 0 0
1500 9.38115 -27.564 17.9285 -0.778249 -0.526552 412.495 0 0
1500 -5.39588 -40.5145 17.8951 -1.07446 -0.604463 414.36 0 0
1500 180.102 -135.86 18.0104 2.12544 -2.27775 413.224 0 0
1500 53.3883 23.5767 18.2672 -0.113959 0.451735 412.329 0 0
1500 147.705 103.375 17.9399 1.43808 1.79023 413.719 0 0
1500 36.376 21.12 18.0439 -0.445848 0.331992 413.17 0 0
1500 99.8934 48.3286 18.59 0.867047 0.925766 414.213 0 0
1500 85.1779 0.65768 18.2902 0.456056 0.0175753 417.432 0 0
1500 87.7318 1.15022 18.3189 0.493267 0.057516 416.376 0 0
1500 79.7401 -17.1119 18.2668 0.418458 -0.243012 415.024 0 0
1500 92.145 11.2042 18.4164 0.600097 0.165142 416.454 0 0
1500 53.1437 -16.8078 18.0034 -0.0220165 -0.29725 415.196 0 0
1500 65.4061 -10.3298 18.0041 0.148023 -0.207233 415.244 0 0
1500 81.4117 24.8442 17.9246 0.306617 0.410667 415.603 0 0
1500 64.5806 42.8581 17.9072 0.155762 0.648141 415.308 0 0
1500 92.0019 4.04758 17.9112 0.539626 0.100777 415.642 0 0
1500 59.2232 -2.26246 17.9799 0.00576131 -0.0953319 416.678 0 0
1500 70.6577 -11.4341 17.9746 0.175621 -0.226603 417.315 0 0
1500 97.367 -11.5745 17.9072 0.625804 -0.13291 416.521 0 0
1500 100.552 -5.58099 18.3714 0.714211 -0.107443 418.184 0 0
1500 89.8097 2.67118 17.9261 0.519462 0.065465 417.089 0 0
1500 31.2596 -7.87091 18.039 -0.395926 -0.159296 418.02 0 0
1500 98.8446 -3.85458 17.8699 0.631333 -0.102094 417.624 0 0
1500 70.025 -17.4073 17.8776 0.222986 -0.290755 418.228 0 0
1500 105.124 -46.9329 17.8032 0.699145 -0.761039 414.957 0 0
1500 33.0758 -20.278 17.8705 -0.416896 -0.279398 418.134 0 0
1500 42.4051 -63.6913 17.8932 -0.237899 -0.997668 415.621 0 0
1500 115.467 -10.644 17.8457 0.879395 -0.201133 417.059 0 0
1500 55.0598 -40.5443 17.8577 0.0123699 -0.619273 418.287 0 0
1500 14.6176 -52.7242 17.8091 -0.71571 -0.765258 415.264 0 0
1500 46.901 -65.2327 17.8248 -0.150244 -1.03172 415.767 0 0
1500 112.292 -17.0906 17.9454 0.844991 -0.287265 417.986 0 0
1500 102.198 -42.0737 17.9421 0.705949 -0.648008 417.5 0 0
1500 107.459 -23.4249 17.947 0.773983 -0.376571 418.176 0 0
1500 66.9751 -17.1369 17.9644 0.193961 -0.280935 419.731 0 0
1500 107.557 -36.1404 17.9417 0.78358 -0.563301 417.439 0 0
1500 71.7943 -40.6279 17.9552 0.263692 -0.614015 419.001 0 0
1500 104.548 27.2051 18.188 0.783715 0.468024 415.283 0 0
1500 43.1677 64.2737 17.7937 -0.209176 1.02684 415.717 0 0
1500 120.432 27.1631 17.7938 0.933713 0.473868 416.011 0 0
1500 93.4734 35.5932 17.9976 0.580889 0.539688 419.287 0 0
1500 4.41701 32.486 17.931 -0.862179 0.501051 415.28 0 0
1500 27.3715 6.20178 17.9519 -0.483512 0.100138 420.091 0 0
1500 111.821 8.55737 18.0124 0.899554 0.16846 414.977 0 0
1500 104.359 -39.6306 18.0693 0.741083 -0.661141 415.859 0 0
1500 58.4943 -68.3822 17.8143 0.076002 -1.04242 416.083 0 0
1500 109.101 -41.9636 17.9095 0.793574 -0.680866 417.265 0 0
1500 81.6637 6.96315 18.4783 0.400594 0.162308 422.76 0 0
1500 117.427 20.5113 17.8449 0.908685 0.351869 418.211 0 0
1500 58.361 64.235 17.8442 0.0543413 0.986351 418.073 0 0
1500 56.8311 65.576 17.8429 0.0322935 1.00981 417.798 0 0
1500 90.9482 55.5456 17.8377 0.521987 0.896858 416.335 0 0
1500 80.3865 52.722 17.8455 0.350559 0.822028 419.006 0 0
1500 71.6341 -36.4703 18.3738 0.249384 -0.617656 415.92 0 0
1500 121.145 -0.93055 17.9503 1.00696 0.0436608 416.347 0 0
1500 98.923 36.2536 17.9554 0.683658 0.60647 415.512 0 0
1500 93.7455 41.846 18.0871 0.629897 0.672969 416.092 0 0
1500 111.844 31.2038 18.0817 0.888115 0.505879 417.081 0 0
1500 57.6424 17.3105 18.4896 0.0364281 0.321574 415.938 0 0
1500 95.3876 -47.6099 17.9387 0.584727 -0.745779 419.515 0 0
1500 44.1393 -40.7318 17.9272 -0.196583 -0.642839 420.945 0 0
1500 121.012 -17.4252 18.0129 1.00454 -0.299189 418.438 0 0
1500 101.782 5.67822 17.9959 0.751012 0.132245 415.635 0 0
1500 116.056 -9.83663 17.8417 0.923344 -0.102875 417.722 0 0
1500 19.485 36.3839 17.8089 -0.609976 0.631231 415.718 0 0
1500 42.6913 49.3846 18.0521 -0.210786 0.822095 416.498 0 0
1500 18.0886 34.295 17.8129 -0.687435 0.543616 415.821 0 0
1500 89.422 16.6082 18.0595 0.524944 0.247852 422.967 0 0
1500 -10.2709 -85.8012 17.8681 -1.10223 -1.39001 415.059 0 0
1500 121.897 -14.7634 17.8367 1.01251 -0.260297 417.87 0 0
1500 119.355 -17.1301 17.8378 0.982213 -0.297706 417.358 0 0
1500 102.278 -13.0913 17.8501 0.746529 -0.243753 415.581 0 0
1500 47.7435 -54.7803 17.8455 -0.0911733 -0.878254 416.054 0 0
1500 114.726 -3.12583 17.8431 0.926774 -0.0894791 416.361 0 0
1500 69.6268 -66.2671 17.8366 0.235406 -1.02143 418.115 0 0
1500 64.8293 -11.718 17.8655 0.155205 -0.202282 422.128 0 0
1500 121.696 15.4304 17.8375 1.01532 0.189176 417.485 0 0
1500 119.504 25.8997 17.7953 0.908634 0.466112 416.558 0 0
1500 120.39 20.9634 17.8466 0.986956 0.352505 418.273 0 0
1500 121.268 -7.34878 17.8869 0.997253 -0.101402 419.863 0 0
1500 -69.821 -11.1822 17.8735 -2.03874 -0.191518 415.855 0 0
1500 120.739 11.3666 17.8486 0.972038 0.125851 420.104 0 0
1500 121.743 137.681 17.8148 0.99229 2.13912 417.678 0 0
1500 11.745 -37.8034 17.846 -0.769125 -0.543523 417.208 0 0
1500 112.874 31.3114 17.8617 0.860862 0.492407 420.457 0 0
1500 102.17 6.34466 17.9849 0.714002 0.114232 421.888 0 0
1500 95.8024 33.1608 17.9798 0.657121 0.522153 418.287 0 0
1500 114.325 22.916 17.8537 0.856965 0.387814 421.032 0 0
1500 53.2801 67.9583 17.8026 -0.00922743 1.04743 418.991 0 0
1500 67.5331 -33.4949 17.9761 0.097226 -0.514414 423.261 0 0
1500 117.512 28.5624 17.7996 0.937623 0.456967 419.632 0 0
1500 42.123 66.7169 17.7995 -0.174746 1.02999 418.907 0 0
1500 98.5737 51.34 17.8296 0.663025 0.756726 420.52 0 0
1500 86.1315 50.7107 17.8338 0.503513 0.780982 417.58 0 0
1500 8.78607 -17.2264 17.8795 -0.802442 -0.210956 417.302 0 0
1500 3.92576 35.523 17.8689 -0.85438 0.580817 419.017 0 0
1500 56.8695 58.891 17.8737 -0.0661107 0.94355 417.996 0 0
1500 45.6004 1.49328 17.8969 -0.244297 0.0770382 415.943 0 0
1500 22.045 34.5602 17.8819 -0.556059 0.539121 422.419 0 0
1500 67.5886 48.0046 17.881 0.0974118 0.788897 417.146 0 0
1500 47.7662 38.8767 17.8856 -0.207851 0.652916 416.746 0 0
1500 55.1406 75.694 17.9656 -0.0438119 1.26422 415.734 0 0
1500 64.6715 -13.4038 17.9033 0.140813 -0.281338 416.091 0 0
1500 103.931 -16.0281 18.1176 0.805823 -0.235763 418.33 0 0
1500 16.4794 -43.0423 17.9516 -0.678357 -0.675561 418.47 0 0
1500 45.8918 -11.3858 17.9743 -0.243339 -0.205588 416.388 0 0
1500 67.7459 -25.4659 17.9719 0.0959534 -0.42329 416.548 0 0
1500 100.694 4.24267 18.6965 0.804155 0.0294036 420.515 0 0
1500 6.5211 34.0011 17.8417 -0.772166 0.545247 422.412 0 0
1500 110.417 -41.7246 17.8323 0.851533 -0.610479 419.959 0 0
1500 74.7072 -22.5695 18.1913 0.374508 -0.367916 418.061 0 0
1500 14.7242 33.6096 17.8584 -0.654186 0.539249 422.586 0 0
1500 57.3866 8.14706 18.1389 -0.0144618 0.0624795 417.358 0 0
1500 72.4795 -64.1885 17.8204 0.20731 -1.02643 419.95 0 0
1500 43.4658 13.8663 17.9359 -0.233129 0.249477 424.366 0 0
1500 37.7234 -2.69691 17.9787 -0.33411 0.0264469 417.039 0 0
1500 5.765 33.1938 17.8016 -0.83053 0.4983 421.657 0 0
1500 50.9701 13.9407 17.8259 -0.169633 0.211941 424.068 0 0
1500 18.0127 -30.9183 17.8086 -0.692448 -0.456578 417.732 0 0
1500 111.975 -31.1829 17.926 0.895091 -0.458848 419.633 0 0
1500 64.1664 17.5159 17.8763 0.17644 0.288737 416.818 0 0
1500 -9.88115 -3.5501 17.9235 -1.12006 -0.032157 417.142 0 0
1500 -5.32643 20.74 17.8105 -0.996871 0.273166 421.201 0 0
1500 43.1049 -47.2804 17.8217 -0.300385 -0.758944 418.088 0 0
1500 1.45534 22.9171 17.8136 -0.925712 0.314709 419.117 0 0
1500 13.3616 52.6366 17.8096 -0.731543 0.749833 420.389 0 0
1500 1.99353 37.0903 17.8099 -0.903592 0.521038 420.14 0 0
1500 25.8362 6.43765 17.8311 -0.572681 0.0672876 417.298 0 0
1500 35.2445 -56.9366 17.8133 -0.414231 -0.892376 419.177 0 0
1500 52.9292 -59.2044 17.8155 -0.147757 -0.931624 418.824 0 0
1500 116.983 -11.3268 17.9112 0.963143 -0.130959 419.481 0 0
1500 123.849 0.805506 17.9077 1.03369 0.0500983 421.589 0 0
1500 97.1979 -39.3709 17.8453 0.670574 -0.60274 419.211 0 0
1500 -57.361 -23.2808 17.8043 -1.80805 -0.320614 419.602 0 0
1500 22.6572 34.9946 17.886 -0.610511 0.510511 418.002 0 0
1500 38.5644 -56.669 17.9352 -0.342885 -0.892932 419.595 0 0
1500 119.133 19.1737 18.0045 0.988222 0.380343 416.765 0 0
1500 47.5108 -27.8705 17.858 -0.239307 -0.424983 417.46 0 0
1500 44.7654 -0.595986 17.8624 -0.283363 -0.000101406 417.168 0 0
1500 -5.10154 -10.5064 17.8351 -1.01695 -0.148365 420.108 0 0
1500 -0.910483 24.5497 17.7969 -0.95982 0.378867 420.202 0 0
1500 -2.16013 -20.7607 17.7973 -0.98038 -0.300206 420.076 0 0
1500 133.97 -29.785 17.8285 1.17908 -0.408043 421.888 0 0
1500 104.778 14.2795 18.2564 0.806723 0.26812 420.465 0 0
1500 71.4879 11.9189 18.2719 0.315197 0.237439 419.167 0 0
1500 93.5056 -54.8165 17.994 0.556189 -0.881494 421.467 0 0
1500 82.7077 58.9836 17.8911 0.346836 0.950767 420.568 0 0
1500 62.2539 -52.5119 17.8968 0.0531664 -0.873058 419.776 0 0
1500 40.7899 -48.1309 17.8978 -0.274173 -0.807764 419.66 0 0
1500 154.17 -125.005 17.8312 1.44665 -2.00083 418.84 0 0
1500 71.2696 2.19261 18.1167 0.315073 0.0659092 417.906 0 0
1500 128.839 3.90571 17.9757 1.19067 0.00565033 417.796 0 0
1500 16.933 29.2336 17.8125 -0.708628 0.431881 419.687 0 0
1500 -2.31502 -6.81227 17.8041 -0.987014 -0.11964 420.824 0 0
1500 30.7175 -52.8841 17.8088 -0.465342 -0.776624 424.105 0 0
1500 54.2529 27.1416 17.8224 -0.0453304 0.499757 418.834 0 0
1500 16.1591 21.4904 17.9191 -0.704729 0.343616 420.125 0 0
1500 65.5926 37.8594 17.9261 0.0527112 0.59968 419.536 0 0
1500 24.8256 -64.2798 17.9237 -0.560792 -1.07235 418.447 0 0
1500 137.375 14.2003 17.8541 1.31927 0.217739 418.91 0 0
1500 18.0966 -42.4463 17.9759 -0.655001 -0.659406 421.364 0 0
1500 123.71 3.3837 17.8764 1.04566 0.0730527 422.876 0 0
1500 119.295 22.7929 17.8765 0.983546 0.36029 422.671 0 0
1500 113.34 33.1791 17.877 0.900612 0.516825 422.286 0 0
1500 54.0099 66.1622 17.8133 -0.093519 1.04047 423.253 0 0
1500 77.4234 60.452 17.9853 0.276548 1.01832 418.822 0 0
1500 49.7593 60.6972 17.9193 -0.112168 0.9434 425.139 0 0
1500 64.503 43.4013 17.908 0.106871 0.743143 420.697 0 0
1500 61.7398 65.8525 17.893 0.0619646 1.04603 423.302 0 0
1500 100.995 13.5021 17.994 0.757547 0.229631 420.514 0 0
1500 106.98 41.3338 17.7995 0.74181 0.666669 424.411 0 0
1500 43.8726 62.2341 17.8002 -0.17623 0.968833 424.552 0 0
1500 104.773 -20.6418 17.8099 0.751149 -0.249011 420.619 0 0
1500 73.631 -53.1021 17.9594 0.275565 -0.874762 421.992 0 0
1500 71.4717 -62.1937 17.9392 0.185027 -0.996121 422.872 0 0
1500 50.7269 -115.547 17.8931 -0.184704 -1.89921 418.097 0 0
1500 70.324 5.84974 18.0943 0.291612 0.126485 421.358 0 0
1500 135.086 -36.6465 17.8635 1.18197 -0.638974 421.787 0 0
1500 31.5931 13.0425 18.1321 -0.505445 0.186421 415.88 0 0
1500 110.67 31.5829 17.9306 0.828317 0.575635 420.384 0 0
1500 79.6537 19.9414 18.2176 0.453693 0.310282 423.141 0 0
1500 43.5914 6.05352 18.2701 -0.22455 0.137879 422.505 0 0
1500 94.4233 -52.9678 17.838 0.576131 -0.858829 424.08 0 0
1500 15.0778 33.6863 17.8669 -0.767949 0.533602 419.62 0 0
1500 93.4467 44.8529 17.9874 0.533349 0.782507 419.632 0 0
1500 112.94 34.1343 17.8783 0.889217 0.541217 424.737 0 0
1500 14.8325 13.4822 17.9827 -0.722227 0.227799 422.277 0 0
1500 69.4775 57.8224 17.8252 0.18059 0.950666 423.951 0 0
1500 63.0289 5.76266 17.8504 0.0859436 0.168408 421.665 0 0
1500 -36.5542 36.2042 17.8587 -1.55873 0.562766 421.84 0 0
1500 86.2624 -5.2255 17.9981 0.484604 -0.152821 423.077 0 0
1500 62.6013 -53.8927 17.9831 0.116852 -0.885902 424.418 0 0
1500 98.6014 1.45433 17.9704 0.664151 -0.0567076 420.889 0 0
1500 58.0339 32.5604 17.9511 0.017011 0.58002 423.24 0 0
1500 29.1049 38.9107 17.9429 -0.425237 0.670983 423.926 0 0
1500 51.0124 52.8602 17.9388 -0.089867 0.87831 424.36 0 0
1500 77.0527 8.49549 17.9565 0.312547 0.209613 422.861 0 0
1500 37.1078 52.1683 17.9371 -0.300024 0.865157 424.562 0 0
1500 57.3402 -21.1407 17.8949 -0.0122561 -0.40681 423.135 0 0
1500 110.636 -19.3278 17.8779 0.800004 -0.37022 424.582 0 0
1500 80.8654 23.2021 17.9205 0.446577 0.407811 420.973 0 0
1500 38.6111 -6.09372 18.2061 -0.387649 -0.152313 416.771 0 0
1500 95.5589 0.222141 17.972 0.61823 -0.0776711 420.769 0 0
1500 85.6802 -33.4323 18.0361 0.515964 -0.545285 424.907 0 0
1500 92.0571 -14.1536 17.9547 0.646679 -0.218653 420.02 0 0
1500 66.602 7.05187 17.869 0.214168 0.114907 424.01 0 0
1500 80.7309 23.2143 17.8618 0.429397 0.362294 424.602 0 0
1500 63.4116 28.2496 18.1944 0.129553 0.507288 425.093 0 0
1500 81.9889 -21.1006 17.819 0.436259 -0.36918 423.889 0 0
1500 83.779 -22.7315 18.0956 0.468246 -0.432056 423.698 0 0
1500 116.54 54.2766 18.2392 1.09 0.930798 421.229 0 0
1500 114.084 34.4834 18.1754 0.972401 0.638339 423.553 0 0
1500 64.694 -58.9243 17.9268 0.0568513 -1.0057 424.347 0 0
1500 126.323 54.7275 18.1488 1.24081 0.908165 422.674 0 0
1500 -41.7568 -53.5013 17.9162 -1.71584 -0.924017 422.959 0 0
1500 102.346 44.2092 17.9119 0.679168 0.792555 423.473 0 0
1500 65.7646 54.3898 17.9579 0.192193 0.925331 425.141 0 0
1500 97.1638 29.1864 17.9425 0.593669 0.542507 424.215 0 0
1500 -145.073 26.1775 17.9226 -3.36058 0.496127 424.547 0 0
1500 113.164 12.4901 18.0192 0.95184 0.283693 424.142 0 0
1500 55.9548 -21.3299 18.7097 -0.0275059 -0.391448 421.866 0 0
1500 199.687 18.6414 17.9851 2.46412 0.37597 423.924 0 0
1500 99.1426 -22.0205 18.1392 0.816744 -0.375536 424.975 0 0
1500 101.704 2.26235 17.9705 0.701072 0.0258545 425.513 0 0
1500 78.6653 18.7736 18.184 0.395329 0.263144 426.933 0 0
1500 104.306 -4.1419 18.1743 0.757833 -0.0535927 426.091 0 0
1500 85.8138 20.2229 17.8985 0.463665 0.305944 426.283 0 0
1500 89.5072 11.9282 17.8452 0.479755 0.227797 426.312 0 0
1500 93.3991 -14.5853 17.9123 0.570592 -0.233981 426.53 0 0
1500 96.8931 -28.9427 17.93 0.627731 -0.434356 426.162 0 0
1500 71.4253 -16.3984 18.2186 0.294864 -0.247225 428.36 0 0
1500 106.551 -18.287 17.9547 0.757553 -0.30427 426.386 0 0
1500 26.2308 15.9159 17.9123 -0.501345 0.252167 427.414 0 0
1500 64.6092 30.3503 18.2518 0.150028 0.485753 428.973 0 0
1500 110.598 37.7675 17.8795 0.837197 0.583183 426.123 0 0
1500 69.4598 19.4167 18.0445 0.17299 0.337834 429.734 0 0
1500 64.1334 57.9698 17.845 0.12057 0.896913 428.387 0 0
1500 123.23 5.02017 17.8138 1.03952 0.0997093 425.994 0 0
1500 88.2367 57.4082 17.8165 0.506852 0.859135 427.573 0 0
1500 7.90835 -5.33243 17.8999 -0.758411 -0.118322 429.452 0 0
1500 2.45161 -36.8554 17.8857 -0.867861 -0.586688 426.838 0 0
1500 20.229 -49.2395 17.8907 -0.593346 -0.752488 428.321 0 0
1500 104.672 -48.7044 17.8689 0.686758 -0.791978 426.721 0 0
1500 78.2282 0.314834 17.856 0.347348 -0.0247554 430.467 0 0
1500 38.951 -55.2465 17.9108 -0.255403 -0.907308 425.234 0 0
1500 58.5306 -12.623 17.9654 -0.0353504 -0.215539 431.077 0 0
1500 83.1481 -22.0166 17.9733 0.438237 -0.384174 426.656 0 0
1500 116.21 1.93756 18.183 0.985329 -0.00296112 426.01 0 0
1500 109.432 -11.412 18.1394 0.867098 -0.221998 426.092 0 0
1500 95.6039 -27.5564 18.1434 0.664095 -0.467023 425.662 0 0
1500 94.4195 -1.4045 18.4139 0.681692 0.024441 426.214 0 0
1500 87.8579 -48.2168 17.8487 0.522982 -0.713885 426.588 0 0
1500 109.439 -38.0205 17.8 0.807832 -0.591734 428.324 0 0
1500 88.5764 25.3417 17.8185 0.488402 0.320754 430.519 0 0
1500 124.489 7.66359 17.7973 1.04557 0.0748907 427.105 0 0
1500 27.8885 -23.1476 17.8382 -0.466948 -0.387243 430.147 0 0
1500 -0.483854 28.4733 17.8389 -0.941359 0.392482 426.535 0 0
1500 88.9074 -12.4809 18.7027 0.589212 -0.263638 426.296 0 0
1500 79.8145 41.1573 17.8274 0.341244 0.647087 430.609 0 0
1500 116.371 -25.6637 17.8093 0.898087 -0.326067 429.341 0 0
1500 106.632 4.0681 18.0027 0.833093 0.0374671 426.124 0 0
1500 -0.218812 -32.7802 17.8914 -0.915808 -0.507702 428.605 0 0
1500 50.6573 -43.4854 17.9077 -0.175718 -0.695993 425.582 0 0
1500 38.4827 11.9742 18.3052 -0.310457 0.170825 426.355 0 0
1500 45.0341 -56.8282 17.8715 -0.255815 -0.858239 428.561 0 0
1500 54.1764 52.0161 17.8208 -0.11757 0.847753 426.467 0 0
1500 64.5253 58.2028 17.8168 0.0406648 0.935471 426.959 0 0
1500 -6.49753 -17.7594 17.8122 -0.998592 -0.210944 429.636 0 0
1500 43.2257 51.1938 17.8196 -0.284743 0.833433 426.601 0 0
1500 35.4237 56.4533 17.8164 -0.381409 0.862699 430.479 0 0
1500 24.4809 7.72544 17.8311 -0.580596 0.17163 425.556 0 0
1500 59.44 6.8625 18.3673 0.0775709 0.158079 436.286 0 0
1500 33.8074 60.7774 17.9581 -0.379718 0.963767 428.969 0 0
1500 90.4626 -35.0535 17.8603 0.53117 -0.516198 432.196 0 0
1500 65.5175 38.8048 17.8557 0.192618 0.622227 426.333 0 0
1500 110.605 -42.6479 17.8369 0.851642 -0.610861 429.294 0 0
1500 105.493 -45.7758 17.8422 0.720767 -0.753968 429.24 0 0
1500 72.5016 -48.7042 17.8346 0.192949 -0.763268 432.275 0 0
1500 61.1069 -64.1671 17.8236 0.0314332 -1.00557 430.726 0 0
1500 96.3807 -22.321 17.8376 0.578314 -0.420748 426.756 0 0
1500 85.4421 53.3482 17.8959 0.474999 0.884708 426.991 0 0
1500 28.5439 -0.443624 17.9187 -0.445011 0.0497153 433.667 0 0
1500 64.3484 52.1602 17.8512 0.113162 0.861171 428.601 0 0
1500 88.3686 -31.3557 18.0631 0.559376 -0.547234 426.163 0 0
1500 103.615 45.4006 17.9186 0.705168 0.72279 431.92 0 0
1500 83.8148 -34.9661 17.8753 0.398565 -0.615367 427.918 0 0
1500 68.5626 -46.7803 17.8112 0.193636 -0.718538 433.414 0 0
1500 128.833 23.9556 17.7963 1.09259 0.406796 431.239 0 0
1500 16.8668 8.054 18.0394 -0.662123 0.170561 428.878 0 0
1500 70.6968 47.9353 18.035 0.160173 0.775831 429.271 0 0
1500 123.642 1.92588 17.8255 1.03957 0.0701902 430.769 0 0
1500 82.1836 14.8 18.4325 0.46249 0.232308 437.089 0 0
1500 119.872 -11.9235 18.065 1.04715 -0.25395 427.174 0 0
1500 51.4058 -3.53948 18.2055 -0.129745 -0.0511397 429.235 0 0
1500 86.3979 22.2867 17.9923 0.533042 0.352314 429.684 0 0
1500 51.9513 1.34464 17.9331 -0.0694964 0.0880173 436.838 0 0
1500 44.5941 24.6544 17.9266 -0.191663 0.459757 429.364 0 0
1500 44.4109 39.1472 17.9196 -0.192912 0.678938 429.896 0 0
1500 76.733 19.3931 17.9281 0.276327 0.340578 436.477 0 0
1500 19.6574 23.5219 17.8678 -0.651733 0.40078 430.128 0 0
1500 46.1195 2.5377 17.8822 -0.248945 0.079418 429.051 0 0
1500 41.7393 1.70644 17.8818 -0.283451 0.0593095 436.718 0 0
1500 9.38136 -31.2926 17.8609 -0.800723 -0.437183 430.861 0 0
1500 47.2811 62.7586 17.8559 -0.221681 0.980779 431.676 0 0
1500 -6.97244 10.479 17.8537 -1.02529 0.193437 432.408 0 0
1500 8.6825 -11.2175 17.8677 -0.757318 -0.123141 435.553 0 0
1500 25.7515 28.9761 17.9543 -0.498071 0.518848 430.456 0 0
1500 88.1468 -6.0388 18.138 0.506784 -0.1687 430.631 0 0
1500 49.7524 3.57903 18.1068 -0.118338 0.108153 438.215 0 0
1500 44.0198 13.7459 17.9363 -0.171668 0.260175 437.4 0 0
1500 125.537 -29.8475 17.9055 1.16687 -0.438668 427.009 0 0
1500 115.499 30.1593 17.8394 0.909697 0.427453 434.535 0 0
1500 114.19 -30.3179 17.8381 0.916264 -0.464954 432.614 0 0
1500 10.1176 10.2806 17.9082 -0.75026 0.229478 431.034 0 0
1500 7.55656 -12.3713 17.8512 -0.791112 -0.263304 431.083 0 0
1500 14.9304 -8.45487 17.8564 -0.683213 -0.204825 430.599 0 0
1500 62.8825 -61.407 17.845 0.0531883 -0.955857 435.088 0 0
1500 58.0145 -63.571 17.8431 -0.0171608 -0.99201 434.744 0 0
1500 26.695 -11.3517 17.8617 -0.504893 -0.251153 430.181 0 0
1500 81.5972 -54.0932 17.8451 0.339284 -0.892292 431.827 0 0
1500 39.1418 -45.1503 18.0206 -0.30425 -0.749121 431.685 0 0
1500 32.3287 24.5233 17.8795 -0.470124 0.384282 430.58 0 0
1500 -3.37501 -10.4638 17.8065 -1.00758 -0.133701 432.143 0 0
1500 57.758 53.3436 17.8155 0.0484351 0.870108 431.844 0 0
1500 97.5621 11.0033 17.823 0.664882 0.224581 431.129 0 0
1500 42.3947 51.4027 18.0253 -0.257373 0.835913 432.868 0 0
1500 28.4351 43.7563 18.026 -0.468939 0.72118 432.79 0 0
1500 13.8518 18.0423 18.0301 -0.69394 0.334099 432.381 0 0
1500 73.5245 -7.43956 18.1418 0.27617 -0.144769 442.707 0 0
1500 42.0107 62.2838 17.8143 -0.29065 1.00637 432.804 0 0
1500 110.11 56.8258 17.8089 0.830308 0.832389 435.735 0 0
1500 126.761 3.69901 18.0537 1.23886 0.0940536 427.132 0 0
1500 23.4094 -9.78268 17.9576 -0.537306 -0.225843 432.423 0 0
1500 91.0134 -154.881 17.8078 0.443515 -2.39907 433.912 0 0
1500 150.474 17.721 17.8151 1.43241 0.214877 435.074 0 0
1500 52.0757 -37.7583 18.2445 -0.0841398 -0.718166 427.46 0 0
1500 21.8763 -45.3626 17.9842 -0.579089 -0.733985 434.569 0 0
1500 134.608 5.36738 18.167 1.32611 0.050562 431.288 0 0
1500 75.6547 25.4733 18.3884 0.362346 0.465783 433.466 0 0
1500 32.3247 -36.6411 18.2188 -0.430923 -0.704836 427.18 0 0
1500 148.307 -10.8842 17.872 1.45744 -0.16727 434.112 0 0
1500 85.3229 -10.6048 18.354 0.504501 -0.153287 441.547 0 0
1500 62.2023 -37.3716 17.9597 0.0290483 -0.63271 433.534 0 0
1500 55.9838 -7.58826 17.97 -0.0601233 -0.156792 440.664 0 0
1500 59.6635 -10.3554 17.822 -0.00709464 -0.235517 432.491 0 0
1500 -10.1825 12.8101 17.793 -1.03564 0.120254 436.668 0 0
1500 109.686 -37.2547 17.7965 0.750057 -0.63403 434.878 0 0
1500 28.597 -58.3489 17.7935 -0.462696 -0.924798 436.908 0 0
1500 60.6255 -40.9836 17.8095 0.00789742 -0.706458 433.381 0 0
1500 -17.3177 37.7814 17.8267 -1.14915 0.600382 437.819 0 0
1500 33.159 -19.2741 17.8642 -0.444805 -0.251178 433.812 0 0
1500 40.9186 -13.8139 18.0072 -0.23518 -0.291006 434.208 0 0
1500 114.557 -8.46295 18.2403 0.956021 -0.159432 437.497 0 0
1500 8.79581 45.1355 17.8598 -0.746812 0.731631 437.86 0 0
1500 90.8665 -10.6284 18.169 0.60356 -0.113545 435.607 0 0
1500 41.8096 161.976 18.0136 -0.271643 2.73498 431.001 0 0
1500 43.3615 21.5668 18.0587 -0.227767 0.346376 442.257 0 0
1500 115.47 18.5503 18.0458 1.00903 0.245198 432.013 0 0
1500 14.99 43.8437 17.9303 -0.729091 0.783965 432.305 0 0
1500 4.40812 55.0288 17.8677 -0.825408 0.90292 436.927 0 0
1500 58.6648 -24.818 18.2514 0.0131666 -0.522328 428.306 0 0
1500 75.0922 -62.0833 17.9173 0.318188 -0.97806 438.654 0 0
1500 88.9777 -133.853 17.8124 0.527195 -2.08688 437.185 0 0
1500 95.6111 -23.6639 18.0374 0.574385 -0.397915 443.411 0 0
1500 59.9634 -9.23095 17.8915 0.0972023 -0.153442 444.116 0 0
1500 113.213 14.3586 17.868 0.913349 0.190779 438.301 0 0
1500 -8.43133 -8.82054 17.7916 -1.01223 -0.194506 440.587 0 0
1500 4.46812 39.2656 17.8236 -0.866298 0.590086 440.38 0 0
1500 11.8864 15.8485 17.8354 -0.783812 0.252096 438.022 0 0
1500 33.3579 63.7465 17.8241 -0.434903 0.944918 440.932 0 0
1500 15.6348 49.5928 17.8246 -0.707738 0.750249 439.73 0 0
1500 46.0518 10.6132 17.8516 -0.264674 0.175163 436.755 0 0
1500 46.5016 62.0042 17.8276 -0.248809 0.945862 439.022 0 0
1500 -6.7279 -8.64492 17.8239 -1.03686 -0.119995 440.07 0 0
1500 38.6073 52.1123 17.8324 -0.371906 0.804551 438.348 0 0
1500 112.141 1.37165 17.8371 0.853499 0.0934452 438.387 0 0
1500 100.399 46.162 17.8291 0.661657 0.764741 439.59 0 0
1500 69.6195 64.6227 17.827 0.196621 1.02869 440.458 0 0
1500 70.8788 64.57 17.8848 0.187059 1.02905 440.654 0 0
1500 78.9402 28.9036 18.1881 0.427599 0.482061 438.972 0 0
1500 9.25547 -39.8054 17.8796 -0.78472 -0.638785 440.164 0 0
1500 15.7148 25.5109 17.8909 -0.704313 0.347745 438.614 0 0
1500 127.268 6.12648 18.097 1.19274 0.148331 436.625 0 0
1500 -52.7026 -6.5179 17.9153 -1.86417 -0.0769219 435.597 0 0
1500 94.5281 49.7403 17.8123 0.519332 0.821824 440.243 0 0
1500 15.1958 50.1771 17.808 -0.665893 0.809185 441.815 0 0
1500 101.051 -20.4485 18.1369 0.715845 -0.418641 434.582 0 0
1500 53.802 -2.84621 18.1068 -0.0536961 -0.117533 439.077 0 0
1500 70.8994 20.3349 18.0001 0.162411 0.373801 437.679 0 0
1500 79.4867 -4.36808 18.0512 0.380258 -0.0232822 446.938 0 0
1500 109.14 4.275 18.2057 0.864779 0.119884 441.579 0 0
1500 31.6061 -8.74959 18.0451 -0.459861 -0.222989 434.719 0 0
1500 58.4495 44.8807 17.8448 -0.0547346 0.670125 445.554 0 0
1500 81.4877 -22.4074 17.8211 0.401562 -0.415884 439.195 0 0
1500 83.7282 -52.2876 17.8539 0.405445 -0.866047 441.559 0 0
1500 60.7128 -62.5521 17.8507 0.0565645 -1.01215 442.164 0 0
1500 61.036 32.1977 18.0653 -0.00790014 0.610497 433.861 0 0
1500 15.5555 -4.87689 18.0066 -0.693174 -0.0353937 441.69 0 0
1500 126.977 -11.0626 17.8646 1.1856 -0.151048 438.541 0 0
1500 157.393 7.94268 17.9712 1.67943 0.192429 438.351 0 0
1500 95.9535 29.5314 17.8637 0.544203 0.518104 442.098 0 0
1500 -1.61711 27.2899 17.8506 -0.905923 0.457419 445.816 0 0
1500 23.1793 -67.2675 17.7992 -0.552976 -1.06336 444.941 0 0
1500 23.6171 33.8914 17.8385 -0.586748 0.472324 442.921 0 0
1500 139.433 15.503 18.0095 1.41523 0.265831 439.441 0 0
1500 114.668 -21.9061 17.8886 0.875774 -0.404921 444.096 0 0
1500 106.101 -40.3483 17.8885 0.713258 -0.652765 447.185 0 0
1500 57.2322 -10.5572 17.9133 0.00841961 -0.215659 449.633 0 0
1500 78.9259 -40.4105 17.8978 0.342071 -0.695541 443.009 0 0
1500 38.782 -27.2637 17.9055 -0.276432 -0.498682 442.379 0 0
1500 98.9913 -38.4115 18.051 0.642548 -0.652641 444.366 0 0
1500 74.1346 -11.3846 18.0711 0.247338 -0.226603 450.141 0 0
1500 75.3468 46.531 17.8066 0.320485 0.765474 443.259 0 0
1500 81.9556 11.5122 17.9268 0.328718 0.228796 449.985 0 0
1500 42.9674 16.8051 17.9275 -0.215322 0.302477 450.031 0 0
1500 82.0977 30.6326 17.9905 0.373592 0.545279 443.572 0 0
1500 101.877 33.3145 17.9606 0.690182 0.589279 443.777 0 0
1500 22.8664 -119.508 17.8529 -0.621244 -1.87633 443.437 0 0
1500 42.9642 -31.8548 17.881 -0.179307 -0.512012 450.471 0 0
1500 41.2336 36.7884 17.8441 -0.247383 0.645328 444.055 0 0
1500 58.9968 63.9537 17.8293 0.0256643 1.0019 448.152 0 0
1500 12.7262 26.1155 17.8381 -0.682406 0.476251 444.603 0 0
1500 32.9533 -14.7617 17.9051 -0.355199 -0.275091 451.051 0 0
1500 119.743 -21.2113 17.8387 0.994741 -0.312139 447.27 0 0
1500 102.119 -6.16069 17.8554 0.697008 -0.0839675 450.7 0 0
1500 103.247 -21.3296 17.8496 0.771613 -0.323224 445.331 0 0
1500 24.5779 -22.8337 18.0743 -0.536556 -0.398805 445.573 0 0
1500 72.8349 34.2378 17.8295 0.155134 0.557027 444.855 0 0
1500 107.892 11.3096 17.8881 0.821717 0.227711 446.024 0 0
1500 92.6315 47.54 17.8849 0.553204 0.733552 450.237 0 0
1500 8.96014 11.705 18.0067 -0.795744 0.196932 446.315 0 0
1500 99.8436 39.6805 18.198 0.680615 0.701739 443.883 0 0
1500 97.0177 -34.2444 17.8478 0.675916 -0.513392 445.783 0 0
1500 96.9208 1.21045 17.8173 0.661789 -0.0284346 445.08 0 0
1500 114.517 -21.5486 17.8024 0.911292 -0.371864 446.736 0 0
1500 42.2577 -10.0905 18.0747 -0.287821 -0.139224 445.458 0 0
1500 86.3205 33.497 17.8427 0.514265 0.545354 445.299 0 0
1500 76.7398 -47.738 17.9518 0.369752 -0.75918 447.04 0 0
1500 76.5037 -18.8657 17.9648 0.372394 -0.325249 445.94 0 0
1500 98.458 -1.67267 17.8776 0.633586 -0.062184 452.921 0 0
1500 98.7713 -42.9681 17.8626 0.683381 -0.690095 448.21 0 0
1500 80.4136 -48.0136 17.8089 0.383674 -0.709305 452.141 0 0
1500 -2.58092 23.8485 18.0495 -1.03641 0.442991 443.564 0 0
1500 43.5125 40.8471 17.9367 -0.286625 0.629217 448.077 0 0
1500 35.5632 -15.4084 17.9437 -0.412223 -0.237885 447.55 0 0
1500 15.7234 -39.1682 17.8666 -0.707152 -0.651636 448.012 0 0
1500 31.2115 6.93585 17.9821 -0.458077 0.15322 447.827 0 0
1500 12.7337 46.5737 17.9593 -0.714795 0.73634 450.457 0 0
1500 81.7141 -23.8051 18.0526 0.402881 -0.441169 448.727 0 0
1500 24.7868 -57.0222 17.8794 -0.526652 -0.886444 452.362 0 0
1500 29.7681 -29.425 17.8954 -0.479224 -0.510557 448.748 0 0
1500 68.8982 32.2722 18.2011 0.26231 0.549494 449.645 0 0
1500 -42.3574 71.1403 17.9122 -1.73577 1.16574 445.178 0 0
1500 38.4037 14.6449 18.1803 -0.444408 0.277458 439.729 0 0
1500 75.307 -42.3954 17.8991 0.212494 -0.713896 447.696 0 0
1500 72.6609 36.5431 17.965 0.253588 0.63842 450.278 0 0
1500 33.9486 -32.5664 17.8626 -0.356615 -0.527109 457.166 0 0
1500 104.236 -25.9818 17.8545 0.689295 -0.471408 451.574 0 0
1500 37.6482 -63.6138 17.9261 -0.323369 -0.994323 455.072 0 0
1500 86.1248 -44.0758 18.0515 0.54555 -0.721611 449.965 0 0
1500 72.3268 -10.9233 17.8469 0.293955 -0.136622 450.938 0 0
1500 88.4567 52.7894 17.8227 0.527312 0.830514 453.253 0 0
1500 78.4554 31.9194 17.8808 0.273903 0.55499 451.992 0 0
1500 26.3553 2.26999 17.8833 -0.534239 0.0962221 451.809 0 0
1500 93.8828 -21.4886 17.8283 0.606997 -0.387305 452.424 0 0
1500 44.8522 -32.7598 18.0462 -0.18455 -0.578554 453.135 0 0
1500 97.0263 -11.2692 17.8428 0.633133 -0.180319 458.873 0 0
1500 64.8265 -20.8272 17.8508 0.181335 -0.339919 454.375 0 0
1500 87.366 10.1406 17.8467 0.525016 0.135901 454.777 0 0
1500 90.8237 -31.8729 17.8389 0.568112 -0.498206 455.905 0 0
1500 65.7919 -39.59 17.8431 0.193707 -0.620749 455.21 0 0
1500 99.2728 61.5696 17.8605 0.604732 0.96992 458.11 0 0
1500 82.2939 22.0387 17.8383 0.409262 0.413192 453.93 0 0
1500 115.791 -29.593 17.8314 0.857806 -0.499839 458.941 0 0
1500 123.757 -5.80075 17.8197 1.03627 -0.0188248 455.782 0 0
1500 91.9069 63.7468 17.8918 0.585094 1.00016 457.49 0 0
1500 93.7042 -20.9959 17.8636 0.531029 -0.362361 462.122 0 0
1500 -41.5504 20.4024 17.8088 -1.56806 0.314211 458.261 0 0
1500 16.2416 -62.683 17.9016 -0.634641 -1.09339 452.124 0 0
1500 111.257 -67.1267 17.8018 0.817249 -1.05017 459.828 0 0
1500 85.8858 -3.63217 17.8423 0.48367 -0.116671 455.985 0 0
1500 78.2128 -30.3058 17.8397 0.329214 -0.481479 462.776 0 0
1500 51.6106 -23.4222 17.8441 -0.0506938 -0.425956 455.864 0 0
1500 81.4339 3.33762 17.8444 0.415201 -0.00804652 455.842 0 0
1500 116.246 -4.42378 17.8289 0.971115 -0.0158999 456.435 0 0
1500 77.553 57.2166 17.8893 0.271394 0.931137 460.033 0 0
1500 73.0247 63.305 17.8875 0.195281 0.983478 462.694 0 0
1500 65.1629 61.6926 17.8878 0.0842154 0.994353 460.318 0 0
1500 23.8323 49.0657 17.8918 -0.512374 0.768881 463.428 0 0
1500 38.7277 7.00753 17.9118 -0.324402 0.17985 457.909 0 0
1500 85.094 -96.3759 17.8079 0.406141 -1.51042 461.494 0 0
1500 52.9341 59.511 17.8446 -0.0945763 0.971526 460.85 0 0
1500 51.29 99.407 17.8464 -0.070931 1.65773 457.594 0 0
1500 92.9522 9.17512 17.8514 0.611614 0.109837 459.875 0 0
1500 69.2074 26.2508 17.8861 0.219906 0.406695 468.206 0 0
1500 92.2607 -46.0012 17.8857 0.574324 -0.681377 466.204 0 0
1500 57.7953 30.801 18.1429 -0.0699128 0.555213 455.488 0 0
1500 96.3534 -74.1426 17.9305 0.687268 -1.22411 460.91 0 0
1500 -1.17995 5.82764 17.9008 -0.909675 0.0745556 468.134 0 0
1500 2.85764 -42.7404 17.8225 -0.899033 -0.639703 466.125 0 0
1500 54.9273 -35.6404 17.8462 -0.0973886 -0.612118 463.962 0 0
1500 21.9267 -52.0708 17.8276 -0.588546 -0.837428 466.239 0 0
1500 40.1779 -38.0085 17.8423 -0.324628 -0.645732 464.274 0 0
1500 59.4707 -26.0572 17.852 -0.0243138 -0.418815 470.833 0 0
1500 111.045 12.5903 17.8016 0.816009 0.218134 469.399 0 0
1500 52.2431 33.506 17.8773 -0.0741363 0.540925 472.888 0 0
1500 55.9612 4.39362 17.885 -0.0244016 0.146988 465.59 0 0
1500 95.7124 47.1677 17.8615 0.54903 0.749872 471.274 0 0
1500 19.3433 8.74897 18.0616 -0.69441 0.0866981 462.848 0 0
1500 -6.16717 21.2922 17.7909 -0.973628 0.385849 472.022 0 0
1500 -5.02216 -1.95586 17.7947 -0.979374 0.04309 470.456 0 0
1500 82.0256 58.8415 17.8357 0.402673 0.902804 474.119 0 0
1500 123.358 11.0448 17.7951 0.997665 0.237736 472.495 0 0
1500 134.697 -21.8824 17.8636 1.31277 -0.324452 468.873 0 0
1500 121.235 -17.6611 17.8748 1.00349 -0.281859 475.535 0 0
1500 41.1651 -61.8373 17.881 -0.217267 -1.02616 474.977 0 0
1500 40.8429 -11.0148 18.187 -0.361653 -0.163894 482.851 0 0
