Total number of secondary electrons: 2035
1500 93.7026 5.64901 17.6945 0.969688 0.139956 223.835 0 0
1500 88.1172 -4.38437 14.8412 0.585815 -0.0863886 246.603 0 0
1500 88.9436 -7.62069 16.2504 0.723581 -0.113273 265.952 0 0
1500 105.211 13.1734 16.2613 0.998817 0.206357 273.901 0 0
1500 68.9547 1.31078 14.9488 0.258151 0.0398023 276.591 0 0
1500 91.6101 3.03708 15.8823 0.660372 0.0226866 279.185 0 0
1500 43.1153 -3.22482 14.2309 -0.193264 -0.0503379 279.399 0 0
1500 85.0144 -0.655284 14.9704 0.482278 -0.0558293 279.674 0 0
1500 81.3116 8.45485 14.7253 0.445673 0.179043 282.832 0 0
1500 78.0894 1.14626 14.4593 0.34067 -0.0260995 284.253 0 0
1500 81.4283 -12.2111 15.0757 0.417851 -0.127436 284.426 0 0
1500 76.0882 7.16272 15.7305 0.424885 0.101704 284.427 0 0
1500 99.0323 8.19079 14.8073 0.613856 0.10276 286.204 0 0
1500 82.9591 -37.2621 14.422 0.321055 -0.529031 287.645 0 0
1500 95.3485 -14.5663 14.5455 0.532155 -0.234164 292.758 0 0
1500 88.9416 -8.82325 14.7747 0.517075 -0.133956 293.316 0 0
1500 81.0961 2.34063 14.7855 0.451509 0.00924102 294.611 0 0
1500 118.029 -25.1025 14.7954 0.948578 -0.380219 294.756 0 0
1500 78.4476 2.88734 15.1379 0.402102 0.015919 297.327 0 0
1500 94.3052 -11.0299 13.8608 0.524819 -0.159074 297.987 0 0
1500 102.427 -31.3651 13.8336 0.615171 -0.397173 298.86 0 0
1500 134.319 31.6243 14.2773 1.21682 0.496023 300.97 0 0
1500 72.3364 -6.8959 13.6785 0.185732 -0.143901 304.926 0 0
1500 83.5782 -10.3249 15.7908 0.581424 -0.14883 305.446 0 0
1500 98.0586 -25.3136 16.0349 0.893546 -0.473527 308.942 0 0
1500 83.2509 15.718 14.4275 0.396024 0.23833 309.098 0 0
1500 86.6882 -42.6248 13.9791 0.376041 -0.559834 309.213 0 0
1500 97.6409 29.1313 14.2568 0.557684 0.433307 309.237 0 0
1500 18.4951 31.638 13.7136 -0.485996 0.436255 309.471 0 0
1500 75.8324 -19.2583 13.9734 0.265926 -0.22432 310.251 0 0
1500 61.5874 61.2011 13.7725 0.0575666 0.787604 310.401 0 0
1500 101.445 45.124 13.7758 0.531376 0.595891 310.462 0 0
1500 88.1929 -2.0616 16.0818 0.675394 -0.0431967 310.504 0 0
1500 13.6125 -91.973 13.832 -0.540276 -1.23756 311.148 0 0
1500 95.8392 -13.073 14.0098 0.523889 -0.179699 313.612 0 0
1500 91.4886 -39.6912 14.0638 0.468868 -0.493954 314.17 0 0
1500 95.7885 -19.3313 14.6105 0.509734 -0.280547 314.754 0 0
1500 112.54 -25.292 14.1218 0.713311 -0.321049 314.765 0 0
1500 100.465 -27.5262 15.8059 0.825042 -0.454422 315.086 0 0
1500 119.913 -23.8947 14.1722 0.795244 -0.302768 315.281 0 0
1500 122.209 20.6612 14.172 0.82212 0.218391 315.278 0 0
1500 78.5651 -7.96896 16.0489 0.472307 -0.13793 316.199 0 0
1500 87.0725 27.0576 14.7797 0.434256 0.365089 316.837 0 0
1500 97.2866 -9.77063 15.8822 0.685305 -0.113532 317.516 0 0
1500 185.948 -89.6475 15.4175 2.15429 -1.46135 318.264 0 0
1500 86.3359 11.9351 15.3411 0.499659 0.132035 318.788 0 0
1500 90.593 -19.2072 15.1255 0.471853 -0.278742 319.431 0 0
1500 80.092 -0.349403 15.7752 0.387578 -0.0549306 320.953 0 0
1500 98.3126 5.91457 16.002 0.76866 0.133247 321.392 0 0
1500 83.0213 -2.58075 16.4364 0.529991 0.0137706 321.623 0 0
1500 56.9403 -19.3399 15.2565 -0.00240745 -0.229095 322.179 0 0
1500 83.7132 -1.54095 17.153 0.58613 0.028543 323.466 0 0
1500 89.1262 -13.2836 15.844 0.568543 -0.236338 324.846 0 0
1500 89.2695 39.1165 15.6226 0.493737 0.550631 326.004 0 0
1500 75.8546 -13.5955 15.6452 0.246734 -0.189301 326.136 0 0
1500 107.269 -17.7519 15.2719 0.660655 -0.187379 326.65 0 0
1500 74.5443 -1.51643 16.4242 0.29722 0.0554111 327.359 0 0
1500 12.3564 116.84 15.0925 -0.500036 1.421 327.501 0 0
1500 15.1051 -46.5728 15.2143 -0.543279 -0.577691 327.959 0 0
1500 73.7958 -16.919 16.5162 0.336513 -0.239504 328.988 0 0
1500 77.0533 -19.5109 15.5812 0.280511 -0.294166 330.162 0 0
1500 111.178 8.09833 17.5446 1.05525 0.102245 332.086 0 0
1500 75.1391 72.2285 15.6933 0.245744 1.0067 332.812 0 0
1500 62.8736 -75.6908 15.6874 0.077977 -1.01859 332.863 0 0
1500 63.5969 12.205 15.8452 0.0529797 0.169613 333.185 0 0
1500 30.0579 18.3678 15.8329 -0.350974 0.271307 333.884 0 0
1500 59.4885 -3.49711 15.8722 0.0665823 -0.103758 334.026 0 0
1500 66.0515 70.9094 15.696 0.110095 0.909357 334.098 0 0
1500 97.1912 -51.6564 15.8263 0.562316 -0.665487 334.222 0 0
1500 82.5358 -3.33967 17.0475 0.463218 -0.0971875 335.999 0 0
1500 80.9863 -7.1325 16.6912 0.451041 -0.0875178 336.03 0 0
1500 74.111 16.7592 16.2274 0.208316 0.241378 336.289 0 0
1500 89.5708 -10.6858 16.7122 0.549163 -0.12848 336.332 0 0
1500 75.276 -13.3433 16.4778 0.337508 -0.20295 336.81 0 0
1500 112.065 34.4401 16.0619 0.721711 0.461498 336.888 0 0
1500 46.0186 -3.49056 16.2506 -0.144387 -0.0172199 336.881 0 0
1500 84.9268 -9.84347 16.0667 0.355863 -0.0844896 336.926 0 0
1500 86.8654 7.47671 16.4907 0.475348 0.0465562 337.005 0 0
1500 40.4884 12.5855 16.2601 -0.211467 0.178554 337.026 0 0
1500 95.7117 -1.70389 17.3692 0.659126 0.0108511 337.484 0 0
1500 33.7634 24.2332 15.9175 -0.271547 0.360014 337.704 0 0
1500 93.6036 -19.7816 17.1007 0.634742 -0.31477 337.755 0 0
1500 83.4847 0.468383 17.9603 0.569325 0.0440778 337.84 0 0
1500 49.68 -46.0433 16.1922 -0.0994739 -0.640221 338.229 0 0
1500 56.1822 12.3483 16.1457 -0.0703593 0.145903 338.588 0 0
1500 64.8912 7.57864 16.1002 0.133684 0.153359 339.695 0 0
1500 76.062 -82.1523 15.9952 0.239158 -1.13502 340.109 0 0
1500 100.208 17.4007 16.3244 0.625565 0.219368 340.308 0 0
1500 138.399 -35.6176 16.3021 1.2059 -0.58159 340.368 0 0
1500 62.6581 -25.2564 16.1635 0.106672 -0.319796 340.951 0 0
1500 78.3175 -7.81321 16.4138 0.363908 -0.0637758 340.969 0 0
1500 104.408 5.39059 17.5162 0.895238 0.0476559 341.046 0 0
1500 94.958 56.8147 15.9879 0.519538 0.717297 341.229 0 0
1500 62.9753 -32.1686 16.4854 0.114656 -0.460164 342.139 0 0
1500 115.877 -30.0755 16.0726 0.785345 -0.361121 343.591 0 0
1500 108.145 5.69872 16.8906 0.793534 0.134694 343.595 0 0
1500 115.508 8.61017 17.4698 1.15718 0.197114 343.825 0 0
1500 92.1555 -2.96868 16.4265 0.458224 -0.0538558 344.025 0 0
1500 63.651 13.9727 16.3095 0.0999754 0.244164 344.601 0 0
1500 101.066 2.20342 18.1009 0.944358 0.0446968 344.902 0 0
1500 83.5689 13.7468 16.2358 0.369349 0.230284 344.993 0 0
1500 94.274 11.387 17.1487 0.615392 0.13402 345.768 0 0
1500 83.5961 3.68461 17.6737 0.517123 -0.0009739 346.19 0 0
1500 79.9007 -4.33047 17.2014 0.391483 -0.0489908 346.311 0 0
1500 -9.11112 -35.7219 16.215 -0.806874 -0.465613 346.588 0 0
1500 9.83039 -5.28392 17.0604 -0.867149 -0.163031 347.101 0 0
1500 90.8314 -2.57456 17.882 0.629923 -0.0121631 347.11 0 0
1500 85.4083 -3.44705 17.6404 0.546225 -0.0040757 347.286 0 0
1500 98.4535 -16.0565 16.3392 0.5131 -0.268206 347.537 0 0
1500 69.0883 -64.8746 16.2398 0.0986775 -0.793971 347.64 0 0
1500 74.7215 -5.01225 17.2031 0.346342 -0.0795362 348.204 0 0
1500 78.535 -47.6976 16.4109 0.236361 -0.65252 348.277 0 0
1500 73.0701 -18.2125 16.3715 0.232093 -0.204499 348.372 0 0
1500 102.973 30.9996 16.3099 0.638084 0.366906 348.53 0 0
1500 94.2245 -19.0183 16.3088 0.436971 -0.302635 350.226 0 0
1500 82.7728 -8.02373 18.2255 0.566076 -0.131363 350.32 0 0
1500 76.5287 -5.19463 18.193 0.469738 -0.113958 350.613 0 0
1500 90.6977 -2.87127 16.9967 0.551246 -0.068533 350.714 0 0
1500 127.612 -41.2433 16.9656 1.09494 -0.699464 350.929 0 0
1500 61.2361 -24.4474 16.4158 -0.0128642 -0.330352 351.179 0 0
1500 63.3315 -49.6098 16.4726 0.114669 -0.698639 351.253 0 0
1500 93.2555 17.2368 16.5027 0.463643 0.225194 351.38 0 0
1500 102.373 -40.5026 16.5087 0.612888 -0.575966 351.948 0 0
1500 46.6775 49.2683 16.9656 -0.174913 0.841982 352.893 0 0
1500 69.9123 8.35988 16.6975 0.127798 0.134378 353.141 0 0
1500 -22.151 2.41823 16.4769 -1.04706 0.0350879 353.232 0 0
1500 38.0157 -32.2471 16.647 -0.23299 -0.482593 353.251 0 0
1500 103.188 32.1185 17.4062 0.85104 0.594165 353.304 0 0
1500 126.383 -24.3362 16.5766 0.920561 -0.353365 353.561 0 0
1500 82.9528 5.56253 17.6775 0.447996 0.048731 354.361 0 0
1500 -28.7879 -63.7791 16.613 -1.28976 -0.931654 354.405 0 0
1500 108.092 53.2065 16.5912 0.639783 0.757008 354.57 0 0
1500 136.075 5.86236 16.5893 1.03947 0.0955196 354.708 0 0
1500 65.2362 -15.3236 16.8259 0.1649 -0.280841 354.868 0 0
1500 125.249 19.058 16.6529 0.932427 0.250012 355.324 0 0
1500 94.9983 9.13127 17.2847 0.602906 0.162238 355.588 0 0
1500 88.8955 52.1034 16.7161 0.472448 0.703241 355.68 0 0
1500 130.44 -2.39426 17.1891 1.14579 0.00521093 355.884 0 0
1500 84.8632 -4.15605 17.897 0.526117 0.00165417 355.959 0 0
1500 70.3878 -61.9698 16.8035 0.187093 -0.905883 355.958 0 0
1500 111.374 -52.3623 16.9405 0.827064 -0.821807 355.973 0 0
1500 123.801 -59.3876 16.7304 0.93955 -0.839201 356.184 0 0
1500 96.5568 0.775722 16.9515 0.59653 0.0451994 356.238 0 0
1500 133.48 13.8604 16.701 1.04951 0.251339 356.302 0 0
1500 97.0748 -34.473 16.8681 0.585748 -0.485634 356.334 0 0
1500 100.691 10.5731 17.7605 0.719467 0.21164 356.42 0 0
1500 91.5522 18.2142 18.5758 0.766541 0.360288 356.428 0 0
1500 85.4973 17.8037 17.0067 0.436838 0.300822 356.462 0 0
1500 80.9754 29.4829 17.1254 0.341644 0.443424 356.602 0 0
1500 85.0958 11.5725 17.0339 0.469249 0.159326 356.763 0 0
1500 133.006 -12.2384 16.7094 1.00198 -0.218402 356.845 0 0
1500 43.5416 -1.12376 17.0556 -0.200436 -0.0228736 356.822 0 0
1500 7.42172 -15.0402 16.667 -0.681349 -0.26008 356.913 0 0
1500 78.9562 -9.35083 17.8544 0.388501 -0.144343 357.121 0 0
1500 72.2408 -7.66085 16.7965 0.2115 -0.130283 357.205 0 0
1500 85.8672 13.2985 17.819 0.597367 0.227544 357.397 0 0
1500 22.7335 46.9635 16.8817 -0.488001 0.708302 357.415 0 0
1500 75.7724 -0.90866 17.0156 0.289791 -0.0751054 357.561 0 0
1500 93.8982 10.7382 16.7599 0.534548 0.147648 357.641 0 0
1500 135.217 14.1753 16.781 1.0283 0.182238 357.704 0 0
1500 44.3333 -19.6118 16.8747 -0.257352 -0.275291 358.28 0 0
1500 65.3648 33.3225 17.16 0.137657 0.493463 358.43 0 0
1500 83.568 2.99187 18.4352 0.550532 0.0875498 358.488 0 0
1500 93.0902 57.112 16.9215 0.505263 0.782897 358.482 0 0
1500 126.247 34.8278 16.7446 0.898446 0.426138 358.506 0 0
1500 86.6867 7.91128 18.0391 0.564172 0.13576 358.856 0 0
1500 102.884 -26.818 16.8234 0.639661 -0.330569 358.93 0 0
1500 90.525 3.95754 17.5897 0.584852 0.120045 358.998 0 0
1500 70.5261 25.2159 17.11 0.238906 0.38373 359.19 0 0
1500 36.8235 18.3638 17.9544 -0.366486 0.328496 359.284 0 0
1500 53.0432 -35.0515 16.7859 -0.129699 -0.438818 359.337 0 0
1500 98.6219 6.94252 17.5612 0.672428 0.0745585 359.512 0 0
1500 98.8085 -17.7441 17.0263 0.617619 -0.254593 360.226 0 0
1500 62.1068 -57.7299 16.9036 0.0718726 -0.815816 360.548 0 0
1500 17.3631 -73.7043 17.0023 -0.611992 -1.01836 360.74 0 0
1500 -124 -112.904 16.9192 -2.50208 -1.55134 360.778 0 0
1500 91.4192 -37.6077 17.7655 0.594845 -0.630028 360.955 0 0
1500 110.599 10.6244 16.9782 0.695041 0.132823 361.039 0 0
1500 36.014 7.99993 17.0061 -0.318253 0.0588287 361.016 0 0
1500 110.784 -12.5161 17.2315 0.781237 -0.179774 361.158 0 0
1500 119.567 -9.14136 17.0864 0.877583 -0.143648 361.321 0 0
1500 52.0951 -20.1754 17.0013 -0.0524623 -0.334302 361.338 0 0
1500 96.657 14.9278 17.0346 0.59061 0.205228 361.427 0 0
1500 91.8463 -62.0069 17.0631 0.508415 -0.913833 361.612 0 0
1500 42.789 69.7268 16.8887 -0.258088 0.927596 361.731 0 0
1500 59.4389 12.3988 16.9585 0.0762982 0.145032 361.985 0 0
1500 60.3071 -4.72772 17.0555 -0.00292547 -0.108786 362.009 0 0
1500 78.271 31.5807 17.7654 0.34432 0.555829 362.026 0 0
1500 79.2793 5.16178 17.1649 0.27635 0.125405 362.132 0 0
1500 80.4567 -6.59429 18.3865 0.465271 -0.133897 362.221 0 0
1500 57.527 12.0189 16.9829 -0.0608895 0.123838 362.288 0 0
1500 51.6815 -53.3733 17.0351 -0.154288 -0.730722 362.712 0 0
1500 40.6923 -7.7031 17.3508 -0.235678 -0.069462 362.723 0 0
1500 58.0437 42.7614 17.2551 0.0297061 0.623788 362.765 0 0
1500 115.13 29.7765 17.0934 0.818439 0.393329 362.854 0 0
1500 77.3902 -13.7772 18.1724 0.415025 -0.228792 362.952 0 0
1500 -1.15348 -11.1694 17.0586 -0.826698 -0.123526 363.114 0 0
1500 -15.3278 -23.4613 16.9728 -0.937868 -0.365545 363.347 0 0
1500 68.8855 -11.2721 17.3125 0.201226 -0.213113 363.338 0 0
1500 98.0717 -27.5585 17.4171 0.698065 -0.393688 363.504 0 0
1500 31.1753 -12.4039 17.2433 -0.390465 -0.140405 363.635 0 0
1500 66.9826 39.0632 17.3538 0.149714 0.576594 363.939 0 0
1500 42.1444 22.8598 17.3638 -0.247158 0.294528 363.932 0 0
1500 81.0722 -39.4702 17.1086 0.331878 -0.516272 363.963 0 0
1500 60.0164 33.959 17.2301 0.0140796 0.508235 364.013 0 0
1500 53.4689 17.1726 17.2987 -0.0760342 0.275682 364.03 0 0
1500 70.9532 -39.6398 17.0673 0.156978 -0.598113 364.035 0 0
1500 75.2453 19.1289 17.4294 0.29095 0.257799 364.073 0 0
1500 138.496 -23.9096 17.6984 1.4712 -0.347967 364.08 0 0
1500 94.0214 -19.9708 17.5313 0.561383 -0.314378 364.104 0 0
1500 10.3565 52.4537 17.1013 -0.667064 0.699988 364.139 0 0
1500 78.5869 -9.64678 17.3354 0.289251 -0.167979 364.448 0 0
1500 45.2052 49.4337 17.1656 -0.197391 0.708035 364.45 0 0
1500 85.3479 14.8993 17.1119 0.419082 0.150793 364.735 0 0
1500 81.8407 -35.9758 18.1831 0.496119 -0.622468 364.993 0 0
1500 -0.0744312 -2.29625 17.1083 -0.814212 -0.0818475 365.055 0 0
1500 37.577 -14.9497 17.2599 -0.347522 -0.159524 365.032 0 0
1500 59.0733 -9.33444 17.7549 0.0324634 -0.106261 365.084 0 0
1500 62.3659 1.41045 17.7257 0.12428 -0.0447875 365.197 0 0
1500 101.045 8.27886 17.2542 0.602725 0.177791 365.226 0 0
1500 75.0653 11.9109 18.7637 0.434542 0.201187 365.592 0 0
1500 14.8309 -65.4301 17.0822 -0.534343 -0.879451 365.63 0 0
1500 117.465 16.0201 17.8618 1.05901 0.306248 365.685 0 0
1500 58.1182 1.82022 17.7192 0.0219825 0.0534951 365.723 0 0
1500 76.6019 41.647 17.3148 0.29856 0.619295 365.941 0 0
1500 89.067 -11.6411 18.572 0.641239 -0.293223 366.033 0 0
1500 137.814 -132.963 17.1165 1.08732 -1.7676 366.062 0 0
1500 18.6091 19.1983 17.1662 -0.607157 0.269099 366.308 0 0
1500 69.5768 -16.5003 17.1856 0.230972 -0.217612 366.324 0 0
1500 75.7861 -9.17617 18.663 0.377254 -0.152988 366.487 0 0
1500 -0.35785 6.94242 17.2993 -0.887955 0.161442 366.502 0 0
1500 80.8958 6.49804 17.332 0.379845 0.142039 366.788 0 0
1500 153.232 -20.4687 17.9741 1.79081 -0.443737 366.848 0 0
1500 82.7507 -24.498 17.2173 0.412052 -0.364357 366.909 0 0
1500 83.6398 28.6668 17.2183 0.424171 0.374995 366.951 0 0
1500 -18.4979 -13.9342 17.1631 -1.0256 -0.209008 367.048 0 0
1500 60.2866 12.0194 17.7398 0.114155 0.229111 367.043 0 0
1500 69.1031 54.984 17.3149 0.132953 0.81808 367.286 0 0
1500 121.309 0.0270303 17.4698 0.96433 0.0219177 367.45 0 0
1500 87.022 7.78252 18.0449 0.503689 0.161607 367.456 0 0
1500 63.3856 16.4891 17.5214 0.0445742 0.227458 367.453 0 0
1500 69.918 1.58675 17.4031 0.233967 0.0763313 367.489 0 0
1500 85.3712 13.9736 18.3965 0.553181 0.289877 367.525 0 0
1500 93.7906 16.6475 17.2392 0.548426 0.287444 367.87 0 0
1500 71.7924 49.7197 17.2304 0.247669 0.729544 368.066 0 0
1500 137.783 -2.53639 17.2231 1.1153 0.028796 368.082 0 0
1500 88.9006 11.4038 18.5347 0.606015 0.171194 368.208 0 0
1500 121.549 -24.8151 17.5534 1.07558 -0.378682 368.262 0 0
1500 99.8912 29.2279 17.5178 0.644331 0.443577 368.324 0 0
1500 45.236 -59.6158 17.2667 -0.209606 -0.868475 368.413 0 0
1500 117.234 12.5863 17.3788 0.860898 0.220802 368.523 0 0
1500 100.01 97.9962 17.2296 0.649124 1.36774 368.66 0 0
1500 83.1544 16.416 18.0341 0.493877 0.236215 368.808 0 0
1500 71.9452 61.4802 17.3036 0.188172 0.906555 369.056 0 0
1500 93.8935 13.4077 18.6406 0.782066 0.25488 369.201 0 0
1500 95.2171 -6.98951 17.8809 0.624187 -0.138203 369.222 0 0
1500 71.4583 26.8442 17.8999 0.248332 0.426865 369.411 0 0
1500 29.7024 47.78 17.3688 -0.445218 0.809273 369.408 0 0
1500 93.6392 -61.9935 17.2913 0.543568 -0.854583 369.548 0 0
1500 117.878 41.479 17.2943 0.867705 0.533171 369.643 0 0
1500 95.9326 -48.4288 17.2835 0.592979 -0.646848 369.62 0 0
1500 53.841 -15.9471 18.2758 -0.0287767 -0.240978 369.723 0 0
1500 -1.56875 28.2613 17.2897 -0.884783 0.372455 369.752 0 0
1500 126.49 -0.824292 17.2879 0.9806 0.0406876 369.865 0 0
1500 -10.7767 -3.15991 17.2777 -0.974244 -0.105249 369.902 0 0
1500 80.5624 19.2958 17.8168 0.420433 0.361115 370.055 0 0
1500 131.123 1.87322 17.3094 1.03874 0.00238592 370.107 0 0
1500 -7.4436 -16.3828 17.2985 -0.961118 -0.239534 370.081 0 0
1500 35.1217 -20.4557 17.3357 -0.405374 -0.30223 370.225 0 0
1500 109.891 -8.15064 17.6052 0.819865 -0.12457 370.452 0 0
1500 85.9978 -14.3777 17.8979 0.527949 -0.194913 370.44 0 0
1500 126.927 -29.8044 17.3962 1.10204 -0.421394 370.514 0 0
1500 88.8618 -8.46753 18.0452 0.533628 -0.178855 370.89 0 0
1500 74.9893 -15.2289 17.7245 0.269496 -0.229367 370.946 0 0
1500 70.9916 14.7502 18.0928 0.260963 0.218323 371.057 0 0
1500 82.5736 14.0219 19.0895 0.552699 0.232332 371.419 0 0
1500 59.9083 67.1381 17.3417 -0.0415919 0.960065 371.508 0 0
1500 80.1229 -12.8546 18.307 0.499227 -0.272554 371.748 0 0
1500 46.2523 -61.3155 17.4476 -0.160636 -0.927963 371.923 0 0
1500 0.49212 13.1108 17.3492 -0.884638 0.219627 371.985 0 0
1500 76.0625 17.8122 17.4079 0.308262 0.302205 372.228 0 0
1500 32.2507 -17.071 17.4262 -0.327818 -0.264996 372.244 0 0
1500 12.7513 -56.9429 17.36 -0.63963 -0.806462 372.291 0 0
1500 55.0426 3.92971 18.3094 0.0209246 0.0817628 372.281 0 0
1500 80.2612 3.3928 17.4357 0.35867 0.118806 372.348 0 0
1500 111.786 19.3899 17.9223 0.993824 0.350198 372.427 0 0
1500 73.8211 5.85375 17.7196 0.258596 0.114745 372.589 0 0
1500 83.3837 -42.437 17.6317 0.426254 -0.665093 372.607 0 0
1500 54.9531 38.666 17.3891 -0.0384743 0.603599 372.671 0 0
1500 26.4583 -55.6494 17.3908 -0.520243 -0.787679 372.837 0 0
1500 38.1521 29.8752 17.4514 -0.347788 0.423266 373.016 0 0
1500 103.263 -19.7558 17.6573 0.749874 -0.282878 373.121 0 0
1500 73.0725 -53.0641 17.4141 0.232488 -0.837917 373.352 0 0
1500 41.7857 -50.322 17.5616 -0.34094 -0.78814 373.479 0 0
1500 94.9056 14.5991 17.438 0.562339 0.251714 373.69 0 0
1500 86.3522 54.3703 17.4139 0.413856 0.810763 373.84 0 0
1500 32.3908 -12.2889 17.9977 -0.438587 -0.272008 373.919 0 0
1500 71.9208 5.95924 18.2826 0.30507 0.0949364 373.959 0 0
1500 16.3457 56.7759 17.4113 -0.653611 0.801274 373.99 0 0
1500 115.798 45.5867 17.635 0.959295 0.777819 374.237 0 0
1500 19.9678 -10.2731 17.7739 -0.591876 -0.194116 374.545 0 0
1500 70.6885 -5.12332 17.5839 0.134558 -0.0961558 374.542 0 0
1500 72.2835 -22.5704 17.5842 0.157857 -0.355852 374.777 0 0
1500 71.1178 18.5568 17.7117 0.176905 0.289453 375.002 0 0
1500 82.887 -10.4581 18.5535 0.574488 -0.148418 375.031 0 0
1500 63.2408 -69.6274 17.4247 0.0196383 -1.03187 375.081 0 0
1500 39.6957 37.1638 17.4972 -0.340796 0.53931 375.205 0 0
1500 32.1839 32.4155 17.4974 -0.452346 0.468355 375.244 0 0
1500 79.3549 -2.77628 17.5994 0.405163 -0.012374 375.264 0 0
1500 66.9108 3.53788 17.6185 0.108412 -0.00860483 375.243 0 0
1500 90.4636 -32.4521 17.7414 0.523917 -0.542686 375.369 0 0
1500 63.5115 -14.8882 18.68 0.187671 -0.250151 375.38 0 0
1500 71.0793 -8.1344 19.0273 0.353433 -0.132206 375.381 0 0
1500 39.5062 -37.4393 17.5859 -0.327693 -0.572279 375.385 0 0
1500 -83.5059 70.3241 17.4517 -2.23294 1.06266 375.375 0 0
1500 25.1409 -9.69645 17.7719 -0.510813 -0.158922 375.413 0 0
1500 90.1004 4.9537 17.6 0.562693 0.102466 375.601 0 0
1500 21.123 22.26 17.6812 -0.597848 0.350461 375.57 0 0
1500 170.149 9.64435 17.6944 1.92166 0.129165 375.632 0 0
1500 85.7011 16.3506 17.8095 0.54952 0.234698 375.642 0 0
1500 -29.2999 -78.2661 17.7588 -1.46444 -1.4214 375.871 0 0
1500 93.9762 25.3161 18.4631 0.646874 0.452132 375.883 0 0
1500 20.6515 123.982 17.6528 -0.613354 2.02518 375.883 0 0
1500 57.01 -0.331088 17.4866 -0.00958439 0.0615831 376.118 0 0
1500 67.9733 -72.9652 17.672 0.201689 -1.31367 376.164 0 0
1500 55.3798 -28.3249 17.6393 -0.0461574 -0.411603 376.194 0 0
1500 61.4716 -23.4877 17.9249 0.0607568 -0.338846 376.309 0 0
1500 28.319 -50.1388 17.5034 -0.501624 -0.747523 376.345 0 0
1500 58.7902 40.7353 17.4961 0.034215 0.600094 376.696 0 0
1500 100.63 33.0936 17.6052 0.706976 0.511578 376.749 0 0
1500 87.6931 20.1078 17.9682 0.508684 0.363155 377.038 0 0
1500 39.2957 40.824 17.7996 -0.300063 0.645614 377.219 0 0
1500 48.3798 34.7976 17.6943 -0.217224 0.596984 377.246 0 0
1500 106.915 -34.3857 17.8192 0.788805 -0.610903 377.365 0 0
1500 58.8952 -2.71482 17.8516 -0.067456 -0.0806449 377.391 0 0
1500 -11.2711 -2.02503 17.5192 -1.04157 0.00690111 377.436 0 0
1500 56.6533 24.3546 17.4805 0.0487245 0.38996 377.482 0 0
1500 93.8647 42.0168 17.5772 0.60678 0.639831 377.509 0 0
1500 5.59797 83.0588 17.5864 -0.890253 1.28894 377.511 0 0
1500 89.9162 10.0158 18.4243 0.639165 0.152848 377.538 0 0
1500 60.2148 -71.0762 17.5908 0.0780863 -1.20024 377.611 0 0
1500 98.9263 -5.00977 18.2668 0.724727 -0.106072 377.689 0 0
1500 112.409 20.7088 17.5257 0.876484 0.253781 377.758 0 0
1500 43.6323 -26.1423 18.2186 -0.209899 -0.507628 377.765 0 0
1500 98.2362 16.1063 17.8519 0.664767 0.236327 378.088 0 0
1500 90.5521 -37.4912 18.3684 0.682581 -0.786872 378.141 0 0
1500 14.3562 21.0189 17.5912 -0.698039 0.349958 378.215 0 0
1500 82.501 6.4717 17.5146 0.404395 0.166227 378.278 0 0
1500 39.5489 -13.9519 17.7675 -0.313758 -0.229907 378.61 0 0
1500 48.5442 -4.6884 17.8411 -0.133607 -0.134795 378.836 0 0
1500 111.675 31.0605 17.6483 0.831421 0.512441 378.871 0 0
1500 41.9966 55.8891 17.594 -0.285787 0.858234 378.869 0 0
1500 86.155 20.7095 17.6102 0.419343 0.29809 379.013 0 0
1500 47.3337 -14.1806 17.9844 -0.114351 -0.232964 379.066 0 0
1500 64.4109 4.20371 17.7792 0.16492 0.0852258 379.09 0 0
1500 53.0771 4.89631 17.5933 -0.0824922 -3.22339e-05 379.193 0 0
1500 95.0023 0.546944 17.8772 0.610385 0.0227604 379.292 0 0
1500 58.5968 9.35611 18.2881 0.0652014 0.192115 379.357 0 0
1500 88.341 -12.0882 18.9385 0.585264 -0.22752 379.353 0 0
1500 42.9964 -23.9623 17.5919 -0.234273 -0.436161 379.646 0 0
1500 125.19 -9.66044 17.5831 1.03107 -0.173285 379.836 0 0
1500 130.489 -35.6064 17.7577 1.2524 -0.528101 380.023 0 0
1500 73.4871 -23.3966 18.1549 0.314613 -0.413039 380.055 0 0
1500 52.9194 14.582 17.551 -0.142756 0.182753 380.579 0 0
1500 88.7087 -15.6638 17.5365 0.439431 -0.30898 380.788 0 0
1500 78.283 -19.4081 18.147 0.386954 -0.272986 380.964 0 0
1500 6.10137 -24.1201 17.5754 -0.774105 -0.343315 380.998 0 0
1500 126.359 36.4891 17.5454 1.10288 0.576382 380.924 0 0
1500 92.4205 -8.75426 18.1597 0.576826 -0.124752 381.025 0 0
1500 22.7658 -45.3907 17.5934 -0.527705 -0.742682 381.189 0 0
1500 74.1012 -69.8741 17.58 0.287115 -1.05762 381.268 0 0
1500 119.089 20.7461 17.6199 0.928018 0.294299 381.324 0 0
1500 127.279 -6.84525 17.5268 1.03564 -0.0342 381.335 0 0
1500 80.4199 -34.5584 17.6634 0.36524 -0.589196 381.529 0 0
1500 86.0011 -41.0771 17.5364 0.393658 -0.685416 381.59 0 0
1500 77.9312 -25.0326 18.419 0.351507 -0.410987 381.731 0 0
1500 96.7586 7.46895 17.5446 0.591143 0.18767 381.722 0 0
1500 120.991 28.5444 17.5346 0.934762 0.473929 382.052 0 0
1500 77.6128 6.30785 18.4894 0.363018 0.139571 382.099 0 0
1500 135.581 -6.25952 17.6509 1.3029 -0.0973033 382.154 0 0
1500 22.3663 -10.9949 17.6944 -0.527279 -0.164926 382.264 0 0
1500 110.892 34.9307 17.6481 0.786306 0.583224 382.318 0 0
1500 80.5326 3.5797 18.6467 0.492732 -0.0141657 382.373 0 0
1500 75.006 -7.64392 17.765 0.35462 -0.140767 382.608 0 0
1500 92.1086 18.4495 17.7191 0.603877 0.272765 382.731 0 0
1500 101.694 -12.4732 17.8378 0.751107 -0.166962 382.911 0 0
1500 51.3533 -3.19006 18.1676 -0.0852546 -0.080351 382.886 0 0
1500 78.7964 -8.44362 17.9202 0.39947 -0.185559 383.091 0 0
1500 48.1504 -31.7776 17.6151 -0.127371 -0.540257 383.135 0 0
1500 84.4183 29.0491 17.7271 0.443093 0.5017 383.131 0 0
1500 -13.732 11.3046 17.5426 -1.06247 0.233112 383.235 0 0
1500 52.1709 58.5068 17.6332 -0.145603 0.888511 383.274 0 0
1500 45.1877 21.1677 17.6102 -0.155219 0.350856 383.341 0 0
1500 51.878 -31.2611 17.6051 -0.114182 -0.48103 383.378 0 0
1500 17.9066 -99.6101 17.5373 -0.552371 -1.53597 383.524 0 0
1500 48.3922 -67.581 17.6136 -0.144078 -1.03332 383.619 0 0
1500 71.1519 61.6799 17.587 0.211757 0.972875 383.729 0 0
1500 70.6695 36.6359 17.5595 0.24515 0.6007 383.764 0 0
1500 120.293 7.20035 17.6036 0.944881 0.105822 383.839 0 0
1500 115.398 25.6753 17.5624 0.832654 0.421694 383.881 0 0
1500 87.9568 42.2138 17.7279 0.490546 0.690414 383.851 0 0
1500 101.253 13.0343 17.5661 0.686976 0.250938 383.907 0 0
1500 70.7343 35.7476 17.8723 0.258997 0.595818 383.927 0 0
1500 106.861 -42.4 17.6053 0.822503 -0.709416 383.955 0 0
1500 83.709 -7.00868 18.0215 0.47942 -0.1645 384.047 0 0
1500 115.396 34.0582 17.59 0.853456 0.565777 384.133 0 0
1500 88.6488 -30.4752 18.0117 0.625301 -0.523222 384.14 0 0
1500 52.9823 39.2991 18.1829 -0.116891 0.785799 384.219 0 0
1500 84.5286 0.0538427 17.9071 0.511292 -0.00141148 384.233 0 0
1500 31.8712 46.2404 17.5682 -0.33884 0.737732 384.395 0 0
1500 85.3097 -33.9593 18.1545 0.499467 -0.559112 384.455 0 0
1500 96.3716 54.5529 17.5559 0.580916 0.833057 384.486 0 0
1500 66.3703 -67.683 17.6802 0.148788 -1.03756 384.517 0 0
1500 146.643 44.668 17.8106 1.44898 0.766102 384.578 0 0
1500 118.284 -12.5402 17.6299 0.953926 -0.147197 384.708 0 0
1500 84.5205 47.3789 17.5711 0.432815 0.749248 384.87 0 0
1500 92.2128 11.3258 17.6348 0.591153 0.147591 384.907 0 0
1500 99.5059 -65.8584 17.6155 0.710075 -1.03157 384.944 0 0
1500 11.7668 -50.7085 17.5489 -0.719676 -0.684402 384.98 0 0
1500 80.7977 -6.1693 18.6376 0.532767 -0.10467 384.996 0 0
1500 86.6567 -62.5191 17.563 0.38379 -0.957088 385.017 0 0
1500 102.552 37.4949 17.7302 0.722218 0.693923 385.091 0 0
1500 71.5857 1.04739 17.6325 0.284947 0.00494151 385.116 0 0
1500 114.574 29.403 17.567 0.830876 0.471802 385.178 0 0
1500 -6.18498 -20.6624 17.5775 -0.972427 -0.33015 385.353 0 0
1500 74.8456 3.71404 18.5342 0.368026 -0.0184912 385.489 0 0
1500 91.89 -22.9312 17.6375 0.535508 -0.308069 385.505 0 0
1500 82.2594 -1.14535 18.5337 0.473377 -0.0881462 385.678 0 0
1500 56.2112 -3.91942 17.7002 0.0108262 -0.130384 385.766 0 0
1500 -8.10504 -2.05455 17.5847 -0.992937 -0.0654521 385.833 0 0
1500 101.78 4.222 17.7684 0.715139 0.122326 385.856 0 0
1500 118.052 -26.6928 17.8482 1.01895 -0.532193 385.957 0 0
1500 111.101 18.2293 17.5823 0.77304 0.311251 386.013 0 0
1500 28.7664 -4.77183 17.6552 -0.504838 -0.0471417 386.156 0 0
1500 43.5527 27.8315 17.6552 -0.282101 0.443354 386.195 0 0
1500 70.0492 35.4206 17.655 0.116325 0.556686 386.295 0 0
1500 52.4531 28.7161 17.9942 -0.127684 0.528882 386.309 0 0
1500 88.3193 -38.4432 17.9724 0.502648 -0.632641 386.353 0 0
1500 44.3707 17.6812 17.6532 -0.229113 0.286722 386.497 0 0
1500 74.5373 69.3799 17.5612 0.166521 1.02651 386.502 0 0
1500 39.0283 13.6988 18.3932 -0.305699 0.234881 386.495 0 0
1500 29.5657 -31.6294 17.6654 -0.395752 -0.499644 386.584 0 0
1500 69.9545 -8.52587 17.9256 0.224904 -0.201328 386.582 0 0
1500 51.608 -36.3273 17.7855 -0.0709933 -0.614328 386.695 0 0
1500 45.2535 -17.9935 17.9027 -0.22559 -0.266807 386.689 0 0
1500 69.5814 -23.1129 17.9249 0.218525 -0.417048 386.835 0 0
1500 77.0286 -55.262 17.715 0.291413 -0.832178 386.855 0 0
1500 75.656 59.7357 17.5886 0.253226 0.906085 386.847 0 0
1500 58.4965 14.0943 18.3144 0.0204025 0.300319 386.92 0 0
1500 75.3983 -54.0303 17.7179 0.268294 -0.81342 387.008 0 0
1500 86.5023 51.9943 17.6887 0.491048 0.800563 387.004 0 0
1500 75.3911 -23.4633 17.6763 0.229568 -0.385424 387.062 0 0
1500 44.2998 -19.2683 17.6792 -0.192629 -0.327869 387.185 0 0
1500 12.4005 24.103 17.6553 -0.739375 0.381403 387.217 0 0
1500 72.0516 11.4646 17.9586 0.311338 0.217673 387.232 0 0
1500 29.955 -11.8165 17.9056 -0.480366 -0.12336 387.234 0 0
1500 115.557 -33.0936 17.5684 0.899546 -0.505269 387.332 0 0
1500 65.5958 -46.5622 17.6048 0.0813772 -0.70628 387.381 0 0
1500 96.4305 -4.81677 18.3057 0.71015 -0.0382714 387.567 0 0
1500 84.254 -44.0155 17.6428 0.462263 -0.680475 387.617 0 0
1500 117.811 34.5492 17.5711 0.928233 0.474696 387.631 0 0
1500 146.232 23.2528 17.7528 1.47908 0.370715 387.673 0 0
1500 34.2129 66.4714 17.5861 -0.286733 0.991313 387.686 0 0
1500 93.6702 41.1238 17.6429 0.601333 0.582064 387.688 0 0
1500 81.2225 -41.4602 17.9244 0.386105 -0.680208 387.738 0 0
1500 38.0835 -72.6071 17.6884 -0.380808 -1.18889 387.897 0 0
1500 118.36 29.3428 17.5902 0.905686 0.461661 387.973 0 0
1500 52.4941 -30.8016 17.6191 -0.0981188 -0.485068 388.018 0 0
1500 117.931 -31.7877 17.6507 0.932889 -0.477031 388.078 0 0
1500 77.9308 -2.70325 19.1228 0.494624 0.028667 388.144 0 0
1500 107.754 8.31884 18.3069 0.863906 0.149238 388.312 0 0
1500 -7.2205 5.17595 17.5842 -0.991111 0.094272 388.335 0 0
1500 47.2739 64.7728 17.6603 -0.218964 0.967454 388.369 0 0
1500 56.6468 -36.2415 17.9353 -0.0959249 -0.619839 388.417 0 0
1500 31.3284 -29.9566 17.8682 -0.437034 -0.446658 388.639 0 0
1500 99.9418 57.2614 17.7139 0.726418 0.869317 388.607 0 0
1500 52.3666 -31.1492 17.8121 -0.0996347 -0.471094 388.75 0 0
1500 85.8355 -39.242 18.7087 0.578416 -0.725703 388.74 0 0
1500 45.7419 -13.4061 18.0577 -0.197542 -0.307445 388.723 0 0
1500 30.2209 17.419 17.8694 -0.465436 0.34506 389.015 0 0
1500 70.6766 -4.90866 18.0389 0.276896 -0.155663 389.169 0 0
1500 122.026 -3.18385 17.6172 0.969877 -0.111492 389.258 0 0
1500 80.4583 -27.2182 17.9565 0.34571 -0.469756 389.215 0 0
1500 90.846 -19.4792 17.7954 0.532346 -0.266326 389.372 0 0
1500 56.903 35.912 17.7125 -0.0884397 0.546755 389.408 0 0
1500 132.035 11.9053 17.8717 1.26095 0.176201 389.41 0 0
1500 99.4005 24.4028 18.3831 0.732567 0.402911 389.525 0 0
1500 105.269 -2.36724 18.7546 0.873509 -0.0265396 389.535 0 0
1500 64.7795 -67.2178 17.5958 0.157358 -0.9698 389.525 0 0
1500 -10.9091 -6.75679 17.6725 -1.04569 -0.0730813 389.737 0 0
1500 82.2479 -64.569 17.6554 0.41929 -0.955314 389.741 0 0
1500 16.0897 -33.7635 17.611 -0.648717 -0.445711 389.817 0 0
1500 104.678 -49.5124 17.6564 0.740829 -0.737685 389.841 0 0
1500 14.9766 -6.94327 17.8616 -0.814537 -0.140106 389.895 0 0
1500 87.084 5.26371 17.6792 0.510157 0.0499577 389.933 0 0
1500 95.0421 -18.4015 17.9649 0.596582 -0.322687 390.023 0 0
1500 85.7041 -61.7828 17.7642 0.454215 -0.940956 390.144 0 0
1500 57.0143 46.2052 17.6305 0.0360991 0.67916 390.18 0 0
1500 94.5814 -7.31492 17.6457 0.529076 -0.156101 390.37 0 0
1500 13.133 24.5181 17.767 -0.719267 0.36183 390.388 0 0
1500 140.283 -11.6537 17.9164 1.39348 -0.152426 390.442 0 0
1500 85.7325 2.7325 17.9575 0.504291 0.0955045 390.497 0 0
1500 204.17 -89.498 17.7159 2.32943 -1.39296 390.53 0 0
1500 99.0646 23.4389 17.6897 0.598606 0.373113 390.544 0 0
1500 66.3053 39.2578 17.6957 0.165446 0.591933 390.695 0 0
1500 114.077 -38.7014 17.6663 0.865186 -0.575339 390.698 0 0
1500 106.332 1.49359 17.7008 0.713723 0.0714138 390.865 0 0
1500 95.2791 -21.0631 17.6529 0.589343 -0.381624 390.848 0 0
1500 73.497 -47.8898 17.68 0.306413 -0.736575 390.942 0 0
1500 69.3661 -52.93 17.6795 0.239836 -0.810999 391.053 0 0
1500 58.9641 4.28651 18.3272 0.0326795 0.0434028 391.143 0 0
1500 53.2948 26.7648 17.7725 -0.161288 0.460763 391.152 0 0
1500 76.5779 3.60838 18.7214 0.467397 0.11536 391.176 0 0
1500 -2.00631 -14.9734 17.7701 -0.929978 -0.217756 391.307 0 0
1500 108.777 -12.7313 17.6535 0.785038 -0.255262 391.352 0 0
1500 44.2981 23.8086 18.0842 -0.273422 0.402785 391.347 0 0
1500 4.56399 35.5966 17.696 -0.805573 0.519505 391.399 0 0
1500 104.422 -35.0164 17.6551 0.708872 -0.509358 391.437 0 0
1500 154.196 35.4819 17.6441 1.5123 0.559515 391.437 0 0
1500 72.7441 -1.42377 17.914 0.245934 -0.0790248 391.481 0 0
1500 66.7377 -45.7111 17.7582 0.137049 -0.75022 391.5 0 0
1500 70.6532 -62.3971 17.7612 0.272376 -1.03003 391.463 0 0
1500 77.4159 58.9177 17.9509 0.346589 1.0258 391.536 0 0
1500 115.926 -7.13765 17.6813 0.920879 -0.133135 391.577 0 0
1500 95.4297 -38.8641 17.654 0.585254 -0.640559 391.573 0 0
1500 91.0956 7.59916 17.985 0.594592 0.192451 391.652 0 0
1500 64.3512 -18.6306 17.9813 0.020101 -0.331594 391.754 0 0
1500 104.755 49.949 17.6426 0.672277 0.776713 391.781 0 0
1500 121.487 -19.4342 17.626 0.986455 -0.297261 391.846 0 0
1500 85.1266 -5.37213 18.1381 0.469386 -0.0307172 392.2 0 0
1500 34.7924 -28.3325 17.9694 -0.400099 -0.471663 392.2 0 0
1500 69.3721 10.4869 17.9452 0.214083 0.23058 392.361 0 0
1500 123.004 -5.70846 17.6867 1.01142 -0.11072 392.472 0 0
1500 135.216 -34.7355 17.7646 1.25863 -0.608127 392.513 0 0
1500 99.1137 -39.8853 17.6965 0.636038 -0.576855 392.565 0 0
1500 67.2293 7.72233 18.2993 0.161359 0.207793 392.79 0 0
1500 79.3116 38.6779 17.7838 0.354829 0.57095 392.864 0 0
1500 79.9327 -65.0697 17.6903 0.385508 -0.964152 392.897 0 0
1500 11.3606 -41.0967 17.6654 -0.66441 -0.673242 392.86 0 0
1500 49.6005 -59.6654 17.8149 -0.10009 -0.939857 393.078 0 0
1500 95.8445 1.30855 17.9731 0.616301 -0.0522731 393.083 0 0
1500 7.04725 -40.6289 17.6671 -0.724117 -0.663137 393.193 0 0
1500 30.8458 -5.92765 17.6925 -0.423568 -0.164063 393.253 0 0
1500 35.6246 39.0863 17.893 -0.313408 0.650679 393.32 0 0
1500 -39.6503 43.7174 17.9133 -1.66669 0.749432 393.314 0 0
1500 34.5818 25.1835 17.7356 -0.376361 0.364146 393.383 0 0
1500 63.4062 -4.5969 17.9766 0.153063 -0.13552 393.399 0 0
1500 139.148 30.8894 18.1817 1.43388 0.519943 393.414 0 0
1500 68.7949 -3.56219 17.9907 0.244398 -0.114334 393.461 0 0
1500 89.0078 76.0534 17.6846 0.46329 1.11558 393.522 0 0
1500 30.3662 1.27327 17.74 -0.432468 0.039447 393.574 0 0
1500 107.716 -15.6266 17.6763 0.714561 -0.275903 393.644 0 0
1500 30.5408 -32.1596 17.7994 -0.466934 -0.456904 393.676 0 0
1500 92.0728 -72.1283 17.77 0.595665 -1.19976 393.685 0 0
1500 95.7476 -24.4931 17.976 0.741521 -0.43357 393.874 0 0
1500 99.9284 9.75509 19.1808 0.82496 0.167043 393.905 0 0
1500 65.5521 -65.4318 17.676 0.166361 -1.00178 393.996 0 0
1500 58.0518 5.5431 18.6001 0.0224356 0.124726 394.063 0 0
1500 60.9443 83.4533 17.744 0.0392811 1.2882 394.374 0 0
1500 94.1822 -57.4651 17.7095 0.577201 -0.835435 394.502 0 0
1500 100.865 -3.36881 18.2967 0.76906 -0.050973 394.515 0 0
1500 107.976 -36.4277 17.7112 0.760032 -0.637865 394.519 0 0
1500 98.9681 -49.7646 17.7286 0.650566 -0.775176 394.538 0 0
1500 84.4728 19.2781 18.0363 0.446613 0.300603 394.641 0 0
1500 31.5259 49.9505 17.7988 -0.445827 0.760495 394.631 0 0
1500 74.1181 -50.4113 17.819 0.206169 -0.801649 394.637 0 0
1500 121.4 -8.89256 18.6181 1.2381 -0.169294 394.645 0 0
1500 41.5258 -13.0426 17.7539 -0.275639 -0.142985 394.666 0 0
1500 21.3388 55.4298 17.7063 -0.549622 0.836533 394.795 0 0
1500 47.779 -62.48 17.7601 -0.150303 -0.981768 394.825 0 0
1500 33.0727 54.6373 17.7993 -0.421162 0.825983 394.929 0 0
1500 86.6571 -60.3242 17.7316 0.468991 -0.92282 394.959 0 0
1500 77.4024 -24.7086 17.9347 0.293569 -0.44084 395.106 0 0
1500 69.4713 4.57484 17.7075 0.165096 0.128459 395.13 0 0
1500 111.512 -17.1615 17.9879 0.858885 -0.308962 395.337 0 0
1500 14.4352 -37.352 17.807 -0.669813 -0.610622 395.34 0 0
1500 70.2917 -26.6356 18.2601 0.230444 -0.417644 395.386 0 0
1500 102.414 13.8701 17.7442 0.676708 0.170018 395.448 0 0
1500 56.0758 39.5629 17.9351 0.0384912 0.655483 395.827 0 0
1500 62.1804 50.4785 17.9803 0.0534175 0.917692 395.984 0 0
1500 85.7984 29.0604 17.7306 0.486357 0.478459 396.143 0 0
1500 95.1959 22.7206 19.1871 0.881043 0.420404 396.213 0 0
1500 73.2313 22.4082 18.2386 0.275382 0.361109 396.265 0 0
1500 82.3483 -2.71369 18.5536 0.495793 0.025261 396.463 0 0
1500 82.1714 -32.5861 18.0241 0.365704 -0.559909 396.542 0 0
1500 68.9702 -8.37457 17.7081 0.211096 -0.128038 396.754 0 0
1500 112.639 12.2349 17.8888 0.908132 0.2776 396.753 0 0
1500 -2.11651 -196.628 17.926 -1.01946 -3.40454 396.765 0 0
1500 76.0682 -61.0306 18.1483 0.327748 -1.04411 396.825 0 0
1500 89.9926 31.8502 17.7469 0.486305 0.554623 396.867 0 0
1500 52.0622 41.8226 17.7461 -0.115212 0.626965 396.92 0 0
1500 74.663 -7.9887 17.727 0.255898 -0.198548 397.039 0 0
1500 107.266 -16.1328 18.1157 0.903041 -0.255792 397.057 0 0
1500 78.5686 -14.5381 17.7259 0.314852 -0.297963 397.196 0 0
1500 114.264 -11.4675 18.5482 1.01798 -0.225704 397.29 0 0
1500 86.6808 -7.72839 18.8102 0.534627 -0.106436 397.326 0 0
1500 99.5813 42.8112 17.9335 0.672875 0.688379 397.345 0 0
1500 1.59274 15.6428 17.8223 -0.905846 0.181432 397.318 0 0
1500 137.748 11.0269 17.8013 1.27314 0.231499 397.441 0 0
1500 61.677 67.0265 17.9539 0.113228 1.10454 397.426 0 0
1500 81.7691 -7.65106 17.8564 0.330641 -0.169974 397.487 0 0
1500 74.8553 2.18801 17.7691 0.292816 0.00334872 397.558 0 0
1500 56.6849 -34.1711 17.9747 0.017901 -0.585978 397.467 0 0
1500 74.4156 -31.2832 17.8587 0.241739 -0.465575 397.62 0 0
1500 69.2561 41.4082 17.9063 0.136258 0.668526 397.595 0 0
1500 121.495 20.4117 18.5597 1.20983 0.324744 397.679 0 0
1500 120.187 -6.54888 17.7292 0.981672 -0.0581266 397.778 0 0
1500 56.2093 -72.3115 17.6985 -0.0400667 -1.12783 397.832 0 0
1500 57.6581 -31.3774 18.3346 0.0192238 -0.559303 397.945 0 0
1500 70.2475 20.1332 18.018 0.260396 0.289158 398.045 0 0
1500 84.8491 8.89857 17.9879 0.475839 0.197313 398.063 0 0
1500 37.7101 24.3571 17.9237 -0.355019 0.363898 398.149 0 0
1500 66.6057 14.4094 18.509 0.23796 0.283106 398.291 0 0
1500 117.344 -31.5013 17.7309 0.932479 -0.422739 398.308 0 0
1500 99.2193 13.4838 17.7441 0.686505 0.162433 398.339 0 0
1500 68.9646 -3.83923 18.4031 0.28337 -0.0262881 398.549 0 0
1500 119.718 58.3077 17.7235 0.975059 0.829524 398.531 0 0
1500 82.1578 9.34398 19.0775 0.492947 0.197467 398.666 0 0
1500 94.726 -45.852 17.7207 0.546445 -0.755054 398.976 0 0
1500 57.4911 -31.9869 17.9888 0.0249535 -0.556863 399.033 0 0
1500 75.4035 -27.7026 17.98 0.259147 -0.481875 399.243 0 0
1500 99.0583 28.3003 17.9811 0.679869 0.479387 399.49 0 0
1500 101.974 47.8439 17.7829 0.661121 0.708944 399.801 0 0
1500 71.0777 -32.4192 18.1779 0.286754 -0.543998 399.769 0 0
1500 71.1096 -4.66004 17.9639 0.255939 -0.139796 399.851 0 0
1500 116.93 -27.5884 18.3469 1.05151 -0.479015 399.963 0 0
1500 125.115 26.7513 18.8513 1.41816 0.570454 400.027 0 0
1500 100.172 2.05517 18.1766 0.713414 -0.0344706 400.073 0 0
1500 71.8651 -12.2787 18.0551 0.236588 -0.228375 400.377 0 0
1500 68.8834 6.08125 18.8332 0.312388 0.158068 400.583 0 0
1500 33.5305 -9.5117 17.8723 -0.381858 -0.10683 400.74 0 0
1500 75.9563 -40.2318 17.9586 0.324243 -0.666631 400.839 0 0
1500 76.1484 -28.594 18.055 0.318667 -0.439365 400.946 0 0
1500 76.5129 -28.4986 18.0403 0.313911 -0.443415 400.939 0 0
1500 91.1635 8.22877 18.1484 0.571869 0.190473 401.133 0 0
1500 89.7608 22.3411 18.1474 0.549326 0.39815 401.352 0 0
1500 79.173 45.5927 17.7421 0.350767 0.68433 401.428 0 0
1500 106.255 -37.7737 17.8546 0.789158 -0.58191 401.389 0 0
1500 69.7773 11.2942 18.5373 0.20416 0.180847 401.371 0 0
1500 73.9557 -18.5195 19.3144 0.375605 -0.305476 401.473 0 0
1500 55.0098 -8.51499 18.0526 0.0243588 -0.173176 401.505 0 0
1500 28.3646 -60.3003 17.7366 -0.421673 -0.931472 401.732 0 0
1500 113.662 -42.8508 17.7265 0.781071 -0.690783 401.59 0 0
1500 85.3558 -0.869615 18.6694 0.591718 0.00284063 401.573 0 0
1500 106.257 -1.12205 18.0123 0.816253 0.00909173 401.493 0 0
1500 155.224 -24.8034 17.7212 1.4948 -0.311124 401.525 0 0
1500 92.7053 -74.1008 18.806 0.649195 -1.51042 401.994 0 0
1500 133.578 -12.8978 18.1685 1.36916 -0.192513 402.14 0 0
1500 13.3598 40.2784 17.7696 -0.681324 0.605123 402.428 0 0
1500 82.282 -9.17969 18.5755 0.499393 -0.194034 402.491 0 0
1500 68.2305 -48.0065 17.9406 0.172301 -0.785759 402.56 0 0
1500 66.6376 -4.16044 19.3379 0.230575 -0.0721407 402.585 0 0
1500 62.889 11.2138 17.953 0.145652 0.228003 402.748 0 0
1500 57.6732 -50.7055 18.1368 0.05885 -0.938626 402.657 0 0
1500 10.4065 32.0712 17.7404 -0.730162 0.482489 402.861 0 0
1500 123.323 -46.5345 17.8753 1.10925 -0.809556 403.018 0 0
1500 78.0737 -18.2163 17.9214 0.393452 -0.298709 403.11 0 0
1500 68.0433 -29.0373 18.1436 0.24532 -0.488412 403.119 0 0
1500 36.8111 -6.45859 17.8807 -0.337289 -0.0287584 403.155 0 0
1500 86.7933 13.1099 17.9909 0.458414 0.237071 403.344 0 0
1500 81.749 -50.2517 17.7578 0.332331 -0.770701 403.318 0 0
1500 58.3051 1.51509 18.0583 0.00366056 -0.0445352 403.339 0 0
1500 84.3013 -60.4829 17.7435 0.344974 -0.922535 403.424 0 0
1500 83.0098 39.4818 17.9952 0.479316 0.626609 403.453 0 0
1500 100.339 45.635 17.782 0.699547 0.657659 403.495 0 0
1500 82.9616 -5.37307 17.9956 0.404531 -0.0157835 403.606 0 0
1500 91.7647 -137.259 17.8294 0.568594 -2.21819 403.616 0 0
1500 51.9921 10.6397 18.1043 -0.0672766 0.231278 403.736 0 0
1500 114.114 -2.7952 17.7789 0.842274 -0.0767741 403.76 0 0
1500 75.5353 -0.493815 18.6008 0.341909 0.0570277 403.882 0 0
1500 98.6823 56.8981 17.7617 0.660015 0.813984 403.905 0 0
1500 115.315 -32.5146 18.0133 0.957267 -0.596882 403.911 0 0
1500 -3.00916 19.0537 17.8513 -0.952658 0.286532 404.082 0 0
1500 89.4145 -3.51987 18.3504 0.581166 -0.110087 404.099 0 0
1500 82.6718 -0.0612214 18.112 0.485944 0.0112373 404.062 0 0
1500 107.77 18.5151 17.7462 0.755268 0.350458 404.044 0 0
1500 96.5844 -15.6971 17.811 0.637445 -0.181616 403.933 0 0
1500 51.0412 31.2954 17.7587 -0.0821149 0.546981 404.042 0 0
1500 146.479 4.36557 17.9887 1.49749 0.0865556 404.095 0 0
1500 146.571 61.4961 17.9188 1.45812 1.06359 404.009 0 0
1500 100.256 32.8616 18.2121 0.76028 0.514715 404.193 0 0
1500 97.8121 36.8529 17.7459 0.604615 0.623045 404.231 0 0
1500 70.895 46.4972 17.8094 0.248871 0.749749 404.394 0 0
1500 97.6677 -51.7575 17.826 0.674894 -0.851499 404.411 0 0
1500 63.6508 3.37694 18.5626 0.158507 0.105372 404.501 0 0
1500 85.2983 4.74077 18.1404 0.518484 0.106977 404.523 0 0
1500 73.9266 -66.816 17.8332 0.324174 -1.06353 404.494 0 0
1500 91.0549 29.1261 17.756 0.522281 0.51001 404.556 0 0
1500 89.0819 -10.8829 18.1397 0.573536 -0.124831 404.658 0 0
1500 64.606 0.0792453 17.911 0.0905409 -0.0705464 404.808 0 0
1500 79.5332 38.9019 17.9348 0.318192 0.651423 404.993 0 0
1500 20.8861 51.129 17.7465 -0.536066 0.825405 405.092 0 0
1500 43.5546 -17.9036 17.9085 -0.22949 -0.343282 405.096 0 0
1500 35.8244 -2.96124 17.9091 -0.347225 -0.116525 405.027 0 0
1500 72.9347 -34.1389 17.7714 0.198057 -0.590385 405.156 0 0
1500 81.6562 -27.0716 17.8 0.434302 -0.399703 405.29 0 0
1500 47.9828 14.3793 18.3536 -0.14497 0.198751 405.352 0 0
1500 62.6932 -25.3354 18.0373 0.0849828 -0.453688 405.337 0 0
1500 45.6302 -27.9085 17.9068 -0.197314 -0.493536 405.317 0 0
1500 91.8104 -11.0086 17.9064 0.501131 -0.237608 405.369 0 0
1500 74.1818 1.69597 17.8442 0.330109 0.0233743 405.372 0 0
1500 118.394 10.2017 17.8089 0.94417 0.203701 405.46 0 0
1500 51.463 51.6684 17.9711 -0.12322 0.817196 405.462 0 0
1500 33.528 -26.1527 17.9057 -0.379509 -0.465806 405.482 0 0
1500 21.2945 54.3834 17.7477 -0.52702 0.868343 405.483 0 0
1500 47.5187 -34.0261 18.1006 -0.107527 -0.581437 405.706 0 0
1500 96.4661 -43.3707 18.0248 0.651161 -0.677931 405.708 0 0
1500 58.3396 -28.4535 18.0466 0.0251085 -0.451337 405.726 0 0
1500 102.572 44.2086 17.8096 0.708008 0.701073 405.772 0 0
1500 77.0379 -6.38201 18.051 0.277006 -0.15257 405.946 0 0
1500 80.6884 21.68 18.2836 0.363839 0.354234 406.033 0 0
1500 70.074 -10.392 18.1849 0.261453 -0.180294 406.059 0 0
1500 58.5934 30.786 17.8522 0.0217179 0.540428 406.1 0 0
1500 97.1929 -6.01219 17.906 0.613318 -0.108998 406.187 0 0
1500 85.2445 17.1107 17.7698 0.453741 0.326735 406.158 0 0
1500 122.866 -14.8564 17.8848 1.01655 -0.180628 406.372 0 0
1500 71.6768 -23.1352 17.8313 0.257637 -0.415937 406.277 0 0
1500 66.285 -26.4955 17.813 0.196924 -0.439497 406.29 0 0
1500 74.2529 10.0461 17.8508 0.197951 0.205732 406.593 0 0
1500 90.6574 -20.4009 17.8279 0.544549 -0.371764 406.69 0 0
1500 44.2062 -5.43581 18.0422 -0.187132 -0.133343 406.747 0 0
1500 97.5545 1.29673 17.8797 0.624084 0.094344 406.745 0 0
1500 98.115 15.6082 17.8274 0.657273 0.175445 406.754 0 0
1500 68.6156 28.332 18.167 0.169162 0.487288 406.789 0 0
1500 73.6254 61.373 17.7686 0.1872 0.927061 406.87 0 0
1500 46.6216 -41.117 17.8271 -0.124625 -0.685454 406.807 0 0
1500 127.555 16.7636 18.213 1.20101 0.303771 406.826 0 0
1500 113.371 -23.6683 17.9479 0.905961 -0.340951 406.928 0 0
1500 220.863 -6.58001 17.8244 2.63042 -0.0650917 406.918 0 0
1500 56.4761 -17.1569 18.5416 0.0316441 -0.305695 407.016 0 0
1500 125.371 -8.68727 18.1277 1.15585 -0.203064 406.986 0 0
1500 98.6381 24.138 17.8626 0.695454 0.350967 407.3 0 0
1500 40.9386 20.6905 17.8067 -0.219138 0.381472 407.416 0 0
1500 24.5641 27.8701 17.8424 -0.558369 0.47306 407.54 0 0
1500 14.7347 -9.74394 17.916 -0.691628 -0.092717 407.659 0 0
1500 43.4035 -8.11104 17.8802 -0.289188 -0.100848 407.671 0 0
1500 100.104 10.3086 18.2894 0.753933 0.132214 407.709 0 0
1500 61.6374 -21.7345 17.9072 0.079348 -0.408991 407.74 0 0
1500 120.317 32.5015 17.999 1.01713 0.620332 407.729 0 0
1500 82.6614 -11.2879 18.0716 0.428227 -0.128891 407.807 0 0
1500 122.007 21.7338 17.8228 0.964012 0.360976 407.809 0 0
1500 98.5183 -9.67755 18.4695 0.745051 -0.115656 407.826 0 0
1500 6.19773 -38.234 17.8421 -0.819373 -0.593403 407.839 0 0
1500 88.838 -6.67497 18.6278 0.566141 -0.120069 407.94 0 0
1500 67.7309 -20.4014 18.2521 0.241742 -0.36911 407.925 0 0
1500 57.0888 18.8902 17.8852 0.0551991 0.290328 407.95 0 0
1500 115.758 35.4021 17.7872 0.89624 0.510985 408.093 0 0
1500 -4.09488 -27.4816 17.7692 -0.932959 -0.468926 407.993 0 0
1500 114.729 -10.7307 17.9764 0.912076 -0.211948 408.108 0 0
1500 106.595 -32.619 17.8032 0.792789 -0.519058 408.083 0 0
1500 66.1492 33.2174 18.1137 0.204837 0.605854 407.979 0 0
1500 87.8586 -50.9725 17.9689 0.582647 -0.841314 407.999 0 0
1500 105.017 -7.97144 18.0835 0.789681 -0.170343 408.302 0 0
1500 106.51 -9.83557 18.5378 0.947319 -0.106395 408.393 0 0
1500 84.0341 -59.0308 17.7876 0.370334 -0.94416 408.557 0 0
1500 105.998 -40.1631 17.909 0.788137 -0.58646 408.582 0 0
1500 96.3758 46.7122 17.85 0.570768 0.752415 408.616 0 0
1500 110.015 -7.03632 17.9734 0.805319 -0.106846 408.641 0 0
1500 33.1452 48.3185 17.7966 -0.332622 0.791477 408.705 0 0
1500 95.8632 -25.2414 17.8051 0.626734 -0.439481 408.717 0 0
1500 159.346 -29.2949 17.9607 1.67749 -0.565654 408.733 0 0
1500 30.1157 -14.2997 18.0383 -0.411273 -0.222097 408.816 0 0
1500 -10.3295 -1.10316 17.8457 -1.04699 -0.0476831 408.814 0 0
1500 88.0808 9.10253 18.1329 0.499796 0.212499 408.836 0 0
1500 85.845 3.85473 18.6073 0.5808 0.0322739 408.928 0 0
1500 105.561 -32.8412 17.8882 0.78088 -0.530614 408.961 0 0
1500 114.889 -19.0266 17.7948 0.896993 -0.224677 409.107 0 0
1500 100.787 19.8921 18.7303 0.870523 0.431558 409.094 0 0
1500 58.3691 68.8505 17.848 -0.0356677 1.04318 409.183 0 0
1500 89.5726 -58.5168 17.8037 0.530194 -0.890577 409.189 0 0
1500 60.3208 38.9262 18.1301 0.0809763 0.658933 409.149 0 0
1500 107.209 44.9267 17.8739 0.741195 0.72747 409.356 0 0
1500 95.8464 15.8148 18.1295 0.613264 0.311852 409.224 0 0
1500 58.9001 -67.301 17.9225 0.0714358 -1.094 409.302 0 0
1500 42.6336 14.9716 18.1826 -0.303582 0.251551 409.325 0 0
1500 57.4535 67.6166 17.7642 0.0268213 1.04775 409.424 0 0
1500 106.745 -46.1608 17.902 0.756457 -0.725384 409.646 0 0
1500 97.205 51.9898 17.8644 0.602501 0.834356 409.731 0 0
1500 81.5092 -22.3128 17.8528 0.435236 -0.370234 409.662 0 0
1500 136.165 -63.731 18.1194 1.32601 -1.1695 409.737 0 0
1500 110.313 35.262 17.7933 0.819064 0.584053 409.856 0 0
1500 -50.9025 -84.3673 17.8043 -1.70497 -1.33212 409.849 0 0
1500 53.7185 -33.1142 18.1257 -0.135733 -0.54085 409.864 0 0
1500 106.834 -17.0989 17.9239 0.819911 -0.276111 409.923 0 0
1500 52.7728 -16.768 18.074 -0.121269 -0.263797 409.942 0 0
1500 109.509 44.421 17.8765 0.767685 0.713511 409.988 0 0
1500 3.83763 21.0145 17.7846 -0.820954 0.367835 410.014 0 0
1500 123.988 -6.33156 17.7933 1.01918 -0.0335491 410.052 0 0
1500 66.3256 -21.2076 18.3508 0.119052 -0.325365 410.104 0 0
1500 102.671 -7.97552 17.9295 0.68609 -0.0767741 410.22 0 0
1500 108.63 -44.2144 17.9322 0.778684 -0.699924 410.191 0 0
1500 72.1346 42.1066 17.8572 0.245954 0.629199 410.227 0 0
1500 116.532 5.74935 17.8279 0.97149 0.0956916 410.299 0 0
1500 108.897 -43.5501 17.8282 0.778405 -0.685439 410.358 0 0
1500 110.941 10.117 17.9422 0.867109 0.20203 410.32 0 0
1500 57.4651 65.0795 17.951 -0.0407528 1.05469 410.321 0 0
1500 98.4663 -23.3771 17.9238 0.684318 -0.453967 410.314 0 0
1500 75.3161 9.4155 17.9378 0.219828 0.189623 410.701 0 0
1500 78.7403 25.3644 17.8655 0.334761 0.396476 410.673 0 0
1500 87.902 75.6769 17.7918 0.412533 1.14042 410.838 0 0
1500 72.3047 29.0265 18.1323 0.21718 0.464114 410.898 0 0
1500 96.2169 -53.8052 18.201 0.678616 -0.94737 410.951 0 0
1500 95.133 53.2439 17.8857 0.550017 0.82639 411.219 0 0
1500 71.099 15.6428 17.8143 0.200507 0.277922 411.385 0 0
1500 62.2068 0.925129 18.5452 0.0861282 0.0294328 411.303 0 0
1500 87.0943 47.4277 17.8946 0.502195 0.758868 411.38 0 0
1500 53.7688 35.2661 18.019 -0.0162217 0.606388 411.444 0 0
1500 61.5691 11.4185 17.9115 0.0864774 0.250115 411.518 0 0
1500 76.9324 -4.91749 17.9702 0.35455 -0.136589 411.604 0 0
1500 47.0109 -15.2197 17.828 -0.238297 -0.19663 411.611 0 0
1500 -1.80177 -30.2266 17.868 -0.941178 -0.422646 411.721 0 0
1500 66.4216 64.9705 17.8788 0.17711 1.01399 411.966 0 0
1500 33.2451 5.89337 17.85 -0.383784 0.131396 412 0 0
1500 72.0216 -53.4016 17.8538 0.222258 -0.875714 411.986 0 0
1500 102.752 32.5862 18.1283 0.854606 0.52193 411.992 0 0
1500 109.223 -36.6956 17.9557 0.845734 -0.549269 412.065 0 0
1500 118.471 -17.186 17.9007 0.92769 -0.283815 412.241 0 0
1500 106.98 30.4522 17.867 0.740216 0.482214 412.326 0 0
1500 36.1631 -59.7091 17.8885 -0.291395 -1.02019 412.384 0 0
1500 133.139 -33.8766 18.0154 1.27528 -0.532248 412.578 0 0
1500 106.337 19.2483 18.122 0.80386 0.394471 412.546 0 0
1500 63.8492 -31.0498 18.7806 0.178082 -0.654924 412.537 0 0
1500 100.857 -18.1753 18.5434 0.757729 -0.320243 412.646 0 0
1500 83.697 -103.904 17.9827 0.515438 -1.76025 412.638 0 0
1500 57.8207 -21.4058 18.0874 0.0105416 -0.354631 412.836 0 0
1500 109.188 -4.34163 17.8335 0.782331 -0.0346173 412.778 0 0
1500 20.2487 -54.289 17.8658 -0.540708 -0.891481 412.928 0 0
1500 79.4597 5.31875 17.9176 0.407072 0.122946 412.93 0 0
1500 63.5044 38.8693 18.1437 0.116677 0.68994 412.944 0 0
1500 49.8953 -0.264832 17.9153 -0.172107 0.0496701 413.049 0 0
1500 70.3839 -11.2461 17.9845 0.170691 -0.239396 413.064 0 0
1500 50.0533 10.1185 17.9143 -0.169465 0.210578 413.121 0 0
1500 108.838 -5.71878 17.9091 0.798914 -0.08681 413.43 0 0
1500 82.8642 -54.3972 17.8159 0.400582 -0.823969 413.405 0 0
1500 58.6071 11.2435 18.0937 0.0545207 0.246951 413.399 0 0
1500 39.3287 15.9382 17.9111 -0.334491 0.299695 413.358 0 0
1500 32.411 -61.8163 17.8524 -0.36305 -0.978108 413.61 0 0
1500 79.7415 25.8222 18.4095 0.431813 0.448744 413.466 0 0
1500 142.425 67.0044 17.8272 1.33662 1.09301 413.563 0 0
1500 107.795 34.248 17.8947 0.772144 0.581805 413.764 0 0
1500 43.1366 20.456 18.0271 -0.210786 0.390182 413.802 0 0
1500 69.6295 -15.108 18.0332 0.230983 -0.304362 413.806 0 0
1500 57.8228 47.2676 17.8227 0.0372644 0.718386 413.976 0 0
1500 22.3034 -25.1329 17.9744 -0.562644 -0.447323 413.948 0 0
1500 54.4618 -18.5775 17.8184 0.000763207 -0.300488 414.066 0 0
1500 14.1929 -49.118 17.81 -0.718673 -0.69469 414.143 0 0
1500 71.1571 -6.30164 18.0285 0.274239 -0.177242 414.099 0 0
1500 73.9963 -51.853 18.0179 0.317851 -0.828988 414.429 0 0
1500 100.604 -38.8289 17.8353 0.717207 -0.600011 414.355 0 0
1500 -3.16648 -27.4794 17.8173 -0.984852 -0.463453 414.46 0 0
1500 66.983 118.706 17.8113 0.102458 1.88614 414.407 0 0
1500 111.429 -53.6614 17.8587 0.919777 -0.842379 414.412 0 0
1500 82.1656 46.9747 17.8963 0.416784 0.772821 414.551 0 0
1500 118.57 -9.48731 18.1977 1.07933 -0.126972 414.596 0 0
1500 75.9998 -8.14701 17.9332 0.314592 -0.150525 414.607 0 0
1500 68.4968 -41.3298 18.0238 0.210944 -0.698599 414.618 0 0
1500 123.87 -17.0328 18.3185 1.18805 -0.280061 414.62 0 0
1500 64.6305 20.8742 17.8366 0.130918 0.344768 414.858 0 0
1500 102.964 -7.73874 18.2977 0.801323 -0.101194 414.86 0 0
1500 27.6839 -45.0279 17.9686 -0.475643 -0.74172 414.666 0 0
1500 37.2748 43.5123 18.0261 -0.29699 0.732632 414.792 0 0
1500 26.549 4.95022 18.0988 -0.519251 0.0568845 414.651 0 0
1500 31.145 18.3157 17.9035 -0.429199 0.274703 415.034 0 0
1500 5.29641 21.6065 17.8959 -0.839016 0.377738 414.987 0 0
1500 35.7104 43.128 17.8496 -0.29996 0.73983 415.039 0 0
1500 95.9482 -54.5239 17.956 0.612566 -0.85008 415.133 0 0
1500 101.043 -16.0059 17.946 0.659159 -0.316096 415.132 0 0
1500 100.563 -49.6197 17.8795 0.635859 -0.778577 415.187 0 0
1500 75.2421 -3.05627 17.8442 0.284412 -0.0928189 415.39 0 0
1500 110.618 29.192 17.9031 0.870858 0.418319 415.291 0 0
1500 52.0065 55.6876 18.0122 -0.0729128 0.908718 415.384 0 0
1500 55.9787 -55.4178 17.836 0.0359272 -0.901089 415.391 0 0
1500 93.1884 -51.7719 18.014 0.595837 -0.815203 415.46 0 0
1500 60.3145 68.3369 17.7906 -0.0315396 1.02841 415.586 0 0
1500 107.223 -25.3392 17.9964 0.835755 -0.381285 415.621 0 0
1500 69.1985 23.3747 18.1375 0.237944 0.429161 415.522 0 0
1500 106.733 38.9482 17.9102 0.840623 0.710573 415.543 0 0
1500 79.08 63.7893 17.879 0.307417 1.00102 415.822 0 0
1500 49.1916 35.1565 17.9895 -0.0802496 0.609283 415.829 0 0
1500 43.0354 -25.639 17.8344 -0.312577 -0.390998 415.925 0 0
1500 225.745 -39.7649 17.821 2.68586 -0.596643 416.253 0 0
1500 -90.8918 0.324886 17.9068 -2.48665 0.0127853 416.338 0 0
1500 48.1385 -14.4823 17.8346 -0.0855129 -0.244321 416.444 0 0
1500 141.312 -10.7782 18.1223 1.43725 -0.248125 416.649 0 0
1500 66.619 7.22166 18.243 0.233724 0.132697 416.769 0 0
1500 85.454 46.686 17.8581 0.365417 0.764269 416.726 0 0
1500 77.5612 31.1505 17.9788 0.29796 0.553177 416.716 0 0
1500 105.911 -32.0647 18.0003 0.752749 -0.587041 416.682 0 0
1500 -4.49157 63.1282 17.9055 -0.988206 1.11039 416.679 0 0
1500 106.386 -63.8417 18.1087 0.944074 -1.16334 416.807 0 0
1500 89.804 -34.3119 18.1915 0.55938 -0.58314 416.87 0 0
1500 97.2929 61.4877 17.8821 0.591069 1.0135 416.86 0 0
1500 48.6748 44.7494 17.8407 -0.0968358 0.75097 416.998 0 0
1500 111.451 -4.66129 17.871 0.825983 -0.0710799 417.253 0 0
1500 11.6374 7.91447 17.9736 -0.757625 0.155843 417.113 0 0
1500 79.3598 -82.1712 18.014 0.398166 -1.3835 417.083 0 0
1500 83.0095 -4.85742 18.3439 0.409659 -0.131214 417.344 0 0
1500 106.449 43.8117 17.9028 0.770205 0.670408 417.406 0 0
1500 114.934 -55.8401 17.9084 0.972995 -0.853731 417.408 0 0
1500 85.1127 3.20623 18.4199 0.556796 0.0241885 417.45 0 0
1500 53.0121 -12.6287 17.935 -0.14416 -0.201555 417.747 0 0
1500 99.855 39.3585 17.9071 0.646797 0.699673 417.548 0 0
1500 76.3588 -29.6554 18.2702 0.344407 -0.547982 417.846 0 0
1500 122.67 32.9267 17.8193 1.01233 0.445419 417.875 0 0
1500 104.374 -46.0606 17.8 0.737895 -0.740011 417.884 0 0
1500 95.3635 13.4588 18.4139 0.70587 0.177132 417.933 0 0
1500 83.5362 -56.6562 17.8357 0.39989 -0.925211 417.902 0 0
1500 106.978 -16.9963 17.9519 0.801058 -0.322285 417.896 0 0
1500 95.5047 1.1327 17.8193 0.570654 0.0948607 417.869 0 0
1500 68.0193 17.3661 18.0372 0.255179 0.288967 418.035 0 0
1500 100.779 7.37254 17.9393 0.674209 0.0892275 418.091 0 0
1500 80.1505 26.4456 18.3843 0.417731 0.477921 418.049 0 0
1500 8.69064 -75.8397 17.8844 -0.854664 -1.17588 418.14 0 0
1500 91.6406 -10.0305 18.2297 0.637874 -0.176722 418.219 0 0
1500 118.129 32.2568 17.831 0.891922 0.550044 418.415 0 0
1500 65.8053 18.3487 18.3482 0.160632 0.314104 418.583 0 0
1500 89.6222 13.5081 18.5949 0.621226 0.25353 418.58 0 0
1500 34.4761 59.754 17.9768 -0.374001 0.967142 418.48 0 0
1500 90.6885 -7.23005 18.1363 0.578233 -0.0448436 418.576 0 0
1500 71.9216 -36.0633 17.9704 0.22872 -0.630878 418.635 0 0
1500 57.7025 31.2463 17.9169 -0.0471684 0.541326 418.629 0 0
1500 29.1126 -60.8807 17.8114 -0.507759 -0.90161 418.694 0 0
1500 85.8317 -24.0956 18.4149 0.490633 -0.503788 418.738 0 0
1500 76.1875 46.8106 17.8553 0.283471 0.738212 418.94 0 0
1500 74.2183 4.28995 19.1775 0.439987 0.127339 418.848 0 0
1500 92.3984 -50.3437 17.9451 0.570913 -0.816655 418.889 0 0
1500 131.717 15.226 17.9353 1.22246 0.292505 418.827 0 0
1500 91.5068 -40.8351 18.2163 0.565409 -0.750763 418.797 0 0
1500 87.8789 25.6211 18.1812 0.565772 0.482575 418.941 0 0
1500 14.9019 28.1235 17.8963 -0.655642 0.439148 418.979 0 0
1500 122.898 -4.33653 17.9953 1.04063 -0.101738 418.968 0 0
1500 63.0816 -26.2099 18.3675 0.179636 -0.464625 418.946 0 0
1500 16.6785 3.35211 17.9119 -0.678852 0.10846 419.009 0 0
1500 64.1224 20.801 17.9337 0.112561 0.35309 419.166 0 0
1500 93.0186 -55.563 17.8008 0.475406 -0.87087 419.35 0 0
1500 106.097 9.24641 18.4789 0.882714 0.120366 419.17 0 0
1500 11.7274 -91.3314 17.9219 -0.760552 -1.48463 419.336 0 0
1500 36.8238 9.24082 17.8463 -0.408954 0.147924 419.294 0 0
1500 137.302 -4.81294 18.7349 1.66107 -0.1304 419.212 0 0
1500 82.9368 16.1721 18.3264 0.500077 0.292801 419.393 0 0
1500 24.167 2.62551 17.9107 -0.591353 0.0480877 419.403 0 0
1500 99.0738 -31.0269 18.4045 0.726039 -0.59286 419.389 0 0
1500 58.1183 43.6961 17.9155 -0.0401304 0.660188 420.05 0 0
1500 113.084 -8.87929 18.004 0.870047 -0.126629 419.73 0 0
1500 48.5449 -43.0252 17.9877 -0.150012 -0.659403 419.929 0 0
1500 74.0234 8.51598 19.3985 0.406083 0.170903 419.998 0 0
1500 58.8712 34.3065 18.0097 0.0365231 0.544143 420.284 0 0
1500 -6.91307 -5.5551 17.8119 -1.02426 -0.073032 420.132 0 0
1500 112.425 38.6958 17.866 0.880809 0.567058 420.208 0 0
1500 111.777 -21.4441 17.9575 0.87638 -0.379057 420.195 0 0
1500 87.6642 46.5444 17.9041 0.40997 0.765074 419.751 0 0
1500 57.6526 -28.1315 18.1301 -0.0343861 -0.467709 420.103 0 0
1500 105.085 10.4107 17.8316 0.78385 0.20656 420.009 0 0
1500 156.396 20.8667 17.9675 1.60428 0.326142 420.282 0 0
1500 81.6656 -2.03641 18.2329 0.425068 -0.0642552 420.367 0 0
1500 121.288 23.885 17.7989 0.935456 0.43212 420.377 0 0
1500 56.5344 -68.9082 17.8885 -0.0268322 -1.21574 420.399 0 0
1500 82.2629 13.763 18.1789 0.435435 0.213442 420.659 0 0
1500 95.9423 2.99552 18.8856 0.720312 0.109867 420.599 0 0
1500 74.8774 -3.51108 18.5538 0.420426 -0.0322678 420.557 0 0
1500 87.6736 -55.0756 17.9301 0.428226 -0.8943 420.545 0 0
1500 37.0267 56.6389 17.8985 -0.357144 0.90834 420.509 0 0
1500 18.4514 34.2191 18.0128 -0.650825 0.560267 420.626 0 0
1500 82.4107 -30.3531 17.8305 0.436499 -0.519009 420.543 0 0
1500 115.196 33.2034 17.8671 0.907375 0.485135 420.995 0 0
1500 112.376 35.8565 17.8917 0.891653 0.517875 420.722 0 0
1500 -5.9382 -12.4314 17.907 -1.01475 -0.18943 420.811 0 0
1500 66.6649 36.7852 17.9095 0.139403 0.644581 420.755 0 0
1500 55.6341 -48.4858 17.8256 0.0217071 -0.794617 420.964 0 0
1500 -3.84189 -23.7054 17.9064 -0.979692 -0.355779 421.077 0 0
1500 38.5167 13.6453 18.061 -0.280182 0.246119 421.413 0 0
1500 2.66657 -19.9091 17.8257 -0.914312 -0.298079 421.251 0 0
1500 68.5323 -46.3525 17.9849 0.190057 -0.781692 421.272 0 0
1500 51.04 44.7115 17.9052 -0.101076 0.762486 421.127 0 0
1500 77.21 10.5645 17.9205 0.359571 0.222918 421.252 0 0
1500 81.3539 -3.78013 17.9427 0.384818 -0.135853 421.405 0 0
1500 74.7947 -7.32642 18.0198 0.325223 -0.186906 421.335 0 0
1500 78.4955 -2.34846 18.5828 0.419628 -0.0636621 421.52 0 0
1500 -5.95458 14.0976 17.8804 -1.00849 0.166221 421.667 0 0
1500 80.8334 -8.7353 18.3373 0.489218 -0.128578 421.558 0 0
1500 5.50531 -19.23 17.8571 -0.823029 -0.363984 421.59 0 0
1500 96.2466 -3.07412 17.8833 0.66488 -0.0831135 421.505 0 0
1500 84.3032 19.0068 17.9159 0.467521 0.352422 421.574 0 0
1500 9.81594 45.3108 17.8211 -0.758059 0.78742 421.664 0 0
1500 53.8193 -56.5314 17.8827 -0.0668007 -0.931555 421.68 0 0
1500 -6.41487 19.4493 17.9062 -1.00821 0.281143 421.72 0 0
1500 -3.77241 -0.658439 17.8233 -1.0051 -0.00638969 421.695 0 0
1500 88.123 -4.36972 17.8878 0.484329 0.00911492 421.719 0 0
1500 77.2645 62.0223 17.8621 0.261543 0.994263 421.859 0 0
1500 104.649 -30.7994 17.9798 0.733933 -0.540119 421.836 0 0
1500 74.096 -24.9103 17.8641 0.297776 -0.450562 421.914 0 0
1500 99.5566 -30.936 17.8616 0.617791 -0.561241 421.933 0 0
1500 12.751 -69.0436 17.9228 -0.82966 -1.16325 422.031 0 0
1500 80.0863 -27.5026 18.191 0.343733 -0.447912 422.126 0 0
1500 93.3816 -15.8578 18.2309 0.604065 -0.233671 422.425 0 0
1500 71.973 -12.3099 18.8245 0.373672 -0.245627 422.13 0 0
1500 125.831 2.15527 17.8253 1.03836 0.0929209 422.682 0 0
1500 79.4087 -63.3131 17.8834 0.278519 -0.998828 422.681 0 0
1500 88.9557 -52.8585 17.8531 0.443897 -0.868566 422.158 0 0
1500 64.7863 15.4542 18.3211 0.200953 0.303341 422.464 0 0
1500 76.7837 46.9072 17.9055 0.346274 0.77313 422.49 0 0
1500 101.401 -3.04718 17.9337 0.689098 -0.123188 422.073 0 0
1500 88.7605 17.8895 18.0517 0.522258 0.347361 422.452 0 0
1500 79.7989 -3.20764 18.0406 0.350083 -0.125768 422.657 0 0
1500 143.669 -22.2889 18.3576 1.55153 -0.389982 422.608 0 0
1500 -33.9214 -68.9535 17.8024 -1.35729 -1.06984 422.907 0 0
1500 25.9564 57.0377 17.8963 -0.505512 0.882371 422.915 0 0
1500 99.4713 41.8875 18.0111 0.68246 0.691945 422.913 0 0
1500 73.4289 56.1917 17.8612 0.301896 0.892542 422.976 0 0
1500 108.385 15.7784 17.8526 0.818409 0.179242 422.888 0 0
1500 77.3257 -35.355 17.934 0.305953 -0.620372 422.884 0 0
1500 80.8141 -20.3189 18.062 0.392842 -0.331554 423.019 0 0
1500 71.9058 -16.8783 18.8414 0.339359 -0.277397 423.066 0 0
1500 66.2549 -10.3914 17.8953 0.112378 -0.213093 423.163 0 0
1500 62.1055 36.5552 17.8337 0.0790825 0.640433 423.105 0 0
1500 62.6401 23.169 18.0082 0.0915694 0.43547 423.139 0 0
1500 106.614 23.9309 17.8843 0.787815 0.405878 423.272 0 0
1500 83.5092 53.1679 17.8994 0.443613 0.858459 423.267 0 0
1500 83.5721 11.4822 18.7551 0.425427 0.238922 423.39 0 0
1500 105.149 43.2138 17.8277 0.72596 0.688828 423.458 0 0
1500 73.3984 -26.368 18.0818 0.302503 -0.528877 423.436 0 0
1500 11.5262 -3.75775 17.8916 -0.801479 0.00343874 423.74 0 0
1500 105.219 -10.7424 18.1879 0.907531 -0.161635 423.533 0 0
1500 58.8809 52.3119 18.1274 0.0495207 0.862034 423.885 0 0
1500 107.189 -35.7986 17.8448 0.787361 -0.600851 423.945 0 0
1500 65.8684 7.78814 18.0599 0.0750301 0.138083 423.891 0 0
1500 59.2757 30.8477 18.6737 0.073479 0.579037 423.954 0 0
1500 123.214 3.18486 17.8656 1.04085 0.0130415 424.025 0 0
1500 102.081 34.8655 18.1426 0.749174 0.57497 424.013 0 0
1500 104.138 -7.26073 17.9528 0.773601 -0.165837 424.044 0 0
1500 29.716 9.7913 17.9808 -0.490184 0.180134 424.089 0 0
1500 32.5335 49.203 17.9048 -0.40193 0.753506 424.288 0 0
1500 113.421 32.9689 17.8955 0.881927 0.546087 424.22 0 0
1500 101.06 38.7105 18.0854 0.712214 0.643818 424.195 0 0
1500 52.6166 -1.51745 18.126 -0.0640157 0.0515621 424.219 0 0
1500 76.0686 20.4091 17.8153 0.334679 0.37193 424.209 0 0
1500 88.4603 -13.1497 17.8139 0.527299 -0.151721 424.309 0 0
1500 86.6561 -13.2959 17.8147 0.499607 -0.154132 424.254 0 0
1500 48.0122 49.0474 17.8426 -0.166304 0.748847 424.65 0 0
1500 63.6101 45.6512 17.8135 0.0793506 0.719223 424.517 0 0
1500 91.0016 10.7113 19.2079 0.705564 0.198475 424.806 0 0
1500 110.466 -41.4736 17.9167 0.793963 -0.684258 424.9 0 0
1500 94.7358 -18.2203 18.3897 0.696479 -0.282859 424.428 0 0
1500 108.72 -41.9016 17.8665 0.834037 -0.603933 424.897 0 0
1500 91.4381 -49.711 18.0185 0.513433 -0.818237 424.746 0 0
1500 17.2302 -49.2385 17.8469 -0.610218 -0.813143 424.731 0 0
1500 92.3198 -34.6392 17.9351 0.61368 -0.52121 424.585 0 0
1500 44.6136 37.1259 17.9765 -0.258755 0.599448 424.409 0 0
1500 91.0314 31.8964 17.8929 0.587139 0.463445 424.648 0 0
1500 88.2995 21.6685 17.8104 0.522669 0.389396 424.57 0 0
1500 44.0941 32.0406 17.813 -0.164062 0.552106 424.372 0 0
1500 146.564 -15.6006 18.0685 1.54383 -0.252341 424.561 0 0
1500 62.3232 -26.1966 18.6998 0.109708 -0.481995 424.598 0 0
1500 20.9028 -49.037 17.8882 -0.572506 -0.760842 424.944 0 0
1500 112.285 -39.3408 17.9167 0.820376 -0.65253 424.932 0 0
1500 81.8965 43.0274 17.8391 0.379313 0.670957 425.012 0 0
1500 12.131 -40.1186 17.8887 -0.697846 -0.631689 425.033 0 0
1500 60.9586 6.64791 18.081 0.0205458 0.155619 425.056 0 0
1500 29.5912 -6.12252 18.4313 -0.482679 -0.0957316 425.081 0 0
1500 105.868 6.93765 17.8406 0.71867 0.157518 425.155 0 0
1500 91.6345 -55.3951 17.8113 0.478414 -0.902209 425.114 0 0
1500 34.3225 24.5317 17.9169 -0.370409 0.395589 425.431 0 0
1500 11.4044 21.4601 17.8338 -0.735239 0.309034 425.443 0 0
1500 11.7202 -28.0008 17.8942 -0.696803 -0.453009 425.727 0 0
1500 77.6742 56.1396 18.0515 0.299558 0.910638 425.35 0 0
1500 112.916 -2.9249 18.2181 0.935775 -0.000883894 425.298 0 0
1500 91.5643 -14.1688 18.327 0.562697 -0.288517 425.181 0 0
1500 97.2222 -15.8468 18.3239 0.645484 -0.312596 425.44 0 0
1500 107.192 29.6339 17.9281 0.830538 0.455018 425.399 0 0
1500 78.4162 40.6219 17.9201 0.364052 0.687516 425.422 0 0
1500 88.224 35.4724 17.872 0.44021 0.572399 426.168 0 0
1500 47.482 -66.243 17.8422 -0.109266 -1.03011 425.847 0 0
1500 124.275 -8.87507 17.8425 1.01436 -0.189439 425.939 0 0
1500 67.665 63.6963 17.9842 0.162261 1.01814 425.927 0 0
1500 -70.6772 32.3199 17.8156 -1.99423 0.523093 425.913 0 0
1500 104.866 -34.8567 17.8513 0.723571 -0.596078 426.006 0 0
1500 89.6181 -23.9042 17.9727 0.470233 -0.436769 425.921 0 0
1500 92.8665 -0.844453 17.9932 0.621765 -0.0538451 426.15 0 0
1500 49.7139 -18.1661 17.9889 -0.178288 -0.317396 425.962 0 0
1500 34.7879 -65.7669 17.8407 -0.307006 -1.07833 425.849 0 0
1500 -37.6048 9.20129 17.8176 -1.5621 0.0991596 426.117 0 0
1500 81.6584 -0.548263 18.6462 0.490162 0.0596946 426.228 0 0
1500 120.47 -3.29416 17.9241 1.01906 -0.0413546 426.17 0 0
1500 26.165 -35.7563 18.0076 -0.50401 -0.607828 426.251 0 0
1500 65.3314 40.4583 17.9872 0.170585 0.686259 426.21 0 0
1500 138.463 -14.9453 17.9555 1.41516 -0.298904 426.409 0 0
1500 160.857 -4.348 17.8683 1.63499 -0.0595672 426.518 0 0
1500 60.9754 34.8947 18.3061 0.0615178 0.587671 426.51 0 0
1500 39.2187 -34.3035 17.9806 -0.337929 -0.562462 426.558 0 0
1500 96.2292 50.2564 18.4815 0.736499 0.932113 426.556 0 0
1500 70.2734 -65.9153 18.0194 0.249247 -1.19373 426.528 0 0
1500 18.6437 -52.1889 17.8473 -0.571503 -0.831871 426.776 0 0
1500 -18.6169 14.9249 17.8092 -1.19087 0.288398 426.872 0 0
1500 11.2538 11.8869 17.9408 -0.760958 0.228124 426.966 0 0
1500 67.6208 -4.09174 17.958 0.14526 -0.138442 426.834 0 0
1500 123.554 -11.7992 17.9412 1.08015 -0.125752 426.926 0 0
1500 130.986 7.67484 18.1054 1.25286 0.176179 426.931 0 0
1500 122.707 -7.18768 18.1473 1.14719 -0.0603125 426.8 0 0
1500 79.6027 51.237 17.8656 0.372564 0.770111 427.032 0 0
1500 82.0149 0.849194 18.6802 0.542056 0.0188273 427.097 0 0
1500 75.3141 62.9123 17.7921 0.309109 0.991233 427.066 0 0
1500 34.5282 -58.1848 17.9918 -0.479513 -0.967484 427.071 0 0
1500 72.1277 11.3484 18.4281 0.330353 0.158131 427.165 0 0
1500 106.757 -32.8642 17.8489 0.744232 -0.530536 427.21 0 0
1500 126.07 -26.861 18.0002 1.10448 -0.4692 427.28 0 0
1500 82.126 39.5106 18.2404 0.403587 0.71337 427.168 0 0
1500 245.309 -35.112 18.0552 3.22201 -0.62996 427.307 0 0
1500 67.3332 -13.4585 18.5642 0.229513 -0.246787 427.336 0 0
1500 83.062 13.0362 18.5511 0.491127 0.195123 427.618 0 0
1500 39.8524 13.5166 17.9181 -0.248019 0.258268 427.612 0 0
1500 57.6035 -61.5607 17.8148 -0.0311035 -0.958551 427.629 0 0
1500 122.552 10.5248 17.7952 1.03089 0.16982 427.66 0 0
1500 85.8002 60.8238 17.7955 0.484673 0.920963 427.508 0 0
1500 120.004 -21.3312 17.7955 0.995115 -0.305253 427.514 0 0
1500 1.84435 5.85139 17.9701 -0.898159 0.0537339 427.578 0 0
1500 91.7375 -6.53596 18.0186 0.568707 -0.172739 427.352 0 0
1500 61.4338 23.6342 18.081 0.00830744 0.353384 427.456 0 0
1500 137.884 -16.6153 17.9578 1.38117 -0.320795 427.591 0 0
1500 31.5183 28.3594 18.1441 -0.473536 0.564998 427.552 0 0
1500 63.7388 27.8626 18.0837 0.0582138 0.433673 428.079 0 0
1500 97.3568 10.0638 17.9141 0.608817 0.194662 428.014 0 0
1500 102.294 10.5446 17.9114 0.680538 0.202097 427.778 0 0
1500 63.0535 43.0228 17.831 0.0224543 0.66084 427.683 0 0
1500 100.624 25.8459 18.0035 0.659638 0.424203 427.96 0 0
1500 85.7873 -45.3368 17.853 0.439934 -0.704687 427.703 0 0
1500 115.194 -9.71349 17.9115 0.895611 -0.115649 428.056 0 0
1500 122.587 -23.3683 17.7915 1.00507 -0.295095 427.766 0 0
1500 88.8384 8.42404 18.5737 0.630614 0.128494 427.912 0 0
1500 -0.543139 -6.54999 17.968 -0.93045 -0.133341 427.85 0 0
1500 99.1026 -45.1584 17.7982 0.675787 -0.634399 427.865 0 0
1500 50.4867 27.7861 17.9327 -0.0944679 0.503792 427.856 0 0
1500 73.1595 -38.8695 18.4374 0.289578 -0.675518 427.926 0 0
1500 87.5847 -15.6136 17.9398 0.433769 -0.287926 428.505 0 0
1500 40.7718 33.2628 17.8848 -0.227927 0.537422 428.534 0 0
1500 95.4015 56.0997 17.7952 0.620443 0.84024 428.322 0 0
1500 85.6553 7.70538 18.4624 0.548659 0.0667065 428.331 0 0
1500 87.8962 -10.3793 18.4604 0.579779 -0.199587 428.561 0 0
1500 27.9103 -58.5294 17.954 -0.4608 -0.932471 428.497 0 0
1500 83.5586 52.5397 18.0453 0.4483 0.851017 428.204 0 0
1500 0.991961 -25.9957 17.9651 -0.900567 -0.423161 428.348 0 0
1500 92.9352 -26.0869 17.9466 0.619379 -0.366091 428.244 0 0
1500 72.3257 -45.8179 18.0632 0.243077 -0.82505 428.383 0 0
1500 126.879 3.3312 17.9635 1.20163 0.118361 428.237 0 0
1500 78.9897 -32.7289 18.1517 0.376452 -0.648774 428.511 0 0
1500 82.2698 26.8587 18.1012 0.402038 0.434826 429.131 0 0
1500 57.7602 -69.3959 17.8242 0.0591785 -1.05566 428.873 0 0
1500 -8.104 3.04405 17.8762 -1.04541 0.0503175 428.832 0 0
1500 99.0003 -45.3103 17.8883 0.700818 -0.672355 428.806 0 0
1500 72.658 49.282 17.8624 0.300576 0.779127 428.919 0 0
1500 -4.99201 -18.0988 17.8084 -0.97892 -0.313768 429.18 0 0
1500 71.0089 59.7512 18.3048 0.273996 1.06681 429.184 0 0
1500 34.4284 44.6148 17.8547 -0.38148 0.68625 429.315 0 0
1500 36.6879 58.3121 17.7982 -0.258755 0.890214 429.492 0 0
1500 89.8457 -52.7494 17.8114 0.528035 -0.754346 429.739 0 0
1500 112.281 33.3423 17.7983 0.857112 0.497534 429.291 0 0
1500 101.281 -2.0469 19.4047 0.899304 0.0205276 429.466 0 0
1500 37.1346 63.8791 17.8228 -0.372028 0.977857 429.878 0 0
1500 86.0477 31.3547 18.3286 0.482957 0.545461 429.315 0 0
1500 -1.878 13.1776 17.852 -0.971514 0.178082 429.691 0 0
1500 85.2423 55.2036 17.8548 0.485706 0.85653 429.929 0 0
1500 62.5608 -29.3712 18.1607 0.160782 -0.508145 429.528 0 0
1500 59.0094 12.4032 18.173 -0.00571878 0.231452 429.67 0 0
1500 53.2491 16.2576 17.9589 -0.0208322 0.320519 429.407 0 0
1500 68.4258 26.3174 17.9039 0.0924371 0.417776 429.777 0 0
1500 144.845 11.9663 18.25 1.53923 0.180618 429.829 0 0
1500 114.166 34.4862 17.884 0.910193 0.519661 430.21 0 0
1500 87.3479 19.2017 17.989 0.433111 0.362509 430.057 0 0
1500 58.0595 43.4954 17.9187 -0.0273934 0.793548 430.133 0 0
1500 75.9326 45.6667 17.9083 0.272832 0.716828 430.322 0 0
1500 102.736 -4.64861 18.1519 0.766294 -0.128915 430.249 0 0
1500 17.7968 -6.21352 17.8956 -0.688838 -0.0876418 430.396 0 0
1500 101.496 47.1569 17.8523 0.724492 0.728948 430.501 0 0
1500 84.9321 46.0918 17.8075 0.45115 0.670507 430.563 0 0
1500 106.59 -18.5103 17.8079 0.759933 -0.251568 430.599 0 0
1500 77.0339 23.9132 17.9465 0.347714 0.341429 430.693 0 0
1500 84.4271 -4.96477 17.9474 0.450611 -0.0620282 430.758 0 0
1500 63.2279 65.9888 17.9605 0.0954221 1.0437 430.768 0 0
1500 51.7247 58.5088 17.9155 -0.072229 0.934934 430.734 0 0
1500 89.2382 23.0488 18.2748 0.565007 0.413966 430.724 0 0
1500 9.92183 -76.9461 17.9005 -0.762523 -1.27522 430.639 0 0
1500 73.4239 -3.77661 18.372 0.310931 0.00549922 430.887 0 0
1500 78.8677 -5.20801 17.9492 0.372308 -0.0653027 430.891 0 0
1500 78.8429 -14.268 17.9482 0.37231 -0.191728 430.824 0 0
1500 43.0396 10.5177 18.0581 -0.249085 0.161501 431.418 0 0
1500 81.5034 12.5954 18.1781 0.427805 0.14503 431.728 0 0
1500 84.9427 -24.584 18.1736 0.477654 -0.36995 431.367 0 0
1500 30.2705 -6.60418 17.983 -0.434232 -0.0659561 431.153 0 0
1500 20.5518 0.330972 17.9075 -0.580408 0.0297734 431.838 0 0
1500 78.1746 53.8531 17.9168 0.31325 0.855199 431.62 0 0
1500 94.9999 6.48085 18.8661 0.745524 0.119326 431.281 0 0
1500 122.692 10.7471 17.8388 1.03495 0.160537 431.85 0 0
1500 27.9218 44.4608 17.9765 -0.474826 0.739054 431.189 0 0
1500 39.9787 27.5256 18.0669 -0.2664 0.496557 431.591 0 0
1500 92.3651 -13.4522 17.8668 0.607386 -0.235617 431.108 0 0
1500 71.2692 -10.3998 18.075 0.250303 -0.236319 431.627 0 0
1500 84.7564 16.089 17.8358 0.480298 0.20758 431.654 0 0
1500 71.5155 -45.1089 18.1709 0.18486 -0.783513 431.492 0 0
1500 56.8973 -6.64753 18.3372 0.0360884 -0.158098 432.317 0 0
1500 72.48 23.9954 18.0647 0.262155 0.393361 433.406 0 0
1500 87.6366 -46.5514 17.8053 0.490128 -0.653963 433.085 0 0
1500 106.768 32.9988 17.8583 0.771857 0.497099 433.225 0 0
1500 0.74528 -30.3512 17.8061 -0.89246 -0.398533 432.858 0 0
1500 109.928 -42.2593 17.8387 0.84293 -0.623008 432.078 0 0
1500 109.078 -37.701 17.8149 0.808338 -0.573412 433.407 0 0
1500 120.268 25.2679 17.8116 0.988879 0.347587 432.153 0 0
1500 130.236 21.2154 17.8868 1.14097 0.302839 432.907 0 0
1500 113.3 35.3064 17.9313 0.866826 0.585569 432.828 0 0
1500 94.3512 -29.1283 18.2627 0.63391 -0.504379 432.153 0 0
1500 73.683 -61.4256 17.8382 0.289739 -0.974626 432.85 0 0
1500 60.395 36.5074 18.1034 0.0960942 0.62217 433.163 0 0
1500 38.9459 -27.0072 17.9694 -0.351503 -0.437634 432.343 0 0
1500 74.0222 -22.2704 17.9735 0.190818 -0.366101 432.062 0 0
1500 28.6501 -47.274 17.9561 -0.501069 -0.736718 433.555 0 0
1500 27.4674 33.7615 17.9637 -0.525001 0.49698 432.8 0 0
1500 89.0259 13.6216 17.8764 0.555294 0.177375 432.118 0 0
1500 98.5061 37.252 17.8645 0.690931 0.535041 433.181 0 0
1500 77.7011 -23.8385 17.901 0.346902 -0.442602 432.126 0 0
1500 85.9577 -23.2124 17.8176 0.480999 -0.419491 432.632 0 0
1500 56.6079 29.3 18.1079 -0.0150704 0.469128 433.762 0 0
1500 120.361 22.9224 17.8582 0.997746 0.32148 433.988 0 0
1500 91.7929 -17.8855 18.23 0.638777 -0.242991 433.99 0 0
1500 46.563 40.273 17.8168 -0.115843 0.666717 433.639 0 0
1500 83.3477 26.4263 18.0497 0.425434 0.420591 434.161 0 0
1500 73.5592 -12.3883 17.9115 0.293589 -0.162885 434.156 0 0
1500 114.45 33.545 17.9335 0.891907 0.542085 434.227 0 0
1500 122.538 -12.8485 17.8584 1.02564 -0.206159 434.269 0 0
1500 123.787 -11.04 17.8636 1.03864 -0.117206 434.287 0 0
1500 17.0161 -22.6751 17.8305 -0.62496 -0.4263 434.135 0 0
1500 97.4045 60.2627 17.8683 0.641924 1.00652 434.449 0 0
1500 103.314 -10.9142 18.1996 0.784714 -0.241975 434.19 0 0
1500 49.5428 10.7695 17.8467 -0.181833 0.230001 434.233 0 0
1500 78.3083 -11.6897 18.3669 0.436566 -0.244349 434.142 0 0
1500 -104.112 -111.592 17.8917 -2.65079 -1.88085 434.157 0 0
1500 68.3377 -5.0001 18.4622 0.281928 -0.0736804 434.555 0 0
1500 64.1772 -2.22659 17.9907 0.103088 0.0384272 434.919 0 0
1500 107.563 -38.9108 17.8399 0.771125 -0.615534 435.166 0 0
1500 68.4236 -64.952 17.7945 0.213258 -0.977981 435.442 0 0
1500 85.996 43.4443 18.0942 0.471767 0.711049 434.631 0 0
1500 101.728 5.9231 18.6246 0.819046 0.0776681 435.27 0 0
1500 114.469 25.7573 17.9379 0.927054 0.411586 434.623 0 0
1500 63.4831 61.4659 17.9257 0.105831 0.998591 435.558 0 0
1500 89.0092 -0.811965 18.2351 0.596481 0.000899295 435.228 0 0
1500 98.7471 -49.1432 17.8029 0.676929 -0.702514 435.167 0 0
1500 87.081 -53.1976 17.8193 0.446057 -0.878598 435.488 0 0
1500 0.13568 -19.3784 17.8214 -0.871649 -0.369706 435.146 0 0
1500 53.1219 -53.6764 18.024 -0.063386 -0.884468 435.599 0 0
1500 73.241 -4.55905 18.3217 0.371709 -0.0618927 435.663 0 0
1500 80.7568 8.49874 18.024 0.398371 0.205036 434.773 0 0
1500 60.1851 33.5833 18.0197 0.0802704 0.589678 435.078 0 0
1500 38.8892 43.4076 17.831 -0.342218 0.727415 435.438 0 0
1500 58.8482 21.8552 17.8736 -0.02447 0.40724 434.814 0 0
1500 52.5809 45.1337 17.8617 -0.12051 0.759506 435.729 0 0
1500 43.1429 -1.54322 17.8761 -0.270147 0.042372 434.648 0 0
1500 54.3084 -34.656 17.9561 -0.0968402 -0.588586 435.686 0 0
1500 33.474 -4.63267 17.8512 -0.401823 0.00341602 435.444 0 0
1500 85.2579 18.734 18.0675 0.535522 0.280282 435.626 0 0
1500 95.106 9.87497 17.8529 0.661599 0.117795 434.72 0 0
1500 93.1211 -45.9094 18.137 0.610459 -0.841566 434.849 0 0
1500 88.9573 -49.1338 18.022 0.545606 -0.90279 434.945 0 0
1500 65.1776 -54.0248 17.9326 0.128048 -0.977954 435.652 0 0
1500 99.302 -10.4013 17.8869 0.657355 -0.162672 435.989 0 0
1500 100.688 -40.1066 17.9198 0.69002 -0.595399 436.022 0 0
1500 107.457 41.7679 17.7964 0.777667 0.573457 435.81 0 0
1500 118.676 -23.8705 17.8563 0.956046 -0.380571 436.104 0 0
1500 90.6701 2.93581 18.6669 0.66266 0.0633425 435.835 0 0
1500 99.3428 32.9453 18.2263 0.678698 0.565516 435.825 0 0
1500 68.5044 64.606 17.7998 0.216632 1.00849 435.901 0 0
1500 125.244 -33.5712 17.8559 1.07834 -0.524842 436.156 0 0
1500 58.7976 -62.844 17.8175 0.0187535 -1.01807 435.892 0 0
1500 60.7267 -13.0862 17.8622 0.0954601 -0.263826 435.818 0 0
1500 26.7287 4.86019 17.8348 -0.477342 0.152822 436.169 0 0
1500 62.141 -4.32439 17.9443 -0.000182139 -0.0568375 436.175 0 0
1500 81.7545 60.3483 18.6641 0.4614 1.25792 435.871 0 0
1500 32.6624 61.3467 17.8519 -0.429077 0.955331 436.319 0 0
1500 64.2808 55.544 18.0061 0.140396 0.908917 436.391 0 0
1500 93.8256 52.067 17.8222 0.493823 0.846163 436.542 0 0
1500 25.7236 50.4827 17.8221 -0.535396 0.822057 436.555 0 0
1500 59.5514 1.8737 17.9646 0.0865309 -0.0190993 436.707 0 0
1500 68.5738 -23.6991 17.895 0.221642 -0.347156 436.641 0 0
1500 80.794 -16.4395 17.9424 0.338715 -0.298798 438.022 0 0
1500 101.735 40.0822 17.9426 0.706657 0.599593 437.502 0 0
1500 76.7181 60.1584 17.8033 0.3286 0.911319 438.142 0 0
1500 60.3111 -73.9021 17.8055 -0.0297331 -1.14013 436.863 0 0
1500 23.2677 56.7096 17.9067 -0.552498 0.890238 437.429 0 0
1500 81.6661 54.0916 18.0035 0.400087 0.882023 436.768 0 0
1500 78.5286 64.3729 17.8184 0.258055 1.01422 437.712 0 0
1500 83.4977 63.362 17.8183 0.330342 0.994655 438.02 0 0
1500 3.52125 37.4137 17.8183 -0.851438 0.610603 438.068 0 0
1500 63.1151 -62.3356 17.9532 0.0699945 -1.00222 437.58 0 0
1500 28.437 49.5528 17.853 -0.484551 0.815242 436.704 0 0
1500 80.898 50.3618 17.8328 0.330787 0.841594 437.034 0 0
1500 108.851 12.4191 17.8946 0.845223 0.144178 437.118 0 0
1500 86.5985 -23.3221 18.0619 0.450364 -0.431773 436.949 0 0
1500 104.716 26.206 17.8446 0.767215 0.343629 437.207 0 0
1500 173.675 -40.2348 17.8345 1.88615 -0.602102 436.733 0 0
1500 75.4488 -17.1444 17.8696 0.2247 -0.327179 437.327 0 0
1500 74.4973 26.6258 17.8968 0.340382 0.407545 437.712 0 0
1500 87.7546 11.1843 17.8621 0.518761 0.117844 438.101 0 0
1500 82.6997 41.5144 18.0129 0.358608 0.72859 437.548 0 0
1500 143.107 23.1603 17.9134 1.47088 0.401647 437.34 0 0
1500 91.2295 29.5556 18.2597 0.637893 0.599728 438.115 0 0
1500 112.71 29.1885 18.283 1.08518 0.581962 437.597 0 0
1500 76.1902 -32.2368 18.1118 0.277857 -0.516951 438.461 0 0
1500 55.4126 -19.4694 18.0042 -0.061521 -0.323538 438.889 0 0
1500 16.8239 -5.90051 17.9669 -0.629804 -0.101602 438.844 0 0
1500 107.51 32.5848 17.8057 0.770568 0.509098 438.512 0 0
1500 94.0008 45.4492 17.8069 0.57456 0.692869 438.674 0 0
1500 25.5717 -54.3494 17.8702 -0.485132 -0.855135 438.272 0 0
1500 121.67 -9.90371 17.8235 0.972878 -0.0925319 438.855 0 0
1500 88.4655 54.0829 17.8124 0.478364 0.871142 438.45 0 0
1500 39.071 -28.2194 17.9583 -0.271463 -0.499533 438.458 0 0
1500 96.8695 11.0852 17.8298 0.579852 0.242536 438.363 0 0
1500 133.636 -17.3328 17.8093 1.15049 -0.338766 438.326 0 0
1500 90.4054 27.7876 17.9434 0.538242 0.498005 438.527 0 0
1500 75.777 -32.188 17.8583 0.331052 -0.554258 438.38 0 0
1500 66.6678 -39.9727 17.8563 0.189525 -0.673102 438.543 0 0
1500 92.1569 -31.2724 17.84 0.568967 -0.547495 438.78 0 0
1500 45.8664 -3.22688 18.1522 -0.19844 0.00648805 438.944 0 0
1500 54.388 -19.6516 18.0139 -0.0665833 -0.374135 438.654 0 0
1500 53.2549 33.4174 17.9612 -0.00505362 0.593809 438.806 0 0
1500 98.6126 -40.2465 18.2158 0.770406 -0.753761 438.608 0 0
1500 81.269 -14.4681 18.718 0.410749 -0.26092 439.16 0 0
1500 76.4173 -7.24445 18.0751 0.295496 -0.16811 439.142 0 0
1500 33.9607 -8.57191 17.9967 -0.385647 -0.121559 439.567 0 0
1500 26.1188 12.9773 17.8606 -0.470854 0.248265 439.688 0 0
1500 93.0931 -55.7402 17.8785 0.539392 -0.885953 439.136 0 0
1500 99.8646 -51.2213 17.7922 0.645821 -0.824414 439.249 0 0
1500 3.80716 13.0426 17.9066 -0.849476 0.265234 439.438 0 0
1500 95.8476 -37.6538 17.8477 0.632027 -0.62913 439.382 0 0
1500 71.2968 -34.6571 18.1081 0.310325 -0.617255 439.195 0 0
1500 39.0859 29.6091 17.9725 -0.390595 0.468254 439.657 0 0
1500 104.509 -46.7132 17.7929 0.709495 -0.752469 439.725 0 0
1500 105.724 -19.1984 17.8537 0.751774 -0.285252 440.177 0 0
1500 45.1849 -63.65 17.7945 -0.160382 -0.994447 440.183 0 0
1500 14.491 17.0044 17.8262 -0.648914 0.324295 439.921 0 0
1500 101.088 -42.0514 17.8428 0.704292 -0.688715 440.093 0 0
1500 115.802 -9.21033 17.8552 0.95228 -0.125397 439.979 0 0
1500 87.3078 -24.0801 18.1854 0.53869 -0.424128 439.966 0 0
1500 104.243 -16.0822 18.0659 0.804881 -0.255353 440.258 0 0
1500 44.4129 -31.6429 18.1404 -0.22651 -0.531569 439.803 0 0
1500 95.426 -8.87838 18.0684 0.600716 -0.212313 439.918 0 0
1500 64.0858 -31.4981 18.1827 0.0653268 -0.50215 440.198 0 0
1500 47.1152 76.4356 17.9815 -0.194714 1.2291 440.185 0 0
1500 79.0461 -6.89084 17.8347 0.32006 -0.185748 440.048 0 0
1500 109.205 -85.1321 17.9021 0.876959 -1.47058 439.977 0 0
1500 132.422 -11.4758 17.9253 1.3079 -0.21347 439.751 0 0
1500 68.5945 2.86472 18.3573 0.256698 0.000692253 440.542 0 0
1500 79.7781 -24.0645 18.2951 0.347427 -0.398882 440.512 0 0
1500 79.2646 -6.12667 18.5538 0.419463 -0.132453 442.287 0 0
1500 35.4001 -15.4481 17.8415 -0.310692 -0.286464 440.566 0 0
1500 74.1556 33.8036 17.9123 0.24713 0.541203 440.871 0 0
1500 36.3095 48.3581 17.8299 -0.354651 0.746233 440.432 0 0
1500 30.2029 5.89367 17.8202 -0.464541 0.0797468 441.543 0 0
1500 50.7407 49.5723 17.8613 -0.137462 0.764638 441.097 0 0
1500 50.5512 -25.9353 17.9201 -0.0651941 -0.425424 442.277 0 0
1500 109.212 16.2331 17.8214 0.759997 0.299296 440.77 0 0
1500 106.643 -24.2565 17.8949 0.758301 -0.387964 441.722 0 0
1500 72.2589 -34.0713 17.9552 0.250583 -0.53698 442.957 0 0
1500 70.6888 -16.2914 17.8194 0.203444 -0.292156 442.915 0 0
1500 75.8575 34.3169 17.8313 0.26139 0.554211 442.872 0 0
1500 115.549 -25.0874 17.9712 0.901222 -0.40864 441.492 0 0
1500 119.012 -23.4207 17.9685 0.961312 -0.388781 440.753 0 0
1500 107.667 -42.1481 17.9687 0.795369 -0.660622 440.826 0 0
1500 36.6572 -4.52439 17.9408 -0.35529 -0.0535341 443.865 0 0
1500 58.992 80.9734 17.7951 0.00216507 1.27312 440.397 0 0
1500 16.3989 50.3436 17.862 -0.672454 0.794123 440.403 0 0
1500 117.555 -29.9766 17.888 0.959082 -0.421341 440.837 0 0
1500 122.487 11.0938 17.8748 1.02168 0.15674 441.718 0 0
1500 123.335 -13.0172 17.8488 1.03261 -0.163564 441.674 0 0
1500 123.779 -9.73916 17.8488 1.03931 -0.115352 441.663 0 0
1500 85.3796 -46.8831 17.85 0.442425 -0.720987 443.828 0 0
1500 56.5351 68.0426 17.8744 -0.0684596 1.07453 440.626 0 0
1500 72.65 -7.35173 18.5197 0.339817 -0.179921 440.605 0 0
1500 88.3631 -16.1138 18.5123 0.571301 -0.309081 441.155 0 0
1500 76.5012 -57.8629 18.0353 0.321918 -0.935032 441.391 0 0
1500 86.6782 -59.9347 17.8162 0.421428 -0.958469 442.129 0 0
1500 64.1566 -60.4046 17.8218 0.0870413 -0.944206 443.651 0 0
1500 82.54 8.96059 18.5237 0.53 0.111754 441.593 0 0
1500 101.039 55.1585 17.8105 0.652815 0.89251 442.094 0 0
1500 96.9039 33.5862 17.93 0.668547 0.552189 440.562 0 0
1500 77.1345 5.76468 18.4788 0.446463 0.103453 441.779 0 0
1500 101.347 -12.615 18.4665 0.798208 -0.170323 442.813 0 0
1500 16.2316 50.4752 17.8446 -0.659107 0.810935 442.889 0 0
1500 37.9593 35.5286 17.8612 -0.349798 0.612309 440.325 0 0
1500 5.97323 34.9941 17.8466 -0.820593 0.587626 442.137 0 0
1500 101.062 -9.27118 18.3146 0.740776 -0.206862 442.297 0 0
1500 76.6278 -51.795 17.814 0.351277 -0.823394 441.194 0 0
1500 48.9472 50.7423 17.8213 -0.216553 0.792863 440.901 0 0
1500 -2.48137 10.0525 17.8121 -0.987471 0.164707 442.154 0 0
1500 -4.4516 -17.7699 17.81 -1.00756 -0.252162 442.787 0 0
1500 13.7538 34.6765 17.8162 -0.750432 0.541276 441.48 0 0
1500 118.327 16.7097 17.9905 1.00409 0.27088 442.215 0 0
1500 109.459 -33.5033 17.8188 0.850514 -0.490923 442.077 0 0
1500 122.32 -7.78228 17.8123 1.02902 -0.0864031 442.861 0 0
1500 59.8273 62.1827 17.8155 0.0953344 0.971112 442.105 0 0
1500 97.0534 46.9318 17.8148 0.657227 0.738914 442.236 0 0
1500 90.9312 12.9891 18.1793 0.547006 0.273799 441.822 0 0
1500 72.7534 19.604 18.1837 0.271657 0.37631 441.503 0 0
1500 112.97 -16.5279 17.8162 0.830545 -0.328493 441.615 0 0
1500 90.4268 -28.6425 17.8735 0.561924 -0.49121 441.239 0 0
1500 70.5901 -35.6347 17.8771 0.257837 -0.601594 440.939 0 0
1500 109.554 15.2678 17.875 0.808538 0.307551 441.8 0 0
1500 120.878 1.57045 17.9009 1.00395 0.0771468 443.163 0 0
1500 33.594 26.0073 18.0145 -0.423903 0.371402 441.665 0 0
1500 95.4726 6.40046 17.8227 0.62804 0.158838 441.401 0 0
1500 -1.26086 -12.5138 17.9019 -0.952917 -0.21385 443.41 0 0
1500 9.59098 -37.8146 17.8403 -0.799425 -0.540229 443.132 0 0
1500 14.1035 -17.7901 17.8492 -0.74309 -0.241117 442.07 0 0
1500 85.2226 3.28226 17.9268 0.437383 0.128526 441.685 0 0
1500 122.28 20.7056 17.8396 1.01997 0.254219 443.627 0 0
1500 111.354 -29.9644 18.1773 0.887924 -0.551405 440.822 0 0
1500 118.488 -17.6592 17.8037 0.97002 -0.220859 443.853 0 0
1500 94.3483 -24.2981 17.8439 0.636695 -0.357611 442.424 0 0
1500 124.544 -31.2184 17.8742 1.12673 -0.444422 440.361 0 0
1500 32.9908 -5.70038 17.9477 -0.449517 -0.10661 443.074 0 0
1500 36.1009 -36.523 18.047 -0.41313 -0.583054 440.966 0 0
1500 76.8148 17.7531 17.8549 0.359973 0.323295 443.124 0 0
1500 -7.38021 -148.969 17.874 -1.12437 -2.39754 442.739 0 0
1500 117.911 22.2198 18.0528 1.00032 0.427647 443.822 0 0
1500 19.6101 -30.5773 18.1324 -0.641803 -0.586914 442.166 0 0
1500 59.6191 -37.0563 18.5374 0.052904 -0.68172 442.885 0 0
1500 7.71071 48.7818 17.9162 -0.872329 0.889306 443.298 0 0
1500 -96.3868 36.3008 18.1022 -2.77327 0.734606 440.321 0 0
1500 76.5947 47.2718 18.1418 0.407287 0.853194 443.507 0 0
1500 54.1202 6.65835 18.1794 -0.127455 0.16536 442.31 0 0
1500 76.7915 -45.1332 17.8538 0.31798 -0.692066 444.226 0 0
1500 117.293 15.8724 17.8308 0.966723 0.255885 444.034 0 0
1500 51.0961 23.6487 17.9586 -0.166388 0.344142 444.171 0 0
1500 155.058 -29.2339 18.321 1.78189 -0.500886 443.903 0 0
1500 64.2589 -17.1903 18.1776 0.180553 -0.278633 444.264 0 0
1500 83.9478 7.06763 18.0114 0.448946 0.102316 444.432 0 0
1500 14.0525 -30.0144 17.8289 -0.62821 -0.499062 444.541 0 0
1500 55.3072 65.8387 17.866 -0.0184669 1.03417 444.657 0 0
1500 73.857 -49.6201 17.8961 0.295759 -0.81702 444.307 0 0
1500 161.369 185.416 17.8992 1.63874 3.04761 444.384 0 0
1500 88.1153 -5.93547 18.6469 0.568974 -0.101489 444.911 0 0
1500 79.7472 2.79042 17.8754 0.372041 0.065617 445.192 0 0
1500 77.429 4.23928 17.8671 0.321995 0.00884449 445.327 0 0
1500 79.9338 20.3115 17.9642 0.355572 0.344113 445.729 0 0
1500 74.33 33.6016 18.1122 0.297042 0.525211 446.19 0 0
1500 90.4954 -9.06667 18.1936 0.523968 -0.186626 446.649 0 0
1500 37.0888 -16.4142 18.145 -0.305719 -0.270088 446.798 0 0
1500 94.645 60.4919 17.88 0.574903 0.913444 444.824 0 0
1500 71.7514 -0.561606 18.077 0.283447 0.0135299 446.981 0 0
1500 113.945 -8.88189 17.9036 0.85724 -0.152313 445.888 0 0
1500 1.61567 -38.8793 17.8087 -0.87531 -0.560112 445.539 0 0
1500 38.2751 43.9811 17.8593 -0.31703 0.682714 446.025 0 0
1500 63.9849 13.4761 18.1941 0.164485 0.246454 447.391 0 0
1500 76.3747 61.7146 17.8152 0.331425 0.924271 444.948 0 0
1500 65.7154 -5.31739 17.8377 0.0995423 -0.143901 447.697 0 0
1500 61.9219 -26.6475 18.0506 0.111025 -0.431675 448.233 0 0
1500 69.2444 -46.3677 17.8228 0.184913 -0.724673 446.6 0 0
1500 73.9615 6.06088 18.6003 0.370939 0.0627517 450.486 0 0
1500 48.5608 28.862 17.8893 -0.112251 0.472984 447.621 0 0
1500 95.6916 38.9555 17.8763 0.557505 0.624774 446.441 0 0
1500 66.8004 0.540831 18.4407 0.226656 0.0559898 452.042 0 0
1500 69.1727 40.1292 17.9173 0.215736 0.615204 447.444 0 0
1500 19.4901 40.0242 17.8456 -0.613915 0.602474 446.978 0 0
1500 114.782 -19.0695 17.8616 0.855639 -0.267377 449.375 0 0
1500 47.2575 -36.0676 17.859 -0.10633 -0.570655 447.503 0 0
1500 105.083 -20.5057 17.8499 0.73302 -0.355831 446.101 0 0
1500 0.702176 -50.6394 17.8063 -0.892621 -0.807847 445.092 0 0
1500 38.7327 -61.4838 17.8682 -0.329774 -0.936776 446.51 0 0
1500 38.2141 -37.7437 17.8834 -0.328434 -0.577268 448.371 0 0
1500 82.9998 50.4264 17.8102 0.412621 0.766404 447.346 0 0
1500 114.364 34.6243 17.8281 0.90521 0.528058 445.313 0 0
1500 67.3814 18.5445 18.1629 0.158211 0.323658 450.318 0 0
1500 108.051 -31.4423 17.863 0.792411 -0.469938 447.513 0 0
1500 114.898 1.2298 17.94 0.932948 0.0140781 445.408 0 0
1500 84.332 -84.7901 17.8982 0.456762 -1.33248 444.802 0 0
1500 -15.3601 -0.875236 17.8258 -1.11282 -0.051484 448.244 0 0
1500 59.2058 11.4961 18.2178 0.103983 0.211202 451.497 0 0
1500 41.8966 23.9438 17.8506 -0.274576 0.386583 449.977 0 0
1500 81.716 15.3818 17.871 0.382548 0.267532 450.379 0 0
1500 99.7408 -51.3703 17.8555 0.690707 -0.78774 446.772 0 0
1500 68.2791 17.2819 18.3496 0.168036 0.313688 445.311 0 0
1500 78.5089 -8.93356 18.3588 0.361479 -0.171246 455.563 0 0
1500 23.5845 -33.792 17.9451 -0.584043 -0.539047 445.229 0 0
1500 3.49503 118.773 17.8101 -0.89479 1.86045 445.361 0 0
1500 115.849 30.5227 17.9711 0.902652 0.519088 447.707 0 0
1500 109.653 2.81951 17.9815 0.834154 0.112888 445.837 0 0
1500 71.5175 -17.7557 18.5533 0.331829 -0.332416 446.862 0 0
1500 70.8736 -0.436598 18.5562 0.323186 -0.0733531 446.655 0 0
1500 64.2146 -67.4044 17.8012 0.151041 -1.03145 447.994 0 0
1500 108.914 30.5758 17.8071 0.835961 0.424834 445.821 0 0
1500 95.2633 36.7363 17.8127 0.634726 0.523829 445.157 0 0
1500 99.8415 -20.3031 17.9599 0.730141 -0.324684 445.611 0 0
1500 89.6285 -29.3831 17.9624 0.576314 -0.464899 445.379 0 0
1500 90.6127 -24.2438 17.966 0.541969 -0.353918 451.333 0 0
1500 40.844 4.50718 17.901 -0.232296 0.133132 451.491 0 0
1500 91.7483 40.0605 17.8846 0.49151 0.645368 449.906 0 0
1500 79.8968 -20.2709 17.9406 0.342992 -0.354857 451.011 0 0
1500 106.662 17.3242 18.0787 0.833543 0.293642 446.914 0 0
1500 89.4696 -20.1085 17.9586 0.51543 -0.318067 451.963 0 0
1500 99.3124 21.3067 17.9786 0.620302 0.366853 451.758 0 0
1500 75.8392 62.2317 17.977 0.292911 0.994427 448.436 0 0
1500 99.7689 -15.871 18.2698 0.715374 -0.306984 447.667 0 0
1500 102.475 -12.9021 18.2689 0.755022 -0.262073 447.753 0 0
1500 82.1131 -61.837 17.8913 0.420277 -0.945362 449.742 0 0
1500 97.0356 7.31441 17.9105 0.614467 0.0620687 452.385 0 0
1500 -1.34942 20.5587 17.8142 -0.931207 0.323297 450.284 0 0
1500 37.816 47.7857 17.824 -0.356049 0.705198 451.581 0 0
1500 27.5252 50.7893 17.8183 -0.507418 0.755081 450.922 0 0
1500 82.7124 38.6615 17.9437 0.451858 0.639254 446.934 0 0
1500 90.6899 -8.20603 17.8844 0.575187 -0.0819912 446.16 0 0
1500 59.1307 -6.71155 18.0662 0.0458205 -0.181315 446.282 0 0
1500 50.5549 -26.6456 18.0604 -0.0864376 -0.48704 446.667 0 0
1500 89.0074 -16.2369 18.2965 0.602958 -0.261078 448.052 0 0
1500 114.357 35.3865 17.9326 0.866657 0.587514 450.176 0 0
1500 97.2153 25.0886 17.9485 0.591536 0.419659 452.912 0 0
1500 114.206 6.04054 17.9402 0.892665 0.162285 448.02 0 0
1500 102.193 31.2128 17.9435 0.666471 0.50964 452.406 0 0
1500 91.3026 -56.4277 17.9718 0.524698 -0.904032 450.04 0 0
1500 99.6303 -25.9222 17.9836 0.668591 -0.46921 447.895 0 0
1500 133.284 -119.511 17.9032 1.18223 -1.93144 446.784 0 0
1500 107.723 33.6618 17.8342 0.811905 0.553624 448.704 0 0
1500 72.8661 33.6771 17.8517 0.266519 0.516737 453.462 0 0
1500 96.6624 0.155442 17.851 0.60222 0.044608 453.401 0 0
1500 52.9621 66.0102 17.8314 -0.0146822 1.03158 449.373 0 0
1500 49.507 51.4818 17.9453 -0.131467 0.8811 446.743 0 0
1500 114.536 -23.6217 18.122 1.00454 -0.335866 445.609 0 0
1500 68.4916 -32.5556 18.2168 0.183356 -0.556403 450.125 0 0
1500 71.9291 34.4159 18.0584 0.311891 0.559371 448.575 0 0
1500 81.013 9.84421 18.0643 0.408574 0.166007 455.35 0 0
1500 74.9338 4.29512 18.6594 0.339736 0.123499 457.717 0 0
1500 60.2695 -17.946 18.2911 0.109265 -0.34824 449.091 0 0
1500 64.534 -28.6073 18.2868 0.173461 -0.508391 449.388 0 0
1500 96.8714 44.9747 17.899 0.630909 0.74337 450.001 0 0
1500 78.6618 22.759 17.9493 0.270004 0.380324 455.329 0 0
1500 40.6222 -39.5237 18.0717 -0.258688 -0.67394 449.394 0 0
1500 74.711 5.9683 18.2021 0.296357 0.16768 449.019 0 0
1500 48.1834 -11.5059 17.9379 -0.218526 -0.187204 447.957 0 0
1500 -7.39602 -14.5747 17.9099 -1.01866 -0.220773 452.096 0 0
1500 27.8625 -20.7077 17.9312 -0.481512 -0.297454 455.099 0 0
1500 118.805 25.3291 17.9497 0.978189 0.365711 452.211 0 0
1500 118.816 21.4126 17.9513 0.96938 0.305627 452.844 0 0
1500 73.7089 -21.9139 17.9748 0.303973 -0.309679 455.579 0 0
1500 46.6925 14.602 18.4187 -0.169039 0.23216 450.295 0 0
1500 115.549 -30.1 17.9909 0.901752 -0.512918 452.011 0 0
1500 71.8617 -7.10343 18.0179 0.268239 -0.181285 448.904 0 0
1500 107.641 -18.1161 17.9996 0.803733 -0.34384 450.421 0 0
1500 102.478 -47.7839 17.9904 0.705676 -0.771235 452.284 0 0
1500 87.3918 48.0259 17.9514 0.42827 0.795325 450.572 0 0
1500 57.0347 13.0682 17.9248 -0.0208111 0.280097 448.768 0 0
1500 48.0972 7.1782 18.2507 -0.154154 0.109991 457.757 0 0
1500 5.18038 68.1598 17.8267 -0.798835 1.06767 453.017 0 0
1500 23.3548 -10.2489 17.8846 -0.580086 -0.0985263 449.351 0 0
1500 -0.879568 19.4665 17.8691 -0.888045 0.336394 454.266 0 0
1500 22.9124 54.8875 17.8641 -0.563266 0.874233 452.064 0 0
1500 77.7931 -49.5278 17.8273 0.346615 -0.735051 454.977 0 0
1500 92.0824 5.9052 17.8356 0.599449 0.0606106 449.245 0 0
1500 104.905 27.4554 18.0022 0.798523 0.446 451.452 0 0
1500 103.086 -8.76983 18.5799 0.828146 -0.188028 451.674 0 0
1500 34.6478 27.4566 17.9628 -0.356319 0.438558 456.956 0 0
1500 89.2288 -4.99732 18.2232 0.546314 -0.0728494 458.08 0 0
1500 127.585 101.647 17.8652 1.08228 1.59357 452.268 0 0
1500 127.378 38.0803 17.9561 1.13516 0.624317 451.318 0 0
1500 85.3846 66.9299 17.8637 0.457897 1.0236 454.361 0 0
1500 115.98 -22.9677 17.8097 0.87129 -0.423546 451.737 0 0
1500 79.331 -0.343463 18.0041 0.396522 0.0576364 450.528 0 0
1500 94.4209 -1.91042 17.9995 0.568582 0.0301168 457.521 0 0
1500 80.2339 21.1833 18.0013 0.369672 0.352027 457.662 0 0
1500 95.8544 -10.3503 18.1597 0.636972 -0.230866 451.942 0 0
1500 78.779 -12.9949 18.1663 0.380435 -0.27311 451.444 0 0
1500 117.221 -5.13171 17.983 0.966532 -0.0286483 452.857 0 0
1500 60.6815 22.3187 18.0559 -0.00760943 0.346495 451.033 0 0
1500 17.7198 -6.51092 17.9121 -0.665977 -0.0458517 451.3 0 0
1500 134.242 -91.8793 17.847 1.1726 -1.47526 452.249 0 0
1500 22.6875 20.9578 17.9666 -0.592859 0.284251 451.729 0 0
1500 68.7902 67.8502 17.9868 0.224801 1.11527 451.441 0 0
1500 17.0362 35.3439 17.8202 -0.67715 0.596257 452.331 0 0
1500 62.9499 18.2126 17.8397 0.0239498 0.343572 450.674 0 0
1500 72.0647 19.7709 17.8385 0.166406 0.367499 450.755 0 0
1500 -0.570678 30.5529 17.8122 -0.917237 0.507376 454.37 0 0
1500 8.21212 -27.9041 17.8207 -0.812521 -0.369039 452.271 0 0
1500 37.3406 36.2801 17.8284 -0.372071 0.618354 451.503 0 0
1500 9.47876 -4.90281 17.8251 -0.798915 -0.0179219 451.801 0 0
1500 54.1643 -44.0209 17.9249 -0.10491 -0.731816 451.672 0 0
1500 79.9189 -55.8111 17.9859 0.327319 -0.908878 453.593 0 0
1500 131.785 -4.12705 17.8179 1.18571 -0.0834644 453.197 0 0
1500 103.517 -22.3752 17.9835 0.785716 -0.35088 452.95 0 0
1500 62.3768 59.678 17.8418 0.130609 0.946705 453.089 0 0
1500 54.1783 20.4161 17.9785 -0.106639 0.291094 458.409 0 0
1500 117.879 49.1292 17.8789 0.960086 0.860936 449.998 0 0
1500 46.879 -45.3725 17.8976 -0.212484 -0.753647 452.408 0 0
1500 80.2396 37.3918 17.9487 0.425182 0.638584 450.546 0 0
1500 110.903 24.875 17.8512 0.851758 0.435172 453.339 0 0
1500 83.9072 49.2717 17.8557 0.418545 0.759913 457.214 0 0
1500 103.496 38.2872 17.8527 0.702613 0.60626 456.82 0 0
1500 112.026 -12.1032 17.8549 0.875309 -0.125541 452.845 0 0
1500 46.4444 66.5318 17.8465 -0.120158 1.03264 455.458 0 0
1500 41.3268 -2.77845 17.822 -0.304317 -0.111588 451.093 0 0
1500 30.651 -9.98654 17.8174 -0.469374 -0.223487 451.404 0 0
1500 8.21481 -14.8254 17.8071 -0.749324 -0.273414 457.396 0 0
1500 -7.47434 7.50677 17.7955 -1.02367 0.0475176 453.936 0 0
1500 38.3703 -10.2208 17.8201 -0.349964 -0.227796 451.22 0 0
1500 64.2941 -57.5682 18.1359 0.132317 -1.04462 447.295 0 0
1500 117.031 -20.316 18.024 1.05709 -0.291113 447.991 0 0
1500 122.464 -17.5608 17.8956 1.02422 -0.220709 455.322 0 0
1500 87.5989 -36.0198 18.0479 0.489701 -0.556691 458.971 0 0
1500 101.674 -22.7539 18.0435 0.741312 -0.399612 453.777 0 0
1500 154.981 32.5782 17.8463 1.53778 0.598392 450.636 0 0
1500 107.614 -64.0254 17.9409 0.827993 -0.997912 454.34 0 0
1500 77.7846 -1.05439 18.3567 0.40021 -0.0184348 461.148 0 0
1500 20.0821 -22.7116 18.0278 -0.589079 -0.414564 453.354 0 0
1500 81.4353 7.45826 17.9198 0.436012 0.0685701 452.166 0 0
1500 42.8647 48.0707 17.8754 -0.326448 0.756912 449.594 0 0
1500 16.7658 12.3802 17.9263 -0.63205 0.207249 459.011 0 0
1500 46.744 59.3601 17.913 -0.225094 0.93064 454.271 0 0
1500 84.2003 -57.3482 17.915 0.471256 -0.890606 454.803 0 0
1500 77.0598 28.3515 17.9668 0.38776 0.441 452.992 0 0
1500 53.0905 -186.623 17.8437 -0.0433933 -2.9864 452.261 0 0
1500 30.141 31.3022 17.8906 -0.499653 0.486019 453.218 0 0
1500 61.4057 -10.3733 18.5766 0.0742418 -0.153584 454.869 0 0
1500 74.3122 -61.3405 18.4217 0.363319 -1.11536 447.609 0 0
1500 52.0332 -44.5542 17.8292 -0.0411511 -0.68586 459.058 0 0
1500 110.699 -38.885 17.8128 0.816345 -0.625953 456.758 0 0
1500 93.2919 55.1318 17.9557 0.566574 0.865311 457.19 0 0
1500 112.26 -1.90589 17.964 0.878108 0.0369159 454.408 0 0
1500 120.743 9.47026 18.0728 1.02793 0.150753 456.478 0 0
1500 69.2881 65.5438 17.8009 0.138776 1.03716 456.282 0 0
1500 38.0603 -61.6607 17.9494 -0.286148 -0.989831 456.245 0 0
1500 82.8596 -48.0822 17.9568 0.38688 -0.803992 454.918 0 0
1500 38.3728 -60.3166 17.9504 -0.282652 -0.973813 455.972 0 0
1500 34.6239 -44.9566 17.9596 -0.345569 -0.760159 454.612 0 0
1500 49.0573 -20.7342 17.8448 -0.202742 -0.370725 453.036 0 0
1500 66.8457 -47.6184 17.9126 0.150048 -0.742898 460.071 0 0
1500 113.274 5.97401 18.5646 1.05445 0.0683311 451.497 0 0
1500 28.7096 -93.899 17.8137 -0.403045 -1.44255 457.757 0 0
1500 117.309 8.52778 17.8275 0.971311 0.135329 455.652 0 0
1500 60.724 65.5861 17.9093 0.0620955 1.02704 458.23 0 0
1500 71.2384 4.73914 17.9372 0.205609 0.134628 461.439 0 0
1500 92.0698 -11.2346 17.9219 0.606386 -0.206119 454.455 0 0
1500 97.5694 -22.7265 18.1142 0.623467 -0.434922 451.362 0 0
1500 75.4493 -31.2232 17.994 0.284267 -0.556827 454.828 0 0
1500 80.6679 4.23757 17.8829 0.399663 0.138253 452.663 0 0
1500 97.2075 36.3019 17.8671 0.566077 0.587898 460.223 0 0
1500 41.4122 -50.805 17.8323 -0.232094 -0.79654 460.035 0 0
1500 94.6563 -3.4749 17.8418 0.574664 -0.131477 454.355 0 0
1500 2.71711 -21.6228 17.8274 -0.835754 -0.404712 455.743 0 0
1500 83.3877 36.9005 18.095 0.488163 0.593181 455.983 0 0
1500 67.4965 40.8167 17.9129 0.210815 0.681852 455.131 0 0
1500 141.632 -19.8924 17.8523 1.31518 -0.395183 453.168 0 0
1500 97.7973 -49.0902 17.8201 0.603066 -0.779816 459.346 0 0
1500 115.209 7.47518 18.1472 0.949752 0.129781 458.867 0 0
1500 94.404 -15.5744 18.1591 0.664823 -0.213849 456.857 0 0
1500 45.7578 -68.0207 17.8097 -0.121103 -1.07386 455.84 0 0
1500 86.5725 27.2628 18.1049 0.513773 0.47781 456.282 0 0
1500 6.56061 42.3045 17.8701 -0.813188 0.754009 453.341 0 0
1500 113.695 29.1939 17.9789 0.883616 0.500562 457.837 0 0
1500 58.7399 24.6911 18.0829 0.0211124 0.453581 455.694 0 0
1500 43.4694 30.1843 18.0794 -0.213063 0.536051 455.945 0 0
1500 40.0103 10.3847 18.0851 -0.267728 0.233954 455.546 0 0
1500 47.9686 -34.8055 17.9873 -0.214074 -0.673936 449.058 0 0
1500 48.2217 45.2604 17.8213 -0.100844 0.740113 457.256 0 0
1500 98.0089 -15.8383 17.8254 0.620683 -0.171862 460.243 0 0
1500 63.2334 -65.6932 17.9225 0.0778503 -1.02877 459.593 0 0
1500 57.2451 -34.2526 17.9911 0.00761453 -0.548191 462.583 0 0
1500 75.6313 22.5981 17.9347 0.298231 0.446418 452.762 0 0
1500 101.896 28.7642 18.1794 0.777308 0.439355 457.985 0 0
1500 101.179 77.446 17.8227 0.614066 1.25619 455.746 0 0
1500 103.435 -15.8047 17.8883 0.696444 -0.277095 461.837 0 0
1500 101.85 -43.1185 17.8781 0.68613 -0.675897 460.588 0 0
1500 98.1341 31.3698 17.8377 0.632868 0.422301 462.148 0 0
1500 101.585 44.872 17.8964 0.707428 0.66213 460.657 0 0
1500 116.45 -6.0614 17.8965 0.964104 -0.075368 457.607 0 0
1500 91.095 -28.175 18.3804 0.549992 -0.525416 452.09 0 0
1500 77.7013 -1.74468 18.333 0.440641 -0.0289725 457.222 0 0
1500 122.85 14.4896 18.2427 1.22271 0.316601 448.195 0 0
1500 101.035 -18.7426 18.4081 0.75238 -0.34263 458.815 0 0
1500 49.3749 105.359 17.9529 -0.161176 1.76698 453.766 0 0
1500 85.1477 -5.19241 17.8399 0.498853 -0.0944775 455.711 0 0
1500 91.1494 -1.32585 17.8391 0.534942 -0.0309003 462.602 0 0
1500 81.4934 17.4448 17.8965 0.430781 0.320727 456.118 0 0
1500 72.0023 41.9537 17.8913 0.257918 0.637773 462.511 0 0
1500 112.012 26.4566 17.8774 0.877428 0.446854 458.096 0 0
1500 82.3014 32.9244 18.1779 0.379621 0.628424 449.936 0 0
1500 93.8036 35.4847 17.8653 0.581482 0.519435 462.417 0 0
1500 -37.4905 36.2473 17.9442 -1.63708 0.544898 452.637 0 0
1500 104.739 -16.8036 18.1022 0.813956 -0.234218 458.41 0 0
1500 101.841 -5.08817 18.4088 0.78908 -0.119094 459.378 0 0
1500 85.4775 -3.26963 17.9349 0.430224 -0.0492912 467.706 0 0
1500 45.0065 -2.38624 17.8546 -0.249574 -0.0483033 463.85 0 0
1500 20.9953 58.0755 17.8001 -0.498142 0.907996 460.625 0 0
1500 16.7499 44.8216 17.8055 -0.580561 0.738955 458.269 0 0
1500 119.552 18.9705 17.8006 0.968958 0.340868 459.218 0 0
1500 59.0393 62.2676 17.8045 0.0595541 0.955192 461.649 0 0
1500 118.65 4.69774 18.0898 1.00712 0.0703279 460.373 0 0
1500 121.813 -1.02657 18.0878 1.0434 -0.0143064 461.057 0 0
1500 97.1983 26.7601 17.8174 0.613758 0.419452 463.283 0 0
1500 -30.7945 28.2637 17.8564 -1.44911 0.528035 455.519 0 0
1500 28.6293 31.2616 17.835 -0.449169 0.554385 458.437 0 0
1500 52.2545 47.2488 17.8314 -0.0873729 0.793349 458.887 0 0
1500 30.1653 24.4476 17.8384 -0.427976 0.452632 458.087 0 0
1500 88.7424 47.3174 17.8273 0.448123 0.762831 461.612 0 0
1500 87.4301 41.1075 17.8319 0.423749 0.664074 462.459 0 0
1500 101.581 13.2222 17.8911 0.713297 0.235774 460.862 0 0
1500 102.386 -10.7889 17.8921 0.71686 -0.117097 461.648 0 0
1500 64.8251 41.7146 17.961 0.0707193 0.698116 458.289 0 0
1500 95.694 -30.1234 17.9626 0.61225 -0.45389 464.101 0 0
1500 86.5908 28.0037 18.1984 0.45717 0.496247 459.231 0 0
1500 123.986 -31.4575 18.0201 1.15231 -0.474091 455.531 0 0
1500 44.6658 30.5226 17.8464 -0.22643 0.549135 457.96 0 0
1500 117.288 26.8093 17.9577 0.956206 0.427509 461.515 0 0
1500 118.426 22.4456 17.9591 0.958355 0.357818 462.549 0 0
1500 9.16034 6.60697 17.8451 -0.756837 0.125274 463.962 0 0
1500 35.829 2.85167 17.8507 -0.377502 -0.0271563 457.655 0 0
1500 36.1431 28.3242 17.8943 -0.364244 0.507903 458.467 0 0
1500 6.71933 -40.4991 17.8143 -0.811684 -0.636784 462.092 0 0
1500 42.823 -64.6926 17.8134 -0.28682 -1.00572 461.111 0 0
1500 30.336 -51.5595 17.8184 -0.481977 -0.826836 459.781 0 0
1500 97.0014 -8.37122 17.8244 0.617442 -0.0914349 464.427 0 0
1500 91.6006 -41.5504 17.8661 0.542046 -0.631982 464.169 0 0
1500 93.3403 -13.1858 17.8753 0.559899 -0.224893 465.04 0 0
1500 105.7 64.4723 18.0368 0.855878 1.04981 457.295 0 0
1500 105.784 9.20505 17.9564 0.759969 0.120708 465.32 0 0
1500 52.533 65.5177 17.9114 -0.101152 1.01722 463.442 0 0
1500 24.1719 57.2606 17.9104 -0.516118 0.901924 463.082 0 0
1500 123.528 -32.9202 18.0783 1.16268 -0.508145 456.383 0 0
1500 124.558 -21.3441 17.8389 1.10243 -0.343093 459.543 0 0
1500 110.614 22.703 17.8223 0.863835 0.375109 460.819 0 0
1500 27.5951 37.8085 17.8247 -0.453021 0.606026 465.099 0 0
1500 138.918 -68.0753 17.9817 1.32043 -1.17686 457.02 0 0
1500 90.2435 -33.6637 17.8549 0.529289 -0.47736 465.633 0 0
1500 62.2389 23.4199 17.8526 0.000617157 0.365092 466.697 0 0
1500 4.01019 1.50197 17.9261 -0.909365 -0.0135807 458.646 0 0
1500 67.8529 0.485915 17.9949 0.246563 -0.0165708 459.492 0 0
1500 115.267 -25.6647 17.9674 0.940682 -0.404564 462.4 0 0
1500 74.3122 74.342 17.8871 0.317832 1.26666 456.731 0 0
1500 119.367 -19.7401 17.8868 0.963404 -0.32218 463.992 0 0
1500 107.494 -8.75979 17.8956 0.830488 -0.17074 460.706 0 0
1500 89.2112 -51.7375 17.8888 0.543933 -0.81548 461.609 0 0
1500 76.5543 -25.7214 17.9016 0.335742 -0.372538 466.676 0 0
1500 60.0832 -8.21325 17.927 0.039039 -0.183808 467.21 0 0
1500 67.3856 -31.6155 17.92 0.141635 -0.513022 466.697 0 0
1500 100.631 -51.2548 17.8973 0.639738 -0.830091 463.095 0 0
1500 56.1988 -53.8658 17.9084 -0.0153372 -0.837431 465.619 0 0
1500 45.2029 -60.0368 17.9004 -0.181289 -0.97651 461.927 0 0
1500 34.6259 -60.4275 17.8983 -0.33733 -0.974373 462.474 0 0
1500 29.2187 -42.3976 17.9082 -0.428194 -0.723322 460.853 0 0
1500 72.1501 -62.1042 17.9003 0.215141 -0.970658 464.458 0 0
1500 68.6458 48.3654 17.8675 0.228816 0.786893 460.789 0 0
1500 133.366 44.5081 18.3419 1.45669 0.820663 451.732 0 0
1500 -0.419535 -16.2172 17.8408 -0.903309 -0.318566 461.726 0 0
1500 33.22 -42.4366 17.8481 -0.352523 -0.673692 466.194 0 0
1500 109.918 -7.44268 17.8436 0.865219 -0.142158 461.288 0 0
1500 117.513 -2.58197 18.0635 0.991147 -0.0428289 463.12 0 0
1500 135.349 3.00119 17.9621 1.33576 0.0804146 457.733 0 0
1500 90.7895 -27.6066 17.8653 0.533192 -0.369399 466.876 0 0
1500 71.5212 9.42892 18.0646 0.227393 0.195235 469.18 0 0
1500 37.2679 -5.30841 18.1633 -0.32809 -0.0253913 461.326 0 0
1500 -4.16491 -25.1842 17.8079 -0.947582 -0.43845 464.192 0 0
1500 36.8192 -33.9926 17.8249 -0.361106 -0.596864 460.934 0 0
1500 90.8457 -49.5591 17.9122 0.471932 -0.815603 462.527 0 0
1500 22.7 -48.7147 17.9105 -0.555634 -0.799662 462.79 0 0
1500 58.2162 -38.5925 17.9267 -0.0196467 -0.603846 467.572 0 0
1500 63.6815 -35.2701 17.9282 0.0569955 -0.556264 467.691 0 0
1500 32.8699 16.6052 17.9255 -0.355478 0.300683 467.943 0 0
1500 78.073 45.8997 17.915 0.28005 0.719408 467.03 0 0
1500 28.5468 59.3713 17.901 -0.439694 0.94994 464.075 0 0
1500 34.9442 27.0445 17.9212 -0.360813 0.493598 461.136 0 0
1500 0.0541958 13.4867 17.8485 -0.871583 0.251767 466.092 0 0
1500 7.86989 10.7534 17.8544 -0.752026 0.21047 466.775 0 0
1500 78.3575 6.75906 17.8686 0.274861 0.169019 460.395 0 0
1500 118.327 4.99122 17.8926 0.977193 0.119132 462.983 0 0
1500 48.8991 15.0779 17.9447 -0.106698 0.309248 460.885 0 0
1500 95.0158 38.5233 17.9284 0.557633 0.615285 467.026 0 0
1500 -6.76254 -6.63832 17.8008 -1.0254 -0.103231 464.902 0 0
1500 61.6762 -42.6077 17.8181 -0.0235054 -0.666906 461.175 0 0
1500 8.18169 42.7597 17.8004 -0.822003 0.6329 463.603 0 0
1500 83.7677 50.877 18.0517 0.435754 0.835059 463.574 0 0
1500 106.812 -23.2625 18.6332 0.953446 -0.443321 457.548 0 0
1500 121.803 -92.9691 17.8582 1.02099 -1.50631 461.849 0 0
1500 70.3693 7.7465 18.1193 0.272278 0.102778 469.762 0 0
1500 86.1801 26.4462 18.2589 0.529527 0.457415 463.529 0 0
1500 78.0426 -24.0088 17.9899 0.392871 -0.436243 460.242 0 0
1500 17.5421 -54.1745 17.8375 -0.673045 -0.800044 464.8 0 0
1500 106.43 60.377 18.0714 0.837615 0.99851 461.985 0 0
1500 128.211 -8.29919 17.8687 1.11242 -0.100615 465.75 0 0
1500 57.1901 64.5101 17.8298 0.0145244 1.03368 464.948 0 0
1500 101.564 5.24698 17.8477 0.640725 0.140408 468.776 0 0
1500 46.6807 -60.28 17.9148 -0.184578 -1.01835 462.045 0 0
1500 99.385 -0.434262 18.0206 0.727126 -0.0686776 461.017 0 0
1500 111.751 9.9497 17.8562 0.863447 0.215992 463.734 0 0
1500 81.0577 -41.6131 17.8173 0.412861 -0.687508 463.338 0 0
1500 92.6768 -41.2501 17.8128 0.58728 -0.676918 463.819 0 0
1500 51.2171 26.1865 17.8168 -0.146912 0.477588 462.422 0 0
1500 43.8384 5.02594 17.8212 -0.263307 0.147952 462.127 0 0
1500 96.2917 55.656 17.7945 0.521723 0.87869 466.718 0 0
1500 83.9632 15.1345 18.0737 0.42707 0.30926 463.487 0 0
1500 60.6482 57.9417 18.0567 0.0671905 0.942937 465.14 0 0
1500 95.485 34.1773 17.9867 0.683801 0.532202 462.439 0 0
1500 13.3677 -0.701093 17.9283 -0.731386 0.0689287 460.407 0 0
1500 -55.174 66.1324 17.7965 -1.74782 1.07989 464.742 0 0
1500 100.227 -38.502 17.9704 0.767578 -0.594125 461.109 0 0
1500 135.418 -14.3902 17.8465 1.24726 -0.266047 464.598 0 0
1500 103.825 -0.771255 17.8863 0.758959 -0.0715266 464.357 0 0
1500 104.431 -35.0173 17.8795 0.716647 -0.557494 469.047 0 0
1500 101.741 -48.5679 17.8719 0.700819 -0.776867 466.785 0 0
1500 119.931 -12.8424 17.8738 0.981412 -0.250598 466.015 0 0
1500 79.2373 -60.4232 17.8729 0.370333 -0.959758 466.271 0 0
1500 113.918 15.5345 17.8294 0.860608 0.182427 469.04 0 0
1500 78.9559 -44.7493 17.9076 0.392324 -0.745152 463.749 0 0
1500 94.1837 -6.41443 18.3102 0.698776 -0.134273 463.001 0 0
1500 7.45617 -47.0142 17.8905 -0.905769 -0.787068 460.669 0 0
1500 98.742 -4.99786 17.9007 0.64062 -0.0330339 470.496 0 0
1500 51.7662 -26.3196 17.8322 -0.0487834 -0.426549 470.739 0 0
1500 105.543 -44.7053 17.8079 0.735897 -0.713533 467.853 0 0
1500 1.53551 -10.8028 17.9201 -0.904574 -0.11861 465.506 0 0
1500 65.1548 30.1294 17.9358 0.060841 0.512878 464.065 0 0
1500 72.4907 -49.2098 18.1794 0.261562 -0.813582 466.273 0 0
1500 120.3 -10.6994 17.9444 1.10334 -0.123996 459.525 0 0
1500 113.064 -8.93169 18.2362 0.928251 -0.176023 467.39 0 0
1500 67.6292 1.46953 17.8234 0.190795 0.0882961 463.547 0 0
1500 26.8385 -46.5289 17.8974 -0.48719 -0.777694 465.959 0 0
1500 27.0429 -26.0169 17.91 -0.448931 -0.432731 471.124 0 0
1500 107.446 -26.8889 17.8933 0.822355 -0.378004 466.908 0 0
1500 49.7581 -31.3658 17.9202 -0.175218 -0.536895 464.979 0 0
1500 64.4495 3.46196 18.0716 0.133156 -0.023748 465.106 0 0
1500 102.009 -10.6175 18.157 0.746599 -0.225352 466.838 0 0
1500 77.5206 -4.71833 17.9024 0.334657 -0.0240073 472.421 0 0
1500 74.0448 37.6094 17.8452 0.229975 0.674948 463.646 0 0
1500 127.191 13.2169 18.3706 1.36998 0.202494 455.321 0 0
1500 90.1421 -12.9508 18.455 0.555327 -0.268393 467.68 0 0
1500 101.576 -30.9377 17.8351 0.692136 -0.454613 471.026 0 0
1500 109.077 -6.03294 17.8334 0.856661 -0.106272 466.327 0 0
1500 98.0094 -21.7516 17.947 0.700323 -0.310359 466.815 0 0
1500 110.154 -35.0493 17.9363 0.851958 -0.565661 468.625 0 0
1500 115.782 -19.0962 17.9526 0.940713 -0.330958 468.336 0 0
1500 -3.65045 0.877948 17.8653 -0.968855 0.0750872 468.355 0 0
1500 11.785 42.9903 17.8628 -0.730404 0.70549 468.85 0 0
1500 21.0697 37.8726 17.8701 -0.60171 0.639889 467.694 0 0
1500 72.6534 55.4904 17.9328 0.218805 0.911725 468.477 0 0
1500 64.7591 -0.476073 17.9569 0.102815 0.068692 466.399 0 0
1500 52.1919 24.4634 17.9525 -0.0832841 0.40919 473.975 0 0
1500 49.1644 37.6457 17.9449 -0.138506 0.654466 467.24 0 0
1500 27.2305 56.6777 17.8094 -0.411196 0.906428 469.045 0 0
1500 80.7911 5.16275 17.832 0.411091 0.133818 466.757 0 0
1500 90.8223 -22.8395 17.8258 0.563901 -0.30166 467.205 0 0
1500 72.3924 41.334 17.8217 0.276468 0.69063 467.539 0 0
1500 54.8703 47.7204 17.8225 0.00547481 0.725685 473.21 0 0
1500 120.955 17.5755 17.8082 0.970782 0.306347 471.237 0 0
1500 74.5381 42.2667 17.8206 0.309142 0.704 467.633 0 0
1500 106.509 44.7667 17.8065 0.767846 0.710922 470.518 0 0
1500 108.254 -15.0859 17.82 0.765871 -0.16644 472.972 0 0
1500 42.3284 62.1237 17.809 -0.183126 0.987084 469.147 0 0
1500 55.7325 51.3569 17.8174 0.0191455 0.840079 467.946 0 0
1500 93.7458 27.8103 17.823 0.556911 0.442718 473.263 0 0
1500 90.7441 19.4193 17.8728 0.567558 0.245168 466.604 0 0
1500 115.301 11.7334 17.8991 0.945877 0.201945 469.247 0 0
1500 71.6716 42.2507 17.9019 0.213602 0.682736 472.288 0 0
1500 108.734 8.14562 17.9145 0.855081 0.149059 468.816 0 0
1500 85.2907 42.4247 17.916 0.499428 0.672427 468.66 0 0
1500 122.134 -5.9521 17.907 1.00912 -0.0624388 472.066 0 0
1500 63.0205 -53.5969 17.8878 0.134951 -0.872488 469.121 0 0
1500 25.1751 14.3191 17.8412 -0.559456 0.162092 467.82 0 0
1500 125.299 -11.899 18.1206 1.16107 -0.272089 464.366 0 0
1500 -8.05002 20.4056 17.7966 -0.975288 0.374655 471.296 0 0
1500 63.1125 60.7979 17.8878 0.0480028 0.937496 473.796 0 0
1500 -0.147969 51.7673 17.8303 -0.92021 0.882187 468.523 0 0
1500 61.7294 -44.443 18.0417 0.0804873 -0.752922 469.995 0 0
1500 83.7173 44.4683 17.906 0.461348 0.725124 470.001 0 0
1500 133.976 1.89068 18.2661 1.38552 0.075071 464.121 0 0
1500 96.823 4.33574 18.3432 0.776928 0.048204 464.716 0 0
1500 69.7631 14.0469 18.0535 0.252192 0.226208 476.444 0 0
1500 33.5802 -60.6605 18.019 -0.377552 -1.08539 465.104 0 0
1500 50.4216 -12.1111 18.0635 -0.125699 -0.216943 477.618 0 0
1500 34.0006 -8.89967 18.1396 -0.372948 -0.199295 470.143 0 0
1500 58.5432 -11.1721 18.1434 0.00341043 -0.20987 477.689 0 0
1500 98.3219 11.9178 18.1787 0.656475 0.20959 477.162 0 0
1500 5.30315 -35.3708 17.8125 -0.812848 -0.570926 474.42 0 0
1500 57.3656 -13.6387 17.838 -0.0606378 -0.275093 469.417 0 0
1500 78.8479 -54.2229 17.8162 0.268158 -0.88513 471.292 0 0
1500 -31.013 21.4929 17.7937 -1.36705 0.264165 473.767 0 0
1500 91.9702 -36.2624 18.1774 0.553516 -0.647868 469.387 0 0
1500 113.874 26.5067 17.8388 0.898224 0.345349 472.215 0 0
1500 22.7135 -7.39757 17.9488 -0.586148 -0.167001 471.083 0 0
1500 44.1941 -31.807 17.9509 -0.231103 -0.49307 477.722 0 0
1500 26.1785 -34.4611 17.942 -0.528055 -0.579418 471.653 0 0
1500 21.1099 -4.16991 17.9502 -0.554526 -0.106395 477.672 0 0
1500 21.1382 -28.9946 17.9446 -0.557927 -0.45714 477.186 0 0
1500 47.1492 4.73486 17.9581 -0.188325 0.018154 478.262 0 0
1500 27.338 -42.3761 17.9412 -0.472792 -0.648942 476.844 0 0
1500 45.339 -16.4535 17.9557 -0.213977 -0.276786 478.09 0 0
1500 33.376 -1.62102 17.9539 -0.424076 -0.0783332 470.714 0 0
1500 87.8071 -35.9017 17.8164 0.402736 -0.609331 471.1 0 0
1500 11.9814 -42.7061 17.8394 -0.757847 -0.671141 473.345 0 0
1500 53.8223 -10.0025 17.8666 -0.135253 -0.187891 470.604 0 0
1500 23.9954 16.8027 17.8587 -0.541576 0.208451 477.761 0 0
1500 30.6549 -27.4914 17.8576 -0.448353 -0.415698 477.676 0 0
1500 127.245 -43.4748 18.0951 1.27624 -0.795987 464.695 0 0
1500 102.795 -9.52794 18.0025 0.71773 -0.220985 472.28 0 0
1500 94.2198 -39.3321 17.8097 0.555836 -0.620844 476.827 0 0
1500 50.9435 -54.0709 17.8069 -0.0672682 -0.888943 472.314 0 0
1500 116.525 -8.01289 17.8066 0.879308 -0.173943 476.465 0 0
1500 96.0965 55.2339 17.8054 0.656941 0.839363 472.115 0 0
1500 20.6502 12.4732 18.1084 -0.615303 0.197434 472.083 0 0
1500 115.963 -5.03291 17.888 0.995963 -0.136963 468.869 0 0
1500 38.4647 10.5791 17.9991 -0.301933 0.196336 479.273 0 0
1500 59.8232 -37.7116 17.919 0.0674085 -0.591791 478.677 0 0
1500 88.457 -1.38454 17.9212 0.518255 -0.090162 471.976 0 0
1500 90.3896 -56.9996 17.8702 0.528351 -0.903966 475.126 0 0
1500 72.4733 -63.6825 17.8706 0.264244 -1.00694 474.854 0 0
1500 121.372 -14.5186 17.8119 0.982668 -0.284685 474.431 0 0
1500 63.4261 -15.0404 17.8383 0.118525 -0.30538 471.622 0 0
1500 94.4808 54.3774 17.8407 0.599964 0.824073 476.461 0 0
1500 66.0616 56.8925 17.8075 0.106457 0.939424 473.986 0 0
1500 -2.88699 21.0241 17.806 -0.897873 0.376127 477.172 0 0
1500 7.4619 35.5469 17.8432 -0.747049 0.611758 474.297 0 0
1500 98.4473 -33.3026 18.1045 0.634023 -0.586447 473.16 0 0
1500 67.5551 -2.19887 18.3353 0.241495 -0.0737036 481.825 0 0
1500 37.0595 35.0392 17.8442 -0.365739 0.489785 479.372 0 0
1500 69.5977 -12.5573 17.8371 0.158238 -0.272025 472.444 0 0
1500 2.14495 -36.8664 17.8092 -0.845369 -0.614311 476.444 0 0
1500 14.9476 -42.4186 17.8128 -0.673496 -0.714005 474.748 0 0
1500 41.2325 42.2838 17.8763 -0.292842 0.634581 479.466 0 0
1500 -5.91098 -1.25444 17.8629 -0.981746 0.0195905 477.845 0 0
1500 42.6597 -24.5031 17.8841 -0.300325 -0.340884 472.952 0 0
1500 43.5841 25.9332 17.9838 -0.204813 0.477823 473.478 0 0
1500 48.8258 11.1741 17.877 -0.207631 0.210908 473.049 0 0
1500 86.8128 -4.92023 18.0766 0.470249 -0.0133223 481.155 0 0
1500 -4.82538 -2.14623 17.8273 -1.0186 -0.100515 473.444 0 0
1500 83.5404 -33.0349 17.8184 0.362256 -0.585177 473.863 0 0
1500 72.1207 1.9162 18.1893 0.252359 0.0928375 482.419 0 0
1500 66.6689 -15.8081 18.0184 0.203901 -0.30653 474.221 0 0
1500 90.2408 40.1498 17.9843 0.570121 0.653762 475.757 0 0
1500 69.5877 0.307907 18.0032 0.263139 0.0509074 474.218 0 0
1500 100.252 -46.5105 18.0311 0.704548 -0.742208 477.423 0 0
1500 117.622 5.31386 18.0836 0.982164 0.114739 477.531 0 0
1500 43.2175 -8.19401 17.8935 -0.275698 -0.187055 474.51 0 0
1500 67.0109 -64.9324 17.8564 0.127932 -1.03707 477.922 0 0
1500 113.418 -32.6187 17.8589 0.827001 -0.564662 477.074 0 0
1500 81.8111 -45.8251 17.8693 0.332946 -0.721848 480.88 0 0
1500 4.04688 -30.4815 17.8602 -0.819719 -0.534508 476.829 0 0
1500 34.8827 -59.3566 17.8594 -0.340695 -0.932063 479.532 0 0
1500 44.3482 -39.2861 17.8726 -0.216484 -0.682054 475.397 0 0
1500 -1.97566 -29.2582 17.8174 -0.956729 -0.391899 477.454 0 0
1500 12.2491 44.1624 17.8178 -0.745563 0.706935 477.323 0 0
1500 30.455 -37.6129 17.928 -0.486096 -0.564307 475.834 0 0
1500 4.15027 10.287 17.921 -0.880102 0.168747 476.542 0 0
1500 18.7658 -2.09365 17.9759 -0.660777 -0.0422041 476.039 0 0
1500 -19.0795 6.93776 17.9493 -1.24926 0.112757 475.922 0 0
1500 88.6773 -64.0352 17.863 0.562966 -1.01795 474.842 0 0
1500 82.4046 -19.184 17.8886 0.461467 -0.307694 476.769 0 0
1500 39.0342 1.04985 18.1421 -0.388517 -0.016964 470.627 0 0
1500 22.0725 -80.601 18.0192 -0.637369 -1.36774 473.636 0 0
1500 76.667 -19.4122 17.885 0.331654 -0.301386 483.836 0 0
1500 73.9957 -20.4032 17.8854 0.293963 -0.315167 483.87 0 0
1500 66.8989 -39.2113 17.8801 0.195516 -0.583223 483.408 0 0
1500 109.493 -31.8562 17.8649 0.822892 -0.49421 481.26 0 0
1500 90.4231 -8.62163 17.8806 0.576045 -0.164242 477.536 0 0
1500 10.4834 15.8938 17.8174 -0.745791 0.20529 483.413 0 0
1500 108.436 51.3114 17.9784 0.793739 0.828526 480.59 0 0
1500 15.0414 26.8957 17.8936 -0.729086 0.400738 478.73 0 0
1500 45.5526 -105.598 17.8752 -0.287458 -1.70697 475.047 0 0
1500 59.5144 43.8462 17.8547 0.0385213 0.697811 483.862 0 0
1500 41.5144 47.3385 17.8511 -0.220685 0.753082 483.372 0 0
1500 31.5936 -37.5879 17.814 -0.468455 -0.528522 478.844 0 0
1500 29.6281 25.3879 17.8175 -0.455318 0.407264 485.024 0 0
1500 10.955 31.8242 17.8031 -0.774121 0.536301 479.994 0 0
1500 146.088 -1.39832 17.8948 1.51881 -0.00532131 475.716 0 0
1500 100.869 43.969 18.0408 0.809433 0.740707 474.873 0 0
1500 86.0232 -0.341115 18.0786 0.538003 0.00556683 480.231 0 0
1500 116.248 25.7592 17.8608 0.91993 0.488117 478.183 0 0
1500 41.8095 -56.4135 17.8569 -0.247246 -0.928581 481.339 0 0
1500 105.907 3.11483 18.0865 0.883899 0.102354 475.282 0 0
1500 72.4706 -58.9064 17.9474 0.184032 -0.942916 481.882 0 0
1500 84.2291 -45.1308 17.8365 0.459154 -0.739987 480.906 0 0
1500 69.7929 -40.9541 18.1222 0.184351 -0.795092 473.125 0 0
1500 -30.376 -39.8938 17.8555 -1.4247 -0.696413 479.371 0 0
1500 101.563 -1.46684 17.8276 0.682338 0.00180873 486.904 0 0
1500 6.64513 -39.0168 17.8217 -0.773496 -0.679798 480.627 0 0
1500 47.7105 -13.3311 17.8871 -0.172371 -0.247573 488.161 0 0
1500 14.2532 -8.26623 17.8746 -0.705446 -0.195111 481.461 0 0
1500 48.2783 -50.5326 17.8718 -0.167461 -0.781013 486.87 0 0
1500 20.876 11.1304 17.9309 -0.634372 0.150901 481.456 0 0
1500 26.5744 81.4106 17.8444 -0.528165 1.276 482.976 0 0
1500 21.7965 32.3693 17.8879 -0.546423 0.558665 483.596 0 0
1500 46.6189 3.1267 17.9039 -0.164365 0.113578 487.769 0 0
1500 73.5424 36.7003 17.8938 0.218441 0.595789 486.705 0 0
1500 119.73 0.994459 17.862 1.0097 -0.0579564 479.839 0 0
1500 26.5868 14.1466 17.8664 -0.473073 0.297519 481.038 0 0
1500 35.2257 -8.12956 17.8466 -0.405683 -0.18683 482.486 0 0
1500 113.539 -34.9452 17.8228 0.880747 -0.542085 486.99 0 0
1500 109.745 -41.149 17.822 0.830812 -0.637363 486.524 0 0
1500 90.3084 -12.6344 17.8421 0.572063 -0.227739 483.197 0 0
1500 110.598 -30.1794 17.8253 0.86227 -0.486114 485.041 0 0
1500 0.447243 30.7024 17.863 -0.867493 0.508763 487.794 0 0
1500 1.91834 29.847 17.8647 -0.84206 0.493953 488.126 0 0
1500 41.7292 55.7106 17.8661 -0.279216 0.908737 485.008 0 0
1500 71.4412 -16.2315 18.0746 0.281987 -0.235109 491.638 0 0
1500 250.326 -164.569 17.8175 2.96011 -2.60252 484.778 0 0
1500 113.102 31.7073 18.0172 0.971596 0.481618 483.235 0 0
1500 31.2013 -64.4462 17.9008 -0.373792 -1.08141 483.818 0 0
1500 50.9415 58.035 17.9653 -0.11061 0.945119 486.943 0 0
1500 41.4234 -47.7073 18.0932 -0.336845 -0.779404 481.322 0 0
1500 88.1512 65.5301 18.0761 0.495759 1.15768 482.218 0 0
1500 74.3096 -53.1829 17.8016 0.321679 -0.805574 488.68 0 0
1500 65.895 37.9198 17.8116 0.195471 0.598619 487.772 0 0
1500 88.9217 54.9277 17.7949 0.537601 0.838465 489.647 0 0
1500 106.501 14.2223 17.9656 0.86346 0.200905 485.94 0 0
1500 105.533 -63.1062 17.8852 0.771704 -1.06331 487.858 0 0
1500 33.6531 -67.0054 17.8378 -0.339496 -1.05471 492.349 0 0
1500 94.4639 -33.9997 17.8301 0.620861 -0.565735 489.553 0 0
1500 70.6379 -25.5717 17.8425 0.259723 -0.443593 488.514 0 0
1500 51.022 66.0008 18.019 -0.0724358 1.18079 484.708 0 0
1500 145.115 -33.3678 17.8899 1.4721 -0.496366 487.212 0 0
1500 39.9634 30.7551 17.8382 -0.252386 0.549859 489.501 0 0
1500 106.037 -52.1469 17.9001 0.853789 -0.894494 487.67 0 0
1500 56.6153 83.7829 17.867 0.0372718 1.34305 492.157 0 0
1500 85.7625 43.1161 17.9749 0.425705 0.733553 493.592 0 0
1500 71.5438 -65.0123 17.8001 0.245252 -1.01119 496.603 0 0
1500 120.328 -10.1756 17.8041 0.948362 -0.201384 497.646 0 0
1500 115.04 14.313 17.809 0.863159 0.151912 498.333 0 0
1500 117.964 24.3638 17.8024 0.951326 0.311221 494.947 0 0
1500 82.7915 -61.0232 17.9252 0.431343 -0.953382 496.892 0 0
1500 49.5004 -65.397 17.8222 -0.10405 -1.0416 497.581 0 0
1500 113.203 -17.4526 17.8316 0.812033 -0.318289 500.034 0 0
1500 44.1093 -12.2823 17.8505 -0.173437 -0.238492 501.715 0 0
1500 31.0811 47.5381 17.8841 -0.438253 0.803093 495.414 0 0
1500 165.557 -12.289 17.9417 1.82026 -0.24961 492.059 0 0
1500 39.9786 48.1858 17.8728 -0.246099 0.755705 501.165 0 0
1500 54.7749 27.6687 17.9469 -0.10963 0.454544 496.443 0 0
1500 44.7212 -32.9274 17.9445 -0.264832 -0.483798 496.611 0 0
1500 57.0393 -34.8503 17.8265 -0.081609 -0.585736 497.88 0 0
1500 62.6851 -58.4199 17.8147 0.00570112 -0.878393 503.286 0 0
1500 33.8073 -61.0803 17.8059 -0.424444 -0.95229 500.67 0 0
1500 101.08 44.7762 17.8908 0.727811 0.688709 500.731 0 0
1500 102.545 -7.80257 17.8689 0.692462 -0.0715031 507.216 0 0
1500 113.261 -66.7138 17.9502 0.906953 -1.11772 502.88 0 0
1500 23.1022 -70.7699 17.8944 -0.63365 -1.11416 502.249 0 0
1500 103.3 19.129 17.8673 0.785545 0.310601 508.041 0 0
1500 18.8925 51.7984 17.8259 -0.563472 0.848516 511.394 0 0
1500 49.9147 8.81258 17.8534 -0.102369 0.212592 508.566 0 0
1500 21.369 52.8616 17.8262 -0.526932 0.865479 511.316 0 0
