Total number of secondary electrons: 2021
1500 106.788 -0.194887 15.6384 1.00225 -0.0144619 254.122 0 0
1500 127.854 0.311566 15.1573 1.18017 -0.012896 261.92 0 0
1500 104.553 7.40306 16.729 1.04563 0.0792849 262.298 0 0
1500 126.649 -5.63642 16.4565 1.41912 -0.117643 262.292 0 0
1500 95.2621 5.84478 16.1063 0.760065 0.0382819 269.078 0 0
1500 98.5179 -13.8191 13.8475 0.548167 -0.132681 271.395 0 0
1500 102.779 -2.64334 14.0986 0.623907 -0.0158424 272.461 0 0
1500 39.7974 45.3006 13.9852 -0.27135 0.586972 275.439 0 0
1500 21.0238 13.9664 14.0008 -0.513664 0.171899 275.641 0 0
1500 92.2666 8.73055 16.3184 0.70494 0.0796224 278.231 0 0
1500 75.1218 -1.09418 14.9983 0.329663 -0.0468627 279.464 0 0
1500 80.038 -2.8366 16.5353 0.516929 -0.0312243 282.473 0 0
1500 88.9053 -4.33188 15.6418 0.557958 -0.000555413 282.976 0 0
1500 80.2435 17.5141 14.4813 0.323713 0.187906 284.39 0 0
1500 81.9511 8.11005 14.4794 0.34063 0.0936841 284.443 0 0
1500 85.0596 -1.77463 16.6156 0.630605 0.0178272 285.101 0 0
1500 56.5869 17.5314 14.0799 -0.000431264 0.263368 285.794 0 0
1500 103.894 -26.2326 15.1047 0.824188 -0.50222 286.069 0 0
1500 109.151 60.0501 14.0054 0.592853 0.733017 289.238 0 0
1500 31.6685 -75.9394 13.9825 -0.353581 -0.889225 290.789 0 0
1500 85.6105 8.31998 15.9797 0.575367 0.10386 292.242 0 0
1500 19.0137 -60.669 14.0593 -0.502849 -0.792996 292.454 0 0
1500 -8.60451 63.6656 14.0085 -0.79186 0.683041 293.046 0 0
1500 105.342 16.2607 15.1642 0.770274 0.270572 295.109 0 0
1500 78.5084 -18.4905 14.6689 0.284047 -0.276709 296.371 0 0
1500 130.283 32.1345 14.9952 1.13617 0.533186 296.86 0 0
1500 89.4455 18.1368 15.6757 0.577856 0.285669 297.415 0 0
1500 49.6338 5.2257 14.6361 -0.114164 0.0509016 297.949 0 0
1500 86.2173 -5.3096 15.8486 0.551385 -0.0688255 298.588 0 0
1500 44.6929 24.0681 14.9391 -0.181237 0.308019 299.171 0 0
1500 62.8168 28.6124 14.6584 0.121215 0.407286 300.372 0 0
1500 111.465 0.255192 14.6248 0.727166 0.0445199 300.441 0 0
1500 81.2265 3.27381 15.1933 0.360261 0.00632217 300.787 0 0
1500 72.9965 16.051 14.9016 0.201142 0.205907 300.971 0 0
1500 83.3824 -0.950313 15.6887 0.516891 -0.0133972 301.495 0 0
1500 56.3414 40.0554 14.5594 -0.0116437 0.546607 302.126 0 0
1500 78.7855 9.67019 14.6924 0.266663 0.167362 302.396 0 0
1500 75.0465 18.6615 14.6918 0.22083 0.276851 302.47 0 0
1500 83.3163 -1.82004 15.8448 0.509274 -0.0661134 303.402 0 0
1500 -4.89959 34.0056 14.3076 -0.808082 0.368848 303.73 0 0
1500 102.31 -9.9333 15.9053 0.867358 -0.198155 304.942 0 0
1500 55.6385 -46.6875 14.7684 -0.0169155 -0.649069 306.218 0 0
1500 89.6739 7.11065 16.8354 0.758127 0.134453 306.942 0 0
1500 111.131 -7.89214 16.2097 1.06717 -0.108338 307.719 0 0
1500 83.309 4.38723 15.8169 0.532608 0.0319946 308.089 0 0
1500 71.8428 -3.65396 14.8253 0.265986 -0.0214738 310.012 0 0
1500 101.703 0.63219 14.9855 0.668369 0.0340827 310.116 0 0
1500 88.214 34.1704 14.4885 0.45703 0.436219 310.612 0 0
1500 96.6454 11.9932 14.9649 0.552338 0.204726 312.254 0 0
1500 111.814 36.0915 14.235 0.710195 0.42218 313.033 0 0
1500 64.5675 24.6765 14.4299 0.0780421 0.314548 313.561 0 0
1500 88.9478 25.1731 14.548 0.398046 0.398477 313.997 0 0
1500 84.4728 -13.2824 15.6652 0.49049 -0.199974 314.337 0 0
1500 43.5295 -14.0879 14.583 -0.245737 -0.243066 314.536 0 0
1500 77.7227 -11.3056 16.0649 0.432224 -0.138806 314.578 0 0
1500 51.6847 2.15779 14.2379 -0.0956132 0.0861608 314.648 0 0
1500 88.3526 -4.92835 16.1832 0.632433 -0.0536517 315.217 0 0
1500 59.0528 47.0374 14.3595 0.0444586 0.625419 315.488 0 0
1500 -7.91523 12.4441 14.5852 -0.917258 0.202293 315.598 0 0
1500 25.4686 33.3956 14.2787 -0.413371 0.465167 315.774 0 0
1500 101.314 30.8575 14.372 0.552905 0.428119 315.829 0 0
1500 62.1866 -56.1081 14.6234 0.0635219 -0.81195 315.83 0 0
1500 119.978 -0.0754972 16.2988 1.22926 -0.0113643 315.931 0 0
1500 95.3513 -37.2353 14.7848 0.542581 -0.522936 316.003 0 0
1500 104.065 -12.1675 14.4557 0.629214 -0.126734 316.528 0 0
1500 76.0762 -7.17861 14.7265 0.287368 -0.142817 316.598 0 0
1500 98.7757 8.11733 14.4867 0.570034 0.109191 317.054 0 0
1500 63.7444 -52.4849 14.4087 0.098286 -0.690351 317.103 0 0
1500 79.2952 12.8005 16.2899 0.499468 0.215522 317.331 0 0
1500 91.4942 5.85864 15.1972 0.542336 0.0936545 317.722 0 0
1500 46.2259 41.1312 14.3684 -0.178258 0.557068 317.699 0 0
1500 94.2489 2.66289 15.481 0.574919 0.0839722 317.897 0 0
1500 83.5942 26.4507 14.817 0.323552 0.361157 318.204 0 0
1500 6.03778 60.1141 14.3959 -0.627815 0.763541 318.659 0 0
1500 82.1209 5.19046 16.1638 0.527038 0.0480099 320.258 0 0
1500 87.3665 23.8371 15.377 0.450298 0.371628 320.274 0 0
1500 71.2597 1.38435 15.4543 0.283565 -0.000530794 321.02 0 0
1500 78.7177 0.891716 15.6099 0.366415 0.0686064 321.164 0 0
1500 39.538 -35.8669 15.212 -0.235719 -0.538376 321.379 0 0
1500 -12.08 52.2487 14.6493 -0.814393 0.649952 321.421 0 0
1500 22.4671 78.7719 14.6614 -0.42037 0.950645 321.546 0 0
1500 97.0863 87.7008 14.8645 0.544359 1.17662 321.542 0 0
1500 108.311 17.6615 15.1497 0.717819 0.245605 321.89 0 0
1500 84.1922 11.6317 16.9145 0.573914 0.184141 322.193 0 0
1500 75.8702 -8.00884 15.3007 0.292228 -0.155498 322.374 0 0
1500 52.7446 22.4263 15.2815 -0.0593575 0.420805 322.514 0 0
1500 103.374 -62.4015 14.9414 0.5713 -0.82951 322.972 0 0
1500 98.0656 -3.6003 15.5953 0.603319 -0.081824 324.775 0 0
1500 42.1838 73.7825 14.9713 -0.178331 0.953627 324.765 0 0
1500 75.8155 -12.1107 16.3106 0.366686 -0.191918 324.808 0 0
1500 53.7624 -45.8986 15.1197 -0.0151017 -0.632463 324.962 0 0
1500 85.577 3.4029 16.986 0.567775 -0.0230434 325.487 0 0
1500 88.3554 2.95404 15.4335 0.41371 0.0431011 325.523 0 0
1500 84.4913 -3.75581 15.4443 0.372699 -0.027363 325.629 0 0
1500 24.0117 32.4795 15.2057 -0.470335 0.426177 325.802 0 0
1500 29.1589 35.437 15.1852 -0.413994 0.490269 326.282 0 0
1500 90.6576 8.00395 15.3532 0.414859 0.102784 327.159 0 0
1500 79.3199 22.9449 15.5839 0.271398 0.330573 327.328 0 0
1500 79.287 -11.6021 15.38 0.292746 -0.10603 327.427 0 0
1500 55.2541 38.1966 15.4643 -0.0399175 0.533817 327.658 0 0
1500 -4.75021 -49.232 15.2503 -0.771886 -0.658984 327.977 0 0
1500 121.351 18.7473 16.5638 1.09155 0.292931 328.002 0 0
1500 113.091 8.64328 17.0755 1.06418 0.110645 328.291 0 0
1500 54.3687 12.6711 15.5532 -0.0474457 0.214114 328.314 0 0
1500 33.4114 -21.2191 15.3508 -0.295954 -0.334715 328.402 0 0
1500 88.4502 -6.71583 16.7411 0.608372 -0.204732 328.653 0 0
1500 6.58525 14.3836 15.368 -0.676596 0.223618 328.928 0 0
1500 49.1216 67.1299 15.5102 -0.114374 0.885422 329.116 0 0
1500 57.0723 9.98019 16.4101 0.0324514 0.219007 329.542 0 0
1500 69.3182 8.17329 16.1552 0.229177 0.180557 329.644 0 0
1500 64.034 -19.3199 16.1808 0.111913 -0.245199 329.679 0 0
1500 50.2433 11.5426 15.5295 -0.104688 0.17008 329.761 0 0
1500 123.643 -3.19136 15.4672 0.843277 -0.101197 330.109 0 0
1500 82.9757 -34.7561 15.5541 0.31546 -0.5045 330.386 0 0
1500 50.6197 36.2437 15.6828 -0.122223 0.487113 330.497 0 0
1500 88.5258 22.6988 16.1676 0.446057 0.331811 330.506 0 0
1500 100.257 12.1033 15.6621 0.595783 0.186012 330.565 0 0
1500 80.2965 47.6348 15.5253 0.31045 0.689442 330.777 0 0
1500 15.9045 22.3854 15.7092 -0.559049 0.309694 330.946 0 0
1500 67.2356 0.639887 16.0761 0.190071 0.0689792 330.963 0 0
1500 113.748 4.82519 15.7033 0.749809 0.0949572 331.86 0 0
1500 74.524 8.06474 17.2568 0.388726 0.142239 331.908 0 0
1500 81.9325 -12.0293 15.9011 0.339208 -0.170979 331.959 0 0
1500 93.9777 40.1785 16.5301 0.656232 0.682931 332.061 0 0
1500 44.8279 -30.538 15.5691 -0.183457 -0.384666 333.305 0 0
1500 98.5307 33.1964 16.8294 0.756443 0.551441 333.379 0 0
1500 -41.2881 -135.464 15.6834 -1.34769 -1.95113 333.545 0 0
1500 132.236 37.1855 15.5854 0.917504 0.504275 333.903 0 0
1500 107.003 0.567 17.4751 0.906397 0.00131613 334.658 0 0
1500 84.2019 -18.4189 16.2355 0.391586 -0.230715 334.792 0 0
1500 55.6359 21.7266 15.66 0.0178182 0.274358 336.362 0 0
1500 147.333 -4.80753 15.6819 1.18395 -0.0693986 336.746 0 0
1500 133.869 -14.0495 16.2189 1.18438 -0.179713 336.793 0 0
1500 44.9082 -14.2469 15.8609 -0.206358 -0.267927 336.842 0 0
1500 90.6841 0.170794 15.9504 0.428999 -0.0399824 337.208 0 0
1500 72.777 26.3859 15.8361 0.263793 0.357787 337.205 0 0
1500 129.63 37.4259 15.7308 0.884152 0.519765 337.26 0 0
1500 98.604 -56.5385 16.0491 0.635749 -0.874546 337.249 0 0
1500 25.0186 -27.0555 15.9114 -0.424373 -0.394363 337.732 0 0
1500 71.3863 -38.2075 15.7167 0.225865 -0.517178 337.777 0 0
1500 9.95031 -86.6496 15.7919 -0.634065 -1.22408 337.766 0 0
1500 109.694 27.0282 16.4665 0.794343 0.421593 337.927 0 0
1500 41.7092 -19.1351 15.7995 -0.167234 -0.271804 338.774 0 0
1500 67.3063 -72.9405 15.8553 0.135621 -0.958276 338.958 0 0
1500 48.6729 61.5256 15.8738 -0.0821355 0.826608 339.023 0 0
1500 137.024 8.99392 15.8949 1.07502 0.128408 339.255 0 0
1500 92.8637 0.941322 16.7979 0.588661 0.0604112 339.529 0 0
1500 81.1584 2.36163 17.3518 0.524436 0.0907749 339.589 0 0
1500 107.305 -36.1668 15.7875 0.621695 -0.51818 339.603 0 0
1500 98.7732 -36.1747 15.7999 0.566276 -0.540222 339.648 0 0
1500 81.4719 -1.38734 17.4559 0.516889 0.03528 340.444 0 0
1500 107.556 66.8925 15.7909 0.612169 0.842389 340.648 0 0
1500 129.818 -10.2733 17.1159 1.31544 -0.120383 340.82 0 0
1500 -16.5658 -22.351 15.7743 -0.96947 -0.303513 340.86 0 0
1500 6.63863 -57.9914 15.8239 -0.672051 -0.749587 340.955 0 0
1500 79.3969 0.41064 17.3479 0.483063 -0.0451412 341.022 0 0
1500 67.9209 5.07 16.407 0.20481 0.125001 341.425 0 0
1500 100.305 -10.4995 15.9211 0.611547 -0.109432 341.521 0 0
1500 121.247 40.6701 17.0546 1.17393 0.764695 341.514 0 0
1500 74.5108 -31.3707 16.2042 0.209981 -0.432273 341.645 0 0
1500 61.1308 -14.0212 16.2946 0.120062 -0.209715 342.212 0 0
1500 81.9143 30.7955 16.2811 0.409203 0.419037 342.282 0 0
1500 74.2562 7.40757 17.9057 0.437353 0.175455 342.51 0 0
1500 16.6268 36.1521 15.8953 -0.581099 0.427724 343.081 0 0
1500 43.7491 20.1321 16.0955 -0.157379 0.324068 343.544 0 0
1500 115.554 -40.206 16.0015 0.778598 -0.53418 343.82 0 0
1500 87.6133 6.20763 17.669 0.585185 0.124163 344.093 0 0
1500 74.7049 20.9881 16.4656 0.295887 0.342035 344.075 0 0
1500 92.2387 16.4962 16.6874 0.554948 0.31219 344.386 0 0
1500 108.078 -5.06796 16.4902 0.746556 -0.0618034 344.535 0 0
1500 82.0878 -67.0352 16.014 0.357273 -0.876803 344.76 0 0
1500 64.8393 -14.0145 16.7616 0.14355 -0.202758 344.834 0 0
1500 115.132 -57.5793 16.0268 0.730505 -0.727819 344.836 0 0
1500 97.2647 2.84235 17.9065 0.742655 0.0286207 345.098 0 0
1500 65.5782 33.8592 16.0305 0.033253 0.456472 345.217 0 0
1500 36.0322 -11.2236 16.3993 -0.288799 -0.219069 345.23 0 0
1500 5.27617 -25.2536 16.0663 -0.749933 -0.298071 345.573 0 0
1500 52.2665 -37.0513 16.6704 -0.0472431 -0.612846 345.692 0 0
1500 128.784 -27.1046 16.0696 0.928634 -0.382433 345.974 0 0
1500 120.523 2.94022 16.1723 0.859937 0.0750084 346.533 0 0
1500 126.044 -24.2412 16.1436 0.85554 -0.297999 346.736 0 0
1500 138.631 3.04667 16.1246 1.04039 -0.0058982 346.836 0 0
1500 95.0518 -9.40282 16.5059 0.579251 -0.0993302 347.53 0 0
1500 279.092 -166.778 16.3367 3.23035 -2.38049 347.621 0 0
1500 64.3603 15.5945 16.6615 0.148254 0.221334 347.963 0 0
1500 93.2822 21.8723 16.6456 0.563997 0.30273 348.262 0 0
1500 26.679 15.6938 16.666 -0.462385 0.23865 348.328 0 0
1500 -1.88468 42.7682 16.2365 -0.812489 0.547386 348.819 0 0
1500 72.9807 15.0611 17.0557 0.313735 0.251101 348.862 0 0
1500 62.9031 -7.08906 17.6383 0.141212 -0.209097 349.095 0 0
1500 59.4654 -66.4103 16.4115 0.033948 -0.911202 349.348 0 0
1500 178.643 33.3308 16.3907 1.65185 0.477332 349.455 0 0
1500 92.3305 10.959 16.3494 0.509386 0.104844 349.669 0 0
1500 88.4113 -3.0062 17.726 0.666788 -0.0896005 349.887 0 0
1500 71.9601 -7.24388 16.5158 0.173334 -0.152317 349.903 0 0
1500 88.8807 -9.47938 18.251 0.647506 -0.130931 350.109 0 0
1500 105.461 -105.425 16.5348 0.629152 -1.57742 350.476 0 0
1500 88.4751 -46.5315 16.6213 0.407203 -0.710974 350.687 0 0
1500 89.9128 29.0288 16.418 0.382782 0.370236 350.755 0 0
1500 54.9227 4.81216 16.8365 -0.0171694 0.117201 350.971 0 0
1500 87.2882 0.350097 16.8247 0.479451 -0.0375381 351.257 0 0
1500 121.831 13.5654 16.4315 0.880287 0.136322 351.336 0 0
1500 101.095 0.251943 16.546 0.640564 -0.0217002 351.341 0 0
1500 66.9444 31.5397 16.8596 0.138166 0.461537 351.478 0 0
1500 -10.7159 -9.21873 16.665 -0.994618 -0.192408 351.562 0 0
1500 100.111 -52.6647 16.4497 0.596379 -0.717761 351.69 0 0
1500 82.3973 -0.553964 17.39 0.441839 0.0542331 351.777 0 0
1500 77.155 32.647 17.0024 0.289999 0.474182 351.847 0 0
1500 78.686 -85.5872 16.5837 0.342714 -1.19723 352.156 0 0
1500 132.551 23.7237 17.5217 1.40497 0.404524 352.594 0 0
1500 66.423 -120.745 16.5363 0.120589 -1.63637 352.783 0 0
1500 20.3392 105.753 16.5442 -0.490626 1.4718 352.829 0 0
1500 84.6199 4.69916 16.622 0.414841 0.121247 352.959 0 0
1500 87.6539 1.73791 17.8676 0.520907 0.0325242 353.079 0 0
1500 90.1866 -60.4873 16.5279 0.482587 -0.859844 353.117 0 0
1500 111.363 43.5896 16.5738 0.753275 0.575226 353.422 0 0
1500 104.527 -24.9272 16.7261 0.726782 -0.414141 353.617 0 0
1500 58.5805 0.136024 16.8185 0.0456254 0.0570853 353.678 0 0
1500 47.2499 -44.0048 16.6058 -0.198847 -0.614698 354.177 0 0
1500 108.325 58.0539 16.6403 0.634039 0.800218 355.22 0 0
1500 83.6917 2.02157 18.2787 0.552937 -0.0372446 356.142 0 0
1500 61.4149 -31.8226 17.0106 0.0210362 -0.442003 356.863 0 0
1500 52.7391 -52.5938 16.8464 -0.0689937 -0.810529 357.015 0 0
1500 98.2914 9.34575 17.7591 0.68861 0.140052 357.068 0 0
1500 89.3048 49.291 16.7658 0.465237 0.697713 357.265 0 0
1500 102.713 -21.3705 18.5847 0.957402 -0.458325 357.286 0 0
1500 90.0528 -15.93 17.1686 0.590085 -0.230109 357.533 0 0
1500 62.4922 -9.41135 17.3708 0.106843 -0.178616 357.766 0 0
1500 102.324 -34.1193 17.826 0.865181 -0.620955 357.799 0 0
1500 101.547 -22.0778 16.8798 0.647736 -0.309236 358.006 0 0
1500 110.902 -0.914557 17.2314 0.823837 0.0494336 358.171 0 0
1500 107.645 -14.2267 16.8794 0.726274 -0.205641 358.171 0 0
1500 25.1199 33.3448 16.8652 -0.4212 0.50726 358.592 0 0
1500 123.581 44.5497 17.0156 1.03843 0.698404 358.842 0 0
1500 65.2091 -20.2199 16.8168 0.13415 -0.274167 358.908 0 0
1500 85.3206 -8.84006 18.6836 0.612091 -0.143051 358.92 0 0
1500 74.0174 65.8395 16.7514 0.23533 0.913415 358.98 0 0
1500 92.3335 -12.675 17.6554 0.598391 -0.191504 359.093 0 0
1500 118.706 -7.6228 17.7513 1.09313 -0.0962566 359.136 0 0
1500 88.1274 8.21338 17.7233 0.507713 0.0799892 359.41 0 0
1500 81.3644 3.61198 17.6437 0.411752 0.0131231 359.505 0 0
1500 19.5475 -53.9183 16.7842 -0.48486 -0.768199 360.01 0 0
1500 96.8216 -12.945 17.2188 0.606363 -0.205144 360.224 0 0
1500 130.062 -18.5555 16.8627 0.990513 -0.254765 360.454 0 0
1500 58.6528 -11.6174 17.0775 -0.0128088 -0.125408 360.519 0 0
1500 53.3717 -50.7374 16.8806 -0.121976 -0.778321 360.507 0 0
1500 91.5401 -25.2082 17.4174 0.553223 -0.402115 360.652 0 0
1500 55.1003 23.5316 17.4207 -0.0254759 0.361867 360.962 0 0
1500 128.391 -30.9154 16.7753 0.920742 -0.458528 361.487 0 0
1500 184.263 -58.7631 16.7833 1.74915 -0.766893 361.562 0 0
1500 105.508 29.8427 17.2587 0.820587 0.432284 361.577 0 0
1500 100.966 50.6686 16.8134 0.595137 0.724779 361.653 0 0
1500 47.1914 52.0997 16.8781 -0.19604 0.800007 361.704 0 0
1500 33.2608 -5.55229 17.4551 -0.36715 -0.0723152 362.139 0 0
1500 72.0843 10.0051 17.0454 0.244593 0.0883193 362.492 0 0
1500 65.8028 20.1422 18.0836 0.223289 0.372709 362.512 0 0
1500 85.4641 -5.67934 17.6472 0.506235 -0.120321 362.542 0 0
1500 86.1953 6.15373 17.1314 0.455051 0.0228436 362.793 0 0
1500 91.9587 -15.6931 17.2374 0.57011 -0.183407 362.842 0 0
1500 89.1281 -26.0837 17.3157 0.530316 -0.378365 362.85 0 0
1500 80.9986 25.8984 17.3809 0.424884 0.46291 362.839 0 0
1500 87.1562 -5.3243 17.2713 0.516877 -0.0611857 362.871 0 0
1500 68.719 -21.6431 17.6984 0.17851 -0.417947 362.975 0 0
1500 91.6905 -18.1955 17.3446 0.579092 -0.232853 362.998 0 0
1500 79.6651 -6.64175 17.4319 0.366711 -0.07617 363.072 0 0
1500 89.4382 17.0585 17.1853 0.535183 0.211502 363.09 0 0
1500 63.6284 59.3569 16.821 0.115234 0.847221 363.401 0 0
1500 78.2631 -35.9304 17.1653 0.353868 -0.535574 363.453 0 0
1500 70.8282 -4.22985 16.8892 0.121011 -0.0882985 363.611 0 0
1500 76.3733 -13.2918 17.4737 0.323691 -0.19462 363.652 0 0
1500 109.562 6.7166 17.3743 0.804363 0.0916804 363.779 0 0
1500 83.5063 -15.8412 17.1295 0.379434 -0.282127 363.769 0 0
1500 79.3479 -42.5534 17.1832 0.307045 -0.63079 364.079 0 0
1500 91.6397 -33.1074 17.0652 0.467077 -0.552829 364.184 0 0
1500 61.4615 -8.87103 17.4063 0.0660173 -0.159708 364.294 0 0
1500 86.8524 -11.3602 17.6957 0.543253 -0.170604 364.386 0 0
1500 98.5398 36.2256 17.0278 0.576946 0.554805 364.748 0 0
1500 94.0851 -36.4249 16.9888 0.488591 -0.555306 364.955 0 0
1500 129.757 -23.7797 17.0772 1.13012 -0.319541 365.093 0 0
1500 98.3513 36.6964 16.9166 0.617413 0.469865 365.503 0 0
1500 33.2996 17.3323 17.2627 -0.372582 0.284862 365.692 0 0
1500 117.218 47.6636 16.8894 0.809163 0.664191 365.698 0 0
1500 46.1366 -31.0666 17.2152 -0.22718 -0.522368 365.974 0 0
1500 58.158 -53.3149 16.9585 0.0185701 -0.703772 366.153 0 0
1500 94.2555 8.98322 17.4016 0.609299 0.145925 366.151 0 0
1500 80.6347 -21.0092 17.4752 0.360209 -0.351827 366.171 0 0
1500 76.817 49.8425 17.2155 0.2608 0.795487 366.276 0 0
1500 80.2617 -11.2024 17.1854 0.37085 -0.214311 366.424 0 0
1500 78.4979 -8.6163 18.2882 0.464936 -0.162416 366.556 0 0
1500 32.5922 -37.9822 17.1715 -0.424735 -0.55898 366.542 0 0
1500 77.3924 18.5425 17.1338 0.240108 0.27782 366.596 0 0
1500 52.0765 17.3686 17.4103 -0.0424969 0.292012 366.624 0 0
1500 87.6181 -3.95069 17.4093 0.526311 -0.0604989 366.886 0 0
1500 75.0094 9.50042 17.8856 0.38008 0.179 366.998 0 0
1500 78.3817 60.6756 17.302 0.320279 1.06672 367 0 0
1500 51.2508 76.0482 16.97 -0.0601024 1.10717 367.122 0 0
1500 131.278 24.4836 16.9819 0.975634 0.380094 367.148 0 0
1500 101.233 -18.4803 17.6412 0.697852 -0.292865 367.257 0 0
1500 79.9614 -41.8904 17.2094 0.362446 -0.629821 367.278 0 0
1500 109.449 -22.3802 17.4638 0.838605 -0.356555 367.267 0 0
1500 127.968 16.4594 16.9828 0.994734 0.189491 367.424 0 0
1500 68.5988 68.1808 17.0691 0.167892 0.996524 367.542 0 0
1500 54.5988 -29.2381 17.0873 -0.0107622 -0.470881 367.78 0 0
1500 78.2073 -4.02492 17.3801 0.331926 0.0130862 367.814 0 0
1500 72.1089 1.44441 17.9298 0.31147 -0.0135104 367.845 0 0
1500 111.801 -39.8413 17.0317 0.734568 -0.525344 368.037 0 0
1500 79.727 60.6794 16.9894 0.353506 0.85675 368.122 0 0
1500 104.048 -11.9645 17.5617 0.750436 -0.165968 368.142 0 0
1500 63.9143 17.2499 17.5018 0.124731 0.258751 368.389 0 0
1500 62.1753 -26.9352 17.5937 0.141595 -0.504227 368.541 0 0
1500 39.6554 -38.629 17.3225 -0.275014 -0.611796 368.641 0 0
1500 60.2025 -6.08513 17.1545 0.0948048 -0.0773324 368.733 0 0
1500 140.165 24.3986 17.125 1.22889 0.334659 368.79 0 0
1500 131.642 -29.6384 17.2221 1.11473 -0.464351 368.876 0 0
1500 28.7769 46.2387 17.1333 -0.368656 0.699006 368.986 0 0
1500 48.7618 -20.5049 17.3049 -0.228575 -0.34747 369.337 0 0
1500 78.3849 11.5819 18.4356 0.485825 0.219316 369.342 0 0
1500 154.251 55.7993 17.0865 1.38319 0.738443 369.37 0 0
1500 42.7414 85.3634 17.251 -0.203636 1.2967 369.399 0 0
1500 105.686 13.4669 17.2688 0.738522 0.154714 369.518 0 0
1500 70.8995 14.5031 17.6481 0.260169 0.202715 369.588 0 0
1500 83.6645 36.5425 17.435 0.37236 0.561578 369.694 0 0
1500 74.9329 -35.2406 17.4457 0.27545 -0.581502 369.924 0 0
1500 83.1809 12.0625 17.5766 0.391294 0.184713 370.026 0 0
1500 72.0678 7.7156 17.6469 0.259839 0.0507204 370.133 0 0
1500 46.0683 -0.498223 18.0822 -0.174721 0.0122995 370.131 0 0
1500 37.2858 -65.4953 17.1106 -0.238743 -0.941167 370.235 0 0
1500 59.7867 17.9184 17.4895 0.0754148 0.372134 370.284 0 0
1500 81.8316 24.6208 17.6547 0.369027 0.394794 370.35 0 0
1500 88.431 -0.198703 17.3556 0.497062 0.0491663 370.392 0 0
1500 68.8071 20.3577 17.2507 0.139696 0.307924 370.491 0 0
1500 79.7367 -4.98225 17.8163 0.41133 -0.00496309 370.473 0 0
1500 89.7555 5.05204 17.2614 0.520128 0.0374189 370.542 0 0
1500 120.981 43.0638 17.1808 0.874095 0.599653 370.774 0 0
1500 118.369 -22.4559 17.2508 0.901282 -0.278271 370.774 0 0
1500 20.8299 -73.2102 17.3249 -0.535165 -1.2179 370.768 0 0
1500 100.952 24.363 17.4509 0.755257 0.385662 370.91 0 0
1500 97.3898 41.9107 17.1505 0.595697 0.618377 371.029 0 0
1500 69.1178 25.3745 17.2892 0.11157 0.385378 371.141 0 0
1500 58.708 -73.8792 17.1963 0.0442534 -1.04103 371.309 0 0
1500 76.7797 2.99507 17.8659 0.346663 0.0692279 371.317 0 0
1500 95.5825 10.3935 17.3109 0.550508 0.229581 371.31 0 0
1500 104.33 25.886 17.3678 0.68975 0.413217 371.53 0 0
1500 93.554 -12.7155 17.637 0.605094 -0.202443 371.636 0 0
1500 68.5729 0.510581 17.413 0.13732 -0.0479748 371.651 0 0
1500 73.3028 1.96686 18.0721 0.321535 0.0603021 371.762 0 0
1500 59.0931 -4.64027 17.3526 -0.0242398 -0.0980842 371.951 0 0
1500 94.0651 13.6509 17.525 0.605591 0.171933 372.141 0 0
1500 90.0268 38.1662 17.1633 0.395156 0.541373 372.145 0 0
1500 47.3115 -21.1956 17.4836 -0.170031 -0.430737 372.207 0 0
1500 100.172 -14.2995 17.3554 0.673364 -0.197362 372.461 0 0
1500 85.8952 11.5255 18.9784 0.575545 0.189152 372.544 0 0
1500 82.4288 -7.98502 17.33 0.392145 -0.174611 372.572 0 0
1500 28.8417 -28.293 17.1927 -0.481587 -0.406949 372.603 0 0
1500 63.0203 -33.6859 17.2675 0.106565 -0.538017 372.643 0 0
1500 123.769 30.5374 17.6729 1.21925 0.545421 372.777 0 0
1500 92.7391 6.55009 17.7046 0.582414 0.0593362 372.879 0 0
1500 80.9183 -12.4052 17.5904 0.365371 -0.191772 373.155 0 0
1500 66.3112 29.8694 17.7136 0.178869 0.475202 373.135 0 0
1500 49.1486 32.9141 17.4679 -0.136795 0.508738 373.199 0 0
1500 9.41831 -32.5857 17.2118 -0.731176 -0.485672 373.292 0 0
1500 80.0322 -15.1316 18.2847 0.389768 -0.250333 373.395 0 0
1500 108.806 -52.8049 17.3411 0.749667 -0.790372 373.642 0 0
1500 141.279 -76.6738 17.2103 1.23795 -1.07048 373.754 0 0
1500 85.8067 -62.7759 17.3328 0.4245 -0.902456 373.796 0 0
1500 80.4743 5.39403 17.7458 0.382094 0.142885 374.472 0 0
1500 4.41583 -43.6753 17.2449 -0.78727 -0.628528 374.491 0 0
1500 64.6179 -17.2916 18.0091 0.125039 -0.255643 374.506 0 0
1500 77.8468 -5.01555 18.6397 0.402692 -0.109175 374.582 0 0
1500 40.6803 -23.7391 17.259 -0.307066 -0.389008 374.658 0 0
1500 79.2743 25.6835 17.9385 0.415704 0.467389 374.664 0 0
1500 86.4365 -8.66205 17.9453 0.458743 -0.149335 374.689 0 0
1500 93.6339 -43.8475 17.3294 0.552944 -0.656698 374.755 0 0
1500 82.8258 18.7336 18.2695 0.530527 0.294437 374.801 0 0
1500 66.8551 1.75818 17.3352 0.203816 0.0374088 374.971 0 0
1500 54.6708 8.40204 17.5066 -0.0323556 0.189703 375.034 0 0
1500 43.6245 -20.9592 17.4972 -0.274704 -0.336519 375.288 0 0
1500 113.51 6.65178 17.6198 0.898784 0.0645246 375.327 0 0
1500 55.2998 36.0367 17.5148 0.0105511 0.574761 375.385 0 0
1500 67.2168 -26.0762 17.4014 0.078351 -0.408134 375.772 0 0
1500 101.665 -3.07196 17.4999 0.695037 -0.0850518 375.861 0 0
1500 63.4237 -12.1459 17.4453 0.119048 -0.241064 375.961 0 0
1500 68.5751 -25.4621 17.3798 0.20163 -0.428249 376.119 0 0
1500 101.618 -20.373 17.4142 0.61688 -0.326352 376.159 0 0
1500 66.3953 -24.0394 18.09 0.198723 -0.391906 376.267 0 0
1500 69.7914 0.606708 17.8108 0.213486 -0.05176 376.388 0 0
1500 23.5076 -48.3182 17.383 -0.474845 -0.747359 376.517 0 0
1500 69.4312 -2.88979 17.8468 0.25245 -0.10631 376.562 0 0
1500 55.1721 -5.84094 17.5044 -0.0997288 -0.114533 376.585 0 0
1500 2.96245 48.767 17.3259 -0.775326 0.700209 376.635 0 0
1500 63.7143 8.55037 17.511 0.031951 0.114567 376.64 0 0
1500 66.3272 12.6189 17.7084 0.150781 0.215082 376.676 0 0
1500 78.2883 -40.6841 17.9303 0.377197 -0.734756 376.687 0 0
1500 -25.0814 10.2744 17.5018 -1.38104 0.18844 376.929 0 0
1500 112.356 34.5686 17.5447 0.905364 0.63098 377.002 0 0
1500 104.02 -8.95445 17.4638 0.689 -0.192124 377.132 0 0
1500 8.68685 -25.0028 17.4216 -0.752326 -0.384986 377.145 0 0
1500 14.8954 22.3954 17.4411 -0.68352 0.394809 377.254 0 0
1500 82.8229 -40.0706 17.4661 0.389697 -0.629388 377.257 0 0
1500 63.6363 26.7517 18.3517 0.179088 0.54518 377.282 0 0
1500 124.951 11.8055 17.4312 0.994738 0.135571 377.346 0 0
1500 70.1715 37.1485 17.4708 0.23655 0.562687 377.345 0 0
1500 113.316 3.55177 17.3964 0.836052 -0.00718193 377.33 0 0
1500 124.47 -12.9026 17.4327 0.987329 -0.203523 377.405 0 0
1500 29.6829 -15.5397 17.6411 -0.501966 -0.204387 377.397 0 0
1500 77.7278 -33.0515 17.521 0.364085 -0.517819 377.568 0 0
1500 91.4759 -57.6332 17.4681 0.508679 -0.851589 377.579 0 0
1500 34.9714 -64.996 17.4095 -0.308931 -0.964817 377.723 0 0
1500 54.1675 -4.88409 17.8001 -0.067957 -0.0871318 377.735 0 0
1500 103.439 1.59659 17.99 0.894509 -0.0189075 377.708 0 0
1500 93.7709 16.971 18.0038 0.64356 0.238944 377.807 0 0
1500 82.9675 -14.7255 18.1537 0.418492 -0.263865 377.832 0 0
1500 89.4601 -52.4884 17.4075 0.491277 -0.798639 377.993 0 0
1500 29.1277 59.3935 17.3509 -0.385553 0.902577 378.073 0 0
1500 53.0781 -26.0492 17.4902 -0.0201197 -0.390513 378.185 0 0
1500 4.99907 8.24233 17.4516 -0.787353 0.18219 378.193 0 0
1500 100.199 11.851 17.5089 0.681217 0.218185 378.153 0 0
1500 61.8495 -65.175 17.3943 0.0600699 -0.989566 378.774 0 0
1500 125.061 -14.9728 17.4245 0.981909 -0.265459 378.873 0 0
1500 -6.89899 -0.651806 17.4049 -0.99041 0.0593948 378.956 0 0
1500 131.346 -22.1325 17.488 1.19119 -0.417869 379.003 0 0
1500 99.6074 -14.54 17.6232 0.65661 -0.256696 379.064 0 0
1500 82.7805 14.4647 18.0613 0.420427 0.259159 379.119 0 0
1500 69.9722 -31.2898 17.5952 0.255116 -0.504356 379.346 0 0
1500 119.451 -49.8372 17.4345 0.983264 -0.733797 379.411 0 0
1500 10.37 -52.0872 17.408 -0.659433 -0.7971 379.476 0 0
1500 111.888 -44.5095 17.5022 0.852537 -0.671509 379.576 0 0
1500 67.7023 -36.3494 17.7259 0.135938 -0.581912 379.599 0 0
1500 69.1611 27.2064 17.8654 0.254689 0.446806 379.682 0 0
1500 100.296 9.40146 17.7999 0.72067 0.159015 379.76 0 0
1500 112.12 -2.45779 17.678 0.860449 -0.0803309 380.013 0 0
1500 63.0827 -14.5753 17.5812 0.136668 -0.278012 380.086 0 0
1500 27.5168 73.0517 17.3893 -0.453309 1.0836 380.392 0 0
1500 108.032 -37.8268 17.9328 0.878253 -0.717121 380.522 0 0
1500 91.3413 -16.3312 18.6563 0.60428 -0.298831 380.561 0 0
1500 -6.97738 2.09515 17.4076 -0.913648 -0.0159624 380.672 0 0
1500 133.121 10.9056 17.4509 1.12351 0.123152 380.68 0 0
1500 49.1702 -19.0146 17.4545 -0.119258 -0.35327 380.665 0 0
1500 85.6339 -22.839 17.7109 0.413852 -0.335772 380.69 0 0
1500 53.6435 6.54422 17.4864 -0.0947729 0.130352 380.843 0 0
1500 134.063 2.89509 17.4852 1.20752 0.0939439 380.912 0 0
1500 100.981 -30.9051 17.7444 0.775789 -0.519555 380.931 0 0
1500 97.7466 -34.3164 17.5157 0.645803 -0.547643 381.085 0 0
1500 4.82608 43.888 17.4138 -0.732433 0.660705 381.174 0 0
1500 89.483 -24.556 17.7792 0.550028 -0.409095 381.187 0 0
1500 9.40097 -51.8333 17.4319 -0.681565 -0.784144 381.228 0 0
1500 14.3304 -45.0423 17.552 -0.65809 -0.709253 381.326 0 0
1500 83.8322 1.25106 18.0897 0.468028 -0.052452 381.44 0 0
1500 89.4727 -40.3863 17.5157 0.533108 -0.630641 381.459 0 0
1500 72.1597 -24.1152 18.0902 0.300467 -0.415285 381.525 0 0
1500 93.5478 -55.6068 17.5096 0.590705 -0.811733 381.662 0 0
1500 84.57 -63.5383 17.4467 0.394926 -0.931212 381.756 0 0
1500 51.5595 29.2382 17.6778 -0.123243 0.524966 381.914 0 0
1500 99.1287 0.885475 18.2058 0.742646 0.0324298 382.071 0 0
1500 74.0049 -63.1102 17.5273 0.294257 -0.951974 382.237 0 0
1500 86.1764 -54.9423 17.523 0.478481 -0.833437 382.347 0 0
1500 41.9951 -75.2558 17.5614 -0.332156 -1.23936 382.421 0 0
1500 89.1177 -54.9591 17.5249 0.519681 -0.831409 382.536 0 0
1500 96.5793 -1.38568 18.6541 0.732795 -0.0157058 382.605 0 0
1500 77.4599 39.1595 17.6634 0.319591 0.641432 382.673 0 0
1500 0.603978 -18.5171 17.4912 -0.84534 -0.344503 382.733 0 0
1500 88.1558 -44.8245 17.5309 0.442312 -0.645798 382.882 0 0
1500 49.1686 -145.611 17.4895 -0.142706 -2.33108 382.939 0 0
1500 66.6137 -26.184 17.5741 0.118575 -0.400617 383.014 0 0
1500 104.519 -33.7861 17.7164 0.768766 -0.517979 383.198 0 0
1500 74.3057 -3.9328 17.6468 0.253278 -0.106017 383.226 0 0
1500 80.2698 -2.27687 18.0647 0.464839 0.0269137 383.278 0 0
1500 67.879 -41.2754 17.5303 0.0981601 -0.669156 383.535 0 0
1500 109.469 64.698 17.5335 0.813292 1.05047 383.635 0 0
1500 55.3491 -40.9972 17.6986 -0.0674117 -0.716503 383.632 0 0
1500 85.4316 -15.3185 17.7113 0.459599 -0.311268 383.749 0 0
1500 41.6637 -49.0763 17.4918 -0.219824 -0.761446 383.765 0 0
1500 96.846 6.04685 17.8455 0.65945 0.0293227 383.769 0 0
1500 17.9505 11.063 17.5675 -0.599534 0.239801 383.809 0 0
1500 102.278 -45.1658 17.5754 0.659262 -0.75026 383.814 0 0
1500 103.376 -0.847117 17.8464 0.751502 -0.0713956 384.103 0 0
1500 40.5549 6.79792 17.5167 -0.32787 0.0593527 384.172 0 0
1500 9.98306 -21.7605 17.5322 -0.760055 -0.373275 384.236 0 0
1500 14.0944 -153.709 17.5467 -0.684915 -2.37053 384.236 0 0
1500 99.3845 12.6776 17.5082 0.609033 0.146588 384.296 0 0
1500 82.8515 -9.83093 17.842 0.474034 -0.168576 384.379 0 0
1500 46.3113 -26.3449 17.6271 -0.134049 -0.407493 384.415 0 0
1500 29.7014 -7.38109 17.516 -0.490796 -0.155737 384.476 0 0
1500 -8.69958 20.115 17.5437 -1.05029 0.318675 384.543 0 0
1500 96.1986 -83.7174 17.6126 0.55899 -1.32899 384.648 0 0
1500 56.8955 -0.104522 17.553 -0.00904883 -0.066376 384.635 0 0
1500 65.389 -58.0475 17.5111 0.05576 -0.906113 384.647 0 0
1500 58.2948 -28.1052 17.5283 -0.00604842 -0.435688 384.68 0 0
1500 -0.141052 12.6867 17.5116 -0.909865 0.137259 384.733 0 0
1500 40.9708 43.7567 17.5186 -0.288157 0.719962 384.778 0 0
1500 28.6958 -54.9796 17.5429 -0.389139 -0.869936 385.094 0 0
1500 89.816 2.26564 18.1495 0.565451 -0.0369266 385.017 0 0
1500 92.1401 11.2655 17.5193 0.527276 0.245154 385.154 0 0
1500 92.3473 4.87543 18.1476 0.567568 0.0559982 385.248 0 0
1500 55.5136 -49.0851 17.516 -0.0985037 -0.777856 385.3 0 0
1500 101.013 -45.3658 17.9249 0.833171 -0.804698 385.351 0 0
1500 80.3363 -20.9665 17.9653 0.352009 -0.331609 385.384 0 0
1500 80.9567 0.215537 17.8242 0.427741 0.0625276 385.466 0 0
1500 69.8183 -26.1862 17.8676 0.272454 -0.513633 385.49 0 0
1500 88.1058 -0.168163 17.8038 0.47775 0.0716417 385.701 0 0
1500 102.321 -42.0658 17.6312 0.708214 -0.667256 385.709 0 0
1500 73.4264 53.9117 17.6428 0.303728 0.835552 385.767 0 0
1500 107.505 -17.8226 18.1751 0.85571 -0.319009 385.86 0 0
1500 7.46197 -42.7503 17.5211 -0.783999 -0.667792 385.931 0 0
1500 73.6489 -0.362399 18.0163 0.313883 0.0665181 386.23 0 0
1500 75.7084 10.2292 17.7582 0.315798 0.159724 386.321 0 0
1500 49.8961 -68.1775 17.5253 -0.16864 -1.03011 386.322 0 0
1500 44.6954 42.3931 17.8033 -0.168739 0.700388 386.339 0 0
1500 65.7398 -22.2844 18.0689 0.15677 -0.34815 386.43 0 0
1500 54.4216 -19.7803 17.5486 -0.0386038 -0.336044 386.423 0 0
1500 45.0044 -6.44298 17.6073 -0.224022 -0.164943 386.458 0 0
1500 38.0063 -59.0482 17.6905 -0.290617 -0.927413 386.471 0 0
1500 66.2606 -14.0807 17.6072 0.0984288 -0.280728 386.479 0 0
1500 31.9056 59.3342 17.5717 -0.429152 0.910541 386.575 0 0
1500 84.0889 44.3304 17.8246 0.465589 0.707264 386.746 0 0
1500 51.3698 -22.8975 17.9443 -0.0816095 -0.346023 386.897 0 0
1500 102.956 2.34654 18.0515 0.78826 0.0593509 386.808 0 0
1500 79.6474 64.1327 17.5305 0.281148 0.994051 386.822 0 0
1500 86.3772 31.3836 18.2196 0.505665 0.537303 386.766 0 0
1500 92.798 -12.93 17.6061 0.497494 -0.261483 386.931 0 0
1500 110.7 18.7512 17.5465 0.845791 0.322852 387.015 0 0
1500 21.5023 -8.06395 17.606 -0.57549 -0.187875 387.041 0 0
1500 28.0796 -21.5948 17.606 -0.476365 -0.39118 387.071 0 0
1500 87.3821 -26.9012 17.6059 0.41485 -0.470726 387.101 0 0
1500 140.057 2.74531 18.7823 1.65101 0.0541156 387.17 0 0
1500 76.519 -28.8642 17.9128 0.377352 -0.476672 387.33 0 0
1500 102.366 42.9297 17.5191 0.696891 0.68842 387.409 0 0
1500 26.9196 -31.0982 17.6059 -0.491298 -0.531324 387.41 0 0
1500 -9.47146 4.8909 17.5281 -1.03778 0.028893 387.433 0 0
1500 26.1535 61.2468 17.5955 -0.452056 0.939332 387.465 0 0
1500 98.79 36.0256 17.5474 0.675606 0.562427 387.47 0 0
1500 25.55 -31.2098 17.6059 -0.511367 -0.532561 387.464 0 0
1500 31.9681 -39.3284 17.6055 -0.393621 -0.660024 387.543 0 0
1500 98.0001 -27.8817 17.6059 0.570968 -0.482573 387.499 0 0
1500 64.598 -46.492 17.606 0.0720304 -0.759822 387.561 0 0
1500 59.0783 6.18016 17.5799 -0.0115291 0.163813 387.718 0 0
1500 89.6942 -35.4009 17.8329 0.575347 -0.541184 387.752 0 0
1500 69.8839 -64.0009 17.6348 0.168468 -1.00016 387.765 0 0
1500 69.9212 -59.936 17.5798 0.180759 -0.898198 387.775 0 0
1500 90.3306 15.1397 17.5852 0.489094 0.30354 387.788 0 0
1500 113.969 8.00355 17.8215 0.914686 0.153459 387.809 0 0
1500 87.4596 -12.5474 17.6305 0.527835 -0.199209 387.805 0 0
1500 43.0824 8.6175 17.5794 -0.254377 0.200464 387.862 0 0
1500 88.3105 -5.41061 18.6125 0.609882 -0.134727 388.19 0 0
1500 30.2761 19.7293 17.5784 -0.445721 0.366629 388.32 0 0
1500 74.6775 -68.9477 17.5397 0.179771 -1.02661 388.454 0 0
1500 78.0669 -2.113 17.8636 0.36835 0.0458623 388.449 0 0
1500 67.2831 -2.52882 17.6579 0.224514 -0.015182 388.583 0 0
1500 110.257 62.9638 17.8414 0.962269 1.11026 388.641 0 0
1500 54.0143 5.66849 17.8237 -0.0997891 0.0728731 388.864 0 0
1500 60.0639 -1.47462 17.5803 0.0734094 -0.0863231 388.867 0 0
1500 105.557 24.7004 17.8011 0.75912 0.42872 388.899 0 0
1500 27.9087 11.8796 17.9154 -0.495435 0.27239 388.928 0 0
1500 86.4713 3.5442 17.8184 0.469027 0.0192264 388.994 0 0
1500 99.5632 -46.8005 17.7258 0.668916 -0.737175 389.023 0 0
1500 174.252 52.9452 17.8014 1.9106 0.895008 389.131 0 0
1500 0.336802 -36.73 17.5519 -0.897615 -0.539382 389.277 0 0
1500 51.4072 -55.4908 17.5982 -0.136523 -0.811931 389.289 0 0
1500 98.8941 -22.7172 18.1154 0.734169 -0.349424 389.293 0 0
1500 4.14562 -0.6398 17.578 -0.791267 -0.055231 389.487 0 0
1500 153.581 35.7644 17.5569 1.43315 0.559056 389.689 0 0
1500 92.4841 53.0419 17.5904 0.506157 0.849034 389.806 0 0
1500 69.5542 -5.8397 18.2106 0.27372 -0.130477 389.908 0 0
1500 39.3873 -42.4475 17.587 -0.304306 -0.627434 389.89 0 0
1500 62.5526 50.3888 17.6405 0.0621558 0.758542 389.951 0 0
1500 -2.82251 9.18273 17.5813 -0.922478 0.202697 389.925 0 0
1500 134.647 -39.2277 17.6017 1.1508 -0.604244 390.047 0 0
1500 84.2205 -9.32149 18.4185 0.554412 -0.165155 390.034 0 0
1500 -0.815689 20.9615 17.57 -0.921458 0.348384 390.041 0 0
1500 79.9337 55.6665 17.6626 0.395388 0.856525 390.13 0 0
1500 107.928 27.2647 18.1137 0.888724 0.528486 390.122 0 0
1500 123.301 23.8523 18.2601 1.31662 0.469181 390.132 0 0
1500 66.6469 24.7646 18.1252 0.196959 0.387149 390.158 0 0
1500 49.5823 5.12399 18.4196 -0.0753061 0.106383 390.211 0 0
1500 106.441 -5.46284 17.8065 0.852246 -0.139646 390.188 0 0
1500 22.3375 -12.9767 17.6196 -0.530069 -0.223388 390.233 0 0
1500 58.1462 -68.2998 17.6235 -0.00299223 -1.04823 390.355 0 0
1500 121.994 14.339 17.5528 0.944323 0.256745 390.377 0 0
1500 82.2276 57.1006 17.6639 0.427382 0.874212 390.39 0 0
1500 41.4837 19.508 17.761 -0.341874 0.38589 390.417 0 0
1500 97.4935 -8.97517 18.2545 0.663009 -0.201863 390.463 0 0
1500 54.7722 -31.4941 17.6017 -0.0928429 -0.473442 390.507 0 0
1500 55.1255 -8.98732 18.0823 -0.0411583 -0.0975954 390.695 0 0
1500 44.6218 -67.2581 17.628 -0.215835 -1.02137 390.731 0 0
1500 76.4935 54.0545 17.899 0.332477 0.997276 390.716 0 0
1500 103.901 25.577 18.0042 0.755728 0.414346 390.851 0 0
1500 105.605 -18.6822 17.6422 0.788064 -0.272641 390.795 0 0
1500 137.576 -12.9479 17.7572 1.30787 -0.297856 391.061 0 0
1500 35.5955 8.86727 17.635 -0.372747 0.0692579 391.267 0 0
1500 85.1993 -8.89622 18.5155 0.519129 -0.115644 391.357 0 0
1500 93.3877 -53.6382 17.6147 0.573236 -0.830485 391.407 0 0
1500 93.0824 -15.379 18.3016 0.693544 -0.330789 391.341 0 0
1500 88.441 -37.8837 17.6003 0.525601 -0.588787 391.504 0 0
1500 34.2047 -16.0778 17.6345 -0.392547 -0.306902 391.474 0 0
1500 26.6841 60.4576 17.5952 -0.475993 0.933882 391.648 0 0
1500 103.932 39.2066 17.7153 0.729411 0.630938 391.717 0 0
1500 71.5491 -35.9425 17.634 0.169478 -0.603467 391.783 0 0
1500 95.4181 34.4082 17.696 0.545426 0.609354 391.865 0 0
1500 100.176 19.5119 18.016 0.669444 0.365882 391.875 0 0
1500 106.523 -25.8723 17.7651 0.746987 -0.452138 391.916 0 0
1500 109.092 -4.41186 17.5638 0.830998 -0.0714711 391.91 0 0
1500 21.4343 -23.9269 17.7846 -0.581569 -0.405965 391.95 0 0
1500 79.0729 -50.6666 18.1127 0.392284 -0.886037 392.073 0 0
1500 48.6657 59.5701 17.694 -0.113325 0.943457 392.251 0 0
1500 75.4139 -63.6616 18.1348 0.32833 -1.14021 392.225 0 0
1500 91.5966 -15.2077 18.0753 0.588713 -0.286875 392.428 0 0
1500 113.803 -9.60075 17.6918 0.902455 -0.161145 392.546 0 0
1500 92.0873 -22.6546 18.0753 0.594227 -0.394619 392.619 0 0
1500 82.3682 -42.1138 17.8714 0.450359 -0.664156 392.631 0 0
1500 17.1773 -32.0069 17.6346 -0.638626 -0.538089 392.569 0 0
1500 111.359 27.0099 17.6926 0.864207 0.37511 392.734 0 0
1500 71.8167 64.9521 17.6761 0.139724 1.0433 392.824 0 0
1500 100.682 -33.8377 17.872 0.678546 -0.563245 393.072 0 0
1500 103.884 -31.4469 17.8731 0.759237 -0.503322 393.228 0 0
1500 62.6884 66.4233 17.701 0.0903524 1.0284 393.266 0 0
1500 76.0576 -45.7142 17.6736 0.223491 -0.688076 393.419 0 0
1500 85.9581 14.9823 18.6606 0.53474 0.284704 393.431 0 0
1500 101.086 23.991 17.7306 0.750573 0.346499 393.746 0 0
1500 151.009 6.27058 17.9294 1.62556 0.0413994 393.707 0 0
1500 90.1159 20.7192 17.8845 0.588105 0.29782 393.891 0 0
1500 75.7409 -21.0956 17.7515 0.29607 -0.389589 393.905 0 0
1500 93.6529 -20.6341 18.9559 0.692538 -0.367578 394.007 0 0
1500 -42.6257 -46.1406 17.6343 -1.56728 -0.743139 394.055 0 0
1500 106.801 -12.808 17.8306 0.788431 -0.247006 394.092 0 0
1500 123.455 18.6171 17.7851 1.0874 0.253826 394.217 0 0
1500 55.0205 -28.5879 18.0579 -0.012742 -0.489317 394.367 0 0
1500 92.7143 -12.7053 18.1561 0.594104 -0.297667 394.407 0 0
1500 84.492 8.46588 17.9963 0.447922 0.0678415 394.469 0 0
1500 93.9396 -30.8029 17.7369 0.551741 -0.471849 394.45 0 0
1500 98.1491 -13.1182 18.6394 0.733979 -0.246418 394.515 0 0
1500 73.6482 11.2999 17.6623 0.183949 0.221325 394.481 0 0
1500 93.879 -48.2151 17.657 0.566838 -0.769476 394.739 0 0
1500 30.4269 -15.2951 17.9063 -0.408782 -0.291536 394.755 0 0
1500 54.5282 15.289 17.7812 -0.087121 0.177995 394.73 0 0
1500 110.191 10.1392 17.8317 0.860156 0.12358 394.815 0 0
1500 49.1215 -47.9639 17.7512 -0.101199 -0.781491 394.798 0 0
1500 64.6972 -17.3968 17.7323 0.121607 -0.299665 394.891 0 0
1500 61.7054 -67.8866 17.6262 0.0362361 -1.04542 394.939 0 0
1500 77.3164 -40.7425 17.903 0.366236 -0.655819 394.95 0 0
1500 62.7563 -31.6012 17.9229 0.117401 -0.541262 394.892 0 0
1500 105.412 -28.3836 18.0172 0.897252 -0.495895 394.869 0 0
1500 110.106 24.6476 18.026 0.857434 0.399555 395.105 0 0
1500 29.4336 -30.025 17.6612 -0.479052 -0.398818 395.122 0 0
1500 43.3786 36.3954 17.655 -0.224895 0.560016 395.178 0 0
1500 88.2779 1.04508 17.7535 0.469498 -0.0358382 395.197 0 0
1500 39.7828 30.358 17.6583 -0.273482 0.476551 395.326 0 0
1500 37.9109 33.5698 17.6612 -0.351782 0.551487 395.215 0 0
1500 83.1768 24.4342 17.915 0.40348 0.367929 395.69 0 0
1500 79.1703 -0.827653 18.1995 0.410519 -0.0301159 395.776 0 0
1500 106.325 2.28866 18.1791 0.824852 0.07718 395.717 0 0
1500 53.7756 -60.7905 17.7546 -0.0319463 -0.956699 395.812 0 0
1500 79.186 -5.7443 17.719 0.280688 -0.145016 395.968 0 0
1500 93.894 -35.9016 17.941 0.558628 -0.596666 396.002 0 0
1500 12.0418 -19.0079 17.7815 -0.708583 -0.328771 396.128 0 0
1500 78.8803 -14.7678 17.7762 0.296521 -0.288444 396.124 0 0
1500 68.3617 -9.76877 18.2577 0.185918 -0.191353 396.258 0 0
1500 88.4883 -25.6751 17.9683 0.562922 -0.392582 396.203 0 0
1500 71.2333 39.7388 18.1629 0.255601 0.665013 396.323 0 0
1500 113.56 21.8074 17.6518 0.838103 0.280079 396.453 0 0
1500 16.1843 38.8899 17.6524 -0.586742 0.642189 396.442 0 0
1500 86.3881 75.0587 17.7348 0.50542 1.24307 396.45 0 0
1500 108.512 45.4065 17.7108 0.787254 0.673376 396.49 0 0
1500 85.5018 -0.250447 18.3094 0.492274 0.0396924 396.499 0 0
1500 70.4001 58.962 17.6645 0.130868 0.912868 396.523 0 0
1500 124.132 -1.1907 17.8422 1.03785 -0.0410865 396.541 0 0
1500 26.8831 -20.4571 17.7178 -0.502831 -0.363474 396.55 0 0
1500 103.563 39.7516 17.6145 0.699651 0.547585 396.619 0 0
1500 24.0364 49.4959 17.6524 -0.462601 0.802879 396.688 0 0
1500 59.7108 2.34613 18.2094 0.089101 0.0966924 397 0 0
1500 63.4425 36.776 17.7897 0.129405 0.553704 396.896 0 0
1500 56.692 -50.4752 17.768 -0.0688633 -0.779525 396.877 0 0
1500 70.5998 16.2794 17.6383 0.146571 0.310071 396.841 0 0
1500 78.6764 -38.7793 18.4896 0.491137 -0.738314 396.778 0 0
1500 68.2033 54.8889 18.2513 0.220951 0.956051 397.061 0 0
1500 87.2353 -15.2118 17.8357 0.432454 -0.29603 397.159 0 0
1500 107.533 47.9502 17.7117 0.729574 0.752435 397.173 0 0
1500 25.9601 -60.2762 17.6127 -0.47844 -0.92971 397.324 0 0
1500 107.112 16.593 17.9253 0.808466 0.287441 397.336 0 0
1500 10.1047 -20.428 17.7183 -0.744914 -0.358953 397.313 0 0
1500 70.3935 -61.0078 17.733 0.215602 -0.955255 397.433 0 0
1500 93.3996 -15.958 18.0296 0.559937 -0.306778 397.462 0 0
1500 55.3783 -19.6222 18.0731 -0.0931845 -0.28842 397.438 0 0
1500 49.5614 -32.1715 17.7746 -0.0773377 -0.54672 397.543 0 0
1500 73.2034 -30.3493 17.7207 0.30669 -0.474799 397.845 0 0
1500 47.0912 -29.3996 17.6817 -0.238159 -0.443514 397.848 0 0
1500 45.0084 0.83998 18.1466 -0.242045 0.0611786 397.88 0 0
1500 94.97 -8.67244 17.9265 0.607051 -0.196662 397.958 0 0
1500 31.5383 40.103 17.7363 -0.434661 0.719747 398.007 0 0
1500 51.9239 -38.6069 17.6812 -0.164833 -0.580074 398.082 0 0
1500 30.1762 56.1563 17.6736 -0.478236 0.818758 398.167 0 0
1500 72.2821 35.0118 18.0094 0.211793 0.573757 398.496 0 0
1500 80.7868 12.2274 17.7907 0.415728 0.229376 398.444 0 0
1500 27.9467 9.8019 17.7235 -0.512317 0.0816457 398.492 0 0
1500 54.3711 7.94771 18.4037 0.00586874 0.159044 398.535 0 0
1500 114.735 -36.9716 17.7931 0.881348 -0.567282 398.51 0 0
1500 109.488 -44.7387 17.7425 0.770648 -0.706754 398.606 0 0
1500 -2.19921 -4.6732 17.7469 -0.933644 -0.0518521 398.561 0 0
1500 14.0453 -14.4233 17.6442 -0.730534 -0.236205 398.524 0 0
1500 132.236 -38.2552 18.0232 1.30487 -0.622409 398.583 0 0
1500 78.9883 -24.2984 18.1364 0.32819 -0.488393 398.568 0 0
1500 78.7917 25.7859 17.7901 0.384533 0.431117 398.669 0 0
1500 18.2821 28.9889 17.6811 -0.66312 0.429776 398.721 0 0
1500 22.6151 -36.9692 17.7481 -0.526621 -0.551573 398.79 0 0
1500 74.3295 3.9996 17.7382 0.299701 0.120646 398.785 0 0
1500 61.3626 -72.2331 17.764 0.10195 -1.21172 398.785 0 0
1500 55.1146 4.51997 18.1964 -0.0425985 0.0407438 398.86 0 0
1500 68.0956 37.7008 17.7898 0.224141 0.607361 398.859 0 0
1500 16.6393 3.07937 17.7219 -0.671457 0.000588256 398.831 0 0
1500 114.08 -80.196 17.6315 0.88609 -1.16178 398.951 0 0
1500 73.9576 59.0946 17.677 0.269926 0.973557 398.965 0 0
1500 46.799 80.6613 17.7282 -0.175195 1.34957 399.099 0 0
1500 71.8424 8.53654 18.0908 0.238956 0.197245 399.165 0 0
1500 70.1821 3.11583 18.185 0.284585 0.0221281 399.187 0 0
1500 52.4402 13.9978 18.3393 -0.0542207 0.243293 399.206 0 0
1500 52.9156 33.3033 17.7366 -0.0241267 0.560454 399.202 0 0
1500 77.39 7.96208 18.0644 0.411185 0.121835 399.247 0 0
1500 67.6877 -30.0132 18.4923 0.220517 -0.505795 399.275 0 0
1500 77.6922 34.0291 17.7567 0.275924 0.530443 399.524 0 0
1500 142.668 18.1201 17.7316 1.30131 0.265708 399.493 0 0
1500 120.595 -14.2721 17.7798 0.952953 -0.271078 399.643 0 0
1500 84.0989 23.317 18.0635 0.507236 0.346516 399.65 0 0
1500 90.0493 59.0962 17.9861 0.49494 1.01534 399.458 0 0
1500 49.3158 27.2431 17.9172 -0.118021 0.425955 399.712 0 0
1500 60.7231 -13.9103 17.8075 0.00522747 -0.266549 399.686 0 0
1500 42.7381 -49.48 17.8075 -0.192293 -0.801432 399.775 0 0
1500 40.0784 -66.9063 17.7361 -0.291228 -1.00684 399.895 0 0
1500 80.2673 43.0511 17.7355 0.382657 0.698907 399.973 0 0
1500 109.669 -43.0712 17.76 0.758171 -0.669619 399.996 0 0
1500 84.5559 -11.7336 18.0501 0.464205 -0.149081 400.158 0 0
1500 48.1611 -38.2729 17.7257 -0.153837 -0.59507 400.134 0 0
1500 73.8958 60.868 17.7337 0.220581 0.956229 400.136 0 0
1500 97.1565 -34.4175 18.2098 0.672222 -0.666299 400.047 0 0
1500 108.46 -14.2507 17.9588 0.837582 -0.176234 400.223 0 0
1500 39.2568 -64.2022 17.651 -0.345651 -0.953874 400.256 0 0
1500 117.201 -10.3525 17.7919 0.936116 -0.106143 400.249 0 0
1500 95.6157 -28.496 17.8366 0.595777 -0.493177 400.252 0 0
1500 61.7934 53.3812 17.7357 0.107634 0.848813 400.26 0 0
1500 36.4612 40.7298 17.761 -0.300754 0.681142 400.308 0 0
1500 82.4154 -44.4997 17.8219 0.435831 -0.696504 400.404 0 0
1500 96.6348 -18.672 17.7939 0.657228 -0.246283 400.331 0 0
1500 19.0924 -6.24093 17.7219 -0.62668 -0.0323704 400.426 0 0
1500 50.84 24.9295 18.13 -0.076346 0.459616 400.438 0 0
1500 39.0129 -33.0386 17.7501 -0.24567 -0.574422 400.504 0 0
1500 83.0744 -23.5308 17.7335 0.327636 -0.388741 400.549 0 0
1500 109.966 -22.0072 17.6648 0.771892 -0.266155 400.553 0 0
1500 117.067 -31.1936 17.8116 0.904688 -0.503835 400.639 0 0
1500 59.3587 -15.0614 18.4512 0.0702399 -0.270933 400.679 0 0
1500 101.989 43.0127 17.6983 0.64007 0.661136 400.738 0 0
1500 53.2052 -0.0476445 17.8528 -0.125548 0.0236537 400.762 0 0
1500 77.8669 -12.2891 18.4506 0.337882 -0.23016 400.847 0 0
1500 60.1816 -14.3203 18.3963 0.0929342 -0.27292 400.964 0 0
1500 51.4761 24.5905 17.8611 -0.0906197 0.444474 400.876 0 0
1500 81.2278 -29.1081 17.8289 0.341718 -0.460379 401.041 0 0
1500 35.6133 -62.7609 17.7289 -0.375494 -0.9518 401.046 0 0
1500 79.537 19.6103 17.8951 0.314966 0.361637 401.05 0 0
1500 67.3505 -16.2508 17.7148 0.210988 -0.282087 401.152 0 0
1500 74.0503 6.99073 17.7307 0.199887 0.167119 401.129 0 0
1500 107.422 18.7488 17.7223 0.802472 0.240013 401.254 0 0
1500 79.6061 9.34734 17.7143 0.397736 0.108931 401.239 0 0
1500 128.097 -31.7599 17.8624 1.16711 -0.454453 401.272 0 0
1500 28.8363 36.7366 18.0257 -0.502344 0.638506 401.209 0 0
1500 91.6601 53.3372 17.7063 0.552999 0.822928 401.399 0 0
1500 1.47681 -5.57044 17.7206 -0.878736 -0.021931 401.44 0 0
1500 34.2674 30.6355 17.8935 -0.362902 0.524284 401.423 0 0
1500 48.9017 10.0224 18.2672 -0.175002 0.147873 401.435 0 0
1500 51.3637 -23.047 17.8384 -0.0619714 -0.376285 401.452 0 0
1500 86.8894 51.2263 17.784 0.431347 0.825841 401.465 0 0
1500 43.6037 41.17 17.8585 -0.207066 0.687155 401.553 0 0
1500 91.4165 -2.83059 17.7123 0.575022 -0.0765188 401.575 0 0
1500 -8.36082 -14.4815 17.6666 -1.01466 -0.225939 401.829 0 0
1500 77.5148 -57.807 17.6943 0.355646 -0.881399 401.904 0 0
1500 26.2769 34.8678 17.8352 -0.475333 0.591475 401.798 0 0
1500 121.493 -21.9591 17.8227 1.1049 -0.357509 402.031 0 0
1500 103.042 -40.7576 17.7304 0.665509 -0.674586 402.124 0 0
1500 54.2271 40.9063 18.186 -0.0518509 0.727281 402.118 0 0
1500 105.189 -39.9576 17.8995 0.813175 -0.60188 402.145 0 0
1500 3.34514 -7.82139 17.7689 -0.84659 -0.067699 402.15 0 0
1500 126.317 9.58552 17.7058 1.02864 0.182455 402.279 0 0
1500 92.9828 -58.2531 17.6934 0.577506 -0.859909 402.307 0 0
1500 93.25 43.954 17.8578 0.526707 0.719996 402.36 0 0
1500 67.2351 -3.57677 17.856 0.15306 0.0215035 402.469 0 0
1500 17.1387 33.4426 17.7968 -0.723509 0.565767 402.497 0 0
1500 67.0357 -20.3207 18.308 0.197152 -0.370672 402.516 0 0
1500 98.7194 -24.8197 17.9941 0.760148 -0.401533 402.632 0 0
1500 85.0358 -47.5544 17.709 0.470061 -0.742776 402.708 0 0
1500 4.08478 -35.6602 17.6808 -0.826143 -0.519605 402.82 0 0
1500 36.2701 -65.132 17.7471 -0.356949 -0.96173 402.797 0 0
1500 13.3928 -50.0418 17.8095 -0.678453 -0.776231 402.817 0 0
1500 84.3559 -23.8854 18.3858 0.462328 -0.418697 402.839 0 0
1500 26.5368 -23.5906 17.8447 -0.470891 -0.350256 403.106 0 0
1500 112.734 -4.21358 17.7444 0.80559 -0.104731 403.071 0 0
1500 119.098 -25.2851 17.7278 0.951435 -0.405193 403.014 0 0
1500 28.6328 1.22651 17.93 -0.481091 -0.0163899 403.09 0 0
1500 48.3542 8.38687 17.9524 -0.205345 0.114261 403.022 0 0
1500 -1.19787 -16.3834 17.6878 -0.894911 -0.247995 403.24 0 0
1500 20.5608 39.8015 17.6955 -0.556218 0.606822 403.275 0 0
1500 125.887 3.35877 17.8072 1.04449 0.0787708 403.492 0 0
1500 96.4208 -8.10018 18.3476 0.699235 -0.0735618 403.491 0 0
1500 73.1791 -40.0585 18.1561 0.259105 -0.755463 403.348 0 0
1500 50.3172 -25.7692 17.8541 -0.148461 -0.377642 403.513 0 0
1500 -34.2778 98.5618 17.7939 -1.48731 1.55521 403.513 0 0
1500 103.859 50.5165 17.8076 0.730184 0.750415 403.529 0 0
1500 124.876 -20.2615 17.698 1.01867 -0.247346 403.572 0 0
1500 54.46 -7.00864 17.8971 -0.0756625 -0.168557 403.534 0 0
1500 68.1704 -51.8608 18.0938 0.254841 -0.895596 403.606 0 0
1500 121.287 -1.6402 17.6927 0.984286 -0.0756659 403.815 0 0
1500 122.973 -0.0473425 18.113 1.18486 -0.0044788 403.632 0 0
1500 30.5799 -41.7797 17.8852 -0.460789 -0.630628 403.911 0 0
1500 56.5762 55.5784 17.8478 -0.0888536 0.886348 403.855 0 0
1500 79.9355 -14.5556 18.2862 0.421833 -0.194553 404.027 0 0
1500 9.64374 -13.2693 17.885 -0.771704 -0.205809 403.987 0 0
1500 101.99 64.8758 17.7856 0.75614 1.03548 403.988 0 0
1500 93.1861 -39.1075 17.7815 0.55428 -0.55433 404.062 0 0
1500 45.7324 -7.55463 18.2034 -0.187455 -0.0812581 404.056 0 0
1500 64.9056 -4.4317 17.7349 0.119711 -0.143711 404.137 0 0
1500 145.202 20.1721 17.6925 1.29217 0.3742 404.254 0 0
1500 87.8493 -22.4205 18.2988 0.598605 -0.339775 404.354 0 0
1500 79.4953 9.84417 17.8384 0.410317 0.120698 404.284 0 0
1500 36.7685 9.07078 17.7984 -0.371444 0.191443 404.336 0 0
1500 120.05 18.7879 17.7174 0.940193 0.249273 404.491 0 0
1500 76.2284 -13.3786 18.1904 0.398898 -0.242182 404.492 0 0
1500 51.4588 -49.5457 17.8599 -0.0918238 -0.810592 404.495 0 0
1500 65.994 -18.2405 17.7476 0.197255 -0.290204 404.5 0 0
1500 30.6659 38.3332 17.9259 -0.438753 0.616782 404.554 0 0
1500 -3.09973 -19.5087 17.7467 -0.917873 -0.35763 404.597 0 0
1500 123.909 12.1287 17.8116 1.01541 0.184502 404.632 0 0
1500 116.078 -61.2189 17.7452 0.951633 -0.966908 404.62 0 0
1500 42.4922 37.9305 17.9321 -0.211869 0.641982 404.651 0 0
1500 20.9541 -43.3275 17.7351 -0.550526 -0.719623 404.853 0 0
1500 76.7579 28.2509 18.2721 0.29481 0.524957 404.852 0 0
1500 14.8974 -2.2664 17.7995 -0.696087 -0.0874032 404.97 0 0
1500 68.6527 60.8837 17.8046 0.243419 0.994431 404.992 0 0
1500 123.07 13.3033 17.9246 1.10159 0.181097 405.139 0 0
1500 62.4231 -32.9921 18.1532 0.130323 -0.596141 405.149 0 0
1500 79.538 -68.1231 17.7174 0.393042 -1.01065 405.253 0 0
1500 188.952 80.9639 17.7088 1.95049 1.28597 405.229 0 0
1500 93.2568 9.37074 17.9713 0.628082 0.169515 405.334 0 0
1500 101.832 -50.4738 17.7517 0.654937 -0.785188 405.542 0 0
1500 120.833 28.8693 17.7222 0.964142 0.381988 405.504 0 0
1500 13.0261 46.4598 17.7322 -0.643703 0.755554 405.383 0 0
1500 70.3935 -34.6391 17.7705 0.18531 -0.603055 405.472 0 0
1500 81.313 -41.4616 17.7633 0.324104 -0.723881 405.507 0 0
1500 30.4047 58.601 17.7327 -0.386672 0.931614 405.581 0 0
1500 64.6132 -69.0135 17.7238 0.158259 -1.01821 405.66 0 0
1500 29.5007 4.26686 18.0447 -0.454015 0.0262476 405.669 0 0
1500 96.4739 -2.46544 17.8201 0.668335 -0.0399966 405.689 0 0
1500 87.5914 -73.615 18.497 0.55815 -1.41176 405.658 0 0
1500 93.9122 -19.8153 18.2366 0.575791 -0.362393 405.722 0 0
1500 67.5678 -2.82927 18.3934 0.190057 -0.101165 405.765 0 0
1500 5.16108 -17.1538 17.7729 -0.856315 -0.270127 405.747 0 0
1500 108.709 -16.3123 17.8858 0.865243 -0.206646 405.783 0 0
1500 37.3045 37.6232 17.8805 -0.348736 0.651847 405.803 0 0
1500 75.6787 -51.5686 17.725 0.27798 -0.846335 405.915 0 0
1500 1.9494 -43.8772 17.701 -0.868191 -0.58541 405.925 0 0
1500 83.1852 -29.2917 17.7923 0.445003 -0.492073 405.974 0 0
1500 100.768 99.1777 17.8367 0.76712 1.60159 406.015 0 0
1500 26.0767 31.8059 17.8115 -0.486051 0.484072 406.091 0 0
1500 41.8397 34.3915 17.8572 -0.248922 0.575649 406.056 0 0
1500 59.567 5.39875 17.9541 0.00121637 0.141044 406.084 0 0
1500 108.665 -41.3871 17.7296 0.782273 -0.618701 406.175 0 0
1500 118.518 -36.6488 17.7223 0.980185 -0.519029 406.209 0 0
1500 148.699 -12.5295 17.7193 1.44724 -0.210737 406.165 0 0
1500 55.9119 12.7519 17.8452 0.0347909 0.208406 406.259 0 0
1500 106.592 -3.61077 17.8485 0.739854 -0.0197593 406.305 0 0
1500 70.1576 -14.5375 18.0908 0.245229 -0.292616 406.337 0 0
1500 62.819 82.968 17.7625 0.0826006 1.26258 406.413 0 0
1500 84.5438 -37.51 17.7905 0.462762 -0.612714 406.374 0 0
1500 99.2909 -32.8228 17.7719 0.613556 -0.51562 406.505 0 0
1500 63.9065 59.3473 17.772 0.106976 0.953589 406.688 0 0
1500 58.1147 -39.2277 17.9637 -0.0124929 -0.652107 406.439 0 0
1500 80.8703 -3.81931 17.8439 0.366565 -0.135231 406.478 0 0
1500 75.5691 -0.943162 17.8023 0.338642 -0.0593964 406.487 0 0
1500 92.3002 16.5358 18.7465 0.703673 0.324561 406.473 0 0
1500 91.1067 -14.3936 17.9111 0.487166 -0.287308 406.602 0 0
1500 73.2056 -59.1417 17.7409 0.275776 -0.860483 407.009 0 0
1500 102.228 -43.0385 17.7375 0.685061 -0.636701 406.777 0 0
1500 54.229 67.4192 17.7152 -0.0326848 1.04721 406.973 0 0
1500 81.3825 -1.65641 19.0773 0.558986 0.0208324 407.075 0 0
1500 12.4341 19.3362 17.7367 -0.75619 0.332678 407.093 0 0
1500 119.968 30.0746 17.7165 0.919306 0.503532 407.166 0 0
1500 37.8815 1.65094 17.9053 -0.314975 0.0291377 407.224 0 0
1500 82.0713 7.13427 17.867 0.398969 0.125913 407.205 0 0
1500 43.6678 16.4208 17.784 -0.233772 0.277666 407.349 0 0
1500 114.579 25.0138 17.9682 0.920907 0.392516 407.26 0 0
1500 11.0231 15.4028 17.7216 -0.785653 0.264668 407.271 0 0
1500 101.084 15.386 17.8277 0.744816 0.194847 407.304 0 0
1500 37.0604 -15.4165 17.8763 -0.315577 -0.258918 407.452 0 0
1500 70.0421 -10.8711 18.2156 0.237918 -0.238261 407.436 0 0
1500 27.1179 -55.2288 17.7712 -0.45257 -0.845522 407.654 0 0
1500 102.465 -25.1254 17.7519 0.679586 -0.379716 407.698 0 0
1500 101.218 -27.2321 17.7519 0.662267 -0.408979 407.698 0 0
1500 89.5051 -58.9633 17.7279 0.472502 -0.932112 407.708 0 0
1500 98.0836 22.6322 17.7993 0.686365 0.31519 407.739 0 0
1500 125.707 14.7279 17.7223 0.992549 0.278551 407.852 0 0
1500 67.5677 -29.7951 18.2121 0.199608 -0.519497 407.819 0 0
1500 112.058 -32.9645 18.1975 0.965657 -0.549088 407.801 0 0
1500 94.1087 -2.97454 17.9641 0.588702 -0.119753 407.906 0 0
1500 65.7483 4.42052 17.8493 0.194506 0.109513 407.919 0 0
1500 91.5152 -47.3436 17.752 0.555356 -0.695313 407.958 0 0
1500 89.0653 8.03306 17.7505 0.550953 0.141015 407.997 0 0
1500 87.5622 20.093 19.172 0.636172 0.337436 408.057 0 0
1500 91.1497 65.5928 17.7335 0.550758 0.973255 408.053 0 0
1500 76.0339 -59.8235 17.7896 0.326563 -0.925037 408.046 0 0
1500 80.6272 -29.7183 17.963 0.383369 -0.524476 408.04 0 0
1500 69.9006 -8.09766 17.7981 0.258128 -0.164582 408.032 0 0
1500 90.7106 -43.5049 17.7304 0.531572 -0.720345 408.119 0 0
1500 -40.5727 59.5077 17.7236 -1.45391 0.891088 408.157 0 0
1500 96.0145 -11.7388 18.3949 0.655208 -0.22917 408.193 0 0
1500 57.8104 21.5611 17.9071 0.0443135 0.401681 408.207 0 0
1500 58.8209 -18.7545 18.5588 0.0665929 -0.29614 408.326 0 0
1500 96.6322 -6.42413 17.7633 0.5934 -0.118895 408.324 0 0
1500 91.9866 55.5856 17.7281 0.505109 0.857607 408.4 0 0
1500 75.6851 4.17806 18.1078 0.307029 -0.00343264 408.448 0 0
1500 103.694 1.61092 17.7622 0.765273 0.0569289 408.465 0 0
1500 56.8861 15.2463 18.4159 0.0671163 0.301088 408.485 0 0
1500 93.9781 -34.8128 17.9583 0.579576 -0.595498 408.719 0 0
1500 80.715 9.42577 18.1173 0.465599 0.134946 408.669 0 0
1500 79.9988 -11.8168 17.7721 0.362108 -0.19198 408.771 0 0
1500 101.87 50.6686 17.7834 0.646755 0.795588 409.159 0 0
1500 12.2734 32.6979 17.7735 -0.739467 0.544612 408.981 0 0
1500 83.4864 0.895332 18.1628 0.456909 -0.0593766 408.985 0 0
1500 2.51917 -17.3661 17.9213 -0.966448 -0.258767 408.981 0 0
1500 77.1553 23.3755 19.2029 0.380019 0.567061 409.11 0 0
1500 97.7281 -32.9345 17.7679 0.677528 -0.478301 409.188 0 0
1500 107.64 -4.45349 18.2805 0.862707 -0.0405679 409.284 0 0
1500 61.9855 29.4545 17.9063 0.00449155 0.543827 409.277 0 0
1500 117.925 -26.6593 17.9133 0.943168 -0.440035 409.414 0 0
1500 86.9871 23.908 18.3064 0.498215 0.373889 409.45 0 0
1500 55.3782 68.5716 17.7361 -0.10244 1.04229 409.366 0 0
1500 104.365 -34.7393 17.9557 0.728399 -0.588851 409.347 0 0
1500 50.8739 53.5257 17.8109 -0.157492 0.856767 409.421 0 0
1500 80.7237 25.1057 18.0041 0.434651 0.435591 409.442 0 0
1500 91.1655 -46.5177 17.8921 0.558485 -0.752591 409.494 0 0
1500 83.0339 -51.9689 17.892 0.437011 -0.83352 409.524 0 0
1500 14.6748 -51.2517 17.7766 -0.623463 -0.80516 409.613 0 0
1500 69.1676 -15.5261 17.9428 0.229238 -0.305423 409.614 0 0
1500 80.3764 -7.51719 17.9418 0.400282 -0.182562 409.704 0 0
1500 104.065 45.3581 17.8697 0.706361 0.701357 409.879 0 0
1500 28.3163 43.5995 17.749 -0.392321 0.672813 409.892 0 0
1500 17.3003 -19.5297 17.9662 -0.661275 -0.310291 409.86 0 0
1500 111.247 -40.1624 17.7299 0.81888 -0.651768 409.959 0 0
1500 112.443 15.5849 18.0317 0.899884 0.275966 409.925 0 0
1500 83.5734 -3.68249 19.3923 0.572754 -0.177127 409.928 0 0
1500 101.956 -12.1251 18.0418 0.701145 -0.167471 410.239 0 0
1500 35.5855 -5.89745 17.9749 -0.315998 -0.137167 410.176 0 0
1500 72.1817 57.825 17.8938 0.256603 0.928528 410.257 0 0
1500 88.2511 33.8629 17.9429 0.43324 0.569473 410.152 0 0
1500 45.896 -29.5058 18.0555 -0.21926 -0.464233 410.148 0 0
1500 130 -9.21235 17.776 1.16498 -0.201174 410.158 0 0
1500 74.4849 12.9917 17.7794 0.269549 0.279311 410.059 0 0
1500 113.349 81.9673 17.8212 0.85706 1.36367 410.051 0 0
1500 5.5772 -25.0241 17.8867 -0.841222 -0.364566 410.352 0 0
1500 93.2485 -4.21687 18.1581 0.655088 -0.0642959 410.388 0 0
1500 77.8395 -40.953 17.9386 0.31565 -0.693074 410.371 0 0
1500 103.113 -25.5845 18.009 0.787381 -0.529709 410.353 0 0
1500 72.6372 -30.5704 17.976 0.246468 -0.539933 410.596 0 0
1500 72.1937 29.4511 17.7524 0.269934 0.507234 410.556 0 0
1500 55.6955 136.973 17.8265 0.0216471 2.20528 410.568 0 0
1500 1.52781 23.3464 17.8344 -0.895279 0.454166 410.528 0 0
1500 114.439 -19.3016 17.8387 0.873407 -0.273968 410.755 0 0
1500 -0.722396 26.6555 17.7458 -0.904651 0.419944 410.797 0 0
1500 137.189 -4.13211 17.8972 1.29669 -0.106732 410.83 0 0
1500 -2.72019 3.50044 17.7404 -0.897721 -0.0113071 410.866 0 0
1500 90.2319 -17.2636 18.4165 0.552261 -0.296106 410.887 0 0
1500 123.923 -14.9784 17.7351 0.990373 -0.277679 410.972 0 0
1500 92.8442 -31.0208 17.7488 0.583968 -0.420724 410.977 0 0
1500 23.0968 52.7796 17.7926 -0.506684 0.859001 411.073 0 0
1500 140.221 -10.3118 17.8144 1.39058 -0.133636 411.05 0 0
1500 99.0839 42.4327 17.9198 0.739889 0.776142 411.119 0 0
1500 52.2265 9.72005 17.7738 -0.0581719 0.197216 411.223 0 0
1500 -4.60755 -8.9434 17.7497 -0.954944 -0.0899278 411.192 0 0
1500 111.053 -24.2887 17.8374 0.815734 -0.437869 411.246 0 0
1500 169.259 46.4921 17.7649 1.76077 0.702814 411.208 0 0
1500 75.7089 -26.4862 18.4218 0.352242 -0.419599 411.289 0 0
1500 12.4406 -31.6275 17.7908 -0.728034 -0.565573 411.358 0 0
1500 73.7148 -21.3375 18.4256 0.323997 -0.348471 411.56 0 0
1500 84.7157 13.1542 18.0539 0.455667 0.205983 411.483 0 0
1500 121.722 1.28355 18.009 1.03359 0.0274264 411.591 0 0
1500 97.137 -11.6942 18.2808 0.639708 -0.199261 411.683 0 0
1500 37.5196 -61.097 17.7415 -0.257455 -0.934857 411.739 0 0
1500 69.9546 64.9563 17.8739 0.180453 1.02421 411.834 0 0
1500 94.6312 47.4863 18.2598 0.683062 0.832367 411.827 0 0
1500 74.4799 -25.8168 18.4753 0.362205 -0.450461 411.94 0 0
1500 74.4035 43.0581 17.9468 0.304242 0.716057 411.927 0 0
1500 119.412 24.1748 17.7577 0.966805 0.393039 412.011 0 0
1500 41.2118 -15.4344 17.9615 -0.303321 -0.265088 412.085 0 0
1500 67.5989 62.3287 17.8007 0.10074 0.97604 412.144 0 0
1500 84.6926 52.8824 17.7425 0.450659 0.846004 412.233 0 0
1500 81.5589 -5.7262 17.8678 0.419977 -0.0271889 412.148 0 0
1500 88.1266 -27.9229 18.2862 0.554255 -0.476541 412.324 0 0
1500 117.32 -16.5974 17.837 0.95711 -0.277491 412.374 0 0
1500 69.2817 55.6002 17.7472 0.236278 0.869631 412.31 0 0
1500 -5.23448 7.69009 17.7843 -0.952702 0.159925 412.482 0 0
1500 115.86 21.082 17.742 0.914758 0.367495 412.489 0 0
1500 65.0056 6.9567 18.1397 0.20005 0.165819 412.481 0 0
1500 72.3134 17.2696 18.3745 0.282918 0.291594 412.533 0 0
1500 84.1021 3.582 17.8667 0.435776 0.046748 412.535 0 0
1500 63.966 59.8598 17.7462 0.155365 0.929872 412.599 0 0
1500 81.3158 21.3841 19.1137 0.494223 0.374311 412.853 0 0
1500 96.4688 35.0234 18.0622 0.669585 0.565326 412.77 0 0
1500 103.859 27.4663 18.2266 0.815575 0.448834 412.869 0 0
1500 64.5578 -43.7779 17.9552 0.0529861 -0.691296 412.75 0 0
1500 170.233 -11.6438 17.9573 1.89399 -0.170067 412.775 0 0
1500 78.3162 16.486 17.8868 0.29328 0.342838 412.893 0 0
1500 73.0757 -15.6041 19.3257 0.391803 -0.25748 412.975 0 0
1500 92.3137 -36.1763 17.7564 0.517712 -0.567937 412.989 0 0
1500 117.115 -21.8456 17.7453 0.947613 -0.296024 413.057 0 0
1500 41.0964 34.4162 17.8874 -0.245223 0.524237 413.086 0 0
1500 106.886 34.3325 18.0796 0.819015 0.544671 413.189 0 0
1500 91.138 9.13554 17.8372 0.538604 0.212503 413.131 0 0
1500 54.424 -6.57774 19.0774 -0.0037482 -0.0720307 413.185 0 0
1500 99.3841 -3.27142 18.5188 0.771116 -0.0720235 413.304 0 0
1500 21.953 50.7 17.8771 -0.53061 0.825992 413.25 0 0
1500 74.4906 19.6937 17.8023 0.291166 0.287982 413.447 0 0
1500 124.312 1.01652 17.747 1.00988 -0.0302559 413.579 0 0
1500 90.8678 -7.35407 18.1389 0.551649 -0.113625 413.625 0 0
1500 87.8568 4.26407 18.9975 0.658569 0.0592889 413.695 0 0
1500 18.939 51.9099 17.7824 -0.587669 0.840973 413.761 0 0
1500 92.5212 -55.9951 17.8883 0.5555 -0.859822 413.828 0 0
1500 26.4149 58.0241 17.7712 -0.469709 0.908945 413.822 0 0
1500 119.73 16.3285 17.897 0.99659 0.25009 413.799 0 0
1500 98.8265 -20.1955 18.5168 0.752716 -0.418175 413.784 0 0
1500 56.0024 -29.3952 17.8323 0.0332036 -0.446608 413.95 0 0
1500 40.5791 -24.6104 17.8755 -0.226248 -0.408181 413.845 0 0
1500 25.7853 -27.0327 17.7866 -0.567965 -0.405582 413.952 0 0
1500 71.4972 14.1773 17.9713 0.181711 0.275697 413.884 0 0
1500 51.453 -9.53398 17.7927 -0.162928 -0.0996721 413.932 0 0
1500 85.1957 -4.46997 18.7364 0.618089 -0.0390526 413.908 0 0
1500 38.9087 2.52124 18.1179 -0.390551 -0.00126592 413.908 0 0
1500 85.9426 -43.1015 17.8494 0.41354 -0.776495 414.035 0 0
1500 57.4466 3.80003 17.7941 -0.0595102 0.11789 414.053 0 0
1500 120.203 -10.6072 17.7516 0.943526 -0.196414 414.1 0 0
1500 34.3326 -40.9386 17.7851 -0.436055 -0.616102 414.154 0 0
1500 62.9161 20.9006 17.7905 0.0146303 0.370804 414.115 0 0
1500 74.7349 -40.8605 17.9864 0.268878 -0.633649 414.246 0 0
1500 66.3004 19.684 18.5044 0.211935 0.324352 414.254 0 0
1500 91.8185 53.9952 17.8133 0.542748 0.818292 414.186 0 0
1500 79.76 -12.3481 17.8449 0.318809 -0.263456 414.32 0 0
1500 87.8348 0.772816 18.9454 0.617186 -0.0514092 414.385 0 0
1500 44.265 -7.33443 18.1735 -0.229891 -0.130024 414.384 0 0
1500 49.6411 62.0082 17.8598 -0.0735025 1.04743 414.385 0 0
1500 116.131 0.124982 17.7759 0.885068 0.037665 414.579 0 0
1500 57.8106 -69.2285 17.9353 0.0461641 -1.20316 414.524 0 0
1500 120.831 -12.5011 17.9673 1.08945 -0.171185 414.593 0 0
1500 69.5267 55.5567 17.8679 0.180131 0.853271 414.689 0 0
1500 66.5736 63.8558 17.8483 0.149944 0.982366 414.774 0 0
1500 39.0532 -28.4722 18.1691 -0.306809 -0.447151 414.812 0 0
1500 101.427 30.1978 17.773 0.728386 0.475524 414.816 0 0
1500 47.1411 -26.834 17.7934 -0.243384 -0.42603 414.751 0 0
1500 119.814 -46.2077 17.8054 0.968451 -0.683382 414.853 0 0
1500 22.5063 -54.9357 17.8545 -0.525606 -0.872727 414.917 0 0
1500 75.1313 -65.902 17.7604 0.318025 -0.996347 414.928 0 0
1500 74.0613 -30.6623 18.0814 0.26325 -0.488422 415.1 0 0
1500 109.888 -45.2367 17.7514 0.814203 -0.625545 415.158 0 0
1500 28.9574 56.699 17.8649 -0.427062 0.911821 415.085 0 0
1500 54.8061 -5.64688 18.0106 -0.0905562 -0.116592 415.123 0 0
1500 47.0884 -28.9611 17.8723 -0.249835 -0.455587 414.951 0 0
1500 86.143 21.424 18.1391 0.420742 0.38554 414.937 0 0
1500 103.063 -16.3372 17.7673 0.685242 -0.273271 415.42 0 0
1500 150.863 -1.93495 17.7942 1.42784 -0.0171561 415.394 0 0
1500 94.4834 55.0689 17.8237 0.602809 0.849487 415.412 0 0
1500 150.966 -45.5745 17.7744 1.44477 -0.635807 415.272 0 0
1500 99.2536 42.9681 17.7708 0.689476 0.662715 415.398 0 0
1500 96.9865 -47.3107 17.7709 0.655845 -0.690289 415.364 0 0
1500 67.9135 -43.3388 17.7891 0.0759203 -0.675288 415.221 0 0
1500 15.1917 45.5228 17.8511 -0.627718 0.751231 416.022 0 0
1500 23.8285 8.16778 18.1165 -0.547065 0.116875 416.074 0 0
1500 26.1021 21.8835 18.0037 -0.524508 0.301661 415.786 0 0
1500 25.3795 15.9705 18.0043 -0.536035 0.212309 415.714 0 0
1500 58.4212 -57.9138 17.7834 -0.0682576 -0.885965 416.117 0 0
1500 35.1281 65.766 17.7852 -0.294849 1.06449 415.711 0 0
1500 -52.7054 -175.906 17.8845 -1.90269 -2.95961 415.727 0 0
1500 95.3769 6.48363 17.8086 0.618476 0.0369917 416.146 0 0
1500 84.6316 57.8822 17.8547 0.416096 0.927481 416.205 0 0
1500 71.3512 24.5612 18.3538 0.291946 0.438029 416.26 0 0
1500 75.4315 -15.0909 18.1915 0.301938 -0.270567 416.33 0 0
1500 78.7352 -11.7706 17.7814 0.339138 -0.206481 416.329 0 0
1500 5.44698 17.256 17.8052 -0.859735 0.234706 416.3 0 0
1500 49.9 -23.0523 17.8357 -0.0831953 -0.422196 416.33 0 0
1500 73.5936 -19.6895 17.8351 0.281112 -0.370116 416.39 0 0
1500 86.6855 37.604 18.34 0.613856 0.662123 416.419 0 0
1500 73.4203 62.4712 17.8507 0.236169 0.995125 416.57 0 0
1500 46.2101 -36.086 17.7996 -0.250217 -0.555387 416.527 0 0
1500 97.0905 -0.0732693 18.6192 0.750585 -0.000353407 416.597 0 0
1500 97.3277 53.4538 17.8971 0.644399 0.825135 416.694 0 0
1500 110.792 12.4994 17.9986 0.887352 0.193719 416.661 0 0
1500 78.88 -0.506896 18.1437 0.363215 -0.0565253 417.129 0 0
1500 57.1755 43.5412 17.7743 0.0352702 0.658255 417.054 0 0
1500 64.1198 45.2373 17.7724 0.132661 0.683181 416.929 0 0
1500 91.7265 55.3848 17.8629 0.536972 0.84956 416.899 0 0
1500 103.085 -6.66372 18.6168 0.833089 -0.095599 416.978 0 0
1500 79.3807 34.5544 18.3495 0.408481 0.582509 416.761 0 0
1500 21.3341 -49.5955 17.7814 -0.621432 -0.753087 416.771 0 0
1500 86.0123 4.70961 17.9127 0.455979 0.147498 416.856 0 0
1500 87.3569 15.7738 17.9108 0.475142 0.315811 417.049 0 0
1500 92.3338 -3.9194 17.9112 0.551417 0.0154659 417.006 0 0
1500 97.4682 51.5486 17.8331 0.569812 0.855867 416.736 0 0
1500 74.4753 -10.0495 17.9081 0.311726 -0.216257 417.089 0 0
1500 129.159 -53.8415 17.7994 1.14764 -0.884019 416.917 0 0
1500 53.9243 4.30681 18.529 -0.0684682 0.123323 416.96 0 0
1500 73.6489 47.6924 17.7727 0.28142 0.698681 417.202 0 0
1500 78.4844 -0.167613 18.878 0.476678 -0.0649071 417.211 0 0
1500 34.535 -61.275 17.7809 -0.421595 -0.921597 417.201 0 0
1500 91.1848 13.68 18.0273 0.588866 0.15617 417.231 0 0
1500 65.2912 30.6202 17.7812 0.147918 0.474587 417.489 0 0
1500 56.7698 48.923 17.8097 -0.026581 0.755732 417.433 0 0
1500 72.3499 64.0974 17.873 0.207909 0.989192 417.276 0 0
1500 108.319 -34.1565 17.8535 0.829527 -0.485299 417.417 0 0
1500 61.1927 3.60168 17.781 0.0712892 0.128947 417.278 0 0
1500 72.7612 -34.0333 18.9672 0.32265 -0.763995 417.386 0 0
1500 38.7947 -5.87635 18.0878 -0.293976 -0.0954419 417.534 0 0
1500 85.0705 59.2716 17.835 0.417672 0.918547 417.513 0 0
1500 9.23736 -50.765 17.923 -0.777689 -0.897404 417.538 0 0
1500 44.6506 82.1232 17.8325 -0.215498 1.26576 417.562 0 0
1500 91.6475 37.6982 18.0338 0.604542 0.58838 417.549 0 0
1500 80.2366 -63.3437 17.8319 0.310468 -0.997653 417.601 0 0
1500 130.391 -9.86297 17.822 1.1721 -0.108956 417.722 0 0
1500 86.7384 -29.1276 18.1711 0.476082 -0.509888 417.859 0 0
1500 106.704 28.2145 17.9814 0.762468 0.437862 417.882 0 0
1500 50.5641 66.5122 17.8555 -0.0987933 1.03235 418.04 0 0
1500 48.3882 -68.8788 17.7819 -0.213726 -1.02337 417.928 0 0
1500 20.2851 24.2287 17.8528 -0.620766 0.313759 417.924 0 0
1500 51.9195 48.9385 17.8243 -0.169658 0.759094 418.064 0 0
1500 75.9756 11.5543 19.1023 0.419204 0.206136 418.224 0 0
1500 50.4652 53.3932 17.9028 -0.08603 0.874417 418.186 0 0
1500 35.1597 36.4058 17.8538 -0.399055 0.600899 418.133 0 0
1500 54.9793 6.82257 17.9305 -0.0248755 0.181517 418.179 0 0
1500 82.7473 -26.7423 17.8678 0.415879 -0.472758 418.305 0 0
1500 84.5044 47.9107 17.863 0.430993 0.710382 418.535 0 0
1500 32.3521 -20.6784 17.8626 -0.41782 -0.281426 418.832 0 0
1500 79.7499 -8.69944 17.783 0.360447 -0.0915921 419.295 0 0
1500 116.253 -23.1455 17.7838 0.899144 -0.312229 418.741 0 0
1500 71.9058 -4.06462 19.0961 0.358516 -0.128638 419.221 0 0
1500 111.184 -4.2117 17.9949 0.892049 -0.075294 418.993 0 0
1500 105.433 -31.2066 17.8952 0.76536 -0.526186 418.903 0 0
1500 92.1374 -37.2027 17.805 0.585275 -0.596294 418.715 0 0
1500 85.7758 -11.4103 17.8334 0.505663 -0.170121 419.304 0 0
1500 87.6719 10.8433 18.4702 0.585691 0.250817 419.265 0 0
1500 30.9458 -14.8002 17.9874 -0.413958 -0.229714 419.399 0 0
1500 117.799 33.5877 17.8217 0.914122 0.485487 419.433 0 0
1500 97.7406 -54.2998 17.8775 0.578544 -0.85312 419.385 0 0
1500 57.2331 42.3078 17.978 -0.0084462 0.711451 419.412 0 0
1500 57.2543 52.3208 17.8034 -0.0706418 0.837609 419.416 0 0
1500 109.969 4.66817 17.9107 0.852444 0.0127614 419.352 0 0
1500 92.0345 41.4106 17.794 0.546693 0.601301 419.624 0 0
1500 35.0917 46.6226 17.803 -0.405442 0.750697 419.48 0 0
1500 95.8309 -24.6875 17.9577 0.598114 -0.447535 419.741 0 0
1500 86.2547 -6.3791 18.0384 0.534849 -0.0995679 419.503 0 0
1500 82.5909 -15.0343 17.8626 0.441183 -0.280282 419.647 0 0
1500 37.4048 -7.88562 17.8492 -0.389266 -0.122988 419.892 0 0
1500 132.102 -67.013 17.8716 1.23935 -1.04977 419.951 0 0
1500 71.7997 -3.07458 17.8895 0.27656 -0.101466 419.973 0 0
1500 67.486 -55.3321 17.8627 0.180522 -0.882612 419.987 0 0
1500 -3.45992 -12.0632 17.8158 -0.941166 -0.195833 420.018 0 0
1500 30.8133 -7.15996 17.8561 -0.412811 -0.186759 420.007 0 0
1500 25.3803 -47.4994 17.8506 -0.475076 -0.737871 420.167 0 0
1500 71.2804 -13.2521 18.0629 0.204838 -0.271283 420.201 0 0
1500 26.8618 51.2213 17.9575 -0.584609 0.819195 420.18 0 0
1500 2.25298 10.6954 17.8011 -0.858428 0.139478 420.512 0 0
1500 40.1759 26.5863 17.8759 -0.303633 0.501153 420.522 0 0
1500 40.46 -2.0448 17.8958 -0.310058 0.0429319 420.483 0 0
1500 116.899 0.551744 18.3319 1.10376 -0.0118661 420.354 0 0
1500 176.421 32.6024 18.0295 2.05973 0.609748 420.312 0 0
1500 0.516364 -2.46117 17.8223 -0.876881 -0.0584016 420.624 0 0
1500 47.0207 -63.3386 17.7833 -0.156862 -1.01124 420.602 0 0
1500 64.3575 45.5478 17.8783 0.16452 0.790921 420.598 0 0
1500 55.8071 -4.83362 17.9055 -0.0571698 -0.124135 420.652 0 0
1500 74.3428 5.01679 17.9403 0.291899 0.112726 420.852 0 0
1500 86.0604 8.05557 17.8102 0.455471 0.129305 420.722 0 0
1500 92.058 -14.4184 18.0583 0.517371 -0.287016 420.662 0 0
1500 60.6354 -38.3539 18.3453 0.0543584 -0.740862 420.731 0 0
1500 15.1494 2.20403 17.813 -0.667626 0.0191396 421.402 0 0
1500 43.2086 66.4808 17.851 -0.263293 1.00658 421.492 0 0
1500 3.41824 36.4818 17.8001 -0.860939 0.581877 421.254 0 0
1500 60.6206 -34.0334 18.1744 0.0862729 -0.585887 421.277 0 0
1500 79.1898 -9.87916 18.1873 0.433675 -0.109716 421.248 0 0
1500 87.0661 -38.9252 17.8784 0.501638 -0.640494 421.239 0 0
1500 42.7546 -41.0846 17.9738 -0.270675 -0.662795 421.347 0 0
1500 53.9201 -204.496 17.7978 -0.0882899 -3.20398 421.208 0 0
1500 29.0178 -3.58921 17.8167 -0.456886 -0.00677384 421.509 0 0
1500 100.432 -24.5762 17.8651 0.717953 -0.399069 421.611 0 0
1500 89.943 -106.019 17.8796 0.522898 -1.7054 421.527 0 0
1500 67.6811 12.4211 17.8146 0.0939705 0.247189 421.523 0 0
1500 81.9271 61.9713 17.7694 0.366927 0.965938 421.839 0 0
1500 44.8968 8.09874 18.1268 -0.206851 0.180688 421.641 0 0
1500 71.9267 -3.38454 17.857 0.295613 -0.0453288 421.809 0 0
1500 48.5639 35.461 17.9862 -0.154639 0.540924 421.859 0 0
1500 100.982 -41.2689 17.8389 0.647264 -0.646988 421.905 0 0
1500 36.6546 42.8561 17.985 -0.410127 0.679365 421.955 0 0
1500 89.1828 -7.62393 18.2788 0.600524 -0.100533 422.087 0 0
1500 30.0278 -47.6745 17.9693 -0.457716 -0.753885 422.085 0 0
1500 83.5065 -14.4696 18.2666 0.445921 -0.291245 422.062 0 0
1500 35.6788 -15.5105 17.8079 -0.422483 -0.241117 422.096 0 0
1500 60.5832 14.6765 18.1599 -0.00855846 0.308235 422.133 0 0
1500 45.6695 5.32504 17.8269 -0.238492 0.0619947 422.254 0 0
1500 37.1104 64.2228 17.8041 -0.359496 0.974753 422.323 0 0
1500 41.0309 30.9816 17.8059 -0.339052 0.472753 422.303 0 0
1500 16.1125 46.9597 17.8162 -0.637935 0.728277 422.454 0 0
1500 -8.15857 16.1086 17.824 -1.02517 0.190944 422.387 0 0
1500 3.6571 -35.7838 17.8126 -0.874989 -0.534328 422.515 0 0
1500 56.9685 61.7673 17.8605 0.0340522 0.979181 422.375 0 0
1500 81.6767 44.089 17.8954 0.406319 0.728237 422.409 0 0
1500 46.9911 37.0427 17.8051 -0.247295 0.564946 422.392 0 0
1500 -6.1858 -23.9033 17.8057 -0.983158 -0.300855 422.575 0 0
1500 40.291 -30.3048 18.0611 -0.292425 -0.506592 422.677 0 0
1500 107.81 4.11516 17.8407 0.826293 0.0897562 422.684 0 0
1500 107.556 16.4989 17.8951 0.787349 0.346191 422.622 0 0
1500 132.015 -8.3849 17.918 1.18589 -0.17505 422.784 0 0
1500 68.5319 4.79099 17.8031 0.195562 0.00583663 422.824 0 0
1500 56.7929 57.0915 17.7925 -0.0369158 0.876999 422.931 0 0
1500 95.1383 16.8655 17.8328 0.600135 0.326242 422.888 0 0
1500 74.7084 20.8478 18.0871 0.301766 0.330707 422.966 0 0
1500 63.0289 1.62899 18.0797 0.139512 0.0766083 423.16 0 0
1500 64.073 -39.796 17.8561 0.121953 -0.614676 423.219 0 0
1500 7.53115 25.1242 17.8248 -0.751868 0.411956 423.25 0 0
1500 123.261 -15.1727 17.8584 1.02734 -0.207365 423.256 0 0
1500 80.8523 48.5574 18.0497 0.388308 0.793961 423.233 0 0
1500 66.843 9.16245 18.2699 0.132376 0.182713 423.176 0 0
1500 39.5379 49.2972 17.7996 -0.357386 0.744173 423.136 0 0
1500 90.8484 -43.6725 18.2791 0.595362 -0.740528 423.309 0 0
1500 56.6352 64.7019 17.8118 -0.0755402 0.967667 423.324 0 0
1500 70.3159 -36.0342 18.2797 0.194192 -0.591332 423.343 0 0
1500 136.426 153.634 17.8069 1.27925 2.42343 423.433 0 0
1500 -5.24153 3.81673 17.9123 -0.994636 0.0560743 423.588 0 0
1500 87.0179 -24.9092 18.166 0.495647 -0.44625 423.53 0 0
1500 74.9857 22.8696 18.2155 0.326918 0.3584 423.658 0 0
1500 92.4412 -47.4151 17.8019 0.493391 -0.742292 423.626 0 0
1500 29.009 -24.5787 18.0642 -0.532544 -0.360263 423.662 0 0
1500 97.2869 -23.2655 17.9235 0.600115 -0.380018 423.776 0 0
1500 124.048 -3.59895 17.8616 1.04123 -0.0799243 423.72 0 0
1500 70.6936 -41.2709 18.0329 0.204995 -0.694496 423.81 0 0
1500 56.6915 -15.2595 18.3536 0.00101783 -0.25573 423.938 0 0
1500 111.267 -36.4509 17.8368 0.862164 -0.513172 423.939 0 0
1500 111.711 -26.1933 17.8422 0.879542 -0.384088 423.964 0 0
1500 -0.00880257 -8.86724 17.7963 -0.944945 -0.135085 423.93 0 0
1500 83.7197 9.60161 18.2964 0.471138 0.146349 424.027 0 0
1500 117.717 -10.7311 18.8818 1.24916 -0.245265 424.031 0 0
1500 122.328 21.2897 17.8632 1.00911 0.282174 424.191 0 0
1500 -8.56824 -5.37787 17.9125 -1.03383 -0.0790391 424.24 0 0
1500 27.2547 25.2198 17.9795 -0.519382 0.396916 424.128 0 0
1500 88.7959 -9.16231 18.047 0.51984 -0.210997 424.252 0 0
1500 63.1566 -7.28458 17.8941 0.076523 -0.189543 424.265 0 0
1500 51.1491 35.1357 17.8408 -0.134194 0.544545 424.381 0 0
1500 44.6811 -23.5836 17.9348 -0.209476 -0.43611 424.386 0 0
1500 60.8546 54.4041 17.8238 -0.0150559 0.808206 424.399 0 0
1500 47.154 -48.7435 17.8482 -0.196015 -0.803731 424.41 0 0
1500 45.4254 6.08257 17.8497 -0.212129 0.139958 424.913 0 0
1500 39.9176 -29.6421 17.821 -0.245946 -0.481028 425.013 0 0
1500 90.7191 -57.2708 17.881 0.529368 -0.872189 424.668 0 0
1500 82.6969 59.0584 17.8248 0.397857 0.939778 424.964 0 0
1500 -0.167944 18.4265 17.8445 -0.928401 0.306492 425.027 0 0
1500 64.0933 17.3849 18.2383 0.07195 0.273765 424.761 0 0
1500 89.3095 37.7165 17.8902 0.448321 0.63925 424.985 0 0
1500 62.298 -8.54373 18.0135 0.116138 -0.203535 424.697 0 0
1500 34.4971 -19.22 17.905 -0.421018 -0.260174 425.011 0 0
1500 61.5528 -83.8831 17.9208 0.093307 -1.39537 424.807 0 0
1500 13.3852 20.8982 18.0607 -0.74651 0.417184 425.067 0 0
1500 27.7635 25.3405 17.834 -0.475663 0.395458 425.116 0 0
1500 76.8006 25.1429 18.4615 0.412024 0.426049 425.296 0 0
1500 111.037 -13.5242 17.853 0.856197 -0.148549 425.31 0 0
1500 56.077 50.8514 17.8543 0.0260564 0.826589 425.096 0 0
1500 78.1257 -1.98422 17.8398 0.294932 -0.106691 425.084 0 0
1500 105.224 4.04776 17.9831 0.770245 0.145809 425.148 0 0
1500 0.169375 13.9249 17.8853 -0.892691 0.274877 425.814 0 0
1500 61.3774 -50.5673 17.9249 0.0458745 -0.835977 425.482 0 0
1500 106.843 29.7093 17.9731 0.790261 0.562322 425.755 0 0
1500 93.8387 -55.9552 17.8436 0.498374 -0.892063 425.946 0 0
1500 23.1073 38.9883 17.9908 -0.573073 0.612572 425.939 0 0
1500 15.7236 -45.448 17.8643 -0.746593 -0.787902 425.978 0 0
1500 111.324 -57.7658 18.0903 0.94497 -1.00434 425.943 0 0
1500 48.8246 68.0569 17.8451 -0.196132 1.02717 426.186 0 0
1500 52.8937 -4.75447 17.9646 -0.139979 -0.0704795 426.216 0 0
1500 75.1167 -1.04835 18.0088 0.322106 -0.00228089 426.333 0 0
1500 63.925 -66.3937 17.8439 0.0559348 -1.03974 426.375 0 0
1500 116.769 22.6278 17.8489 0.92743 0.391086 426.407 0 0
1500 38.0302 60.711 17.7852 -0.338561 0.966224 426.464 0 0
1500 40.6278 33.0693 17.9656 -0.228542 0.568649 426.356 0 0
1500 96.0108 25.2444 17.9986 0.668136 0.409611 426.399 0 0
1500 75.6756 17.37 18.1187 0.293179 0.340207 426.332 0 0
1500 28.2871 28.6165 17.8186 -0.478169 0.510027 426.419 0 0
1500 74.2965 5.56065 18.1344 0.337013 0.0255952 426.399 0 0
1500 39.2358 154.023 17.8488 -0.261318 2.5125 426.285 0 0
1500 71.0238 -0.990176 18.4528 0.262198 -0.0786259 426.614 0 0
1500 63.912 -5.95238 18.3387 0.124092 -0.145329 426.654 0 0
1500 66.2747 37.8055 17.9646 0.154764 0.63751 426.567 0 0
1500 77.4973 20.8956 18.3095 0.353667 0.386988 426.617 0 0
1500 86.1649 2.34772 18.3101 0.483661 0.109897 426.554 0 0
1500 109.725 -17.3277 18.0587 0.831851 -0.32752 426.745 0 0
1500 85.1123 -49.317 17.822 0.392971 -0.821179 426.839 0 0
1500 30.7802 35.5989 17.9559 -0.467401 0.57599 426.829 0 0
1500 35.4715 -15.4609 17.9746 -0.406995 -0.248036 426.851 0 0
1500 95.4768 -20.6695 17.9058 0.579024 -0.336262 426.908 0 0
1500 70.0241 -35.54 17.9707 0.153701 -0.605013 426.937 0 0
1500 72.0377 -63.6505 17.9575 0.200307 -1.0468 427.106 0 0
1500 83.5871 -31.7991 17.8775 0.475225 -0.482321 427.126 0 0
1500 79.0005 -23.4644 17.8534 0.404581 -0.353192 427.079 0 0
1500 115.445 -7.86608 17.8557 0.880286 -0.0852542 427.297 0 0
1500 113.38 35.9624 17.8489 0.867064 0.582515 427.184 0 0
1500 87.8521 -11.4494 18.1266 0.533793 -0.239335 427.502 0 0
1500 69.5803 -21.3777 17.9559 0.17179 -0.405754 427.381 0 0
1500 111.386 14.8179 17.8311 0.809587 0.169038 427.618 0 0
1500 45.5972 60.8074 17.8395 -0.144588 0.928194 427.693 0 0
1500 104.504 -44.832 17.9439 0.75503 -0.707384 427.609 0 0
1500 6.0464 16.83 17.8414 -0.819089 0.326638 427.619 0 0
1500 28.5406 -15.5929 17.9526 -0.463042 -0.314892 427.615 0 0
1500 24.9245 43.3152 17.8405 -0.530626 0.728715 427.736 0 0
1500 48.9151 -17.454 18.0919 -0.121358 -0.300267 427.851 0 0
1500 43.4616 13.9579 18.0957 -0.222409 0.23089 427.934 0 0
1500 10.4103 -27.5055 17.8591 -0.758014 -0.454679 427.83 0 0
1500 -12.1658 11.6241 17.895 -1.11484 0.202746 427.873 0 0
1500 46.7616 25.7773 18.1621 -0.133925 0.470315 427.84 0 0
1500 47.7465 -36.0594 17.9447 -0.157379 -0.631246 427.921 0 0
1500 100.97 -31.4206 17.8697 0.732637 -0.470259 427.99 0 0
1500 84.038 -31.5011 17.8978 0.486216 -0.48123 427.996 0 0
1500 51.7497 67.0187 17.8858 -0.116053 1.03555 428.053 0 0
1500 -3.24157 19.0369 17.9351 -1.00271 0.311471 428.066 0 0
1500 112.535 30.2864 18.0334 0.892714 0.562048 428.031 0 0
1500 69.6312 -21.3198 18.2057 0.200306 -0.357212 428.334 0 0
1500 2.25484 25.8746 17.9461 -0.884254 0.419094 428.175 0 0
1500 21.9613 -53.3636 17.8046 -0.617702 -0.784063 428.313 0 0
1500 169.731 11.5949 17.8783 1.81335 0.189002 428.224 0 0
1500 71.5598 -5.24817 17.9757 0.16004 -0.119622 428.385 0 0
1500 73.6719 2.75207 17.9057 0.309382 -0.0101158 428.228 0 0
1500 63.5394 -7.36093 18.4019 0.0693825 -0.184239 428.265 0 0
1500 104.439 -1.33204 18.6826 0.847798 -0.0536398 428.854 0 0
1500 81.9474 18.146 18.8445 0.491025 0.27799 428.583 0 0
1500 54.9967 -7.30993 17.9646 -0.0378029 -0.167811 428.985 0 0
1500 93.8094 7.48324 17.8775 0.569664 0.109961 429.007 0 0
1500 32.7986 -42.4347 17.8241 -0.424795 -0.596421 428.523 0 0
1500 87.4862 58.2313 17.8548 0.476782 0.891174 428.595 0 0
1500 94.0087 17.3411 18.8334 0.679786 0.317252 429.072 0 0
1500 150.485 21.2352 17.8148 1.40343 0.299415 429.245 0 0
1500 -6.36352 12.1673 17.8348 -0.989663 0.25095 428.842 0 0
1500 117.512 20.892 17.8374 0.94654 0.371718 428.441 0 0
1500 70.1403 48.5431 18.0647 0.240723 0.803802 428.432 0 0
1500 89.4067 -45.5129 17.8888 0.561503 -0.688103 428.862 0 0
1500 80.8775 6.88664 18.2021 0.445603 0.0455002 428.65 0 0
1500 46.4814 43.7757 17.9558 -0.19219 0.739265 429.179 0 0
1500 51.4011 14.4896 17.8577 -0.174818 0.194845 428.489 0 0
1500 84.1776 35.2324 17.9061 0.511451 0.578182 428.505 0 0
1500 85.7774 48.2766 18.146 0.452025 0.795808 429.357 0 0
1500 99.6601 -42.8146 17.9311 0.628408 -0.719469 429.349 0 0
1500 79.2483 7.52387 18.0966 0.351638 0.0621481 429.49 0 0
1500 107.635 -11.246 17.8682 0.748533 -0.207329 429.459 0 0
1500 82.6265 7.84415 18.3358 0.498931 0.164956 429.434 0 0
1500 89.3641 -35.4623 18.0388 0.551831 -0.596691 429.45 0 0
1500 102.233 -10.3734 17.9064 0.706605 -0.234053 429.426 0 0
1500 44.541 39.068 17.882 -0.150597 0.660568 429.388 0 0
1500 76.3186 6.40528 18.0085 0.382226 0.108417 429.485 0 0
1500 -9.10674 -2.0993 17.889 -1.04312 -0.0357247 429.532 0 0
1500 90.6369 20.8146 18.6399 0.586141 0.37991 429.527 0 0
1500 34.995 61.8212 17.8337 -0.366898 0.981639 429.641 0 0
1500 12.0253 43.9108 17.8236 -0.766258 0.661063 429.607 0 0
1500 -40.1222 47.6008 17.8134 -1.54026 0.783592 429.706 0 0
1500 55.8782 -25.8089 18.1144 -0.0639144 -0.433 429.64 0 0
1500 64.1675 -25.1726 18.0292 0.156363 -0.456301 429.578 0 0
1500 69.7795 -7.42158 17.9678 0.274868 -0.133026 429.611 0 0
1500 113.327 0.877612 17.8097 0.853735 -0.0626817 429.861 0 0
1500 8.30832 -45.7195 17.8041 -0.799752 -0.65012 430.252 0 0
1500 87.836 -26.5645 18.2174 0.496157 -0.477428 430.309 0 0
1500 90.1373 46.0535 17.8233 0.565471 0.699153 430.083 0 0
1500 66.0615 44.1282 18.069 0.133833 0.752806 430.286 0 0
1500 100.816 55.5786 17.8817 0.753314 0.902294 430.298 0 0
1500 57.4516 51.1603 17.8444 0.0642626 0.834747 430.037 0 0
1500 132.573 12.8226 18.172 1.28784 0.260721 430.05 0 0
1500 126.625 44.3264 18.0744 1.20609 0.710457 430.031 0 0
1500 72.4735 64.6939 17.9342 0.304971 1.12462 430.088 0 0
1500 68.9698 -18.331 17.9024 0.161199 -0.325229 430.494 0 0
1500 -1.13601 29.0659 17.8217 -0.952703 0.432831 430.399 0 0
1500 63.9428 -29.5985 18.2162 0.152572 -0.527049 430.415 0 0
1500 56.7091 -8.20032 17.8626 -0.0547037 -0.198131 430.514 0 0
1500 83.5796 45.2514 17.821 0.342999 0.715319 430.885 0 0
1500 118.357 27.9279 17.8407 0.921789 0.486594 430.701 0 0
1500 22.0388 -49.5432 17.9502 -0.588924 -0.780201 430.755 0 0
1500 44.1924 52.9481 17.9179 -0.199851 0.879161 430.89 0 0
1500 77.9326 48.2562 17.8791 0.318553 0.81156 430.623 0 0
1500 92.1633 32.3507 17.94 0.568046 0.563584 430.67 0 0
1500 11.0913 48.8233 17.8379 -0.794051 0.82738 430.713 0 0
1500 31.62 -64.3138 18.0717 -0.419325 -1.11073 430.894 0 0
1500 77.3512 19.0589 18.337 0.286356 0.387599 430.838 0 0
1500 39.9486 -64.0403 17.9259 -0.264947 -1.01422 430.994 0 0
1500 97.1999 9.07076 18.1313 0.652178 0.212211 430.933 0 0
1500 92.3421 20.8508 17.8587 0.5925 0.371036 430.988 0 0
1500 77.0129 27.2733 17.8822 0.314855 0.430325 431.066 0 0
1500 91.1595 75.0653 17.8182 0.519792 1.1133 431.144 0 0
1500 47.1907 -51.0461 17.8335 -0.170046 -0.792913 431.372 0 0
1500 64.0735 -66.6243 17.8076 0.149708 -1.01067 431.435 0 0
1500 122.425 -10.9102 17.8292 1.0298 -0.180478 431.357 0 0
1500 65.9566 -62.0649 17.8933 0.145494 -1.00173 431.142 0 0
1500 117.93 -6.06239 17.8583 0.957943 -0.0327082 431.186 0 0
1500 21.0479 9.2382 17.9585 -0.616775 0.0982303 431.325 0 0
1500 24.7939 -9.4138 17.8541 -0.549695 -0.215185 431.094 0 0
1500 44.3517 -11.0799 17.9742 -0.270711 -0.154112 431.253 0 0
1500 75.8465 -30.997 17.8676 0.221878 -0.532395 431.341 0 0
1500 71.5041 -4.33357 17.8654 0.224463 0.00962597 431.105 0 0
1500 122.058 -17.9553 17.9943 1.09612 -0.252355 431.303 0 0
1500 24.1112 77.0722 17.9275 -0.502305 1.2996 431.038 0 0
1500 43.6205 41.5109 17.9131 -0.254558 0.612893 431.622 0 0
1500 108.73 -41.6045 17.8518 0.81054 -0.664043 431.741 0 0
1500 123.968 -1.298 17.8648 1.03716 0.0360073 431.795 0 0
1500 130.485 7.88533 17.7998 1.15737 0.151019 431.513 0 0
1500 72.2493 -23.4407 18.3169 0.217873 -0.397762 431.636 0 0
1500 75.2742 -25.5328 18.2222 0.34007 -0.459673 431.599 0 0
1500 98.2177 -36.8295 17.8384 0.68209 -0.52506 431.554 0 0
1500 114.521 25.513 17.9062 0.904874 0.481791 431.551 0 0
1500 61.9999 11.1008 17.9196 0.117528 0.244605 431.713 0 0
1500 50.0933 80.3793 17.971 -0.186549 1.38981 431.595 0 0
1500 88.9819 -25.035 17.9905 0.446754 -0.417391 432.145 0 0
1500 22.0782 -91.2048 17.8116 -0.57301 -1.36042 432.259 0 0
1500 59.387 -61.2519 17.9994 0.0604269 -0.987843 432.028 0 0
1500 91.5275 50.9659 17.9302 0.547561 0.831622 431.957 0 0
1500 103.107 33.5175 17.8839 0.769508 0.516502 432.064 0 0
1500 82.371 -50.199 17.8309 0.356485 -0.839381 432.162 0 0
1500 30.4587 -28.3747 17.9655 -0.482016 -0.418872 431.864 0 0
1500 58.8878 -38.9474 17.8638 -0.00933129 -0.674789 432.024 0 0
1500 49.8635 12.1356 17.975 -0.112159 0.266305 432.011 0 0
1500 110.834 -38.8849 18.0523 0.942896 -0.630203 431.989 0 0
1500 91.4272 101.298 17.8741 0.611829 1.63011 432.012 0 0
1500 84.1309 -8.09607 18.8273 0.579604 -0.128763 432.518 0 0
1500 91.6507 52.659 17.8327 0.583969 0.795302 432.563 0 0
1500 20.7483 37.2199 17.8467 -0.535411 0.637262 432.457 0 0
1500 91.2058 -49.5001 17.8532 0.450735 -0.802606 432.703 0 0
1500 9.09621 -19.5173 17.8556 -0.800794 -0.348406 432.415 0 0
1500 6.58044 -11.8465 17.8557 -0.839385 -0.231353 432.401 0 0
1500 77.1766 45.5767 17.8347 0.226434 0.737072 432.497 0 0
1500 35.6092 4.39589 17.9363 -0.36416 0.140884 432.548 0 0
1500 41.9776 10.5592 17.8639 -0.320197 0.195604 432.647 0 0
1500 17.3407 4.56932 17.9674 -0.61556 0.0941133 432.879 0 0
1500 87.2404 -9.76728 17.8634 0.453589 -0.191985 433.08 0 0
1500 111.886 -36.018 17.8101 0.854692 -0.543608 432.868 0 0
1500 22.3965 -58.6215 17.8026 -0.486486 -0.926005 432.936 0 0
1500 89.5085 -10.0488 18.3625 0.606966 -0.192653 432.79 0 0
1500 88.0822 -43.953 17.8776 0.503845 -0.734042 432.927 0 0
1500 34.7439 29.8949 17.8559 -0.429332 0.493194 433.222 0 0
1500 118.293 -0.820635 18.0885 1.07509 -0.0809785 433.006 0 0
1500 89.3291 9.01356 18.1575 0.530514 0.093468 433.372 0 0
1500 103.671 26.4643 18.0867 0.784673 0.437095 433.463 0 0
1500 74.2214 56.9214 17.8405 0.257799 0.935424 433.388 0 0
1500 50.1034 -45.1594 17.8661 -0.186651 -0.728404 433.308 0 0
1500 117.499 20.9988 17.8904 0.970822 0.390985 433.314 0 0
1500 89.08 -1.69999 17.9245 0.592554 -0.0370435 433.3 0 0
1500 71.3136 32.8584 18.2325 0.243171 0.518717 433.833 0 0
1500 67.7227 41.0807 17.8586 0.160089 0.647979 434.257 0 0
1500 94.5762 -51.2013 17.8204 0.599606 -0.743172 433.755 0 0
1500 101.702 37.6553 17.8987 0.69653 0.61122 433.963 0 0
1500 0.6928 -30.4676 17.94 -0.898424 -0.49591 433.635 0 0
1500 -4.10202 -22.1726 17.8463 -0.974528 -0.378173 434.281 0 0
1500 53.4938 63.4071 17.8374 -0.0550414 1.02333 434.045 0 0
1500 45.1616 63.1078 17.8199 -0.148473 1.00736 434.017 0 0
1500 96.2914 -5.07199 18.13 0.652902 -0.146835 433.723 0 0
1500 23.6873 40.9677 17.919 -0.537402 0.693841 433.998 0 0
1500 85.074 49.5165 17.9174 0.394748 0.821294 434.2 0 0
1500 47.0258 -49.1203 17.9285 -0.186216 -0.818174 433.895 0 0
1500 73.1678 50.1684 17.8492 0.164001 0.79976 433.81 0 0
1500 10.3749 -25.9859 17.8463 -0.795641 -0.366833 434.11 0 0
1500 94.0381 -20.1504 17.9211 0.626195 -0.262974 433.979 0 0
1500 57.6635 -42.7006 17.8106 0.0609689 -0.693922 433.709 0 0
1500 105.146 -61.7207 17.8599 0.760004 -1.01908 434.194 0 0
1500 29.0793 -31.2141 17.8256 -0.4718 -0.555883 434.093 0 0
1500 56.3025 37.4224 17.8708 0.00176819 0.65234 434.168 0 0
1500 54.3603 8.82373 17.922 -0.0600963 0.214692 434.281 0 0
1500 67.2873 -36.8136 18.5476 0.166886 -0.664437 433.786 0 0
1500 45.7335 -24.8681 17.9556 -0.178183 -0.413722 434.576 0 0
1500 118.017 26.2579 17.8292 0.942922 0.421253 434.47 0 0
1500 -3.85055 -23.4233 17.8462 -0.969259 -0.396109 434.388 0 0
1500 121.293 -17.217 17.8697 0.986934 -0.319736 434.425 0 0
1500 96.0855 53.0783 17.8365 0.579549 0.864171 434.395 0 0
1500 119.43 -4.31899 17.8881 0.973685 -0.00111183 434.344 0 0
1500 27.7007 48.0042 17.8439 -0.528599 0.759505 434.415 0 0
1500 94.0098 14.9143 17.8992 0.620718 0.180641 434.562 0 0
1500 40.1871 1.08251 17.9209 -0.281015 0.0937698 434.348 0 0
1500 79.061 2.18362 17.8185 0.371283 0.0976392 434.448 0 0
1500 -9.45835 12.3541 17.9377 -1.14822 0.239876 434.536 0 0
1500 88.3786 -11.5982 18.0983 0.602241 -0.154028 434.42 0 0
1500 63.6441 -7.50172 17.9555 0.0788989 -0.172594 434.988 0 0
1500 59.0488 -6.76176 17.9557 0.0150635 -0.162274 435.006 0 0
1500 101.792 -18.8584 18.0538 0.692183 -0.314127 434.671 0 0
1500 39.5481 -11.1355 17.9136 -0.318821 -0.160995 435.456 0 0
1500 37.497 4.66837 17.8765 -0.352118 0.0520568 435.275 0 0
1500 56.2322 -18.251 17.9744 -0.0700893 -0.287486 436.095 0 0
1500 19.6633 -27.7524 17.8339 -0.603276 -0.434615 434.648 0 0
1500 74.059 44.6736 17.8796 0.279911 0.685344 435.226 0 0
1500 97.0426 -15.6051 18.0953 0.664375 -0.224815 434.626 0 0
1500 92.0906 12.5383 17.9974 0.588795 0.183313 435.389 0 0
1500 -5.1966 49.812 17.8218 -0.951976 0.79084 435.171 0 0
1500 115.118 33.607 17.8381 0.844158 0.56166 435.893 0 0
1500 68.6427 -65.7291 17.846 0.13456 -1.03568 435.341 0 0
1500 111.759 -22.6123 18.1063 0.916412 -0.353371 434.636 0 0
1500 103.8 43.1923 18.0293 0.76653 0.680914 435.474 0 0
1500 120.872 -13.9136 18.0097 1.02285 -0.184412 435.937 0 0
1500 67.9115 -65.437 17.9178 0.128324 -1.0358 435.866 0 0
1500 73.0186 34.0521 17.8563 0.272868 0.570302 435.154 0 0
1500 52.7367 36.4918 17.8571 -0.0308079 0.608648 434.953 0 0
1500 175.856 39.258 17.8404 1.82014 0.661896 434.605 0 0
1500 99.7819 49.5494 17.9445 0.64556 0.808653 436.035 0 0
1500 62.6301 -10.3277 18.5356 0.151966 -0.229943 435.243 0 0
1500 93.1185 -47.7898 18.1205 0.593094 -0.777341 436.084 0 0
1500 116.381 -28.5647 17.793 0.868136 -0.505637 435.384 0 0
1500 115.429 12.7361 17.7989 0.937466 0.161597 434.965 0 0
1500 1.31698 -25.5049 17.8129 -0.880031 -0.456968 435.611 0 0
1500 43.2626 -33.8817 18.0952 -0.256976 -0.557024 435.907 0 0
1500 73.9101 3.77724 17.9094 0.322124 0.100348 435.128 0 0
1500 28.5491 -2.71813 17.8567 -0.512215 0.0126442 435.786 0 0
1500 95.4572 -4.6579 17.9776 0.589202 -0.150365 435.344 0 0
1500 72.9659 22.9735 17.9164 0.321161 0.351454 435.527 0 0
1500 28.4751 66.8301 18.0212 -0.519075 1.10721 435.252 0 0
1500 86.3006 50.6986 17.8941 0.527948 0.848123 435.75 0 0
1500 141.207 33.2745 17.9099 1.44453 0.563733 436.016 0 0
1500 48.6148 -17.4428 18.3698 -0.203789 -0.306958 435.3 0 0
1500 26.293 59.022 17.8371 -0.534903 0.901535 436.272 0 0
1500 126.578 44.1668 18.0182 1.16697 0.810652 436.236 0 0
1500 64.9692 7.83193 18.0393 0.16339 0.161742 437.091 0 0
1500 31.5533 3.18171 17.875 -0.427344 0.00863175 436.84 0 0
1500 60.7674 48.7525 17.9897 0.0420034 0.755659 437.081 0 0
1500 116.713 -2.29061 17.955 0.919602 -0.00289863 436.777 0 0
1500 23.9528 48.7234 17.8439 -0.476878 0.77052 436.904 0 0
1500 -8.63597 2.07138 17.8574 -1.043 0.00527336 436.408 0 0
1500 112.848 -40.6656 17.7904 0.800917 -0.67629 436.54 0 0
1500 -2.54935 -30.0546 17.791 -0.902409 -0.515277 437.035 0 0
1500 105.353 -43.5637 17.9641 0.778672 -0.688191 436.786 0 0
1500 73.2856 -63.6574 17.8641 0.251705 -1.01505 436.952 0 0
1500 114.303 33.6742 17.8525 0.865704 0.572388 436.65 0 0
1500 62.165 59.272 17.9889 0.0658214 0.962118 436.897 0 0
1500 104.429 -38.3077 17.882 0.781052 -0.58954 436.84 0 0
1500 95.1476 -3.57381 17.851 0.600451 -0.129453 436.957 0 0
1500 65.2454 -16.0008 18.16 0.126875 -0.288229 438.16 0 0
1500 93.4197 -11.7675 18.2398 0.595723 -0.2017 438.37 0 0
1500 92.6728 -10.3818 17.8638 0.544187 -0.101354 437.344 0 0
1500 16.4018 -15.1155 17.9566 -0.628166 -0.252793 437.544 0 0
1500 27.4791 2.54689 17.8705 -0.477894 -0.0106277 438.208 0 0
1500 111.997 -13.2117 17.8298 0.83493 -0.155779 438.104 0 0
1500 140.911 -16.2083 17.8445 1.25383 -0.268565 438.042 0 0
1500 47.6312 65.6886 17.8394 -0.215985 0.984221 437.362 0 0
1500 114.701 -32.8666 17.9524 0.914668 -0.506156 437.754 0 0
1500 112.29 -65.8356 17.8837 0.876262 -1.02347 437.408 0 0
1500 -48.5063 -17.0966 17.797 -1.68581 -0.247736 437.459 0 0
1500 69.4852 74.866 17.972 0.213321 1.20646 437.493 0 0
1500 118.094 -73.2789 17.8118 0.924944 -1.17657 438.133 0 0
1500 4.72604 37.1372 17.794 -0.867487 0.514969 438.165 0 0
1500 18.1612 15.7478 18.0121 -0.646648 0.28769 437.266 0 0
1500 19.2602 -7.84774 17.9968 -0.647012 -0.142278 437.97 0 0
1500 58.4367 -35.5526 17.9999 -0.0459197 -0.569576 437.73 0 0
1500 78.2033 10.671 18.2115 0.425569 0.204396 437.984 0 0
1500 59.6473 -2.22705 17.8703 0.0713784 -0.100226 437.266 0 0
1500 59.4738 -6.41981 17.8698 0.0686278 -0.165856 437.295 0 0
1500 62.906 30.693 18.3636 0.0970304 0.595832 437.907 0 0
1500 66.7249 -35.7756 18.0264 0.109231 -0.682968 437.706 0 0
1500 129.733 36.9359 18.1061 1.29203 0.743704 438.07 0 0
1500 72.6488 -9.83463 18.4005 0.295656 -0.195231 439.255 0 0
1500 59.9649 24.0322 17.9975 0.0933632 0.37968 440.412 0 0
1500 79.7047 -20.1172 18.1355 0.363943 -0.341686 440.298 0 0
1500 12.5468 -87.1187 17.8064 -0.67581 -1.31033 439.247 0 0
1500 10.587 51.5052 17.844 -0.698878 0.818278 438.955 0 0
1500 106.236 44.6901 17.9047 0.721555 0.721533 438.997 0 0
1500 32.5313 -79.5717 17.8379 -0.381472 -1.24085 438.87 0 0
1500 124.391 -5.18348 17.882 1.04673 -0.0371366 438.951 0 0
1500 -0.195749 36.6254 17.8313 -0.922102 0.521798 439.858 0 0
1500 96.9507 6.97686 18.4252 0.733823 0.109936 438.834 0 0
1500 74.9435 61.2891 17.9564 0.306733 0.976114 439.371 0 0
1500 115.816 11.1567 17.8919 0.932315 0.230295 438.562 0 0
1500 57.8956 -61.8781 17.8981 -0.0512545 -0.977832 439.344 0 0
1500 27.7344 51.1228 17.8492 -0.441433 0.848385 439.43 0 0
1500 117.947 25.4723 17.8456 0.914418 0.45508 440.15 0 0
1500 41.5961 62.3039 17.8451 -0.228544 1.00438 440.304 0 0
1500 85.2516 -10.7705 18.191 0.507143 -0.225904 439.2 0 0
1500 31.503 54.7072 17.893 -0.367093 0.906179 439.167 0 0
1500 57.3305 -29.0157 17.8421 0.0615854 -0.471797 439.534 0 0
1500 107.249 -3.44106 18.0338 0.823225 0.00543372 439.994 0 0
1500 66.4761 21.4147 17.9736 0.0712594 0.325106 439.244 0 0
1500 13.5372 -16.4132 17.9597 -0.738722 -0.258162 440.316 0 0
1500 66.7213 -34.0437 17.9687 0.0746733 -0.533484 439.585 0 0
1500 91.8777 -25.6949 17.9294 0.600449 -0.357968 439.971 0 0
1500 32.9718 23.1643 17.8334 -0.435373 0.423002 439.346 0 0
1500 70.9239 -10.0622 18.1796 0.270869 -0.225935 440.351 0 0
1500 62.0379 93.1809 17.8478 -0.0161042 1.49045 438.753 0 0
1500 52.5233 -44.9284 18.0032 -0.0152058 -0.76804 439.295 0 0
1500 110.403 25.8308 18.0108 0.928221 0.429312 439.752 0 0
1500 67.9126 44.5915 18.1222 0.177332 0.836067 438.574 0 0
1500 55.4049 4.19727 18.0085 -0.0431015 0.121418 441.48 0 0
1500 65.5173 19.0581 18.0236 0.138729 0.323978 443.186 0 0
1500 80.3472 -12.6645 17.9368 0.376809 -0.13288 441.574 0 0
1500 36.6577 31.5362 17.9049 -0.357992 0.459453 441.808 0 0
1500 113.265 12.9872 17.8907 0.857918 0.223663 440.941 0 0
1500 74.3242 -11.7174 17.8705 0.29278 -0.196166 443.171 0 0
1500 44.3349 32.7062 18.0177 -0.224433 0.498728 443.61 0 0
1500 46.6109 33.3098 17.9108 -0.130431 0.534044 443.438 0 0
1500 89.7221 -46.6307 17.8346 0.524953 -0.673057 442.181 0 0
1500 41.3832 17.7003 17.8955 -0.287469 0.281945 443.84 0 0
1500 86.4608 -35.99 17.8744 0.455459 -0.561145 443.14 0 0
1500 70.2468 -5.40303 17.8599 0.192862 -0.142122 444.082 0 0
1500 54.0121 26.9117 18.0614 -0.0437124 0.441215 444.643 0 0
1500 86.24 -104.772 17.7997 0.444249 -1.57659 442.423 0 0
1500 69.6199 63.942 17.8456 0.185657 1.00431 441.94 0 0
1500 63.2954 -66.5671 17.8333 0.130833 -1.02704 441.789 0 0
1500 88.2666 -24.2796 17.9019 0.469475 -0.375415 446.766 0 0
1500 77.4856 -40.8549 17.8336 0.357807 -0.632611 441.581 0 0
1500 86.5579 -3.80554 18.0465 0.466394 -8.75262e-05 446.063 0 0
1500 83.6384 24.3251 17.8747 0.433444 0.353126 445.26 0 0
1500 5.96975 21.0797 17.9541 -0.846587 0.31181 440.915 0 0
1500 95.7206 54.3799 17.9124 0.631641 0.836595 442.844 0 0
1500 70.3797 2.49136 18.3346 0.294126 0.0501546 448.29 0 0
1500 36.248 14.7285 17.8384 -0.347391 0.263799 446.22 0 0
1500 28.8472 -40.3083 17.8232 -0.472501 -0.618157 445.391 0 0
1500 43.4595 -93.6929 17.877 -0.243101 -1.46117 442.457 0 0
1500 102.388 25.6923 18.1164 0.745038 0.450587 441.815 0 0
1500 24.3934 38.706 17.9147 -0.531429 0.57688 445.909 0 0
1500 11.6284 -9.60381 17.9451 -0.736958 -0.155801 443.472 0 0
1500 39.2948 -56.9048 17.8661 -0.255276 -0.882468 445.554 0 0
1500 27.1504 -9.0917 17.9435 -0.480396 -0.161314 447.121 0 0
1500 80.8088 -64.6468 17.7911 0.405532 -0.963154 443.504 0 0
1500 96.8618 -32.1548 17.8049 0.620346 -0.4671 445.914 0 0
1500 115.172 6.83115 17.7994 0.889002 0.0891888 445.302 0 0
1500 110.781 -25.6057 18.006 0.840304 -0.393789 445.86 0 0
1500 88.5962 37.8538 17.9705 0.505602 0.658356 440.886 0 0
1500 122.365 11.2608 17.8114 1.01338 0.220091 443.266 0 0
1500 101.898 43.0132 17.8135 0.714061 0.7006 442.668 0 0
1500 116.419 -25.4242 17.9056 0.978727 -0.358917 441.212 0 0
1500 107.524 41.8711 17.9152 0.79569 0.67435 444.054 0 0
1500 92.9495 -21.7171 18.0257 0.631428 -0.305802 442.052 0 0
1500 108.913 -7.86379 18.0183 0.866079 -0.0929434 442.766 0 0
1500 20.2083 34.6319 17.8143 -0.640476 0.579124 442.066 0 0
1500 44.4209 57.8695 17.9824 -0.23026 0.928289 443.53 0 0
1500 78.634 12.9079 18.3375 0.339069 0.260016 442.926 0 0
1500 89.8475 28.3757 18.0106 0.564986 0.437339 444.951 0 0
1500 99.8881 -9.17555 18.0107 0.703474 -0.114542 445.866 0 0
1500 77.1985 -19.3654 17.9463 0.289142 -0.36822 442.954 0 0
1500 79.9313 60.2485 17.8133 0.360363 0.967823 444.393 0 0
1500 18.0893 41.3257 17.8202 -0.575754 0.698348 443.096 0 0
1500 84.2261 56.5878 17.9523 0.39374 0.919347 444.475 0 0
1500 23.2581 26.2471 17.966 -0.531123 0.477577 442.809 0 0
1500 85.4292 46.709 17.8593 0.409559 0.78725 443.426 0 0
1500 21.3768 47.9107 17.8547 -0.561337 0.797752 444.069 0 0
1500 10.0752 -44.8173 17.8124 -0.692208 -0.7425 444.387 0 0
1500 128.023 -17.0553 17.9115 1.12091 -0.273036 445.488 0 0
1500 64.7431 1.30617 17.822 0.0364046 0.0645198 441.667 0 0
1500 120.346 -15.2243 17.8649 0.983313 -0.218728 446.963 0 0
1500 75.2356 -19.3982 17.8465 0.214257 -0.35886 442.22 0 0
1500 11.9209 -48.1548 17.8695 -0.735733 -0.74182 446.314 0 0
1500 126.681 -10.8824 17.799 1.02101 -0.235591 445.629 0 0
1500 47.8094 -41.4128 17.8171 -0.142841 -0.657208 448.863 0 0
1500 122.944 -17.5743 17.8 0.974156 -0.337911 445.032 0 0
1500 109.764 -22.2389 17.8101 0.741855 -0.389431 448.176 0 0
1500 86.6721 -6.36946 18.1298 0.489051 -0.127252 450.488 0 0
1500 74.7632 61.1406 17.8249 0.232352 0.94719 448.095 0 0
1500 109.592 9.32849 18.0205 0.847335 0.204079 444.504 0 0
1500 100.817 -38.922 17.9288 0.653652 -0.659116 445.187 0 0
1500 -6.01968 17.8171 17.9073 -0.994051 0.312534 446.077 0 0
1500 92.5031 -29.7531 17.8576 0.548727 -0.462248 449.222 0 0
1500 80.8334 -20.0433 17.8635 0.420732 -0.356302 442.966 0 0
1500 87.5719 48.8523 17.9321 0.445682 0.767227 448.758 0 0
1500 82.8545 -14.4656 17.9899 0.433415 -0.195916 450.41 0 0
1500 68.3379 64.7013 17.967 0.156295 1.0288 446.615 0 0
1500 26.3129 -56.3387 17.8051 -0.514614 -0.904025 446.027 0 0
1500 47.1062 75.4324 18.0037 -0.121597 1.29408 440.699 0 0
1500 103.802 7.19713 17.8626 0.730325 0.0727337 448.403 0 0
1500 99.544 5.37922 17.8598 0.657875 0.0862008 450.091 0 0
1500 28.9078 -47.2649 17.8303 -0.427353 -0.747186 449.077 0 0
1500 90.5011 31.7652 17.9454 0.506638 0.508805 450.181 0 0
1500 105.66 -39.368 17.8304 0.79469 -0.589304 445.644 0 0
1500 74.8836 6.30613 18.1418 0.366816 0.13357 444.491 0 0
1500 54.4607 -46.4236 17.8511 -0.0185085 -0.721967 450.038 0 0
1500 80.495 -32.5936 17.8524 0.382221 -0.573708 444.168 0 0
1500 81.1789 43.5922 18.1883 0.394842 0.730296 446.104 0 0
1500 71.9388 36.9795 17.814 0.137893 0.581501 446.443 0 0
1500 107.272 13.5914 18.2158 0.896947 0.284418 440.873 0 0
1500 76.0249 -10.6355 18.1276 0.353643 -0.119065 450.744 0 0
1500 71.2574 16.13 17.9386 0.247472 0.315936 445.351 0 0
1500 63.3588 38.9755 18.3762 0.144169 0.667163 445.906 0 0
1500 100.495 -17.9797 17.9707 0.741324 -0.23862 444.782 0 0
1500 221.707 -51.3557 17.8034 2.55888 -0.786641 446.135 0 0
1500 82.7753 -18.8239 17.9662 0.345787 -0.346792 445.071 0 0
1500 51.3209 -12.0523 17.8779 -0.0493114 -0.22479 452.311 0 0
1500 131.636 26.347 17.8533 1.17961 0.350467 446.589 0 0
1500 58.7181 -12.4341 18.3079 0.0670524 -0.26559 446.602 0 0
1500 58.5204 -57.074 17.9099 -0.0148579 -0.950187 445.901 0 0
1500 79.4727 -62.367 17.8654 0.317476 -0.997432 448.699 0 0
1500 77.484 37.6172 18.2918 0.401194 0.623536 447.843 0 0
1500 60.3958 10.7475 18.3053 0.131144 0.199577 454.574 0 0
1500 132.54 40.8865 17.8679 1.22499 0.728872 443.702 0 0
1500 115.628 -33.0089 17.8937 0.927981 -0.480957 449.612 0 0
1500 76.6509 2.70864 17.9201 0.377721 0.0457619 445.704 0 0
1500 107.527 -20.6507 18.3132 0.865561 -0.332985 449.089 0 0
1500 121.787 -14.6495 17.9148 1.02003 -0.241712 449.516 0 0
1500 51.9395 -66.6273 17.8869 -0.048787 -1.04413 449.838 0 0
1500 97.7153 1.42672 17.9529 0.692481 -0.0156228 446.839 0 0
1500 3.86939 -31.8862 17.8238 -0.814743 -0.556795 448.012 0 0
1500 78.2604 -41.8777 17.8337 0.314216 -0.721224 446.764 0 0
1500 8.93341 -13.7051 17.8329 -0.75159 -0.287411 446.84 0 0
1500 50.7928 42.7405 17.8799 -0.07182 0.727363 447.152 0 0
1500 104.14 46.0942 17.8644 0.723051 0.751415 449.536 0 0
1500 113.154 6.9989 17.8724 0.878189 0.174998 447.906 0 0
1500 124.846 2.69325 17.8647 1.03274 0.107037 449.395 0 0
1500 90.2654 61.7149 17.8736 0.585906 0.962921 446.176 0 0
1500 18.2522 52.5052 17.8669 -0.59606 0.853811 449.613 0 0
1500 87.4844 -49.2641 17.8193 0.400183 -0.774696 452.202 0 0
1500 9.65647 -32.9193 17.8179 -0.716985 -0.541711 452.037 0 0
1500 87.003 46.6123 17.8691 0.439753 0.73353 452.671 0 0
1500 30.6227 37.2521 17.8736 -0.393337 0.646347 447.639 0 0
1500 67.8069 54.0175 17.8664 0.176499 0.893785 448.396 0 0
1500 45.9687 7.91267 17.8878 -0.1599 0.198312 446.588 0 0
1500 94.3218 -11.6411 18.3255 0.628547 -0.166379 455.59 0 0
1500 91.1881 2.71205 18.3258 0.640623 0.0342728 449.33 0 0
1500 101.727 29.9442 17.9291 0.693076 0.463444 453.425 0 0
1500 46.8618 -23.836 18.0485 -0.154204 -0.395745 455.273 0 0
1500 10.4918 -9.54093 17.8298 -0.804796 -0.127038 448.436 0 0
1500 108.015 51.1329 18.001 0.897067 0.811813 445.789 0 0
1500 49.2728 -44.5177 17.9384 -0.129721 -0.695313 454.416 0 0
1500 8.73674 32.9614 17.8668 -0.72754 0.539508 453.218 0 0
1500 119.873 -24.8507 17.8209 0.988137 -0.34922 451.079 0 0
1500 86.4385 19.1876 17.8432 0.468023 0.288172 454.636 0 0
1500 107.523 -29.2556 17.8275 0.826266 -0.425378 449.353 0 0
1500 120.152 -32.3739 17.7965 0.929222 -0.54966 451.386 0 0
1500 99.1266 50.5292 17.8992 0.663935 0.782999 452.304 0 0
1500 95.1513 55.3092 17.821 0.613855 0.846402 451.583 0 0
1500 123.999 -52.8523 17.8582 1.11108 -0.829272 447.72 0 0
1500 -3.98835 18.9999 17.8994 -0.960655 0.354562 449.997 0 0
1500 93.7457 -53.8607 17.8199 0.587095 -0.891214 449.171 0 0
1500 113.279 -7.16399 17.8956 0.920754 -0.0934649 450.055 0 0
1500 94.0142 9.03469 18.5113 0.646969 0.209439 450.561 0 0
1500 32.8585 -47.9 17.9484 -0.43174 -0.764959 450.016 0 0
1500 67.0248 -26.1621 17.9642 0.0886598 -0.444158 448.661 0 0
1500 66.5036 15.8107 17.9168 0.208273 0.28656 448.449 0 0
1500 103.486 -9.91143 18.3169 0.771386 -0.217888 451.156 0 0
1500 51.4723 -49.8361 17.8174 -0.184727 -0.781409 448.321 0 0
1500 64.1929 -60.5229 17.9233 0.115316 -0.937916 454.229 0 0
1500 15.2545 5.37496 17.9217 -0.651651 0.125701 454.503 0 0
1500 68.54 12.3271 17.9319 0.118472 0.24249 449.477 0 0
1500 115.786 -14.2775 18.1089 0.990721 -0.175522 449.664 0 0
1500 119.109 -15.776 17.996 1.12402 -0.26348 443.794 0 0
1500 90.9161 -0.25115 17.99 0.603188 -0.0121303 450.102 0 0
1500 105.705 -14.9915 18.1787 0.832616 -0.248252 451.853 0 0
1500 90.3129 0.558839 18.3083 0.62126 0.035756 451.468 0 0
1500 77.8619 21.6042 18.3103 0.434237 0.354382 451.315 0 0
1500 46.4973 -23.0407 17.9966 -0.179173 -0.46301 445.88 0 0
1500 49.8041 17.8514 18.0652 -0.106107 0.303714 460.134 0 0
1500 -11.6426 14.3892 17.8413 -1.10365 0.257831 452.143 0 0
1500 58.0576 -12.9818 18.1485 -0.0253904 -0.161742 450.464 0 0
1500 76.607 14.7942 17.8422 0.30128 0.264037 456.908 0 0
1500 34.9514 -1.77342 17.8305 -0.393226 -0.00592754 456.977 0 0
1500 -4.37151 -8.26471 17.8078 -0.977525 -0.100339 454.591 0 0
1500 42.4405 57.3706 17.8098 -0.312177 0.892276 451.496 0 0
1500 -4.17913 -14.0456 17.8054 -1.00726 -0.190382 452.366 0 0
1500 4.80929 38.9911 17.8044 -0.856223 0.593746 453.63 0 0
1500 73.4427 -29.0437 17.9111 0.322572 -0.471231 450.295 0 0
1500 90.9386 -19.0537 18.4995 0.570853 -0.315105 459.045 0 0
1500 111.053 16.0709 17.947 0.882592 0.280654 452.009 0 0
1500 42.1889 40.1497 17.8654 -0.249824 0.69485 450.778 0 0
1500 37.5182 8.82427 17.8772 -0.292023 0.192685 457.391 0 0
1500 29.2437 52.4194 17.8567 -0.419158 0.82468 455.436 0 0
1500 35.2368 65.2523 17.9453 -0.459166 1.11687 445.824 0 0
1500 81.1708 -8.04722 18.0021 0.395749 -0.200057 450.698 0 0
1500 84.6316 -7.27156 18.0022 0.404184 -0.169186 457.911 0 0
1500 49.3469 57.1664 17.8961 -0.113761 0.939408 452.328 0 0
1500 116.157 11.5337 17.8816 0.984106 0.13647 449.66 0 0
1500 99.2792 1.54398 18.2733 0.739085 0.06903 452.787 0 0
1500 103.686 -35.9358 17.99 0.764414 -0.683657 446.186 0 0
1500 98.471 29.5864 17.9607 0.708475 0.456642 452.243 0 0
1500 88.438 8.20486 17.847 0.50854 0.19705 450.896 0 0
1500 90.5746 -23.9277 18.2278 0.657334 -0.373495 447.096 0 0
1500 91.2297 56.5884 17.7927 0.487701 0.919307 454.208 0 0
1500 49.3944 -49.6249 17.8376 -0.107871 -0.833347 453.02 0 0
1500 56.6197 -0.787042 18.047 0.0461723 -0.0569515 462.98 0 0
1500 85.6102 42.5432 17.8431 0.46389 0.610212 458.403 0 0
1500 88.9681 -55.1531 17.8659 0.491876 -0.860378 457.149 0 0
1500 105.05 -54.6007 17.9205 0.754075 -0.907083 453.727 0 0
1500 83.9779 -36.5309 18.0743 0.474995 -0.613094 454.188 0 0
1500 85.4065 8.78238 18.277 0.443755 0.187654 461.183 0 0
1500 101.918 43.4114 17.9922 0.753811 0.681428 454.948 0 0
1500 46.6677 -10.6 18.5213 -0.211697 -0.222051 446.631 0 0
1500 78.3404 7.28117 17.9225 0.337333 0.0481531 460.666 0 0
1500 99.2264 26.8135 17.9021 0.710902 0.43485 454.465 0 0
1500 92.9128 -7.22397 17.9124 0.564563 -0.0781569 460.251 0 0
1500 -44.5912 -56.8131 17.8217 -1.62537 -0.931584 454.165 0 0
1500 72.8221 56.8731 17.8469 0.190177 0.928318 455.027 0 0
1500 120.981 -27.6883 17.8094 0.929669 -0.484294 456.637 0 0
1500 121.536 -7.63685 17.8135 0.957696 -0.191165 455.24 0 0
1500 77.9794 -47.594 17.8762 0.321404 -0.801851 454.693 0 0
1500 59.6825 -66.0368 17.8357 0.0406891 -1.04682 456.972 0 0
1500 115.907 -24.8062 17.8387 0.888471 -0.447565 455.588 0 0
1500 67.6828 79.7918 18.0472 0.232824 1.34827 451.495 0 0
1500 68.6323 14.5862 18.1698 0.25808 0.280844 454.868 0 0
1500 86.8061 29.789 17.9738 0.414787 0.487717 461.064 0 0
1500 87.2089 -47.6066 17.8361 0.420025 -0.752675 460.106 0 0
1500 96.2365 -27.6611 18.4434 0.651426 -0.496813 455.858 0 0
1500 75.5315 -27.7609 17.9413 0.234717 -0.488904 454.983 0 0
1500 69.2991 -48.5072 18.0289 0.245013 -0.794739 456.445 0 0
1500 88.4211 2.86854 18.0251 0.508344 0.0703356 462.487 0 0
1500 82.4636 14.1286 17.8273 0.390931 0.248157 461.935 0 0
1500 108.188 -5.27136 17.8143 0.822676 -0.0267479 455.858 0 0
1500 65.428 -101.198 17.954 0.0576246 -1.71898 451.493 0 0
1500 118.108 19.1631 17.8887 0.977189 0.307732 458.019 0 0
1500 83.9876 -51.6314 17.8592 0.461922 -0.822921 457.19 0 0
1500 21.2359 -4.05427 18.0409 -0.672919 -0.0121436 450.846 0 0
1500 40.2914 20.5987 17.8811 -0.309936 0.296822 464.33 0 0
1500 103.56 44.3782 17.8116 0.752687 0.690689 458.499 0 0
1500 86.4727 55.4403 17.8154 0.477938 0.82501 461.057 0 0
1500 79.9683 -25.118 17.834 0.373609 -0.329961 462.972 0 0
1500 22.8206 70.6532 17.9 -0.540865 1.15097 457.539 0 0
1500 49.7644 47.7337 17.9108 -0.145464 0.727138 463.388 0 0
1500 96.4788 -29.7902 18.2743 0.680427 -0.503211 458.922 0 0
1500 88.534 -17.09 18.2843 0.517953 -0.289056 464.583 0 0
1500 81.1768 29.9603 18.0696 0.414461 0.446455 464.041 0 0
1500 66.478 21.5064 18.0747 0.231678 0.363253 457.202 0 0
1500 72.7423 29.0515 18.0706 0.326711 0.477338 457.495 0 0
1500 51.387 -63.1401 17.8355 -0.0343292 -1.02636 455.706 0 0
1500 127.864 33.6058 18.0024 1.2157 0.601798 453.707 0 0
1500 70.2954 -50.4545 18.1257 0.213114 -0.833627 459.172 0 0
1500 60.8454 -33.3482 18.084 0.0920044 -0.585713 458.064 0 0
1500 39.4939 -4.97796 18.3031 -0.347339 -0.128249 451.597 0 0
1500 55.0372 -12.8963 17.8758 0.00539398 -0.263342 456.687 0 0
1500 33.6487 8.71127 18.2797 -0.388391 0.132192 458.645 0 0
1500 134.804 37.2949 17.8414 1.24067 0.558255 459.013 0 0
1500 110.387 9.04027 18.2916 0.993057 0.0998102 452.044 0 0
1500 32.6485 60.8473 17.8296 -0.336693 0.951393 461.815 0 0
1500 23.6941 4.69825 17.8756 -0.50632 0.130227 464.674 0 0
1500 47.7912 62.1472 17.8543 -0.179328 1.00008 460.17 0 0
1500 20.5181 54.1557 17.8533 -0.573932 0.859085 461.817 0 0
1500 24.5174 54.857 17.855 -0.511825 0.863256 462.299 0 0
1500 40.2858 51.5504 17.8946 -0.263264 0.805875 463.559 0 0
1500 41.1083 -40.9188 18.1269 -0.257418 -0.685552 459.676 0 0
1500 45.7102 24.1225 18.0377 -0.157412 0.403676 465.803 0 0
1500 94.9433 -45.6262 17.8678 0.64582 -0.722502 459.018 0 0
1500 213.339 184.673 17.8929 2.63044 3.00844 454.7 0 0
1500 78.823 -50.6445 18.0927 0.429729 -0.870955 455.919 0 0
1500 97.9196 70.2993 17.7973 0.553127 1.09987 463.228 0 0
1500 62.5921 -47.1517 18.141 0.119824 -0.875168 454.616 0 0
1500 36.005 -18.0186 18.2022 -0.361134 -0.253306 460.619 0 0
1500 120.518 16.6794 18.001 1.00796 0.337293 459.424 0 0
1500 14.8354 39.6237 17.9049 -0.718119 0.586483 461.522 0 0
1500 29.7238 47.676 17.9079 -0.495391 0.712356 461.157 0 0
1500 38.5707 -0.162649 17.9259 -0.330155 -0.0147465 467.228 0 0
1500 48.1514 -21.4207 17.9252 -0.196756 -0.311295 467.174 0 0
1500 13.6334 -29.4859 17.9104 -0.690532 -0.431467 465.9 0 0
1500 94.7429 -34.4906 18.3606 0.713456 -0.72653 449.692 0 0
1500 77.4205 -46.7001 17.9306 0.348679 -0.776059 461.208 0 0
1500 53.7072 2.15825 18.0211 -0.0850999 0.0812707 467.87 0 0
1500 122.291 -11.9693 17.9017 1.03336 -0.170415 463.306 0 0
1500 147.337 104.877 18.0139 1.53702 1.84007 455.45 0 0
1500 67.1767 -44.5574 17.9754 0.191865 -0.7494 461.67 0 0
1500 -0.145919 -16.3633 17.8111 -0.887076 -0.324612 462.274 0 0
1500 109.469 -43.9972 17.8054 0.756047 -0.723003 464.232 0 0
1500 48.7723 -65.2448 17.8054 -0.13982 -1.03816 464.125 0 0
1500 27.4942 -30.5401 17.8214 -0.475049 -0.549246 461.17 0 0
1500 42.6934 -40.8789 17.8205 -0.239867 -0.708181 461.247 0 0
1500 48.388 14.0325 18.2678 -0.102868 0.259507 468.769 0 0
1500 74.6091 29.1658 18.2608 0.2807 0.506344 463.425 0 0
1500 14.2721 -18.6892 17.9643 -0.718103 -0.247871 461.941 0 0
1500 117.665 -27.191 18.1219 1.10303 -0.506718 455.452 0 0
1500 16.6212 71.4795 18.0898 -0.703909 1.21023 458.487 0 0
1500 16.3854 -19.3139 18.0797 -0.682477 -0.296399 462.397 0 0
1500 124.054 3.28876 17.7963 1.04779 0.0314232 465.071 0 0
1500 47.9856 -19.5068 18.0964 -0.116461 -0.377312 462.877 0 0
1500 50.6644 32.5394 18.1432 -0.0573479 0.573172 463.296 0 0
1500 50.9126 -18.6129 18.3161 -0.0663043 -0.356064 463.749 0 0
1500 137.36 -48.0521 17.8231 1.28387 -0.813346 462.37 0 0
1500 73.4095 -26.2842 18.0116 0.192432 -0.443818 463.108 0 0
1500 55.741 -26.6953 17.8397 -0.00218086 -0.486432 462.931 0 0
1500 102.596 14.8543 18.4218 0.848523 0.344741 455.972 0 0
1500 123.203 -15.8021 18.4103 1.19001 -0.331675 459.302 0 0
1500 122.562 15.2073 17.8792 1.02907 0.19978 466.961 0 0
1500 96.1268 -31.4429 17.8905 0.662388 -0.506002 464.584 0 0
1500 21.1949 -48.8921 17.8542 -0.560113 -0.769053 468.634 0 0
1500 102.905 20.9747 17.8287 0.755612 0.283759 464.34 0 0
1500 91.0575 55.8441 17.8097 0.528386 0.871124 467.907 0 0
1500 106.641 42.4618 17.8086 0.773191 0.691015 466.386 0 0
1500 76.0376 57.9243 17.8139 0.305309 0.890739 468.735 0 0
1500 123.664 -17.0792 17.8083 1.02446 -0.197839 466.583 0 0
1500 60.0152 -39.6107 17.8551 -0.0446765 -0.615785 464.441 0 0
1500 22.3407 55.8273 17.8731 -0.600362 0.835434 467.209 0 0
1500 2.7558 37.8398 17.8726 -0.874958 0.55575 468.564 0 0
1500 98.6163 -26.6315 17.8305 0.649317 -0.407352 469.933 0 0
1500 65.8216 -27.619 17.9712 0.140695 -0.504134 464.988 0 0
1500 92.2402 -12.5648 18.1882 0.641862 -0.181405 466.458 0 0
1500 14.8787 -22.7793 18.1765 -0.716925 -0.447536 461.323 0 0
1500 67.6998 43.5723 17.8769 0.0916321 0.715834 465.895 0 0
1500 107.097 43.4157 17.8522 0.709169 0.71982 467.809 0 0
1500 34.8212 17.772 17.8194 -0.335695 0.349535 465.636 0 0
1500 106.757 45.1474 17.7952 0.745252 0.735235 469.274 0 0
1500 63.5288 2.54876 17.8696 0.104748 -0.0367868 465.942 0 0
1500 55.4566 14.6837 17.8793 -0.106009 0.264272 466.319 0 0
1500 20.8854 27.8868 17.8253 -0.570356 0.506943 467.371 0 0
1500 73.842 57.8934 17.8146 0.24132 0.950759 468.653 0 0
1500 64.4437 60.0914 17.9518 0.064179 0.960558 469.043 0 0
1500 73.9149 -2.9755 17.9473 0.327513 -0.0863362 467.076 0 0
1500 116.837 -1.35229 17.9245 0.963335 -0.0591339 469.2 0 0
1500 111.113 -0.765549 17.8433 0.83508 0.0622001 468.431 0 0
1500 63.6928 39.1137 17.8496 0.109475 0.679312 467.848 0 0
1500 81.7155 44.3228 17.8429 0.384421 0.752616 468.469 0 0
1500 107.301 31.1531 17.8406 0.726847 0.515905 472.905 0 0
1500 52.2231 24.537 18.2864 -0.132431 0.504549 460.022 0 0
1500 122.717 91.8677 17.9957 1.12662 1.57725 464.329 0 0
1500 41.7809 -54.2589 18.0386 -0.221722 -0.975642 464.628 0 0
1500 110.468 56.577 17.955 0.889519 0.949717 468.095 0 0
1500 72.2563 -6.91032 18.242 0.296282 -0.138311 477.556 0 0
1500 82.7559 -28.347 18.2343 0.443913 -0.435812 476.95 0 0
1500 34.073 -60.8173 17.9544 -0.350657 -0.974459 472.126 0 0
1500 44.511 1.19727 17.983 -0.205583 -0.05792 468.959 0 0
1500 -5.81705 -11.0838 17.8933 -1.00803 -0.200858 471.859 0 0
1500 33.0817 -3.15757 18.0684 -0.443239 0.0305218 463.388 0 0
1500 69.351 22.868 17.8668 0.167771 0.431664 470.053 0 0
1500 -14.6906 25.7183 18.0178 -1.22996 0.415233 468.014 0 0
1500 125.403 -106.825 17.8245 1.05279 -1.75489 469.692 0 0
1500 111.883 -34.9929 17.8322 0.85245 -0.536456 474.762 0 0
1500 81.3109 -30.84 17.9736 0.352801 -0.510023 476.474 0 0
1500 42.3591 15.3883 17.8556 -0.275865 0.175575 477.838 0 0
1500 149.954 81.5994 17.9316 1.53296 1.32653 469.688 0 0
1500 76.8211 48.3393 17.9055 0.284627 0.811905 472.762 0 0
1500 32.4465 5.10672 17.921 -0.399497 0.156167 471.465 0 0
1500 84.0097 110.664 17.7913 0.342096 1.7169 474.043 0 0
1500 79.8029 47.4757 17.9114 0.325368 0.797365 472.883 0 0
1500 24.785 56.1944 17.8467 -0.46931 0.911362 474.2 0 0
1500 105.116 21.3791 17.8587 0.696174 0.371067 477.694 0 0
1500 27.3028 4.1759 18.177 -0.500151 0.0562377 472.865 0 0
1500 104.968 37.2688 18.1103 0.800632 0.586612 475.282 0 0
1500 11.7659 40.0356 17.8837 -0.723521 0.720112 470.328 0 0
1500 -6.63731 -36.8731 17.8352 -1.11029 -0.570681 470.841 0 0
1500 42.5561 -10.3893 18.1866 -0.267443 -0.16653 473.185 0 0
1500 59.2238 3.13035 18.096 -0.00929 0.0015909 472.665 0 0
1500 102.548 -46.1185 17.892 0.703741 -0.754506 475.268 0 0
1500 69.3728 17.5884 18.3464 0.233336 0.284513 484.821 0 0
1500 95.8754 24.1245 17.9514 0.657881 0.411909 474.009 0 0
1500 111.115 29.9976 18.024 0.892034 0.446147 475.843 0 0
1500 176.126 105.029 17.8244 1.88147 1.58458 474.056 0 0
1500 75.9255 -7.20298 17.9034 0.287967 -0.038291 481.281 0 0
1500 106.556 44.8643 17.8751 0.755101 0.726281 477.488 0 0
1500 107.924 15.7657 17.8878 0.747952 0.28731 479.966 0 0
1500 122.978 -3.04167 17.8955 1.01084 -0.00171885 478.589 0 0
1500 64.9801 49.4437 17.9052 0.178178 0.800534 475.098 0 0
1500 122.772 -1.12199 17.9049 1.10335 -0.0684089 472.24 0 0
1500 43.0445 14.834 17.8936 -0.210875 0.276646 481.504 0 0
1500 47.465 36.2924 17.8869 -0.150211 0.580534 480.99 0 0
1500 84.1935 -0.373927 17.8922 0.405867 0.0716477 474.095 0 0
1500 41.3367 1.27269 18.0725 -0.239601 0.0762471 482.682 0 0
1500 77.511 41.8569 17.9091 0.342556 0.619057 481.865 0 0
1500 83.3693 2.38751 17.862 0.391344 0.0943937 482.02 0 0
1500 111.123 -6.16984 17.8268 0.878247 -0.05785 476.162 0 0
1500 118.819 -29.8528 17.8177 0.965754 -0.407092 478.202 0 0
1500 106.592 32.4936 17.8252 0.761113 0.501477 480.279 0 0
1500 104.418 1.22092 17.8339 0.720007 0.0511385 481.231 0 0
1500 103.776 -0.207318 17.8343 0.710502 0.0308633 481.27 0 0
1500 37.6455 23.1708 17.9423 -0.277809 0.39347 482.594 0 0
1500 86.0248 -21.207 17.8895 0.428026 -0.334481 485.062 0 0
1500 40.9479 52.3899 17.9949 -0.325995 0.836812 475.532 0 0
1500 50.1081 50.281 17.9833 -0.153705 0.828841 477.247 0 0
1500 41.1608 101.113 17.8066 -0.197557 1.56335 479.051 0 0
1500 88.2622 7.67781 17.9602 0.522694 0.0520009 477.077 0 0
1500 36.1921 -55.3267 17.8273 -0.411238 -0.895027 477.268 0 0
1500 -3.26147 42.1509 17.8118 -0.976835 0.587237 480.318 0 0
1500 72.7442 32.0467 18.1138 0.175165 0.595601 469.509 0 0
1500 129.714 -44.4206 17.9251 1.27208 -0.711553 473.213 0 0
1500 61.9803 25.5678 17.9922 0.109461 0.403422 487.078 0 0
1500 90.4055 8.42489 17.9436 0.507797 0.207352 478.483 0 0
1500 65.3609 35.9561 17.8791 0.105245 0.56285 487.205 0 0
1500 83.6997 25.5876 17.8968 0.443245 0.345077 484.772 0 0
1500 56.3883 -58.4123 17.8915 -0.0431943 -0.902158 485.034 0 0
1500 36.8595 52.4762 17.8758 -0.308706 0.9119 478.846 0 0
1500 87.4816 27.0943 18.0177 0.4863 0.426224 487.66 0 0
1500 -6.12102 8.07536 17.8852 -1.03129 0.153709 482.513 0 0
1500 72.5296 -21.0285 17.9211 0.312197 -0.340084 481.58 0 0
1500 106.031 -43.7598 17.897 0.796783 -0.663371 484.471 0 0
1500 98.4745 -34.1184 17.9054 0.700512 -0.532255 482.928 0 0
1500 83.1737 3.1834 17.9207 0.477296 0.0359647 481.611 0 0
1500 -8.35606 123.057 18.0068 -1.0823 2.17504 476.879 0 0
1500 82.9915 -8.34994 18.0242 0.484983 -0.112188 483.546 0 0
1500 106.278 -40.4815 18.0605 0.891876 -0.699288 480.415 0 0
1500 76.3216 -59.128 17.9268 0.346456 -0.932943 486.682 0 0
1500 -7.11319 13.6146 17.8305 -1.03178 0.182246 487.713 0 0
1500 9.23761 27.3892 17.8383 -0.793761 0.470865 485.842 0 0
1500 25.9501 47.341 17.84 -0.508693 0.729974 489.836 0 0
1500 57.6383 56.7084 17.8385 -0.0576745 0.917144 485.816 0 0
1500 56.1312 44.3108 17.8467 -0.0816761 0.738192 484.954 0 0
1500 56.9238 -3.1824 17.862 -0.0706572 0.00609608 483.852 0 0
1500 21.5103 46.3174 17.836 -0.603994 0.754843 486.182 0 0
1500 56.9991 67.285 17.8315 -0.0652596 1.04382 487.972 0 0
1500 45.6269 33.4157 17.8532 -0.222443 0.520658 491.129 0 0
1500 52.9961 1.35021 17.8615 -0.132192 0.0771451 483.883 0 0
1500 29.2875 4.62416 17.8561 -0.451008 0.114995 491.356 0 0
1500 78.359 -42.7983 17.8085 0.346243 -0.64501 490.601 0 0
1500 96.2031 12.7335 17.8329 0.653401 0.151994 485.187 0 0
1500 78.7336 -11.9721 17.9628 0.401735 -0.142665 485.338 0 0
1500 117.833 -15.9424 17.9404 0.973729 -0.197271 487.616 0 0
1500 26.422 132.06 17.8271 -0.42639 2.10278 484.67 0 0
1500 87.3564 13.2364 17.8485 0.519113 0.251862 485.981 0 0
1500 52.8399 61.051 17.8315 -0.0167652 0.968689 487.717 0 0
1500 76.2749 1.22178 18.0166 0.32487 0.0640288 494.67 0 0
1500 125.086 6.12786 17.8112 1.04729 0.0428076 490.384 0 0
1500 47.5036 -43.4278 17.8271 -0.104912 -0.720807 487.525 0 0
1500 77.599 -41.1655 17.8252 0.359068 -0.684116 487.69 0 0
1500 90.6723 7.39066 18.0752 0.600538 0.0688627 487.298 0 0
1500 80.4067 49.2859 17.8484 0.367629 0.758344 493.168 0 0
1500 115.992 46.8224 18.1357 1.11889 0.835729 480.307 0 0
1500 37.2313 -25.3323 17.9144 -0.296615 -0.468288 488.942 0 0
1500 50.9995 -60.0542 17.8986 -0.0772174 -0.932423 494.048 0 0
1500 53.881 -22.8981 17.9188 -0.0348635 -0.38802 496.022 0 0
1500 107.921 -37.3168 17.8951 0.773281 -0.633319 491.044 0 0
1500 87.9214 -49.2156 17.8221 0.403157 -0.772675 494.359 0 0
1500 78.0639 59.1958 17.8316 0.376836 0.910897 491.673 0 0
1500 74.1452 4.46108 17.9084 0.299447 0.0438916 497.793 0 0
1500 94.9388 34.3914 17.8921 0.646574 0.50601 491.454 0 0
1500 114.559 15.2631 17.8853 0.934799 0.210705 492.288 0 0
1500 94.2606 18.0094 17.9246 0.641891 0.301518 491.312 0 0
1500 65.1746 54.9509 17.8656 0.0983176 0.855905 496.469 0 0
1500 144.104 -10.1275 17.9567 1.51039 -0.145378 487.169 0 0
1500 115.063 -23.3129 17.9376 1.00228 -0.33671 488.512 0 0
1500 196.197 -55.543 17.9009 2.26348 -0.897477 490.663 0 0
1500 77.9426 -23.6961 17.8145 0.241156 -0.412296 491.61 0 0
1500 19.4822 -48.535 17.7945 -0.623731 -0.742678 496.58 0 0
1500 122.331 14.1643 17.8072 0.966844 0.271576 496.358 0 0
1500 71.1746 61.5359 17.8084 0.220985 0.95815 496.601 0 0
1500 11.6175 44.4908 17.8077 -0.668771 0.738793 493.987 0 0
1500 58.9117 61.2363 17.8474 -0.00421894 0.952621 497.758 0 0
1500 50.6272 -23.9599 17.8626 -0.093579 -0.448961 493.66 0 0
1500 75.4892 -72.1294 17.917 0.351145 -1.17415 494.181 0 0
1500 96.5714 53.6188 17.929 0.602991 0.855801 499.08 0 0
1500 70.384 -8.87377 17.8913 0.245138 -0.141595 503.154 0 0
1500 109.512 -31.107 17.8665 0.854237 -0.487876 497.86 0 0
1500 21.7852 2.52735 17.9368 -0.555647 0.0684415 503.502 0 0
1500 107.454 -22.8867 17.8523 0.766768 -0.425122 499.078 0 0
1500 60.6561 -60.9646 17.8461 0.051705 -0.992806 499.972 0 0
1500 111.742 -19.6259 17.8573 0.806588 -0.373674 499.91 0 0
1500 113.477 35.8222 17.8053 0.880698 0.563992 504.176 0 0
