Total number of secondary electrons: 1945
1500 96.4963 13.5198 15.1414 0.770781 0.293672 280.902 0 0
1500 87.8027 16.5261 14.8364 0.529045 0.251736 283.876 0 0
1500 96.0317 -9.6203 16.0611 0.760086 -0.122477 287.106 0 0
1500 106.902 13.2022 16.1343 0.982896 0.237534 288.581 0 0
1500 93.9723 10.773 15.5611 0.604953 0.150857 290.904 0 0
1500 91.0314 -7.30469 16.1798 0.690878 -0.0961878 292.257 0 0
1500 97.6629 17.5099 15.4049 0.66815 0.2275 294.733 0 0
1500 92.9604 21.1964 15.3305 0.554454 0.293323 296.788 0 0
1500 86.9041 2.46605 15.9998 0.597378 0.0162335 299.083 0 0
1500 79.7686 4.15603 16.2313 0.489139 0.0749592 300.312 0 0
1500 87.9329 -9.75213 16.6987 0.647136 -0.147976 300.609 0 0
1500 159.01 -69.1282 14.7458 1.42114 -1.03004 301.306 0 0
1500 89.1639 8.08081 16.2044 0.618635 0.162361 301.385 0 0
1500 82.6467 -9.08107 16.1009 0.437259 -0.139594 304.627 0 0
1500 71.8751 -21.5652 15.084 0.219192 -0.306258 307.395 0 0
1500 121.897 -23.0683 16.5193 1.174 -0.425248 307.962 0 0
1500 81.3092 -2.30358 17.1216 0.556531 -0.0785308 313.009 0 0
1500 89.0469 8.70166 16.9563 0.642681 0.0994252 313.028 0 0
1500 105.613 -22.2188 15.2675 0.68175 -0.310665 313.675 0 0
1500 87.5963 7.61267 17.1262 0.596038 0.101307 314.678 0 0
1500 118.889 -17.9116 15.9562 1.01054 -0.273271 314.857 0 0
1500 75.7997 6.99424 15.6093 0.35716 0.0812911 315.269 0 0
1500 3.88581 38.5857 14.9121 -0.69721 0.42201 316.022 0 0
1500 59.0214 11.4645 15.786 0.0678505 0.166116 317.939 0 0
1500 77.0485 -4.94762 16.6692 0.434654 -0.10531 318.136 0 0
1500 -18.1692 -11.1715 14.9658 -0.923866 -0.192207 319.572 0 0
1500 107.121 -13.6822 16.3835 0.970177 -0.26704 320.203 0 0
1500 88.9408 72.5055 14.9986 0.3725 0.92152 320.765 0 0
1500 81.865 3.05506 16.0415 0.461907 0.00498318 321.751 0 0
1500 75.5704 -24.8688 15.0073 0.286181 -0.315491 321.774 0 0
1500 45.8386 -54.7139 15.619 -0.161696 -0.830862 322.212 0 0
1500 22.761 -69.2105 14.9563 -0.434829 -0.810063 322.741 0 0
1500 77.2678 13.4316 16.5674 0.42978 0.201402 323.225 0 0
1500 78.601 -62.8769 15.0078 0.317557 -0.78138 323.552 0 0
1500 76.1722 -21.4214 15.3457 0.254081 -0.266796 324.861 0 0
1500 70.2194 -27.2083 15.6278 0.194438 -0.38686 325.133 0 0
1500 119.69 19.9252 16.4831 1.16322 0.289145 325.125 0 0
1500 82.0332 9.19251 16.8578 0.488438 0.160932 326.241 0 0
1500 92.8716 27.2896 16.3087 0.693977 0.445323 326.601 0 0
1500 137.278 -23.4879 15.0933 1.00867 -0.280515 326.652 0 0
1500 93.2492 -13.9085 15.7355 0.517473 -0.218247 326.89 0 0
1500 83.9877 9.2311 15.7473 0.389301 0.102326 327.095 0 0
1500 69.8417 -45.2949 15.4525 0.15419 -0.626511 328.822 0 0
1500 133.307 23.4777 15.247 0.933358 0.273949 329.133 0 0
1500 69.652 2.62362 16.4158 0.256341 0.0740455 329.28 0 0
1500 59.1992 -28.2481 15.506 0.0145817 -0.414014 329.413 0 0
1500 108.325 45.0509 15.944 0.84521 0.692387 329.519 0 0
1500 108.696 -32.634 15.8092 0.765278 -0.515055 329.796 0 0
1500 126.902 -53.0148 15.4846 0.99307 -0.695528 329.895 0 0
1500 96.097 12.6287 16.4739 0.649126 0.231849 330.064 0 0
1500 46.2649 10.0054 15.6011 -0.155775 0.0803891 331.532 0 0
1500 79.7752 17.6715 16.5438 0.431307 0.275716 332.014 0 0
1500 86.8818 1.52598 17.0944 0.60169 0.0423496 332.024 0 0
1500 100.837 -77.1345 15.4991 0.636896 -1.02498 332.804 0 0
1500 65.4737 -15.0051 15.7923 0.115923 -0.240834 332.923 0 0
1500 133.28 -45.1744 15.7551 1.16133 -0.631904 334.514 0 0
1500 72.9831 -13.0137 16.3962 0.279458 -0.185671 334.616 0 0
1500 124.42 -1.32962 16.9125 1.34608 -0.0370881 334.695 0 0
1500 57.8648 20.0908 16.675 0.0822215 0.3544 335.067 0 0
1500 88.7606 -15.2135 15.669 0.431064 -0.245536 335.154 0 0
1500 202.572 39.905 15.4469 1.84595 0.484079 335.239 0 0
1500 104.465 -15.538 15.6406 0.6562 -0.170818 335.563 0 0
1500 94.7513 -7.84882 17.2355 0.687044 -0.0931256 335.693 0 0
1500 94.5222 -8.62225 16.707 0.714618 -0.130836 335.776 0 0
1500 122.776 -29.4446 16.6201 1.13212 -0.474396 336.385 0 0
1500 88.4929 20.6178 15.6531 0.375776 0.321886 336.482 0 0
1500 75.4021 -33.4058 16.0272 0.300477 -0.466174 336.847 0 0
1500 66.9215 -20.1177 16.0876 0.133147 -0.296486 336.949 0 0
1500 81.3808 -9.92721 16.7902 0.425349 -0.0955482 337.965 0 0
1500 90.5319 11.4667 16.8663 0.59491 0.124683 338.041 0 0
1500 95.6951 6.40761 15.8613 0.554507 0.0584619 338.036 0 0
1500 14.226 47.165 15.7586 -0.55505 0.645624 338.067 0 0
1500 24.1578 30.0982 15.9384 -0.451291 0.394521 338.069 0 0
1500 103.309 9.04658 16.0317 0.659109 0.0841334 338.194 0 0
1500 61.7251 3.15531 16.1238 0.0804949 0.0996737 338.48 0 0
1500 92.1073 -13.2925 16.8289 0.601563 -0.173185 338.79 0 0
1500 85.5582 -6.93932 17.7487 0.612807 -0.102892 338.971 0 0
1500 39.0696 -4.5753 16.0811 -0.259538 -0.0786023 339.174 0 0
1500 86.0669 3.35061 17.3946 0.544102 0.0933357 339.965 0 0
1500 101.183 9.05452 17.6708 0.888783 0.159098 340.675 0 0
1500 54.7212 -77.5458 15.8988 -0.0238366 -1.00914 340.874 0 0
1500 79.0066 -16.4999 16.0307 0.265944 -0.282722 340.875 0 0
1500 122.325 3.8676 16.0651 0.869389 0.0148868 341.032 0 0
1500 19.2841 -21.5356 16.1042 -0.595354 -0.30549 341.28 0 0
1500 102.821 12.1591 16.9852 0.875952 0.278569 341.3 0 0
1500 85.4506 -8.75398 16.7218 0.475951 -0.151887 341.434 0 0
1500 93.1966 -3.56576 17.1468 0.600367 -0.108707 341.932 0 0
1500 110.506 -4.79197 16.1629 0.703407 -0.106787 342.873 0 0
1500 102.562 20.6964 17.1631 0.854945 0.313353 343.054 0 0
1500 65.2381 -57.7131 16.4548 0.0749544 -0.85503 343.261 0 0
1500 19.0607 12.833 16.354 -0.590377 0.144233 343.363 0 0
1500 262.949 6.75248 16.1997 2.94708 0.162264 343.377 0 0
1500 51.412 27.4202 16.4691 -0.143501 0.394621 343.658 0 0
1500 31.2612 28.9554 16.2526 -0.353999 0.444316 344.336 0 0
1500 129.351 -7.12772 16.2406 1.02172 -0.0709092 344.459 0 0
1500 95.4847 -15.9615 17.0219 0.591946 -0.259733 344.495 0 0
1500 115.734 -18.9276 17.4533 1.06096 -0.299748 344.566 0 0
1500 73.9454 89.4219 16.6931 0.229291 1.42352 344.781 0 0
1500 82.6331 -8.66811 16.3509 0.34281 -0.0759774 345.033 0 0
1500 82.6397 13.4458 17.091 0.431693 0.224081 345.26 0 0
1500 87.6704 22.3464 16.6212 0.49255 0.30639 345.289 0 0
1500 107.461 -23.7625 16.6705 0.780422 -0.349985 345.513 0 0
1500 47.8365 -42.1894 16.4438 -0.107984 -0.617617 345.67 0 0
1500 119.296 10.2781 17.2246 1.07125 0.136228 346.005 0 0
1500 71.9955 -39.117 17.3387 0.297176 -0.662173 346.859 0 0
1500 78.3767 -4.68885 17.5016 0.447752 -0.0259225 347.295 0 0
1500 111.931 6.50771 16.9538 0.989272 0.159743 347.522 0 0
1500 88.0285 26.5377 16.5524 0.456808 0.411851 347.856 0 0
1500 86.3902 0.718895 17.4732 0.548917 -0.00478689 349.388 0 0
1500 -6.21064 -3.86154 16.513 -0.923718 -0.00455743 349.387 0 0
1500 45.262 32.4106 16.7966 -0.20095 0.473691 349.569 0 0
1500 84.5964 6.21647 17.3758 0.497913 0.0236467 349.88 0 0
1500 86.5788 -19.0184 17.5071 0.544803 -0.28029 350.088 0 0
1500 76.9745 -1.91772 17.469 0.359183 0.00420974 350.265 0 0
1500 79.6349 -23.3299 17.2936 0.345263 -0.358899 350.637 0 0
1500 88.4799 9.17589 17.8002 0.599325 0.0984635 351.109 0 0
1500 86.1447 -2.1669 17.3909 0.528491 0.00546662 351.138 0 0
1500 -11.9221 -23.9772 16.5234 -0.983557 -0.303023 351.114 0 0
1500 136.928 27.1871 16.8752 1.28655 0.441562 351.116 0 0
1500 89.3532 -24.9822 17.1293 0.48382 -0.386328 351.471 0 0
1500 78.4527 -14.5202 17.1691 0.412251 -0.233737 351.561 0 0
1500 93.3306 43.9003 16.738 0.485614 0.637808 352.028 0 0
1500 88.1074 52.8718 16.8064 0.422388 0.775426 352.228 0 0
1500 99.1165 -25.8405 16.7411 0.646874 -0.355428 352.476 0 0
1500 109.436 -12.8324 16.6653 0.671196 -0.179791 352.569 0 0
1500 89.1246 -7.7386 17.9592 0.617243 -0.110413 352.615 0 0
1500 61.8375 31.5742 17.1784 0.0995689 0.48684 353.236 0 0
1500 78.5433 -19.6737 16.9345 0.29448 -0.334736 353.374 0 0
1500 121.692 26.2806 16.8139 0.912173 0.386019 353.521 0 0
1500 130.015 23.308 16.6814 0.977046 0.273648 353.574 0 0
1500 96.7268 7.98258 18.1594 0.708307 0.109276 353.598 0 0
1500 172.316 -18.2477 16.7374 1.63342 -0.318654 354.017 0 0
1500 87.7914 -4.94332 17.3097 0.555559 -0.0696557 354.264 0 0
1500 93.8791 16.1592 16.827 0.4854 0.288194 354.517 0 0
1500 80.4497 -42.0207 16.9192 0.336427 -0.639392 354.642 0 0
1500 72.76 1.12858 17.1318 0.21536 0.0703097 354.708 0 0
1500 81.3856 24.8911 17.4321 0.447934 0.376733 354.918 0 0
1500 76.9073 5.23501 17.3618 0.276781 0.0391934 354.926 0 0
1500 75.0178 -20.486 17.8807 0.326685 -0.330815 355.049 0 0
1500 93.9077 -2.01115 17.7012 0.653168 -0.0415516 355.104 0 0
1500 74.2286 0.844601 17.4617 0.282737 -0.0483986 355.162 0 0
1500 68.2658 18.3189 17.2008 0.180746 0.244521 355.151 0 0
1500 64.2861 -1.10904 17.0661 0.162257 -0.00186706 355.384 0 0
1500 92.3221 -18.6057 17.621 0.571154 -0.338065 355.426 0 0
1500 20.1072 40.9187 16.8587 -0.524929 0.621374 355.479 0 0
1500 92.825 -66.5256 16.8073 0.502921 -0.919725 355.649 0 0
1500 77.9556 -6.54717 17.5582 0.36525 -0.0811066 355.73 0 0
1500 96.5792 42.0362 16.7556 0.550962 0.638183 355.772 0 0
1500 30.1695 62.2718 16.9877 -0.37145 0.955005 355.768 0 0
1500 127.951 47.113 17.148 1.089 0.734477 356.203 0 0
1500 82.3162 -12.3937 17.4663 0.389834 -0.18626 356.338 0 0
1500 66.336 61.415 16.8178 0.17241 0.871875 356.388 0 0
1500 109.988 -20.2084 17.3973 0.868648 -0.327289 356.408 0 0
1500 56.5875 63.4533 16.8205 0.039841 0.898645 356.465 0 0
1500 83.861 -5.84996 17.7435 0.50776 -0.124321 356.538 0 0
1500 95.1148 -4.58977 17.9798 0.721277 -0.0463059 356.516 0 0
1500 100.228 37.1765 17.3554 0.701183 0.645209 356.694 0 0
1500 36.6831 56.1661 16.9283 -0.289052 0.82645 356.855 0 0
1500 100.79 -14.8285 17.4124 0.698088 -0.23768 356.919 0 0
1500 111.85 43.4682 16.7992 0.747531 0.647095 356.979 0 0
1500 106.256 -14.0482 17.4044 0.779219 -0.198644 357.035 0 0
1500 76.0752 -38.6076 17.3293 0.310723 -0.739966 357.108 0 0
1500 66.015 -32.1644 17.45 0.115497 -0.619495 357.309 0 0
1500 58.9553 3.56243 16.9379 0.0462897 -0.0107471 357.347 0 0
1500 89.8921 12.0102 17.8382 0.617346 0.159941 357.623 0 0
1500 84.7282 -15.0428 16.9689 0.397903 -0.170819 357.697 0 0
1500 59.4697 58.6195 17.0491 0.000138443 0.84219 357.83 0 0
1500 20.7854 31.4089 16.8693 -0.482496 0.494892 357.882 0 0
1500 114.325 -14.0209 17.0403 0.814117 -0.187203 358.074 0 0
1500 123.537 -2.63404 17.0563 0.966697 -0.0575729 358.043 0 0
1500 64.4411 -75.1596 16.9117 0.12257 -1.03956 358.094 0 0
1500 91.4779 -18.6338 17.2097 0.610608 -0.313573 358.121 0 0
1500 83.962 -15.3705 17.1602 0.344552 -0.260973 358.363 0 0
1500 76.0467 0.964324 17.063 0.27264 -0.0559019 358.36 0 0
1500 88.0593 -4.35434 17.2139 0.526791 -0.00277235 358.46 0 0
1500 52.3758 16.5346 17.4709 -0.0639224 0.245535 358.501 0 0
1500 132.201 -7.83755 16.9026 1.03516 -0.109447 358.612 0 0
1500 79.4374 -17.9257 16.9869 0.349348 -0.303399 358.845 0 0
1500 91.5333 1.91246 17.3397 0.580332 0.00172093 358.883 0 0
1500 114.333 44.5005 16.9521 0.807853 0.635658 359.168 0 0
1500 64.2224 33.9389 17.2388 0.0766617 0.510527 359.281 0 0
1500 76.5244 6.9137 18.1006 0.384383 0.113518 359.309 0 0
1500 79.4514 33.4715 16.9974 0.296962 0.534616 359.409 0 0
1500 99.2636 13.4749 17.5341 0.643409 0.241682 359.65 0 0
1500 60.4417 -17.3631 17.3371 0.0787949 -0.274117 359.829 0 0
1500 85.093 68.4982 16.9689 0.406448 0.920695 360.181 0 0
1500 100.199 -43.9634 17.1211 0.591407 -0.66064 360.293 0 0
1500 63.4975 -46.1998 17.0695 0.0392544 -0.743853 360.458 0 0
1500 88.2622 7.86485 18.497 0.671049 0.139868 360.471 0 0
1500 94.227 12.5736 16.9608 0.552692 0.128456 360.488 0 0
1500 111.249 0.255189 17.3307 0.902917 0.0389195 360.784 0 0
1500 54.6323 -44.9541 17.5201 -0.0515098 -0.707408 360.985 0 0
1500 91.2609 -8.51596 17.3984 0.550602 -0.164463 361.188 0 0
1500 96.0627 -8.97253 17.6173 0.591961 -0.186576 361.25 0 0
1500 126.708 22.3585 17.8655 1.21946 0.387428 361.279 0 0
1500 83.3893 56.715 17.5788 0.444365 1.02402 361.508 0 0
1500 91.2451 66.7846 17.0949 0.548484 0.954624 361.57 0 0
1500 78.8542 -4.50351 17.6827 0.374708 -0.0833791 362.35 0 0
1500 104.403 0.472527 17.8613 0.907617 -0.0313014 362.361 0 0
1500 108.607 -3.80211 17.1647 0.706604 -0.0625351 362.418 0 0
1500 42.9815 33.8987 17.0405 -0.235272 0.525169 362.417 0 0
1500 64.0291 56.459 17.0309 0.0893137 0.774929 362.444 0 0
1500 74.9002 39.4468 17.3403 0.233044 0.596635 362.533 0 0
1500 93.0294 -8.29164 18.9328 0.707326 -0.172315 362.557 0 0
1500 94.3658 -3.68259 17.886 0.648285 -0.0208373 362.669 0 0
1500 85.4559 -5.93228 18.2875 0.574156 -0.0508663 362.87 0 0
1500 93.7252 16.6427 17.0993 0.50024 0.241703 362.934 0 0
1500 67.9426 -16.787 17.3816 0.118649 -0.252713 363.017 0 0
1500 72.9773 -4.00976 18.5805 0.389317 -0.0746174 363.09 0 0
1500 71.6818 32.2825 17.1082 0.224563 0.435988 363.11 0 0
1500 121.528 -10.3796 17.0702 0.901199 -0.0833995 363.188 0 0
1500 69.1787 18.3275 17.1711 0.161863 0.326579 363.198 0 0
1500 103.603 -22.5301 17.2525 0.709298 -0.284746 363.237 0 0
1500 63.7724 6.1433 17.0912 0.0935143 0.15638 363.48 0 0
1500 120.83 -40.361 17.1496 0.870275 -0.576639 363.595 0 0
1500 44.234 33.3089 17.1502 -0.139845 0.517898 363.836 0 0
1500 55.3363 -1.31933 17.2561 -0.0195047 0.0517146 363.838 0 0
1500 84.1732 -33.2217 17.5455 0.461931 -0.492534 364.188 0 0
1500 75.8267 58.5107 17.1779 0.223176 0.859281 364.19 0 0
1500 87.7963 38.9123 17.183 0.4627 0.591971 364.483 0 0
1500 74.0412 -32.1951 17.4425 0.265641 -0.510401 364.615 0 0
1500 85.3505 61.9917 17.1972 0.34991 0.898972 364.822 0 0
1500 125.544 9.05581 17.3038 0.986191 0.143169 364.918 0 0
1500 80.441 -22.906 17.4568 0.399106 -0.363058 365.383 0 0
1500 114.465 -16.2832 17.1693 0.841552 -0.233082 365.455 0 0
1500 118.047 -0.193123 17.1729 0.889076 -0.0127366 365.58 0 0
1500 78.3509 -26.9164 17.3406 0.245748 -0.413496 365.597 0 0
1500 88.3396 -20.0884 17.3264 0.404912 -0.309921 366.081 0 0
1500 51.2967 -25.7457 17.3684 -0.158736 -0.369916 366.163 0 0
1500 80.0327 1.77625 18.295 0.492761 -0.00301702 366.353 0 0
1500 113.749 18.675 17.3281 0.834923 0.297032 366.381 0 0
1500 92.4057 -13.4805 18.7524 0.695528 -0.188405 366.395 0 0
1500 9.40851 -14.2567 17.3586 -0.712153 -0.23341 366.418 0 0
1500 112.848 -6.06695 17.2242 0.817478 -0.037805 366.516 0 0
1500 120.382 29.4922 17.2952 0.960109 0.423101 366.625 0 0
1500 112.988 -20.0338 18.698 1.1297 -0.328042 366.587 0 0
1500 82.0371 66.2486 17.1789 0.33671 0.963537 366.82 0 0
1500 94.3162 4.60329 17.6539 0.64449 0.0055905 366.885 0 0
1500 125.632 14.1986 18.3902 1.32018 0.244759 366.912 0 0
1500 52.3433 -30.3145 17.3996 -0.0497365 -0.436517 367.078 0 0
1500 123.857 17.1476 17.2498 0.963797 0.232986 367.152 0 0
1500 90.0521 45.3661 17.6522 0.490328 0.738254 367.248 0 0
1500 63.9773 -8.42713 17.4176 0.093645 -0.165214 367.446 0 0
1500 54.4243 -15.1474 17.329 0.00187291 -0.236185 367.581 0 0
1500 79.7098 -12.2919 18.1504 0.38073 -0.226823 368.554 0 0
1500 113.798 -28.5288 17.551 0.906495 -0.474076 368.548 0 0
1500 50.7471 -73.5093 17.2518 -0.077901 -1.04286 368.703 0 0
1500 111.227 49.1806 17.3184 0.743226 0.693242 368.741 0 0
1500 99.6976 34.8885 17.3613 0.598253 0.566402 368.968 0 0
1500 122.988 -45.9414 17.3363 0.997491 -0.732996 369.071 0 0
1500 59.0497 -6.73926 18.2672 0.0788858 -0.111791 369.114 0 0
1500 63.5753 16.4474 18.0585 0.1075 0.283237 369.184 0 0
1500 83.8381 -17.2536 17.7138 0.467414 -0.221178 369.256 0 0
1500 56.8797 -26.1582 18.1457 0.0488396 -0.449202 369.44 0 0
1500 53.1506 33.297 17.5457 -0.0939951 0.509034 369.454 0 0
1500 110.477 -8.66353 17.3731 0.820552 -0.192176 369.487 0 0
1500 119.288 26.9524 17.7506 1.00345 0.394181 369.528 0 0
1500 90.1302 51.2723 18.1616 0.615193 0.888854 369.531 0 0
1500 104.171 -27.2659 17.482 0.698143 -0.456875 369.653 0 0
1500 99.6977 -5.71503 17.6215 0.680961 -0.111667 369.836 0 0
1500 214.309 67.2656 17.3533 2.25746 1.03592 369.909 0 0
1500 84.0757 2.7767 17.495 0.45043 0.00152723 370.118 0 0
1500 49.3774 -67.8212 17.3098 -0.0941299 -0.946702 370.317 0 0
1500 91.076 -13.5523 17.5005 0.547025 -0.228716 370.45 0 0
1500 97.2039 -5.79334 18.7633 0.749575 -0.0848641 370.465 0 0
1500 77.075 2.51833 17.686 0.375449 0.0677105 370.504 0 0
1500 97.3082 -53.0177 17.3208 0.529193 -0.750751 370.605 0 0
1500 68.9584 10.2845 18.255 0.194494 0.172861 370.758 0 0
1500 54.7961 81.7097 17.3127 -0.092689 1.16178 370.83 0 0
1500 77.1875 -58.283 17.3771 0.341286 -0.870846 370.869 0 0
1500 122.334 25.1631 17.4274 0.913136 0.344904 371.001 0 0
1500 46.5041 -8.72594 17.9992 -0.136154 -0.151209 371.191 0 0
1500 59.5871 -10.6854 17.7063 0.0834163 -0.219197 371.323 0 0
1500 95.3029 -40.0258 17.5187 0.598321 -0.593749 371.434 0 0
1500 97.8325 -12.2789 17.45 0.665052 -0.185873 371.41 0 0
1500 48.5063 -39.3325 17.4233 -0.138472 -0.627945 371.679 0 0
1500 85.4634 -39.6522 17.3853 0.415326 -0.61151 371.713 0 0
1500 -151.239 -35.8416 17.3991 -3.05654 -0.493663 371.831 0 0
1500 39.5446 59.7011 17.3803 -0.21933 0.836114 371.878 0 0
1500 90.7406 14.8565 17.8006 0.539316 0.200549 372.083 0 0
1500 90.6528 11.8839 17.7284 0.561976 0.200692 372.126 0 0
1500 85.5496 74.1058 17.4416 0.356752 1.1037 372.069 0 0
1500 119.661 30.1679 17.4108 0.87094 0.5042 372.096 0 0
1500 99.4104 2.66685 17.7303 0.694549 0.118724 372.34 0 0
1500 13.7777 12.105 17.4287 -0.620609 0.132299 372.44 0 0
1500 133.931 -19.2526 17.4658 1.18917 -0.310059 372.416 0 0
1500 104.391 41.4743 17.5586 0.71997 0.607512 372.592 0 0
1500 34.7143 -8.77395 17.7148 -0.422253 -0.130664 372.667 0 0
1500 46.6022 36.0316 17.5151 -0.182582 0.492844 372.758 0 0
1500 104.684 -47.4296 17.4009 0.687489 -0.71125 372.776 0 0
1500 80.1286 3.71625 17.7262 0.379207 0.117538 372.789 0 0
1500 74.0019 -65.6596 17.4033 0.262882 -0.961993 372.875 0 0
1500 -0.68645 69.8484 17.4334 -0.8547 1.02655 372.903 0 0
1500 82.0542 19.5471 17.8593 0.403565 0.26542 372.924 0 0
1500 16.1704 -1.38873 17.6733 -0.621783 -0.0229435 373.227 0 0
1500 80.3925 -52.7332 17.4087 0.381752 -0.755148 373.257 0 0
1500 68.0921 -65.7776 17.4058 0.125604 -0.978302 373.321 0 0
1500 51.7502 6.82018 17.5647 -0.142318 0.0857989 373.444 0 0
1500 105.41 6.29971 17.9354 0.784534 0.0732403 373.503 0 0
1500 86.424 113.375 17.6605 0.401978 1.84786 373.563 0 0
1500 78.8279 20.1268 18.4343 0.429931 0.337929 373.706 0 0
1500 97.2649 -18.0639 17.4165 0.548231 -0.321693 373.809 0 0
1500 73.7627 18.9937 17.6929 0.240169 0.336277 373.874 0 0
1500 85.307 17.0607 18.839 0.520037 0.285728 374.201 0 0
1500 78.1427 -8.12948 17.643 0.357031 -0.0594684 374.286 0 0
1500 108.506 -29.4105 17.4947 0.770896 -0.442603 374.438 0 0
1500 102.381 11.5801 17.7548 0.734973 0.204797 374.472 0 0
1500 96.3077 20.2727 17.4637 0.550945 0.258693 374.507 0 0
1500 58.4556 12.2046 17.5232 -0.0330225 0.237567 374.555 0 0
1500 24.1017 -24.4078 17.5832 -0.536982 -0.457581 374.58 0 0
1500 -0.260113 6.48887 17.51 -0.833917 0.0761837 374.654 0 0
1500 93.9608 -62.7198 17.4539 0.524493 -0.897474 374.806 0 0
1500 13.9169 25.0884 17.5341 -0.680194 0.354663 374.863 0 0
1500 104.893 -53.6314 17.448 0.707965 -0.749135 375.028 0 0
1500 70.6647 -65.1872 17.5072 0.242065 -0.933007 375.03 0 0
1500 9.40042 50.708 17.4689 -0.725394 0.725639 375.219 0 0
1500 89.5867 15.4015 19.277 0.665597 0.251815 375.242 0 0
1500 70.3635 -2.36202 18.3127 0.246629 -0.0893104 375.411 0 0
1500 50.1494 -53.5279 17.5031 -0.151711 -0.806469 375.476 0 0
1500 97.0151 52.1979 17.6608 0.566033 0.783101 375.77 0 0
1500 41.6229 43.4539 17.7429 -0.30364 0.654368 375.966 0 0
1500 59.9903 -55.3421 17.4684 0.0274524 -0.81708 375.968 0 0
1500 72.8942 -5.26485 17.9814 0.330385 -0.11176 376.009 0 0
1500 76.2665 -14.3401 18.213 0.35068 -0.274606 376.454 0 0
1500 39.1472 9.04154 17.8118 -0.271095 0.172592 376.476 0 0
1500 96.2885 -58.1896 17.4926 0.494197 -0.836609 376.488 0 0
1500 94.6019 -0.401763 17.9876 0.639344 -0.0816508 376.558 0 0
1500 62.1214 23.5394 18.1868 0.122158 0.388674 376.698 0 0
1500 115.808 35.929 17.6355 0.861032 0.601563 376.754 0 0
1500 66.3242 8.13125 17.9343 0.203701 0.176965 376.774 0 0
1500 69.2727 -6.09856 17.5394 0.232033 -0.0934063 376.806 0 0
1500 68.5528 83.7609 17.4907 0.15475 1.20199 376.926 0 0
1500 81.8058 -5.57477 18.5707 0.467401 -0.0532411 377.056 0 0
1500 79.598 -0.69123 18.2876 0.458108 0.0209144 377.157 0 0
1500 38.0635 16.2698 17.7448 -0.325188 0.218019 377.179 0 0
1500 -14.1285 3.41005 17.585 -1.03908 0.0484219 377.272 0 0
1500 127.003 10.4097 17.5127 0.979827 0.123837 377.33 0 0
1500 77.894 -12.5193 17.8452 0.342363 -0.186645 377.366 0 0
1500 75.8342 -25.3889 17.5499 0.321786 -0.36218 377.402 0 0
1500 53.9173 -60.0524 17.5234 -0.0667929 -0.850776 377.421 0 0
1500 107.34 -26.1645 17.8755 0.854256 -0.366953 377.428 0 0
1500 132.619 -15.8679 17.6012 1.08325 -0.261411 377.468 0 0
1500 105.858 -145.716 17.5759 0.698003 -2.12847 377.515 0 0
1500 47.6763 39.237 17.5193 -0.220673 0.541357 377.605 0 0
1500 98.273 -9.55579 17.7019 0.588147 -0.156324 377.728 0 0
1500 99.8535 -58.0336 17.5779 0.590891 -0.832916 377.652 0 0
1500 123.293 30.7249 17.5362 0.951257 0.439253 377.719 0 0
1500 95.9395 22.2081 17.9475 0.611365 0.369647 377.756 0 0
1500 36.8244 -30.7093 17.5606 -0.349528 -0.4924 377.685 0 0
1500 49.517 -7.1057 17.794 -0.107252 -0.170553 377.994 0 0
1500 80.6878 -17.7499 17.7179 0.361319 -0.259702 378.151 0 0
1500 141.493 -93.4311 17.5079 1.19849 -1.27566 378.125 0 0
1500 8.44334 22.6068 17.6161 -0.758154 0.30612 378.102 0 0
1500 24.0677 -35.2413 17.568 -0.527843 -0.552835 378.242 0 0
1500 101.568 6.89552 17.5689 0.673366 0.149446 378.314 0 0
1500 51.2286 -2.66338 17.6081 -0.132713 -0.100713 378.314 0 0
1500 61.8666 -54.9046 17.5298 -0.0166427 -0.80201 378.385 0 0
1500 70.1041 4.37253 17.7086 0.251072 0.104355 378.414 0 0
1500 46.2557 -9.68585 17.728 -0.212044 -0.104814 378.492 0 0
1500 33.9619 11.583 17.6101 -0.38241 0.106078 378.567 0 0
1500 42.5352 14.7138 17.5748 -0.2958 0.234938 378.561 0 0
1500 26.3305 0.439109 17.8837 -0.517627 -0.0310441 378.584 0 0
1500 68.0278 -13.2375 17.8204 0.13954 -0.255815 378.627 0 0
1500 68.2143 4.70474 19.0927 0.313605 0.124231 378.917 0 0
1500 52.4063 13.5208 17.6929 -0.123892 0.241102 378.927 0 0
1500 63.8309 29.8565 17.7982 0.0537753 0.422013 379.008 0 0
1500 63.4726 21.9639 18.133 0.139265 0.375015 379.119 0 0
1500 38.0878 28.5971 17.8179 -0.36791 0.411201 379.224 0 0
1500 90.2306 21.7047 17.924 0.504667 0.306624 379.42 0 0
1500 86.2628 -39.2256 17.5951 0.454287 -0.539814 379.485 0 0
1500 60.6698 -67.9592 17.5487 -0.0331053 -0.971667 379.529 0 0
1500 92.6821 0.860956 17.9296 0.534711 0.0423296 379.572 0 0
1500 63.0843 10.6248 17.8152 0.0860095 0.197422 379.593 0 0
1500 80.5455 -1.79573 17.906 0.36738 0.0417764 379.64 0 0
1500 115.954 -39.9411 17.6776 0.86792 -0.568003 380.022 0 0
1500 40.3881 16.4761 17.7837 -0.246971 0.333981 380.133 0 0
1500 20.867 62.3219 17.5622 -0.583873 0.841387 380.218 0 0
1500 73.9452 -27.1933 18.2581 0.346161 -0.577581 380.286 0 0
1500 42.1965 -70.4822 17.5915 -0.239886 -1.01778 380.364 0 0
1500 117.169 25.8473 17.7621 0.886997 0.407896 380.527 0 0
1500 39.2363 56.2336 17.6418 -0.333912 0.794454 380.575 0 0
1500 59.1787 50.2355 17.7167 0.0817223 0.823758 380.6 0 0
1500 54.0807 -68.109 17.6185 -0.128346 -0.987497 380.765 0 0
1500 80.1454 28.4366 17.6723 0.400251 0.418471 380.914 0 0
1500 112.154 -34.3528 17.6699 0.805879 -0.539085 381.055 0 0
1500 75.9194 26.9285 17.6519 0.202384 0.435023 381.06 0 0
1500 38.5196 -28.0463 17.6293 -0.349245 -0.371405 381.042 0 0
1500 73.4753 39.0603 17.9513 0.262001 0.59467 381.18 0 0
1500 81.3343 57.6417 17.8439 0.358304 0.917602 381.186 0 0
1500 45.3148 8.70418 17.966 -0.283624 0.113153 381.365 0 0
1500 28.5427 13.2222 17.9198 -0.453545 0.162846 381.449 0 0
1500 33.3443 -20.2676 17.92 -0.384221 -0.319117 381.485 0 0
1500 37.5681 21.4803 17.7775 -0.411645 0.351672 381.465 0 0
1500 95.5543 -61.0191 17.604 0.545089 -0.895412 381.541 0 0
1500 96.3708 57.1833 17.666 0.555465 0.860298 381.548 0 0
1500 88.9129 37.5993 17.7032 0.528561 0.53001 381.768 0 0
1500 80.1641 44.1205 17.9289 0.343952 0.694695 381.792 0 0
1500 74.8569 29.1402 18.1074 0.346606 0.465591 381.847 0 0
1500 38.2943 18.1927 17.9724 -0.379626 0.276102 381.838 0 0
1500 58.6098 13.7824 17.8462 0.0368659 0.237033 381.883 0 0
1500 89.3829 7.67986 18.038 0.566444 0.0567014 381.953 0 0
1500 20.8849 3.92859 17.7622 -0.57952 0.106079 381.991 0 0
1500 90.3409 0.448896 18.7267 0.62254 0.0556037 382.093 0 0
1500 37.7786 40.2274 17.7829 -0.372191 0.589454 382.147 0 0
1500 49.7999 11.5936 17.8032 -0.199781 0.142762 382.188 0 0
1500 29.368 19.7876 18.0118 -0.485467 0.355767 382.536 0 0
1500 103.747 -9.45218 18.26 0.77034 -0.169858 382.582 0 0
1500 -14.5288 -5.46763 17.6268 -1.04616 -0.0278658 382.584 0 0
1500 60.1005 -0.558956 18.2301 0.0576555 0.0447959 382.568 0 0
1500 52.864 -8.33138 17.7501 -0.0919978 -0.0537346 382.67 0 0
1500 109.547 57.503 17.8993 0.864788 0.959318 382.638 0 0
1500 108.171 -4.01323 17.7811 0.758173 -0.127281 382.724 0 0
1500 67.4564 -35.0666 18.2825 0.106643 -0.698368 382.744 0 0
1500 126.737 15.1093 17.6582 0.97066 0.250712 382.808 0 0
1500 100.434 -49.2654 17.6869 0.653351 -0.74582 382.811 0 0
1500 46.6436 71.1911 17.6342 -0.206841 1.01826 382.908 0 0
1500 87.4629 -0.553715 18.3662 0.574354 0.0294839 382.903 0 0
1500 88.1584 -20.434 17.7018 0.499144 -0.249589 383.015 0 0
1500 110.353 -19.0926 18.313 0.900679 -0.366629 382.97 0 0
1500 20.4527 -0.678948 17.9254 -0.653054 -0.0815753 382.98 0 0
1500 91.3465 -1.82273 18.6319 0.652387 0.0385464 383.145 0 0
1500 90.0918 51.8606 17.848 0.583155 0.841423 383.167 0 0
1500 81.7807 -36.7314 18.0356 0.418103 -0.587133 383.207 0 0
1500 39.1974 41.318 17.7467 -0.331784 0.626808 383.283 0 0
1500 86.3248 26.1642 17.7028 0.470705 0.433224 383.234 0 0
1500 92.1227 20.6813 17.703 0.55512 0.352695 383.289 0 0
1500 52.8708 40.7473 18.127 -0.0461765 0.715094 383.405 0 0
1500 121.857 -30.4927 18.369 1.22689 -0.566951 383.412 0 0
1500 84.4947 27.282 17.8036 0.347688 0.446664 383.592 0 0
1500 58.4578 0.389209 18.4392 0.0406248 0.0293662 383.643 0 0
1500 90.8878 27.1735 17.7365 0.455333 0.4581 383.655 0 0
1500 23.038 51.1177 17.8029 -0.51117 0.827495 383.636 0 0
1500 125.317 21.8619 17.6693 0.996433 0.256934 383.726 0 0
1500 81.6871 -36.9461 18.1635 0.364641 -0.634504 383.712 0 0
1500 121.083 7.53612 18.5751 1.20323 0.20653 383.816 0 0
1500 70.1345 17.0826 18.0957 0.28088 0.296416 383.839 0 0
1500 96.0787 0.181356 17.9011 0.573745 -0.0133345 383.939 0 0
1500 74.5683 1.3656 18.6588 0.355326 0.088142 383.917 0 0
1500 110.03 -38.3801 17.8602 0.81044 -0.580625 384.005 0 0
1500 72.1882 -39.1415 17.8744 0.284096 -0.682965 383.957 0 0
1500 22.1515 59.4709 17.6616 -0.563925 0.873688 384.135 0 0
1500 82.1409 51.37 17.7097 0.403235 0.789926 384.291 0 0
1500 116.082 -14.7363 17.7108 0.890889 -0.162595 384.412 0 0
1500 40.8404 -48.4235 17.957 -0.258219 -0.801217 384.426 0 0
1500 67.429 6.84745 19.1295 0.280161 0.182666 384.402 0 0
1500 100.369 55.3091 17.776 0.661758 0.806722 384.587 0 0
1500 89.3587 -9.05216 18.3534 0.529839 -0.105755 384.735 0 0
1500 94.757 2.54005 18.7476 0.684956 -0.0166703 384.904 0 0
1500 86.5987 -29.6582 17.6998 0.378154 -0.491744 384.9 0 0
1500 -6.00425 -132.713 17.8191 -1.00443 -2.22193 384.939 0 0
1500 53.6302 2.54592 17.8328 -0.085552 -0.0306101 385.026 0 0
1500 -7.83285 24.0698 17.6815 -0.969547 0.370668 385.269 0 0
1500 -3.83365 26.9189 17.7654 -0.930191 0.405708 385.285 0 0
1500 108.858 -2.15679 17.8299 0.803224 -0.0872559 385.433 0 0
1500 52.5405 0.995002 17.9306 -0.0739804 0.0880472 385.42 0 0
1500 78.9076 -50.2512 17.8854 0.370546 -0.775028 385.505 0 0
1500 47.4452 -73.0814 17.8571 -0.109271 -1.17515 385.659 0 0
1500 120.31 3.17426 17.8209 0.971915 0.0410744 385.759 0 0
1500 54.4916 2.24024 17.734 -0.0161762 -0.0275342 386.022 0 0
1500 19.9438 56.7919 17.6954 -0.580138 0.815285 385.95 0 0
1500 78.2007 16.3402 18.3574 0.406899 0.282151 386.074 0 0
1500 79.7065 -98.3823 17.6987 0.336275 -1.42675 386.204 0 0
1500 72.1758 -8.0943 17.9478 0.226525 -0.192589 386.292 0 0
1500 67.2805 -42.3169 17.8379 0.210352 -0.661425 386.499 0 0
1500 22.0829 11.6543 17.7796 -0.531345 0.147288 386.741 0 0
1500 129.769 38.9593 18.4635 1.33739 0.773015 386.735 0 0
1500 79.7536 40.518 17.7843 0.279834 0.653965 386.758 0 0
1500 43.5829 -42.6252 17.7998 -0.272045 -0.655677 386.784 0 0
1500 61.142 8.33704 17.8954 0.108749 0.143911 386.877 0 0
1500 62.7003 -18.2489 17.862 0.124285 -0.335734 386.916 0 0
1500 85.9573 38.5092 17.8927 0.432882 0.659691 386.916 0 0
1500 16.6221 44.7305 17.7417 -0.613778 0.639961 387.055 0 0
1500 75.8667 53.7396 17.7868 0.227811 0.800216 387.138 0 0
1500 108.769 32.6061 17.8591 0.787224 0.52337 387.157 0 0
1500 74.2247 0.171167 17.8707 0.233153 -0.0708402 387.211 0 0
1500 101.648 54.17 17.75 0.656264 0.796147 387.265 0 0
1500 78.2931 51.8771 17.865 0.313814 0.823078 387.569 0 0
1500 20.0377 -1.64176 17.7638 -0.626751 -0.0910466 387.601 0 0
1500 64.7375 -25.4269 18.0611 0.125976 -0.390062 387.776 0 0
1500 20.6944 -49.7172 17.7232 -0.57464 -0.689896 387.896 0 0
1500 83.7883 10.0423 17.9762 0.418468 0.227132 387.941 0 0
1500 81.6219 15.2043 18.3323 0.365353 0.254499 387.953 0 0
1500 10.0587 6.38096 17.7653 -0.693761 0.121211 387.968 0 0
1500 94.0633 9.43934 17.9735 0.577555 0.210867 388.019 0 0
1500 87.5512 -17.1605 18.0103 0.52888 -0.294923 388.21 0 0
1500 61.2617 6.70866 17.8263 0.0574522 0.178246 388.362 0 0
1500 99.712 49.1289 17.7203 0.589623 0.784395 388.446 0 0
1500 78.6864 3.81304 17.7914 0.376708 0.103159 388.428 0 0
1500 76.8867 -19.5738 17.7934 0.358007 -0.325161 388.504 0 0
1500 143.113 2.26292 17.8742 1.44628 0.0240382 388.511 0 0
1500 26.1132 -6.38425 17.7608 -0.478651 -0.0481044 388.545 0 0
1500 94.9317 -18.9293 18.01 0.634589 -0.319466 388.531 0 0
1500 28.9981 -6.11852 17.8073 -0.510252 -0.08609 388.613 0 0
1500 6.38507 -8.69143 17.9257 -0.893632 -0.0854522 388.637 0 0
1500 97.541 -40.6769 18.1355 0.668717 -0.671486 388.722 0 0
1500 99.3779 36.8957 17.7835 0.591404 0.614759 388.749 0 0
1500 68.5034 50.2459 17.9278 0.203559 0.820078 388.741 0 0
1500 48.4605 13.0325 18.5375 -0.2316 0.293355 388.734 0 0
1500 93.3058 -4.15982 17.8544 0.623612 -0.0570221 388.795 0 0
1500 79.3935 54.9478 18.1172 0.368953 0.931811 388.789 0 0
1500 29.8887 -7.47973 17.9466 -0.472485 -0.0998658 388.797 0 0
1500 66.5419 25.1303 17.7897 0.0581416 0.366794 388.834 0 0
1500 66.2904 -63.1751 17.7425 0.181208 -0.956815 388.874 0 0
1500 74.9576 -53.4902 17.8109 0.330677 -0.88176 389.033 0 0
1500 78.3413 34.5434 17.788 0.367928 0.564903 389.059 0 0
1500 93.3118 -45.7368 18.0231 0.633981 -0.77222 389.092 0 0
1500 108.87 -38.7097 17.744 0.798006 -0.598492 389.129 0 0
1500 82.2626 1.76142 18.0282 0.461994 -0.00610882 389.193 0 0
1500 53.9979 -44.6699 17.8422 -0.017965 -0.733935 389.198 0 0
1500 76.3693 -4.24762 19.1141 0.396954 -0.1077 389.246 0 0
1500 67.4993 -65.6044 17.7447 0.197742 -0.986877 389.243 0 0
1500 103.13 -19.3978 17.8188 0.724955 -0.239789 389.309 0 0
1500 82.524 -16.1795 17.7698 0.437359 -0.281896 389.218 0 0
1500 90.767 67.6954 18.0054 0.576035 1.11051 389.399 0 0
1500 34.2517 -53.8382 18.0646 -0.395461 -0.931634 389.374 0 0
1500 75.556 -11.7278 17.9765 0.303757 -0.19214 389.409 0 0
1500 43.4203 3.78093 17.8425 -0.209923 0.112121 389.502 0 0
1500 93.3514 -56.4441 17.7467 0.569796 -0.850936 389.512 0 0
1500 69.5101 -35.2647 17.8049 0.172019 -0.607831 389.438 0 0
1500 17.9879 -1.55141 18.0065 -0.68626 -0.0681487 389.437 0 0
1500 63.9457 2.4605 17.8674 0.132752 0.0772511 389.543 0 0
1500 116.889 -3.56026 17.9778 0.949149 -0.0568102 389.644 0 0
1500 118.944 -7.93155 19.0202 1.29042 -0.175011 389.672 0 0
1500 70.443 20.1703 18.5168 0.211218 0.308286 389.807 0 0
1500 119.27 -28.6081 17.7497 0.938747 -0.447205 389.869 0 0
1500 71.4498 -15.9081 18.7145 0.265546 -0.281821 389.751 0 0
1500 63.3226 -1.1321 18.6141 0.174973 -0.0871509 389.914 0 0
1500 71.8575 11.4013 18.2175 0.328987 0.203003 389.907 0 0
1500 97.7753 12.8811 17.8117 0.580776 0.217292 390.001 0 0
1500 109.213 -44.614 17.7505 0.793476 -0.676013 389.955 0 0
1500 128.339 -7.98655 17.851 1.10586 -0.113905 390.09 0 0
1500 48.7526 -36.2667 18.0614 -0.0954149 -0.613491 390.083 0 0
1500 96.5407 45.9054 17.8018 0.556543 0.683837 390.243 0 0
1500 111.571 27.4858 17.7894 0.860675 0.377814 390.255 0 0
1500 109.027 -6.67988 18.2348 0.856777 -0.0973119 390.301 0 0
1500 88.2509 -31.9738 18.0259 0.539448 -0.48572 390.291 0 0
1500 90.9969 -14.1136 18.2148 0.608055 -0.173879 390.422 0 0
1500 112.591 26.2829 18.1384 0.9048 0.460506 390.44 0 0
1500 40.4573 25.3637 17.9584 -0.228681 0.456473 390.444 0 0
1500 67.4636 -15.9935 18.5524 0.195429 -0.262772 390.52 0 0
1500 -28.1872 -65.7133 17.7569 -1.32676 -1.05116 390.515 0 0
1500 82.5939 -5.91218 18.6255 0.475606 -0.155496 390.669 0 0
1500 69.7933 -2.16274 17.8688 0.209949 -0.106635 390.665 0 0
1500 82.6533 -62.8844 17.8586 0.365979 -0.972712 390.813 0 0
1500 78.2313 58.5304 17.8198 0.304342 0.932095 390.842 0 0
1500 102.784 46.9175 17.8032 0.646097 0.779874 390.872 0 0
1500 93.1614 11.2015 18.2554 0.561786 0.186417 390.98 0 0
1500 96.4816 -52.576 17.813 0.5407 -0.813106 390.992 0 0
1500 44.4484 -26.2638 18.2151 -0.266075 -0.454535 391.005 0 0
1500 122.556 -22.8774 17.7635 0.968768 -0.358643 391.101 0 0
1500 6.40256 -34.5691 17.8085 -0.844378 -0.475135 391.027 0 0
1500 1.59829 36.356 17.8452 -0.881493 0.521108 391.223 0 0
1500 105.805 14.5682 18.1343 0.814813 0.23595 391.313 0 0
1500 50.949 -15.4477 18.2547 -0.0821434 -0.294932 391.605 0 0
1500 67.8573 -19.2074 18.0669 0.126484 -0.339041 391.579 0 0
1500 65.6114 9.73109 17.8244 0.117518 0.226917 391.64 0 0
1500 98.5512 31.2671 17.8404 0.614813 0.564134 391.705 0 0
1500 45.0791 -6.69525 17.8672 -0.218114 -0.128063 391.835 0 0
1500 11.901 42.5857 17.7897 -0.700765 0.629758 391.812 0 0
1500 50.1698 -45.9253 17.8606 -0.0887933 -0.763031 391.802 0 0
1500 83.1265 -62.8058 17.7663 0.425324 -0.949984 391.942 0 0
1500 -4.35623 -7.82971 17.8629 -0.976189 -0.133205 391.943 0 0
1500 66.0107 43.4521 18.171 0.175532 0.71459 391.924 0 0
1500 69.4781 -5.28852 18.1921 0.235751 -0.11729 392.046 0 0
1500 26.4932 -47.2369 17.7927 -0.540482 -0.675152 392.131 0 0
1500 -10.8316 -2.93279 17.8519 -1.0468 -0.0479351 392.207 0 0
1500 46.7186 27.497 17.9169 -0.119327 0.427596 392.214 0 0
1500 50.1035 -26.1835 18.1025 -0.119247 -0.457441 392.163 0 0
1500 54.08 6.96406 18.565 -0.0240096 0.0742671 392.288 0 0
1500 58.507 -1.95968 18.565 0.0409713 -0.0567169 392.286 0 0
1500 91.9979 49.7832 18.2033 0.581209 0.862908 392.346 0 0
1500 89.13 -60.5725 17.8075 0.447855 -0.946813 392.456 0 0
1500 64.1601 -12.7271 18.3513 0.191494 -0.265926 392.421 0 0
1500 78.408 -29.9882 18.436 0.379238 -0.510913 392.499 0 0
1500 72.1397 10.265 18.2484 0.266783 0.188629 392.811 0 0
1500 95.3756 -11.5125 18.3504 0.626941 -0.242117 392.733 0 0
1500 54.0266 21.7401 17.9946 -0.0848402 0.390159 392.843 0 0
1500 122.543 22.5818 17.7843 0.976211 0.378138 392.852 0 0
1500 113.745 0.7514 17.7948 0.822456 -0.024849 393.006 0 0
1500 97.1134 -42.5949 17.919 0.666469 -0.64946 392.972 0 0
1500 78.6984 -77.1848 17.954 0.377046 -1.25417 392.965 0 0
1500 75.0026 -52.9067 17.7956 0.290374 -0.76111 393.048 0 0
1500 76.2472 -47.5136 18.2246 0.318515 -0.859493 393.043 0 0
1500 80.6569 -5.93733 18.6658 0.440722 -0.109705 393.173 0 0
1500 35.679 30.4591 17.99 -0.361633 0.519111 393.332 0 0
1500 -5.31293 13.475 17.8276 -0.957065 0.195482 393.589 0 0
1500 19.5962 40.0734 17.8306 -0.646844 0.612705 393.565 0 0
1500 22.2888 -20.8929 17.8184 -0.59956 -0.372574 393.511 0 0
1500 108.668 57.8363 17.948 0.868876 0.90996 393.58 0 0
1500 38.9742 -93.9591 17.8799 -0.286269 -1.48297 393.677 0 0
1500 89.348 -29.8897 18.0754 0.47108 -0.51484 393.71 0 0
1500 23.5874 -7.41298 18.1772 -0.577276 -0.0790428 393.681 0 0
1500 65.2973 -67.9138 17.9349 0.179857 -1.09728 393.855 0 0
1500 70.5046 -11.5623 18.1541 0.206998 -0.216275 393.948 0 0
1500 59.3671 -64.0182 17.8141 0.038069 -0.970644 394.087 0 0
1500 109.328 10.4693 17.9125 0.816134 0.247275 394.035 0 0
1500 68.7787 -1.95174 18.6192 0.264406 0.00565393 394.155 0 0
1500 34.5463 -19.5772 18.1478 -0.370475 -0.312557 394.268 0 0
1500 104.37 -48.9134 17.8607 0.699999 -0.778596 394.311 0 0
1500 31.1393 -59.6539 17.8748 -0.429473 -0.931339 394.401 0 0
1500 113.79 -39.2165 17.8621 0.833425 -0.635682 394.568 0 0
1500 76.4168 -9.51705 19.2616 0.409057 -0.176572 394.61 0 0
1500 84.3247 1.20877 18.8965 0.587615 0.0377456 394.598 0 0
1500 48.4602 14.9886 18.5434 -0.109474 0.257082 394.652 0 0
1500 109.31 -8.67315 17.9816 0.859498 -0.104133 394.743 0 0
1500 39.0628 35.8934 17.8401 -0.362667 0.551456 394.871 0 0
1500 79.6039 -8.63498 17.9701 0.370278 -0.20527 394.945 0 0
1500 106.732 12.9171 17.8347 0.738114 0.152242 394.949 0 0
1500 92.0079 -0.1094 17.902 0.618391 0.0550745 395.032 0 0
1500 87.0852 -36.5742 17.8915 0.437274 -0.563138 395.136 0 0
1500 62.4227 -13.8071 18.7882 0.127377 -0.232681 395.101 0 0
1500 55.3616 7.22983 17.8049 -0.108399 0.0681709 395.149 0 0
1500 110.581 34.5326 17.7928 0.854524 0.505902 395.276 0 0
1500 89.2695 3.86564 18.5219 0.625678 0.0506534 395.36 0 0
1500 161.397 12.5295 17.9265 1.76153 0.17601 395.5 0 0
1500 85.6487 -41.3296 17.8446 0.380537 -0.640247 395.557 0 0
1500 44.6298 -47.2724 17.8445 -0.186438 -0.722441 395.552 0 0
1500 86.2064 -57.7663 17.8841 0.479767 -0.90058 395.69 0 0
1500 104.435 46.4382 17.7926 0.759209 0.679677 395.616 0 0
1500 114.651 20.5971 17.9209 0.884675 0.374181 395.618 0 0
1500 72.7784 -7.76627 18.4083 0.261956 -0.180923 395.669 0 0
1500 64.2492 -40.8843 17.9639 0.134413 -0.690748 395.612 0 0
1500 57.2643 -29.1185 17.8744 0.054909 -0.495299 395.726 0 0
1500 113.597 -23.4222 17.9776 0.994673 -0.433302 395.671 0 0
1500 66.4183 42.2374 18.6572 0.165635 0.786597 395.818 0 0
1500 49.8415 70.7645 17.9723 -0.0647317 1.18084 395.967 0 0
1500 78.3492 11.1305 19.6273 0.489843 0.183407 395.872 0 0
1500 37.0745 -22.8538 17.8654 -0.349827 -0.305683 395.853 0 0
1500 64.2826 -0.918478 18.1484 0.109247 -0.0843144 395.888 0 0
1500 85.2079 -17.3349 17.8726 0.483519 -0.31321 395.895 0 0
1500 65.7904 -37.4568 17.8707 0.185057 -0.620175 396.082 0 0
1500 49.8009 -18.7755 17.9674 -0.185044 -0.281014 396.158 0 0
1500 47.756 1.09997 17.9132 -0.197786 0.00919178 396.234 0 0
1500 152.746 48.5862 17.807 1.52938 0.733418 396.248 0 0
1500 59.6162 9.66988 17.8948 -0.0420118 0.12705 396.229 0 0
1500 74.5093 22.608 18.4935 0.328485 0.443427 396.229 0 0
1500 37.5274 6.97157 18.0126 -0.321692 0.104817 396.337 0 0
1500 92.4952 34.3659 18.2063 0.596616 0.603417 396.363 0 0
1500 37.7901 21.3019 17.9643 -0.368376 0.334226 396.412 0 0
1500 -8.47335 4.79212 17.8336 -1.07111 0.0977926 396.459 0 0
1500 50.3169 -18.6579 18.0859 -0.0733911 -0.364111 396.458 0 0
1500 -25.0063 14.3967 17.8155 -1.25624 0.243185 396.558 0 0
1500 108.866 27.8382 17.8324 0.788895 0.491105 396.559 0 0
1500 49.1764 35.0247 17.9624 -0.193384 0.543085 396.584 0 0
1500 70.6881 20.3089 18.406 0.269895 0.302962 396.611 0 0
1500 65.9913 -35.101 17.8912 0.148296 -0.612454 396.669 0 0
1500 91.6626 7.75917 18.6992 0.596328 0.128382 396.776 0 0
1500 69.1201 -5.90976 18.4672 0.234436 -0.143691 396.85 0 0
1500 77.6439 -19.6259 18.1237 0.302842 -0.33126 396.989 0 0
1500 33.2003 46.0935 17.8235 -0.409281 0.674644 397.111 0 0
1500 86.6367 21.7821 18.7419 0.532445 0.388227 397.116 0 0
1500 103.909 13.1753 18.4047 0.813124 0.260578 397.209 0 0
1500 74.98 -36.1752 17.8934 0.29736 -0.624255 397.27 0 0
1500 -57.4522 -65.5503 17.8403 -1.79786 -1.0935 397.405 0 0
1500 52.4788 5.23098 17.9689 -0.124583 0.092454 397.604 0 0
1500 112.148 -22.7265 17.8611 0.874755 -0.386171 397.543 0 0
1500 111.318 -26.3658 17.8608 0.86113 -0.440018 397.637 0 0
1500 119.009 4.66905 17.7906 0.972536 0.111826 397.606 0 0
1500 71.7062 19.3987 18.2461 0.26121 0.368522 397.52 0 0
1500 57.9996 -8.78958 18.2763 -0.01326 -0.109835 397.496 0 0
1500 78.114 -36.7957 17.9523 0.360813 -0.626149 397.647 0 0
1500 72.3793 -65.3802 17.8368 0.172825 -1.02256 397.718 0 0
1500 79.8476 -57.4081 17.8603 0.389968 -0.901925 397.785 0 0
1500 65.5626 4.38484 18.2095 0.209837 0.0455332 397.873 0 0
1500 45.8121 37.8308 17.8357 -0.190565 0.659884 397.873 0 0
1500 52.353 12.987 17.9547 -0.103831 0.272733 397.88 0 0
1500 55.1185 -20.6915 17.8304 0.0136467 -0.371972 397.929 0 0
1500 111.727 -14.2932 17.9028 0.892864 -0.219749 398.039 0 0
1500 86.0561 -8.72265 17.9176 0.469943 -0.207627 397.991 0 0
1500 104.546 -35.0151 18.2696 0.825172 -0.661083 398.016 0 0
1500 34.9505 46.9829 17.8383 -0.322528 0.727941 398.133 0 0
1500 65.9389 25.0997 17.9386 0.102261 0.409138 398.287 0 0
1500 89.622 8.43575 18.0168 0.575509 0.16534 398.297 0 0
1500 85.9727 22.4477 17.8251 0.49304 0.300597 398.307 0 0
1500 71.9314 -50.5984 18.1608 0.264763 -0.908651 398.299 0 0
1500 95.6482 -22.747 17.9316 0.600539 -0.325975 398.468 0 0
1500 123.536 3.12337 17.8595 1.03117 0.00066544 398.451 0 0
1500 58.2999 -31.1006 18.0658 0.0577067 -0.534775 398.396 0 0
1500 94.4958 20.4845 17.8216 0.622837 0.268943 398.581 0 0
1500 47.1098 49.0321 17.8264 -0.11804 0.809067 398.645 0 0
1500 104.086 3.39352 18.3045 0.85052 0.103577 398.658 0 0
1500 133.11 -14.3007 18.2167 1.46366 -0.285856 398.671 0 0
1500 58.7807 -75.2371 17.8316 -0.0224166 -1.12201 398.708 0 0
1500 27.6579 57.547 17.8475 -0.463944 0.922361 398.76 0 0
1500 104.769 -15.5344 17.9075 0.748788 -0.308629 398.894 0 0
1500 64.5233 26.7889 18.1953 0.146512 0.485213 398.849 0 0
1500 39.2172 11.0501 18.1941 -0.278132 0.152253 399.018 0 0
1500 41.2451 -64.5203 17.8422 -0.279594 -0.990043 399.082 0 0
1500 83.866 23.9089 18.2404 0.426524 0.433689 399.052 0 0
1500 44.9166 -49.1383 17.8161 -0.143229 -0.802098 399.089 0 0
1500 107.491 -3.77847 18.0082 0.838198 -0.021347 399.141 0 0
1500 56.9865 -3.05831 18.1081 -0.00530209 0.0259896 399.222 0 0
1500 118.248 -28.5312 17.8612 0.940077 -0.460322 399.389 0 0
1500 68.4168 3.1617 18.6695 0.242988 -0.0232884 399.616 0 0
1500 1.76395 22.6662 17.7954 -0.875856 0.286801 399.645 0 0
1500 91.9369 45.7949 18.004 0.597847 0.721391 399.728 0 0
1500 78.1987 11.555 17.8272 0.271543 0.247301 399.699 0 0
1500 114.58 -39.6487 17.9835 0.99372 -0.699753 399.593 0 0
1500 76.5183 -24.659 18.2756 0.41001 -0.399088 399.944 0 0
1500 86.6746 -52.089 17.8087 0.490712 -0.835175 400.043 0 0
1500 70.3023 -25.4329 18.2714 0.187036 -0.436057 399.884 0 0
1500 14.9294 16.4466 17.8713 -0.730367 0.228043 400.115 0 0
1500 78.523 46.6632 18.1063 0.342888 0.77734 400.154 0 0
1500 1.73894 27.3122 17.8017 -0.84289 0.488003 400.153 0 0
1500 82.2689 15.7592 18.2538 0.524207 0.272704 400.223 0 0
1500 66.5604 -60.5163 17.7976 0.199692 -0.918031 400.246 0 0
1500 44.2483 -3.68899 18.0527 -0.262625 -0.0567638 400.228 0 0
1500 103.836 -72.4225 18.0067 0.80047 -1.17821 400.239 0 0
1500 96.2353 -28.1829 17.8341 0.595249 -0.416354 400.636 0 0
1500 90.6605 -55.1648 17.8677 0.529579 -0.834407 400.523 0 0
1500 68.3372 -64.7631 17.8826 0.173422 -1.00435 400.743 0 0
1500 99.8887 6.09056 18.269 0.757274 0.0658272 400.513 0 0
1500 69.6228 21.7246 18.5313 0.196204 0.35151 400.651 0 0
1500 96.7907 9.90204 18.153 0.696355 0.1116 400.634 0 0
1500 101.359 -53.7413 17.8606 0.738179 -0.802271 400.537 0 0
1500 9.13194 17.7565 17.8674 -0.814706 0.246731 400.497 0 0
1500 94.708 8.56692 17.8692 0.647991 0.142269 400.845 0 0
1500 118.552 6.39723 17.796 0.97151 0.0867848 400.902 0 0
1500 115.016 36.6849 17.8052 0.907098 0.501245 400.951 0 0
1500 123.2 18.584 17.8046 1.02223 0.229484 401.411 0 0
1500 2.02166 -2.40365 17.8966 -0.898335 0.0142938 401.265 0 0
1500 94.7642 39.5038 17.8107 0.520082 0.670923 401.027 0 0
1500 62.9607 8.90275 18.1544 0.15163 0.204953 401.29 0 0
1500 88.8315 -24.2592 17.9545 0.437306 -0.42981 401.414 0 0
1500 73.2058 -34.4908 17.9542 0.196318 -0.587427 401.43 0 0
1500 125.76 26.8696 18.2411 1.18604 0.474259 401.439 0 0
1500 143.462 -82.1675 17.8171 1.27163 -1.29778 401.501 0 0
1500 80.0451 48.7179 18.5353 0.484277 0.954385 401.644 0 0
1500 123.996 -9.93313 17.8047 1.02975 -0.192474 401.693 0 0
1500 17.3621 40.9115 17.8055 -0.660491 0.685691 401.676 0 0
1500 70.0134 6.74895 17.949 0.278221 0.102803 401.653 0 0
1500 85.6529 -97.2273 17.8453 0.418131 -1.5374 401.811 0 0
1500 96.627 20.023 18.2388 0.666785 0.372162 401.781 0 0
1500 87.6819 -29.7123 17.9601 0.426174 -0.518139 401.767 0 0
1500 48.7926 19.8308 17.8755 -0.193596 0.276895 401.856 0 0
1500 93.2114 -16.3038 18.3688 0.612553 -0.310461 401.901 0 0
1500 82.3672 2.06673 18.5827 0.472916 -0.000351336 401.991 0 0
1500 80.2142 23.3293 18.2254 0.378563 0.378143 401.961 0 0
1500 55.237 -38.503 17.9781 -0.0665111 -0.655601 402.304 0 0
1500 73.3151 -30.3433 18.0563 0.190908 -0.489774 402.303 0 0
1500 85.5946 15.1269 18.1243 0.438915 0.26877 402.415 0 0
1500 52.5718 -64.8494 17.8641 -0.0880053 -1.0373 402.462 0 0
1500 116.28 10.0384 18.0474 1.08224 0.126469 402.421 0 0
1500 77.8788 35.155 18.2459 0.350165 0.70609 402.54 0 0
1500 23.6774 -33.6916 17.8468 -0.552402 -0.483892 402.745 0 0
1500 80.7752 18.3278 18.0303 0.334273 0.358825 402.639 0 0
1500 16.8284 24.5973 17.847 -0.648692 0.336601 402.759 0 0
1500 91.413 33.2158 17.9342 0.600808 0.505923 402.777 0 0
1500 64.485 32.2353 18.1225 0.136294 0.569197 402.828 0 0
1500 47.3577 -64.6984 17.8085 -0.0999322 -0.983723 402.881 0 0
1500 97.7709 22.9842 18.4696 0.736532 0.377732 402.842 0 0
1500 30.5286 58.6484 17.8005 -0.452357 0.938076 402.867 0 0
1500 30.5464 58.7183 17.8005 -0.451969 0.938864 402.885 0 0
1500 113.606 -5.55337 18.1101 0.930367 -0.137956 402.962 0 0
1500 67.5566 32.2636 18.122 0.18316 0.569356 402.859 0 0
1500 39.4591 31.6997 18.1196 -0.26494 0.557865 403.017 0 0
1500 75.8518 41.7988 17.8991 0.346796 0.683173 403.033 0 0
1500 137.248 38.9559 18.1048 1.41101 0.659652 403.058 0 0
1500 12.7326 -4.7387 18.0376 -0.785162 -0.145948 402.989 0 0
1500 58.2852 46.0214 18.2145 0.00976856 0.873847 402.948 0 0
1500 99.4224 16.3299 18.1431 0.675809 0.241977 403.101 0 0
1500 67.7179 61.7638 17.8215 0.192267 0.940662 403.168 0 0
1500 36.4984 61.9896 17.8001 -0.361606 0.983286 403.183 0 0
1500 92.5614 56.1291 17.8516 0.593201 0.846819 403.2 0 0
1500 60.4716 -52.9681 17.9692 0.0137536 -0.866911 403.128 0 0
1500 103.336 23.8579 17.9309 0.779149 0.360892 403.116 0 0
1500 93.7779 17.7709 18.1181 0.563434 0.344555 403.137 0 0
1500 81.8024 16.513 18.3135 0.495821 0.306528 403.103 0 0
1500 39.6461 23.6378 18.296 -0.334526 0.379933 403.103 0 0
1500 69.2802 5.67911 17.9009 0.214998 0.0358781 403.211 0 0
1500 58.3007 -4.93778 17.902 0.063482 -0.110488 403.273 0 0
1500 78.3949 15.6165 18.2845 0.389357 0.310472 403.481 0 0
1500 115.756 -11.3491 17.8122 0.889266 -0.248966 403.551 0 0
1500 84.1401 -11.5981 17.9732 0.402687 -0.254504 403.396 0 0
1500 66.453 6.74232 18.0502 0.0831003 0.0851812 403.444 0 0
1500 110.223 -24.0667 17.9263 0.876275 -0.365259 403.693 0 0
1500 66.2264 0.407528 17.9662 0.160966 -0.0695996 403.677 0 0
1500 61.0886 65.4936 17.7943 0.115064 1.00531 403.743 0 0
1500 74.1463 -6.44608 17.9159 0.246503 -0.156313 403.757 0 0
1500 68.4436 40.5418 17.8204 0.215583 0.679603 403.777 0 0
1500 96.4075 14.2619 17.997 0.577274 0.26367 403.921 0 0
1500 113.018 10.1106 17.8162 0.83982 0.100116 403.939 0 0
1500 56.2507 -56.0092 17.8162 0.0286522 -0.844655 403.942 0 0
1500 -14.1123 20.9446 17.8415 -1.142 0.409878 403.895 0 0
1500 112.984 0.724839 18.3809 1.06183 -0.0588026 403.952 0 0
1500 57.8093 46.7178 17.8351 0.0422775 0.714295 404.07 0 0
1500 116.957 3.68819 18.1924 0.989245 0.077678 404.165 0 0
1500 56.1875 64.1015 17.7935 0.00486311 1.02713 404.082 0 0
1500 70.8641 51.8159 18.0666 0.220942 0.855971 404.016 0 0
1500 72.5881 -46.8511 17.9474 0.294687 -0.765053 404.125 0 0
1500 89.1434 -17.323 17.9564 0.51259 -0.34221 404.343 0 0
1500 111.179 -12.1706 17.8586 0.867073 -0.129998 404.459 0 0
1500 79.7709 -31.6569 17.9545 0.367232 -0.561835 404.498 0 0
1500 102.102 -10.5519 17.8225 0.677857 -0.193431 404.556 0 0
1500 167.813 17.6878 17.8287 1.72377 0.253718 404.75 0 0
1500 54.3743 28.4454 18.2374 -0.0183949 0.507492 404.774 0 0
1500 32.9053 -34.6773 17.9533 -0.352974 -0.607368 404.596 0 0
1500 -0.438916 2.72772 17.962 -0.951223 0.00463927 404.538 0 0
1500 114.35 -18.3361 18.3841 1.04349 -0.311528 404.508 0 0
1500 96.3197 43.3194 18.0297 0.61174 0.778435 404.591 0 0
1500 132.309 9.46249 18.0353 1.31002 0.15437 404.739 0 0
1500 139.099 9.30496 18.1183 1.44782 0.0937316 404.709 0 0
1500 50.7474 20.4394 17.8468 -0.056841 0.338501 404.966 0 0
1500 75.253 -34.6738 17.8261 0.296279 -0.5328 404.862 0 0
1500 88.0727 -31.1248 18.265 0.588743 -0.51608 404.782 0 0
1500 69.2799 -4.08499 17.8951 0.218507 0.00510906 405.166 0 0
1500 -18.5803 -76.7151 17.9616 -1.23671 -1.2985 405.166 0 0
1500 70.993 -1.77507 18.7447 0.333798 0.000391035 405.246 0 0
1500 54.8165 -6.79644 18.0657 -0.0663421 -0.142492 405.335 0 0
1500 87.6109 0.991356 18.1296 0.510939 0.0208829 405.194 0 0
1500 91.8765 -55.9725 17.9908 0.526352 -0.899373 405.38 0 0
1500 80.7327 -18.1145 18.4647 0.452294 -0.341413 405.232 0 0
1500 112.429 -34.5492 17.807 0.874419 -0.470259 405.365 0 0
1500 45.3377 -8.15773 18.2967 -0.195795 -0.16712 405.207 0 0
1500 79.4294 -44.9172 17.8931 0.360571 -0.758197 405.388 0 0
1500 96.0187 -43.5969 18.4455 0.723973 -0.779111 405.276 0 0
1500 68.1733 -11.3984 17.8345 0.194707 -0.202743 405.489 0 0
1500 41.2955 54.65 17.8086 -0.280958 0.845931 405.443 0 0
1500 103.079 -42.0976 18.4544 0.814963 -0.760724 405.522 0 0
1500 119.002 -24.645 17.921 0.978682 -0.36285 405.727 0 0
1500 121.312 16.9245 17.9213 1.01046 0.245117 405.866 0 0
1500 50.2517 -42.5596 17.7931 -0.0787897 -0.704694 405.767 0 0
1500 65.4165 -37.7819 18.0708 0.0791119 -0.618122 405.706 0 0
1500 84.4836 0.813787 18.1148 0.466797 -0.0605285 405.769 0 0
1500 53.381 35.9029 17.8857 -0.0285355 0.620282 405.89 0 0
1500 94.2877 41.2759 17.9965 0.602956 0.763226 405.671 0 0
1500 57.4165 47.8958 17.8155 -0.0488703 0.741041 406.182 0 0
1500 100.082 -28.119 17.8187 0.630721 -0.468274 406.169 0 0
1500 9.55007 -24.1203 17.9161 -0.753543 -0.437898 405.948 0 0
1500 10.2665 -1.74975 18.0428 -0.769312 0.00154639 406.084 0 0
1500 95.584 20.4486 17.8353 0.636734 0.36743 405.909 0 0
1500 117.751 18.8836 17.7962 0.933229 0.292778 406.219 0 0
1500 68.9462 -59.1447 17.8859 0.197547 -0.961469 406.345 0 0
1500 45.1695 -29.6313 17.9977 -0.228709 -0.513688 406.261 0 0
1500 104.296 29.9064 18.0188 0.740551 0.460694 406.791 0 0
1500 119.426 -1.28463 17.9253 0.968341 -0.0205663 406.896 0 0
1500 68.1619 66.0032 17.8043 0.200828 1.02057 407.125 0 0
1500 84.1997 51.2113 18.0946 0.460108 0.831951 406.524 0 0
1500 82.6993 -47.9173 18.0587 0.451736 -0.777979 406.551 0 0
1500 67.7371 -74.7981 17.849 0.0833649 -1.16337 406.574 0 0
1500 59.6764 -30.9949 18.1832 0.0257518 -0.538283 406.872 0 0
1500 11.5437 -14.303 17.8703 -0.746992 -0.285481 407.075 0 0
1500 82.8383 -40.8091 17.8714 0.347221 -0.693166 406.974 0 0
1500 86.4288 -12.8092 17.9603 0.413895 -0.263506 407.01 0 0
1500 56.4966 -28.8313 17.8205 -0.0590964 -0.520671 406.762 0 0
1500 22.5422 -18.7335 17.8681 -0.554762 -0.367697 407.127 0 0
1500 68.2797 24.7709 17.826 0.205727 0.447854 406.865 0 0
1500 77.7201 -48.8802 18.0965 0.425123 -0.83907 406.528 0 0
1500 92.5217 -50.1761 17.9345 0.560312 -0.770526 407.314 0 0
1500 123.97 6.16147 17.8506 1.01644 0.143272 407.414 0 0
1500 -9.95917 81.3288 17.8425 -1.01775 1.28419 407.371 0 0
1500 92.5902 -15.1162 18.3111 0.608491 -0.298989 407.237 0 0
1500 27.7606 -5.46756 18.0627 -0.493699 -0.0334256 407.224 0 0
1500 74.8695 9.92213 17.9729 0.355532 0.143387 407.403 0 0
1500 49.667 -63.8234 17.8838 -0.103543 -0.99719 407.648 0 0
1500 72.4261 6.99949 18.3621 0.339879 0.162058 407.581 0 0
1500 -7.78776 -43.0307 18.0072 -1.06342 -0.749192 407.554 0 0
1500 46.3482 9.52646 18.3747 -0.240116 0.203604 407.77 0 0
1500 30.6653 -58.821 17.8952 -0.401041 -0.950414 407.804 0 0
1500 101.828 1.36202 18.0667 0.696955 0.0616863 407.873 0 0
1500 79.9063 -0.000647153 19.2555 0.57215 0.00427296 407.826 0 0
1500 94.8945 -54.8035 17.8822 0.574342 -0.87499 407.948 0 0
1500 71.5297 -47.4833 18.231 0.253227 -0.919264 407.886 0 0
1500 78.9194 41.2285 18.2033 0.406646 0.682824 408.041 0 0
1500 72.4845 45.9726 17.9722 0.297758 0.749535 408.018 0 0
1500 111.445 7.30737 17.8111 0.862025 0.171886 408.151 0 0
1500 91.8922 68.737 17.8471 0.545391 1.02938 408.176 0 0
1500 54.8298 -35.7763 17.9811 -0.113483 -0.55698 408.211 0 0
1500 73.8212 37.6104 17.8188 0.21805 0.656064 408.352 0 0
1500 201.899 -32.7887 17.7948 2.17008 -0.5578 408.418 0 0
1500 73.6329 2.67508 18.7966 0.3365 0.095964 408.492 0 0
1500 93.6981 -52.3247 17.9038 0.551549 -0.855936 408.695 0 0
1500 98.4674 -48.3791 17.8008 0.577171 -0.800228 408.787 0 0
1500 76.0338 1.44773 18.1849 0.323776 0.0988951 408.556 0 0
1500 29.3259 13.1546 18.1082 -0.472792 0.167296 408.575 0 0
1500 63.8684 -37.0544 18.2613 0.137643 -0.635597 408.819 0 0
1500 57.2056 -29.2104 18.454 0.0496481 -0.511524 408.857 0 0
1500 8.94427 -0.897607 17.8855 -0.809895 -0.0932634 408.85 0 0
1500 38.6937 56.3174 18.0279 -0.319091 1.03183 408.997 0 0
1500 73.0161 -6.95746 18.172 0.228715 -0.168492 409.021 0 0
1500 31.6536 -44.8245 17.8536 -0.376239 -0.783214 409.048 0 0
1500 93.6685 54.3382 17.8564 0.561293 0.855174 409.194 0 0
1500 102.773 39.8714 17.9632 0.746232 0.64513 409.178 0 0
1500 83.5763 -58.6066 17.8794 0.447018 -0.922467 409.294 0 0
1500 43.0506 -2.86007 17.8528 -0.307401 -0.0711688 409.346 0 0
1500 89.6926 -57.6622 17.9022 0.486698 -0.92613 409.384 0 0
1500 64.9849 -57.6605 17.9324 0.0804492 -0.935429 409.385 0 0
1500 82.9023 -54.1915 17.9319 0.350584 -0.882003 409.464 0 0
1500 116.368 7.46922 17.9506 0.967412 0.101951 409.537 0 0
1500 57.6898 49.4811 18.0492 0.00579868 0.823501 409.531 0 0
1500 66.2991 -18.3098 17.8037 0.154391 -0.319951 409.644 0 0
1500 94.9438 -0.464983 18.4694 0.708003 0.0653652 409.599 0 0
1500 34.0682 3.52455 18.2712 -0.446462 0.0226606 409.588 0 0
1500 113.397 -5.10139 18.2366 0.942785 -0.106153 409.743 0 0
1500 105.39 42.9471 18.0947 0.893148 0.696973 409.76 0 0
1500 84.4472 27.4004 18.2806 0.436961 0.444388 410.16 0 0
1500 52.9677 -25.9674 18.0941 -0.0622419 -0.424852 410.101 0 0
1500 98.6389 -39.3847 17.8913 0.611547 -0.629951 409.932 0 0
1500 63.1697 -66.4938 17.858 0.0429337 -1.03712 410.154 0 0
1500 113.539 -8.6227 18.0132 0.939791 -0.127175 409.967 0 0
1500 70.0752 1.94158 18.2344 0.24809 -0.046087 409.923 0 0
1500 62.4065 -6.30985 18.2982 0.0672563 -0.0503345 410.205 0 0
1500 46.5517 -12.9415 18.1035 -0.208135 -0.238975 409.961 0 0
1500 52.1179 32.6412 17.8649 -0.165135 0.4919 410.071 0 0
1500 122.682 -73.2541 17.9026 1.08522 -1.22246 409.985 0 0
1500 76.834 -1.04607 17.9483 0.306515 0.0470073 410.283 0 0
1500 113.945 -25.8086 17.9429 0.890475 -0.375299 410.442 0 0
1500 125.161 6.70852 17.802 1.0356 0.157222 410.439 0 0
1500 108.526 36.903 18.0123 0.834387 0.590649 410.35 0 0
1500 100.238 25.4443 18.1963 0.715154 0.449299 410.338 0 0
1500 62.2289 0.472255 18.4953 0.0772246 0.0223837 410.416 0 0
1500 91.2783 -6.62458 18.189 0.553149 -0.177046 410.387 0 0
1500 104.45 -10.2872 17.8911 0.718036 -0.234838 410.422 0 0
1500 100.241 22.2342 17.8614 0.747543 0.331709 410.339 0 0
1500 73.6347 -13.896 18.3426 0.263942 -0.257202 410.557 0 0
1500 120.81 15.2449 17.9468 1.01872 0.215476 410.544 0 0
1500 15.9665 35.0013 17.9586 -0.671564 0.585688 410.514 0 0
1500 105.028 -15.6137 17.8896 0.725324 -0.315992 410.564 0 0
1500 78.9249 6.90476 18.2871 0.358264 0.160592 410.674 0 0
1500 82.576 -34.318 17.9004 0.377105 -0.55028 410.861 0 0
1500 67.2518 -63.9727 17.8605 0.101683 -0.989996 410.857 0 0
1500 75.4259 23.5106 18.4117 0.400609 0.395675 410.706 0 0
1500 56.5127 -10.139 18.2362 -0.0250637 -0.208942 410.761 0 0
1500 43.2363 -2.82713 18.2357 -0.228422 -0.0968403 410.791 0 0
1500 69.0017 -3.21307 18.2274 0.207748 -0.124896 410.784 0 0
1500 67.2222 31.3474 17.8865 0.219563 0.517817 410.602 0 0
1500 102.035 18.1933 18.4746 0.899943 0.283145 410.684 0 0
1500 90.2202 -14.5909 18.7511 0.634428 -0.345566 410.646 0 0
1500 83.584 23.5635 18.2462 0.417546 0.39221 411.083 0 0
1500 72.4902 44.7702 18.1202 0.20519 0.733188 410.896 0 0
1500 69.7837 -14.6284 18.2777 0.238476 -0.2992 411.08 0 0
1500 100.286 1.03828 18.5124 0.790889 0.094861 411.167 0 0
1500 105.938 35.0092 17.9186 0.757727 0.542077 411.25 0 0
1500 63.5652 96.0523 17.8731 0.125154 1.61483 411.246 0 0
1500 6.35923 -14.2332 17.8502 -0.859562 -0.23257 411.372 0 0
1500 47.1392 -55.6604 17.85 -0.237655 -0.863801 411.404 0 0
1500 158.493 51.4024 17.8322 1.60471 0.885965 411.355 0 0
1500 51.3969 -62.5856 17.801 -0.12907 -0.974897 411.507 0 0
1500 94.4673 3.93628 17.913 0.600398 -0.00812498 411.571 0 0
1500 81.5254 6.41066 18.5066 0.498461 0.156009 411.41 0 0
1500 106.449 -41.6492 17.9488 0.845899 -0.674971 411.576 0 0
1500 47.4011 28.4144 18.1284 -0.169657 0.528709 411.579 0 0
1500 46.3258 -57.7931 17.8483 -0.249268 -0.893495 411.61 0 0
1500 60.39 47.6581 17.8905 0.00143617 0.794261 411.685 0 0
1500 90.8846 -45.2567 17.9119 0.486145 -0.71593 411.913 0 0
1500 104.53 16.919 18.207 0.776097 0.323333 411.753 0 0
1500 56.5173 52.8611 17.8869 -0.0575981 0.8691 412.054 0 0
1500 3.16275 -3.14454 17.8869 -0.870817 0.0154769 412.054 0 0
1500 115.716 22.3516 18.1824 0.989399 0.441331 412.085 0 0
1500 68.2024 19.7425 17.9999 0.210465 0.291791 412.219 0 0
1500 85.0361 -1.8651 18.0754 0.448536 -0.078079 412.235 0 0
1500 21.5036 -54.6559 17.8015 -0.564018 -0.872827 412.396 0 0
1500 61.4688 69.4145 17.8101 -0.0212364 1.04775 412.249 0 0
1500 176.85 18.057 17.7918 1.85246 0.280354 412.457 0 0
1500 91.5375 42.5472 17.9279 0.583895 0.688113 412.222 0 0
1500 72.5841 35.2575 18.0837 0.28998 0.606234 412.209 0 0
1500 98.6057 14.3513 18.0321 0.665341 0.322779 412.389 0 0
1500 90.5688 -34.4591 18.1944 0.522426 -0.681462 412.342 0 0
1500 111.102 -13.3382 18.2217 0.912309 -0.206344 412.475 0 0
1500 52.4064 1.13386 17.8313 -0.0512875 -0.0473993 412.678 0 0
1500 7.38757 9.62017 17.832 -0.776501 0.0923924 412.552 0 0
1500 43.9123 -65.5247 17.8426 -0.281043 -0.993663 412.756 0 0
1500 75.0132 -5.02448 18.3302 0.386929 -0.0338383 412.66 0 0
1500 55.8597 -28.1462 18.2986 -0.041523 -0.456536 412.679 0 0
1500 90.7523 -2.76294 18.3474 0.670956 -0.00962831 412.734 0 0
1500 51.2801 -17.5214 18.5255 -0.126628 -0.362473 412.732 0 0
1500 45.6773 46.4273 17.8399 -0.167922 0.787135 412.773 0 0
1500 85.9679 10.0857 18.2493 0.44628 0.206407 412.838 0 0
1500 87.5171 43.5969 18.1095 0.53696 0.704998 412.945 0 0
1500 87.593 43.2605 17.9001 0.438984 0.733 412.937 0 0
1500 27.539 -48.7559 18.0348 -0.504124 -0.790421 412.904 0 0
1500 29.9805 2.60426 17.8684 -0.506123 0.0656374 412.923 0 0
1500 52.6439 25.9135 17.817 -0.142377 0.460666 412.942 0 0
1500 92.9442 -30.6038 18.2644 0.640539 -0.63921 412.827 0 0
1500 -4.71795 9.02689 17.8803 -0.976722 0.198109 413.008 0 0
1500 68.616 21.3759 18.0656 0.256991 0.357411 413.025 0 0
1500 70.6006 2.23419 18.0496 0.299477 0.0306322 413.015 0 0
1500 107.693 -3.31486 17.8171 0.747721 0.00872361 413.125 0 0
1500 99.7286 34.5926 18.0779 0.697463 0.58277 413.199 0 0
1500 120.52 -9.50157 18.2157 1.17984 -0.171822 413.367 0 0
1500 89.4153 29.2523 18.2073 0.520932 0.463631 413.616 0 0
1500 9.49114 47.8473 17.8417 -0.787148 0.692309 413.426 0 0
1500 76.5881 -25.596 18.0435 0.38961 -0.397413 413.431 0 0
1500 118.314 8.89188 17.8323 0.934956 0.207641 413.675 0 0
1500 121.683 -2.60493 17.8309 0.982566 0.0333256 413.906 0 0
1500 110.395 -5.19072 17.9357 0.874374 -0.118184 413.775 0 0
1500 94.9931 -11.9413 18.0994 0.658705 -0.134493 413.917 0 0
1500 26.6417 24.5455 17.927 -0.54272 0.40641 413.959 0 0
1500 67.8284 -17.3925 18.0517 0.234694 -0.322489 413.911 0 0
1500 40.9209 -10.5028 18.0668 -0.284761 -0.22029 413.927 0 0
1500 84.8831 11.3048 17.914 0.488828 0.220721 413.755 0 0
1500 67.7243 19.985 17.8495 0.19772 0.375245 413.828 0 0
1500 120.335 -21.2201 17.822 0.988217 -0.349442 414.034 0 0
1500 110.845 -15.0255 17.8083 0.879149 -0.220082 414.056 0 0
1500 49.596 -10.9039 17.8936 -0.201002 -0.190488 413.997 0 0
1500 -1.9945 77.9895 17.9717 -1.09068 1.27365 414.004 0 0
1500 88.1182 1.43772 19.2536 0.631163 0.0227909 414.321 0 0
1500 142.796 -10.9713 17.8613 1.2959 -0.169984 414.248 0 0
1500 3.65052 36.3079 17.8279 -0.857437 0.502758 414.305 0 0
1500 113.468 0.815114 18.0821 0.922931 -0.0359234 414.255 0 0
1500 73.4464 52.2836 17.9037 0.261442 0.867456 414.354 0 0
1500 63.4701 42.5932 17.9077 0.155699 0.700392 414.248 0 0
1500 84.1446 -54.4955 18.2493 0.50263 -1.03221 414.312 0 0
1500 64.8057 -36.6429 17.9477 0.0721423 -0.573539 414.527 0 0
1500 -3.82147 -19.7899 17.8435 -0.96968 -0.303191 414.423 0 0
1500 102.318 -19.2649 18.2846 0.756639 -0.354221 414.477 0 0
1500 57.0971 -24.3541 18.3646 0.0300683 -0.4392 414.433 0 0
1500 56.951 53.2674 17.9023 0.0293786 0.877721 414.531 0 0
1500 70.4883 -36.8816 17.8855 0.124296 -0.591185 414.552 0 0
1500 160.36 -29.4616 17.8387 1.6532 -0.403432 414.484 0 0
1500 99.4563 -200.925 17.8466 0.703558 -3.24773 414.392 0 0
1500 -5.73804 -8.41126 17.8442 -0.995326 -0.137094 414.58 0 0
1500 8.90154 26.6064 17.7974 -0.826172 0.42432 414.579 0 0
1500 111.285 -38.9546 17.8873 0.825268 -0.644156 414.78 0 0
1500 70.1375 -32.0612 18.3602 0.226164 -0.552978 414.767 0 0
1500 71.1706 -5.17403 18.1049 0.307614 -0.11259 414.764 0 0
1500 55.4394 59.9714 17.9029 0.00604546 1.00205 414.701 0 0
1500 51.383 -29.6707 18.0576 -0.127557 -0.598393 414.723 0 0
1500 105.202 -45.3639 17.9072 0.766762 -0.683902 414.782 0 0
1500 109.955 19.7782 18.2236 0.880538 0.341026 414.807 0 0
1500 75.7427 -9.06758 17.8591 0.317201 -0.110382 414.893 0 0
1500 11.5406 18.6434 17.9944 -0.752764 0.37492 414.915 0 0
1500 5.04873 39.645 17.8785 -0.805827 0.638929 415.005 0 0
1500 102.601 31.1339 18.0885 0.76198 0.51378 415.013 0 0
1500 47.5711 60.3972 17.796 -0.214418 0.966837 415.088 0 0
1500 51.6778 -7.85953 17.9559 -0.110849 -0.168772 415.142 0 0
1500 56.9997 62.0813 17.8787 0.0477306 0.984793 415.316 0 0
1500 -4.58666 4.88694 17.795 -0.999542 0.127581 415.292 0 0
1500 100.743 -43.0455 17.8653 0.724369 -0.658591 415.454 0 0
1500 70.4645 -18.7304 17.8665 0.167542 -0.371005 415.451 0 0
1500 50.8596 0.285998 18.0676 -0.0889855 0.0708995 416.012 0 0
1500 43.7057 -51.0086 17.8882 -0.199353 -0.7967 415.637 0 0
1500 113.751 25.5952 17.9247 0.873454 0.408964 415.79 0 0
1500 123.69 9.32521 17.8351 1.03518 0.0883275 415.86 0 0
1500 1.6304 -39.3932 17.793 -0.896395 -0.533871 415.994 0 0
1500 83.9712 48.2905 18.0041 0.477973 0.77037 415.76 0 0
1500 81.1905 43.733 17.967 0.39496 0.737442 415.806 0 0
1500 72.2646 -106.35 17.845 0.260224 -1.68142 415.834 0 0
1500 19.2866 38.5546 17.887 -0.569929 0.662611 416.018 0 0
1500 39.0854 46.9671 17.8887 -0.269017 0.793087 415.828 0 0
1500 17.6199 -27.5737 17.8665 -0.664271 -0.480681 415.726 0 0
1500 103.605 2.0818 18.0917 0.770732 0.0977977 416.095 0 0
1500 62.6665 -30.7315 18.0132 0.116881 -0.549334 416.151 0 0
1500 82.2082 -134.752 17.9106 0.34543 -2.20363 415.704 0 0
1500 17.9303 40.067 18.0943 -0.637072 0.740671 416.074 0 0
1500 96.1607 37.6629 18.3163 0.6829 0.718079 416.199 0 0
1500 93.5349 -8.25191 18.1885 0.600452 -0.0923486 416.456 0 0
1500 21.1651 10.7808 17.8623 -0.585608 0.137511 416.77 0 0
1500 88.2881 15.5203 18.0614 0.526431 0.256522 416.354 0 0
1500 18.9936 52.9285 17.8299 -0.546943 0.839586 416.45 0 0
1500 91.8463 58.7715 17.8008 0.568787 0.874751 416.408 0 0
1500 77.841 65.2239 17.8016 0.360527 0.964654 416.77 0 0
1500 84.0257 -14.0552 18.2369 0.523881 -0.22445 416.402 0 0
1500 83.0477 -34.4994 17.9819 0.391006 -0.604038 416.617 0 0
1500 75.4466 -32.2011 17.9851 0.275692 -0.571131 416.355 0 0
1500 123.425 -52.3297 17.9599 1.08321 -0.893887 416.371 0 0
1500 78.6302 -61.8807 18.0716 0.41459 -1.03989 416.585 0 0
1500 83.1496 -35.6402 18.6105 0.501594 -0.658509 416.766 0 0
1500 94.8898 16.3232 18.3744 0.694092 0.341223 416.449 0 0
1500 46.615 19.3578 18.2952 -0.155785 0.305982 417.911 0 0
1500 84.4319 34.096 18.0708 0.453206 0.519995 417.126 0 0
1500 103.855 -16.1852 18.0456 0.741118 -0.234281 416.869 0 0
1500 4.99875 38.49 17.7932 -0.834865 0.618804 416.903 0 0
1500 51.3463 60.486 17.7989 -0.150335 0.924903 418.184 0 0
1500 15.7026 50.5977 17.7918 -0.695505 0.760253 417.132 0 0
1500 43.4503 64.9538 17.7931 -0.287019 0.965464 417.507 0 0
1500 86.7489 -58.5189 17.9424 0.445997 -0.940156 417.169 0 0
1500 30.5915 -59.5451 17.8655 -0.448297 -0.941828 417.276 0 0
1500 15.4086 -51.5645 17.8651 -0.6964 -0.782243 417.552 0 0
1500 109.042 -28.3679 17.8762 0.836702 -0.397063 417.275 0 0
1500 105.393 34.3968 17.8755 0.774393 0.531777 417.967 0 0
1500 82.4681 -21.7289 18.3824 0.486382 -0.3865 417.443 0 0
1500 81.0489 19.8287 18.2366 0.458079 0.353842 417.038 0 0
1500 71.8411 -45.7323 17.9783 0.218292 -0.772296 416.937 0 0
1500 107.576 -29.5681 17.8322 0.824677 -0.471302 417.668 0 0
1500 91.9981 32.1601 17.9376 0.596683 0.533885 417.362 0 0
1500 75.7209 -10.9847 18.2841 0.343135 -0.242043 418.141 0 0
1500 30.2357 7.2309 17.926 -0.466278 0.0497225 417.016 0 0
1500 89.097 -2.56725 18.1341 0.590654 -0.0428218 418.081 0 0
1500 64.7484 -10.4756 18.0879 0.180163 -0.225545 417.473 0 0
1500 106.616 3.2897 17.8642 0.807482 0.00173499 418.129 0 0
1500 83.55 16.3507 17.9169 0.423237 0.328917 417.646 0 0
1500 44.3309 33.4234 17.9164 -0.274214 0.542388 417.923 0 0
1500 47.2042 -24.1206 17.9163 -0.180393 -0.448885 417.638 0 0
1500 65.7978 -24.9081 17.9166 0.108327 -0.461245 417.619 0 0
1500 49.7381 3.20533 17.992 -0.176748 0.0884466 417.896 0 0
1500 123.883 48.1972 18.0107 1.16403 0.863746 416.981 0 0
1500 78.3159 65.4145 18.2163 0.398537 1.16825 417.763 0 0
1500 44.2132 24.4125 18.2551 -0.288136 0.388986 417.499 0 0
1500 55.0193 -66.6195 17.866 -0.0842599 -1.0309 418.32 0 0
1500 -8.267 2.76133 17.8658 -1.03433 0.0215187 418.367 0 0
1500 93.1652 -17.5511 18.1302 0.649626 -0.270342 418.399 0 0
1500 77.6664 -50.0261 17.8426 0.319186 -0.775071 418.724 0 0
1500 1.28513 -8.56975 17.7991 -0.88915 -0.105303 418.496 0 0
1500 97.7215 48.0163 17.8279 0.617716 0.753881 418.845 0 0
1500 67.6102 -65.8542 17.8668 0.0994665 -1.0158 418.583 0 0
1500 22.7549 -57.1567 17.8659 -0.580306 -0.854161 418.41 0 0
1500 40.4457 -60.6056 17.9018 -0.221786 -0.976672 418.953 0 0
1500 94.1889 -29.1793 18.1263 0.661659 -0.4447 418.75 0 0
1500 44.1593 -51.4297 17.9672 -0.201143 -0.854983 418.618 0 0
1500 65.013 26.3143 18.1805 0.126489 0.474031 418.583 0 0
1500 75.8764 39.7946 17.9695 0.324773 0.678145 418.823 0 0
1500 100.395 100.572 17.8884 0.697137 1.60694 418.759 0 0
1500 89.885 42.0387 17.8127 0.561898 0.651905 419.004 0 0
1500 98.6047 -24.9338 17.9236 0.617224 -0.460829 418.457 0 0
1500 40.4841 27.2947 18.1679 -0.259886 0.4997 418.672 0 0
1500 95.0025 -2.40249 18.7082 0.776593 0.0245497 418.986 0 0
1500 41.3676 -14.1416 18.1601 -0.334978 -0.296476 418.513 0 0
1500 -61.3035 127.719 18.0698 -2.15623 2.18257 418.624 0 0
1500 50.9978 -32.0859 18.4304 -0.123497 -0.704337 418.53 0 0
1500 65.5503 -16.2846 18.1349 0.0988047 -0.280461 419.039 0 0
1500 58.023 65.4566 17.8162 0.00710475 1.03186 419.012 0 0
1500 98.199 17.3574 18.0529 0.704541 0.221673 419.171 0 0
1500 95.6581 -31.6731 17.9084 0.631151 -0.544409 419.071 0 0
1500 93.6112 -17.3676 18.0098 0.644164 -0.27463 419.093 0 0
1500 36.2845 33.4225 17.9974 -0.316998 0.589311 419.074 0 0
1500 67.0517 -65.3457 17.8207 0.149075 -1.03635 419.386 0 0
1500 101.218 76.0931 17.8185 0.643975 1.2023 419.328 0 0
1500 4.85344 21.7432 17.9023 -0.865808 0.354227 419.314 0 0
1500 94.9778 -37.4346 17.906 0.618334 -0.629905 419.328 0 0
1500 21.351 15.3871 17.8572 -0.578325 0.314381 419.497 0 0
1500 37.623 -5.2499 17.8531 -0.346171 -0.154948 419.465 0 0
1500 99.1745 -25.0683 18.2624 0.782057 -0.557854 419.281 0 0
1500 59.5242 -36.6858 17.8529 0.0593437 -0.57667 419.687 0 0
1500 122.806 6.15284 17.9881 1.03192 0.141203 419.694 0 0
1500 147.17 18.148 18.419 1.73735 0.307358 419.765 0 0
1500 70.8323 26.3308 18.1064 0.238621 0.427856 419.874 0 0
1500 67.4889 20.567 17.9299 0.194895 0.332694 420.067 0 0
1500 51.0799 38.8972 17.9007 -0.100396 0.617372 419.792 0 0
1500 67.9969 17.6467 17.8209 0.087393 0.297448 420.282 0 0
1500 114.099 -5.34006 17.964 0.885049 -0.0919519 419.877 0 0
1500 103.107 36.1506 17.977 0.724168 0.593328 419.979 0 0
1500 -8.37826 -6.30655 17.8375 -1.03009 -0.13755 420.224 0 0
1500 93.2895 -47.9243 18.0636 0.599372 -0.775962 419.796 0 0
1500 98.2947 47.5662 17.8967 0.62996 0.785539 419.879 0 0
1500 8.18144 -41.2381 17.8937 -0.756268 -0.687384 420.193 0 0
1500 52.6084 -49.9857 18.0737 -0.0595103 -0.837524 419.982 0 0
1500 8.07832 -24.2306 17.8156 -0.8039 -0.303963 419.886 0 0
1500 53.8887 18.3881 18.0707 -0.109747 0.295492 420.066 0 0
1500 44.0675 -64.0581 17.8925 -0.218699 -1.02046 420.699 0 0
1500 10.9107 39.7653 17.9662 -0.752085 0.633018 420.321 0 0
1500 133.296 5.52911 17.8517 1.19751 0.0217623 420.375 0 0
1500 23.7828 115.568 17.8651 -0.55985 1.91726 420.531 0 0
1500 3.73428 22.5389 17.8449 -0.834977 0.417077 420.734 0 0
1500 113.221 37.462 17.8943 0.841134 0.62494 420.866 0 0
1500 2.39339 -7.97302 17.8495 -0.859447 -0.196825 420.918 0 0
1500 8.44146 38.1871 17.963 -0.775978 0.691343 420.823 0 0
1500 82.4843 2.12784 18.3469 0.459644 0.0107935 421.031 0 0
1500 69.6831 14.478 18.098 0.247242 0.236775 421.485 0 0
1500 89.4567 -12.0869 18.169 0.509304 -0.227556 421.453 0 0
1500 87.2173 -6.99856 18.0203 0.48609 -0.0589699 421.331 0 0
1500 45.7248 9.98855 17.853 -0.130463 0.196127 421.349 0 0
1500 59.4657 -5.83756 17.8954 -0.0183306 -0.135377 421.726 0 0
1500 55.2676 -65.8755 17.8081 -0.0720005 -1.03428 421.769 0 0
1500 68.0054 62.6218 17.981 0.16446 1.00548 421.136 0 0
1500 106.523 -37.9775 18.0423 0.763508 -0.638823 421.075 0 0
1500 15.1571 47.4639 17.8064 -0.679487 0.776147 421.419 0 0
1500 57.4707 -19.7895 18.4957 0.0162558 -0.339083 421.77 0 0
1500 2.49932 -9.33079 17.8345 -0.873369 -0.213418 421.056 0 0
1500 16.9642 14.7073 17.846 -0.696255 0.268551 421.698 0 0
1500 71.8497 7.6839 17.9618 0.307687 0.128892 421.741 0 0
1500 78.6678 36.9511 17.8299 0.255676 0.621425 421.669 0 0
1500 16.228 34.7176 17.9712 -0.724711 0.512184 420.988 0 0
1500 144.921 -7.78031 18.2226 1.52325 -0.107515 421.269 0 0
1500 79.5252 -140.316 17.9594 0.347223 -2.41094 421.271 0 0
1500 32.0582 -51.8424 17.8682 -0.422471 -0.796226 422.157 0 0
1500 1.94852 26.0017 17.9014 -0.86454 0.397855 422.771 0 0
1500 61.7921 66.2798 17.806 0.0182115 1.03843 422.664 0 0
1500 36.3488 60.1453 17.9103 -0.298883 0.971943 422.332 0 0
1500 68.5991 -47.97 18.0948 0.165558 -0.795316 421.856 0 0
1500 67.4261 -46.6148 18.1537 0.216329 -0.772006 422.064 0 0
1500 91.9804 29.8892 18.089 0.592274 0.515596 421.815 0 0
1500 19.8051 -46.7123 17.805 -0.553415 -0.779005 422.058 0 0
1500 83.2352 8.96123 18.2331 0.409171 0.206282 422.681 0 0
1500 103.351 -29.0128 17.8827 0.760491 -0.397907 421.835 0 0
1500 51.6648 0.758072 18.0523 -0.145841 0.0310571 422.025 0 0
1500 36.2651 13.5621 17.8697 -0.332654 0.289288 422.165 0 0
1500 81.6526 46.1214 18.271 0.439742 0.798054 422.608 0 0
1500 71.9758 -55.1094 18.2455 0.275436 -0.962684 422.48 0 0
1500 98.6301 -11.6749 18.1565 0.681401 -0.274143 421.889 0 0
1500 84.6636 47.1085 18.3392 0.542374 0.943897 422.118 0 0
1500 113.629 -11.5098 17.8363 0.843222 -0.132064 422.989 0 0
1500 123.636 -100.703 17.8126 1.02456 -1.508 423.024 0 0
1500 90.784 -24.3564 17.8227 0.536239 -0.447721 422.852 0 0
1500 48.1142 -16.1069 18.0171 -0.205986 -0.284406 423.025 0 0
1500 80.7122 26.6787 18.2291 0.368925 0.470177 423.087 0 0
1500 62.2747 -7.1843 17.9726 0.0648624 -0.187504 423.115 0 0
1500 121.885 -20.834 17.7999 0.975709 -0.378247 423.439 0 0
1500 72.373 -32.4425 18.424 0.326062 -0.553888 423.477 0 0
1500 96.9279 19.9392 18.2838 0.652948 0.381971 423.561 0 0
1500 103.813 9.68033 17.8113 0.740731 0.21649 423.32 0 0
1500 98.4569 4.10401 17.8623 0.658967 -0.00768936 423.369 0 0
1500 73.8065 74.616 17.9685 0.2265 1.24192 423.575 0 0
1500 98.5005 31.7908 18.4871 0.782556 0.598784 423.482 0 0
1500 98.6493 34.3843 17.8744 0.602058 0.558236 423.731 0 0
1500 96.1206 -18.2904 18.7907 0.749043 -0.292211 423.715 0 0
1500 117.073 -31.7683 17.7999 0.898927 -0.537693 423.83 0 0
1500 60.3496 66.8457 17.8314 -0.0266053 1.03745 423.873 0 0
1500 43.7405 43.1463 17.8453 -0.20914 0.740555 423.702 0 0
1500 50.0059 10.4289 18.0855 -0.161779 0.128004 423.873 0 0
1500 66.6323 -0.460649 17.8258 0.108663 0.0674481 423.831 0 0
1500 84.7827 61.7291 18.0441 0.436919 1.10892 423.797 0 0
1500 71.8833 8.66625 18.2428 0.287787 0.16633 424.145 0 0
1500 92.0291 -4.08263 18.2902 0.581993 -0.0202943 424.164 0 0
1500 68.6528 12.8033 18.2964 0.258518 0.210706 424.65 0 0
1500 30.3414 -61.1054 17.8004 -0.38093 -0.96569 424.228 0 0
1500 82.4558 -0.893743 18.664 0.485063 0.0601568 424.009 0 0
1500 109.226 -38.6896 17.8868 0.847809 -0.569925 424.197 0 0
1500 102.187 -15.6732 18.2165 0.788895 -0.2443 424.451 0 0
1500 71.6464 -32.5582 18.4486 0.29714 -0.56149 424.878 0 0
1500 33.0427 42.1889 17.8506 -0.330186 0.698181 424.524 0 0
1500 100.5 25.9906 17.8387 0.728324 0.406294 424.148 0 0
1500 86.7494 -13.9963 17.9171 0.528329 -0.228322 424.339 0 0
1500 27.3872 15.3337 18.1376 -0.517221 0.24816 424.362 0 0
1500 137.021 -21.8558 17.9367 1.36998 -0.385216 424.331 0 0
1500 119.812 -19.0211 17.8601 0.96331 -0.240105 425.031 0 0
1500 54.7843 24.3134 18.2858 -0.0365505 0.429726 424.972 0 0
1500 88.0992 13.0199 18.1508 0.562145 0.15293 424.984 0 0
1500 -19.1927 62.5415 17.8363 -1.24782 0.950943 425.775 0 0
1500 80.2802 -7.28455 18.1045 0.432639 -0.165374 425.204 0 0
1500 43.8997 43.4762 18.0038 -0.264389 0.691574 425.683 0 0
1500 25.7104 -26.1815 18.0069 -0.544465 -0.374194 425.423 0 0
1500 19.632 -16.491 18.0063 -0.637258 -0.225386 425.469 0 0
1500 98.6137 17.7718 17.9887 0.71895 0.283417 425.676 0 0
1500 31.1317 -64.0567 17.8739 -0.384939 -1.06876 425.67 0 0
1500 25.0897 -20.4978 17.8273 -0.577396 -0.275105 425.963 0 0
1500 34.2249 -18.9687 17.8316 -0.437795 -0.252618 425.646 0 0
1500 72.7524 27.2 17.9522 0.16428 0.450437 425.194 0 0
1500 28.1729 -4.42197 17.9334 -0.493289 -0.15737 425.717 0 0
1500 70.2853 -2.25125 18.3828 0.27129 -0.086071 426.438 0 0
1500 78.2066 -20.2877 18.0994 0.33182 -0.34727 427.281 0 0
1500 58.6763 22.8012 17.991 0.0131692 0.385248 427.602 0 0
1500 104.015 7.96559 17.8727 0.717567 0.147578 426.646 0 0
1500 99.1758 12.4503 17.8747 0.647311 0.210532 426.833 0 0
1500 38.0345 -38.626 17.8183 -0.25805 -0.612035 426.818 0 0
1500 97.7476 -9.3055 18.0308 0.649695 -0.134882 427.946 0 0
1500 91.4519 34.8776 17.8989 0.547447 0.518924 427.996 0 0
1500 81.2746 61.1268 17.9004 0.363815 0.961753 426.615 0 0
1500 65.7913 63.1535 17.9023 0.137258 0.984095 427.116 0 0
1500 123.6 13.5134 17.7984 0.993263 0.261738 426.755 0 0
1500 41.2239 64.9402 17.7971 -0.215451 1.02567 426.039 0 0
1500 122.921 -2.61885 17.829 1.02095 -0.0307573 427.413 0 0
1500 0.775025 21.8143 17.8006 -0.871407 0.393388 427.431 0 0
1500 88.6087 56.3792 17.8575 0.537977 0.854974 426.692 0 0
1500 146.104 -5.41765 17.8089 1.36009 -0.0124288 426.324 0 0
1500 94.0582 -13.6701 17.9849 0.576484 -0.285595 427.019 0 0
1500 50.1841 160.471 17.8086 -0.084588 2.51655 427.222 0 0
1500 109.198 0.859735 17.8717 0.852431 -0.026843 427.361 0 0
1500 63.7888 7.52952 17.869 0.0171754 0.0975734 426.11 0 0
1500 97.0719 14.4491 17.8852 0.684491 0.212777 427.359 0 0
1500 70.6104 -4.44058 17.8418 0.260946 -0.0254467 426.35 0 0
1500 39.6337 19.0263 18.1988 -0.309758 0.326454 427.021 0 0
1500 80.5338 -31.0321 17.9027 0.433363 -0.48247 427.399 0 0
1500 51.2156 -63.9575 17.9305 -0.0526671 -1.06678 426.53 0 0
1500 57.5028 30.4021 18.0997 0.0643255 0.535843 427.666 0 0
1500 28.4038 11.9198 18.0053 -0.482311 0.247022 427.513 0 0
1500 118.292 -22.8691 17.9583 1.00306 -0.441083 426.437 0 0
1500 110.924 -20.5481 18.4769 1.03376 -0.315052 426.528 0 0
1500 82.0055 1.52067 18.0013 0.37922 -0.0429192 428.098 0 0
1500 60.2847 3.4486 17.9093 0.0537417 -0.0199157 428.097 0 0
1500 82.3304 2.20253 18.3428 0.439736 -0.0199033 428.282 0 0
1500 81.6816 28.6522 17.9051 0.405949 0.42745 428.546 0 0
1500 53.9502 33.9212 17.8591 -0.0140305 0.541527 428.437 0 0
1500 46.743 -41.2344 17.8241 -0.132914 -0.648222 428.904 0 0
1500 86.7861 42.6754 17.8099 0.44243 0.671134 428.556 0 0
1500 74.3425 51.3252 17.8082 0.265543 0.796584 428.378 0 0
1500 104.377 39.8284 17.9785 0.734967 0.624311 428.148 0 0
1500 114.63 29.8086 17.9892 0.907768 0.453858 428.923 0 0
1500 29.205 49.7816 17.8029 -0.444155 0.795204 428.445 0 0
1500 86.1895 -58.7695 17.7984 0.461994 -0.909076 428.612 0 0
1500 120.951 0.665658 17.8181 1.00535 0.0565732 428.318 0 0
1500 86.5925 -32.6978 18.1491 0.534926 -0.540617 428.593 0 0
1500 53.9725 57.178 17.8203 0.000166854 0.914227 428.172 0 0
1500 42.9588 -48.6491 18.0339 -0.255089 -0.790945 428.689 0 0
1500 110.62 -10.2666 17.9504 0.876009 -0.197709 428.812 0 0
1500 31.615 -11.342 18.1833 -0.425004 -0.209579 428.642 0 0
1500 39.1943 18.7643 17.9905 -0.255944 0.36618 428.419 0 0
1500 84.3107 -40.9472 17.8098 0.479028 -0.620919 428.664 0 0
1500 49.5163 34.6792 17.8354 -0.207908 0.559568 428.533 0 0
1500 18.4012 -11.9123 17.8969 -0.659624 -0.278278 428.828 0 0
1500 62.2453 -47.3893 18.0017 0.0110831 -0.870949 428.249 0 0
1500 74.4916 8.8757 18.4141 0.352731 0.0880111 430.101 0 0
1500 61.3202 -18.1993 18.0637 0.125598 -0.294707 429.303 0 0
1500 71.0434 -0.436099 17.963 0.263901 0.00239835 429.36 0 0
1500 44.0582 -13.7939 18.0506 -0.23548 -0.173659 429.77 0 0
1500 64.1331 -36.5229 17.8448 0.0795062 -0.584925 429.436 0 0
1500 9.6223 28.0992 17.8905 -0.726031 0.45742 428.993 0 0
1500 101.097 -15.3798 17.8732 0.677218 -0.252996 429.793 0 0
1500 122.87 5.39876 17.9093 1.02338 0.10525 429.784 0 0
1500 42.0048 32.6221 17.8679 -0.192442 0.545479 429.078 0 0
1500 62.117 -92.9211 17.8105 0.114806 -1.39878 430.119 0 0
1500 48.0112 -66.4751 17.9261 -0.181249 -1.03207 429.685 0 0
1500 111.437 38.2149 17.8842 0.87542 0.564189 429.999 0 0
1500 94.0381 -43.621 18.0535 0.566779 -0.73016 429.463 0 0
1500 129.362 36.0924 17.9155 1.13176 0.569463 430.784 0 0
1500 80.9563 -53.2592 17.9037 0.305953 -0.86282 429.165 0 0
1500 113.215 28.2495 18.0881 0.896718 0.47641 430.853 0 0
1500 80.8732 14.7386 18.3085 0.417259 0.298885 429.439 0 0
1500 72.2924 -7.53332 18.3904 0.323315 -0.182139 429.678 0 0
1500 76.0823 -32.5968 18.3819 0.3771 -0.556461 430.313 0 0
1500 120.238 0.283232 18.2445 1.06812 -0.0286414 429.884 0 0
1500 48.3535 -21.5511 18.1611 -0.181236 -0.342468 429.24 0 0
1500 15.1477 -14.0685 17.9313 -0.697117 -0.271613 429.522 0 0
1500 20.8058 14.8396 17.9355 -0.613684 0.172668 429.168 0 0
1500 89.3754 9.64046 18.3363 0.512438 0.215785 430.577 0 0
1500 57.4991 -28.6836 18.0937 0.0223806 -0.516938 429.82 0 0
1500 92.9208 -27.3625 18.0858 0.560635 -0.491877 430.453 0 0
1500 114.897 12.4942 17.9715 0.904719 0.257343 431.198 0 0
1500 3.55611 8.57022 17.9219 -0.900503 0.135421 429.961 0 0
1500 42.2561 -30.7847 17.8208 -0.31829 -0.444525 429.052 0 0
1500 73.0898 30.8418 17.821 0.162175 0.515806 429.039 0 0
1500 71.7293 48.7662 17.8162 0.257169 0.806765 430.146 0 0
1500 86.7073 38.6656 18.0973 0.527454 0.63256 431.143 0 0
1500 63.3521 -28.9349 17.9237 0.113052 -0.52328 429.612 0 0
1500 15.0418 8.25425 17.9761 -0.693576 0.071243 430.387 0 0
1500 43.2252 15.444 17.9867 -0.264395 0.183712 429.613 0 0
1500 102.924 -40.6456 17.836 0.755821 -0.612822 431.388 0 0
1500 60.9327 22.2518 18.2671 0.050388 0.395671 430.847 0 0
1500 60.4143 28.1687 18.265 0.0423897 0.484796 430.995 0 0
1500 71.4329 14.9254 18.258 0.209849 0.284785 430.77 0 0
1500 55.3985 15.9563 18.2589 -0.035033 0.300804 430.71 0 0
1500 32.3759 -22.3037 17.8373 -0.408616 -0.423767 429.769 0 0
1500 81.162 -42.2942 17.8289 0.345779 -0.726446 430.478 0 0
1500 28.5321 -5.78394 17.8821 -0.484325 -0.161133 429.824 0 0
1500 40.6413 -51.2256 17.8669 -0.289959 -0.849528 431.185 0 0
1500 57.1528 29.6395 18.1045 0.0308727 0.530633 430.736 0 0
1500 20.7224 -29.7309 17.9628 -0.623486 -0.481291 431.441 0 0
1500 132.129 20.2463 18.0739 1.28575 0.307574 429.936 0 0
1500 112.56 9.54202 17.8296 0.913783 0.0963844 430.743 0 0
1500 71.8386 5.86333 18.1476 0.294212 0.163174 430.341 0 0
1500 107.824 -56.1905 17.8309 0.862159 -0.884784 430.871 0 0
1500 23.1594 -106.43 17.9173 -0.539175 -1.80909 429.533 0 0
1500 105.346 1.9427 18.1631 0.85914 0.0906953 430.452 0 0
1500 57.7118 -3.43703 17.8829 0.0551653 -0.0898871 431.78 0 0
1500 8.49405 8.78612 17.8215 -0.766335 0.164566 431.729 0 0
1500 111.943 27.0145 17.8189 0.836465 0.43036 431.866 0 0
1500 88.5366 61.4847 17.958 0.480462 0.980909 432.003 0 0
1500 50.7304 -66.1269 17.9165 -0.146171 -1.03294 431.861 0 0
1500 25.3231 56.8379 17.7987 -0.557061 0.881106 431.94 0 0
1500 -2.29335 20.9199 17.7992 -0.972637 0.346911 431.678 0 0
1500 45.8251 -60.7579 17.9624 -0.216116 -0.963914 431.973 0 0
1500 -4.56214 -9.51791 17.8201 -0.955701 -0.218879 431.586 0 0
1500 72.8284 -44.478 17.9151 0.238148 -0.756857 431.63 0 0
1500 82.5823 7.49408 18.064 0.47608 0.150893 431.66 0 0
1500 116.178 20.3978 17.8164 0.904924 0.395105 431.502 0 0
1500 90.2578 -2.11048 18.0808 0.562702 -0.104223 431.907 0 0
1500 143.5 -19.1247 18.1752 1.50148 -0.343883 432.006 0 0
1500 143.475 90.5922 18.0291 1.57274 1.58688 431.559 0 0
1500 48.2973 -21.9274 18.2161 -0.15488 -0.318334 432.215 0 0
1500 81.5254 -61.6835 17.8487 0.394996 -0.960563 432.168 0 0
1500 92.7601 55.8219 17.8055 0.560813 0.88519 432.339 0 0
1500 74.7807 -62.8338 17.882 0.314513 -0.984061 432.136 0 0
1500 74.8118 -61.3426 17.8607 0.226684 -0.988203 432.204 0 0
1500 80.24 -62.1959 17.7961 0.40563 -0.932934 432.168 0 0
1500 107.512 19.1634 17.8941 0.819965 0.241046 432.264 0 0
1500 83.354 -32.4514 18.0331 0.412202 -0.572333 432.463 0 0
1500 62.3938 -50.2668 17.8948 0.136681 -0.838861 432.452 0 0
1500 112.831 86.6612 17.9234 0.841783 1.44466 432.413 0 0
1500 -0.274547 -31.1271 17.8592 -0.892543 -0.531518 432.676 0 0
1500 64.7509 -73.8799 17.8729 0.159964 -1.16343 432.887 0 0
1500 62.7323 -56.5718 18 0.0733485 -0.924449 432.809 0 0
1500 68.2749 -32.5856 17.9876 0.120742 -0.554113 432.848 0 0
1500 56.4481 27.7245 18.054 -0.0995763 0.516148 432.608 0 0
1500 66.034 -1.18851 17.984 0.171321 0.00306905 434.027 0 0
1500 90.9287 9.44575 17.884 0.526825 0.0958776 433.136 0 0
1500 47.5579 -25.3761 17.8201 -0.103975 -0.409175 433.411 0 0
1500 84.0841 -9.61886 17.8194 0.409289 -0.188021 433.36 0 0
1500 105.292 12.3875 18.0567 0.762863 0.174915 433.892 0 0
1500 93.6806 0.207617 17.9426 0.55173 -0.0545751 434.638 0 0
1500 33.9548 61.0144 17.8173 -0.420962 0.906852 432.927 0 0
1500 60.2816 -15.3564 17.9449 -0.00447612 -0.264281 436.205 0 0
1500 110.018 27.0117 17.9831 0.815169 0.432765 434.401 0 0
1500 86.879 -0.659856 18.6287 0.541949 -0.0462707 438.496 0 0
1500 68.7243 -10.1858 18.0991 0.175029 -0.209484 437.135 0 0
1500 54.2665 0.616064 17.8362 -0.00967677 0.0622805 436.532 0 0
1500 107.057 -9.36596 17.895 0.757123 -0.178552 435.524 0 0
1500 76.3766 58.2819 17.8416 0.326626 0.878656 434.529 0 0
1500 64.5897 -44.7914 17.9205 0.08148 -0.698972 436.185 0 0
1500 41.7117 3.63447 17.8876 -0.250795 -0.0132179 437.176 0 0
1500 44.5956 -63.1117 17.861 -0.219335 -0.983686 434.309 0 0
1500 75.1082 -18.1392 17.9606 0.321705 -0.248992 437.269 0 0
1500 118.734 -7.9379 18.0575 1.00534 -0.118881 432.995 0 0
1500 92.3203 57.1073 17.8373 0.572664 0.875952 433.567 0 0
1500 92.3984 55.9533 17.8387 0.568482 0.850962 434.203 0 0
1500 88.9919 -13.6861 17.8603 0.49934 -0.159478 436.866 0 0
1500 116.192 -31.0842 17.8398 0.911873 -0.417848 434.502 0 0
1500 118.449 -27.0843 17.8393 0.946474 -0.360395 434.37 0 0
1500 84.8858 26.9983 18.0646 0.466544 0.40378 437.485 0 0
1500 88.2311 -26.4357 18.2719 0.566373 -0.440547 433.701 0 0
1500 114.779 14.7396 18.0456 0.939477 0.260799 433.776 0 0
1500 22.1879 -47.2079 17.8676 -0.578761 -0.691395 436.818 0 0
1500 3.45077 -5.87018 17.9525 -0.871431 -0.135321 433.02 0 0
1500 84.2294 20.9172 18.2084 0.462658 0.392484 433.237 0 0
1500 96.1455 6.48809 18.2064 0.642184 0.17277 433.398 0 0
1500 101.19 -38.5613 18.0425 0.699097 -0.633799 435.371 0 0
1500 112.201 -6.64935 17.893 0.820597 -0.152343 437.892 0 0
1500 60.2147 -65.6288 17.8823 0.0841242 -1.03571 434.922 0 0
1500 41.469 -53.8015 17.8898 -0.198864 -0.879202 433.446 0 0
1500 107.37 -14.1824 17.8717 0.800494 -0.281344 433.369 0 0
1500 104.762 -36.4751 17.9058 0.773763 -0.594999 434.683 0 0
1500 72.7389 -30.1077 18.0374 0.223155 -0.488691 440.119 0 0
1500 69.4199 23.9108 17.8607 0.230929 0.327264 439.93 0 0
1500 100.584 44.8313 17.8382 0.719316 0.668508 434.781 0 0
1500 31.063 -59.3913 17.7996 -0.366226 -0.931445 437.348 0 0
1500 13.5509 -51.571 17.7976 -0.626416 -0.82438 436.781 0 0
1500 60.2979 48.9583 17.8496 0.0907556 0.737104 439.366 0 0
1500 92.6577 28.059 17.9706 0.556491 0.441737 439.947 0 0
1500 112.975 33.3036 17.9546 0.886192 0.542342 436.435 0 0
1500 103.378 46.9 17.8017 0.752296 0.695093 435.584 0 0
1500 103.688 -48.9195 17.8009 0.741663 -0.727527 436.957 0 0
1500 -2.58895 -23.725 17.8843 -0.96942 -0.353459 436.094 0 0
1500 39.804 30.3438 17.9062 -0.31779 0.425512 440.305 0 0
1500 5.26898 30.5895 17.8874 -0.861656 0.460861 435.368 0 0
1500 80.5436 -5.96074 18.0077 0.365701 -0.169485 433.688 0 0
1500 85.7616 30.8994 17.8347 0.394997 0.548026 433.819 0 0
1500 34.8546 34.7197 17.8329 -0.392326 0.605774 433.969 0 0
1500 5.4568 33.6635 17.8191 -0.824786 0.574364 435.67 0 0
1500 27.0166 41.1902 17.8265 -0.508607 0.699132 434.58 0 0
1500 102.138 46.5386 17.9075 0.693359 0.733096 438.242 0 0
1500 66.147 64.4948 17.9061 0.175996 1.01903 436.508 0 0
1500 85.2953 0.758746 17.9293 0.480644 0.0742564 433.726 0 0
1500 -5.37671 -3.44927 17.9411 -1.00567 -0.040081 436.54 0 0
1500 -11.3851 69.8788 17.9001 -1.10561 1.10394 435.581 0 0
1500 55.5291 65.8846 17.8588 0.00940861 1.04125 436.994 0 0
1500 61.3411 23.4537 17.8837 0.100381 0.429882 433.941 0 0
1500 67.9068 7.43974 18.3113 0.216813 0.189544 435.476 0 0
1500 59.3399 -68.2787 18.1241 0.021308 -1.14304 433.522 0 0
1500 93.9778 17.7805 18.0777 0.572546 0.295392 442.386 0 0
1500 95.3024 -34.7368 18.0233 0.658477 -0.557919 436.294 0 0
1500 113.099 25.9042 17.8393 0.835723 0.432965 439.626 0 0
1500 94.4936 -15.644 18.0972 0.6099 -0.215141 441.994 0 0
1500 50.8966 -64.8659 17.9951 -0.147077 -1.09157 433.28 0 0
1500 98.3274 46.0228 17.8181 0.594342 0.735198 439.637 0 0
1500 10.4956 14.4412 17.8262 -0.718611 0.298044 435.286 0 0
1500 50.3135 18.7749 17.975 -0.10395 0.329519 442.344 0 0
1500 79.9386 56.792 17.9514 0.332153 0.9254 437.123 0 0
1500 108.967 -29.1285 17.9023 0.839794 -0.482078 436.89 0 0
1500 75.3674 -65.5113 17.8235 0.203287 -1.01214 438.814 0 0
1500 90.9298 -9.86223 17.9659 0.594114 -0.119467 435.577 0 0
1500 109.036 30.7787 17.9516 0.811132 0.470927 440.541 0 0
1500 90.0712 20.6289 18.1726 0.605345 0.330395 436.768 0 0
1500 59.9621 -17.257 17.8476 0.100222 -0.305064 434.763 0 0
1500 122.461 5.24475 17.8207 1.03051 0.045043 437.736 0 0
1500 112.39 35.2287 17.8237 0.852378 0.478061 439.894 0 0
1500 116.987 23.9722 17.8241 0.918118 0.314671 439.96 0 0
1500 81.4772 43.584 17.8394 0.413137 0.723918 436.243 0 0
1500 100.191 -50.6851 17.9049 0.689505 -0.788087 439.25 0 0
1500 58.8359 -19.9391 18.0626 0.0744579 -0.334614 443.519 0 0
1500 102.625 -48.0543 17.8593 0.729246 -0.75058 438.773 0 0
1500 9.03471 -29.9938 17.8341 -0.829906 -0.424997 435.512 0 0
1500 -34.5477 -47.6482 17.8098 -1.40425 -0.776602 438.824 0 0
1500 126.333 -81.6248 17.816 1.02374 -1.32804 436.547 0 0
1500 60.7576 -65.5358 17.9599 0.0491379 -1.04149 439.244 0 0
1500 100.353 51.1747 17.8429 0.629277 0.834203 438.983 0 0
1500 64.4524 44.8668 17.8593 0.0916385 0.705955 442.281 0 0
1500 108.556 38.4591 17.8475 0.730438 0.62761 440.889 0 0
1500 41.7951 -14.4602 17.8477 -0.297025 -0.209091 443.074 0 0
1500 7.84867 -10.6644 17.8306 -0.844098 -0.170391 437.014 0 0
1500 8.19369 11.8699 17.8336 -0.780773 0.162408 441.872 0 0
1500 60.384 -13.3189 17.85 -0.0410515 -0.21613 435.468 0 0
1500 65.3921 59.4386 17.812 0.133483 0.970686 437.828 0 0
1500 98.4727 11.2304 18.1162 0.727405 0.174347 437.693 0 0
1500 12.1223 -12.116 18.1096 -0.781938 -0.144842 433.263 0 0
1500 34.8045 -45.7212 17.9148 -0.34974 -0.712221 442.341 0 0
1500 90.2115 -46.8437 17.9094 0.466353 -0.779003 437.736 0 0
1500 61.1768 -21.5365 17.9287 0.0238062 -0.363206 443.524 0 0
1500 129.408 0.709867 17.9099 1.17285 -0.0682277 433.553 0 0
1500 94.806 26.141 17.9324 0.65321 0.396179 437.272 0 0
1500 101.341 -15.9431 17.9338 0.694036 -0.229007 442.848 0 0
1500 61.3927 -61.8093 18.012 0.0463428 -0.991149 439.142 0 0
1500 144.192 21.4272 18.302 1.53193 0.377372 433.76 0 0
1500 114.411 49.3386 17.9668 1.01357 0.814217 433.422 0 0
1500 78.4312 -67.3355 17.9101 0.405623 -1.12919 434.129 0 0
1500 31.3029 37.43 17.8391 -0.362955 0.637283 437.427 0 0
1500 102.424 -25.5536 17.997 0.722646 -0.458371 438.636 0 0
1500 97.1347 26.1453 18.0249 0.65535 0.435381 440.67 0 0
1500 125.45 6.35986 17.8113 1.02019 0.168642 439.596 0 0
1500 71.4286 63.5246 17.812 0.207655 1.00021 441.144 0 0
1500 48.9229 37.5637 17.8308 -0.117112 0.599717 443.553 0 0
1500 101.871 15.4059 17.8277 0.632725 0.288006 443.286 0 0
1500 85.7197 41.7678 17.8215 0.437192 0.716161 437.905 0 0
1500 106.369 39.0837 17.9296 0.774344 0.594651 442.227 0 0
1500 105.448 -60.4226 18.1166 0.85749 -1.01444 435.218 0 0
1500 114.747 7.04125 18.1333 0.958529 0.0925616 440.444 0 0
1500 122.876 -3.15728 18.0306 1.04678 -0.0423481 441.822 0 0
1500 92.2645 -26.4472 17.9409 0.613631 -0.423618 438.559 0 0
1500 114.964 30.7093 17.9267 0.932748 0.438997 440.579 0 0
1500 77.2257 3.15246 17.8871 0.380717 0.0674736 437.474 0 0
1500 99.143 21.8096 18.1095 0.730576 0.353529 439.499 0 0
1500 55.074 -57.1776 17.8411 -0.0892468 -0.928677 439.277 0 0
1500 61.679 -6.77073 17.8647 0.0114302 -0.168189 437.256 0 0
1500 86.7678 52.9905 17.8722 0.403899 0.831219 443.13 0 0
1500 62.355 0.26477 17.9512 0.00520183 -0.000633728 438.678 0 0
1500 35.9049 -50.5646 17.8988 -0.355932 -0.837215 439.6 0 0
1500 60.6481 -65.15 17.8919 0.0191851 -1.03699 440.972 0 0
1500 88.114 -52.025 17.8962 0.434068 -0.854748 439.958 0 0
1500 17.1893 -16.1543 17.9073 -0.648546 -0.31921 438.729 0 0
1500 -3.62392 45.9565 17.9568 -1.10841 0.818241 433.293 0 0
1500 101.37 13.2267 18.1153 0.762402 0.231667 440.014 0 0
1500 138.493 13.6715 17.8178 1.23493 0.265035 441.554 0 0
1500 74.9264 56.8467 17.8862 0.268124 0.88513 443.921 0 0
1500 23.8826 40.7758 17.9048 -0.527314 0.694838 439.934 0 0
1500 98.8399 -39.5991 18.038 0.779122 -0.667726 433.801 0 0
1500 70.9372 46.7211 17.8091 0.268323 0.744805 439.233 0 0
1500 111.998 53.154 17.9961 0.887331 0.94887 435.626 0 0
1500 58.2493 66.7047 17.8871 0.0488878 1.04005 442.674 0 0
1500 101.38 11.9117 17.9014 0.713573 0.249149 439.512 0 0
1500 12.2957 52.0544 17.816 -0.699686 0.831988 442.609 0 0
1500 44.6995 -59.4698 17.8428 -0.246785 -0.906424 443.698 0 0
1500 120.555 18.0716 17.8567 0.995935 0.309246 442.022 0 0
1500 71.7322 18.8778 18.1905 0.19409 0.332951 440.043 0 0
1500 102.361 -63.5657 17.9644 0.801414 -1.03938 437.084 0 0
1500 55.438 4.00133 17.9403 -0.0110735 0.138608 439.095 0 0
1500 85.4603 93.4144 17.8612 0.478262 1.48283 440.385 0 0
1500 80.375 50.3107 17.8042 0.403304 0.790289 441.305 0 0
1500 86.9294 44.7555 17.8051 0.503496 0.708307 441.133 0 0
1500 76.5839 2.69152 17.8225 0.356909 0.0740757 439.298 0 0
1500 117.907 24.8201 17.9308 1.04348 0.428231 437.499 0 0
1500 54.1092 -27.8732 18.0971 -0.0537992 -0.499349 440.395 0 0
1500 45.3103 -15.3768 18.1004 -0.189564 -0.308561 440.166 0 0
1500 106.649 32.8772 18.0296 0.871043 0.504883 438.278 0 0
1500 100.823 -5.79566 18.4224 0.789224 -0.0901971 442.593 0 0
1500 138.007 -47.5412 17.8029 1.24776 -0.686345 443.316 0 0
1500 65.879 -2.11822 17.8782 0.203953 -0.0418859 439.846 0 0
1500 115.788 0.377315 18.2083 1.09141 0.0379662 434.163 0 0
1500 101.847 -53.8064 17.796 0.714068 -0.763058 442.421 0 0
1500 161.519 -14.1152 17.8531 1.66367 -0.224086 441.037 0 0
1500 34.8641 60.2363 17.8902 -0.376762 0.959848 442.957 0 0
1500 108.791 -35.2037 17.8898 0.858708 -0.545987 441.367 0 0
1500 132.193 -35.1189 18.1469 1.38149 -0.645064 433.39 0 0
1500 23.6632 -52.0448 17.8256 -0.591875 -0.79869 442.253 0 0
1500 108.235 -9.2901 18.2322 0.877464 -0.134652 442.997 0 0
1500 3.39032 -2.25508 17.9247 -0.888375 -0.0089815 441.865 0 0
1500 43.548 19.7153 17.9414 -0.284809 0.331891 440.426 0 0
1500 -3.25964 -10.1917 17.9196 -0.978258 -0.128046 442.612 0 0
1500 -72.1705 -40.2283 17.798 -1.99792 -0.682621 442.145 0 0
1500 60.7239 -71.1906 17.8673 0.113266 -1.15537 439.891 0 0
1500 64.6267 35.3528 17.8992 0.0932889 0.617345 441.878 0 0
1500 52.6115 -26.6279 18.2044 -0.0243118 -0.497973 440.046 0 0
1500 115.472 -14.88 17.9104 0.949355 -0.237859 443.334 0 0
1500 120.396 -23.59 18.3568 1.12166 -0.43204 439.238 0 0
1500 120.406 -9.02247 17.8391 1.01125 -0.143958 443.613 0 0
1500 13.475 -36.5605 17.9716 -0.699025 -0.627092 442.242 0 0
1500 61.3239 49.5223 17.9225 0.105871 0.81879 442.417 0 0
1500 104.484 18.7652 17.8129 0.746242 0.21963 441.804 0 0
1500 70.44 64.5098 17.9216 0.198732 1.05497 442.826 0 0
1500 90.9158 16.6829 18.073 0.577243 0.359566 437.34 0 0
1500 75.7989 27.547 18.0198 0.252882 0.486656 442.229 0 0
1500 110.906 -59.0157 18.1838 0.903707 -1.06948 437.205 0 0
1500 88.9266 22.559 17.8625 0.541522 0.300087 442.085 0 0
1500 90.4421 5.46021 18.5712 0.613869 0.153637 443.674 0 0
1500 31.9652 -13.4113 18.1299 -0.436853 -0.163541 441.483 0 0
1500 107.78 -73.3271 17.8529 0.765754 -1.24765 440.55 0 0
1500 132.912 -31.2304 18.3147 1.32635 -0.555871 440.116 0 0
1500 21.3464 -26.4191 17.8809 -0.618775 -0.358206 443.159 0 0
1500 66.6526 28.5421 17.8882 0.0800978 0.493017 442.599 0 0
1500 118.954 -47.2658 17.9706 1.06372 -0.743539 441.064 0 0
1500 94.618 39.6521 18.2584 0.629041 0.783051 434.998 0 0
1500 55.0719 31.1476 18.2518 0.031031 0.593852 438.433 0 0
1500 37.0244 -50.0425 17.8128 -0.302702 -0.851058 443.145 0 0
1500 117.321 -22.9643 18.1263 0.992633 -0.444243 441.954 0 0
1500 57.2523 -136.818 17.9177 0.0287387 -2.25439 441.939 0 0
1500 115.986 14.2755 17.9508 1.0271 0.206243 440.983 0 0
1500 26.5822 -7.92186 17.815 -0.522043 -0.050632 443.886 0 0
1500 75.471 39.7156 18.1686 0.271887 0.740484 439.282 0 0
1500 70.5429 -54.2716 17.929 0.212567 -0.944257 443.517 0 0
1500 94.9347 31.4922 17.9375 0.674519 0.472419 443.177 0 0
1500 63.1733 -53.809 17.9246 0.116051 -0.970482 442.369 0 0
1500 244.065 14.4604 18.072 3.30489 0.182938 441.119 0 0
1500 8.39025 16.2037 18.0741 -0.905623 0.345507 442.096 0 0
1500 132.162 7.43213 18.3207 1.47816 0.165399 439.936 0 0
1500 61.0545 6.43726 17.9558 0.122443 0.072911 445.348 0 0
1500 22.0405 14.7189 17.9053 -0.565082 0.178732 444.767 0 0
1500 96.705 13.2656 17.8149 0.611051 0.210784 444.99 0 0
1500 54.3347 49.7983 17.8564 -0.0115739 0.767125 445.071 0 0
1500 117.923 18.5981 17.9929 0.953618 0.28539 444.136 0 0
1500 94.4748 -30.427 18.0233 0.570982 -0.474234 447.194 0 0
1500 90.8625 44.7644 17.9201 0.494485 0.707162 445.215 0 0
1500 109.092 4.17095 17.8081 0.798944 0.0899191 444.427 0 0
1500 99.0859 12.9256 17.8663 0.661001 0.176141 445.573 0 0
1500 117.551 1.81428 17.8529 0.929688 0.0108339 445.035 0 0
1500 17.7445 -34.6601 17.9509 -0.629537 -0.550841 443.995 0 0
1500 40.5 -13.534 17.9666 -0.286458 -0.233532 446.539 0 0
1500 4.95606 41.2003 17.9161 -0.837389 0.630401 444.005 0 0
1500 47.1663 -48.0746 17.9452 -0.134708 -0.749758 447.246 0 0
1500 67.3562 51.5843 17.8569 0.182783 0.802192 445.804 0 0
1500 58.6667 -56.1978 17.8085 0.0372314 -0.870667 446.661 0 0
1500 105.905 2.46037 18.6848 0.878718 0.0730476 445.117 0 0
1500 106.68 -9.14277 18.0514 0.782409 -0.126105 448.039 0 0
1500 112.414 -10.7597 18.0029 0.862047 -0.17025 447.615 0 0
1500 89.6554 -54.5454 17.831 0.450999 -0.861395 446.639 0 0
1500 122.567 -14.3394 17.8425 1.01526 -0.259609 445.113 0 0
1500 123.706 -9.51651 17.843 1.02284 -0.186519 445.726 0 0
1500 115.497 -29.5716 17.8431 0.91653 -0.488264 444.676 0 0
1500 66.8664 11.7318 17.9545 0.205428 0.162835 449.771 0 0
1500 117.262 -12.9554 17.9697 0.939064 -0.182476 447.695 0 0
1500 58.9734 -13.4947 18.3919 0.0467168 -0.26821 443.973 0 0
1500 11.3216 37.9812 17.8684 -0.756552 0.620517 444.592 0 0
1500 0.499552 26.383 17.8664 -0.913784 0.442772 445.023 0 0
1500 141 -35.1825 17.8233 1.31613 -0.521443 445.471 0 0
1500 76.4586 32.981 18.0377 0.350532 0.569252 444.016 0 0
1500 72.2294 63.5477 17.836 0.268013 0.964666 447.916 0 0
1500 114.739 26.8589 17.945 0.923585 0.481798 444.155 0 0
1500 95.7913 10.8032 17.8178 0.530996 0.222945 450.203 0 0
1500 27.6851 -55.9936 17.861 -0.476836 -0.906461 446.267 0 0
1500 -10.5113 144.902 17.8336 -1.04604 2.28101 445.29 0 0
1500 58.1183 -34.2799 17.927 0.0570887 -0.59338 444.506 0 0
1500 117.433 -18.1074 17.909 0.944265 -0.333017 446.53 0 0
1500 119.734 28.303 17.8698 0.925098 0.488908 448.171 0 0
1500 51.1321 58.6502 17.8744 -0.0860468 0.960395 446.388 0 0
1500 106.587 33.8378 17.8775 0.712864 0.555585 449.973 0 0
1500 91.8645 12.6395 17.8151 0.485657 0.247585 451.25 0 0
1500 7.30571 36.2955 17.7964 -0.758181 0.623754 446.39 0 0
1500 116.01 9.79753 17.7997 0.893383 0.224456 445.899 0 0
1500 96.9836 34.3567 17.9472 0.683678 0.527232 446.121 0 0
1500 94.429 7.94644 17.9557 0.652651 0.127355 445.335 0 0
1500 67.2862 40.194 18.2578 0.154711 0.669766 446.598 0 0
1500 104.012 -34.1479 17.8471 0.739127 -0.583186 446.452 0 0
1500 52.0242 -65.4837 17.8429 -0.0475613 -1.01726 449.126 0 0
1500 49.9699 -56.8788 17.8476 -0.0807357 -0.928938 446.385 0 0
1500 43.1614 -53.8947 17.849 -0.184635 -0.886094 446.202 0 0
1500 58.8236 -39.5787 17.8612 0.0498655 -0.618608 451.456 0 0
1500 50.2591 35.2551 17.8477 -0.122198 0.565773 451.911 0 0
1500 105.961 39.2561 17.8304 0.710923 0.667628 447.074 0 0
1500 37.9406 11.2552 17.8532 -0.293973 0.226328 452.336 0 0
1500 37.2562 35.8438 17.8452 -0.306285 0.575784 451.7 0 0
1500 102.994 23.4554 17.8526 0.71003 0.314902 451.36 0 0
1500 71.8972 -56.8109 17.8454 0.286567 -0.882902 446.816 0 0
1500 61.4176 -57.4213 17.9101 0.0820093 -0.887836 451.134 0 0
1500 76.8771 47.0357 17.9081 0.253736 0.733618 451.723 0 0
1500 22.1113 54.8115 17.8948 -0.547286 0.884198 448.498 0 0
1500 57.935 36.2338 17.9157 -0.0145276 0.575013 452.403 0 0
1500 89.9109 11.2544 17.9156 0.570726 0.135948 445.824 0 0
1500 27.9517 31.3906 17.9896 -0.447164 0.556917 446.569 0 0
1500 58.1797 32.958 18.405 0.0456567 0.567881 447.299 0 0
1500 70.4097 -65.2112 17.81 0.25373 -1.00165 448.174 0 0
1500 103.177 -48.5179 17.8092 0.737117 -0.745198 448.782 0 0
1500 95.2477 11.2924 17.8297 0.590012 0.134558 452.164 0 0
1500 68.9729 -29.8966 17.8331 0.21833 -0.445106 452.434 0 0
1500 111.444 -9.28797 18.1418 0.894583 -0.191123 448.334 0 0
1500 80.946 55.5148 17.9152 0.383135 0.853511 451.227 0 0
1500 30.6847 -23.1324 17.869 -0.494045 -0.368883 446.289 0 0
1500 22.6048 -20.464 17.8681 -0.567429 -0.300502 452.15 0 0
1500 -1.69843 -16.7851 17.8531 -0.939975 -0.256198 450.007 0 0
1500 28.9806 -38.0325 17.8746 -0.517211 -0.586378 446.653 0 0
1500 51.4425 8.43281 17.8904 -0.175498 0.129423 445.472 0 0
1500 74.8343 -62.9096 17.8714 0.29392 -0.974183 450.276 0 0
1500 72.46 5.57292 17.8982 0.278344 0.0240323 445.592 0 0
1500 105.02 -26.9282 17.8778 0.766344 -0.470943 447.304 0 0
1500 73.083 -54.8461 17.8759 0.27956 -0.892351 447.542 0 0
1500 82.6904 -10.7118 17.8949 0.392617 -0.206372 453.011 0 0
1500 99.4142 -50.4497 17.8302 0.673737 -0.725886 450.524 0 0
1500 -58.6623 -135.188 17.8643 -1.83817 -2.18297 445.756 0 0
1500 74.0783 23.5105 17.834 0.251072 0.395194 452.975 0 0
1500 -71.2668 8.80657 17.8273 -2.071 0.192665 446.175 0 0
1500 79.6292 -52.3289 17.9061 0.410754 -0.815353 448.006 0 0
1500 117.085 15.9357 17.9191 0.907009 0.2833 451.776 0 0
1500 162.483 -42.376 17.9049 1.69792 -0.756205 444.603 0 0
1500 58.3538 -26.6564 17.8952 0.0594724 -0.423851 453.611 0 0
1500 107.79 39.7763 17.9499 0.796743 0.613421 451.537 0 0
1500 149.112 -7.46533 17.9443 1.46186 -0.129197 449.059 0 0
1500 51.0666 64.76 17.7999 -0.0863817 1.0178 451.148 0 0
1500 110.596 9.96203 18.0374 0.855985 0.194158 450.945 0 0
1500 133.523 24.7397 17.9419 1.20933 0.440445 448.415 0 0
1500 135.463 -4.4325 17.8918 1.32155 -0.11713 444.588 0 0
1500 44.9263 31.5182 18.137 -0.231847 0.508345 448.277 0 0
1500 77.7526 -46.1498 17.9465 0.27482 -0.720732 453.627 0 0
1500 70.3954 -52.9726 17.9407 0.183195 -0.876414 448.846 0 0
1500 62.5031 -65.7391 17.9336 0.0609334 -1.02609 451.666 0 0
1500 87.9699 -43.9842 17.926 0.428433 -0.694685 453.357 0 0
1500 86.1218 -5.36132 17.9385 0.439667 -0.160212 447.353 0 0
1500 48.3117 -57.2474 17.9194 -0.142907 -0.938902 449.155 0 0
1500 67.3821 -24.5594 17.9393 0.134021 -0.41214 454.532 0 0
1500 61.3828 -65.5129 17.9152 0.052406 -1.02546 451.622 0 0
1500 95.3982 26.3706 18.0314 0.671322 0.403381 448.804 0 0
1500 122.669 4.85557 18.0179 1.04567 0.0732016 451.354 0 0
1500 108.197 -25.0261 18.095 0.861182 -0.371572 449.95 0 0
1500 54.5034 -45.6131 17.9045 -0.106735 -0.74563 448.244 0 0
1500 123.799 -7.22231 17.815 1.0429 -0.0725322 450.829 0 0
1500 58.9275 -42.8154 17.8443 -0.0608815 -0.67847 448.236 0 0
1500 93.701 97.4785 17.8017 0.619338 1.48288 448.93 0 0
1500 107.586 29.4798 17.8446 0.845118 0.416217 446.666 0 0
1500 46.9082 60.2101 17.8358 -0.205129 0.923901 453.276 0 0
1500 24.9028 15.0629 17.8496 -0.561567 0.293167 448.453 0 0
1500 2.08106 -20.2588 17.8366 -0.897338 -0.249351 449.746 0 0
1500 69.6472 145.295 17.9343 0.224442 2.40641 446.735 0 0
1500 96.0088 40.9466 17.8394 0.53892 0.688324 450.042 0 0
1500 143.963 -41.5866 17.8225 1.35699 -0.588773 451.243 0 0
1500 5.25389 -40.6373 17.8772 -0.849848 -0.604847 452.305 0 0
1500 29.9789 -0.990171 17.9018 -0.455465 -0.0155836 456.372 0 0
1500 17.8971 -25.6048 17.8928 -0.63122 -0.363901 455.616 0 0
1500 79.1642 -3.74343 18.153 0.458639 -0.0680686 446.252 0 0
1500 32.9603 60.074 17.8339 -0.446289 0.919739 451.732 0 0
1500 23.1049 42.4328 17.8433 -0.566157 0.624739 455.009 0 0
1500 7.67657 -33.8688 17.8369 -0.83307 -0.492538 451.096 0 0
1500 7.93662 -23.9389 17.8431 -0.783034 -0.323287 454.987 0 0
1500 65.4191 43.8789 18.0244 0.0651111 0.705023 449.513 0 0
1500 96.8545 37.4822 17.8469 0.562378 0.605576 455.193 0 0
1500 83.9884 60.3639 17.8354 0.394154 0.969495 452.476 0 0
1500 109.952 18.8331 17.8443 0.801933 0.363509 450.581 0 0
1500 111.395 16.7836 17.8276 0.826815 0.207792 454.993 0 0
1500 72.396 -11.1614 17.8444 0.294123 -0.209896 449.012 0 0
1500 81.624 -27.0244 17.9998 0.457336 -0.445172 449.921 0 0
1500 94.879 32.4353 17.8116 0.624167 0.557974 449.573 0 0
1500 20.4169 -34.5435 17.8261 -0.639212 -0.482984 450.264 0 0
1500 -5.63845 9.4725 17.816 -0.983789 0.183438 453.972 0 0
1500 -7.34187 -13.2536 17.8136 -1.03232 -0.150657 452.391 0 0
1500 -8.56594 -6.97107 17.8133 -1.0463 -0.0568729 452.663 0 0
1500 -0.641715 10.8431 17.8177 -0.947951 0.211606 451.3 0 0
1500 32.9234 -8.96934 17.8381 -0.453567 -0.0910426 449.306 0 0
1500 40.4912 -15.7669 17.8407 -0.301034 -0.176915 456.63 0 0
1500 65.559 61.4194 17.8198 0.0515345 0.930361 454.624 0 0
1500 75.4349 -23.4147 18.0656 0.312636 -0.43517 450.411 0 0
1500 81.6991 -3.42874 18.3732 0.454037 -0.0299706 458.717 0 0
1500 86.1583 42.6012 18.083 0.418365 0.719921 450.016 0 0
1500 125.805 -32.0602 17.8914 1.17804 -0.493915 447.155 0 0
1500 116.681 -26.4459 17.8378 0.941613 -0.432236 452.806 0 0
1500 122.108 10.2553 17.8382 1.02435 0.115495 452.69 0 0
1500 120.886 14.6393 18.0072 1.01373 0.251601 453.721 0 0
1500 52.2823 27.6576 17.9507 -0.0512467 0.502186 450.378 0 0
1500 123.355 -1.13985 17.7962 1.00437 0.0304661 454.505 0 0
1500 62.6587 41.6979 17.8128 0.116216 0.635746 456.565 0 0
1500 56.3674 52.2815 17.8042 0.029477 0.851512 451.087 0 0
1500 119.342 13.6724 17.798 0.940935 0.245072 454.865 0 0
1500 116.925 -11.5734 17.8321 0.947837 -0.115762 451.447 0 0
1500 101.659 9.13674 17.8766 0.673986 0.176548 456.958 0 0
1500 116.581 20.1685 17.8641 0.903638 0.33951 455.491 0 0
1500 76.8718 18.3106 17.832 0.370102 0.292908 450.279 0 0
1500 106.655 -45.2277 17.8091 0.781379 -0.65401 454.675 0 0
1500 116.709 -31.5966 17.8079 0.93455 -0.457992 454.213 0 0
1500 85.099 16.8774 17.8293 0.497034 0.269729 450.471 0 0
1500 101.915 21.1239 17.8222 0.693298 0.306855 456.536 0 0
1500 84.5086 -35.9679 17.8233 0.484247 -0.548611 450.949 0 0
1500 68.6276 66.4527 17.8949 0.127169 1.039 454.391 0 0
1500 44.5572 50.3463 17.9047 -0.234832 0.832025 451.966 0 0
1500 85.3242 44.9131 17.9056 0.386847 0.750446 451.861 0 0
1500 89.0991 -5.28057 18.5515 0.570709 -0.0974888 460.113 0 0
1500 116.158 -7.97488 17.9018 0.913397 -0.125743 456.288 0 0
1500 103.476 -43.6642 17.8989 0.736457 -0.641491 455.83 0 0
1500 126.586 10.4139 18.0067 1.24362 0.135139 445.24 0 0
1500 -4.77323 -21.8721 17.8589 -0.98268 -0.35813 454.593 0 0
1500 63.3879 -5.69846 17.889 0.0212242 -0.127932 450.496 0 0
1500 76.8682 -31.7414 17.8561 0.33932 -0.554246 451.319 0 0
1500 95.073 0.536136 17.857 0.621873 -0.054543 451.248 0 0
1500 53.7862 -50.7874 17.8482 -0.017868 -0.839892 452.03 0 0
1500 74.1107 -35.9718 18.2017 0.288402 -0.620617 452.763 0 0
1500 77.9504 0.448051 18.4437 0.380361 0.0631125 460.42 0 0
1500 118.791 -15.2674 17.8396 0.962804 -0.289818 453.264 0 0
1500 30.4516 -6.29194 17.885 -0.437773 -0.0497823 458.886 0 0
1500 65.7992 -9.0846 17.9976 0.0909663 -0.185786 459.265 0 0
1500 34.23 56.3676 17.8744 -0.398879 0.844873 456.941 0 0
1500 34.3659 -30.3807 17.8885 -0.427564 -0.432961 451.955 0 0
1500 82.132 -13.2554 17.8683 0.454103 -0.224216 451.687 0 0
1500 114.939 31.9935 17.943 1.0087 0.489336 448.819 0 0
1500 86.88 -16.5319 18.0188 0.425811 -0.299979 459.514 0 0
1500 37.9378 -35.1832 18.0136 -0.281636 -0.615641 453.01 0 0
1500 74.0677 -33.929 18.4196 0.258961 -0.57157 451.725 0 0
1500 61.5882 -44.0017 17.963 0.0257277 -0.676983 458.916 0 0
1500 49.5815 -14.1239 17.9734 -0.141545 -0.253569 459.758 0 0
1500 33.0567 1.00726 17.9719 -0.371936 -0.0432169 459.643 0 0
1500 36.0587 -27.7985 17.9654 -0.364847 -0.491188 452.81 0 0
1500 112.395 -18.8114 18.1234 0.946723 -0.369345 450.313 0 0
1500 100.323 -32.6501 18.0573 0.69883 -0.560223 454.428 0 0
1500 74.8436 -2.60891 18.0763 0.322992 -0.110505 452.807 0 0
1500 78.4247 -51.8895 18.0559 0.368023 -0.847626 454.611 0 0
1500 89.6292 16.6091 17.9577 0.575381 0.281277 452.999 0 0
1500 91.1259 19.4006 17.9584 0.545091 0.295361 459.353 0 0
1500 83.863 -14.9967 17.9628 0.441075 -0.18618 459.7 0 0
1500 91.5048 4.77202 17.9605 0.549085 0.0899678 459.525 0 0
1500 119.212 -20.5102 18.2025 1.16034 -0.329233 446.095 0 0
1500 102.645 57.597 17.8833 0.786216 0.934312 451.364 0 0
1500 114.335 -6.05539 17.9153 0.908502 -0.153344 454.528 0 0
1500 97.103 -24.8027 17.9242 0.603764 -0.407694 459.315 0 0
1500 59.0533 -62.7836 17.9109 0.0705332 -1.00131 455.261 0 0
1500 33.0819 -48.7562 17.8536 -0.403009 -0.747598 458.58 0 0
1500 11.8562 31.3877 17.8846 -0.790679 0.443654 451.236 0 0
1500 73.512 -51.8303 17.8411 0.253506 -0.804676 458.668 0 0
1500 61.6868 23.3015 17.8693 0.00120399 0.41445 452.898 0 0
1500 18.9722 53.462 17.8433 -0.629794 0.837928 456.495 0 0
1500 107.732 30.2619 17.9599 0.799074 0.522851 455.27 0 0
1500 80.5815 3.26391 18.0108 0.377025 0.127066 453.725 0 0
1500 103.159 -66.8293 17.8381 0.751924 -1.00231 455.778 0 0
1500 81.1281 -78.5532 17.7908 0.397156 -1.20979 456.533 0 0
1500 28.0377 -50.5454 17.8779 -0.436396 -0.839866 455.288 0 0
1500 40.0539 -56.6675 17.8795 -0.241234 -0.88374 458.935 0 0
1500 123.37 8.92511 17.8324 1.01662 0.174155 458.615 0 0
1500 80.0142 -6.57658 17.8574 0.407539 -0.0562444 454.344 0 0
1500 115.616 31.8378 17.8314 0.912998 0.515068 457.877 0 0
1500 120.548 -23.7504 17.8332 0.971891 -0.303018 458.856 0 0
1500 92.9198 -4.29775 17.8537 0.548808 -0.0186242 461.372 0 0
1500 112.684 37.0337 17.8593 0.819008 0.610514 459.175 0 0
1500 91.3088 56.9142 17.8583 0.510203 0.905156 458.805 0 0
1500 116.222 21.7354 17.8614 0.899994 0.400636 456.932 0 0
1500 86.3223 21.6624 18.5534 0.515084 0.454807 448.063 0 0
1500 74.9541 -38.0404 17.9861 0.219154 -0.630863 456.144 0 0
1500 56.4531 -18.0125 17.9873 -0.0774532 -0.308169 455.933 0 0
1500 9.01923 15.8514 17.9712 -0.797995 0.213315 457.212 0 0
1500 8.73069 -18.55 17.9697 -0.800447 -0.309602 457.371 0 0
1500 10.3687 -23.93 17.9692 -0.774961 -0.39099 457.423 0 0
1500 110.669 -45.4072 17.8925 0.924224 -0.702442 453.828 0 0
1500 93.6294 19.3196 17.9616 0.603687 0.352058 457.908 0 0
1500 65.4405 -6.22507 18.4977 0.221472 -0.0917501 470.414 0 0
1500 82.3096 28.2989 17.8611 0.413917 0.408702 463.414 0 0
1500 118.808 22.3854 17.8415 0.960674 0.336993 460.981 0 0
1500 75.1877 -30.5111 17.8612 0.345905 -0.462377 456.79 0 0
1500 99.1689 -25.0108 17.8525 0.710248 -0.372778 457.516 0 0
1500 92.5861 -7.90836 17.8596 0.614895 -0.111229 456.91 0 0
1500 107.763 -19.8422 17.8513 0.782266 -0.272539 462.506 0 0
1500 96.5059 18.1774 17.886 0.594051 0.35724 457.244 0 0
1500 29.3846 58.518 17.8694 -0.425863 0.945399 459.578 0 0
1500 80.6052 10.3057 17.8208 0.360206 0.197362 463.699 0 0
1500 78.3055 -71.8949 17.8652 0.399159 -1.14354 456.265 0 0
1500 38.9342 61.4868 17.8703 -0.346283 0.954798 459.962 0 0
1500 16.2801 41.1574 17.8722 -0.631018 0.698998 459.337 0 0
1500 115.783 7.30868 17.8543 0.994103 0.0976068 456.356 0 0
1500 127.744 -14.5072 17.7984 1.09004 -0.151871 459.508 0 0
1500 37.5296 -47.3199 17.811 -0.392895 -0.70945 459.314 0 0
1500 19.3569 43.7818 17.804 -0.66391 0.683046 460.146 0 0
1500 48.1171 56.4778 17.8091 -0.214168 0.825837 464.134 0 0
1500 67.4499 55.0292 17.8085 0.0670452 0.86137 459.572 0 0
1500 121.422 -5.23514 17.8612 0.995618 -0.0623896 463.773 0 0
1500 54.9445 -27.0469 17.9937 -0.0368382 -0.494514 459.671 0 0
1500 51.4323 -24.1239 17.9958 -0.0820239 -0.404576 466.834 0 0
1500 66.6967 -46.4724 17.9829 0.142796 -0.783999 460.549 0 0
1500 26.9191 -60.6673 17.9073 -0.516384 -0.967342 461.171 0 0
1500 82.8634 -32.1173 18.1182 0.39329 -0.5156 466.9 0 0
1500 61.6737 -19.7723 18.1255 0.108494 -0.379529 460.123 0 0
1500 89.9913 -34.6325 18.1121 0.535023 -0.59812 461.197 0 0
1500 93.355 54.6997 17.8115 0.604284 0.817856 462.011 0 0
1500 74.1738 56.2635 17.9064 0.283018 0.918286 461.768 0 0
1500 15.6948 -49.7484 17.8986 -0.626392 -0.815743 462.598 0 0
1500 19.7392 -42.2347 17.9046 -0.575759 -0.715748 461.474 0 0
1500 37.5881 -42.4532 17.9108 -0.308378 -0.72652 460.797 0 0
1500 53.2141 -35.6386 17.9171 -0.0696365 -0.627285 460.263 0 0
1500 29.3975 -28.9691 17.9152 -0.436411 -0.523124 460.408 0 0
1500 52.3744 -5.21547 17.9273 -0.0835086 -0.159246 459.559 0 0
1500 76.4122 -53.9529 17.9064 0.266829 -0.841515 465.539 0 0
1500 72.9748 98.5027 17.8689 0.209221 1.58886 461.341 0 0
1500 84.3748 -40.2827 17.8677 0.349262 -0.635561 467.109 0 0
1500 49.0896 -26.6386 17.8764 -0.148858 -0.437827 467.839 0 0
1500 -16.1613 -25.9031 17.8348 -1.16059 -0.422633 464.087 0 0
1500 77.1882 28.4282 17.9227 0.341287 0.429638 468.834 0 0
1500 14.1972 35.443 17.9263 -0.725978 0.547666 464.59 0 0
1500 23.7471 -31.0458 17.9336 -0.588148 -0.465288 463.818 0 0
1500 30.1084 -45.0374 17.9299 -0.487964 -0.67614 464.172 0 0
1500 163.174 -46.1451 17.8255 1.61499 -0.777063 464.451 0 0
1500 87.892 -43.5317 17.8182 0.509929 -0.718787 464.347 0 0
1500 91.3204 15.8129 17.8298 0.571568 0.1916 463.291 0 0
1500 96.2246 -2.69051 17.828 0.646399 -0.0957272 463.428 0 0
1500 58.0542 -62.7534 17.8142 0.0508442 -0.957885 468.087 0 0
1500 43.9996 64.4773 17.8388 -0.205104 1.02794 466.715 0 0
1500 -5.2871 -10.4387 17.831 -1.0163 -0.1277 465.964 0 0
1500 9.28353 44.3717 17.8297 -0.790426 0.686631 466.609 0 0
1500 57.8133 -55.089 17.9129 0.0486883 -0.949567 461.503 0 0
1500 108.628 4.04634 18.2374 0.891485 0.0227391 464.9 0 0
1500 35.3259 24.455 18.1034 -0.396332 0.352199 462.951 0 0
1500 50.5128 28.9902 18.0936 -0.119127 0.511522 464.618 0 0
1500 61.7922 36.0818 18.0924 0.0488729 0.56184 471.404 0 0
1500 106.019 9.34795 17.9516 0.808528 0.0961051 465.066 0 0
1500 39.4331 -63.0902 17.9276 -0.273688 -1.0065 467.663 0 0
1500 22.6454 28.5378 17.8852 -0.544109 0.515376 465.261 0 0
1500 99.1366 15.4966 17.8106 0.702166 0.270122 465.13 0 0
1500 74.8558 46.4841 17.8079 0.325984 0.745685 465.382 0 0
1500 105.897 43.0343 17.7965 0.782061 0.674205 467.158 0 0
1500 99.0606 16.0257 17.8105 0.700919 0.278263 465.136 0 0
1500 120.317 -14.622 17.7973 1.00153 -0.189689 466.919 0 0
1500 96.9245 95.321 17.8766 0.687168 1.51561 464.67 0 0
1500 55.7449 -0.397642 18.0971 -0.019924 -0.0717809 473.519 0 0
1500 87.3257 -23.998 18.086 0.460632 -0.44039 466.356 0 0
1500 7.83 33.7711 17.8885 -0.797681 0.564861 467.349 0 0
1500 81.3669 58.7923 17.8514 0.393944 0.942964 468.274 0 0
1500 95.3351 39.5309 17.9439 0.546452 0.667879 467.269 0 0
1500 126.09 -37.0977 18.1754 1.19787 -0.665014 463.329 0 0
1500 87.3845 36.0528 18.1678 0.535031 0.691661 461.317 0 0
1500 -108.648 -101.31 17.8144 -2.63379 -1.51752 467.199 0 0
1500 133.955 -38.1939 17.8837 1.20496 -0.622809 468.952 0 0
1500 63.4976 66.0409 17.8784 0.126533 1.03982 470.72 0 0
1500 58.7608 60.916 17.8821 0.0575265 0.981598 469.511 0 0
1500 54.9927 -37.1625 17.9901 -0.115561 -0.602512 465.313 0 0
1500 34.12 4.35215 18.0396 -0.372893 0.0364934 475.694 0 0
1500 77.419 -16.2284 17.8972 0.340657 -0.257248 475.246 0 0
1500 93.3837 0.755224 18.0059 0.55805 0.0646211 475.393 0 0
1500 97.9607 -3.78114 18.1377 0.710327 -0.0152935 469.812 0 0
1500 101.395 18.6903 18.1329 0.757355 0.32377 470.257 0 0
1500 31.0408 6.81667 18.1221 -0.500364 0.171146 464.606 0 0
1500 82.3746 61.1408 17.8444 0.383857 0.97538 473.503 0 0
1500 121.994 19.6884 17.846 0.956257 0.357163 474.466 0 0
1500 138.164 23.9285 17.8318 1.29484 0.347488 471.917 0 0
1500 19.306 -50.0473 17.85 -0.654458 -0.744195 472.835 0 0
1500 21.2768 -4.11533 17.8679 -0.583793 -0.0488677 477.495 0 0
1500 97.1807 8.71324 17.9801 0.695912 0.126504 472.419 0 0
1500 78.2008 54.8285 17.9178 0.384034 0.862723 473.76 0 0
1500 76.5495 19.8108 17.9356 0.368522 0.342621 472.067 0 0
1500 49.9945 -19.1022 17.8998 -0.0809782 -0.314471 482.857 0 0
1500 106.156 -2.33374 17.9653 0.754475 0.00553336 479.28 0 0
1500 120.5 -11.8209 17.8262 1.01725 -0.196376 474.736 0 0
1500 103.589 6.69972 18.1078 0.801664 0.100696 474.961 0 0
1500 83.8078 14.8865 17.9308 0.40701 0.268267 480.424 0 0
1500 75.2856 63.0261 17.9071 0.304924 0.9974 476.416 0 0
1500 60.3828 21.4985 17.9327 0.0882666 0.400929 473.256 0 0
1500 90.701 65.9712 17.8917 0.51198 1.15081 470.564 0 0
1500 94.2334 -53.6989 17.7981 0.509856 -0.8761 475.992 0 0
1500 -1.52786 22.9873 17.8002 -0.936642 0.279319 475.576 0 0
1500 49.0159 -63.4473 17.7987 -0.16505 -0.990649 478.146 0 0
1500 13.214 -5.80607 17.8139 -0.667953 -0.146589 480.077 0 0
1500 -7.56285 9.04224 17.8606 -1.02354 0.15691 478.106 0 0
1500 6.8384 39.4869 17.8609 -0.828854 0.614286 476.783 0 0
1500 84.0618 55.2959 18.0121 0.403085 0.899878 476.851 0 0
1500 70.473 -6.96794 17.8913 0.248528 -0.0944867 482.186 0 0
1500 52.6566 -60.6134 17.809 -0.0382529 -0.977768 476.976 0 0
1500 112.609 -9.9866 18.1018 0.912672 -0.189212 478.851 0 0
1500 89.2094 24.6856 17.9599 0.521579 0.358569 483.271 0 0
1500 121.794 5.76499 17.941 1.03371 0.0982993 479.486 0 0
1500 100.389 28.4327 17.9505 0.734968 0.445397 477.791 0 0
1500 37.6977 16.7395 18.1306 -0.342312 0.289893 477.294 0 0
1500 -7.85005 -9.69742 17.8087 -1.03871 -0.0950846 479.337 0 0
1500 46.7136 -41.1986 18.2882 -0.170331 -0.802843 470.053 0 0
1500 103.982 -18.8536 18.411 0.867115 -0.412151 471.175 0 0
1500 94.0708 -19.2292 18.1241 0.599707 -0.271733 486.194 0 0
1500 79.6814 18.5047 17.8585 0.404915 0.246281 478.145 0 0
1500 105.558 38.8368 17.8391 0.785501 0.547335 479.998 0 0
1500 121.989 21.1732 17.8346 1.00141 0.270872 482.171 0 0
1500 95.3248 -36.5737 18.1247 0.664076 -0.731733 471.183 0 0
1500 53.6311 -16.1311 18.1078 0.00272538 -0.282537 487.337 0 0
1500 74.7688 113.059 17.8132 0.225387 1.82447 479.264 0 0
1500 22.1883 25.4943 18.5256 -0.751811 0.506885 467.528 0 0
1500 79.4405 -34.694 18.0366 0.323978 -0.554933 486.856 0 0
1500 102.894 7.90628 17.8405 0.762201 0.091238 480.372 0 0
1500 94.9051 -50.3071 17.8839 0.60408 -0.813851 483.136 0 0
1500 121.149 -10.6861 17.8836 0.995611 -0.220374 483.228 0 0
1500 45.7533 -61.7723 17.8275 -0.21526 -0.95713 485.782 0 0
1500 11.6517 -29.2407 17.8343 -0.699754 -0.478955 486.744 0 0
1500 -3.55814 56.2219 17.8341 -1.01764 0.85948 485.696 0 0
1500 131.571 -23.2587 17.8513 1.12823 -0.43559 485.531 0 0
1500 78.6631 -18.0681 18.0556 0.333231 -0.354039 486.729 0 0
1500 96.1251 36.5546 17.9101 0.609355 0.675666 483.218 0 0
1500 100.255 8.72551 18.0089 0.731179 0.176144 489.112 0 0
1500 103.699 -22.1664 17.8291 0.75908 -0.288364 489.806 0 0
1500 10.4294 23.1378 17.8393 -0.741577 0.299172 495.356 0 0
1500 5.88679 44.7401 17.8264 -0.837557 0.630395 492.733 0 0
1500 93.5349 0.199548 17.9 0.564601 -0.0355305 500.142 0 0
1500 101.147 -26.2821 17.8376 0.684798 -0.381807 502.304 0 0
1500 122.666 -14.163 17.8156 0.971604 -0.272487 501.101 0 0
1500 142.2 -35.3789 17.9837 1.42014 -0.563645 496.014 0 0
1500 40.1097 23.8849 17.9433 -0.348092 0.351058 507.003 0 0
