Total number of secondary electrons: 1869
1500 89.1914 -8.91713 15.1454 0.610885 -0.0946158 261.464 0 0
1500 70.1248 16.9757 13.667 0.251472 0.247758 270.565 0 0
1500 106.255 6.43497 16.0961 1.03091 0.129515 271.222 0 0
1500 106.963 1.49495 14.6513 0.872482 -0.0121747 276.222 0 0
1500 101.794 12.9986 14.1019 0.654014 0.167552 278.968 0 0
1500 92.7425 -7.21721 13.5635 0.502152 -0.112785 283.809 0 0
1500 65.6189 -21.8502 14.4026 0.208123 -0.36671 287.92 0 0
1500 85.5979 -32.2905 12.9671 0.366861 -0.39744 289.55 0 0
1500 84.3338 -37.6556 12.9653 0.351909 -0.457451 289.706 0 0
1500 71.5623 -58.6501 12.9573 0.205598 -0.689029 290.475 0 0
1500 68.3779 -8.80809 13.9125 0.210573 -0.175895 291.175 0 0
1500 109.868 -13.1488 12.9811 0.62915 -0.190353 291.287 0 0
1500 94.1992 39.3945 13.2355 0.487839 0.469937 296.788 0 0
1500 148.02 9.14942 13.1586 1.06731 0.052539 296.855 0 0
1500 89.9837 12.5504 14.8723 0.573727 0.160688 297.235 0 0
1500 86.5473 21.6909 15.2782 0.604553 0.408834 297.514 0 0
1500 36.5446 -77.0059 13.2212 -0.247627 -0.91104 298.182 0 0
1500 80.2801 -84.6106 13.424 0.231263 -0.964805 301.052 0 0
1500 94.2409 3.72022 15.135 0.613984 0.0187746 302.553 0 0
1500 90.2467 -1.19656 13.8605 0.407264 -0.0732341 303.069 0 0
1500 90.4126 -2.80256 15.4646 0.648253 -0.0803975 303.151 0 0
1500 62.3913 38.1483 13.7975 0.0201872 0.493841 305.322 0 0
1500 92.3793 25.7375 13.8035 0.368321 0.349843 305.437 0 0
1500 109.276 8.3049 15.547 0.889595 0.0758296 307.182 0 0
1500 140.648 50.7867 13.9329 1.06169 0.624098 308.097 0 0
1500 109.865 22.6122 15.982 1.03536 0.43931 309.329 0 0
1500 102.1 7.34944 15.1325 0.66937 0.122985 309.346 0 0
1500 157.842 2.04311 14.5505 1.50194 0.0327748 311.026 0 0
1500 91.4814 -7.07786 15.2306 0.569138 -0.0422709 314.17 0 0
1500 111.201 -7.44915 15.9889 0.960123 -0.166651 314.679 0 0
1500 120.966 1.53 15.857 1.21556 0.0268642 318.454 0 0
1500 87.6597 -11.2185 16.078 0.600268 -0.248525 319.628 0 0
1500 80.1029 -0.892379 15.9379 0.452299 -0.0662122 323.774 0 0
1500 79.861 13.2937 15.943 0.443623 0.194134 324.414 0 0
1500 69.0288 -1.0293 14.7964 0.125879 0.0218107 325.399 0 0
1500 118.408 8.70837 14.805 0.775881 0.0872234 326.461 0 0
1500 90.8354 1.96176 15.3816 0.506001 0.0628493 327.688 0 0
1500 92.5011 8.09217 14.9333 0.436038 0.149903 327.909 0 0
1500 86.5185 2.32495 16.948 0.593664 0.0334204 329.687 0 0
1500 70.3752 -67.723 14.7924 0.132839 -0.893511 330.482 0 0
1500 97.4886 19.1348 16.435 0.796148 0.364721 331.695 0 0
1500 84.4139 -1.23751 16.554 0.499262 -0.0169512 332.893 0 0
1500 60.4612 -18.8193 15.8339 0.096298 -0.309401 333.508 0 0
1500 56.9502 -1.42657 14.8728 -0.014777 -0.0779289 333.648 0 0
1500 43.2073 -38.7627 15.144 -0.204327 -0.588244 333.978 0 0
1500 103.432 -20.0308 16.8842 0.963918 -0.469003 334.932 0 0
1500 82.9005 -2.78869 16.7406 0.55152 -0.0173488 334.988 0 0
1500 92.4152 9.16819 16.1061 0.589389 0.117403 335.191 0 0
1500 83.867 17.2958 15.726 0.390112 0.247881 336.657 0 0
1500 113.222 -15.3674 17.1286 1.20782 -0.324585 337.634 0 0
1500 76.3191 7.07445 15.0277 0.26973 0.137388 338.228 0 0
1500 88.3514 -3.31116 16.5136 0.588462 -0.0490755 338.818 0 0
1500 42.1979 -28.7301 14.9634 -0.240948 -0.359516 338.944 0 0
1500 69.9785 56.7332 15.2022 0.138034 0.771822 339.293 0 0
1500 101.16 -5.47934 16.063 0.669391 -0.0958655 340.379 0 0
1500 75.8559 7.18329 15.9865 0.376553 0.122269 340.736 0 0
1500 70.4029 -2.8964 16.691 0.326661 -0.069684 340.924 0 0
1500 79.8174 -8.51859 15.9949 0.421692 -0.134942 341.317 0 0
1500 80.0207 -1.88015 16.3765 0.403632 -0.042598 341.61 0 0
1500 69.9881 18.153 15.2759 0.197688 0.274697 341.847 0 0
1500 88.0847 -18.738 16.0505 0.480636 -0.266591 343.014 0 0
1500 70.4174 7.10757 15.0933 0.213697 0.0798094 343.031 0 0
1500 92.917 -3.08335 16.2644 0.572877 -0.0808841 343.298 0 0
1500 38.2206 -4.4465 16.0779 -0.268857 -0.0694266 343.619 0 0
1500 100.81 -15.4773 15.1657 0.584246 -0.198297 343.971 0 0
1500 139.641 50.934 15.3305 1.06963 0.670586 344.423 0 0
1500 110.313 -1.93026 16.2934 0.867283 -0.0681586 344.561 0 0
1500 100.223 -18.3009 16.1719 0.710527 -0.275802 344.887 0 0
1500 76.442 11.029 15.3378 0.293165 0.16041 345.245 0 0
1500 88.4353 -26.458 15.5481 0.465369 -0.321818 345.314 0 0
1500 105.522 -11.9809 15.7359 0.740509 -0.125837 345.383 0 0
1500 -3.69736 18.6029 15.4342 -0.818005 0.20894 345.409 0 0
1500 21.1247 28.2166 15.7758 -0.54469 0.437745 345.956 0 0
1500 84.7155 4.37058 16.3595 0.487139 0.0763965 346.068 0 0
1500 90.0721 0.591552 16.2597 0.473556 0.0200119 346.422 0 0
1500 89.1419 -10.5398 17.2348 0.587068 -0.154662 346.491 0 0
1500 102.988 33.3447 15.4131 0.614875 0.432308 346.622 0 0
1500 60.8155 54.6753 15.5732 0.0590078 0.746313 346.917 0 0
1500 75.0684 16.2509 16.0375 0.282008 0.263307 347.202 0 0
1500 76.7876 3.86525 16.0084 0.353873 0.063852 347.22 0 0
1500 71.8742 3.61212 15.9096 0.241156 -0.0165285 347.373 0 0
1500 133.557 37.9795 15.3862 0.941824 0.437203 347.806 0 0
1500 99.5189 61.595 15.4475 0.561653 0.765603 348.145 0 0
1500 73.6867 -4.58825 17.3239 0.381449 -0.0593567 348.543 0 0
1500 137.767 7.4125 15.4735 1.01115 0.109745 349.17 0 0
1500 22.2481 45.2128 15.5681 -0.474416 0.600382 349.35 0 0
1500 81.2417 16.0683 16.176 0.363183 0.251617 349.646 0 0
1500 85.1385 11.9051 16.8904 0.49919 0.18698 350.061 0 0
1500 102.974 18.825 15.7556 0.632788 0.212314 350.079 0 0
1500 131.932 39.0277 15.5029 0.929693 0.480848 350.237 0 0
1500 90.457 -45.4752 16.185 0.546949 -0.715403 350.693 0 0
1500 102.502 2.95427 16.3022 0.686809 0.0209196 350.714 0 0
1500 79.6626 2.85374 16.1123 0.379923 -0.0190294 350.825 0 0
1500 107.509 -6.52686 15.8096 0.681322 -0.13263 351.093 0 0
1500 106.744 32.9415 15.6892 0.644872 0.477476 351.879 0 0
1500 67.8408 46.6638 15.6036 0.142348 0.625001 351.987 0 0
1500 97.7882 -39.6774 15.6123 0.545717 -0.530388 352.396 0 0
1500 57.1503 -0.530503 16.4666 0.0510906 0.0270232 352.532 0 0
1500 114.221 -27.0929 15.6474 0.675472 -0.307463 352.82 0 0
1500 127.272 -9.09861 15.6341 0.879062 -0.171818 352.888 0 0
1500 73.4713 -27.6018 16.1819 0.288735 -0.411199 353.035 0 0
1500 101.345 -6.08164 15.6985 0.567424 -0.0156828 353.238 0 0
1500 60.8563 26.2501 16.3293 0.0682902 0.382345 353.388 0 0
1500 60.41 -77.7205 15.7297 0.0472971 -1.00768 354.245 0 0
1500 126.867 -1.984 15.9645 0.927095 -0.0244755 354.959 0 0
1500 99.8238 -11.7448 15.8452 0.564908 -0.0942275 355.407 0 0
1500 97.7731 5.46056 16.6675 0.641572 0.078619 356.111 0 0
1500 70.2627 -18.6539 16.3071 0.219896 -0.295581 356.687 0 0
1500 98.749 -17.4545 16.3625 0.617174 -0.245235 357.001 0 0
1500 69.4152 52.1455 15.9699 0.148581 0.72492 357.023 0 0
1500 5.88425 53.3884 15.8899 -0.622547 0.72096 357.6 0 0
1500 106.258 3.68097 16.1393 0.695681 0.0119193 357.619 0 0
1500 76.1276 -15.6109 17.1832 0.378842 -0.233279 357.932 0 0
1500 83.9725 -14.4205 16.9393 0.427263 -0.229161 357.999 0 0
1500 87.6076 49.8542 16.1398 0.411001 0.766115 358.153 0 0
1500 65.4294 -2.6278 16.42 0.100207 -0.056733 358.21 0 0
1500 117.62 -2.19218 17.3241 1.18228 -0.0216108 358.65 0 0
1500 107.6 9.20009 16.9176 0.851058 0.188348 358.713 0 0
1500 71.6419 15.7449 16.1665 0.202319 0.26911 358.981 0 0
1500 107.922 -7.85883 16.0315 0.713216 -0.122035 359.176 0 0
1500 82.8019 42.9854 16.0966 0.380412 0.59718 359.349 0 0
1500 91.8081 11.3461 16.9523 0.545648 0.19453 359.394 0 0
1500 107.599 12.8083 16.9326 0.826989 0.20334 359.428 0 0
1500 89.847 -10.2376 15.9329 0.470355 -0.124 359.665 0 0
1500 45.4107 -2.71839 16.2373 -0.178012 0.00421492 359.691 0 0
1500 101.824 28.5137 16.089 0.641479 0.34554 359.872 0 0
1500 102.023 -31.0449 16.1494 0.688215 -0.401428 360.07 0 0
1500 123.596 49.3663 15.9294 0.820489 0.65052 360.096 0 0
1500 106.411 -37.6176 16.0508 0.693364 -0.469522 360.084 0 0
1500 27.502 -10.2038 16.1422 -0.430752 -0.172466 360.082 0 0
1500 104.866 23.6342 16.3914 0.692104 0.353532 360.235 0 0
1500 114.939 26.5589 16.088 0.802042 0.321603 360.424 0 0
1500 85.3559 1.44127 16.716 0.466904 -0.0383835 360.536 0 0
1500 66.9717 4.40179 16.5039 0.18707 0.0925642 360.582 0 0
1500 73.5996 8.03053 16.2469 0.304529 0.109303 360.957 0 0
1500 122.139 -36.2603 16.0687 0.872603 -0.474392 361.256 0 0
1500 90.66 6.58709 17.5112 0.629385 0.131165 361.603 0 0
1500 55.0297 -11.6287 16.5147 -0.0374712 -0.167138 361.612 0 0
1500 104.641 -20.7155 16.3103 0.7023 -0.265383 362.204 0 0
1500 93.4682 -15.4258 16.2589 0.527718 -0.261222 362.481 0 0
1500 73.6133 69.8847 16.0791 0.209173 0.871457 362.688 0 0
1500 69.9246 -27.8943 16.2261 0.140569 -0.435032 362.877 0 0
1500 86.7283 13.5443 16.9343 0.504862 0.218031 362.886 0 0
1500 20.2716 -64.2926 16.1124 -0.53563 -0.851847 362.885 0 0
1500 34.1751 30.1401 16.5424 -0.347969 0.458577 362.899 0 0
1500 92.4435 -17.4913 16.8356 0.570086 -0.2649 362.944 0 0
1500 97.7469 17.7737 17.1936 0.784203 0.39887 362.994 0 0
1500 76.8731 10.4896 17.7158 0.39584 0.152832 363.142 0 0
1500 78.4391 75.9985 16.1321 0.29049 1.00854 363.363 0 0
1500 75.8634 -16.0601 16.9267 0.352507 -0.262548 363.407 0 0
1500 62.4893 -48.7435 16.4234 0.0405608 -0.756125 363.488 0 0
1500 185.73 -1.40441 16.2515 1.84245 -0.0516794 363.51 0 0
1500 13.2051 -16.3494 16.2855 -0.683185 -0.234398 363.511 0 0
1500 -28.2815 15.9258 16.1363 -1.14467 0.195691 363.642 0 0
1500 66.2081 2.15026 16.2444 0.0618137 0.0694441 363.681 0 0
1500 64.6131 17.3177 16.4026 0.131816 0.238018 363.765 0 0
1500 91.145 28.9442 16.3986 0.467693 0.450487 363.877 0 0
1500 52.8576 44.8825 16.4008 -0.0404298 0.661583 363.927 0 0
1500 73.7322 -19.093 16.5205 0.324339 -0.325711 364.012 0 0
1500 82.5136 1.34625 17.0386 0.424798 -0.0456266 364.194 0 0
1500 67.2151 27.2479 16.2876 0.0753496 0.41172 364.296 0 0
1500 78.2083 49.9927 16.4253 0.293762 0.72433 364.451 0 0
1500 78.5049 -6.26336 16.2263 0.342784 -0.115469 364.496 0 0
1500 37.316 3.68797 16.4882 -0.31271 0.0609179 364.678 0 0
1500 61.8436 25.7733 16.261 0.0691707 0.344379 365.06 0 0
1500 48.3316 -69.6851 16.2144 -0.103227 -0.975141 365.132 0 0
1500 85.7789 22.0018 18.2315 0.686148 0.44753 365.233 0 0
1500 14.1294 46.9503 16.2376 -0.602218 0.689758 365.307 0 0
1500 117 -46.3651 16.4751 0.925232 -0.754383 365.829 0 0
1500 34.6786 -48.0148 16.4344 -0.306604 -0.696721 365.953 0 0
1500 93.1136 31.8069 16.4175 0.465416 0.493404 366.076 0 0
1500 78.5505 -6.86361 16.3096 0.29926 -0.0742086 366.381 0 0
1500 46.7767 -12.658 16.4972 -0.121674 -0.240026 366.388 0 0
1500 94.732 -30.5856 16.6362 0.594439 -0.421026 366.568 0 0
1500 53.2291 -54.9069 16.493 -0.0234366 -0.798896 366.744 0 0
1500 4.77077 39.3617 16.3258 -0.697805 0.509583 366.952 0 0
1500 58.5556 -38.4442 16.4154 -0.013833 -0.619559 366.952 0 0
1500 84.7224 -17.8503 17.138 0.434474 -0.280652 367.114 0 0
1500 76.8231 15.347 16.6639 0.299205 0.166373 367.254 0 0
1500 -13.7019 32.8714 16.4015 -1.02218 0.410927 367.257 0 0
1500 94.0545 12.0947 17.4456 0.649683 0.177955 367.561 0 0
1500 76.4303 14.5801 16.9354 0.284997 0.251447 367.559 0 0
1500 64.6112 7.19498 16.5788 0.0610444 0.142049 367.597 0 0
1500 82.6201 24.1289 16.4989 0.362549 0.409304 367.634 0 0
1500 55.6318 63.7632 16.5905 -0.0363436 0.964899 367.832 0 0
1500 70.7676 3.85604 16.7217 0.202278 0.0969328 368.12 0 0
1500 57.7008 -34.5182 16.7265 -0.0477749 -0.566737 368.167 0 0
1500 92.1925 -5.77866 17.5482 0.636822 -0.095087 368.903 0 0
1500 104.338 7.8456 17.0177 0.742186 0.13039 369.199 0 0
1500 76.9662 -7.83862 17.0365 0.379978 -0.148114 369.188 0 0
1500 92.2645 19.3272 17.4345 0.607936 0.301931 369.237 0 0
1500 84.5018 -37.9719 16.6317 0.346747 -0.57619 369.398 0 0
1500 92.5922 14.4326 17.0235 0.543857 0.258134 370.181 0 0
1500 101.292 41.4823 17.6026 0.831355 0.716167 370.201 0 0
1500 48.9549 1.13277 17.9208 -0.0993946 -0.00652248 370.248 0 0
1500 86.0671 45.4162 16.6184 0.435139 0.670369 370.379 0 0
1500 89.9005 -12.1598 18.4575 0.676242 -0.170683 370.427 0 0
1500 112.94 -52.1409 16.5334 0.754311 -0.72309 370.447 0 0
1500 -5.16404 -30.6487 16.5216 -0.908085 -0.364067 370.523 0 0
1500 4.26947 -52.7808 16.5063 -0.738766 -0.743692 370.689 0 0
1500 23.4175 -2.56833 16.696 -0.519256 -0.00206562 371.221 0 0
1500 2.19289 99.6008 16.6179 -0.773492 1.43059 371.841 0 0
1500 61.8975 4.59272 16.9812 0.0526935 0.017036 371.926 0 0
1500 85.2218 -45.5863 16.7522 0.394311 -0.650305 372.079 0 0
1500 89.499 -37.1259 16.6862 0.435203 -0.499617 372.201 0 0
1500 108.777 114.396 16.8052 0.789287 1.78931 372.222 0 0
1500 95.337 5.63766 17.5592 0.665296 0.0403973 372.276 0 0
1500 72.0791 -30.2055 16.9984 0.190331 -0.454784 372.452 0 0
1500 -86.0522 -75.3231 16.6622 -2.08644 -1.07544 372.521 0 0
1500 78.4948 36.9637 17.0148 0.373178 0.544896 373.082 0 0
1500 85.9822 38.7736 17.7348 0.491998 0.661035 373.138 0 0
1500 90.6481 202.519 16.6985 0.498606 2.95397 373.238 0 0
1500 53.7225 31.0697 16.7271 -0.119321 0.448659 373.468 0 0
1500 92.2039 -27.3721 16.9832 0.503978 -0.491998 373.516 0 0
1500 50.4048 -61.3655 16.6583 -0.131654 -0.823932 373.645 0 0
1500 98.7565 49.2579 17.2632 0.704636 0.83272 373.736 0 0
1500 151.241 -10.3192 17.2827 1.59007 -0.202719 373.75 0 0
1500 117.956 -43.4684 16.6968 0.841782 -0.616977 373.83 0 0
1500 70.3585 44.8834 16.7305 0.228165 0.659476 373.829 0 0
1500 -5.21003 -41.7609 17.4316 -1.07707 -0.717526 373.859 0 0
1500 95.0408 54.4362 16.8079 0.573313 0.755479 373.944 0 0
1500 76.4583 -11.5355 16.9751 0.241327 -0.206585 374.001 0 0
1500 89.2723 -17.9295 18.0375 0.574223 -0.285243 374.017 0 0
1500 96.2061 -1.31825 16.7706 0.569429 0.0415398 374.03 0 0
1500 76.2308 1.13312 17.5475 0.348811 -0.0226837 374.259 0 0
1500 109.584 92.6264 16.7816 0.692754 1.36338 374.296 0 0
1500 85.994 -14.7659 16.8855 0.376514 -0.237296 374.403 0 0
1500 50.8411 37.0563 16.8392 -0.0430296 0.573087 374.499 0 0
1500 85.6127 13.2501 17.045 0.427728 0.146254 374.563 0 0
1500 -23.027 -49.4258 16.7265 -1.13546 -0.727163 374.914 0 0
1500 -27.6067 -48.691 16.7724 -1.17687 -0.717132 375.335 0 0
1500 100.75 25.8767 17.2321 0.646202 0.452166 375.5 0 0
1500 73.7399 67.846 16.7998 0.267626 0.949923 375.717 0 0
1500 124.319 -25.3349 16.8008 0.943721 -0.296174 375.745 0 0
1500 65.8221 -15.1935 17.6794 0.185393 -0.231413 375.76 0 0
1500 68.744 -1.54447 17.2775 0.216148 0.046549 375.805 0 0
1500 87.0718 12.3762 17.3245 0.509921 0.212837 375.833 0 0
1500 95.0445 -8.09404 17.5639 0.649089 -0.137857 375.867 0 0
1500 70.5058 72.0832 17.2988 0.238585 1.21749 376.024 0 0
1500 79.9851 -0.554774 18.166 0.464817 0.0566925 376.094 0 0
1500 52.8251 51.0923 17.165 -0.0712021 0.825539 376.099 0 0
1500 68.5582 -33.5509 17.2663 0.168626 -0.58333 376.101 0 0
1500 52.2443 19.1566 17.3567 -0.0817715 0.30816 376.132 0 0
1500 64.2416 72.9601 16.8202 0.139633 1.01134 376.233 0 0
1500 111.327 -41.9886 16.7981 0.673729 -0.597006 376.676 0 0
1500 86.5255 -71.0847 16.7748 0.431605 -0.948321 376.706 0 0
1500 89.0713 33.1998 17.4619 0.559661 0.637949 376.715 0 0
1500 37.3961 -30.9341 16.8434 -0.348566 -0.450595 377.187 0 0
1500 103.697 -15.7208 18.6034 1.04681 -0.330715 377.213 0 0
1500 83.0247 -21.6279 17.8906 0.489951 -0.339989 377.334 0 0
1500 71.1094 43.4149 17.072 0.257853 0.632971 377.484 0 0
1500 67.0705 -41.0638 16.9034 0.0834908 -0.609844 377.821 0 0
1500 55.0564 -0.129447 17.0741 -0.0393653 -0.065589 377.844 0 0
1500 62.8305 -15.3346 17.0785 0.067504 -0.274312 377.997 0 0
1500 80.049 -39.2517 17.2533 0.369827 -0.588431 378.109 0 0
1500 99.0715 -34.5588 16.9083 0.526339 -0.494511 378.171 0 0
1500 80.507 30.782 16.9153 0.309042 0.495151 378.182 0 0
1500 99.3488 26.5089 17.0986 0.630868 0.379961 378.575 0 0
1500 -13.94 20.6193 16.9275 -0.985327 0.283838 378.618 0 0
1500 77.9016 16.0939 17.0718 0.312637 0.287377 378.797 0 0
1500 85.2208 10.9241 16.942 0.385309 0.0933674 378.812 0 0
1500 116.093 -1.27904 17.1628 0.857412 -0.0643731 378.933 0 0
1500 59.9286 -11.8645 18.1565 0.0474029 -0.235545 379.077 0 0
1500 29.7702 -10.8811 16.9086 -0.402935 -0.0982217 379.182 0 0
1500 92.9088 61.3682 16.9489 0.500844 0.825151 379.173 0 0
1500 107.723 -58.2568 16.8941 0.635964 -0.820856 379.222 0 0
1500 17.0818 -51.0091 16.8931 -0.540909 -0.708304 379.375 0 0
1500 115.227 -30.0625 16.9065 0.782463 -0.410998 379.362 0 0
1500 105.948 45.079 16.9846 0.663758 0.610502 379.94 0 0
1500 77.5998 -70.6182 16.9284 0.242442 -0.971795 379.981 0 0
1500 87.6707 13.6926 17.6274 0.466055 0.214505 380.578 0 0
1500 50.4168 -17.0744 17.8993 -0.0717147 -0.267362 380.944 0 0
1500 92.1984 -0.0916303 17.3092 0.571269 -0.0163079 381.05 0 0
1500 72.4242 23.3152 17.5673 0.284659 0.3772 381.153 0 0
1500 108.974 -27.587 18.0018 0.903508 -0.477117 381.223 0 0
1500 100.158 -22.0327 17.1007 0.656967 -0.296328 381.271 0 0
1500 48.7406 27.1634 17.2995 -0.173323 0.420741 381.249 0 0
1500 121.508 2.40698 17.2947 1.01501 0.0720715 381.554 0 0
1500 12.6806 -12.7304 17.0164 -0.698498 -0.16649 381.738 0 0
1500 81.7405 -31.4037 17.0127 0.386258 -0.47406 381.745 0 0
1500 79.0621 6.63722 17.4665 0.389073 0.140062 381.772 0 0
1500 102.616 22.0191 17.3555 0.707171 0.312356 381.792 0 0
1500 67.7957 8.30641 17.5521 0.164915 0.168937 381.81 0 0
1500 94.0223 13.1512 17.1733 0.576532 0.160893 381.842 0 0
1500 47.2002 26.2707 17.0607 -0.218777 0.381611 381.937 0 0
1500 73.0667 1.45534 17.5443 0.329863 0.05284 382.019 0 0
1500 28.8107 30.7023 17.2078 -0.434174 0.461455 382.07 0 0
1500 73.6526 20.5437 17.7641 0.303751 0.33531 382.109 0 0
1500 95.7902 -2.43762 17.4797 0.611724 0.0170298 382.247 0 0
1500 111.286 -5.9683 17.1449 0.79035 -0.127381 382.511 0 0
1500 88.858 9.11737 17.1942 0.493569 0.0771021 382.607 0 0
1500 131.512 30.5244 17.2495 1.12791 0.465607 382.607 0 0
1500 16.2205 56.3348 17.0347 -0.621285 0.784999 382.618 0 0
1500 -16.1586 -1.72555 17.0774 -1.0405 -0.0229276 382.691 0 0
1500 57.1085 -33.0978 17.1949 0.0525177 -0.509107 382.635 0 0
1500 124.823 36.7245 17.0884 0.894149 0.545794 382.732 0 0
1500 102.642 5.98354 18.1028 0.859317 0.128578 382.829 0 0
1500 95.3325 6.91312 17.1178 0.519966 0.114695 382.846 0 0
1500 89.0717 -27.0153 17.2316 0.490039 -0.426786 382.943 0 0
1500 76.056 2.92318 17.2124 0.289746 0.107743 382.935 0 0
1500 68.2503 26.3256 17.407 0.224261 0.416267 383.057 0 0
1500 76.2881 -20.7825 17.0816 0.216917 -0.318302 383.085 0 0
1500 61.066 25.6829 17.2168 0.0796963 0.425179 383.129 0 0
1500 95.749 22.1216 17.3965 0.694519 0.360578 383.128 0 0
1500 100.304 1.03777 18.212 0.791185 0.0776975 383.205 0 0
1500 22.8556 20.6134 17.4705 -0.519285 0.351697 383.182 0 0
1500 69.4213 6.00193 17.6694 0.200902 0.130108 383.34 0 0
1500 77.097 35.9922 17.0939 0.327321 0.537167 383.387 0 0
1500 70.98 -51.5183 17.2476 0.238935 -0.75811 383.531 0 0
1500 89.9316 22.2225 17.1068 0.453676 0.298048 383.645 0 0
1500 -34.5975 -16.2824 17.3658 -1.44958 -0.30467 383.873 0 0
1500 88.4583 45.6046 17.1139 0.481079 0.664443 384.168 0 0
1500 32.0725 -13.4646 17.5671 -0.424355 -0.248122 384.27 0 0
1500 105.065 -12.3331 18.2991 0.923662 -0.259268 384.266 0 0
1500 94.0582 -46.4411 17.1402 0.539533 -0.692496 384.333 0 0
1500 55.531 5.05956 17.9571 0.0172097 0.0362741 384.463 0 0
1500 44.9185 -8.28724 17.6965 -0.149836 -0.16424 384.554 0 0
1500 92.4773 -39.8021 17.4445 0.56677 -0.719184 384.543 0 0
1500 13.3463 -53.1479 17.37 -0.684624 -0.787133 384.823 0 0
1500 27.1925 119.039 17.17 -0.428377 1.76658 384.857 0 0
1500 64.024 17.849 18.5038 0.190829 0.341141 384.928 0 0
1500 39.8238 39.1 17.4867 -0.309213 0.597913 385.165 0 0
1500 29.0936 -50.0195 17.2428 -0.408375 -0.748914 385.233 0 0
1500 32.7946 24.5754 17.6704 -0.39688 0.378232 385.281 0 0
1500 68.8767 17.1713 17.5654 0.258326 0.270643 385.348 0 0
1500 122.296 -28.2297 17.1537 0.931728 -0.351068 385.55 0 0
1500 68.4027 21.9274 17.2351 0.143075 0.379578 385.656 0 0
1500 61.6434 22.8976 17.6387 0.101384 0.336134 385.869 0 0
1500 58.4069 26.0125 17.3377 -0.00926702 0.425357 386.003 0 0
1500 106.871 3.33514 17.4604 0.745756 0.10179 386.015 0 0
1500 52.6735 24.0019 17.3165 -0.0228302 0.387585 386.102 0 0
1500 93.0466 22.9523 17.351 0.526569 0.385866 386.215 0 0
1500 67.7937 3.12636 17.7031 0.145901 0.0845059 386.352 0 0
1500 65.7563 48.6345 17.3248 0.0661163 0.792059 386.389 0 0
1500 96.7427 2.66847 18.1207 0.673318 0.0852784 386.72 0 0
1500 131.092 11.0375 17.1967 1.03264 0.179151 386.875 0 0
1500 82.9102 10.1244 17.4603 0.456163 0.110747 386.908 0 0
1500 59.9837 19.913 17.8449 0.0245754 0.405146 386.909 0 0
1500 80.295 -24.6182 17.3993 0.312226 -0.411278 387.242 0 0
1500 55.9374 -16.3264 17.6158 -0.0466118 -0.210326 387.349 0 0
1500 88.3559 -9.03243 18.2818 0.600541 -0.132495 387.486 0 0
1500 13.182 44.2844 17.2798 -0.619878 0.676956 387.57 0 0
1500 78.4486 -1.87895 17.4227 0.332735 0.0400708 387.561 0 0
1500 62.4584 63.411 17.3867 0.0992941 0.929662 387.663 0 0
1500 22.0026 22.1964 17.5195 -0.59924 0.308408 387.624 0 0
1500 52.0689 18.6675 17.6906 -0.0896991 0.279518 387.706 0 0
1500 51.3219 44.6677 17.5299 -0.149456 0.701569 387.936 0 0
1500 69.4089 72.6443 17.2479 0.205595 0.982662 388.295 0 0
1500 45.8909 -35.9962 17.6042 -0.183006 -0.597346 388.285 0 0
1500 66.5584 14.8484 17.4745 0.0633014 0.25479 388.408 0 0
1500 85.9769 -27.0203 17.7814 0.427663 -0.43127 388.413 0 0
1500 80.9876 78.8363 17.3859 0.397929 1.20213 388.57 0 0
1500 93.0124 -0.853185 18.2844 0.660265 -0.037741 388.69 0 0
1500 150.391 42.6467 17.3198 1.35796 0.685138 388.7 0 0
1500 129.115 39.9627 17.4003 1.14121 0.56535 388.828 0 0
1500 93.712 -13.4786 17.5332 0.579428 -0.139777 388.876 0 0
1500 98.281 32.3995 17.5274 0.709448 0.484992 388.877 0 0
1500 63.3178 -18.8541 18.0159 0.0921314 -0.267317 389.01 0 0
1500 65.2337 22.7752 17.7482 0.11149 0.324718 389.03 0 0
1500 92.8009 1.10512 17.6692 0.578919 0.063558 389.192 0 0
1500 70.4627 18.1145 17.6495 0.250203 0.309244 389.263 0 0
1500 59.6138 51.0315 17.3409 -0.00291178 0.775422 389.314 0 0
1500 6.4676 -43.4137 17.3998 -0.748006 -0.703812 389.293 0 0
1500 117.365 -37.4433 17.7067 1.05078 -0.665804 389.249 0 0
1500 93.4228 41.2993 17.3426 0.468661 0.638828 389.392 0 0
1500 121.237 0.498725 17.3289 0.932612 -0.0585166 389.464 0 0
1500 77.041 -2.05523 17.9718 0.381405 -0.0874162 389.478 0 0
1500 68.7753 -4.68427 17.4501 0.198256 -0.0910777 389.585 0 0
1500 105.24 18.6578 17.6346 0.757664 0.245962 389.614 0 0
1500 50.7775 -37.7825 17.5329 -0.0970675 -0.592267 389.621 0 0
1500 23.5618 29.7008 17.6752 -0.547906 0.432894 389.779 0 0
1500 87.2275 -41.9748 17.4145 0.388732 -0.648268 389.861 0 0
1500 108.395 8.93239 17.6864 0.78532 0.169687 390.009 0 0
1500 83.4312 24.0113 17.4273 0.442674 0.344231 390.003 0 0
1500 53.308 -7.35508 18.2282 -0.00165397 -0.133006 390.061 0 0
1500 105.393 20.5126 17.3308 0.659114 0.292047 390.351 0 0
1500 68.9533 32.3509 17.4001 0.167296 0.531278 390.385 0 0
1500 90.7029 26.0141 18.3192 0.70994 0.483829 390.368 0 0
1500 55.1377 7.09331 17.3403 -0.0905268 0.0464202 390.395 0 0
1500 90.2963 5.80415 17.8585 0.505277 0.100224 390.44 0 0
1500 103.151 -17.954 17.3413 0.628557 -0.197906 390.596 0 0
1500 89.848 -49.4972 17.5464 0.447643 -0.813859 390.647 0 0
1500 77.0688 4.99963 17.4621 0.262435 0.139795 390.94 0 0
1500 90.1208 -23.0204 17.9594 0.515823 -0.381441 391.25 0 0
1500 17.2038 10.0477 17.3521 -0.632493 0.088152 391.243 0 0
1500 102.433 -2.47322 17.7689 0.717357 -0.0787035 391.319 0 0
1500 45.9937 -34.5874 17.7371 -0.209852 -0.607336 391.319 0 0
1500 62.6483 18.3745 17.8146 0.118949 0.283581 391.42 0 0
1500 94.2981 -43.262 18.3591 0.747522 -0.774279 391.485 0 0
1500 65.6399 4.59679 17.3856 0.149765 0.0876806 391.593 0 0
1500 66.9004 0.870296 17.3857 0.165586 0.0408955 391.595 0 0
1500 78.171 1.28518 17.7823 0.318533 -0.0402729 391.626 0 0
1500 39.9057 66.8912 17.462 -0.254575 0.974935 391.651 0 0
1500 55.0518 -10.5461 17.683 -0.0342517 -0.214031 391.825 0 0
1500 96.4459 22.9257 17.6578 0.576388 0.390257 391.951 0 0
1500 82.9465 28.3939 18.5941 0.541122 0.560988 392.078 0 0
1500 33.0385 51.4642 17.5071 -0.39865 0.746087 392.205 0 0
1500 129.877 119.877 17.3626 1.01677 1.73328 392.394 0 0
1500 81.0296 28.8696 17.4387 0.380593 0.469544 392.401 0 0
1500 44.573 -46.3563 17.6463 -0.207747 -0.699409 392.759 0 0
1500 38.2057 66.1723 17.4509 -0.260844 0.977471 392.904 0 0
1500 94.9824 -4.69872 17.882 0.643482 -0.0518401 392.949 0 0
1500 56.2572 -17.3519 18.3262 0.050748 -0.361308 393.043 0 0
1500 92.046 13.1439 17.7 0.494438 0.215377 393.098 0 0
1500 45.6488 71.6432 17.4474 -0.187689 1.00832 393.214 0 0
1500 90.1125 -15.667 17.9095 0.537576 -0.282212 393.183 0 0
1500 69.9986 18.4905 18.3581 0.260799 0.278494 393.325 0 0
1500 71.8449 -9.90079 18.5057 0.340103 -0.143044 393.565 0 0
1500 90.8056 -56.3325 17.7847 0.528416 -0.905416 393.627 0 0
1500 22.212 16.4803 17.5897 -0.612943 0.229765 393.886 0 0
1500 103.275 0.188715 17.8364 0.741301 -0.0367935 393.996 0 0
1500 97.447 -32.8014 17.7507 0.645741 -0.502535 394.191 0 0
1500 17.2231 106.988 17.447 -0.580092 1.57699 394.406 0 0
1500 78.6468 7.83008 18.1758 0.383796 0.0590108 394.459 0 0
1500 72.0225 -53.2066 17.6492 0.202411 -0.881161 394.443 0 0
1500 48.0653 -6.95281 17.7856 -0.173512 -0.105018 395.117 0 0
1500 107.241 16.7674 17.9892 0.804769 0.267204 395.369 0 0
1500 117.122 52.0181 17.465 0.79479 0.749236 395.402 0 0
1500 54.9805 -14.2761 17.5615 0.0113209 -0.263476 395.437 0 0
1500 32.3928 66.9268 17.4822 -0.382042 0.976091 395.533 0 0
1500 93.8931 8.74051 17.7316 0.551546 0.195426 395.512 0 0
1500 98.3632 -7.93758 17.5915 0.649657 -0.0706735 395.562 0 0
1500 70.7911 -20.5618 17.6241 0.26641 -0.329387 395.571 0 0
1500 70.8486 -21.8842 18.0899 0.196086 -0.320494 395.575 0 0
1500 79.2024 20.8704 17.5595 0.278424 0.327464 395.639 0 0
1500 81.6251 -14.8309 17.5259 0.410243 -0.249918 395.68 0 0
1500 144.601 -22.0445 17.7353 1.37521 -0.349978 395.68 0 0
1500 31.1822 -28.171 17.6882 -0.488202 -0.405027 395.88 0 0
1500 79.5628 -4.83512 17.8548 0.343587 -0.00536833 395.954 0 0
1500 55.2046 5.02697 17.5754 -0.0253125 0.126249 396.018 0 0
1500 51.5332 68.2684 17.5825 -0.0794329 1.01414 396.082 0 0
1500 53.5385 16.9284 17.7629 -0.0343658 0.33427 396.167 0 0
1500 0.613242 9.39446 17.4787 -0.811447 0.0915394 396.206 0 0
1500 69.4059 -35.437 17.6087 0.246833 -0.547115 396.323 0 0
1500 113.776 -9.906 17.7828 0.970577 -0.110703 396.536 0 0
1500 86.3265 -1.94725 18.6261 0.571624 0.0265411 396.552 0 0
1500 64.187 71.958 17.5228 0.130785 1.02647 396.604 0 0
1500 39.0039 37.1514 17.7334 -0.274388 0.593608 396.582 0 0
1500 62.7092 -47.7467 17.8368 0.0558837 -0.778242 397.096 0 0
1500 88.6178 -49.4572 17.5437 0.500847 -0.736675 397.185 0 0
1500 19.282 3.38663 17.5169 -0.559398 0.0127311 397.258 0 0
1500 48.516 -47.939 17.7911 -0.113428 -0.747192 397.24 0 0
1500 85.9592 -79.577 17.5574 0.402479 -1.16311 397.431 0 0
1500 72.5787 48.418 17.5433 0.21285 0.766421 397.499 0 0
1500 84.7372 7.39517 17.5572 0.464447 0.110351 397.475 0 0
1500 100.017 -17.7476 17.743 0.661664 -0.356532 397.712 0 0
1500 72.0911 56.8009 17.6074 0.202607 0.875242 397.761 0 0
1500 71.8955 16.0463 17.8868 0.268159 0.297138 397.798 0 0
1500 50.3131 -7.43296 17.7085 -0.161149 -0.126745 397.799 0 0
1500 70.6385 -4.02192 17.7783 0.175723 -0.10997 397.987 0 0
1500 81.1375 -15.9221 17.652 0.369191 -0.198738 397.857 0 0
1500 45.7311 -21.6249 17.6768 -0.191615 -0.380119 398.05 0 0
1500 37.2584 -3.21251 17.662 -0.318508 0.0198001 398.191 0 0
1500 89.0104 6.16561 18.9442 0.65738 0.0990732 398.244 0 0
1500 66.4823 15.8321 17.7562 0.0897015 0.271011 398.264 0 0
1500 92.0425 -28.0282 18.0091 0.623116 -0.520638 398.27 0 0
1500 100.66 -4.2844 17.651 0.678158 -0.112195 398.39 0 0
1500 101.996 9.3748 17.7106 0.709409 0.174141 398.478 0 0
1500 17.9124 36.1062 17.5624 -0.638393 0.483647 398.641 0 0
1500 24.8159 -28.3753 17.682 -0.490721 -0.473754 398.684 0 0
1500 63.7499 34.5911 17.6167 0.156785 0.552856 398.713 0 0
1500 34.0232 26.1864 17.692 -0.35264 0.359608 398.74 0 0
1500 128.718 -0.708109 17.609 1.03348 -0.0628537 398.842 0 0
1500 116.585 15.6831 17.7068 0.907627 0.249016 398.93 0 0
1500 45.2801 51.5499 17.5866 -0.173357 0.810605 398.908 0 0
1500 127.027 -14.9963 17.6122 1.00776 -0.260436 399.004 0 0
1500 110.135 10.9435 17.5836 0.821779 0.155478 398.959 0 0
1500 109.307 -15.3697 17.6186 0.735432 -0.291984 399.021 0 0
1500 110.277 32.0971 17.6724 0.846548 0.550963 399.074 0 0
1500 57.2081 -0.168365 17.7577 -0.00759991 -0.0726597 399.093 0 0
1500 27.6839 -50.1596 17.569 -0.493984 -0.751147 399.186 0 0
1500 115.424 25.9989 17.5585 0.819859 0.426718 399.246 0 0
1500 43.3055 -22.7452 17.9849 -0.290524 -0.362345 399.331 0 0
1500 49.5903 -9.52273 17.621 -0.156914 -0.203576 399.432 0 0
1500 84.0819 22.0226 19.0142 0.65314 0.479888 399.471 0 0
1500 93.3739 0.371088 17.8382 0.573638 -0.0591492 399.598 0 0
1500 59.9574 40.0609 17.82 0.0631013 0.713116 399.659 0 0
1500 61.0112 -31.612 17.6233 0.0109736 -0.525158 399.854 0 0
1500 51.8373 53.2009 17.6742 -0.111246 0.823026 399.902 0 0
1500 88.1968 11.6849 17.8705 0.540359 0.184933 400.029 0 0
1500 61.1486 0.163982 17.8376 0.0742163 -0.0610997 400.125 0 0
1500 18.3725 -15.2765 17.6261 -0.608646 -0.284749 400.253 0 0
1500 119.179 18.4543 17.5836 0.858226 0.316884 400.4 0 0
1500 125.48 6.00265 17.5824 1.00948 0.0479537 400.416 0 0
1500 72.52 46.1982 17.7524 0.18276 0.74622 400.415 0 0
1500 25.033 60.0914 17.6092 -0.453378 0.912372 400.491 0 0
1500 78.3008 -63.546 17.6391 0.283985 -0.96247 400.557 0 0
1500 83.1498 -47.7457 17.6403 0.332439 -0.749465 400.547 0 0
1500 125.369 -24.4877 17.735 1.06709 -0.441745 400.555 0 0
1500 102.553 6.69094 17.6747 0.654467 0.0776947 400.619 0 0
1500 75.458 -12.365 18.53 0.425864 -0.20236 400.793 0 0
1500 62.9939 -41.3829 17.8253 0.053557 -0.648517 400.714 0 0
1500 100.441 18.0561 17.6533 0.683142 0.224085 400.787 0 0
1500 43.384 25.7366 17.8581 -0.257963 0.375031 400.809 0 0
1500 20.7928 49.3308 17.6045 -0.591707 0.714091 400.871 0 0
1500 94.6549 -12.5482 18.5083 0.656977 -0.238245 400.886 0 0
1500 77.4604 -65.662 17.6444 0.27095 -0.987719 400.879 0 0
1500 7.93799 49.7835 17.5618 -0.742917 0.737775 400.95 0 0
1500 81.1434 -6.84948 17.9524 0.4334 -0.0519341 400.92 0 0
1500 85.5828 -2.36854 18.5317 0.564134 -0.0639961 401.008 0 0
1500 62.4325 -22.7684 17.9809 0.124433 -0.398291 401.088 0 0
1500 1.52556 40.6614 17.6004 -0.828463 0.62513 401.138 0 0
1500 53.0797 -25.0537 17.6849 -0.137211 -0.356611 401.159 0 0
1500 116.733 -10.2046 17.6954 0.973743 -0.199216 401.132 0 0
1500 72.5483 26.2711 17.8192 0.209052 0.488849 401.132 0 0
1500 115.151 -40.8173 17.5973 0.854016 -0.603707 401.258 0 0
1500 73.9366 7.0491 17.8551 0.333394 0.119225 401.342 0 0
1500 31.4757 64.5523 17.6157 -0.356783 0.944641 401.43 0 0
1500 -13.0863 -6.12799 17.6095 -1.04029 -0.118755 401.577 0 0
1500 125.593 -21.294 17.6037 0.994719 -0.330707 401.584 0 0
1500 7.87151 45.2866 17.6589 -0.766755 0.629256 401.472 0 0
1500 66.3423 37.3495 17.6864 0.0576755 0.558883 401.51 0 0
1500 100.191 12.2052 18.3294 0.747824 0.16587 401.655 0 0
1500 92.9526 -17.8744 17.8501 0.524307 -0.276357 401.594 0 0
1500 40.5019 -35.7955 17.6869 -0.320158 -0.511251 401.617 0 0
1500 79.2071 24.1996 17.6964 0.392462 0.345812 401.693 0 0
1500 129.55 3.35565 17.607 1.04711 0.0105102 401.749 0 0
1500 -9.84233 -3.38771 17.6648 -1.01044 -0.0540417 401.831 0 0
1500 108.383 52.841 17.6724 0.78476 0.846389 401.798 0 0
1500 123.147 -27.8875 17.61 0.956781 -0.420194 401.892 0 0
1500 13.6239 -53.8238 17.6099 -0.648393 -0.815564 401.902 0 0
1500 54.0017 -0.0829006 17.7755 -0.0389393 0.0726581 401.974 0 0
1500 93.6728 -39.1683 17.6084 0.54811 -0.631481 402.075 0 0
1500 69.1577 -1.67626 17.6591 0.234621 -0.0568763 402.063 0 0
1500 22.6827 -56.239 17.6428 -0.50212 -0.915799 402.132 0 0
1500 127.053 -40.1183 17.8305 1.12227 -0.654454 402.115 0 0
1500 88.1437 -58.1748 17.6362 0.415247 -0.894444 402.18 0 0
1500 36.8514 31.7405 17.6532 -0.272011 0.530575 402.169 0 0
1500 82.6724 3.11488 18.0862 0.416706 0.11621 402.252 0 0
1500 92.752 -16.0872 17.9722 0.610688 -0.25128 402.275 0 0
1500 12.8518 -24.6985 17.6265 -0.71438 -0.311782 402.316 0 0
1500 82.5738 2.86722 17.7474 0.361528 0.114994 402.492 0 0
1500 102.308 31.7776 17.9305 0.770028 0.613608 402.769 0 0
1500 96.5729 -7.23499 18.5442 0.757992 -0.0825206 402.805 0 0
1500 -44.2199 66.4861 17.6556 -1.58948 0.998757 402.849 0 0
1500 99.98 37.3095 18.1004 0.732339 0.596785 402.883 0 0
1500 100.862 13.4007 17.871 0.702506 0.239379 402.986 0 0
1500 9.01147 24.5112 17.6905 -0.768085 0.326755 403.073 0 0
1500 62.9751 -30.4997 17.8043 0.0231634 -0.473215 402.928 0 0
1500 77.5619 3.75872 17.7667 0.31704 0.0875827 403.108 0 0
1500 53.8537 39.1668 17.7487 -0.0630051 0.646606 403.082 0 0
1500 75.5033 15.6635 17.908 0.260903 0.265064 403.195 0 0
1500 129.031 3.55842 17.6418 1.04805 0.0130975 403.183 0 0
1500 108.258 36.9602 18.1083 0.863823 0.602186 403.299 0 0
1500 60.7132 -7.95407 18.5575 0.111051 -0.152898 403.347 0 0
1500 82.0563 38.7203 17.737 0.318352 0.573262 403.401 0 0
1500 67.9531 46.1681 17.7503 0.143067 0.74515 403.465 0 0
1500 270.508 -2.06823 17.6882 3.26568 -0.0754218 403.518 0 0
1500 66.4392 -27.0342 17.9279 0.167206 -0.490249 403.247 0 0
1500 17.6662 52.086 17.7039 -0.635832 0.751971 403.569 0 0
1500 102.168 -25.7469 18.0128 0.735754 -0.491688 403.579 0 0
1500 68.2221 -12.5455 17.9647 0.220602 -0.193544 403.65 0 0
1500 13.9634 -55.4998 17.6729 -0.64058 -0.827692 403.705 0 0
1500 119.131 14.2538 17.6566 0.8778 0.156509 403.843 0 0
1500 121.802 -11.7866 17.665 0.955346 -0.108025 403.899 0 0
1500 99.932 -12.5482 17.6817 0.674545 -0.228602 403.82 0 0
1500 88.744 -19.1029 17.7193 0.446978 -0.360731 403.925 0 0
1500 69.0068 -11.9583 18.2643 0.234569 -0.23749 404.136 0 0
1500 -8.71494 -17.878 17.7125 -1.00147 -0.240176 404.223 0 0
1500 103.5 -36.7836 17.8336 0.711673 -0.590127 404.051 0 0
1500 91.7911 -36.5984 17.8397 0.542916 -0.596015 404.093 0 0
1500 90.491 12.176 18.0181 0.589772 0.181231 404.265 0 0
1500 61.5348 -47.937 17.9476 0.0313437 -0.782645 404.02 0 0
1500 70.236 7.22183 17.7827 0.253951 0.156161 404.287 0 0
1500 67.0911 -12.8095 18.3612 0.239667 -0.204093 404.442 0 0
1500 44.2633 20.9089 17.9374 -0.168754 0.329596 404.437 0 0
1500 106.527 -26.5897 17.8418 0.752407 -0.448647 404.459 0 0
1500 35.6123 8.83274 18.0238 -0.419916 0.168225 404.462 0 0
1500 11.3344 14.9514 17.702 -0.771158 0.2961 404.483 0 0
1500 126.533 -10.699 17.6679 1.03415 -0.137397 404.631 0 0
1500 71.92 1.57901 17.7655 0.280517 -0.0189458 404.673 0 0
1500 115.816 40.1944 17.6624 0.88069 0.533032 404.687 0 0
1500 -9.73723 -81.878 17.7971 -1.06627 -1.29618 404.699 0 0
1500 88.1666 -7.50564 18.4897 0.511328 -0.148164 404.859 0 0
1500 92.84 -31.4532 17.781 0.517347 -0.460366 404.868 0 0
1500 97.5285 -24.133 17.6862 0.579646 -0.3538 404.893 0 0
1500 90.5847 -36.1061 17.9635 0.509296 -0.681021 404.914 0 0
1500 105.961 3.77656 17.939 0.773551 -0.00400839 405.122 0 0
1500 30.8463 2.41864 17.9242 -0.505093 0.0336499 405.047 0 0
1500 46.7386 37.0641 17.7217 -0.139852 0.5531 405.188 0 0
1500 105.206 -52.7186 17.6828 0.723423 -0.751121 405.241 0 0
1500 27.2689 -4.7282 17.6854 -0.469158 -0.0800935 405.282 0 0
1500 94.5803 11.2471 17.6983 0.537754 0.113926 405.296 0 0
1500 68.2607 43.2207 17.9591 0.209604 0.699497 405.349 0 0
1500 82.3521 51.3337 17.8226 0.399147 0.810892 405.427 0 0
1500 112.392 12.8494 17.6606 0.790803 0.161746 405.45 0 0
1500 41.4382 8.1825 18.0143 -0.283222 0.132552 405.49 0 0
1500 60.5098 -17.4025 17.7551 0.0603959 -0.287757 405.509 0 0
1500 84.4831 -42.5443 17.716 0.444217 -0.683971 405.53 0 0
1500 77.4251 -24.8727 17.7623 0.253261 -0.390762 405.735 0 0
1500 86.744 -15.923 18.2701 0.525773 -0.291863 405.868 0 0
1500 79.6933 14.2953 18.1082 0.384925 0.207952 406.018 0 0
1500 85.0862 13.9246 18.5192 0.480429 0.266897 406.064 0 0
1500 36.7805 -85.3762 17.6564 -0.244516 -1.25153 406.061 0 0
1500 97.3601 -49.7869 17.6599 0.594488 -0.791869 406.104 0 0
1500 89.4096 -41.6103 17.7643 0.532133 -0.654844 406.139 0 0
1500 124.089 25.9335 17.6945 0.990471 0.333595 406.373 0 0
1500 100.803 -54.7294 17.735 0.631658 -0.836555 406.335 0 0
1500 66.4059 60.1106 17.7887 0.0843152 0.92832 406.279 0 0
1500 -21.407 58.425 17.7807 -1.23158 0.914033 406.307 0 0
1500 72.2556 -14.7664 17.9467 0.272598 -0.211795 406.608 0 0
1500 57.5244 -17.5481 17.9988 -0.0445466 -0.244789 406.573 0 0
1500 -10.4013 -9.89004 17.7072 -1.02483 -0.190405 406.617 0 0
1500 83.3479 -36.9113 18.0364 0.476014 -0.577501 406.646 0 0
1500 57.291 -40.223 17.7851 -0.0122115 -0.598711 406.882 0 0
1500 137.892 11.4639 17.9287 1.31197 0.183891 406.94 0 0
1500 60.4196 -42.6192 17.7518 0.00210775 -0.621301 406.982 0 0
1500 23.7202 -25.0754 17.7519 -0.48364 -0.389078 406.984 0 0
1500 65.5381 -22.277 18.4094 0.170746 -0.38754 406.961 0 0
1500 80.8931 -14.2609 18.4092 0.392321 -0.271208 407.057 0 0
1500 102.518 1.55087 18.3192 0.790777 0.0992792 407.079 0 0
1500 49.9503 -46.6895 18.2947 -0.093908 -0.82236 407.095 0 0
1500 70.5365 7.67099 18.3104 0.266646 0.0657256 407.192 0 0
1500 34.9782 32.5152 17.9963 -0.371217 0.508711 407.259 0 0
1500 67.3064 7.52821 17.8496 0.210522 0.166803 407.329 0 0
1500 124.816 16.5092 17.7391 1.0187 0.244854 407.367 0 0
1500 40.5964 -15.4946 18.1381 -0.272061 -0.252275 407.439 0 0
1500 72.4184 -48.3494 17.808 0.288182 -0.755678 407.486 0 0
1500 102.959 43.0971 17.8163 0.70503 0.746391 407.483 0 0
1500 75.6664 -19.1522 17.7691 0.20235 -0.308301 407.567 0 0
1500 64.4499 -14.9136 17.8769 0.0815495 -0.258501 407.552 0 0
1500 -13.2821 59.7772 17.7419 -1.10019 0.939728 407.562 0 0
1500 79.5518 8.00543 17.8483 0.394424 0.173459 407.543 0 0
1500 79.3184 -4.40268 18.1643 0.446752 -0.0661293 407.623 0 0
1500 108.496 -31.6125 17.7222 0.806123 -0.432582 407.677 0 0
1500 92.0826 -3.55163 18.6678 0.682129 6.71221e-05 407.731 0 0
1500 80.1823 9.62811 18.0667 0.423817 0.198359 407.76 0 0
1500 70.1178 42.4159 17.729 0.212875 0.704197 407.773 0 0
1500 44.6345 -13.2909 18.1864 -0.240244 -0.227245 407.851 0 0
1500 -1.59054 45.4521 17.8585 -0.935306 0.735356 407.885 0 0
1500 99.3254 -16.7548 18.2379 0.720648 -0.288527 407.965 0 0
1500 160.461 -0.898175 17.7676 1.62873 0.0027435 408.035 0 0
1500 1.22347 -71.2759 17.7977 -0.969205 -1.13336 408.004 0 0
1500 102.022 14.588 18.5094 0.767783 0.263117 408.069 0 0
1500 80.1497 60.7518 17.7262 0.368772 0.939712 408.079 0 0
1500 25.1958 11.9253 17.9271 -0.527579 0.21674 408.057 0 0
1500 94.2058 19.701 17.9126 0.611991 0.307154 408.1 0 0
1500 87.9144 22.7606 18.0584 0.467432 0.347967 408.271 0 0
1500 95.9694 -3.70993 18.2599 0.675195 -0.103962 408.294 0 0
1500 47.2113 3.06121 17.8364 -0.169536 0.120523 408.338 0 0
1500 132.561 -21.4353 17.7884 1.22225 -0.377902 408.394 0 0
1500 80.6725 -22.7234 17.8501 0.401593 -0.401906 408.509 0 0
1500 139.379 7.30432 17.9033 1.34929 0.105135 408.537 0 0
1500 34.7367 -13.1858 18.0687 -0.430703 -0.263103 408.466 0 0
1500 84.7849 32.1846 17.8819 0.395087 0.551053 408.627 0 0
1500 66.3247 -15.0095 17.7985 0.199838 -0.265824 408.651 0 0
1500 45.5935 8.85598 18.056 -0.211912 0.101366 408.735 0 0
1500 123.063 40.3043 17.698 1.01669 0.550787 408.76 0 0
1500 48.6139 25.5414 17.8664 -0.192041 0.350126 408.747 0 0
1500 56.5226 51.125 17.9252 -0.0589908 0.793503 408.797 0 0
1500 16.3687 31.0159 17.9252 -0.651226 0.495654 408.9 0 0
1500 27.4443 39.7503 17.9253 -0.488652 0.625533 408.788 0 0
1500 109.067 8.29469 17.8449 0.823876 0.174547 408.786 0 0
1500 115.987 -39.8062 17.8041 0.976887 -0.589211 409.011 0 0
1500 84.295 -17.9625 17.8191 0.421223 -0.246291 409.12 0 0
1500 -8.21569 -68.7412 17.6962 -0.950656 -1.06417 409.119 0 0
1500 96.881 -52.596 17.8132 0.634972 -0.799125 409.128 0 0
1500 76.1597 3.60305 18.0689 0.32071 0.00409796 409.197 0 0
1500 44.5245 32.5191 17.8332 -0.184473 0.495906 409.295 0 0
1500 100.022 15.6587 17.7567 0.626418 0.181815 409.413 0 0
1500 60.885 69.2554 17.7378 0.0871344 1.04292 409.423 0 0
1500 95.551 22.8337 17.7941 0.636636 0.306191 409.467 0 0
1500 -6.94238 -27.4414 17.6935 -0.933542 -0.461955 409.508 0 0
1500 88.3916 -52.8549 17.7042 0.441961 -0.796645 409.543 0 0
1500 72.5475 0.828677 17.7541 0.249687 0.0378168 409.631 0 0
1500 116.801 23.5442 17.7756 0.889679 0.338878 409.754 0 0
1500 175.774 -0.320773 17.7357 1.80086 -0.0470265 409.769 0 0
1500 45.237 34.0053 18.0557 -0.178789 0.573465 409.703 0 0
1500 96.657 -30.5671 17.9289 0.58487 -0.526355 409.794 0 0
1500 113.003 1.21408 17.7817 0.822803 0.0277396 409.858 0 0
1500 51.5265 53.1858 17.8295 -0.101375 0.861467 409.975 0 0
1500 83.4497 -46.487 18.0721 0.410573 -0.801082 409.994 0 0
1500 74.295 15.4919 17.8605 0.240115 0.269755 410.101 0 0
1500 125.62 -16.518 17.71 0.995617 -0.308923 410.031 0 0
1500 52.658 -67.4171 17.803 -0.029626 -1.03556 410.379 0 0
1500 134.085 15.0677 17.878 1.29315 0.299508 410.393 0 0
1500 81.3317 23.4564 18.3618 0.372794 0.388526 410.744 0 0
1500 9.97165 -40.9235 17.8615 -0.718581 -0.66505 410.888 0 0
1500 49.7701 -2.08319 18.1213 -0.157405 -0.0221717 410.834 0 0
1500 97.5345 54.7536 17.8535 0.632496 0.834586 411.003 0 0
1500 123.021 -17.3854 17.7178 1.00935 -0.217644 411.012 0 0
1500 81.0921 -1.46834 18.1094 0.388587 0.0526544 410.999 0 0
1500 79.5263 14.4496 18.3691 0.360583 0.24839 411.071 0 0
1500 67.7895 -47.7345 17.7699 0.211442 -0.778983 411.064 0 0
1500 98.2051 -43.7258 18.0093 0.639785 -0.707174 411.209 0 0
1500 47.5453 -11.2219 17.9998 -0.1397 -0.206993 411.188 0 0
1500 48.8014 59.2453 17.8888 -0.127854 0.941669 411.274 0 0
1500 3.02263 90.2785 17.7462 -0.83275 1.46653 411.291 0 0
1500 92.6662 -7.3267 18.2837 0.575612 -0.116974 411.452 0 0
1500 87.966 11.9744 18.2159 0.523397 0.247787 411.449 0 0
1500 37.5991 -25.2928 17.9871 -0.364802 -0.367068 411.398 0 0
1500 88.9385 73.3592 17.9538 0.581914 1.20128 411.407 0 0
1500 67.889 7.11669 18.2758 0.225969 0.176917 411.491 0 0
1500 15.6497 8.15129 18.5663 -0.885585 0.072564 411.631 0 0
1500 86.7378 24.6657 18.3653 0.609545 0.420442 411.671 0 0
1500 4.2852 -42.4419 17.823 -0.836232 -0.625551 411.736 0 0
1500 82.2247 30.1429 18.2147 0.436951 0.5139 411.715 0 0
1500 45.7444 -56.9419 17.7301 -0.132618 -0.899277 411.718 0 0
1500 122.153 19.5624 18.2834 1.13589 0.326174 411.835 0 0
1500 66.2693 -11.3836 18.4029 0.241913 -0.232098 411.886 0 0
1500 90.4047 9.82464 18.3247 0.552472 0.142617 411.997 0 0
1500 61.7029 40.9775 17.9853 0.117823 0.676668 412.03 0 0
1500 65.5985 -33.8994 17.8616 0.059348 -0.599246 412.06 0 0
1500 19.2879 5.17185 17.781 -0.590465 0.0392447 412.1 0 0
1500 105.341 5.72706 18.3692 0.809187 0.140317 412.199 0 0
1500 81.3291 -18.9378 18.0534 0.351865 -0.348807 412.226 0 0
1500 105.394 3.35619 18.2443 0.813937 0.0065072 412.344 0 0
1500 100.815 -1.92415 18.1419 0.766227 -0.0518951 412.337 0 0
1500 75.4825 -26.1715 18.1953 0.326088 -0.528917 412.324 0 0
1500 65.3442 -14.5278 18.2833 0.116332 -0.241426 412.466 0 0
1500 115.556 -25.0546 17.7311 0.896396 -0.420873 412.398 0 0
1500 47.9003 18.4522 17.9661 -0.196604 0.304394 412.475 0 0
1500 45.5082 11.6612 17.9666 -0.232867 0.20232 412.408 0 0
1500 103.561 -32.9845 17.7576 0.748154 -0.540956 412.395 0 0
1500 67.3043 -2.03063 18.3843 0.210317 -0.0876589 412.62 0 0
1500 88.7309 11.377 18.3831 0.595891 0.132364 412.652 0 0
1500 59.5745 -8.6494 17.8539 0.0843492 -0.154199 412.755 0 0
1500 84.2221 1.56016 18.3031 0.529459 0.0357551 413.012 0 0
1500 2.77312 -5.22491 17.8315 -0.863513 -0.150687 412.909 0 0
1500 -20.5255 22.6573 17.8251 -1.26942 0.345222 413 0 0
1500 40.1203 65.1141 17.845 -0.258713 0.992692 413.084 0 0
1500 123.85 4.33333 17.7768 1.01509 0.115105 413.093 0 0
1500 24.2083 -46.3341 17.9091 -0.531164 -0.733205 413.034 0 0
1500 65.2318 8.22292 17.8009 0.15615 0.193984 413.044 0 0
1500 30.6235 -13.7285 18.034 -0.44944 -0.202468 413.144 0 0
1500 86.0867 -1.83368 18.1255 0.491546 -0.0966802 413.255 0 0
1500 74.8533 -24.3645 18.2437 0.365128 -0.410149 413.363 0 0
1500 113.743 -2.29814 17.9185 0.876474 -0.0994231 413.432 0 0
1500 97.1739 11.822 18.3005 0.713769 0.185104 413.605 0 0
1500 102.44 -27.765 17.8795 0.699058 -0.473866 413.541 0 0
1500 55.1822 9.9016 17.9801 -0.0922642 0.151808 413.492 0 0
1500 31.277 -27.8213 17.8187 -0.474468 -0.424015 413.656 0 0
1500 88.3123 -48.6563 17.7526 0.482546 -0.710194 413.795 0 0
1500 92.6175 -19.878 18.2417 0.622979 -0.341672 413.819 0 0
1500 85.3774 41.831 17.8939 0.439034 0.622113 414.071 0 0
1500 63.6408 -3.74713 17.9892 0.0593204 -0.111192 414.011 0 0
1500 68.3047 -13.7923 17.8922 0.211817 -0.274178 414.032 0 0
1500 35.2592 35.6144 17.7512 -0.402571 0.592773 414.129 0 0
1500 45.2107 -40.8408 18.2972 -0.197759 -0.763398 414.247 0 0
1500 57.7222 -22.7453 17.9869 -0.0304174 -0.398046 414.273 0 0
1500 66.6064 8.36666 18.4853 0.236925 0.157487 414.415 0 0
1500 35.221 37.1856 18.1722 -0.376599 0.689142 414.401 0 0
1500 54.9951 -10.052 18.0639 -0.0874836 -0.0949167 414.408 0 0
1500 70.494 -16.4274 17.9789 0.260059 -0.309116 414.447 0 0
1500 41.4296 -35.4169 17.8354 -0.209705 -0.565966 414.465 0 0
1500 110.086 49.7869 17.881 0.822824 0.776326 414.504 0 0
1500 105.227 -72.8847 17.7748 0.762988 -1.12356 414.591 0 0
1500 60.465 -29.0889 17.9774 0.107922 -0.499351 414.638 0 0
1500 131.95 34.3607 18.0804 1.26302 0.586862 414.626 0 0
1500 44.6528 -15.1958 17.8488 -0.263713 -0.208429 414.681 0 0
1500 51.6746 24.9399 18.0483 -0.135766 0.36801 414.661 0 0
1500 57.0404 65.1987 17.8367 0.0427346 1.00667 414.781 0 0
1500 26.8494 24.2695 17.9899 -0.5137 0.347875 414.789 0 0
1500 68.8001 -31.1354 18.5475 0.20281 -0.51879 414.845 0 0
1500 113.956 5.41445 17.8294 0.844459 0.0410494 414.887 0 0
1500 31.2543 -4.65791 18.049 -0.440836 -0.0487866 414.936 0 0
1500 91.9602 41.277 18.1131 0.657112 0.737221 414.975 0 0
1500 117.818 -6.2894 18.329 1.05132 -0.0769807 415.033 0 0
1500 101.092 -5.22144 18.148 0.755926 -0.0918803 415.077 0 0
1500 47.484 -43.1495 17.9818 -0.183098 -0.698428 415.047 0 0
1500 117.267 -4.81975 18.0078 0.991508 -0.121367 415.059 0 0
1500 28.4817 -105.368 17.8967 -0.469062 -1.71664 415.068 0 0
1500 82.4761 -49.7506 17.9179 0.382747 -0.809847 415.114 0 0
1500 51.076 -42.7279 17.877 -0.0397636 -0.698536 415.252 0 0
1500 28.403 26.0759 18.154 -0.460482 0.446025 415.294 0 0
1500 40.2835 81.6216 17.8483 -0.238268 1.37803 415.338 0 0
1500 27.5732 -43.1427 17.9797 -0.477121 -0.69311 415.55 0 0
1500 37.7018 -49.8609 17.9795 -0.326477 -0.791862 415.628 0 0
1500 90.8746 -21.9407 18.145 0.514137 -0.397146 415.53 0 0
1500 58.8694 -23.5775 17.8024 -0.024163 -0.430023 415.523 0 0
1500 44.6922 39.0746 17.8468 -0.259074 0.596442 415.722 0 0
1500 80.4138 -14.3213 17.8061 0.316561 -0.263362 415.805 0 0
1500 102.839 -7.00638 18.1977 0.769819 -0.0760835 415.874 0 0
1500 65.497 3.01633 17.9113 0.0733696 0.0993609 415.83 0 0
1500 52.842 42.5973 18.2898 -0.0567316 0.820207 415.825 0 0
1500 73.0257 26.8179 18.0658 0.274568 0.477772 415.931 0 0
1500 94.7352 44.1333 17.8288 0.528726 0.746861 415.981 0 0
1500 132.921 17.3329 17.9808 1.25339 0.233165 415.93 0 0
1500 76.1939 21.3779 17.9076 0.236605 0.379696 416.169 0 0
1500 69.9427 10.9527 17.8962 0.157168 0.214554 416.305 0 0
1500 35.1099 -35.3043 17.7964 -0.385518 -0.603922 416.223 0 0
1500 88.2544 -6.82827 18.0008 0.583739 -0.0643758 416.234 0 0
1500 105.218 44.3027 17.7993 0.736898 0.623293 416.352 0 0
1500 93.1337 -52.9453 17.9082 0.516602 -0.847868 416.418 0 0
1500 2.81005 3.57316 17.7756 -0.887493 0.10313 416.446 0 0
1500 52.1054 3.30471 17.8807 -0.0950906 -0.0249992 416.501 0 0
1500 89.496 -19.2491 18.001 0.575056 -0.270415 416.584 0 0
1500 91.2766 -30.5188 18.4401 0.557627 -0.546542 416.625 0 0
1500 88.3767 -16.8093 19.0346 0.627044 -0.295429 416.844 0 0
1500 -19.9789 -64.2936 17.7904 -1.2181 -0.938167 416.789 0 0
1500 66.9075 -3.02276 18.0351 0.102125 -0.087663 416.757 0 0
1500 64.91 -17.8079 17.8782 0.102036 -0.34941 416.721 0 0
1500 39.2557 -25.2345 18.0291 -0.285645 -0.463414 416.838 0 0
1500 143.979 -76.0753 17.8686 1.40296 -1.21925 416.883 0 0
1500 146.676 -12.0254 18.1716 1.53951 -0.20661 416.925 0 0
1500 9.76128 7.57375 17.8502 -0.760269 0.128619 417.04 0 0
1500 96.6405 -42.8466 17.792 0.544231 -0.709936 417.035 0 0
1500 19.3767 14.4881 17.9881 -0.609319 0.274624 417.045 0 0
1500 36.7119 -9.14764 18.0322 -0.357863 -0.180542 417.015 0 0
1500 61.1525 38.5326 17.8161 -0.00219936 0.64523 417.06 0 0
1500 102.737 -6.73216 18.0892 0.772144 -0.132117 417.125 0 0
1500 106.705 10.058 18.0782 0.834806 0.17378 417.127 0 0
1500 14.6672 -29.8033 17.8556 -0.743188 -0.446837 417.134 0 0
1500 68.9392 -56.8505 17.7913 0.127374 -0.917581 417.245 0 0
1500 107.241 -34.5121 17.7915 0.702345 -0.583595 417.154 0 0
1500 27.341 -24.7417 17.8243 -0.505829 -0.442184 417.233 0 0
1500 111.325 25.3443 17.97 0.883133 0.367394 417.289 0 0
1500 21.7733 55.7684 17.7695 -0.494594 0.884216 417.367 0 0
1500 131.853 73.7442 17.9464 1.30839 1.19395 417.446 0 0
1500 64.4724 1.00811 17.9522 0.1172 -0.0600921 417.479 0 0
1500 76.8058 22.8635 17.9396 0.316915 0.361368 417.484 0 0
1500 88.422 55.7432 17.8596 0.481492 0.835202 417.526 0 0
1500 37.0186 -8.11289 17.8377 -0.394975 -0.140582 417.581 0 0
1500 138.61 31.9946 18.0029 1.42569 0.547253 417.617 0 0
1500 91.5669 -55.0516 17.7902 0.462201 -0.88244 417.863 0 0
1500 46.9232 -40.6581 18.1811 -0.175729 -0.735896 417.72 0 0
1500 107.364 34.6791 17.8649 0.743297 0.536681 417.912 0 0
1500 96.9133 -4.54206 17.9106 0.636068 -0.132159 417.884 0 0
1500 37.4471 48.6494 17.8102 -0.359715 0.789274 417.939 0 0
1500 72.2216 -22.5176 18.2687 0.271983 -0.412108 418.136 0 0
1500 84.6952 -0.601526 17.9463 0.500864 0.000628791 418.158 0 0
1500 38.062 -25.9196 17.9099 -0.36634 -0.40831 418.185 0 0
1500 109.522 46.4538 17.8814 0.76184 0.778874 418.213 0 0
1500 40.2503 -51.5206 17.8661 -0.270427 -0.847045 418.297 0 0
1500 71.1939 -7.63536 18.1535 0.217164 -0.185895 418.307 0 0
1500 52.5407 -53.4807 17.9816 -0.0384074 -0.921626 418.343 0 0
1500 90.1115 -13.6822 18.3013 0.527117 -0.271089 418.429 0 0
1500 73.674 1.57294 18.1877 0.351109 -0.00349813 418.555 0 0
1500 85.0934 -40.0784 17.8257 0.465827 -0.660753 418.595 0 0
1500 70.1646 -17.5014 18.1871 0.298716 -0.283862 418.712 0 0
1500 23.0787 36.379 17.8287 -0.599695 0.535263 418.639 0 0
1500 42.869 -29.5139 17.986 -0.203992 -0.465713 418.758 0 0
1500 100.447 41.9312 17.7898 0.636911 0.702912 418.777 0 0
1500 100.534 35.0417 18.3494 0.831537 0.722212 418.787 0 0
1500 107.824 -5.76032 17.9083 0.788088 -0.148268 418.843 0 0
1500 100.703 7.44361 18.106 0.72986 0.165725 419.061 0 0
1500 102.184 -30.8881 19.0233 0.995276 -0.661085 419.158 0 0
1500 121.04 16.3727 17.9943 1.00993 0.256726 419.287 0 0
1500 67.348 62.8309 17.8679 0.158103 0.955902 419.312 0 0
1500 20.4235 20.8928 17.8518 -0.639616 0.298227 419.274 0 0
1500 95.9431 3.90581 17.9142 0.662277 0.0814995 419.478 0 0
1500 103.471 -10.925 18.3256 0.765501 -0.228469 419.693 0 0
1500 44.899 -12.9109 18.0877 -0.209899 -0.157169 419.741 0 0
1500 57.2002 -0.403705 18.1399 -0.03962 -0.0346261 419.57 0 0
1500 59.7088 -1.06284 17.9635 0.0152899 -0.0870608 419.657 0 0
1500 37.7697 -56.8102 17.7954 -0.320507 -0.84165 419.876 0 0
1500 113.174 35.1868 17.8832 0.900176 0.512179 419.919 0 0
1500 94.6808 -0.423302 18.1858 0.64666 -0.0322141 420.018 0 0
1500 119.276 23.0572 17.8212 0.963032 0.28889 419.983 0 0
1500 70.3681 -49.1214 17.8895 0.133271 -0.821204 420.023 0 0
1500 42.7132 -23.3943 17.8568 -0.298567 -0.324134 420.124 0 0
1500 122.669 -4.57258 17.8212 1.01073 -0.120436 420.157 0 0
1500 66.8631 3.62919 18.3644 0.246797 0.0596021 420.528 0 0
1500 105.208 10.7303 17.8207 0.715382 0.186399 420.443 0 0
1500 -41.9455 44.8872 17.7795 -1.51057 0.731035 420.401 0 0
1500 96.2758 8.07103 17.8036 0.601043 0.198002 420.714 0 0
1500 60.8793 6.1943 18.0681 0.108248 0.13602 420.747 0 0
1500 97.4106 -17.7056 17.8266 0.603971 -0.207989 420.799 0 0
1500 77.971 -13.2538 18.6636 0.455865 -0.246652 420.799 0 0
1500 116.274 -23.9847 17.8635 0.882736 -0.392964 420.868 0 0
1500 43.3316 -60.2042 17.8056 -0.243291 -0.918366 420.839 0 0
1500 111.176 -39.7394 17.8222 0.832167 -0.63392 420.856 0 0
1500 60.1134 -58.7536 17.8104 -0.00461693 -0.89236 421.263 0 0
1500 90.9345 -9.66977 18.2283 0.600594 -0.196403 421.094 0 0
1500 90.8736 -42.6949 17.9146 0.461601 -0.702123 421.04 0 0
1500 10.3268 -2.89878 17.9759 -0.764458 -0.0746087 421.217 0 0
1500 127.931 -1.00634 17.9587 1.13574 -0.0745979 421.212 0 0
1500 148.487 -70.2497 17.8973 1.50908 -1.12667 421.021 0 0
1500 169.456 45.0383 17.8208 1.70555 0.718879 421.385 0 0
1500 70.8536 3.12442 17.8158 0.120814 0.0648691 421.32 0 0
1500 36.5838 24.0598 18.0727 -0.381178 0.360197 421.328 0 0
1500 95.0962 -51.3295 17.9999 0.674362 -0.843052 421.389 0 0
1500 66.2963 -30.4638 17.9704 0.209919 -0.537239 421.388 0 0
1500 87.3459 5.48131 18.1993 0.505702 0.0601438 421.477 0 0
1500 7.99498 -42.6705 17.8447 -0.80202 -0.64702 421.456 0 0
1500 77.3384 41.3569 18.34 0.333573 0.758466 421.461 0 0
1500 -2.84166 26.9821 17.8447 -0.960906 0.378035 421.501 0 0
1500 119.156 -18.0968 17.9059 0.984365 -0.245017 421.51 0 0
1500 58.9257 -36.678 18.2768 0.00898091 -0.707596 421.489 0 0
1500 43.6415 4.63122 18.0113 -0.226791 0.0219604 421.757 0 0
1500 117.367 -26.5866 17.906 0.955729 -0.369184 421.671 0 0
1500 83.6023 -11.4755 17.92 0.392234 -0.262781 421.753 0 0
1500 69.6231 -16.3138 18.0661 0.123846 -0.253204 421.608 0 0
1500 67.9211 12.3596 18.0761 0.215838 0.257262 421.806 0 0
1500 33.8209 -52.1875 17.9722 -0.406752 -0.807985 421.9 0 0
1500 92.0958 12.6869 18.7 0.65692 0.240447 421.882 0 0
1500 49.805 -15.0675 18.2096 -0.0853385 -0.301739 421.855 0 0
1500 83.78 27.0173 17.9628 0.485594 0.412233 421.895 0 0
1500 25.5103 -37.8078 17.819 -0.489207 -0.590804 421.919 0 0
1500 26.6075 -33.3608 18.0576 -0.565706 -0.514232 421.909 0 0
1500 81.9928 -1.72958 18.2866 0.442495 -0.0192214 421.947 0 0
1500 105.68 -37.4835 17.8524 0.712454 -0.659153 421.938 0 0
1500 69.0138 -17.5084 17.9244 0.209249 -0.288001 422.13 0 0
1500 95.1368 -14.2123 18.1714 0.646149 -0.30587 422.135 0 0
1500 50.7085 13.0756 18.4701 -0.164117 0.177832 422.193 0 0
1500 57.2237 -47.4201 17.9772 -0.0688754 -0.744082 422.296 0 0
1500 38.7112 -23.4033 17.9651 -0.252572 -0.399082 422.223 0 0
1500 54.1918 39.3942 18.0168 -0.00882271 0.667077 422.268 0 0
1500 21.7265 25.6107 18.0799 -0.60259 0.409349 422.276 0 0
1500 64.9195 -51.5618 18.0413 0.0601519 -0.857716 422.251 0 0
1500 111.504 -53.5862 17.9054 0.922413 -0.832404 422.4 0 0
1500 84.4109 -35.6431 18.0741 0.500938 -0.556819 422.618 0 0
1500 99.5102 -2.22758 18.0114 0.723257 -0.011449 422.675 0 0
1500 31.5617 -17.7535 17.8318 -0.399835 -0.306394 422.744 0 0
1500 111.742 -46.7842 17.9175 0.916104 -0.817729 422.815 0 0
1500 30.3248 -6.37694 17.8339 -0.41623 -0.148619 422.871 0 0
1500 124.391 25.9448 18.0974 1.11838 0.518998 422.898 0 0
1500 69.1582 -22.612 17.9368 0.205085 -0.37438 422.931 0 0
1500 38.7886 56.1932 17.8276 -0.326733 0.901532 423.007 0 0
1500 40.463 65.1843 17.8441 -0.318195 0.989995 423.179 0 0
1500 81.0335 -0.967705 18.3389 0.445803 0.0526756 423.154 0 0
1500 94.5459 3.49957 18.0256 0.587423 0.0174006 423.238 0 0
1500 87.209 12.4985 18.0342 0.49073 0.189496 423.309 0 0
1500 88.809 42.114 18.064 0.52179 0.694198 423.299 0 0
1500 56.1067 6.20799 17.919 0.0036939 0.15033 423.345 0 0
1500 36.6819 22.9657 17.9361 -0.331214 0.363845 423.381 0 0
1500 96.4431 -34.8769 18.0283 0.662616 -0.649303 423.344 0 0
1500 62.7853 -33.7385 18.0446 0.110551 -0.588135 423.403 0 0
1500 28.9341 5.03902 17.9374 -0.437463 0.116761 423.461 0 0
1500 53.8459 66.2359 17.8071 -0.0293804 1.03964 423.678 0 0
1500 74.5053 63.1011 17.8268 0.204854 0.995384 423.634 0 0
1500 118.29 0.523992 17.8049 0.964064 0.0490346 423.663 0 0
1500 0.580038 -15.6433 17.7976 -0.93709 -0.218784 423.614 0 0
1500 49.1831 -23.9758 18.3575 -0.118885 -0.407566 423.715 0 0
1500 68.8957 6.08252 17.9878 0.253543 0.0583859 423.698 0 0
1500 20.1531 9.60931 17.962 -0.59326 0.216017 423.69 0 0
1500 53.9789 69.3238 17.8032 0.00355439 1.09835 423.772 0 0
1500 74.8536 -63.3244 17.858 0.26614 -0.977091 424.079 0 0
1500 119.429 17.902 17.8878 0.980884 0.294714 424.113 0 0
1500 121.915 3.36933 17.8039 1.01017 0.0909268 424.204 0 0
1500 75.1754 7.86903 18.0305 0.254109 0.189416 424.072 0 0
1500 28.1458 -3.6397 17.9915 -0.491022 0.000271294 424.211 0 0
1500 26.1606 8.88396 17.9178 -0.517234 0.0689068 424.184 0 0
1500 66.1411 -0.395183 17.9747 0.101853 0.0592761 424.051 0 0
1500 81.7903 18.7122 17.8757 0.450191 0.258024 424.148 0 0
1500 59.4292 -17.7201 17.8611 -0.0146313 -0.302724 424.229 0 0
1500 28.819 37.778 17.8148 -0.439099 0.598563 424.364 0 0
1500 16.4839 -43.1208 17.7923 -0.584087 -0.710188 424.367 0 0
1500 38.1807 34.511 17.9408 -0.405167 0.595513 424.279 0 0
1500 97.5301 9.45821 17.8563 0.600549 0.0818127 424.484 0 0
1500 60.169 44.2725 17.8179 0.00318846 0.687851 424.605 0 0
1500 15.1442 26.8978 18.0052 -0.694926 0.427122 424.488 0 0
1500 80.7691 -12.3447 17.8148 0.378575 -0.260626 424.528 0 0
1500 28.6482 9.76024 17.968 -0.476314 0.215239 424.53 0 0
1500 81.6572 62.7936 17.9424 0.416918 1.11318 424.55 0 0
1500 92.7263 -40.1546 17.8485 0.565602 -0.602108 424.72 0 0
1500 49.256 -10.0255 18.0268 -0.187875 -0.163097 424.72 0 0
1500 122.995 -17.8088 17.804 1.01776 -0.22197 424.764 0 0
1500 91.2818 -54.7836 17.8398 0.561832 -0.848559 424.766 0 0
1500 86.0374 19.2313 18.424 0.510519 0.358365 424.846 0 0
1500 14.7008 -18.7904 17.9199 -0.690749 -0.349737 424.769 0 0
1500 121.443 16.7154 17.8876 1.01082 0.339093 424.801 0 0
1500 136.761 -35.5687 17.9421 1.35538 -0.5878 424.989 0 0
1500 54.8915 -16.1104 17.8668 0.00786843 -0.271154 425.12 0 0
1500 59.3047 -92.7125 17.9784 0.0269674 -1.51807 425.085 0 0
1500 22.588 17.9084 17.8227 -0.553651 0.213475 425.257 0 0
1500 130.495 6.63715 17.8732 1.13285 0.121907 425.144 0 0
1500 100.036 28.8633 17.8652 0.716695 0.412122 425.159 0 0
1500 64.4058 45.9237 17.903 0.0818131 0.774465 425.395 0 0
1500 74.3608 -47.4128 17.8239 0.245455 -0.823279 425.292 0 0
1500 112.802 51.5983 18.0429 0.964163 0.854318 425.287 0 0
1500 94.4446 -34.8585 18.28 0.658592 -0.640104 425.33 0 0
1500 22.4339 39.8788 17.9789 -0.568034 0.656873 425.449 0 0
1500 30.282 40.9332 17.9579 -0.444861 0.685628 425.448 0 0
1500 41.7727 -36.7921 17.8798 -0.287382 -0.528454 425.574 0 0
1500 1.70848 23.9479 17.8589 -0.857106 0.3721 425.54 0 0
1500 153.511 -92.9709 17.8946 1.61246 -1.46606 425.616 0 0
1500 33.0651 56.9104 17.8091 -0.340698 0.87919 425.641 0 0
1500 13.7505 48.5396 17.8343 -0.674138 0.757334 425.648 0 0
1500 91.9242 57.0428 17.7928 0.576574 0.847915 425.806 0 0
1500 22.4202 -31.562 18.05 -0.577519 -0.513914 425.796 0 0
1500 15.735 22.9767 17.9029 -0.674026 0.421124 425.819 0 0
1500 75.9327 8.37819 18.1021 0.387501 0.125978 425.794 0 0
1500 122.632 -18.3429 17.8397 0.981696 -0.3557 425.89 0 0
1500 96.8322 21.3651 18.0224 0.593977 0.355552 425.894 0 0
1500 88.2154 -8.62579 17.945 0.494857 -0.0987753 426.144 0 0
1500 0.0283643 -0.371053 17.8633 -0.876016 0.0270916 425.936 0 0
1500 121.963 17.9008 17.8084 0.984904 0.299002 425.979 0 0
1500 96.4615 16.6513 18.2005 0.698196 0.222592 426.149 0 0
1500 56.7643 15.6604 18.26 0.0105237 0.31093 426.24 0 0
1500 60.5593 -9.09367 18.0175 -0.0124314 -0.161982 425.999 0 0
1500 201.604 20.9183 17.844 2.37276 0.321933 426.181 0 0
1500 34.3698 36.8473 18.2747 -0.371797 0.678867 426.138 0 0
1500 63.5666 66.034 17.8839 0.149904 1.13352 426.485 0 0
1500 19.9604 -37.7497 18.094 -0.620827 -0.698498 426.583 0 0
1500 76.4538 3.27397 18.6766 0.419529 0.113914 426.672 0 0
1500 4.07729 -32.9461 17.8655 -0.860301 -0.536087 426.676 0 0
1500 86.735 10.5916 18.1668 0.55741 0.172817 426.664 0 0
1500 91.1849 21.351 18.1265 0.674946 0.377393 426.635 0 0
1500 117.498 -17.1324 18.2887 1.13253 -0.231857 426.723 0 0
1500 120.538 20.8752 17.9571 1.00172 0.308959 426.751 0 0
1500 113.123 5.62879 17.836 0.912814 0.106178 426.798 0 0
1500 57.1487 10.2247 17.8628 0.0157443 0.234227 426.893 0 0
1500 133.921 60.714 17.9861 1.21726 1.04346 426.887 0 0
1500 48.1198 -14.8219 18.1708 -0.143318 -0.248764 427.16 0 0
1500 64.7653 18.48 18.0184 0.101839 0.320359 427.183 0 0
1500 68.3278 -37.9258 17.8998 0.198656 -0.575253 427.139 0 0
1500 88.0914 57.8335 17.8917 0.432096 0.930872 427.203 0 0
1500 95.5673 2.63527 18.1313 0.655784 0.0907149 427.285 0 0
1500 76.5794 -9.51888 18.1786 0.331213 -0.217446 427.11 0 0
1500 13.835 -5.40995 18.0008 -0.728181 -0.0673179 427.091 0 0
1500 92.2985 -18.4054 17.9547 0.538109 -0.300591 427.291 0 0
1500 35.3379 -62.5439 17.8643 -0.38957 -0.968709 427.331 0 0
1500 81.9563 31.6544 17.9584 0.416982 0.555448 427.331 0 0
1500 40.4831 39.5001 17.9578 -0.219767 0.675405 427.383 0 0
1500 25.7568 -39.3899 17.9794 -0.481629 -0.647676 427.481 0 0
1500 78.3216 15.9024 18.1475 0.383996 0.24363 427.476 0 0
1500 102.619 -41.4997 17.8513 0.701391 -0.625811 427.522 0 0
1500 119.405 -23.569 17.8303 0.962755 -0.403744 427.472 0 0
1500 82.0484 -15.8548 18.1757 0.411045 -0.310807 427.463 0 0
1500 16.5839 -61.6113 17.8499 -0.69787 -0.915759 427.451 0 0
1500 73.9042 -2.0697 17.8604 0.317272 -0.0722206 427.478 0 0
1500 70.0304 30.0572 18.0282 0.132058 0.47662 427.525 0 0
1500 11.2169 -45.7467 17.8264 -0.741563 -0.698853 427.644 0 0
1500 89.632 72.2596 18.1608 0.527869 1.26154 427.696 0 0
1500 122.261 9.04456 17.9798 1.03432 0.15229 427.713 0 0
1500 21.0497 -30.4991 17.9768 -0.575633 -0.535237 427.727 0 0
1500 51.2004 -35.2983 17.8536 -0.0375233 -0.587619 427.942 0 0
1500 38.4734 -31.7001 18.0964 -0.269575 -0.592568 427.888 0 0
1500 103.358 41.9805 18.0882 0.852511 0.688406 427.944 0 0
1500 40.5094 1.02042 18.0395 -0.383007 0.0502553 427.943 0 0
1500 55.0456 -30.6474 18.0254 -0.0051999 -0.566061 428.045 0 0
1500 71.3925 62.9122 17.8421 0.231986 1.00752 428.161 0 0
1500 71.301 -24.8274 18.0487 0.159537 -0.434539 428.069 0 0
1500 67.7717 23.9862 18.1891 0.195062 0.442929 428.314 0 0
1500 101.408 27.2886 17.9837 0.707307 0.509022 428.405 0 0
1500 65.8098 4.82078 18.0954 0.0957143 0.125234 428.447 0 0
1500 54.0365 12.1852 18.0772 -0.0651673 0.222556 428.531 0 0
1500 83.0694 -22.4794 17.883 0.459268 -0.389467 428.503 0 0
1500 49.3416 27.2952 18.2912 -0.157345 0.519483 428.505 0 0
1500 37.1569 -3.47767 18.573 -0.358787 -0.104082 428.567 0 0
1500 83.407 -36.4703 17.8662 0.419701 -0.544029 428.821 0 0
1500 94.5659 39.6452 17.9513 0.585526 0.66272 428.836 0 0
1500 79.251 -35.4761 18.26 0.427726 -0.589999 428.876 0 0
1500 59.1869 56.3601 17.9064 0.0346928 0.928636 428.778 0 0
1500 41.0664 -2.83733 17.966 -0.324984 -0.0414074 428.878 0 0
1500 108.283 0.206064 17.9196 0.80941 0.0735967 428.922 0 0
1500 115.919 22.1101 18.0724 1.0008 0.330671 428.918 0 0
1500 168.661 -41.0915 18.0608 1.91197 -0.697488 428.973 0 0
1500 91.8021 6.40392 17.8375 0.53818 0.101508 429.042 0 0
1500 26.5733 -45.9457 17.921 -0.541607 -0.696547 429.206 0 0
1500 -8.06833 -17.1609 17.9448 -1.06353 -0.245011 429.213 0 0
1500 50.6937 -59.8152 17.9073 -0.128084 -0.917001 429.456 0 0
1500 62.7478 11.5792 17.8459 0.132142 0.172382 429.574 0 0
1500 85.3918 -17.0574 17.8195 0.422664 -0.293436 429.623 0 0
1500 115.817 31.0756 17.8013 0.915022 0.476532 429.358 0 0
1500 74.218 -9.92883 18.5605 0.411102 -0.16916 429.262 0 0
1500 -8.57491 -8.71209 17.7984 -1.01249 -0.204195 429.312 0 0
1500 87.1272 37.6659 17.9259 0.534401 0.575364 429.27 0 0
1500 56.3991 -0.364812 17.837 -0.0275438 -0.0842957 429.35 0 0
1500 35.3325 87.8292 17.9153 -0.373847 1.51382 429.636 0 0
1500 20.5375 28.1942 17.8802 -0.635273 0.39204 429.746 0 0
1500 38.7563 -15.3413 17.8666 -0.284527 -0.316152 429.74 0 0
1500 49.4034 2.52767 17.9241 -0.199182 0.0172462 429.728 0 0
1500 80.4276 -17.0548 17.8647 0.364703 -0.342173 429.872 0 0
1500 92.451 -45.1692 17.8405 0.542457 -0.697968 430.006 0 0
1500 100.039 39.9804 17.9491 0.655795 0.656292 430.003 0 0
1500 82.0044 55.2847 17.911 0.400948 0.899931 430.042 0 0
1500 43.4287 -26.7153 17.876 -0.291928 -0.379859 430.035 0 0
1500 116.083 -27.5929 18.0118 0.950733 -0.427928 430.159 0 0
1500 79.3337 58.2273 17.8348 0.339634 0.948331 430.141 0 0
1500 119.729 -17.0386 17.9348 1.08154 -0.229213 430.122 0 0
1500 92.0717 -24.9949 17.9915 0.53276 -0.405666 430.265 0 0
1500 87.3463 37.9916 17.8647 0.419708 0.60737 430.518 0 0
1500 81.279 57.5717 17.8062 0.402374 0.851824 430.416 0 0
1500 18.245 51.7943 17.8322 -0.587378 0.827189 430.522 0 0
1500 104.117 23.2515 18.1021 0.778882 0.392081 430.445 0 0
1500 122.681 -3.85006 17.8333 1.03089 -0.0955047 430.53 0 0
1500 78.4319 28.7756 17.9912 0.387521 0.497944 430.44 0 0
1500 36.6502 -38.9211 17.8692 -0.39428 -0.565322 430.55 0 0
1500 9.49348 -20.4094 17.8732 -0.798928 -0.413883 430.523 0 0
1500 79.624 -21.5152 18.0467 0.341087 -0.441944 430.309 0 0
1500 -0.519816 27.9757 17.8083 -0.887495 0.472576 430.654 0 0
1500 122.661 -25.4164 17.7983 0.933375 -0.445379 430.64 0 0
1500 61.4325 -57.7895 17.8722 -0.00609182 -0.918721 430.592 0 0
1500 97.3252 -45.7442 18.1165 0.763692 -0.783853 430.605 0 0
1500 21.7656 55.3585 17.833 -0.521469 0.897837 430.687 0 0
1500 79.5983 -55.7049 17.9951 0.359473 -0.907696 430.729 0 0
1500 80.4702 6.23135 18.2445 0.479204 0.156949 430.701 0 0
1500 72.6258 13.0262 18.1029 0.23832 0.246494 430.846 0 0
1500 18.7363 53.9839 17.8328 -0.565561 0.875678 430.815 0 0
1500 117.809 19.4098 17.9404 0.97604 0.262926 430.773 0 0
1500 7.87884 10.997 17.9832 -0.866511 0.249995 430.791 0 0
1500 82.8752 -8.02255 17.9531 0.456314 -0.177267 430.92 0 0
1500 101.015 9.41562 17.8507 0.655643 0.0813776 430.995 0 0
1500 82.054 -5.47807 18.0277 0.442557 -0.17364 431.218 0 0
1500 55.0162 -54.942 18.2252 -0.050964 -1.0237 431.177 0 0
1500 80.9424 26.9575 18.0577 0.386811 0.423424 431.47 0 0
1500 3.06868 26.1208 17.812 -0.82717 0.44126 431.322 0 0
1500 83.8479 0.911764 18.8779 0.583051 -0.0168187 431.322 0 0
1500 111.193 131.292 17.8297 0.859618 2.0955 431.47 0 0
1500 81.8889 -22.7455 17.8451 0.442675 -0.383812 431.317 0 0
1500 63.77 -18.4479 17.8959 0.0291491 -0.297585 431.615 0 0
1500 65.9126 9.15176 17.9815 0.0876049 0.18482 431.925 0 0
1500 95.6845 0.368682 17.8211 0.59676 0.0253141 431.995 0 0
1500 120.481 -22.9368 17.8669 0.953736 -0.413163 432.035 0 0
1500 98.8121 -25.7866 17.9409 0.692367 -0.445478 431.928 0 0
1500 67.1353 19.8058 18.5476 0.163887 0.31728 432.19 0 0
1500 12.2998 -34.7134 17.8066 -0.671179 -0.568948 432.183 0 0
1500 116.952 -10.6531 18.0169 0.934476 -0.173001 432.269 0 0
1500 110.395 -36.9125 17.835 0.825934 -0.574023 432.28 0 0
1500 70.3114 -32.0292 17.8228 0.161051 -0.570863 432.23 0 0
1500 55.4854 -4.51414 17.8736 -0.104264 -0.110173 432.253 0 0
1500 87.1541 -10.7593 18.2124 0.509639 -0.173831 432.447 0 0
1500 109.555 -38.9663 17.9397 0.8333 -0.592759 432.365 0 0
1500 113.356 -23.1621 17.845 0.905279 -0.311728 432.386 0 0
1500 74.27 -6.57049 18.787 0.392859 -0.0834533 432.78 0 0
1500 124.612 -91.2494 17.8096 0.991564 -1.41081 432.7 0 0
1500 118.818 -16.1755 17.8425 0.981349 -0.204558 432.833 0 0
1500 107.035 17.3202 17.8279 0.816479 0.226324 432.814 0 0
1500 44.9388 -19.1336 17.989 -0.162041 -0.37098 432.635 0 0
1500 66.0795 -28.8249 17.8675 0.0613057 -0.48794 432.652 0 0
1500 67.7335 -2.89677 18.2693 0.190786 -0.107069 432.882 0 0
1500 112.207 -38.5155 17.8673 0.816251 -0.633707 433.222 0 0
1500 81.1162 -61.7775 17.8018 0.357223 -0.984595 433.048 0 0
1500 120.273 -18.9409 17.8411 0.997732 -0.2448 433.199 0 0
1500 17.9226 -29.235 17.9284 -0.665552 -0.483796 433.148 0 0
1500 99.4535 -31.6671 17.8136 0.606825 -0.558387 433.019 0 0
1500 46.9794 -16.6905 18.1388 -0.201273 -0.285406 433.02 0 0
1500 98.5445 17.8561 18.2761 0.694235 0.354482 432.909 0 0
1500 53.8478 30.0725 17.8822 -0.030331 0.538948 433.193 0 0
1500 96.4582 25.5072 17.8849 0.630692 0.471455 433.253 0 0
1500 16.0085 47.1301 17.8466 -0.625598 0.809969 432.961 0 0
1500 132.507 -21.8691 17.9671 1.30528 -0.368586 433.101 0 0
1500 87.0425 29.268 17.8447 0.432549 0.528159 433.375 0 0
1500 72.9734 6.5794 17.8836 0.186258 0.156333 433.407 0 0
1500 113.152 2.33305 17.8431 0.850778 -0.00307508 433.513 0 0
1500 103.42 -48.8343 17.841 0.684346 -0.792549 433.462 0 0
1500 100.935 49.408 17.8261 0.714636 0.713279 433.472 0 0
1500 100.039 41.1998 17.9238 0.686151 0.683456 433.581 0 0
1500 117.524 -1.60248 17.898 0.9883 -0.0263057 433.403 0 0
1500 101.604 4.28914 18.0055 0.759285 0.0380725 433.46 0 0
1500 21.7663 -39.3607 17.8273 -0.59161 -0.667159 433.49 0 0
1500 104.442 -17.4212 17.8618 0.728336 -0.34299 433.556 0 0
1500 85.0375 -30.6623 17.8678 0.498471 -0.473631 433.414 0 0
1500 65.8879 -5.19871 17.9919 0.207841 -0.121746 433.579 0 0
1500 63.3704 3.90329 18.0467 0.160399 0.0837306 433.769 0 0
1500 43.6635 8.71209 18.0163 -0.245249 0.10222 433.766 0 0
1500 96.5446 -11.0516 17.8994 0.615467 -0.181214 433.686 0 0
1500 105.788 5.16617 18.1065 0.76609 0.117737 433.752 0 0
1500 -7.55993 -16.0162 17.8518 -1.02651 -0.201712 433.733 0 0
1500 -1.33524 -27.5274 17.8316 -0.949026 -0.437804 433.745 0 0
1500 27.1768 -48.6954 17.8073 -0.49779 -0.810542 433.778 0 0
1500 55.3656 -34.0246 18.2037 0.0281485 -0.591094 433.747 0 0
1500 17.0933 -22.8262 18.0781 -0.6713 -0.447141 433.738 0 0
1500 4.55978 -39.9088 17.8636 -0.857814 -0.602002 433.851 0 0
1500 55.9246 -57.6941 17.8246 -0.069775 -0.941926 433.845 0 0
1500 54.4391 -11.8812 17.8936 -0.0957482 -0.122316 433.848 0 0
1500 63.5531 -8.68485 18.4274 0.115995 -0.17278 433.921 0 0
1500 54.2891 1.98064 18.8436 0.00511274 0.0182569 433.977 0 0
1500 -2.45606 -5.15147 17.8235 -0.953826 -0.143784 434.009 0 0
1500 88.7977 -41.0717 17.9691 0.486257 -0.699978 433.992 0 0
1500 60.9495 -47.0777 17.9491 0.0396517 -0.792709 433.888 0 0
1500 3.3284 -44.1623 17.972 -0.856083 -0.741648 433.892 0 0
1500 71.7431 32.5116 17.9541 0.17337 0.611182 433.942 0 0
1500 51.7422 -40.8469 17.882 -0.128021 -0.697091 434.051 0 0
1500 84.7647 9.54183 18.0357 0.46183 0.112423 434.206 0 0
1500 62.0371 42.0992 17.8474 0.108099 0.651678 434.163 0 0
1500 62.5339 -36.0762 17.983 0.15424 -0.595861 434.196 0 0
1500 104.352 22.0844 17.9252 0.73933 0.312102 434.457 0 0
1500 117.845 22.1099 17.794 0.968575 0.315235 434.452 0 0
1500 108.566 -6.09638 18.0574 0.822403 -0.162865 434.345 0 0
1500 76.7125 -47.4646 18.0564 0.33986 -0.78771 434.443 0 0
1500 99.4164 47.2246 17.9863 0.724758 0.863239 434.296 0 0
1500 -8.2525 3.69078 17.8642 -1.03726 0.042212 434.502 0 0
1500 72.6057 64.4617 17.8097 0.254532 1.01691 434.614 0 0
1500 72.1664 15.4765 18.3888 0.309273 0.306581 434.517 0 0
1500 63.7782 -3.36396 18.452 0.139434 -0.120595 434.521 0 0
1500 24.3651 -38.4181 17.8758 -0.545108 -0.653756 434.636 0 0
1500 93.0681 -57.2596 17.8027 0.593031 -0.860693 434.676 0 0
1500 110.699 -49.4675 17.8762 0.830703 -0.855099 434.771 0 0
1500 83.6821 -54.1207 17.9629 0.403471 -0.887099 434.818 0 0
1500 26.7418 11.1819 17.8482 -0.492872 0.200763 435.06 0 0
1500 48.4294 102.974 17.7952 -0.12858 1.57326 434.91 0 0
1500 100.628 62.6862 17.8837 0.645403 0.993654 434.894 0 0
1500 47.2049 -64.1321 17.8022 -0.190028 -1.02549 435.029 0 0
1500 103.726 -10.6926 17.9754 0.780468 -0.203122 434.845 0 0
1500 62.7459 36.5264 18.056 0.111886 0.634979 434.833 0 0
1500 152.435 -40.5056 17.9214 1.51606 -0.674928 434.928 0 0
1500 63.3494 -5.1513 17.8703 0.00840668 -0.067689 434.979 0 0
1500 92.876 15.8107 18.0881 0.583877 0.237767 435.111 0 0
1500 111.193 38.0171 17.9327 0.836921 0.625816 435.082 0 0
1500 39.4037 -61.8282 17.845 -0.340498 -0.963603 435.193 0 0
1500 57.7561 -30.33 18.1019 0.0533201 -0.53835 435.133 0 0
1500 87.1974 -3.2059 17.9086 0.52328 -0.123401 435.088 0 0
1500 58.0177 30.8481 18.0083 -0.0809713 0.496135 435.187 0 0
1500 41.3526 -1.73482 18.1579 -0.335101 0.0183056 435.273 0 0
1500 117.737 15.6417 17.8447 0.926944 0.263138 435.569 0 0
1500 122.857 4.95862 17.8259 1.01245 0.0437192 435.557 0 0
1500 73.4342 11.1904 18.0075 0.290771 0.244638 435.551 0 0
1500 44.7489 -25.1926 17.8805 -0.276339 -0.412999 435.56 0 0
1500 47.0774 -37.1807 17.9897 -0.108678 -0.650743 435.504 0 0
1500 91.5762 -65.3707 17.9458 0.626765 -1.08189 435.425 0 0
1500 66.9053 -5.30229 17.9418 0.204315 -0.0747548 435.851 0 0
1500 89.8887 56.0264 17.8118 0.502687 0.878387 435.66 0 0
1500 80.9626 -63.9846 17.7927 0.405629 -0.958581 435.859 0 0
1500 97.8254 -49.2202 18.0477 0.645001 -0.797083 435.868 0 0
1500 45.4555 -32.7443 18.1965 -0.182365 -0.563396 435.854 0 0
1500 20.1168 34.5695 17.8397 -0.567189 0.605648 435.77 0 0
1500 25.3349 -17.9285 17.8757 -0.57509 -0.298367 435.917 0 0
1500 138.223 32.8474 18.0609 1.41406 0.541809 435.791 0 0
1500 82.797 -31.6979 18.14 0.456591 -0.643423 435.827 0 0
1500 54.878 56.7002 17.8635 -0.0246441 0.88106 436.087 0 0
1500 113.734 15.9425 17.8478 0.863343 0.265705 436.032 0 0
1500 17.9835 -4.25972 17.874 -0.687355 -0.08677 436.052 0 0
1500 18.1909 40.5776 17.8543 -0.662389 0.576205 436.145 0 0
1500 90.4472 -55.6288 17.805 0.430849 -0.895946 436.146 0 0
1500 85.0956 -9.50299 18.558 0.51956 -0.147344 436.258 0 0
1500 112.461 12.0198 17.8496 0.842427 0.208761 436.251 0 0
1500 89.8882 10.3693 18.5601 0.643835 0.163408 436.204 0 0
1500 80.5545 -16.5226 18.3462 0.482958 -0.263317 436.229 0 0
1500 91.7139 4.44978 17.937 0.561455 -0.0034789 436.357 0 0
1500 33.4875 29.441 17.8651 -0.450763 0.433237 436.325 0 0
1500 63.0466 -16.3102 17.9753 0.0191535 -0.238626 436.324 0 0
1500 111.639 -38.8441 18.2335 0.996454 -0.752488 436.246 0 0
1500 104.159 -45.1943 17.9656 0.715221 -0.720016 436.614 0 0
1500 41.6865 -64.1796 17.8498 -0.223867 -1.01245 436.641 0 0
1500 1.28768 -33.6064 17.8658 -0.87371 -0.56477 436.43 0 0
1500 12.4821 42.8595 17.8658 -0.72134 0.704024 436.582 0 0
1500 94.0165 0.480998 18.0568 0.645293 0.0256552 436.507 0 0
1500 43.3225 -33.6988 17.935 -0.186583 -0.592173 436.503 0 0
1500 67.8672 -33.3654 17.8359 0.168414 -0.59387 436.646 0 0
1500 64.3804 39.0978 18.2007 0.0740348 0.686002 436.641 0 0
1500 112.691 31.5815 18.5125 1.08177 0.533097 436.681 0 0
1500 115.753 -11.1913 17.7996 0.898021 -0.177579 437.35 0 0
1500 116.559 -24.1073 17.9935 0.933084 -0.37346 437.281 0 0
1500 84.9612 -58.2687 17.8231 0.353936 -0.906672 437.04 0 0
1500 106.909 -43.7142 17.9815 0.800634 -0.676147 437.107 0 0
1500 123.633 -0.384842 17.963 1.04656 -0.0444494 437.184 0 0
1500 109.39 -39.6439 17.9631 0.838825 -0.623544 437.033 0 0
1500 118.481 23.2375 17.8302 0.921587 0.422902 437.154 0 0
1500 93.6839 -21.9093 18.0745 0.576885 -0.410189 436.876 0 0
1500 94.457 -19.1377 18.0384 0.569255 -0.367737 436.886 0 0
1500 93.4683 7.598 18.1039 0.651904 0.12751 437.312 0 0
1500 52.2795 -43.3056 17.8309 -0.0731154 -0.743504 437.051 0 0
1500 131.361 -10.7906 17.8199 1.16891 -0.232266 437.231 0 0
1500 85.9891 -38.2227 18.1391 0.464772 -0.701323 437.211 0 0
1500 76.17 -60.6391 17.8457 0.232147 -0.940952 437.66 0 0
1500 36.7552 61.0024 17.8514 -0.359618 0.933837 437.626 0 0
1500 110.469 -21.8106 17.9331 0.849409 -0.395343 437.654 0 0
1500 46.9739 -18.4194 18.0205 -0.178719 -0.355476 437.72 0 0
1500 70.0406 -32.4831 17.8949 0.250411 -0.554968 437.712 0 0
1500 59.4868 -39.8247 17.8926 0.0868394 -0.666755 437.89 0 0
1500 82.3306 -26.0612 17.9263 0.362814 -0.421487 438.414 0 0
1500 -0.787033 28.6342 17.8757 -0.901443 0.465932 438.325 0 0
1500 65.2998 11.8181 18.5337 0.174104 0.247829 437.979 0 0
1500 0.128109 -22.9093 17.8477 -0.938188 -0.366315 438.347 0 0
1500 92.8091 17.452 18.3341 0.600151 0.336811 438.422 0 0
1500 84.777 23.2825 18.3358 0.480401 0.425349 438.284 0 0
1500 17.8385 41.5239 17.9532 -0.664363 0.641956 438.231 0 0
1500 34.6328 -37.3276 17.988 -0.32739 -0.647191 438.089 0 0
1500 40.7676 -29.3188 18.0153 -0.273163 -0.521102 438.088 0 0
1500 18.3268 -15.9392 17.815 -0.691353 -0.263772 438.453 0 0
1500 63.2908 29.7095 17.8457 0.0695529 0.539041 438.268 0 0
1500 69.7014 46.2207 18.0226 0.162445 0.803351 438.414 0 0
1500 70.8256 -42.1037 17.8197 0.153986 -0.66272 438.519 0 0
1500 104.739 -7.032 17.9206 0.799766 -0.126978 438.547 0 0
1500 105.806 12.3991 17.8845 0.75477 0.170249 438.576 0 0
1500 24.4313 -40.9441 17.8139 -0.468084 -0.654158 438.713 0 0
1500 7.6453 26.5433 17.8577 -0.771211 0.427351 438.615 0 0
1500 100.648 15.7855 17.8088 0.690435 0.18064 438.615 0 0
1500 54.7325 38.8069 17.841 -0.0632661 0.676856 438.623 0 0
1500 85.8959 -8.54047 17.9178 0.501719 -0.0813407 438.649 0 0
1500 61.4353 -18.4108 17.8453 0.10749 -0.293346 439.015 0 0
1500 27.613 -34.6749 17.8575 -0.460319 -0.554286 439.076 0 0
1500 17.8935 48.609 17.8777 -0.625813 0.751542 438.767 0 0
1500 111.041 38.8012 17.9811 0.829515 0.638621 438.948 0 0
1500 89.7638 -54.965 17.9165 0.511855 -0.888686 438.812 0 0
1500 0.372396 -32.4328 17.8443 -0.923943 -0.532905 438.802 0 0
1500 6.47595 44.4247 17.809 -0.739705 0.730698 439.349 0 0
1500 9.69242 16.8578 18.0294 -0.764576 0.294391 438.806 0 0
1500 94.373 48.3252 17.8144 0.624689 0.738162 439.011 0 0
1500 84.6261 -45.7575 17.8975 0.486335 -0.721794 439.209 0 0
1500 46.1422 48.1008 17.8636 -0.253061 0.7557 438.821 0 0
1500 83.2999 -21.838 17.8215 0.451054 -0.290788 438.918 0 0
1500 18.7758 -24.8084 17.8322 -0.681378 -0.344206 439.292 0 0
1500 93.9531 -15.1072 18.7535 0.719936 -0.209863 439.375 0 0
1500 10.708 -46.8114 17.8453 -0.767244 -0.714183 439.39 0 0
1500 104.569 3.43515 17.8858 0.78951 0.0184793 439.381 0 0
1500 54.3244 -3.03802 17.823 0.0128394 -0.0583594 439.47 0 0
1500 -26.7553 0.426912 18.05 -1.425 0.0175777 439.509 0 0
1500 85.2792 -23.302 17.9806 0.398228 -0.395648 439.706 0 0
1500 113.418 34.7249 17.8729 0.884971 0.529623 439.83 0 0
1500 86.0648 -8.11629 18.7591 0.537906 -0.25091 439.65 0 0
1500 30.4639 40.8469 17.9413 -0.526551 0.680247 439.923 0 0
1500 70.8019 -18.9462 17.9852 0.19487 -0.333098 440.063 0 0
1500 20.2683 53.9742 17.8078 -0.622368 0.772007 440.178 0 0
1500 8.2021 38.2734 17.8023 -0.82771 0.560138 440.021 0 0
1500 74.5639 0.111577 17.9712 0.328508 0.0569575 440.156 0 0
1500 95.2003 -22.9262 17.9799 0.600091 -0.359347 440.362 0 0
1500 -1.48914 -27.6772 17.8464 -0.93627 -0.426011 440.211 0 0
1500 107.941 -30.7844 17.8772 0.828013 -0.498375 440.422 0 0
1500 68.1651 -32.4848 17.908 0.178057 -0.578805 440.311 0 0
1500 29.907 0.214338 17.8701 -0.455574 -0.0294298 440.585 0 0
1500 36.5025 -50.7331 17.9545 -0.333151 -0.839667 440.773 0 0
1500 66.7632 60.2949 17.8026 0.187691 0.96062 440.838 0 0
1500 67.955 41.1176 17.8826 0.104263 0.636916 440.869 0 0
1500 83.4823 -23.5929 18.503 0.54532 -0.422704 440.864 0 0
1500 8.64683 -32.3562 17.8642 -0.772929 -0.483793 440.959 0 0
1500 97.7999 30.6508 18.1238 0.685877 0.519245 440.957 0 0
1500 64.5256 -61.8662 17.82 0.108718 -0.966795 441.278 0 0
1500 25.4868 28.6147 17.9958 -0.553098 0.4431 441.289 0 0
1500 28.0806 0.00892708 17.8601 -0.482031 0.0759727 441.201 0 0
1500 24.4714 -3.80886 17.8586 -0.537408 0.0164812 441.302 0 0
1500 103.118 86.2221 17.8248 0.707442 1.43575 441.281 0 0
1500 122.837 33.3419 17.9007 1.11131 0.617053 441.026 0 0
1500 31.4114 48.6815 17.9628 -0.449559 0.776389 441.398 0 0
1500 103.998 20.9347 17.8396 0.723471 0.395878 441.351 0 0
1500 82.926 -53.2272 17.9223 0.393721 -0.828605 441.581 0 0
1500 13.1268 24.5928 17.9283 -0.755702 0.378962 441.582 0 0
1500 62.2175 13.6413 17.8925 0.0231312 0.246911 441.637 0 0
1500 45.287 0.30385 17.8316 -0.227443 -0.0475431 442.12 0 0
1500 106.566 22.9286 18.2432 0.848821 0.356047 441.652 0 0
1500 104.964 45.2442 17.799 0.753999 0.721551 441.872 0 0
1500 22.9694 52.0707 17.929 -0.585086 0.797486 441.987 0 0
1500 132.361 25.6337 17.8172 1.18603 0.347279 441.924 0 0
1500 104.983 -35.1883 17.9785 0.76243 -0.593325 442.411 0 0
1500 66.1585 -53.4178 17.9068 0.100876 -0.880525 442.443 0 0
1500 51.5143 32.2501 18.1544 -0.123038 0.538552 441.82 0 0
1500 5.1502 9.12831 17.8464 -0.824435 0.214182 442.351 0 0
1500 71.3548 -21.9269 17.8657 0.134736 -0.362208 441.846 0 0
1500 157.729 -47.1234 17.8966 1.67261 -0.708716 441.81 0 0
1500 81.7591 46.2521 18.7029 0.526571 0.910978 441.931 0 0
1500 51.2194 -54.2749 17.906 -0.126081 -0.892343 442.533 0 0
1500 66.1712 12.9477 18.4732 0.156756 0.267795 442.795 0 0
1500 31.0798 74.5951 17.8889 -0.526435 1.22701 442.813 0 0
1500 101.976 -43.7676 17.9761 0.712195 -0.716961 442.888 0 0
1500 78.3808 -3.35485 17.9291 0.359671 0.018895 442.913 0 0
1500 21.014 -30.3555 17.904 -0.56971 -0.557816 442.919 0 0
1500 66.5932 -22.3259 17.9926 0.178575 -0.423954 443.073 0 0
1500 104.679 12.268 18.2346 0.826161 0.169772 443.179 0 0
1500 49.5535 5.64687 17.8207 -0.0691126 0.124486 443.296 0 0
1500 79.9216 -15.3902 17.8414 0.32133 -0.284517 443.506 0 0
1500 97.4931 -45.0556 17.879 0.637865 -0.679276 443.79 0 0
1500 114.824 -35.2044 17.7979 0.844173 -0.58082 443.44 0 0
1500 91.0803 53.4411 17.8026 0.532777 0.82156 443.68 0 0
1500 118.254 -4.55367 18.1171 0.998417 -0.096945 443.309 0 0
1500 116.324 5.70319 18.1786 0.980761 0.114868 443.505 0 0
1500 106.261 -34.3256 17.8948 0.746476 -0.593539 443.505 0 0
1500 152.244 0.685599 17.8719 1.4922 0.0566415 443.502 0 0
1500 43.0447 9.6064 17.9586 -0.266465 0.219588 443.602 0 0
1500 167.908 -50.7122 18.0768 1.85641 -0.899269 443.681 0 0
1500 110.216 14.3944 17.8471 0.831951 0.288559 443.914 0 0
1500 79.1631 -26.4326 18.3003 0.343322 -0.431866 444.425 0 0
1500 17.9101 -24.0116 17.8532 -0.614353 -0.392634 444.374 0 0
1500 118.966 39.4657 17.8834 0.921578 0.618552 444.487 0 0
1500 -7.23142 18.3378 17.8362 -0.985107 0.345022 444.261 0 0
1500 81.9355 30.8538 18.4178 0.49366 0.507918 444.062 0 0
1500 75.7508 36.1611 17.8844 0.219116 0.606509 444.165 0 0
1500 54.2286 12.8054 17.8197 0.000872131 0.24556 444.038 0 0
1500 37.2584 12.0336 17.8283 -0.359337 0.144262 444.628 0 0
1500 77.8369 5.39556 17.8927 0.358052 0.149159 444.64 0 0
1500 68.6959 2.57442 17.9008 0.102626 0.00791518 444.686 0 0
1500 94.9186 21.0123 17.817 0.574334 0.342606 445.376 0 0
1500 64.2172 -65.4039 17.8896 0.109066 -1.0409 444.91 0 0
1500 34.2548 56.5741 17.8131 -0.336585 0.926373 445.242 0 0
1500 137.399 24.0643 17.8437 1.28533 0.381214 445.177 0 0
1500 68.17 -53.2802 17.8019 0.213472 -0.859793 444.89 0 0
1500 39.2184 -0.653249 17.8517 -0.274093 0.059835 445.519 0 0
1500 17.5933 -52.3466 17.9191 -0.613092 -0.84377 445.591 0 0
1500 109.099 -28.231 17.8169 0.849554 -0.41826 445.566 0 0
1500 22.7602 9.23418 17.8482 -0.545047 0.0798561 445.665 0 0
1500 72.1243 52.3507 18.4637 0.314289 0.93748 445.719 0 0
1500 111.884 25.8051 18.0608 0.86311 0.454088 445.795 0 0
1500 108.585 30.995 18.0255 0.86132 0.54964 445.882 0 0
1500 54.5181 -53.6318 17.8988 -0.0303729 -0.833456 445.928 0 0
1500 82.3279 43.6228 17.8651 0.364216 0.689071 446.169 0 0
1500 7.83011 -37.5728 17.9328 -0.802857 -0.597456 446.275 0 0
1500 107.692 6.87842 17.8459 0.793141 0.180052 446.196 0 0
1500 86.7453 -8.65198 17.8349 0.52299 -0.122292 446.278 0 0
1500 116.472 -207.198 17.8261 0.985491 -3.31436 446.149 0 0
1500 79.8647 -12.9191 18.4326 0.365282 -0.263499 446.293 0 0
1500 75.4261 -32.1131 17.9072 0.25481 -0.569986 446.452 0 0
1500 68.2914 -42.6614 17.9049 0.164211 -0.671588 446.531 0 0
1500 77.5089 30.6099 17.8727 0.292913 0.499364 446.853 0 0
1500 15.2505 41.5989 17.8431 -0.629187 0.667854 446.577 0 0
1500 60.5973 -65.7034 17.9203 0.0231465 -1.02213 446.872 0 0
1500 121.426 14.599 17.9081 1.00794 0.264074 446.614 0 0
1500 60.5839 78.5721 17.8823 0.0369482 1.24664 447.083 0 0
1500 62.9849 40.4946 18.1645 0.0843396 0.682011 446.908 0 0
1500 71.7984 -69.987 17.9244 0.252518 -1.13956 446.505 0 0
1500 94.4743 17.577 18.0878 0.559175 0.338114 447.059 0 0
1500 85.8471 -42.463 17.8822 0.508412 -0.657316 447.015 0 0
1500 30.3785 39.7716 17.8094 -0.455642 0.683094 446.969 0 0
1500 68.9354 20.1473 17.8997 0.231844 0.36895 447.058 0 0
1500 110.963 55.3138 18.1177 0.947177 0.904594 447.115 0 0
1500 38.2187 -29.307 18.1062 -0.386835 -0.467503 446.827 0 0
1500 82.4254 -30.1669 17.9936 0.395407 -0.483198 447.204 0 0
1500 53.5773 -50.0046 17.9119 -0.084242 -0.772152 447.255 0 0
1500 48.0854 65.094 17.8105 -0.123749 1.02306 447.314 0 0
1500 48.1453 38.3589 18.0019 -0.131807 0.664719 447.332 0 0
1500 20.7455 11.9069 17.9999 -0.571342 0.170991 447.502 0 0
1500 79.7338 -20.3256 17.9486 0.325942 -0.353073 448.312 0 0
1500 21.1156 -6.48627 17.9354 -0.565695 -0.127613 448.326 0 0
1500 75.392 28.6948 18.673 0.33468 0.490742 448.031 0 0
1500 110.331 -14.0252 17.8786 0.877495 -0.220996 447.418 0 0
1500 108.883 -39.6469 17.8718 0.839342 -0.598966 448.683 0 0
1500 92.5159 -54.9449 17.8889 0.50144 -0.891744 448.708 0 0
1500 42.0394 61.5862 17.7986 -0.269487 0.992947 448.638 0 0
1500 63.4571 44.0084 18.1724 0.14029 0.739921 448.646 0 0
1500 83.691 -39.514 17.8772 0.442843 -0.668991 448.183 0 0
1500 78.9163 -55.0282 17.8692 0.364201 -0.8935 449.157 0 0
1500 114.606 -9.09986 17.8711 0.907155 -0.200569 448.877 0 0
1500 69.8647 -28.8873 17.9158 0.17222 -0.522041 447.649 0 0
1500 85.24 -10.4109 17.9838 0.452121 -0.237121 447.823 0 0
1500 71.5493 -42.5509 17.8321 0.285453 -0.652326 447.907 0 0
1500 66.1977 47.9684 17.8864 0.188316 0.787001 448.567 0 0
1500 88.2618 39.7299 17.8849 0.524981 0.659238 448.724 0 0
1500 81.2614 -18.952 18.2199 0.441523 -0.35864 448.666 0 0
1500 20.8631 9.93794 18.0101 -0.623474 0.143331 448.594 0 0
1500 30.5149 12.9457 17.8282 -0.401837 0.27416 448.909 0 0
1500 88.677 121.557 17.8856 0.46317 1.99218 448.392 0 0
1500 59.4513 -33.0444 17.9568 -0.0468054 -0.54552 448.555 0 0
1500 35.0798 -22.8515 17.9422 -0.334588 -0.384549 449.55 0 0
1500 55.7473 -38.4158 17.9392 -0.0457032 -0.604258 449.309 0 0
1500 112.566 35.3552 17.8679 0.839901 0.575409 449.186 0 0
1500 26.2139 -58.6038 17.8715 -0.524249 -0.885448 449.289 0 0
1500 106.983 40.8508 17.8242 0.772137 0.634592 449.611 0 0
1500 108.165 -38.5384 18.0262 0.836511 -0.599589 449.295 0 0
1500 115.868 15.8404 17.878 0.933847 0.290213 449.63 0 0
1500 114.303 -22.0806 17.8792 0.912988 -0.28211 449.432 0 0
1500 106.815 -2.36391 17.9831 0.786633 -0.108854 449.239 0 0
1500 40.0883 -22.8554 17.9872 -0.275975 -0.428103 449.168 0 0
1500 144.23 -103.535 17.8688 1.40829 -1.61029 449.392 0 0
1500 94.0576 38.7038 17.8801 0.602029 0.659014 449.581 0 0
1500 77.0594 -5.10429 18.0931 0.38981 -0.0340752 449.545 0 0
1500 73.5085 -11.2752 17.9374 0.321274 -0.137628 449.232 0 0
1500 34.9517 -16.5363 17.913 -0.42359 -0.276565 449.409 0 0
1500 18.0769 16.292 18.163 -0.692361 0.220236 449.297 0 0
1500 46.7894 137.702 18.3031 -0.178075 2.53393 449.473 0 0
1500 80.5641 33.9518 17.8287 0.339733 0.546986 449.791 0 0
1500 90.2864 30.2478 17.827 0.478164 0.495647 449.645 0 0
1500 20.0442 -39.8647 17.9092 -0.630868 -0.644047 449.812 0 0
1500 59.5285 -38.4547 17.9096 -0.0420289 -0.614311 449.66 0 0
1500 45.8442 -31.0558 18.3915 -0.230415 -0.521392 449.724 0 0
1500 87.3117 -0.72871 18.7876 0.621408 0.0243616 449.883 0 0
1500 32.6501 34.5598 17.907 -0.456094 0.512763 449.863 0 0
1500 64.7408 39.024 17.9279 0.158934 0.59329 450.346 0 0
1500 -5.27416 -6.82693 17.8741 -0.974838 -0.128639 449.918 0 0
1500 125.508 3.7734 17.8646 1.04691 -0.00515775 450.491 0 0
1500 122.723 -15.4118 17.8646 1.00591 -0.289311 450.474 0 0
1500 79.7328 26.9418 18.4369 0.415985 0.477885 449.954 0 0
1500 66.1587 -48.756 17.9036 0.0600025 -0.767653 450.157 0 0
1500 104.61 -18.0224 17.8554 0.781799 -0.234634 450.207 0 0
1500 67.9965 14.7356 18.0293 0.244218 0.269999 449.898 0 0
1500 86.7344 29.2495 18.0104 0.542421 0.440504 450.054 0 0
1500 18.8937 -79.0668 17.8659 -0.676631 -1.25372 450.479 0 0
1500 62.0457 4.23373 18.2851 0.0974122 0.125216 451.385 0 0
1500 61.0268 31.8869 17.8893 -0.00773763 0.489929 450.831 0 0
1500 61.7313 -39.9971 17.9924 0.0338249 -0.61945 450.934 0 0
1500 72.8636 1.21542 17.8399 0.275732 0.0266344 451.192 0 0
1500 80.0478 -62.3778 17.8646 0.371369 -0.978371 450.926 0 0
1500 125.014 -1.62006 17.8742 1.04384 0.0263755 451.399 0 0
1500 77.8287 62.5408 17.8744 0.355323 0.979506 450.612 0 0
1500 115.327 -23.0159 17.8626 0.939057 -0.323377 450.898 0 0
1500 -1.08637 -10.4827 17.8938 -0.95456 -0.177365 451.319 0 0
1500 91.6985 -45.7162 17.8111 0.56762 -0.745007 450.943 0 0
1500 85.7725 -37.1751 17.9259 0.423164 -0.644752 451.314 0 0
1500 66.9747 40.1707 17.8096 0.0975361 0.690138 451.079 0 0
1500 102.189 -0.872501 17.9367 0.772786 0.0472238 450.926 0 0
1500 129.749 13.2247 18.3381 1.29374 0.238208 451.153 0 0
1500 -2.60411 14.6458 17.8925 -0.973968 0.200656 451.555 0 0
1500 65.0277 -8.20766 17.8723 0.170246 -0.181469 451.422 0 0
1500 95.9492 9.11406 18.1433 0.634283 0.12196 451.921 0 0
1500 102.497 -21.6169 17.8848 0.707741 -0.313926 452.127 0 0
1500 87.0272 59.331 17.8745 0.484921 0.918572 451.585 0 0
1500 105.65 44.8419 17.8748 0.756246 0.70525 451.702 0 0
1500 114.971 29.0326 17.8766 0.885885 0.470723 452.21 0 0
1500 -7.99998 7.10158 17.804 -1.03867 0.0702773 452.378 0 0
1500 74.4044 5.94824 18.6762 0.399652 0.148547 451.993 0 0
1500 45.2588 65.3688 17.804 -0.162771 1.03522 452.441 0 0
1500 94.5848 -27.6706 17.9465 0.627183 -0.477207 452.435 0 0
1500 104.191 -11.1138 17.8823 0.755794 -0.235197 452.562 0 0
1500 80.3252 -0.917467 17.9552 0.44294 0.0095964 452.082 0 0
1500 8.93073 25.7368 17.8942 -0.823877 0.498965 452.67 0 0
1500 80.9328 66.41 17.8719 0.407962 1.10185 452.746 0 0
1500 74.4344 -21.0425 17.8964 0.305351 -0.30154 453.118 0 0
1500 114.04 32.721 17.8733 0.911083 0.504234 453.073 0 0
1500 60.7255 -42.7818 17.8559 0.112728 -0.696196 452.902 0 0
1500 83.2947 -12.0412 17.9159 0.477379 -0.144314 452.844 0 0
1500 84.1024 15.77 17.9721 0.469401 0.302979 453.145 0 0
1500 33.668 -27.5144 17.9726 -0.372872 -0.435582 453.367 0 0
1500 110.245 43.0558 17.7935 0.74312 0.71123 453.221 0 0
1500 117.713 21.1418 17.8031 0.966692 0.293123 453.389 0 0
1500 47.6399 -39.0504 17.9334 -0.147269 -0.677524 453.374 0 0
1500 55.6151 -17.879 17.9994 0.028977 -0.301923 453.636 0 0
1500 39.4022 21.372 17.9823 -0.305364 0.327888 453.585 0 0
1500 56.1314 -0.68032 17.8281 -0.0543508 0.0557229 453.475 0 0
1500 106.286 -13.0622 17.8786 0.730348 -0.243788 453.444 0 0
1500 -34.0574 -11.2833 17.8151 -1.38239 -0.191694 453.535 0 0
1500 78.7171 63.0655 17.7928 0.269158 1.00639 453.542 0 0
1500 118.407 7.59929 17.9372 0.973705 0.0604478 453.601 0 0
1500 150.575 -32.4501 17.8284 1.47458 -0.454533 453.455 0 0
1500 99.459 -12.8704 17.933 0.649366 -0.274697 453.412 0 0
1500 38.8779 -3.15708 18.1 -0.336954 0.000477798 453.735 0 0
1500 52.2423 -9.07851 18.6713 -0.0967831 -0.0909832 453.596 0 0
1500 65.9564 21.4965 18.0956 0.111918 0.360303 453.905 0 0
1500 110.238 -21.4445 18.4896 0.931886 -0.403914 453.905 0 0
1500 58.98 20.8453 17.9336 -0.00941515 0.343874 454.265 0 0
1500 72.9715 35.4185 17.837 0.280334 0.504096 454.162 0 0
1500 99.407 38.6755 17.8559 0.638655 0.611177 454.541 0 0
1500 53.7158 65.1002 17.7953 -0.0259291 1.01075 454.381 0 0
1500 93.9061 57.6075 17.7934 0.48744 0.909381 454.689 0 0
1500 75.0672 -60.5139 17.9714 0.253715 -0.974506 454.269 0 0
1500 88.2803 -56.282 17.8111 0.516151 -0.883593 454.22 0 0
1500 99.484 -4.89859 18.1439 0.686433 -0.148775 454.128 0 0
1500 105.591 -22.4789 17.8771 0.777174 -0.406946 454.418 0 0
1500 86.1008 8.65341 17.9106 0.501509 0.0812614 454.595 0 0
1500 100.449 35.7024 18.0736 0.675161 0.635892 454.56 0 0
1500 78.0848 -41.8507 17.9331 0.345058 -0.64054 455.298 0 0
1500 7.95998 0.532856 17.9036 -0.769105 -0.0106589 455.555 0 0
1500 17.6126 -26.0095 17.9049 -0.631284 -0.386038 455.675 0 0
1500 97.2432 -15.2675 18.2916 0.716754 -0.263265 455.358 0 0
1500 73.647 25.7417 18.4074 0.337078 0.458096 455.302 0 0
1500 -4.86113 -7.5398 17.8528 -0.991429 -0.181623 454.8 0 0
1500 101.838 9.26543 17.9633 0.731689 0.204234 454.806 0 0
1500 95.3491 -2.61218 18.1846 0.638487 0.0322374 455.585 0 0
1500 100.122 -41.8294 17.8737 0.631602 -0.732107 455.72 0 0
1500 26.5381 -8.07297 18.0045 -0.586343 -0.196844 455.035 0 0
1500 132.411 -55.3085 18.298 1.41804 -0.979959 455.614 0 0
1500 89.555 36.1282 17.9589 0.470406 0.579468 456.085 0 0
1500 100.074 -51.1178 17.9164 0.63402 -0.830155 455.957 0 0
1500 70.3993 -56.7016 17.9266 0.235369 -0.934841 456.099 0 0
1500 5.6211 47.5109 17.8886 -0.88443 0.832019 456.201 0 0
1500 39.8501 25.357 18.1393 -0.29519 0.532801 455.983 0 0
1500 35.3128 19.8755 18.359 -0.493037 0.376884 456.107 0 0
1500 83.0193 65.0249 17.8021 0.387234 1.01344 456.471 0 0
1500 100.52 -33.1493 17.9951 0.700168 -0.567178 456.438 0 0
1500 66.9368 -33.8618 17.8712 0.202238 -0.573841 456.525 0 0
1500 62.2899 -0.778225 17.8736 0.120746 0.0271091 456.717 0 0
1500 116.053 26.1705 17.8675 0.91148 0.362568 457.143 0 0
1500 52.0639 64.7756 17.8415 -0.0881803 1.01798 457.104 0 0
1500 59.1994 -41.7544 18.0572 -0.0251331 -0.662067 457.082 0 0
1500 52.2049 -34.1397 18.0605 -0.132628 -0.547776 456.823 0 0
1500 87.2738 -26.0139 17.8684 0.515685 -0.450699 456.742 0 0
1500 41.6309 13.4825 17.942 -0.237058 0.287228 456.793 0 0
1500 46.4714 -7.30877 17.8517 -0.202824 -0.18954 456.856 0 0
1500 71.2961 -3.30455 17.8524 0.18608 -0.126924 456.81 0 0
1500 73.5143 1.84699 17.9795 0.33349 -0.000823116 456.655 0 0
1500 3.07305 30.1676 17.8993 -0.948462 0.50456 456.871 0 0
1500 103.926 40.0397 18.1464 0.83757 0.672846 457.052 0 0
1500 70.7865 24.3288 17.973 0.157931 0.398872 457.52 0 0
1500 109.19 -10.6643 17.8557 0.783724 -0.200101 457.749 0 0
1500 116.362 24.8712 17.9533 0.903892 0.414364 457.696 0 0
1500 -7.16504 9.20668 17.9192 -1.02325 0.165911 457.759 0 0
1500 56.7598 -41.1251 17.8397 -0.0411437 -0.709505 457.721 0 0
1500 88.2286 -3.88152 18.5644 0.649378 -0.121143 457.617 0 0
1500 113.647 -11.3432 18.4119 1.1228 -0.253319 457.274 0 0
1500 88.8772 -6.02274 18.6839 0.575177 -0.0442712 458.999 0 0
1500 70.2135 -26.0491 18.0481 0.176082 -0.428811 458.589 0 0
1500 84.4183 -17.5991 17.9919 0.430145 -0.300173 459.565 0 0
1500 86.5222 3.06526 17.8638 0.464217 0.0106485 459.437 0 0
1500 73.231 -38.8903 17.9348 0.225263 -0.617305 459.457 0 0
1500 78.1618 64.5702 17.858 0.370543 0.980543 458.922 0 0
1500 96.4983 -15.2516 18.2906 0.712865 -0.214098 458.084 0 0
1500 120.737 13.3885 17.8702 1.01295 0.174621 458.718 0 0
1500 106.402 -41.9784 17.87 0.798329 -0.651543 458.768 0 0
1500 30.6489 55.9093 17.8317 -0.488093 0.833415 458.057 0 0
1500 58.7144 -65.8145 17.8516 0.0553635 -1.04056 459.677 0 0
1500 83.0419 -5.48183 18.1966 0.492373 -0.127455 458.002 0 0
1500 104.316 -26.8611 17.8576 0.763785 -0.462457 459.051 0 0
1500 92.6554 13.7237 17.9267 0.596228 0.269864 458.522 0 0
1500 72.9345 -21.5952 17.908 0.176437 -0.380224 458.133 0 0
1500 20.3764 -22.7372 17.8973 -0.633516 -0.39305 458.942 0 0
1500 78.0139 51.9076 17.8273 0.307848 0.866281 459.688 0 0
1500 122.958 80.698 17.8254 1.07936 1.25143 458.843 0 0
1500 28.7328 69.3703 17.8472 -0.439686 1.18527 459.271 0 0
1500 100.008 -38.546 17.9714 0.772407 -0.646336 459.214 0 0
1500 60.7679 -58.1659 18.3604 0.112679 -1.0751 458.124 0 0
1500 42.0004 -29.7665 18.1838 -0.301742 -0.586602 458.16 0 0
1500 51.7226 -20.0269 18.5213 -0.0647049 -0.440499 458.953 0 0
1500 73.8044 4.61568 18.1378 0.315963 0.0798796 460.305 0 0
1500 77.688 0.400087 17.9772 0.334651 0.0589201 459.929 0 0
1500 71.3265 -3.43279 18.5217 0.31852 -0.00984264 460.529 0 0
1500 61.8258 10.9714 17.9322 0.12977 0.172136 460.861 0 0
1500 112.526 -20.673 17.8665 0.851719 -0.269333 460.99 0 0
1500 121.667 -3.88568 17.8542 0.981801 -0.102134 461.035 0 0
1500 68.3896 -76.4501 17.8883 0.133162 -1.21126 460.536 0 0
1500 123.089 0.899666 17.797 1.03585 -0.0214286 460.714 0 0
1500 109.142 -34.2204 17.8013 0.800699 -0.529019 462.934 0 0
1500 42.2442 -63.619 17.8831 -0.288421 -0.990411 460.975 0 0
1500 105.246 26.7708 17.8198 0.764322 0.39242 462.411 0 0
1500 13.6802 48.4329 17.89 -0.662175 0.787888 462.266 0 0
1500 87.0996 62.9409 17.8309 0.407731 1.01551 461.282 0 0
1500 30.444 -41.6826 18.0004 -0.463008 -0.671334 460.71 0 0
1500 -4.49102 -6.41828 17.804 -1.00639 -0.135686 461.477 0 0
1500 39.0798 -62.4576 17.8029 -0.349643 -0.973266 461.809 0 0
1500 28.2612 -53.5528 17.7988 -0.481581 -0.837112 463.945 0 0
1500 60.3405 65.36 17.8207 0.0132335 1.03844 463.191 0 0
1500 53.3203 -50.4504 18.0728 -0.0684335 -0.832496 461.85 0 0
1500 78.6033 -20.81 18.085 0.318924 -0.390366 460.813 0 0
1500 108.462 -2.93866 18.1306 0.873092 -0.039047 462.285 0 0
1500 44.0999 17.3468 18.222 -0.177718 0.340039 461.28 0 0
1500 85.7497 56.1411 17.8732 0.496808 0.860717 463.254 0 0
1500 -2.05107 79.3372 17.8167 -0.877265 1.28153 461.82 0 0
1500 67.8781 4.3639 18.1129 0.231742 0.122284 464.517 0 0
1500 69.2368 32.0934 18.3354 0.215164 0.556903 463.88 0 0
1500 57.4231 -22.5736 18.3301 0.0244681 -0.407853 464.017 0 0
1500 100.523 -20.2031 17.859 0.721315 -0.349956 463.212 0 0
1500 63.4536 14.2446 17.8716 0.16241 0.246826 463.044 0 0
1500 88.6488 -25.397 17.9523 0.531854 -0.451717 464.459 0 0
1500 36.2226 -60.5421 17.8815 -0.381512 -0.98862 464.62 0 0
1500 69.1488 10.7989 17.8535 0.0963212 0.162451 464.615 0 0
1500 120.951 29.8607 18.0587 1.08439 0.58638 461.85 0 0
1500 16.8907 -17.3535 17.9073 -0.74616 -0.230093 464.178 0 0
1500 124.097 42.9848 18.0062 1.19356 0.778773 463.748 0 0
1500 57.089 7.32105 18.0043 0.0132601 0.204937 464.335 0 0
1500 63.38 -44.9364 17.8114 0.0291302 -0.694756 465.613 0 0
1500 107.606 -41.0331 17.8259 0.707581 -0.659473 465.864 0 0
1500 25.3905 -58.0676 17.8946 -0.52788 -0.886725 466.313 0 0
1500 118.243 -26.6184 17.8463 0.955221 -0.431233 465.808 0 0
1500 56.3844 -53.7988 18.0334 0.0207046 -0.885331 464.713 0 0
1500 100.926 -14.3641 17.9721 0.67844 -0.296333 465.118 0 0
1500 88.358 33.6859 17.95 0.52776 0.574295 465.485 0 0
1500 82.1772 42.3847 17.9479 0.431909 0.70509 465.69 0 0
1500 68.6628 15.8546 17.9888 0.112101 0.274299 464.729 0 0
1500 61.5469 81.5701 17.8843 0.0790666 1.40583 466.132 0 0
1500 77.3473 -2.09768 17.9341 0.331566 0.00924779 466.659 0 0
1500 79.6471 -0.417089 18.6657 0.455841 0.0107913 468.713 0 0
1500 71.1162 21.4899 18.2212 0.21167 0.362698 468.618 0 0
1500 99.8263 -22.1215 18.0247 0.679935 -0.327574 467.957 0 0
1500 96.6438 -6.56947 17.8437 0.615622 -0.0856385 467.839 0 0
1500 10.73 -35.8195 17.901 -0.728217 -0.551912 467.587 0 0
1500 60.365 -24.1461 17.8728 0.0956983 -0.374241 469.52 0 0
1500 -17.3533 -8.99193 17.7985 -1.14436 -0.0762701 467.632 0 0
1500 11.6936 -46.2699 17.8127 -0.730368 -0.749435 468.128 0 0
1500 21.6656 -45.9109 17.8186 -0.565555 -0.752561 469.439 0 0
1500 53.0629 34.4004 18.0814 -0.108663 0.567417 467.474 0 0
1500 8.41831 29.388 17.9539 -0.780358 0.501818 468.714 0 0
1500 43.1775 -9.77274 18.3262 -0.21077 -0.208583 468.235 0 0
1500 53.6523 -15.6251 18.2473 -0.0715053 -0.287502 469.834 0 0
1500 55.9735 5.54001 18.2496 -0.0360816 0.036329 469.686 0 0
1500 52.8987 -36.3544 17.9815 -0.136996 -0.55744 469.426 0 0
1500 44.2401 19.9902 17.9859 -0.271798 0.31284 469.117 0 0
1500 53.357 8.57945 17.982 -0.0731603 0.208893 468.878 0 0
1500 65.5185 16.2393 18.1539 0.157156 0.32624 469.706 0 0
1500 48.7742 14.616 18.1547 -0.100123 0.301558 469.652 0 0
1500 36.9853 -26.4074 18.091 -0.374485 -0.403995 468.989 0 0
1500 59.0979 28.1842 17.8589 0.0389135 0.521507 468.682 0 0
1500 69.6383 35.8217 18.447 0.20083 0.625202 468.279 0 0
1500 55.7063 45.0678 18.1889 -0.0375019 0.845066 467.434 0 0
1500 51.7226 17.0415 18.2293 -0.158879 0.330582 468.55 0 0
1500 93.8251 -37.2308 17.9475 0.564053 -0.584464 469.919 0 0
1500 -3.34806 4.59577 17.8407 -0.938166 0.112556 469.976 0 0
1500 68.0198 17.561 18.5791 0.265893 0.335627 470.039 0 0
1500 66.674 -24.336 18.0668 0.136122 -0.40582 471.786 0 0
1500 54.1673 -5.73269 17.9867 -0.0337749 -0.148729 471.92 0 0
1500 86.4311 20.7915 17.9579 0.45633 0.345382 471.501 0 0
1500 5.45351 -12.7605 17.8243 -0.791119 -0.241799 470.847 0 0
1500 -1.37348 -30.1377 17.8598 -0.888288 -0.507044 470.281 0 0
1500 101.592 -39.3869 17.939 0.703702 -0.588894 472.25 0 0
1500 115.455 -5.80735 17.9395 0.901026 -0.108669 472.319 0 0
1500 92.1845 -55.244 17.9961 0.551482 -0.884222 470.364 0 0
1500 41.2778 64.1706 17.9117 -0.235034 1.00968 472.128 0 0
1500 62.5082 27.1052 18.3287 0.117072 0.484593 470.265 0 0
1500 87.3882 -37.4169 17.9882 0.468142 -0.646323 470.179 0 0
1500 -4.69004 0.858595 17.9632 -0.994324 0.0158682 471.424 0 0
1500 80.9296 54.0992 17.9247 0.335141 0.887913 471.826 0 0
1500 97.3872 25.1272 18.1401 0.651201 0.452629 471.962 0 0
1500 45.9474 20.5865 17.935 -0.165636 0.404794 470.961 0 0
1500 124.505 -162.372 17.869 1.15088 -2.63803 471.182 0 0
1500 140.777 -27.8353 18.2349 1.48733 -0.49712 471.567 0 0
1500 75.7945 21.1078 18.2266 0.351115 0.306137 474.886 0 0
1500 28.2212 65.2006 17.8038 -0.507165 0.950958 472.768 0 0
1500 53.4929 16.065 17.9809 -0.0634559 0.290553 476.57 0 0
1500 60.9051 13.649 18.0771 0.0262921 0.243733 478.333 0 0
1500 88.4437 -55.2739 17.9033 0.435165 -0.897178 473.767 0 0
1500 111.85 36.1534 17.9771 0.875059 0.572646 475.266 0 0
1500 77.8913 -37.8802 18.2876 0.33424 -0.648803 473.145 0 0
1500 61.831 19.0938 18.2489 0.0372825 0.30301 473.53 0 0
1500 118.866 10.8749 17.8218 0.976519 0.209435 475.05 0 0
1500 90.9072 20.7165 17.8909 0.557713 0.383675 474.299 0 0
1500 72.5275 65.1165 17.8969 0.303562 1.08177 472.858 0 0
1500 0.587607 28.9005 17.7936 -0.936836 0.442247 477.209 0 0
1500 78.3954 49.3492 17.8741 0.349393 0.819872 476.086 0 0
1500 26.757 46.4949 17.8741 -0.436833 0.776437 476.084 0 0
1500 90.4124 55.7342 17.8662 0.520613 0.896856 477.567 0 0
1500 76.2544 -6.88584 18.1431 0.359784 -0.0412757 476.46 0 0
1500 104.093 -6.46773 17.8488 0.77123 -0.0519564 475.926 0 0
1500 84.9051 35.1494 18.206 0.485243 0.598983 477.4 0 0
1500 117.841 23.3435 17.8296 0.953788 0.297212 478.157 0 0
1500 101.52 -27.7864 17.8366 0.718994 -0.480175 477.14 0 0
1500 52.3998 3.77063 18.2069 -0.113949 0.049931 477.303 0 0
1500 7.88784 -11.389 17.9666 -0.819243 -0.186487 478.099 0 0
1500 61.632 -19.5329 17.9835 -0.00183615 -0.316852 476.751 0 0
1500 53.0057 -28.9241 18.0278 -0.0282419 -0.518889 477.434 0 0
1500 73.7304 70.1163 17.9478 0.308495 1.20151 474.41 0 0
1500 91.8572 -20.4807 18.0223 0.553156 -0.405606 475.535 0 0
1500 144.762 9.0907 18.2089 1.57509 0.174124 473.754 0 0
1500 5.78116 83.3431 17.8721 -0.909564 1.40893 476.37 0 0
1500 104.794 35.29 18.1744 0.820216 0.675428 474.83 0 0
1500 105.817 55.8995 18.0711 0.770123 1.00361 475.864 0 0
1500 52.3305 -52.69 17.9311 -0.0936426 -0.953716 476.697 0 0
1500 22.2114 -48.8474 18.2343 -0.590215 -0.929472 477.475 0 0
1500 90.5729 14.3262 18.4749 0.668863 0.336578 477.143 0 0
1500 93.7895 55.5113 17.8213 0.578265 0.872155 478.462 0 0
1500 69.5313 -5.40824 18.1635 0.269043 -0.142291 478.799 0 0
1500 63.9326 -20.3202 17.8873 0.172478 -0.338883 478.485 0 0
1500 118.921 11.0841 18.0373 1.05212 0.115672 478.506 0 0
1500 85.0519 -25.9711 18.0652 0.449641 -0.415348 479.589 0 0
1500 111.085 -13.6998 18.0506 0.843929 -0.221739 479.671 0 0
1500 -5.65546 5.5356 17.7952 -1.00476 0.0904953 478.902 0 0
1500 19.7993 24.9808 17.8093 -0.616574 0.364177 480.779 0 0
1500 65.9742 57.8661 17.8733 0.150891 0.89394 480.171 0 0
1500 69.2464 37.3989 17.8855 0.194306 0.589976 481.424 0 0
1500 65.4667 64.1166 17.8381 0.166731 0.974642 479.891 0 0
1500 120.092 21.7822 17.8355 0.968727 0.364404 479.192 0 0
1500 123.358 -1.08078 17.823 1.01685 0.0323619 479.118 0 0
1500 122.404 -9.98828 17.9673 1.03877 -0.136633 479.508 0 0
1500 101.152 4.52488 18.7222 0.819834 0.0703498 480.058 0 0
1500 90.9679 56.9419 17.8673 0.513175 0.902667 479.918 0 0
1500 113.268 15.2007 18.1908 0.935934 0.253217 479.579 0 0
1500 47.1382 -62.5805 17.88 -0.203851 -0.993929 479.154 0 0
1500 106.341 25.8419 17.8295 0.79564 0.410713 480.149 0 0
1500 107.217 -39.0513 17.8236 0.813252 -0.601132 480.672 0 0
1500 99.0778 -53.0765 17.8215 0.67901 -0.797929 481.84 0 0
1500 59.3636 -3.20531 18.4397 0.0325053 -0.0819935 480.217 0 0
1500 109.155 8.73237 18.1086 0.834966 0.198176 481.137 0 0
1500 30.6976 -60.2622 17.8476 -0.462344 -0.936602 481.794 0 0
1500 85.3337 -29.8758 17.8721 0.481838 -0.514121 479.461 0 0
1500 91.7365 35.4178 18.0056 0.611049 0.548171 480.627 0 0
1500 73.8959 -23.2985 17.9957 0.246675 -0.434675 480.42 0 0
1500 109.951 -37.2936 18.1714 0.911857 -0.607329 481.151 0 0
1500 52.2986 -34.172 18.0203 -0.140897 -0.523134 481.378 0 0
1500 73.975 43.802 18.121 0.296087 0.827648 481.65 0 0
1500 101.717 -72.1426 18.1308 0.757971 -1.34155 481.028 0 0
1500 87.1799 14.2079 18.2389 0.496262 0.24774 482.385 0 0
1500 109.631 -26.9874 17.864 0.813484 -0.408102 482.936 0 0
1500 51.9689 -1.99453 17.986 -0.115075 -0.0778735 486.242 0 0
1500 99.2014 0.888597 17.8403 0.651424 -0.00079423 484.896 0 0
1500 11.0402 -38.6883 17.8531 -0.732553 -0.59916 483.759 0 0
1500 66.3183 -20.7828 17.905 0.161265 -0.348738 486.084 0 0
1500 113.45 -9.34473 17.8885 0.836975 -0.192957 484.602 0 0
1500 122.781 -15.1087 17.8793 0.993012 -0.281682 482.983 0 0
1500 63.2644 -64.588 17.8582 0.1329 -0.986684 483.596 0 0
1500 66.1097 -5.62439 18.023 0.201855 -0.0688492 487.057 0 0
1500 6.05824 -13.1531 17.8677 -0.82918 -0.205216 483.884 0 0
1500 41.6318 -7.40171 17.8853 -0.295149 -0.116138 486.61 0 0
1500 102.299 25.4497 18.0813 0.769765 0.413931 482.766 0 0
1500 -2.16108 -23.9668 17.8018 -0.954754 -0.361884 484.831 0 0
1500 21.7008 -55.5411 17.8017 -0.606157 -0.823869 484.801 0 0
1500 8.5225 -22.7145 17.8079 -0.833501 -0.358608 481.964 0 0
1500 111.387 -24.097 17.8806 0.831527 -0.438832 482.687 0 0
1500 68.5624 -58.691 17.8812 0.173603 -0.912912 486.287 0 0
1500 103.318 -48.6849 17.8747 0.6894 -0.78834 484.598 0 0
1500 68.345 -36.0673 17.8953 0.166947 -0.575849 487.761 0 0
1500 90.9603 -53.0274 17.8768 0.516889 -0.867949 483.369 0 0
1500 75.8217 -63.3461 17.8752 0.283134 -0.998407 484.986 0 0
1500 105.857 -14.4891 17.8875 0.814565 -0.217759 482.143 0 0
1500 107.993 44.3604 17.8767 0.816297 0.656384 484.621 0 0
1500 101.737 40.1927 17.8841 0.705267 0.579473 486.446 0 0
1500 123.141 7.31691 17.8767 1.04229 0.111469 484.423 0 0
1500 47.8566 54.1949 18.0314 -0.125589 0.892317 483.785 0 0
1500 116.581 -27.2039 17.8458 0.92939 -0.458096 484.542 0 0
1500 22.6262 -51.0841 17.7947 -0.614196 -0.757446 483.885 0 0
1500 83.5644 -43.8066 17.9373 0.440422 -0.732891 483.718 0 0
1500 72.9187 -13.8945 18.524 0.25748 -0.250115 492.468 0 0
1500 81.8095 -27.675 17.8774 0.439501 -0.397226 484.653 0 0
1500 65.6174 -6.39841 18.3554 0.211225 -0.1693 484.124 0 0
1500 86.0879 8.89977 17.8394 0.480193 0.0739197 482.871 0 0
1500 56.8808 -5.11405 17.8454 0.0248307 -0.145525 482.481 0 0
1500 45.9702 -53.6774 17.8264 -0.133291 -0.826437 488.737 0 0
1500 15.7315 -8.32739 17.8976 -0.699811 -0.0759327 484.165 0 0
1500 88.7741 -5.29385 17.9837 0.566083 -0.107323 484.353 0 0
1500 69.8222 -36.4064 17.815 0.103567 -0.58146 483.798 0 0
1500 100.153 62.8121 18.288 0.776889 1.08933 481.903 0 0
1500 83.5639 -61.2946 17.8539 0.440932 -0.932376 488.788 0 0
1500 53.4069 45.6012 18.066 -0.10109 0.738201 486.44 0 0
1500 48.8604 37.4933 17.9156 -0.0865129 0.641584 485.612 0 0
1500 17.0829 -49.6696 17.8147 -0.57385 -0.789271 490.907 0 0
1500 96.5337 33.3619 18.2592 0.64717 0.602758 485.743 0 0
1500 57.4886 -32.5413 17.8631 0.0266955 -0.575873 486.905 0 0
1500 87.6999 90.9407 17.8365 0.477355 1.48166 487.184 0 0
1500 108.996 -38.7234 17.8539 0.841063 -0.585689 489.855 0 0
1500 90.1843 -25.0456 17.8696 0.577576 -0.393284 487.787 0 0
1500 36.131 33.3777 17.9182 -0.367077 0.481465 494.245 0 0
1500 209.375 51.9459 17.8605 2.41808 0.915631 485.594 0 0
1500 93.0758 18.905 18.0891 0.643762 0.258649 488.664 0 0
1500 59.0284 43.6832 17.8987 0.0760954 0.72832 489.007 0 0
1500 3.93387 122.265 17.9949 -0.945461 2.17626 482.646 0 0
1500 80.5931 20.2236 17.8795 0.378862 0.388117 490.066 0 0
1500 4.56168 -51.6677 18.0084 -0.855386 -0.858162 490.518 0 0
1500 82.6344 -13.0122 17.8445 0.356435 -0.276122 490.43 0 0
1500 40.6514 -24.7829 17.9086 -0.268016 -0.408912 497.939 0 0
1500 22.9587 -19.445 17.867 -0.553292 -0.376421 491.224 0 0
1500 112.263 38.849 17.8938 0.925741 0.585476 491.046 0 0
1500 14.4395 3.82298 17.8311 -0.742941 0.0913914 491.654 0 0
1500 60.4626 32.3026 17.8402 -0.0300621 0.483414 497.996 0 0
1500 86.0916 41.3713 17.8532 0.445733 0.629701 498.267 0 0
1500 97.3959 51.8199 17.8138 0.628165 0.73659 497.627 0 0
1500 6.85164 29.9792 17.8075 -0.84475 0.414993 493.352 0 0
1500 49.7266 -16.0744 17.8296 -0.177669 -0.262767 498.975 0 0
1500 56.9403 9.47098 17.8319 -0.0859166 0.106575 491.254 0 0
1500 -8.39525 -3.09094 17.859 -1.04352 -0.0350831 495.926 0 0
1500 49.1158 27.6768 17.8829 -0.210319 0.441432 492.146 0 0
1500 30.4693 24.9795 17.8802 -0.452372 0.361166 498.966 0 0
1500 8.6799 -7.29664 17.8729 -0.765796 -0.0935834 498.315 0 0
1500 26.8819 -39.7585 17.9259 -0.529871 -0.642025 493.751 0 0
1500 48.4784 23.1446 17.9412 -0.204245 0.323603 492.524 0 0
1500 117.818 17.12 17.8386 0.892229 0.31306 497.719 0 0
1500 64.4149 31.3181 17.8562 0.119129 0.504646 499.524 0 0
1500 121.681 14.9656 17.8342 0.983946 0.292709 495.181 0 0
1500 78.4568 -2.24514 18.3379 0.428267 0.027087 493.464 0 0
1500 66.0376 -40.7707 17.8457 0.0485654 -0.672271 491.878 0 0
1500 85.8141 -52.8714 18.0283 0.438267 -0.865535 495.946 0 0
1500 94.4093 -43.8458 17.9474 0.657818 -0.709089 493.502 0 0
1500 132.218 -66.7653 17.9001 1.14516 -1.09134 495.805 0 0
1500 95.4737 43.067 17.8589 0.642253 0.648686 497.168 0 0
1500 43.2609 66.9659 17.8602 -0.273562 1.09539 496.765 0 0
1500 87.8997 29.5387 18.0882 0.523722 0.51662 498.111 0 0
1500 95.4354 10.0495 18.0926 0.584478 0.201641 504.17 0 0
1500 112.816 -23.2689 17.9158 0.843553 -0.426825 498.838 0 0
1500 57.7816 -18.0487 17.9378 0.0114207 -0.32092 504.422 0 0
1500 64.0974 0.91328 17.9402 0.11136 -0.0636621 496.703 0 0
1500 6.54708 -27.7623 17.8079 -0.744855 -0.470129 502.936 0 0
1500 39.828 -17.3906 18.4234 -0.325838 -0.281203 493.696 0 0
1500 55.8296 27.0983 18.5189 0.0174247 0.560977 491.97 0 0
1500 63.25 21.4753 17.8568 0.110608 0.408174 499.317 0 0
1500 47.0523 56.0094 17.8375 -0.138429 0.922041 501.064 0 0
1500 51.8663 22.8361 17.8575 -0.0601827 0.385334 506.646 0 0
1500 35.0841 59.385 17.8331 -0.316547 0.962014 501.838 0 0
1500 87.7125 -6.60349 18.2621 0.464089 -0.159029 490.245 0 0
1500 84.8877 67.3085 17.9418 0.437733 1.188 496.999 0 0
1500 90.1426 46.5998 18.0791 0.487648 0.796416 501.461 0 0
1500 88.3406 43.1867 17.8944 0.469525 0.678575 508.79 0 0
1500 88.5573 58.4366 17.8829 0.487696 0.924089 506.615 0 0
1500 73.8909 19.1973 18.0891 0.316115 0.361444 503.639 0 0
1500 67.6702 -0.764272 18.0941 0.221607 0.0548779 503.312 0 0
1500 84.8307 -28.1275 17.9359 0.445206 -0.436256 509.921 0 0
1500 110.671 -31.1164 17.9188 0.861804 -0.510006 505.485 0 0
1500 32.8933 37.3336 17.9195 -0.375874 0.589519 510.55 0 0
1500 35.303 55.595 17.9091 -0.347561 0.861111 509.393 0 0
1500 91.8486 55.2803 17.9044 0.482873 0.89311 506.541 0 0
1500 55.8027 39.3608 17.9225 -0.0525883 0.615851 510.81 0 0
1500 51.1018 38.4948 18.1005 -0.158679 0.618169 502.904 0 0
1500 62.0521 -18.0577 17.8694 0.0461933 -0.357621 504.212 0 0
1500 91.1089 -19.1086 17.8863 0.532791 -0.303308 511.935 0 0
1500 88.8536 5.95699 17.8898 0.499083 0.0493202 512.215 0 0
1500 54.0048 -22.7029 18.0017 -0.0786943 -0.418778 505.636 0 0
1500 83.4212 -60.2758 17.8943 0.411859 -0.961181 509.185 0 0
1500 77.5206 39.9602 18.1094 0.33175 0.682027 508.448 0 0
1500 62.9518 45.1448 17.918 0.109943 0.700755 513.915 0 0
1500 48.7389 28.1804 17.9685 -0.182286 0.408231 514.793 0 0
1500 51.1978 31.0185 17.9664 -0.164132 0.496594 507.745 0 0
1500 74.5238 35.5412 17.9804 0.317496 0.607549 508.289 0 0
1500 -142.578 -59.6896 17.8056 -3.08046 -0.910908 509.972 0 0
1500 -7.9574 -19.5779 17.8109 -1.09774 -0.32963 508.556 0 0
1500 54.2638 -34.0031 17.9224 -0.031432 -0.624392 506.609 0 0
1500 86.8305 57.5073 17.8417 0.51312 0.929398 510.008 0 0
1500 37.2445 45.8967 17.8296 -0.260209 0.754043 510.442 0 0
1500 89.13 -12.0943 18.275 0.593333 -0.278345 505.688 0 0
1500 131.256 -88.0525 17.8686 1.11119 -1.43546 510.569 0 0
1500 83.9886 6.8268 18.0049 0.450622 0.0913146 519.243 0 0
1500 160.012 36.8259 17.8489 1.67128 0.648823 512.676 0 0
1500 93.1048 27.395 18.1464 0.64771 0.4229 517.54 0 0
1500 70.1812 -33.596 18.0122 0.247761 -0.536462 521.054 0 0
1500 51.3003 30.145 17.9848 -0.195803 0.522769 511.991 0 0
1500 54.1281 9.47079 17.9845 -0.0919538 0.206848 517.469 0 0
1500 95.966 10.4851 17.9334 0.667714 0.141364 518.8 0 0
1500 156.284 -3.90947 17.8162 1.49777 -0.0303299 522.766 0 0
1500 50.0489 -66.72 17.8413 -0.17971 -1.00458 525.11 0 0
1500 21.6305 -35.7075 17.8935 -0.581916 -0.613217 525.93 0 0
1500 51.5778 -1.65053 17.9129 -0.113637 -0.0849759 532.292 0 0
1500 68.0447 -63.0998 17.805 0.189945 -1.00823 533.098 0 0
1500 113.302 -30.6972 17.8055 0.870628 -0.523662 532.937 0 0
1500 9.81057 33.4314 17.8707 -0.745723 0.518911 542.103 0 0
1500 19.4007 50.3202 17.8648 -0.635193 0.794828 539.141 0 0
1500 24.1348 57.5392 17.8631 -0.555206 0.888371 540.235 0 0
1500 111.21 19.3621 17.8008 0.878448 0.267583 544.447 0 0
