Total number of secondary electrons: 2604
1500 100.443 -2.21471 16.7499 0.860707 -0.0649583 235.804 0 0
1500 83.1093 -4.86705 15.7845 0.54671 -0.120333 254.24 0 0
1500 76.6177 11.5695 15.0591 0.324457 0.184805 271.816 0 0
1500 103.067 30.6695 15.3571 0.8465 0.621447 271.818 0 0
1500 88.5158 7.09677 15.006 0.565937 0.0911031 271.857 0 0
1500 133.147 40.4824 15.0305 1.26361 0.637467 276.656 0 0
1500 89.8714 7.91292 14.2718 0.452659 0.144254 277.897 0 0
1500 109.238 15.4956 17.3237 1.20416 0.310135 277.91 0 0
1500 121.735 19.5613 14.2588 0.828341 0.282117 279.934 0 0
1500 121.608 29.8359 14.258 0.822794 0.404896 280.336 0 0
1500 114.343 46.3059 14.2558 0.73197 0.601403 280.679 0 0
1500 92.8347 -7.10655 15.1221 0.584174 -0.0423276 284.077 0 0
1500 98.1 -4.88505 14.6568 0.610851 -0.0580355 284.251 0 0
1500 80.9093 -10.7235 15.2791 0.433433 -0.147828 284.369 0 0
1500 82.5545 -52.0567 14.691 0.387428 -0.736522 284.981 0 0
1500 98.5509 2.78558 14.6138 0.604394 0.0137829 288.112 0 0
1500 107.933 31.0736 14.1288 0.600899 0.38367 288.14 0 0
1500 110.179 18.293 14.131 0.623791 0.272955 288.306 0 0
1500 84.7661 7.46475 14.6603 0.450093 0.104857 288.486 0 0
1500 60.9789 1.93368 14.5872 0.0447124 0.0578565 288.542 0 0
1500 108.503 29.1618 14.905 0.835686 0.459098 288.584 0 0
1500 63.7491 -25.0595 14.5628 0.14965 -0.347466 291.599 0 0
1500 14.0392 26.1254 14.0728 -0.556642 0.259259 291.582 0 0
1500 93.4561 -26.9249 14.8234 0.532018 -0.351785 292.493 0 0
1500 105.417 -5.8097 15.2176 0.722069 -0.072112 293.056 0 0
1500 -3.89534 -43.6701 14.1752 -0.750897 -0.561189 293.862 0 0
1500 112.935 -65.7238 14.2261 0.603139 -0.807837 294.969 0 0
1500 129.64 48.5243 14.2592 0.846925 0.599415 295.376 0 0
1500 37.706 -5.90969 14.4599 -0.282833 -0.0755119 295.675 0 0
1500 41.4288 25.5811 14.4674 -0.237779 0.300647 295.854 0 0
1500 62.6693 17.8373 14.3334 -0.0045347 0.220305 296.019 0 0
1500 101.079 22.2005 15.1695 0.659704 0.31987 296.195 0 0
1500 89.5088 12.2955 16.3467 0.627655 0.170696 296.203 0 0
1500 80.484 -11.4474 15.1802 0.369678 -0.192641 296.208 0 0
1500 160.375 6.50439 14.5215 1.4142 0.0215383 296.675 0 0
1500 113.745 29.9702 14.4856 0.794878 0.371549 296.815 0 0
1500 92.0567 8.13349 16.1446 0.665941 0.0985618 296.875 0 0
1500 58.0646 -50.3073 14.3287 -0.059763 -0.600343 296.987 0 0
1500 13.4886 -31.2927 14.3269 -0.591792 -0.370123 297.425 0 0
1500 3.43372 -7.87131 14.3257 -0.711019 -0.090309 297.526 0 0
1500 23.8322 10.7 14.5192 -0.511769 0.126781 298.01 0 0
1500 79.3638 9.29556 14.4302 0.220685 0.148064 298.245 0 0
1500 -8.09671 0.412805 14.3265 -0.840395 0.00842276 298.34 0 0
1500 32.3509 -36.4284 14.8439 -0.375671 -0.516175 298.465 0 0
1500 11.5617 -70.7263 14.297 -0.538784 -0.827506 298.948 0 0
1500 77.27 0.178226 15.4985 0.35738 -0.0418929 299.228 0 0
1500 67.3522 -24.4024 15.1708 0.147939 -0.378763 299.468 0 0
1500 73.6582 52.1678 15.0603 0.286638 0.794416 300.729 0 0
1500 30.6713 83.2918 14.3307 -0.371306 0.958815 300.872 0 0
1500 117.826 6.37601 14.3907 0.769294 0.0199269 301.341 0 0
1500 139.876 -86.6508 14.3865 1.07356 -1.07116 301.644 0 0
1500 86.0746 -58.0514 14.376 0.382413 -0.735726 301.794 0 0
1500 114.813 -15.6415 16.8222 1.23893 -0.28772 301.818 0 0
1500 92.6291 -20.574 15.0901 0.545474 -0.263531 302.199 0 0
1500 88.2059 3.57997 14.6892 0.453838 -0.0156025 302.406 0 0
1500 97.2288 -69.9726 14.2662 0.492096 -0.786199 302.633 0 0
1500 52.1319 -68.8422 14.3826 -0.0654058 -0.875462 302.663 0 0
1500 87.678 7.56926 14.9433 0.488313 0.0928235 302.886 0 0
1500 144.433 41.0507 14.3508 1.07963 0.512361 303.049 0 0
1500 60.323 -61.0313 14.2725 0.0311084 -0.802448 303.552 0 0
1500 62.0614 -3.38138 15.0939 0.108762 -0.00477328 303.573 0 0
1500 93.5184 -18.0972 14.611 0.513226 -0.26006 303.904 0 0
1500 71.5118 3.2114 14.5855 0.25489 0.0739824 303.947 0 0
1500 92.6204 0.413696 15.0154 0.540587 -0.0176905 304.394 0 0
1500 108.564 18.6536 14.2841 0.683612 0.232704 304.748 0 0
1500 101.856 19.1226 14.5352 0.615844 0.264095 305.128 0 0
1500 120.15 2.58916 14.2613 0.819245 0.035843 305.362 0 0
1500 87.4347 47.1004 14.6654 0.427036 0.700858 305.417 0 0
1500 124.692 -3.17053 14.2459 0.870166 -0.0339507 305.765 0 0
1500 58.4474 -62.4543 14.3944 0.0033052 -0.8054 305.914 0 0
1500 90.7983 2.68155 16.1848 0.672655 0.00184073 306.041 0 0
1500 53.8568 -46.6777 14.5245 -0.0683347 -0.694064 306.146 0 0
1500 51.2777 59.5473 14.2821 -0.129911 0.750663 306.319 0 0
1500 5.75101 -49.5786 14.1915 -0.638992 -0.659277 306.568 0 0
1500 121.884 -56.1054 14.2491 0.779337 -0.696842 306.791 0 0
1500 84.3163 30.6529 14.2114 0.331721 0.324486 306.904 0 0
1500 91.9796 -6.26926 16.2128 0.658523 -0.0534482 307.143 0 0
1500 63.9513 -4.69409 14.4108 0.100128 -0.000862412 307.34 0 0
1500 40.1959 -7.68991 14.5019 -0.235743 -0.100837 307.413 0 0
1500 4.54949 5.1762 14.234 -0.62351 0.0583757 307.502 0 0
1500 54.7827 57.1829 14.5404 -0.0147882 0.789535 307.552 0 0
1500 44.4881 -34.6115 14.4956 -0.190154 -0.439978 307.633 0 0
1500 15.5203 13.7292 14.2415 -0.504214 0.148852 307.94 0 0
1500 76.2248 -41.2424 14.3854 0.292275 -0.599925 308.436 0 0
1500 38.6138 -54.6371 14.2884 -0.32246 -0.714495 308.638 0 0
1500 102.282 -9.6305 14.3955 0.615175 -0.0831931 308.682 0 0
1500 -26.9129 -70.7755 14.2641 -1.05065 -0.939527 308.861 0 0
1500 31.0021 -4.53579 14.3668 -0.378746 -0.0685605 309.249 0 0
1500 88.7749 32.6346 14.8144 0.447446 0.468577 309.333 0 0
1500 20.8963 -38.4069 14.5269 -0.498685 -0.53762 309.487 0 0
1500 13.895 -18.6495 14.452 -0.586078 -0.265502 309.552 0 0
1500 120.094 5.85232 14.4874 0.825363 0.108073 311.258 0 0
1500 97.6031 14.4838 15.2045 0.613912 0.216606 311.414 0 0
1500 65.1852 -14.734 14.4506 0.0730109 -0.229448 311.438 0 0
1500 139.538 -2.64816 14.274 0.981896 -0.0258535 311.471 0 0
1500 37.8015 33.0456 14.7052 -0.33557 0.452402 311.792 0 0
1500 99.8786 0.759563 14.5097 0.556152 0.0689254 312.028 0 0
1500 108.789 51.0229 14.4329 0.663588 0.6576 312.219 0 0
1500 87.1173 15.7874 14.8461 0.387561 0.238604 312.489 0 0
1500 46.0567 -28.264 14.4912 -0.225077 -0.360589 312.468 0 0
1500 39.5282 58.1388 14.3241 -0.282967 0.736535 312.823 0 0
1500 98.7475 -22.7692 14.5105 0.575944 -0.308652 312.99 0 0
1500 81.2238 24.2145 14.5814 0.313702 0.288902 313.426 0 0
1500 65.1647 47.1348 14.5424 0.156474 0.642205 313.459 0 0
1500 96.7956 5.62729 14.6361 0.492333 0.0783057 313.499 0 0
1500 83.0955 -10.149 16.4514 0.524442 -0.127869 314.258 0 0
1500 85.8196 -36.6228 14.562 0.426468 -0.459569 314.341 0 0
1500 86.3137 3.04165 14.73 0.446627 0.0764334 314.636 0 0
1500 85.5463 52.6674 14.4865 0.379616 0.697979 314.691 0 0
1500 74.8636 -15.8136 14.8539 0.282169 -0.250859 314.745 0 0
1500 100.316 8.47111 15.2296 0.723569 0.186412 314.828 0 0
1500 83.4035 12.1319 14.5815 0.340807 0.213819 314.954 0 0
1500 72.1808 -41.1373 14.4829 0.182587 -0.575543 315.065 0 0
1500 48.1079 -37.0099 14.4245 -0.11495 -0.458585 315.379 0 0
1500 70.1198 21.407 14.482 0.188399 0.235468 315.483 0 0
1500 64.4276 44.5197 14.5339 0.139869 0.59174 315.511 0 0
1500 83.6539 6.98661 16.0423 0.568211 0.12374 315.911 0 0
1500 104.63 -32.0897 14.5369 0.60198 -0.442402 316.113 0 0
1500 76.5308 1.25682 14.926 0.29017 0.0765585 316.193 0 0
1500 138.832 -32.8837 14.5991 1.06217 -0.465169 316.201 0 0
1500 12.7991 -44.9867 14.5341 -0.550193 -0.614599 316.235 0 0
1500 64.2256 -62.1787 14.537 0.0821101 -0.825639 316.269 0 0
1500 66.8578 17.8857 15.2623 0.181004 0.242733 316.699 0 0
1500 84.4024 -16.0892 15.0703 0.438992 -0.210337 316.79 0 0
1500 84.9896 5.0963 16.0719 0.524527 0.106696 317.354 0 0
1500 103.545 -48.2231 14.653 0.579648 -0.627667 317.425 0 0
1500 56.9533 -15.2811 15.0741 0.0486292 -0.212681 317.573 0 0
1500 103.793 -18.716 16.0769 0.860052 -0.323289 317.612 0 0
1500 78.255 3.71156 15.2071 0.377662 0.0186415 317.859 0 0
1500 43.4774 84.638 14.6337 -0.154601 1.11488 318.105 0 0
1500 103.447 -9.10677 14.7369 0.63399 -0.13341 318.367 0 0
1500 112.129 -59.6996 14.7192 0.653897 -0.775046 318.382 0 0
1500 82.2695 -1.10713 15.4784 0.442287 0.0211548 318.632 0 0
1500 137.947 46.1118 14.7322 1.0546 0.56069 318.57 0 0
1500 75.5805 7.48257 15.4391 0.276055 0.142514 318.995 0 0
1500 46.6258 -3.62292 14.9355 -0.19341 -0.0492264 319.052 0 0
1500 112.065 -61.7921 14.8247 0.702341 -0.764831 319.379 0 0
1500 86.657 -66.2829 14.8661 0.394771 -0.855001 319.384 0 0
1500 85.9758 -31.4854 15.3357 0.407548 -0.497665 319.377 0 0
1500 50.7989 67.6515 14.8348 -0.0860468 0.889575 319.559 0 0
1500 70.0363 -21.2855 14.8639 0.127328 -0.323693 319.713 0 0
1500 114.897 25.4221 14.776 0.76064 0.291728 319.756 0 0
1500 100.091 -25.2383 14.8856 0.595971 -0.300774 319.741 0 0
1500 100.405 -24.0253 14.8845 0.599981 -0.285716 319.728 0 0
1500 95.1581 55.1026 14.788 0.514557 0.659092 319.906 0 0
1500 65.9944 -2.4488 15.1271 0.0783374 -0.0382369 319.895 0 0
1500 72.1724 59.1757 15.2547 0.202534 0.839584 320.255 0 0
1500 122.19 -32.7161 14.9003 0.846669 -0.417643 320.384 0 0
1500 53.9162 6.48418 15.4988 -9.22977e-05 0.130413 320.644 0 0
1500 126.976 19.5964 14.8505 0.90035 0.216898 320.678 0 0
1500 122.756 38.1826 14.8763 0.845248 0.443377 320.995 0 0
1500 137.844 36.7987 14.9506 1.00779 0.432541 321.336 0 0
1500 77.3292 77.9283 14.9439 0.246658 0.995342 321.421 0 0
1500 99.0501 -40.9515 14.9657 0.492591 -0.572138 321.426 0 0
1500 78.6767 -120.198 15.0017 0.281143 -1.64536 321.676 0 0
1500 74.5226 14.6359 15.3816 0.243202 0.211587 321.702 0 0
1500 -2.19497 -49.83 14.9897 -0.780916 -0.622454 321.721 0 0
1500 105.505 55.1245 14.9911 0.653369 0.725088 321.962 0 0
1500 41.8295 39.0843 15.2205 -0.218056 0.538362 322.087 0 0
1500 108.305 5.95028 15.0985 0.677929 0.0509252 322.334 0 0
1500 119.669 -56.0008 15.0888 0.794161 -0.682462 322.638 0 0
1500 94.7492 -28.2727 15.1548 0.445839 -0.366176 322.891 0 0
1500 122.323 -43.3893 15.6596 0.990503 -0.643325 323.055 0 0
1500 65.3679 -22.51 15.527 0.159118 -0.34443 323.152 0 0
1500 127.114 -47.2596 15.0986 0.870173 -0.582631 323.66 0 0
1500 82.8012 9.28378 16.6777 0.464589 0.116339 324.077 0 0
1500 70.763 36.2836 15.2803 0.178114 0.446061 324.085 0 0
1500 74.4391 -18.1504 15.7109 0.246686 -0.278645 324.104 0 0
1500 142.996 -9.93378 15.1755 1.09941 -0.0747223 324.16 0 0
1500 67.1924 12.8229 15.5622 0.129103 0.187981 324.416 0 0
1500 41.1774 -20.4579 15.258 -0.257353 -0.214274 324.536 0 0
1500 12.8381 65.8795 15.3522 -0.605595 0.968688 324.735 0 0
1500 61.6306 -57.9723 15.2735 0.0959163 -0.736764 325.372 0 0
1500 -9.09563 18.2091 15.2761 -0.86618 0.287132 325.575 0 0
1500 89.6244 2.81625 15.8505 0.478559 -0.0256366 325.7 0 0
1500 162 -39.6325 15.3878 1.51174 -0.582812 325.725 0 0
1500 89.9801 -17.9922 15.8542 0.481573 -0.279923 325.928 0 0
1500 192.354 -0.628181 15.2365 1.72159 0.00939341 325.997 0 0
1500 67.6046 -10.3471 15.5119 0.16256 -0.156482 326 0 0
1500 48.344 13.0616 15.4493 -0.0848493 0.197369 326.34 0 0
1500 65.4756 20.3841 15.4036 0.0534592 0.260839 326.563 0 0
1500 75.3743 8.50155 16.0653 0.263106 0.0742775 326.565 0 0
1500 121.434 -53.7053 15.2679 0.766225 -0.687482 326.956 0 0
1500 42.8058 -14.1784 15.7371 -0.193201 -0.191187 326.982 0 0
1500 112.926 -1.51266 16.8304 1.02967 0.00564917 326.985 0 0
1500 75.8191 -15.7253 16.03 0.320346 -0.185239 327.122 0 0
1500 108.891 14.7196 15.572 0.727236 0.157994 327.244 0 0
1500 8.33577 -17.347 15.4364 -0.688814 -0.27117 327.383 0 0
1500 67.5264 -46.1072 15.6777 0.17372 -0.673453 327.392 0 0
1500 1.39145 37.3815 15.4004 -0.723878 0.517988 327.479 0 0
1500 134.387 -13.0798 15.3159 0.999071 -0.138722 327.754 0 0
1500 53.1886 -15.1392 15.4756 -0.10135 -0.165364 328.202 0 0
1500 111.974 -7.87383 15.3584 0.678969 -0.128515 328.265 0 0
1500 64.0119 -80.8338 15.3317 0.0915618 -1.00443 328.532 0 0
1500 55.9235 11.3208 15.731 0.0297179 0.176457 328.692 0 0
1500 69.5496 19.4932 15.7255 0.190985 0.263387 328.808 0 0
1500 58.404 -29.1916 15.4693 0.00044231 -0.375628 329.063 0 0
1500 35.4209 44.0191 15.4362 -0.29659 0.61889 329.086 0 0
1500 60.9671 -80.8653 15.3481 0.0324222 -1.04369 329.601 0 0
1500 41.1354 -28.6324 15.4075 -0.219476 -0.364819 329.894 0 0
1500 76.0259 20.9076 15.8684 0.337423 0.299075 330.141 0 0
1500 81.0517 23.1921 15.8828 0.410211 0.307839 330.23 0 0
1500 91.9557 -12.4221 15.4285 0.476155 -0.209281 330.417 0 0
1500 93.6766 64.2531 15.4707 0.497658 0.884586 330.515 0 0
1500 92.5328 24.0697 15.906 0.539864 0.336193 330.712 0 0
1500 44.4385 17.3432 15.7693 -0.141303 0.235871 330.812 0 0
1500 70.3436 -79.1403 15.4394 0.114074 -1.02155 330.947 0 0
1500 128.746 -13.5869 15.6454 0.952952 -0.18056 331.196 0 0
1500 86.3449 -4.24092 15.9848 0.439775 0.0064822 331.243 0 0
1500 64.5664 -45.0753 15.524 0.04816 -0.555903 331.281 0 0
1500 40.5068 -79.2686 15.489 -0.250387 -1.01482 331.613 0 0
1500 89.821 -1.84529 16.5541 0.612853 -0.082896 331.603 0 0
1500 45.3494 14.3995 16.0799 -0.148156 0.247844 331.833 0 0
1500 90.8972 52.1861 15.605 0.501959 0.679353 331.954 0 0
1500 118.036 14.3299 16.1702 0.91513 0.179362 332.247 0 0
1500 141.249 8.89283 15.7779 1.12633 0.170586 333.101 0 0
1500 29.9889 -3.70168 15.8082 -0.346146 -0.0224962 333.519 0 0
1500 116.27 31.2212 15.6264 0.776675 0.432562 333.558 0 0
1500 16.1773 -65.152 15.6271 -0.530755 -0.818059 334.098 0 0
1500 135.49 89.7596 15.659 0.99191 1.1401 334.556 0 0
1500 131.725 -25.7851 15.6458 0.956244 -0.277408 334.729 0 0
1500 54.4966 -2.26156 16.0018 -0.126766 -0.010616 334.97 0 0
1500 63.6574 -5.54503 15.8731 0.0458856 -0.106627 335.032 0 0
1500 85.9611 -51.7251 15.6738 0.416205 -0.679462 335.256 0 0
1500 114.384 14.6915 15.8866 0.77684 0.222686 335.274 0 0
1500 73.7021 20.4864 15.9017 0.235728 0.272812 335.429 0 0
1500 82.3605 4.59902 15.8893 0.34292 -0.0047669 335.385 0 0
1500 50.8435 -41.9461 16.0082 -0.0534527 -0.634106 335.709 0 0
1500 87.1425 53.6814 15.6861 0.315624 0.712483 335.908 0 0
1500 77.9011 -30.7513 15.8986 0.290829 -0.381851 336.137 0 0
1500 75.9349 -11.1843 15.9112 0.254582 -0.206148 337.346 0 0
1500 28.2174 -48.0577 15.7581 -0.394922 -0.66461 337.53 0 0
1500 88.559 2.3246 16.4627 0.484485 0.0966799 337.543 0 0
1500 70.0907 -14.3887 15.7315 0.102576 -0.20905 337.607 0 0
1500 85.439 6.72569 17.213 0.533858 0.133761 337.645 0 0
1500 115.396 17.8769 17.5166 1.12439 0.443505 337.813 0 0
1500 93.6499 -5.17457 16.2788 0.560272 -0.102346 337.991 0 0
1500 33.4094 0.320546 16.0857 -0.397772 0.00855063 337.968 0 0
1500 114.189 -14.8781 16.1893 0.83832 -0.174249 338.075 0 0
1500 90.723 20.7172 16.7323 0.572718 0.281238 338.081 0 0
1500 94.9685 -2.67825 15.9325 0.50935 -0.0969955 338.233 0 0
1500 100.425 -46.9561 15.9571 0.559932 -0.644713 338.76 0 0
1500 143.548 -39.2509 16.3485 1.35824 -0.57129 338.782 0 0
1500 79.6264 -78.5396 15.8292 0.26875 -1.07479 339.016 0 0
1500 97.9388 16.0192 15.9627 0.59649 0.227741 339.323 0 0
1500 77.221 10.2693 16.2943 0.348183 0.169658 339.557 0 0
1500 -23.4025 15.1966 15.8785 -1.03107 0.163064 340.165 0 0
1500 103.202 5.70552 15.9584 0.568174 0.100351 340.277 0 0
1500 76.92 4.50079 17.641 0.356907 0.0445302 341.005 0 0
1500 71.4992 -15.4098 16.1659 0.264026 -0.21319 341.026 0 0
1500 35.3476 -8.87812 15.9816 -0.28638 -0.18118 341.314 0 0
1500 111.505 -30.0957 16.0914 0.751481 -0.370792 341.41 0 0
1500 71.9378 -0.440372 17.0471 0.323831 -0.0205377 341.756 0 0
1500 85.0507 -24.8263 16.0047 0.364973 -0.388657 341.741 0 0
1500 70.7098 -22.7279 17.1204 0.25154 -0.368784 341.74 0 0
1500 99.3707 7.73176 17.3487 0.714884 0.0852863 341.861 0 0
1500 106.449 -11.5838 16.0189 0.640653 -0.214186 342.224 0 0
1500 76.3339 -71.3737 16.0363 0.305882 -0.937696 342.295 0 0
1500 137.707 52.2717 16.2732 1.13221 0.804638 342.486 0 0
1500 68.5999 3.29879 16.3985 0.189142 0.0848699 342.583 0 0
1500 73.6662 -18.3209 16.0405 0.244939 -0.294433 343.088 0 0
1500 82.5497 -13.1806 17.354 0.511883 -0.187376 343.332 0 0
1500 93.495 -2.36891 17.3197 0.634523 0.00548313 343.442 0 0
1500 111.72 10.5035 16.26 0.755971 0.0950134 343.526 0 0
1500 57.4113 23.8962 16.3372 -0.000808367 0.314788 343.646 0 0
1500 29.4163 47.3573 16.0801 -0.46073 0.626692 343.642 0 0
1500 99.9241 44.1861 16.2139 0.574875 0.61957 343.653 0 0
1500 111.208 -43.0096 16.243 0.844224 -0.630222 343.693 0 0
1500 107.107 -42.445 16.2495 0.683922 -0.639127 343.815 0 0
1500 121.453 15.5622 17.7451 1.25597 0.260338 343.869 0 0
1500 74.1744 5.02531 16.3783 0.260815 0.0198347 343.899 0 0
1500 28.2228 -25.4545 16.3094 -0.462193 -0.373185 344.059 0 0
1500 117.203 -54.7925 16.1019 0.762786 -0.718089 344.178 0 0
1500 100.903 -6.48857 16.2749 0.685968 -0.135453 344.431 0 0
1500 90.2071 24.2621 16.4025 0.427532 0.366754 344.508 0 0
1500 90.3979 11.9468 16.2576 0.47771 0.212005 344.607 0 0
1500 53.0987 -27.2298 16.1071 -0.00845039 -0.400292 344.631 0 0
1500 88.2136 15.3023 16.1068 0.453848 0.160566 344.809 0 0
1500 58.0566 -66.7797 16.1952 -0.0440393 -0.912479 345.233 0 0
1500 22.3243 -10.4084 16.0892 -0.494792 -0.0764124 345.29 0 0
1500 146.65 -28.4955 16.1039 1.20221 -0.327634 345.389 0 0
1500 70.2009 68.9166 16.2482 0.139291 0.997657 345.495 0 0
1500 105.433 -10.0136 16.1068 0.674353 -0.171142 345.505 0 0
1500 42.9766 3.79507 16.1896 -0.250192 0.0466644 345.514 0 0
1500 52.2825 -69.0796 16.0364 -0.0242767 -0.90386 345.568 0 0
1500 57.1718 23.0817 16.8477 0.0206108 0.344952 345.79 0 0
1500 88.6302 -12.1543 16.8434 0.479708 -0.137612 345.844 0 0
1500 58.0237 -79.9095 16.0504 0.0110202 -1.04822 346.157 0 0
1500 22.3428 38.319 16.089 -0.488984 0.560098 346.152 0 0
1500 123.11 -48.558 16.0523 0.814334 -0.659853 346.267 0 0
1500 89.6834 -0.697292 16.1438 0.479656 -0.0343975 346.363 0 0
1500 82.5461 -4.16845 17.961 0.517079 -0.0679858 346.471 0 0
1500 106.104 -42.3288 16.1101 0.673315 -0.584201 346.62 0 0
1500 77.3172 -77.6436 16.0573 0.247913 -1.01385 346.666 0 0
1500 -4.50286 50.7152 16.1061 -0.807234 0.660779 346.921 0 0
1500 97.9458 67.0866 16.2548 0.552471 0.994518 347.253 0 0
1500 35.949 -71.9882 16.0891 -0.28024 -0.954568 347.332 0 0
1500 72.8084 -24.829 17.0496 0.271862 -0.357849 347.356 0 0
1500 -7.66166 23.3961 16.1182 -0.865764 0.359356 347.447 0 0
1500 69.1908 42.8768 16.1989 0.212041 0.586814 347.469 0 0
1500 58.9988 10.4884 16.7657 0.0553193 0.162221 347.816 0 0
1500 73.6064 -3.12704 16.7129 0.279557 -0.0687967 347.824 0 0
1500 63.1134 38.0629 16.1633 0.00318032 0.500187 347.841 0 0
1500 115.862 -52.2409 16.1197 0.710495 -0.691324 347.906 0 0
1500 126.636 -29.2097 16.161 0.922003 -0.408727 347.912 0 0
1500 81.9889 -8.55096 16.4874 0.409762 -0.0694172 347.983 0 0
1500 25.9286 -70.0269 16.1223 -0.376762 -0.904744 348.066 0 0
1500 22.137 24.1403 16.1626 -0.535836 0.314673 348.202 0 0
1500 36.8143 52.1639 16.162 -0.340217 0.678201 348.773 0 0
1500 55.6085 21.6535 16.4955 -0.0486063 0.264748 348.838 0 0
1500 114.644 -44.5365 16.2952 0.765554 -0.618656 348.994 0 0
1500 90.9691 -21.474 16.6891 0.535677 -0.318247 349.287 0 0
1500 18.4993 49.7335 16.1625 -0.574842 0.641456 349.371 0 0
1500 80.6622 -5.50576 17.1881 0.459206 -0.113031 349.489 0 0
1500 36.7056 27.2263 16.2472 -0.304029 0.413364 349.593 0 0
1500 80.2025 -59.9347 16.2532 0.35347 -0.804776 349.949 0 0
1500 76.3066 -10.3309 16.6012 0.287986 -0.168682 349.996 0 0
1500 36.0795 18.8139 16.2605 -0.339191 0.226969 349.963 0 0
1500 8.56407 51.8984 16.165 -0.695856 0.66218 350.225 0 0
1500 88.0398 -74.2116 16.1711 0.427149 -0.955363 350.27 0 0
1500 83.2672 -20.8372 17.3334 0.454029 -0.315034 350.307 0 0
1500 85.9681 -15.4716 17.2104 0.528426 -0.213246 350.453 0 0
1500 59.9752 -45.3751 16.6746 0.0411645 -0.71814 350.506 0 0
1500 85.0389 8.45256 17.5572 0.498007 0.0850545 350.57 0 0
1500 72.1651 7.61799 16.4425 0.232871 0.163596 351.002 0 0
1500 19.17 -67.8701 16.1705 -0.55321 -0.861889 351.178 0 0
1500 -4.50411 45.968 16.1717 -0.851563 0.578226 351.3 0 0
1500 78.2308 -28.7814 16.1667 0.221377 -0.43103 351.364 0 0
1500 86.3367 28.5683 16.3687 0.366809 0.384094 351.402 0 0
1500 118.325 -25.4915 16.3069 0.835791 -0.369558 351.44 0 0
1500 87.0829 -17.8808 16.5386 0.428438 -0.295096 351.586 0 0
1500 99.2892 7.18974 16.5156 0.640088 0.0998861 351.656 0 0
1500 86.3037 -6.59903 16.569 0.475769 -0.0580243 351.722 0 0
1500 97.2166 122.954 16.2142 0.548326 1.7002 351.989 0 0
1500 -20.4615 6.77783 16.1759 -1.04376 0.0821625 352.02 0 0
1500 94.7393 51.2017 16.2074 0.503166 0.768715 352.077 0 0
1500 -30.9318 32.2285 16.2891 -1.23389 0.466629 352.299 0 0
1500 55.8236 5.80782 16.7474 0.0111917 0.112737 352.412 0 0
1500 122.929 -7.24402 16.2156 0.826841 -0.123682 352.528 0 0
1500 69.764 9.28567 16.8188 0.245737 0.181246 352.623 0 0
1500 65.6469 15.8026 16.3845 0.0966122 0.260581 352.633 0 0
1500 77.0229 5.3831 16.8178 0.337964 0.131304 352.712 0 0
1500 112.36 -26.6885 16.2886 0.775658 -0.340695 353.228 0 0
1500 95.4302 8.45541 16.8423 0.568504 0.169254 353.27 0 0
1500 42.2389 -2.70108 16.2297 -0.220668 -0.102339 353.33 0 0
1500 87.9029 -55.878 16.8959 0.483339 -0.884939 353.368 0 0
1500 93.121 -6.95581 17.6359 0.659527 -0.129408 353.971 0 0
1500 34.9806 -18.8452 16.3382 -0.288111 -0.315558 354.337 0 0
1500 108.149 -3.76911 16.3782 0.726103 -0.0742248 354.364 0 0
1500 111.254 49.5199 16.3536 0.749957 0.631954 354.411 0 0
1500 71.6705 12.6426 16.6716 0.181053 0.209945 354.514 0 0
1500 11.7253 -44.3987 16.513 -0.718904 -0.614199 354.952 0 0
1500 95.5854 -18.0143 17.192 0.624794 -0.316276 354.965 0 0
1500 79.9564 28.1634 16.4077 0.359647 0.355749 355.04 0 0
1500 115.883 23.869 16.4172 0.818752 0.283145 355.127 0 0
1500 40.2913 -9.06633 16.7582 -0.216697 -0.166557 355.164 0 0
1500 78.4158 -15.9192 16.4691 0.304736 -0.210876 355.241 0 0
1500 101.375 14.749 16.5771 0.644273 0.24892 355.251 0 0
1500 -21.4818 -0.166478 16.3093 -1.04762 0.0268736 355.253 0 0
1500 76.8981 -33.6624 16.5119 0.26708 -0.445277 355.392 0 0
1500 107.608 -43.3968 16.3377 0.634096 -0.627668 355.519 0 0
1500 91.7763 -45.0489 16.4001 0.458355 -0.652435 355.621 0 0
1500 47.1714 -22.4614 16.4878 -0.221939 -0.335961 355.857 0 0
1500 83.3537 -3.47887 17.2007 0.489697 -0.0539435 355.899 0 0
1500 2.91761 19.9572 16.3909 -0.715732 0.235643 355.947 0 0
1500 87.8406 -0.94416 17.0734 0.47324 -0.0753153 356.01 0 0
1500 5.59144 10.2783 16.4114 -0.681363 0.119668 356.248 0 0
1500 83.3951 -11.7647 17.9046 0.549542 -0.178622 356.255 0 0
1500 76.381 -23.5178 16.6428 0.272046 -0.34033 356.35 0 0
1500 114.692 27.2221 16.4905 0.794474 0.425297 356.312 0 0
1500 71.0843 1.81702 16.9561 0.266348 0.00421396 356.459 0 0
1500 89.9007 22.8118 17.1113 0.493414 0.357412 356.5 0 0
1500 39.3658 -13.4869 16.6974 -0.278199 -0.206934 356.53 0 0
1500 128.856 1.54076 16.4527 0.961316 -0.0325195 356.585 0 0
1500 54.9685 -73.6063 16.4012 -0.048412 -1.00414 356.72 0 0
1500 133.214 0.519799 16.6777 1.19177 0.0384927 356.783 0 0
1500 22.8643 20.2765 16.4531 -0.472506 0.236895 356.852 0 0
1500 81.4353 57.3822 16.4832 0.375397 0.763401 356.865 0 0
1500 74.5071 -1.86527 17.3709 0.34228 -0.08263 357.185 0 0
1500 93.7712 4.62806 16.5743 0.481667 0.0233975 357.427 0 0
1500 98.3386 -8.02346 16.9789 0.652895 -0.160419 357.506 0 0
1500 121.948 28.3207 16.9195 1.01918 0.469561 357.56 0 0
1500 68.9879 -1.18646 17.0039 0.233552 0.0181648 357.707 0 0
1500 95.4185 -17.9619 17.0624 0.617107 -0.225876 357.88 0 0
1500 67.8841 37.5806 16.7311 0.204347 0.546546 357.915 0 0
1500 108.725 -57.7151 16.5219 0.659507 -0.793573 357.962 0 0
1500 103.849 18.7977 16.4964 0.60607 0.318319 357.952 0 0
1500 106.843 -20.7833 17.5855 0.86414 -0.361547 358.163 0 0
1500 89.3231 1.77007 16.7709 0.506038 -0.00835302 358.269 0 0
1500 130.962 20.2138 16.5378 1.0237 0.243882 358.4 0 0
1500 86.9398 -23.7582 16.7801 0.473098 -0.345445 358.488 0 0
1500 100.146 39.7713 16.5222 0.552136 0.594412 358.543 0 0
1500 71.5419 19.83 17.1452 0.207065 0.298869 358.699 0 0
1500 52.0851 54.6187 17.0435 -0.100457 0.916283 358.739 0 0
1500 122.798 32.618 16.7972 1.00195 0.435934 358.796 0 0
1500 90.5043 36.1164 17.0196 0.542814 0.568373 358.855 0 0
1500 90.4574 -9.49463 18.0022 0.631294 -0.197911 359.285 0 0
1500 72.5132 -47.8388 16.8697 0.29242 -0.799123 359.274 0 0
1500 67.4913 -6.26295 17.285 0.185819 -0.137699 359.412 0 0
1500 83.9719 -7.38754 17.6757 0.525884 -0.0939525 359.439 0 0
1500 120.754 -47.2018 16.6351 0.883671 -0.712937 359.508 0 0
1500 33.555 -72.5532 16.5478 -0.338419 -0.983894 359.574 0 0
1500 70.5185 0.407509 16.8669 0.253867 0.050506 359.584 0 0
1500 9.75566 26.9765 16.5908 -0.685015 0.310749 359.648 0 0
1500 39.065 -68.2498 16.6 -0.262032 -0.884452 359.725 0 0
1500 0.437601 21.2202 16.598 -0.821724 0.246304 359.739 0 0
1500 71.742 -33.1116 16.7779 0.212689 -0.431729 359.778 0 0
1500 81.522 -5.66941 17.994 0.465315 -0.0649747 359.857 0 0
1500 108.402 5.56754 17.1779 0.775329 0.0990192 359.965 0 0
1500 35.4431 -3.67524 17.1266 -0.36387 -0.0332281 360.272 0 0
1500 25.433 -20.9346 16.9622 -0.505336 -0.361527 360.378 0 0
1500 112.915 49.9483 16.611 0.694649 0.725072 360.431 0 0
1500 158.339 48.8406 16.6349 1.444 0.667222 360.477 0 0
1500 121.333 44.259 16.6231 0.810313 0.635782 360.703 0 0
1500 85.7125 -9.28525 17.6712 0.515357 -0.169056 360.73 0 0
1500 38.404 -65.5142 16.641 -0.24707 -0.855523 360.853 0 0
1500 106.333 -43.8458 17.3672 0.80923 -0.730012 360.918 0 0
1500 28.9584 47.0936 16.7555 -0.370614 0.697805 360.977 0 0
1500 132.165 -13.6318 17.104 1.27922 -0.231819 361.392 0 0
1500 58.9224 -5.31335 16.791 0.0785645 -0.0589464 361.431 0 0
1500 89.7173 0.186383 17.0814 0.548754 -0.039748 361.42 0 0
1500 79.4472 -10.2434 17.0316 0.334476 -0.207153 361.584 0 0
1500 65.008 -78.389 16.9111 0.155991 -1.16991 361.965 0 0
1500 105.893 19.8987 17.2282 0.750849 0.359096 361.981 0 0
1500 84.0841 -2.94176 17.4018 0.458557 0.0214801 362.132 0 0
1500 71.9368 -1.18812 17.4715 0.288537 -0.0805424 362.325 0 0
1500 79.5996 22.6091 16.8676 0.249388 0.336832 362.319 0 0
1500 79.6212 -0.614466 16.886 0.287459 -0.062083 362.431 0 0
1500 71.1034 4.44319 17.5113 0.292043 0.044751 362.741 0 0
1500 71.4694 -13.7844 17.0253 0.243776 -0.155256 362.737 0 0
1500 70.7192 29.906 17.0541 0.161384 0.450303 362.796 0 0
1500 95.7978 66.7501 16.7332 0.467627 0.901217 362.849 0 0
1500 73.5887 62.3672 16.819 0.212658 0.844788 362.885 0 0
1500 71.8013 -8.2083 16.8983 0.219685 -0.0587086 362.938 0 0
1500 33.1529 -71.8322 16.7698 -0.358995 -0.98399 363.414 0 0
1500 10.3155 56.4268 16.766 -0.601808 0.765683 363.455 0 0
1500 64.6681 34.1595 17.091 0.0838685 0.522931 363.513 0 0
1500 30.3944 36.9948 17.0159 -0.364107 0.564419 363.616 0 0
1500 67.7199 -60.7874 16.8118 0.122288 -0.857083 363.841 0 0
1500 78.3001 15.2019 17.137 0.300674 0.218081 363.853 0 0
1500 74.8113 -47.7309 17.1952 0.233851 -0.745707 363.889 0 0
1500 16.7046 57.2553 16.7913 -0.519166 0.771592 363.915 0 0
1500 96.7441 -6.60059 17.261 0.609989 -0.145614 364.051 0 0
1500 49.7485 33.1319 17.0435 -0.0988729 0.518149 364.039 0 0
1500 56.5281 21.7383 16.9529 0.0229164 0.363542 364.139 0 0
1500 -0.0869173 9.90871 16.8912 -0.891727 0.10096 364.397 0 0
1500 29.2209 -58.5242 16.9057 -0.407093 -0.827531 364.58 0 0
1500 59.7324 71.0973 16.8384 -0.0107647 0.940458 364.671 0 0
1500 52.78 -52.8574 16.8962 -0.101368 -0.70278 364.753 0 0
1500 96.7321 -25.1224 17.1602 0.624508 -0.362124 364.943 0 0
1500 104.956 10.4305 16.9815 0.682656 0.204864 365.059 0 0
1500 85.6046 3.11725 18.0261 0.545383 -0.0159112 365.274 0 0
1500 77.8724 50.351 16.8692 0.23521 0.674536 365.285 0 0
1500 23.8594 11.5299 17.1017 -0.56166 0.155546 365.32 0 0
1500 33.6837 60.3838 16.8807 -0.290742 0.872352 365.442 0 0
1500 63.1009 -57.9823 16.8671 0.0503847 -0.773422 365.504 0 0
1500 63.7585 12.0105 16.9785 0.101693 0.195337 365.626 0 0
1500 82.2516 -4.48773 17.9238 0.48501 0.00116002 365.704 0 0
1500 64.587 14.9984 17.5988 0.129641 0.241238 365.761 0 0
1500 95.4342 54.6153 16.893 0.540596 0.790816 365.783 0 0
1500 30.0154 3.56308 17.1846 -0.410354 0.0647011 365.818 0 0
1500 89.4081 -45.8284 17.0437 0.420053 -0.682978 365.89 0 0
1500 56.0859 2.81708 17.3174 -0.0174206 -0.0114236 365.937 0 0
1500 92.5408 -27.6421 16.9795 0.45493 -0.443122 366.012 0 0
1500 55.287 -30.4814 17.6182 -0.0172606 -0.541464 366.033 0 0
1500 74.7098 13.9842 17.1601 0.218361 0.244835 366.146 0 0
1500 71.8323 0.848595 17.4638 0.302005 0.0739378 366.338 0 0
1500 -84.5412 50.4761 17.3435 -2.41867 0.835565 366.496 0 0
1500 78.0022 3.32472 17.019 0.357536 0.0438831 366.539 0 0
1500 100.553 17.3733 17.784 0.821938 0.263192 366.716 0 0
1500 87.0413 2.7962 17.2484 0.448759 0.105235 366.788 0 0
1500 5.08511 -52.9798 16.9713 -0.7358 -0.743516 367.157 0 0
1500 54.5691 23.5127 17.533 -0.0856968 0.371415 367.214 0 0
1500 33.5879 2.20176 16.9619 -0.383177 -0.0248323 367.238 0 0
1500 102.968 0.671725 17.1536 0.68412 -0.0505443 367.3 0 0
1500 95.7882 7.46725 17.2084 0.596902 0.147982 367.435 0 0
1500 119.302 -63.7738 17.0611 0.964628 -0.960846 367.459 0 0
1500 117.426 -42.7284 16.9668 0.848952 -0.592274 367.692 0 0
1500 83.2115 26.3587 17.3173 0.403563 0.451989 367.903 0 0
1500 56.5179 -2.17696 17.4731 -0.0144444 -0.0627466 367.94 0 0
1500 115.971 20.833 17.3404 0.890424 0.338385 368.085 0 0
1500 54.4054 22.7494 17.0716 -0.121245 0.309057 368.08 0 0
1500 131.648 -8.46302 17.0778 1.0801 -0.0596999 368.339 0 0
1500 21.0579 9.62018 17.27 -0.542088 0.143792 368.388 0 0
1500 112.891 26.347 17.0759 0.819833 0.353787 368.405 0 0
1500 75.1402 4.02354 17.4578 0.359256 0.0641034 368.553 0 0
1500 22.4543 -9.65293 17.062 -0.489744 -0.203262 368.651 0 0
1500 84.7613 30.5142 17.4799 0.46498 0.459964 368.685 0 0
1500 6.41462 -26.3774 17.0081 -0.745631 -0.414101 368.801 0 0
1500 56.3689 26.3891 17.3475 -0.0418073 0.387901 368.86 0 0
1500 61.6751 8.46684 17.931 0.128932 0.164877 368.897 0 0
1500 60.7806 -15.6155 17.2258 0.011662 -0.261121 368.897 0 0
1500 108.473 -60.8835 17.375 0.810483 -0.956871 369.018 0 0
1500 57.5479 37.3282 17.4418 0.0393999 0.570965 369.033 0 0
1500 61.4812 -7.13878 17.245 0.0870798 -0.183585 369.085 0 0
1500 30.0378 -17.7142 17.3613 -0.474814 -0.259588 369.111 0 0
1500 96.6119 20.5944 17.3042 0.591453 0.339302 369.195 0 0
1500 78.3539 -15.4136 17.9341 0.366014 -0.265037 369.227 0 0
1500 105.354 17.6771 17.4966 0.735613 0.285741 369.238 0 0
1500 102.223 4.88227 17.4372 0.693107 0.115275 369.266 0 0
1500 102.452 -83.0314 17.2065 0.749452 -1.25436 369.533 0 0
1500 119.418 39.5741 17.131 0.88918 0.521428 369.973 0 0
1500 92.9435 -37.3853 17.6089 0.630788 -0.612559 369.962 0 0
1500 97.5266 -16.2274 17.6235 0.662183 -0.240047 370.186 0 0
1500 31.6883 -65.4873 17.0559 -0.393309 -0.929546 370.22 0 0
1500 62.8268 13.4658 17.3921 0.0389428 0.195677 370.285 0 0
1500 129.261 0.179054 17.1914 1.02463 -0.000274928 370.396 0 0
1500 23.0848 -31.183 17.0617 -0.455253 -0.49481 370.402 0 0
1500 18.5806 -10.2414 17.2785 -0.640661 -0.101364 370.429 0 0
1500 84.343 -29.1012 17.4038 0.42831 -0.458579 370.501 0 0
1500 70.3735 26.2543 17.5922 0.263888 0.415422 370.573 0 0
1500 60.8954 11.5313 17.5297 0.0662212 0.218487 370.547 0 0
1500 117.757 -28.2344 17.1609 0.868515 -0.38556 370.604 0 0
1500 73.1855 -11.3762 17.556 0.250741 -0.221219 370.757 0 0
1500 121.784 10.1395 17.4359 1.03671 0.159493 370.897 0 0
1500 78.4527 22.3157 17.6145 0.315964 0.324844 371.017 0 0
1500 99.4691 -21.0248 17.4353 0.681992 -0.414472 370.99 0 0
1500 57.2347 -3.69468 17.576 0.0325964 -0.118708 371.252 0 0
1500 92.4957 -15.8801 17.4375 0.597502 -0.209393 371.412 0 0
1500 72.2665 24.29 17.6739 0.280387 0.500388 371.591 0 0
1500 82.1806 -31.1902 17.5858 0.38264 -0.492019 371.767 0 0
1500 59.7721 21.9996 17.1844 0.0548845 0.37727 371.772 0 0
1500 70.5632 -15.4134 17.2766 0.119915 -0.248709 372.169 0 0
1500 50.9125 40.6484 17.5622 -0.1513 0.744168 372.158 0 0
1500 7.62203 -23.4496 17.3121 -0.733497 -0.344106 372.225 0 0
1500 80.8862 26.4467 17.1723 0.367289 0.430794 372.429 0 0
1500 75.0206 -25.8263 17.7193 0.254115 -0.396951 372.699 0 0
1500 92.6959 -5.33651 17.7784 0.547673 -0.0617143 372.926 0 0
1500 99.2074 -62.4616 17.167 0.553829 -0.882008 372.929 0 0
1500 84.7857 -5.33297 17.6442 0.494472 -0.0892571 373.371 0 0
1500 87.8133 -58.6857 17.5021 0.572213 -1.00091 373.386 0 0
1500 35.8345 -70.8294 17.1865 -0.274331 -0.985211 373.424 0 0
1500 69.5362 53.7977 17.5158 0.171009 0.835495 373.492 0 0
1500 71.8274 7.52297 17.3104 0.192756 0.178296 373.622 0 0
1500 24.609 7.0945 17.4166 -0.583016 0.0993606 373.606 0 0
1500 55.5034 17.4451 17.3115 -0.042263 0.320843 373.693 0 0
1500 -13.0591 22.2078 17.2764 -1.07338 0.26744 373.697 0 0
1500 87.8779 -36.8897 17.327 0.501345 -0.535693 373.902 0 0
1500 78.3132 -39.1217 17.4453 0.30949 -0.6142 373.913 0 0
1500 48.7634 48.9314 17.421 -0.185459 0.775065 374.047 0 0
1500 86.0002 17.135 18.4219 0.56979 0.262109 374.166 0 0
1500 73.7857 14.5805 18.8773 0.372991 0.217499 374.207 0 0
1500 18.3604 16.8344 17.3898 -0.596427 0.278386 374.298 0 0
1500 77.6432 -30.2991 17.424 0.261278 -0.482092 374.351 0 0
1500 74.8693 -23.9054 17.5803 0.340572 -0.366486 374.399 0 0
1500 73.2451 -16.4932 17.509 0.319442 -0.247031 374.411 0 0
1500 49.1982 -5.12143 17.4369 -0.159551 -0.117596 374.453 0 0
1500 75.7137 20.6076 18.4521 0.350575 0.323893 374.534 0 0
1500 110.994 -17.5147 18.2321 1.02252 -0.277726 374.642 0 0
1500 84.4887 5.92377 18.1714 0.530156 0.116151 374.713 0 0
1500 109.052 4.63467 17.4713 0.801817 0.0919508 374.714 0 0
1500 90.5058 8.95994 17.8509 0.518615 0.133481 374.762 0 0
1500 93.8679 19.4932 17.3383 0.517996 0.240382 374.815 0 0
1500 65.6155 25.3809 17.5077 0.0834648 0.357929 374.962 0 0
1500 80.463 -44.0631 17.4302 0.306742 -0.690478 375.035 0 0
1500 83.0733 46.2754 17.2795 0.364773 0.730076 375.357 0 0
1500 67.0964 -13.6592 18.0111 0.245742 -0.251442 375.415 0 0
1500 84.3816 22.6194 17.6473 0.438865 0.384773 375.392 0 0
1500 109.74 -33.7499 17.4873 0.84906 -0.521658 375.38 0 0
1500 61.9252 9.69216 17.3738 0.11979 0.117472 375.54 0 0
1500 95.0809 15.9881 17.6508 0.587132 0.290928 375.604 0 0
1500 119.304 7.29509 17.652 0.991485 0.130806 375.653 0 0
1500 72.9625 -3.65868 18.8652 0.398146 -0.0089023 375.838 0 0
1500 94.3243 -17.4157 17.6114 0.569593 -0.312884 375.925 0 0
1500 92.2274 20.6711 17.3988 0.571422 0.267538 376.128 0 0
1500 32.2981 29.8794 17.3211 -0.384852 0.526696 376.348 0 0
1500 48.6274 -27.9947 17.6821 -0.176056 -0.538739 376.49 0 0
1500 34.5509 -49.8331 17.3007 -0.326704 -0.785991 376.696 0 0
1500 120.345 1.13618 17.6733 1.15493 0.0604456 376.791 0 0
1500 76.4771 14.1006 18.569 0.410536 0.195609 376.847 0 0
1500 -0.622669 6.98944 17.3013 -0.867838 0.165377 376.842 0 0
1500 47.9638 -21.8826 17.3796 -0.1217 -0.334123 377.023 0 0
1500 74.4479 13.684 18.3074 0.319545 0.243495 377.129 0 0
1500 48.2953 -17.0648 17.8467 -0.158411 -0.258489 377.206 0 0
1500 72.9792 -18.231 17.8613 0.227338 -0.301941 377.355 0 0
1500 103.571 -46.141 17.3946 0.676268 -0.712142 377.435 0 0
1500 79.1129 -11.0323 17.6721 0.314238 -0.221137 377.458 0 0
1500 46.4263 49.9285 17.3046 -0.198804 0.78036 377.517 0 0
1500 51.8237 -11.4078 17.6908 -0.0289169 -0.196831 377.574 0 0
1500 90.2794 -1.34285 17.8063 0.578479 0.0211933 377.561 0 0
1500 86.3552 -4.8271 17.7784 0.519399 -0.0874996 377.672 0 0
1500 91.4481 21.6337 17.6636 0.568217 0.361559 377.702 0 0
1500 37.4782 -1.3896 17.6297 -0.299223 -0.0789823 377.812 0 0
1500 35.0285 -7.04316 17.4113 -0.343028 -0.0958383 377.894 0 0
1500 72.039 92.624 17.3343 0.214052 1.31147 377.924 0 0
1500 24.1771 39.8955 17.3424 -0.449212 0.638939 377.958 0 0
1500 40.6814 -47.0319 17.7152 -0.263354 -0.807592 378.091 0 0
1500 122.151 30.4073 17.5072 1.02338 0.470175 378.289 0 0
1500 96.1504 7.04116 17.5039 0.640595 0.0710522 378.398 0 0
1500 94.5591 -29.9452 17.334 0.52912 -0.489373 378.535 0 0
1500 37.1815 -15.9089 17.4715 -0.349492 -0.264311 378.538 0 0
1500 98.0382 -34.0574 17.971 0.739294 -0.549701 378.829 0 0
1500 116.675 -32.255 17.3366 0.820672 -0.477432 379.018 0 0
1500 2.95751 -43.6372 17.3291 -0.807121 -0.634676 379.072 0 0
1500 106.299 -18.1227 17.361 0.682384 -0.317677 379.763 0 0
1500 91.0296 -54.2316 17.3616 0.522451 -0.762929 379.788 0 0
1500 84.2996 69.3306 17.5289 0.424898 1.06465 379.84 0 0
1500 65.077 5.31933 17.6498 0.0779197 0.122426 380.072 0 0
1500 44.9588 35.9621 17.6275 -0.157963 0.598102 380.11 0 0
1500 38.1967 31.837 17.7241 -0.269257 0.538949 380.154 0 0
1500 164.606 -6.70859 17.6188 1.83452 -0.107626 380.178 0 0
1500 87.4781 -30.2714 17.5715 0.416181 -0.505365 380.214 0 0
1500 65.255 -59.4981 17.4847 0.159818 -1.01359 380.423 0 0
1500 51.2459 0.671683 17.9052 -0.0705622 -0.0462238 380.633 0 0
1500 84.5438 14.4626 18.4524 0.569565 0.223561 380.749 0 0
1500 64.2249 -50.4131 17.5756 0.0752506 -0.79389 380.753 0 0
1500 144.353 14.1725 17.7495 1.45239 0.239416 380.744 0 0
1500 15.4721 45.405 17.3735 -0.613498 0.683458 380.795 0 0
1500 57.2577 -9.71214 17.895 0.0168713 -0.204154 380.814 0 0
1500 50.9427 32.8808 17.6881 -0.0625924 0.554765 380.842 0 0
1500 107.945 -46.0351 17.4057 0.765928 -0.694829 380.881 0 0
1500 -6.83509 -46.1852 17.405 -0.958004 -0.757089 380.861 0 0
1500 7.58346 56.3497 17.4955 -0.855595 0.967036 381.05 0 0
1500 84.3121 -33.6033 17.4559 0.402513 -0.462943 381.15 0 0
1500 60.4527 -5.11173 17.5689 -0.000181664 -0.0262933 381.147 0 0
1500 84.8703 -18.939 17.6501 0.49389 -0.296772 381.266 0 0
1500 63.0099 -20.6084 17.6832 0.0607133 -0.313526 381.294 0 0
1500 126.869 -10.095 17.4059 1.02138 -0.198373 381.462 0 0
1500 112.571 -66.0919 17.4668 0.889615 -1.10135 381.503 0 0
1500 76.4513 10.0191 19.2111 0.426732 0.15285 381.583 0 0
1500 107.994 17.0738 17.5501 0.816626 0.257705 381.629 0 0
1500 81.4713 -73.0914 17.5566 0.414593 -1.1918 381.641 0 0
1500 40.142 -12.4273 17.5118 -0.284011 -0.142957 381.731 0 0
1500 148.742 24.1124 17.9235 1.64785 0.384126 381.728 0 0
1500 8.13517 8.16532 17.5861 -0.81996 0.0596223 381.789 0 0
1500 89.2748 -25.2201 17.5162 0.544753 -0.353637 382.079 0 0
1500 69.1564 27.6061 17.4678 0.151839 0.423172 382.157 0 0
1500 100.474 7.81118 17.9839 0.742906 0.0798984 382.189 0 0
1500 136.331 52.6368 17.4717 1.16081 0.794403 382.315 0 0
1500 168.215 45.3058 17.4405 1.63065 0.732997 382.541 0 0
1500 110.797 -5.51686 17.4914 0.849757 -0.143124 382.532 0 0
1500 88.9388 -39.6289 17.7838 0.492217 -0.661366 382.641 0 0
1500 45.1904 18.0398 17.5523 -0.253311 0.265871 382.64 0 0
1500 93.6078 38.2648 17.8023 0.558703 0.676051 382.686 0 0
1500 146.334 -10.894 17.6954 1.52084 -0.197954 382.707 0 0
1500 103.805 -57.1836 17.5526 0.733623 -0.909863 382.896 0 0
1500 77.3473 19.3751 17.9737 0.403039 0.329603 382.969 0 0
1500 51.036 -15.4042 17.6594 -0.118453 -0.236356 383.046 0 0
1500 54.1763 -21.0318 17.6225 -0.0253387 -0.387163 383.192 0 0
1500 35.8802 55.2746 17.5805 -0.355766 0.848363 383.259 0 0
1500 94.2327 -51.9866 17.5745 0.628634 -0.832248 383.26 0 0
1500 90.9961 -0.523088 18.0041 0.528221 0.0250584 383.35 0 0
1500 73.2205 -23.3036 17.9533 0.248206 -0.356084 383.384 0 0
1500 72.6484 41.6676 17.7184 0.223278 0.776391 383.602 0 0
1500 134.222 52.0944 17.438 1.18264 0.772375 383.627 0 0
1500 106.484 -42.68 18.0676 0.948513 -0.811378 383.804 0 0
1500 72.2495 3.9863 17.9771 0.230928 0.110199 383.832 0 0
1500 66.5931 -34.7685 17.7208 0.115655 -0.570582 383.836 0 0
1500 90.1696 13.8571 17.9862 0.522155 0.309412 383.876 0 0
1500 80.6601 4.28227 18.5124 0.415835 0.105989 383.971 0 0
1500 243.035 -19.8976 17.4238 2.62875 -0.27602 384.038 0 0
1500 101.334 48.5335 17.5329 0.702135 0.716284 384.107 0 0
1500 77.3201 -6.61871 17.9821 0.419077 -0.118787 384.154 0 0
1500 115.86 13.6286 18.0195 1.00558 0.286647 384.214 0 0
1500 107.072 27.9911 17.7958 0.791513 0.457495 384.445 0 0
1500 107.468 -21.8442 17.6278 0.753195 -0.391226 384.572 0 0
1500 142.04 -15.1608 17.663 1.35511 -0.227609 384.6 0 0
1500 94.0459 -3.77454 17.7114 0.628171 -0.0357021 384.763 0 0
1500 52.1934 27.4056 17.6696 -0.117396 0.379031 384.964 0 0
1500 31.837 -21.2871 17.6349 -0.410578 -0.376035 385.112 0 0
1500 81.285 24.2995 17.6044 0.429831 0.387918 385.104 0 0
1500 81.7345 25.239 18.3778 0.488578 0.415545 385.257 0 0
1500 49.9793 -52.992 17.5892 -0.150944 -0.831096 385.437 0 0
1500 75.5199 -15.7197 17.8632 0.372158 -0.264188 385.407 0 0
1500 78.518 10.9146 17.5587 0.389339 0.157636 385.406 0 0
1500 125.367 46.5025 17.6219 1.11509 0.777387 385.326 0 0
1500 115.077 -56.6524 17.6024 0.924433 -0.857937 385.471 0 0
1500 46.4052 -11.9102 17.5255 -0.211675 -0.241601 385.559 0 0
1500 67.0855 10.5352 17.8517 0.158339 0.200316 385.682 0 0
1500 111.038 -54.3431 17.561 0.867918 -0.849005 385.704 0 0
1500 55.8303 22.1218 17.5615 -0.0955772 0.354915 385.784 0 0
1500 52.777 18.8022 17.5614 -0.141336 0.305454 385.742 0 0
1500 78.5847 -56.6656 17.6744 0.301792 -0.887773 385.892 0 0
1500 72.2798 36.7013 17.5623 0.149495 0.569275 386.221 0 0
1500 61.9495 -59.1293 17.7303 0.0874032 -0.935299 386.33 0 0
1500 78.4074 -27.4713 17.5149 0.382521 -0.426217 386.329 0 0
1500 120.047 -0.395474 17.7158 1.04799 -0.0692097 386.331 0 0
1500 104.551 -4.24474 17.5618 0.767352 -0.067904 386.363 0 0
1500 26.0978 -29.5509 17.5631 -0.53478 -0.413718 386.476 0 0
1500 77.5781 -60.6502 17.4775 0.29792 -0.901677 386.569 0 0
1500 40.197 -24.9302 17.5133 -0.231524 -0.400019 386.854 0 0
1500 76.3566 62.1886 17.6752 0.286075 1.001 386.883 0 0
1500 76.2138 19.7713 17.5534 0.224447 0.348956 386.879 0 0
1500 59.7566 18.732 18.1508 0.0475797 0.37334 386.914 0 0
1500 104.589 25.3768 17.7569 0.779066 0.35106 386.965 0 0
1500 87.6686 39.9457 17.8289 0.528052 0.657666 386.961 0 0
1500 94.3114 51.7263 17.6167 0.605411 0.772217 387.066 0 0
1500 124.659 48.384 17.6481 1.05343 0.801685 386.983 0 0
1500 -59.3256 122.509 17.4893 -1.71197 1.88429 387.1 0 0
1500 105.728 29.5695 17.8286 0.805852 0.477813 387.199 0 0
1500 5.79912 -23.3001 17.5328 -0.799933 -0.401962 387.302 0 0
1500 85.5552 -56.1612 17.6868 0.439125 -0.87189 387.372 0 0
1500 96.4737 48.3001 17.5686 0.638951 0.695906 387.363 0 0
1500 40.785 35.2254 17.5547 -0.30273 0.575352 387.416 0 0
1500 123.222 18.7237 17.7011 1.00716 0.290684 387.465 0 0
1500 55.1829 30.2604 17.8857 0.00263979 0.515745 387.473 0 0
1500 65.5481 -22.1778 17.6137 0.137134 -0.426295 387.59 0 0
1500 111.996 -36.984 17.7069 0.837608 -0.583563 387.715 0 0
1500 104.736 33.4937 17.599 0.713143 0.474985 387.803 0 0
1500 65.9025 -25.5168 17.7211 0.0954531 -0.434554 387.768 0 0
1500 129.101 -22.4385 17.5947 1.15321 -0.29995 387.77 0 0
1500 79.0324 -101.153 17.6422 0.382522 -1.70684 387.852 0 0
1500 110.003 23.5852 17.6805 0.861943 0.343326 387.861 0 0
1500 79.7233 42.3683 17.8873 0.358392 0.782845 387.982 0 0
1500 87.2346 53.9274 18.1454 0.478701 1.06688 388.269 0 0
1500 3.18359 -36.3831 17.5426 -0.825407 -0.584198 388.36 0 0
1500 93.8287 7.01185 18.8181 0.677374 0.164672 388.386 0 0
1500 10.35 -49.0766 17.4967 -0.735872 -0.74559 388.378 0 0
1500 2.98504 -44.3368 17.5129 -0.851933 -0.609086 388.429 0 0
1500 65.823 2.03539 17.6869 0.0622279 0.042233 388.375 0 0
1500 91.6281 -13.625 18.5963 0.666535 -0.231927 388.468 0 0
1500 56.087 35.7208 18.0425 -0.00622025 0.572843 388.557 0 0
1500 -65.0713 -207.343 17.4924 -1.84713 -2.96312 388.605 0 0
1500 42.6018 66.5853 17.5797 -0.281474 0.978375 388.628 0 0
1500 47.5202 26.6429 17.5491 -0.17592 0.469247 388.664 0 0
1500 56.589 35.8241 18.0646 -0.0345848 0.615726 388.674 0 0
1500 -3.91202 30.1841 17.5171 -0.946275 0.450344 388.717 0 0
1500 71.506 -8.05033 18.2723 0.341158 -0.167943 388.755 0 0
1500 90.7673 -30.5917 17.6616 0.539302 -0.509196 388.751 0 0
1500 24.634 57.0967 17.5778 -0.508653 0.969053 388.793 0 0
1500 72.5169 -13.6482 18.2724 0.355254 -0.248105 388.841 0 0
1500 32.2206 -114.445 17.599 -0.38938 -1.80425 388.842 0 0
1500 57.0953 55.0832 17.591 -0.0752161 0.83071 388.942 0 0
1500 96.3486 58.5148 17.5484 0.620606 0.838442 389.023 0 0
1500 83.1212 -11.3324 18.4716 0.470754 -0.228896 389.315 0 0
1500 99.683 -24.9954 17.9651 0.741513 -0.517573 389.43 0 0
1500 56.8229 -9.50069 18.4987 0.0668421 -0.19261 389.576 0 0
1500 47.4104 32.5065 17.649 -0.215934 0.461027 389.655 0 0
1500 65.0056 25.8181 17.9852 0.132406 0.379713 389.817 0 0
1500 115.897 -37.4 17.5784 0.885684 -0.556474 389.889 0 0
1500 78.9932 13.5699 17.8087 0.35729 0.217025 390.112 0 0
1500 99.1177 56.9371 17.5661 0.649497 0.802855 390.166 0 0
1500 63.489 -6.39669 17.5546 0.141951 -0.135779 390.202 0 0
1500 97.9036 24.6625 17.7743 0.70953 0.367593 390.225 0 0
1500 59.0106 24.9362 17.6644 -0.0243323 0.46358 390.295 0 0
1500 6.43958 -45.2659 17.5712 -0.757035 -0.692423 390.332 0 0
1500 -11.5819 0.672096 17.6038 -1.03389 0.0319133 390.313 0 0
1500 51.7295 8.19106 18.03 -0.0550483 0.164976 390.463 0 0
1500 87.1563 38.4211 18.28 0.552412 0.729447 390.541 0 0
1500 89.1084 -30.4208 17.6627 0.435647 -0.512608 390.604 0 0
1500 46.0603 14.1002 17.7649 -0.125832 0.251015 390.623 0 0
1500 80.5241 25.5649 17.6974 0.313621 0.405727 390.651 0 0
1500 109.932 7.42547 17.5852 0.792139 0.177044 390.668 0 0
1500 33.9547 -47.5491 17.6531 -0.409204 -0.715177 390.688 0 0
1500 48.9306 10.5346 17.6756 -0.176097 0.137055 390.714 0 0
1500 114.859 11.768 17.6788 0.854427 0.18609 390.892 0 0
1500 0.255987 6.81929 17.5609 -0.859083 0.115193 391.021 0 0
1500 89.037 45.3811 17.5873 0.483146 0.730346 391.006 0 0
1500 69.4655 -10.766 17.7616 0.231197 -0.177554 391.116 0 0
1500 103.668 -9.5528 17.6217 0.67539 -0.214757 391.124 0 0
1500 -8.33776 0.521636 17.6196 -0.976766 0.0294535 391.166 0 0
1500 88.0519 -42.2009 18.1579 0.561535 -0.800853 391.158 0 0
1500 62.6611 17.2993 18.0307 0.133838 0.324808 391.208 0 0
1500 80.4848 2.17704 18.1493 0.444932 -0.0261529 391.231 0 0
1500 79.0528 64.9403 17.533 0.311178 0.978559 391.262 0 0
1500 111.312 3.97499 17.8616 0.871585 0.0278386 391.274 0 0
1500 85.7393 50.931 17.5893 0.43331 0.808228 391.273 0 0
1500 4.03828 -0.661266 17.6063 -0.844204 -0.0515578 391.282 0 0
1500 72.498 25.1756 17.7817 0.278921 0.361763 391.324 0 0
1500 53.5868 -37.6937 17.77 -0.0549569 -0.568768 391.364 0 0
1500 62.8642 -0.470444 17.5896 0.0801214 0.0670973 391.38 0 0
1500 61.5807 -63.0946 17.593 0.0146901 -0.927504 391.45 0 0
1500 44.7431 -37.3582 17.7291 -0.263173 -0.556176 391.507 0 0
1500 8.72658 -17.7923 17.5529 -0.755407 -0.193212 391.532 0 0
1500 113.5 -27.06 17.5928 0.835207 -0.368498 391.538 0 0
1500 -1.47191 22.2855 17.6272 -0.877184 0.32904 391.539 0 0
1500 31.922 41.7235 17.5533 -0.413243 0.682652 391.613 0 0
1500 105.842 19.8714 17.8177 0.784355 0.324845 391.998 0 0
1500 90.421 -20.9148 17.8495 0.575159 -0.33287 391.995 0 0
1500 6.2545 25.5236 17.6402 -0.764515 0.370603 392.134 0 0
1500 125.224 1.22423 17.7434 1.04091 0.0038575 392.156 0 0
1500 101.606 -25.5131 18.0767 0.728661 -0.421514 392.146 0 0
1500 29.7649 -46.5407 17.6095 -0.419598 -0.692301 392.186 0 0
1500 120.194 21.6989 17.5512 0.87682 0.366958 392.207 0 0
1500 27.6216 60.1751 17.5986 -0.406273 0.929681 392.234 0 0
1500 99.1237 -3.56181 17.5926 0.612296 0.0207981 392.233 0 0
1500 57.3136 -54.0024 17.6112 -0.0436397 -0.793315 392.261 0 0
1500 101.494 -6.92665 17.9571 0.683973 -0.122707 392.317 0 0
1500 71.5906 2.16365 18.1461 0.184262 0.0742748 392.444 0 0
1500 70.4501 60.3513 17.5567 0.187297 0.898937 392.469 0 0
1500 71.0959 19.5073 17.7012 0.253369 0.26631 392.528 0 0
1500 50.0709 -24.6917 17.9266 -0.0753765 -0.434313 392.704 0 0
1500 88.6621 4.63262 17.7993 0.500187 0.069905 392.75 0 0
1500 -4.30964 25.5253 17.607 -0.97706 0.333176 392.73 0 0
1500 53.9181 6.89741 17.6081 -0.119016 0.113356 392.89 0 0
1500 26.5757 -100.39 17.6629 -0.507787 -1.52827 392.885 0 0
1500 81.1041 -64.4897 17.8423 0.451273 -1.06979 392.987 0 0
1500 36.9761 39.164 17.6613 -0.340756 0.550333 393.012 0 0
1500 98.0645 41.8641 17.9133 0.759789 0.675441 393.024 0 0
1500 131.061 -1.27779 17.6847 1.19696 -0.0393031 393.065 0 0
1500 121.46 -41.0306 17.6536 1.01199 -0.646288 393.121 0 0
1500 101.362 -0.793074 17.7884 0.721528 0.0229768 393.183 0 0
1500 88.5833 -20.1478 18.813 0.573979 -0.347477 393.279 0 0
1500 85.0936 -5.09005 18.154 0.484955 -0.0807137 393.451 0 0
1500 67.6131 -36.0579 17.7943 0.193589 -0.673937 393.44 0 0
1500 20.0959 57.7268 17.5795 -0.561042 0.87723 393.494 0 0
1500 82.1346 64.9083 17.6156 0.368928 0.979763 393.501 0 0
1500 80.9053 -64.7476 17.653 0.302846 -0.965447 393.561 0 0
1500 107.872 -39.4108 17.8316 0.80531 -0.69623 393.572 0 0
1500 54.5911 17.908 17.682 -0.101903 0.260656 393.794 0 0
1500 13.7083 -3.43085 17.6408 -0.646265 -0.0018974 393.71 0 0
1500 122.55 26.572 17.7135 1.04871 0.475923 393.755 0 0
1500 52.2331 46.1011 17.6501 -0.121278 0.671906 393.912 0 0
1500 84.5478 34.9958 18.0275 0.491959 0.685572 394.039 0 0
1500 56.7976 31.1145 17.7307 -0.0092942 0.460317 394.07 0 0
1500 137.697 -88.1174 17.5843 1.1945 -1.24235 394.132 0 0
1500 82.7782 -5.66961 17.8767 0.370071 -0.151672 394.342 0 0
1500 71.5918 39.9386 17.7087 0.290488 0.656778 394.456 0 0
1500 104.532 50.5641 17.5972 0.617966 0.765963 394.471 0 0
1500 97.1121 5.46342 18.521 0.733459 0.0540157 394.473 0 0
1500 60.1823 2.719 17.927 0.105401 0.0763608 394.486 0 0
1500 51.098 -55.478 17.691 -0.06052 -0.874199 394.516 0 0
1500 46.8389 -8.00515 18.1346 -0.166177 -0.133123 394.538 0 0
1500 132.618 -42.1565 17.8468 1.26607 -0.664941 394.654 0 0
1500 45.8971 -30.0181 17.6389 -0.253403 -0.428522 394.67 0 0
1500 84.6249 62.9753 17.7335 0.432434 0.947544 394.769 0 0
1500 12.8419 -31.2652 17.6615 -0.743115 -0.429812 394.959 0 0
1500 85.9434 45.3777 17.815 0.401404 0.748559 395.028 0 0
1500 66.3188 -8.19951 17.7287 0.186493 -0.178227 395.068 0 0
1500 4.59987 42.6237 17.5982 -0.77288 0.659752 395.337 0 0
1500 66.1541 -42.7086 17.9706 0.174877 -0.691905 395.366 0 0
1500 82.5266 28.9061 17.756 0.397461 0.426009 395.406 0 0
1500 82.2765 -19.763 17.6288 0.39034 -0.276314 395.564 0 0
1500 70.1403 -7.7721 18.693 0.28092 -0.193431 395.655 0 0
1500 52.3662 4.27874 17.7844 -0.130787 0.0235433 395.7 0 0
1500 81.9882 -29.1166 18.1876 0.416842 -0.490788 395.732 0 0
1500 73.8631 7.95052 18.2402 0.340453 0.121838 395.772 0 0
1500 137.642 7.82111 18.878 1.70989 0.161952 395.915 0 0
1500 50.3791 51.5537 17.6695 -0.0755377 0.762476 396.216 0 0
1500 81.7473 6.52768 17.7612 0.364081 0.172643 396.221 0 0
1500 95.0086 -0.698218 18.3488 0.659087 0.0497872 396.233 0 0
1500 102.06 20.8307 17.7395 0.668134 0.307083 396.278 0 0
1500 109.621 -18.6052 18.2684 0.916477 -0.309278 396.346 0 0
1500 62.5805 20.1784 17.755 0.00248494 0.306155 396.412 0 0
1500 61.145 -28.9345 17.8372 0.0940846 -0.445156 396.447 0 0
1500 66.5476 -19.8625 18.1771 0.134832 -0.332194 396.468 0 0
1500 5.04997 29.4446 17.6231 -0.753602 0.467853 396.574 0 0
1500 75.5401 4.64133 18.9643 0.434929 0.0840153 396.626 0 0
1500 62.6692 7.06073 18.19 0.0946254 0.149856 396.841 0 0
1500 28.6897 -38.0713 17.7552 -0.415272 -0.571916 396.938 0 0
1500 95.8483 -19.3555 18.151 0.610111 -0.351559 396.959 0 0
1500 109.598 43.9242 17.7585 0.760164 0.696447 397.039 0 0
1500 37.8818 39.9717 17.7604 -0.290056 0.666029 397.022 0 0
1500 79.7783 128.038 17.7708 0.365668 2.08147 397.065 0 0
1500 92.2477 23.3254 17.9024 0.551619 0.321827 397.082 0 0
1500 96.2911 27.9876 17.7605 0.574338 0.487757 397.125 0 0
1500 115.367 -29.4891 17.7043 0.836376 -0.500391 397.314 0 0
1500 95.0661 112.467 18.2952 0.679481 2.08289 397.347 0 0
1500 -59.4216 -12.9317 17.801 -1.89863 -0.246887 397.443 0 0
1500 42.9569 -4.12133 17.9254 -0.253987 -0.109608 397.535 0 0
1500 46.9655 64.0282 17.6604 -0.148105 0.997984 397.645 0 0
1500 70.0621 34.7051 17.657 0.135241 0.529804 397.975 0 0
1500 112.462 34.3904 17.6675 0.771411 0.539342 397.981 0 0
1500 122.093 73.6646 17.6405 1.01309 1.06009 398.044 0 0
1500 34.6873 -66.6855 17.6645 -0.290994 -1.00708 398.242 0 0
1500 52.1377 27.5748 17.968 -0.0651994 0.479951 398.251 0 0
1500 76.6514 -4.86814 18.207 0.348482 -0.112476 398.656 0 0
1500 77.7117 -10.9792 18.3928 0.451206 -0.164597 398.663 0 0
1500 99.6526 19.1226 17.9702 0.646693 0.353149 398.658 0 0
1500 78.3003 23.822 18.1383 0.325488 0.377759 398.857 0 0
1500 11.0081 15.6081 18.1589 -0.816128 0.214706 399.027 0 0
1500 66.2002 2.26575 17.8441 0.0695228 0.050881 399.075 0 0
1500 45.998 53.489 17.7049 -0.142469 0.793389 399.115 0 0
1500 200.406 -65.2303 17.7743 2.31991 -1.10511 399.169 0 0
1500 48.5874 13.2747 17.8436 -0.194168 0.215505 399.215 0 0
1500 -26.6833 -53.8382 18.0741 -1.59584 -0.971403 399.311 0 0
1500 92.8575 15.8044 18.6966 0.672493 0.270177 399.622 0 0
1500 52.1802 35.0741 17.8426 -0.139478 0.538109 399.661 0 0
1500 32.2051 -19.744 17.8448 -0.453869 -0.251551 399.732 0 0
1500 52.4705 -4.43243 18.6263 -0.0266207 -0.0758185 399.858 0 0
1500 17.3474 -15.8827 17.6748 -0.599189 -0.310968 399.977 0 0
1500 49.3489 -59.0296 17.7419 -0.0810298 -0.969642 399.971 0 0
1500 82.3387 10.3241 17.9963 0.447606 0.207923 400.076 0 0
1500 112.158 54.3028 18.1699 0.958524 1.02839 400.086 0 0
1500 96.0308 22.548 18.0971 0.596603 0.400165 400.181 0 0
1500 56.6661 -14.2638 17.6898 0.0272314 -0.27199 400.318 0 0
1500 111.731 -26.085 17.7801 0.866455 -0.381383 400.43 0 0
1500 92.7216 -17.8901 17.807 0.536306 -0.339551 400.445 0 0
1500 109.73 -3.25646 18.2148 0.892772 -0.00182619 400.465 0 0
1500 68.5983 -12.9675 18.4191 0.18038 -0.233233 400.779 0 0
1500 71.8325 -15.5592 17.7967 0.221091 -0.268054 400.848 0 0
1500 35.2259 6.53009 18.1089 -0.366099 0.190722 400.856 0 0
1500 103.13 -30.2051 17.7106 0.657026 -0.470019 400.965 0 0
1500 0.662838 9.89944 17.8441 -0.887441 0.160684 401.01 0 0
1500 111.232 -35.1577 17.8215 0.796846 -0.579365 401.03 0 0
1500 -2.9574 6.21223 17.8374 -0.985526 0.141901 401.072 0 0
1500 75.657 52.8869 17.7938 0.252619 0.845178 401.179 0 0
1500 69.9939 -14.5718 18.5577 0.261888 -0.249577 401.311 0 0
1500 1.5903 21.6252 17.8166 -0.874239 0.337796 401.417 0 0
1500 104.222 -39.9347 17.6781 0.684157 -0.656784 401.337 0 0
1500 51.1161 0.0369866 17.8811 -0.116657 0.0676971 401.353 0 0
1500 106.271 81.8373 17.9267 0.793418 1.32421 401.804 0 0
1500 91.0191 -49.7804 17.81 0.500481 -0.7963 401.864 0 0
1500 92.149 25.0722 18.3573 0.620656 0.413808 402.054 0 0
1500 53.9883 -29.7043 17.7369 -0.0156172 -0.456011 402.11 0 0
1500 51.0827 67.8179 17.6763 -0.0788686 1.02468 402.153 0 0
1500 98.3216 -21.5411 17.7416 0.632485 -0.389931 402.139 0 0
1500 109.003 -47.5775 17.69 0.799631 -0.662305 402.243 0 0
1500 63.925 -63.6821 17.6984 0.013401 -0.950389 402.268 0 0
1500 100.432 -47.9105 17.8127 0.63295 -0.763774 402.344 0 0
1500 74.2668 -2.09571 18.1518 0.327881 -0.107172 402.47 0 0
1500 46.0123 45.5867 18.0131 -0.240991 0.725034 402.555 0 0
1500 126.404 -8.82026 17.6948 1.04282 -0.104094 402.717 0 0
1500 71.7331 49.0506 17.8778 0.189376 0.788081 402.762 0 0
1500 69.0396 -18.7976 18.6959 0.260046 -0.334079 402.791 0 0
1500 48.3694 20.7027 18.0091 -0.167295 0.353576 402.96 0 0
1500 72.7561 44.6528 17.7554 0.225755 0.74053 403.086 0 0
1500 59.9041 29.6737 18.0083 0.00480218 0.486246 403.124 0 0
1500 58.6574 35.1999 18.0176 0.0242718 0.59164 403.144 0 0
1500 39.6278 2.8843 17.807 -0.282086 -0.0314282 403.24 0 0
1500 86.7904 -18.0287 18.6958 0.505625 -0.325879 403.206 0 0
1500 72.3457 -37.4032 18.4134 0.286332 -0.725856 403.346 0 0
1500 86.7274 25.5796 18.1394 0.547188 0.383703 403.483 0 0
1500 101.164 -6.88165 18.1389 0.755 -0.0912207 403.808 0 0
1500 112.065 -43.1861 17.7105 0.823695 -0.58495 403.929 0 0
1500 82.2588 0.315903 18.3103 0.459517 0.00220779 403.96 0 0
1500 105.003 2.74269 18.1389 0.80846 0.0488979 404.02 0 0
1500 153.185 55.0414 17.7758 1.50637 0.821263 404.066 0 0
1500 -5.15471 28.535 17.7132 -0.971996 0.390248 404.162 0 0
1500 90.7834 1.69352 18.2126 0.616049 0.025404 404.296 0 0
1500 133.307 1.59349 18.0063 1.24347 -0.0260418 404.305 0 0
1500 97.5504 6.42709 17.8052 0.67677 0.0980298 404.458 0 0
1500 109.418 -0.488584 18.2274 0.87101 0.0201035 404.579 0 0
1500 61.0814 4.13463 18.0437 0.031888 0.116103 404.596 0 0
1500 67.3022 6.19435 18.0434 0.125416 0.147006 404.637 0 0
1500 93.6729 -24.315 17.8393 0.513402 -0.432281 404.678 0 0
1500 37.156 47.9316 17.7735 -0.292785 0.72394 404.714 0 0
1500 83.7258 34.4375 18.2501 0.487257 0.556766 404.862 0 0
1500 114.621 14.4334 17.8603 0.86253 0.284604 404.886 0 0
1500 114.316 30.0734 17.8526 0.903928 0.423861 404.913 0 0
1500 114.162 -21.8975 17.9807 0.889473 -0.374209 404.949 0 0
1500 87.3552 -50.5476 17.8057 0.406541 -0.811963 405.012 0 0
1500 53.0457 28.2031 18.0408 -0.0884787 0.475323 405.007 0 0
1500 48.9906 -68.0411 17.8006 -0.104572 -1.02799 405.085 0 0
1500 68.0609 -18.2643 17.8278 0.0851696 -0.283231 405.201 0 0
1500 59.0785 68.7901 17.834 0.0365772 1.0447 405.278 0 0
1500 115.393 -30.0851 17.8547 0.916845 -0.44551 405.309 0 0
1500 79.3671 -26.587 17.8549 0.370876 -0.441357 405.446 0 0
1500 101.266 1.89961 17.8486 0.665352 0.0241805 405.467 0 0
1500 50.4238 50.9778 17.8311 -0.161312 0.767104 405.507 0 0
1500 95.1279 -23.11 18.1925 0.609599 -0.405707 405.482 0 0
1500 102.863 -11.8848 17.8169 0.71979 -0.240957 405.505 0 0
1500 40.6964 16.0548 18.0486 -0.354251 0.219338 405.681 0 0
1500 29.8968 60.9344 17.7516 -0.471793 0.91868 405.775 0 0
1500 89.3709 -12.2983 18.1221 0.578828 -0.147454 405.792 0 0
1500 62.81 20.2956 17.7831 0.00308558 0.335049 405.69 0 0
1500 99.5276 -17.8569 18.6534 0.761795 -0.360524 405.799 0 0
1500 67.093 -66.4435 17.7182 0.10613 -1.00626 405.847 0 0
1500 37.7632 44.3752 18.0372 -0.313116 0.708335 405.841 0 0
1500 109.184 -28.3608 17.9405 0.8932 -0.489403 405.878 0 0
1500 85.2395 -16.6994 17.8654 0.439304 -0.229628 405.913 0 0
1500 97.6524 -24.9374 17.7491 0.60348 -0.319245 406.031 0 0
1500 110.763 -55.3038 17.7726 0.795799 -0.806823 406.169 0 0
1500 123.678 -4.29926 17.8901 1.02304 -0.106691 406.248 0 0
1500 102.173 35.7553 18.1811 0.846904 0.653549 406.326 0 0
1500 84.0125 26.3024 18.2024 0.433784 0.460964 406.377 0 0
1500 78.5994 49.9175 17.8389 0.282397 0.807355 406.379 0 0
1500 31.228 21.5014 17.8604 -0.3945 0.399328 406.457 0 0
1500 98.6431 8.9059 18.034 0.675712 0.1963 406.669 0 0
1500 16.1424 4.91954 17.9222 -0.707217 0.0233968 406.67 0 0
1500 94.9565 21.1256 18.6715 0.669255 0.366539 406.691 0 0
1500 77.1568 -11.9689 18.1341 0.405936 -0.160833 406.813 0 0
1500 122.8 18.875 17.8507 1.08409 0.348414 406.781 0 0
1500 80.8423 2.33982 17.9241 0.370545 -0.0158561 406.832 0 0
1500 59.0623 -4.08952 17.8145 -0.0115971 0.00687897 406.866 0 0
1500 65.5866 -67.4519 17.8089 0.106382 -1.04198 406.909 0 0
1500 58.4386 2.32766 17.8144 -0.0211032 0.104725 406.886 0 0
1500 141.796 0.216085 18.3019 1.49103 -0.0323969 406.888 0 0
1500 79.1995 5.22486 18.3866 0.347672 0.132631 406.98 0 0
1500 -7.77723 -2.9375 17.7631 -1.01312 0.0270264 407.004 0 0
1500 48.2774 -27.1438 18.2425 -0.192435 -0.494504 407.031 0 0
1500 80.441 8.97741 17.8126 0.313262 0.205383 407.121 0 0
1500 103.509 -29.4489 18.1143 0.808944 -0.588293 407.136 0 0
1500 30.9871 -1.13493 17.8119 -0.437425 0.0516616 407.224 0 0
1500 -1.67406 22.0532 17.7388 -0.911089 0.31684 407.312 0 0
1500 6.36164 -11.7051 17.7904 -0.835914 -0.147484 407.32 0 0
1500 82.3771 29.7362 17.7726 0.302976 0.488676 407.324 0 0
1500 102.242 27.9175 17.876 0.656106 0.487575 407.466 0 0
1500 40.4463 -26.3748 17.9382 -0.333411 -0.415423 407.495 0 0
1500 63.7165 -7.78254 18.2195 0.181567 -0.179977 407.554 0 0
1500 124.733 -2.30279 17.8465 1.02026 -0.011962 407.551 0 0
1500 68.8861 -3.10649 18.2193 0.258378 -0.110371 407.578 0 0
1500 101.032 -35.9508 18.1028 0.712151 -0.582953 407.616 0 0
1500 74.2399 -64.3129 17.7351 0.309605 -0.944669 407.71 0 0
1500 79.7351 4.53696 18.2181 0.418595 0.00328849 407.759 0 0
1500 49.5682 15.7289 18.0829 -0.0834528 0.27466 407.836 0 0
1500 107.248 7.53445 18.3335 0.90495 0.200144 407.883 0 0
1500 69.505 5.98805 17.9988 0.277119 0.0871295 407.905 0 0
1500 47.0462 -66.4766 17.8184 -0.15809 -1.01293 407.939 0 0
1500 85.7012 29.0692 19.5166 0.709866 0.689317 407.952 0 0
1500 63.7865 57.0967 17.8756 0.0838519 0.913603 408.03 0 0
1500 42.2049 46.6353 18.0388 -0.25673 0.835798 408.042 0 0
1500 72.5042 34.2972 18.2121 0.237635 0.57092 408.143 0 0
1500 -4.12893 -22.8754 17.824 -0.968487 -0.338023 408.181 0 0
1500 63.9515 59.0603 17.8757 0.0860382 0.939863 408.223 0 0
1500 119.369 36.9884 17.844 0.917213 0.623397 408.22 0 0
1500 87.3238 -15.3965 17.9555 0.481258 -0.213818 408.286 0 0
1500 38.9035 -17.4833 18.0783 -0.263239 -0.282707 408.356 0 0
1500 47.2219 -53.3996 17.8119 -0.145902 -0.866416 408.372 0 0
1500 75.682 4.79391 18.3224 0.403826 0.090723 408.394 0 0
1500 99.7442 -28.665 18.2631 0.718652 -0.558746 408.427 0 0
1500 79.9675 -29.8611 18.4633 0.45182 -0.49217 408.532 0 0
1500 30.2808 44.8655 17.807 -0.439499 0.735022 408.52 0 0
1500 94.4977 2.75651 18.6301 0.698793 0.00404876 408.774 0 0
1500 113.943 6.27848 18.0038 0.922244 0.156154 408.754 0 0
1500 61.9124 -7.12706 18.5709 0.16128 -0.154316 408.852 0 0
1500 54.8359 -3.19477 18.1118 -0.0262564 -0.11969 408.848 0 0
1500 88.0692 34.32 17.8128 0.41732 0.538855 409.003 0 0
1500 125.204 -0.479334 17.7709 1.04276 0.0170416 409.015 0 0
1500 82.7936 0.581723 18.0978 0.419142 -0.0655876 409.022 0 0
1500 63.203 -66.5583 18.0675 0.0925859 -1.10627 409.015 0 0
1500 -6.66256 43.0155 17.8216 -0.995061 0.753935 409.108 0 0
1500 49.9967 42.3987 17.8805 -0.149256 0.622955 409.168 0 0
1500 45.4185 1.02175 18.0021 -0.201189 0.048513 409.188 0 0
1500 72.6665 12.0648 17.9853 0.319424 0.201805 409.126 0 0
1500 92.441 -2.62673 17.777 0.586748 -0.0771873 409.258 0 0
1500 59.3759 -9.67098 18.2298 0.0182953 -0.196254 409.258 0 0
1500 165.642 -11.8034 18.216 1.96099 -0.174512 409.273 0 0
1500 83.4825 -8.78112 18.3236 0.464349 -0.110033 409.469 0 0
1500 85.0811 19.6435 17.8231 0.373763 0.335369 409.512 0 0
1500 96.4212 -12.3711 17.7755 0.644682 -0.224339 409.517 0 0
1500 53.5697 -7.68264 18.1873 -0.0300637 -0.187902 409.686 0 0
1500 -9.77296 8.12685 17.835 -1.02785 0.110447 409.701 0 0
1500 98.1373 25.5352 18.0644 0.706502 0.396571 409.77 0 0
1500 31.0925 28.1892 17.7972 -0.483372 0.419345 409.712 0 0
1500 85.2404 -23.4655 18.0399 0.413781 -0.427171 409.724 0 0
1500 42.5162 -21.0292 17.777 -0.261732 -0.39543 409.842 0 0
1500 102.736 -19.6306 18.0895 0.777368 -0.290921 409.939 0 0
1500 60.4179 15.4339 18.244 0.0610038 0.256959 409.973 0 0
1500 98.8439 55.3642 17.8661 0.592636 0.863239 410.025 0 0
1500 27.8679 54.0324 17.8086 -0.439324 0.867789 410.049 0 0
1500 6.82207 64.8332 17.7603 -0.757769 0.973899 410.135 0 0
1500 44.1538 -24.2299 18.2909 -0.219624 -0.468897 410.102 0 0
1500 42.5188 29.1999 17.8105 -0.271219 0.430394 410.156 0 0
1500 21.8272 -10.3182 17.7745 -0.575416 -0.230366 410.172 0 0
1500 90.0063 -20.9269 18.0313 0.583139 -0.31836 410.202 0 0
1500 106.048 -25.3268 17.8872 0.731937 -0.392732 410.437 0 0
1500 54.7905 60.6927 17.8062 0.0182994 0.936662 410.412 0 0
1500 59.6016 62.6643 17.7618 0.0835478 0.964583 410.479 0 0
1500 105.901 -9.42634 18.5508 0.908439 -0.0978606 410.488 0 0
1500 73.7821 -2.4664 18.8081 0.345537 -0.0911297 410.549 0 0
1500 50.1093 4.94348 17.8205 -0.166505 0.0985419 410.625 0 0
1500 63.7173 4.77616 17.9014 0.152169 0.0841327 410.767 0 0
1500 46.6185 8.65223 18.0824 -0.173162 0.15557 410.802 0 0
1500 117.393 0.394039 17.7721 0.943779 -0.0305835 410.794 0 0
1500 107.557 -46.8862 17.8069 0.792129 -0.679077 410.848 0 0
1500 39.7135 -45.8402 17.8995 -0.321271 -0.831337 410.887 0 0
1500 83.5862 45.5156 17.8426 0.456898 0.711067 410.967 0 0
1500 -8.90353 12.3692 17.7803 -1.02098 0.213639 411.072 0 0
1500 60.4956 3.03674 17.9342 0.0605862 0.107121 411.098 0 0
1500 89.2103 23.2269 17.8749 0.575609 0.356185 411.105 0 0
1500 46.0982 -2.127 17.9789 -0.203532 -0.0523189 411.165 0 0
1500 96.4713 2.2112 19.0976 0.76513 0.0688714 411.145 0 0
1500 59.3688 -7.41038 18.0854 0.0467095 -0.16578 411.294 0 0
1500 96.6402 5.5648 17.8038 0.621967 0.0163828 411.395 0 0
1500 23.6245 32.7776 17.9711 -0.59063 0.613274 411.531 0 0
1500 61.8599 6.36889 18.1413 0.0237729 0.0509088 411.484 0 0
1500 67.1007 -31.0527 17.7927 0.0629596 -0.50057 411.581 0 0
1500 56.2187 -16.9492 18.2551 -0.00426261 -0.318483 411.65 0 0
1500 32.7259 -54.8394 17.7687 -0.399216 -0.885455 411.86 0 0
1500 112.236 50.2705 17.8335 0.92792 0.845503 411.899 0 0
1500 81.323 24.1915 17.8302 0.366126 0.350976 412.049 0 0
1500 3.28811 38.3124 17.8262 -0.79919 0.605783 412.043 0 0
1500 67.1338 9.4651 18.5607 0.189977 0.197507 412 0 0
1500 64.1078 -1.24539 18.3882 0.163086 -0.0716 412.167 0 0
1500 107.755 -3.74419 18.5857 0.961857 -0.00369454 412.265 0 0
1500 18.969 37.4234 17.8297 -0.603178 0.544048 412.314 0 0
1500 96.904 55.9346 17.8138 0.62349 0.841556 412.391 0 0
1500 59.1126 -56.6869 17.8596 0.076906 -0.898619 412.416 0 0
1500 76.8157 -4.27895 18.3762 0.438313 -0.0575568 412.426 0 0
1500 126.247 -14.7317 17.771 1.04741 -0.153142 412.557 0 0
1500 82.0713 4.87124 19.4376 0.616017 0.105497 412.649 0 0
1500 96.046 50.28 18.0819 0.74726 0.895149 412.744 0 0
1500 20.6542 48.9287 17.8357 -0.548031 0.748122 412.774 0 0
1500 18.4257 -52.8264 17.7703 -0.603172 -0.843945 412.789 0 0
1500 88.4349 14.7683 18.9854 0.599917 0.302446 412.963 0 0
1500 125.718 -2.71611 17.8191 1.02881 -0.00198876 413.007 0 0
1500 87.2584 -19.813 18.4982 0.56921 -0.341232 413.175 0 0
1500 13.8035 22.8293 17.7963 -0.722377 0.287976 413.157 0 0
1500 111.644 -31.5822 17.7961 0.827938 -0.535673 413.217 0 0
1500 70.7759 34.4843 18.1807 0.284073 0.575644 413.37 0 0
1500 77.2084 30.5196 18.1588 0.278298 0.508882 413.345 0 0
1500 62.2001 -32.9244 18.1538 0.0665367 -0.558002 413.361 0 0
1500 76.1387 9.38556 18.0951 0.340183 0.148523 413.434 0 0
1500 17.0119 35.1079 17.8467 -0.593021 0.549216 413.494 0 0
1500 3.39418 27.6247 17.7818 -0.889548 0.389597 413.527 0 0
1500 83.3852 27.4253 17.8484 0.330903 0.466658 413.539 0 0
1500 -7.68488 -21.6711 17.7743 -0.974286 -0.383362 413.574 0 0
1500 72.5138 22.216 17.9184 0.205371 0.369887 413.67 0 0
1500 14.2583 -11.5962 17.8187 -0.66264 -0.124698 413.866 0 0
1500 82.4893 -2.27952 18.5986 0.534488 -0.0259684 413.865 0 0
1500 48.7143 7.67837 17.8533 -0.208082 0.159138 413.862 0 0
1500 5.91747 43.7816 17.8877 -0.808156 0.665922 413.872 0 0
1500 85.7371 9.93748 17.9679 0.450115 0.169367 414.089 0 0
1500 114.732 20.8878 17.7893 0.85352 0.329615 414.047 0 0
1500 57.344 -47.7195 18.2468 0.0451614 -0.852597 414.186 0 0
1500 114.54 -29.4538 17.8139 0.892562 -0.484123 414.254 0 0
1500 71.6247 48.4519 17.8425 0.149002 0.780402 414.254 0 0
1500 66.2968 -9.20707 18.1122 0.0947822 -0.172022 414.227 0 0
1500 31.3787 -13.0097 18.0228 -0.436972 -0.248034 414.367 0 0
1500 36.8613 -38.4357 17.9147 -0.284577 -0.65547 414.397 0 0
1500 123.85 12.687 17.8404 1.02001 0.175288 414.461 0 0
1500 68.1388 36.0029 17.9324 0.175739 0.624053 414.453 0 0
1500 105.273 -47.5351 17.862 0.743126 -0.739351 414.47 0 0
1500 82.5795 -27.2523 17.8283 0.39012 -0.494305 414.467 0 0
1500 88.9263 154.909 18.117 0.576604 2.70423 414.471 0 0
1500 65.2264 13.7749 17.8575 0.0387536 0.195777 414.519 0 0
1500 15.8338 1.93214 17.9154 -0.70421 0.0151331 414.735 0 0
1500 112.662 -8.53582 17.811 0.885474 -0.170876 415.009 0 0
1500 22.3286 -2.47266 17.8545 -0.609406 -0.081217 415.049 0 0
1500 85.3355 -43.1183 18.3193 0.444715 -0.750613 415.072 0 0
1500 106.724 -14.2833 17.8461 0.742382 -0.293133 415.094 0 0
1500 39.3635 55.5728 17.8785 -0.299961 0.832952 415.29 0 0
1500 107.826 -44.7809 17.8034 0.74798 -0.709598 415.311 0 0
1500 64.6327 -50.4098 18.0147 0.0685013 -0.806197 415.297 0 0
1500 136.477 -30.7515 18.0104 1.34062 -0.499835 415.325 0 0
1500 112.702 26.9796 18.3264 1.01331 0.534424 415.232 0 0
1500 60.5013 -30.5708 17.8816 -0.0211213 -0.449008 415.39 0 0
1500 114.388 -28.5878 17.8495 0.872258 -0.41108 415.423 0 0
1500 40.8709 29.8318 18.0063 -0.244304 0.531027 415.402 0 0
1500 11.9172 -36.7871 17.7938 -0.671362 -0.585458 415.546 0 0
1500 22.7544 -58.3939 17.8049 -0.475877 -0.903174 415.501 0 0
1500 88.016 6.79303 17.8175 0.467268 0.128636 415.739 0 0
1500 87.9025 22.3336 17.8573 0.471625 0.342035 415.693 0 0
1500 80.4716 -65.113 17.7923 0.279943 -1.00965 415.68 0 0
1500 20.0437 27.2524 17.8557 -0.651931 0.417067 415.726 0 0
1500 60.844 -10.043 18.0483 0.0824545 -0.230765 415.736 0 0
1500 56.6976 -9.81111 18.2564 -0.0297702 -0.111829 415.785 0 0
1500 18.736 57.3959 17.7881 -0.638827 0.806377 415.811 0 0
1500 56.2828 -67.7487 17.793 -0.0738657 -1.04563 415.849 0 0
1500 82.9046 4.21673 18.0454 0.420625 -0.0112466 415.949 0 0
1500 74.6193 35.1026 18.026 0.265138 0.591558 415.981 0 0
1500 8.38651 -20.1672 17.8012 -0.715845 -0.349014 416.063 0 0
1500 108.193 -45.4807 17.8033 0.788233 -0.634424 416.065 0 0
1500 4.68097 -31.5917 17.8353 -0.860787 -0.434428 416.083 0 0
1500 100.605 -37.0624 17.8539 0.667777 -0.536001 416.223 0 0
1500 82.9701 -27.3136 18.2661 0.446035 -0.482086 416.211 0 0
1500 91.4147 -5.79502 18.3553 0.608648 -0.148593 416.249 0 0
1500 11.9365 -30.5385 17.8446 -0.755337 -0.503553 416.243 0 0
1500 64.6337 -37.7397 17.8431 0.0257506 -0.590182 416.307 0 0
1500 37.2206 27.9602 17.8377 -0.322547 0.443705 416.357 0 0
1500 97.0657 -40.074 17.9922 0.616308 -0.707 416.351 0 0
1500 95.8856 -8.34107 18.3533 0.673082 -0.185918 416.463 0 0
1500 82.8058 3.24588 18.4455 0.525145 0.0412084 416.51 0 0
1500 57.1239 -20.3594 17.858 -0.020062 -0.395012 416.381 0 0
1500 116.742 35.0363 17.8048 0.865428 0.587642 416.581 0 0
1500 42.163 -9.83893 18.1413 -0.227644 -0.223006 416.646 0 0
1500 80.6546 -77.1127 17.842 0.400146 -1.25471 416.637 0 0
1500 99.8174 26.544 18.3631 0.746829 0.427451 416.676 0 0
1500 94.2616 -22.0344 18.3516 0.647063 -0.388061 416.662 0 0
1500 107.967 59.1884 17.9103 0.889175 0.976783 416.734 0 0
1500 42.1666 -18.4748 18.0401 -0.293922 -0.27471 416.843 0 0
1500 83.1764 -37.6342 18.3456 0.436196 -0.641101 416.897 0 0
1500 47.8691 18.2666 17.826 -0.0952915 0.301421 416.964 0 0
1500 52.3207 -9.22702 18.0533 -0.13495 -0.162014 416.957 0 0
1500 120.221 -27.0927 18.2341 1.19034 -0.434291 416.973 0 0
1500 88.5194 7.48673 18.6414 0.551828 0.183138 417.052 0 0
1500 60.424 16.2488 18.0707 0.0344531 0.320085 417.039 0 0
1500 72.5224 16.8888 18.282 0.285694 0.292059 417.112 0 0
1500 52.9672 -35.6584 17.8303 -0.0510912 -0.625576 417.272 0 0
1500 79.7081 -2.45859 17.8598 0.370701 0.0336286 417.238 0 0
1500 47.869 -67.2948 17.8441 -0.200578 -1.0172 417.359 0 0
1500 80.4015 0.762726 18.1718 0.389089 -0.0647799 417.348 0 0
1500 86.8603 -35.7063 17.8933 0.45648 -0.544217 417.494 0 0
1500 74.5663 64.7202 17.9229 0.261637 1.01489 417.46 0 0
1500 29.5754 12.7695 18.039 -0.481907 0.166608 417.468 0 0
1500 50.3671 -52.0326 18.027 -0.0717615 -0.857878 417.639 0 0
1500 -8.20493 -1.65307 17.8406 -1.03687 -0.0659386 417.687 0 0
1500 73.1508 -65.0897 17.8404 0.222931 -1.02379 417.773 0 0
1500 70.8825 11.6286 18.5551 0.260593 0.218105 417.943 0 0
1500 71.2104 -71.6672 17.8309 0.273984 -1.15626 418.022 0 0
1500 63.071 20.2905 18.1272 0.152602 0.379362 418.05 0 0
1500 79.2781 -3.54565 18.6415 0.478648 -0.00488797 418.125 0 0
1500 17.8648 40.1025 17.8064 -0.637948 0.681345 418.138 0 0
1500 31.4418 14.3168 18.3933 -0.465207 0.196961 418.195 0 0
1500 37.8866 -7.53029 17.8361 -0.386855 -0.0838047 418.303 0 0
1500 23.2825 -21.1005 17.8166 -0.55324 -0.315017 418.314 0 0
1500 47.1785 30.7646 17.9156 -0.192398 0.545329 418.323 0 0
1500 68.6151 9.11471 17.9727 0.131535 0.18659 418.435 0 0
1500 78.722 59.0759 17.8559 0.281629 0.903782 418.423 0 0
1500 72.4267 29.6411 18.3384 0.243273 0.510236 418.519 0 0
1500 46.9211 -17.1865 18.1388 -0.151583 -0.289224 418.712 0 0
1500 94.0795 19.1378 18.1274 0.600068 0.365855 418.729 0 0
1500 76.8464 8.20089 19.0999 0.41099 0.184749 418.796 0 0
1500 64.7903 -34.1787 17.832 0.025952 -0.533882 418.8 0 0
1500 51.0939 -45.8489 17.8209 -0.143356 -0.695561 418.84 0 0
1500 55.2402 54.2357 17.8411 -0.0113125 0.897159 418.827 0 0
1500 116.059 -9.0991 17.8401 0.914186 -0.0682967 418.951 0 0
1500 115.085 -19.6442 17.8928 0.928889 -0.336452 419.034 0 0
1500 26.0713 48.0005 17.855 -0.504937 0.721093 419.053 0 0
1500 1.23298 10.0866 17.8554 -0.855635 0.185156 419.082 0 0
1500 112.917 -31.8675 18.0084 0.879552 -0.528916 419.093 0 0
1500 97.8275 -50.9876 17.8342 0.589453 -0.836886 419.115 0 0
1500 54.5812 -61.0498 17.8137 -0.0253178 -0.991489 419.106 0 0
1500 103.177 -36.7164 17.8556 0.697241 -0.640161 419.236 0 0
1500 88.9162 38.8326 18.112 0.539374 0.651736 419.306 0 0
1500 52.6626 5.40633 17.9332 -0.116685 0.117675 419.47 0 0
1500 44.6194 51.6906 17.8599 -0.241414 0.768877 419.455 0 0
1500 59.3783 53.1055 17.9034 -0.00352918 0.876328 419.411 0 0
1500 72.0894 10.8728 17.8688 0.296854 0.194141 419.438 0 0
1500 109.133 26.4506 18.6898 1.02551 0.612505 419.457 0 0
1500 88.6927 12.1774 18.1049 0.519151 0.162075 419.597 0 0
1500 67.5138 16.4187 18.0444 0.145691 0.325873 419.729 0 0
1500 81.85 -69.4812 17.9993 0.461965 -1.22135 419.692 0 0
1500 66.4881 37.5081 18.0564 0.212326 0.708439 419.773 0 0
1500 63.6388 20.0865 18.4813 0.122278 0.360438 419.857 0 0
1500 41.988 36.977 17.8614 -0.316961 0.542805 420.148 0 0
1500 129.664 -100.944 18.0488 1.28438 -1.73284 420.229 0 0
1500 72.8291 -1.86119 19.2513 0.411823 0.00135786 420.361 0 0
1500 99.797 13.4223 17.8439 0.641707 0.228132 420.27 0 0
1500 48.8409 -65.7707 17.8105 -0.109824 -1.04251 420.391 0 0
1500 86.5055 -12.7619 18.3717 0.575105 -0.18147 420.268 0 0
1500 58.4688 -58.7548 17.9076 0.0663679 -0.945209 420.406 0 0
1500 80.8133 -38.1264 18.0183 0.329757 -0.645584 420.434 0 0
1500 18.3356 -5.81968 17.9419 -0.672938 -0.0807682 420.404 0 0
1500 55.4605 -31.4047 18.6419 -0.00764121 -0.610729 420.323 0 0
1500 77.34 -0.257029 18.14 0.277326 0.0497727 420.33 0 0
1500 85.8581 57.4959 17.8965 0.393133 0.928132 420.474 0 0
1500 114.494 22.5446 17.8462 0.916948 0.380265 420.563 0 0
1500 43.0746 -34.5743 17.9283 -0.292741 -0.555342 420.547 0 0
1500 74.664 -50.1746 18.0061 0.213599 -0.851724 420.573 0 0
1500 12.0764 -50.6662 17.8109 -0.649738 -0.813372 420.849 0 0
1500 31.0288 -42.1817 17.8532 -0.481374 -0.676076 420.869 0 0
1500 119.938 21.0302 17.909 0.979922 0.289499 420.948 0 0
1500 89.0565 14.8683 17.836 0.498744 0.223998 420.946 0 0
1500 121.154 7.43663 17.9044 1.00461 0.0542048 420.977 0 0
1500 41.155 3.54708 17.9329 -0.267394 0.131466 421.084 0 0
1500 41.901 14.3949 17.8902 -0.32043 0.245024 421.068 0 0
1500 63.9432 14.9078 17.9325 0.0876121 0.308346 421.109 0 0
1500 71.0679 -62.758 17.8364 0.183618 -0.982601 421.177 0 0
1500 22.4429 -33.6717 17.921 -0.605305 -0.536227 421.173 0 0
1500 125.76 9.57318 17.9205 1.15674 0.119215 421.161 0 0
1500 120.79 -17.3997 17.8295 0.97597 -0.296443 421.231 0 0
1500 106.834 -40.3137 17.9032 0.786717 -0.658065 421.268 0 0
1500 27.7823 -41.8685 17.9195 -0.522457 -0.659963 421.327 0 0
1500 28.5479 59.072 17.92 -0.484504 0.91929 421.38 0 0
1500 32.2386 51.1304 17.9319 -0.452179 0.783532 421.39 0 0
1500 110.187 29.4791 17.9258 0.812507 0.466573 421.496 0 0
1500 49.4157 -64.5152 17.9177 -0.107719 -1.14628 421.49 0 0
1500 62.018 -15.5109 17.8788 0.0571098 -0.283673 421.616 0 0
1500 41.0507 56.4019 17.9095 -0.208196 0.918265 421.567 0 0
1500 39.6706 -6.16168 17.8302 -0.341924 -0.154658 421.616 0 0
1500 48.7607 1.97637 17.8202 -0.184955 0.101175 421.584 0 0
1500 73.2983 -24.2318 18.2107 0.211247 -0.406116 421.612 0 0
1500 38.8807 -3.90291 17.8182 -0.33945 0.00882527 421.71 0 0
1500 58.2521 38.5786 18.0447 0.0443735 0.722148 421.727 0 0
1500 53.0061 -33.5133 17.8718 -0.124743 -0.506139 421.782 0 0
1500 94.5069 4.41847 19.3201 0.777791 0.0319628 421.793 0 0
1500 96.3032 -1.6169 18.5979 0.737594 -0.0457571 421.79 0 0
1500 33.8365 -7.26196 17.8165 -0.417778 -0.0437471 421.822 0 0
1500 111.007 26.3241 17.8682 0.827576 0.411876 421.911 0 0
1500 45.7465 -20.7988 18.2145 -0.161318 -0.339128 422.061 0 0
1500 50.139 11.1395 18.202 -0.110345 0.237779 422.059 0 0
1500 116.201 -11.9558 18.2391 1.04183 -0.273813 422.038 0 0
1500 72.3524 -36.268 17.8226 0.16814 -0.620569 422.159 0 0
1500 111.9 -35.5761 17.8308 0.87916 -0.545065 422.274 0 0
1500 79.2593 48.1305 17.8916 0.283654 0.793831 422.246 0 0
1500 88.232 -19.6478 18.2384 0.563869 -0.351635 422.289 0 0
1500 116.776 -7.06289 17.8964 0.918355 -0.181435 422.331 0 0
1500 110.298 -26.1946 18.0449 0.841981 -0.460345 422.511 0 0
1500 -6.06079 -10.7111 17.9254 -1.01469 -0.151023 422.556 0 0
1500 18.7025 31.7816 17.8167 -0.659353 0.432144 422.656 0 0
1500 48.6979 -6.1826 17.9545 -0.208563 -0.100782 422.679 0 0
1500 80.897 66.5728 17.8073 0.407594 1.03656 422.818 0 0
1500 101.562 -12.2495 17.8676 0.743989 -0.156335 422.793 0 0
1500 79.6734 -15.7922 17.8241 0.384363 -0.306944 422.891 0 0
1500 88.5406 -9.79854 17.8373 0.485056 -0.229701 422.957 0 0
1500 87.7604 -37.8877 17.9742 0.507403 -0.644234 422.983 0 0
1500 77.7477 -26.4369 18.0534 0.307989 -0.434251 423.044 0 0
1500 -0.586911 32.6001 17.9157 -0.910473 0.516022 423.103 0 0
1500 29.2621 94.2445 17.842 -0.485915 1.43739 423.073 0 0
1500 41.4337 -59.9695 17.867 -0.31768 -0.925749 423.07 0 0
1500 33.9182 10.6418 18.0313 -0.403955 0.215999 423.09 0 0
1500 -5.73862 21.0903 17.9241 -0.998512 0.318933 423.321 0 0
1500 106.814 2.33475 17.9747 0.832292 0.00782188 423.222 0 0
1500 76.1566 -3.9277 18.2702 0.358385 -0.0829405 423.477 0 0
1500 44.0966 -57.4526 17.8393 -0.26695 -0.919168 423.568 0 0
1500 76.3423 -30.6092 17.9387 0.22819 -0.491148 423.683 0 0
1500 78.9667 -16.972 17.8692 0.399976 -0.225679 423.668 0 0
1500 69.2434 44.172 17.8493 0.187886 0.691163 423.816 0 0
1500 37.2728 34.1433 17.9361 -0.370762 0.498256 423.786 0 0
1500 62.9872 13.9142 18.0886 0.0373432 0.187497 423.822 0 0
1500 82.0187 -2.58761 19.1037 0.586418 -0.0399573 424.096 0 0
1500 84.734 -5.11472 18.1734 0.509791 -0.0269324 424.08 0 0
1500 -0.723345 -29.9902 17.7933 -0.924163 -0.385049 424.198 0 0
1500 87.763 -61.3278 17.8495 0.400143 -0.961678 424.36 0 0
1500 295.221 2.2463 17.7949 3.58348 0.0261169 424.336 0 0
1500 90.9068 16.372 18.6951 0.655957 0.332277 424.347 0 0
1500 47.0551 54.3993 17.9015 -0.112892 0.907686 424.465 0 0
1500 107.025 38.893 17.855 0.807097 0.614405 424.478 0 0
1500 116.263 21.4622 17.8459 0.913587 0.33285 424.577 0 0
1500 109.469 -14.9924 17.9364 0.868645 -0.210567 424.573 0 0
1500 139.445 -28.122 18.0143 1.43712 -0.457945 424.577 0 0
1500 46.9555 3.77169 18.059 -0.194421 0.0363002 424.675 0 0
1500 52.4271 65.9207 17.9048 -0.086881 1.04442 424.7 0 0
1500 31.2671 -41.166 17.8955 -0.457554 -0.680851 424.684 0 0
1500 93.5768 10.5627 18.0752 0.562015 0.236964 424.659 0 0
1500 73.2097 23.5653 18.1156 0.243715 0.433545 424.621 0 0
1500 44.7181 5.90612 18.0464 -0.223504 0.0547712 424.847 0 0
1500 13.1033 -14.1578 18.0736 -0.721453 -0.242343 424.94 0 0
1500 68.0755 -20.3671 18.0223 0.103686 -0.33045 424.917 0 0
1500 67.8278 -26.026 18.0206 0.0996672 -0.417307 425.035 0 0
1500 111.076 21.4734 17.8476 0.842801 0.41591 425.042 0 0
1500 75.0973 28.6638 17.9176 0.21689 0.464047 425.113 0 0
1500 79.7242 63.0842 17.905 0.313783 0.996401 425.12 0 0
1500 100.143 50.6766 17.8935 0.695656 0.78382 425.195 0 0
1500 56.854 22.5093 17.9209 -0.0384638 0.376531 425.365 0 0
1500 88.5758 7.0572 18.6705 0.570795 0.125155 425.536 0 0
1500 92.9232 33.4985 18.1051 0.539094 0.578381 425.47 0 0
1500 78.5427 8.61281 18.2511 0.352375 0.217571 425.505 0 0
1500 84.3781 7.18475 18.6723 0.513434 0.126632 425.674 0 0
1500 104.396 17.4246 17.8443 0.729971 0.234486 425.68 0 0
1500 83.5358 15.2971 18.4515 0.51634 0.256196 425.726 0 0
1500 176.029 -53.2191 17.8812 1.93573 -0.935259 425.709 0 0
1500 58.6417 -5.26952 17.8737 0.0700256 -0.0358064 425.908 0 0
1500 79.0616 8.81388 18.678 0.484752 0.192621 425.833 0 0
1500 100.382 -11.2561 17.8952 0.650662 -0.249891 425.878 0 0
1500 24.0108 55.6742 17.7915 -0.536012 0.882522 426.055 0 0
1500 9.59365 13.5649 17.9078 -0.805694 0.208047 426.011 0 0
1500 22.6526 -11.7984 17.9453 -0.545981 -0.195828 426.215 0 0
1500 16.0401 27.9182 17.9717 -0.655953 0.521743 426.263 0 0
1500 117.401 -23.8124 17.9852 0.97439 -0.345179 426.314 0 0
1500 101.314 -18.1547 18.0679 0.728002 -0.33967 426.49 0 0
1500 57.962 -37.8345 17.8705 0.00844196 -0.662108 426.363 0 0
1500 20.6251 -14.7231 17.8711 -0.56925 -0.304999 426.315 0 0
1500 94.1777 -48.1148 18.0753 0.668467 -0.78017 426.451 0 0
1500 125.023 10.2995 18.0786 1.16397 0.109639 426.404 0 0
1500 33.3475 -1.84149 17.9956 -0.436412 -0.114357 426.353 0 0
1500 60.6046 -14.0223 17.8973 0.0243586 -0.293665 426.579 0 0
1500 62.4195 6.81115 18.2852 0.0563853 0.0740835 426.587 0 0
1500 78.1563 15.8974 17.8561 0.352125 0.209825 426.672 0 0
1500 66.9516 58.8747 17.9117 0.123681 0.913444 426.707 0 0
1500 109.051 9.825 17.9724 0.866925 0.162271 426.754 0 0
1500 125.888 6.3269 17.8178 1.03512 0.159156 426.791 0 0
1500 20.4894 -63.3713 17.9031 -0.600346 -0.985212 426.83 0 0
1500 97.9954 10.6981 17.8584 0.696379 0.123164 426.794 0 0
1500 92.4295 8.21485 17.8531 0.568541 0.055416 427.015 0 0
1500 100.528 49.535 17.9785 0.755818 0.896463 426.954 0 0
1500 31.9709 53.9952 17.8535 -0.388673 0.891063 427.076 0 0
1500 59.6072 -35.3915 17.8701 0.0346381 -0.625307 427.108 0 0
1500 52.7848 -36.4406 17.8881 -0.0967637 -0.637279 427.224 0 0
1500 51.2978 62.0525 17.8328 -0.147436 0.992035 427.253 0 0
1500 114.07 23.4584 17.8421 0.870546 0.427312 427.29 0 0
1500 76.188 31.6785 17.9797 0.37296 0.50677 427.306 0 0
1500 91.3849 46.015 18.2397 0.584574 0.825014 427.405 0 0
1500 72.2576 -43.1579 18.2109 0.205737 -0.719641 427.474 0 0
1500 121.195 -5.41276 18.0306 1.03196 -0.0944488 427.649 0 0
1500 76.1849 -21.1198 17.8338 0.361586 -0.331347 427.587 0 0
1500 54.3246 6.2241 17.9097 -0.0800834 0.179172 427.577 0 0
1500 88.9598 -7.22536 18.2005 0.568792 -0.164312 427.867 0 0
1500 1.41206 -10.1666 17.8745 -0.899086 -0.0928668 427.693 0 0
1500 67.9937 -4.90025 17.9265 0.108184 -0.128798 427.871 0 0
1500 31.6373 -8.52234 18.3908 -0.46315 -0.109564 427.796 0 0
1500 34.8215 19.1746 18.0098 -0.344831 0.322276 428.019 0 0
1500 115.399 3.56469 17.9515 0.901026 0.0761393 428.073 0 0
1500 84.4702 -25.6086 18.198 0.499145 -0.440771 428.099 0 0
1500 105.871 -10.5071 17.9715 0.820419 -0.140714 428.038 0 0
1500 79.0356 -25.4664 17.9586 0.348477 -0.469762 428.001 0 0
1500 73.9945 -10.1585 18.2095 0.27577 -0.207166 428.217 0 0
1500 101.867 -11.5908 17.9104 0.689451 -0.129267 428.305 0 0
1500 123.751 0.170811 17.8653 1.04773 -0.00298856 428.284 0 0
1500 97.5713 43.9233 18.0392 0.679471 0.700229 428.402 0 0
1500 86.631 -41.1268 18.1452 0.44284 -0.689057 428.277 0 0
1500 110.437 -4.16694 17.9689 0.886007 -0.0440573 428.326 0 0
1500 36.1829 55.5207 17.8319 -0.309599 0.914725 428.389 0 0
1500 69.7484 32.6176 17.859 0.246454 0.552337 428.225 0 0
1500 122.045 12.6697 17.9439 1.0196 0.172355 428.525 0 0
1500 61.4263 65.7545 17.8492 0.0550659 1.04664 428.47 0 0
1500 21.552 21.611 18.1084 -0.639852 0.313156 428.49 0 0
1500 34.3431 54.8049 17.8256 -0.307986 0.851516 428.649 0 0
1500 101.306 40.0554 17.8283 0.654683 0.652973 428.59 0 0
1500 109.121 22.8901 17.9664 0.861945 0.364066 428.642 0 0
1500 33.631 -0.752597 17.8248 -0.427344 0.053512 428.65 0 0
1500 76.1467 -27.7917 18.4001 0.332352 -0.491532 428.76 0 0
1500 78.2001 -45.644 17.9485 0.331103 -0.770743 428.877 0 0
1500 119.679 44.8737 18.1187 1.09515 0.777977 428.781 0 0
1500 91.2463 17.7097 18.825 0.638295 0.372529 428.818 0 0
1500 79.322 -5.25221 18.3733 0.418454 -0.0970751 428.933 0 0
1500 114.792 -17.39 18.1291 0.956115 -0.260668 428.928 0 0
1500 99.4486 -18.9966 18.4248 0.722148 -0.351169 428.964 0 0
1500 104.877 30.8571 17.876 0.698359 0.543078 428.967 0 0
1500 97.9258 11.4206 18.4879 0.760445 0.132708 428.917 0 0
1500 61.4632 -32.6816 17.8415 0.0361858 -0.583644 429.002 0 0
1500 109.694 -42.1252 17.8522 0.776066 -0.699413 429.048 0 0
1500 91.5026 -23.97 18.3961 0.560527 -0.431917 429.089 0 0
1500 114.912 23.2027 17.8737 0.927822 0.316695 429.035 0 0
1500 141.924 12.7539 17.8242 1.305 0.271749 429.039 0 0
1500 42.4865 6.5643 17.8321 -0.26634 0.0398031 429.176 0 0
1500 117.954 -13.0868 18.1276 0.998123 -0.195907 429.257 0 0
1500 99.4595 46.1406 17.9628 0.709694 0.708013 429.259 0 0
1500 38.5675 -59.9653 17.8708 -0.306576 -0.969434 429.325 0 0
1500 82.7356 -12.5564 18.3463 0.509912 -0.157041 429.296 0 0
1500 2.53314 10.2974 17.9951 -0.890582 0.163744 429.446 0 0
1500 232.812 62.6673 17.9078 2.87335 0.974478 429.478 0 0
1500 19.0414 -19.3648 18.0509 -0.681586 -0.258055 429.543 0 0
1500 83.061 -20.7299 17.8999 0.36043 -0.390491 429.589 0 0
1500 85.7347 3.95488 17.9708 0.473053 0.133707 429.858 0 0
1500 30.1358 -3.98415 17.95 -0.481291 -0.0174233 429.88 0 0
1500 55.8903 6.05389 18.0399 -0.0614887 0.14908 429.833 0 0
1500 -19.7335 -39.9424 17.8257 -1.19942 -0.700528 429.897 0 0
1500 81.6457 4.70343 18.0296 0.426759 0.145815 430.071 0 0
1500 67.0534 2.19312 18.2402 0.225268 0.106957 430.035 0 0
1500 -5.4768 21.4935 17.8674 -0.965542 0.373749 430.302 0 0
1500 -4.00765 24.9628 17.8674 -0.943921 0.424435 430.311 0 0
1500 55.8089 -6.4529 17.8214 0.0365656 -0.122254 430.211 0 0
1500 115.264 0.793102 17.9174 0.951295 0.00732867 430.095 0 0
1500 69.7909 -52.8346 17.8286 0.162608 -0.880621 430.186 0 0
1500 86.3509 33.15 17.9182 0.397263 0.56904 430.268 0 0
1500 95.2114 8.43088 18.0965 0.70089 0.146961 430.107 0 0
1500 37.2203 44.7152 18.141 -0.348126 0.837849 430.218 0 0
1500 116.662 11.2295 17.9158 0.968374 0.164139 430.369 0 0
1500 88.5814 33.0724 17.9176 0.425223 0.569872 430.387 0 0
1500 101.182 42.2477 18.018 0.69897 0.699311 430.521 0 0
1500 115.258 -20.7274 17.915 0.945141 -0.315401 430.52 0 0
1500 85.6237 -23.1704 17.8422 0.424035 -0.437181 430.54 0 0
1500 107.634 -57.9883 17.838 0.861347 -0.926905 430.714 0 0
1500 115.552 8.92751 17.9839 0.910742 0.116009 430.868 0 0
1500 75.2802 -27.8955 17.8734 0.201973 -0.466847 430.776 0 0
1500 120.926 -14.1889 18.5064 1.24924 -0.280003 430.825 0 0
1500 15.1966 42.2467 17.8145 -0.686771 0.634379 431.068 0 0
1500 90.6001 -33.8126 18.1681 0.539429 -0.585338 431.075 0 0
1500 78.1381 21.0915 18.0566 0.280923 0.329521 431.152 0 0
1500 72.1959 -48.3071 18.0878 0.282795 -0.796578 431.273 0 0
1500 54.5551 -66.3836 17.9375 -0.0279104 -1.04757 431.321 0 0
1500 78.4573 -23.3648 17.9901 0.406252 -0.384065 431.443 0 0
1500 14.4682 -3.03708 17.8312 -0.715069 0.0184936 431.466 0 0
1500 75.4105 -6.64556 18.3934 0.328901 -0.153529 431.638 0 0
1500 83.1761 -21.8822 17.8916 0.370054 -0.418396 431.548 0 0
1500 65.0505 33.5502 17.8532 0.0555953 0.526232 431.918 0 0
1500 81.7528 -16.4772 17.8671 0.378822 -0.286349 432.08 0 0
1500 23.6095 -56.4898 17.9032 -0.540819 -0.876261 432.115 0 0
1500 25.3605 -28.2467 17.834 -0.580779 -0.451054 431.955 0 0
1500 89.9566 -30.0908 18.5029 0.59239 -0.51327 432.239 0 0
1500 52.2613 -67.0453 17.8499 -0.0269487 -1.04503 432.221 0 0
1500 97.6147 -6.18702 17.8888 0.66512 -0.156322 432.181 0 0
1500 49.2117 -18.3816 17.9932 -0.155816 -0.302195 432.495 0 0
1500 117.285 -31.9683 17.8617 0.879138 -0.539789 432.374 0 0
1500 107.703 -44.3836 17.8616 0.739489 -0.721579 432.34 0 0
1500 37.7136 -61.8916 17.8776 -0.328824 -0.985992 432.413 0 0
1500 95.2934 -24.4139 18.189 0.666508 -0.41339 432.538 0 0
1500 89.4584 22.2526 18.433 0.62148 0.351147 432.743 0 0
1500 30.0145 -52.6034 17.8547 -0.488265 -0.827746 432.593 0 0
1500 20.2873 -47.6242 17.8536 -0.633557 -0.75025 432.785 0 0
1500 67.1094 58.6113 17.8198 0.096632 0.9529 432.713 0 0
1500 96.5772 -9.45058 17.9968 0.617029 -0.221762 432.587 0 0
1500 101.935 9.48481 17.8191 0.751471 0.15511 432.683 0 0
1500 60.9748 28.896 17.85 0.101455 0.505366 432.795 0 0
1500 61.9817 -28.7873 17.8764 0.0640174 -0.473596 433.004 0 0
1500 71.2882 -45.7441 17.8655 0.19732 -0.719216 433.071 0 0
1500 115.379 32.1224 17.7947 0.842423 0.539899 432.922 0 0
1500 27.8196 58.6678 17.805 -0.463329 0.937674 433.139 0 0
1500 -6.75873 20.7829 17.8049 -0.97693 0.38006 432.9 0 0
1500 -3.14351 12.9276 17.8177 -0.963022 0.258716 433.095 0 0
1500 74.9321 -12.3598 18.0402 0.251757 -0.259462 432.858 0 0
1500 80.8867 -6.40872 17.8425 0.37719 -0.0247538 433.084 0 0
1500 58.0427 -2.0411 17.8685 -0.0292773 -0.103549 433 0 0
1500 133.499 42.1434 18.0182 1.31965 0.72924 432.967 0 0
1500 99.4895 48.5514 17.826 0.611487 0.739933 433.225 0 0
1500 101.769 1.40797 18.2348 0.75913 0.0802616 433.306 0 0
1500 84.5964 -22.2188 18.0347 0.39886 -0.409512 433.237 0 0
1500 56.5501 -33.9827 18.0341 -0.0322679 -0.589939 433.283 0 0
1500 135.209 -16.4372 17.8956 1.31729 -0.279877 433.471 0 0
1500 92.8369 32.458 18.2077 0.645284 0.508978 433.501 0 0
1500 61.6134 13.8582 18.4869 0.138205 0.254066 433.723 0 0
1500 90.9015 11.5494 17.9816 0.544748 0.179113 433.819 0 0
1500 29.3512 -51.0551 17.869 -0.397789 -0.802436 433.762 0 0
1500 -3.6291 -20.3326 17.8505 -0.982213 -0.334529 433.599 0 0
1500 52.1474 -57.6494 17.967 -0.0566632 -0.942409 433.972 0 0
1500 86.1184 15.4104 17.8834 0.517741 0.224999 433.801 0 0
1500 26.8773 15.8256 17.8254 -0.554588 0.281862 433.769 0 0
1500 -18.8758 -8.52277 17.9308 -1.31952 -0.0633186 433.815 0 0
1500 77.5388 -23.6314 17.8795 0.282085 -0.401411 434.154 0 0
1500 105.007 -38.6528 17.936 0.79127 -0.59902 434.086 0 0
1500 111.773 -32.324 17.8557 0.879061 -0.512477 434.226 0 0
1500 75.598 -47.9539 17.8852 0.302889 -0.80298 434.052 0 0
1500 122.668 6.9572 17.8532 1.05981 0.0394003 434.263 0 0
1500 91.3403 30.8139 17.8765 0.593684 0.46004 434.352 0 0
1500 85.0347 23.7387 17.8897 0.365043 0.400558 434.554 0 0
1500 22.0859 -13.8257 17.9229 -0.542457 -0.245289 434.717 0 0
1500 54.4617 -49.3413 17.8343 -0.0664692 -0.771204 434.954 0 0
1500 72.933 31.7186 18.1379 0.212151 0.526168 434.754 0 0
1500 116.122 -22.8279 17.8921 0.953421 -0.330864 434.722 0 0
1500 115.684 -11.9579 17.881 0.907382 -0.251697 434.572 0 0
1500 74.5889 -26.438 18.3178 0.304318 -0.474821 434.86 0 0
1500 27.0739 2.79417 18.1346 -0.500496 0.0815715 434.603 0 0
1500 87.111 -44.1757 17.8714 0.524519 -0.6881 434.861 0 0
1500 -10.9639 -53.6343 17.829 -1.04931 -0.904136 434.677 0 0
1500 107.806 -6.80622 18.1214 0.853938 -0.065269 435.034 0 0
1500 -19.33 -68.9179 17.8142 -1.15828 -1.12465 435.065 0 0
1500 12.3864 -46.2794 17.852 -0.72612 -0.704172 435.214 0 0
1500 17.9984 -37.8694 17.8877 -0.596269 -0.602962 435.305 0 0
1500 54.9263 -76.9169 17.8624 -0.1038 -1.20075 435.231 0 0
1500 0.443435 -20.3041 17.8646 -0.925285 -0.346067 435.305 0 0
1500 75.7183 47.5497 17.9581 0.241846 0.786207 435.271 0 0
1500 70.9201 43.0878 17.9069 0.255635 0.720893 435.229 0 0
1500 58.6456 40.6146 18.1642 -0.00219178 0.707613 435.32 0 0
1500 109.751 -6.39513 18.0918 0.912882 -0.18661 435.341 0 0
1500 32.0123 -8.5205 17.9219 -0.405964 -0.165858 435.387 0 0
1500 28.7582 -58.1482 17.7967 -0.517238 -0.855199 435.383 0 0
1500 35.2402 108.22 17.8021 -0.308105 1.6996 435.38 0 0
1500 112.227 -9.28425 17.92 0.917234 -0.116338 435.39 0 0
1500 -4.56957 -3.42856 17.8543 -0.966104 -0.0801722 435.691 0 0
1500 -1.76347 -29.8505 17.9291 -0.92999 -0.480544 435.551 0 0
1500 118.09 1.95471 18.0566 0.997199 0.0153148 435.703 0 0
1500 36.9605 33.3998 17.9739 -0.344485 0.590993 435.573 0 0
1500 74.2706 -41.9265 17.8745 0.340644 -0.700502 435.49 0 0
1500 49.7945 -33.3434 18.0176 -0.141489 -0.524886 435.817 0 0
1500 53.4167 -62.9652 17.8233 -0.0584996 -0.985736 435.738 0 0
1500 84.9488 -61.2281 17.8547 0.466029 -0.923405 435.824 0 0
1500 19.2837 99.4475 17.8566 -0.569609 1.57002 435.827 0 0
1500 37.7778 10.4126 18.3313 -0.31783 0.153436 435.82 0 0
1500 100.833 9.92236 17.8502 0.73758 0.163725 435.768 0 0
1500 72.5674 7.19869 18.2396 0.244282 0.184804 435.767 0 0
1500 58.773 7.13304 18.1944 -0.0590159 0.133548 435.79 0 0
1500 26.0079 46.8496 17.9382 -0.5465 0.711498 435.968 0 0
1500 18.5863 -22.1828 17.903 -0.622202 -0.413251 436.028 0 0
1500 67.2046 -20.3163 18.4318 0.218037 -0.340623 436.198 0 0
1500 96.2174 -74.6722 17.8073 0.633052 -1.11433 436.164 0 0
1500 66.1321 50.3304 18.1651 0.133036 0.944165 436.207 0 0
1500 98.3082 32.6184 18.1142 0.660062 0.552631 436.257 0 0
1500 76.3165 59.3422 17.8166 0.338046 0.936206 436.229 0 0
1500 37.1507 -20.6677 17.8248 -0.401206 -0.348639 436.246 0 0
1500 59.7463 34.2312 17.8272 0.00736811 0.551142 436.336 0 0
1500 26.1427 -6.96764 18.0628 -0.523751 -0.0640115 436.317 0 0
1500 63.5759 -2.4953 18.1207 0.0621262 -0.0862218 436.293 0 0
1500 -10.549 -30.423 17.8168 -1.08886 -0.428479 436.439 0 0
1500 97.5322 -51.951 17.8624 0.667899 -0.78827 436.399 0 0
1500 102.897 -47.9479 17.862 0.745652 -0.726383 436.601 0 0
1500 18.7763 50.9021 17.8523 -0.59877 0.834026 436.605 0 0
1500 81.9279 11.6935 17.9568 0.45221 0.141433 436.613 0 0
1500 86.7258 -6.00142 18.3895 0.474044 -0.148511 436.705 0 0
1500 53.1102 38.1447 17.9469 -0.113298 0.574736 436.694 0 0
1500 55.7259 3.60243 17.8352 -0.0488676 0.118609 436.93 0 0
1500 25.0602 -25.2781 17.8413 -0.469543 -0.427469 436.935 0 0
1500 105.235 -47.7304 17.8482 0.694902 -0.773374 436.719 0 0
1500 120.911 19.7409 17.8276 0.972636 0.341027 436.896 0 0
1500 24.6417 57.547 17.8165 -0.473779 0.920355 436.86 0 0
1500 66.5777 68.3032 17.8054 0.0591443 1.04659 436.863 0 0
1500 22.6817 5.47742 18.1221 -0.57807 0.0747898 436.773 0 0
1500 36.0448 -6.20771 18.0682 -0.379108 -0.127076 436.857 0 0
1500 130.883 -33.087 17.9577 1.25336 -0.513575 436.909 0 0
1500 74.3086 19.8364 18.0392 0.29905 0.324669 436.972 0 0
1500 -45.7367 65.5371 17.8297 -1.59269 1.06646 437.006 0 0
1500 80.5797 -7.45635 18.0811 0.422016 -0.0505658 436.937 0 0
1500 73.9878 -24.2329 18.0669 0.205848 -0.404555 436.943 0 0
1500 226.664 16.3726 17.8796 2.83911 0.264316 436.976 0 0
1500 84.7622 -2.99238 18.555 0.50213 -0.082547 437.111 0 0
1500 20.839 55.3577 17.8167 -0.528431 0.885604 437.047 0 0
1500 125.171 4.42663 17.8279 1.03708 0.120894 437.243 0 0
1500 113.955 37.0512 17.8618 0.899115 0.53092 437.421 0 0
1500 105.882 46.5014 17.8448 0.782683 0.697044 437.409 0 0
1500 115.413 -37.7149 17.8136 0.91121 -0.518169 437.427 0 0
1500 82.3299 33.7718 18.0027 0.422564 0.587554 437.404 0 0
1500 67.244 -30.4155 18.0696 0.230106 -0.517391 437.344 0 0
1500 81.9664 -4.96713 18.0386 0.43296 -0.144257 437.216 0 0
1500 95.3387 -21.3603 17.8471 0.638939 -0.393671 437.421 0 0
1500 90.3173 55.0808 17.8184 0.489474 0.873515 437.671 0 0
1500 92.7748 42.9771 17.8069 0.471344 0.708925 437.539 0 0
1500 84.3937 3.92721 18.3717 0.542138 0.0385995 437.759 0 0
1500 78.4616 -44.3242 17.9918 0.273959 -0.731598 437.725 0 0
1500 65.6687 -32.0417 18.0009 0.129507 -0.516708 439.127 0 0
1500 72.3578 -26.2902 18.0021 0.222531 -0.43588 439.224 0 0
1500 97.7761 -39.4037 17.8847 0.600107 -0.629292 438.553 0 0
1500 78.0998 56.9684 17.8575 0.277187 0.889563 439.249 0 0
1500 110.364 25.4165 17.8409 0.776621 0.441117 439.281 0 0
1500 123.321 3.00939 17.8355 1.04464 0.0551756 438.211 0 0
1500 53.196 -63.9312 17.8891 -0.0878739 -1.02391 437.98 0 0
1500 104.382 39.5436 17.8246 0.772379 0.570249 438.051 0 0
1500 46.0483 -55.4565 17.8975 -0.127793 -0.902882 438.218 0 0
1500 61.6431 -20.7989 18.2086 0.0860685 -0.392332 438.309 0 0
1500 117.421 -0.194537 17.8157 0.935401 0.0651118 438.905 0 0
1500 97.6456 26.1389 17.8226 0.642362 0.471064 438.125 0 0
1500 94.5362 -12.3394 18.1553 0.644504 -0.258444 438.386 0 0
1500 72.9941 29.7275 17.8759 0.299352 0.506781 438.96 0 0
1500 70.1316 5.1178 17.8833 0.256984 0.126169 438.453 0 0
1500 132.014 -24.8511 18.0395 1.30094 -0.455057 438.016 0 0
1500 18.3808 14.9637 17.9623 -0.698087 0.191351 438.94 0 0
1500 32.4322 34.0026 18.2529 -0.418444 0.642021 438.973 0 0
1500 61.3578 11.8362 18.1338 -0.0240737 0.175626 438.994 0 0
1500 119.665 -18.7786 19.1289 1.34485 -0.365575 438.145 0 0
1500 90.4697 25.4296 17.8454 0.508816 0.409596 439.348 0 0
1500 111.627 14.4301 17.8715 0.840922 0.193128 439.363 0 0
1500 85.6165 52.009 17.8212 0.456023 0.787159 439.468 0 0
1500 101.437 8.68263 17.8696 0.734562 0.179034 439.472 0 0
1500 28.3861 -36.5422 17.8746 -0.556404 -0.606874 439.483 0 0
1500 103.149 28.362 17.8686 0.743204 0.542279 439.391 0 0
1500 79.9972 23.7504 18.1149 0.404563 0.349806 439.571 0 0
1500 46.4159 -27.697 17.8996 -0.130681 -0.45316 439.939 0 0
1500 83.0951 -46.8239 17.8591 0.425582 -0.695485 439.605 0 0
1500 94.0758 37.7135 17.8576 0.5865 0.546899 439.938 0 0
1500 17.2643 34.3813 17.8633 -0.591755 0.559049 439.953 0 0
1500 101.511 48.4885 17.7999 0.698071 0.740544 439.9 0 0
1500 45.6387 63.4128 17.882 -0.210906 1.01089 439.81 0 0
1500 91.4465 -17.3179 18.4933 0.586242 -0.332724 440.136 0 0
1500 48.6693 -49.2676 18.1089 -0.119954 -0.817836 439.577 0 0
1500 1.29408 -11.4672 17.8458 -0.87427 -0.249578 439.613 0 0
1500 90.0273 40.4411 17.864 0.436725 0.666497 440.081 0 0
1500 69.8179 44.1939 17.834 0.254529 0.687168 439.966 0 0
1500 110.751 -3.75751 17.8643 0.870861 -0.0122483 439.993 0 0
1500 110.75 -14.4443 17.8635 0.869646 -0.175102 440.085 0 0
1500 85.7628 46.2232 17.8632 0.488507 0.749015 440.127 0 0
1500 105.453 0.576583 17.8678 0.794378 0.054195 439.633 0 0
1500 60.4481 23.4734 18.1541 0.0583352 0.433634 439.735 0 0
1500 30.7836 -45.3868 17.9275 -0.481393 -0.704503 440.024 0 0
1500 98.059 -4.42243 17.9474 0.677544 -0.128581 439.933 0 0
1500 87.0898 21.7322 17.9325 0.536484 0.318789 439.992 0 0
1500 122.669 4.21222 18.2927 1.21643 0.0250609 439.63 0 0
1500 90.4389 -32.229 18.1128 0.602458 -0.656254 440 0 0
1500 26.8331 21.5888 17.8259 -0.504779 0.337598 440.21 0 0
1500 86.6327 12.8802 18.4383 0.582907 0.207992 440.274 0 0
1500 9.71984 29.6661 17.8375 -0.793797 0.402919 440.179 0 0
1500 111.581 3.16636 17.8222 0.808149 0.10034 440.338 0 0
1500 40.4825 -63.3151 17.8135 -0.222898 -1.00951 440.38 0 0
1500 114.36 -12.6498 17.8612 0.920569 -0.1471 440.376 0 0
1500 88.8469 15.3097 18.0988 0.565003 0.282541 440.375 0 0
1500 54.4379 -18.1861 18.1779 0.00335565 -0.354561 440.372 0 0
1500 83.3192 2.63544 18.0785 0.447467 0.0237105 440.604 0 0
1500 42.2606 -14.5937 18.0514 -0.228861 -0.261568 440.711 0 0
1500 68.7191 16.2349 17.8433 0.167716 0.295076 440.461 0 0
1500 72.7167 -14.7695 17.8888 0.27905 -0.219045 440.911 0 0
1500 29.6362 32.5729 17.9645 -0.424412 0.51445 440.826 0 0
1500 62.5487 39.9902 17.8338 0.122072 0.603151 440.759 0 0
1500 45.5752 45.6632 17.8612 -0.13398 0.705523 440.735 0 0
1500 101.885 23.3032 17.8255 0.686423 0.364294 440.67 0 0
1500 117.616 28.6046 17.8037 0.94618 0.423635 440.492 0 0
1500 95.3058 18.2385 18.4329 0.707998 0.286327 440.739 0 0
1500 50.4768 31.567 18.2042 -0.0968279 0.550276 440.531 0 0
1500 102.877 6.25077 18.0206 0.728291 0.169281 440.544 0 0
1500 103.265 -4.58286 17.9064 0.770659 -0.033164 440.845 0 0
1500 96.049 -28.17 17.9065 0.660081 -0.394962 440.837 0 0
1500 101.933 -18.0493 17.863 0.776807 -0.290066 440.643 0 0
1500 16.742 40.07 17.9813 -0.669849 0.750859 440.805 0 0
1500 82.1405 36.775 17.8976 0.410059 0.552078 441.058 0 0
1500 79.5431 -21.6388 17.8432 0.411935 -0.316197 441.065 0 0
1500 7.7505 -5.09302 18.0793 -0.841723 -0.152433 441.071 0 0
1500 64.8012 -11.8119 18.2032 0.182048 -0.213427 441.228 0 0
1500 54.3173 6.08576 17.844 0.0058083 0.123193 441.527 0 0
1500 68.5231 9.73295 17.9211 0.198714 0.189899 441.837 0 0
1500 84.0612 -39.6242 17.865 0.433095 -0.598542 441.713 0 0
1500 109.705 40.6006 17.975 0.816576 0.653924 441.334 0 0
1500 48.1282 32.4943 17.9236 -0.0941895 0.54534 441.588 0 0
1500 25.3135 38.6106 17.883 -0.533396 0.654626 441.533 0 0
1500 28.4623 -25.317 18.0903 -0.476791 -0.434943 441.725 0 0
1500 69.8943 5.00019 18.1033 0.294758 0.0849051 441.694 0 0
1500 72.6437 -1.11476 17.9078 0.313144 -0.00455715 441.854 0 0
1500 53.0174 -4.92997 17.875 -0.0913636 -0.000596598 441.867 0 0
1500 90.9356 29.6019 18.0354 0.509356 0.481002 442.953 0 0
1500 109.388 3.47722 17.945 0.811464 0.03482 442.537 0 0
1500 106.28 -33.8267 17.9398 0.774371 -0.498381 441.904 0 0
1500 123.425 -4.8805 17.9306 1.02982 -0.130841 442.31 0 0
1500 112.855 28.675 17.9157 0.907418 0.413765 441.897 0 0
1500 122.69 -11.3013 17.879 1.03555 -0.162759 443.026 0 0
1500 59.802 -23.252 17.8732 0.0321236 -0.440306 441.906 0 0
1500 67.5945 3.83295 17.9081 0.0855179 0.0295144 442.003 0 0
1500 76.0554 32.8335 17.8498 0.254167 0.586016 442.063 0 0
1500 60.0539 -6.5273 17.936 0.00253227 -0.0354049 442.113 0 0
1500 36.8729 17.9934 17.8749 -0.318734 0.357664 442.676 0 0
1500 70.1028 22.6729 18.5419 0.307837 0.429727 442.176 0 0
1500 11.715 -87.0161 17.9523 -0.719136 -1.4401 442.959 0 0
1500 78.686 13.0308 17.8226 0.260804 0.255209 443.088 0 0
1500 223.475 128.325 17.8989 2.69105 2.07114 442.981 0 0
1500 91.5086 55.5868 17.9405 0.529917 0.976288 443.006 0 0
1500 114.414 30.1274 18.1031 1.05453 0.534975 442.164 0 0
1500 61.9452 -19.5528 18.7999 0.0885968 -0.383052 442.506 0 0
1500 61.1808 -36.1139 18.7502 0.140628 -0.744472 443.102 0 0
1500 64.357 38.2826 18.0385 0.136279 0.600392 443.225 0 0
1500 109.127 43.8074 17.8098 0.830969 0.634193 443.402 0 0
1500 40.9578 55.0238 17.8243 -0.266051 0.910626 443.301 0 0
1500 89.8978 28.9759 17.8852 0.573759 0.435576 443.342 0 0
1500 65.7489 29.7542 18.042 0.155106 0.479417 443.506 0 0
1500 62.2164 16.1155 17.8251 0.00241412 0.271035 443.767 0 0
1500 47.9163 18.4725 17.8235 -0.198118 0.304535 443.65 0 0
1500 89.7683 55.1381 17.8581 0.522829 0.841828 443.478 0 0
1500 117.009 28.6166 17.8923 0.943205 0.457452 443.489 0 0
1500 83.7847 61.2695 17.9154 0.364634 0.975856 443.456 0 0
1500 109.831 -8.42211 18.2532 0.892093 -0.136214 444.066 0 0
1500 99.5717 -27.7192 18.2136 0.735444 -0.456151 443.615 0 0
1500 27.6735 -47.6951 17.9721 -0.453596 -0.794554 443.78 0 0
1500 28.2512 -51.3105 17.8527 -0.44608 -0.851789 443.85 0 0
1500 65.3162 -0.529044 18.3168 0.0992446 -0.0169503 443.899 0 0
1500 51.6839 -37.6167 18.0817 -0.125422 -0.62089 443.979 0 0
1500 51.2778 -32.149 17.8957 -0.124263 -0.570567 443.633 0 0
1500 65.197 -22.192 17.8977 0.195151 -0.360742 443.901 0 0
1500 87.8168 -12.2566 17.8798 0.540642 -0.227952 444.074 0 0
1500 58.1926 14.5668 17.9226 0.0459205 0.253789 444.553 0 0
1500 29.0588 19.1817 17.9524 -0.458564 0.289 444.393 0 0
1500 96.9938 -2.39622 17.9959 0.621265 -0.0751291 444.868 0 0
1500 102.204 27.1456 17.8671 0.690546 0.428436 444.727 0 0
1500 87.6278 -56.959 17.8042 0.49348 -0.858564 444.111 0 0
1500 118.498 9.79879 17.8067 0.936041 0.110877 444.556 0 0
1500 27.5249 56.6884 17.8966 -0.473775 0.880271 444.373 0 0
1500 88.0053 -15.6394 17.8509 0.456791 -0.299598 444.857 0 0
1500 28.8307 -23.235 17.8498 -0.410023 -0.413591 444.339 0 0
1500 8.55014 -33.3595 17.8821 -0.808354 -0.532683 444.339 0 0
1500 -2.63992 -18.0332 17.8795 -0.969624 -0.299107 444.856 0 0
1500 -0.965521 12.3234 17.8823 -0.952304 0.15664 444.313 0 0
1500 20.3267 42.0819 17.8581 -0.563119 0.715879 444.18 0 0
1500 62.9561 -16.8926 18.4904 0.10996 -0.309643 444.801 0 0
1500 84.0695 49.2002 17.8948 0.459443 0.797673 444.482 0 0
1500 79.8851 -3.12783 18.2131 0.416311 0.02159 444.278 0 0
1500 31.3809 -27.0653 18.0318 -0.458846 -0.403991 444.17 0 0
1500 9.00648 -21.8831 17.8055 -0.812707 -0.285353 444.484 0 0
1500 75.5916 5.32871 17.8927 0.318016 0.151383 444.177 0 0
1500 116.689 -5.99593 18.0352 1.00205 -0.0258392 444.7 0 0
1500 77.4824 42.2134 18.131 0.30364 0.769488 444.59 0 0
1500 56.1802 -27.6612 18.4283 0.00684258 -0.477882 444.954 0 0
1500 53.7768 -55.2598 17.8819 -0.0838589 -0.91021 444.935 0 0
1500 63.8384 1.28956 18.7699 0.145037 0.0682006 444.946 0 0
1500 104.438 10.0295 17.913 0.73693 0.14436 445.013 0 0
1500 98.3483 2.45489 17.8743 0.629553 0.0762612 445.408 0 0
1500 105.854 -7.05651 17.8702 0.739221 -0.0581226 445.037 0 0
1500 99.7917 -11.5483 17.8855 0.629863 -0.224325 445.62 0 0
1500 110.836 14.9021 17.923 0.832842 0.196824 445.445 0 0
1500 103.486 -36.7701 18.1413 0.768778 -0.599552 445.601 0 0
1500 111.326 -14.4322 18.1437 0.890063 -0.269221 445.235 0 0
1500 121.163 -9.88044 17.8698 1.0213 -0.157636 445.504 0 0
1500 104.016 -13.4996 18.2799 0.820247 -0.187044 445.497 0 0
1500 14.5001 -43.5042 17.9244 -0.71698 -0.647715 445.286 0 0
1500 76.5814 39.0073 18.2024 0.361222 0.657408 445.108 0 0
1500 53.8353 20.1397 18.4134 -0.0233371 0.370716 445.356 0 0
1500 43.0771 22.6762 18.0215 -0.29275 0.321717 445.627 0 0
1500 82.3514 -13.3157 17.8922 0.380861 -0.247353 446.167 0 0
1500 58.6033 48.7952 17.9089 -0.02317 0.748277 446.006 0 0
1500 102.362 27.1875 17.8813 0.699573 0.420325 446.288 0 0
1500 106.984 37.4078 17.8334 0.77031 0.578406 445.981 0 0
1500 14.3372 51.5046 17.8506 -0.635003 0.833962 446.17 0 0
1500 25.3827 58.4524 17.8506 -0.471582 0.935844 446.22 0 0
1500 73.0912 64.5776 17.8879 0.285972 1.00619 446.098 0 0
1500 83.3339 59.4072 17.8899 0.440825 0.934671 446.014 0 0
1500 2.82999 28.1257 17.9473 -0.862671 0.476229 445.645 0 0
1500 5.35085 38.6866 17.9448 -0.817181 0.628659 446.272 0 0
1500 111.284 -21.4012 17.8772 0.886811 -0.338444 445.794 0 0
1500 89.2483 46.7961 17.8719 0.51621 0.775967 446.022 0 0
1500 64.2543 -46.9447 17.9445 0.0588163 -0.769629 446.296 0 0
1500 95.466 30.8322 17.8532 0.648183 0.44238 445.83 0 0
1500 75.6615 30.0593 17.969 0.356896 0.499891 445.843 0 0
1500 85.9158 2.55272 17.942 0.441925 0.115582 446.34 0 0
1500 116.87 -53.5924 18.2589 1.10551 -0.952493 446.233 0 0
1500 25.0142 24.4562 17.9166 -0.574386 0.36832 446.388 0 0
1500 70.8275 -24.6391 18.3968 0.238192 -0.404184 446.757 0 0
1500 78.3105 10.6476 17.8279 0.345467 0.119565 446.622 0 0
1500 77.3144 43.0976 17.9313 0.255895 0.672767 446.848 0 0
1500 86.4906 -57.6316 17.8506 0.417465 -0.909446 446.609 0 0
1500 119.51 -11.518 17.8837 0.966969 -0.154496 446.975 0 0
1500 79.1434 -62.6012 17.8283 0.373194 -0.947895 446.63 0 0
1500 119.451 -21.9908 17.87 0.975316 -0.331201 446.911 0 0
1500 81.6412 61.872 17.889 0.412217 0.963407 446.569 0 0
1500 -8.77672 2.41461 17.9198 -1.0463 0.0427455 446.627 0 0
1500 23.3298 -74.3348 17.8783 -0.543155 -1.1801 446.577 0 0
1500 94.9799 55.1519 17.9259 0.634756 0.859809 446.784 0 0
1500 33.4581 60.5839 17.8669 -0.325118 0.971052 446.972 0 0
1500 57.5369 -51.7164 17.9415 -0.0430423 -0.837517 446.66 0 0
1500 19.9396 24.4326 17.914 -0.650376 0.366726 446.606 0 0
1500 27.3771 -32.6288 17.9143 -0.536394 -0.509528 446.581 0 0
1500 53.2592 -5.1193 17.8579 -0.081313 -0.00222998 446.873 0 0
1500 79.0132 -33.0955 17.8517 0.406886 -0.540843 446.854 0 0
1500 113.361 71.6628 17.9977 0.963793 1.27968 446.971 0 0
1500 58.5301 31.4411 18.8195 0.00818687 0.683577 446.58 0 0
1500 76.8791 -4.05908 18.8023 0.411115 -0.104708 447.717 0 0
1500 58.7073 -6.42842 17.8708 0.00562226 -0.159125 447.566 0 0
1500 92.7606 -6.58745 17.9933 0.569894 -0.116511 447.735 0 0
1500 84.977 -17.5169 17.9637 0.454823 -0.282368 447.832 0 0
1500 66.7197 53.6314 17.8294 0.117672 0.837908 447.358 0 0
1500 110.898 16.8554 17.8894 0.83271 0.252373 447.794 0 0
1500 13.4197 -46.1142 17.8809 -0.704841 -0.695482 447.164 0 0
1500 121.424 9.17873 17.8714 0.998553 0.123167 447.293 0 0
1500 108.842 33.6659 17.893 0.792642 0.533569 448.012 0 0
1500 120.955 19.0265 17.8718 1.01145 0.267459 447.211 0 0
1500 27.1128 -42.3852 17.8871 -0.524135 -0.622707 447.333 0 0
1500 117.715 -17.2707 17.9703 0.982383 -0.262553 447.77 0 0
1500 33.725 51.3588 18.0023 -0.384702 0.836581 447.178 0 0
1500 29.7312 37.9216 17.9315 -0.409797 0.644115 447.632 0 0
1500 71.8722 44.8959 17.8793 0.260436 0.732427 448.024 0 0
1500 44.4467 -52.1829 17.9095 -0.272278 -0.804102 447.047 0 0
1500 91.329 8.93494 18.3353 0.644195 0.137652 447.98 0 0
1500 -12.384 -23.2116 17.937 -1.12444 -0.348761 447.842 0 0
1500 58.7672 42.4784 18.047 0.0402677 0.724214 447.998 0 0
1500 61.7939 16.5601 18.027 0.00848979 0.23497 447.132 0 0
1500 50.736 -35.8824 18.0187 -0.161574 -0.573279 447.703 0 0
1500 75.9547 18.9101 18.087 0.378025 0.323647 447.74 0 0
1500 42.0654 44.6547 17.9306 -0.226918 0.759314 448.131 0 0
1500 40.0849 18.0495 18.1493 -0.29669 0.320482 447.95 0 0
1500 51.5197 16.4836 17.8546 -0.108248 0.335557 447.08 0 0
1500 38.6285 -18.9101 17.8374 -0.312558 -0.372422 447.281 0 0
1500 126.112 -10.2625 17.8645 1.11725 -0.100342 447.16 0 0
1500 11.5535 -0.654977 17.9561 -0.806596 -0.0751114 447.321 0 0
1500 87.383 -57.6757 18.0442 0.523166 -1.04332 447.166 0 0
1500 135.559 -97.1887 17.9418 1.31795 -1.69981 448.052 0 0
1500 83.1812 -15.6324 18.1622 0.386863 -0.284986 448.534 0 0
1500 33.6404 -2.772 17.9677 -0.366152 0.0171908 448.512 0 0
1500 145.532 -29.9453 17.8165 1.32848 -0.485601 448.163 0 0
1500 42.0131 -55.4269 17.8995 -0.190752 -0.902915 448.649 0 0
1500 40.6577 34.422 18.1434 -0.286014 0.567831 448.381 0 0
1500 29.6074 24.1761 18.1442 -0.454789 0.412095 448.322 0 0
1500 108.476 33.5549 17.8467 0.83945 0.537134 448.658 0 0
1500 85.8439 44.4407 17.8372 0.419085 0.755819 448.507 0 0
1500 24.8698 -21.6472 17.9498 -0.549283 -0.387329 448.29 0 0
1500 184.713 -13.7513 17.8132 1.99827 -0.155663 448.517 0 0
1500 72.8393 -17.3074 18.1013 0.334329 -0.294275 448.579 0 0
1500 88.7718 15.1735 17.9531 0.553949 0.276067 448.687 0 0
1500 -55.1519 1.64188 17.8766 -1.84968 0.0558249 448.234 0 0
1500 72.528 0.0614769 18.165 0.313046 0.0658763 448.477 0 0
1500 37.729 28.5053 17.9853 -0.287901 0.464474 449.103 0 0
1500 43.4752 21.8039 17.9282 -0.213756 0.371183 449.135 0 0
1500 30.4639 -32.2773 17.8962 -0.446243 -0.48233 449.015 0 0
1500 20.4196 32.6202 17.9197 -0.55858 0.521903 448.743 0 0
1500 65.1447 -43.7389 17.8447 0.163745 -0.65199 448.804 0 0
1500 100.405 7.05569 17.8267 0.650009 0.0538886 449.296 0 0
1500 85.4283 44.9907 17.8996 0.450116 0.68809 448.868 0 0
1500 -10.3244 -49.0709 17.8082 -1.05527 -0.69317 448.715 0 0
1500 18.5127 26.6078 17.8901 -0.634951 0.391095 449.12 0 0
1500 -7.56963 6.97967 17.8994 -1.03664 0.0954501 448.873 0 0
1500 -0.360353 -32.6071 17.899 -0.925688 -0.489768 449.164 0 0
1500 105.371 39.2329 17.8846 0.716493 0.662466 448.838 0 0
1500 113.873 24.7299 17.8327 0.840317 0.45036 449.087 0 0
1500 41.8158 -54.2288 17.9388 -0.283832 -0.873799 449.385 0 0
1500 43.4513 14.7214 17.9122 -0.232589 0.298465 448.817 0 0
1500 32.3778 21.2156 17.9074 -0.398466 0.394409 449.362 0 0
1500 37.5588 109.121 17.8286 -0.349371 1.72822 449.231 0 0
1500 71.884 3.75527 18.2286 0.280094 0.132365 449.344 0 0
1500 48.8074 18.2896 17.9215 -0.205375 0.313982 448.911 0 0
1500 179.17 40.1643 17.9127 1.98162 0.663374 449.285 0 0
1500 75.6594 36.4238 18.0708 0.285828 0.577229 449.489 0 0
1500 67.6755 29.463 18.0693 0.213027 0.456165 449.812 0 0
1500 86.8407 14.3904 17.9108 0.463514 0.249428 449.882 0 0
1500 48.9272 -56.0205 17.8406 -0.172773 -0.872932 449.536 0 0
1500 120.311 0.975577 18.065 1.02012 0.0462869 450.256 0 0
1500 101.777 22.8601 17.9438 0.757933 0.344282 450.128 0 0
1500 106.951 26.0778 17.8713 0.776486 0.467688 450.291 0 0
1500 12.2269 -6.52742 17.909 -0.763464 -0.071272 449.865 0 0
1500 33.3913 34.5275 17.9113 -0.440161 0.560148 449.667 0 0
1500 20.385 9.0442 17.9498 -0.59987 0.208068 449.964 0 0
1500 25.9659 -28.7442 17.9428 -0.52254 -0.513184 449.597 0 0
1500 86.0467 8.87067 18.0182 0.528423 0.161279 450.421 0 0
1500 85.1666 -1.34575 17.9667 0.511349 -0.000858229 450.337 0 0
1500 81.9114 -5.85508 17.9679 0.461602 -0.0706961 450.253 0 0
1500 40.763 -0.802655 17.8979 -0.268542 -0.0904047 450.211 0 0
1500 92.0424 1.3173 17.89 0.587315 -0.0443347 449.905 0 0
1500 60.2966 85.1498 18.0029 0.0940538 1.41484 450.001 0 0
1500 86.6588 5.46216 18.243 0.544998 0.161813 449.999 0 0
1500 114.461 -19.6654 18.64 1.05413 -0.396325 449.64 0 0
1500 131.635 -7.37093 18.3042 1.44272 -0.167419 450.275 0 0
1500 91.6172 -22.3027 18.0927 0.540297 -0.367857 450.622 0 0
1500 51.5399 13.4454 17.8497 -0.0377287 0.23249 451.257 0 0
1500 72.5219 60.4756 17.8849 0.210141 0.943858 450.985 0 0
1500 84.9186 -11.7067 18.5884 0.555746 -0.223896 450.98 0 0
1500 106.322 -26.431 18.0862 0.805616 -0.454563 450.861 0 0
1500 79.2154 25.2572 18.3274 0.369301 0.455239 450.704 0 0
1500 5.42983 -24.6336 17.8445 -0.866114 -0.397505 450.905 0 0
1500 102.355 0.988588 18.0459 0.768683 -0.0120985 451.181 0 0
1500 87.7722 -27.6443 18.0484 0.550753 -0.446129 450.915 0 0
1500 84.7368 36.8673 17.9783 0.494947 0.598295 450.63 0 0
1500 28.9678 -17.9753 17.9236 -0.473373 -0.346776 450.56 0 0
1500 92.2337 -4.81769 17.9399 0.556684 0.00149649 450.581 0 0
1500 71.3378 25.0165 18.0197 0.192397 0.453639 450.829 0 0
1500 69.3574 41.2431 17.8166 0.225026 0.694071 450.931 0 0
1500 68.1859 28.1688 17.8761 0.148826 0.514149 451.165 0 0
1500 43.7798 0.189836 17.8825 -0.231894 0.079968 450.742 0 0
1500 63.1794 -73.8877 17.9181 0.142324 -1.25147 451.233 0 0
1500 100.57 14.3204 18.2196 0.706423 0.21768 451.452 0 0
1500 -0.158163 -6.44164 17.9071 -0.892982 -0.0999051 451.417 0 0
1500 72.7835 -63.6515 17.8941 0.2645 -0.986238 451.413 0 0
1500 55.7336 76.0951 17.8264 -0.0806427 1.1764 451.651 0 0
1500 -2.85753 -17.1128 17.8407 -0.980861 -0.28047 451.633 0 0
1500 74.6662 2.46204 17.8421 0.303839 0.103191 451.541 0 0
1500 123.053 -3.52627 17.9292 1.09473 -0.129398 451.616 0 0
1500 70.7093 -44.3356 17.963 0.227338 -0.686868 451.769 0 0
1500 38.7708 -22.0056 17.8169 -0.267387 -0.379383 452.264 0 0
1500 87.251 -19.5782 18.3694 0.467851 -0.351831 451.884 0 0
1500 86.8902 -43.794 17.9552 0.52618 -0.691733 451.737 0 0
1500 87.9312 50.858 17.9225 0.477166 0.8398 452.339 0 0
1500 108.191 21.0724 17.8637 0.75774 0.397267 452.239 0 0
1500 70.6995 37.3578 17.8635 0.186972 0.65362 452.297 0 0
1500 100.845 7.32617 17.8302 0.704123 0.176936 452.413 0 0
1500 37.27 39.6276 17.83 -0.277828 0.675715 452.429 0 0
1500 84.9886 -10.087 17.8525 0.404786 -0.23345 452.009 0 0
1500 32.9534 -2.71202 17.8876 -0.461986 -0.0469497 452.169 0 0
1500 105.186 -30.5667 18.2421 0.83975 -0.544096 451.894 0 0
1500 147.198 -21.6332 17.8415 1.44542 -0.269806 451.762 0 0
1500 75.2841 63.8655 17.8921 0.325457 1.11232 451.826 0 0
1500 79.5971 14.8173 18.4425 0.502426 0.263945 452.322 0 0
1500 88.8313 -53.0761 17.895 0.506924 -0.810606 452.706 0 0
1500 116.803 28.9904 17.792 0.924661 0.44428 452.832 0 0
1500 89.0124 17.2576 18.5016 0.591722 0.300208 453.323 0 0
1500 121.508 8.59005 17.9344 1.00658 0.120588 453.52 0 0
1500 92.6035 55.0652 17.865 0.535064 0.870607 453.15 0 0
1500 75.129 87.4385 17.806 0.21928 1.3318 453.787 0 0
1500 8.65273 -39.1526 17.8725 -0.741291 -0.6636 452.69 0 0
1500 74.0637 -63.4636 17.8697 0.239003 -1.01587 453.556 0 0
1500 99.8531 10.7449 18.4528 0.716764 0.23335 453.592 0 0
1500 109.264 -4.72259 18.2611 0.894415 -0.0639395 453.941 0 0
1500 82.8736 29.1113 18.3567 0.507729 0.474576 453.817 0 0
1500 113.403 35.5759 17.7967 0.876327 0.475688 453.564 0 0
1500 85.0368 16.1084 18.2318 0.538089 0.25666 453.279 0 0
1500 20.6829 48.6918 17.8193 -0.52434 0.80097 453.619 0 0
1500 98.481 33.755 17.8234 0.660736 0.579149 453.086 0 0
1500 111.173 -18.1233 17.8232 0.854599 -0.213905 453.099 0 0
1500 24.6044 51.2736 17.8678 -0.574891 0.77035 454.071 0 0
1500 56.152 -50.5181 17.8248 -0.0158543 -0.849516 453.197 0 0
1500 6.06093 -21.7978 17.8232 -0.781386 -0.408335 453.369 0 0
1500 85.2096 32.9061 17.9226 0.461054 0.575063 453.359 0 0
1500 57.6281 -20.8366 17.8767 0.0306554 -0.394269 452.665 0 0
1500 101.78 -22.1365 17.9548 0.748354 -0.375575 453.975 0 0
1500 55.523 23.8407 18.2097 -0.0316988 0.427549 453.897 0 0
1500 89.0008 23.4695 17.8979 0.555569 0.394857 453.635 0 0
1500 47.2331 17.914 18.1219 -0.193507 0.234281 454.04 0 0
1500 121.248 -12.9958 17.8167 0.996455 -0.126976 454.034 0 0
1500 108.851 -0.274803 17.8271 0.794508 -0.0829834 452.961 0 0
1500 69.954 23.3475 17.8894 0.116181 0.380854 453.929 0 0
1500 74.0089 24.7429 17.9108 0.334322 0.37487 454.002 0 0
1500 35.1925 21.0053 17.8335 -0.410779 0.389643 454.215 0 0
1500 111.847 19.9415 17.9235 0.918561 0.381737 454.193 0 0
1500 135.422 -41.8585 18.1781 1.38255 -0.705317 454.027 0 0
1500 82.3859 -17.676 18.3048 0.419322 -0.305127 454.951 0 0
1500 37.7624 7.12202 17.855 -0.289373 0.169299 454.59 0 0
1500 41.499 -33.674 17.9528 -0.267341 -0.521345 454.648 0 0
1500 65.6075 -36.119 17.8658 0.124876 -0.577298 454.405 0 0
1500 10.2548 -25.6239 17.85 -0.747239 -0.388697 454.948 0 0
1500 41.5562 -62.7802 17.8357 -0.220325 -0.984282 454.382 0 0
1500 89.6775 57.8552 17.9185 0.488237 0.916579 454.41 0 0
1500 114.638 2.4604 18.2575 0.966934 0.0426511 454.46 0 0
1500 2.30429 38.4598 17.8535 -0.829544 0.63919 454.674 0 0
1500 80.8677 62.5259 17.8534 0.328484 0.995301 454.57 0 0
1500 35.7095 -63.5977 17.8275 -0.290413 -0.997206 454.945 0 0
1500 113.497 -10.3396 18.1764 0.943764 -0.137966 454.471 0 0
1500 77.9152 -59.1418 17.8163 0.311617 -0.963042 454.459 0 0
1500 52.6849 -63.8155 17.8152 -0.0673641 -1.02857 454.765 0 0
1500 109.915 -26.3224 17.8565 0.814282 -0.463296 454.912 0 0
1500 86.1434 -50.9005 17.9492 0.504985 -0.804989 454.667 0 0
1500 111.349 16.3994 17.8868 0.88478 0.280923 454.766 0 0
1500 7.21085 23.4059 17.8737 -0.841767 0.34956 454.914 0 0
1500 104.142 -21.6799 17.8307 0.719117 -0.408529 454.704 0 0
1500 99.5411 4.78333 17.9031 0.723953 0.0644545 454.597 0 0
1500 72.0987 19.0304 18.2379 0.247268 0.329803 455.839 0 0
1500 52.5738 -6.71456 17.8942 -0.129051 -0.131427 455.019 0 0
1500 88.5069 -23.3978 17.9772 0.513892 -0.330004 455.277 0 0
1500 -3.18809 -22.8333 17.7989 -0.887839 -0.403628 455.729 0 0
1500 108.534 34.3933 18.0426 0.843777 0.54837 455.032 0 0
1500 3.47537 39.5993 17.8629 -0.873225 0.579946 455.663 0 0
1500 6.56026 42.1399 17.8634 -0.833955 0.622112 455.155 0 0
1500 32.705 -61.2332 17.8143 -0.363439 -0.982059 455.301 0 0
1500 25.8332 -47.029 17.826 -0.478539 -0.790854 455.254 0 0
1500 80.2865 26.1638 18.6183 0.496243 0.460431 455 0 0
1500 44.8111 -37.9677 18.1311 -0.23279 -0.606062 455.706 0 0
1500 -2.82689 4.99089 17.8161 -0.94801 0.00251374 455.776 0 0
1500 21.3226 -40.3087 17.8539 -0.561537 -0.690533 455.767 0 0
1500 94.5209 2.7356 17.9998 0.658103 0.0516613 455.552 0 0
1500 98.2844 0.159259 17.9432 0.700465 0.039187 455.858 0 0
1500 83.5224 3.58645 18.5013 0.472787 -0.000640426 455.966 0 0
1500 77.5578 2.93402 17.9959 0.306753 -0.0264549 456.074 0 0
1500 42.5712 13.4035 17.8915 -0.185863 0.252451 456.157 0 0
1500 53.9019 2.3345 17.894 -0.0276161 0.0976881 456.33 0 0
1500 92.2092 -9.22677 18.1549 0.571471 -0.164959 456.722 0 0
1500 78.0447 -15.9617 17.9102 0.349929 -0.255235 456.388 0 0
1500 76.2562 -4.55774 18.0588 0.345441 -0.0883434 456.791 0 0
1500 42.0739 1.88951 17.8358 -0.289369 -0.000764607 456.723 0 0
1500 74.0409 -14.2725 17.9705 0.305168 -0.180613 457.562 0 0
1500 93.4643 -16.6385 17.965 0.578343 -0.258126 457.164 0 0
1500 79.0394 19.1273 18.5205 0.434821 0.331701 456.212 0 0
1500 76.768 47.2575 17.8709 0.286625 0.74107 457.061 0 0
1500 61.5183 57.9168 17.8614 0.0417385 0.900929 456.553 0 0
1500 46.7524 -2.8343 17.8834 -0.165265 0.0291227 458.534 0 0
1500 89.2623 6.63676 17.9303 0.509747 0.126078 458.672 0 0
1500 3.6753 37.7604 17.8477 -0.799499 0.621487 456.291 0 0
1500 101.451 34.4172 17.8242 0.661285 0.551842 457.523 0 0
1500 40.4478 50.8195 17.8265 -0.21129 0.78377 457.781 0 0
1500 115.673 -30.012 17.8176 0.849174 -0.50717 456.815 0 0
1500 33.1128 -55.0564 17.8207 -0.34691 -0.864268 457.334 0 0
1500 37.3935 -49.4426 17.8259 -0.282608 -0.776188 457.977 0 0
1500 43.2132 -60.3891 17.8547 -0.182429 -0.952242 456.471 0 0
1500 123.588 -13.5192 17.8321 1.02037 -0.154873 457.411 0 0
1500 117.52 23.4626 17.8322 0.951487 0.394787 455.978 0 0
1500 -2.44597 -16.1283 17.8706 -0.939001 -0.238613 458.384 0 0
1500 108.34 -0.316759 18.4447 0.895209 0.00962201 457.705 0 0
1500 5.72404 -28.0631 17.8514 -0.795311 -0.501316 456.099 0 0
1500 17.0965 4.36362 18.1195 -0.659325 0.0470184 455.992 0 0
1500 118.932 10.2727 17.9014 0.996353 0.140217 457.295 0 0
1500 77.1388 63.2183 17.8613 0.292621 1.00106 458.826 0 0
1500 109.599 39.2032 17.8994 0.772178 0.660291 457.604 0 0
1500 96.4543 49.8177 17.9281 0.653015 0.779147 457.784 0 0
1500 43.2271 56.836 17.8811 -0.281704 0.921367 455.861 0 0
1500 5.69277 42.1326 17.8536 -0.771792 0.700596 458.196 0 0
1500 119.325 -8.99758 17.8973 0.998693 -0.157444 457.981 0 0
1500 42.1439 53.052 17.8834 -0.198186 0.873906 457.025 0 0
1500 100.76 3.75659 17.8916 0.702119 0.125677 456.206 0 0
1500 72.7578 -29.0444 18.2691 0.228882 -0.495563 457.193 0 0
1500 76.8563 27.0209 18.1359 0.362067 0.480548 457.086 0 0
1500 86.1133 -48.3925 17.8717 0.485281 -0.788533 457.504 0 0
1500 78.2978 48.5859 17.8998 0.386158 0.774889 457.398 0 0
1500 95.5963 51.681 17.8913 0.636222 0.804951 458.792 0 0
1500 134.507 72.7723 17.7979 1.18446 1.18514 457.263 0 0
1500 72.1876 -55.2951 17.9231 0.17845 -0.895595 458.108 0 0
1500 110.54 -10.8207 17.8324 0.87285 -0.17722 458.129 0 0
1500 76.3904 -60.6726 17.8289 0.355732 -0.941168 457.766 0 0
1500 41.8628 -49.6039 17.9102 -0.202699 -0.825072 457.991 0 0
1500 49.3216 -19.5827 18.0538 -0.173423 -0.340136 457.216 0 0
1500 67.2339 5.4691 18.4468 0.25933 0.147614 458.635 0 0
1500 78.8191 9.50936 17.8437 0.332753 0.226321 456.557 0 0
1500 98.0344 -20.676 18.3532 0.748119 -0.354963 457.946 0 0
1500 87.4105 -43.1023 17.8284 0.500604 -0.715552 458.832 0 0
1500 82.1013 63.8493 17.8555 0.344677 1.06086 458.592 0 0
1500 84.725 -17.7451 17.8309 0.488979 -0.296184 458.604 0 0
1500 125.23 -70.3196 17.894 1.14478 -1.09753 457.704 0 0
1500 79.1799 -36.0663 17.872 0.285162 -0.646989 455.945 0 0
1500 115.659 -50.7861 18.0132 1.01047 -0.850529 457.877 0 0
1500 125.278 10.7406 17.8811 1.12039 0.246092 457.37 0 0
1500 38.675 17.5071 18.4215 -0.332996 0.263801 456.139 0 0
1500 132.973 -13.575 18.1714 1.29991 -0.269332 458.033 0 0
1500 92.7729 -42.0692 18.1754 0.594875 -0.767597 457.17 0 0
1500 21.0082 -89.0339 17.9911 -0.615465 -1.56656 456.035 0 0
1500 142.007 15.8873 18.1501 1.5121 0.253419 456.616 0 0
1500 138.377 -57.698 18.1074 1.37051 -1.03078 458.829 0 0
1500 86.4012 9.17598 17.9303 0.470207 0.234819 458.676 0 0
1500 99.2811 66.4113 18.0516 0.751167 1.17378 458.702 0 0
1500 50.2412 -23.3548 18.0636 -0.196262 -0.463446 456.707 0 0
1500 59.5673 9.80336 18.4259 -0.00451982 0.124501 457.31 0 0
1500 69.3251 10.3086 18.2812 0.144368 0.225273 458.32 0 0
1500 42.2756 -9.15352 17.8427 -0.208614 -0.196887 459.416 0 0
1500 65.5582 -27.3739 17.8389 0.117589 -0.453591 459.134 0 0
1500 61.1558 1.91248 17.9373 0.0830283 0.0897776 460.189 0 0
1500 98.4448 -15.4968 17.961 0.644605 -0.253651 459.373 0 0
1500 70.6644 -16.3125 17.9921 0.211716 -0.293783 460.467 0 0
1500 26.1012 -40.3098 17.8449 -0.453358 -0.644678 458.864 0 0
1500 51.8058 -5.78689 17.8911 -0.0441685 -0.139337 460.503 0 0
1500 3.6591 -10.9154 17.8764 -0.84122 -0.161512 459.179 0 0
1500 60.1451 41.1866 17.9255 0.088575 0.630325 460.333 0 0
1500 67.5498 16.1991 17.9153 0.210206 0.217559 461.313 0 0
1500 75.3392 7.82298 17.9394 0.315558 0.0796334 461.793 0 0
1500 40.7573 -54.4134 17.8541 -0.24922 -0.8508 459.989 0 0
1500 60.2079 -0.735952 17.9175 0.108774 -0.00904949 461.969 0 0
1500 88.1138 71.3045 17.8325 0.493492 1.05947 460.016 0 0
1500 118.512 20.2062 17.9835 0.966021 0.300997 459.616 0 0
1500 84.2247 -22.5656 17.9969 0.447897 -0.345958 462.012 0 0
1500 97.7993 30.7713 17.9067 0.641693 0.454235 461.307 0 0
1500 122.552 11.8384 17.9603 1.02224 0.212193 459.267 0 0
1500 101.927 -41.2701 17.9013 0.708148 -0.614339 460.825 0 0
1500 122.323 16.0654 17.8952 1.02573 0.21397 459.144 0 0
1500 68.357 41.0979 17.8487 0.19179 0.66048 460.315 0 0
1500 119.865 10.5631 17.8272 0.979917 0.142404 460.447 0 0
1500 102.205 -34.7808 17.8333 0.707523 -0.512857 461.74 0 0
1500 125.256 14.0419 17.9167 1.04195 0.258454 460.935 0 0
1500 72.9764 26.8233 18.44 0.343699 0.467161 459.109 0 0
1500 -2.36942 22.6855 17.8102 -0.936726 0.379105 461.227 0 0
1500 106.164 38.458 18.074 0.772571 0.640594 460.516 0 0
1500 21.7438 56.3319 17.8121 -0.526848 0.904932 460.903 0 0
1500 99.5835 68.6482 17.8452 0.658039 1.06507 461.422 0 0
1500 81.6954 16.1349 18.5329 0.476198 0.309697 460.608 0 0
1500 98.9194 -7.22553 18.4008 0.710137 -0.180992 460.381 0 0
1500 84.0337 13.4824 18.2897 0.41865 0.271114 459.729 0 0
1500 70.5605 49.2034 17.9424 0.189078 0.823415 459.69 0 0
1500 76.3134 22.1968 18.5634 0.306874 0.371256 461.034 0 0
1500 -5.68552 18.0537 17.9141 -1.00147 0.291094 461.75 0 0
1500 23.6176 -33.3303 17.9282 -0.587252 -0.486263 459.478 0 0
1500 109.32 44.7191 17.8093 0.828104 0.641885 461.981 0 0
1500 54.0331 -0.0111767 18.4951 -0.0293724 -0.0501298 460.525 0 0
1500 110.741 1.09752 18.2141 0.898369 0.0600136 461.406 0 0
1500 78.9019 28.8809 18.2249 0.430109 0.482107 460.352 0 0
1500 113.381 1.14351 18.2123 0.934398 0.0604817 461.648 0 0
1500 112.026 4.75305 18.213 0.915571 0.114305 461.551 0 0
1500 96.9386 19.7293 18.1047 0.65358 0.370632 460.283 0 0
1500 44.2504 -52.1018 17.8799 -0.155588 -0.854061 460.007 0 0
1500 -31.4472 -119.188 17.8106 -1.33686 -1.83869 462.02 0 0
1500 80.6375 15.7745 18.3596 0.358335 0.29199 460.928 0 0
1500 68.5284 -26.3291 17.9606 0.117775 -0.455858 460.188 0 0
1500 79.0868 25.1834 17.8871 0.367834 0.459256 461.519 0 0
1500 83.4016 -1.37267 18.6423 0.516264 -0.0961054 461.714 0 0
1500 72.9206 10.7149 17.9102 0.313749 0.139677 461.794 0 0
1500 92.7796 -39.8648 18.3244 0.614419 -0.7221 461.104 0 0
1500 78.0814 21.4804 17.9542 0.413127 0.332393 460.896 0 0
1500 127.298 0.753139 18.4046 1.28095 -0.0366471 460.761 0 0
1500 17.6705 7.55227 17.9778 -0.745719 0.16476 460.72 0 0
1500 43.8988 22.8092 18.4434 -0.263698 0.38068 461.539 0 0
1500 78.2132 -55.3838 18.1189 0.277031 -0.990941 461.186 0 0
1500 96.8734 12.2178 18.5181 0.779672 0.325529 461.524 0 0
1500 49.2224 -8.25256 18.156 -0.0952372 -0.172616 463.357 0 0
1500 61.6151 13.7526 18.1356 0.0654603 0.254454 462.421 0 0
1500 48.9518 -17.9075 18.1025 -0.153317 -0.282648 462.624 0 0
1500 50.0822 10.1645 17.8902 -0.0993192 0.211174 462.411 0 0
1500 66.2758 -12.8618 17.8624 0.18614 -0.170889 463.455 0 0
1500 84.8277 -18.4967 18.6096 0.507318 -0.295578 465.864 0 0
1500 39.8791 22.0015 17.8581 -0.269055 0.376959 463.503 0 0
1500 35.5682 7.32838 17.8603 -0.328794 0.170715 463.664 0 0
1500 69.9028 23.0656 17.8592 0.151996 0.391446 463.583 0 0
1500 19.611 -0.776474 17.8281 -0.610043 -0.0349511 463.265 0 0
1500 73.4408 18.5837 17.9308 0.217324 0.328318 464.149 0 0
1500 56.1115 41.9542 17.8271 -0.0815328 0.640071 463.367 0 0
1500 110.04 -19.7199 17.971 0.802232 -0.335087 463.113 0 0
1500 109.468 5.91077 17.9956 0.815303 0.0623115 463.814 0 0
1500 98.3449 -25.4714 17.9983 0.655524 -0.379989 464.084 0 0
1500 96.9326 13.5211 18.0023 0.632299 0.168391 464.458 0 0
1500 81.9266 -47.8308 17.8159 0.347614 -0.754524 463.659 0 0
1500 78.1481 0.0440704 17.8328 0.287643 -0.0689329 465.112 0 0
1500 70.4328 24.0945 18.1336 0.169695 0.391108 466.504 0 0
1500 43.699 -19.2795 17.9409 -0.254111 -0.246321 465.995 0 0
1500 110.459 40.8556 17.8112 0.834048 0.57724 462.864 0 0
1500 41.1897 -64.8564 17.8027 -0.216861 -1.02141 462.235 0 0
1500 91.9643 20.4318 18.1092 0.530177 0.349706 466.233 0 0
1500 68.0053 28.6756 18.1134 0.195672 0.462272 466.576 0 0
1500 111.526 -25.4652 17.8772 0.819066 -0.421359 464.123 0 0
1500 96.8925 16.5293 18.2567 0.651999 0.260871 466.989 0 0
1500 63.3453 -5.04796 18.1356 0.152234 -0.122358 467.701 0 0
1500 75.8968 -9.54693 18.3873 0.377197 -0.121624 468.43 0 0
1500 59.1544 15.8308 18.5657 0.0531408 0.259262 469.378 0 0
1500 81.1145 31.1505 18.0578 0.423708 0.513417 463.322 0 0
1500 31.0731 75.1716 17.794 -0.417647 1.18555 463.334 0 0
1500 38.8421 -45.0093 17.8317 -0.276566 -0.710901 466.364 0 0
1500 45.6852 96.4593 17.8493 -0.157908 1.48619 464.192 0 0
1500 93.4414 11.0118 18.3808 0.607715 0.205678 468.061 0 0
1500 72.8344 7.23585 18.388 0.344936 0.164607 463.046 0 0
1500 85.8526 -68.0187 17.8176 0.423531 -1.07366 464.189 0 0
1500 109.243 -27.4507 17.973 0.83251 -0.47416 462.829 0 0
1500 78.4122 18.2908 18.1579 0.306771 0.320226 468.759 0 0
1500 101.732 40.7687 17.9359 0.747401 0.615073 462.82 0 0
1500 113.851 7.57715 17.9401 0.881253 0.109777 466.473 0 0
1500 120.747 -15.0847 17.933 0.997051 -0.217146 465.245 0 0
1500 51.5882 -30.3347 17.819 -0.0363593 -0.46711 467.516 0 0
1500 82.7859 -46.7225 18.0641 0.41645 -0.780595 462.59 0 0
1500 64.8272 -10.8235 17.9762 0.140051 -0.211428 469.016 0 0
1500 90.2862 6.76084 18.5477 0.633918 0.146059 464.268 0 0
1500 79.2535 0.186895 18.2821 0.439441 -0.0475934 462.848 0 0
1500 73.5843 13.5482 18.0637 0.296895 0.230067 469.751 0 0
1500 67.9014 5.78821 18.2523 0.1663 0.153857 462.913 0 0
1500 104.604 22.0854 17.896 0.735241 0.288515 468.11 0 0
1500 115.509 8.24965 17.8881 0.947821 0.098167 463.809 0 0
1500 93.7061 -36.6419 17.7925 0.58905 -0.526947 466.229 0 0
1500 83.24 -12.1686 17.8032 0.46087 -0.179527 462.588 0 0
1500 106.371 -4.90488 18.4913 0.850761 -0.126037 465.539 0 0
1500 88.4173 -50.3417 17.8082 0.446459 -0.79557 467.23 0 0
1500 79.7788 -0.107432 18.2236 0.428114 -0.0638101 463.242 0 0
1500 53.2991 -0.586524 18.1058 -0.104977 -0.0475282 462.601 0 0
1500 68.1421 -29.5203 17.8372 0.118876 -0.4816 469.089 0 0
1500 109.423 -32.0513 17.9535 0.860199 -0.539393 463.488 0 0
1500 102.806 -117.699 17.8193 0.670242 -1.85204 464.481 0 0
1500 67.2246 -24.5957 18.2806 0.160077 -0.439253 463.993 0 0
1500 111.035 -26.6958 17.9009 0.842369 -0.470336 464.66 0 0
1500 96.5486 -22.523 17.9109 0.634969 -0.414619 463.508 0 0
1500 81.7745 -12.0845 17.9073 0.387463 -0.118198 469.921 0 0
1500 68.9382 -29.5186 18.1368 0.186469 -0.524992 464.241 0 0
1500 49.0516 65.6367 17.9469 -0.109727 1.04103 466.763 0 0
1500 36.9029 -72.6819 17.961 -0.368002 -1.22651 462.238 0 0
1500 95.7327 -48.7345 17.8614 0.57973 -0.808065 466.169 0 0
1500 15.2882 -38.2388 17.8657 -0.636945 -0.656754 465.502 0 0
1500 54.1788 -42.0474 17.8743 -0.0465382 -0.72448 464.608 0 0
1500 28.5501 -52.0655 17.8656 -0.411201 -0.818712 469.373 0 0
1500 93.3199 -50.2083 17.8615 0.543603 -0.830503 466.148 0 0
1500 98.6086 -51.7413 17.8586 0.615104 -0.84249 467.022 0 0
1500 89.0397 -54.0062 17.8607 0.478023 -0.885505 466.31 0 0
1500 43.7682 -63.6959 17.8588 -0.199759 -1.02134 466.938 0 0
1500 95.4262 42.8851 17.8377 0.607367 0.744484 463.976 0 0
1500 91.0233 3.74799 18.4449 0.589293 0.130037 466.689 0 0
1500 74.2837 -38.6585 17.8502 0.254891 -0.673772 464.813 0 0
1500 90.3712 -49.4515 17.8414 0.468362 -0.782204 469.629 0 0
1500 80.642 28.0144 17.8686 0.415362 0.393676 466.823 0 0
1500 98.7294 51.623 17.881 0.617513 0.824398 468.667 0 0
1500 34.7865 62.4168 17.8801 -0.320047 0.996191 467.683 0 0
1500 46.728 32.6657 18.2264 -0.189964 0.525795 466.006 0 0
1500 94.8513 54.8546 17.8565 0.526556 0.887879 467.306 0 0
1500 90.7227 25.7232 17.9649 0.472996 0.456453 465.591 0 0
1500 48.7709 -7.58463 18.1008 -0.15581 -0.0560752 465.291 0 0
1500 62.1887 17.9592 18.099 0.0460575 0.302586 473.01 0 0
1500 88.8001 3.42898 18.0055 0.518845 0.0490801 472.35 0 0
1500 99.3996 7.32948 17.9978 0.730776 0.11342 466.055 0 0
1500 61.2134 4.28965 18.0124 0.133244 0.0606465 472.863 0 0
1500 94.5131 19.5274 17.9986 0.656707 0.300146 465.993 0 0
1500 121.156 -13.288 17.9838 1.00822 -0.19126 469.63 0 0
1500 77.3648 -32.6304 17.8733 0.251735 -0.562579 465.215 0 0
1500 69.5079 -48.3936 17.8683 0.119 -0.738351 471.196 0 0
1500 81.0419 -35.8632 17.8709 0.307772 -0.610825 465.409 0 0
1500 -0.367911 -31.8659 17.8535 -0.902913 -0.522117 468.753 0 0
1500 86.1459 39.3321 18.3287 0.522584 0.656636 467.324 0 0
1500 40.4154 -150.901 17.8268 -0.334111 -2.42526 464.455 0 0
1500 2.53113 17.1412 17.8113 -0.872205 0.248516 470.314 0 0
1500 84.9022 -10.1104 18.4014 0.502123 -0.224412 467.2 0 0
1500 21.9762 14.1073 18.0984 -0.576312 0.261875 466.355 0 0
1500 31.3759 -7.76178 18.1041 -0.43547 -0.0726945 465.94 0 0
1500 102.109 -16.2802 17.9673 0.750292 -0.295269 466.542 0 0
1500 108.51 -30.3357 17.959 0.834686 -0.50164 467.579 0 0
1500 120.174 1.78741 17.9573 1.00474 -0.0193829 467.913 0 0
1500 77.0235 0.828723 17.9814 0.374185 -0.0350014 465.425 0 0
1500 85.9387 13.0588 17.9775 0.510311 0.15405 465.698 0 0
1500 111.643 -24.7213 17.9589 0.881539 -0.417283 467.593 0 0
1500 -104.718 -6.12341 17.8495 -2.61397 -0.050523 464.95 0 0
1500 40.1316 -3.14745 18.2977 -0.279183 -0.0833573 466.701 0 0
1500 94.1631 -20.4874 18.1086 0.633521 -0.370407 467.028 0 0
1500 110.412 11.9565 17.8128 0.81012 0.20378 471.477 0 0
1500 101.019 17.0227 17.815 0.728086 0.297575 466.456 0 0
1500 107.133 16.2224 17.8476 0.743913 0.324805 466.865 0 0
1500 39.6062 -13.4183 18.357 -0.289717 -0.194455 467.02 0 0
1500 51.6289 -4.31002 18.1172 -0.0485767 -0.12784 474.829 0 0
1500 80.0729 -37.1461 18.1049 0.347676 -0.587773 473.857 0 0
1500 119.517 4.89225 17.8271 0.938778 0.124068 471.326 0 0
1500 74.3147 60.2694 17.814 0.221726 0.944054 471.279 0 0
1500 68.8676 -8.47935 17.876 0.24479 -0.164082 466.509 0 0
1500 49.7635 -28.959 18.1971 -0.145805 -0.477211 468.182 0 0
1500 103.015 -49.8295 17.8456 0.665146 -0.807078 470.671 0 0
1500 100.876 -51.4462 17.8458 0.632443 -0.829271 470.802 0 0
1500 14.0486 -46.4635 17.8495 -0.633428 -0.744613 471.85 0 0
1500 35.4705 5.47248 17.9093 -0.401517 0.0344509 467.139 0 0
1500 54.9304 -46.4387 17.8973 -0.0971814 -0.762721 468.061 0 0
1500 56.4822 -46.5804 18.1064 -0.00018861 -0.780311 468.914 0 0
1500 66.8163 -0.105437 18.0474 0.168625 0.0637582 475.272 0 0
1500 58.1856 22.8106 18.0442 0.0494846 0.381734 475.041 0 0
1500 108.557 -29.8899 18.0276 0.853003 -0.471358 469.872 0 0
1500 80.7977 6.39976 18.0911 0.442659 0.146253 468.313 0 0
1500 116.079 8.55464 18.0713 0.95028 0.173229 470.594 0 0
1500 74.4161 43.8546 18.08 0.339782 0.709862 469.283 0 0
1500 116.645 2.81734 17.9356 0.963229 0.00658716 469.626 0 0
1500 90.9876 0.972867 18.165 0.565377 0.00941495 475.481 0 0
1500 61.4694 37.5364 17.943 0.0533541 0.653818 468.369 0 0
1500 28.9257 46.9942 17.9323 -0.440808 0.786935 469.403 0 0
1500 81.1602 45.9123 17.9349 0.352552 0.773924 469.114 0 0
1500 35.5889 60.4677 17.9255 -0.333569 0.972996 470.636 0 0
1500 41.1477 29.9488 17.9451 -0.260235 0.538266 468.212 0 0
1500 68.9031 60.4343 17.9275 0.16338 0.979736 470.14 0 0
1500 39.3023 63.5872 17.9244 -0.275852 1.01041 471.235 0 0
1500 56.2331 -24.3257 17.9469 -0.00710015 -0.454599 467.956 0 0
1500 74.1654 -28.8822 18.023 0.266509 -0.46955 475.54 0 0
1500 62.46 -58.1541 18.006 0.111326 -0.94524 470.403 0 0
1500 133.119 -19.2075 18.1754 1.34195 -0.387631 463.437 0 0
1500 70.934 9.92019 18.0147 0.23918 0.228689 468.637 0 0
1500 126.201 82.7618 17.7992 0.970751 1.26806 473.087 0 0
1500 57.1687 -32.7172 17.8384 -0.0906129 -0.523633 468.222 0 0
1500 7.03306 43.7309 17.8164 -0.819962 0.627567 472.25 0 0
1500 116.879 8.6717 17.806 0.917275 0.118563 473.474 0 0
1500 103.576 5.89806 17.8155 0.714639 0.0774081 474.532 0 0
1500 92.8476 58.2881 17.7994 0.590022 0.861537 471.228 0 0
1500 93.9253 -48.124 17.8066 0.585682 -0.69907 473.566 0 0
1500 121.621 -14.6905 17.7994 1.01896 -0.225519 471.204 0 0
1500 82.4637 -63.4738 17.7993 0.434891 -0.95101 471.301 0 0
1500 122.892 -12.6013 17.7992 1.02871 -0.19267 471.803 0 0
1500 90.0797 -3.27045 17.8224 0.518774 -0.0523143 475.114 0 0
1500 40.045 38.2953 18.0275 -0.284058 0.653064 469.761 0 0
1500 84.2612 -10.5273 17.9225 0.472189 -0.218182 468.972 0 0
1500 26.3069 58.5545 17.8267 -0.460129 0.941366 471.993 0 0
1500 33.2306 12.3678 17.8515 -0.376199 0.270261 468.642 0 0
1500 80.3974 36.5344 17.8425 0.355576 0.640284 469.329 0 0
1500 120.375 22.9556 17.9541 1.04638 0.442697 467.035 0 0
1500 62.01 -0.411198 18.2124 0.0472417 -0.0497477 469.888 0 0
1500 72.231 20.4478 18.1864 0.33417 0.342301 470.348 0 0
1500 102.787 22.3649 18.3197 0.800075 0.351926 472.556 0 0
1500 79.1501 -51.0447 17.8659 0.270502 -0.868677 467.011 0 0
1500 101.147 -49.1961 18.2927 0.808062 -0.867786 466.43 0 0
1500 55.9672 5.59038 17.9974 -0.00528257 0.164398 469.704 0 0
1500 84.3416 12.0246 18.1262 0.460791 0.135476 477.741 0 0
1500 79.0803 17.9736 17.9329 0.411952 0.25329 469.985 0 0
1500 68.219 -12.4928 17.8491 0.19495 -0.221135 477.012 0 0
1500 106.614 -1.32395 18.076 0.8242 0.0307038 471.648 0 0
1500 78.7595 57.792 17.8993 0.353021 0.934757 472.293 0 0
1500 122.194 7.94713 17.9071 1.01126 0.142312 474.476 0 0
1500 75.2552 -65.9651 17.8508 0.207987 -1.02682 473.711 0 0
1500 59.0241 -61.9747 17.8541 -0.0320171 -0.988923 472.275 0 0
1500 52.706 -25.6833 18.378 -0.0432988 -0.455473 472.065 0 0
1500 85.8499 0.306871 17.9978 0.446838 -0.0522239 477.806 0 0
1500 80.7503 12.3001 18.0615 0.406795 0.146538 478.173 0 0
1500 3.54978 -18.8217 17.9296 -0.877888 -0.31655 472.242 0 0
1500 49.0381 -36.7308 17.8451 -0.107284 -0.616221 473.465 0 0
1500 2.83823 -23.2318 17.8458 -0.826109 -0.396304 475.821 0 0
1500 66.1397 -3.98859 17.9529 0.142011 -0.140065 470.394 0 0
1500 87.8243 -30.1999 17.8951 0.543314 -0.471847 471.282 0 0
1500 89.118 -34.2134 17.9408 0.542659 -0.578085 471.805 0 0
1500 118.432 13.6821 17.8156 0.938816 0.228224 475.506 0 0
1500 65.0305 -65.0788 17.866 0.144121 -1.0113 475.2 0 0
1500 164.751 78.9838 17.8196 1.67708 1.31631 470.378 0 0
1500 22.6853 -36.7714 18.0719 -0.552267 -0.6136 472.745 0 0
1500 73.9202 -24.8674 18.0853 0.204307 -0.39682 478.842 0 0
1500 51.8645 2.68995 18.0904 -0.113098 -0.0167242 471.314 0 0
1500 93.8348 -6.72754 17.9746 0.581941 -0.0664381 478.127 0 0
1500 87.6307 10.3884 17.9947 0.501397 0.141287 478.39 0 0
1500 122.785 4.29696 17.9718 1.04576 0.0593665 474.694 0 0
1500 56.2892 8.0043 17.8979 0.0318985 0.183133 470.73 0 0
1500 91.1056 -7.71833 18.3595 0.575334 -0.0928278 480.923 0 0
1500 16.3062 48.2282 17.8002 -0.662751 0.738172 476.727 0 0
1500 80.8343 -30.014 18.0221 0.325014 -0.487004 479.039 0 0
1500 112.035 30.2012 17.8278 0.886705 0.513927 472.547 0 0
1500 90.192 -4.79773 18.2292 0.615407 -0.0592918 473.367 0 0
1500 129.553 17.7449 17.9872 1.15706 0.317848 473.767 0 0
1500 113.043 -7.56446 17.9434 0.920076 -0.132105 473.816 0 0
1500 40.324 5.14549 18.1098 -0.312252 0.0953351 472.544 0 0
1500 23.7264 -0.629761 18.0359 -0.598582 -0.0419691 470.416 0 0
1500 48.2797 -9.12232 18.1232 -0.131258 -0.187373 480.516 0 0
1500 49.2962 -6.97494 18.1661 -0.174613 -0.0706912 469.706 0 0
1500 63.7425 57.6014 17.8034 0.0137733 0.909105 473.511 0 0
1500 35.2777 8.75497 17.8206 -0.430646 0.167554 471.986 0 0
1500 63.1153 -12.3457 17.8259 0.00432514 -0.162995 471.648 0 0
1500 12.909 12.7377 17.8113 -0.70975 0.209048 478.334 0 0
1500 43.1443 27.9105 17.8179 -0.306817 0.465458 472.178 0 0
1500 122.821 33.9273 17.8256 0.94749 0.542536 478.845 0 0
1500 109.665 23.6237 17.9949 0.820141 0.36645 478.567 0 0
1500 17.4138 28.7531 18.0469 -0.662753 0.448602 474.208 0 0
1500 40.1847 53.1334 17.959 -0.272517 0.875718 474.582 0 0
1500 79.22 -5.42313 18.11 0.424462 -0.128005 473.548 0 0
1500 106.085 60.9273 17.8738 0.77202 0.927954 476.902 0 0
1500 74.5084 -82.5674 17.8708 0.205498 -1.29947 474.958 0 0
1500 91.9762 -12.9709 18.1704 0.562172 -0.273503 474.323 0 0
1500 56.4618 -10.9685 18.2234 -0.0394576 -0.206101 473.913 0 0
1500 74.9909 -103.449 17.8106 0.22359 -1.63879 474.609 0 0
1500 89.0711 -58.7391 18.2068 0.591625 -0.997143 471.417 0 0
1500 9.58505 -5.81807 17.8413 -0.747824 -0.119895 479.242 0 0
1500 88.9032 -36.8684 17.9656 0.474875 -0.695676 467.886 0 0
1500 99.5677 -33.9402 18.0721 0.68643 -0.595742 474.021 0 0
1500 9.73049 -12.9107 17.8303 -0.706937 -0.251576 479.261 0 0
1500 82.0324 -0.00608279 17.8471 0.387701 -0.0761794 473.448 0 0
1500 127.92 -6.58619 18.2077 1.23475 -0.0788834 471.634 0 0
1500 71.7334 -37.3849 17.901 0.21116 -0.65289 473.995 0 0
1500 2.59708 16.0714 17.8387 -0.912724 0.22299 475.545 0 0
1500 56.0716 5.22401 17.863 -0.104291 0.0602403 473.451 0 0
1500 35.7721 -57.036 17.8369 -0.407436 -0.883127 475.818 0 0
1500 26.2865 -59.5508 17.8327 -0.537464 -0.898785 477.463 0 0
1500 88.7862 -21.6301 18.3189 0.528042 -0.349572 482.322 0 0
1500 70.346 32.7194 18.113 0.205084 0.573639 475.366 0 0
1500 198.37 -86.6056 18.2811 2.67284 -1.57502 464.441 0 0
1500 52.2387 -31.5641 18.0786 -0.0379046 -0.513576 481.012 0 0
1500 109.469 -1.718 17.9808 0.874512 -0.0127797 476.002 0 0
1500 107.18 38.0227 17.8871 0.795843 0.624047 476.977 0 0
1500 78.6636 48.9893 17.9065 0.315901 0.766465 480.802 0 0
1500 102.853 42.3157 17.9748 0.778509 0.645432 476.138 0 0
1500 74.3205 25.0404 18.334 0.252809 0.424865 476.689 0 0
1500 93.3889 26.6624 17.9311 0.528812 0.44347 481.667 0 0
1500 72.7536 -93.3548 17.8698 0.222861 -1.44613 478.703 0 0
1500 65.7697 -9.34646 18.2455 0.138153 -0.194411 483.751 0 0
1500 41.6516 -15.703 17.8193 -0.189903 -0.275323 482.074 0 0
1500 39.1339 -44.2661 17.8052 -0.247632 -0.743065 475.612 0 0
1500 88.593 44.4777 17.959 0.511473 0.828526 470.477 0 0
1500 7.5604 44.8401 17.8358 -0.808003 0.640464 479.165 0 0
1500 52.8382 -3.70926 18.2473 -0.191662 -0.059267 464.788 0 0
1500 44.1942 21.8452 18.0251 -0.255249 0.376791 475.662 0 0
1500 61.7001 38.4581 18.2327 0.063795 0.784253 466.343 0 0
1500 105.484 -35.9644 18.2016 0.891315 -0.727676 466.767 0 0
1500 121.707 -80.341 17.9432 1.07742 -1.3008 474.775 0 0
1500 82.9555 -2.52772 18.3575 0.485879 0.0273197 476.912 0 0
1500 119.01 -8.19015 17.963 0.994368 -0.157726 478.094 0 0
1500 101.211 39.9052 18.0007 0.707842 0.662798 477.927 0 0
1500 50.426 -46.5473 17.9953 -0.158408 -0.751598 476.738 0 0
1500 132.374 17.3759 18.0599 1.26861 0.240195 474.829 0 0
1500 195.357 -107.467 17.935 2.29694 -1.8522 471.939 0 0
1500 81.2227 -30.1175 17.9635 0.364207 -0.540204 476.465 0 0
1500 158.299 39.0853 17.8325 1.53179 0.652251 478.447 0 0
1500 142.69 -79.223 17.8244 1.39086 -1.20636 475.644 0 0
1500 136.236 9.75306 17.9777 1.37024 0.21385 471.794 0 0
1500 163.351 28.7204 17.869 1.64725 0.468859 478.542 0 0
1500 138.035 38.0677 17.8777 1.33633 0.579939 475.598 0 0
1500 28.9468 72.8346 17.9855 -0.478273 1.29181 472.302 0 0
1500 44.8395 -63.8586 17.9111 -0.205572 -0.994826 480.975 0 0
1500 43.7353 -42.1378 17.924 -0.234137 -0.717993 477.286 0 0
1500 112.151 -31.9382 17.95 0.833243 -0.521222 481.525 0 0
1500 113.857 -25.1662 17.9493 0.891729 -0.440453 478.885 0 0
1500 77.8587 18.1457 18.3393 0.413615 0.334236 478.335 0 0
1500 15.4 -3.7918 18.0028 -0.73458 0.0144828 472.163 0 0
1500 76.9109 -0.572233 17.9796 0.323723 -0.0608945 484.192 0 0
1500 63.1413 -19.1223 18.1604 0.140002 -0.367834 477.501 0 0
1500 91.0592 -15.625 18.608 0.563496 -0.306964 465.319 0 0
1500 93.5562 24.8999 17.848 0.502605 0.44561 477.186 0 0
1500 -1.31658 13.4824 17.8362 -0.898478 0.250257 482.008 0 0
1500 15.602 16.1623 17.8467 -0.64399 0.284057 483.178 0 0
1500 42.3946 -43.849 18.0143 -0.254931 -0.73227 478.242 0 0
1500 58.8087 -56.6712 17.9818 0.00364395 -0.931368 478.555 0 0
1500 91.2733 -39.3231 18.025 0.621229 -0.62088 476.729 0 0
1500 5.45256 2.01231 17.8325 -0.877339 0.0131252 478.382 0 0
1500 68.5439 40.1761 17.9717 0.246632 0.653739 478.124 0 0
1500 111.795 37.0861 18.2004 0.952147 0.695212 473.169 0 0
1500 122.19 10.1651 17.8726 1.01881 0.198603 480.783 0 0
1500 32.1714 -100.59 17.7983 -0.461429 -1.53075 480.38 0 0
1500 123.948 12.7161 17.8162 1.01436 0.254501 480.911 0 0
1500 120.632 16.0304 17.8195 0.942471 0.296646 482.525 0 0
1500 105.292 44.1648 17.8167 0.740553 0.725343 480.595 0 0
1500 82.4599 40.3295 17.8315 0.379941 0.635223 484.058 0 0
1500 101.454 -23.4761 18.094 0.697121 -0.373586 484.973 0 0
1500 97.5746 -5.14775 18.0974 0.696717 -0.125998 479.446 0 0
1500 75.2375 -52.207 17.8746 0.30662 -0.789107 483.964 0 0
1500 49.6596 7.01222 18.5049 -0.160764 0.126329 472.587 0 0
1500 72.9887 32.6633 17.9477 0.255212 0.48372 488.422 0 0
1500 94.3649 -11.0964 18.2018 0.666609 -0.202977 480.056 0 0
1500 87.4708 48.548 17.8421 0.469054 0.831172 478.734 0 0
1500 86.8842 30.6036 18.2821 0.510338 0.533616 480.895 0 0
1500 77.8258 -30.307 17.9303 0.293934 -0.506177 484.147 0 0
1500 63.1589 -45.9267 18.1844 0.119336 -0.768145 480.778 0 0
1500 41.4332 -11.2492 17.9616 -0.278958 -0.127205 487.429 0 0
1500 63.4656 1.51924 17.8639 0.0407676 0.0870744 478.451 0 0
1500 75.6928 51.3116 17.8455 0.211347 0.788893 484.831 0 0
1500 8.674 33.6108 17.8402 -0.750866 0.541586 484.184 0 0
1500 16.942 42.8418 17.8378 -0.664105 0.708742 480.815 0 0
1500 95.2987 4.00922 17.999 0.588678 0.13715 480.471 0 0
1500 149.753 31.6236 17.7974 1.43449 0.522252 481.361 0 0
1500 2.3635 -106.922 17.8025 -0.839385 -1.60845 484.2 0 0
1500 65.2995 -64.8449 17.9751 0.103975 -1.03022 482.485 0 0
1500 96.0769 -45.626 17.9201 0.58942 -0.762544 481.346 0 0
1500 110.097 -41.5887 17.9155 0.785958 -0.688881 482.584 0 0
1500 42.5016 -43.9184 17.929 -0.221153 -0.748724 480.291 0 0
1500 55.7325 -23.6752 17.9415 -0.0169683 -0.399844 486.664 0 0
1500 -38.6521 90.0407 17.9351 -1.61246 1.44587 477.752 0 0
1500 22.1593 -53.3491 17.8518 -0.583645 -0.799956 484.189 0 0
1500 25.4502 -51.9592 17.8545 -0.532347 -0.774575 484.655 0 0
1500 66.1838 -18.3296 18.3396 0.194274 -0.354104 481.261 0 0
1500 52.3938 14.389 17.8462 -0.165544 0.239821 479.287 0 0
1500 -1.86795 -17.7148 17.8223 -0.938373 -0.243041 484.528 0 0
1500 123.544 -8.26321 17.8784 1.03866 -0.0764717 482.79 0 0
1500 85.8352 15.6371 18.2511 0.525612 0.372497 470.864 0 0
1500 78.2451 32.4028 18.0024 0.26707 0.537957 480.667 0 0
1500 51.181 40.3312 17.9998 -0.148823 0.657856 480.872 0 0
1500 31.5915 51.6461 17.9885 -0.441425 0.816908 482.027 0 0
1500 27.3804 30.2804 18.105 -0.48168 0.516723 481.456 0 0
1500 22.74 -44.3616 17.9051 -0.601318 -0.667459 481.671 0 0
1500 -7.96748 -10.8326 17.8969 -1.03685 -0.153651 483.63 0 0
1500 70.2426 48.3397 17.9233 0.147252 0.793647 481.402 0 0
1500 14.1736 -43.4999 17.9344 -0.664119 -0.725101 482.483 0 0
1500 29.7399 23.047 17.8972 -0.459198 0.338095 487.22 0 0
1500 5.45541 -15.485 17.8867 -0.811501 -0.205965 486.237 0 0
1500 -14.9513 13.1459 17.9224 -1.22131 0.154664 478.633 0 0
1500 72.0608 -3.09768 18.2821 0.292378 -0.0647213 491.975 0 0
1500 143.932 26.6328 17.902 1.36955 0.495698 479.993 0 0
1500 50.5379 27.1244 17.859 -0.168228 0.478592 480.753 0 0
1500 77.7034 17.1237 17.8344 0.380754 0.305253 479.512 0 0
1500 121.949 -0.489306 17.9734 1.02873 0.0359679 484.122 0 0
1500 20.4261 -5.25775 17.8909 -0.655765 -0.0736974 481.047 0 0
1500 50.0176 14.3649 17.9339 -0.189282 0.239309 481.047 0 0
1500 39.2351 -32.7132 17.9263 -0.354333 -0.490007 481.574 0 0
1500 33.5082 5.05553 17.9308 -0.444998 0.0939897 481.256 0 0
1500 43.0865 35.6472 17.9527 -0.190854 0.622052 481.818 0 0
1500 100.046 16.6041 17.951 0.627316 0.300711 487.901 0 0
1500 48.0855 55.7954 17.9408 -0.111856 0.915573 483 0 0
1500 70.1299 8.22996 17.9624 0.203578 0.18052 488.81 0 0
1500 64.8714 35.7889 17.955 0.131518 0.568017 488.246 0 0
1500 79.4518 64.268 18.0833 0.399173 1.15627 476.74 0 0
1500 83.4471 -35.6208 18.2337 0.464831 -0.639846 480.429 0 0
1500 87.7874 -6.97608 18.1637 0.574872 -0.191438 475.956 0 0
1500 24.7287 -1.67933 18.1251 -0.541706 0.0042206 482.775 0 0
1500 70.9289 17.6714 17.9368 0.292918 0.28762 480.696 0 0
1500 64.6441 -42.3025 17.9334 0.0886102 -0.721628 482.682 0 0
1500 32.4235 -61.4587 17.8635 -0.422036 -0.954677 485.813 0 0
1500 41.5642 48.3659 17.8858 -0.25083 0.753893 488.176 0 0
1500 94.0994 34.8556 17.9839 0.532676 0.606848 481.617 0 0
1500 101.913 -2.47444 18.2209 0.826994 0.0403865 473.651 0 0
1500 68.0231 -66.0212 17.7907 0.108422 -1.03844 486.124 0 0
1500 27.6935 -51.4101 17.7967 -0.476065 -0.805642 487.583 0 0
1500 3.22451 26.3124 17.7967 -0.874515 0.333619 484.002 0 0
1500 -1.88548 8.3711 17.7985 -0.899925 0.0571678 487.825 0 0
1500 48.8261 43.945 17.9282 -0.167159 0.739767 483.554 0 0
1500 33.5989 31.6475 17.9334 -0.367068 0.505132 489.511 0 0
1500 30.8618 39.0271 17.9266 -0.441505 0.662823 483.708 0 0
1500 109.41 -40.2649 17.8577 0.821178 -0.618644 486.829 0 0
1500 107.389 9.13757 17.8677 0.829624 0.107628 483.697 0 0
1500 -28.7353 -13.1376 17.947 -1.49361 -0.142294 477.736 0 0
1500 42.8733 -37.7374 17.8783 -0.251541 -0.695643 480.047 0 0
1500 100.095 -38.8165 17.9311 0.712615 -0.625453 484.987 0 0
1500 116.627 -26.6988 17.9272 0.925454 -0.425848 487.604 0 0
1500 116.196 -25.9095 17.9279 0.916669 -0.413258 487.794 0 0
1500 82.0618 0.593275 17.9504 0.452986 -0.0318483 483.173 0 0
1500 81.4588 -9.99748 17.9508 0.399084 -0.176406 490.371 0 0
1500 72.8885 8.54012 17.9959 0.27717 0.163908 490.711 0 0
1500 72.7695 52.0997 17.9603 0.177574 0.8728 481.479 0 0
1500 107.943 37.2201 17.8722 0.80597 0.612322 485.707 0 0
1500 119.865 10.2918 17.8725 0.985555 0.208987 485.644 0 0
1500 81.0174 -51.7291 17.9474 0.360829 -0.805767 489.185 0 0
1500 112.814 -36.3112 17.9389 0.845341 -0.608827 486.567 0 0
1500 111.676 -37.8864 17.9389 0.8284 -0.632063 486.575 0 0
1500 119.726 -7.77018 17.9166 1.02771 -0.188334 482.245 0 0
1500 70.8672 64.7016 17.9958 0.276439 1.08864 481.784 0 0
1500 118.918 5.10727 17.8631 0.954987 0.0743337 488.506 0 0
1500 76.2422 45.5 17.8714 0.361511 0.699251 484.297 0 0
1500 71.2622 -6.4856 17.9307 0.166254 -0.159825 483.344 0 0
1500 90.0169 53.223 18.0478 0.508456 0.865269 486.575 0 0
1500 82.1388 -61.5601 17.9536 0.427286 -1.05314 482.322 0 0
1500 53.0456 65.7002 17.947 -0.0532657 1.04367 487.306 0 0
1500 40.4152 37.0051 18.141 -0.290872 0.604161 485.305 0 0
1500 81.4282 25.1755 18.0188 0.361533 0.493339 479.804 0 0
1500 54.1716 -58.1416 17.8488 -0.053064 -0.906379 489.55 0 0
1500 34.7538 -32.274 17.8612 -0.325861 -0.525479 490.82 0 0
1500 25.9352 -58.4515 17.8412 -0.470656 -0.935201 487.734 0 0
1500 57.6115 -8.74422 18.4076 -0.0457717 -0.128736 477.294 0 0
1500 90.9897 -24.6513 17.9335 0.550656 -0.449122 485.119 0 0
1500 52.0762 21.7741 18.0596 -0.077374 0.3676 492.254 0 0
1500 71.2795 3.26111 18.0619 0.210741 0.124156 484.687 0 0
1500 112.86 16.0301 18.0025 0.859636 0.269845 490.365 0 0
1500 114.985 6.21025 18.0978 0.989795 0.156609 483.386 0 0
1500 89.5114 33.6193 18.2474 0.562369 0.571377 487.122 0 0
1500 47.4978 24.6571 18.0538 -0.150188 0.45501 485.44 0 0
1500 106.448 -24.1499 17.9907 0.751202 -0.397376 491.221 0 0
1500 104.068 -36.5754 17.8378 0.692139 -0.63089 486.583 0 0
1500 90.9421 41.6445 17.8291 0.527819 0.635711 490.857 0 0
1500 117.421 20.8551 17.8212 0.920148 0.34428 489.768 0 0
1500 79.9641 62.9889 17.8179 0.382133 0.968384 488.835 0 0
1500 40.9983 57.9961 17.8232 -0.196946 0.924408 486.67 0 0
1500 115.314 0.990167 17.9216 0.912393 -0.0537117 486.936 0 0
1500 45.7242 -29.3125 17.9382 -0.13095 -0.473217 492.457 0 0
1500 82.1109 -10.8954 17.9384 0.418997 -0.239283 485.418 0 0
1500 46.7758 -32.5257 18.1546 -0.251073 -0.547868 480.241 0 0
1500 103.391 -40.7313 17.8503 0.68182 -0.654417 490.439 0 0
1500 75.4756 -54.4614 17.9017 0.286924 -0.897918 487.339 0 0
1500 67.4249 66.2752 17.811 0.210425 1.04671 486.869 0 0
1500 41.684 -22.615 18.166 -0.273265 -0.41722 484.712 0 0
1500 88.8846 -46.1948 17.9137 0.576463 -0.778618 483.693 0 0
1500 107.345 56.6782 17.9821 0.869301 1.00218 482.505 0 0
1500 44.9 12.9811 18.3131 -0.260764 0.201922 481.139 0 0
1500 69.2004 -42.8355 17.8293 0.128489 -0.725331 487.003 0 0
1500 13.348 -36.2938 17.822 -0.682529 -0.580745 491.866 0 0
1500 2.09814 -35.5178 17.8138 -0.868342 -0.585975 489.92 0 0
1500 26.7648 -45.5687 17.8209 -0.519582 -0.757246 487.883 0 0
1500 65.031 60.2019 17.8622 0.125886 0.962566 489.837 0 0
1500 110.679 -14.7769 18.1494 0.90363 -0.218366 489.475 0 0
1500 70.0534 30.5357 17.9567 0.16706 0.503469 492.678 0 0
1500 75.8925 27.8591 17.9625 0.254553 0.545088 481.44 0 0
1500 48.8593 65.6287 17.8794 -0.141006 1.03698 490.801 0 0
1500 47.2686 -0.139795 18.189 -0.258081 0.00677697 480.086 0 0
1500 69.0444 25.2762 18.0328 0.235094 0.455582 487.873 0 0
1500 113.784 -40.9881 17.9188 0.97163 -0.626709 485.756 0 0
1500 51.0038 -43.8948 17.9273 -0.0402494 -0.73356 487.622 0 0
1500 14.6729 6.11051 17.8572 -0.731513 0.0544819 488.352 0 0
1500 33.4764 -60.7616 17.8436 -0.417052 -0.922028 492.177 0 0
1500 5.39518 -38.818 17.8417 -0.843176 -0.61524 490.765 0 0
1500 13.6496 -34.3908 17.8509 -0.693608 -0.528938 493.373 0 0
1500 34.3014 -61.8579 17.8727 -0.357354 -0.97816 491.868 0 0
1500 78.3803 70.0456 17.9678 0.389458 1.24647 483.255 0 0
1500 56.6478 51.5472 18.1275 0.00535868 0.985488 481.081 0 0
1500 112.925 2.43504 17.8369 0.845113 -0.00408601 494.156 0 0
1500 89.1725 47.8924 17.8385 0.485329 0.74801 494.016 0 0
1500 57.676 65.57 17.8304 0.0349221 1.04023 491.422 0 0
1500 84.2921 52.7388 17.8346 0.438186 0.862489 490.38 0 0
1500 119.471 -4.0823 17.8316 0.922958 -0.12025 493.738 0 0
1500 100.546 8.07733 17.9147 0.68734 0.197673 489.334 0 0
1500 82.7676 34.7384 17.9164 0.379166 0.556702 495.292 0 0
1500 104.755 -50.4431 17.9177 0.829545 -0.81056 487.289 0 0
1500 56.0271 52.3902 17.9275 -0.06234 0.869107 489.578 0 0
1500 96.1454 30.4704 17.9991 0.658305 0.492316 491.491 0 0
1500 100.066 -12.9281 18.0026 0.722841 -0.157867 490.944 0 0
1500 110.441 -10.5413 17.9967 0.864717 -0.119873 492.058 0 0
1500 119.957 -73.8383 17.9209 1.02938 -1.22234 488.496 0 0
1500 54.7837 25.2469 17.9072 0.0129619 0.400734 496.455 0 0
1500 183.175 13.446 17.9256 2.0571 0.179502 488.561 0 0
1500 37.0917 -62.3872 17.8421 -0.296323 -0.984463 493.739 0 0
1500 80.9464 1.71537 17.8402 0.397609 -0.0402093 489.639 0 0
1500 92.126 -16.4539 17.8328 0.567625 -0.321549 490.174 0 0
1500 108.03 -13.3204 17.8245 0.804848 -0.269843 490.922 0 0
1500 124.255 -1.3982 17.8149 1.02836 -0.0850557 492.516 0 0
1500 84.0807 29.7796 17.9862 0.499146 0.453264 490.63 0 0
1500 103.534 46.021 18.1212 0.841633 0.823537 486.026 0 0
1500 52.892 -66.5368 17.8807 -0.119525 -1.02112 494.727 0 0
1500 -5.69501 -20.9306 17.8795 -0.984494 -0.359932 493.988 0 0
1500 106.983 31.4802 17.8805 0.838014 0.510898 490.794 0 0
1500 93.5026 8.88293 18.2087 0.580599 0.175985 498.597 0 0
1500 84.9673 31.2 18.2041 0.505184 0.529449 492.492 0 0
1500 15.226 9.69708 17.8554 -0.708662 0.176427 492.953 0 0
1500 42.428 48.3667 17.8524 -0.294175 0.745427 494.108 0 0
1500 9.63056 1.71506 17.853 -0.785012 0.0557438 493.618 0 0
1500 37.6446 42.4835 17.8541 -0.369562 0.666753 493.261 0 0
1500 103.073 30.7408 18.1061 0.762019 0.516315 493.264 0 0
1500 39.3263 27.6357 17.8858 -0.314993 0.499121 491.573 0 0
1500 -35.5934 50.101 17.8206 -1.46825 0.85998 491.29 0 0
1500 100.978 26.5273 18.0034 0.706762 0.529259 486.585 0 0
1500 19.1346 51.774 17.8722 -0.648794 0.811616 493.803 0 0
1500 97.7087 33.2358 17.943 0.645739 0.484188 498.076 0 0
1500 105.369 41.0469 18.0151 0.870621 0.707566 488.209 0 0
1500 53.2532 55.5564 17.8929 -0.102559 0.929144 492.733 0 0
1500 9.6181 -44.1487 17.806 -0.796013 -0.673806 495.558 0 0
1500 20.5131 -45.4175 17.8135 -0.611532 -0.668508 497.988 0 0
1500 14.4562 -31.5369 17.8141 -0.742104 -0.498087 493.914 0 0
1500 80.8578 -1.82076 17.9031 0.431045 0.00970944 493.741 0 0
1500 47.6816 -45.4806 17.9274 -0.169376 -0.70335 500.677 0 0
1500 52.524 -36.1019 17.9327 -0.100373 -0.567258 501.141 0 0
1500 71.3038 55.0476 17.9288 0.274232 0.879468 496.165 0 0
1500 87.1447 16.0945 17.9684 0.484735 0.193557 502.027 0 0
1500 103.887 30.5294 18.1459 0.794893 0.598009 490.056 0 0
1500 -5.04219 6.17995 17.8299 -1.00231 0.142928 497.294 0 0
1500 17.1823 14.3433 17.9445 -0.688833 0.221034 496.243 0 0
1500 12.6054 -25.1726 17.8087 -0.670921 -0.457588 496.328 0 0
1500 89.0641 16.7539 17.9039 0.564677 0.271613 497.491 0 0
1500 155.235 -11.83 17.9201 1.60909 -0.149934 496.319 0 0
1500 68.8657 -12.2309 18.0776 0.188518 -0.265347 497.937 0 0
1500 101.585 28.9389 17.9285 0.660989 0.515677 498.992 0 0
1500 197.746 14.7937 17.9933 2.3536 0.198637 494.966 0 0
1500 68.5714 99.6581 17.9347 0.227473 1.69372 494.599 0 0
1500 109.921 81.0667 17.8243 0.843073 1.24715 500.868 0 0
1500 123.259 23.3105 17.7915 0.954228 0.416792 502.238 0 0
1500 32.7175 57.0265 17.7933 -0.387441 0.933864 500.736 0 0
1500 24.0036 -43.4979 18.0023 -0.532009 -0.720391 500.758 0 0
1500 22.6431 -45.1031 17.8288 -0.605703 -0.772331 499.354 0 0
1500 121.337 -20.0942 17.8025 0.994058 -0.269243 504.465 0 0
1500 23.7263 13.3471 17.8187 -0.529128 0.244859 507.469 0 0
1500 114.353 31.0225 17.8467 0.919522 0.46481 503.873 0 0
1500 70.4942 47.416 17.8079 0.158177 0.801309 502.615 0 0
1500 12.875 1.86355 18.0426 -0.735804 0.00265329 505.689 0 0
1500 44.3117 84.3758 17.8711 -0.291576 1.37691 503.681 0 0
1500 71.9902 53.1095 17.8822 0.215738 0.882743 507.714 0 0
1500 9.88207 46.444 17.8749 -0.710974 0.763364 509.276 0 0
1500 39.4599 3.54691 17.9025 -0.286006 0.133266 505.982 0 0
1500 38.7614 16.1372 17.8998 -0.296087 0.328806 506.159 0 0
1500 65.5182 57.3266 17.8371 0.0673209 0.880345 512.988 0 0
1500 47.7216 55.7363 17.8766 -0.137114 0.868176 513.374 0 0
1500 120.161 21.0405 17.9114 0.983746 0.282313 513.657 0 0
1500 67.2164 37.9839 18.0813 0.104432 0.665745 506.075 0 0
1500 48.9796 56.2396 17.8498 -0.171013 0.861567 516.866 0 0
1500 109.877 -21.038 17.8126 0.854634 -0.281436 514.206 0 0
1500 95.1784 -23.9576 17.8549 0.532458 -0.43377 514.168 0 0
1500 79.4369 -64.3747 17.8374 0.276124 -1.01081 517.219 0 0
1500 23.4668 0.198701 17.8586 -0.578555 -0.0606645 513.878 0 0
1500 45.3235 -60.1415 17.9033 -0.172922 -0.995377 516.673 0 0
1500 27.8049 51.349 17.9033 -0.425893 0.848446 517.914 0 0
1500 55.6293 11.5407 17.927 -0.00513197 0.227644 523.57 0 0
1500 89.6721 39.9482 17.9137 0.594583 0.631107 513.49 0 0
1500 90.456 -24.8682 17.8558 0.486528 -0.452421 518.547 0 0
1500 107.516 0.610333 17.8522 0.793341 -0.0203083 522.854 0 0
1500 57.4618 -18.5606 17.8669 0.0660782 -0.316914 519.24 0 0
1500 101.64 29.2692 17.8511 0.712993 0.40115 522.332 0 0
1500 150.32 24.7614 17.8047 1.42731 0.388889 526.711 0 0
1500 -37.6482 -63.1915 17.8162 -1.48826 -1.04441 527.279 0 0
