Total number of secondary electrons: 2084
1500 87.1078 -6.5059 15.4476 0.653438 -0.098732 280.213 0 0
1500 95.1771 -5.85343 15.2562 0.61097 -0.127913 298.867 0 0
1500 96.0009 10.406 15.198 0.597865 0.181485 299.833 0 0
1500 86.7579 13.7036 15.2113 0.494901 0.209936 306.433 0 0
1500 85.9872 -15.7159 16.1271 0.54031 -0.227714 307.214 0 0
1500 87.836 19.6065 15.4836 0.470249 0.260134 308.169 0 0
1500 102.666 -5.60215 16.1327 0.784395 -0.073281 309.928 0 0
1500 110.151 -11.2499 15.9838 0.91979 -0.202852 315.171 0 0
1500 62.573 -8.31455 15.0259 0.121385 -0.151933 318.56 0 0
1500 70.9379 -27.2951 15.0254 0.215829 -0.366823 318.981 0 0
1500 76.815 8.43987 15.6501 0.342971 0.146308 322.399 0 0
1500 86.5772 -4.9432 16.2275 0.547169 -0.0434071 326.288 0 0
1500 23.4736 48.4932 14.8228 -0.371416 0.614699 327.147 0 0
1500 31.9758 66.0383 14.8275 -0.269801 0.809997 328.053 0 0
1500 118.032 -54.5107 14.9619 0.842997 -0.763604 329.335 0 0
1500 42.5509 16.2254 15.0427 -0.166813 0.24664 330.334 0 0
1500 110.618 6.14674 15.8441 0.891273 0.188898 330.479 0 0
1500 70.5165 -17.8891 15.3294 0.185394 -0.228378 331.159 0 0
1500 173.739 -15.4861 15.6869 1.90954 -0.282408 331.474 0 0
1500 62.0094 51.23 15.6599 0.115857 0.802823 332.392 0 0
1500 72.7019 -53.3189 15.1669 0.233933 -0.80746 334.609 0 0
1500 53.7009 2.56844 15.6785 -0.0126844 0.0336858 335.005 0 0
1500 63.6553 -12.3158 15.8777 0.147107 -0.185714 335.673 0 0
1500 58.9514 9.14007 15.9284 0.0805137 0.115891 335.704 0 0
1500 69.7776 -2.60737 16.3379 0.288702 -0.0691407 335.812 0 0
1500 86.9051 -7.79035 16.6232 0.527272 -0.133308 336.108 0 0
1500 76.4988 -11.3141 16.6491 0.403456 -0.167507 336.367 0 0
1500 34.8196 26.7763 15.4047 -0.339662 0.396957 336.362 0 0
1500 139.206 -28.3746 15.0455 1.10991 -0.346021 336.462 0 0
1500 74.6968 5.75686 15.7488 0.349429 0.0881617 336.595 0 0
1500 85.5388 11.5436 15.2835 0.354715 0.133603 336.711 0 0
1500 38.9027 -20.2657 15.0887 -0.287476 -0.298046 336.972 0 0
1500 104.497 -23.6696 15.7415 0.757586 -0.401936 337.351 0 0
1500 118.395 15.7612 16.4369 1.07644 0.235119 337.885 0 0
1500 84.721 -11.2797 16.8891 0.52761 -0.168384 339.234 0 0
1500 90.4971 -17.2891 16.4757 0.586353 -0.253054 339.499 0 0
1500 122.697 -7.6869 16.0801 1.05902 -0.0989328 339.757 0 0
1500 90.0584 -5.37975 16.1152 0.555294 -0.0453249 340.297 0 0
1500 65.1797 22.9013 15.4447 0.0873981 0.289873 340.615 0 0
1500 80.6702 1.23536 16.284 0.379959 -0.00153179 340.841 0 0
1500 123.889 55.1061 16.0138 1.09882 0.92102 341.246 0 0
1500 96.4748 0.275059 16.0911 0.629887 0.0117492 341.437 0 0
1500 57.1305 -12.8309 15.6191 -0.0291976 -0.174273 343.226 0 0
1500 71.563 -1.49641 15.5212 0.227976 0.0417341 343.547 0 0
1500 83.1106 16.7092 16.6374 0.45946 0.252187 344.052 0 0
1500 77.3321 -9.20949 15.4471 0.224473 -0.165396 344.082 0 0
1500 87.4939 -8.38364 15.6708 0.474173 -0.0866014 344.072 0 0
1500 76.3775 9.14354 15.7952 0.29748 0.182872 344.283 0 0
1500 87.0746 15.0525 16.0775 0.497787 0.221265 344.375 0 0
1500 83.2205 9.36348 16.5254 0.501154 0.136591 344.616 0 0
1500 65.263 -2.35419 16.3456 0.213184 -0.0527943 344.651 0 0
1500 103.667 8.69995 15.7173 0.671934 0.127375 344.765 0 0
1500 34.9453 -49.3133 15.7486 -0.325083 -0.688708 345.069 0 0
1500 101.101 -5.84555 16.1205 0.676421 -0.074043 345.211 0 0
1500 69.4072 20.9014 15.7708 0.228877 0.302834 346.653 0 0
1500 51.3759 17.1921 15.9586 -0.0762902 0.314829 346.817 0 0
1500 103.808 -13.1748 16.0595 0.691519 -0.15121 346.998 0 0
1500 78.0683 -51.3415 15.9303 0.274392 -0.753401 346.997 0 0
1500 29.6251 -4.39594 15.9193 -0.4521 -0.0174978 347.087 0 0
1500 86.0207 3.14576 15.9906 0.457097 0.0764349 347.373 0 0
1500 96.8749 6.26051 16.7004 0.64294 0.110082 347.376 0 0
1500 77.3971 -6.76652 16.4015 0.337014 -0.0527336 347.729 0 0
1500 72.0472 -5.94208 16.5981 0.312009 -0.131016 347.98 0 0
1500 89.4161 7.53039 17.3012 0.593652 0.130248 348.232 0 0
1500 77.1595 33.0307 15.8158 0.275901 0.492807 348.739 0 0
1500 57.7895 16.505 16.5076 0.039278 0.227017 349.455 0 0
1500 72.056 -37.1531 16.1754 0.191135 -0.525095 350.036 0 0
1500 94.2536 11.9538 16.1531 0.536826 0.211382 350.319 0 0
1500 69.9271 244.458 15.951 0.149213 3.53082 350.592 0 0
1500 98.7996 2.96092 17.1449 0.69946 0.0653418 350.607 0 0
1500 139.541 -26.8085 16.0188 1.14817 -0.366003 350.731 0 0
1500 59.2868 -3.94533 16.8218 0.0814188 -0.0289127 351.354 0 0
1500 106.801 -7.56803 16.3924 0.76076 -0.174235 351.475 0 0
1500 82.5824 -1.9612 16.5535 0.430071 -0.0746381 351.869 0 0
1500 80.1489 10.7016 17.2735 0.425559 0.131335 351.977 0 0
1500 74.3154 -0.0159652 17.2239 0.364582 0.00065605 351.994 0 0
1500 75.3242 4.78656 17.0815 0.349838 0.117469 352.038 0 0
1500 86.8816 -7.0846 17.0169 0.54094 -0.121269 352.294 0 0
1500 105.308 39.84 15.9782 0.675345 0.532098 352.325 0 0
1500 35.8679 -19.2097 16.101 -0.269358 -0.318154 352.522 0 0
1500 90.7048 -11.1574 17.0301 0.577608 -0.177158 352.83 0 0
1500 32.3958 -30.0793 16.1191 -0.313593 -0.459014 352.867 0 0
1500 78.7274 -52.0885 16.2942 0.333442 -0.76911 352.867 0 0
1500 126.384 2.24776 16.0169 0.939028 0.0470631 352.988 0 0
1500 96.2036 -13.9689 16.3075 0.601866 -0.193227 353.085 0 0
1500 97.1831 60.9072 16.0382 0.563189 0.793254 353.346 0 0
1500 81.2491 15.2159 16.96 0.371423 0.236565 353.611 0 0
1500 83.1347 8.84807 16.7249 0.468675 0.144341 353.894 0 0
1500 116.435 -16.7163 16.3444 0.842137 -0.271132 353.9 0 0
1500 105.427 59.8711 16.0799 0.662253 0.773266 354.038 0 0
1500 108.227 -17.1187 17.2749 0.967404 -0.272563 354.128 0 0
1500 126.563 -36.5236 16.0911 0.926709 -0.441572 354.222 0 0
1500 88.1653 32.1284 16.2409 0.377729 0.476011 354.434 0 0
1500 84.5243 -0.269433 16.4402 0.399985 -0.0680836 354.895 0 0
1500 327.286 36.7223 16.1506 3.75889 0.525476 354.955 0 0
1500 65.9913 41.2853 16.4044 0.146666 0.601648 354.973 0 0
1500 26.8783 -3.87361 16.4182 -0.467978 -0.0303692 355.002 0 0
1500 81.1481 22.1479 16.9759 0.399553 0.334819 355.109 0 0
1500 102.043 27.1305 18.097 0.969214 0.485807 355.474 0 0
1500 83.3967 42.4512 16.2451 0.406007 0.586629 355.589 0 0
1500 56.7361 18.9238 16.6182 -0.0280933 0.296131 355.765 0 0
1500 105.184 12.5596 17.0351 0.835046 0.251435 355.854 0 0
1500 72.1902 7.01618 16.8057 0.251885 0.125522 355.981 0 0
1500 86.3533 -35.2144 16.4576 0.373759 -0.58044 355.987 0 0
1500 17.1143 30.5077 16.5086 -0.596823 0.530254 356.088 0 0
1500 94.0673 -18.1878 16.3075 0.555384 -0.229784 357.2 0 0
1500 26.2762 2.06887 16.4875 -0.444547 0.0761211 357.406 0 0
1500 121.799 -24.3709 16.536 0.969698 -0.374847 357.549 0 0
1500 46.6478 14.5865 16.5367 -0.186329 0.212841 357.63 0 0
1500 90.0771 28.5933 16.9508 0.533578 0.414661 357.78 0 0
1500 81.4466 -60.1335 16.5936 0.424851 -0.913813 357.789 0 0
1500 103.422 29.4128 17.2312 0.845459 0.544811 357.923 0 0
1500 83.1554 21.687 16.6812 0.352249 0.346469 358.049 0 0
1500 52.7054 12.6954 16.727 -0.0408664 0.192069 358.074 0 0
1500 97.0742 21.8482 16.5248 0.553438 0.366697 358.064 0 0
1500 11.3039 -91.4093 16.3632 -0.661907 -1.32649 358.337 0 0
1500 73.9344 3.6886 16.4573 0.207895 0.0990634 358.398 0 0
1500 77.2611 21.8979 18.1757 0.500543 0.474946 358.369 0 0
1500 47.4178 -18.9075 16.3857 -0.169717 -0.320399 358.524 0 0
1500 89.633 9.50122 17.637 0.571731 0.173467 358.786 0 0
1500 44.2499 10.2319 16.7221 -0.193728 0.107483 358.999 0 0
1500 98.9041 24.2172 18.0559 0.810311 0.463917 359.109 0 0
1500 126.052 -11.5747 16.4055 0.95899 -0.136815 359.309 0 0
1500 14.8295 -17.7479 16.4196 -0.60794 -0.301156 359.352 0 0
1500 60.831 57.5294 16.4711 -0.0129678 0.792625 359.373 0 0
1500 101.795 -22.2429 16.6478 0.638345 -0.35521 359.423 0 0
1500 67.6604 -15.9305 16.7113 0.213179 -0.299175 359.452 0 0
1500 61.0539 -22.803 16.7978 0.0452159 -0.304886 359.558 0 0
1500 83.739 -59.9259 16.4578 0.336745 -0.856758 359.903 0 0
1500 43.0544 43.8402 16.7029 -0.212936 0.627345 360.191 0 0
1500 71.9622 11.2362 17.7252 0.313709 0.18878 360.592 0 0
1500 -14.2553 -30.8644 16.4729 -0.982244 -0.36532 361.078 0 0
1500 148.298 15.3403 16.9883 1.56063 0.296123 361.272 0 0
1500 71.3654 1.60027 17.6067 0.310012 -0.0204737 361.734 0 0
1500 151.446 0.727035 16.6221 1.38436 0.00051184 361.868 0 0
1500 103.814 -27.9936 16.5648 0.601915 -0.367996 362.128 0 0
1500 81.6367 3.73553 17.1318 0.456182 0.0411145 362.149 0 0
1500 5.43262 -24.0609 16.569 -0.761733 -0.351011 362.164 0 0
1500 97.8202 -2.87877 16.8925 0.627939 0.0040324 362.377 0 0
1500 103.375 -19.8393 17.1255 0.729914 -0.270379 362.47 0 0
1500 90.1243 -5.77453 16.7434 0.501331 -0.0256174 362.549 0 0
1500 70.9053 12.8724 17.716 0.289508 0.167319 362.659 0 0
1500 34.8918 -48.4316 16.8098 -0.311187 -0.762278 362.721 0 0
1500 32.0381 70.6035 16.5612 -0.328847 1.02951 362.808 0 0
1500 22.2116 -89.4489 16.7098 -0.541991 -1.31652 362.857 0 0
1500 61.2979 16.1553 17.1582 0.103926 0.278863 363.06 0 0
1500 -13.5947 14.0398 16.5821 -0.949359 0.205288 363.083 0 0
1500 15.8099 -53.7131 16.6096 -0.614639 -0.739352 363.119 0 0
1500 48.2974 34.6535 17.302 -0.0908073 0.612396 363.216 0 0
1500 95.7927 -1.90948 16.8784 0.604461 -0.0533145 363.377 0 0
1500 106.904 14.6673 16.8134 0.690065 0.262308 363.403 0 0
1500 88.879 52.4641 16.9636 0.471634 0.833417 363.45 0 0
1500 82.2609 -15.7919 17.1895 0.409701 -0.273489 363.586 0 0
1500 108.674 30.7156 16.941 0.760342 0.444654 363.588 0 0
1500 137.632 -41.3034 16.6247 1.16879 -0.563991 363.653 0 0
1500 65.891 7.63403 18.2398 0.195298 0.0691037 364.085 0 0
1500 99.597 1.5271 18.2395 0.767014 -0.00205316 364.576 0 0
1500 31.8163 36.5223 16.7108 -0.408309 0.593458 364.621 0 0
1500 122.431 -17.2373 16.9202 1.00973 -0.205092 364.659 0 0
1500 75.2645 47.6104 16.9984 0.230359 0.743235 364.664 0 0
1500 94.963 -76.0158 16.6664 0.567198 -1.06989 364.817 0 0
1500 83.872 10.3446 17.5299 0.428395 0.156504 364.875 0 0
1500 95.1407 -11.3872 16.8696 0.591075 -0.106154 365.171 0 0
1500 82.4851 -45.2495 16.6984 0.283299 -0.662322 365.539 0 0
1500 106.938 27.1913 17.1216 0.74003 0.404959 365.926 0 0
1500 99.5585 -16.1064 17.7906 0.77309 -0.321965 366.071 0 0
1500 92.2394 -11.5611 17.9779 0.611685 -0.206705 366.369 0 0
1500 77.6773 28.5662 17.4087 0.376202 0.432552 366.671 0 0
1500 14.1359 -44.0857 16.8166 -0.618327 -0.641415 366.801 0 0
1500 49.0377 98.1555 16.7768 -0.191143 1.36209 366.946 0 0
1500 86.0193 -51.0181 16.9709 0.386879 -0.778195 366.952 0 0
1500 101.44 -7.65461 18.3929 0.8241 -0.167011 367.056 0 0
1500 110.681 -44.623 16.8422 0.765108 -0.6141 367.229 0 0
1500 101.864 32.3497 17.5237 0.79699 0.505268 367.298 0 0
1500 -5.54615 -31.0228 16.7764 -0.887731 -0.456995 367.512 0 0
1500 93.545 6.11173 17.4593 0.623046 0.0937079 367.615 0 0
1500 51.9723 -24.4304 16.8481 -0.0954987 -0.351605 367.734 0 0
1500 82.8375 57.5063 16.782 0.370282 0.82318 367.674 0 0
1500 99.1636 -0.505786 17.2263 0.595605 -0.025583 368.063 0 0
1500 50.008 8.9878 17.2807 -0.0868923 0.143151 368.057 0 0
1500 34.965 72.5123 16.8478 -0.279768 0.989183 368.259 0 0
1500 71.9055 -10.0074 17.0667 0.26358 -0.197949 368.416 0 0
1500 144.901 -7.27716 17.1262 1.35184 -0.111025 368.519 0 0
1500 88.6991 -1.73431 17.0476 0.508556 -0.014283 368.555 0 0
1500 71.9384 5.85384 17.1136 0.247889 0.0992717 368.777 0 0
1500 77.5526 -54.1022 16.9262 0.238603 -0.840519 368.913 0 0
1500 79.9951 -9.90438 17.3224 0.372721 -0.12214 368.943 0 0
1500 121.422 -19.0149 16.833 0.908448 -0.261244 369.019 0 0
1500 75.5683 9.55513 16.9893 0.321098 0.115653 369.121 0 0
1500 29.4658 20.0026 17.0849 -0.425068 0.28456 369.285 0 0
1500 139.1 14.0409 17.0875 1.3304 0.215076 369.386 0 0
1500 86.1612 13.7557 17.1796 0.407305 0.251659 369.431 0 0
1500 45.7516 3.06166 17.1539 -0.170945 0.00921354 369.676 0 0
1500 97.0005 -7.74878 17.0098 0.608735 -0.11979 369.753 0 0
1500 97.5197 -1.03874 17.0094 0.615872 -0.0288798 369.741 0 0
1500 82.7321 13.5551 17.8436 0.501149 0.267969 369.789 0 0
1500 22.2909 34.0087 17.1044 -0.518009 0.470258 369.869 0 0
1500 34.1239 21.1022 16.9466 -0.282439 0.318444 370.075 0 0
1500 74.9117 -6.4823 17.0699 0.253398 -0.0254342 370.086 0 0
1500 67.1253 47.8071 17.0044 0.0903986 0.696805 370.119 0 0
1500 97.546 -35.3024 17.0317 0.610819 -0.48887 370.395 0 0
1500 82.7599 56.608 16.9597 0.404143 0.797971 370.433 0 0
1500 89.6005 36.2357 17.0882 0.422113 0.581392 370.468 0 0
1500 85.6213 13.6842 19.0512 0.617279 0.222745 370.487 0 0
1500 77.6857 -2.33086 18.5884 0.457685 -0.0148697 370.813 0 0
1500 128.724 -11.479 16.9135 0.972809 -0.097043 370.818 0 0
1500 2.91556 -42.2747 16.9424 -0.74061 -0.578194 371.115 0 0
1500 63.601 18.6219 17.133 0.144416 0.303658 371.41 0 0
1500 93.7151 0.550112 17.2597 0.519933 -0.0183563 371.514 0 0
1500 -1.20512 32.5165 17.0563 -0.816911 0.480777 371.568 0 0
1500 87.1167 4.64798 17.1406 0.464668 0.111994 371.666 0 0
1500 18.4221 -18.6087 17.0527 -0.600081 -0.256312 371.818 0 0
1500 116.879 -17.5934 17.0584 0.798153 -0.242681 371.856 0 0
1500 80.2196 43.3601 17.1513 0.278519 0.66544 371.893 0 0
1500 95.0971 13.1977 17.1515 0.57073 0.2275 372.024 0 0
1500 55.3885 14.7143 17.1168 -0.0134018 0.271489 372.192 0 0
1500 72.0257 24.2018 17.007 0.143846 0.385784 372.173 0 0
1500 28.3766 -2.97607 17.3466 -0.422508 -0.0340385 372.198 0 0
1500 106.509 2.25624 17.5374 0.841404 -0.019772 372.234 0 0
1500 28.7636 -21.0654 17.0741 -0.472397 -0.258814 372.266 0 0
1500 87.1104 37.4471 17.1633 0.459973 0.553826 372.4 0 0
1500 134.79 -19.0086 16.9825 1.0304 -0.192747 372.497 0 0
1500 24.1604 13.9896 17.0577 -0.452591 0.261048 372.54 0 0
1500 119.207 28.1069 17.1651 0.93066 0.48633 372.722 0 0
1500 74.8994 -16.9997 17.1811 0.23906 -0.3017 372.764 0 0
1500 47.6085 16.9484 17.1492 -0.155448 0.298754 372.87 0 0
1500 92.4117 -19.2368 17.8212 0.562455 -0.314055 372.922 0 0
1500 87.2368 4.83527 17.4264 0.441959 0.0197578 373.109 0 0
1500 42.8647 25.6427 17.4381 -0.18926 0.402293 373.118 0 0
1500 81.2873 -18.3701 17.9203 0.405166 -0.365931 373.348 0 0
1500 29.8431 45.6022 17.043 -0.434234 0.671414 373.394 0 0
1500 135.216 -11.9539 17.0246 1.02327 -0.0998604 373.45 0 0
1500 74.382 3.38007 17.4365 0.276624 0.113702 373.626 0 0
1500 86.449 -0.193676 17.2401 0.478986 -0.016503 373.813 0 0
1500 81.6879 -20.7397 17.958 0.44091 -0.331876 373.999 0 0
1500 110.729 42.1392 17.2184 0.762313 0.604017 374.015 0 0
1500 67.1657 -27.802 17.6709 0.201723 -0.437653 374.392 0 0
1500 97.7917 53.601 17.2418 0.580258 0.846884 374.472 0 0
1500 110.366 11.951 17.3871 0.799642 0.133002 374.595 0 0
1500 -16.681 -14.0586 17.1744 -1.03072 -0.185693 375.219 0 0
1500 127.853 -18.9583 17.1711 0.99205 -0.224483 375.22 0 0
1500 35.0791 -28.9766 17.3002 -0.396449 -0.446122 375.31 0 0
1500 21.3906 -55.9804 17.1696 -0.484767 -0.820374 375.396 0 0
1500 72.7757 -21.5677 17.6063 0.228639 -0.31735 375.519 0 0
1500 128.859 17.5554 17.1837 1.0008 0.257844 375.564 0 0
1500 60.2186 -0.306774 17.6928 0.0717373 -0.0646321 375.693 0 0
1500 92.2571 -31.6487 17.493 0.531364 -0.490226 375.866 0 0
1500 -62.4759 -57.7921 17.1303 -1.64245 -0.762725 375.877 0 0
1500 81.1175 32.3872 17.3697 0.289566 0.486034 375.883 0 0
1500 75.8292 36.5103 17.3709 0.216768 0.542301 375.934 0 0
1500 119.447 33.2892 17.9278 1.0805 0.564376 375.982 0 0
1500 67.4466 17.4315 17.4499 0.200518 0.235614 376.032 0 0
1500 94.8808 -11.4872 17.8196 0.635926 -0.125521 376.084 0 0
1500 105.212 23.9186 17.6145 0.747101 0.345325 376.118 0 0
1500 37.669 20.3554 17.2266 -0.266597 0.354706 376.105 0 0
1500 51.4374 72.9242 17.1528 -0.0766176 1.03254 376.19 0 0
1500 12.5562 59.2159 17.1413 -0.645331 0.825452 376.213 0 0
1500 56.7809 -18.3097 17.247 0.0413038 -0.303353 376.329 0 0
1500 101.084 6.57982 17.3895 0.61015 0.088586 376.541 0 0
1500 92.3276 40.2874 17.253 0.488056 0.619921 376.559 0 0
1500 52.5912 4.55864 17.4307 -0.109513 0.0406191 376.544 0 0
1500 89.6677 -8.83888 18.7136 0.65476 -0.10254 376.641 0 0
1500 129.556 0.172789 17.3366 1.02782 -0.0109904 376.934 0 0
1500 99.5263 36.9338 17.2465 0.57698 0.574531 377.008 0 0
1500 85.3136 -60.6015 17.3932 0.45388 -0.915046 377.081 0 0
1500 93.6436 -6.69834 17.9302 0.685387 -0.0582454 377.048 0 0
1500 99.422 22.8631 17.2808 0.635473 0.35423 377.16 0 0
1500 28.6133 49.963 17.2517 -0.393651 0.751136 377.194 0 0
1500 121.964 40.4586 17.3889 0.987622 0.59344 377.219 0 0
1500 23.5691 -67.0045 17.283 -0.46416 -0.964835 377.228 0 0
1500 183.92 -75.292 17.2124 1.75946 -1.01406 377.261 0 0
1500 64.9183 3.32107 17.2166 0.115403 0.0915889 377.337 0 0
1500 106.759 9.69432 18.6425 0.948414 0.12746 377.422 0 0
1500 65.3391 -49.8645 17.5519 0.07524 -0.766325 377.454 0 0
1500 108.151 -23.0239 17.2895 0.752169 -0.276046 377.492 0 0
1500 56.2973 -20.4583 17.2672 0.0166268 -0.344947 378.118 0 0
1500 98.6559 -11.354 17.3481 0.569557 -0.197477 378.171 0 0
1500 120.021 32.6574 17.2837 0.843091 0.507096 378.28 0 0
1500 19.1777 34.9374 17.4861 -0.582662 0.599627 378.605 0 0
1500 115.311 55.8935 17.2651 0.859834 0.754907 378.65 0 0
1500 16.7461 59.6572 17.2719 -0.553998 0.828839 378.715 0 0
1500 73.912 60.1814 17.2875 0.234118 0.885826 378.735 0 0
1500 60.4552 8.17327 17.5493 0.0993668 0.127892 378.814 0 0
1500 90.8577 57.771 17.3081 0.413799 0.866839 378.912 0 0
1500 0.913348 52.6839 17.2687 -0.823627 0.813218 379.048 0 0
1500 81.3383 67.4668 17.2875 0.277315 0.925016 379.092 0 0
1500 77.281 -11.4476 18.1985 0.34187 -0.207703 379.118 0 0
1500 11.1178 39.9319 17.2651 -0.639425 0.550659 379.165 0 0
1500 71.4908 -4.56882 18.5584 0.32719 -0.122085 379.184 0 0
1500 74.4022 71.2477 17.3144 0.225853 1.01381 379.231 0 0
1500 47.1271 -12.7277 17.5289 -0.13599 -0.20604 379.317 0 0
1500 83.7469 -45.2217 17.296 0.395073 -0.680729 379.354 0 0
1500 7.28451 -36.8169 17.2656 -0.744787 -0.453901 379.428 0 0
1500 46.2036 39.1722 17.7585 -0.169629 0.610985 379.417 0 0
1500 -2.53495 -12.7768 17.4237 -0.915748 -0.133733 379.385 0 0
1500 96.0534 56.7794 17.6159 0.621741 0.863804 379.75 0 0
1500 82.8975 2.71575 19.0292 0.564077 -0.0175349 379.863 0 0
1500 106.386 -10.2872 18.3492 0.8831 -0.22369 379.868 0 0
1500 116.91 9.32253 18.6114 1.18354 0.196803 379.878 0 0
1500 130.551 26.3131 18.3454 1.41757 0.45819 379.848 0 0
1500 84.3715 -2.4253 17.6386 0.412801 -0.101884 380.154 0 0
1500 109.636 106.816 17.3158 0.735321 1.45846 380.484 0 0
1500 106.385 21.8967 17.3305 0.735352 0.324266 380.541 0 0
1500 100.065 2.84458 17.5114 0.65787 -0.00394951 380.635 0 0
1500 103.727 0.209778 17.5154 0.706708 -0.0402399 380.813 0 0
1500 84.8131 -5.56424 18.4819 0.494389 -0.0360297 380.898 0 0
1500 80.4666 -26.177 18.0311 0.406112 -0.415819 380.966 0 0
1500 131.942 57.909 17.4705 1.14759 0.817583 381.211 0 0
1500 43.6237 12.4101 17.4675 -0.156413 0.21313 381.207 0 0
1500 78.1649 -56.0492 17.423 0.252269 -0.828662 381.227 0 0
1500 136.548 -8.2317 18.1708 1.38425 -0.145904 381.289 0 0
1500 143.579 33.7451 17.359 1.25079 0.492235 381.33 0 0
1500 69.273 -26.9935 17.5111 0.144563 -0.392761 381.356 0 0
1500 77.3721 22.0605 17.8149 0.309585 0.368327 381.371 0 0
1500 63.3802 68.4628 17.4134 0.102423 0.987354 381.611 0 0
1500 71.6358 -13.0789 18.2926 0.302037 -0.199319 381.627 0 0
1500 46.5042 -45.332 17.4454 -0.177521 -0.696191 381.66 0 0
1500 71.0226 -21.2331 18.0349 0.267341 -0.359388 381.703 0 0
1500 94.3166 -20.4172 17.6684 0.590967 -0.348197 381.745 0 0
1500 53.1482 -17.7985 17.7281 -0.0889736 -0.340424 381.712 0 0
1500 95.8364 -51.4346 17.4066 0.532528 -0.821169 381.76 0 0
1500 111.059 2.83766 17.425 0.766557 0.105413 381.811 0 0
1500 51.5231 67.9629 17.4519 -0.0889621 1.09406 381.831 0 0
1500 69.0099 81.7281 17.447 0.125277 1.19698 381.842 0 0
1500 84.7264 13.4277 18.6585 0.504327 0.18863 381.884 0 0
1500 30.6085 21.0856 17.471 -0.392226 0.365771 381.933 0 0
1500 53.7938 74.3181 17.3412 -0.0311272 1.04775 382.012 0 0
1500 73.1025 4.75216 18.2089 0.304742 0.130167 382.035 0 0
1500 93.9683 0.160225 18.1736 0.578163 0.0118189 382.053 0 0
1500 134.617 26.6995 17.3968 1.1553 0.359963 382.041 0 0
1500 127.923 3.33906 17.4084 1.02134 0.0845216 382.141 0 0
1500 102.637 6.11366 17.7872 0.720018 0.0719183 382.259 0 0
1500 98.8914 2.2431 17.5771 0.653642 -0.0287633 382.308 0 0
1500 81.3511 0.692569 17.745 0.430901 -0.00740752 382.443 0 0
1500 116.59 16.9216 17.4389 0.836265 0.298768 382.432 0 0
1500 28.4006 55.3737 17.4425 -0.379326 0.827382 382.586 0 0
1500 89.4067 67.0351 17.4158 0.470164 0.935845 382.798 0 0
1500 102.689 -9.1738 17.5346 0.705427 -0.102755 382.811 0 0
1500 33.5438 52.6403 17.7229 -0.347346 0.847191 382.821 0 0
1500 50.6412 -21.7701 17.449 -0.0610492 -0.371137 382.882 0 0
1500 61.0223 -51.2199 17.4985 0.0769362 -0.779362 382.904 0 0
1500 91.8353 9.68503 18.3637 0.5857 0.205369 382.924 0 0
1500 -1.42587 -59.5517 17.6695 -0.922843 -0.924801 383.04 0 0
1500 76.6702 -10.7934 17.8714 0.376553 -0.186252 383.108 0 0
1500 96.012 31.8715 17.6969 0.552119 0.507493 383.168 0 0
1500 89.0939 13.7874 18.484 0.53771 0.245478 383.316 0 0
1500 38.2134 -19.6751 17.6983 -0.313718 -0.287326 383.53 0 0
1500 33.8534 -66.6055 17.4268 -0.395928 -0.920721 383.538 0 0
1500 108.633 0.643723 17.7499 0.826295 -0.0307082 383.602 0 0
1500 64.7025 -33.7368 17.7555 0.149007 -0.61673 383.603 0 0
1500 3.35347 -35.573 17.4269 -0.818732 -0.512196 383.745 0 0
1500 12.6187 -20.7908 17.4886 -0.682584 -0.341073 383.814 0 0
1500 86.0872 -77.8205 17.4797 0.484861 -1.16738 383.852 0 0
1500 116.97 13.2878 17.5563 0.891657 0.207868 383.872 0 0
1500 93.39 14.8314 17.7084 0.519767 0.295021 383.865 0 0
1500 89.2704 -12.6387 17.8533 0.49114 -0.168936 384.095 0 0
1500 112.787 40.8643 17.5158 0.810734 0.59421 384.038 0 0
1500 55.7474 64.946 17.563 -0.0198314 1.078 384.038 0 0
1500 123.335 22.9515 17.5195 0.952232 0.350123 384.18 0 0
1500 63.4399 0.45402 17.7826 0.0590878 -0.0311895 384.347 0 0
1500 148.651 34.3688 17.6402 1.50728 0.560223 384.399 0 0
1500 65.496 -60.1905 17.5012 0.0601461 -0.886625 384.478 0 0
1500 104.48 -27.9995 17.4722 0.711364 -0.351476 384.494 0 0
1500 118.289 24.679 17.5849 0.915732 0.319469 384.637 0 0
1500 68.4422 8.79348 18.338 0.26771 0.185766 384.83 0 0
1500 118.641 15.0558 17.7504 1.00842 0.184507 384.831 0 0
1500 67.3563 10.595 17.8857 0.24326 0.18714 384.844 0 0
1500 67.7537 -5.20491 18.5934 0.237946 -0.11928 384.857 0 0
1500 111.37 46.5894 17.4666 0.758612 0.624007 384.911 0 0
1500 62.989 9.67088 17.9372 0.0956852 0.195628 384.909 0 0
1500 86.6385 -6.42714 18.0145 0.535625 -0.0917797 384.967 0 0
1500 117.749 24.2305 17.5246 0.881835 0.38267 385.089 0 0
1500 31.693 -30.16 17.793 -0.384972 -0.458488 385.09 0 0
1500 84.2595 -18.3229 18.5718 0.488732 -0.307761 385.195 0 0
1500 11.5278 11.0755 17.5354 -0.713892 0.228404 385.159 0 0
1500 119.786 3.99611 17.4867 0.916956 0.0977927 385.256 0 0
1500 131.935 -2.04786 17.5255 1.11738 -0.0505757 385.305 0 0
1500 34.5658 -6.06184 17.7339 -0.31998 -0.0948931 385.412 0 0
1500 68.5518 7.83058 17.7091 0.233303 0.174885 385.678 0 0
1500 103.403 -13.6152 18.0277 0.758477 -0.188838 385.767 0 0
1500 14.2901 8.38799 17.5512 -0.621458 0.146325 385.925 0 0
1500 49.1346 -1.80494 17.9204 -0.14615 -0.108212 386.06 0 0
1500 84.0101 9.92237 18.0303 0.497108 0.12164 386.146 0 0
1500 129.48 2.6024 17.5522 1.04342 0.0386572 386.216 0 0
1500 129.611 -5.55461 17.555 1.04365 -0.0717582 386.325 0 0
1500 127.807 18.6756 17.5603 1.0165 0.255372 386.524 0 0
1500 79.1224 7.12267 18.7663 0.448178 0.0990971 386.702 0 0
1500 103.668 62.8513 17.5768 0.62748 0.927315 386.904 0 0
1500 84.5191 2.45333 18.1805 0.412718 -0.00224194 386.892 0 0
1500 75.5985 -14.6895 18.3414 0.327451 -0.265572 386.928 0 0
1500 56.1743 43.5509 17.6123 -0.0487025 0.680612 387.169 0 0
1500 96.6848 49.5506 17.5232 0.607633 0.705675 387.561 0 0
1500 66.998 -15.3136 17.8889 0.101038 -0.212785 387.648 0 0
1500 106.645 -5.59392 17.7372 0.754012 -0.0261415 387.686 0 0
1500 96.8837 7.52877 17.6194 0.633182 0.103761 387.769 0 0
1500 38.27 58.8282 17.5801 -0.250532 0.827839 387.85 0 0
1500 64.4895 -65.4092 17.5673 0.118496 -0.971453 387.925 0 0
1500 72.4271 -25.9582 17.7095 0.212852 -0.441065 387.99 0 0
1500 74.1575 47.5725 18.0818 0.335548 0.864109 387.989 0 0
1500 88.707 -64.3509 17.5476 0.391227 -0.920232 388.288 0 0
1500 47.2774 -35.2483 17.6149 -0.100094 -0.559171 388.33 0 0
1500 100.298 26.991 17.619 0.628106 0.451403 388.786 0 0
1500 92.3172 -43.8094 18.0164 0.55974 -0.706075 388.813 0 0
1500 110.717 -42.9402 17.8728 0.948039 -0.762746 388.871 0 0
1500 89.9437 -0.0384089 17.8049 0.555083 -0.00525382 388.932 0 0
1500 126.671 21.6509 17.6709 1.00344 0.298824 388.977 0 0
1500 47.9246 -10.5336 18.0332 -0.154388 -0.149547 389.094 0 0
1500 89.4974 4.54793 17.6106 0.501793 0.00791042 389.08 0 0
1500 54.1858 67.9082 17.6461 -0.0748148 0.998184 389.134 0 0
1500 72.054 -3.25809 18.6815 0.294598 -0.0975686 389.175 0 0
1500 67.7966 2.36441 17.6807 0.129212 0.0924302 389.194 0 0
1500 11.5007 -18.469 17.839 -0.73935 -0.243083 389.184 0 0
1500 81.1268 -14.6551 18.5014 0.49439 -0.219569 389.347 0 0
1500 48.4472 41.8881 17.6507 -0.201478 0.697022 389.368 0 0
1500 54.9352 4.10299 18.2072 -0.0141598 0.103804 389.441 0 0
1500 110.527 47.9254 17.6033 0.786652 0.679176 389.447 0 0
1500 84.2963 -16.1682 17.68 0.351463 -0.295101 389.455 0 0
1500 96.7245 -60.5298 17.5756 0.601669 -0.823002 389.519 0 0
1500 32.0585 -45.6589 17.7901 -0.372563 -0.704808 389.62 0 0
1500 59.2607 -12.6917 18.108 0.0371181 -0.204936 389.715 0 0
1500 83.9022 17.9431 18.0292 0.490771 0.245772 389.686 0 0
1500 82.7487 -51.7459 17.6991 0.355971 -0.851983 389.762 0 0
1500 71.7311 -52.9103 17.7413 0.14818 -0.826126 389.809 0 0
1500 97.4268 42.405 17.9006 0.674361 0.641348 389.844 0 0
1500 94.2536 -7.66793 18.5093 0.666273 -0.124887 389.842 0 0
1500 92.408 11.5402 18.0315 0.608477 0.155337 389.899 0 0
1500 92.2464 20.8908 18.033 0.605122 0.285824 390.027 0 0
1500 114.423 13.2644 17.7561 0.857513 0.238094 390.012 0 0
1500 90.3432 -4.89807 18.3284 0.578728 -0.0475177 390.103 0 0
1500 90.0529 0.816552 18.0309 0.497224 -0.026593 390.171 0 0
1500 95.9172 -10.9676 17.772 0.570998 -0.235483 390.281 0 0
1500 67.8391 -55.6978 17.7102 0.208128 -0.832003 390.382 0 0
1500 55.3218 19.9515 18.3559 0.0233947 0.335261 390.443 0 0
1500 103.586 16.6846 18.0388 0.758664 0.225502 390.503 0 0
1500 95.2672 16.9188 17.7032 0.561303 0.311122 390.504 0 0
1500 89.0771 25.2917 17.6871 0.451575 0.369259 390.593 0 0
1500 115.862 9.25091 17.6658 0.881601 0.140882 390.633 0 0
1500 53.7609 54.2484 17.6453 -0.0885654 0.839856 390.638 0 0
1500 83.5142 -26.2436 17.6362 0.311313 -0.399539 390.911 0 0
1500 68.9906 -40.0488 17.7535 0.239578 -0.60816 390.985 0 0
1500 96.9399 -1.00236 17.7046 0.570941 -0.0069574 391.122 0 0
1500 121.598 -47.355 17.6621 0.917288 -0.752743 391.238 0 0
1500 95.3606 4.45146 18.0689 0.627449 0.11018 391.303 0 0
1500 64.213 -44.5278 17.7105 0.139879 -0.700549 391.299 0 0
1500 88.2159 -13.6463 18.2836 0.556617 -0.2368 391.317 0 0
1500 93.8949 5.20254 18.2284 0.611731 0.134036 391.348 0 0
1500 18.7972 -28.141 17.8409 -0.601073 -0.425507 391.341 0 0
1500 98.6877 34.8334 17.6779 0.66044 0.511708 391.685 0 0
1500 75.999 35.5631 17.6884 0.247855 0.589159 391.73 0 0
1500 104.609 -27.229 18.8714 0.979334 -0.585402 391.776 0 0
1500 103.409 21.2054 17.948 0.802399 0.323441 391.832 0 0
1500 78.7859 -12.4925 18.4181 0.386586 -0.242988 391.853 0 0
1500 100.725 16.4203 17.6892 0.607262 0.309392 391.863 0 0
1500 7.59039 -15.1438 17.6476 -0.801151 -0.224638 391.962 0 0
1500 37.5661 52.8356 17.648 -0.367945 0.756677 392.01 0 0
1500 82.7099 2.05871 18.4811 0.457493 -0.0405163 392.126 0 0
1500 102.02 -6.75956 17.7723 0.643325 -0.0796642 392.288 0 0
1500 85.2805 20.8939 18.2485 0.454259 0.410547 392.314 0 0
1500 82.7735 22.7545 17.8558 0.455516 0.317106 392.401 0 0
1500 106.265 27.4596 17.6935 0.682038 0.46607 392.452 0 0
1500 37.9502 -32.3906 17.6872 -0.363207 -0.49132 392.448 0 0
1500 94.6772 -2.23025 17.7832 0.546621 -0.02127 392.596 0 0
1500 59.2412 54.3997 17.6947 0.00342882 0.8531 392.594 0 0
1500 48.7767 -11.5623 18.4417 -0.158858 -0.151444 392.599 0 0
1500 78.3082 1.27626 18.7031 0.467479 0.0603547 392.801 0 0
1500 95.5998 10.2977 17.9929 0.6474 0.173852 392.961 0 0
1500 55.0566 58.8019 17.6983 -0.0565335 0.911607 392.967 0 0
1500 79.7837 -3.60932 17.7978 0.353811 -0.0387534 392.999 0 0
1500 79.8273 13.8295 17.8065 0.38116 0.259841 393.033 0 0
1500 57.6701 -43.6582 17.7094 0.0223315 -0.62515 393.078 0 0
1500 -2.27395 18.2618 17.7 -0.875695 0.330092 393.133 0 0
1500 79.6986 54.2487 17.8008 0.420182 0.845429 393.092 0 0
1500 9.88053 6.11652 17.7537 -0.725554 0.0434754 393.178 0 0
1500 71.5429 22.9822 17.8664 0.274881 0.424576 393.192 0 0
1500 50.7334 23.6987 17.9209 -0.0809667 0.417477 393.218 0 0
1500 73.1622 -1.3458 18.3566 0.327565 -0.0126858 393.302 0 0
1500 169.753 83.9752 17.6716 1.61184 1.2592 393.251 0 0
1500 -10.2588 -14.4111 17.7423 -1.07479 -0.15111 393.401 0 0
1500 6.32362 -26.543 17.7235 -0.835932 -0.399982 393.415 0 0
1500 91.1635 21.3848 17.7709 0.515159 0.41731 393.659 0 0
1500 29.44 65.2881 17.7903 -0.408282 1.00026 393.706 0 0
1500 91.6147 4.61718 18.2643 0.588734 0.00453365 393.782 0 0
1500 114.138 15.8429 17.7372 0.82127 0.222859 393.807 0 0
1500 1.65091 36.6754 17.7079 -0.811982 0.587717 393.79 0 0
1500 46.5305 -25.1369 17.6827 -0.246974 -0.381428 393.86 0 0
1500 36.2299 -59.9193 17.6996 -0.379412 -0.873754 394.066 0 0
1500 74.5798 -29.6907 17.9041 0.325037 -0.481543 394.372 0 0
1500 32.074 -68.2915 17.6842 -0.43065 -0.954845 394.675 0 0
1500 118.07 -40.9283 18.2962 1.17088 -0.794779 394.656 0 0
1500 66.1819 11.1278 17.8075 0.0840875 0.199248 394.816 0 0
1500 80.1944 50.9598 17.7026 0.292967 0.73895 394.74 0 0
1500 75.1818 -0.976952 17.7456 0.331013 -0.000736102 394.841 0 0
1500 9.40729 -10.25 17.6865 -0.785158 -0.158371 394.891 0 0
1500 80.5068 67.3299 17.7259 0.299346 1.00461 394.993 0 0
1500 147.061 -89.0726 17.6977 1.27936 -1.34461 395.139 0 0
1500 123.679 -18.6892 17.6837 0.926225 -0.338063 395.229 0 0
1500 26.863 17.373 17.9042 -0.500688 0.232975 395.233 0 0
1500 90.2866 5.17998 18.7145 0.723726 0.155407 395.239 0 0
1500 101.952 -13.1628 17.7657 0.623356 -0.219515 395.327 0 0
1500 97.445 12.3259 18.6378 0.717853 0.238049 395.356 0 0
1500 98.9241 9.42922 17.897 0.685411 0.110185 395.368 0 0
1500 73.5194 -39.9761 17.7304 0.265783 -0.638009 395.498 0 0
1500 77.3529 50.4192 17.7474 0.240021 0.730207 395.688 0 0
1500 95.1615 -25.6108 18.2298 0.660892 -0.384242 395.811 0 0
1500 65.5534 31.5984 17.7767 0.189965 0.482588 395.929 0 0
1500 92.2247 -27.8169 17.7717 0.581428 -0.403844 396.108 0 0
1500 42.5602 39.0422 17.7261 -0.285227 0.62744 396.184 0 0
1500 42.6089 114.921 17.717 -0.225771 1.74266 396.204 0 0
1500 128.017 -12.3172 17.7038 1.01077 -0.240492 396.239 0 0
1500 73.8068 42.6665 18.2807 0.290699 0.712186 396.251 0 0
1500 79.0488 -29.4826 17.8503 0.337188 -0.423397 396.603 0 0
1500 108.49 15.798 18.1024 0.810337 0.280326 396.633 0 0
1500 -11.4156 -9.50752 17.7581 -1.02014 -0.147163 396.649 0 0
1500 127.295 12.8222 17.7085 1.00028 0.229277 396.66 0 0
1500 -1.4886 36.1318 17.7272 -0.910494 0.493656 396.791 0 0
1500 82.7787 17.6182 18.1381 0.439392 0.321957 396.796 0 0
1500 73.7978 -24.7152 18.1444 0.285521 -0.430608 396.785 0 0
1500 90.588 -6.98758 18.4112 0.605343 -0.0534908 396.83 0 0
1500 37.8027 -26.782 17.9537 -0.339942 -0.419811 396.936 0 0
1500 73.6562 4.06839 18.2887 0.369882 0.0642893 397.066 0 0
1500 7.22992 50.4503 17.7686 -0.761803 0.775474 397.134 0 0
1500 77.9643 -1.7384 17.7448 0.286235 -0.101218 397.174 0 0
1500 28.772 -64.4135 17.7543 -0.399034 -0.968229 397.223 0 0
1500 37.9537 -52.3669 17.8382 -0.271912 -0.832185 397.246 0 0
1500 7.84007 51.0153 17.9699 -0.882792 0.859727 397.357 0 0
1500 86.2994 28.9527 17.952 0.539843 0.437875 397.433 0 0
1500 75.5353 -10.1159 18.2031 0.336442 -0.133879 397.462 0 0
1500 84.9729 -15.6264 18.2889 0.53024 -0.218697 397.45 0 0
1500 96.4441 7.49077 18.8312 0.705605 0.161381 397.574 0 0
1500 109.007 38.1969 17.7781 0.77554 0.608222 397.522 0 0
1500 100.456 5.74222 17.7859 0.630872 0.0762797 397.617 0 0
1500 55.9596 16.6532 18.1093 0.0428302 0.314301 397.614 0 0
1500 79.2256 13.3336 18.4176 0.404405 0.17241 397.713 0 0
1500 114.838 -2.08329 17.7273 0.901635 -0.0449831 397.8 0 0
1500 48.8711 -72.3722 17.759 -0.0723744 -1.10061 397.847 0 0
1500 106.948 -15.9086 17.9251 0.803014 -0.255133 397.907 0 0
1500 93.0264 -11.4335 18.1505 0.579001 -0.236686 397.966 0 0
1500 77.8376 37.8009 18.1164 0.308852 0.612959 398.023 0 0
1500 64.8252 34.3801 18.1081 0.172268 0.571385 398.13 0 0
1500 112.359 -4.7189 18.3511 0.896435 -0.0253938 398.158 0 0
1500 67.8859 1.61555 19.0257 0.277794 -0.0392512 398.179 0 0
1500 72.1024 -54.7401 17.8699 0.168677 -0.891722 398.163 0 0
1500 84.6632 13.5702 18.1973 0.409495 0.23485 398.249 0 0
1500 108.164 47.6407 17.7665 0.782055 0.687613 398.235 0 0
1500 118.642 3.33855 17.7328 0.931486 -0.00724708 398.24 0 0
1500 125.233 14.0799 17.7678 1.02223 0.212162 398.338 0 0
1500 100.998 46.656 17.9388 0.689307 0.803174 398.35 0 0
1500 98.5662 -40.1619 18.9015 0.857841 -0.744397 398.375 0 0
1500 -6.14721 14.4976 17.7805 -0.984912 0.175016 398.559 0 0
1500 126.553 9.29953 17.7707 1.03762 0.144125 398.561 0 0
1500 85.8505 -3.2456 18.4386 0.475148 -0.0837292 398.679 0 0
1500 111.403 -44.9055 17.7906 0.831367 -0.630799 398.735 0 0
1500 81.0507 -12.4108 19.3199 0.575238 -0.189525 398.863 0 0
1500 63.15 -17.1443 18.0384 0.145476 -0.259554 398.863 0 0
1500 62.5104 -37.6696 18.1053 0.075116 -0.619273 399.011 0 0
1500 74.0912 -15.7837 18.2316 0.330664 -0.296976 399.061 0 0
1500 118.295 -42.6003 17.7547 0.94077 -0.631449 399.124 0 0
1500 61.7605 23.9583 18.404 0.148024 0.419035 399.131 0 0
1500 94.0648 -2.46735 19.3083 0.771081 -0.0205769 399.265 0 0
1500 58.4709 -46.1436 18.4252 0.0898991 -0.861944 399.442 0 0
1500 103.801 34.145 18.2994 0.776161 0.611073 399.512 0 0
1500 77.3373 9.00465 18.332 0.37421 0.11595 399.602 0 0
1500 126.678 -7.9735 18.3215 1.31363 -0.124494 399.641 0 0
1500 73.4849 2.69775 18.4618 0.384429 0.0610045 399.792 0 0
1500 78.3867 0.503862 18.4613 0.454928 0.0290808 399.902 0 0
1500 87.8433 -16.444 17.8016 0.458721 -0.196111 399.957 0 0
1500 21.3669 -47.2694 17.7593 -0.568329 -0.65041 399.984 0 0
1500 83.8824 -25.0992 19.1924 0.523469 -0.461239 399.978 0 0
1500 67.3303 -15.8584 17.8114 0.157621 -0.272631 400.126 0 0
1500 79.4941 83.0204 17.8709 0.404753 1.33746 400.071 0 0
1500 128.568 1.16435 17.7472 1.04757 -0.0380207 400.148 0 0
1500 55.9106 3.66167 18.2746 -0.0221527 0.118159 400.15 0 0
1500 93.5746 36.7309 17.9614 0.517809 0.610851 400.194 0 0
1500 8.9497 -10.0321 17.9028 -0.786268 -0.168629 400.215 0 0
1500 57.8296 -54.5767 17.8652 -0.0115377 -0.88024 400.386 0 0
1500 63.1429 18.1306 17.906 0.151679 0.32126 400.368 0 0
1500 48.6761 -27.9917 18.0058 -0.185187 -0.442802 400.51 0 0
1500 84.1552 -22.3608 18.1748 0.434495 -0.333753 400.725 0 0
1500 90.1716 16.087 17.9047 0.502881 0.225758 400.719 0 0
1500 95.7261 -49.502 17.8303 0.568362 -0.799338 400.869 0 0
1500 61.9807 21.9363 17.8691 0.0963934 0.406163 401.077 0 0
1500 38.7064 17.3233 17.869 -0.259072 0.335647 401.088 0 0
1500 134.624 5.23265 17.8586 1.25475 0.122847 401.084 0 0
1500 -30.6667 25.754 17.7563 -1.30445 0.317615 401.163 0 0
1500 24.0903 -21.4683 18.0026 -0.556573 -0.437293 401.162 0 0
1500 92.5319 -43.5202 17.8402 0.600258 -0.667734 401.314 0 0
1500 85.8534 -54.0703 17.8203 0.464603 -0.876488 401.412 0 0
1500 81.6315 8.49226 17.9758 0.450316 0.194005 401.595 0 0
1500 101.156 -4.83005 17.8642 0.688178 -0.00265964 401.706 0 0
1500 102.954 -29.7298 18.1803 0.760278 -0.479667 401.858 0 0
1500 94.778 -8.4453 17.9978 0.570108 -0.136206 402.024 0 0
1500 50.0236 -59.3902 17.7986 -0.136588 -0.94735 402.025 0 0
1500 158.188 48.3445 17.8506 1.58735 0.76012 402.069 0 0
1500 111.522 -43.1432 17.836 0.785491 -0.69306 402.143 0 0
1500 78.5795 -12.8188 18.1394 0.419745 -0.22664 402.199 0 0
1500 85.7571 -52.5637 17.7799 0.445907 -0.736686 402.286 0 0
1500 53.0963 -15 17.8476 -0.0572224 -0.307551 402.342 0 0
1500 23.4687 -6.40336 18.1596 -0.583758 -0.14903 402.439 0 0
1500 96.9617 -2.67 18.7476 0.707372 -0.0397997 402.515 0 0
1500 61.4379 3.22682 18.1559 0.0331062 0.0898766 402.508 0 0
1500 103.041 15.6777 17.8671 0.680965 0.225772 402.69 0 0
1500 31.0434 59.4948 17.827 -0.357915 0.939602 402.687 0 0
1500 87.5393 -20.3782 17.9422 0.540477 -0.311683 402.706 0 0
1500 69.6681 -19.8756 17.8552 0.222677 -0.252003 402.792 0 0
1500 68.8868 17.7751 17.8555 0.212249 0.248694 402.806 0 0
1500 101.687 -25.8425 18.1726 0.761832 -0.393214 402.793 0 0
1500 116.353 -17.6655 17.9097 0.945294 -0.26649 402.806 0 0
1500 91.638 -13.5 17.9419 0.602275 -0.207311 402.742 0 0
1500 63.9349 23.933 18.1774 0.0680348 0.353386 402.925 0 0
1500 -12.3704 8.95184 17.8186 -1.10844 0.137521 402.938 0 0
1500 61.4985 59.145 17.8592 0.0864763 0.946579 403.009 0 0
1500 -62.9045 -67.53 18.0064 -2.06781 -1.21232 403.051 0 0
1500 26.4596 -24.2314 17.9142 -0.460603 -0.37135 403.107 0 0
1500 120.129 104.588 17.8585 0.992919 1.71626 403.111 0 0
1500 76.1245 -37.3141 18.2613 0.36102 -0.616963 403.214 0 0
1500 80.7539 -43.009 18.2103 0.42 -0.758187 403.208 0 0
1500 91.7951 -17.1537 18.2338 0.628933 -0.233058 403.42 0 0
1500 42.3423 23.896 18.2285 -0.231682 0.41247 403.457 0 0
1500 69.3182 -32.738 18.5331 0.186328 -0.568691 403.441 0 0
1500 103.137 -15.9965 18.2593 0.755571 -0.30042 403.605 0 0
1500 88.4917 -3.22884 17.861 0.517655 0.0121286 403.605 0 0
1500 72.7016 -46.2434 17.8892 0.251344 -0.681773 403.681 0 0
1500 46.8881 -14.5138 17.9283 -0.185355 -0.239247 403.685 0 0
1500 39.0682 -10.0003 17.927 -0.289561 -0.179337 403.633 0 0
1500 114.07 3.91416 17.9878 0.920926 0.0888156 403.807 0 0
1500 93.3299 10.3379 18.2567 0.577036 0.156921 403.943 0 0
1500 36.3894 -28.7627 17.9222 -0.345543 -0.507459 403.995 0 0
1500 89.5211 -1.47796 18.5338 0.62639 -0.0406353 404.008 0 0
1500 64.3551 -10.2229 18.1568 0.194075 -0.208466 404.087 0 0
1500 86.8958 25.9548 18.7205 0.536096 0.50876 404.071 0 0
1500 106.723 38.2443 18.1228 0.875256 0.636409 404.168 0 0
1500 79.0453 -11.9259 18.5575 0.419123 -0.154274 404.244 0 0
1500 50.7594 -32.7381 18.2911 -0.167728 -0.538304 404.304 0 0
1500 95.2646 8.70614 18.0729 0.67763 0.155798 404.38 0 0
1500 35.3744 43.9027 17.8545 -0.292943 0.725761 404.392 0 0
1500 22.999 -34.38 17.856 -0.534417 -0.511919 404.595 0 0
1500 49.2048 66.3455 17.7996 -0.0895907 1.03476 404.573 0 0
1500 107.022 -51.1381 17.8589 0.816968 -0.785806 404.47 0 0
1500 59.7926 -11.3901 18.2077 0.0267119 -0.22777 404.526 0 0
1500 66.1575 28.3413 17.8051 0.196721 0.458246 404.585 0 0
1500 65.9347 23.5883 17.8065 0.193638 0.385486 404.464 0 0
1500 118.891 8.67239 17.934 0.987099 0.12504 404.617 0 0
1500 42.9811 -58.8036 17.9296 -0.264929 -0.935878 404.658 0 0
1500 90.8047 -10.6904 18.1507 0.589182 -0.213555 404.703 0 0
1500 134.027 -18.1834 18.6959 1.52163 -0.291144 404.736 0 0
1500 86.063 -52.5587 17.8192 0.431279 -0.858465 404.832 0 0
1500 36.0184 94.9351 17.7995 -0.362251 1.49047 404.836 0 0
1500 93.4887 16.136 17.8006 0.615213 0.267794 405.01 0 0
1500 -3.5951 -15.33 17.8963 -0.952425 -0.279236 405.056 0 0
1500 80.1811 -37.3152 18.1477 0.427348 -0.609637 405.08 0 0
1500 100.493 -0.561484 18.148 0.730873 -0.0612526 405.039 0 0
1500 25.9033 -2.88288 17.9645 -0.480823 -0.0133201 405.274 0 0
1500 80.3612 16.6935 18.1418 0.32807 0.312086 405.261 0 0
1500 44.8534 -60.3677 17.8617 -0.211796 -0.910412 405.35 0 0
1500 87.4619 -4.22488 18.4675 0.58378 -0.023909 405.405 0 0
1500 52.7522 34.0467 17.8446 -0.0331068 0.585843 405.371 0 0
1500 79.499 -55.0154 17.9138 0.303772 -0.887725 405.412 0 0
1500 97.3209 -28.021 17.797 0.669921 -0.407882 405.414 0 0
1500 60.0981 -0.659579 18.3592 0.073254 -0.0720599 405.53 0 0
1500 108.826 -18.9717 18.0037 0.848227 -0.247772 405.592 0 0
1500 73.3581 -20.583 18.1424 0.240564 -0.346744 405.62 0 0
1500 -2.43424 -11.9283 17.7933 -0.941688 -0.110863 405.603 0 0
1500 76.5978 -25.983 17.9565 0.392192 -0.448725 405.636 0 0
1500 29.6154 -23.1393 17.9548 -0.433338 -0.343569 405.698 0 0
1500 41.631 40.0727 18.0305 -0.216369 0.680656 405.681 0 0
1500 33.5346 -27.9823 18.0108 -0.417597 -0.505076 405.764 0 0
1500 65.9931 43.5627 18.4225 0.222521 0.786106 405.961 0 0
1500 117.11 4.56425 18.0016 0.963002 0.102212 406.201 0 0
1500 88.0788 -55.2201 17.7911 0.520552 -0.810148 406.458 0 0
1500 91.8123 -22.4869 18.6759 0.667739 -0.356066 406.56 0 0
1500 44.8924 22.4931 17.8969 -0.234107 0.335947 406.586 0 0
1500 20.0472 -22.1602 17.8445 -0.566092 -0.415926 406.706 0 0
1500 54.0766 -24.2609 17.8685 -0.0557792 -0.454663 406.713 0 0
1500 54.5694 33.3471 18.0072 -0.10122 0.539038 406.736 0 0
1500 80.7017 -24.361 18.3199 0.451479 -0.403182 406.801 0 0
1500 36.6203 26.2576 18.212 -0.34293 0.424693 406.948 0 0
1500 78.5089 9.80667 18.3172 0.336765 0.213644 407.018 0 0
1500 29.1644 -39.8054 17.9624 -0.436061 -0.676685 406.968 0 0
1500 105.155 17.4395 18.097 0.813342 0.27588 407.058 0 0
1500 81.1753 7.55424 18.0229 0.362786 0.191176 407.047 0 0
1500 96.412 -41.0019 17.9931 0.694281 -0.681501 407.086 0 0
1500 53.9009 -27.9408 17.9206 -0.153238 -0.467592 407.087 0 0
1500 66.5642 -23.1898 17.8426 0.205311 -0.391041 407.25 0 0
1500 90.3413 -14.1112 18.2927 0.584478 -0.275464 407.276 0 0
1500 79.7154 -31.8475 17.9268 0.283329 -0.53523 407.322 0 0
1500 88.4924 -22.3751 18.0157 0.485093 -0.405136 407.458 0 0
1500 202.274 -38.5204 17.9415 2.4005 -0.583633 407.443 0 0
1500 89.1422 40.6196 17.8119 0.420929 0.67815 407.581 0 0
1500 118.27 -29.8077 17.7897 0.956378 -0.420502 407.696 0 0
1500 91.6016 20.3542 18.5403 0.654252 0.327836 407.736 0 0
1500 78.9162 8.24823 18.53 0.480155 0.202924 407.756 0 0
1500 53.3641 -16.8489 18.122 -0.10257 -0.223796 408.012 0 0
1500 72.9855 4.85091 18.7969 0.332838 0.120056 408.176 0 0
1500 82.4649 3.65531 18.6928 0.539572 0.085159 408.209 0 0
1500 62.0217 70.217 17.7906 0.13 1.04565 408.304 0 0
1500 47.9006 33.0652 18.1068 -0.106006 0.580602 408.311 0 0
1500 57.3943 -105.412 17.8002 0.000334506 -1.63881 408.347 0 0
1500 9.72609 -23.7268 17.916 -0.782609 -0.403574 408.369 0 0
1500 80.2646 -3.06548 18.0815 0.4409 -0.0863331 408.365 0 0
1500 69.2085 -0.493991 18.0257 0.237917 0.0586401 408.356 0 0
1500 98.469 10.327 17.8282 0.630648 0.144577 408.466 0 0
1500 75.276 13.8013 18.4997 0.419135 0.223656 408.473 0 0
1500 114.183 35.0948 18.3549 1.0488 0.671372 408.471 0 0
1500 95.8827 10.9403 18.7626 0.742562 0.151907 408.526 0 0
1500 88.98 46.1056 17.827 0.544034 0.676761 408.569 0 0
1500 150.304 17.5044 17.7974 1.42914 0.329704 408.657 0 0
1500 54.125 -6.75896 18.2725 -0.0269604 -0.175659 408.809 0 0
1500 89.4416 -24.4805 18.0543 0.512023 -0.376904 408.877 0 0
1500 79.8135 51.9202 18.3178 0.363694 1.03558 408.878 0 0
1500 61.4453 -18.3873 18.2698 0.0847989 -0.352597 408.987 0 0
1500 123.783 13.5374 17.7987 1.05022 0.159571 409.013 0 0
1500 104.812 -19.7041 18.3597 0.832593 -0.301484 409.114 0 0
1500 59.0902 -10.4255 17.9034 -0.0380154 -0.210404 409.101 0 0
1500 43.6262 -40.6919 18.0824 -0.216827 -0.689096 409.192 0 0
1500 67.2966 26.1901 18.1718 0.221164 0.468213 409.204 0 0
1500 56.1993 -62.0022 17.8219 0.0421941 -0.96677 409.248 0 0
1500 6.81571 2.01366 17.8605 -0.810137 -0.0167581 409.284 0 0
1500 69.7162 -35.7542 17.916 0.241599 -0.609551 409.34 0 0
1500 76.348 -63.7742 17.8308 0.235018 -0.986603 409.416 0 0
1500 65.4569 64.0575 17.8807 0.152577 1.01847 409.501 0 0
1500 82.5368 -28.0656 17.8561 0.438963 -0.486531 409.595 0 0
1500 82.7936 6.41675 17.9778 0.423887 0.085469 409.655 0 0
1500 45.9961 12.6156 18.1536 -0.161298 0.268663 409.608 0 0
1500 53.3671 5.85797 18.1656 -0.0976658 0.0563835 409.732 0 0
1500 87.7978 2.68386 17.8875 0.46886 0.0818533 409.791 0 0
1500 94.2624 26.8105 17.8537 0.618622 0.361841 409.788 0 0
1500 70.2379 -41.2346 17.8531 0.247653 -0.687799 409.838 0 0
1500 120.672 -18.4474 18.12 1.15176 -0.319962 409.815 0 0
1500 5.99954 -2.19232 17.8609 -0.814899 -0.0783084 409.89 0 0
1500 87.6947 -53.2196 17.9247 0.491826 -0.864414 409.865 0 0
1500 110.257 29.5296 17.8022 0.811135 0.440077 409.956 0 0
1500 -8.98127 -9.77353 17.8005 -1.044 -0.0920457 410.199 0 0
1500 102.008 -43.9048 17.8112 0.729402 -0.634016 410.193 0 0
1500 77.7749 -19.8169 18.0424 0.332009 -0.383505 410.237 0 0
1500 55.1178 -49.07 17.9617 -0.0780106 -0.821894 410.229 0 0
1500 88.8123 4.64558 18.8087 0.575892 0.0933737 410.267 0 0
1500 44.9836 65.4884 17.8006 -0.246961 1.01777 410.287 0 0
1500 29.3065 38.2551 17.9524 -0.498187 0.598908 410.395 0 0
1500 78.5328 -47.4351 17.8473 0.372351 -0.776697 410.399 0 0
1500 78.2302 -47.9122 17.8471 0.367595 -0.783717 410.422 0 0
1500 89.3134 8.23417 18.1494 0.525159 0.143155 410.484 0 0
1500 106.222 -9.15185 18.0673 0.822156 -0.182059 410.501 0 0
1500 86.2142 33.8385 18.1412 0.450626 0.586587 410.537 0 0
1500 84.2989 19.5389 18.5306 0.515404 0.351529 410.646 0 0
1500 41.3339 38.1978 17.8771 -0.322719 0.557234 410.682 0 0
1500 106.62 16.4935 18.2825 0.871267 0.324451 410.668 0 0
1500 78.8503 -13.3517 17.9212 0.322925 -0.284484 410.694 0 0
1500 93.689 -22.799 18.6266 0.651143 -0.405601 410.809 0 0
1500 46.6263 -3.23318 17.9435 -0.239539 -0.0718215 410.899 0 0
1500 64.0276 82.7412 18.0272 0.0688769 1.36269 410.855 0 0
1500 62.414 18.2059 18.2638 0.0622547 0.294136 410.946 0 0
1500 72.4379 -6.03473 17.8727 0.250224 -0.0354792 411.021 0 0
1500 98.3822 11.2297 18.2573 0.734676 0.193994 411.01 0 0
1500 45.1579 31.5287 17.8536 -0.27595 0.483159 411.037 0 0
1500 40.539 -7.92458 17.9416 -0.333744 -0.144642 411.024 0 0
1500 26.5755 9.74199 18.0293 -0.583163 0.211655 411.364 0 0
1500 23.425 -27.5087 17.9115 -0.532615 -0.498869 411.428 0 0
1500 40.8166 6.38508 18.1314 -0.249844 0.17158 411.448 0 0
1500 25.0542 -16.2445 17.9341 -0.569894 -0.271806 411.55 0 0
1500 49.0666 -70.1851 17.8646 -0.0802805 -1.17481 411.52 0 0
1500 64.7113 -13.2524 18.2692 0.0849087 -0.218742 411.599 0 0
1500 89.9632 30.5326 17.8114 0.467651 0.546201 411.771 0 0
1500 68.4642 20.7467 18.3873 0.220379 0.344392 411.879 0 0
1500 47.1926 -35.0437 17.8556 -0.179922 -0.552438 411.813 0 0
1500 121.85 7.87932 17.9138 1.03231 0.100641 411.993 0 0
1500 32.8162 -4.21354 18.2661 -0.40156 -0.0802771 411.802 0 0
1500 62.4411 1.06841 18.1544 0.0423697 -0.0209119 411.897 0 0
1500 122.101 -8.30646 17.8182 1.01473 -0.203592 411.993 0 0
1500 98.0655 -49.7546 17.8207 0.64829 -0.749355 412.069 0 0
1500 55.2304 -43.9023 17.9609 -0.0100566 -0.747095 412.12 0 0
1500 62.4892 1.4881 17.8606 0.101101 0.0958588 412.092 0 0
1500 98.592 -7.33053 18.0584 0.67905 -0.185146 412.16 0 0
1500 118.314 38.8154 17.8729 1.02335 0.589727 412.172 0 0
1500 21.6465 40.8482 17.8405 -0.630004 0.616829 412.206 0 0
1500 53.1058 63.6768 17.8418 -0.107129 0.985314 412.245 0 0
1500 88.2631 -3.09972 17.8831 0.481964 0.0293103 412.369 0 0
1500 34.1672 20.4107 17.8816 -0.354358 0.405382 412.435 0 0
1500 125.272 -16.8733 18.1106 1.20481 -0.306618 412.324 0 0
1500 86.7857 -10.943 18.9364 0.532123 -0.203887 412.689 0 0
1500 48.1492 -67.2551 17.8373 -0.0891806 -1.04447 412.607 0 0
1500 73.3373 46.9428 18.1154 0.246128 0.780911 412.711 0 0
1500 16.6336 45.1897 17.796 -0.706786 0.672565 412.659 0 0
1500 80.4495 -62.6054 17.8374 0.387512 -0.973123 412.786 0 0
1500 42.0259 36.5209 18.1375 -0.274088 0.584472 412.948 0 0
1500 15.311 40.7728 17.8372 -0.736407 0.59197 413.026 0 0
1500 69.3411 -4.19564 18.3708 0.265496 -0.0998563 413.087 0 0
1500 93.4322 49.5183 17.7995 0.510822 0.823 413.099 0 0
1500 82.0399 -22.3705 17.8586 0.352325 -0.381297 413.163 0 0
1500 106.328 -23.3082 17.8185 0.759341 -0.310646 413.255 0 0
1500 0.269664 -18.3664 17.9188 -0.928531 -0.296965 413.204 0 0
1500 80.5198 1.42726 18.0882 0.447385 0.0578098 413.239 0 0
1500 27.1303 38.5527 17.818 -0.444189 0.662626 413.282 0 0
1500 110.329 -39.1481 17.8973 0.780336 -0.658539 413.328 0 0
1500 91.731 2.59239 18.1775 0.63127 0.0610628 413.343 0 0
1500 106.537 -13.3349 17.801 0.815335 -0.222093 413.365 0 0
1500 71.2011 48.0968 17.87 0.212893 0.811928 413.465 0 0
1500 21.4672 36.8256 17.8698 -0.547739 0.6394 413.478 0 0
1500 109.347 -6.43613 17.8001 0.857123 -0.116009 413.468 0 0
1500 54.0761 -27.4471 17.9583 -0.0132676 -0.495328 413.513 0 0
1500 110.143 -31.6752 18.0512 0.938466 -0.478474 413.557 0 0
1500 -16.2427 22.0402 17.9565 -1.22492 0.387693 413.607 0 0
1500 76.4909 14.8639 17.9709 0.287124 0.273329 413.732 0 0
1500 -5.38284 -13.1595 17.832 -1.01828 -0.202911 413.777 0 0
1500 115.342 2.28064 18.0565 0.956991 0.00471584 413.831 0 0
1500 94.6046 31.9987 18.0535 0.660061 0.482472 413.895 0 0
1500 56.1127 -29.2041 18.0919 -0.0400014 -0.510917 413.91 0 0
1500 69.0995 55.6212 17.8652 0.179172 0.918942 414.04 0 0
1500 104.449 -27.1942 17.8927 0.728264 -0.426969 414.301 0 0
1500 86.9888 3.67254 18.3666 0.563652 0.00460496 414.321 0 0
1500 93.3145 -50.0456 17.794 0.603704 -0.774519 414.299 0 0
1500 58.2584 7.3764 17.9422 -0.0291939 0.190448 414.309 0 0
1500 62.4744 -19.8747 18.214 0.0804236 -0.335228 414.476 0 0
1500 31.0728 -27.3838 17.9649 -0.449802 -0.472677 414.473 0 0
1500 125.562 4.28633 18.0433 1.17342 0.136102 414.531 0 0
1500 102.094 -13.2982 18.0719 0.707596 -0.222083 414.728 0 0
1500 68.9233 -57.5424 17.8455 0.211514 -0.873747 414.702 0 0
1500 98.708 43.5702 18.0754 0.671028 0.716281 414.712 0 0
1500 83.1279 18.3489 18.8904 0.513031 0.341028 414.77 0 0
1500 76.4105 11.9707 18.2375 0.383349 0.240602 414.788 0 0
1500 78.1125 43.6476 18.0115 0.341259 0.674518 414.92 0 0
1500 86.8312 -19.6836 18.0766 0.470429 -0.397262 414.902 0 0
1500 94.1868 -0.334907 18.3642 0.620013 0.0256425 415.027 0 0
1500 98.7156 45.5427 17.8627 0.593313 0.781382 415.214 0 0
1500 88.3412 -4.29004 18.8212 0.668871 -0.161038 415.157 0 0
1500 63.7019 -31.4497 18.1687 0.0487572 -0.600736 415.347 0 0
1500 88.0594 20.119 18.1099 0.566133 0.333856 415.35 0 0
1500 102.472 -49.4626 17.7903 0.728979 -0.751972 415.505 0 0
1500 70.1804 -57.4537 17.8695 0.262125 -0.894861 415.542 0 0
1500 68.2761 3.25466 18.1197 0.26294 0.0863697 415.391 0 0
1500 50.5552 -35.2316 17.9363 -0.143366 -0.608727 415.429 0 0
1500 80.2464 11.0271 18.0824 0.396403 0.117478 415.612 0 0
1500 133.19 16.2327 18.0523 1.32079 0.228918 415.593 0 0
1500 72.7849 63.999 17.8304 0.248273 1.01753 415.752 0 0
1500 123.87 -47.2043 17.854 1.04931 -0.825309 415.713 0 0
1500 182.468 -156.017 18.2553 2.32436 -2.89376 415.66 0 0
1500 9.60137 41.7048 17.8356 -0.771687 0.597229 415.79 0 0
1500 35.2819 62.5047 17.8589 -0.32491 0.996662 415.804 0 0
1500 100.293 31.999 17.8043 0.718347 0.470282 415.795 0 0
1500 75.4659 18.1319 18.6136 0.343327 0.34214 415.808 0 0
1500 118.364 18.3587 17.944 0.950731 0.340726 415.92 0 0
1500 118.774 -14.0157 18.6717 1.19518 -0.264116 415.977 0 0
1500 86.1555 -4.3016 17.922 0.448852 -0.11276 416.03 0 0
1500 51.6679 23.5274 18.0751 -0.171893 0.463955 416.001 0 0
1500 105.37 -44.4455 17.8431 0.778251 -0.68783 416.15 0 0
1500 118.912 4.85161 17.9422 0.968965 0.136888 416.13 0 0
1500 93.0559 -7.88356 18.1381 0.557932 -0.154696 416.343 0 0
1500 53.9149 -26.7293 17.8631 -0.00370122 -0.421669 416.363 0 0
1500 126.737 -7.34613 17.8054 1.04115 -0.041806 416.247 0 0
1500 97.9019 36.7001 18.2434 0.769198 0.708805 416.361 0 0
1500 1.27321 -0.601641 17.8404 -0.883219 -0.0150541 416.496 0 0
1500 74.5591 -58.7169 17.7988 0.320339 -0.910575 416.504 0 0
1500 12.6137 -15.9035 17.9185 -0.712634 -0.314737 416.486 0 0
1500 135.112 2.30938 17.922 1.34528 -0.0093008 416.507 0 0
1500 102.934 -48.1194 17.7917 0.724379 -0.720603 416.57 0 0
1500 44.5456 54.5324 17.8788 -0.252722 0.88048 416.601 0 0
1500 64.5346 -65.7303 17.9436 0.104858 -1.04198 416.739 0 0
1500 92.8421 30.209 17.8517 0.558662 0.538679 416.717 0 0
1500 11.1468 -22.857 17.8439 -0.737487 -0.332056 416.898 0 0
1500 92.7016 54.8903 17.861 0.51507 0.870708 416.854 0 0
1500 103.143 51.2545 18.1888 0.752951 0.926724 416.975 0 0
1500 65.7721 63.1452 17.862 0.123079 0.987761 417.063 0 0
1500 108.585 40.8351 18.4318 0.943902 0.72337 417.081 0 0
1500 60.3559 28.2818 18.0518 0.1038 0.538779 417.077 0 0
1500 92.6009 52.8043 17.8085 0.531637 0.832308 417.157 0 0
1500 88.5778 30.3827 18.0038 0.564237 0.480314 417.164 0 0
1500 86.7267 -36.3421 17.9123 0.404398 -0.582835 417.211 0 0
1500 89.5906 -34.6964 17.9121 0.444954 -0.559769 417.19 0 0
1500 18.7048 -27.9468 17.8467 -0.627339 -0.40299 417.174 0 0
1500 98.7118 50.3003 17.89 0.683776 0.776128 417.327 0 0
1500 79.4046 -62.4814 17.7951 0.388918 -0.955607 417.337 0 0
1500 108.894 -27.5604 18.1224 0.964424 -0.547014 417.238 0 0
1500 28.9649 -27.3396 17.916 -0.409107 -0.453727 417.528 0 0
1500 75.3367 10.3061 17.8746 0.3381 0.205142 417.514 0 0
1500 64.9376 -32.0639 17.8391 0.0291039 -0.498353 417.558 0 0
1500 54.5389 -10.8641 18.1602 -0.0519111 -0.203703 417.617 0 0
1500 114.231 19.0987 17.7977 0.875751 0.258742 417.656 0 0
1500 116.365 -8.49084 18.1121 1.00657 -0.210917 417.713 0 0
1500 87.1585 14.1305 18.5279 0.546251 0.208129 417.757 0 0
1500 133.302 0.527087 18.0714 1.29539 -0.0303604 417.814 0 0
1500 37.6611 -14.8299 18.1944 -0.291777 -0.246264 417.873 0 0
1500 91.0187 23.7862 18.3067 0.568651 0.369623 417.912 0 0
1500 81.9432 38.3915 18.2458 0.47006 0.627794 417.896 0 0
1500 84.5544 3.94785 17.9956 0.474353 -0.00281164 417.955 0 0
1500 24.8356 11.6189 17.8176 -0.491811 0.23104 418.086 0 0
1500 95.2343 -38.7097 17.8019 0.597748 -0.569606 418.169 0 0
1500 55.4319 -96.4777 18.059 -0.0524513 -1.68084 418.255 0 0
1500 132.54 4.93439 17.8302 1.1703 0.0927783 418.308 0 0
1500 6.83439 142.43 17.8859 -0.774524 2.30528 418.408 0 0
1500 78.7672 45.7319 17.8185 0.324435 0.715707 418.493 0 0
1500 34.7282 55.0106 17.9219 -0.406315 0.862751 418.43 0 0
1500 73.3544 -41.648 17.9295 0.305933 -0.688595 418.469 0 0
1500 34.3574 -24.6201 17.9549 -0.366644 -0.455397 418.776 0 0
1500 6.41033 -33.1446 17.8294 -0.829135 -0.553582 418.876 0 0
1500 68.3084 56.5068 17.9594 0.21688 0.913112 418.835 0 0
1500 64.4447 58.1935 17.9587 0.158405 0.93724 418.928 0 0
1500 80.9647 42.602 17.9095 0.386406 0.650431 419.176 0 0
1500 112.377 32.313 18.0017 0.85655 0.527507 419.1 0 0
1500 113.871 28.8767 17.9899 0.923547 0.444254 419.087 0 0
1500 129.049 -18.2474 17.8692 1.14203 -0.270716 418.965 0 0
1500 40.6419 -22.586 17.9677 -0.282071 -0.420601 418.967 0 0
1500 21.1233 -3.21045 17.965 -0.582227 -0.120523 419.163 0 0
1500 38.7566 15.5854 17.8964 -0.329672 0.310977 418.956 0 0
1500 56.7436 29.7974 17.8942 -0.0497002 0.530828 419.109 0 0
1500 108.822 61.2988 17.8546 0.747346 1.02168 418.971 0 0
1500 55.9008 37.6666 18.1468 -0.0916759 0.654245 419.11 0 0
1500 97.0675 12.7129 18.0654 0.716344 0.288611 419.112 0 0
1500 115.03 12.4093 17.9535 0.889219 0.217381 419.387 0 0
1500 114.671 13.8022 17.871 0.885242 0.175537 419.386 0 0
1500 110.448 -14.1538 18.2852 0.91096 -0.204148 419.264 0 0
1500 113.912 8.29329 18.107 0.935495 0.164641 419.347 0 0
1500 13.1636 93.5426 17.9667 -0.716101 1.56769 419.246 0 0
1500 81.0248 -14.1232 18.7173 0.482554 -0.191635 419.652 0 0
1500 80.5764 -46.9474 17.9561 0.327869 -0.735157 419.51 0 0
1500 83.3312 3.79571 18.6675 0.555582 0.0303165 419.629 0 0
1500 -70.2871 22.5502 17.8417 -1.99112 0.387137 419.591 0 0
1500 93.5504 -10.6611 18.1985 0.662912 -0.161804 419.569 0 0
1500 48.3432 -6.71648 18.1534 -0.156044 -0.125684 419.765 0 0
1500 87.6496 29.9515 18.174 0.567675 0.47011 419.783 0 0
1500 83.1618 -56.482 17.8002 0.429155 -0.834573 419.831 0 0
1500 64.1568 58.1259 17.9259 0.0774496 0.946749 419.894 0 0
1500 92.4987 -31.7471 18.3577 0.574032 -0.560125 419.857 0 0
1500 100.875 -27.8214 17.9309 0.743764 -0.544506 419.94 0 0
1500 41.5383 17.0949 18.1214 -0.342863 0.380334 419.97 0 0
1500 105.353 -5.26445 18.192 0.834135 -0.079293 420.173 0 0
1500 64.0981 -0.42662 17.8371 0.116427 0.0683661 420.076 0 0
1500 217.742 -35.5315 17.9158 2.62893 -0.517763 420.127 0 0
1500 26.2903 -8.74504 17.9678 -0.598633 -0.209487 420.154 0 0
1500 58.5483 14.7834 17.9235 0.0680445 0.252608 420.327 0 0
1500 -8.71179 14.3718 17.8265 -1.03449 0.15885 420.318 0 0
1500 106.43 -34.2473 18.0336 0.771865 -0.58432 420.406 0 0
1500 18.1752 -44.9076 17.8635 -0.670193 -0.653916 420.537 0 0
1500 84.2475 -10.2729 18.6558 0.490973 -0.193935 420.649 0 0
1500 117.07 26.7178 17.8412 0.87811 0.457282 420.656 0 0
1500 120.305 -19.4645 17.9768 1.00096 -0.305745 420.725 0 0
1500 82.4062 6.73505 17.8601 0.446489 0.148725 420.705 0 0
1500 76.589 0.154583 17.8778 0.31973 0.0761949 420.743 0 0
1500 57.7591 -31.7458 17.9373 0.0516663 -0.496471 420.974 0 0
1500 94.624 5.94451 18.1305 0.619561 0.0843084 420.864 0 0
1500 88.2763 -54.2292 17.9478 0.440751 -0.882033 421.022 0 0
1500 92.7088 -52.9629 17.9116 0.50362 -0.863378 421.114 0 0
1500 74.9536 37.6551 18.0403 0.339842 0.6291 420.993 0 0
1500 164.221 -99.5518 17.8439 1.66547 -1.62725 421.097 0 0
1500 75.1211 5.27423 17.9738 0.310699 0.112396 421.299 0 0
1500 55.4627 -59.0875 17.8091 -0.0933029 -0.897014 421.155 0 0
1500 123.687 9.2366 17.8484 1.03012 0.1777 421.394 0 0
1500 99.3612 -49.3099 17.9396 0.698415 -0.760059 421.257 0 0
1500 127.102 -29.4837 17.8865 1.08537 -0.521168 421.333 0 0
1500 33.6555 -40.9105 17.9393 -0.338511 -0.699796 421.43 0 0
1500 83.1852 -41.0164 17.8267 0.459916 -0.608098 421.212 0 0
1500 105.471 8.02635 17.8207 0.75172 0.19733 421.288 0 0
1500 88.3304 48.4608 17.8947 0.510872 0.862303 421.222 0 0
1500 20.6967 43.7314 18.1063 -0.58866 0.791354 421.337 0 0
1500 36.0489 -3.8693 17.9413 -0.32222 -0.1196 421.543 0 0
1500 20.4928 53.487 17.8581 -0.624493 0.82422 421.651 0 0
1500 52.3206 -6.08963 17.948 -0.111963 -0.163765 421.668 0 0
1500 99.9471 41.4111 17.8944 0.679664 0.602434 421.677 0 0
1500 112.85 -11.6449 17.8166 0.85992 -0.105088 421.702 0 0
1500 63.9013 12.6197 18.8978 0.210347 0.233285 421.806 0 0
1500 21.8157 -19.5363 17.9362 -0.534273 -0.333799 421.795 0 0
1500 128.641 57.1663 17.8224 1.1085 0.85688 421.74 0 0
1500 47.9222 -60.1861 17.8325 -0.194904 -0.919423 421.877 0 0
1500 111.632 -8.25638 18.1039 0.908694 -0.153496 421.888 0 0
1500 75.6774 -62.3363 17.8146 0.338165 -0.952208 421.884 0 0
1500 53.7956 -1.53606 17.8249 0.00501299 -0.0399641 422.125 0 0
1500 93.4484 6.74505 17.8609 0.553583 0.141537 422.305 0 0
1500 98.0892 54.12 17.8336 0.661488 0.793915 422.203 0 0
1500 28.7765 -59.8888 17.9443 -0.44316 -0.949513 422.242 0 0
1500 109.827 27.5051 17.817 0.855888 0.440678 422.33 0 0
1500 34.0913 36.8572 17.9762 -0.358513 0.639988 422.176 0 0
1500 70.684 34.9039 17.9097 0.280658 0.555547 422.083 0 0
1500 53.0399 -87.5162 18.07 -0.0714697 -1.47417 421.988 0 0
1500 65.6054 29.5833 18.0294 0.138215 0.491243 422.391 0 0
1500 112.303 -37.3249 17.8342 0.86718 -0.54367 422.396 0 0
1500 76.2177 38.7663 17.8558 0.278445 0.61605 422.443 0 0
1500 28.8335 59.0127 17.9218 -0.438743 0.924953 422.415 0 0
1500 70.9357 24.1108 18.0306 0.213479 0.41255 422.549 0 0
1500 18.4261 33.0254 17.9298 -0.612523 0.498862 422.724 0 0
1500 67.1433 -33.0193 17.9676 0.118636 -0.575664 422.466 0 0
1500 29.8671 -21.5456 17.925 -0.481787 -0.383235 422.482 0 0
1500 49.4049 3.60592 17.8728 -0.134498 -0.0218021 422.598 0 0
1500 78.4951 66.096 18.0518 0.400068 1.13354 422.803 0 0
1500 118.668 5.66594 17.8541 0.936323 0.122557 422.843 0 0
1500 118.8 23.0278 17.945 0.988301 0.333601 422.937 0 0
1500 67.3984 60.4314 17.8762 0.0758267 0.960614 422.898 0 0
1500 24.6609 -30.2975 17.9615 -0.532524 -0.529638 422.962 0 0
1500 71.3269 58.5722 17.8539 0.22932 0.954635 423.033 0 0
1500 24.0387 2.17184 17.8766 -0.568968 0.0957742 423.044 0 0
1500 81.7756 -23.9476 17.9097 0.41055 -0.326395 423.192 0 0
1500 93.5781 45.1471 17.8566 0.571971 0.687734 423.199 0 0
1500 79.1472 -5.15754 17.9272 0.397758 -0.132137 423.265 0 0
1500 106.855 2.79928 17.8916 0.869547 0.0359922 423.195 0 0
1500 113.878 -26.607 17.9427 0.885651 -0.40973 423.414 0 0
1500 77.3669 -51.6078 17.9144 0.248117 -0.835068 423.448 0 0
1500 63.5525 -2.90663 18.022 0.0340953 -0.0263127 423.516 0 0
1500 56.7792 1.04331 18.0219 -0.0711337 0.035054 423.523 0 0
1500 27.3074 -23.9737 17.8453 -0.467959 -0.453837 423.425 0 0
1500 89.8542 -26.4696 17.9951 0.532857 -0.391412 423.654 0 0
1500 18.4245 -39.8216 17.9541 -0.620567 -0.667443 423.742 0 0
1500 97.8013 -0.941095 18.2501 0.664529 0.014952 423.759 0 0
1500 93.7157 4.21583 18.1726 0.578551 0.112504 423.835 0 0
1500 59.3754 17.0668 18.3721 0.0195538 0.235826 423.832 0 0
1500 59.9297 27.3907 17.8825 0.106726 0.45599 423.786 0 0
1500 23.8658 42.0512 17.8791 -0.585936 0.663923 423.882 0 0
1500 60.3838 -4.0571 18.1385 0.00357075 -0.0358187 423.969 0 0
1500 114.803 6.4501 18.1236 0.953706 0.0652169 424.047 0 0
1500 69.7949 44.6106 17.8272 0.235839 0.740431 424.036 0 0
1500 72.9042 -25.3764 18.3677 0.224194 -0.4075 424.125 0 0
1500 74.1096 -16.1267 18.0029 0.30936 -0.24423 424.282 0 0
1500 53.0482 -32.9571 17.9767 -0.0534398 -0.584978 424.285 0 0
1500 87.9692 -7.58422 17.908 0.489397 -0.138979 424.351 0 0
1500 94.2617 -56.9162 17.89 0.649674 -0.912845 424.474 0 0
1500 81.2772 -6.4679 17.8613 0.448646 -0.083915 424.426 0 0
1500 88.446 7.57398 18.1653 0.50807 0.154911 424.796 0 0
1500 44.0593 3.82635 17.844 -0.265902 0.0548755 424.911 0 0
1500 35.3255 50.4839 17.8766 -0.332469 0.790404 424.725 0 0
1500 75.2759 -63.8101 17.8825 0.267031 -1.0092 425 0 0
1500 49.9738 -63.2518 17.9484 -0.141271 -1.00698 424.719 0 0
1500 -4.95631 -5.4266 17.8585 -0.989062 -0.0214536 424.98 0 0
1500 48.7869 31.0701 18.1882 -0.0994606 0.549637 424.854 0 0
1500 99.2926 -8.36796 17.9978 0.693234 -0.19333 424.726 0 0
1500 32.4332 -39.5124 17.9697 -0.367936 -0.679942 424.866 0 0
1500 56.3774 -24.6734 17.9661 0.0463492 -0.436703 424.697 0 0
1500 126.964 -22.7061 17.8824 1.18598 -0.348269 424.697 0 0
1500 62.9499 12.3524 17.9857 0.126069 0.263209 425.033 0 0
1500 -12.4856 -35.1774 17.8698 -1.13165 -0.617879 425.077 0 0
1500 88.7177 -40.154 18.407 0.575753 -0.778174 425.096 0 0
1500 7.63086 57.3782 17.8108 -0.830758 0.858129 425.148 0 0
1500 122.404 40.6253 17.8554 1.11204 0.661162 425.117 0 0
1500 66.8902 6.4819 18.1713 0.208625 0.138931 425.252 0 0
1500 76.4636 13.5175 17.9815 0.342624 0.192568 425.234 0 0
1500 103.781 -18.8328 17.8429 0.721491 -0.256999 425.188 0 0
1500 81.8646 -13.1409 17.8436 0.421903 -0.264218 425.282 0 0
1500 66.6808 16.7373 18.0625 0.213934 0.245489 425.349 0 0
1500 33.4313 -16.7572 17.8711 -0.357137 -0.303342 425.437 0 0
1500 21.8163 -4.4866 17.8789 -0.570209 -0.0379848 425.714 0 0
1500 84.5983 29.9803 17.8485 0.445677 0.433554 425.696 0 0
1500 97.9833 -8.31449 18.8512 0.783258 -0.0971314 425.618 0 0
1500 116.738 3.25586 17.8625 0.962027 0.0779979 425.715 0 0
1500 65.239 -34.7654 18.0087 0.175998 -0.598317 425.325 0 0
1500 84.2121 14.4758 17.9799 0.453587 0.294407 425.424 0 0
1500 76.8912 -33.6767 17.9387 0.24183 -0.564672 425.67 0 0
1500 66.8142 36.5793 17.8927 0.0965443 0.576038 425.826 0 0
1500 83.3642 40.9476 17.8815 0.356204 0.649759 425.738 0 0
1500 98.6607 13.3059 18.0843 0.657623 0.210241 425.877 0 0
1500 34.1541 -15.988 17.8825 -0.395154 -0.198899 426 0 0
1500 82.4252 52.1739 17.8215 0.416772 0.770481 426.103 0 0
1500 83.4083 62.8825 17.8552 0.336275 0.991174 426.061 0 0
1500 98.85 47.4956 17.86 0.686729 0.741098 426.197 0 0
1500 13.6414 11.6867 17.9106 -0.738789 0.213741 426.049 0 0
1500 65.2251 -46.994 17.9328 0.061326 -0.764431 426.158 0 0
1500 59.1046 46.0041 17.8686 0.0794727 0.758442 426.023 0 0
1500 93.9728 -33.3796 17.8313 0.601091 -0.570614 426.3 0 0
1500 111.568 -41.4689 17.8426 0.791947 -0.686819 426.426 0 0
1500 43.0578 -48.2627 18.0292 -0.21564 -0.806011 426.5 0 0
1500 62.1668 -52.4199 17.9294 0.0144068 -0.843204 426.494 0 0
1500 109.812 19.3825 17.8291 0.841114 0.238064 426.532 0 0
1500 39.927 -23.4509 17.8959 -0.269112 -0.441653 426.429 0 0
1500 46.5495 -1.23325 17.9714 -0.197847 -0.0881791 426.517 0 0
1500 76.9024 -5.59098 17.8357 0.368111 -0.0632461 426.41 0 0
1500 112.336 -37.0975 17.8754 0.851165 -0.598316 426.609 0 0
1500 31.2115 3.20533 17.9674 -0.434814 -0.0190225 426.775 0 0
1500 88.8198 46.4929 18.3549 0.576388 0.852316 426.752 0 0
1500 110.555 16.332 17.9502 0.951836 0.226544 426.782 0 0
1500 84.5218 -51.7026 17.994 0.461471 -0.838931 426.846 0 0
1500 59.5331 7.53291 18.1492 0.0671098 0.204694 426.894 0 0
1500 55.7973 26.7056 18.5513 -0.0270007 0.539475 426.881 0 0
1500 97.6326 -1.74465 17.9135 0.696201 -0.0385227 426.939 0 0
1500 87.2618 -29.7463 17.9129 0.536124 -0.469261 426.989 0 0
1500 49.5234 -2.95496 18.3135 -0.107808 -0.0879797 427.673 0 0
1500 45.2674 8.95476 18.2281 -0.172125 0.175488 427.13 0 0
1500 78.9979 -8.99154 17.9709 0.376695 -0.131622 427.106 0 0
1500 -4.25374 -23.8918 17.8428 -0.953673 -0.325184 427.119 0 0
1500 105.753 -44.8953 17.8451 0.694146 -0.725097 427.58 0 0
1500 129.997 7.5778 17.9463 1.14744 0.113195 427.016 0 0
1500 114.544 -33.9522 17.8924 0.913901 -0.513065 427.476 0 0
1500 86.3245 -53.4418 17.9923 0.486381 -0.86123 427.141 0 0
1500 113.539 24.7126 17.9612 0.879807 0.43919 427.38 0 0
1500 64.1724 -58.35 17.921 0.0596669 -0.941235 427.031 0 0
1500 53.3102 -63.747 17.9211 -0.118402 -0.997655 427.689 0 0
1500 1.94889 -8.69026 17.9865 -0.896949 -0.155588 427.133 0 0
1500 24.9512 -45.3691 17.9467 -0.553136 -0.719324 426.997 0 0
1500 98.6967 8.46069 18.0888 0.72576 0.149185 427.117 0 0
1500 104.649 36.539 17.8 0.692208 0.630935 427.341 0 0
1500 29.8582 -29.717 17.9593 -0.451592 -0.524485 427.375 0 0
1500 35.9624 -22.799 17.9641 -0.359896 -0.420637 427.004 0 0
1500 7.44837 18.6701 17.8148 -0.816012 0.218579 427.297 0 0
1500 100.303 -29.1748 17.82 0.720108 -0.423925 427.664 0 0
1500 20.6197 -7.59408 17.8119 -0.631228 -0.179613 427.15 0 0
1500 10.4317 15.2826 17.9045 -0.849118 0.196296 427.138 0 0
1500 104.624 -45.8668 17.9409 0.754548 -0.726999 428.089 0 0
1500 90.2855 -57.6939 17.857 0.492796 -0.925225 428.016 0 0
1500 33.4006 -126.427 17.828 -0.430183 -2.0113 428.124 0 0
1500 63.1927 -39.7039 18.3913 0.099339 -0.842165 427.801 0 0
1500 34.8436 -36.5344 17.9647 -0.345744 -0.573792 428.804 0 0
1500 69.2635 55.3317 17.823 0.211747 0.842279 428.914 0 0
1500 -4.41897 0.985204 17.8637 -0.980035 0.0758857 428.307 0 0
1500 28.8642 -46.5636 17.8004 -0.494662 -0.770943 428.273 0 0
1500 57.8545 -50.7945 17.9923 -0.0515787 -0.802286 428.597 0 0
1500 56.3075 -8.97314 18.1328 -0.05752 -0.105602 428.779 0 0
1500 43.482 7.46247 18.1308 -0.254931 0.147726 428.905 0 0
1500 75.3166 36.3917 17.858 0.200955 0.597988 428.85 0 0
1500 58.6565 -1.17007 17.8761 0.0465312 -0.0893077 428.445 0 0
1500 41.5151 -28.3073 18.0228 -0.283022 -0.511779 428.527 0 0
1500 132.655 -2.98836 17.9265 1.27081 0.00507749 428.622 0 0
1500 73.3848 36.5911 17.9141 0.285171 0.677162 428.83 0 0
1500 32.0076 41.8648 17.8516 -0.354806 0.706685 428.955 0 0
1500 139.934 -35.9443 17.9408 1.44573 -0.617281 429.031 0 0
1500 112.091 -0.619384 18.0764 0.905013 -0.0553591 429.054 0 0
1500 93.0546 -56.2396 17.7946 0.476933 -0.904293 429.306 0 0
1500 49.3187 52.2932 18.0661 -0.124697 0.860163 429.067 0 0
1500 107.195 18.3868 17.8846 0.822885 0.240993 429.269 0 0
1500 39.4478 23.803 18.1261 -0.315513 0.397435 429.224 0 0
1500 57.5293 41.0556 17.9944 0.0515252 0.69573 429.478 0 0
1500 62.3505 -45.9187 17.8152 0.0224283 -0.772801 429.227 0 0
1500 28.1986 54.0046 17.9925 -0.436685 0.933889 429.135 0 0
1500 62.156 -36.3368 18.5265 0.0910493 -0.6535 429.463 0 0
1500 106.628 -40.6212 18.0629 0.804597 -0.647017 429.721 0 0
1500 46.077 -84.4365 17.8966 -0.182683 -1.35578 429.723 0 0
1500 87.4775 -10.8226 17.9629 0.535818 -0.209188 429.593 0 0
1500 90.5806 7.96156 17.9199 0.567174 0.197354 429.585 0 0
1500 69.4407 -0.194229 18.0489 0.208233 0.0431235 429.767 0 0
1500 61.7849 37.4117 18.4395 0.0992537 0.768626 429.773 0 0
1500 65.1111 65.101 17.7948 0.0871639 1.02658 429.84 0 0
1500 19.5294 54.6234 17.9182 -0.594735 0.859576 429.978 0 0
1500 42.0935 64.607 17.8601 -0.27237 1.01 429.933 0 0
1500 69.4372 62.2636 17.882 0.203007 1.00114 429.888 0 0
1500 77.5083 -17.4532 18.2666 0.363343 -0.340812 429.89 0 0
1500 108.018 9.40698 17.9882 0.817809 0.208907 430.064 0 0
1500 69.8875 4.35549 18.0636 0.25967 0.128961 430.104 0 0
1500 69.6781 -16.4419 18.5572 0.235472 -0.288732 430.286 0 0
1500 83.4111 21.3735 17.8361 0.407199 0.349605 430.152 0 0
1500 112.173 -5.66606 17.8344 0.826945 -0.0339802 430.353 0 0
1500 45.3443 -63.9653 17.9181 -0.226157 -1.00629 430.246 0 0
1500 91.8025 -6.67242 18.3629 0.642249 -0.0603276 430.403 0 0
1500 45.1195 -55.6086 17.8071 -0.23989 -0.909572 430.126 0 0
1500 4.59564 -1.61006 18.0275 -0.856893 -0.0367117 430.46 0 0
1500 104.682 -10.4894 18.1269 0.836671 -0.173332 430.119 0 0
1500 93.6019 -35.247 17.9523 0.543087 -0.628811 430.174 0 0
1500 87.038 3.29933 18.5666 0.59533 0.116954 430.228 0 0
1500 6.59815 -53.2341 17.8394 -0.773959 -0.790421 430.536 0 0
1500 124.154 18.3228 17.9804 1.13116 0.357256 430.577 0 0
1500 84.6103 -8.80471 18.1681 0.43512 -0.184512 430.95 0 0
1500 66.5342 -38.2822 17.8922 0.141264 -0.607682 430.698 0 0
1500 -2.23354 26.8994 17.8033 -0.950222 0.341536 430.798 0 0
1500 115.16 7.63457 17.9764 0.89338 0.146688 431.342 0 0
1500 -0.480317 18.7357 17.8661 -0.878749 0.327766 431.473 0 0
1500 85.4719 -94.6065 17.7959 0.477327 -1.41794 431.521 0 0
1500 82.1319 -61.1303 17.8022 0.318158 -0.978905 431.109 0 0
1500 42.6734 52.0507 17.8946 -0.264479 0.855864 431.337 0 0
1500 68.1145 71.1312 17.8736 0.233549 1.13534 431.046 0 0
1500 44.1655 52.5302 17.9839 -0.200463 0.93845 431.456 0 0
1500 107.174 17.1406 18.2122 0.909373 0.229916 431.275 0 0
1500 82.6046 29.9221 18.3878 0.499013 0.65744 431.376 0 0
1500 -1.90261 -27.7437 17.8012 -0.933137 -0.474793 431.66 0 0
1500 19.7854 -15.9195 17.9897 -0.590746 -0.317083 431.551 0 0
1500 72.4402 28.0685 17.9806 0.245788 0.455956 432.287 0 0
1500 24.1531 21.2081 17.8139 -0.494835 0.369232 432.391 0 0
1500 -7.2845 23.5117 17.8013 -1.00535 0.284627 432.179 0 0
1500 53.9 -0.362102 18.7406 -0.00448411 -0.0423182 432.354 0 0
1500 37.0271 55.9543 17.8906 -0.34736 0.907502 431.896 0 0
1500 112.22 3.68712 18.2852 0.962778 0.0082091 432.119 0 0
1500 43.2766 49.8417 17.8945 -0.289377 0.830947 432.154 0 0
1500 118.47 115.879 17.9612 1.02003 1.93721 432.34 0 0
1500 73.103 -66.2441 18.0353 0.210678 -1.14869 432.286 0 0
1500 106.935 6.7476 17.9491 0.87955 0.169931 431.95 0 0
1500 40.6426 20.9895 17.85 -0.262352 0.404722 432.757 0 0
1500 129.592 -49.0083 17.9249 1.1896 -0.819165 432.559 0 0
1500 121.911 13.5528 17.9016 1.12044 0.199464 432.738 0 0
1500 45.8649 12.1308 18.3928 -0.245127 0.21198 432.779 0 0
1500 48.761 49.9776 17.9249 -0.150881 0.764992 432.948 0 0
1500 115.294 -15.0685 17.8395 0.888437 -0.184944 433.069 0 0
1500 100.151 -45.0259 17.881 0.695173 -0.725715 433.157 0 0
1500 107.109 22.0273 18.0854 0.845092 0.313824 433.063 0 0
1500 13.2661 21.3722 17.8547 -0.693036 0.404337 432.919 0 0
1500 19.5168 -16.174 17.8995 -0.609755 -0.322356 433.107 0 0
1500 55.3801 -30.56 17.9612 -0.0891096 -0.445526 433.428 0 0
1500 46.1393 -59.8255 17.8066 -0.213241 -0.925348 433.562 0 0
1500 111.084 38.2491 17.8939 0.870713 0.572201 433.389 0 0
1500 79.8521 63.2669 17.8269 0.297352 1.00522 433.644 0 0
1500 173.097 65.8888 17.8018 1.70687 1.05629 433.652 0 0
1500 17.5989 -51.1201 17.8901 -0.618208 -0.830412 433.916 0 0
1500 113.548 -24.5688 17.7944 0.874678 -0.437545 434.037 0 0
1500 91.9094 -39.1578 17.8932 0.501636 -0.670646 433.686 0 0
1500 71.656 45.4954 17.8383 0.217887 0.77535 433.697 0 0
1500 85.9719 31.2187 17.8423 0.440247 0.559107 433.338 0 0
1500 106.916 -5.56613 17.9135 0.832773 -0.0744038 434.245 0 0
1500 99.6709 -3.04017 17.9298 0.671408 0.0281412 433.75 0 0
1500 50.4934 6.02461 18.0459 -0.13582 0.0308414 433.486 0 0
1500 23.4299 -21.573 17.839 -0.541695 -0.410993 433.817 0 0
1500 87.024 11.4292 17.8267 0.525256 0.207579 433.22 0 0
1500 111.86 1.616 17.8913 0.878766 -0.0408548 434.304 0 0
1500 47.7721 5.76017 18 -0.16624 0.0172347 434.15 0 0
1500 57.9692 7.80512 17.8357 -0.0758651 0.151536 434.224 0 0
1500 88.8512 -0.485697 18.0761 0.551846 -0.0845429 433.57 0 0
1500 145.068 -5.23433 17.9763 1.48642 -0.0244458 433.574 0 0
1500 28.6069 -2.67315 17.8236 -0.45459 -0.0964443 434.519 0 0
1500 131.383 35.7416 17.838 1.09878 0.554493 434.735 0 0
1500 86.5162 -10.3835 18.7157 0.602598 -0.147061 434.855 0 0
1500 118.3 29.9339 17.8783 0.939814 0.488847 435.001 0 0
1500 118.286 -0.0804987 18.1571 1.00683 -0.0103351 434.844 0 0
1500 88.0554 59.1907 17.8071 0.507461 0.91661 434.777 0 0
1500 115.481 -1.25605 17.8431 0.94291 -0.0501074 434.541 0 0
1500 103.728 33.8018 17.8048 0.701734 0.59118 434.963 0 0
1500 112.817 19.0306 17.8049 0.840384 0.366003 434.957 0 0
1500 18.8079 -17.6349 17.9457 -0.654798 -0.233035 434.65 0 0
1500 77.2788 -13.3973 18.0144 0.392939 -0.23421 435.01 0 0
1500 130.913 1.20641 18.0702 1.2634 -0.0260347 434.793 0 0
1500 87.5052 -68.381 18.0023 0.547284 -1.15843 434.721 0 0
1500 23.042 3.02165 17.824 -0.533119 -0.0167222 435.366 0 0
1500 18.1813 50.1006 17.8276 -0.58986 0.8268 435.217 0 0
1500 90.0865 -15.4115 18.0088 0.587025 -0.263629 435.427 0 0
1500 125.854 -103.514 17.8793 1.13347 -1.61926 435.418 0 0
1500 56.3506 -22.1318 17.9414 -0.0699159 -0.34609 435.593 0 0
1500 116.975 -26.4241 17.8239 0.881719 -0.47302 435.6 0 0
1500 45.2868 23.445 18.0177 -0.154153 0.376075 436.547 0 0
1500 75.2922 1.36003 18.6417 0.392714 0.0392987 435.87 0 0
1500 80.2663 -19.0084 19.0257 0.456096 -0.315331 437.163 0 0
1500 60.7117 10.4268 18.2999 0.0798928 0.209519 437.034 0 0
1500 90.9789 -1.41137 18.0582 0.526876 0.0357871 437.336 0 0
1500 54.2064 6.53978 17.9162 -0.0816372 0.150205 437.405 0 0
1500 96.7448 -11.3085 17.8177 0.610212 -0.134011 436.308 0 0
1500 106.943 11.1299 17.9067 0.773727 0.162433 436.485 0 0
1500 79.5685 29.1018 17.8492 0.278815 0.475256 437.12 0 0
1500 58.9659 54.7244 17.819 0.0729178 0.818201 437.424 0 0
1500 87.9045 -59.897 17.8821 0.426462 -0.956136 435.833 0 0
1500 120.948 25.6207 17.8258 0.942529 0.454301 435.95 0 0
1500 119.044 16.3217 17.9053 0.9647 0.246077 437.856 0 0
1500 97.7501 4.84047 18.6601 0.758734 0.105095 437.157 0 0
1500 -1.0177 30.8979 17.7986 -0.879564 0.537292 436.136 0 0
1500 94.25 52.2763 17.9434 0.625336 0.805525 437.098 0 0
1500 65.6977 -18.612 18.185 0.113973 -0.343458 435.82 0 0
1500 48.1332 -26.4928 18.0411 -0.201416 -0.422911 435.639 0 0
1500 49.7223 -17.0714 17.8437 -0.130177 -0.340701 435.948 0 0
1500 87.6637 -12.7371 17.8396 0.452969 -0.272208 436.323 0 0
1500 64.0721 10.0999 18.0184 0.0581924 0.207294 435.82 0 0
1500 -3.44296 3.01184 17.8289 -0.951477 0.118571 437.432 0 0
1500 31.5818 -0.745309 17.9806 -0.462985 0.0160429 436.098 0 0
1500 59.7393 -1.56028 17.9779 0.00271765 0.0416108 436.005 0 0
1500 82.2361 21.0822 17.8698 0.408162 0.39941 436.26 0 0
1500 38.62 44.0319 17.8613 -0.265962 0.747487 436.963 0 0
1500 11.8111 46.6108 17.8166 -0.789534 0.682972 436.082 0 0
1500 83.0634 17.9188 17.8792 0.431662 0.345881 436.736 0 0
1500 26.6861 14.1536 17.9104 -0.526609 0.276941 437.278 0 0
1500 47.7603 28.8774 17.912 -0.200942 0.50566 437.16 0 0
1500 30.2749 -0.51792 17.9139 -0.472961 0.0501587 437.022 0 0
1500 101.251 -20.3861 17.8204 0.737833 -0.293983 437.677 0 0
1500 79.8792 36.3733 17.9082 0.412245 0.597936 437.856 0 0
1500 90.8802 15.396 17.8428 0.567359 0.290614 437.367 0 0
1500 -35.6037 -104.166 17.8221 -1.46132 -1.70592 437.278 0 0
1500 -7.1683 -17.1706 17.9335 -1.07325 -0.336246 436.61 0 0
1500 87.7142 69.2532 18.0588 0.546465 1.18527 435.683 0 0
1500 119.259 -69.2686 18.0926 1.05783 -1.17572 436.198 0 0
1500 56.4318 -30.7694 18.2663 -0.0593786 -0.505451 435.638 0 0
1500 75.8186 -32.572 18.2159 0.257468 -0.552583 437.739 0 0
1500 100.732 32.7182 18.1604 0.726972 0.603333 437.908 0 0
1500 86.7384 2.66147 18.2276 0.553076 0.109475 437.601 0 0
1500 116.997 7.83411 18.0307 1.08986 0.110098 436.274 0 0
1500 56.9197 20.5638 18.7399 0.0220841 0.399138 437.808 0 0
1500 124.214 53.441 18.0789 1.11504 0.993824 437.119 0 0
1500 87.7721 -20.384 18.3596 0.581837 -0.446599 436.968 0 0
1500 76.6436 -7.15433 18.2331 0.279869 -0.200083 436.516 0 0
1500 78.4956 -17.8046 18.6896 0.43897 -0.268883 437.971 0 0
1500 65.9071 61.712 17.8669 0.157027 0.951842 437.921 0 0
1500 105.223 13.3977 17.8391 0.799648 0.221777 438.151 0 0
1500 113.976 -28.3745 18.1148 1.02787 -0.577785 438.327 0 0
1500 75.094 1.1984 18.1047 0.334493 0.000753229 438.932 0 0
1500 49.5058 14.02 18.1443 -0.126179 0.245017 440.066 0 0
1500 89.957 -19.7342 17.8901 0.495942 -0.334896 438.933 0 0
1500 68.9103 -18.7029 18.6054 0.238308 -0.319348 442.892 0 0
1500 80.1438 47.4428 17.9237 0.341656 0.742521 439.267 0 0
1500 81.7122 -13.1433 18.1838 0.408901 -0.240964 441.072 0 0
1500 82.8301 4.14004 18.6691 0.494148 0.0868395 443.394 0 0
1500 54.2464 -8.13865 17.9998 -0.0592827 -0.177828 441.463 0 0
1500 98.9866 30.2379 17.918 0.613188 0.495887 440.595 0 0
1500 85.0845 57.116 17.908 0.424233 0.89384 439.252 0 0
1500 61.2797 -36.077 17.8582 0.0226933 -0.573604 441.466 0 0
1500 86.5031 -13.4015 18.2862 0.477528 -0.245272 443.224 0 0
1500 55.8067 16.4886 18.5037 0.0319425 0.288079 444.63 0 0
1500 71.2115 12.4171 18.5214 0.262125 0.235436 444.653 0 0
1500 53.1821 -16.1202 17.9095 -0.0109034 -0.261111 444.628 0 0
1500 100.395 -42.3891 17.8834 0.68292 -0.634015 440.686 0 0
1500 25.4704 -44.7174 17.9058 -0.506699 -0.685102 441.29 0 0
1500 46.8466 -9.24571 17.8456 -0.159909 -0.201409 441.888 0 0
1500 68.8012 31.8467 17.9391 0.161829 0.525002 441.349 0 0
1500 61.6027 -64.5914 17.9262 0.0743706 -1.00752 440.306 0 0
1500 46.9243 4.8796 18.0184 -0.185553 0.112669 443.598 0 0
1500 1.61108 36.0508 17.855 -0.890925 0.51172 440.273 0 0
1500 78.5849 58.4139 17.8527 0.327144 0.911099 441.053 0 0
1500 54.9503 47.9265 17.8633 -0.0140492 0.74548 442.363 0 0
1500 76.4043 57.1554 17.8543 0.294521 0.889533 441.316 0 0
1500 91.6635 -12.4043 18.6276 0.6159 -0.256532 439.47 0 0
1500 50.7586 -64.3112 17.9012 -0.138208 -0.989149 441.008 0 0
1500 72.6857 31.411 18.0585 0.266423 0.49721 444.136 0 0
1500 16.6189 46.8203 17.8096 -0.605056 0.779521 438.519 0 0
1500 109.884 -28.0252 17.9955 0.827313 -0.427859 442.58 0 0
1500 120.459 -6.55753 17.9904 1.01713 -0.126252 439.902 0 0
1500 116.351 -4.98341 17.9934 0.965505 -0.103894 439.251 0 0
1500 98.6414 -37.3029 17.9961 0.704308 -0.591777 438.852 0 0
1500 -10.6213 -16.6631 17.8288 -1.0711 -0.240266 441.259 0 0
1500 22.6505 54.5098 17.8917 -0.552577 0.845491 441.544 0 0
1500 45.773 65.8829 17.8897 -0.219449 1.02197 440.774 0 0
1500 31.73 39.4263 17.9051 -0.409977 0.610459 443.364 0 0
1500 36.933 61.2567 17.8921 -0.344846 0.942185 441.633 0 0
1500 90.1349 -3.14963 17.8306 0.518214 -0.0262454 443.764 0 0
1500 78.3379 45.488 17.9914 0.391728 0.725622 439.099 0 0
1500 121.344 9.69185 17.8249 1.00491 0.195413 439.599 0 0
1500 79.218 34.2605 18.1379 0.414707 0.575512 438.747 0 0
1500 102.695 23.7941 18.131 0.763472 0.412364 439.417 0 0
1500 79.6692 44.7747 18.1323 0.418187 0.72931 439.277 0 0
1500 73.4023 -21.8992 18.9643 0.327096 -0.37785 440.941 0 0
1500 76.8531 10.4484 18.1939 0.412047 0.157145 438.517 0 0
1500 113.182 18.5049 17.8324 0.862488 0.251014 442.878 0 0
1500 93.2863 38.5963 17.8351 0.615799 0.575797 438.477 0 0
1500 77.725 62.6686 17.7978 0.354207 0.926665 442.096 0 0
1500 73.5497 44.1783 17.9125 0.313328 0.717548 438.687 0 0
1500 72.9683 -42.8865 18.0245 0.26289 -0.670091 444.47 0 0
1500 69.6983 5.18711 17.8493 0.217861 0.115964 445.243 0 0
1500 113.544 34.4271 17.8214 0.869654 0.54926 442.041 0 0
1500 40.5741 43.4 17.8644 -0.208516 0.719907 439.121 0 0
1500 116.562 0.910238 17.8701 0.912875 0.0365778 443.752 0 0
1500 65.7391 37.8134 17.8819 0.19812 0.610171 438.704 0 0
1500 37.47 -58.583 17.8853 -0.350604 -0.952738 439.864 0 0
1500 111.846 -20.3422 18.0941 0.907591 -0.353264 440.573 0 0
1500 78.1156 16.1008 18.1443 0.420023 0.290368 438.589 0 0
1500 80.6824 -2.07596 18.7321 0.443508 -0.0557603 452.524 0 0
1500 62.8888 44.5652 17.9987 0.0238512 0.706756 440.071 0 0
1500 59.3715 -72.84 17.9286 0.029049 -1.16238 441.801 0 0
1500 98.1197 -39.0707 18.1121 0.682252 -0.643734 441.775 0 0
1500 74.9651 -24.6577 18.1278 0.344027 -0.438335 440.242 0 0
1500 117.577 11.7903 17.9453 0.951769 0.25659 439.731 0 0
1500 118.148 14.3003 17.8266 0.930694 0.24505 444.078 0 0
1500 92.7585 11.711 18.2814 0.576887 0.250062 441.752 0 0
1500 78.822 24.6475 18.7589 0.394107 0.427781 442.915 0 0
1500 30.071 52.6783 17.8069 -0.465023 0.799777 444.417 0 0
1500 67.0914 -44.8427 18.0014 0.202765 -0.719331 442.946 0 0
1500 111.1 -38.8165 17.9816 0.836745 -0.628546 443.638 0 0
1500 106.659 -30.453 17.987 0.793825 -0.520717 441.742 0 0
1500 36.9204 8.98158 17.8806 -0.338072 0.219586 438.91 0 0
1500 88.4024 56.3526 17.8659 0.489617 0.876432 444.367 0 0
1500 73.8344 0.697916 17.8914 0.299184 0.0736861 439.521 0 0
1500 96.4531 45.4471 17.8698 0.600372 0.710878 445.069 0 0
1500 105.887 -30.0621 18.0939 0.794651 -0.510352 442.405 0 0
1500 79.3727 -60.2341 17.8053 0.38354 -0.882707 443.977 0 0
1500 112.054 20.2729 17.8066 0.887169 0.304438 442.034 0 0
1500 64.5155 4.41752 17.8305 0.159129 0.0610261 446.95 0 0
1500 96.1989 50.8254 17.804 0.637188 0.751675 443.19 0 0
1500 106.587 1.54942 17.8113 0.801893 -0.0334703 440.193 0 0
1500 62.1267 9.26045 18.0074 0.145413 0.127058 448.056 0 0
1500 88.6223 -9.35749 17.9988 0.56951 -0.14543 440.826 0 0
1500 62.0947 -26.7429 18.0095 0.00888269 -0.425031 440.653 0 0
1500 54.0683 67.0868 17.8363 -0.00779924 1.0532 443.272 0 0
1500 10.2495 18.0492 17.8093 -0.741014 0.301161 446.177 0 0
1500 32.0398 12.5734 17.8591 -0.416159 0.130964 447.487 0 0
1500 118.8 -26.2597 17.9031 0.992421 -0.396271 443.193 0 0
1500 80.3457 16.9735 18.2944 0.423826 0.261999 449.069 0 0
1500 28.2738 55.7837 17.8677 -0.51312 0.859194 442.776 0 0
1500 80.3556 -54.4709 17.9211 0.318832 -0.849228 446.396 0 0
1500 81.5996 -14.3939 17.9378 0.365217 -0.299702 440.919 0 0
1500 95.6887 -18.1421 17.9312 0.579308 -0.355111 441.415 0 0
1500 26.8245 -21.2577 17.933 -0.481842 -0.403983 441.269 0 0
1500 63.6258 -24.675 17.9391 0.0777321 -0.413084 448.113 0 0
1500 39.4426 20.1334 18.1282 -0.283212 0.310259 448.868 0 0
1500 31.8383 60.3258 17.9852 -0.377567 1.04909 438.575 0 0
1500 128.472 -39.7576 17.7979 1.10042 -0.617214 444.682 0 0
1500 109.266 -40.848 17.9827 0.819492 -0.652624 445.357 0 0
1500 33.6985 42.2747 18.0748 -0.452361 0.68842 438.762 0 0
1500 83.2058 31.2394 18.2139 0.436821 0.510133 447.374 0 0
1500 100.17 18.2747 17.8737 0.677121 0.353964 442.228 0 0
1500 77.4372 15.9971 18.3489 0.394988 0.226567 450.358 0 0
1500 48.0828 -25.6772 17.8359 -0.105146 -0.459528 441.322 0 0
1500 86.4468 -14.3036 17.8348 0.444871 -0.254207 448.335 0 0
1500 81.5604 -25.9136 18.0198 0.411524 -0.470186 442.444 0 0
1500 98.1843 -12.626 18.0446 0.711558 -0.164322 443.179 0 0
1500 101.445 -13.716 18.0715 0.691051 -0.237571 449.063 0 0
1500 65.5715 -63.7441 17.8495 0.129146 -0.997382 446.536 0 0
1500 58.2945 41.3672 17.9026 -0.0574933 0.678566 442.078 0 0
1500 56.3919 16.4894 18.1617 0.00980484 0.331126 442.774 0 0
1500 138.898 10.2891 17.8647 1.31062 0.184638 443.476 0 0
1500 113.709 -25.0938 18.0586 0.912341 -0.423054 445.332 0 0
1500 94.2732 -39.9822 18.0638 0.631679 -0.652293 444.487 0 0
1500 77.671 -17.2582 18.0189 0.360839 -0.219736 450.002 0 0
1500 5.16226 28.5233 17.8211 -0.829321 0.386751 447.745 0 0
1500 9.9639 -32.8708 17.8188 -0.801385 -0.52335 444.176 0 0
1500 0.383931 -14.5314 17.8203 -0.899368 -0.232984 447.644 0 0
1500 92.4441 -30.0118 18.2516 0.637271 -0.488269 444.947 0 0
1500 92.238 10.8401 17.9798 0.622028 0.164329 443.5 0 0
1500 119.829 -6.41409 17.9625 1.01321 -0.0977841 445.622 0 0
1500 47.5548 -7.33792 17.9076 -0.232208 -0.100233 442.781 0 0
1500 122.533 55.7274 17.9599 1.13419 0.930991 440.289 0 0
1500 145.696 4.56012 18.1235 1.53425 0.0983696 440.255 0 0
1500 26.8368 -27.1117 18.0346 -0.526476 -0.402455 444.218 0 0
1500 114.392 34.0129 17.8072 0.898607 0.457781 445.363 0 0
1500 94.8585 -41.2884 17.8121 0.6121 -0.684092 444.547 0 0
1500 91.71 -41.7073 18.1233 0.561032 -0.698927 445.719 0 0
1500 128.49 33.5757 17.8613 1.1533 0.474079 443.976 0 0
1500 118.231 -10.1529 18.1179 0.995321 -0.182106 446.769 0 0
1500 81.4044 44.5016 18.1074 0.365063 0.743267 445.357 0 0
1500 107.361 19.4006 18.0443 0.840897 0.32284 445.618 0 0
1500 47.7045 -6.21903 18.3946 -0.129589 -0.153825 445.256 0 0
1500 42.6517 19.4419 18.1639 -0.240851 0.278961 452.067 0 0
1500 70.8503 6.27806 18.164 0.302159 0.141926 444.598 0 0
1500 70.3145 -35.246 17.9525 0.267393 -0.5959 443.76 0 0
1500 56.5334 20.5239 18.445 -0.0169698 0.31332 445.768 0 0
1500 114.768 11.0609 17.832 0.873712 0.244094 445.352 0 0
1500 40.4856 54.8824 17.8398 -0.311305 0.892057 445.743 0 0
1500 111.551 -109.15 17.8129 0.820756 -1.64504 448.609 0 0
1500 83.2662 35.7312 18.2673 0.391378 0.634968 440.33 0 0
1500 13.3924 5.55363 17.9029 -0.786673 0.0306037 441.145 0 0
1500 35.2338 4.2883 18.1122 -0.358934 0.128791 445.017 0 0
1500 83.3106 26.9446 17.9272 0.341739 0.44385 451.5 0 0
1500 71.9671 2.31212 18.3394 0.293887 -0.0206715 453.608 0 0
1500 95.1337 -56.2381 17.9004 0.537304 -0.900034 448.103 0 0
1500 99.438 -18.6539 18.1204 0.718823 -0.335397 446.435 0 0
1500 107.094 31.6571 17.8565 0.784931 0.544516 446.431 0 0
1500 22.831 57.4436 17.8163 -0.592784 0.863845 448.071 0 0
1500 54.6464 -37.7785 17.8375 -0.129158 -0.571199 444.718 0 0
1500 77.2232 -14.0076 18.0038 0.354982 -0.205828 452.311 0 0
1500 35.9441 -121.794 17.9321 -0.392277 -2.01123 443.23 0 0
1500 90.7881 56.4534 17.8407 0.448635 0.892208 449.031 0 0
1500 72.2913 9.95944 17.8667 0.169597 0.201384 452.238 0 0
1500 105.72 39.9636 17.843 0.685648 0.668286 447.22 0 0
1500 74.6851 60.3097 17.8411 0.216882 0.967606 447.699 0 0
1500 133.162 21.1047 17.9689 1.30825 0.341959 442.638 0 0
1500 6.62348 -75.6203 17.8548 -0.821935 -1.16423 448.264 0 0
1500 15.5395 -7.16315 17.9205 -0.775493 -0.154425 441.62 0 0
1500 101.988 -3.62366 18.1047 0.71768 -0.0548262 452.608 0 0
1500 94.0961 20.833 18.1776 0.584223 0.345777 453.025 0 0
1500 65.1357 -17.7112 18.1474 0.0620029 -0.279007 440.853 0 0
1500 102.523 -30.7193 18.1456 0.758981 -0.513843 448.094 0 0
1500 130.259 12.1928 17.9353 1.26374 0.222245 442.408 0 0
1500 114.896 29.0347 17.8389 0.919644 0.393942 447.832 0 0
1500 118.262 -9.04631 18.0689 1.07996 -0.130276 443.017 0 0
1500 163.004 -55.5787 18.0304 1.80731 -0.967663 442.142 0 0
1500 98.0402 3.51369 17.9999 0.691428 -0.0215474 442.24 0 0
1500 58.7792 -10.0317 18.2239 0.0369897 -0.203381 454.579 0 0
1500 35.0714 67.3453 17.882 -0.303864 1.09924 446.76 0 0
1500 52.2203 7.74808 18.3871 -0.0496787 0.18905 446.707 0 0
1500 39.2362 -51.4563 17.8267 -0.366677 -0.770036 445.715 0 0
1500 16.1824 1.06233 17.8091 -0.722276 0.046409 446.48 0 0
1500 5.28289 -37.2334 17.7968 -0.836115 -0.512386 450.714 0 0
1500 0.944305 -32.4052 17.7938 -0.927176 -0.456106 448.628 0 0
1500 24.5644 46.1366 17.8718 -0.529093 0.79946 446.116 0 0
1500 35.9196 7.54141 17.8479 -0.362076 0.194049 446.293 0 0
1500 101.15 -32.5352 17.8727 0.645913 -0.500427 454.543 0 0
1500 68.4469 27.8379 18.0839 0.248212 0.480317 447.474 0 0
1500 80.1239 14.1851 18.0025 0.425264 0.177577 447.991 0 0
1500 62.898 46.2876 17.8552 0.111361 0.714291 452.97 0 0
1500 87.6052 11.0125 17.8611 0.506024 0.23523 446.75 0 0
1500 84.1832 -2.25057 18.1616 0.516049 -0.0138987 448.049 0 0
1500 118.051 4.24683 17.9562 0.944074 0.0853392 452.324 0 0
1500 5.11459 -34.2432 17.8534 -0.818003 -0.54147 451.644 0 0
1500 34.5701 -56.3497 17.8556 -0.3897 -0.857008 451.999 0 0
1500 71.8505 14.6275 18.2701 0.1827 0.277749 439.673 0 0
1500 97.0703 -29.2624 17.9208 0.622643 -0.536885 446.563 0 0
1500 74.9967 -49.7818 18.0946 0.288067 -0.824818 449.187 0 0
1500 -16.3178 68.6157 18.0195 -1.24142 1.22136 442.969 0 0
1500 66.3392 44.9984 18.1176 0.199722 0.748469 448.808 0 0
1500 84.3929 21.5266 18.0848 0.507589 0.35645 448.252 0 0
1500 86.0716 -27.3171 17.8559 0.512064 -0.437142 447.49 0 0
1500 123.279 12.0699 17.85 1.02033 0.117954 449.759 0 0
1500 -0.159516 14.1389 17.8983 -0.941905 0.223845 449.213 0 0
1500 24.2517 16.7066 17.9148 -0.534625 0.244568 454.09 0 0
1500 55.2352 53.4275 17.8645 -0.04788 0.889437 448.637 0 0
1500 86.0688 52.4223 17.8607 0.41859 0.86736 449.149 0 0
1500 45.9174 61.0682 17.8603 -0.180011 0.953802 452.218 0 0
1500 -5.90388 7.6869 17.8196 -0.973687 0.168382 451.93 0 0
1500 31.937 14.8464 17.8388 -0.4552 0.292056 447.271 0 0
1500 61.0719 47.0667 17.8297 -0.001606 0.784687 448.006 0 0
1500 95.0537 56.8634 17.8167 0.505561 0.906985 450.047 0 0
1500 66.0857 63.821 17.8197 0.0712311 0.982752 451.961 0 0
1500 44.5089 6.13347 18.3593 -0.199805 0.0680676 450.738 0 0
1500 -6.68142 -16.9585 17.8448 -0.999648 -0.301991 451.135 0 0
1500 37.6939 -51.2817 17.8433 -0.268334 -0.847335 448.895 0 0
1500 92.6312 -51.5647 17.88 0.598131 -0.799295 449.973 0 0
1500 113.546 -27.2167 17.8815 0.87642 -0.416583 452.695 0 0
1500 80.4642 9.22263 17.9023 0.430257 0.117736 447.673 0 0
1500 98.9728 -10.8446 17.8927 0.710126 -0.192256 448.402 0 0
1500 103.016 1.25587 17.8938 0.709439 -0.00562903 454.164 0 0
1500 123.214 12.1733 17.9729 1.09315 0.284219 443.762 0 0
1500 50.7592 10.6489 18.3657 -0.0684594 0.204513 456.947 0 0
1500 -6.62495 8.41649 17.8798 -1.04024 0.137909 449.873 0 0
1500 144.311 16.1586 18.3785 1.56242 0.291378 444.059 0 0
1500 169.536 38.2337 17.8606 1.73387 0.606518 450.539 0 0
1500 73.2103 9.37705 18.0061 0.333932 0.189499 444.779 0 0
1500 43.3903 3.15688 18.2428 -0.225735 0.101039 448.819 0 0
1500 48.6853 -6.18231 18.2438 -0.144813 -0.0419928 448.752 0 0
1500 95.9148 -34.4877 17.828 0.643681 -0.527881 450.199 0 0
1500 105.988 0.0368146 17.831 0.765637 -0.00940884 452.741 0 0
1500 -12.9525 -10.447 17.875 -1.16835 -0.230366 446.793 0 0
1500 48.7673 -26.1008 18.1437 -0.177404 -0.525911 441.975 0 0
1500 65.107 25.4351 17.9758 0.186487 0.448817 447.695 0 0
1500 28.4497 47.761 17.9133 -0.492035 0.755577 450.64 0 0
1500 116.991 36.8986 17.9706 1.01332 0.680843 444.565 0 0
1500 70.386 -25.7832 17.8923 0.202348 -0.427197 455.192 0 0
1500 18.2856 -56.156 18.0737 -0.705007 -0.914901 445.293 0 0
1500 49.6172 -23.3661 17.8735 -0.0753136 -0.370263 457.736 0 0
1500 103.542 11.4052 18.1867 0.784571 0.250092 448.023 0 0
1500 122.749 -10.7954 17.8588 1.0991 -0.232733 445.801 0 0
1500 -2.58492 -18.0933 17.7925 -0.987096 -0.250362 450.622 0 0
1500 86.2126 59.5693 17.9482 0.441029 0.939042 453.077 0 0
1500 116.107 -19.3183 17.9621 0.950989 -0.380129 448.218 0 0
1500 118.517 -4.47104 17.8746 0.948955 -0.0582308 454.216 0 0
1500 99.4776 53.0804 17.8694 0.688393 0.785972 452.845 0 0
1500 94.2331 44.0693 17.8592 0.563896 0.689692 454.618 0 0
1500 101.754 -16.7979 17.8658 0.721834 -0.195811 449.763 0 0
1500 81.9475 -28.5866 18.1686 0.351661 -0.484576 450.858 0 0
1500 70.3907 -8.09195 18.1542 0.270731 -0.190752 449.952 0 0
1500 75.2408 19.3537 17.9559 0.321851 0.256194 456.631 0 0
1500 86.6465 -14.9948 18.131 0.466545 -0.30509 450.439 0 0
1500 77.423 -17.9245 18.1333 0.326273 -0.350763 450.278 0 0
1500 77.9968 -5.60692 18.1358 0.335945 -0.162323 450.109 0 0
1500 20.4617 40.9025 17.9093 -0.603605 0.674389 451.424 0 0
1500 24.1207 7.51228 18.043 -0.564634 0.0863505 450.236 0 0
1500 97.2571 -11.5353 18.0474 0.641963 -0.14334 456.866 0 0
1500 54.8334 -132.829 17.9711 -0.131247 -2.23551 445.295 0 0
1500 108.394 9.56392 18.1103 0.841549 0.231043 448.373 0 0
1500 107.838 58.0722 17.8146 0.798477 0.878752 453.803 0 0
1500 109.126 -62.5505 17.8411 0.808801 -0.95447 454.152 0 0
1500 117.901 -14.3831 17.8441 0.935344 -0.277135 452.79 0 0
1500 118.181 -17.8954 17.8435 0.930302 -0.326238 453.455 0 0
1500 103.619 5.3213 17.8553 0.743173 0.0169621 450.926 0 0
1500 50.6321 -60.4788 17.8445 -0.0672105 -0.966237 452.636 0 0
1500 120.171 7.7774 17.8443 0.970419 0.0531582 452.704 0 0
1500 68.7561 -4.54861 18.0768 0.259748 -0.118268 449.803 0 0
1500 78.7639 1.92169 18.128 0.37665 -0.0140376 458.215 0 0
1500 81.5266 -19.9988 18.1243 0.416394 -0.31785 457.935 0 0
1500 66.4962 18.9017 18.3441 0.152515 0.324425 458.282 0 0
1500 70.483 -12.3542 17.8383 0.18031 -0.272714 449.277 0 0
1500 92.1382 -46.9106 17.8241 0.572751 -0.763003 451.976 0 0
1500 101.385 26.2398 17.806 0.676388 0.340285 456.334 0 0
1500 74.6346 -21.0528 17.8167 0.291932 -0.32858 457.234 0 0
1500 125.151 9.94519 17.8123 1.03967 0.0860383 453.255 0 0
1500 80.0531 -35.4356 17.8306 0.349592 -0.560205 456.801 0 0
1500 29.109 -59.348 17.8131 -0.392767 -0.951087 452.889 0 0
1500 77.205 -22.4103 18.1492 0.314602 -0.416522 451.556 0 0
1500 44.914 62.2142 17.9131 -0.254355 0.998283 451.656 0 0
1500 109.597 40.0235 17.9216 0.83103 0.611721 455.213 0 0
1500 106.58 -5.47731 17.9322 0.824388 -0.0534652 452.107 0 0
1500 113.488 26.5406 17.923 0.911687 0.426544 453.408 0 0
1500 141.222 -60.421 17.856 1.29337 -0.913994 454.727 0 0
1500 83.1242 15.4646 18.4068 0.400136 0.278234 459.974 0 0
1500 75.5212 11.2939 18.3625 0.296657 0.236444 452.595 0 0
1500 71.349 22.5765 18.0398 0.17218 0.372283 458.807 0 0
1500 29.1504 58.3089 17.8637 -0.400048 0.941965 453.727 0 0
1500 95.5538 35.401 17.8 0.625484 0.596598 452.232 0 0
1500 84.9632 45.3158 18.1503 0.542411 0.79995 447.281 0 0
1500 76.6204 -3.39784 18.0015 0.360193 0.00584177 451.538 0 0
1500 96.1875 42.7615 18.0264 0.705391 0.695081 449.971 0 0
1500 119.205 -65.3261 17.8953 1.0192 -1.02938 452.22 0 0
1500 112.184 9.51812 18.0491 0.913659 0.115967 453.629 0 0
1500 74.2168 -54.5684 17.8564 0.183997 -0.871482 452.637 0 0
1500 45.107 53.6243 17.9882 -0.234282 0.857129 453.539 0 0
1500 38.4893 31.7773 17.999 -0.339629 0.534825 452.522 0 0
1500 34.928 -6.59381 18.0065 -0.356407 -0.0495089 459.451 0 0
1500 93.6743 45.2046 17.8445 0.521236 0.759795 453.267 0 0
1500 104.26 13.4659 18.2395 0.799166 0.255381 454.322 0 0
1500 95.7783 28.0311 18.1276 0.665962 0.483968 453.185 0 0
1500 14.0921 6.92202 17.9496 -0.707781 0.0440144 452.476 0 0
1500 114.84 -5.77836 17.8482 0.938722 -0.102781 453.823 0 0
1500 107.653 -16.1263 17.8517 0.835411 -0.261464 453.375 0 0
1500 93.5427 48.7368 17.8332 0.602383 0.77467 454.357 0 0
1500 46.944 -3.96824 18.119 -0.161648 -0.109209 460.766 0 0
1500 104.488 -18.2202 18.3064 0.790312 -0.327706 456.195 0 0
1500 77.6936 -31.8818 18.3141 0.401966 -0.536647 455.194 0 0
1500 92.3099 -34.5825 17.9303 0.493648 -0.592027 453.616 0 0
1500 17.2314 8.78304 17.9346 -0.659937 0.0725565 453.25 0 0
1500 75.2914 28.7996 17.8448 0.344881 0.463024 452.696 0 0
1500 99.6258 46.3639 17.8983 0.665481 0.71458 457.789 0 0
1500 -2.79248 -28.2412 17.923 -0.941889 -0.459707 456.379 0 0
1500 -10.3132 7.42779 17.8114 -1.04565 0.0451458 456.267 0 0
1500 7.53586 -41.0195 17.8118 -0.790416 -0.676865 455.566 0 0
1500 110.239 -12.9118 18.1136 0.921469 -0.163543 452.352 0 0
1500 48.108 32.587 18.0475 -0.172652 0.488684 460.522 0 0
1500 85.915 55.1929 18.1099 0.500991 1.01911 447.667 0 0
1500 90.979 34.0844 18.0244 0.495462 0.589961 454.181 0 0
1500 79.9994 -22.8939 18.3165 0.435412 -0.411054 455.05 0 0
1500 49.4939 -65.798 17.8079 -0.187183 -1.00185 457.378 0 0
1500 -5.05116 -18.6966 17.8063 -0.998615 -0.31841 456.378 0 0
1500 62.3105 -66.4664 17.8085 5.29466e-05 -1.00951 457.521 0 0
1500 62.6529 -6.95178 17.8418 0.126029 -0.13762 459.332 0 0
1500 68.233 -39.9937 18.0943 0.139816 -0.666815 454.552 0 0
1500 82.6445 -4.25821 18.0486 0.483111 -0.0525033 453.904 0 0
1500 63.884 -10.1892 17.9514 0.163129 -0.14797 461.023 0 0
1500 80.1742 6.65396 18.1992 0.400611 0.0471098 462.003 0 0
1500 72.0386 -20.8953 18.1984 0.288923 -0.332267 461.939 0 0
1500 64.1063 -19.8346 17.9053 0.151065 -0.369938 453.62 0 0
1500 94.5839 2.75024 18.247 0.598481 0.0914721 461.852 0 0
1500 111.069 34.4575 18.2333 1.00937 0.636704 447.823 0 0
1500 108.31 4.41557 17.9752 0.825913 0.130617 455.337 0 0
1500 97.8495 -10.4114 18.2369 0.716958 -0.114277 455.956 0 0
1500 10.4181 67.0013 17.8641 -0.727985 1.12625 453.595 0 0
1500 121.255 11.8757 17.829 0.986875 0.204296 458.458 0 0
1500 95.3184 22.9469 17.865 0.585957 0.368561 460.846 0 0
1500 62.5733 -21.1704 18.1795 0.156701 -0.341588 462.041 0 0
1500 74.3533 6.5159 18.1799 0.349701 0.0473634 456.038 0 0
1500 75.9939 11.6281 18.1149 0.374805 0.224298 455.308 0 0
1500 92.9437 4.49383 18.1088 0.63096 0.113882 455.753 0 0
1500 72.2734 1.21154 18.2391 0.304645 0.0468903 463.226 0 0
1500 110.958 8.26012 17.9348 0.88725 0.15286 456.303 0 0
1500 99.8091 -7.82312 17.9424 0.726819 -0.0920341 455.525 0 0
1500 66.5132 34.8128 17.9471 0.217336 0.565328 455.141 0 0
1500 108.975 -9.58497 17.9534 0.824837 -0.214005 456.156 0 0
1500 68.706 -38.3017 17.9603 0.214575 -0.657169 455.51 0 0
1500 63.4882 -15.1678 18.0374 0.118845 -0.311638 455.104 0 0
1500 87.3291 34.1087 17.9904 0.481649 0.64855 450.769 0 0
1500 53.877 -66.1255 17.8347 -0.000531859 -1.03273 457.652 0 0
1500 96.0842 -18.6303 17.852 0.596098 -0.305835 461.457 0 0
1500 61.325 -26.3527 17.8584 0.115523 -0.457564 454.874 0 0
1500 124.96 -6.83595 17.8303 1.03962 -0.0330277 456.921 0 0
1500 78.2657 -62.0867 17.916 0.341363 -0.986691 458.627 0 0
1500 48.917 -38.1453 17.9341 -0.0967356 -0.658186 455.979 0 0
1500 92.0213 6.44937 18.1566 0.588318 0.180596 454.178 0 0
1500 96.6387 8.20626 18.1496 0.626404 0.160988 463.096 0 0
1500 -104.827 -60.6289 18.013 -2.83363 -0.991084 450.528 0 0
1500 138.332 39.079 18.0208 1.37118 0.740438 451.024 0 0
1500 77.7662 -16.9207 18.2637 0.281259 -0.354311 445.536 0 0
1500 62.4461 38.2147 18.0759 0.0509819 0.643148 457 0 0
1500 53.9266 3.65632 18.087 -0.0714921 0.103505 464.121 0 0
1500 72.8254 2.04809 17.8421 0.209127 0.0982105 463.525 0 0
1500 77.6511 -24.8787 17.9106 0.352287 -0.338728 463.28 0 0
1500 97.0052 50.4468 17.8885 0.666161 0.765135 458.678 0 0
1500 116.993 -29.5856 18.2505 1.1324 -0.619189 446.556 0 0
1500 48.2811 -8.70606 17.8767 -0.217337 -0.173316 456 0 0
1500 14.0322 7.53464 17.8658 -0.680515 0.0728899 462.802 0 0
1500 5.47588 10.434 17.8575 -0.865496 0.122968 457.566 0 0
1500 107.175 -23.1303 17.8851 0.777947 -0.456796 453.218 0 0
1500 108.624 -1.29664 18.6646 0.945922 0.0288491 457.246 0 0
1500 115.586 21.2181 17.9213 0.945884 0.426513 453.654 0 0
1500 60.3916 -14.5175 18.0613 0.12155 -0.278047 456.957 0 0
1500 69.2437 20.5814 17.819 0.096298 0.343426 456.139 0 0
1500 92.3002 -26.5521 17.8394 0.537094 -0.424004 463.032 0 0
1500 121.822 10.3297 17.8234 1.01258 0.103932 459.01 0 0
1500 -0.676093 -28.8339 17.8936 -0.915052 -0.48303 459.663 0 0
1500 37.083 -63.5046 17.8931 -0.348127 -0.984441 460.649 0 0
1500 3.68505 -35.0395 17.8956 -0.827405 -0.559961 461.511 0 0
1500 12.5974 -0.00636704 17.9081 -0.740834 -0.0558627 457.551 0 0
1500 49.4883 -11.4063 17.9211 -0.176743 -0.234449 456.589 0 0
1500 30.4068 -9.15665 17.9162 -0.471849 -0.198357 456.917 0 0
1500 86.326 -40.1483 17.9067 0.390978 -0.671172 457.68 0 0
1500 44.1305 62.892 17.9997 -0.269723 1.00635 456.829 0 0
1500 109.418 36.8303 17.8476 0.780988 0.630229 459.04 0 0
1500 138.158 4.08578 18.1904 1.40196 0.0506422 455.286 0 0
1500 91.1485 -34.1908 17.9348 0.525573 -0.543643 463.181 0 0
1500 66.809 -26.3164 18.022 0.145942 -0.421751 466.974 0 0
1500 31.4012 -6.83017 17.8926 -0.418424 -0.183355 457.299 0 0
1500 27.9971 -24.4102 17.8886 -0.426053 -0.412962 464.138 0 0
1500 72.8363 -64.9524 17.9169 0.213744 -1.02518 461.291 0 0
1500 17.9552 -44.5402 17.9217 -0.607576 -0.744608 459.543 0 0
1500 58.9536 -66.1294 17.9176 0.00986387 -1.03589 461.723 0 0
1500 64.8034 -29.1296 18.1342 0.174399 -0.455663 465.604 0 0
1500 75.4267 -0.266554 18.3369 0.38216 0.0593095 457.357 0 0
1500 72.1133 68.4065 17.7912 0.135161 1.03942 460.933 0 0
1500 58.7612 69.1976 17.9877 0.0510002 1.14047 458.519 0 0
1500 83.7253 -33.1344 17.8482 0.367807 -0.583128 458.286 0 0
1500 41.2549 -55.0731 17.839 -0.268025 -0.855929 463.303 0 0
1500 65.7156 -45.4592 17.8472 0.0818938 -0.708986 464.188 0 0
1500 49.9177 2.15026 18.1656 -0.224305 0.0241799 450.028 0 0
1500 0.880616 -34.1073 17.8484 -0.874021 -0.574043 461.085 0 0
1500 38.3457 -62.8525 17.8483 -0.317438 -0.998426 461.23 0 0
1500 -8.17298 -15.9079 17.8483 -1.00362 -0.302573 461.404 0 0
1500 81.043 56.3964 17.9788 0.3651 0.918485 460.731 0 0
1500 77.1305 57.9004 17.9787 0.306516 0.940819 460.743 0 0
1500 81.5552 31.1599 18.3909 0.428825 0.541754 460.697 0 0
1500 101.401 34.7464 17.8532 0.672796 0.548491 463.999 0 0
1500 99.4406 47.2197 17.8472 0.652994 0.736157 463.118 0 0
1500 55.1024 -24.7111 17.9798 -0.0770358 -0.384753 467.079 0 0
1500 54.7919 -30.371 17.8844 -0.0830593 -0.538841 458.591 0 0
1500 53.6777 -66.2283 17.8626 -0.0946565 -1.03328 462.469 0 0
1500 1.8748 -15.3347 17.8684 -0.883688 -0.29838 460.111 0 0
1500 99.2492 53.9559 17.8343 0.685107 0.793422 461.821 0 0
1500 75.4642 -8.87135 17.8619 0.31548 -0.128197 465.671 0 0
1500 94.5683 12.7635 17.8546 0.587347 0.175835 465.108 0 0
1500 86.6495 -2.19937 18.0615 0.485219 0.0416553 459.228 0 0
1500 106.29 16.863 18.0484 0.774429 0.329506 460.328 0 0
1500 90.5245 73.7558 17.8123 0.572182 1.18331 458.471 0 0
1500 100.833 10.1155 18.0696 0.755203 0.132353 460.09 0 0
1500 29.088 -18.5324 17.9989 -0.445185 -0.359629 459.456 0 0
1500 120.244 14.336 18.0685 1.0401 0.29912 457.985 0 0
1500 77.3685 -27.8806 17.8836 0.319224 -0.52103 457.679 0 0
1500 110.042 -18.086 17.8342 0.825861 -0.345306 460.54 0 0
1500 36.5686 -35.7803 17.8432 -0.299005 -0.623641 459.656 0 0
1500 91.0251 29.0876 18.1527 0.617782 0.442435 461.093 0 0
1500 39.725 44.5035 17.9296 -0.280204 0.812903 455.855 0 0
1500 73.4236 -9.23528 17.937 0.312061 -0.192899 459.473 0 0
1500 71.9224 -20.9466 18.0524 0.255085 -0.406558 459.308 0 0
1500 66.973 -9.77532 17.9412 0.191831 -0.0965895 467.941 0 0
1500 81.7319 -23.3644 18.0864 0.369811 -0.393251 467.727 0 0
1500 46.5991 17.275 18.4527 -0.144332 0.313746 462.032 0 0
1500 97.0862 5.56656 18.1235 0.6948 0.0405444 461.687 0 0
1500 23.2012 -28.0337 17.8442 -0.550401 -0.509616 460.668 0 0
1500 133.65 -4.92393 18.2937 1.40121 -0.11549 454.958 0 0
1500 42.9843 -63.7972 17.8087 -0.202961 -1.02192 463.079 0 0
1500 75.6035 -58.2368 18.0521 0.305193 -0.940831 463.174 0 0
1500 85.2314 7.07737 18.055 0.520759 0.131207 461.111 0 0
1500 114.581 25.8665 18.0341 0.936987 0.404947 463.54 0 0
1500 53.9056 -22.9169 17.942 -0.0647507 -0.432103 460.542 0 0
1500 78.9538 -62.0371 17.9184 0.303061 -0.971945 465.012 0 0
1500 20.027 -49.2992 17.8264 -0.595006 -0.770461 465.293 0 0
1500 83.3222 -55.3204 17.8272 0.336433 -0.897671 462.213 0 0
1500 126.506 8.01161 17.8838 1.14005 0.0753313 459.906 0 0
1500 42.115 -48.8459 17.8445 -0.232011 -0.836524 460.867 0 0
1500 92.0314 52.5603 17.9527 0.583934 0.828601 463.681 0 0
1500 59.1413 -41.5988 17.8649 -0.0535402 -0.664414 461.3 0 0
1500 45.9816 -8.08609 17.8754 -0.232085 -0.132015 468.251 0 0
1500 93.7383 -18.2163 18.0191 0.643146 -0.252531 462.018 0 0
1500 111.341 37.59 18.0019 0.874868 0.576792 464.833 0 0
1500 75.0401 -39.4897 17.8559 0.328313 -0.641724 462.467 0 0
1500 66.8707 -1.40925 17.9757 0.172301 0.053948 461.264 0 0
1500 98.3625 -13.3164 18.2065 0.661397 -0.276946 463.432 0 0
1500 14.7029 -3.01919 17.8219 -0.675492 -0.12506 461.441 0 0
1500 102.393 -30.539 18.071 0.759591 -0.503426 463.959 0 0
1500 86.9503 -58.5027 17.8962 0.481544 -0.926699 464.961 0 0
1500 92.0989 18.2384 18.0502 0.578035 0.349907 462.897 0 0
1500 62.448 -83.7601 17.8124 0.141442 -1.30063 462.452 0 0
1500 99.1606 -52.2973 17.9296 0.62113 -0.837581 465.97 0 0
1500 26.5734 -2.97039 17.9316 -0.551696 -0.0395497 462.286 0 0
1500 41.3402 21.0738 17.9341 -0.324041 0.33348 462.11 0 0
1500 47.879 29.9406 17.934 -0.200432 0.424233 469.226 0 0
1500 63.2197 0.963503 17.9401 0.0155974 0.0215213 461.721 0 0
1500 30.3158 38.9703 17.9233 -0.488677 0.603251 462.96 0 0
1500 37.9157 33.9216 17.9284 -0.374753 0.529429 462.528 0 0
1500 104.207 27.6603 17.8221 0.74979 0.483645 463.175 0 0
1500 57.7093 38.859 17.832 0.0403629 0.664252 462.228 0 0
1500 86.7071 -26.2294 18.1738 0.538158 -0.558816 453.352 0 0
1500 32.8477 37.0943 18.072 -0.471112 0.579882 458.52 0 0
1500 143.665 23.9615 17.8453 1.40134 0.40252 462.245 0 0
1500 74.9812 -4.20675 17.8392 0.276757 0.0114449 461.65 0 0
1500 80.9019 61.7242 17.8111 0.346418 0.979347 465.91 0 0
1500 50.1834 -44.6994 17.871 -0.147529 -0.756844 462.936 0 0
1500 33.337 -13.0332 17.8808 -0.411337 -0.273445 462.16 0 0
1500 81.8296 -10.6826 18.0652 0.488595 -0.164616 459.709 0 0
1500 112.355 -33.8592 17.8017 0.825552 -0.584013 464.45 0 0
1500 12.7248 -3.44009 17.918 -0.75929 -0.0638905 463.522 0 0
1500 48.0278 -35.0085 17.9243 -0.219661 -0.552405 463.002 0 0
1500 34.3727 28.2432 17.9427 -0.396604 0.537948 459.908 0 0
1500 119.413 23.8653 17.9555 0.992841 0.33405 466.317 0 0
1500 86.9444 -30.5165 17.8314 0.492397 -0.533072 463.203 0 0
1500 91.4413 -5.10254 18.0753 0.517577 -0.135955 470.679 0 0
1500 16.698 -51.6952 17.7995 -0.678546 -0.748275 467.303 0 0
1500 123.552 -6.21286 18.1521 1.11632 -0.0701543 464.2 0 0
1500 100.649 20.1025 18.2393 0.742861 0.357837 465.505 0 0
1500 44.1683 -12.8487 18.1281 -0.22434 -0.19022 471.377 0 0
1500 29.0567 -20.3994 18.1212 -0.479935 -0.326473 464.226 0 0
1500 76.365 -13.3695 18.0842 0.343644 -0.151846 471.141 0 0
1500 56.0939 -35.1244 18.0599 -0.0292482 -0.609083 464.198 0 0
1500 119.421 -24.7633 18.3259 1.13239 -0.452018 459.86 0 0
1500 128.84 10.1423 18.0614 1.26721 0.115353 458.558 0 0
1500 58.5427 37.7279 18.119 0.0191308 0.646756 464.866 0 0
1500 62.2205 11.252 18.1291 0.0679204 0.21943 471.91 0 0
1500 41.5872 -27.8116 17.8661 -0.343843 -0.470184 461.522 0 0
1500 92.8621 41.3251 18.0457 0.528676 0.727143 461.306 0 0
1500 77.5336 -0.94155 17.9838 0.360491 -0.0815749 463.893 0 0
1500 36.1534 -29.8536 18.0291 -0.300983 -0.534537 464.581 0 0
1500 37.9461 33.63 17.9267 -0.367708 0.54994 464.457 0 0
1500 53.6961 22.2058 17.8163 -0.106464 0.417755 463.676 0 0
1500 89.7215 54.6689 18.0493 0.621532 0.996713 457.533 0 0
1500 161.01 70.6995 17.8194 1.59171 1.07079 467.599 0 0
1500 81.8033 -23.3368 18.0212 0.341067 -0.393704 471.919 0 0
1500 29.1834 77.6979 17.8551 -0.421562 1.25603 465.994 0 0
1500 116.21 4.47698 18.2903 1.13993 0.137038 455.413 0 0
1500 85.986 48.191 18.0114 0.449157 0.80126 466.733 0 0
1500 119.503 -12.4903 18.0142 0.983164 -0.20775 469.39 0 0
1500 118.898 13.2661 18.014 0.993514 0.168785 468.062 0 0
1500 118.527 26.5902 17.8935 0.931254 0.464976 467.816 0 0
1500 57.3242 39.7993 17.98 0.048203 0.676647 465.69 0 0
1500 117.613 29.7132 18.0198 0.975649 0.498885 467.216 0 0
1500 4.07642 -75.0206 17.9018 -0.865352 -1.17535 466.986 0 0
1500 12.1282 11.2147 17.9118 -0.76851 0.162499 466.098 0 0
1500 91.6288 53.6872 17.8369 0.556728 0.79906 469.924 0 0
1500 63.3452 -9.90094 17.9067 0.0173476 -0.191151 463.65 0 0
1500 100.685 25.1555 18.0469 0.68852 0.500402 459.936 0 0
1500 82.2314 21.4034 18.0265 0.411793 0.404649 466.144 0 0
1500 100.692 5.30046 18.0218 0.6917 0.156142 466.517 0 0
1500 98.6201 37.2996 17.9651 0.608144 0.636859 467.105 0 0
1500 80.8442 16.2017 17.9816 0.311063 0.291177 472.956 0 0
1500 53.173 45.7373 17.9588 -0.00994469 0.801362 462.195 0 0
1500 186.778 -96.317 17.8376 1.98949 -1.56459 466.054 0 0
1500 85.245 76.4587 17.9177 0.373629 1.26249 464.043 0 0
1500 9.92023 6.74022 17.9699 -0.828952 0.180499 462.125 0 0
1500 64.1883 -30.2269 18.1727 0.0703337 -0.622191 457.111 0 0
1500 120.707 -25.6839 17.808 0.946044 -0.450796 469.247 0 0
1500 17.4532 54.8203 17.7988 -0.652515 0.887444 468.184 0 0
1500 21.4802 53.4611 17.8398 -0.530154 0.849485 470.769 0 0
1500 113.98 -39.7707 18.3212 1.01977 -0.787263 458.865 0 0
1500 113.228 23.8143 18.3609 0.995797 0.473119 462.448 0 0
1500 49.8352 12.8372 17.8415 -0.193267 0.246112 465.972 0 0
1500 131.157 33.4176 18.0312 1.27629 0.552188 464.501 0 0
1500 58.152 -42.0949 17.9942 -0.00522296 -0.715435 467.858 0 0
1500 81.8813 -7.94148 18.2593 0.427934 -0.196578 468.295 0 0
1500 40.3249 84.8062 17.8045 -0.201979 1.30339 469.815 0 0
1500 61.6776 -20.7331 17.9991 0.0498026 -0.363956 472.694 0 0
1500 101.726 42.1057 18.3409 0.842537 0.713037 464.475 0 0
1500 101.63 0.918489 17.8952 0.71252 0.0109224 472.132 0 0
1500 67.4661 -22.0591 17.882 0.16871 -0.370767 474.528 0 0
1500 88.5744 -55.1012 17.8594 0.480259 -0.862173 472.12 0 0
1500 102.805 14.972 17.9134 0.665266 0.278124 473.909 0 0
1500 116.939 9.31155 17.932 0.927644 0.118661 472.939 0 0
1500 120.6 17.1668 17.9262 1.01326 0.23904 470.656 0 0
1500 95.2725 -5.858 17.9787 0.579284 -0.16563 468.41 0 0
1500 94.6435 -16.3936 18.1131 0.612595 -0.216469 475.114 0 0
1500 119.311 -13.9334 18.0049 0.993928 -0.248889 470.929 0 0
1500 84.9462 -24.0367 18.0243 0.455903 -0.375359 475.127 0 0
1500 105.128 -35.8895 18.0074 0.790189 -0.579351 470.366 0 0
1500 27.1691 -58.7721 17.8391 -0.436941 -0.946157 470.76 0 0
1500 91.303 -26.6838 17.8921 0.564382 -0.472895 468.576 0 0
1500 194.03 26.6112 17.9245 2.24962 0.433193 466.496 0 0
1500 67.9835 -64.23 17.878 0.117318 -1.02209 470.819 0 0
1500 98.7072 54.1166 17.9715 0.757468 0.902526 464.741 0 0
1500 65.5803 12.5204 18.0827 0.201905 0.172572 476.432 0 0
1500 45.3083 34.869 17.9847 -0.18276 0.612653 469.278 0 0
1500 99.773 5.12845 18.0787 0.73973 0.102486 470.038 0 0
1500 81.2453 41.6866 17.9842 0.442443 0.669045 470.092 0 0
1500 94.9496 -5.47389 17.9323 0.655166 -0.0612443 469.676 0 0
1500 41.1527 21.7064 18.1496 -0.263659 0.397105 469.679 0 0
1500 -12.4846 -35.5305 17.8001 -1.05384 -0.599702 472.349 0 0
1500 118.457 21.3313 17.9141 0.959856 0.318362 473.783 0 0
1500 121.35 18.9001 17.8596 1.00941 0.271923 472.837 0 0
1500 120.273 3.06099 17.8615 1.01294 0.0398 471.537 0 0
1500 80.1117 -18.4429 18.2219 0.359259 -0.377763 464.891 0 0
1500 54.99 -56.0538 17.8939 -0.0339252 -0.925225 470.916 0 0
1500 46.5909 -65.198 17.8877 -0.155592 -1.02671 473.301 0 0
1500 105.695 -41.0298 17.8897 0.726955 -0.690346 471.603 0 0
1500 30.8516 -32.5551 17.9039 -0.406116 -0.578156 469.882 0 0
1500 84.1674 53.751 17.9352 0.47871 0.835368 471.39 0 0
1500 114.926 21.4444 18.2566 1.03051 0.439477 464.244 0 0
1500 105.413 36.5896 17.9627 0.80456 0.547858 471.66 0 0
1500 32.6411 21.8731 17.8973 -0.456642 0.369358 469.721 0 0
1500 10.2519 -28.7848 17.8849 -0.789491 -0.408021 470.858 0 0
1500 46.0334 61.1952 17.88 -0.242349 0.951349 471.554 0 0
1500 40.2853 31.4418 17.8982 -0.306651 0.469196 476.376 0 0
1500 3.9114 15.9108 17.8831 -0.883003 0.271304 471.08 0 0
1500 85.1446 -59.5867 17.8896 0.448293 -0.910895 474.642 0 0
1500 127.007 -32.5127 17.9423 1.17894 -0.489044 468.421 0 0
1500 112.806 2.56748 18.0421 0.951025 0.126619 464.442 0 0
1500 75.908 29.6073 17.9201 0.224441 0.475085 476.793 0 0
1500 92.7205 -29.0851 17.9725 0.521974 -0.52011 470.114 0 0
1500 48.2644 52.4641 17.8125 -0.0907321 0.798232 475.57 0 0
1500 105.825 37.7651 17.803 0.773114 0.622874 471.704 0 0
1500 76.1835 -63.626 17.8621 0.310186 -0.999009 473.529 0 0
1500 85.9559 -33.6122 17.8794 0.43599 -0.53551 476.326 0 0
1500 73.7614 -62.8864 17.8626 0.277883 -1.00009 472.715 0 0
1500 100.867 -49.2539 17.8421 0.638964 -0.789425 474.224 0 0
1500 100.285 33.1808 17.8773 0.720586 0.532125 471.447 0 0
1500 69.1126 58.9807 17.9169 0.150834 0.957686 472.269 0 0
1500 97.6042 -50.5499 17.9712 0.716689 -0.865346 467.635 0 0
1500 46.1372 28.2767 17.8297 -0.127083 0.490403 470.012 0 0
1500 47.316 64.8526 17.8808 -0.158008 1.03397 473.528 0 0
1500 86.2125 -19.9053 17.8699 0.440808 -0.353034 475.538 0 0
1500 98.4419 7.01375 17.8672 0.64236 0.0364712 472.811 0 0
1500 36.2123 -114.833 17.8446 -0.373188 -1.88672 469.547 0 0
1500 108.888 -29.2748 17.8421 0.819218 -0.502388 472.378 0 0
1500 120.258 -26.5814 17.8351 0.977121 -0.351373 474.515 0 0
1500 101.819 -40.2398 18.0184 0.692181 -0.676527 473.166 0 0
1500 36.5798 42.3588 17.9257 -0.389704 0.669847 471.68 0 0
1500 110.895 -45.7553 18.0193 0.92682 -0.845113 466.039 0 0
1500 34.1076 2.26633 17.9755 -0.418725 0.0697394 471.375 0 0
1500 108.722 -26.0346 18.017 0.819962 -0.487751 470.135 0 0
1500 123.169 11.3695 17.9313 1.02051 0.227385 474.261 0 0
1500 113.836 36.4922 17.8577 0.901746 0.534125 474.512 0 0
1500 89.7376 1.55817 17.8808 0.519761 0.017901 477.969 0 0
1500 73.6469 8.57005 17.8856 0.292451 0.115732 478.328 0 0
1500 44.7413 46.568 17.9696 -0.198003 0.7847 472.338 0 0
1500 94.8991 -36.0162 17.9591 0.570886 -0.623526 472.59 0 0
1500 64.2276 -40.5185 18.1271 0.0851576 -0.782245 464.598 0 0
1500 61.1533 11.0311 18.1574 0.0932833 0.246579 471.918 0 0
1500 77.3396 -62.999 17.797 0.296961 -1.00512 474.819 0 0
1500 30.2013 6.8426 18.0528 -0.441521 0.170457 472.163 0 0
1500 103.089 43.4054 17.8175 0.752141 0.665199 473.679 0 0
1500 110.892 34.6907 17.8187 0.837753 0.514417 476.205 0 0
1500 38.4528 12.4464 17.9371 -0.369285 0.192654 471.666 0 0
1500 121.073 4.51496 17.9176 0.995581 0.074146 476.487 0 0
1500 103.937 -30.3688 17.8993 0.775597 -0.49016 473.323 0 0
1500 71.7549 5.56246 17.9207 0.264166 0.0502488 479.168 0 0
1500 64.4856 -23.5432 17.9185 0.163282 -0.355982 479.005 0 0
1500 89.9554 -57.635 17.9267 0.522021 -0.90398 475.809 0 0
1500 117.757 -2.46497 17.9156 0.937566 -0.0170878 477.61 0 0
1500 45.2519 -42.296 17.9115 -0.228617 -0.749193 470.614 0 0
1500 56.566 7.03113 17.8396 -0.0687763 0.149911 479.635 0 0
1500 32.6988 44.3887 17.8065 -0.321819 0.689094 478.377 0 0
1500 80.7876 22.6411 18.0374 0.374962 0.359074 481.618 0 0
1500 3.6934 -14.7771 17.9686 -0.851629 -0.264593 475.172 0 0
1500 -0.18847 20.1439 17.9238 -0.935859 0.30605 474.765 0 0
1500 113.032 35.3793 17.8217 0.883286 0.560036 475.514 0 0
1500 95.2369 -4.91556 17.8407 0.64561 -0.0403313 472.728 0 0
1500 116.792 -23.2224 17.8801 1.01342 -0.361815 471.259 0 0
1500 89.3764 12.7606 17.931 0.501363 0.214458 480.613 0 0
1500 66.2367 -49.0219 17.8083 0.191265 -0.789433 473.459 0 0
1500 97.2735 31.9225 17.8084 0.668812 0.455757 473.445 0 0
1500 109.714 -34.7169 17.8003 0.810544 -0.536622 477.429 0 0
1500 20.2716 -26.4176 18.0597 -0.649518 -0.525459 467.901 0 0
1500 68.0321 -29.4863 17.9296 0.197113 -0.527401 473.222 0 0
1500 15.2972 -38.4686 17.9214 -0.709941 -0.585935 474.782 0 0
1500 95.3854 0.0639771 17.9638 0.576718 -0.0575674 480.255 0 0
1500 87.8679 -57.4187 17.9431 0.498704 -0.912187 476.354 0 0
1500 104.763 2.18467 17.9565 0.773188 -0.0304425 474.234 0 0
1500 114.897 -35.8399 17.8404 0.914562 -0.593386 475.267 0 0
1500 71.9831 53.3986 17.838 0.204463 0.835248 478.912 0 0
1500 25.6521 40.8548 17.8409 -0.456167 0.652806 479.235 0 0
1500 5.85646 38.0552 17.8348 -0.820771 0.549252 478.602 0 0
1500 58.9131 43.7023 17.8897 -0.0162507 0.739489 474.22 0 0
1500 49.281 4.41302 17.9036 -0.167022 0.137332 473.2 0 0
1500 39.9581 56.021 17.8817 -0.286859 0.865766 478.966 0 0
1500 34.4328 64.3044 17.7952 -0.292783 0.999901 476.294 0 0
1500 111.666 -43.212 17.7957 0.845338 -0.594138 477.405 0 0
1500 116.608 27.0887 17.7969 0.912721 0.435032 477.788 0 0
1500 108.837 41.4616 17.7949 0.814597 0.657077 476.504 0 0
1500 82.8112 56.6856 17.8365 0.469017 0.899099 472.309 0 0
1500 135.617 -7.3601 18.0785 1.36633 -0.121071 470.796 0 0
1500 54.2373 56.556 17.9157 -0.0849563 0.920752 475.501 0 0
1500 69.0942 64.5755 17.9098 0.137504 1.02392 476.678 0 0
1500 106.096 -1.85508 17.9451 0.822746 -0.0119671 475.034 0 0
1500 97.2901 -55.5662 17.8079 0.550295 -0.891818 476.994 0 0
1500 62.6671 -46.4303 17.8214 0.0381453 -0.785139 474.519 0 0
1500 27.4295 -9.53191 17.9958 -0.52765 -0.15378 474.452 0 0
1500 -65.0016 110.435 17.8031 -1.92713 1.67077 476.271 0 0
1500 23.9715 -55.7347 17.8895 -0.507112 -0.90298 477.066 0 0
1500 73.2088 -40.9279 17.9065 0.213656 -0.647066 480.767 0 0
1500 107.188 0.708407 17.8616 0.83309 -0.00851837 475.082 0 0
1500 88.3238 57.6855 17.8907 0.464723 0.910739 478.741 0 0
1500 79.6413 57.8285 17.9941 0.385258 1.04789 469.917 0 0
1500 63.7024 -69.7839 17.9229 0.120254 -1.20842 471.817 0 0
1500 53.7371 -82.4667 17.8782 -0.00631952 -1.36181 473.123 0 0
1500 98.7839 51.6126 17.9404 0.659832 0.812746 478.452 0 0
1500 88.9011 10.7378 17.9613 0.542165 0.224953 475.032 0 0
1500 27.8783 59.2159 17.8826 -0.461411 0.937552 478.572 0 0
1500 113.334 22.4982 17.9635 0.975112 0.317986 471.989 0 0
1500 52.3646 9.52837 17.823 -0.117155 0.224032 474.421 0 0
1500 98.718 51.5968 17.814 0.653496 0.819114 478.132 0 0
1500 44.0909 35.7541 17.8336 -0.163864 0.61119 475.151 0 0
1500 66.4877 -3.66445 18.0255 0.0697619 -0.0768086 470.779 0 0
1500 17.0655 48.9051 17.8863 -0.670186 0.730728 478.442 0 0
1500 21.4013 36.9306 17.8963 -0.584873 0.534359 480.899 0 0
1500 66.2712 -62.019 17.8639 0.124142 -1.00461 477.628 0 0
1500 53.9495 -20.8501 17.8879 -0.0629852 -0.402713 475.09 0 0
1500 63.2783 -65.4291 17.8619 0.0783482 -1.04344 478.414 0 0
1500 65.9011 53.9176 17.8934 0.192683 0.861494 476.767 0 0
1500 29.7521 20.1848 17.8441 -0.436208 0.391245 475.458 0 0
1500 3.60947 9.08105 17.8845 -0.8386 0.14564 481.332 0 0
1500 82.2808 47.7636 17.9178 0.365397 0.800601 477.085 0 0
1500 74.3249 64.3572 17.9087 0.23704 1.02097 479.141 0 0
1500 70.6069 1.62453 17.8309 0.154623 0.0929286 475.052 0 0
1500 34.9157 -2.74059 17.8273 -0.404243 0.0243057 475.287 0 0
1500 25.0615 54.601 17.8036 -0.519904 0.857776 480.019 0 0
1500 117.053 29.0063 17.7932 0.87079 0.493882 480.056 0 0
1500 3.95945 30.3629 17.7975 -0.768514 0.508218 480.789 0 0
1500 175.817 -7.93192 17.8059 1.86534 -0.100218 477.317 0 0
1500 97.2486 98.1295 17.8262 0.577817 1.49514 480.753 0 0
1500 74.7365 -46.0429 17.8467 0.316715 -0.755943 477.365 0 0
1500 116.838 -25.6673 17.8372 0.912464 -0.420323 480.942 0 0
1500 87.7897 28.3071 18.1065 0.463846 0.462328 483.983 0 0
1500 -3.87008 -24.8957 18.0191 -1.03535 -0.396215 475.614 0 0
1500 86.9583 38.1302 18.2682 0.589929 0.779202 466.443 0 0
1500 88.2387 -19.1807 17.8788 0.530827 -0.251072 478.144 0 0
1500 115.248 16.2187 17.8288 0.92723 0.289915 478.65 0 0
1500 37.0331 46.4265 17.8655 -0.308894 0.786135 478.104 0 0
1500 20.6796 10.7306 17.9314 -0.631874 0.13202 477.661 0 0
1500 -9.59057 -25.0103 17.9801 -1.24418 -0.450514 471.23 0 0
1500 135.146 44.1612 17.913 1.35012 0.758389 473.329 0 0
1500 135.503 122.396 17.9259 1.31886 2.12706 472.602 0 0
1500 27.8191 -34.512 17.9431 -0.519942 -0.554591 478.186 0 0
1500 65.3622 49.3683 17.8087 0.050927 0.754108 483.179 0 0
1500 26.5878 -29.2552 17.864 -0.476459 -0.474374 483.932 0 0
1500 11.3059 -44.8126 17.795 -0.677168 -0.744174 479.805 0 0
1500 84.849 36.2586 17.8789 0.374912 0.582352 484.233 0 0
1500 118.371 -22.1901 17.8015 0.975801 -0.333664 480.719 0 0
1500 88.8678 61.0279 17.8012 0.523925 0.895137 482.008 0 0
1500 58.0847 9.35109 17.8308 0.0682365 0.129399 485.479 0 0
1500 82.6589 7.97919 18.2205 0.505886 0.206168 471.352 0 0
1500 23.2544 54.0192 17.8269 -0.584489 0.84586 480.914 0 0
1500 19.8388 36.2994 17.8377 -0.605782 0.55342 484.204 0 0
1500 107.67 -32.968 17.9769 0.90805 -0.557521 474.653 0 0
1500 94.1986 -18.4202 17.8433 0.632802 -0.34358 477.087 0 0
1500 92.0069 10.4473 17.8556 0.540959 0.112468 485.367 0 0
1500 63.4494 3.05883 17.9186 0.0899558 -0.0267217 486.229 0 0
1500 138.014 24.32 17.9252 1.37814 0.389676 476.297 0 0
1500 71.4286 44.7774 18.0174 0.207425 0.754874 480.101 0 0
1500 62.3577 23.5148 18.029 0.0702817 0.437201 479.186 0 0
1500 86.9319 -25.1724 17.8567 0.422428 -0.474791 476.781 0 0
1500 84.5333 -12.9801 17.8442 0.451399 -0.134383 478.744 0 0
1500 31.2087 52.4204 17.844 -0.371777 0.863839 480.737 0 0
1500 56.9322 -63.1221 17.812 -0.00942915 -0.988913 483.69 0 0
1500 100.871 -51.0504 17.8086 0.640978 -0.82948 482.371 0 0
1500 42.2672 -31.3495 17.8307 -0.215756 -0.511686 485.814 0 0
1500 115.181 -28.1918 17.8135 0.833247 -0.479723 483.961 0 0
1500 46.4387 -19.6794 18.1406 -0.179653 -0.36875 479.721 0 0
1500 118.508 -6.24325 17.8224 0.981503 -0.0616585 481.282 0 0
1500 104.555 25.5183 17.8447 0.77317 0.341849 480.525 0 0
1500 119.083 21.9415 17.8358 0.975745 0.281352 481.856 0 0
1500 121.064 -19.65 17.8345 0.983048 -0.335113 483.376 0 0
1500 52.2368 -33.8052 17.8571 -0.0255951 -0.519925 486.373 0 0
1500 40.8972 57.4558 17.9278 -0.304537 0.910815 481.618 0 0
1500 99.3721 37.1004 18.0611 0.717252 0.615695 480.893 0 0
1500 81.6407 21.803 17.8719 0.335579 0.406063 480.081 0 0
1500 -2.54228 -8.21206 17.8214 -0.981096 -0.157749 481.621 0 0
1500 -2.85567 29.7197 17.8186 -0.962292 0.404425 483.242 0 0
1500 106.834 38.537 17.977 0.813342 0.609227 482.471 0 0
1500 67.5989 -20.784 17.9096 0.205046 -0.308149 487.607 0 0
1500 113.037 -25.4465 17.8102 0.904338 -0.393576 482.023 0 0
1500 107.187 -33.3357 17.9057 0.754459 -0.594687 480.118 0 0
1500 66.6896 -16.8075 17.8731 0.10604 -0.333416 480.003 0 0
1500 19.8736 46.5627 17.8172 -0.615216 0.768764 482.831 0 0
1500 121.089 -21.9111 17.872 0.971527 -0.391002 484.292 0 0
1500 -1.4019 -33.4324 17.9303 -1.03806 -0.549636 478.542 0 0
1500 2.1178 35.9092 17.8153 -0.90197 0.534144 484.595 0 0
1500 88.8982 -23.2368 18.0795 0.545017 -0.480192 475.908 0 0
1500 104.566 2.74961 18.1234 0.787842 0.102379 483.486 0 0
1500 89.7839 44.4947 18.1176 0.558855 0.726622 484.129 0 0
1500 66.5614 43.9618 17.8218 0.100702 0.750357 482.124 0 0
1500 61.5762 -51.3824 17.924 0.116187 -0.906392 478.157 0 0
1500 14.1967 -14.4302 18.0095 -0.763846 -0.193758 479.391 0 0
1500 38.7697 -45.438 17.8158 -0.295443 -0.715609 487.856 0 0
1500 43.4613 -64.0708 17.8023 -0.236203 -1.01335 485.608 0 0
1500 137.722 40.248 17.9363 1.39774 0.698045 478.226 0 0
1500 96.3279 -78.585 18.0327 0.694437 -1.40296 477.241 0 0
1500 110.779 10.1964 18.0409 0.884575 0.250458 479.041 0 0
1500 102.037 -38.4455 18.1517 0.828219 -0.724799 476.93 0 0
1500 36.8584 -55.4735 17.8306 -0.279709 -0.905588 484.722 0 0
1500 118.54 -2.10188 17.8299 0.95783 -0.0956448 484.843 0 0
1500 99.5017 -38.8599 17.8312 0.671523 -0.654294 484.644 0 0
1500 74.9754 63.601 17.8981 0.256164 1.01441 487.069 0 0
1500 46.701 10.6217 17.9176 -0.14216 0.217238 491.462 0 0
1500 70.1028 -56.7512 18.047 0.238079 -0.91772 486.635 0 0
1500 20.856 43.9159 17.8556 -0.541713 0.750869 484.47 0 0
1500 99.2195 -43.3744 17.9421 0.633691 -0.686503 489.861 0 0
1500 79.3409 -35.5711 17.9543 0.3425 -0.564003 491.193 0 0
1500 108.392 -35.1271 17.941 0.766929 -0.569802 489.69 0 0
1500 101.869 -28.4239 17.948 0.66467 -0.467523 490.592 0 0
1500 133.527 31.9277 17.9268 1.2444 0.473087 485.315 0 0
1500 100.803 -0.765013 18.1086 0.700594 -0.00492744 491.869 0 0
1500 103.297 -5.78717 17.8363 0.720291 -0.0150958 485.092 0 0
1500 64.9106 50.7526 17.8573 0.10141 0.793306 490.751 0 0
1500 28.1784 51.5398 17.8517 -0.42527 0.812174 490.087 0 0
1500 67.0479 65.4059 17.8445 0.13671 1.03896 488.237 0 0
1500 104.194 47.5417 17.8459 0.677171 0.766632 489.008 0 0
1500 117.799 -1.47673 17.8505 0.976383 -0.0488418 487.087 0 0
1500 93.7847 -45.0212 17.8382 0.621077 -0.68742 487.219 0 0
1500 42.8897 -9.9845 18.0311 -0.27554 -0.114444 486.065 0 0
1500 -13.3543 -47.2031 17.8608 -1.17349 -0.800497 485.329 0 0
1500 84.3187 34.8521 17.8172 0.481149 0.539895 486.615 0 0
1500 98.9548 61.6157 18.0125 0.731121 1.14047 480.616 0 0
1500 177.468 -73.2569 17.7955 1.81021 -1.03848 491.258 0 0
1500 48.5587 -64.5793 17.877 -0.182535 -0.987411 492.461 0 0
1500 91.4999 -9.60911 17.9216 0.567208 -0.209716 489.153 0 0
1500 103.586 -32.7711 17.9029 0.72711 -0.490848 493.801 0 0
1500 68.5439 -102.052 17.8752 0.115661 -1.67107 487.289 0 0
1500 61.3854 8.69309 17.8477 0.10006 0.16821 495.513 0 0
1500 74.9422 58.2955 17.8234 0.302602 0.900852 492.599 0 0
1500 90.1188 -47.8548 17.9018 0.488283 -0.799343 491.205 0 0
1500 21.5379 -44.888 17.902 -0.549543 -0.754711 491.182 0 0
1500 61.7537 -63.4309 17.8971 0.0583244 -1.02117 492.101 0 0
1500 108.774 -39.5548 17.8253 0.784099 -0.663201 491.961 0 0
1500 38.0051 67.654 17.8254 -0.29859 1.13322 489.733 0 0
1500 87.1786 18.7896 17.8561 0.513465 0.335911 490.732 0 0
1500 76.4275 32.4023 17.8406 0.362269 0.490565 490.728 0 0
1500 114.781 44.0423 17.8881 0.982229 0.699882 489.895 0 0
1500 38.6102 -39.5766 17.9052 -0.340288 -0.664875 492.025 0 0
1500 96.8493 49.1525 17.8599 0.582323 0.81367 493.529 0 0
1500 110.381 42.6548 17.8572 0.774066 0.705404 494.529 0 0
1500 111.127 41.9681 17.8578 0.776401 0.687526 495.287 0 0
1500 106.008 44.2225 17.8391 0.771215 0.634834 496.57 0 0
1500 106.831 32.4606 17.8444 0.773539 0.458277 497.428 0 0
1500 80.875 15.6601 17.8602 0.435435 0.235815 491.941 0 0
1500 96.7449 -21.6444 17.8511 0.675032 -0.341294 492.657 0 0
1500 83.5457 -55.2024 17.8492 0.398937 -0.862331 498.843 0 0
1500 113.53 -32.7066 17.8449 0.862225 -0.558029 496.352 0 0
1500 87.2189 -58.926 17.8442 0.459634 -0.931702 497.676 0 0
1500 110.36 -19.1008 17.8981 0.837563 -0.341958 496.863 0 0
1500 59.4314 -25.9685 17.9149 0.0813191 -0.459457 494.65 0 0
1500 103.29 4.81225 17.9073 0.699948 0.0137548 499.956 0 0
1500 89.0139 -33.1722 17.9062 0.497433 -0.528247 499.836 0 0
1500 121.535 -172.454 17.8533 1.03208 -2.7922 493.215 0 0
1500 75.1426 39.0542 17.8815 0.301053 0.578196 502.064 0 0
1500 43.2652 66.6293 17.7926 -0.292314 0.997203 498.604 0 0
1500 38.999 15.4513 17.817 -0.377295 0.259743 494.599 0 0
1500 37.9376 22.1517 17.8148 -0.392964 0.363617 494.748 0 0
1500 46.6648 -55.4896 17.8017 -0.252365 -0.832166 495.896 0 0
1500 41.1349 -58.2955 17.7985 -0.335074 -0.869952 496.286 0 0
1500 26.018 -59.2874 17.7929 -0.555854 -0.870304 497.399 0 0
1500 41.2099 -45.7657 17.8178 -0.335583 -0.683691 495.79 0 0
1500 20.46 54.7241 17.8041 -0.623409 0.823793 499.144 0 0
1500 -31.5789 6.05187 17.8837 -1.48389 0.152661 495.167 0 0
1500 53.5247 -63.4888 17.8005 -0.0404545 -1.02182 499.823 0 0
1500 184.435 11.9728 17.8162 1.93034 0.177 502.478 0 0
1500 113.747 -32.1316 17.834 0.903892 -0.567814 502.66 0 0
