Total number of secondary electrons: 2119
1500 90.0041 5.18653 17.9732 0.847961 0.105158 220.936 0 0
1500 98.2994 7.47604 16.9833 0.862124 0.103409 261.114 0 0
1500 96.4762 -4.00915 15.2219 0.665526 -0.042032 267.072 0 0
1500 85.4435 7.39157 16.0132 0.576646 0.170903 274.981 0 0
1500 93.7071 15.0889 14.3717 0.529865 0.180661 276.924 0 0
1500 104.222 6.77033 15.3958 0.879374 0.109603 277.034 0 0
1500 101.069 0.238563 15.3908 0.718633 0.0064867 279.463 0 0
1500 88.1455 -24.5773 14.681 0.486806 -0.31272 279.663 0 0
1500 123.984 5.46108 15.7224 1.17513 0.0682029 282.383 0 0
1500 106.772 -54.1888 14.1609 0.603551 -0.65 288.452 0 0
1500 96.6073 1.35257 14.5679 0.496438 0.0204897 288.641 0 0
1500 79.1777 5.80753 15.2586 0.365453 0.115008 289.031 0 0
1500 90.1422 6.21015 15.8568 0.599254 0.0373359 289.446 0 0
1500 141.26 -18.8143 14.2471 0.97521 -0.245528 290.104 0 0
1500 116.779 -23.3245 14.2571 0.713109 -0.341664 291.521 0 0
1500 120.071 -12.6212 16.7467 1.33533 -0.236224 291.723 0 0
1500 57.5583 27.1708 15.0632 -0.0217958 0.458102 291.98 0 0
1500 82.8611 -9.79813 16.8561 0.590509 -0.144057 292.325 0 0
1500 80.9415 -6.00394 16.2115 0.498067 -0.111164 292.654 0 0
1500 124.299 -35.2688 14.4291 0.902358 -0.418985 295.127 0 0
1500 81.4884 60.9905 14.3438 0.316124 0.710928 295.852 0 0
1500 80.0285 15.265 15.3434 0.381199 0.222847 296.552 0 0
1500 63.0208 44.0257 14.4151 0.0132958 0.592585 296.995 0 0
1500 103.712 10.6507 16.0433 0.923771 0.186956 297.029 0 0
1500 38.9626 -33.8473 14.5015 -0.245681 -0.450898 297.224 0 0
1500 76.2485 -16.35 15.0598 0.336369 -0.229178 297.314 0 0
1500 62.188 -40.069 14.5607 0.108264 -0.522646 297.415 0 0
1500 25.1977 -60.2608 14.3894 -0.445498 -0.714473 297.793 0 0
1500 89.0763 -2.02451 16.6588 0.639032 -0.00287702 298.48 0 0
1500 18.8097 -52.2378 14.5598 -0.477339 -0.658392 298.695 0 0
1500 56.8983 -67.8315 14.5678 -0.0314413 -0.838968 298.893 0 0
1500 118.112 -35.4148 14.6395 0.753582 -0.456895 299.371 0 0
1500 83.8625 12.5518 15.4267 0.465274 0.13919 299.654 0 0
1500 87.9933 -25.7671 15.2006 0.464338 -0.342271 300.846 0 0
1500 82.6515 1.75484 15.3791 0.440358 0.0543523 302.775 0 0
1500 46.3075 42.6781 14.6653 -0.11667 0.58575 303.246 0 0
1500 85.5512 -4.75317 16.1444 0.54398 -0.0856971 303.532 0 0
1500 118.336 23.4158 14.5695 0.789191 0.259405 304.364 0 0
1500 34.9474 49.0526 14.6385 -0.329184 0.601561 304.695 0 0
1500 130.052 -5.66799 16.9661 1.59885 -0.131041 305.486 0 0
1500 86.2873 4.90143 16.6128 0.606389 0.0603832 305.586 0 0
1500 130.389 28.3211 14.581 0.919263 0.313372 305.766 0 0
1500 88.3614 -13.1052 15.7786 0.54184 -0.180173 305.986 0 0
1500 93.4645 19.4055 15.4017 0.643316 0.276015 306.109 0 0
1500 107.49 65.0882 14.6935 0.649928 0.835824 306.398 0 0
1500 92.9686 30.4517 14.9048 0.506504 0.409031 306.51 0 0
1500 105.366 16.0751 14.9115 0.65429 0.235177 306.716 0 0
1500 102.41 -5.01375 15.3514 0.668641 -0.03809 307.237 0 0
1500 119.708 -5.0791 16.1541 1.09609 -0.0600192 307.299 0 0
1500 112.08 10.4281 16.7418 1.12199 0.166569 307.361 0 0
1500 138.481 -51.5208 14.7029 1.10304 -0.715938 307.729 0 0
1500 85.8101 13.4896 15.6372 0.544918 0.196307 308.47 0 0
1500 69.5629 61.3037 14.8264 0.175459 0.847682 308.859 0 0
1500 90.779 -7.33757 16.199 0.611089 -0.0771131 309.139 0 0
1500 33.2075 -46.8962 15.031 -0.341096 -0.671037 309.7 0 0
1500 97.4897 3.53579 16.8001 0.786807 0.0600712 310.761 0 0
1500 87.3519 0.663283 16.6616 0.596398 -0.0496935 314.283 0 0
1500 59.6703 9.90017 15.3466 0.0933088 0.180815 314.766 0 0
1500 91.2493 0.304726 16.5521 0.631891 0.0126494 315.31 0 0
1500 135.972 -14.5131 14.9472 0.982092 -0.130145 315.862 0 0
1500 71.6575 7.78194 15.3546 0.23559 0.108896 315.994 0 0
1500 -2.53126 24.856 14.9825 -0.77231 0.363576 316.011 0 0
1500 89.4792 4.03143 15.1819 0.460353 -0.00114838 316.081 0 0
1500 78.0623 21.9193 15.0258 0.326784 0.301634 316.98 0 0
1500 42.6576 30.1908 15.1349 -0.199571 0.440922 316.994 0 0
1500 125.139 47.7081 14.9317 0.839655 0.612513 317.012 0 0
1500 89.7052 25.6863 15.1269 0.409019 0.389638 317.414 0 0
1500 85.1321 -80.1192 14.9356 0.356064 -0.983471 317.505 0 0
1500 83.863 -3.02257 17.0371 0.597301 -0.0521469 317.509 0 0
1500 78.8638 5.86536 15.6186 0.404317 0.0760415 317.757 0 0
1500 71.7216 48.9002 15.0057 0.242557 0.642409 317.797 0 0
1500 105.765 -53.5247 15.1053 0.70675 -0.74104 318.73 0 0
1500 69.5454 23.1228 15.0044 0.0983214 0.329374 319.158 0 0
1500 106.325 -16.5508 16.5197 0.957031 -0.304459 319.215 0 0
1500 27.186 44.2716 15.0895 -0.433417 0.573951 319.374 0 0
1500 81.308 -2.13611 15.8187 0.441608 -0.0680036 319.669 0 0
1500 117.343 43.0464 14.9503 0.802275 0.560848 320.304 0 0
1500 107.335 -12.4622 15.9809 0.804026 -0.179113 320.331 0 0
1500 84.287 -7.64856 16.1487 0.522495 -0.0707131 321.579 0 0
1500 49.709 -47.111 15.2776 -0.0895226 -0.757658 321.868 0 0
1500 48.0635 -5.54732 15.6478 -0.100177 -0.0633352 322.222 0 0
1500 65.5525 -34.9722 15.1292 0.0604349 -0.482932 322.31 0 0
1500 88.5289 -2.98935 17.2016 0.653227 -0.160711 323.262 0 0
1500 39.5142 -13.121 15.2605 -0.248747 -0.246629 323.428 0 0
1500 91.4939 2.81496 15.0212 0.443956 0.102644 323.559 0 0
1500 114.314 -21.9293 15.1002 0.796054 -0.27304 323.957 0 0
1500 118.946 -9.39034 16.722 1.23176 -0.197432 324.044 0 0
1500 46.2084 -18.3657 15.3914 -0.130352 -0.234245 324.225 0 0
1500 34.8605 -57.0411 15.0703 -0.288272 -0.807784 324.335 0 0
1500 109.244 7.01127 15.0619 0.710079 0.131089 324.397 0 0
1500 80.3575 -10.4835 15.9275 0.349296 -0.105639 325.104 0 0
1500 -8.99473 -13.6865 15.0589 -0.887616 -0.119766 325.446 0 0
1500 -1.19474 20.5569 15.0557 -0.794748 0.213433 326.187 0 0
1500 61.0701 -17.0272 15.237 0.106223 -0.266564 326.871 0 0
1500 75.9408 23.0912 15.782 0.331923 0.408143 327.863 0 0
1500 79.8497 -13.5625 16.0157 0.442948 -0.198177 327.978 0 0
1500 89.3855 16.0057 15.7227 0.535785 0.217878 328.117 0 0
1500 57.5859 16.5367 15.1891 0.0222086 0.271508 328.182 0 0
1500 66.1342 16.1706 15.19 0.130863 0.266616 328.251 0 0
1500 40.9226 -32.0938 15.1937 -0.301429 -0.455112 328.27 0 0
1500 58.2175 19.5143 15.4319 -0.0177554 0.324898 328.626 0 0
1500 99.3187 12.7687 15.1253 0.582429 0.211167 328.852 0 0
1500 77.2699 52.3772 15.13 0.261999 0.711506 329.111 0 0
1500 90.9536 17.3371 15.342 0.505023 0.190241 329.338 0 0
1500 105.164 -32.0967 15.1342 0.653571 -0.370151 329.435 0 0
1500 84.9633 -14.7785 15.6075 0.39964 -0.250361 329.509 0 0
1500 117.847 9.95675 15.1416 0.812519 0.172196 329.905 0 0
1500 107.895 -0.0362805 15.3514 0.717076 -0.0334082 330.023 0 0
1500 89.4308 53.2686 15.1447 0.446654 0.727 330.063 0 0
1500 28.5532 51.1825 15.156 -0.34099 0.687608 330.161 0 0
1500 15.2885 16.5087 15.2376 -0.535405 0.224303 330.337 0 0
1500 77.1328 17.7477 16.2409 0.350235 0.230519 330.4 0 0
1500 30.5671 71.4095 15.1724 -0.326906 0.919824 330.548 0 0
1500 100.664 14.6706 16.378 0.713613 0.21372 330.618 0 0
1500 15.9016 57.6585 15.156 -0.492308 0.777738 330.617 0 0
1500 105.744 56.3302 15.2138 0.574417 0.733512 331.088 0 0
1500 33.9795 13.2157 15.239 -0.307358 0.237019 331.178 0 0
1500 92.7381 -10.1038 16.6701 0.720557 -0.241669 331.238 0 0
1500 69.9362 -7.24291 15.7506 0.172503 -0.134483 331.273 0 0
1500 38.4722 31.8573 15.2635 -0.247647 0.477458 331.552 0 0
1500 61.4133 70.9322 15.2345 0.09461 0.933458 331.63 0 0
1500 71.6764 40.428 15.2803 0.182063 0.586596 331.806 0 0
1500 114.435 -49.5329 15.257 0.763934 -0.591869 331.948 0 0
1500 120.348 46.014 15.2661 0.821014 0.617524 332.146 0 0
1500 84.1987 3.46153 16.9217 0.574025 0.0661494 332.35 0 0
1500 40.1525 50.5278 15.3187 -0.223472 0.711774 332.38 0 0
1500 36.2253 3.49501 15.446 -0.295996 0.0515141 332.597 0 0
1500 11.5557 37.908 15.3404 -0.587715 0.54771 332.702 0 0
1500 73.5561 -28.1984 15.749 0.187124 -0.46509 332.82 0 0
1500 137.96 -17.5889 15.3206 1.03136 -0.17489 332.886 0 0
1500 133.727 -22.2246 15.3265 0.99543 -0.243957 332.917 0 0
1500 51.3684 62.3245 15.3657 -0.0789612 0.855431 333.073 0 0
1500 136.159 21.3545 15.3476 1.00244 0.304818 333.421 0 0
1500 90.9962 -40.3803 15.4097 0.487541 -0.544111 333.451 0 0
1500 142.333 -40.9337 15.4695 1.18369 -0.560867 333.496 0 0
1500 52.3547 57.1669 15.3959 -0.0617831 0.790766 333.601 0 0
1500 59.5732 53.1017 15.5696 -0.00456435 0.800824 333.779 0 0
1500 138.062 10.3291 15.3618 1.03582 0.160134 333.978 0 0
1500 15.8982 60.5918 15.3895 -0.522463 0.821947 334.171 0 0
1500 69.2597 9.65782 15.6211 0.11081 0.140913 334.377 0 0
1500 -9.17995 45.4152 15.4113 -0.825198 0.622966 335.292 0 0
1500 83.3057 -0.543259 16.6153 0.515236 0.0228026 335.393 0 0
1500 58.9202 -47.6528 15.4423 -0.0534144 -0.638235 335.723 0 0
1500 41.892 65.5872 15.4353 -0.176845 0.883406 335.774 0 0
1500 97.6223 61.0022 15.411 0.513246 0.768616 335.9 0 0
1500 106.569 64.949 15.4246 0.600727 0.85759 335.935 0 0
1500 33.7824 77.3915 15.431 -0.290955 1.00709 336.185 0 0
1500 112.185 59.2202 15.4468 0.675588 0.788671 336.413 0 0
1500 42.4428 61.4564 15.63 -0.184097 0.828367 336.688 0 0
1500 94.558 2.45068 16.0957 0.595907 0.0219118 337.14 0 0
1500 53.0892 -11.6111 16.0945 -0.0227872 -0.188315 337.499 0 0
1500 73.754 19.9856 16.5514 0.250228 0.315355 338.506 0 0
1500 89.4033 -24.6608 16.047 0.517003 -0.326629 338.609 0 0
1500 78.2347 10.7392 15.5183 0.272992 0.163785 338.681 0 0
1500 49.9067 71.6515 15.5442 -0.0907058 0.905745 339 0 0
1500 81.8509 8.38654 15.5569 0.36606 0.0857321 339.093 0 0
1500 120.918 1.8889 15.5568 0.810418 0.0390265 339.229 0 0
1500 97.6462 -6.4199 15.5894 0.566096 -0.104594 339.605 0 0
1500 84.0516 20.3683 15.8129 0.393982 0.308553 339.878 0 0
1500 43.9737 33.2165 16.5357 -0.185652 0.574323 339.952 0 0
1500 97.221 39.1433 15.6638 0.460448 0.512589 340.477 0 0
1500 82.1508 48.8239 15.6646 0.285362 0.624969 340.487 0 0
1500 103.916 -8.03035 16.0235 0.679397 -0.173723 341.207 0 0
1500 80.1269 -2.21579 16.2411 0.368163 -0.0850631 341.375 0 0
1500 91.5252 0.298665 16.3055 0.549754 -0.0131415 341.412 0 0
1500 86.2563 30.6152 15.7618 0.33372 0.408695 342.079 0 0
1500 68.6392 -88.8386 15.8468 0.197669 -1.22398 342.153 0 0
1500 89.8533 7.40335 17.385 0.638707 0.0784536 342.438 0 0
1500 106.913 -50.5411 15.9206 0.702998 -0.773537 342.595 0 0
1500 80.7468 3.93785 17.511 0.546964 0.0597104 342.659 0 0
1500 99.8797 -13.6641 15.8385 0.576555 -0.126246 342.73 0 0
1500 117.077 54.6574 15.7271 0.783082 0.65153 342.798 0 0
1500 74.2731 1.92196 16.4065 0.316926 -0.0307847 343.006 0 0
1500 74.4149 44.7128 15.8734 0.277891 0.600163 343.409 0 0
1500 96.0367 6.67082 16.5801 0.615647 0.118585 343.773 0 0
1500 105.832 22.6212 15.8774 0.674434 0.317516 343.788 0 0
1500 133.013 -32.0545 15.7494 0.964741 -0.409925 344.023 0 0
1500 78.3299 64.4547 15.8052 0.33323 0.873992 344.056 0 0
1500 113.313 16.3818 15.88 0.766168 0.237568 344.098 0 0
1500 82.8471 15.2931 16.0009 0.409355 0.194331 344.254 0 0
1500 94.9412 46.7683 15.8383 0.467579 0.585467 344.465 0 0
1500 128.43 -41.5583 15.7638 0.901371 -0.520706 344.735 0 0
1500 86.3044 -40.1548 15.9775 0.396667 -0.570855 344.814 0 0
1500 86.9629 41.5479 16.12 0.433017 0.575545 344.832 0 0
1500 87.5022 -16.6712 16.1284 0.422073 -0.209995 345.036 0 0
1500 120.174 -20.8249 15.9771 0.84982 -0.328174 345.102 0 0
1500 102.254 34.078 16.1234 0.621557 0.480156 345.167 0 0
1500 79.4784 14.497 16.8058 0.38783 0.200894 345.243 0 0
1500 84.4864 -42.2045 15.8768 0.412497 -0.615369 345.464 0 0
1500 112.337 -11.5974 16.2197 0.835164 -0.114691 346.076 0 0
1500 214.993 -0.096962 16.0298 2.29532 -0.0567559 346.189 0 0
1500 83.1607 -27.8997 17.3857 0.569735 -0.54546 346.145 0 0
1500 55.4334 -58.6972 16.0375 -0.0820116 -0.818463 346.862 0 0
1500 121.85 38.6285 16.2059 0.99751 0.545035 346.931 0 0
1500 105.161 -36.6691 16.0987 0.726848 -0.618891 346.998 0 0
1500 80.902 -3.06319 16.1753 0.397925 -0.031652 347.128 0 0
1500 84.6776 -30.9565 16.4947 0.387966 -0.483554 347.496 0 0
1500 77.4788 -1.56877 16.6797 0.393671 -0.056867 347.624 0 0
1500 76.8038 31.7835 16.2015 0.293929 0.472218 347.825 0 0
1500 89.9947 -53.2216 16.0943 0.45085 -0.765098 347.922 0 0
1500 92.4577 -20.1368 16.3476 0.57267 -0.284875 348.08 0 0
1500 80.0014 13.0919 16.266 0.336147 0.170562 348.316 0 0
1500 107.012 4.0074 15.9194 0.614996 0.0260343 348.63 0 0
1500 81.8095 -17.3557 16.3478 0.318052 -0.270258 348.805 0 0
1500 91.553 2.83322 16.5049 0.519258 -0.017204 348.937 0 0
1500 75.4918 5.90017 17.9717 0.451363 0.108371 349.076 0 0
1500 7.05911 -38.7896 16.0394 -0.671014 -0.551086 349.169 0 0
1500 104.693 -7.03403 16.4505 0.767536 -0.124025 349.563 0 0
1500 97.8205 -29.1035 16.1178 0.573795 -0.42976 349.637 0 0
1500 19.9643 25.358 16.2039 -0.575967 0.347198 349.631 0 0
1500 77.5468 29.6934 16.3623 0.28999 0.442431 349.689 0 0
1500 71.2967 6.65669 16.0901 0.252053 0.118303 349.685 0 0
1500 99.8893 -25.5331 16.0989 0.600088 -0.431884 349.712 0 0
1500 91.1923 -7.7662 17.4776 0.642592 -0.0772782 349.759 0 0
1500 68.7618 2.07469 16.7609 0.249214 0.0383165 349.806 0 0
1500 85.7113 -12.3642 17.9237 0.617848 -0.164708 349.861 0 0
1500 112.954 -7.2253 17.0819 1.08408 -0.169087 350.612 0 0
1500 -29.3924 19.9693 16.7502 -1.58575 0.398809 351.115 0 0
1500 48.4891 8.34113 15.9838 -0.116023 0.178196 351.142 0 0
1500 113.842 -10.0057 16.0578 0.786498 -0.0876905 351.211 0 0
1500 74.8753 72.2628 15.9393 0.243315 0.974087 351.24 0 0
1500 107.524 -0.896931 15.9637 0.621737 0.00309249 351.457 0 0
1500 33.0833 -89.1365 16.2398 -0.385316 -1.31811 351.548 0 0
1500 84.6404 -0.179391 16.6201 0.411812 -0.0341093 352.162 0 0
1500 90.862 32.5504 15.981 0.447264 0.496697 352.169 0 0
1500 24.7461 0.157118 16.3815 -0.501501 0.0466333 352.187 0 0
1500 -67.7813 -10.7475 16.1805 -1.91604 -0.108308 352.373 0 0
1500 34.1881 -11.2982 15.9761 -0.370431 -0.201803 352.411 0 0
1500 25.7364 50.2913 15.9904 -0.395058 0.712796 352.557 0 0
1500 45.1791 6.73231 16.3521 -0.187956 0.0876136 352.657 0 0
1500 69.419 78.6536 15.976 0.170489 1.03409 352.853 0 0
1500 92.4151 -29.0087 16.2633 0.546724 -0.377351 352.907 0 0
1500 109.219 -4.14655 16.2537 0.73584 -0.104167 353.07 0 0
1500 77.0295 0.727928 16.4355 0.28898 0.0731244 353.066 0 0
1500 74.0949 -1.00242 16.575 0.293544 0.00298544 353.213 0 0
1500 78.0117 46.5895 16.2997 0.267993 0.665945 353.607 0 0
1500 46.255 -25.7508 16.1685 -0.178765 -0.404972 353.757 0 0
1500 19.7617 9.99017 16.544 -0.622183 0.154112 353.807 0 0
1500 91.0213 -6.49636 16.6577 0.486964 -0.090055 353.837 0 0
1500 64.5544 -25.7219 16.5726 0.0940037 -0.366323 354.04 0 0
1500 73.3101 -9.99423 17.0937 0.333774 -0.117572 354.088 0 0
1500 79.7313 1.21695 16.9566 0.442851 -0.0148382 354.358 0 0
1500 87.8262 68.9672 16.1589 0.393696 0.938545 354.478 0 0
1500 92.0583 -34.5069 16.2946 0.512535 -0.50708 354.607 0 0
1500 109.596 1.16005 17.4037 1.00137 -0.0145005 354.864 0 0
1500 71.0435 -19.3899 16.6261 0.178786 -0.267444 354.957 0 0
1500 107.242 54.4931 16.1189 0.624727 0.714171 355 0 0
1500 65.3199 -57.5407 16.522 0.155705 -0.930344 355.118 0 0
1500 92.088 -3.95569 17.5816 0.654368 -0.0352252 355.155 0 0
1500 9.08981 -15.3228 16.2372 -0.745717 -0.264965 355.469 0 0
1500 92.8933 -20.8658 16.4178 0.559132 -0.295042 355.575 0 0
1500 92.8058 -4.16014 17.0273 0.572126 -0.111581 355.703 0 0
1500 94.9117 -13.8277 17.3426 0.743087 -0.201263 355.816 0 0
1500 64.7554 -10.5993 16.517 0.0692176 -0.118268 355.956 0 0
1500 72.4589 21.7549 16.4843 0.227859 0.296077 356.039 0 0
1500 41.5485 -43.1379 16.3871 -0.263884 -0.603266 356.05 0 0
1500 104.346 42.6564 16.1972 0.581615 0.562892 356.134 0 0
1500 96.9295 14.7926 16.4459 0.613536 0.164077 356.201 0 0
1500 79.9607 -10.2911 16.4842 0.387119 -0.104116 356.279 0 0
1500 84.294 -17.2634 18.2309 0.655242 -0.360999 356.463 0 0
1500 61.7107 26.9679 16.8803 0.0931334 0.404063 356.843 0 0
1500 59.8194 -14.5919 16.8096 0.0872849 -0.258399 357.223 0 0
1500 81.2437 -0.358873 16.6021 0.41638 0.0204812 357.232 0 0
1500 71.7383 14.5381 17.2153 0.282866 0.246229 357.254 0 0
1500 21.3442 -47.0239 16.2692 -0.556226 -0.64359 357.331 0 0
1500 31.5762 72.1966 16.2727 -0.316229 0.954586 357.517 0 0
1500 129.685 -2.15158 16.3327 0.980601 -0.0764888 357.785 0 0
1500 96.8265 6.96317 17.2043 0.636139 0.14604 358.051 0 0
1500 81.7833 4.21741 16.9708 0.387038 0.00279863 358.219 0 0
1500 34.9432 42.4567 16.4188 -0.330685 0.632688 358.376 0 0
1500 67.3889 -73.4565 16.3645 0.169721 -0.995199 358.396 0 0
1500 62.7963 -75.3085 16.3332 0.0715285 -1.03721 358.39 0 0
1500 93.8446 -15.2789 16.5342 0.573097 -0.187867 358.615 0 0
1500 6.60018 52.4703 16.3357 -0.739617 0.674442 358.725 0 0
1500 92.1454 13.6246 17.9405 0.713694 0.22265 358.777 0 0
1500 63.9539 -15.4867 16.5143 0.0471267 -0.295918 358.764 0 0
1500 60.6633 -78.107 16.3571 0.0783832 -1.03448 358.897 0 0
1500 28.1405 30.4541 16.6062 -0.437967 0.41082 359.044 0 0
1500 85.8274 -35.1196 17.1208 0.525478 -0.566867 359.029 0 0
1500 28.9694 -37.278 16.4343 -0.436396 -0.483703 359.214 0 0
1500 88.066 10.6754 17.3795 0.572513 0.111333 359.349 0 0
1500 174.401 -61.9379 16.6129 1.83075 -0.896367 359.441 0 0
1500 92.3425 2.05801 17.3853 0.625781 0.00181247 359.485 0 0
1500 114.001 2.08955 16.7551 0.83915 -0.00489753 359.678 0 0
1500 8.68167 5.53851 16.3981 -0.724976 0.0326607 359.695 0 0
1500 82.7184 -14.3319 16.5244 0.418684 -0.182524 359.715 0 0
1500 46.8993 -77.946 16.3885 -0.20768 -1.02372 359.771 0 0
1500 77.8355 20.9382 16.9979 0.36295 0.337795 359.961 0 0
1500 93.535 5.97476 16.5355 0.564087 0.0942515 360.003 0 0
1500 121.559 16.5965 16.5125 0.951871 0.313374 360.254 0 0
1500 63.1311 38.8713 16.4616 0.0909632 0.596442 360.577 0 0
1500 51.7664 34.5098 16.6972 -0.058623 0.533483 360.767 0 0
1500 106.615 -3.06616 17.1346 0.781035 -0.0510854 360.821 0 0
1500 83.092 -5.33456 17.9517 0.562989 -0.0775413 360.98 0 0
1500 95.434 51.7463 17.1617 0.654911 0.842772 360.967 0 0
1500 74.2958 -20.4417 16.6193 0.250698 -0.34618 361.038 0 0
1500 107.13 10.7718 17.1148 0.858159 0.196394 361.248 0 0
1500 60.0009 -11.4736 16.7883 0.0884127 -0.178835 361.802 0 0
1500 33.5389 -41.0401 16.6477 -0.302072 -0.620787 361.784 0 0
1500 81.3785 37.9772 16.8926 0.366599 0.58884 362.078 0 0
1500 30.1332 -3.28478 16.9807 -0.410309 -0.0707976 362.081 0 0
1500 116.239 4.93363 16.9452 0.883209 0.0602397 362.131 0 0
1500 -48.5531 -15.4355 16.5296 -1.46159 -0.168268 362.116 0 0
1500 90.3426 69.8366 16.4977 0.47116 0.932584 362.224 0 0
1500 51.2507 -41.0461 16.5981 -0.11428 -0.538699 362.277 0 0
1500 18.5017 -24.6806 16.7488 -0.556673 -0.386398 362.663 0 0
1500 87.0456 -40.4524 16.5764 0.400624 -0.539361 362.757 0 0
1500 52.8919 36.1948 16.8707 -0.0704322 0.532645 362.829 0 0
1500 113.082 47.4761 16.6149 0.798667 0.633723 362.873 0 0
1500 68.7712 -38.2775 16.6483 0.123722 -0.575711 362.864 0 0
1500 114.512 -42.2533 16.6792 0.794078 -0.653465 362.919 0 0
1500 5.06312 31.2022 16.5003 -0.77852 0.398436 363.344 0 0
1500 58.8052 -53.1611 16.564 -0.0312662 -0.766661 363.592 0 0
1500 50.7032 16.9685 16.6789 -0.129601 0.213979 363.742 0 0
1500 78.2889 1.26709 16.8882 0.377609 -0.0209056 364.253 0 0
1500 15.883 59.183 16.491 -0.62433 0.764513 364.364 0 0
1500 86.8219 -7.86132 16.8624 0.494339 -0.132607 364.448 0 0
1500 106.453 2.60964 16.9141 0.760139 0.0276106 364.576 0 0
1500 120.679 -8.25432 16.5765 0.906211 -0.135689 364.683 0 0
1500 66.914 -74.889 16.4951 0.062367 -0.992938 364.712 0 0
1500 51.7204 -38.0744 16.5476 -0.1157 -0.508789 364.79 0 0
1500 66.4525 -34.0802 16.5491 0.0636302 -0.459277 364.944 0 0
1500 92.3698 -4.73925 18.1825 0.697687 -0.0555548 364.969 0 0
1500 127.282 12.4987 17.4757 1.26768 0.198489 365.067 0 0
1500 42.5243 -17.8182 17.1955 -0.21471 -0.27325 365.15 0 0
1500 33.8432 -19.2886 16.5876 -0.304109 -0.29157 365.173 0 0
1500 195.875 -285.403 17.2458 2.55772 -5.10451 365.27 0 0
1500 123.407 -8.47029 16.4804 0.917306 -0.0613676 365.53 0 0
1500 98.2212 7.69054 16.614 0.555974 0.176694 365.665 0 0
1500 68.7877 -19.8075 16.7415 0.181833 -0.33917 365.724 0 0
1500 108.779 8.67321 16.9396 0.791573 0.12195 365.883 0 0
1500 44.8484 0.419996 16.6683 -0.22786 0.0316237 365.925 0 0
1500 76.558 -20.567 17.6205 0.346904 -0.316 366.022 0 0
1500 118.736 16.985 16.9256 1.01616 0.212795 366.03 0 0
1500 -9.04911 -35.0832 16.4819 -0.933691 -0.475936 366.11 0 0
1500 83.5812 0.276408 17.142 0.47932 0.0365996 366.097 0 0
1500 81.112 4.86243 17.3899 0.42225 0.0450972 366.194 0 0
1500 38.7798 7.00023 16.9161 -0.309024 0.131226 366.201 0 0
1500 87.2226 5.93787 17.1403 0.526482 0.111244 366.238 0 0
1500 1.72821 -17.2584 16.5027 -0.750813 -0.253998 366.425 0 0
1500 96.3078 -48.1625 16.5196 0.480907 -0.707956 366.403 0 0
1500 102.211 -55.3736 16.783 0.678261 -0.866173 366.498 0 0
1500 131.579 1.04462 16.5439 1.0375 0.0822389 366.577 0 0
1500 127.841 -26.8084 16.5627 0.976179 -0.37334 366.646 0 0
1500 6.20456 -41.1485 16.4941 -0.727851 -0.61155 366.841 0 0
1500 83.9367 34.3489 16.6635 0.38888 0.530147 367.219 0 0
1500 94.194 6.44696 17.3476 0.624387 0.130439 367.329 0 0
1500 41.2391 -61.9726 16.5704 -0.189368 -0.929269 367.436 0 0
1500 28.3876 -23.6665 16.5309 -0.41326 -0.329403 367.498 0 0
1500 84.8876 -2.02062 17.6566 0.55631 -0.0305699 367.488 0 0
1500 117.384 -15.0684 17.1428 0.980348 -0.285675 367.634 0 0
1500 74.2256 -25.5314 16.6133 0.254112 -0.420532 367.8 0 0
1500 78.018 53.4369 16.5527 0.267765 0.723472 367.863 0 0
1500 41.1165 -45.5347 16.8834 -0.234976 -0.7227 367.976 0 0
1500 80.2705 31.9585 16.9015 0.36157 0.489086 368.035 0 0
1500 50.6313 -63.3043 16.6087 -0.106193 -0.889988 368.15 0 0
1500 88.7996 33.5331 16.764 0.501509 0.475972 368.287 0 0
1500 76.8894 -0.274887 16.9342 0.373398 -0.000188695 368.409 0 0
1500 63.9777 -10.7353 16.9892 0.170404 -0.156143 368.581 0 0
1500 -16.5196 -17.3215 16.5645 -1.00805 -0.284771 368.672 0 0
1500 132.175 -8.32071 16.6275 1.03039 -0.0620911 368.996 0 0
1500 12.6254 -40.8844 16.5906 -0.628215 -0.530728 369.084 0 0
1500 126.165 -26.1247 16.5722 0.930665 -0.41125 369.111 0 0
1500 21.346 20.5002 16.6191 -0.56428 0.241784 369.239 0 0
1500 90.0506 -31.0639 16.6191 0.389562 -0.474095 369.238 0 0
1500 92.1351 8.25215 16.638 0.497863 0.180899 369.404 0 0
1500 111.027 -14.689 16.6687 0.793501 -0.172149 369.414 0 0
1500 3.85309 -17.0992 16.699 -0.762782 -0.292677 369.453 0 0
1500 107.442 26.7252 16.8395 0.752178 0.397418 369.522 0 0
1500 145.75 64.7308 16.7441 1.30793 0.915054 369.532 0 0
1500 108.148 8.1827 16.9779 0.787031 0.11348 369.698 0 0
1500 65.2156 -1.8226 17.0447 0.174604 0.0193994 370.033 0 0
1500 80.0905 -27.5548 16.8536 0.310835 -0.445222 370.123 0 0
1500 73.9432 -34.0966 16.8569 0.225958 -0.534458 370.225 0 0
1500 65.0277 -3.18554 16.6747 0.10936 0.0245173 370.3 0 0
1500 108.336 -24.6168 16.7406 0.688784 -0.328675 370.435 0 0
1500 50.701 46.0197 16.7986 -0.115024 0.774583 370.463 0 0
1500 86.513 -13.0152 17.0672 0.426257 -0.202666 370.584 0 0
1500 93.9405 11.323 18.4698 0.732964 0.161109 370.618 0 0
1500 55.9163 6.59653 17.0653 -0.0637592 0.153791 370.627 0 0
1500 42.2387 -26.9371 17.0392 -0.255391 -0.377508 370.893 0 0
1500 39.6489 -19.9443 16.7035 -0.243296 -0.347541 370.941 0 0
1500 84.1427 -19.7599 16.7294 0.435124 -0.259939 371.015 0 0
1500 73.9528 -12.9512 16.8885 0.237526 -0.21237 371.126 0 0
1500 104.86 31.6217 16.682 0.620385 0.443548 371.237 0 0
1500 62.401 -34.3396 16.8426 0.0333929 -0.468668 371.28 0 0
1500 62.9953 25.5119 16.7477 0.115525 0.343849 371.263 0 0
1500 77.9511 64.8357 16.749 0.332637 0.908444 371.372 0 0
1500 129.239 -31.3773 16.8175 1.1055 -0.423455 371.387 0 0
1500 -26.6194 74.6104 16.6997 -1.15139 1.07576 371.532 0 0
1500 70.2166 -9.55489 16.885 0.179074 -0.174544 371.765 0 0
1500 43.6169 8.04441 16.8485 -0.249534 0.142234 371.821 0 0
1500 126.552 -24.2188 16.761 0.949464 -0.325845 371.852 0 0
1500 48.1176 22.3086 16.7592 -0.184012 0.363535 371.854 0 0
1500 62.9466 -0.638066 17.0828 0.071122 -0.0643422 372.191 0 0
1500 97.8297 -5.19767 16.8542 0.631822 -0.0749295 372.27 0 0
1500 52.1967 -11.8981 17.0854 -0.0769147 -0.219227 372.284 0 0
1500 95.4057 -34.4207 16.7588 0.513643 -0.467881 372.518 0 0
1500 59.5023 -15.3985 17.1229 0.0720528 -0.242911 372.635 0 0
1500 39.8587 71.503 16.7598 -0.219829 1.01448 372.741 0 0
1500 106.458 -12.3213 17.2757 0.751692 -0.219126 372.843 0 0
1500 26.801 23.6104 16.9273 -0.505015 0.405701 372.882 0 0
1500 85.7664 -56.1525 16.8182 0.35207 -0.857578 373.228 0 0
1500 1.97379 46.1876 16.7875 -0.742485 0.686606 373.633 0 0
1500 6.51604 34.0404 16.911 -0.746232 0.49114 373.802 0 0
1500 108.298 -20.3517 17.1761 0.803876 -0.344518 373.977 0 0
1500 99.0133 31.8622 17.0511 0.652356 0.461965 374.024 0 0
1500 108.313 9.18099 17.2756 0.788662 0.152759 374.09 0 0
1500 104.304 10.0908 16.8268 0.712553 0.133499 374.177 0 0
1500 87.7645 4.24066 17.2067 0.429164 0.104901 374.231 0 0
1500 90.9454 77.7197 16.8332 0.418507 1.13862 374.499 0 0
1500 85.7214 -1.71703 17.5027 0.455409 0.00919015 374.767 0 0
1500 85.2748 -39.5274 16.892 0.434666 -0.618567 374.812 0 0
1500 78.2951 18.1613 17.41 0.395233 0.293646 374.863 0 0
1500 -15.5486 -8.10083 16.9454 -1.0729 -0.117848 374.914 0 0
1500 70.3082 10.3484 17.5182 0.271701 0.151811 375.042 0 0
1500 97.0901 -4.18788 17.2345 0.618183 0.00117601 375.061 0 0
1500 124.396 20.3015 16.8959 0.965097 0.272671 375.201 0 0
1500 125.955 -23.0566 17.0211 1.01025 -0.400126 375.213 0 0
1500 44.3217 73.6412 16.866 -0.243907 1.00822 375.349 0 0
1500 75.2705 12.7473 17.7255 0.315285 0.232378 375.521 0 0
1500 90.3898 -36.3863 17.1671 0.546742 -0.522562 375.661 0 0
1500 69.4066 75.6558 17.1087 0.245401 1.1951 375.7 0 0
1500 80.4205 -29.1178 17.1885 0.340936 -0.40868 375.739 0 0
1500 114.11 -46.8855 16.9557 0.814997 -0.646797 375.741 0 0
1500 73.292 -3.46643 17.7403 0.307101 0.0190661 375.822 0 0
1500 93.6946 0.938858 18.2286 0.660251 0.0687992 375.881 0 0
1500 28.6999 -23.035 17.0177 -0.493855 -0.321378 375.883 0 0
1500 73.1435 -8.36977 17.0665 0.224524 -0.160365 375.981 0 0
1500 64.796 10.1129 16.9393 0.0272148 0.16306 376.377 0 0
1500 73.08 5.34028 17.2071 0.249969 0.145005 376.467 0 0
1500 104.013 84.557 17.169 0.69866 1.33265 376.445 0 0
1500 60.4315 51.1534 17.1543 0.0249083 0.76118 376.551 0 0
1500 109.541 -25.1374 16.9254 0.784339 -0.35827 376.68 0 0
1500 64.8394 -10.0197 17.2316 0.0656116 -0.124074 376.739 0 0
1500 4.05466 49.5787 16.9314 -0.787525 0.677317 376.759 0 0
1500 59.2817 12.7328 17.0819 0.0603666 0.246639 376.892 0 0
1500 20.2982 4.05028 17.1142 -0.56361 0.0152613 376.922 0 0
1500 83.3551 -14.5215 17.6345 0.39444 -0.245703 376.982 0 0
1500 88.6072 1.27336 17.3776 0.544875 0.0678647 377.079 0 0
1500 59.821 3.16343 18.0508 0.104491 0.0312392 377.127 0 0
1500 32.7266 13.6879 17.0127 -0.39685 0.138377 377.189 0 0
1500 44.5453 73.2467 16.999 -0.182636 1.02165 377.227 0 0
1500 50.409 -34.434 17.034 -0.123165 -0.561585 377.249 0 0
1500 74.7489 -13.4514 17.3175 0.30671 -0.160785 377.328 0 0
1500 96.4923 -29.8471 17.5996 0.743146 -0.479435 377.351 0 0
1500 77.7507 2.08256 17.922 0.377839 0.093051 377.407 0 0
1500 91.3527 13.4564 17.7675 0.602345 0.22153 377.455 0 0
1500 65.2089 13.7416 16.973 0.0302469 0.185508 377.582 0 0
1500 18.2443 -25.8625 17.0184 -0.621057 -0.374162 377.598 0 0
1500 83.2787 1.72478 18.355 0.550204 -0.0242051 377.672 0 0
1500 56.0822 -84.5799 16.9376 0.0380896 -1.16028 377.834 0 0
1500 75.4749 -53.8886 16.9658 0.256518 -0.734648 378.021 0 0
1500 117.94 21.8518 16.981 0.826708 0.26451 378.063 0 0
1500 79.7825 30.2818 17.1482 0.363173 0.502396 378.198 0 0
1500 90.1083 -3.52028 17.4244 0.560589 -0.0146948 378.297 0 0
1500 117.431 9.82142 16.994 0.817361 0.110582 378.336 0 0
1500 102.652 -19.1606 17.0454 0.619101 -0.342586 378.335 0 0
1500 44.3245 42.8637 16.992 -0.265807 0.595531 378.452 0 0
1500 61.928 -18.1467 17.1831 0.0141746 -0.288239 378.581 0 0
1500 64.9195 57.1831 17.1878 0.115738 0.857609 379.02 0 0
1500 60.265 27.7013 17.492 0.0928416 0.531285 379.1 0 0
1500 93.14 -30.1221 17.0356 0.502931 -0.393152 379.193 0 0
1500 59.1299 4.95857 17.9747 0.0882081 0.110654 379.179 0 0
1500 89.1273 64.5797 17.0467 0.393023 0.938683 379.298 0 0
1500 93.9255 -17.8056 18.2603 0.647891 -0.319312 379.398 0 0
1500 76.1785 7.51821 17.7076 0.340908 0.170857 379.557 0 0
1500 10.6469 -42.7633 17.0808 -0.687518 -0.64639 379.692 0 0
1500 97.7859 39.5593 17.0726 0.571035 0.532589 379.862 0 0
1500 122.022 -24.6104 17.0754 0.945088 -0.353917 379.845 0 0
1500 126.812 40.5083 17.1892 1.12557 0.611018 379.855 0 0
1500 15.171 -24.6821 17.3266 -0.697856 -0.348546 379.912 0 0
1500 48.6151 74.0424 17.0429 -0.192488 1.02165 379.966 0 0
1500 74.5492 -14.8644 17.8028 0.359995 -0.260371 380.024 0 0
1500 71.5229 -13.5462 17.1848 0.267309 -0.229937 380.242 0 0
1500 41.3834 25.074 17.0918 -0.265213 0.33763 380.405 0 0
1500 101.175 -8.74059 17.3223 0.690007 -0.162397 380.461 0 0
1500 54.4952 -4.09931 17.4273 -0.0667666 -0.0873718 380.496 0 0
1500 78.1371 2.1899 17.6867 0.420651 0.00175924 380.605 0 0
1500 78.6354 -2.19872 17.4366 0.348559 0.038147 380.587 0 0
1500 -98.8077 -119.626 17.0552 -2.17196 -1.73392 380.644 0 0
1500 90.5735 33.1185 17.1887 0.541541 0.458882 380.666 0 0
1500 74.2992 18.5906 17.1191 0.254507 0.270104 380.675 0 0
1500 90.202 -3.79793 17.9003 0.538374 -0.066862 380.732 0 0
1500 41.7776 -18.1468 17.0863 -0.287363 -0.211729 380.818 0 0
1500 127.729 5.91512 17.393 1.10982 0.108315 380.887 0 0
1500 48.0392 -32.5647 17.8566 -0.10369 -0.601216 380.862 0 0
1500 46.1989 -30.0138 17.1844 -0.119002 -0.486615 380.894 0 0
1500 50.1324 12.274 17.2161 -0.140826 0.17856 380.918 0 0
1500 104.232 41.412 17.27 0.656117 0.655305 381.124 0 0
1500 75.4761 9.0612 17.154 0.284153 0.112445 381.139 0 0
1500 13.8278 19.0141 17.4031 -0.678105 0.343527 381.243 0 0
1500 112.904 51.1482 17.5492 0.939343 0.857443 381.252 0 0
1500 120.499 29.0979 17.9276 1.24212 0.510458 381.252 0 0
1500 126.799 5.15176 17.0928 0.973604 0.0505743 381.295 0 0
1500 72.9166 15.5592 17.3332 0.173076 0.241096 381.351 0 0
1500 81.7904 10.5953 17.8719 0.429675 0.149722 381.684 0 0
1500 79.7257 11.9177 17.1021 0.353491 0.115445 381.695 0 0
1500 105.195 67.6428 17.1237 0.657871 0.930132 382.054 0 0
1500 142.779 -95.732 17.137 1.20572 -1.39229 382.142 0 0
1500 115.459 -2.02688 17.1331 0.805272 -0.0300569 382.192 0 0
1500 87.6288 -24.3812 17.3373 0.415476 -0.362876 382.252 0 0
1500 -9.43121 -17.5637 17.1757 -0.944018 -0.241039 382.532 0 0
1500 61.4428 -9.77134 17.5537 0.0646339 -0.175538 382.582 0 0
1500 93.8429 -9.28198 17.1384 0.501891 -0.0669283 382.769 0 0
1500 93.9423 -10.3959 18.3653 0.695785 -0.125958 382.83 0 0
1500 22.6975 52.2466 17.1764 -0.488387 0.734629 382.892 0 0
1500 89.5312 -42.9602 17.7893 0.588064 -0.783428 382.871 0 0
1500 46.9399 -25.2977 17.3522 -0.117325 -0.445561 382.972 0 0
1500 36.6054 -50.4798 17.1282 -0.260941 -0.766466 382.986 0 0
1500 77.5312 -27.2935 17.9845 0.385625 -0.468345 383.016 0 0
1500 32.462 9.52106 17.3755 -0.459729 0.166778 383.036 0 0
1500 35.4808 12.9162 17.6522 -0.381736 0.257642 383.075 0 0
1500 95.521 -61.1397 17.2423 0.576872 -0.864583 383.101 0 0
1500 53.6502 -68.138 17.2618 -0.0486451 -0.999584 383.102 0 0
1500 50.6579 59.9339 17.1874 -0.124689 0.831613 383.159 0 0
1500 15.979 -53.4585 17.1966 -0.584935 -0.751561 383.188 0 0
1500 107.405 13.0446 18.7703 1.00574 0.189475 383.37 0 0
1500 95.9809 3.12595 17.8592 0.700256 0.122313 383.434 0 0
1500 89.6441 13.3528 17.1858 0.464978 0.180475 383.537 0 0
1500 60.7457 -12.6488 17.3276 0.0290417 -0.245785 383.536 0 0
1500 -1.6503 38.2089 17.2057 -0.864006 0.615753 383.687 0 0
1500 52.5207 -5.2556 17.7199 -0.0551748 -0.0249311 383.731 0 0
1500 102.6 4.23466 17.3533 0.647512 0.067507 383.801 0 0
1500 25.3354 46.1055 17.2181 -0.47015 0.646289 384.029 0 0
1500 33.2153 -58.2676 17.2336 -0.313173 -0.84408 384.015 0 0
1500 45.4239 12.4366 17.4391 -0.142235 0.215596 384.101 0 0
1500 79.7929 12.5093 18.665 0.441418 0.199661 384.184 0 0
1500 63.6248 14.4024 17.7075 0.0861047 0.236074 384.201 0 0
1500 52.0005 -26.5487 17.6389 -0.0506002 -0.435385 384.26 0 0
1500 48.8164 33.2699 17.2445 -0.146003 0.478114 384.496 0 0
1500 51.4556 16.2301 17.5128 -0.0532212 0.300134 384.631 0 0
1500 100.399 -32.7992 18.0152 0.734115 -0.594241 384.664 0 0
1500 112.572 6.33831 17.3286 0.800466 0.155457 384.825 0 0
1500 70.8276 -23.5099 17.7304 0.213172 -0.350562 384.968 0 0
1500 156.609 -15.6483 17.308 1.4955 -0.241455 385.318 0 0
1500 80.3307 -6.00276 17.7964 0.401468 -0.0737125 385.472 0 0
1500 115.688 -1.94052 17.4571 0.894206 -0.0117845 385.751 0 0
1500 83.6726 21.672 17.9423 0.418841 0.365366 385.821 0 0
1500 102.218 22.5358 17.5689 0.724348 0.322928 385.884 0 0
1500 97.9173 19.07 17.3923 0.618202 0.329524 385.863 0 0
1500 28.664 47.3614 17.3481 -0.527767 0.767438 385.891 0 0
1500 93.5519 3.67295 18.5262 0.699284 0.0563223 385.952 0 0
1500 98.6973 33.573 17.7579 0.643146 0.572098 386.101 0 0
1500 109.916 -51.4232 17.2538 0.721531 -0.759492 386.317 0 0
1500 93.2317 -8.51461 17.6922 0.580804 -0.183144 386.299 0 0
1500 106.063 -15.6106 17.3936 0.779425 -0.199386 386.321 0 0
1500 49.2324 45.8319 17.6036 -0.21179 0.771846 386.327 0 0
1500 82.9569 -20.163 17.849 0.456995 -0.343825 386.531 0 0
1500 88.1987 -6.62047 17.891 0.533353 -0.0314091 386.68 0 0
1500 56.4161 -7.89927 17.4419 -0.0628499 -0.153193 386.706 0 0
1500 73.5546 -10.0397 17.6151 0.284452 -0.210228 386.87 0 0
1500 66.6953 -12.3149 17.4748 0.166986 -0.246539 386.957 0 0
1500 109.893 -5.16255 17.285 0.803585 -0.0974408 386.965 0 0
1500 96.6261 -58.7052 17.6863 0.639507 -0.945207 387.311 0 0
1500 123.418 -30.5623 17.3153 0.912848 -0.485599 387.309 0 0
1500 106.879 -9.11131 17.5432 0.807437 -0.188305 387.455 0 0
1500 70.743 9.47284 17.6975 0.237517 0.171086 387.471 0 0
1500 72.3016 -69.6078 17.3197 0.21277 -1.01771 387.473 0 0
1500 120.809 -56.0208 17.5114 1.08273 -0.897928 387.54 0 0
1500 53.843 7.80972 17.3887 -0.0262561 0.186605 387.756 0 0
1500 78.7982 -7.58727 17.3423 0.258292 -0.166725 387.925 0 0
1500 91.7016 49.5392 17.3218 0.54742 0.684029 388.139 0 0
1500 77.3474 11.7607 17.5809 0.332575 0.23422 388.142 0 0
1500 60.9863 13.7501 17.9917 0.0872462 0.246085 388.403 0 0
1500 84.9116 -23.2276 18.2063 0.598805 -0.473764 388.402 0 0
1500 72.7582 -42.2928 17.3531 0.284186 -0.632563 388.446 0 0
1500 105.251 7.04876 17.8983 0.791526 0.0967138 388.472 0 0
1500 89.454 -53.3727 17.3283 0.513081 -0.770563 388.481 0 0
1500 63.0737 2.84731 17.902 0.112868 -0.0222185 389.056 0 0
1500 108.703 -49.4749 17.3323 0.763217 -0.704534 389.133 0 0
1500 117.69 41.7116 17.3355 0.885437 0.549807 389.256 0 0
1500 87.288 14.9937 18.0149 0.554563 0.240192 389.258 0 0
1500 32.9856 -22.2804 17.5481 -0.407018 -0.316171 389.213 0 0
1500 50.4399 -21.4945 17.5295 -0.160432 -0.310487 389.382 0 0
1500 46.1708 -59.42 17.4312 -0.153245 -0.908364 389.466 0 0
1500 56.1485 -19.5127 17.3496 0.0346132 -0.322184 389.477 0 0
1500 76.7552 15.1217 17.3503 0.338218 0.188595 389.567 0 0
1500 80.6481 72.8943 17.3392 0.322425 1.06565 389.835 0 0
1500 7.56783 -13.0029 17.4546 -0.77892 -0.211028 390.036 0 0
1500 65.3228 35.3601 18.0553 0.110856 0.614442 390.039 0 0
1500 81.6311 -1.08286 18.6047 0.487328 -0.00351005 390.192 0 0
1500 64.5096 -60.4169 17.453 0.090823 -0.92499 390.358 0 0
1500 66.7334 -74.7526 17.4124 0.15379 -1.18549 390.386 0 0
1500 43.6785 -11.9461 17.8448 -0.269514 -0.232671 390.428 0 0
1500 93.484 -29.0782 17.3541 0.578631 -0.452808 390.494 0 0
1500 51.2671 -7.43775 18.1415 -0.158847 -0.198643 390.681 0 0
1500 68.8801 -68.3429 17.4559 0.164108 -1.01638 390.708 0 0
1500 60.0657 -51.5088 17.3564 0.0920887 -0.776959 390.692 0 0
1500 71.4649 22.153 17.8217 0.237277 0.336848 390.764 0 0
1500 75.968 -67.2931 17.4582 0.261951 -1.00037 390.814 0 0
1500 114.466 18.0111 18.4159 1.10794 0.356077 390.855 0 0
1500 69.2207 -8.08762 17.5311 0.134954 -0.162153 391.036 0 0
1500 -5.51655 -3.27479 17.4691 -0.95341 -0.0705529 390.997 0 0
1500 13.2114 -50.6344 17.4231 -0.648766 -0.77534 391.063 0 0
1500 116.779 -24.4366 18.6611 1.20156 -0.432932 391.197 0 0
1500 75.5927 -55.5957 17.3687 0.313407 -0.833044 391.23 0 0
1500 75.6912 -55.3225 17.3633 0.316338 -0.825853 391.229 0 0
1500 77.3193 51.7757 17.3721 0.210544 0.781431 391.369 0 0
1500 95.2454 -68.6077 17.5621 0.619923 -1.09067 391.376 0 0
1500 125.352 13.5532 17.522 1.01265 0.215323 391.566 0 0
1500 35.3622 21.3078 17.7127 -0.377076 0.296381 391.574 0 0
1500 73.782 19.1384 17.5786 0.190944 0.300439 391.81 0 0
1500 77.5578 -68.3512 17.4384 0.251187 -1.01324 391.81 0 0
1500 115.771 -25.9607 17.3782 0.883202 -0.403114 391.867 0 0
1500 50.9415 -12.213 17.7096 -0.0958838 -0.202038 391.917 0 0
1500 105.371 51.423 17.3948 0.679137 0.787987 392.248 0 0
1500 94.4421 13.26 17.6441 0.618473 0.155714 392.221 0 0
1500 41.9993 -41.3807 17.5274 -0.303469 -0.670447 392.296 0 0
1500 49.1417 -69.5481 17.3825 -0.064766 -1.01296 392.443 0 0
1500 74.1527 -29.3509 17.4475 0.273842 -0.50296 392.547 0 0
1500 58.2452 2.56335 17.4951 0.0194524 -0.0300423 392.617 0 0
1500 92.0718 -1.12727 17.9346 0.619716 -0.031317 393.194 0 0
1500 80.396 -52.4318 17.6286 0.370981 -0.92729 393.183 0 0
1500 92.4828 -13.1762 17.9356 0.624595 -0.202305 393.303 0 0
1500 99.5046 -2.42361 17.6775 0.683418 0.0237957 393.252 0 0
1500 109.318 -8.10582 17.5139 0.743415 -0.0977715 393.481 0 0
1500 65.2776 53.0535 17.7178 0.116852 0.918821 393.503 0 0
1500 60.5704 -68.9205 17.481 0.0150103 -0.996903 393.562 0 0
1500 126.602 -17.1782 17.4122 1.0117 -0.271012 393.66 0 0
1500 99.1648 15.5697 17.9386 0.716257 0.204835 393.616 0 0
1500 50.1019 36.3393 17.8253 -0.0942816 0.5868 393.617 0 0
1500 67.428 18.5456 18.2784 0.229123 0.286414 393.75 0 0
1500 93.4559 -35.2535 17.4732 0.529746 -0.479075 393.805 0 0
1500 145.214 -13.4333 17.8034 1.47181 -0.205159 393.773 0 0
1500 -10.756 -10.3177 17.4471 -1.03054 -0.162347 393.91 0 0
1500 102.645 14.251 17.4889 0.711852 0.253044 393.899 0 0
1500 32.525 42.0394 17.9413 -0.406146 0.707342 393.934 0 0
1500 73.445 16.0739 17.6108 0.281437 0.300556 393.97 0 0
1500 67.81 34.6657 18.0319 0.201316 0.56202 394.407 0 0
1500 89.2874 23.8468 18.2852 0.56713 0.411236 394.429 0 0
1500 84.4547 27.4629 18.1062 0.432285 0.453146 394.49 0 0
1500 0.899088 0.36544 17.5579 -0.858286 0.059707 394.612 0 0
1500 64.9793 3.88645 18.046 0.106867 0.0764991 394.875 0 0
1500 54.8989 49.9253 17.618 0.00877572 0.785835 395.022 0 0
1500 51.5473 18.5315 17.4898 -0.150928 0.327357 394.974 0 0
1500 78.5163 1.35963 18.3106 0.410012 0.00905779 395.032 0 0
1500 83.7077 6.58593 17.9623 0.440148 0.0704061 395.057 0 0
1500 32.5091 46.8834 17.4559 -0.39458 0.752101 395.029 0 0
1500 55.5515 5.45966 17.6955 0.00910979 0.151932 395.087 0 0
1500 13.8164 10.1239 17.7176 -0.708381 0.108227 395.174 0 0
1500 67.108 11.2544 17.6958 0.179167 0.236938 395.21 0 0
1500 60.6633 -44.7531 17.4914 0.108189 -0.68411 395.234 0 0
1500 57.9613 3.33422 17.9017 -0.060545 0.126777 395.274 0 0
1500 8.7033 49.8246 17.5093 -0.724349 0.754841 395.357 0 0
1500 70.8935 -65.1587 17.4539 0.231991 -0.915994 395.374 0 0
1500 71.618 -63.8108 17.4577 0.241357 -0.895959 395.517 0 0
1500 49.3473 40.2651 17.5174 -0.080219 0.651638 395.514 0 0
1500 85.1674 -30.4753 17.5516 0.498777 -0.460769 395.543 0 0
1500 48.0726 -13.2346 17.7108 -0.182923 -0.231273 395.792 0 0
1500 37.945 -8.91167 17.7111 -0.331658 -0.167338 395.891 0 0
1500 102.213 -13.6849 17.609 0.767394 -0.166776 395.893 0 0
1500 80.9848 -11.3094 18.0718 0.475752 -0.15063 395.953 0 0
1500 23.6299 57.2004 17.5673 -0.472295 0.925143 396.015 0 0
1500 68.4199 63.1417 17.4672 0.126241 0.974677 396.019 0 0
1500 130.414 -13.1392 18.0307 1.29541 -0.193086 396.021 0 0
1500 113.723 -6.10653 17.4986 0.877043 -0.11439 396.111 0 0
1500 63.1207 15.8082 17.541 0.125872 0.203295 396.153 0 0
1500 76.74 -59.4824 17.4998 0.351181 -0.885237 396.395 0 0
1500 105.336 18.3563 17.6172 0.774122 0.270473 396.431 0 0
1500 83.6651 -1.46789 18.1957 0.462807 -0.0182365 396.455 0 0
1500 149.044 -12.9522 17.6323 1.49826 -0.218172 396.467 0 0
1500 87.3176 3.13893 17.9848 0.534453 0.0882454 396.601 0 0
1500 72.336 49.7094 17.7041 0.250955 0.786722 396.604 0 0
1500 103.862 -26.8937 17.6183 0.751379 -0.385185 396.556 0 0
1500 60.3889 -6.03205 17.6902 0.0623891 -0.16342 396.58 0 0
1500 72.4129 16.0943 17.6212 0.211723 0.314252 396.564 0 0
1500 114.824 -15.1899 18.2406 1.04364 -0.214922 396.593 0 0
1500 71.2658 -36.7111 17.6694 0.246376 -0.603418 396.786 0 0
1500 82.9898 -45.536 17.4932 0.421296 -0.630946 396.884 0 0
1500 87.5116 -45.036 17.5866 0.443865 -0.72623 396.879 0 0
1500 27.0962 30.0229 17.8569 -0.50545 0.478031 396.888 0 0
1500 44.1934 -70.9414 17.498 -0.259308 -1.01128 397.104 0 0
1500 79.8962 -10.2727 18.8542 0.452948 -0.172509 397.182 0 0
1500 74.4345 -65.9432 17.5122 0.301646 -0.966746 397.269 0 0
1500 43.6062 -21.9104 17.8212 -0.208925 -0.424051 397.368 0 0
1500 90.5422 4.31008 18.2099 0.622234 0.0715549 397.422 0 0
1500 -4.73919 13.356 17.5086 -0.954666 0.241483 397.415 0 0
1500 69.063 -11.1342 17.7144 0.258253 -0.178183 397.416 0 0
1500 45.6588 68.6307 17.4947 -0.195495 1.02808 397.738 0 0
1500 94.7397 20.3369 18.2124 0.678009 0.296912 397.804 0 0
1500 6.30924 -43.4924 17.519 -0.776698 -0.620181 398.088 0 0
1500 29.7048 62.7422 17.5608 -0.370228 0.95755 398.079 0 0
1500 95.2226 13.0915 18.0979 0.676378 0.18899 398.173 0 0
1500 -8.78021 16.3867 17.5531 -0.985368 0.23372 398.229 0 0
1500 42.4537 -19.0994 17.8023 -0.320056 -0.356792 398.317 0 0
1500 58.8596 -10.939 18.3283 0.0545399 -0.190933 398.334 0 0
1500 118.648 14.1963 17.6685 0.945503 0.240641 398.345 0 0
1500 23.7467 61.6031 17.5548 -0.475327 0.933789 398.703 0 0
1500 89.8204 18.9295 18.0119 0.534525 0.34351 398.696 0 0
1500 -0.159599 5.10771 17.5985 -0.890562 0.123487 398.655 0 0
1500 30.421 -37.6285 17.5365 -0.482222 -0.566427 398.635 0 0
1500 76.2898 5.63372 18.1367 0.322128 0.131479 398.716 0 0
1500 53.8304 69.6468 17.5551 -0.0535185 1.04628 398.722 0 0
1500 45.378 -6.58691 17.8855 -0.19598 -0.146689 398.779 0 0
1500 113.973 -15.5143 17.5709 0.869151 -0.308076 398.94 0 0
1500 56.9657 -20.1862 17.893 -0.063657 -0.2936 398.943 0 0
1500 47.899 -53.1598 17.5383 -0.222901 -0.79184 398.979 0 0
1500 66.1064 -36.3507 17.6768 0.104559 -0.612755 398.975 0 0
1500 89.8164 -12.1682 17.5848 0.438958 -0.245505 399.161 0 0
1500 125.308 32.3988 17.5561 0.962909 0.504121 399.218 0 0
1500 93.4626 -56.8588 17.6922 0.551759 -0.867589 399.21 0 0
1500 124.242 48.0595 17.6516 1.14175 0.776482 399.345 0 0
1500 146.465 -26.0215 17.5497 1.32976 -0.37405 399.474 0 0
1500 60.1078 -11.9921 17.8933 0.0515045 -0.249333 399.686 0 0
1500 107.534 -13.788 17.5622 0.781039 -0.1516 399.74 0 0
1500 86.4473 -60.8943 17.7137 0.428425 -0.932606 399.778 0 0
1500 76.5992 -1.72591 18.5319 0.444608 0.0200137 399.974 0 0
1500 86.4502 -59.9841 17.6936 0.46796 -0.906835 399.942 0 0
1500 79.8915 13.0668 18.2256 0.426495 0.298777 399.949 0 0
1500 69.4724 -18.1694 18.0616 0.267034 -0.279925 400.155 0 0
1500 80.0619 61.9381 17.5849 0.30774 0.919046 400.211 0 0
1500 74.6475 21.568 18.0528 0.243354 0.350689 400.268 0 0
1500 98.9881 17.4078 17.7477 0.690742 0.228024 400.208 0 0
1500 43.1758 -22.4214 17.5651 -0.207312 -0.407449 400.328 0 0
1500 128.153 -6.90673 17.6941 1.18826 -0.108354 400.366 0 0
1500 89.4113 -9.57581 17.6245 0.472152 -0.0857365 400.703 0 0
1500 148.586 1.26393 17.7672 1.49503 0.00591892 400.769 0 0
1500 68.979 20.6944 18.1994 0.179619 0.319394 400.795 0 0
1500 112.024 -42.4654 17.705 0.821603 -0.650256 400.773 0 0
1500 88.2062 31.6574 18.0639 0.530518 0.518302 400.864 0 0
1500 55.947 -3.11159 17.6792 -0.0903916 -0.0223222 400.9 0 0
1500 88.3782 23.8414 18.0254 0.523669 0.442172 400.878 0 0
1500 47.8994 -7.57594 17.5978 -0.196957 -0.121474 401 0 0
1500 97.4511 37.0544 17.939 0.671363 0.571226 401.065 0 0
1500 15.1769 106.274 17.581 -0.672163 1.64224 401.052 0 0
1500 75.1176 18.1241 17.6792 0.195475 0.294088 401.117 0 0
1500 85.4927 -0.879067 18.7332 0.592569 0.0233095 401.326 0 0
1500 5.55101 -1.01119 17.5823 -0.805953 -0.0788943 401.287 0 0
1500 120.946 -30.5514 17.7193 1.01299 -0.512948 401.32 0 0
1500 130.386 -51.2195 17.7418 1.24491 -0.808437 401.326 0 0
1500 44.5891 -25.0412 17.7052 -0.195111 -0.444566 401.399 0 0
1500 68.1672 13.2736 18.5415 0.232434 0.228574 401.57 0 0
1500 110.978 -29.6327 17.7567 0.849623 -0.450704 401.523 0 0
1500 92.0973 1.97101 18.7343 0.681721 0.0626546 401.598 0 0
1500 162.315 59.448 17.6517 1.69166 0.934586 401.729 0 0
1500 45.9472 -29.3244 17.6992 -0.175394 -0.508315 401.876 0 0
1500 25.0803 -77.0632 17.7458 -0.472897 -1.28018 402.097 0 0
1500 47.4758 -16.9198 17.9027 -0.113168 -0.290815 402.202 0 0
1500 92.8401 30.8264 17.6459 0.498002 0.476005 402.201 0 0
1500 12.4557 54.4133 17.576 -0.710141 0.753481 402.207 0 0
1500 36.598 -2.87764 17.9861 -0.397964 0.0147641 402.143 0 0
1500 -5.48551 27.7033 17.587 -0.94276 0.437474 402.279 0 0
1500 130.141 3.6837 17.5627 1.03258 0.123493 402.584 0 0
1500 63.978 -2.3036 17.6324 0.14143 -0.0540285 402.685 0 0
1500 29.0316 -29.6162 18.074 -0.453218 -0.534772 402.726 0 0
1500 67.8701 -36.3785 18.3117 0.148856 -0.634278 402.692 0 0
1500 45.2631 31.7837 17.6609 -0.139809 0.485314 402.745 0 0
1500 89.2749 -24.9965 17.798 0.510884 -0.351367 403.162 0 0
1500 70.8921 -11.125 17.7483 0.249884 -0.143055 403.227 0 0
1500 37.9549 -65.0014 17.5867 -0.272938 -0.998033 403.348 0 0
1500 75.3012 -46.6767 17.7918 0.238648 -0.803333 403.404 0 0
1500 118.193 9.031 17.7521 0.954626 0.118822 403.449 0 0
1500 3.31049 -29.4908 17.6024 -0.822631 -0.415848 403.579 0 0
1500 -12.931 17.1311 17.5775 -0.994493 0.310941 403.576 0 0
1500 52.7102 25.8249 18.1101 -0.0738841 0.415407 403.676 0 0
1500 85.2166 2.23748 17.8115 0.452785 0.0158903 403.712 0 0
1500 65.1482 -36.7825 17.7662 0.0743776 -0.599812 403.717 0 0
1500 75.6376 -38.5538 17.7664 0.229153 -0.62442 403.893 0 0
1500 45.6275 -7.01362 17.8481 -0.195318 -0.124548 404.004 0 0
1500 25.4346 -29.7084 17.7279 -0.50744 -0.502167 404.129 0 0
1500 75.9829 -4.17785 17.7986 0.284589 -0.114687 404.189 0 0
1500 81.7607 -66.8344 17.6144 0.299495 -1.00167 404.222 0 0
1500 54.1743 -64.9923 17.7123 -0.0516408 -1.00267 404.195 0 0
1500 63.9643 -6.74322 17.802 0.125643 -0.148341 404.307 0 0
1500 114.529 -9.02298 17.7663 0.905178 -0.102858 404.301 0 0
1500 88.2668 28.5993 17.9357 0.469625 0.48988 404.361 0 0
1500 80.9418 -12.8304 17.7725 0.430654 -0.175844 404.388 0 0
1500 26.9812 11.0718 17.6392 -0.531548 0.204704 404.531 0 0
1500 106.578 46.3784 17.5959 0.676997 0.712166 404.596 0 0
1500 106.104 50.6502 17.6527 0.693647 0.778498 404.594 0 0
1500 18.9714 -38.2205 17.7686 -0.600955 -0.612291 404.69 0 0
1500 17.5229 15.2874 17.6343 -0.615469 0.196929 404.936 0 0
1500 79.0336 -25.7284 18.1703 0.391901 -0.501735 404.938 0 0
1500 43.4662 -67.0659 17.6113 -0.189847 -1.00438 404.962 0 0
1500 94.0137 -12.4985 18.0365 0.647276 -0.198619 404.995 0 0
1500 21.9854 -31.0144 17.7818 -0.536932 -0.502973 405.322 0 0
1500 84.2259 -44.4571 17.868 0.395582 -0.71935 405.307 0 0
1500 108.619 69.3435 17.6175 0.813459 1.01295 405.3 0 0
1500 67.0865 -18.3676 18.3873 0.215252 -0.297053 405.369 0 0
1500 31.7025 -7.05339 17.6485 -0.420752 -0.104227 405.479 0 0
1500 59.0047 -42.192 18.0513 0.0238805 -0.684854 405.455 0 0
1500 67.8641 -13.559 17.7163 0.211284 -0.254646 405.57 0 0
1500 64.5918 -69.2474 17.7301 0.0956992 -1.04211 405.638 0 0
1500 152.358 184.896 17.6171 1.42404 2.67278 405.653 0 0
1500 66.6037 -62.7975 17.6261 0.101863 -0.982852 405.66 0 0
1500 69.3382 0.130677 18.2213 0.234321 -0.0708564 405.646 0 0
1500 37.1958 -62.0935 17.7758 -0.3294 -0.945272 405.821 0 0
1500 67.457 58.353 17.6411 0.074784 0.897089 405.838 0 0
1500 32.9244 2.97537 18.1493 -0.421489 0.0837504 405.835 0 0
1500 93.3978 -84.8826 17.6912 0.595059 -1.3944 405.937 0 0
1500 162.898 26.4989 18.0938 1.89787 0.468824 406.029 0 0
1500 87.565 -31.685 18.2442 0.495381 -0.530101 406.351 0 0
1500 61.6266 -15.3639 17.978 0.0208862 -0.227635 406.348 0 0
1500 86.8012 -54.5579 17.6313 0.457139 -0.859288 406.424 0 0
1500 48.4119 -51.0479 17.7948 -0.155993 -0.776839 406.486 0 0
1500 78.7941 -10.2944 18.4238 0.450875 -0.198521 406.496 0 0
1500 52.0023 63.6605 17.6442 -0.151439 0.96643 406.458 0 0
1500 65.3184 -28.7471 18.2905 0.135012 -0.510773 406.492 0 0
1500 98.1296 0.814269 17.9814 0.684953 -0.0378339 406.522 0 0
1500 72.1201 -6.964 18.5333 0.287125 -0.172453 406.579 0 0
1500 77.989 -36.0432 17.815 0.281951 -0.548902 406.694 0 0
1500 59.3921 66.1074 17.6458 -0.0434423 0.998675 406.696 0 0
1500 55.4387 -51.9357 17.8852 -0.0963268 -0.822885 406.674 0 0
1500 97.7978 -6.28986 18.84 0.805457 -0.147506 406.735 0 0
1500 79.8754 -12.2053 17.947 0.418032 -0.227938 406.771 0 0
1500 89.9168 30.0224 17.8776 0.551265 0.571396 406.85 0 0
1500 94.4772 18.6977 17.6833 0.596231 0.333485 407.094 0 0
1500 100.215 -20.8375 17.9695 0.688377 -0.369982 407.157 0 0
1500 -1.17638 -24.1205 17.6529 -0.933909 -0.333975 407.216 0 0
1500 44.0828 21.4282 17.7672 -0.226762 0.381517 407.221 0 0
1500 90.9677 -22.3893 18.0228 0.502568 -0.358003 407.295 0 0
1500 8.94445 -50.5858 17.6385 -0.671815 -0.790461 407.355 0 0
1500 112.091 -39.8301 17.6379 0.816469 -0.635929 407.292 0 0
1500 53.0648 -6.11299 17.772 -0.0806655 -0.165017 407.354 0 0
1500 62.3998 29.96 17.8374 0.118826 0.512921 407.407 0 0
1500 74.4527 -1.83203 18.218 0.312667 0.0314818 407.443 0 0
1500 72.8695 -4.46465 18.0505 0.29277 -0.0210781 407.454 0 0
1500 81.6122 -23.0395 18.6381 0.511429 -0.457463 407.452 0 0
1500 99.0728 -21.0415 17.9983 0.714884 -0.298046 407.525 0 0
1500 100.615 -25.958 17.8485 0.71918 -0.471709 407.527 0 0
1500 91.2478 -63.1708 17.6528 0.426307 -0.95705 407.688 0 0
1500 70.4936 20.6588 18.1736 0.251517 0.328089 407.741 0 0
1500 68.627 -44.9188 18.15 0.173518 -0.755193 407.702 0 0
1500 87.5953 89.6575 18.1819 0.502211 1.68406 407.775 0 0
1500 93.0351 11.3018 17.9058 0.557826 0.139633 407.894 0 0
1500 76.5124 -37.2927 17.687 0.258762 -0.627343 407.9 0 0
1500 126.952 20.9888 17.6453 1.02046 0.239509 408.005 0 0
1500 85.712 16.0891 17.9106 0.459345 0.202783 408.078 0 0
1500 -7.51822 -50.0335 17.7262 -1.06302 -0.786223 408.11 0 0
1500 53.2087 -37.8238 18.032 -0.109996 -0.633279 408.103 0 0
1500 77.2449 37.8465 17.8739 0.24989 0.663869 408.115 0 0
1500 81.6784 28.1239 18.1707 0.445938 0.549284 408.133 0 0
1500 137.092 10.0627 17.7309 1.31082 0.156782 408.168 0 0
1500 72.4841 13.7678 19.0892 0.36726 0.257711 408.413 0 0
1500 76.1666 -2.94217 18.0013 0.353567 0.0166789 408.429 0 0
1500 46.1948 -0.755112 17.9087 -0.215925 0.0154132 408.46 0 0
1500 100.566 -16.8317 17.944 0.733513 -0.374751 408.492 0 0
1500 107.445 44.1249 17.8025 0.748617 0.701421 408.542 0 0
1500 -4.27869 -30.644 17.6651 -0.960147 -0.420696 408.572 0 0
1500 111.757 -34.4388 17.7143 0.85141 -0.466368 408.606 0 0
1500 33.341 47.0638 17.9364 -0.364956 0.814606 408.702 0 0
1500 98.3051 10.2434 18.2801 0.730638 0.146088 408.747 0 0
1500 114.457 -70.9234 17.8535 0.90211 -1.16189 408.843 0 0
1500 112.212 -18.8537 18.1923 0.980721 -0.350062 408.922 0 0
1500 63.6199 -23.6235 17.9514 0.121737 -0.424389 408.954 0 0
1500 65.6064 0.418007 17.7225 0.187967 0.0327538 408.963 0 0
1500 79.183 52.9892 17.7686 0.297012 0.792356 409.042 0 0
1500 -8.92636 -8.43704 17.6711 -0.988063 -0.170419 409.049 0 0
1500 73.0926 10.707 17.7486 0.272202 0.226172 409.048 0 0
1500 99.5092 -9.20191 18.403 0.757951 -0.0981335 409.116 0 0
1500 112.046 16.5749 17.9465 0.887901 0.227721 409.093 0 0
1500 50.0705 47.8735 17.8133 -0.123964 0.849242 409.08 0 0
1500 105.541 -35.2766 17.7723 0.688978 -0.586886 409.263 0 0
1500 -7.26139 65.5051 17.8471 -1.10747 1.10498 409.264 0 0
1500 81.8096 -1.50344 17.8805 0.446607 0.0275182 409.293 0 0
1500 88.2766 51.3084 17.8419 0.487324 0.811209 409.446 0 0
1500 49.048 11.9964 17.8049 -0.125346 0.224145 409.531 0 0
1500 60.6891 33.9374 17.9444 0.0288877 0.507138 409.604 0 0
1500 76.2053 -40.1485 18.0881 0.349064 -0.650073 409.637 0 0
1500 0.279751 -31.8222 17.682 -0.865944 -0.408043 409.65 0 0
1500 94.0845 -58.0442 17.748 0.537977 -0.897956 409.691 0 0
1500 74.5035 1.00035 17.9766 0.345829 0.0523924 409.657 0 0
1500 66.8586 -11.7264 18.1848 0.146115 -0.227929 409.77 0 0
1500 -2.16481 -18.5112 17.6869 -0.89654 -0.221564 409.93 0 0
1500 69.7493 36.2612 17.7376 0.113897 0.580086 409.82 0 0
1500 50.689 -60.8655 17.6765 -0.067164 -0.903323 410.071 0 0
1500 90.88 -12.9729 18.9172 0.637146 -0.25577 410.092 0 0
1500 28.522 -47.219 17.7232 -0.536259 -0.714591 410.115 0 0
1500 61.1468 -32.9988 18.1837 0.0617679 -0.537203 410.2 0 0
1500 112.844 -10.3149 18.0676 0.906488 -0.165292 410.289 0 0
1500 66.2957 -37.4885 17.906 0.103875 -0.615134 410.314 0 0
1500 50.795 9.54346 18.6935 -0.074175 0.179622 410.303 0 0
1500 83.6903 15.9941 17.7998 0.352055 0.281604 410.403 0 0
1500 9.69308 27.8132 17.6972 -0.726337 0.418733 410.474 0 0
1500 40.9383 -17.9669 17.8446 -0.344264 -0.268453 410.692 0 0
1500 95.8645 -3.87666 17.8455 0.595868 -0.0393542 410.736 0 0
1500 83.1245 -63.1338 17.7609 0.375963 -0.95626 410.74 0 0
1500 79.1681 -2.43814 18.0701 0.341867 0.000553004 410.761 0 0
1500 52.9934 -1.82928 17.8975 -0.0459273 -0.0906029 410.769 0 0
1500 44.7396 -35.3154 17.7061 -0.218995 -0.536252 410.758 0 0
1500 25.5726 58.8397 17.6993 -0.535019 0.876429 410.775 0 0
1500 98.5082 13.2549 17.9391 0.691554 0.231469 410.79 0 0
1500 115.205 -9.57037 17.9056 0.953746 -0.104037 410.864 0 0
1500 76.7058 -34.1793 17.8381 0.303711 -0.517006 411.008 0 0
1500 89.0173 37.7569 17.8435 0.547122 0.576441 410.934 0 0
1500 99.2357 11.4404 18.3533 0.746712 0.16293 411.166 0 0
1500 57.9812 -88.1521 17.7843 -0.0307498 -1.34636 411.241 0 0
1500 69.912 1.07812 18.3675 0.274138 0.0612293 411.348 0 0
1500 -4.65351 -4.43127 17.7153 -0.914767 -0.113487 411.259 0 0
1500 12.8317 53.2669 17.7334 -0.641007 0.826034 411.241 0 0
1500 110.563 44.0957 17.6876 0.814442 0.659382 411.327 0 0
1500 87.5632 10.2691 18.2581 0.528699 0.216836 411.333 0 0
1500 104.908 24.9149 17.8438 0.77773 0.384651 411.296 0 0
1500 104.959 31.0363 17.7468 0.752652 0.564951 411.453 0 0
1500 111.708 -8.21228 17.9396 0.877013 -0.0840706 411.493 0 0
1500 76.0428 20.2358 17.8658 0.333897 0.364859 411.55 0 0
1500 56.5873 -36.2399 17.7076 0.0143914 -0.550117 411.572 0 0
1500 44.1388 -14.6843 18.1718 -0.214557 -0.244666 411.641 0 0
1500 78.4886 -4.00556 17.8054 0.365084 -0.121511 411.658 0 0
1500 168.273 53.3317 17.7385 1.70378 0.771697 411.681 0 0
1500 76.384 -54.3147 17.7547 0.222485 -0.853716 411.743 0 0
1500 68.819 25.7345 18.028 0.224253 0.391009 411.977 0 0
1500 57.8684 24.7597 17.729 -0.0609695 0.36927 411.921 0 0
1500 120.659 6.82588 17.7538 0.935026 0.128245 411.985 0 0
1500 47.7536 6.98671 17.8176 -0.187577 0.170066 411.987 0 0
1500 110.621 17.4001 18.0642 0.890804 0.271364 412.097 0 0
1500 52.2123 14.7025 17.7407 -0.12443 0.293381 412.241 0 0
1500 83.0794 -9.94543 18.1183 0.423192 -0.18009 412.428 0 0
1500 123.381 18.101 17.7939 0.971808 0.305758 412.456 0 0
1500 63.4017 -59.9638 17.7852 0.0882393 -0.952095 412.455 0 0
1500 95.1114 29.404 17.8614 0.540922 0.463838 412.498 0 0
1500 90.3034 -2.68951 17.9477 0.580782 -0.00971893 412.487 0 0
1500 110.716 -12.8784 17.7645 0.84773 -0.147339 412.58 0 0
1500 93.6396 -62.4823 18.1243 0.623293 -1.08323 412.737 0 0
1500 -9.64881 -7.0774 17.7027 -1.03269 -0.105189 412.743 0 0
1500 38.9295 -4.51303 18.1029 -0.288302 -0.121018 412.779 0 0
1500 101.017 51.8441 17.8014 0.682925 0.78836 412.842 0 0
1500 77.9095 -50.0436 17.7387 0.232506 -0.777767 412.905 0 0
1500 99.0922 39.6548 17.7647 0.671338 0.62977 412.949 0 0
1500 121.186 -24.5144 17.9383 1.06044 -0.465633 413.02 0 0
1500 45.5905 -44.2377 17.8036 -0.146776 -0.668202 413.126 0 0
1500 41.6415 57.7675 17.7625 -0.226445 0.866628 413.131 0 0
1500 189.616 -25.3819 17.7221 1.98813 -0.345967 413.143 0 0
1500 40.6177 -4.61239 18.0799 -0.258528 -0.130727 413.121 0 0
1500 95.203 -21.9118 17.8196 0.643028 -0.326902 413.419 0 0
1500 44.8154 65.3019 17.7297 -0.184191 0.987987 413.505 0 0
1500 43.8279 28.2064 17.8228 -0.199563 0.427893 413.662 0 0
1500 77.7454 60.4002 17.7662 0.352615 0.927723 413.577 0 0
1500 85.9 55.0759 17.74 0.452456 0.8705 413.602 0 0
1500 116.755 0.327469 17.7243 0.872448 0.0325722 413.774 0 0
1500 101.657 -30.5949 17.8182 0.733054 -0.452936 414.034 0 0
1500 96.6915 -38.3158 17.8182 0.658848 -0.567302 414.077 0 0
1500 19.0179 -13.3886 17.7616 -0.597966 -0.277243 414.052 0 0
1500 67.7736 43.3182 18.0473 0.226104 0.783653 414.273 0 0
1500 117.113 10.8721 17.9504 0.959386 0.141744 414.345 0 0
1500 74.0727 -8.82459 17.906 0.236366 -0.210052 414.455 0 0
1500 77.2185 1.05054 18.1672 0.412038 -0.0309815 414.44 0 0
1500 65.8077 -13.319 17.9684 0.16395 -0.298206 414.426 0 0
1500 78.6155 35.8228 17.7654 0.379409 0.536666 414.509 0 0
1500 78.4968 -4.67258 17.835 0.397049 -0.0809842 414.521 0 0
1500 47.4426 45.1123 18.2584 -0.136656 0.79485 414.528 0 0
1500 97.2853 25.4172 18.1199 0.621065 0.44711 414.583 0 0
1500 59.2909 2.06872 18.1848 0.0195353 -0.0179653 414.783 0 0
1500 136.676 -12.1873 18.1906 1.3767 -0.237718 414.823 0 0
1500 110.099 -0.391377 18.0148 0.873868 -0.00722116 414.854 0 0
1500 61.9437 3.73054 18.1508 0.138186 0.100393 414.903 0 0
1500 64.9808 14.3185 18.1447 0.162121 0.250967 414.925 0 0
1500 68.5963 -16.0793 17.897 0.223098 -0.203434 414.986 0 0
1500 23.315 -23.5553 17.7655 -0.534561 -0.29464 415.058 0 0
1500 93.8826 -20.1581 17.9082 0.558576 -0.308834 415.426 0 0
1500 87.4139 -37.893 17.9199 0.442693 -0.637204 415.429 0 0
1500 33.036 -19.9713 18.3008 -0.407954 -0.321059 415.584 0 0
1500 59.1106 53.4273 17.8016 0.0557216 0.792644 415.583 0 0
1500 22.7657 -130.634 18.4911 -0.717257 -2.58044 415.498 0 0
1500 104.453 -17.9558 17.8286 0.778075 -0.278161 415.716 0 0
1500 72.54 -97.244 17.7457 0.265388 -1.44576 415.863 0 0
1500 96.052 24.0584 17.8142 0.558745 0.435679 415.873 0 0
1500 13.2963 4.28439 17.8142 -0.692133 0.136835 415.863 0 0
1500 71.7366 42.772 18.2033 0.258457 0.700653 415.891 0 0
1500 74.3649 -10.4595 18.1311 0.366458 -0.174796 415.915 0 0
1500 47.6794 20.0826 17.9727 -0.192201 0.347384 415.947 0 0
1500 133.363 44.1321 17.7652 1.17072 0.764109 415.936 0 0
1500 95.3722 27.64 18.2031 0.6043 0.478053 415.985 0 0
1500 66.1077 -12.1928 18.2045 0.113564 -0.218053 416.062 0 0
1500 73.4865 39.9621 17.7862 0.27673 0.569126 416.282 0 0
1500 106.583 43.0598 17.8192 0.764306 0.681551 416.289 0 0
1500 112.298 11.5926 17.8278 0.889632 0.162626 416.149 0 0
1500 91.8242 21.6724 17.8725 0.530834 0.402687 416.152 0 0
1500 89.7533 -8.24078 18.1281 0.593308 -0.140665 416.336 0 0
1500 79.3783 35.0955 17.9687 0.286162 0.570572 416.458 0 0
1500 29.5875 0.405093 17.9775 -0.446161 0.0690757 416.533 0 0
1500 64.9725 -18.2686 18.554 0.0993654 -0.314049 416.468 0 0
1500 64.6183 58.7755 17.9161 0.108784 0.937658 416.58 0 0
1500 57.037 50.2758 17.8694 0.00527138 0.827101 416.767 0 0
1500 85.5549 -32.4304 18.2724 0.471995 -0.549002 416.774 0 0
1500 31.67 49.2767 17.8109 -0.408754 0.805845 416.775 0 0
1500 82.7045 -33.6277 17.9646 0.404747 -0.502798 416.841 0 0
1500 95.7701 3.83693 18.497 0.707732 0.0876931 416.892 0 0
1500 126.762 -32.5442 18.4782 1.29392 -0.592506 417.048 0 0
1500 55.0064 60.9421 17.8105 -0.0603036 0.971931 417.317 0 0
1500 42.4387 -4.41285 17.762 -0.321503 -0.0808508 417.293 0 0
1500 73.9093 16.4344 19.1028 0.354866 0.271096 417.393 0 0
1500 43.6259 -23.6427 17.9828 -0.210336 -0.370522 417.431 0 0
1500 35.6182 -9.96123 17.76 -0.425894 -0.166291 417.479 0 0
1500 113.595 -27.6956 18.0163 0.909765 -0.423354 417.713 0 0
1500 83.5506 4.48931 17.8252 0.401537 0.105874 417.698 0 0
1500 94.3308 -53.1899 17.907 0.546763 -0.849681 417.72 0 0
1500 54.8635 71.3786 17.8696 -0.0151955 1.20093 417.651 0 0
1500 78.9188 -66.4205 17.7963 0.2628 -1.01373 417.766 0 0
1500 95.7334 -14.3145 18.1788 0.620041 -0.200166 417.885 0 0
1500 66.6083 105.466 17.8685 0.0971623 1.80633 417.829 0 0
1500 73.414 45.88 17.815 0.271939 0.67245 417.911 0 0
1500 86.6615 -5.59414 18.499 0.564614 -0.0277175 418.022 0 0
1500 17.6751 -52.6258 17.7782 -0.664113 -0.753829 418.029 0 0
1500 109.732 -28.1388 17.7843 0.845757 -0.436571 417.974 0 0
1500 67.207 -10.947 17.861 0.132774 -0.215479 418.229 0 0
1500 119.183 -5.51802 17.8458 0.935971 -0.0756678 418.169 0 0
1500 83.9783 -26.7458 18.4439 0.518628 -0.443537 418.189 0 0
1500 115.015 10.1676 17.7703 0.901814 0.210393 418.184 0 0
1500 40.7882 42.6296 17.7539 -0.342454 0.639032 418.161 0 0
1500 73.7928 -8.2413 17.9354 0.294266 -0.195455 418.231 0 0
1500 46.1217 65.376 17.8126 -0.188977 1.02268 418.298 0 0
1500 8.93659 26.727 17.8364 -0.78189 0.450968 418.443 0 0
1500 88.8819 -13.5495 17.8281 0.480466 -0.144432 418.581 0 0
1500 83.1991 24.1298 18.8394 0.55599 0.430969 418.557 0 0
1500 21.2891 -10.2748 17.8753 -0.596233 -0.212117 418.523 0 0
1500 37.7403 30.8527 17.9442 -0.286572 0.479513 418.661 0 0
1500 73.1601 -40.1461 17.8739 0.190738 -0.663717 418.713 0 0
1500 90.2726 3.85743 18.1459 0.546936 -0.000472481 418.827 0 0
1500 86.3756 -35.4233 18.1268 0.486399 -0.597291 418.894 0 0
1500 -1.56506 -30.1668 17.7814 -0.909975 -0.503667 418.945 0 0
1500 114.608 -2.67926 17.8522 0.901803 -0.10659 418.933 0 0
1500 74.168 -19.2142 17.9177 0.199595 -0.335394 419.009 0 0
1500 83.5986 7.03163 18.2746 0.442842 0.0453322 419.036 0 0
1500 -7.6126 -3.9091 17.836 -1.01284 -0.0074572 419.137 0 0
1500 51.499 -31.3494 17.9402 -0.087037 -0.553144 419.119 0 0
1500 105.432 43.314 17.7696 0.747249 0.697077 419.158 0 0
1500 50.1473 -26.7624 17.9516 -0.171818 -0.430083 419.224 0 0
1500 112.602 -5.19373 18.2743 0.929669 -0.0884312 419.262 0 0
1500 67.7674 -63.8573 17.8179 0.165212 -0.970517 419.265 0 0
1500 48.6956 17.522 18.2399 -0.132892 0.389136 419.327 0 0
1500 59.4772 8.49999 18.0926 0.102062 0.160466 419.463 0 0
1500 70.6703 64.1778 17.8104 0.171036 1.03185 419.431 0 0
1500 74.0164 -33.2294 17.9141 0.196168 -0.547115 419.376 0 0
1500 82.6909 14.7007 18.2401 0.449152 0.200538 419.643 0 0
1500 99.7745 -9.60853 17.9159 0.646887 -0.165585 419.7 0 0
1500 66.2696 44.6726 18.126 0.0945361 0.761755 419.777 0 0
1500 -2.4826 21.2374 17.747 -0.974731 0.30317 420.102 0 0
1500 123.812 16.7156 17.7726 1.00428 0.299774 420.137 0 0
1500 -7.9464 0.285128 17.7641 -1.0031 -0.0672865 420.113 0 0
1500 78.3474 -20.2092 18.2553 0.381708 -0.375853 420.189 0 0
1500 52.9265 9.55083 18.1002 -0.07301 0.181183 420.213 0 0
1500 70.5075 62.4094 17.8467 0.257152 0.964716 420.266 0 0
1500 39.8899 0.220195 17.8545 -0.340721 0.0377934 420.303 0 0
1500 156.4 -40.4561 17.885 1.58337 -0.691424 420.363 0 0
1500 121.432 12.802 17.9058 1.01188 0.149518 420.475 0 0
1500 87.4566 -5.69055 19.1332 0.581745 -0.102384 420.429 0 0
1500 95.3726 44.4158 17.7922 0.588186 0.640711 420.44 0 0
1500 98.9565 40.3441 17.9218 0.632146 0.675852 420.485 0 0
1500 47.831 49.0447 17.8576 -0.217068 0.763365 420.425 0 0
1500 45.2657 6.17897 17.8093 -0.226129 0.0241533 420.447 0 0
1500 125.71 6.22494 18.1404 1.16859 0.0689575 420.559 0 0
1500 56.6006 11.4497 18.0139 0.0566326 0.199682 420.668 0 0
1500 -7.1948 7.58002 17.7476 -1.03733 0.0997889 420.578 0 0
1500 32.235 -59.7816 17.7643 -0.402439 -0.95368 420.611 0 0
1500 105.599 60.3512 17.8854 0.850377 0.993417 420.667 0 0
1500 19.7021 57.141 17.7481 -0.639332 0.827979 420.753 0 0
1500 103.811 -13.794 18.2687 0.800339 -0.244145 420.74 0 0
1500 61.5142 -0.68915 18.1017 0.0187841 0.00203254 420.761 0 0
1500 27.052 -0.339992 17.805 -0.504812 -0.0762252 420.839 0 0
1500 -8.32945 3.13163 17.7489 -1.04771 0.0340323 420.989 0 0
1500 87.7017 7.88796 18.6889 0.573419 0.184583 421.126 0 0
1500 44.5072 -3.31475 18.047 -0.248141 -0.038353 421.075 0 0
1500 20.0579 -10.4391 18.0554 -0.677502 -0.112774 421.25 0 0
1500 49.6882 -25.1936 17.853 -0.111495 -0.462876 421.286 0 0
1500 69.1652 -12.7673 17.7844 0.198805 -0.269003 421.283 0 0
1500 101.629 -16.0826 18.0125 0.796111 -0.33841 421.31 0 0
1500 95.1269 56.3205 17.9052 0.549327 0.891838 421.424 0 0
1500 0.950514 36.3353 17.7507 -0.906394 0.517298 421.395 0 0
1500 85.5423 24.5931 18.3747 0.445511 0.426789 421.363 0 0
1500 79.2234 33.153 18.3738 0.351282 0.55281 421.47 0 0
1500 55.5831 -0.43459 18.2401 0.00666582 0.0595684 421.469 0 0
1500 92.7617 -31.4811 17.7994 0.500528 -0.549565 421.487 0 0
1500 63.2126 -7.88513 18.0939 0.0893539 -0.190356 421.591 0 0
1500 56.6617 5.30985 18.5228 0.0498091 0.148143 421.712 0 0
1500 26.6599 22.3415 18.0405 -0.515329 0.349542 421.712 0 0
1500 64.1801 28.3926 17.8429 0.100819 0.526572 421.711 0 0
1500 49.3749 -34.8846 17.779 -0.106371 -0.606077 421.812 0 0
1500 169.364 8.67217 18.0075 1.92029 0.0718424 421.767 0 0
1500 102.737 2.11949 18.4854 0.789441 0.0888955 421.928 0 0
1500 99.6001 -14.5687 18.122 0.688961 -0.288613 421.921 0 0
1500 3.88883 -37.3916 17.7544 -0.856407 -0.551573 421.972 0 0
1500 60.0185 -28.9711 18.0896 0.0404972 -0.508119 421.995 0 0
1500 94.7623 30.0198 18.2138 0.595006 0.518974 422.013 0 0
1500 32.5452 57.2763 17.8505 -0.40551 0.860281 422.189 0 0
1500 82.0518 -41.3788 17.9652 0.353257 -0.718944 422.224 0 0
1500 29.0526 1.55338 18.0367 -0.432806 0.0190275 422.254 0 0
1500 30.4878 -54.1144 17.8646 -0.426394 -0.885484 422.319 0 0
1500 39.7029 -32.4499 18.0872 -0.265751 -0.558578 422.251 0 0
1500 98.0746 62.5319 18.2286 0.770982 1.09191 422.345 0 0
1500 78.8924 35.7897 17.9436 0.308622 0.560574 422.393 0 0
1500 54.0883 28.3189 18.1824 -0.0492643 0.488335 422.382 0 0
1500 125.785 -44.9339 18.1208 1.21035 -0.869669 422.474 0 0
1500 47.6231 4.35535 18.1113 -0.171452 0.0540866 422.53 0 0
1500 90.4395 20.7749 18.5149 0.545104 0.373414 422.527 0 0
1500 100.322 -26.1076 17.7738 0.667967 -0.46646 422.509 0 0
1500 58.2444 8.90344 18.035 -0.0419248 0.128187 422.605 0 0
1500 102.484 -17.9 18.4852 0.784224 -0.317065 422.692 0 0
1500 -0.864282 -16.9007 17.7937 -0.908054 -0.321651 422.7 0 0
1500 84.3011 -4.70264 18.101 0.454582 -0.0856947 422.766 0 0
1500 89.686 9.18117 18.0212 0.565032 0.189858 422.791 0 0
1500 47.6562 63.1986 17.7723 -0.171312 1.00836 422.901 0 0
1500 73.066 -46.8936 18.0824 0.234664 -0.768793 422.89 0 0
1500 79.0167 -43.3208 17.9864 0.37996 -0.713604 423.113 0 0
1500 9.37254 -1.89368 17.7915 -0.804728 -0.0659112 423.029 0 0
1500 82.7685 -28.8071 17.7874 0.444146 -0.476973 423.184 0 0
1500 53.4087 -26.0748 17.803 -0.0338758 -0.468448 423.14 0 0
1500 37.6177 -34.8243 18.1795 -0.40691 -0.651462 423.082 0 0
1500 37.9569 6.29123 18.0034 -0.307043 0.167379 423.281 0 0
1500 146.964 5.82089 18.2116 1.58864 0.0905438 423.304 0 0
1500 8.6601 -20.7971 17.7701 -0.770198 -0.305103 423.529 0 0
1500 118.2 -25.941 17.8519 0.935378 -0.40803 423.848 0 0
1500 121.024 -15.4471 17.7694 0.961969 -0.298407 423.891 0 0
1500 32.2511 -52.7584 17.8125 -0.375046 -0.864265 423.781 0 0
1500 62.8734 -52.8199 17.8184 0.101682 -0.866844 423.789 0 0
1500 27.5523 21.4143 17.9984 -0.462388 0.39525 423.772 0 0
1500 70.6219 -70.5198 18.1747 0.270148 -1.23881 423.848 0 0
1500 0.600605 -34.0769 17.7694 -0.827948 -0.575228 423.904 0 0
1500 87.8611 -21.5444 18.3161 0.482448 -0.35515 424.241 0 0
1500 181.894 5.93335 17.8178 1.91572 0.0512511 424.013 0 0
1500 24.8127 -48.0909 17.8172 -0.469769 -0.792028 424.086 0 0
1500 59.3134 -49.9188 17.9484 0.0832021 -0.811066 424.173 0 0
1500 89.1741 5.43766 17.9633 0.515364 0.156138 423.952 0 0
1500 42.3177 -32.6369 17.7846 -0.290765 -0.465689 424.535 0 0
1500 8.34581 -45.5186 17.7961 -0.749861 -0.729461 424.531 0 0
1500 89.3418 28.4422 17.7965 0.544721 0.46732 424.53 0 0
1500 79.6894 32.7697 18.2286 0.354303 0.63366 424.51 0 0
1500 92.1633 16.6347 18.1744 0.626895 0.213629 424.684 0 0
1500 86.5557 -8.46295 18.3919 0.567377 -0.159321 424.691 0 0
1500 18.8033 59.1093 17.7633 -0.53818 0.935964 424.706 0 0
1500 48.3686 14.5239 17.9199 -0.178243 0.236324 425.013 0 0
1500 117.68 3.68529 17.8028 0.889621 0.0105491 424.98 0 0
1500 109.739 28.1932 17.8083 0.804732 0.398393 425.025 0 0
1500 113.301 -36.0904 17.9545 0.893171 -0.546046 424.872 0 0
1500 34.1288 -63.61 17.7717 -0.323997 -0.996755 425.078 0 0
1500 108.07 -44.82 17.7711 0.757835 -0.723972 424.919 0 0
1500 95.8833 5.76611 18.0603 0.665646 0.0434237 425.026 0 0
1500 81.0324 26.4649 18.2549 0.362695 0.521105 424.906 0 0
1500 60.2576 4.19043 18.2835 0.109693 0.13728 425.234 0 0
1500 116.141 -7.4906 18.1378 0.957566 -0.150393 425.174 0 0
1500 120.708 -21.7327 17.8157 0.952578 -0.389923 425.227 0 0
1500 115.113 -4.9324 17.9975 0.945108 -0.0616489 425.193 0 0
1500 70.0088 51.5283 17.9549 0.219753 0.842717 425.118 0 0
1500 77.3301 -4.79471 17.8908 0.332898 -0.0293116 425.412 0 0
1500 79.9308 52.1479 17.7914 0.395823 0.817649 425.424 0 0
1500 35.3731 -14.2015 17.8055 -0.42793 -0.198239 425.476 0 0
1500 86.2038 66.1659 17.9767 0.538174 1.07301 425.478 0 0
1500 110.67 1.45284 18.1786 0.890749 -0.0144565 425.598 0 0
1500 47.7349 -65.3946 17.8476 -0.132443 -1.01096 425.73 0 0
1500 84.0587 -61.1087 17.8167 0.408853 -0.963287 425.75 0 0
1500 98.8721 -49.9855 17.8538 0.68526 -0.743445 425.718 0 0
1500 105.297 -27.1517 18.0947 0.783197 -0.460121 425.807 0 0
1500 26.4884 -51.3987 17.7987 -0.505041 -0.833076 425.769 0 0
1500 99.1387 -25.0911 17.7931 0.697513 -0.370024 425.812 0 0
1500 85.3808 -1.70037 17.9352 0.505908 -0.0503659 425.797 0 0
1500 67.6607 -23.3076 17.9364 0.235894 -0.380767 425.684 0 0
1500 85.7053 -57.7714 17.8059 0.368459 -0.890263 425.88 0 0
1500 110.482 5.72726 18.0548 0.874184 0.0422925 425.883 0 0
1500 27.295 -61.1445 17.8176 -0.420446 -0.960266 426.002 0 0
1500 55.3371 -67.0868 17.8173 -0.0115162 -1.0481 425.925 0 0
1500 34.3409 -83.3614 17.855 -0.325456 -1.3274 425.994 0 0
1500 -34.029 69.9861 17.8783 -1.48892 1.08072 425.931 0 0
1500 80.6668 24.646 18.019 0.450579 0.398775 425.954 0 0
1500 92.1178 -4.17619 18.46 0.588807 -0.0854631 426.151 0 0
1500 88.5775 -46.1989 18.0359 0.52309 -0.748205 426.338 0 0
1500 76.8189 61.4035 17.7895 0.344582 0.944745 426.278 0 0
1500 97.2549 -41.0441 17.8932 0.616789 -0.685306 426.337 0 0
1500 85.3511 -34.1824 17.9298 0.50065 -0.540875 426.426 0 0
1500 135.2 13.3992 18.0877 1.32158 0.253859 426.393 0 0
1500 85.445 46.001 18.1411 0.47413 0.856539 426.109 0 0
1500 44.2035 -11.9168 18.1205 -0.305079 -0.224257 426.45 0 0
1500 35.6586 -50.3647 17.8148 -0.341753 -0.775645 426.687 0 0
1500 124.492 -15.5737 17.8217 0.985886 -0.292403 426.774 0 0
1500 -11.4418 14.5202 17.7988 -1.08581 0.173946 426.589 0 0
1500 108.928 39.1199 17.8303 0.851014 0.56062 426.676 0 0
1500 141.886 -107.939 17.9407 1.34131 -1.79487 426.636 0 0
1500 131.154 -47.1075 17.9854 1.27955 -0.800955 426.582 0 0
1500 160.983 -4.29939 17.793 1.57023 -0.0225553 426.946 0 0
1500 25.6967 -5.53382 18.0134 -0.597755 -0.145353 426.846 0 0
1500 77.7475 -11.7018 18.4933 0.452695 -0.188087 426.985 0 0
1500 80.9613 -28.6741 18.2783 0.404293 -0.447493 427.373 0 0
1500 83.4134 -47.4091 17.7925 0.382269 -0.733919 427.521 0 0
1500 94.6024 -31.0601 17.7982 0.536902 -0.500375 427.94 0 0
1500 115.383 16.0346 17.8309 0.877304 0.19456 427.943 0 0
1500 108.044 -42.5266 17.7743 0.748294 -0.676516 427.7 0 0
1500 103.252 48.2847 17.7882 0.738346 0.723079 427.741 0 0
1500 9.83534 39.3397 17.78 -0.791816 0.606174 427.376 0 0
1500 116.418 7.05883 17.9399 0.952697 0.131334 427.938 0 0
1500 98.2149 38.8285 17.9409 0.686362 0.605577 427.587 0 0
1500 102.003 -28.6021 17.9426 0.747173 -0.401876 427.196 0 0
1500 108.109 30.4695 17.9399 0.829874 0.478693 427.907 0 0
1500 88.3167 24.8964 18.0282 0.550038 0.39388 427.793 0 0
1500 37.1822 -24.9538 18.0872 -0.299128 -0.449867 427.212 0 0
1500 -4.05385 30.9884 17.8877 -0.962849 0.541519 427.105 0 0
1500 25.6121 -33.4627 17.7859 -0.510334 -0.583701 427.82 0 0
1500 96.2288 -57.5145 17.8473 0.667092 -0.898534 427.215 0 0
1500 67.4356 -57.7819 17.811 0.205966 -0.945873 427.373 0 0
1500 81.6657 39.9085 17.9228 0.43428 0.685718 427.217 0 0
1500 65.2984 -97.6534 18.0195 0.0722482 -1.63899 427.685 0 0
1500 50.7245 -20.4656 18.5184 -0.123358 -0.33951 427.062 0 0
1500 77.0685 -2.51686 18.511 0.402472 -0.12201 427.574 0 0
1500 99.3969 47.3202 18.0854 0.763108 0.823267 427.782 0 0
1500 55.7401 -42.2979 17.873 -0.016867 -0.657659 427.998 0 0
1500 99.6708 -1.21067 18.3496 0.729348 0.0362402 428.001 0 0
1500 83.6448 -18.4959 17.989 0.474376 -0.257098 428.14 0 0
1500 45.9735 -11.7033 17.8055 -0.154405 -0.250165 428.126 0 0
1500 76.9184 42.7738 18.0835 0.397853 0.738385 428.169 0 0
1500 53.7868 0.63815 18.1451 -0.0313733 -0.0580557 428.347 0 0
1500 116.586 7.945 17.7971 0.89056 0.0792502 428.41 0 0
1500 43.9633 -0.0760572 18.2235 -0.234547 -0.00439825 428.423 0 0
1500 109.938 7.59544 18.1009 0.88673 0.171665 428.27 0 0
1500 19.5083 107.376 17.9304 -0.62694 1.87478 428.276 0 0
1500 42.1534 -20.2003 18.2213 -0.261115 -0.307538 428.62 0 0
1500 85.0447 -40.002 17.7928 0.469537 -0.651512 428.562 0 0
1500 63.9895 -14.628 18.0072 0.0482114 -0.262262 428.645 0 0
1500 38.9647 17.1877 18.0885 -0.336091 0.25649 428.763 0 0
1500 68.1434 25.2876 18.0448 0.230912 0.431148 428.97 0 0
1500 24.9504 -31.2897 17.7956 -0.474432 -0.546851 429.029 0 0
1500 40.3939 29.4327 17.8375 -0.22215 0.513409 429.085 0 0
1500 28.3981 -25.6113 17.9994 -0.492845 -0.42628 429.345 0 0
1500 67.5404 0.876381 18.104 0.108696 -0.00886726 429.199 0 0
1500 83.0902 18.7006 17.8201 0.449781 0.271661 429.369 0 0
1500 89.6259 -49.3431 17.7886 0.532314 -0.783407 429.41 0 0
1500 116.316 15.357 18.031 0.981213 0.316398 429.376 0 0
1500 39.0327 -43.5958 17.7957 -0.238492 -0.673402 429.609 0 0
1500 34.3502 -38.0171 17.7982 -0.303377 -0.593859 429.776 0 0
1500 86.9064 -58.676 17.7804 0.410232 -0.940723 429.664 0 0
1500 88.653 34.5989 18.1691 0.543057 0.577217 429.718 0 0
1500 82.7701 -11.0432 18.0188 0.437101 -0.237853 429.81 0 0
1500 121.613 -9.93951 17.881 0.997502 -0.231264 429.608 0 0
1500 112.182 14.9009 18.0724 0.907582 0.21019 429.862 0 0
1500 23.2168 0.919723 18.1509 -0.559036 0.0169656 429.957 0 0
1500 100.264 -59.0652 17.9266 0.689556 -0.979516 429.953 0 0
1500 84.5845 -33.7243 17.8466 0.496951 -0.545596 429.933 0 0
1500 63.4947 -46.7663 18.4009 0.130382 -0.840743 429.901 0 0
1500 95.7201 -53.3587 17.8006 0.607008 -0.751521 429.998 0 0
1500 52.5962 -2.06001 18.5695 -0.0562823 -0.0302193 430.207 0 0
1500 62.2383 -58.0747 17.7882 0.0953245 -0.940984 430.161 0 0
1500 112.959 15.1282 17.9752 0.943275 0.332821 430.391 0 0
1500 83.5789 8.64098 18.111 0.44286 0.141818 430.506 0 0
1500 72.7567 4.77961 18.1816 0.298003 0.0271835 430.663 0 0
1500 77.8998 6.03698 18.1799 0.368232 0.0442922 430.565 0 0
1500 72.5715 -27.5449 18.0343 0.207354 -0.444425 430.641 0 0
1500 80.3442 -3.05965 17.8099 0.336051 -0.104239 430.498 0 0
1500 92.8045 2.42624 19.2622 0.719623 -0.0215755 430.513 0 0
1500 97.4919 3.15533 18.4181 0.72934 0.0194241 430.591 0 0
1500 51.1491 -66.2955 17.7887 -0.0330454 -1.00385 430.508 0 0
1500 15.3375 -48.5289 17.7866 -0.606724 -0.791439 430.644 0 0
1500 75.1969 -44.6651 18.1325 0.322364 -0.73916 430.813 0 0
1500 -2.76005 9.43823 17.8405 -0.940745 0.209283 430.714 0 0
1500 112.368 -21.6639 17.8261 0.86992 -0.26913 430.434 0 0
1500 58.4604 -47.3851 18.0102 0.064218 -0.783999 430.649 0 0
1500 31.5203 -89.4346 17.8832 -0.424041 -1.43492 430.519 0 0
1500 81.7735 30.7563 17.8575 0.337912 0.542099 430.491 0 0
1500 99.2936 -13.3437 17.8758 0.637448 -0.28186 430.812 0 0
1500 56.6538 -45.2857 18.1411 -0.0196021 -0.831195 430.765 0 0
1500 47.7589 -21.6865 18.0381 -0.244318 -0.343494 430.758 0 0
1500 70.0111 59.0118 17.824 0.228312 0.943341 430.893 0 0
1500 17.649 26.1062 17.8522 -0.639087 0.466514 431.094 0 0
1500 65.5274 -13.9894 18.2249 0.135542 -0.283048 431.261 0 0
1500 70.4074 -42.726 17.9075 0.274771 -0.671663 431.422 0 0
1500 81.2774 63.469 17.7908 0.400235 0.936858 431.486 0 0
1500 103.17 -58.7077 18.1801 0.835473 -1.09942 431.504 0 0
1500 123.326 -12.4334 17.8223 1.01798 -0.127465 431.572 0 0
1500 62.7261 -52.0454 17.869 0.0746616 -0.866934 431.539 0 0
1500 98.3186 -7.38478 18.0218 0.697715 -0.0631853 431.569 0 0
1500 87.7062 -35.1337 17.8142 0.528976 -0.51898 431.728 0 0
1500 -10.9646 93.3814 18.3165 -1.2919 1.82615 431.764 0 0
1500 90.6546 -19.2617 18.2175 0.51411 -0.360245 431.842 0 0
1500 97.5546 19.8005 18.0192 0.683549 0.349999 431.811 0 0
1500 89.1115 51.5153 18.0476 0.608403 0.883708 431.801 0 0
1500 115.58 -24.757 18.0023 0.907231 -0.432477 432.116 0 0
1500 111.325 -31.4919 18.0841 0.868461 -0.514444 431.94 0 0
1500 23.6107 -9.22995 17.8171 -0.54821 -0.109031 432.105 0 0
1500 62.0417 -62.9608 17.8532 0.0564277 -0.967905 432.258 0 0
1500 44.4345 -58.483 17.9587 -0.195483 -0.947806 432.174 0 0
1500 88.0494 -1.29091 18.0031 0.484532 -0.0956723 432.184 0 0
1500 61.2633 -36.816 17.8193 0.0374184 -0.648216 432.278 0 0
1500 69.2817 56.6109 18.0479 0.207575 0.965898 432.146 0 0
1500 31.905 -20.9192 17.9396 -0.509205 -0.321306 432.312 0 0
1500 147.315 -27.8579 18.0422 1.61034 -0.472466 432.268 0 0
1500 88.0248 24.2169 18.5495 0.563494 0.50507 432.265 0 0
1500 104.781 62.008 18.0205 0.86134 1.07806 432.366 0 0
1500 82.0387 -51.5702 17.9013 0.393385 -0.778188 432.818 0 0
1500 98.0461 53.1316 17.836 0.649933 0.786747 432.925 0 0
1500 47.4579 -65.7476 17.7904 -0.122583 -1.01731 432.722 0 0
1500 99.9464 -39.2208 17.9493 0.641268 -0.666052 432.531 0 0
1500 3.77794 -22.8044 17.8234 -0.891486 -0.36804 432.413 0 0
1500 109.005 -6.778 17.8464 0.835384 -0.158797 432.549 0 0
1500 40.1009 -42.0517 17.8141 -0.28897 -0.724457 432.723 0 0
1500 59.5417 -44.192 17.815 0.0106435 -0.758428 432.638 0 0
1500 52.9153 -16.7414 17.9651 -0.0199867 -0.324716 432.392 0 0
1500 64.8115 -8.3799 17.8512 0.118845 -0.208689 432.471 0 0
1500 85.0329 41.723 17.9137 0.391828 0.724743 432.608 0 0
1500 45.6438 -9.64865 18.3524 -0.261006 -0.126501 432.539 0 0
1500 86.3284 22.2965 18.2825 0.469148 0.363791 432.94 0 0
1500 68.8944 -4.89852 17.9648 0.211675 -0.151466 433.003 0 0
1500 68.8224 -71.2224 17.937 0.234105 -1.18401 433.035 0 0
1500 -15.2856 2.25803 18.1835 -1.35237 0.0366954 432.987 0 0
1500 35.1476 17.8339 17.8408 -0.368175 0.294499 433.419 0 0
1500 110.817 -58.0641 17.8853 0.789006 -0.959635 433.301 0 0
1500 81.7568 -1.23889 17.931 0.411363 -0.0905456 433.228 0 0
1500 58.7953 29.9413 17.8365 -0.0657251 0.481722 433.234 0 0
1500 -1.53908 -92.6858 17.8653 -0.947253 -1.53755 433.361 0 0
1500 88.2179 56.9741 18.5211 0.625728 1.03625 433.492 0 0
1500 51.7832 -65.9235 17.8632 -0.0583165 -1.04319 433.609 0 0
1500 82.0108 5.36742 17.954 0.437884 0.141498 433.655 0 0
1500 62.3006 2.64579 18.166 0.0964763 -0.0318838 433.728 0 0
1500 24.1729 52.2239 17.8482 -0.512378 0.812064 433.901 0 0
1500 50.485 62.8195 17.847 -0.136085 0.965652 433.76 0 0
1500 94.2131 19.4891 18.2895 0.639986 0.359622 433.737 0 0
1500 62.8864 46.1466 17.8283 -0.00189062 0.727375 433.862 0 0
1500 33.7192 21.025 17.8158 -0.382168 0.406056 433.871 0 0
1500 57.8764 -30.224 18.0066 -0.0795827 -0.564095 433.746 0 0
1500 114.062 -11.9552 17.8699 0.836549 -0.159902 433.93 0 0
1500 107.111 -28.4373 17.8051 0.762991 -0.417692 433.927 0 0
1500 112.564 23.3978 17.8335 0.821608 0.430886 434.214 0 0
1500 57.3638 -28.9975 18.1516 -0.0316744 -0.529614 434.126 0 0
1500 25.0594 33.181 17.8557 -0.578713 0.5271 434.337 0 0
1500 105.181 34.4788 17.8353 0.71761 0.545936 434.465 0 0
1500 178.187 16.4643 17.8375 1.87967 0.221807 434.399 0 0
1500 122.955 -10.1814 17.8939 1.02997 -0.164371 434.637 0 0
1500 123.804 -1.16558 17.8939 1.04225 -0.0325778 434.646 0 0
1500 105.149 16.0663 18.0819 0.818668 0.25741 434.586 0 0
1500 -13.294 -24.5468 17.858 -1.16743 -0.364229 434.6 0 0
1500 45.4953 -66.8183 17.8359 -0.131736 -1.03959 434.941 0 0
1500 51.0105 -61.4793 17.9199 -0.108884 -1.00326 434.774 0 0
1500 37.7782 49.952 17.8517 -0.380871 0.780078 434.738 0 0
1500 81.9724 42.6584 17.8517 0.447148 0.656315 434.773 0 0
1500 68.356 29.4992 17.8972 0.175669 0.467119 435.027 0 0
1500 62.3755 -58.4518 18.0614 0.0707832 -0.945514 435.383 0 0
1500 52.6644 -57.6999 17.9112 -0.0396208 -0.941317 435.05 0 0
1500 15.8868 -35.2759 17.8864 -0.709262 -0.541316 435.271 0 0
1500 74.6061 -0.838842 18.1038 0.367499 -0.0165258 435.349 0 0
1500 35.3255 -28.9835 17.9051 -0.418547 -0.459149 435.412 0 0
1500 60.2028 -5.8203 18.04 0.0673209 -0.172129 435.197 0 0
1500 169.439 -6.94216 18.0135 1.89226 -0.163787 435.415 0 0
1500 26.0497 -81.9474 18.0463 -0.578188 -1.39675 435.25 0 0
1500 7.92363 -36.896 17.8252 -0.791766 -0.554952 435.513 0 0
1500 99.6754 45.6566 17.9325 0.650613 0.757468 435.541 0 0
1500 25.1691 101.588 18.0389 -0.611472 1.81089 435.509 0 0
1500 92.1352 -34.8396 18.0219 0.529878 -0.549617 436.044 0 0
1500 81.0047 -10.4031 17.9158 0.325068 -0.213107 436.049 0 0
1500 65.5657 -14.61 17.825 0.134006 -0.263764 435.828 0 0
1500 100.994 -47.6814 17.8382 0.677668 -0.746118 435.934 0 0
1500 53.8522 -66.5277 17.8372 -0.00826835 -1.02399 435.689 0 0
1500 120.27 20.4618 17.8156 0.959222 0.351667 436.009 0 0
1500 100.733 -9.42795 18.4126 0.782542 -0.114249 436.03 0 0
1500 19.5316 -53.5099 17.8438 -0.647286 -0.785501 435.985 0 0
1500 34.5201 20.9404 17.8437 -0.441262 0.306907 435.714 0 0
1500 59.9692 65.467 17.8163 0.0779564 1.00656 436.191 0 0
1500 29.5662 61.1364 17.8725 -0.478538 0.917845 436.196 0 0
1500 113.379 -35.8262 17.9375 0.867629 -0.58612 436.259 0 0
1500 91.5347 -3.46453 19.2246 0.745158 -0.0703305 436.8 0 0
1500 49.6861 65.3422 17.9299 -0.0967065 1.03929 436.373 0 0
1500 35.125 42.1629 17.8356 -0.427507 0.630841 436.366 0 0
1500 -8.40965 53.5942 17.9083 -1.13349 0.824402 436.328 0 0
1500 75.7504 -21.1764 17.9065 0.370015 -0.333408 436.154 0 0
1500 123.226 -18.4402 18.0326 1.17643 -0.304821 436.156 0 0
1500 128.068 8.12317 17.9678 1.23813 0.179712 436.39 0 0
1500 48.9957 -21.4472 18.1822 -0.225846 -0.338074 436.499 0 0
1500 73.8663 4.89443 18.3223 0.3161 0.116058 437.133 0 0
1500 -1.40271 17.693 17.8767 -0.918054 0.27863 437.185 0 0
1500 -7.47568 -11.8661 17.8421 -1.03581 -0.158717 437.037 0 0
1500 108.963 -26.2465 17.9481 0.839202 -0.434056 437.19 0 0
1500 120.081 8.40132 17.9215 0.981155 0.190117 437.132 0 0
1500 40.1252 -41.9809 18.1136 -0.25407 -0.709979 437.077 0 0
1500 63.51 31.5275 18.1723 0.0787572 0.538218 437.192 0 0
1500 31.1007 14.5914 18.1617 -0.425164 0.274486 437.133 0 0
1500 47.7487 16.3666 18.0153 -0.198135 0.209889 437.149 0 0
1500 7.71922 -7.29168 17.8091 -0.850162 -0.119726 437.119 0 0
1500 30.0987 -28.5816 18.0074 -0.503519 -0.423221 437.055 0 0
1500 76.5117 -23.6219 17.8896 0.261029 -0.399532 437.373 0 0
1500 57.6341 -61.3837 17.8264 -0.0793959 -0.949528 437.404 0 0
1500 3.56588 -21.1724 17.826 -0.898561 -0.339338 437.467 0 0
1500 86.0012 29.2726 18.1687 0.419728 0.501647 437.48 0 0
1500 49.6852 41.8594 17.9439 -0.0863212 0.714338 437.53 0 0
1500 93.3673 12.2236 17.9469 0.586369 0.260397 437.288 0 0
1500 62.9849 -23.546 18.0489 0.112705 -0.441073 437.657 0 0
1500 109.273 -0.692472 17.8279 0.777901 0.0414793 437.825 0 0
1500 15.723 -10.0115 17.9094 -0.704892 -0.195471 437.752 0 0
1500 66.1579 18.0646 18.0837 0.173704 0.35382 437.797 0 0
1500 113.415 18.6632 18.2575 0.985937 0.282247 437.79 0 0
1500 85.5716 3.89082 17.9218 0.497329 0.0103703 437.668 0 0
1500 69.6434 -31.2678 17.981 0.261536 -0.57948 437.862 0 0
1500 57.823 37.6179 17.9571 0.00233379 0.583322 438.006 0 0
1500 104.379 10.5377 17.8695 0.691884 0.212601 438.218 0 0
1500 56.567 31.4754 18.0794 0.0257693 0.557903 438.1 0 0
1500 48.39 -4.26735 17.9434 -0.22046 -0.0562515 438.173 0 0
1500 16.4491 -79.0612 18.0003 -0.693345 -1.36328 438.058 0 0
1500 94.4361 -17.7853 18.0783 0.567087 -0.310938 438.523 0 0
1500 8.66153 -42.7046 17.81 -0.776605 -0.698143 438.547 0 0
1500 94.658 -49.3443 17.9822 0.631931 -0.774944 438.532 0 0
1500 95.2286 -17.2931 18.3544 0.698359 -0.236852 438.487 0 0
1500 43.5628 -0.661188 18.3892 -0.221512 -0.00108058 438.464 0 0
1500 88.5795 20.7163 18.0764 0.515076 0.391502 438.325 0 0
1500 47.4773 72.7759 17.8123 -0.210095 1.18897 438.373 0 0
1500 62.2675 -2.04881 17.8976 0.0819593 -0.109742 438.474 0 0
1500 166.558 -27.8809 18.1316 1.91671 -0.440101 438.369 0 0
1500 131.198 18.6502 18.6363 1.42024 0.363458 438.55 0 0
1500 21.4782 -17.3628 17.8919 -0.574433 -0.221275 438.858 0 0
1500 117.999 -29.3217 17.7968 0.916011 -0.505426 438.713 0 0
1500 83.7785 -60.6035 17.7967 0.405314 -0.966731 438.991 0 0
1500 110.907 25.2659 18.1636 0.900618 0.391504 438.997 0 0
1500 111.168 29.0918 17.8191 0.877952 0.4315 438.94 0 0
1500 -47.4392 -35.2075 17.9314 -1.70245 -0.606976 438.911 0 0
1500 -35.2767 -76.9378 17.844 -1.45523 -1.29236 438.88 0 0
1500 52.3686 28.9392 18.0958 -0.0892884 0.436578 439.095 0 0
1500 71.2296 11.8545 18.0342 0.184042 0.230274 439.286 0 0
1500 95.2122 -22.7532 18.0108 0.657882 -0.383772 439.087 0 0
1500 93.823 -11.9617 17.8142 0.540771 -0.262848 439.318 0 0
1500 116.669 -58.7819 17.9612 1.04295 -1.03941 439.292 0 0
1500 70.2075 14.4535 18.7787 0.272853 0.245166 439.45 0 0
1500 74.488 -56.68 17.9031 0.316472 -0.903961 439.48 0 0
1500 64.2579 24.5648 18.5403 0.136542 0.489097 439.518 0 0
1500 24.2775 32.7624 17.8282 -0.549724 0.478365 439.582 0 0
1500 111.208 19.4903 17.9124 0.911571 0.316787 439.546 0 0
1500 13.9648 -46.4091 17.8747 -0.694782 -0.747371 439.691 0 0
1500 2.65639 29.9558 17.8926 -0.89613 0.438788 439.656 0 0
1500 66.4361 -5.35741 18.4221 0.179764 -0.139989 439.911 0 0
1500 96.413 -1.28489 18.7794 0.756973 -0.00180367 440.089 0 0
1500 8.65626 -43.0104 17.8942 -0.786215 -0.679105 440.011 0 0
1500 116.877 -21.1878 17.8528 0.961833 -0.31074 439.842 0 0
1500 90.173 57.1944 17.8519 0.558912 0.862113 440.104 0 0
1500 120.375 -10.6688 17.8996 0.998619 -0.207482 440.165 0 0
1500 61.6236 25.208 18.3073 0.0476738 0.427229 439.951 0 0
1500 65.4318 6.25645 17.9516 0.165322 0.166602 439.795 0 0
1500 178.575 22.7572 17.8676 1.90507 0.328235 440.224 0 0
1500 44.6498 -12.5864 17.9906 -0.177463 -0.272215 440.258 0 0
1500 93.2667 -28.5459 18.0003 0.540485 -0.542245 440.201 0 0
1500 70.7653 23.9623 18.0565 0.161113 0.467346 440.236 0 0
1500 117.103 -26.2303 17.8001 0.882046 -0.448939 440.286 0 0
1500 123.412 -6.53099 17.865 1.04259 -0.104331 440.29 0 0
1500 30.4133 -25.8677 17.8636 -0.454484 -0.348373 440.34 0 0
1500 79.8918 -19.6872 18.584 0.458872 -0.35961 440.325 0 0
1500 59.1635 -79.6118 17.8285 -0.0525811 -1.22559 440.294 0 0
1500 48.0791 -56.6487 17.8706 -0.101865 -0.921872 440.301 0 0
1500 24.5435 -23.889 17.9281 -0.52744 -0.35447 440.522 0 0
1500 8.90135 -36.1181 17.8153 -0.75014 -0.58233 440.597 0 0
1500 13.1936 -43.2743 17.8258 -0.718407 -0.643524 440.616 0 0
1500 45.2285 -66.4263 17.8936 -0.241292 -1.01998 440.47 0 0
1500 93.217 -50.0108 17.9994 0.614033 -0.782443 440.52 0 0
1500 90.939 27.8517 17.9421 0.579502 0.473778 440.447 0 0
1500 102.423 -5.13693 17.857 0.751403 -0.037525 440.5 0 0
1500 43.1097 17.0295 18.4142 -0.219049 0.285414 440.74 0 0
1500 118.244 -2.64214 17.7987 0.968632 0.00715878 440.738 0 0
1500 62.7908 -2.77283 18.0858 0.0709129 -0.102997 441.117 0 0
1500 94.901 -5.25732 18.2511 0.629248 -0.0780429 441.064 0 0
1500 68.1012 10.6452 17.926 0.152193 0.217815 440.929 0 0
1500 64.745 7.38183 17.9586 0.152534 0.154785 441.132 0 0
1500 121.397 -6.00164 17.9972 1.02582 -0.124439 441.098 0 0
1500 120.712 -7.41272 17.7987 0.936332 -0.187547 440.876 0 0
1500 49.8592 27.5232 18.4141 -0.145954 0.539865 441.025 0 0
1500 43.2232 -55.1878 17.8059 -0.189358 -0.858902 441.161 0 0
1500 92.0443 -9.15968 18.284 0.591492 -0.137096 441.529 0 0
1500 12.1035 -32.3411 17.8085 -0.732555 -0.471224 441.609 0 0
1500 12.0058 40.2459 17.8395 -0.73317 0.582317 441.454 0 0
1500 75.4581 -42.6696 17.9765 0.295664 -0.7268 441.348 0 0
1500 91.9889 9.5408 18.2459 0.611881 0.232432 441.266 0 0
1500 110.986 19.3003 17.8919 0.835579 0.270676 441.841 0 0
1500 40.6419 -6.18661 17.9547 -0.329548 -0.0805348 441.763 0 0
1500 60.9598 8.81784 18.0601 -0.00197132 0.123195 441.837 0 0
1500 50.5956 -11.7344 17.9166 -0.167356 -0.133946 441.839 0 0
1500 70.7717 -18.1053 18.2703 0.272055 -0.299642 442.076 0 0
1500 70.137 64.4672 17.819 0.149908 1.00955 442.165 0 0
1500 111.214 -22.0159 17.9697 0.831855 -0.406953 442.095 0 0
1500 48.8125 -75.5173 17.9557 -0.172974 -1.22474 442.204 0 0
1500 18.0243 -31.9123 17.9157 -0.641977 -0.582341 442.177 0 0
1500 99.7424 46.7191 17.9289 0.695487 0.74272 442.224 0 0
1500 61.2214 0.511449 17.873 0.0120977 -0.0587577 442.289 0 0
1500 80.4508 10.4056 18.0566 0.464652 0.161751 442.262 0 0
1500 -4.17268 10.7675 17.8942 -0.959325 0.144846 442.386 0 0
1500 75.1179 25.699 17.8166 0.289147 0.469181 442.349 0 0
1500 16.4895 35.3833 17.896 -0.673737 0.64974 442.415 0 0
1500 37.9038 -25.7191 17.8205 -0.260522 -0.427468 442.546 0 0
1500 52.7946 -22.1411 17.8647 -0.0710672 -0.379959 442.727 0 0
1500 33.7599 -16.7595 17.8454 -0.408859 -0.252578 442.665 0 0
1500 34.0477 -45.4013 17.8141 -0.366938 -0.715407 442.729 0 0
1500 113.635 -24.0054 17.9036 0.86406 -0.391336 442.79 0 0
1500 116.336 29.1162 17.8995 0.928725 0.412261 442.786 0 0
1500 20.2713 9.47562 18.0493 -0.625186 0.131846 442.591 0 0
1500 75.9568 18.5514 17.8369 0.271868 0.367373 442.623 0 0
1500 118.841 -19.1063 18.0413 1.05834 -0.300393 442.575 0 0
1500 42.4847 -9.70193 17.8254 -0.195081 -0.201062 442.902 0 0
1500 111.53 15.4253 18.1105 0.907748 0.254992 442.916 0 0
1500 59.5352 6.82845 18.0502 0.056295 0.18311 442.916 0 0
1500 91.7733 14.9994 17.99 0.507927 0.302338 442.863 0 0
1500 35.3919 170.632 17.8523 -0.300898 2.76515 442.869 0 0
1500 116.908 -0.27936 17.9056 0.907228 -0.0501151 443.088 0 0
1500 93.8475 -57.2476 17.7918 0.503586 -0.919331 443.271 0 0
1500 17.5444 36.6727 17.9914 -0.638186 0.613818 443.238 0 0
1500 87.8639 41.6177 17.9408 0.535402 0.6697 443.256 0 0
1500 65.9466 43.5164 18.0733 0.0809409 0.725621 443.115 0 0
1500 125.202 -5.14301 18.5904 1.36399 -0.094581 443.366 0 0
1500 65.4964 -52.8965 17.8778 0.124449 -0.823685 443.5 0 0
1500 3.34166 39.684 17.8399 -0.876866 0.573147 443.459 0 0
1500 62.5703 -9.94219 17.9123 0.140401 -0.143311 443.65 0 0
1500 72.4258 -58.7594 17.87 0.253631 -0.904287 443.917 0 0
1500 105.346 40.1166 17.7987 0.739091 0.626498 443.775 0 0
1500 27.217 -55.2063 17.83 -0.483545 -0.899089 443.734 0 0
1500 16.9053 -29.7363 17.8531 -0.666394 -0.520277 443.832 0 0
1500 87.6335 -25.7815 17.925 0.538269 -0.427383 443.772 0 0
1500 81.7813 33.7559 17.8945 0.327731 0.582568 443.749 0 0
1500 63.5711 8.25711 18.0436 0.0903476 0.210124 443.802 0 0
1500 150.046 106.289 18.2784 1.73978 2.07706 443.676 0 0
1500 44.5446 24.681 17.9531 -0.150157 0.409542 444.069 0 0
1500 51.1796 -25.4559 17.9832 -0.110806 -0.467277 443.967 0 0
1500 89.5245 9.92425 18.3671 0.526025 0.222354 444.086 0 0
1500 19.6124 46.258 17.8914 -0.628309 0.744521 444.166 0 0
1500 12.8831 -12.9874 17.9389 -0.772494 -0.292318 444.138 0 0
1500 85.9915 -3.83365 18.2336 0.600564 -0.0756917 444.193 0 0
1500 108.513 38.4318 17.9298 0.800706 0.599866 444.37 0 0
1500 123.509 -30.8964 17.7976 1.0293 -0.4928 444.379 0 0
1500 26.2685 -42.8127 17.9169 -0.461095 -0.727316 444.415 0 0
1500 149.381 80.2312 17.8364 1.49913 1.32815 444.341 0 0
1500 47.8511 14.0543 17.8435 -0.12125 0.263107 444.62 0 0
1500 58.7443 66.2103 17.8033 0.0370842 1.04375 444.613 0 0
1500 85.1163 -10.6832 19.0607 0.533551 -0.201289 445.134 0 0
1500 78.6823 6.32291 18.291 0.40038 0.0597302 445.946 0 0
1500 70.2824 -16.3333 18.022 0.227033 -0.286336 445.244 0 0
1500 71.9416 -22.2214 17.8919 0.212458 -0.379914 444.756 0 0
1500 57.8682 -28.9095 17.8886 0.0430794 -0.462502 445.785 0 0
1500 73.8985 -35.1689 17.8877 0.237441 -0.56489 445.602 0 0
1500 67.4015 -52.808 17.8048 0.119351 -0.825922 444.944 0 0
1500 95.224 2.20722 18.5132 0.678785 0.0987176 445.097 0 0
1500 -7.68791 -70.662 17.8762 -1.03935 -1.09777 445.17 0 0
1500 45.1403 54.1902 18.0284 -0.162175 0.891765 444.745 0 0
1500 100.157 44.4001 18.024 0.660248 0.736836 445.411 0 0
1500 108.316 29.2142 18.0267 0.787105 0.513619 444.975 0 0
1500 119.946 -17.5618 17.908 0.998359 -0.290021 446.199 0 0
1500 102.301 -14.7409 18.041 0.775491 -0.212896 444.693 0 0
1500 61.8933 -53.0793 17.9923 0.0552312 -0.875108 445.847 0 0
1500 45.8669 -54.5397 17.9905 -0.186809 -0.894219 446.069 0 0
1500 81.9933 18.3782 18.0652 0.474058 0.269356 445.055 0 0
1500 30.9745 -17.1659 18.0064 -0.423561 -0.334993 445.118 0 0
1500 101.679 10.6762 17.9819 0.751498 0.122359 445.794 0 0
1500 48.2225 0.0338198 18.121 -0.151365 -0.067062 445.758 0 0
1500 194.987 -31.6106 17.8211 2.15852 -0.569399 445.334 0 0
1500 49.8235 -20.3834 17.8782 -0.178443 -0.262413 445.601 0 0
1500 52.3847 -11.0393 17.8364 -0.0579157 -0.244526 445.557 0 0
1500 290.096 -36.2661 17.8621 3.74752 -0.639976 444.71 0 0
1500 103.526 32.2711 17.9994 0.768858 0.605253 446.15 0 0
1500 114.752 -31.023 17.9217 0.985834 -0.44801 446.23 0 0
1500 109.194 19.3684 18.0502 0.872463 0.278436 446.487 0 0
1500 103.952 28.6685 18.051 0.795061 0.418851 446.374 0 0
1500 50.9711 -17.3117 17.8177 -0.118072 -0.349427 446.541 0 0
1500 43.4408 -43.9261 17.8999 -0.176984 -0.687854 446.764 0 0
1500 37.4312 -62.4193 17.8059 -0.344527 -0.978176 446.675 0 0
1500 97.498 -50.9838 18.0132 0.653591 -0.809271 446.633 0 0
1500 59.7385 67.1778 17.8764 -0.0119131 1.04712 446.924 0 0
1500 102.045 22.3533 18.3382 0.77859 0.380073 447.065 0 0
1500 74.7599 6.47673 18.3967 0.403409 0.0931182 446.802 0 0
1500 60.1547 66.6635 17.8534 0.0981408 1.06505 447.148 0 0
1500 94.5765 7.33122 17.8763 0.591555 0.0387968 446.757 0 0
1500 127.141 0.0490829 18.0572 1.17147 -0.0637501 447.127 0 0
1500 62.0666 -8.6988 17.9128 0.0848885 -0.187541 447.787 0 0
1500 2.56193 -22.9828 17.8564 -0.890107 -0.294171 447.528 0 0
1500 89.7224 -1.65814 18.1964 0.603239 -0.00337726 447.743 0 0
1500 109.617 -7.75023 17.9065 0.844624 -0.0584907 447.622 0 0
1500 35.9669 107.401 17.8291 -0.410675 1.65998 447.557 0 0
1500 56.0205 -36.203 18.0503 -0.000929093 -0.631285 447.48 0 0
1500 88.0849 -5.73453 18.0539 0.492353 -0.165134 447.214 0 0
1500 40.1547 -44.184 17.9352 -0.315462 -0.727601 447.63 0 0
1500 95.1933 -5.94818 18.0073 0.66774 -0.102948 447.713 0 0
1500 63.4783 41.6037 17.9684 0.138642 0.704784 447.676 0 0
1500 77.558 6.89835 18.1366 0.316673 0.179329 447.54 0 0
1500 68.4264 -10.8065 18.1461 0.153151 -0.226724 447.909 0 0
1500 49.6109 27.8157 17.9108 -0.0909746 0.504728 447.656 0 0
1500 59.7214 2.29516 17.8833 0.0449407 0.112996 447.469 0 0
1500 59.9352 -20.4501 17.8292 0.100987 -0.346723 447.815 0 0
1500 68.4011 -42.5004 18.1962 0.183304 -0.794821 447.608 0 0
1500 89.8614 31.0789 18.3416 0.518372 0.596445 447.91 0 0
1500 61.4281 -3.34454 18.4805 0.102653 -0.109738 448.383 0 0
1500 24.5626 68.1154 17.8305 -0.533648 1.00498 448.204 0 0
1500 28.677 31.1373 17.9054 -0.459947 0.483297 448.753 0 0
1500 97.7011 -37.0308 17.8924 0.612585 -0.586986 448.228 0 0
1500 77.486 -61.3808 17.9249 0.321018 -0.956595 448.379 0 0
1500 120.37 -15.8256 18.0434 1.01106 -0.243191 448.415 0 0
1500 67.1464 -65.2336 17.8418 0.18438 -1.00647 448.836 0 0
1500 118.647 -23.391 17.9675 0.974006 -0.383677 448.264 0 0
1500 76.0483 64.6205 17.8508 0.220427 1.01558 448.764 0 0
1500 107.049 27.5322 17.9023 0.799399 0.476137 448.119 0 0
1500 45.6111 -58.8645 17.9268 -0.228493 -0.937517 448.644 0 0
1500 95.289 -41.4129 17.8626 0.59064 -0.70266 448.063 0 0
1500 59.306 45.1284 18.1245 0.0355383 0.756276 448.472 0 0
1500 26.2505 18.0405 17.8147 -0.548207 0.338192 448.722 0 0
1500 50.6215 -10.2701 17.8753 -0.189534 -0.148199 448.564 0 0
1500 76.5538 -8.91657 18.2047 0.278718 -0.18833 449.092 0 0
1500 85.9814 -57.441 17.8432 0.456973 -0.888238 449.183 0 0
1500 26.1126 -56.2454 17.857 -0.453687 -0.914268 449.055 0 0
1500 27.641 13.5111 17.9806 -0.516259 0.247108 449.155 0 0
1500 48.4 0.156019 18.1919 -0.14029 -0.0447114 449.609 0 0
1500 54.8974 12.3242 18.0911 0.00140804 0.237434 449.803 0 0
1500 92.7144 2.54675 18.0239 0.573281 0.0150995 449.764 0 0
1500 110.756 -19.0874 17.9968 0.86283 -0.302416 449.835 0 0
1500 72.1074 64.5921 17.8933 0.238025 1.0198 449.535 0 0
1500 115.326 1.91678 18.2063 0.972665 0.0282637 449.713 0 0
1500 14.3802 -42.163 17.8766 -0.723483 -0.608442 449.859 0 0
1500 17.9793 27.5839 18.0677 -0.634329 0.467508 449.984 0 0
1500 56.8789 44.0883 17.9754 -0.0649689 0.714114 449.566 0 0
1500 61.4615 45.4161 17.9748 0.00524992 0.733805 449.624 0 0
1500 79.2404 1.68687 17.9567 0.392196 0.0990738 449.487 0 0
1500 123.809 -14.1387 17.9122 1.04188 -0.19317 450.058 0 0
1500 124.313 1.40718 17.8371 1.04731 -0.00901558 450.139 0 0
1500 6.94204 -11.8636 17.9703 -0.824095 -0.142236 450.049 0 0
1500 166.021 88.551 17.864 1.71407 1.40466 450.014 0 0
1500 93.6434 -7.30375 18.0853 0.593619 -0.0847968 450.529 0 0
1500 22.6315 -9.62312 17.8929 -0.557554 -0.112961 450.318 0 0
1500 131.067 -79.9825 17.7929 1.13567 -1.19652 450.789 0 0
1500 20.7197 -54.7729 17.9185 -0.553367 -0.883803 450.364 0 0
1500 98.0676 50.2896 17.8541 0.615698 0.824747 450.552 0 0
1500 81.3599 58.4834 17.799 0.299296 0.940681 450.461 0 0
1500 104.489 -26.7039 17.8546 0.742675 -0.477251 450.534 0 0
1500 78.1505 38.4453 17.9501 0.396809 0.613838 450.284 0 0
1500 74.3399 28.8252 18.0308 0.21826 0.493673 450.229 0 0
1500 74.905 -19.6275 18.0505 0.353935 -0.342336 450.576 0 0
1500 70.0614 36.8586 17.8703 0.252539 0.615711 450.409 0 0
1500 49.7958 38.697 17.8709 -0.0607976 0.644652 450.357 0 0
1500 36.8423 7.66395 18.0115 -0.382135 0.12621 450.464 0 0
1500 73.3355 -20.4804 17.9047 0.312255 -0.359121 450.555 0 0
1500 24.5038 5.51244 17.8185 -0.524868 0.163798 450.539 0 0
1500 44.9652 37.8933 18.0557 -0.255907 0.621093 450.719 0 0
1500 96.6546 12.3297 18.045 0.64454 0.294586 450.292 0 0
1500 33.6956 28.7603 18.0053 -0.427891 0.449575 450.908 0 0
1500 40.5708 63.774 17.8918 -0.254747 1.01595 451.036 0 0
1500 85.2963 -39.3116 17.9989 0.51191 -0.615079 451.015 0 0
1500 5.01733 24.275 17.8584 -0.806077 0.399465 451.354 0 0
1500 98.7368 16.1875 18.0419 0.713568 0.207093 451.249 0 0
1500 108.149 11.5858 17.8619 0.831435 0.222371 451.18 0 0
1500 19.0326 14.8848 18.0027 -0.651151 0.235568 451.117 0 0
1500 82.6891 44.7321 17.9393 0.433839 0.788054 451.214 0 0
1500 88.3245 13.1117 18.0652 0.517855 0.170884 451.772 0 0
1500 76.0541 -27.9181 17.8676 0.220401 -0.448458 452.28 0 0
1500 107.247 32.2749 17.9029 0.759377 0.518568 451.861 0 0
1500 121.436 -18.4402 17.8022 1.00226 -0.296997 451.741 0 0
1500 119.216 11.2599 17.9057 0.960161 0.237899 451.578 0 0
1500 116.483 1.88467 17.8573 0.950112 0.0734967 451.775 0 0
1500 -0.418932 8.32174 17.9046 -0.94102 0.155701 451.968 0 0
1500 115.884 -21.4052 17.8029 0.945426 -0.316216 452.212 0 0
1500 71.7721 14.1194 18.3183 0.204101 0.246395 451.684 0 0
1500 52.7693 25.5558 18.3161 -0.0850657 0.419589 451.833 0 0
1500 58.0844 -35.4805 18.0239 -0.0233194 -0.604072 451.575 0 0
1500 25.9987 22.6008 17.9818 -0.543163 0.377318 451.725 0 0
1500 108.844 -54.5164 17.8355 0.849011 -0.866956 451.912 0 0
1500 86.905 -4.50499 17.8545 0.523674 -0.0424968 451.515 0 0
1500 73.5936 -29.0344 17.9624 0.186342 -0.480389 452.028 0 0
1500 88.5353 2.58287 18.0213 0.508257 0.123583 451.96 0 0
1500 121.538 11.0492 18.1388 1.1566 0.256099 451.989 0 0
1500 11.1441 39.853 17.9472 -0.769175 0.603993 452.338 0 0
1500 138.177 -45.3983 17.8944 1.25691 -0.774728 452.299 0 0
1500 92.4156 5.34992 18.3489 0.587154 0.117712 452.605 0 0
1500 70.2274 -24.3141 18.0355 0.219216 -0.402254 452.477 0 0
1500 104.948 44.7497 17.8555 0.698664 0.721527 452.45 0 0
1500 47.2887 61.2588 17.8577 -0.138072 0.95554 452.868 0 0
1500 86.0066 62.3377 17.7963 0.358818 0.969963 452.437 0 0
1500 107.821 43.2573 17.9306 0.778587 0.701818 452.932 0 0
1500 120.519 7.11694 17.9874 1.02172 0.0895115 452.717 0 0
1500 105.62 -19.9413 18.2951 0.826177 -0.344027 452.661 0 0
1500 93.0199 54.2327 17.8527 0.585974 0.853028 452.781 0 0
1500 116.345 -27.7367 17.801 0.945482 -0.408768 452.696 0 0
1500 56.6644 52.1739 18.0225 -0.0458911 0.84654 452.544 0 0
1500 15.5103 18.1466 17.9542 -0.705134 0.246994 452.671 0 0
1500 79.362 -11.6486 18.0515 0.43052 -0.155872 452.633 0 0
1500 6.12153 0.142868 17.9684 -0.872771 -0.0646325 452.746 0 0
1500 13.285 34.227 18.0323 -0.801646 0.525695 452.456 0 0
1500 87.714 24.6241 18.3879 0.511415 0.496779 452.812 0 0
1500 80.0873 19.9943 17.9197 0.361592 0.334625 453.525 0 0
1500 63.579 58.094 17.8606 0.0965211 0.904088 453.309 0 0
1500 116.778 -23.2802 18.0277 0.958566 -0.382529 453.302 0 0
1500 111.278 -6.99815 18.161 0.887932 -0.149063 453.461 0 0
1500 124.615 -21.1526 17.8504 1.0896 -0.297224 453.176 0 0
1500 71.9815 -140.701 18.0054 0.290006 -2.39424 453.356 0 0
1500 113.248 6.50495 18.3492 1.08638 0.0707709 453.067 0 0
1500 47.7399 -6.27107 18.1206 -0.141704 -0.146674 453.58 0 0
1500 96.4025 4.01679 18.0362 0.622863 0.0247793 454.013 0 0
1500 67.9629 60.4238 17.8021 0.0923291 0.925486 453.644 0 0
1500 123.04 5.65619 17.9865 1.03974 0.0665895 453.974 0 0
1500 89.2865 -58.0749 17.9196 0.478879 -0.93097 453.662 0 0
1500 -0.0645001 4.39468 17.9456 -0.93044 0.0358499 453.6 0 0
1500 66.8856 -8.68955 18.417 0.176394 -0.198785 453.645 0 0
1500 79.7246 50.8224 17.9932 0.369331 0.839324 453.96 0 0
1500 1.69739 12.7336 17.8303 -0.926666 0.169081 453.6 0 0
1500 15.8941 -25.2045 17.8815 -0.712496 -0.412754 453.759 0 0
1500 40.9837 19.3651 17.8864 -0.299009 0.249144 454.121 0 0
1500 81.3606 -24.6875 17.941 0.32563 -0.414208 454.294 0 0
1500 67.5952 66.2683 17.8528 0.202854 1.01265 454.095 0 0
1500 85.7634 55.3071 17.8847 0.425931 0.905162 454.128 0 0
1500 -4.00062 13.7016 17.8261 -1.00139 0.18164 454.375 0 0
1500 90.9718 45.5251 17.8652 0.586825 0.70628 454.246 0 0
1500 70.033 8.60942 18.1379 0.152118 0.159847 454.461 0 0
1500 125.714 18.4039 18.0166 1.15321 0.367708 454.441 0 0
1500 112.636 32.2052 17.9834 0.913413 0.602401 454.296 0 0
1500 83.2294 -4.07223 18.3892 0.478466 -0.0468107 455.287 0 0
1500 75.5384 15.4149 18.1363 0.256327 0.278449 454.973 0 0
1500 118.797 -2.73699 17.8581 0.936289 0.00335234 455.222 0 0
1500 2.18631 34.9846 17.7988 -0.815755 0.582429 455.012 0 0
1500 -2.62145 25.3019 17.8008 -0.94922 0.420142 454.736 0 0
1500 -3.19716 20.0515 17.9552 -0.967542 0.313865 454.698 0 0
1500 124.259 1.64193 17.7987 1.04806 0.0023853 455.326 0 0
1500 91.0244 3.95335 17.845 0.539629 0.134766 455.441 0 0
1500 37.0325 -56.6615 18.0597 -0.323337 -1.01407 454.751 0 0
1500 77.8265 8.7863 18.2389 0.315697 0.189052 456.321 0 0
1500 41.1121 -2.9985 17.9876 -0.277731 -0.00673989 456.344 0 0
1500 96.4206 32.0619 17.9441 0.588144 0.517147 455.578 0 0
1500 97.4057 14.9835 18.0042 0.641183 0.194861 456.659 0 0
1500 73.0072 55.2617 17.8611 0.275858 0.833102 455.62 0 0
1500 106.735 -8.46975 17.8141 0.761765 -0.114196 456.18 0 0
1500 -1.78163 6.04932 17.8068 -0.919181 0.134626 456.046 0 0
1500 54.6791 60.8875 17.8067 -0.105172 0.925517 456.028 0 0
1500 114.254 -30.1628 17.8757 0.882664 -0.516752 456.091 0 0
1500 76.9063 -59.0049 17.8767 0.325671 -0.951358 455.843 0 0
1500 99.6116 9.49457 18.277 0.690669 0.219105 455.8 0 0
1500 55.6834 13.3201 17.8748 -0.104298 0.175681 456.731 0 0
1500 112.009 3.12729 18.0755 0.973812 0.0106107 456.43 0 0
1500 48.0962 26.9371 18.0333 -0.167664 0.419392 457.233 0 0
1500 69.295 -7.07355 18.0146 0.244223 -0.113091 457.483 0 0
1500 91.6092 -20.4735 17.94 0.487768 -0.357298 457.19 0 0
1500 45.8379 -42.261 17.9366 -0.211026 -0.642988 457.155 0 0
1500 17.243 10.5472 17.9179 -0.63002 0.173427 458.264 0 0
1500 39.0626 -57.5496 17.8316 -0.340318 -0.8505 457.281 0 0
1500 81.0306 -52.4481 17.8084 0.395535 -0.77318 457.506 0 0
1500 96.0003 -47.8465 17.8047 0.614429 -0.712158 457.021 0 0
1500 84.0409 -60.144 17.9159 0.426399 -0.955865 457.797 0 0
1500 101.982 46.4215 17.8948 0.707638 0.75164 457.346 0 0
1500 76.5899 3.4244 18.593 0.452191 0.0621963 457.811 0 0
1500 92.7978 43.1591 17.9133 0.578555 0.717675 458.229 0 0
1500 114.741 5.97216 17.8207 0.926938 0.129281 458.237 0 0
1500 82.9784 -25.5889 17.8849 0.398104 -0.473843 456.994 0 0
1500 27.5645 -16.3813 17.9871 -0.495378 -0.314188 457.584 0 0
1500 31.2759 9.22789 18.1123 -0.449567 0.12688 457.855 0 0
1500 30.0283 23.4297 17.8659 -0.501172 0.330806 457.337 0 0
1500 78.1907 -49.229 17.857 0.242847 -0.786656 458.101 0 0
1500 27.36 -33.5551 17.8595 -0.538131 -0.548402 457.867 0 0
1500 103.191 47.9859 17.881 0.664222 0.808209 457.679 0 0
1500 113.945 -37.8763 18.0194 0.934516 -0.639872 458.194 0 0
1500 41.0463 -6.89649 17.9855 -0.291256 -0.169037 458.37 0 0
1500 94.4579 -43.9001 17.9216 0.543698 -0.772437 457.461 0 0
1500 28.4923 -24.9821 18.0482 -0.538831 -0.392447 457.231 0 0
1500 127.102 -4.25332 18.0466 1.2639 -0.0890147 458.382 0 0
1500 71.6603 24.0429 17.8567 0.258126 0.362061 458.563 0 0
1500 61.7262 -32.3954 17.8228 0.116527 -0.476519 458.848 0 0
1500 99.47 -5.12577 18.582 0.783473 -0.0646936 458.718 0 0
1500 97.8456 23.8125 18.0872 0.675552 0.426257 458.485 0 0
1500 76.1882 -50.5863 17.9759 0.249872 -0.828318 458.591 0 0
1500 67.9559 8.28663 18.3791 0.248391 0.160437 459.769 0 0
1500 67.818 4.48348 18.2987 0.202454 -0.00559955 460.386 0 0
1500 37.0595 19.0296 17.9785 -0.343923 0.279283 459.35 0 0
1500 60.086 17.5283 18.0137 0.0672405 0.310047 459.752 0 0
1500 77.3425 -13.2666 18.053 0.359169 -0.162607 459.897 0 0
1500 84.1568 -20.0258 18.0742 0.421489 -0.341284 459.917 0 0
1500 101.729 -47.1526 17.9181 0.674504 -0.749411 459.115 0 0
1500 120.038 18.7954 17.8963 0.951023 0.331418 459.145 0 0
1500 91.8489 56.2495 17.8691 0.546341 0.880196 459.151 0 0
1500 102.746 41.9503 17.8733 0.695492 0.661273 460.159 0 0
1500 123.973 16.5582 17.8065 1.04061 0.221675 459.602 0 0
1500 14.6089 49.1893 17.8687 -0.663089 0.801663 459.401 0 0
1500 108.461 30.3702 18.1559 0.852355 0.492155 459.969 0 0
1500 78.9002 -54.5064 17.9727 0.289307 -0.882578 458.981 0 0
1500 -0.132548 31.1237 17.8463 -0.933654 0.433748 459.772 0 0
1500 37.6498 -62.3087 17.8768 -0.290873 -0.999696 460.417 0 0
1500 97.4305 -47.207 17.8037 0.541666 -0.770868 459.08 0 0
1500 115.334 -11.1516 17.9219 0.931914 -0.219516 460.261 0 0
1500 58.2645 -25.9945 18.185 -0.021293 -0.425876 459.493 0 0
1500 80.8413 -45.9467 17.9008 0.432899 -0.715546 460.184 0 0
1500 67.6843 -41.9699 17.859 0.22802 -0.662058 459.48 0 0
1500 88.7257 34.4099 17.8568 0.551311 0.515888 459.672 0 0
1500 102.939 -9.27975 17.8653 0.764871 -0.172496 460.061 0 0
1500 92.888 -44.3834 17.9231 0.510239 -0.75872 459.208 0 0
1500 36.0502 11.5977 17.8735 -0.39706 0.128859 460.139 0 0
1500 83.6093 24.923 17.9967 0.475046 0.445512 460.334 0 0
1500 64.8881 85.902 17.8792 0.159216 1.45922 459.861 0 0
1500 59.8535 96.0897 18.0072 0.031214 1.66835 459.842 0 0
1500 39.3767 21.7201 18.0551 -0.27747 0.445804 460.141 0 0
1500 42.8521 1.7486 18.0136 -0.256433 0.0275803 462.857 0 0
1500 66.6422 -26.169 18.1762 0.207806 -0.410654 460.881 0 0
1500 106.168 -24.2351 17.8499 0.761936 -0.328881 461.222 0 0
1500 -5.01614 5.31638 17.8308 -0.96402 0.0417335 461.752 0 0
1500 89.4095 55.2357 17.946 0.480725 0.86775 461.225 0 0
1500 35.6963 -43.3721 17.9018 -0.32399 -0.682977 462.56 0 0
1500 98.2655 -32.9077 17.8288 0.6227 -0.520862 462.063 0 0
1500 55.8389 66.9275 17.9367 -0.0518183 1.04558 460.525 0 0
1500 50.2508 -23.9276 17.992 -0.131715 -0.388709 464.554 0 0
1500 49.3586 -43.7188 17.9836 -0.145512 -0.670435 463.87 0 0
1500 29.5989 -7.78704 17.9911 -0.419457 -0.164316 464.482 0 0
1500 42.1584 -30.4904 17.9886 -0.245205 -0.48179 464.289 0 0
1500 -7.84579 2.10134 17.8466 -1.02455 4.59159e-05 461.363 0 0
1500 50.038 -33.4875 17.8681 -0.172905 -0.499928 464.036 0 0
1500 41.236 -61.9579 17.8493 -0.305347 -0.92656 461.987 0 0
1500 35.0485 -49.8664 17.8563 -0.389422 -0.741331 462.95 0 0
1500 60.4933 -37.3098 17.8972 0.0458587 -0.594707 464.226 0 0
1500 60.0566 -37.7713 17.8191 -0.0247256 -0.582194 464.185 0 0
1500 122.187 -0.958999 18.0439 1.04355 -0.0303946 461.425 0 0
1500 105.344 -16.7598 18.0562 0.762883 -0.251622 464.385 0 0
1500 88.8722 2.17071 18.1857 0.533188 0.00591421 466.045 0 0
1500 103.884 -76.3723 17.8064 0.719694 -1.18662 461.704 0 0
1500 58.2958 -12.9116 18.134 -0.00788049 -0.22852 466.763 0 0
1500 110.898 39.2173 17.8441 0.843931 0.557688 463.424 0 0
1500 92.1595 -56.75 17.8425 0.584604 -0.858903 461.846 0 0
1500 89.8505 -49.4288 17.8596 0.526476 -0.736941 464.678 0 0
1500 84.5661 -59.3484 17.8529 0.469424 -0.915789 461.895 0 0
1500 86.3057 -59.5798 17.8522 0.493486 -0.91567 462.156 0 0
1500 86.2184 -58.0243 17.8549 0.479503 -0.869521 463.933 0 0
1500 74.1153 16.8698 18.2611 0.311743 0.332408 460.751 0 0
1500 87.1692 -1.86931 18.2596 0.509735 0.0469384 460.857 0 0
1500 91.8477 17.8797 18.0521 0.515782 0.343925 460.48 0 0
1500 52.6127 59.6329 18.037 -0.0835562 0.96052 462.067 0 0
1500 49.0654 35.293 17.9883 -0.1344 0.526351 471.316 0 0
1500 44.5742 16.6702 18.0331 -0.224935 0.263546 467.626 0 0
1500 63.2048 8.73201 18.0958 0.0895099 0.188313 468.032 0 0
1500 51.8388 -22.8561 18.1545 -0.0984604 -0.361449 468.127 0 0
1500 56.1685 -28.3846 18.0427 -0.0649083 -0.481192 460.807 0 0
1500 1.63552 -11.1002 17.9284 -0.907089 -0.200785 462.117 0 0
1500 80.5232 -20.0545 17.8958 0.390377 -0.282907 467.758 0 0
1500 81.6923 -30.3574 17.819 0.385859 -0.474014 467.142 0 0
1500 107.598 15.8864 17.9282 0.817841 0.298132 462.197 0 0
1500 106.756 -12.845 18.1455 0.794815 -0.222197 466.692 0 0
1500 78.9695 42.0311 17.8401 0.350868 0.643162 467.118 0 0
1500 20.6567 -54.1387 17.8155 -0.606721 -0.83495 465.055 0 0
1500 98.7937 4.05834 18.0595 0.731233 0.0554013 462.013 0 0
1500 68.7759 27.2682 18.1996 0.243815 0.485073 462.467 0 0
1500 91.1524 23.3012 18.1285 0.594212 0.427622 461.225 0 0
1500 121.722 29.9249 17.93 0.995137 0.522588 463.342 0 0
1500 103.902 32.5278 18.0383 0.782929 0.523088 463.593 0 0
1500 99.6152 29.0076 18.0448 0.674957 0.441704 467.903 0 0
1500 86.6447 -21.8597 18.0564 0.544014 -0.339862 462.27 0 0
1500 110.298 -4.35989 18.0456 0.892029 -0.070835 463.302 0 0
1500 73.933 16.9792 18.0626 0.351825 0.256492 461.821 0 0
1500 116.812 -29.7018 17.8052 0.927315 -0.471299 464.96 0 0
1500 96.1645 -50.7648 17.8784 0.625404 -0.814451 464.043 0 0
1500 54.1253 80.5603 17.8326 -0.000588945 1.3119 461.047 0 0
1500 71.946 15.6286 18.1125 0.327238 0.246149 462.747 0 0
1500 97.6551 23.3999 18.0996 0.711393 0.359976 463.777 0 0
1500 132.227 19.4131 18.0773 1.27652 0.278566 461.029 0 0
1500 17.0079 31.0364 18.0665 -0.654349 0.508391 463.921 0 0
1500 74.9671 -9.0751 18.0354 0.321063 -0.210064 462.632 0 0
1500 72.1569 -57.6249 18.0135 0.268909 -0.930478 464.727 0 0
1500 69.6285 -65.0301 17.9548 0.192509 -1.0301 466.107 0 0
1500 9.82266 49.699 17.8063 -0.777168 0.697617 466.052 0 0
1500 63.6665 29.627 18.1384 0.150679 0.525697 463.626 0 0
1500 67.8841 37.2257 17.8592 0.195654 0.569174 469.742 0 0
1500 49.8604 -17.5697 18.0021 -0.142933 -0.293509 470.98 0 0
1500 27.2172 -69.8122 17.8331 -0.555857 -1.06631 463.287 0 0
1500 121.131 5.13719 17.9478 1.02813 0.0744923 466.406 0 0
1500 31.9849 55.7233 17.8652 -0.369458 0.874682 468.503 0 0
1500 14.295 -36.6193 17.8047 -0.699258 -0.506124 468.886 0 0
1500 39.4824 -38.0474 17.842 -0.289554 -0.603122 469.874 0 0
1500 114.384 -13.1175 18.0593 0.94748 -0.188593 466.286 0 0
1500 100.717 24.7593 18.0415 0.724131 0.432188 465.407 0 0
1500 50.7562 -10.506 18.1467 -0.145702 -0.189559 463.819 0 0
1500 65.9222 -66.2922 17.847 0.196629 -1.08241 462.39 0 0
1500 54.0592 21.7903 17.9841 -0.117348 0.339655 464.767 0 0
1500 191.085 59.621 17.7999 2.04547 0.968384 465.847 0 0
1500 91.581 -25.6735 18.132 0.569631 -0.381568 471.79 0 0
1500 139.004 10.7648 17.8428 1.34716 0.195938 463.642 0 0
1500 4.05842 38.7714 17.8037 -0.871372 0.576377 468.116 0 0
1500 11.3881 41.6241 17.8082 -0.749541 0.607274 469.363 0 0
1500 60.1428 -54.7942 17.8147 -0.0463875 -0.835981 465.44 0 0
1500 65.5113 -15.4021 18.2569 0.127967 -0.298976 465.838 0 0
1500 113.721 -33.8822 18.1465 0.960547 -0.623565 462.457 0 0
1500 88.4039 18.024 18.1287 0.587608 0.291585 464.817 0 0
1500 117.318 22.5272 17.8412 0.96448 0.345469 467.438 0 0
1500 104.928 -19.3272 18.0619 0.812088 -0.27051 466.959 0 0
1500 100.442 -4.68605 18.0197 0.673596 -0.0245273 472.183 0 0
1500 80.1761 29.2565 18.0225 0.388325 0.449545 472.424 0 0
1500 98.0884 46.1892 18.0046 0.68158 0.73233 467.894 0 0
1500 57.2379 64.7472 17.9515 0.0296878 1.03132 468.429 0 0
1500 72.949 1.14474 17.9793 0.245908 0.0815029 473.089 0 0
1500 86.4781 55.4873 17.8352 0.497544 0.868021 467.546 0 0
1500 63.5322 38.6151 17.8534 0.142451 0.57483 472.081 0 0
1500 104.018 47.1304 17.8441 0.727293 0.754878 468.874 0 0
1500 113.796 12.7331 17.8828 0.922617 0.217521 467.573 0 0
1500 72.3832 30.8489 17.8983 0.303228 0.503244 466.037 0 0
1500 21.8508 -31.828 17.9015 -0.545688 -0.507249 472.356 0 0
1500 101.121 38.8094 18.0442 0.733348 0.735235 461.346 0 0
1500 104.342 -17.6512 17.8493 0.725562 -0.224581 472.461 0 0
1500 116.112 8.25519 17.8395 0.951373 0.15273 468.119 0 0
1500 115.836 2.81578 17.8402 0.948656 0.0705184 468.017 0 0
1500 105.104 46.4842 17.8352 0.761479 0.709581 470.141 0 0
1500 72.9393 11.0531 17.8625 0.275374 0.180269 473.545 0 0
1500 96.2461 52.9447 17.8367 0.626516 0.798234 470.671 0 0
1500 100.848 -28.1606 17.9981 0.683917 -0.438447 472.805 0 0
1500 122.228 -3.69761 17.9866 1.03201 -0.0970216 469.656 0 0
1500 112.992 -33.2698 17.9876 0.875781 -0.522727 471.171 0 0
1500 76.0803 -51.6047 17.9941 0.356993 -0.823104 468.222 0 0
1500 108.062 -34.3721 17.8729 0.795975 -0.483826 471.703 0 0
1500 119.503 19.3157 17.8671 0.994605 0.297893 469.309 0 0
1500 101.771 5.14475 17.8811 0.754711 0.0898639 467.173 0 0
1500 110.867 35.8807 17.8694 0.843582 0.53026 471.102 0 0
1500 25.4371 29.4803 18.1545 -0.550464 0.537603 463.749 0 0
1500 53.6155 48.0687 18.2054 -0.0397803 0.882178 462.634 0 0
1500 -7.39891 70.6007 17.8722 -1.01015 1.12721 469.15 0 0
1500 103.913 -0.739846 17.8349 0.749941 0.0529349 467.449 0 0
1500 83.615 48.1425 17.936 0.382341 0.803565 468.531 0 0
1500 101.433 -10.1685 18.5237 0.775831 -0.205092 471.053 0 0
1500 87.1386 -6.89482 18.0427 0.551685 -0.108634 468.707 0 0
1500 118.936 -21.655 18.0212 0.994922 -0.320833 471.684 0 0
1500 92.8071 0.263528 17.853 0.521564 0.0665866 474.799 0 0
1500 46.333 -27.4449 17.991 -0.140451 -0.524248 463.935 0 0
1500 55.6325 -14.6511 18.0419 0.0368155 -0.254215 476.09 0 0
1500 61.8904 -25.8772 18.0386 0.123825 -0.41093 475.851 0 0
1500 100.577 -4.01914 18.031 0.666669 -0.108367 475.235 0 0
1500 97.1017 5.94513 18.031 0.67548 0.0340739 469.159 0 0
1500 95.4361 -42.3822 18.0191 0.637842 -0.692477 470.402 0 0
1500 109.042 -8.69624 18.0228 0.848118 -0.187794 469.939 0 0
1500 85.3551 -18.8975 18.0335 0.497168 -0.347227 468.963 0 0
1500 99.8852 -43.8148 18.0162 0.699473 -0.708729 470.897 0 0
1500 78.949 -20.2685 18.0355 0.399724 -0.369113 468.815 0 0
1500 50.7736 19.2137 18.0788 -0.149905 0.329308 468.68 0 0
1500 73.2573 23.9976 18.0984 0.198354 0.438279 463.679 0 0
1500 72.4422 -3.10711 17.8543 0.234301 0.0185273 475.542 0 0
1500 49.018 46.4927 17.8384 -0.102347 0.783188 468.995 0 0
1500 14.5854 45.6326 17.829 -0.620871 0.756538 470.148 0 0
1500 50.4993 -62.6486 18.0686 -0.187466 -1.06566 464.262 0 0
1500 51.5261 56.2877 17.9701 -0.0881008 0.923986 470.396 0 0
1500 78.1804 -10.2239 18.3266 0.398143 -0.176814 476.704 0 0
1500 -79.0267 -18.3913 17.8951 -2.24466 -0.312275 467.417 0 0
1500 68.2787 -17.6208 17.9696 0.203841 -0.297286 476.236 0 0
1500 77.6313 41.0811 18.136 0.355444 0.694794 470.483 0 0
1500 58.882 -21.5304 18.1501 -0.00529859 -0.378656 469.573 0 0
1500 71.9323 -4.16313 17.8489 0.277892 -0.0150001 468.414 0 0
1500 102.651 -3.68032 17.836 0.73595 0.007101 469.128 0 0
1500 100.239 48.4415 17.9 0.635719 0.772359 473.817 0 0
1500 52.7665 48.8374 17.9118 -0.0505348 0.76064 475.401 0 0
1500 99.8609 49.9826 17.8978 0.646152 0.81473 472.117 0 0
1500 97.2948 38.946 17.9076 0.583442 0.624536 474.959 0 0
1500 100.745 40.0372 17.9026 0.670495 0.678439 470.989 0 0
1500 53.6008 41.4557 17.9161 -0.0385098 0.652496 475.797 0 0
1500 69.2542 19.7412 18.1242 0.18585 0.34129 477.33 0 0
1500 55.58 -10.3993 18.0263 -0.0806189 -0.200408 469.385 0 0
1500 26.31 -37.7039 18.0096 -0.52426 -0.611815 470.668 0 0
1500 64.0002 61.0839 18.0329 0.0158452 1.08286 462.407 0 0
1500 173.892 43.447 17.9416 1.98619 0.811147 464.276 0 0
1500 60.0082 -66.1322 17.8837 0.0414107 -1.04692 473.074 0 0
1500 28.2239 18.9479 17.9849 -0.466472 0.281499 476.88 0 0
1500 20.683 -3.09568 17.984 -0.572374 -0.0264477 476.809 0 0
1500 81.5249 62.0037 17.893 0.418448 0.958786 472.957 0 0
1500 31.265 19.416 17.9641 -0.468509 0.327194 470.189 0 0
1500 105.916 45.6493 18.3366 0.958407 0.876135 460.968 0 0
1500 98.6887 48.7301 17.9492 0.706472 0.799588 470.252 0 0
1500 40.6773 24.3477 18.3624 -0.31372 0.460546 464.762 0 0
1500 46.7865 -88.9293 17.8931 -0.191358 -1.45705 470.053 0 0
1500 102.532 2.73443 17.8921 0.73098 0.0875796 472.857 0 0
1500 106.038 -28.6798 18.0276 0.803679 -0.473261 472.779 0 0
1500 147.941 7.2669 17.9432 1.51474 0.103957 468.943 0 0
1500 136.602 31.5965 17.997 1.30187 0.476874 471.379 0 0
1500 24.5017 58.2255 17.8102 -0.563158 0.841955 475.056 0 0
1500 26.1884 -32.058 17.8229 -0.569422 -0.502239 471.34 0 0
1500 33.8259 -30.8507 17.8128 -0.35349 -0.551981 471.101 0 0
1500 35.5066 -38.8959 17.8091 -0.325867 -0.673648 471.406 0 0
1500 67.9871 -62.2179 17.7975 0.165385 -0.972528 475.49 0 0
1500 51.0847 -36.7786 18.1007 -0.135061 -0.603358 472.207 0 0
1500 60.3455 -32.1501 18.0082 0.0171436 -0.560234 471.757 0 0
1500 70.8422 -52.7743 17.9954 0.175706 -0.8626 472.909 0 0
1500 93.6363 12.8553 17.8645 0.543524 0.274532 472.101 0 0
1500 82.1651 -28.3021 18.2095 0.413132 -0.525209 470.61 0 0
1500 53.5241 0.489192 18.2768 -0.150027 0.0525284 462.816 0 0
1500 105.354 -11.451 18.7081 0.86871 -0.197602 476.811 0 0
1500 84.8211 -11.6124 18.7209 0.528205 -0.185143 482.315 0 0
1500 90.5464 55.0981 17.9985 0.529787 0.884812 475.652 0 0
1500 -4.15409 22.0649 17.7994 -0.999273 0.305379 475.528 0 0
1500 19.4315 22.0091 17.817 -0.616857 0.289849 478.934 0 0
1500 -7.55254 -2.57181 17.7997 -1.03643 -0.0606185 476.399 0 0
1500 28.2437 -27.7066 17.8184 -0.491112 -0.413834 479.061 0 0
1500 34.7599 21.5618 17.8219 -0.439596 0.311836 472.523 0 0
1500 19.8014 -50.0959 17.8012 -0.649406 -0.777032 474.827 0 0
1500 31.7618 62.1719 17.8006 -0.46833 0.909781 474.988 0 0
1500 96.898 15.7198 17.8486 0.577181 0.312448 474.382 0 0
1500 118.113 -42.2359 17.8925 0.942917 -0.661091 476.947 0 0
1500 43.4278 19.9171 17.9804 -0.277162 0.342449 473.247 0 0
1500 21.5433 16.9967 17.9751 -0.557434 0.26892 480.042 0 0
1500 98.4211 54.4019 17.9582 0.704313 0.988488 468.502 0 0
1500 41.3362 -35.1715 17.9756 -0.245926 -0.606581 474.834 0 0
1500 86.5196 -45.3148 17.9674 0.423985 -0.736338 476.961 0 0
1500 4.99842 -7.57792 17.9005 -0.81627 -0.103038 479.123 0 0
1500 90.8878 58.6004 17.8085 0.555501 0.888907 476.381 0 0
1500 82.1851 50.8856 17.9011 0.467584 0.802599 471.806 0 0
1500 76.7478 114.332 18.0013 0.325026 1.9291 470.791 0 0
1500 248.102 200.434 17.9329 3.21306 3.36106 469.444 0 0
1500 83.5638 -23.3924 18.7157 0.551846 -0.390143 476.824 0 0
1500 111.887 -18.9908 17.846 0.836358 -0.239012 479.077 0 0
1500 65.1471 -7.21152 17.8663 0.163384 -0.0687114 480.854 0 0
1500 112.035 21.913 17.8414 0.887145 0.366396 475.244 0 0
1500 26.1153 -45.8919 17.8285 -0.45921 -0.771235 474.891 0 0
1500 31.6495 -57.5519 17.8227 -0.369602 -0.936013 475.809 0 0
1500 94.1432 -53.7312 17.8953 0.584723 -0.833354 478.148 0 0
1500 72.41 -2.40816 17.8525 0.29479 -0.0744295 473.591 0 0
1500 4.02846 30.1968 17.9772 -0.86065 0.491714 476.077 0 0
1500 80.9385 -19.2223 17.9081 0.447807 -0.327431 472.417 0 0
1500 -72.3471 -59.3758 17.913 -2.20228 -0.990745 471.288 0 0
1500 75.1308 -105.027 17.888 0.270648 -1.65104 476.772 0 0
1500 96.697 -39.6596 17.8684 0.551507 -0.667791 475.831 0 0
1500 9.32169 -16.2584 17.8695 -0.783647 -0.311146 475.713 0 0
1500 121.284 2.07679 18.1708 1.0917 0.108223 472.304 0 0
1500 38.5457 15.3014 18.0506 -0.267178 0.277761 482.717 0 0
1500 76.965 63.1944 17.8745 0.316785 0.991981 478.911 0 0
1500 47.534 24.7052 17.8986 -0.121539 0.453947 474.993 0 0
1500 108.711 -42.1047 17.9777 0.792623 -0.685928 478.85 0 0
1500 45.7294 -1.12006 18.1078 -0.195429 0.0223778 483.494 0 0
1500 78.0398 -25.1813 18.1876 0.380738 -0.37899 483.462 0 0
1500 49.2079 -51.6201 18.0004 -0.180488 -0.814948 477.234 0 0
1500 44.9192 -52.8249 17.9989 -0.245017 -0.831197 477.396 0 0
1500 17.3456 -39.3461 17.9968 -0.660256 -0.62465 477.645 0 0
1500 -12.868 80.4875 17.8188 -1.16767 1.20792 475.99 0 0
1500 86.4227 43.2318 17.9797 0.510752 0.676356 478.771 0 0
1500 82.3376 0.149614 18.4866 0.556657 0.0328449 470.839 0 0
1500 85.0932 30.196 18.0266 0.466146 0.533192 477.213 0 0
1500 102.189 -0.237147 17.9339 0.712371 -0.00744811 482.08 0 0
1500 109.68 4.6792 17.9288 0.826963 0.0631113 481.398 0 0
1500 70.6884 -16.3262 17.9157 0.1938 -0.330961 476.365 0 0
1500 45.4495 -15.5469 17.9839 -0.219969 -0.232014 488.422 0 0
1500 80.8302 43.2941 17.9313 0.326091 0.782696 472.768 0 0
1500 123.148 -8.12016 17.969 1.1612 -0.11306 472.975 0 0
1500 39.3241 11.422 18.0171 -0.40039 0.169524 471.185 0 0
1500 27.446 -25.0392 17.8702 -0.54438 -0.371756 477.435 0 0
1500 -0.530304 -25.8329 17.8534 -0.946741 -0.372136 479.502 0 0
1500 21.4521 40.9327 17.8981 -0.570597 0.731436 475.578 0 0
1500 46.1823 40.5253 17.8269 -0.23271 0.603789 483.569 0 0
1500 16.9315 39.4562 17.8139 -0.694827 0.632852 478.632 0 0
1500 6.68485 16.5941 17.8159 -0.854027 0.28647 478.367 0 0
1500 13.0137 -32.3157 17.9843 -0.736167 -0.491939 479.35 0 0
1500 84.8598 -71.2197 17.9438 0.491495 -1.23847 474.238 0 0
1500 117.19 -22.9448 18.0098 0.971755 -0.440493 476.765 0 0
1500 92.6107 -24.9113 17.8594 0.561348 -0.345981 484.556 0 0
1500 87.3331 -30.5615 17.9959 0.448138 -0.539871 479.913 0 0
1500 74.4904 49.0695 18.3384 0.35133 0.896945 474.639 0 0
1500 92.4875 56.408 17.797 0.510966 0.913196 481.876 0 0
1500 50.9488 -50.2772 17.869 -0.17883 -0.786026 479.947 0 0
1500 32.781 -28.2516 17.8755 -0.46142 -0.45219 479.383 0 0
1500 108.685 44.1784 17.8155 0.754037 0.724695 482.674 0 0
1500 100.688 49.1394 17.8177 0.628461 0.788242 483.5 0 0
1500 38.8202 62.8892 17.8155 -0.278249 1.00843 482.146 0 0
1500 119.286 16.8118 17.9882 0.965712 0.281165 484.25 0 0
1500 60.6092 14.998 17.8679 0.0102525 0.305508 479.024 0 0
1500 49.6591 55.1693 17.8495 -0.147241 0.853993 484.993 0 0
1500 23.3898 -3.40301 18.0249 -0.587284 -0.0251546 480.093 0 0
1500 111.598 -33.1175 17.7964 0.809307 -0.575647 482.003 0 0
1500 32.4706 -11.5342 17.8178 -0.399062 -0.258184 479.813 0 0
1500 64.8879 -18.7808 17.8207 0.0963355 -0.333346 487.118 0 0
1500 144.831 -1.46085 17.9608 1.40814 0.00864274 481.608 0 0
1500 117.029 28.4293 17.9095 0.95745 0.422156 483.693 0 0
1500 108.032 6.57009 18.533 0.898072 0.0844628 484.37 0 0
1500 98.016 45.4879 18.0321 0.674596 0.731766 483.511 0 0
1500 66.6941 23.7221 18.0545 0.193642 0.379436 488.476 0 0
1500 1.83399 28.228 17.8237 -0.877308 0.446613 485.377 0 0
1500 95.4731 63.6566 17.824 0.599994 1.01513 483.653 0 0
1500 113.431 -36.7334 17.9062 0.89933 -0.537782 484.822 0 0
1500 72.0711 -70.0847 17.9412 0.267869 -1.23655 477.299 0 0
1500 -4.73436 -9.51571 17.9482 -0.995196 -0.13012 483.975 0 0
1500 30.7292 -46.6542 17.872 -0.376299 -0.779995 482.993 0 0
1500 91.564 -56.3741 17.8822 0.538191 -0.885178 486.373 0 0
1500 106.636 -27.8045 17.8883 0.786802 -0.485005 483.913 0 0
1500 59.2367 -31.3349 17.9799 -0.0606765 -0.519587 477.728 0 0
1500 62.5371 -24.7766 17.8353 0.112264 -0.396412 489.74 0 0
1500 54.3941 -32.6269 17.8798 -0.0073632 -0.516143 489.995 0 0
1500 46.7001 -34.9463 17.8784 -0.11552 -0.549529 489.887 0 0
1500 50.7599 -53.0081 17.8686 -0.0592029 -0.813666 488.989 0 0
1500 120.006 -23.3441 17.8574 0.951853 -0.402087 487.12 0 0
1500 121.863 21.9032 17.8203 0.953729 0.391433 487.088 0 0
1500 102.723 -39.7648 17.8925 0.74656 -0.636796 485.414 0 0
1500 59.8531 -3.11202 17.919 0.0936722 -0.0787092 490.861 0 0
1500 74.0581 -42.9649 18.2966 0.260055 -0.755403 480.912 0 0
1500 31.6323 49.7686 17.9216 -0.440593 0.807057 485.21 0 0
1500 126.567 -1.86579 17.7966 1.07732 -0.0173745 487.308 0 0
1500 3.39291 38.2323 17.803 -0.815105 0.645278 486.494 0 0
1500 36.2342 -59.5663 17.8223 -0.40183 -0.91456 486.58 0 0
1500 23.6131 -55.9736 17.8217 -0.572423 -0.83199 488.849 0 0
1500 66.5873 31.2326 18.054 0.170235 0.549054 486.229 0 0
1500 67.6486 62.9982 17.9509 0.13705 1.00928 487.693 0 0
1500 31.6503 8.69542 17.8668 -0.482585 0.114989 484.931 0 0
1500 105.748 -41.6761 17.8286 0.751608 -0.691 487.416 0 0
1500 40.8786 -12.463 17.8544 -0.23046 -0.263884 484.669 0 0
1500 107.456 -39.7653 17.8286 0.777181 -0.662328 487.418 0 0
1500 72.3541 59.6985 17.809 0.197661 0.935132 489.877 0 0
1500 61.2101 37.2338 17.8247 0.0356492 0.595705 491.572 0 0
1500 87.4333 32.6301 17.8197 0.444216 0.581036 485.438 0 0
1500 40.7121 49.9266 17.8128 -0.274806 0.839459 486.118 0 0
1500 82.1328 -3.01064 17.8556 0.408714 -0.048817 492.206 0 0
1500 21.4075 49.7099 17.8273 -0.517729 0.788382 490.584 0 0
1500 57.5109 63.472 17.8228 0.00313427 1.02508 488.001 0 0
1500 14.6389 -28.3247 17.866 -0.690254 -0.528227 484.636 0 0
1500 115.998 -25.1655 17.8567 0.991824 -0.456841 483.683 0 0
1500 19.9015 0.63717 17.8128 -0.635257 0.0767595 486.11 0 0
1500 33.0518 60.8501 17.7934 -0.410621 0.963944 489.311 0 0
1500 68.7372 2.22435 18.1326 0.17889 -0.0381245 494.51 0 0
1500 105.694 -3.20197 18.01 0.790895 -0.0433713 490.649 0 0
1500 88.8876 -42.5001 17.9185 0.526815 -0.706701 487.845 0 0
1500 42.8111 -57.1656 17.8068 -0.27323 -0.930217 488.243 0 0
1500 85.8222 -59.5129 17.9302 0.402228 -1.03175 483.791 0 0
1500 120.145 -11.0108 17.9065 1.01446 -0.244752 486.391 0 0
1500 93.0936 -55.8733 17.8075 0.544207 -0.890391 491.316 0 0
1500 80.2243 -61.0772 17.9228 0.332515 -0.989033 490.646 0 0
1500 94.4961 -57.2226 17.8624 0.615162 -0.946454 489.312 0 0
1500 105.702 28.0517 17.834 0.797692 0.39643 490.606 0 0
1500 88.3282 25.1761 18.5874 0.606227 0.417952 492.904 0 0
1500 55.8682 50.0996 17.9097 -0.0606624 0.768374 497.558 0 0
1500 70.6707 17.7175 17.8696 0.273082 0.304906 491.138 0 0
1500 -1.53357 -11.7211 17.8189 -0.969876 -0.203864 495.467 0 0
1500 67.9927 -28.1948 17.8401 0.081974 -0.467758 493.299 0 0
1500 48.5653 35.9146 17.8371 -0.22039 0.530665 493.507 0 0
1500 24.8815 36.4711 17.8026 -0.558751 0.621926 495.181 0 0
1500 4.12759 -30.6013 17.8227 -0.813565 -0.505911 500.42 0 0
1500 117.444 23.8943 17.8595 0.934988 0.419408 498.412 0 0
1500 125.753 1.95628 17.8583 1.04266 0.0899577 499.474 0 0
1500 123.874 9.03212 17.8585 1.02446 0.195909 498.848 0 0
1500 121.467 18.6041 17.8584 0.98802 0.337871 498.895 0 0
1500 95.4769 26.1264 17.9388 0.657119 0.367319 496.935 0 0
1500 111.76 -22.8841 17.9311 0.846369 -0.358256 501.583 0 0
1500 112.158 -34.0531 17.9262 0.862681 -0.524497 500.723 0 0
1500 129.643 29.3276 17.922 1.19047 0.522869 495.143 0 0
1500 87.5734 42.5163 17.8567 0.493459 0.61402 502.215 0 0
1500 107.658 11.1598 17.9447 0.841 0.19634 498.176 0 0
1500 66.9453 4.85376 18.1994 0.114301 0.105824 501.935 0 0
1500 99.4099 -5.63992 18.235 0.747456 -0.0572116 503.634 0 0
1500 76.3018 -0.235113 17.8431 0.298214 -0.0583722 510.9 0 0
1500 65.0717 -51.7155 17.8247 0.154264 -0.851684 504.784 0 0
1500 88.4742 -57.5374 17.8164 0.489371 -0.898477 507.86 0 0
1500 119.894 -22.8998 17.8151 0.965477 -0.399206 506.664 0 0
1500 84.4209 11.7545 17.8415 0.377914 0.234703 512.983 0 0
1500 -23.5393 54.0748 17.8658 -1.28371 0.940227 504.907 0 0
1500 109.576 -15.5724 17.9479 0.814522 -0.31534 508.007 0 0
1500 78.5169 16.2113 18.3442 0.407173 0.315054 510.03 0 0
1500 23.7803 -29.4037 17.9268 -0.579408 -0.411282 511.392 0 0
1500 19.2616 -2.10289 17.9904 -0.652498 0.0347481 509.263 0 0
1500 109.464 19.5647 17.8487 0.845603 0.344258 515.136 0 0
1500 79.0626 -58.8351 17.9331 0.316131 -0.91863 519.5 0 0
1500 51.0517 -55.4013 17.9358 -0.0914373 -0.913912 516.101 0 0
1500 85.6724 58.5297 17.8429 0.43983 0.897042 520.613 0 0
1500 124.185 -15.1277 17.8104 1.01941 -0.158207 518.206 0 0
