Total number of secondary electrons: 2064
1500 90.3001 8.28838 16.9566 0.762922 0.15595 234.465 0 0
1500 252.392 -53.1523 15.7929 3.9114 -1.09478 246.446 0 0
1500 94.9503 3.10029 16.386 0.839174 0.0463104 246.543 0 0
1500 90.6817 0.764859 16.5253 0.809538 0.025809 251.338 0 0
1500 106.969 -0.185562 16.0882 1.03469 0.0347017 255.489 0 0
1500 105.246 -2.37234 15.7276 0.879315 -0.0316658 256.233 0 0
1500 87.812 2.77516 15.8058 0.661161 0.0725361 258.981 0 0
1500 101.4 12.6127 16.1507 0.869001 0.189463 260.192 0 0
1500 97.9581 -3.08163 16.1119 0.741198 0.00586676 271.999 0 0
1500 82.9187 -6.26426 16.3617 0.572709 -0.0904026 278.664 0 0
1500 104.509 41.7876 16.0327 0.895761 0.725784 281.264 0 0
1500 108.793 -12.3789 15.2138 0.940807 -0.192687 284.627 0 0
1500 97.1241 -8.17846 15.2528 0.636779 -0.112386 284.922 0 0
1500 106.435 -0.75163 15.2111 0.851332 0.0214258 288.156 0 0
1500 78.4856 1.13868 14.9613 0.382921 -0.0518124 289.003 0 0
1500 118.822 -12.8871 15.7438 1.08577 -0.195523 291.763 0 0
1500 82.8828 -5.84033 15.0184 0.44996 -0.0819244 292.687 0 0
1500 94.4936 -11.1477 15.5531 0.629764 -0.135208 292.967 0 0
1500 91.8531 8.75291 15.7957 0.60474 0.0887808 296.829 0 0
1500 96.559 5.4988 15.7114 0.641366 0.0815913 297.784 0 0
1500 73.72 27.0702 15.3911 0.316009 0.422134 298.638 0 0
1500 90.4884 18.2791 15.4813 0.542208 0.269571 299.395 0 0
1500 90.5834 -8.42677 15.4824 0.570575 -0.10505 299.345 0 0
1500 103.168 -4.4844 14.9017 0.66948 -0.054148 299.701 0 0
1500 89.1261 22.9954 15.3527 0.493956 0.382427 299.841 0 0
1500 95.8377 11.1602 14.5767 0.571226 0.0976091 300.92 0 0
1500 118.629 2.49945 16.1302 1.13725 0.0575158 302.185 0 0
1500 71.6798 13.7927 15.3175 0.241114 0.199736 303.227 0 0
1500 79.1547 -48.9129 15.1425 0.35799 -0.724084 303.857 0 0
1500 84.8811 7.14603 15.1706 0.471056 0.0998828 305.573 0 0
1500 95.6765 3.46203 15.7256 0.640204 0.0654673 306.479 0 0
1500 90.3076 -12.4937 14.4918 0.461103 -0.139779 308.732 0 0
1500 85.5901 -12.066 14.4969 0.403484 -0.136881 308.791 0 0
1500 112.328 1.71908 14.8142 0.754871 0.0413467 309.425 0 0
1500 90.645 12.0556 15.3906 0.503527 0.20003 310.07 0 0
1500 62.3685 64.675 14.4774 0.111548 0.804865 310.238 0 0
1500 83.0839 0.25765 15.7742 0.434488 -0.00873312 310.646 0 0
1500 37.3821 -40.8998 14.6038 -0.256679 -0.558944 311.607 0 0
1500 80.9863 -9.50915 16.0576 0.45012 -0.208772 312.108 0 0
1500 98.061 -7.72555 16.2319 0.704748 -0.119445 312.205 0 0
1500 75.6831 2.06064 16.4108 0.429174 0.0774012 312.57 0 0
1500 86.7123 -5.29009 15.0769 0.465617 -0.0362936 312.843 0 0
1500 31.158 22.9104 14.6964 -0.360995 0.319845 313.254 0 0
1500 89.7687 -3.11141 16.6931 0.647402 -0.029569 313.689 0 0
1500 133.817 2.10501 14.7198 0.967162 0.000892132 314.195 0 0
1500 31.1787 -68.9953 14.7943 -0.40355 -0.97536 314.53 0 0
1500 66.4618 -59.0802 14.7622 0.0730693 -0.823579 314.687 0 0
1500 71.0788 20.0216 14.9479 0.229656 0.295184 314.713 0 0
1500 78.7527 9.8122 14.9465 0.322776 0.171427 314.695 0 0
1500 43.1294 -21.0674 14.8573 -0.215613 -0.255504 315.42 0 0
1500 57.4172 33.2597 14.7757 0.0451834 0.455321 315.433 0 0
1500 62.3232 14.9604 15.5685 0.0946946 0.182437 315.582 0 0
1500 92.853 11.8895 14.7808 0.479037 0.192672 315.603 0 0
1500 59.755 28.7303 15.0653 -0.0135015 0.452532 315.89 0 0
1500 62.2569 -62.2584 14.815 0.021084 -0.847773 315.992 0 0
1500 91.6747 -7.50412 16.6466 0.647578 -0.0894399 316.197 0 0
1500 74.3765 13.5699 16.4508 0.388224 0.250397 317.497 0 0
1500 85.0919 15.7607 16.6358 0.548638 0.226782 318.612 0 0
1500 95.4272 0.140877 15.5209 0.581711 -0.0435402 318.826 0 0
1500 80.6291 15.8042 15.1613 0.309825 0.244217 318.842 0 0
1500 101.853 -18.624 14.6869 0.534002 -0.190766 319.376 0 0
1500 68.792 5.97355 15.124 0.151337 0.120414 319.55 0 0
1500 88.3125 42.0013 14.8829 0.435705 0.550866 319.849 0 0
1500 93.8518 32.1723 14.7803 0.518012 0.380452 320.168 0 0
1500 150.67 32.0267 14.7654 1.21307 0.472991 320.26 0 0
1500 108.353 3.4562 14.7493 0.684523 0.0600578 320.29 0 0
1500 132.329 12.3441 14.6687 0.892557 0.208683 320.496 0 0
1500 146.61 -11.3287 14.7517 1.16446 -0.189706 320.567 0 0
1500 151.458 82.3789 14.676 1.18106 1.02377 321.027 0 0
1500 90.6264 -36.7818 14.7718 0.441745 -0.507206 321.677 0 0
1500 74.2357 16.5034 15.472 0.279932 0.252253 321.773 0 0
1500 56.5673 -6.88112 15.0042 -0.0319657 -0.123462 322.04 0 0
1500 76.0318 -14.3534 15.0089 0.209117 -0.215685 322.234 0 0
1500 89.2384 -10.8886 14.862 0.397644 -0.20713 322.277 0 0
1500 100.993 3.97495 14.822 0.559419 0.110737 322.468 0 0
1500 117.382 -3.01108 14.9317 0.790162 -0.0765858 323.1 0 0
1500 154.159 0.887179 15.272 1.47519 -0.0310492 323.481 0 0
1500 101.215 -48.3509 14.8546 0.505359 -0.651921 324.5 0 0
1500 44.3372 -2.05092 14.9658 -0.174755 0.0123371 324.842 0 0
1500 81.2218 -10.6821 15.5977 0.378062 -0.133892 324.937 0 0
1500 55.3061 7.63201 15.2702 0.00894374 0.15649 325.143 0 0
1500 57.6626 -3.60925 14.9704 -0.0261713 -0.100957 325.161 0 0
1500 130.408 45.1526 14.8328 0.87259 0.573428 325.242 0 0
1500 57.5813 16.1954 15.2726 0.0372898 0.262997 325.261 0 0
1500 74.3295 -21.7096 15.0114 0.235075 -0.33479 325.484 0 0
1500 118.07 -77.194 14.8403 0.759935 -0.968997 325.506 0 0
1500 87.6659 -17.7546 15.9063 0.482083 -0.284612 325.782 0 0
1500 146.027 -17.528 15.1034 1.25043 -0.223857 325.818 0 0
1500 63.2173 -121.797 14.9987 0.132659 -1.72374 326.268 0 0
1500 40.2294 -27.9623 15.0741 -0.264199 -0.340283 326.432 0 0
1500 77.6041 -15.2671 16.3737 0.42757 -0.225692 326.692 0 0
1500 119.482 -22.7967 15.0498 0.842325 -0.274954 326.798 0 0
1500 121.643 27.8511 16.5375 1.30636 0.588925 327.11 0 0
1500 150.418 38.6843 15.8292 1.58076 0.623047 327.72 0 0
1500 27.7865 0.885235 15.5135 -0.500218 -0.0398189 327.73 0 0
1500 112.093 -7.46779 15.0362 0.755 -0.0597355 327.985 0 0
1500 55.9856 63.5384 14.8978 -0.06887 0.842492 328.026 0 0
1500 58.832 64.6339 14.896 -0.0329472 0.855445 328.106 0 0
1500 4.12085 34.7532 14.8954 -0.721416 0.47862 328.18 0 0
1500 65.477 115.05 14.8772 0.0584726 1.54796 328.238 0 0
1500 87.2735 -9.77088 15.167 0.419318 -0.186743 328.322 0 0
1500 34.7616 -90.5437 14.9856 -0.296239 -1.24545 328.765 0 0
1500 95.1651 -23.1799 15.1537 0.515947 -0.354442 328.852 0 0
1500 145.62 38.0275 14.9505 1.20136 0.511192 329.078 0 0
1500 71.4803 22.1798 15.0482 0.133574 0.286802 329.217 0 0
1500 84.4677 -4.49619 15.4511 0.379582 -0.0868349 330.032 0 0
1500 27.2758 72.1856 14.8638 -0.420206 0.927986 330.037 0 0
1500 62.7591 19.3757 15.1202 0.0448702 0.248019 330.234 0 0
1500 32.7343 76.5568 14.8568 -0.350888 0.975635 330.546 0 0
1500 65.874 59.4477 15.2256 0.0916328 0.886342 330.672 0 0
1500 86.5012 -18.1737 15.4456 0.491539 -0.247443 331.525 0 0
1500 96.4239 21.0298 14.956 0.568966 0.284434 331.515 0 0
1500 96.7976 29.0531 16.6333 0.82165 0.575733 331.812 0 0
1500 42.7335 -36.5793 14.9298 -0.209732 -0.532487 332.067 0 0
1500 90.3381 0.353178 15.0419 0.492201 0.0389401 332.203 0 0
1500 -3.28636 -55.956 14.8463 -0.741577 -0.739535 332.275 0 0
1500 -0.129321 -59.0038 14.8505 -0.702384 -0.77554 332.379 0 0
1500 35.9975 6.43393 15.2033 -0.293122 0.0427445 332.348 0 0
1500 21.1582 117.526 15.286 -0.629457 1.77658 332.364 0 0
1500 77.497 -16.5103 16.2302 0.41651 -0.251237 332.588 0 0
1500 87.513 17.9874 15.9361 0.580955 0.276048 332.973 0 0
1500 81.6674 7.23913 15.315 0.334481 0.154767 333.187 0 0
1500 118.601 -15.9712 15.1916 0.894297 -0.211438 333.966 0 0
1500 125.03 -56.6656 16.2262 1.2041 -0.976927 335.231 0 0
1500 101.284 -0.644606 15.2935 0.581171 0.00118982 335.497 0 0
1500 87.0204 -26.5443 15.6644 0.417925 -0.383475 336.285 0 0
1500 110.019 -9.70441 15.3183 0.749649 -0.153223 336.297 0 0
1500 126.542 -22.9903 15.4027 0.97969 -0.370458 336.403 0 0
1500 104.168 0.0348273 16.2973 0.809217 0.0199613 336.53 0 0
1500 98.2728 -21.0138 15.6527 0.636383 -0.313398 336.647 0 0
1500 55.7042 29.948 15.1114 -0.0650736 0.376469 336.978 0 0
1500 114.029 -20.3824 15.4681 0.844568 -0.311167 337.095 0 0
1500 71.9242 10.7227 15.4888 0.217499 0.169099 337.323 0 0
1500 66.4273 -53.5968 15.1145 0.168365 -0.706333 337.664 0 0
1500 87.3617 24.6367 15.286 0.346432 0.360696 337.716 0 0
1500 62.6063 13.5566 16.1592 0.1307 0.297295 338.016 0 0
1500 84.1243 -12.8438 16.3091 0.524759 -0.171615 338.089 0 0
1500 127.651 1.07068 15.13 0.898587 -0.0460864 338.377 0 0
1500 73.8018 13.9086 15.336 0.259641 0.231145 339.12 0 0
1500 94.4446 -61.757 15.1617 0.51609 -0.794409 339.266 0 0
1500 94.049 8.50368 15.837 0.523928 0.110504 339.413 0 0
1500 61.5688 -76.6563 15.1706 0.103547 -0.975936 339.691 0 0
1500 97.6681 46.2411 15.2694 0.544145 0.635439 339.998 0 0
1500 125.387 -38.0051 15.1859 0.892102 -0.490297 340.317 0 0
1500 89.7951 -27.5301 15.6452 0.435802 -0.408543 340.524 0 0
1500 55.7428 53.7249 15.5596 -0.00602602 0.777183 340.733 0 0
1500 115.123 14.0071 15.6839 0.820701 0.19726 340.881 0 0
1500 84.899 12.6126 15.2994 0.350832 0.225476 341.121 0 0
1500 55.4288 -3.74958 15.2363 -0.0472597 -0.111466 341.215 0 0
1500 83.8723 20.842 15.3005 0.337115 0.330314 341.253 0 0
1500 71.6834 -1.49507 15.237 0.162627 -0.0822932 341.26 0 0
1500 81.5598 5.60516 15.3004 0.349671 0.0206837 341.361 0 0
1500 91.5593 2.77877 15.6805 0.470149 -0.0151066 341.677 0 0
1500 29.8237 2.99507 15.5851 -0.371762 0.0611715 341.742 0 0
1500 35.1834 -0.558984 15.3309 -0.300229 0.0539565 341.816 0 0
1500 66.4632 -65.8115 15.2365 0.158528 -0.842006 341.93 0 0
1500 92.563 -20.3934 15.2489 0.428475 -0.323474 341.934 0 0
1500 105.236 -67.3211 15.2302 0.628619 -0.834005 342.149 0 0
1500 73.1811 -8.33177 15.6755 0.274052 -0.088185 342.362 0 0
1500 133.093 27.5452 15.3222 0.960154 0.388019 342.472 0 0
1500 48.7451 40.2561 15.3418 -0.125355 0.57196 342.497 0 0
1500 134.656 -25.8524 15.2435 0.978831 -0.330553 342.624 0 0
1500 126.072 -26.5881 15.2655 0.906566 -0.314227 343.054 0 0
1500 56.8075 -33.1461 15.8754 0.0472467 -0.55756 343.049 0 0
1500 120.92 -5.2755 15.3445 0.834423 -0.116079 343.237 0 0
1500 52.5143 18.0895 15.569 -0.0711856 0.27678 343.338 0 0
1500 99.063 -16.2821 15.6615 0.617673 -0.18416 343.589 0 0
1500 125.346 39.4493 15.3277 0.853682 0.447838 343.908 0 0
1500 83.3084 -68.6293 15.4263 0.358285 -0.896872 344.367 0 0
1500 106.038 -56.263 15.4388 0.637658 -0.742593 344.537 0 0
1500 113.329 -52.1975 15.3808 0.671322 -0.706405 344.604 0 0
1500 129.716 5.58409 15.3857 0.897978 0.0463902 344.61 0 0
1500 119.405 51.5213 15.4556 0.828682 0.727615 344.633 0 0
1500 68.1349 3.97889 15.9168 0.206198 0.110691 344.773 0 0
1500 100.435 89.8457 15.4307 0.61983 1.19336 344.755 0 0
1500 26.4168 -67.8501 15.4631 -0.44735 -0.877527 344.81 0 0
1500 57.187 -30.2294 15.7078 -0.00940093 -0.431284 345.045 0 0
1500 37.0658 -115.289 15.4956 -0.303429 -1.50573 345.09 0 0
1500 64.7343 22.3246 15.4525 0.0230555 0.282591 345.3 0 0
1500 122.272 0.488341 15.4478 0.803511 -0.0133441 345.355 0 0
1500 78.8268 -52.3865 15.451 0.259095 -0.661502 345.482 0 0
1500 79.6348 11.5588 16.5615 0.460496 0.15729 345.591 0 0
1500 137.421 -14.8238 15.5229 1.01032 -0.228702 345.669 0 0
1500 124.136 -3.29026 15.6556 0.900385 -0.0276654 345.735 0 0
1500 32.4034 -19.8947 15.4875 -0.381216 -0.246909 345.802 0 0
1500 83.4713 -35.1252 15.6167 0.308235 -0.499802 345.936 0 0
1500 89.464 -43.3216 15.5118 0.41782 -0.518855 346.114 0 0
1500 145.827 36.8446 15.5552 1.23954 0.486764 346.166 0 0
1500 79.4647 59.2336 15.505 0.210594 0.77273 346.346 0 0
1500 -13.3001 40.3639 15.5309 -0.883608 0.532627 346.61 0 0
1500 128.238 -35.0589 15.6073 0.925675 -0.432612 346.691 0 0
1500 90.6431 9.77193 16.0284 0.455381 0.184477 346.679 0 0
1500 81.114 5.85466 17.7278 0.543065 0.0646724 346.756 0 0
1500 113.694 -59.7199 15.6474 0.707861 -0.759298 347.305 0 0
1500 79.8242 -57.6356 15.7653 0.330868 -0.764296 347.566 0 0
1500 25.1437 19.634 15.7225 -0.479216 0.224863 347.756 0 0
1500 61.0538 54.1414 15.7224 0.0835758 0.734428 347.907 0 0
1500 94.9142 5.30503 15.6394 0.532639 0.0855791 347.904 0 0
1500 69.1516 38.485 15.6413 0.202178 0.510886 347.935 0 0
1500 116.109 24.389 15.7478 0.806529 0.287375 348.263 0 0
1500 72.7533 1.71791 15.9011 0.232895 -0.0397196 348.258 0 0
1500 76.1087 43.9794 15.663 0.290094 0.578788 348.276 0 0
1500 -13.1021 22.4332 15.7058 -0.932566 0.354081 348.387 0 0
1500 90.1605 -4.92437 16.8844 0.544527 -0.130611 348.501 0 0
1500 138.434 -40.3822 15.7316 0.998518 -0.544004 348.897 0 0
1500 61.3637 -16.8233 15.905 0.0914784 -0.266976 349.125 0 0
1500 75.7909 13.7258 16.7079 0.387999 0.201393 349.456 0 0
1500 33.2439 -18.3662 15.8451 -0.402505 -0.241021 349.554 0 0
1500 77.625 3.52322 16.2497 0.325471 0.0619126 349.589 0 0
1500 23.2471 53.7336 15.8602 -0.430924 0.733798 349.684 0 0
1500 62.0452 1.52219 15.9849 0.0607537 0.0820417 349.871 0 0
1500 64.8597 7.29387 15.9881 0.0968439 0.156083 349.926 0 0
1500 82.0557 7.4193 16.4609 0.410811 0.146554 349.945 0 0
1500 33.5915 -20.3928 15.9914 -0.341973 -0.360753 350.209 0 0
1500 98.3228 12.1767 16.7562 0.653089 0.181092 350.22 0 0
1500 109.316 38.0059 16.2281 0.830983 0.630079 350.426 0 0
1500 114.894 45.8494 16.0602 0.772666 0.673506 350.918 0 0
1500 95.2433 -19.923 16.3434 0.578051 -0.272915 351.333 0 0
1500 109.462 -15.5624 16.3445 0.787307 -0.257545 351.388 0 0
1500 95.4066 -12.6956 17.3056 0.662415 -0.240873 351.455 0 0
1500 69.5993 56.9654 16.0899 0.154333 0.77687 351.621 0 0
1500 106.329 -7.39203 16.5504 0.72316 -0.123808 351.669 0 0
1500 81.1059 -11.5917 17.4881 0.461254 -0.16048 352.133 0 0
1500 57.4307 -2.41766 16.2967 0.0185411 0.0305402 352.137 0 0
1500 88.673 -69.1815 15.9316 0.431642 -0.848868 352.25 0 0
1500 82.5182 9.23392 16.1126 0.349312 0.183432 352.364 0 0
1500 78.8642 3.037 17.8858 0.500295 0.0889532 352.382 0 0
1500 43.4419 -41.9389 16.2119 -0.277855 -0.592974 352.41 0 0
1500 44.0858 50.5253 16.1368 -0.217962 0.715558 352.422 0 0
1500 85.37 9.76915 16.2156 0.437876 0.156795 352.479 0 0
1500 110.768 -4.24035 16.9535 1.0274 -0.0660574 352.475 0 0
1500 138.796 12.8449 15.9497 1.034 0.172057 352.534 0 0
1500 126.788 -28.0442 15.9775 0.888419 -0.34551 352.903 0 0
1500 31.8679 -23.9695 16.0653 -0.315876 -0.375148 352.968 0 0
1500 100.402 -14.6371 16.8372 0.733051 -0.249024 352.969 0 0
1500 91.1217 31.3795 16.1525 0.456827 0.466862 353.089 0 0
1500 15.0895 -86.1647 16.0689 -0.600014 -1.24744 353.077 0 0
1500 106.523 -2.23459 16.2593 0.702644 0.00253792 353.257 0 0
1500 97.3222 31.7761 16.1662 0.534975 0.470484 353.334 0 0
1500 58.321 2.14979 16.1458 0.0680441 0.0191516 353.587 0 0
1500 72.885 6.76572 16.214 0.169501 0.130068 353.6 0 0
1500 25.9904 -6.00919 16.08 -0.41804 -0.0722236 353.562 0 0
1500 96.5113 -1.4717 17.3245 0.674422 -0.0296375 353.754 0 0
1500 84.0942 -58.9092 16.2342 0.365361 -0.802778 353.834 0 0
1500 73.9422 -1.61415 16.7498 0.339815 -0.0553394 353.945 0 0
1500 103.507 12.613 16.8726 0.750637 0.143984 353.96 0 0
1500 90.009 -21.1845 16.1625 0.40422 -0.283865 354.176 0 0
1500 68.5272 -65.0252 16.1937 0.133505 -0.88576 354.216 0 0
1500 89.1169 -22.064 16.6607 0.501153 -0.325692 354.354 0 0
1500 85.9397 -4.37751 17.1978 0.526118 -0.0175619 354.6 0 0
1500 86.4923 0.416482 16.8234 0.456131 -0.0598454 354.621 0 0
1500 -14.7711 32.7163 16.1065 -0.930467 0.460749 354.75 0 0
1500 87.8642 -0.487682 17.2095 0.534705 0.0695886 354.772 0 0
1500 97.0823 14.0087 16.9702 0.633065 0.284515 354.884 0 0
1500 102.901 -29.0479 17.1547 0.883448 -0.555254 354.883 0 0
1500 119.844 -53.7011 16.2256 0.871523 -0.67957 355.919 0 0
1500 84.3504 9.28255 16.3951 0.371255 0.107635 355.986 0 0
1500 93.9714 11.3454 17.2238 0.61775 0.171291 356.074 0 0
1500 110.111 -4.70762 16.2196 0.660671 -0.061308 356.212 0 0
1500 107.676 77.2584 16.3271 0.692437 1.04527 356.202 0 0
1500 56.0051 -12.4033 16.4176 0.0314241 -0.18225 356.365 0 0
1500 36.4468 21.2448 16.3799 -0.304757 0.326001 356.396 0 0
1500 43.5794 -32.5116 16.3803 -0.163957 -0.490003 356.458 0 0
1500 90.0506 -26.62 16.2636 0.424923 -0.313593 356.792 0 0
1500 112.329 17.1932 17.0952 0.911079 0.246752 356.856 0 0
1500 -31.7168 80.1545 16.2459 -1.11715 1.01702 356.944 0 0
1500 61.075 -46.5258 16.4055 0.0643955 -0.668854 356.961 0 0
1500 79.7052 -1.34685 16.3869 0.285562 0.0318181 357.068 0 0
1500 62.9893 -61.9871 16.5036 0.0628809 -0.913773 357.13 0 0
1500 102.41 -14.9155 17.0769 0.705378 -0.213765 357.176 0 0
1500 16.6416 -19.9451 16.2814 -0.564523 -0.326496 357.23 0 0
1500 105.196 0.137705 17.7896 0.847062 0.0262477 357.255 0 0
1500 116.715 11.1128 16.3706 0.783559 0.160392 357.429 0 0
1500 82.6241 -3.43701 16.3345 0.333115 -0.023565 357.716 0 0
1500 46.4875 -67.4704 16.3835 -0.17743 -0.923471 357.738 0 0
1500 126.599 -14.7493 16.4336 0.959399 -0.264978 357.79 0 0
1500 67.4592 -18.4705 16.3445 0.160139 -0.194525 357.844 0 0
1500 54.5207 -23.7412 17.0358 -0.0396103 -0.41106 357.849 0 0
1500 116.976 -1.00523 16.4044 0.781707 0.0122234 357.956 0 0
1500 82.4114 6.88839 17.528 0.454307 0.145015 358.794 0 0
1500 95.076 19.8601 16.7331 0.567778 0.301466 358.875 0 0
1500 119.837 -14.6461 16.7091 0.983715 -0.27544 359.041 0 0
1500 78.0432 -35.9377 16.5107 0.333032 -0.51056 359.132 0 0
1500 121.073 -34.3709 16.5266 0.877309 -0.432569 359.67 0 0
1500 53.9152 7.60103 16.7291 -0.0245312 0.141295 360.112 0 0
1500 39.1159 37.5426 16.7316 -0.286131 0.557374 360.311 0 0
1500 106.908 18.0165 16.6908 0.729904 0.233802 360.453 0 0
1500 103.133 3.49837 16.4771 0.665547 0.0706088 360.441 0 0
1500 50.3153 2.91499 16.9579 -0.113717 0.0375949 360.563 0 0
1500 83.9599 62.5431 16.4854 0.305675 0.866117 360.576 0 0
1500 122.178 11.1379 16.4767 0.900955 0.129212 360.589 0 0
1500 23.1772 -12.5788 16.5211 -0.496301 -0.233816 361.087 0 0
1500 89.7447 -29.878 17.0926 0.60212 -0.532965 361.232 0 0
1500 79.0856 -28.6723 17.1073 0.350271 -0.445484 361.266 0 0
1500 -4.88225 -36.3873 16.5277 -0.851182 -0.520873 361.375 0 0
1500 86.4201 -17.8864 17.6922 0.552681 -0.247895 361.405 0 0
1500 98.7553 30.4311 16.5832 0.510963 0.408716 361.433 0 0
1500 32.2305 -7.57033 16.5991 -0.409907 -0.125592 361.499 0 0
1500 64.474 37.3964 16.7037 0.102271 0.489545 361.781 0 0
1500 68.1898 18.9271 16.9212 0.170228 0.326517 362.253 0 0
1500 63.3355 -17.0852 17.2652 0.101732 -0.254407 362.331 0 0
1500 61.7196 -11.5097 17.1866 0.0709347 -0.186423 362.424 0 0
1500 79.5902 -28.1217 16.8039 0.381396 -0.391304 362.572 0 0
1500 107.531 -19.2642 16.9585 0.756354 -0.251553 362.784 0 0
1500 36.4407 62.1669 16.6998 -0.264576 0.881013 362.839 0 0
1500 63.0552 -4.50221 17.1895 0.0269625 -0.0767721 362.936 0 0
1500 70.2181 1.4001 17.6247 0.284518 0.0507691 363.074 0 0
1500 72.2863 0.63212 17.3109 0.273043 -0.0569412 363.14 0 0
1500 24.4031 -81.3749 16.6212 -0.402933 -1.10377 363.312 0 0
1500 85.9677 39.1692 16.881 0.361486 0.573723 363.418 0 0
1500 62.6133 65.8571 16.702 0.0801741 0.931122 363.526 0 0
1500 16.3337 9.3479 16.6652 -0.623322 0.0885418 363.569 0 0
1500 100.697 -41.3574 16.8996 0.676474 -0.623816 363.842 0 0
1500 96.5779 -9.11788 16.9609 0.54494 -0.184851 363.897 0 0
1500 93.6593 30.8473 16.7837 0.478655 0.480602 363.887 0 0
1500 -25.8417 -73.1325 16.6545 -1.09641 -0.920936 363.991 0 0
1500 4.01902 33.2292 16.6631 -0.710029 0.417332 364.015 0 0
1500 92.1972 21.592 16.7819 0.497638 0.355369 364.054 0 0
1500 99.6484 -14.7782 16.9693 0.635335 -0.244606 364.104 0 0
1500 118.665 -2.09193 16.954 0.892069 -0.0267629 364.123 0 0
1500 73.3686 0.409659 17.5339 0.324756 0.0679302 364.448 0 0
1500 86.8746 -5.26633 17.161 0.491192 -0.113958 364.582 0 0
1500 101.424 6.3413 17.496 0.697271 0.13712 364.616 0 0
1500 138.011 -7.52845 16.9715 1.20581 -0.168202 364.902 0 0
1500 64.1927 -20.3701 17.0415 0.15013 -0.286352 365.243 0 0
1500 25.3019 57.2255 16.7411 -0.404654 0.793632 365.306 0 0
1500 21.9021 56.4195 16.8428 -0.476912 0.808392 365.371 0 0
1500 91.7754 -35.6816 16.8289 0.445377 -0.54709 365.569 0 0
1500 68.4446 16.6679 17.4752 0.166544 0.232522 365.57 0 0
1500 83.5548 -12.2053 17.9806 0.484378 -0.215372 365.678 0 0
1500 62.6021 7.9644 17.5737 0.14768 0.166052 365.666 0 0
1500 130.276 -44.1144 17.2283 1.16047 -0.705002 365.664 0 0
1500 135.615 -4.92542 16.7783 1.09229 -0.115531 365.77 0 0
1500 150.166 -123.294 16.817 1.34243 -1.70898 366.446 0 0
1500 61.1254 -16.0964 16.8494 0.0411116 -0.290451 366.975 0 0
1500 132.059 16.1777 16.8026 1.01886 0.236731 367.103 0 0
1500 96.6646 -32.2957 18.3217 0.786665 -0.574485 367.201 0 0
1500 94.129 39.2753 17.0901 0.603652 0.556731 367.214 0 0
1500 121.978 -18.9796 16.9749 0.921852 -0.223712 367.622 0 0
1500 82.7671 -46.993 16.8901 0.280629 -0.634296 368.639 0 0
1500 49.7859 43.2423 17.4604 -0.103662 0.776146 368.606 0 0
1500 79.5032 9.89123 18.6121 0.522405 0.168232 368.814 0 0
1500 98.859 -12.8704 17.6075 0.655477 -0.224759 368.923 0 0
1500 82.5279 -38.1139 17.0457 0.299511 -0.56285 368.972 0 0
1500 43.1283 43.7927 16.9477 -0.173483 0.593298 368.996 0 0
1500 110.83 -47.3172 16.9403 0.737433 -0.678288 369.196 0 0
1500 69.7585 43.1001 17.0286 0.159269 0.581902 369.242 0 0
1500 75.4769 38.1687 17.256 0.296748 0.633662 369.353 0 0
1500 80.8252 -59.1398 17.2228 0.388044 -0.890151 369.718 0 0
1500 86.6988 -12.1256 17.2236 0.398423 -0.197461 370.144 0 0
1500 99.6561 46.7449 17.1642 0.575179 0.695332 370.236 0 0
1500 65.9362 5.14424 17.4401 0.143623 0.135452 370.959 0 0
1500 48.3534 2.50853 17.1582 -0.184984 0.0354182 371.039 0 0
1500 60.9177 26.2054 17.1636 -0.0114804 0.361596 371.239 0 0
1500 31.9912 6.33679 17.1662 -0.409217 0.0879141 371.336 0 0
1500 92.7761 22.535 17.8526 0.583873 0.395195 371.425 0 0
1500 88.7437 -2.54615 18.0738 0.568415 0.00781129 371.703 0 0
1500 -17.0607 -21.7129 16.9973 -1.04335 -0.286258 371.695 0 0
1500 40.9293 0.128332 17.3482 -0.245744 -0.0429076 371.802 0 0
1500 46.8846 28.9046 17.1664 -0.13565 0.409808 371.991 0 0
1500 82.3238 1.34261 17.8902 0.436925 -0.0414563 372.024 0 0
1500 53.338 -18.1624 17.4918 -0.054021 -0.247498 372.047 0 0
1500 102.337 27.6127 17.0896 0.613543 0.44519 372.124 0 0
1500 95.0885 25.6208 17.1141 0.521452 0.420447 372.33 0 0
1500 88.678 33.2669 17.1153 0.433131 0.525231 372.369 0 0
1500 50.8351 -4.86428 17.3105 -0.112867 -0.11939 372.329 0 0
1500 111.093 32.2341 18.0128 1.00734 0.580148 372.294 0 0
1500 92.8657 -14.4563 17.1009 0.551859 -0.213455 372.821 0 0
1500 94.5144 -6.90658 17.2148 0.542978 -0.159451 373.042 0 0
1500 34.8816 43.777 17.2092 -0.360043 0.632366 373.054 0 0
1500 28.0875 -69.3864 17.0904 -0.459945 -0.920236 373.1 0 0
1500 84.5374 16.5204 17.6306 0.41759 0.238497 373.127 0 0
1500 93.2478 20.9286 17.5844 0.606106 0.292973 373.139 0 0
1500 79.2387 4.7072 17.1783 0.288921 0.11356 373.236 0 0
1500 47.7627 30.3135 17.1669 -0.191206 0.467289 373.327 0 0
1500 99.2912 8.10292 18.3805 0.728216 0.154838 373.395 0 0
1500 27.4461 3.22138 17.2182 -0.466051 0.0876575 373.442 0 0
1500 88.3796 -0.249151 18.6408 0.613781 0.0565286 373.49 0 0
1500 132.643 -12.2396 17.4098 1.25224 -0.229331 373.524 0 0
1500 68.4347 10.523 17.2846 0.182251 0.183819 373.533 0 0
1500 79.8381 -5.13724 18.1992 0.423672 -0.0878497 373.667 0 0
1500 124.785 -32.8306 17.3777 1.03026 -0.466331 373.626 0 0
1500 41.2784 40.3609 17.3436 -0.209862 0.618097 373.683 0 0
1500 92.4322 -13.0055 17.8639 0.55303 -0.236557 373.76 0 0
1500 56.766 21.1462 17.3328 -0.0322435 0.348459 373.833 0 0
1500 98.8375 -29.4021 17.1326 0.597055 -0.464551 374.063 0 0
1500 71.3726 26.2052 17.8171 0.262362 0.414515 374.088 0 0
1500 76.2852 -12.696 17.5773 0.240395 -0.177268 374.209 0 0
1500 99.9681 0.806385 17.2325 0.640653 0.0576798 374.257 0 0
1500 280.601 -5.60928 17.2502 3.30102 -0.0737421 374.3 0 0
1500 -13.3438 -23.8464 17.1589 -0.984532 -0.312305 374.802 0 0
1500 82.8148 16.0471 17.5754 0.446292 0.240044 374.897 0 0
1500 19.1519 -3.39276 17.3391 -0.581708 -0.0569741 374.924 0 0
1500 -30.2398 26.2615 17.4369 -1.42621 0.432214 374.952 0 0
1500 -12.7591 24.9499 17.1669 -0.974614 0.316663 374.991 0 0
1500 100.483 -33.3966 18.6215 0.918937 -0.626897 375.01 0 0
1500 99.2201 -3.61083 17.9019 0.683199 0.00126644 375.162 0 0
1500 89.0914 -1.80795 17.392 0.50838 -0.0626605 375.281 0 0
1500 138.828 5.55897 17.6176 1.28831 0.109471 375.284 0 0
1500 34.6946 -1.59905 17.479 -0.330879 0.02782 375.327 0 0
1500 39.0211 -59.1487 17.3889 -0.323621 -0.915329 375.356 0 0
1500 122.477 -1.3754 17.1955 0.877749 -0.0624532 375.619 0 0
1500 -10.667 19.3545 17.2027 -0.93779 0.242075 375.81 0 0
1500 89.2054 -7.31867 17.5563 0.507697 -0.158251 375.833 0 0
1500 75.8238 8.31964 17.5169 0.350317 0.134803 376.096 0 0
1500 69.1799 30.3345 17.9493 0.152733 0.489847 376.194 0 0
1500 62.8174 60.7175 17.6468 0.138084 0.998128 376.377 0 0
1500 68.7774 68.3879 17.6191 0.230264 1.09475 376.421 0 0
1500 91.8991 18.697 17.6226 0.508373 0.254711 376.451 0 0
1500 81.61 -15.1468 17.4241 0.313424 -0.228011 376.721 0 0
1500 128.052 -4.52553 17.2615 0.982244 -0.118485 376.924 0 0
1500 76.1919 -3.61375 17.8365 0.381251 -0.014435 377.241 0 0
1500 81.5506 -15.9484 17.6961 0.378572 -0.297774 377.313 0 0
1500 100.835 5.68403 17.8417 0.714343 0.0915654 377.327 0 0
1500 71.7244 -9.87701 17.3369 0.207299 -0.208227 377.375 0 0
1500 75.8028 4.38353 17.792 0.338919 -0.00199649 377.427 0 0
1500 62.3377 -28.9835 17.3434 0.0753646 -0.474081 377.681 0 0
1500 123.686 53.4145 17.6671 1.08088 0.836919 377.697 0 0
1500 57.3748 31.0919 17.9133 -0.0306913 0.628178 377.73 0 0
1500 72.6818 -29.5477 17.3458 0.219438 -0.481212 377.792 0 0
1500 85.6353 -0.96748 17.9285 0.51332 0.0238109 377.944 0 0
1500 103.015 0.19137 17.717 0.730675 -0.00930566 378.113 0 0
1500 108.968 48.8308 17.2685 0.744871 0.68666 378.191 0 0
1500 81.7602 -11.6908 17.7571 0.452219 -0.168465 378.266 0 0
1500 104.677 -3.10917 18.3831 0.831995 -0.116191 378.51 0 0
1500 86.4821 -42.1732 17.4213 0.435809 -0.640861 378.591 0 0
1500 192.669 66.2754 17.8238 2.3484 1.07781 378.592 0 0
1500 99.7738 1.60467 17.5478 0.592973 0.0482192 378.718 0 0
1500 98.8452 -65.9214 17.3946 0.639603 -1.00647 378.765 0 0
1500 96.4894 21.5305 17.6069 0.609955 0.343885 378.933 0 0
1500 41.017 -37.4254 17.4392 -0.206466 -0.602687 379.006 0 0
1500 92.776 -3.23352 17.6696 0.602608 0.0165791 379.021 0 0
1500 100.579 -21.1835 18.2756 0.851944 -0.355635 379.052 0 0
1500 130.899 -7.54648 17.3667 1.0397 -0.084226 379.065 0 0
1500 78.9563 -56.601 17.383 0.326301 -0.806201 379.135 0 0
1500 45.2783 -30.0435 17.7046 -0.166191 -0.46559 379.132 0 0
1500 84.9702 -59.8181 17.4431 0.447253 -0.911609 379.198 0 0
1500 57.3901 -38.2148 17.4866 0.0094268 -0.600427 379.347 0 0
1500 26.1277 25.5525 17.5966 -0.447073 0.412274 379.411 0 0
1500 99.7536 -7.23122 17.6812 0.676089 -0.0688961 379.431 0 0
1500 101.096 69.0623 17.6121 0.723806 1.0702 379.458 0 0
1500 91.3305 27.151 17.5984 0.577909 0.375285 379.621 0 0
1500 114.057 12.8422 17.3437 0.77271 0.15102 379.647 0 0
1500 92.8151 -3.92072 17.8919 0.603804 -0.0464796 379.707 0 0
1500 93.8153 3.9612 17.5829 0.642247 0.0420187 379.759 0 0
1500 108.273 30.8398 17.6308 0.760778 0.464819 379.891 0 0
1500 95.9639 29.2295 18.5469 0.786087 0.524473 379.905 0 0
1500 81.2053 -13.4692 18.7058 0.514345 -0.224589 380.189 0 0
1500 101.792 23.9399 17.6829 0.687461 0.371986 380.209 0 0
1500 77.3918 -16.4085 18.0773 0.340038 -0.285975 380.271 0 0
1500 64.2704 -7.3954 17.7449 0.148078 -0.141659 380.311 0 0
1500 128.372 30.0431 17.7966 1.16891 0.520065 380.548 0 0
1500 129.081 9.54131 17.3616 0.983412 0.150502 380.673 0 0
1500 62.1582 35.0176 17.4757 0.128669 0.540777 380.756 0 0
1500 115.816 -15.4961 17.4445 0.797447 -0.254109 380.892 0 0
1500 87.816 42.3941 17.5956 0.42752 0.651882 381.025 0 0
1500 84.3857 12.7237 17.9578 0.511571 0.165421 381.049 0 0
1500 83.6672 -60.0332 17.5282 0.365528 -0.881856 381.121 0 0
1500 77.2709 10.59 17.9613 0.387914 0.179464 381.287 0 0
1500 82.9532 56.1076 17.469 0.419046 0.793076 381.268 0 0
1500 82.8916 24.8108 17.6497 0.448201 0.358675 381.262 0 0
1500 56.7528 48.576 17.6066 -0.0271497 0.730824 381.3 0 0
1500 65.7142 -2.18238 17.5829 0.073409 -0.0723518 381.399 0 0
1500 65.9149 14.8415 17.6835 0.0758551 0.243485 381.428 0 0
1500 93.6015 -8.19296 17.8675 0.531049 -0.142717 381.447 0 0
1500 53.3491 -44.6084 17.4425 -0.00802104 -0.675192 381.431 0 0
1500 122.411 76.2474 17.5665 1.01861 1.13649 381.49 0 0
1500 86.4253 67.7642 17.399 0.423916 0.955966 381.579 0 0
1500 106.7 23.9396 17.6244 0.849669 0.392699 381.75 0 0
1500 63.5318 -74.0958 17.4635 0.0868102 -1.04121 381.993 0 0
1500 18.8201 63.8189 17.395 -0.496847 0.917256 382.074 0 0
1500 93.4295 -0.377974 17.6955 0.529182 -0.0198806 382.271 0 0
1500 68.6604 47.0425 17.6002 0.180622 0.730729 382.385 0 0
1500 85.3143 -0.474553 19.1772 0.655405 -0.044895 382.445 0 0
1500 68.042 -33.4287 17.45 0.136717 -0.547397 382.509 0 0
1500 113.017 -89.4024 17.7038 0.876306 -1.42944 382.688 0 0
1500 26.5085 -3.42948 17.8107 -0.527843 -0.0240568 382.766 0 0
1500 92.5604 -1.56686 18.7285 0.661464 0.0239345 382.795 0 0
1500 69.5944 -13.9602 17.8365 0.192984 -0.262688 382.885 0 0
1500 103.506 -36.4183 17.7319 0.691277 -0.585609 382.917 0 0
1500 107.365 -17.288 17.9422 0.793169 -0.264664 382.924 0 0
1500 95.387 62.5058 17.4436 0.534012 0.870034 382.928 0 0
1500 56.8492 31.7199 17.5691 0.0545339 0.49317 382.969 0 0
1500 168.578 12.3124 17.4156 1.49775 0.205518 383.026 0 0
1500 97.5186 -1.16619 18.2747 0.737023 0.018897 383.017 0 0
1500 134.055 -1.91298 17.4284 1.03767 0.0329613 383.143 0 0
1500 1.8262 -40.4741 17.4242 -0.836948 -0.575967 383.141 0 0
1500 26.592 66.8469 17.4267 -0.497161 0.892436 383.238 0 0
1500 117.078 -29.926 17.479 0.869219 -0.456535 383.217 0 0
1500 21.3348 -34.3988 17.6116 -0.596098 -0.488916 383.392 0 0
1500 17.7271 -33.4846 17.5888 -0.67673 -0.529204 383.467 0 0
1500 98.4846 -52.747 17.8373 0.666496 -0.877457 383.453 0 0
1500 -14.9258 -2.87925 17.4384 -1.01839 -0.105188 383.494 0 0
1500 84.3272 -48.8731 17.6928 0.376918 -0.743529 383.565 0 0
1500 59.2485 -70.3985 17.4879 0.0729866 -1.00831 383.592 0 0
1500 88.8221 -7.81393 18.4406 0.6044 -0.103392 383.661 0 0
1500 44.3169 -51.5512 17.4788 -0.239028 -0.778059 383.755 0 0
1500 57.7821 -33.5549 18.1088 -0.0253462 -0.559146 383.732 0 0
1500 114.478 -48.2264 17.4479 0.747833 -0.721787 383.867 0 0
1500 83.9622 -23.935 17.7952 0.457499 -0.38033 383.872 0 0
1500 64.4263 -71.4764 17.4957 0.143259 -1.01866 383.908 0 0
1500 8.28488 56.0694 17.4446 -0.74063 0.738189 383.917 0 0
1500 -2.85097 42.0599 17.5251 -0.863592 0.591053 384.064 0 0
1500 60.2196 16.741 17.9306 0.0897352 0.312337 384.116 0 0
1500 35.2742 -70.9155 17.4512 -0.373747 -0.979229 384.154 0 0
1500 91.2365 -48.6418 17.5161 0.506841 -0.733685 384.168 0 0
1500 90.7873 90.7008 17.6467 0.555823 1.44645 384.381 0 0
1500 102.09 -27.906 17.8656 0.680872 -0.44802 384.463 0 0
1500 63.618 65.3608 17.634 0.100251 0.965748 384.526 0 0
1500 -9.6642 -94.5458 17.6942 -1.07425 -1.4977 384.511 0 0
1500 68.9671 -9.74167 18.1014 0.27617 -0.188169 384.57 0 0
1500 117.8 39.1594 17.7936 0.964122 0.586185 384.616 0 0
1500 82.8809 5.02324 18.6306 0.482895 0.0681902 384.831 0 0
1500 80.5459 -22.7308 17.9379 0.361194 -0.385481 384.831 0 0
1500 47.9629 17.2935 17.6741 -0.222375 0.284645 384.95 0 0
1500 -4.3983 -39.1395 17.4803 -0.856451 -0.588837 385.026 0 0
1500 32.1715 -68.9455 17.4808 -0.41008 -0.939851 385.16 0 0
1500 35.2611 21.6474 17.8348 -0.320366 0.39084 385.334 0 0
1500 74.5285 -39.5442 17.6504 0.248579 -0.553237 385.378 0 0
1500 77.9887 -37.7784 17.5939 0.265203 -0.538647 385.423 0 0
1500 125.772 -24.8341 17.5439 0.956874 -0.373958 385.646 0 0
1500 86.6011 -8.70211 18.2624 0.496224 -0.187009 385.761 0 0
1500 -13.3757 15.9373 17.5215 -1.02169 0.167038 385.797 0 0
1500 61.7125 -61.5088 17.8918 0.0919123 -0.993997 385.833 0 0
1500 85.8501 6.93969 18.0972 0.472177 0.0908374 385.868 0 0
1500 3.37254 -5.12648 17.6123 -0.826984 -0.0826935 386.154 0 0
1500 100.723 -39.4474 18.0721 0.704594 -0.674115 386.175 0 0
1500 88.5218 21.176 17.5524 0.415628 0.324579 386.498 0 0
1500 73.5529 -21.7867 18.3535 0.322241 -0.404807 386.507 0 0
1500 25.8362 15.588 17.7772 -0.489322 0.252869 386.667 0 0
1500 90.9054 71.1843 17.6404 0.520564 1.07765 386.7 0 0
1500 54.4657 24.0835 17.5806 0.00850152 0.391322 386.703 0 0
1500 50.1054 -16.072 17.9076 -0.16545 -0.252508 386.777 0 0
1500 10.1448 -14.4021 17.6513 -0.734628 -0.206707 386.904 0 0
1500 82.8662 -46.5873 17.6004 0.394783 -0.716989 386.95 0 0
1500 37.9344 48.5165 17.6533 -0.264121 0.753784 387.004 0 0
1500 106.28 -16.7524 17.6522 0.731614 -0.295145 386.959 0 0
1500 149.51 -41.4426 17.6931 1.46121 -0.581823 386.986 0 0
1500 58.6426 -80.0264 17.5574 -0.0622367 -1.16069 387.028 0 0
1500 -6.88185 9.61908 17.6291 -0.958329 0.122825 387.098 0 0
1500 78.9445 54.6824 17.5465 0.346121 0.816554 387.117 0 0
1500 -32.6813 -13.3342 17.6753 -1.43601 -0.175172 387.32 0 0
1500 122.516 3.56951 17.8967 1.07898 0.113298 387.515 0 0
1500 18.5704 -23.1732 17.862 -0.598493 -0.410327 387.66 0 0
1500 62.3375 3.44388 17.9357 0.137343 0.0848274 387.744 0 0
1500 42.6909 -2.41228 17.825 -0.218834 0.0309117 387.702 0 0
1500 4.44963 -52.7005 17.6906 -0.838986 -0.77206 387.715 0 0
1500 95.1436 38.2606 17.6301 0.504384 0.547479 387.801 0 0
1500 61.8694 20.9315 17.8264 0.0567931 0.365669 387.874 0 0
1500 33.3418 -10.6223 18.151 -0.381607 -0.170952 387.915 0 0
1500 61.9588 17.5289 17.6937 0.037561 0.320271 387.953 0 0
1500 57.5775 63.4188 17.6692 0.012492 0.950875 387.966 0 0
1500 44.044 0.625325 17.5941 -0.222612 -0.0385107 388.089 0 0
1500 97.4195 10.3764 17.7323 0.577221 0.112516 388.344 0 0
1500 137.985 3.20839 17.7939 1.25703 0.077907 388.501 0 0
1500 90.2264 15.6442 17.7398 0.484488 0.179089 388.541 0 0
1500 123.221 -29.7501 17.6902 0.957164 -0.427424 388.587 0 0
1500 67.15 3.49184 17.812 0.0915899 0.0793636 388.613 0 0
1500 130.206 9.17063 17.9187 1.16119 0.195285 388.635 0 0
1500 76.0487 -18.8277 17.7498 0.303568 -0.257567 388.797 0 0
1500 44.5923 -28.9571 17.6711 -0.229745 -0.481465 388.82 0 0
1500 34.3777 -1.91254 17.7386 -0.397123 -0.0537238 388.904 0 0
1500 123.247 33.1636 17.5976 0.898365 0.524419 389.003 0 0
1500 66.4998 -30.5963 17.7394 0.0703772 -0.47039 389.038 0 0
1500 30.1827 -7.76175 17.7394 -0.457275 -0.138599 389.042 0 0
1500 -23.3561 -60.4303 17.7112 -1.33987 -0.959179 389.127 0 0
1500 68.1768 -21.0138 17.7985 0.221544 -0.355815 389.194 0 0
1500 70.716 64.6973 17.6992 0.169931 1.00955 389.195 0 0
1500 53.3603 34.486 17.8059 -0.078449 0.559655 389.247 0 0
1500 49.9735 -52.5222 17.6209 -0.110187 -0.74757 389.262 0 0
1500 90.3488 -20.9543 18.479 0.579753 -0.346479 389.349 0 0
1500 121.405 28.202 17.6651 1.01727 0.448109 389.375 0 0
1500 70.9119 54.5806 17.923 0.265139 0.881104 389.468 0 0
1500 101.22 30.6885 17.7178 0.665308 0.498335 389.544 0 0
1500 116.495 -23.8664 17.6852 0.912125 -0.293746 389.615 0 0
1500 69.3965 -3.49628 18.5237 0.288662 -0.0766353 389.739 0 0
1500 53.8009 -20.8391 17.6386 -0.137875 -0.306255 389.759 0 0
1500 97.7881 7.97283 18.5809 0.725741 0.088933 389.835 0 0
1500 97.9252 -12.3646 17.6992 0.658931 -0.18659 389.913 0 0
1500 129.537 3.22805 17.7061 1.04318 0.0441207 389.953 0 0
1500 75.5127 -10.7232 17.8136 0.290305 -0.095818 390.016 0 0
1500 71.4861 3.59435 18.0156 0.314956 0.0445786 389.972 0 0
1500 76.5382 43.7198 17.6753 0.34448 0.645459 390.001 0 0
1500 -48.6151 -24.7797 17.6969 -1.61237 -0.420933 390.065 0 0
1500 -6.81906 19.7407 17.6474 -0.914589 0.296425 390.126 0 0
1500 111.892 -47.6863 17.6651 0.7699 -0.70093 390.141 0 0
1500 63.809 29.3345 17.7619 0.0336954 0.503132 390.225 0 0
1500 85.5046 8.89393 17.8184 0.426891 0.0865104 390.352 0 0
1500 43.2601 1.78999 17.665 -0.205264 0.099276 390.483 0 0
1500 0.143576 -6.42972 17.6233 -0.831978 -0.164717 390.618 0 0
1500 56.3065 -27.3187 17.6708 -0.0640538 -0.398296 390.657 0 0
1500 90.3269 6.82004 18.9461 0.629065 0.149011 390.651 0 0
1500 95.5218 -42.6146 17.8152 0.572803 -0.672919 390.746 0 0
1500 93.8195 52.4151 17.637 0.54639 0.803138 390.736 0 0
1500 71.3802 26.4446 17.8949 0.197754 0.450242 390.735 0 0
1500 115.498 -46.9602 17.7007 0.84108 -0.76423 390.736 0 0
1500 107.305 168.771 17.7617 0.733395 2.67134 390.791 0 0
1500 105.934 5.19316 17.7674 0.764314 0.117063 390.863 0 0
1500 64.1557 -75.0353 17.7191 0.135421 -1.18428 390.885 0 0
1500 33.9357 -37.7808 17.9073 -0.371237 -0.583467 390.995 0 0
1500 112.273 34.6196 17.7393 0.792575 0.586301 390.995 0 0
1500 -45.5219 15.2098 17.6815 -1.58661 0.191013 391.009 0 0
1500 99.6628 6.86436 17.7683 0.691571 0.06081 391.015 0 0
1500 80.315 -1.04737 18.6479 0.499626 -0.0396593 391.069 0 0
1500 25.2007 23.2936 17.7518 -0.510514 0.396273 391.057 0 0
1500 80.7128 10.6395 17.7408 0.392161 0.210318 391.218 0 0
1500 75.3002 28.4873 18.6774 0.391108 0.602298 391.46 0 0
1500 130.661 -18.0602 17.8029 1.2227 -0.255492 391.468 0 0
1500 103.831 16.1527 18.1456 0.76269 0.267855 391.661 0 0
1500 37.48 47.7402 17.756 -0.328787 0.744984 391.7 0 0
1500 82.6804 28.8651 17.7425 0.418386 0.475076 391.655 0 0
1500 49.9876 6.47163 18.1296 -0.15912 0.127457 391.715 0 0
1500 74.2802 54.9914 17.7843 0.292259 0.841677 391.799 0 0
1500 131.102 12.7871 18.1878 1.30209 0.191479 391.865 0 0
1500 103.541 -14.6314 17.6777 0.729303 -0.182245 391.956 0 0
1500 52.4551 45.1052 18.1628 -0.0653924 0.744176 392.059 0 0
1500 69.9489 -4.38985 18.181 0.249695 -0.00951161 392.08 0 0
1500 90.6311 -55.4091 17.7432 0.457567 -0.855611 392.077 0 0
1500 87.5178 0.919279 18.8904 0.648695 -0.0249237 392.052 0 0
1500 73.2114 18.2577 17.93 0.298068 0.323376 392.048 0 0
1500 84.8427 -18.2796 18.008 0.41653 -0.291028 392.119 0 0
1500 112.043 44.2087 17.8513 0.823253 0.692444 392.113 0 0
1500 108.649 -5.46428 17.6791 0.801189 -0.0484708 392.175 0 0
1500 7.85301 31.6518 17.7606 -0.75016 0.509223 392.225 0 0
1500 78.0176 -20.2434 17.8366 0.331504 -0.366641 392.27 0 0
1500 83.8614 -70.9485 17.8435 0.415877 -1.13825 392.293 0 0
1500 110.998 -5.64265 17.7469 0.823107 -0.0284491 392.381 0 0
1500 18.7692 -6.59586 17.8434 -0.600726 -0.148553 392.422 0 0
1500 61.9489 -17.6772 18.1565 0.116202 -0.282306 392.516 0 0
1500 73.3387 31.8162 17.752 0.23365 0.520011 392.606 0 0
1500 91.936 4.55944 18.4894 0.703825 0.119087 392.702 0 0
1500 27.1193 25.4672 17.7551 -0.418239 0.428856 392.84 0 0
1500 21.1302 59.1582 17.6656 -0.593489 0.837158 392.815 0 0
1500 39.0588 -51.9845 17.7357 -0.331951 -0.784037 392.861 0 0
1500 -6.43414 24.5281 17.6992 -0.968479 0.370521 393.018 0 0
1500 127.286 -13.4516 17.7166 1.03252 -0.175177 393.179 0 0
1500 113.633 18.8388 17.7757 0.869605 0.238725 393.235 0 0
1500 92.979 37.8858 17.9361 0.575583 0.59846 393.253 0 0
1500 -11.6271 1.18129 17.6754 -1.04675 0.0179058 393.46 0 0
1500 29.4556 14.6356 17.8321 -0.544651 0.223302 393.477 0 0
1500 -9.86637 10.0142 17.679 -0.973665 0.0900434 393.603 0 0
1500 105.459 18.2107 18.0141 0.775534 0.300375 393.596 0 0
1500 109.018 -42.0192 17.775 0.844844 -0.60647 393.721 0 0
1500 72.6658 66.4524 17.692 0.236079 0.96127 393.748 0 0
1500 49.0087 -6.70039 17.7597 -0.17691 -0.0412722 393.857 0 0
1500 82.0282 -5.70944 17.8033 0.42081 -0.0347727 393.999 0 0
1500 73.9916 -31.199 18.4156 0.320151 -0.510071 394.088 0 0
1500 50.5229 -17.3462 17.8345 -0.0495825 -0.275761 394.098 0 0
1500 77.8265 3.1674 17.8344 0.270128 0.108686 394.078 0 0
1500 85.1739 -6.32194 18.1143 0.475223 -0.159646 394.1 0 0
1500 63.1651 23.0374 17.7245 0.00119915 0.358697 394.388 0 0
1500 96.7403 -55.9933 17.756 0.589718 -0.801955 394.403 0 0
1500 2.80647 -21.5238 17.7024 -0.791612 -0.333817 394.536 0 0
1500 60.3198 7.39966 18.3928 0.0935287 0.171373 394.561 0 0
1500 -56.6006 -23.491 17.6828 -1.66075 -0.267117 394.647 0 0
1500 85.8813 64.1608 17.774 0.445052 0.947672 394.744 0 0
1500 86.0877 11.2396 18.5445 0.543231 0.214545 394.734 0 0
1500 51.0838 19.9675 17.9833 -0.141926 0.283468 394.785 0 0
1500 83.9068 -65.507 17.7695 0.42562 -0.956875 394.867 0 0
1500 115.79 -29.1981 17.7669 0.843722 -0.433956 394.889 0 0
1500 60.1248 -52.3445 17.7834 0.0906791 -0.813372 395.048 0 0
1500 109.015 -9.72695 17.7836 0.802866 -0.192109 395.082 0 0
1500 83.1369 0.913239 17.7831 0.44943 -0.0147285 394.941 0 0
1500 120.735 3.18246 17.7824 0.919961 0.0538883 395.245 0 0
1500 105.771 -47.3126 17.8023 0.736659 -0.685826 395.21 0 0
1500 115.159 40.6781 17.716 0.857958 0.595694 395.209 0 0
1500 67.125 -16.1423 17.8311 0.140961 -0.316278 395.25 0 0
1500 93.2305 27.5986 17.8301 0.574763 0.462288 395.409 0 0
1500 43.7613 -0.617262 18.058 -0.229714 0.0327714 395.546 0 0
1500 103.705 -10.6199 18.1194 0.822119 -0.110827 395.554 0 0
1500 58.8441 43.136 18.0043 0.0569451 0.698176 395.568 0 0
1500 47.5556 16.9591 18.2699 -0.145503 0.277955 395.623 0 0
1500 73.1295 -6.47238 18.4532 0.331342 -0.0778265 395.993 0 0
1500 67.4643 19.3018 18.0098 0.120596 0.299662 395.839 0 0
1500 88.9401 22.269 17.7514 0.443897 0.349151 396.013 0 0
1500 64.3112 27.1424 17.8104 0.101415 0.434096 395.842 0 0
1500 123.047 -24.3872 17.7844 0.972623 -0.3573 396.125 0 0
1500 115.524 -39.6369 17.7182 0.839993 -0.604629 396.057 0 0
1500 120.199 -27.0416 17.8004 0.951544 -0.408546 395.824 0 0
1500 88.5359 -10.6025 18.4092 0.530951 -0.221263 396.087 0 0
1500 96.481 47.1823 17.7853 0.619529 0.722623 396.019 0 0
1500 110.815 3.36515 17.8314 0.827655 0.106042 395.832 0 0
1500 88.7785 -17.2273 18.1059 0.564357 -0.228202 396.045 0 0
1500 43.3076 -23.3391 17.8778 -0.288867 -0.440707 396.195 0 0
1500 52.2079 -27.0665 17.816 -0.047152 -0.415322 396.246 0 0
1500 94.1449 1.81682 17.934 0.598029 -0.0354259 396.248 0 0
1500 31.9134 7.93763 17.9345 -0.502587 0.13165 396.299 0 0
1500 39.1151 -1.62333 17.8686 -0.336057 0.0142035 396.331 0 0
1500 70.541 -33.3415 18.0593 0.263264 -0.549897 396.39 0 0
1500 50.0167 16.871 17.974 -0.0643085 0.321605 396.481 0 0
1500 49.6442 1.56314 18.0456 -0.134731 -0.0344653 396.523 0 0
1500 90.9932 20.4124 17.7974 0.505467 0.280664 396.626 0 0
1500 36.8661 -31.4182 17.9794 -0.34189 -0.524217 396.653 0 0
1500 127.656 17.0882 17.9332 1.10855 0.334494 396.644 0 0
1500 89.7917 57.0793 17.7774 0.531747 0.836722 396.683 0 0
1500 72.3501 -27.6904 18.4154 0.297838 -0.466601 396.694 0 0
1500 7.44146 -41.5057 17.7587 -0.776337 -0.643504 396.688 0 0
1500 86.078 -1.22935 19.1625 0.593676 0.0416057 396.776 0 0
1500 33.7843 -21.0719 18.3194 -0.397584 -0.410932 396.773 0 0
1500 38.8511 65.0752 17.7547 -0.26509 0.997638 396.855 0 0
1500 95.2045 41.8336 17.7294 0.499267 0.676485 396.811 0 0
1500 77.5838 -43.9704 17.7939 0.278349 -0.72548 396.923 0 0
1500 87.0414 31.6236 18.0386 0.478246 0.534272 397.107 0 0
1500 42.7091 -38.1741 17.8086 -0.271216 -0.629471 397.071 0 0
1500 27.2203 39.0155 17.9614 -0.467751 0.695885 397.13 0 0
1500 67.8599 -1.3735 18.7596 0.294026 -0.0335118 397.174 0 0
1500 74.517 -3.02245 18.7572 0.402798 -0.108204 397.208 0 0
1500 71.7688 47.491 17.8418 0.227099 0.775058 397.283 0 0
1500 70.1104 6.69061 18.0108 0.1447 0.13262 397.318 0 0
1500 64.3862 -23.5835 17.9529 0.0845456 -0.37034 397.626 0 0
1500 36.2202 17.0589 18.0086 -0.363436 0.287202 397.649 0 0
1500 40.9073 40.1275 17.7469 -0.225973 0.671161 397.559 0 0
1500 103.136 -3.07322 17.8863 0.669074 -0.0364128 397.697 0 0
1500 85.694 36.9623 17.7737 0.381722 0.559446 397.808 0 0
1500 36.1184 12.5847 17.9579 -0.423159 0.213198 397.811 0 0
1500 83.2475 2.22804 18.1564 0.434476 0.02238 397.909 0 0
1500 87.2276 -14.5938 18.9554 0.625769 -0.208043 397.937 0 0
1500 77.3181 15.9036 19.1161 0.416488 0.245578 397.951 0 0
1500 67.507 -1.27892 18.0002 0.208089 0.00931413 397.955 0 0
1500 41.15 -35.8076 17.836 -0.35065 -0.594607 398.073 0 0
1500 105.975 -24.1087 18.0235 0.804772 -0.481541 398.052 0 0
1500 47.4249 40.8306 18.0062 -0.194245 0.638428 398.14 0 0
1500 -4.7766 -25.2019 17.7342 -0.96324 -0.310839 398.169 0 0
1500 86.5302 -26.78 17.9571 0.425352 -0.470343 398.198 0 0
1500 26.1179 40.0066 17.8817 -0.492874 0.712167 398.218 0 0
1500 84.75 8.35422 18.2748 0.45349 0.145181 398.222 0 0
1500 46.4108 -26.6688 17.9619 -0.137992 -0.414626 398.316 0 0
1500 61.2319 5.74647 18.5037 0.084537 0.12626 398.287 0 0
1500 132.599 14.8234 18.1408 1.37531 0.251178 398.292 0 0
1500 106.182 49.6021 17.8116 0.734785 0.732945 398.344 0 0
1500 125.435 -23.5745 18.2934 1.16898 -0.451777 398.606 0 0
1500 34.5393 65.0148 17.7963 -0.354388 0.986565 398.524 0 0
1500 126.999 0.175703 17.801 1.04796 -0.0244244 398.565 0 0
1500 37.6223 59.7159 17.7648 -0.270705 0.94233 398.476 0 0
1500 104.989 -16.2368 17.8552 0.776556 -0.206255 398.428 0 0
1500 126.008 -37.9057 17.8374 1.0987 -0.558058 398.547 0 0
1500 50.9776 -14.6548 18.2757 -0.0933379 -0.208778 398.662 0 0
1500 43.8162 63.0775 17.8453 -0.182554 0.985429 398.665 0 0
1500 55.3254 28.5252 18.2122 -0.0299754 0.497173 398.699 0 0
1500 60.9434 34.1281 17.8604 0.0915408 0.500139 398.746 0 0
1500 11.5966 48.3765 17.7959 -0.677923 0.76636 398.75 0 0
1500 114.377 -3.84897 18.0718 0.926095 -0.0568898 398.746 0 0
1500 37.6664 -65.9462 17.8444 -0.2847 -1.00753 398.854 0 0
1500 37.3578 -35.9962 17.8391 -0.328286 -0.509251 398.815 0 0
1500 13.0931 -49.4713 17.7997 -0.661019 -0.785231 398.805 0 0
1500 78.0559 71.8389 17.798 0.365574 1.16787 398.924 0 0
1500 127.107 22.9847 17.9543 1.19903 0.341873 398.928 0 0
1500 5.24734 -14.262 17.9011 -0.856231 -0.208954 399.217 0 0
1500 99.587 21.1806 18.4347 0.843787 0.331646 399.186 0 0
1500 70.4081 -53.6568 17.8962 0.238703 -0.829113 399.33 0 0
1500 70.7276 -1.20101 18.2587 0.291073 0.00132741 399.419 0 0
1500 -9.49641 14.7167 17.7449 -1.0131 0.26427 399.44 0 0
1500 -10.005 12.6531 17.745 -1.02014 0.234781 399.456 0 0
1500 60.5725 50.3144 17.8478 0.0288468 0.824161 399.384 0 0
1500 81.0242 2.28332 18.2547 0.408606 0.0586785 399.499 0 0
1500 104.491 -18.3623 18.391 0.825428 -0.350024 399.503 0 0
1500 68.7097 23.4817 18.1503 0.17505 0.369745 399.552 0 0
1500 116.3 27.376 17.8178 0.874654 0.392207 399.737 0 0
1500 114.539 17.5103 17.7763 0.852921 0.334354 399.945 0 0
1500 89.1105 -5.27622 17.96 0.565694 -0.0897681 399.978 0 0
1500 96.9408 15.586 18.8496 0.812093 0.232746 400.026 0 0
1500 90.345 -11.6106 18.8688 0.680297 -0.287756 399.879 0 0
1500 51.5731 28.3148 17.8022 -0.03301 0.415003 400.111 0 0
1500 82.85 -23.7283 17.9921 0.477492 -0.3509 400.152 0 0
1500 4.00019 5.69335 17.7741 -0.884677 0.096284 400.247 0 0
1500 83.4445 22.2159 17.9095 0.459023 0.383428 400.245 0 0
1500 78.945 8.22462 18.4803 0.372026 0.1651 400.359 0 0
1500 114.631 15.7175 17.8298 0.844382 0.229577 400.362 0 0
1500 72.1298 -16.7058 18.5525 0.296703 -0.315823 400.355 0 0
1500 77.2141 -52.6956 17.7942 0.221736 -0.825741 400.354 0 0
1500 -10.8442 -1.79636 17.8445 -1.04732 -0.0311697 400.508 0 0
1500 31.1552 52.9328 17.7736 -0.476363 0.799955 400.519 0 0
1500 65.8516 16.17 17.9043 0.117607 0.322754 400.516 0 0
1500 18.5478 43.0881 17.7829 -0.610818 0.602998 400.627 0 0
1500 45.9338 5.91738 18.1671 -0.268891 0.0378564 400.577 0 0
1500 35.5556 -5.67638 18.0284 -0.338273 -0.0817306 400.742 0 0
1500 10.5652 -18.0525 18.3338 -0.899173 -0.363902 400.742 0 0
1500 83.8011 -33.689 17.7911 0.466096 -0.50201 400.792 0 0
1500 21.0154 -55.1075 17.822 -0.530018 -0.840448 400.964 0 0
1500 81.9769 -0.503889 18.4773 0.449493 -0.0107172 400.933 0 0
1500 12.8169 48.3384 17.8483 -0.668429 0.776001 400.992 0 0
1500 11.6179 11.6879 17.953 -0.744677 0.146811 400.954 0 0
1500 124.288 28.5947 17.8331 1.05703 0.379685 400.848 0 0
1500 61.1238 -59.0718 17.9005 0.0479466 -0.927687 401.087 0 0
1500 -6.0142 35.1811 17.7791 -1.0191 0.497127 401.095 0 0
1500 63.6325 -14.5521 17.9557 0.0434315 -0.268792 401.084 0 0
1500 42.9293 65.1483 17.787 -0.185676 0.983394 401.15 0 0
1500 68.2498 -3.99751 17.8677 0.242793 -0.0671995 401.195 0 0
1500 110.709 -30.2947 17.9683 0.81716 -0.531195 401.225 0 0
1500 36.2676 0.698276 18.0888 -0.391238 -0.0120017 401.35 0 0
1500 112.716 14.1568 18.2328 0.929346 0.310499 401.372 0 0
1500 122.775 -10.4742 17.9492 1.02072 -0.18285 401.376 0 0
1500 114.057 38.1201 17.7787 0.828159 0.628085 401.37 0 0
1500 93.121 23.1774 17.9123 0.524738 0.363843 401.697 0 0
1500 61.4033 67.82 17.8315 0.0465481 1.04129 401.614 0 0
1500 97.4476 -27.6704 17.8837 0.623616 -0.489939 401.702 0 0
1500 22.1991 19.0268 17.9493 -0.585245 0.243002 401.732 0 0
1500 99.1181 -13.3645 17.8239 0.635191 -0.14198 401.835 0 0
1500 21.5761 -4.55012 18.1813 -0.630699 -0.129581 401.918 0 0
1500 74.7649 -33.7217 18.185 0.292557 -0.577055 401.967 0 0
1500 87.1612 10.5271 17.9221 0.442218 0.192828 402.111 0 0
1500 86.0643 -39.4803 18.0324 0.442808 -0.663587 402.029 0 0
1500 37.4912 51.3311 17.8929 -0.308899 0.840037 402.159 0 0
1500 25.0521 -2.23175 17.84 -0.561794 -0.0816291 402.1 0 0
1500 98.2919 39.7327 18.0023 0.667357 0.738307 402.266 0 0
1500 107.584 22.4498 19.2189 1.06645 0.410943 402.228 0 0
1500 85.5297 -39.6129 18.2394 0.502092 -0.644234 402.332 0 0
1500 81.9244 -47.7327 17.8456 0.317013 -0.722544 402.403 0 0
1500 68.316 -26.3296 17.8708 0.204914 -0.378988 402.488 0 0
1500 120.718 56.4279 17.8553 0.975998 0.883424 402.391 0 0
1500 88.9161 -32.0951 17.8287 0.428866 -0.551251 402.404 0 0
1500 47.4696 58.2916 17.9248 -0.109346 0.996503 402.374 0 0
1500 90.1123 -33.1945 19.2266 0.76682 -0.777216 402.34 0 0
1500 12.044 -27.0834 17.9056 -0.740313 -0.445038 402.539 0 0
1500 54.7619 0.286062 18.2922 -0.0834379 0.0595178 402.636 0 0
1500 87.7492 -3.32857 18.3077 0.507507 -0.0266774 402.769 0 0
1500 47.4424 0.80192 18.0484 -0.198274 -0.0239066 402.864 0 0
1500 30.9053 -46.7003 18.1577 -0.426295 -0.845596 402.881 0 0
1500 92.4735 3.20905 18.2369 0.627639 0.0962031 402.967 0 0
1500 29.6999 -24.433 17.9533 -0.524564 -0.475304 403.065 0 0
1500 8.83585 -34.3795 17.9414 -0.770883 -0.554571 403.185 0 0
1500 8.0238 27.445 17.7917 -0.740803 0.48748 403.243 0 0
1500 25.6314 -44.8787 17.8232 -0.527643 -0.735478 403.343 0 0
1500 80.0225 -12.089 18.9655 0.460438 -0.188542 403.642 0 0
1500 43.8737 -6.02746 18.0386 -0.188033 -0.14222 403.581 0 0
1500 -3.83609 -15.2135 17.9028 -0.96351 -0.262958 403.573 0 0
1500 70.3231 0.0928764 18.1698 0.299669 -0.0338398 403.581 0 0
1500 76.9598 -10.6072 17.8602 0.294212 -0.201092 403.675 0 0
1500 16.5396 31.2876 17.8248 -0.602644 0.478057 403.736 0 0
1500 61.4635 -14.3091 17.8732 0.0353446 -0.258736 403.741 0 0
1500 47.7826 -0.112455 18.1638 -0.185419 0.000965168 403.801 0 0
1500 116.13 17.107 18.2691 1.13615 0.380756 403.785 0 0
1500 57.8346 31.4533 17.8806 -0.0488066 0.552309 403.891 0 0
1500 77.1625 -43.8052 18.287 0.385176 -0.786552 403.901 0 0
1500 105.468 -4.77955 18.3385 0.817819 -0.122504 404.025 0 0
1500 101.562 -9.64032 18.1802 0.734577 -0.207402 403.943 0 0
1500 121.014 -18.0008 18.323 1.10411 -0.357881 403.954 0 0
1500 121.204 -22.8119 18.5872 1.35096 -0.483773 404.024 0 0
1500 6.86126 -45.1728 17.7975 -0.73318 -0.721183 404.085 0 0
1500 83.3357 -15.6182 18.0558 0.48154 -0.223058 404.104 0 0
1500 78.6576 38.1177 17.7944 0.388304 0.578746 404.044 0 0
1500 21.1944 31.4758 18.0062 -0.642992 0.472108 404.145 0 0
1500 65.8959 24.7399 18.0447 0.15519 0.393989 404.16 0 0
1500 115.824 -35.5392 17.8816 0.868195 -0.586657 404.176 0 0
1500 89.0796 1.50489 18.0225 0.508601 0.0111214 404.306 0 0
1500 40.3601 -7.69428 18.1207 -0.243916 -0.154036 404.569 0 0
1500 151.535 41.4339 17.7813 1.39381 0.561052 404.354 0 0
1500 121.169 2.55827 17.9492 1.01449 0.0095111 404.331 0 0
1500 23.6193 55.3601 17.7893 -0.496703 0.891966 404.452 0 0
1500 89.5568 -13.9153 18.0583 0.581357 -0.191094 404.592 0 0
1500 89.6308 17.8442 17.9081 0.507383 0.347703 404.523 0 0
1500 114.547 -5.74036 18.2823 1.02155 -0.126528 404.564 0 0
1500 81.1557 -41.6425 17.9772 0.362551 -0.712207 404.715 0 0
1500 73.0072 -8.58873 17.9394 0.18167 -0.176396 404.757 0 0
1500 120.696 19.2212 17.8641 0.994199 0.246323 405.059 0 0
1500 112.64 -39.8643 17.7947 0.86265 -0.541602 404.927 0 0
1500 96.2789 5.45041 18.0564 0.680687 0.101293 404.813 0 0
1500 83.7886 14.0756 18.0357 0.495167 0.223687 404.809 0 0
1500 41.0183 -18.3662 17.9362 -0.311028 -0.326078 405.013 0 0
1500 83.5624 -5.47011 18.0261 0.491361 -0.0444581 404.84 0 0
1500 112.881 -49.2132 19.0599 1.13094 -0.970541 405.117 0 0
1500 50.7476 13.2339 18.1504 -0.109813 0.221439 405.344 0 0
1500 98.0542 1.49278 17.9943 0.628147 -0.00954621 405.311 0 0
1500 122.695 -7.45378 17.8643 1.02146 -0.146237 405.205 0 0
1500 98.1641 5.0287 18.0313 0.708629 0.0855416 405.28 0 0
1500 84.6631 29.7809 18.0322 0.505605 0.459843 405.18 0 0
1500 150.097 48.0025 17.849 1.49069 0.693361 405.166 0 0
1500 106.771 -35.4923 17.8905 0.760255 -0.634114 405.276 0 0
1500 103.556 -2.54855 18.0321 0.800779 0.0087142 405.206 0 0
1500 67.5053 -15.2559 18.0506 0.205541 -0.247914 405.431 0 0
1500 65.4778 -67.7704 17.824 0.0685565 -1.04501 405.526 0 0
1500 47.3486 -66.6553 17.8239 -0.195156 -1.02921 405.499 0 0
1500 80.8011 -11.7575 18.85 0.473037 -0.145387 405.597 0 0
1500 96.1115 15.3854 18.0368 0.65325 0.289499 405.61 0 0
1500 116.875 -30.5902 17.9531 0.931858 -0.467694 405.759 0 0
1500 -3.26291 -28.7763 17.8251 -0.92818 -0.476481 405.74 0 0
1500 95.4276 48.5327 17.8279 0.632501 0.742216 405.678 0 0
1500 103.553 -43.3356 17.7861 0.750076 -0.650808 405.709 0 0
1500 102.453 2.28082 18.1679 0.782737 0.038113 405.797 0 0
1500 103.504 -23.6579 17.96 0.771897 -0.325669 405.76 0 0
1500 104.156 -5.88654 17.8167 0.776279 -0.0662647 405.72 0 0
1500 64.4892 50.0818 17.8158 0.169823 0.787645 405.833 0 0
1500 65.2973 5.7465 17.9336 0.118667 0.166584 405.871 0 0
1500 61.5193 -4.14096 18.0528 0.13282 -0.0625266 406.017 0 0
1500 75.0066 7.87291 17.9771 0.301995 0.0678778 405.887 0 0
1500 65.5396 63.4054 17.8368 0.127281 1.01037 405.93 0 0
1500 70.774 7.65432 17.9698 0.161987 0.170936 405.95 0 0
1500 94.2664 -42.5054 17.8517 0.626279 -0.63288 406.006 0 0
1500 94.1838 -36.0713 17.8686 0.617491 -0.587084 406.049 0 0
1500 61.8666 -16.6753 18.5696 0.147177 -0.320318 406.086 0 0
1500 81.656 -42.5082 18.0819 0.45247 -0.675986 406.254 0 0
1500 68.5959 80.8537 18.0618 0.163833 1.43291 406.498 0 0
1500 116.43 -18.4893 17.9555 0.952226 -0.244237 406.751 0 0
1500 40.6967 49.5727 17.8512 -0.335146 0.770078 406.812 0 0
1500 95.8997 -1.35882 18.0161 0.627585 -0.100657 406.828 0 0
1500 -49.4026 -74.5374 17.8815 -1.83014 -1.19045 406.727 0 0
1500 112.419 -22.1802 17.8271 0.887417 -0.363625 406.848 0 0
1500 76.8558 38.557 17.9212 0.293613 0.665777 406.861 0 0
1500 90.4122 51.7922 18.0283 0.554053 0.820067 407.175 0 0
1500 113.087 6.24087 17.8713 0.831386 0.1359 407.189 0 0
1500 -3.39485 -17.1107 17.8692 -0.926586 -0.283315 407.244 0 0
1500 88.0189 -26.5245 18.5984 0.557542 -0.458293 407.256 0 0
1500 61.3882 -63.742 17.826 0.11977 -0.983858 407.154 0 0
1500 104.03 20.9499 17.9181 0.705686 0.394612 407.181 0 0
1500 39.7322 -34.782 17.981 -0.316401 -0.651164 407.203 0 0
1500 46.485 -29.3919 18.1334 -0.256907 -0.563355 407.207 0 0
1500 100.142 -32.4183 17.9413 0.629029 -0.53627 407.299 0 0
1500 61.5937 -10.2116 17.9827 0.122537 -0.180377 407.434 0 0
1500 68.8574 46.6792 17.8872 0.200821 0.705197 407.309 0 0
1500 78.3158 -0.286515 18.3976 0.406141 0.065115 407.358 0 0
1500 92.843 -37.2446 18.0101 0.53645 -0.636467 407.384 0 0
1500 99.2895 -22.4997 17.8303 0.692037 -0.394049 407.391 0 0
1500 50.8159 -4.67557 17.8662 -0.174996 -0.117908 407.333 0 0
1500 13.4762 -36.2378 17.859 -0.74371 -0.552536 407.509 0 0
1500 126.3 17.1831 17.8236 1.11657 0.212922 407.6 0 0
1500 4.2481 30.2913 18.1351 -0.983169 0.579683 407.53 0 0
1500 6.29555 35.1001 17.8419 -0.803406 0.591991 407.652 0 0
1500 44.105 17.3853 18.0728 -0.220649 0.335511 407.764 0 0
1500 85.6882 -12.69 18.2574 0.542782 -0.218684 407.927 0 0
1500 114.621 -43.9507 17.8541 0.967756 -0.65854 408.084 0 0
1500 90.7305 26.1612 17.9697 0.592073 0.423414 408.164 0 0
1500 29.4829 57.8281 17.8478 -0.39188 0.895878 408.347 0 0
1500 60.7425 47.4942 17.8181 0.0499616 0.733789 408.295 0 0
1500 120.23 5.60679 17.9131 1.00342 0.0458729 408.49 0 0
1500 116.454 -2.75218 18.0187 0.968416 -0.0604792 408.606 0 0
1500 111.831 -16.9086 18.0199 0.902604 -0.272325 408.378 0 0
1500 47.8237 -19.6803 17.9206 -0.221044 -0.288216 408.461 0 0
1500 106.222 29.4852 18.0307 0.767531 0.532521 408.505 0 0
1500 45.2983 -50.194 17.8966 -0.279357 -0.804854 408.41 0 0
1500 76.2251 11.3381 18.0124 0.379657 0.186287 408.71 0 0
1500 92.6043 34.1825 18.0604 0.519076 0.585578 408.743 0 0
1500 61.5929 58.5764 17.8811 0.0862775 0.952816 408.728 0 0
1500 98.9103 -32.7817 17.8665 0.68968 -0.545261 408.734 0 0
1500 48.665 31.6317 17.9161 -0.206822 0.497786 408.865 0 0
1500 46.8931 -17.3521 18.1416 -0.176491 -0.396926 408.779 0 0
1500 23.5976 2.52033 17.8602 -0.514837 -0.0217655 408.949 0 0
1500 18.311 -1.54702 17.8216 -0.591746 -0.0808886 409.029 0 0
1500 105.72 24.9022 17.9618 0.811431 0.399126 408.984 0 0
1500 86.4318 -4.22227 18.2388 0.5613 -0.0696154 408.969 0 0
1500 42.1935 -14.5716 18.2039 -0.277596 -0.323057 408.952 0 0
1500 48.0486 7.81197 18.1119 -0.192053 0.0989692 409.113 0 0
1500 30.9329 24.8009 17.9136 -0.475921 0.391818 409.127 0 0
1500 0.37169 22.1102 17.8582 -0.946673 0.28306 409.173 0 0
1500 93.7862 19.1023 18.2601 0.591425 0.30464 409.29 0 0
1500 114.644 -25.2597 17.8334 0.927955 -0.369575 409.274 0 0
1500 36.4661 -66.4788 17.8766 -0.307954 -1.07155 409.328 0 0
1500 115.584 33.9079 17.8299 0.898809 0.460937 409.526 0 0
1500 118.367 -23.8048 17.8681 0.936024 -0.381855 409.415 0 0
1500 61.9042 -61.7824 17.91 0.0801915 -0.998643 409.401 0 0
1500 109.471 27.6722 19.0459 1.149 0.622484 409.487 0 0
1500 117.225 14.83 17.9659 0.921892 0.238921 409.832 0 0
1500 160.162 71.7486 17.806 1.58643 1.13856 410.031 0 0
1500 68.6625 -41.7579 17.8236 0.0867749 -0.662344 410.058 0 0
1500 75.4836 -56.1498 17.8978 0.24029 -0.864479 410.199 0 0
1500 5.75615 -41.9135 17.9255 -0.812159 -0.662523 410.463 0 0
1500 79.4714 -37.5236 18.137 0.351698 -0.643629 410.57 0 0
1500 50.9803 -21.0119 18.2032 -0.118093 -0.368905 410.45 0 0
1500 108.054 11.7401 17.8678 0.778739 0.173682 410.743 0 0
1500 108.477 43.3432 17.8571 0.815352 0.644767 410.766 0 0
1500 13.7833 25.8179 17.816 -0.755756 0.380981 410.747 0 0
1500 68.1894 -8.79975 18.2189 0.243746 -0.225406 410.83 0 0
1500 105.503 12.2788 17.8927 0.725975 0.218592 410.987 0 0
1500 126.18 -40.6047 17.9129 1.17486 -0.665118 410.934 0 0
1500 97.3528 -2.57876 18.0682 0.635523 -0.0567743 411.315 0 0
1500 15.8994 -8.70133 17.8732 -0.631616 -0.174424 411.407 0 0
1500 83.4552 -3.86974 18.8577 0.546819 -0.119492 411.396 0 0
1500 40.2987 -55.3252 17.8174 -0.21508 -0.872912 411.364 0 0
1500 114.517 -12.0425 17.9027 0.923804 -0.201151 411.344 0 0
1500 117.133 19.9079 17.8026 0.912244 0.373403 411.633 0 0
1500 67.5862 -37.5927 18.0601 0.20021 -0.646965 411.499 0 0
1500 73.3695 -1.86009 18.0908 0.303819 -0.00800541 411.746 0 0
1500 115.617 26.1247 17.8343 0.907875 0.388875 411.816 0 0
1500 94.8504 54.6625 17.8346 0.569245 0.870949 411.892 0 0
1500 99.1783 -57.4373 17.8153 0.563879 -0.916785 411.807 0 0
1500 53.2276 21.1401 18.4964 -0.0470843 0.359843 411.931 0 0
1500 54.567 39.3766 18.0489 -0.050898 0.673787 411.94 0 0
1500 83.3577 28.4775 17.9979 0.445773 0.504771 411.752 0 0
1500 98.2134 25.2805 18.177 0.674467 0.471719 411.786 0 0
1500 47.3631 -15.6487 17.8575 -0.12806 -0.313389 411.892 0 0
1500 63.0323 55.1661 17.829 0.0430121 0.894253 412.036 0 0
1500 88.4485 28.2152 18.0485 0.466961 0.502864 411.973 0 0
1500 79.2932 36.4984 17.9955 0.382274 0.625905 411.949 0 0
1500 28.2906 32.0159 18.0473 -0.451719 0.560018 412.082 0 0
1500 81.5981 54.346 18.0392 0.408745 0.881564 412.105 0 0
1500 76.4686 2.94082 18.6116 0.437607 -0.00207575 412.165 0 0
1500 83.02 -19.0469 19.0209 0.501136 -0.389053 412.159 0 0
1500 98.7064 42.5591 17.8284 0.575863 0.702947 412.256 0 0
1500 107.395 7.81775 18.6655 1.0119 0.210082 412.335 0 0
1500 95.9529 -19.3849 18.4575 0.644086 -0.362952 412.486 0 0
1500 98.3478 -39.5451 18.0803 0.676571 -0.65562 412.506 0 0
1500 31.1939 51.5838 17.9422 -0.461126 0.804983 412.411 0 0
1500 20.7106 57.8107 17.8821 -0.667224 0.892275 412.452 0 0
1500 106.547 42.5355 17.9871 0.795057 0.72017 412.533 0 0
1500 67.2877 38.8721 17.8781 0.216475 0.659402 412.529 0 0
1500 119.095 21.1332 17.8524 0.916312 0.360311 412.856 0 0
1500 102.545 -49.6223 17.8977 0.701403 -0.755604 412.638 0 0
1500 103.92 30.4211 17.8414 0.7277 0.444668 412.823 0 0
1500 107.788 -42.1665 17.8893 0.801153 -0.672661 412.571 0 0
1500 34.2896 46.957 18.0412 -0.356983 0.780987 412.67 0 0
1500 83.5398 -36.9254 17.9661 0.443449 -0.631899 412.614 0 0
1500 76.5885 28.0838 17.8508 0.293139 0.437685 413.227 0 0
1500 58.6059 -40.5485 17.8409 0.0622784 -0.61585 413.224 0 0
1500 -2.4395 15.8717 17.9386 -0.960663 0.26299 413.009 0 0
1500 77.2347 -9.09767 17.9645 0.367504 -0.0825088 413.089 0 0
1500 50.8275 4.67146 17.9025 -0.106044 0.151189 413.247 0 0
1500 46.6147 -15.4744 18.0354 -0.147384 -0.281097 413.685 0 0
1500 26.7939 -50.0421 17.8188 -0.452975 -0.83238 413.615 0 0
1500 34.1218 48.9435 17.7982 -0.35848 0.823589 413.679 0 0
1500 62.0692 -21.2507 18.168 0.123849 -0.400238 413.678 0 0
1500 32.3119 -41.2746 17.8431 -0.364598 -0.704721 413.644 0 0
1500 83.1062 -45.2167 17.939 0.448184 -0.742498 413.698 0 0
1500 25.1449 -33.6171 17.9113 -0.546428 -0.56971 413.742 0 0
1500 119.182 81.9973 17.8258 1.01049 1.23404 413.822 0 0
1500 113.257 7.25633 18.2222 1.07026 0.109226 413.784 0 0
1500 118.081 -0.907172 17.8354 0.948029 -0.0803408 413.901 0 0
1500 73.834 -12.8197 18.0472 0.30885 -0.194969 413.945 0 0
1500 62.7736 -92.8867 17.8372 0.048988 -1.45837 413.971 0 0
1500 95.3128 65.391 17.9229 0.613449 1.06 413.963 0 0
1500 73.7162 11.1755 18.2272 0.301393 0.246646 414.038 0 0
1500 76.0791 -24.2151 17.8794 0.213423 -0.405732 413.984 0 0
1500 97.7246 26.904 18.0013 0.653551 0.391723 414.395 0 0
1500 93.8843 -48.7472 17.8334 0.578216 -0.801573 414.237 0 0
1500 93.7375 48.1302 17.7943 0.547914 0.804312 414.236 0 0
1500 46.3868 -53.4818 17.9064 -0.219367 -0.866982 414.265 0 0
1500 50.5987 37.4763 17.9353 -0.177851 0.590716 414.225 0 0
1500 28.8967 5.25755 17.8267 -0.482127 0.0715524 414.653 0 0
1500 93.2172 19.7233 17.8416 0.53408 0.338649 414.559 0 0
1500 111.487 -38.1976 17.8072 0.856048 -0.603901 414.587 0 0
1500 86.2895 52.3074 18.0096 0.435814 0.860255 414.661 0 0
1500 71.2152 61.6859 17.7915 0.204837 1.00096 414.814 0 0
1500 11.5961 -36.2433 17.9032 -0.743083 -0.601162 414.694 0 0
1500 103.262 -14.5318 17.9081 0.762934 -0.199193 415.194 0 0
1500 77.3637 -45.1259 18.0808 0.379735 -0.735671 414.985 0 0
1500 80.099 -33.8725 18.0514 0.429702 -0.559217 414.475 0 0
1500 -0.714274 -65.6638 17.814 -0.942107 -1.05401 414.883 0 0
1500 19.9607 39.8126 17.8813 -0.573022 0.682028 414.983 0 0
1500 74.779 25.6384 18.1386 0.368979 0.416267 414.747 0 0
1500 53.3523 7.26282 18.1092 -0.0743898 0.179441 414.513 0 0
1500 87.879 -9.63437 17.9819 0.483517 -0.225897 414.7 0 0
1500 93.3454 22.2084 17.8891 0.621747 0.371985 415.169 0 0
1500 55.3455 -10.5336 17.8942 -0.0954174 -0.215106 414.599 0 0
1500 54.8569 -33.1009 17.9112 -0.117395 -0.512136 415.12 0 0
1500 91.6758 -8.52126 18.2625 0.654577 -0.0960247 414.663 0 0
1500 35.1596 -17.1722 18.1134 -0.409881 -0.221014 415.192 0 0
1500 112.689 19.3563 17.9865 0.865003 0.36375 415.408 0 0
1500 96.9847 -41.8815 17.8091 0.658357 -0.600961 415.391 0 0
1500 78.6664 -32.9657 17.885 0.266468 -0.560188 415.234 0 0
1500 75.0655 -38.7995 17.8828 0.210159 -0.648706 415.41 0 0
1500 56.296 14.1302 17.8956 -0.083784 0.175197 415.366 0 0
1500 136.3 33.3933 18.0018 1.36649 0.536889 415.387 0 0
1500 122.273 -54.4611 17.9062 1.12221 -0.945551 415.485 0 0
1500 100.818 49.8553 17.973 0.686558 0.788896 415.635 0 0
1500 127.451 32.284 17.9029 1.10579 0.52906 415.556 0 0
1500 80.7244 -1.56632 17.9115 0.373972 -0.0715236 415.655 0 0
1500 88.3627 58.794 17.79 0.455762 0.94373 415.787 0 0
1500 93.0079 11.4418 18.448 0.633633 0.238301 415.812 0 0
1500 95.5927 45.7629 17.9291 0.624382 0.747745 416.056 0 0
1500 138.627 27.8472 18.0018 1.40104 0.441403 415.669 0 0
1500 73.3996 55.5378 17.8798 0.310051 0.872049 416.14 0 0
1500 61.1225 63.3291 17.9822 0.0876631 1.01356 416.205 0 0
1500 44.0956 55.132 17.8836 -0.279608 0.850655 416.234 0 0
1500 87.7647 -47.8635 17.8743 0.401194 -0.778937 416.215 0 0
1500 18.9195 51.9386 17.8739 -0.577592 0.849985 416.266 0 0
1500 82.8773 48.7909 17.9461 0.409008 0.812229 416.327 0 0
1500 46.4607 1.70001 17.9443 -0.225022 -0.0257489 416.274 0 0
1500 106.992 37.7695 17.8988 0.773904 0.586604 416.654 0 0
1500 70.2897 -63.501 17.832 0.214675 -0.988974 416.593 0 0
1500 107.469 -20.6033 17.9049 0.809906 -0.284653 416.525 0 0
1500 110.585 14.0319 18.1842 0.904035 0.193939 416.455 0 0
1500 82.3912 -18.8289 18.3592 0.512783 -0.280736 416.56 0 0
1500 121.629 19.0375 18.0921 1.0718 0.37529 416.675 0 0
1500 52.9583 43.9762 18.0611 -0.0152445 0.73908 416.823 0 0
1500 123.936 -13.3651 18.113 1.1703 -0.19647 416.815 0 0
1500 54.4188 4.7317 17.8294 -0.0331257 0.133121 417.028 0 0
1500 123.025 9.24646 17.7944 0.948923 0.205819 417.212 0 0
1500 24.6075 -10.2405 18.0521 -0.539556 -0.21056 417.219 0 0
1500 71.4657 42.252 17.8616 0.142464 0.688217 417.189 0 0
1500 58.9021 -13.4924 18.1501 0.0360249 -0.25323 417.313 0 0
1500 89.8163 37.7589 17.8081 0.44605 0.608329 417.38 0 0
1500 100.344 -43.0964 17.9349 0.670334 -0.670388 417.612 0 0
1500 115.855 -5.90311 17.8392 0.86366 -0.147445 417.766 0 0
1500 110.052 -44.1101 17.7961 0.753812 -0.727611 417.5 0 0
1500 11.9863 -45.3251 17.8822 -0.738252 -0.719845 417.625 0 0
1500 -6.18246 14.3716 17.8664 -1.01091 0.166565 417.526 0 0
1500 64.0139 -44.6229 18.0464 0.0649837 -0.733232 417.681 0 0
1500 69.7584 48.2903 17.9283 0.181795 0.818656 417.758 0 0
1500 53.5506 31.1197 17.9146 -0.116825 0.534325 417.356 0 0
1500 53.742 39.0402 17.9107 -0.113333 0.654023 417.655 0 0
1500 51.1913 5.11031 17.8608 -0.135801 0.152357 417.536 0 0
1500 111.848 46.3319 17.808 0.805444 0.733784 417.886 0 0
1500 19.9705 -53.8424 17.7966 -0.578262 -0.863796 418.149 0 0
1500 -2.15692 -30.3603 17.7963 -0.90622 -0.519877 417.96 0 0
1500 108.051 14.3763 18.346 0.882843 0.215871 417.828 0 0
1500 4.97387 -39.7734 17.8812 -0.83569 -0.631732 418.194 0 0
1500 17.6909 -32.4526 17.9264 -0.671675 -0.461477 418.173 0 0
1500 109.678 -42.6216 17.8269 0.881832 -0.654251 417.997 0 0
1500 118.76 -28.6461 17.8259 1.02993 -0.427989 418.171 0 0
1500 117.971 30.7886 18.1176 1.04149 0.566488 418 0 0
1500 22.237 -1.53849 17.9174 -0.635628 0.0404934 418.413 0 0
1500 77.6985 -42.1232 18.0083 0.365396 -0.704596 418.469 0 0
1500 83.1567 5.23189 18.915 0.517494 0.0298877 419.269 0 0
1500 76.4183 20.5935 18.0564 0.256973 0.350724 418.624 0 0
1500 49.6486 -17.5259 17.841 -0.0977263 -0.312328 419.174 0 0
1500 92.2841 14.9541 17.915 0.567508 0.230983 418.789 0 0
1500 92.9033 55.1676 17.9399 0.537993 0.871851 419.123 0 0
1500 70.8135 62.961 17.941 0.216274 0.980729 419.425 0 0
1500 93.1506 26.341 18.6002 0.655763 0.451408 418.789 0 0
1500 64.1779 32.2003 18.3927 0.16734 0.559915 419.122 0 0
1500 55.8018 -36.0184 18.2399 -0.0318883 -0.60151 418.736 0 0
1500 96.2243 57.7711 17.8632 0.667641 0.882674 419.13 0 0
1500 113.937 22.6655 17.9203 0.946396 0.38692 419.221 0 0
1500 48.5003 -18.6508 17.9822 -0.174956 -0.351656 419.428 0 0
1500 98.4416 56.0061 18.3547 0.748906 0.995105 419.478 0 0
1500 99.4258 51.19 17.9944 0.663522 0.945804 419.097 0 0
1500 35.8581 -26.3636 17.9204 -0.349982 -0.419789 419.783 0 0
1500 -5.58105 -10.0522 17.8684 -0.970561 -0.192288 419.688 0 0
1500 74.4276 34.0855 18.3593 0.321066 0.587154 419.738 0 0
1500 55.1257 29.2917 18.1512 0.0134829 0.522845 419.725 0 0
1500 31.8893 29.9139 17.8215 -0.363171 0.52753 419.657 0 0
1500 60.4488 36.8095 17.8216 0.0801186 0.634584 419.655 0 0
1500 71.1626 42.0242 17.8172 0.245031 0.711494 420.02 0 0
1500 61.6285 14.9697 18.2154 0.0337261 0.201207 420.014 0 0
1500 -4.94876 0.37912 17.8466 -1.01141 0.0810042 419.658 0 0
1500 63.1902 57.8904 18.0305 0.107105 1.02093 419.747 0 0
1500 112.879 47.97 17.9968 0.882667 0.876175 419.904 0 0
1500 68.5377 -37.4357 17.9849 0.186851 -0.580418 420.444 0 0
1500 102.045 28.9279 17.8847 0.698602 0.439524 420.475 0 0
1500 100.013 44.9926 17.9206 0.671139 0.693993 420.393 0 0
1500 121.64 -1.68896 17.8055 0.994367 -0.0374757 420.526 0 0
1500 104.865 21.576 18.352 0.831037 0.348189 420.516 0 0
1500 121.583 2.67002 17.8341 1.00328 0.0991819 420.259 0 0
1500 -5.9877 -11.7032 17.8222 -1.01655 -0.127151 420.54 0 0
1500 117.96 19.7894 17.8002 0.968494 0.321029 420.446 0 0
1500 26.9225 -54.9379 17.8296 -0.442048 -0.897974 420.315 0 0
1500 45.7529 1.65888 17.8319 -0.270551 0.0055764 420.347 0 0
1500 103.14 28.05 18.4707 0.805888 0.515075 420.51 0 0
1500 71.5567 -0.0233555 18.2569 0.189528 0.0205311 420.391 0 0
1500 15.6421 24.6852 17.9035 -0.757017 0.354142 420.246 0 0
1500 45.4231 17.9572 18.1405 -0.294258 0.335841 420.3 0 0
1500 141.02 -15.282 18.2906 1.56969 -0.199055 420.455 0 0
1500 110.651 26.3704 17.9228 0.82017 0.423953 420.735 0 0
1500 112.463 15.0786 17.8842 0.907065 0.238803 420.797 0 0
1500 4.21679 -11.0336 17.8853 -0.864911 -0.22153 420.738 0 0
1500 87.3449 42.5679 17.9237 0.437452 0.729355 420.589 0 0
1500 66.551 20.6928 17.8159 0.141133 0.401041 420.691 0 0
1500 97.4635 -5.10134 18.4826 0.685384 -0.0870308 421.278 0 0
1500 47.4449 16.1096 18.0083 -0.108001 0.290185 421.06 0 0
1500 41.9061 3.29475 17.9401 -0.275107 0.0142698 421.06 0 0
1500 84.6541 -13.388 17.9829 0.455598 -0.167879 421.213 0 0
1500 60.5174 48.1339 17.9534 0.0658135 0.748181 421.105 0 0
1500 11.1134 15.7836 17.8897 -0.728062 0.234948 421.041 0 0
1500 3.44273 -13.9102 17.8056 -0.847491 -0.237422 421.13 0 0
1500 -6.347 8.53206 17.8468 -0.997898 0.158011 421.142 0 0
1500 14.6555 50.6629 17.8924 -0.682004 0.793506 420.906 0 0
1500 96.382 32.5691 18.156 0.681427 0.531687 420.909 0 0
1500 100.492 -43.56 17.8825 0.722926 -0.646626 421.057 0 0
1500 87.5186 -17.0587 18.0169 0.544048 -0.223767 421.114 0 0
1500 79.7518 -46.7258 17.8531 0.410465 -0.731386 421.49 0 0
1500 54.0789 -12.1922 17.9634 -0.00263666 -0.255014 421.081 0 0
1500 70.8277 -6.48615 17.8546 0.265519 -0.0568983 421.123 0 0
1500 72.1918 2.21712 17.8542 0.286763 0.0793566 421.149 0 0
1500 31.6585 60.2137 17.8411 -0.394929 1.03398 421.298 0 0
1500 168.282 145.949 17.9456 1.89767 2.4867 421.207 0 0
1500 78.807 8.02922 18.4556 0.385985 0.171423 422.099 0 0
1500 26.7335 0.884312 17.8891 -0.486579 -0.0328485 421.972 0 0
1500 79.4815 59.9483 17.9037 0.309932 0.967573 422.035 0 0
1500 72.0446 61.891 17.9037 0.198769 0.996566 422.037 0 0
1500 0.00392794 13.225 17.8416 -0.891614 0.2758 422.167 0 0
1500 62.4836 45.6259 17.8833 0.0779376 0.776949 422.176 0 0
1500 65.7349 58.1513 17.8376 0.0444555 0.931075 422.049 0 0
1500 68.9734 60.7416 18.1206 0.176035 1.05241 422.028 0 0
1500 100.807 40.007 18.365 0.802391 0.727935 421.895 0 0
1500 67.9357 -2.85545 18.4692 0.254335 -0.0895356 422.784 0 0
1500 53.9477 -33.4549 18.1358 -0.0293309 -0.532123 423.021 0 0
1500 61.2912 -9.31639 17.8643 0.116502 -0.13903 423.091 0 0
1500 82.4139 60.6385 17.9107 0.397491 0.948931 422.898 0 0
1500 101.985 25.4492 18.0792 0.721225 0.455681 422.468 0 0
1500 112.044 -13.8196 17.8338 0.886811 -0.167186 422.86 0 0
1500 107.674 -1.83261 17.8862 0.834653 0.00630472 422.84 0 0
1500 74.8691 -5.26864 18.1854 0.331569 -0.152486 422.777 0 0
1500 80.2839 -26.4607 17.9973 0.367498 -0.483915 422.698 0 0
1500 78.3421 26.1519 18.028 0.379538 0.466066 422.873 0 0
1500 76.9838 10.2861 18.0331 0.360662 0.223583 422.514 0 0
1500 34.0074 -34.731 17.9083 -0.36406 -0.611291 422.911 0 0
1500 110.485 -33.9437 18.1077 0.848783 -0.611389 422.942 0 0
1500 73.8715 49.8552 17.8848 0.333931 0.798112 422.778 0 0
1500 85.4075 -5.53415 18.0786 0.517408 -0.0216387 422.626 0 0
1500 96.9654 -10.3475 18.3415 0.663196 -0.167369 423.381 0 0
1500 116.469 26.9197 17.9125 0.887292 0.454809 423.37 0 0
1500 122.4 -8.43605 17.8795 1.01723 -0.112815 423.414 0 0
1500 55.9565 15.7678 18.7126 0.0117457 0.244023 423.178 0 0
1500 122.176 -6.77341 17.8092 1.02423 -0.119679 423.416 0 0
1500 82.8687 -23.8197 18.1783 0.450694 -0.43351 423.286 0 0
1500 97.8065 12.6539 18.0236 0.674813 0.257305 423.232 0 0
1500 80.018 -3.12341 17.8524 0.422105 -0.0531004 423.213 0 0
1500 36.099 -12.6995 17.8191 -0.394422 -0.259754 423.237 0 0
1500 54.2759 -6.82328 18.0983 -0.0261347 -0.188321 423.231 0 0
1500 126.077 13.1223 17.8978 1.13822 0.280926 423.131 0 0
1500 79.3431 5.68355 18.4498 0.416283 0.0346003 423.701 0 0
1500 74.4439 -21.3925 18.1072 0.309679 -0.34405 424.118 0 0
1500 45.8156 1.13155 17.8933 -0.230164 -0.00807671 424.191 0 0
1500 73.1942 -35.3488 17.9373 0.235108 -0.565657 424.427 0 0
1500 79.6506 -46.9811 17.8394 0.332988 -0.736603 424.065 0 0
1500 55.0612 -57.5465 17.8685 -0.0518029 -0.894434 424.417 0 0
1500 103.102 -48.411 17.8205 0.746271 -0.725229 423.82 0 0
1500 47.1226 64.1364 17.828 -0.101406 1.00651 423.819 0 0
1500 65.045 -56.6582 18.0083 0.104114 -0.923454 423.708 0 0
1500 60.6674 51.5224 17.8039 0.0711313 0.858296 424.378 0 0
1500 89.1368 -36.7789 17.8091 0.428895 -0.62829 424.013 0 0
1500 27.9549 23.855 17.8638 -0.538892 0.376073 424.123 0 0
1500 30.3737 58.404 17.8298 -0.403469 0.989618 423.73 0 0
1500 26.2212 -40.5073 17.888 -0.573522 -0.611505 423.872 0 0
1500 81.8949 9.35828 18.2453 0.416847 0.184762 424.663 0 0
1500 104.503 -10.5305 18.0623 0.748042 -0.169572 424.743 0 0
1500 56.4368 36.7732 17.8648 -0.0540545 0.578919 424.784 0 0
1500 36.7222 -36.4937 17.8461 -0.276292 -0.581922 424.695 0 0
1500 78.2979 -49.3385 17.9138 0.351663 -0.748161 424.934 0 0
1500 116.699 -12.5106 17.8144 0.916358 -0.199237 425.357 0 0
1500 61.9766 65.0171 17.8265 0.115006 0.989322 425.171 0 0
1500 80.244 58.1552 17.8283 0.378532 0.885269 425.51 0 0
1500 88.4652 59.0541 17.9178 0.4607 0.939469 424.792 0 0
1500 124.38 1.75936 17.8259 1.04538 0.0683788 424.711 0 0
1500 90.3183 57.6592 17.8259 0.540457 0.897314 424.7 0 0
1500 39.6219 51.6741 17.9732 -0.320997 0.826611 425.142 0 0
1500 100.993 -37.5932 17.8332 0.729904 -0.57572 424.937 0 0
1500 113.113 -9.22815 17.8334 0.914527 -0.144571 424.91 0 0
1500 91.8356 -25.7326 18.0909 0.601012 -0.44571 424.988 0 0
1500 89.3908 27.7408 17.9856 0.544962 0.48664 425.265 0 0
1500 109.004 16.2595 17.8878 0.844087 0.196675 425.449 0 0
1500 39.9965 -35.1794 17.9581 -0.228814 -0.611163 425.387 0 0
1500 35.6315 25.1385 17.8628 -0.32517 0.465503 424.944 0 0
1500 53.377 -19.2074 17.8932 -0.01586 -0.359148 425.426 0 0
1500 121.264 -97.9907 17.9647 1.01297 -1.65326 424.493 0 0
1500 94.72 1.76244 18.0793 0.68727 0.0711936 424.693 0 0
1500 101.974 -47.5883 17.9202 0.754864 -0.873768 424.628 0 0
1500 80.3677 -1.9927 18.1854 0.407398 -0.104683 425.584 0 0
1500 109.442 25.2303 17.8175 0.806351 0.344006 425.796 0 0
1500 60.9908 39.3558 18.2587 0.0792068 0.66949 425.698 0 0
1500 107.751 3.63571 17.9814 0.820878 0.117032 425.667 0 0
1500 35.6796 -71.8917 17.8813 -0.362535 -1.16985 425.821 0 0
1500 52.5776 -30.888 17.8887 -0.0281941 -0.538748 425.735 0 0
1500 124.147 12.6473 17.8832 1.01737 0.250401 425.92 0 0
1500 91.1165 -57.1359 17.8762 0.503522 -0.918516 426.127 0 0
1500 93.4484 -55.4655 17.8277 0.605263 -0.833704 426.018 0 0
1500 30.4369 -57.7214 17.8227 -0.3925 -0.938362 426.178 0 0
1500 38.653 46.5756 17.8336 -0.287404 0.789941 425.971 0 0
1500 38.7975 -39.4212 17.8828 -0.240401 -0.666489 426.191 0 0
1500 97.0156 -9.5838 17.8836 0.657601 -0.206775 426.129 0 0
1500 92.6345 27.208 17.9733 0.544036 0.504526 426.156 0 0
1500 129.224 -111.224 17.9761 1.17813 -1.87312 426.033 0 0
1500 42.9071 -24.2894 17.9806 -0.235228 -0.394701 426.68 0 0
1500 93.5294 49.9047 17.8312 0.572532 0.76165 426.53 0 0
1500 104.888 -40.2734 18.078 0.778873 -0.649588 426.718 0 0
1500 40.3971 -61.8206 17.8695 -0.246172 -0.997141 426.358 0 0
1500 83.1776 -58.6832 17.8694 0.39263 -0.950048 426.375 0 0
1500 85.6504 -53.7042 17.9354 0.456721 -0.87529 426.526 0 0
1500 115.7 21.9226 17.9725 0.924405 0.387876 426.904 0 0
1500 94.9133 -36.2174 17.949 0.608379 -0.619067 426.234 0 0
1500 65.1507 56.0871 17.9235 0.060967 0.897419 426.518 0 0
1500 95.5224 -5.42565 17.9008 0.622424 -0.149111 426.535 0 0
1500 67.5449 64.2108 17.8042 0.0659236 0.990292 426.641 0 0
1500 82.2403 -4.01208 17.9586 0.464936 -0.0395956 426.324 0 0
1500 73.3251 -27.035 18.399 0.237619 -0.445369 426.711 0 0
1500 67.1924 -136.125 17.9181 0.172616 -2.21648 426.902 0 0
1500 112.886 -3.46105 18.6234 1.10105 -0.0129553 426.574 0 0
1500 79.789 -3.04718 18.594 0.441712 -0.00478221 428.354 0 0
1500 80.1129 -19.0814 18.9228 0.413809 -0.319387 430.253 0 0
1500 65.9429 4.90763 17.8507 0.104103 0.138064 427.383 0 0
1500 65.9401 -25.7554 17.8297 0.103418 -0.431692 426.998 0 0
1500 67.3407 -30.4434 17.8324 0.197679 -0.446311 427.231 0 0
1500 99.4342 -6.35714 17.8604 0.656689 -0.104487 426.975 0 0
1500 57.6379 21.2837 17.8509 0.0500768 0.341041 427.778 0 0
1500 74.9745 -31.4249 18.1995 0.309468 -0.496505 429.224 0 0
1500 91.6455 34.5166 17.8407 0.536523 0.530778 427.668 0 0
1500 63.7137 37.4973 17.8471 0.138682 0.568567 428.231 0 0
1500 85.0351 -31.6082 18.1767 0.441719 -0.504135 429.526 0 0
1500 53.6526 -13.2027 18.1874 0.00564029 -0.245524 430.375 0 0
1500 93.1732 25.3907 17.836 0.557208 0.397125 428.396 0 0
1500 81.1204 0.960849 18.0339 0.381375 0.0714531 429.845 0 0
1500 93.9977 -50.7504 17.8968 0.52296 -0.802349 427.402 0 0
1500 40.925 -39.8896 17.8226 -0.310587 -0.571639 430.13 0 0
1500 44.6781 34.1728 17.9408 -0.155472 0.546182 429.876 0 0
1500 77.7688 -10.5351 17.8506 0.343661 -0.126545 430.107 0 0
1500 70.1315 27.0048 17.8371 0.232783 0.408937 430.218 0 0
1500 48.1004 53.4706 17.8138 -0.105116 0.824074 429.054 0 0
1500 89.241 45.3582 17.8041 0.475914 0.714018 428.928 0 0
1500 2.11838 41.4089 17.7942 -0.794372 0.676101 427.001 0 0
1500 115.958 23.5017 17.799 0.867189 0.404788 428.248 0 0
1500 53.8704 62.1265 17.7986 -0.0312358 0.964695 428.175 0 0
1500 51.7581 48.3543 17.8088 -0.0607326 0.751607 429.424 0 0
1500 90.4641 -22.9073 17.8466 0.528943 -0.327162 430.024 0 0
1500 78.1619 -17.4594 17.8522 0.353141 -0.248733 430.467 0 0
1500 68.8388 -22.3712 17.8212 0.105101 -0.369014 430.492 0 0
1500 25.6722 11.3056 17.8179 -0.502292 0.103861 430.247 0 0
1500 -6.00965 -3.32466 17.8479 -0.998971 -0.0416953 428.354 0 0
1500 71.1466 -54.0547 17.9417 0.226913 -0.835417 430.127 0 0
1500 63.4655 -63.3042 17.8627 0.0998556 -1.01993 427.003 0 0
1500 93.611 -49.5027 17.9446 0.556007 -0.775436 430.093 0 0
1500 94.3167 55.5194 17.823 0.542609 0.889099 428.753 0 0
1500 57.3106 65.1006 17.8229 -0.00139751 1.04296 427.905 0 0
1500 73.3042 -117.081 17.8533 0.287542 -1.8341 426.934 0 0
1500 100.648 -46.8046 17.8675 0.691275 -0.756566 428.226 0 0
1500 97.5687 -50.8758 17.8668 0.642748 -0.814234 428.487 0 0
1500 124.007 -14.4997 17.7976 1.01499 -0.148096 428.316 0 0
1500 110.635 -27.203 17.9354 0.862058 -0.437093 429.433 0 0
1500 131.351 -3.32189 17.8087 1.19756 -0.0852472 426.969 0 0
1500 31.1236 56.3835 17.8244 -0.419286 0.924242 428.52 0 0
1500 87.5931 -58.9431 17.8375 0.470918 -0.933153 430.411 0 0
1500 42.1303 -64.8907 17.8382 -0.197291 -1.01562 430.751 0 0
1500 7.77456 20.093 17.896 -0.801035 0.367071 428.293 0 0
1500 114.523 -1.07455 18.1036 0.934348 -0.0693724 429.506 0 0
1500 102.809 27.2874 18.1618 0.750449 0.474956 429.469 0 0
1500 78.3615 4.9651 18.1787 0.392851 0.143712 428 0 0
1500 88.0815 35.2934 18.1658 0.533283 0.598782 429.036 0 0
1500 104.243 -49.9397 17.8251 0.75739 -0.724672 430.343 0 0
1500 93.5466 23.7594 17.8409 0.624414 0.381934 427.598 0 0
1500 89.2262 -13.9987 17.9352 0.493744 -0.293723 427.52 0 0
1500 47.6827 -16.8456 18.3993 -0.142993 -0.298727 429.171 0 0
1500 108.024 -36.3174 18.0282 0.822352 -0.591056 430.475 0 0
1500 152.325 -5.09748 17.9282 1.52735 -0.0482218 428.625 0 0
1500 59.2955 52.4522 17.9789 0.0756327 0.854834 429.902 0 0
1500 119.883 11.8342 17.9625 1.01026 0.155871 430.753 0 0
1500 94.9636 -43.8129 17.8083 0.634714 -0.680253 429.536 0 0
1500 60.5301 -62.8349 17.8102 0.108667 -0.971617 430.11 0 0
1500 134.157 41.56 17.7989 1.22087 0.593541 429.742 0 0
1500 80.9612 135.522 17.8085 0.330569 2.10999 430.681 0 0
1500 95.8587 -123.713 17.9254 0.653546 -1.99827 428.056 0 0
1500 66.9119 15.4904 18.3031 0.239199 0.299394 430.252 0 0
1500 69.7382 5.01283 17.9965 0.235477 0.147968 429.603 0 0
1500 114.555 -26.6946 17.8807 0.90803 -0.510406 427.367 0 0
1500 22.9276 26.2555 17.8979 -0.524219 0.480862 430.7 0 0
1500 89.6747 2.35474 18.493 0.581828 -0.041864 429.272 0 0
1500 124.714 0.462537 17.8765 1.10972 0.0666512 429.561 0 0
1500 65.0082 -42.7507 17.9476 0.0466353 -0.729564 429.172 0 0
1500 79.0658 -5.91596 17.985 0.38441 -0.170291 429.859 0 0
1500 85.3136 -43.13 18.2367 0.454291 -0.775933 429.785 0 0
1500 58.3293 39.3932 18.0908 -0.019132 0.750369 428.397 0 0
1500 62.4327 -27.2881 18.0131 0.135295 -0.530534 428.379 0 0
1500 48.3997 19.0228 18.2909 -0.187665 0.393714 430.094 0 0
1500 27.0734 14.8286 18.3194 -0.603817 0.276834 430.667 0 0
1500 70.34 -4.82203 18.3418 0.229576 -0.133813 431.658 0 0
1500 77.112 26.0976 17.8888 0.305524 0.42657 431.002 0 0
1500 121.602 5.46345 17.8155 0.991534 0.10466 431.355 0 0
1500 68.1438 59.1538 18.0429 0.185621 0.957894 430.859 0 0
1500 88.5554 -57.6324 17.8341 0.507495 -0.911037 431.338 0 0
1500 115.623 20.1795 17.995 0.955567 0.307409 431.533 0 0
1500 -3.26608 -8.84733 17.8953 -0.966963 -0.184793 431.544 0 0
1500 15.5398 -35.242 17.9304 -0.669822 -0.599364 431.076 0 0
1500 61.7536 -16.0087 18.4644 0.0644619 -0.26026 431.634 0 0
1500 35.5595 -32.0155 17.8915 -0.413348 -0.517694 431.306 0 0
1500 83.8862 -29.765 17.9653 0.437921 -0.530205 431.671 0 0
1500 83.4636 -6.34203 17.9724 0.434975 -0.171909 431.141 0 0
1500 64.1109 -52.7049 18.181 0.16108 -0.914534 430.966 0 0
1500 24.0946 4.54386 17.9361 -0.597915 0.00800046 430.985 0 0
1500 41.4753 -5.63016 18.3145 -0.323694 -0.0753497 431.545 0 0
1500 88.1097 19.4687 17.8449 0.432223 0.343922 431.766 0 0
1500 34.6187 -40.9435 17.8869 -0.425255 -0.651546 431.705 0 0
1500 94.4848 -33.7427 17.9274 0.570206 -0.591436 432.153 0 0
1500 108.294 1.53714 17.8189 0.839893 -0.00678248 432.205 0 0
1500 82.1063 -20.1335 17.9546 0.462452 -0.292044 431.939 0 0
1500 71.5237 -38.7879 17.8147 0.247914 -0.669617 431.847 0 0
1500 85.383 -5.62965 17.8887 0.498461 -0.0475479 431.916 0 0
1500 105.988 -10.1652 17.9482 0.759722 -0.123083 432.542 0 0
1500 84.0598 -46.9442 17.8484 0.406209 -0.733596 432.535 0 0
1500 19.598 -49.2883 17.8633 -0.594497 -0.769146 432.517 0 0
1500 66.6336 62.4373 17.9701 0.17969 0.997502 432.321 0 0
1500 10.3606 -32.0056 17.8793 -0.787271 -0.50774 432.556 0 0
1500 23.4853 -5.42337 17.852 -0.602945 -0.120062 432.329 0 0
1500 60.7378 31.1033 17.8365 -0.0202059 0.532185 432.271 0 0
1500 80.7253 6.51928 17.919 0.363868 0.179207 432.386 0 0
1500 97.194 19.9763 17.9602 0.617028 0.411463 432.508 0 0
1500 106.412 20.7109 17.8244 0.756661 0.320413 432.63 0 0
1500 123.9 -5.35679 17.8129 1.03525 -0.107239 432.647 0 0
1500 78.5613 -63.9918 17.8133 0.367741 -0.966914 432.817 0 0
1500 107.856 -12.073 18.2305 0.828838 -0.248862 432.807 0 0
1500 100.418 -35.7677 17.9551 0.681028 -0.612704 432.7 0 0
1500 80.9682 -3.72141 18.3304 0.471757 -0.105164 432.608 0 0
1500 18.023 -41.792 17.8183 -0.648468 -0.698294 432.654 0 0
1500 110.173 8.5905 17.9551 0.83225 0.203063 432.761 0 0
1500 82.6142 17.9024 18.1795 0.373213 0.332801 432.662 0 0
1500 81.9425 15.4343 18.1804 0.363279 0.295354 432.603 0 0
1500 125.431 -24.3983 18.0813 1.12487 -0.425825 432.795 0 0
1500 77.0748 24.2281 18.0512 0.268817 0.428973 432.722 0 0
1500 51.4514 42.716 17.8297 -0.16349 0.707212 432.801 0 0
1500 84.8576 -15.4731 17.9877 0.477309 -0.302103 432.941 0 0
1500 135.085 -123.747 17.8837 1.23917 -1.99072 432.96 0 0
1500 62.1923 49.3301 18.011 0.132926 0.864015 432.905 0 0
1500 50.2888 -28.2764 18.206 -0.180201 -0.491864 432.754 0 0
1500 92.347 4.27648 18.3874 0.569826 0.116382 433.821 0 0
1500 71.0961 -4.4646 18.097 0.220168 -0.129954 433.594 0 0
1500 38.0278 -1.56945 18.0121 -0.312231 0.0205019 433.59 0 0
1500 84.8422 -2.73 17.9806 0.431591 0.0179346 433.777 0 0
1500 102.986 44.8445 17.8115 0.717453 0.628144 433.2 0 0
1500 122.611 11.717 17.8141 1.00957 0.142839 433.101 0 0
1500 117.542 -24.7583 17.8146 0.933928 -0.38922 433.219 0 0
1500 -5.22601 8.83955 17.8063 -0.996325 0.132514 433.45 0 0
1500 115.328 -36.5609 17.8273 0.849299 -0.613907 433.522 0 0
1500 109.326 -42.8688 17.8669 0.839754 -0.617132 433.676 0 0
1500 6.12675 -29.5167 17.9197 -0.843641 -0.458798 433.197 0 0
1500 57.8374 33.4027 18.1577 0.0524231 0.584812 433.341 0 0
1500 44.5653 43.4615 17.9673 -0.157312 0.735056 433.669 0 0
1500 72.155 32.5737 17.8248 0.258544 0.571553 433.197 0 0
1500 38.0299 -11.2203 17.8856 -0.382536 -0.159067 433.753 0 0
1500 140.785 20.8768 18.0769 1.43608 0.334864 433.049 0 0
1500 67.6641 -13.6291 17.8821 0.0781527 -0.19612 433.405 0 0
1500 50.1037 4.73891 18.1475 -0.124831 0.152344 433.566 0 0
1500 105.664 22.0873 18.3072 0.918108 0.489466 433.624 0 0
1500 83.2722 -25.3164 18.1182 0.43372 -0.401215 434.628 0 0
1500 38.3353 -11.848 17.9368 -0.322828 -0.20182 434.43 0 0
1500 105.66 24.4543 18.0037 0.764753 0.364749 433.879 0 0
1500 44.1967 -35.1769 17.8798 -0.232932 -0.550645 434.357 0 0
1500 64.5278 -37.8369 17.8639 0.158687 -0.561038 434.573 0 0
1500 47.7044 36.285 17.8461 -0.190887 0.564943 434.511 0 0
1500 117.2 7.2538 17.8195 0.91714 0.0765341 434.101 0 0
1500 5.34188 -28.0691 17.8989 -0.797807 -0.451439 434.852 0 0
1500 3.67265 -38.7862 17.8732 -0.862741 -0.592704 434.534 0 0
1500 121.189 -3.04617 17.8101 0.997305 0.0134381 433.917 0 0
1500 83.784 -25.8446 18.1735 0.444938 -0.468496 433.848 0 0
1500 87.0864 -53.7455 17.8035 0.51048 -0.791828 433.976 0 0
1500 50.5705 39.3783 18.1117 -0.07978 0.672698 434.37 0 0
1500 85.9207 48.42 17.8118 0.463147 0.801777 434.468 0 0
1500 40.7694 -48.0104 17.8721 -0.335597 -0.740351 434.119 0 0
1500 65.9224 35.4294 17.9485 0.14178 0.622743 433.83 0 0
1500 33.7755 43.4312 18.0248 -0.398754 0.710482 434.857 0 0
1500 78.2396 -10.3993 18.1489 0.417419 -0.120327 434.304 0 0
1500 81.9356 -36.5369 17.9898 0.433122 -0.618523 434.807 0 0
1500 95.4902 16.4264 17.8767 0.660195 0.254297 434.244 0 0
1500 79.4877 15.4562 18.1775 0.414441 0.30754 434.013 0 0
1500 108.637 -31.7134 17.8177 0.841803 -0.450048 434.748 0 0
1500 91.482 -1.5272 17.9908 0.605511 -0.0807796 433.899 0 0
1500 79.816 24.4408 18.2471 0.431089 0.468172 434.209 0 0
1500 128.483 12.4196 18.0918 1.26319 0.201282 434.781 0 0
1500 118.306 -21.3898 17.9278 1.03431 -0.437483 434.296 0 0
1500 91.2724 -17.4389 18.0739 0.539536 -0.367058 434.831 0 0
1500 76.9503 66.2297 18.1961 0.339212 1.20315 434.558 0 0
1500 59.9473 33.4804 18.1711 0.00701579 0.638484 434.791 0 0
1500 72.6958 3.36295 18.3149 0.309936 0.00236703 434.873 0 0
1500 91.8801 3.62827 18.3498 0.56821 0.104565 435.084 0 0
1500 70.0843 9.1648 18.3561 0.267403 0.179315 435.574 0 0
1500 38.3416 -11.3464 18.2447 -0.288525 -0.168518 435.524 0 0
1500 74.8595 25.6883 17.8266 0.303419 0.348711 435.004 0 0
1500 79.6256 -9.42533 17.8326 0.368599 -0.151642 435.305 0 0
1500 64.8881 -20.5066 17.9396 0.175039 -0.300442 436.08 0 0
1500 98.0086 15.3954 18.0098 0.652188 0.222193 435.73 0 0
1500 97.2434 19.5484 18.1797 0.650194 0.304612 436.448 0 0
1500 67.9531 5.34603 18.0505 0.215306 0.118016 437.006 0 0
1500 16.8879 12.5293 17.8217 -0.655516 0.18111 435.404 0 0
1500 82.8101 6.5159 18.1405 0.434373 0.0492095 437.229 0 0
1500 15.1015 -8.89053 17.814 -0.681236 -0.113051 435.395 0 0
1500 52.7791 15.9248 17.8635 -0.0604742 0.291598 436.735 0 0
1500 69.9741 -2.41081 17.865 0.179598 0.0352581 436.843 0 0
1500 81.1767 -22.9202 18.0003 0.410284 -0.335895 437.19 0 0
1500 91.3286 -1.42465 18.1154 0.535235 -0.0766834 437.755 0 0
1500 67.4298 6.51466 18.1933 0.238683 0.102557 438.6 0 0
1500 117.455 12.6113 17.8634 0.929946 0.203121 435.751 0 0
1500 83.3113 -11.8256 17.8831 0.425673 -0.144836 437.751 0 0
1500 112.311 8.09034 17.8465 0.833572 0.0723797 436.499 0 0
1500 50.3903 -64.392 17.9177 -0.0977264 -1.00574 435.643 0 0
1500 36.1278 -24.4315 17.9391 -0.293777 -0.411623 438.147 0 0
1500 68.8148 -18.311 17.8479 0.176223 -0.313145 439.582 0 0
1500 59.1155 27.5126 17.9698 0.0515289 0.450104 438.692 0 0
1500 106.179 -34.9407 17.8146 0.758314 -0.531925 436.428 0 0
1500 106.394 3.50247 17.9855 0.758616 0.0898639 438.08 0 0
1500 78.2799 5.72437 18.499 0.352677 0.14522 441.206 0 0
1500 114.546 2.8965 17.9493 0.892349 0.0421903 437.658 0 0
1500 108.027 -40.6005 17.8374 0.779177 -0.644795 436.697 0 0
1500 53.0169 -27.3101 17.8608 -0.0209818 -0.434457 439.356 0 0
1500 125.231 -2.5528 17.8353 1.04363 -0.0920332 435.778 0 0
1500 85.2072 33.5197 17.9884 0.424472 0.536618 439.275 0 0
1500 61.197 19.7146 17.8416 -0.0117332 0.318904 439.5 0 0
1500 23.0011 53.9057 17.8146 -0.583759 0.852025 434.931 0 0
1500 4.58724 -5.93484 17.8256 -0.81998 -0.0409415 438.124 0 0
1500 90.8862 -30.5075 17.9824 0.520185 -0.487032 439.184 0 0
1500 77.3438 59.5531 17.8971 0.288617 0.931222 437.429 0 0
1500 66.382 62.368 17.8848 0.0999493 0.982239 436.649 0 0
1500 56.3997 -59.7953 17.9288 -0.0337177 -0.923667 438.426 0 0
1500 89.3671 26.665 18.2537 0.519023 0.42936 440.96 0 0
1500 125.106 6.2339 17.8051 1.03469 0.155627 436.064 0 0
1500 4.96534 36.0348 17.8616 -0.86438 0.535278 435.621 0 0
1500 82.3854 44.511 18.0826 0.409424 0.746963 435.208 0 0
1500 17.9598 -36.7639 17.8413 -0.637224 -0.551947 439.122 0 0
1500 73.3344 -31.8878 17.9966 0.275939 -0.500721 440.921 0 0
1500 113.602 13.1323 17.8658 0.922898 0.199907 435.41 0 0
1500 109.497 -9.79108 17.8719 0.808974 -0.13848 439.631 0 0
1500 121.509 -4.88884 17.861 1.02757 -0.0720183 436.38 0 0
1500 88.3899 18.3413 18.6863 0.625712 0.304451 437.415 0 0
1500 31.1202 62.7574 17.8597 -0.463157 0.93899 437.503 0 0
1500 56.743 19.1437 18.1292 -0.046799 0.327042 435.401 0 0
1500 83.8142 26.4551 17.9716 0.419308 0.426545 441.185 0 0
1500 25.0091 -1.76093 18.0735 -0.505397 -0.0505075 439.996 0 0
1500 44.063 -37.2863 18.0698 -0.243144 -0.578191 437.36 0 0
1500 122.756 4.3857 17.8504 1.03664 0.035369 436.953 0 0
1500 122.792 17.7614 17.8841 0.993822 0.325872 437.953 0 0
1500 2.70657 -11.6445 17.8144 -0.898796 -0.229827 435.57 0 0
1500 61.029 -49.3423 17.8276 0.00416908 -0.822296 435.012 0 0
1500 11.8702 -47.0335 17.8158 -0.723567 -0.758512 437.445 0 0
1500 50.2774 -51.132 17.8257 -0.16042 -0.847204 435.209 0 0
1500 89.9468 -16.8787 17.9132 0.51736 -0.201861 441.183 0 0
1500 31.0513 16.2105 17.93 -0.432519 0.203392 441.415 0 0
1500 194.373 24.7552 17.8349 2.11647 0.33768 436.556 0 0
1500 19.7976 -1.70068 18.1135 -0.611795 -0.0661468 435.756 0 0
1500 54.6302 -53.8117 17.8568 -0.119452 -0.85048 435.888 0 0
1500 88.3431 -56.6375 17.794 0.424755 -0.921979 437.079 0 0
1500 -87.4413 -2.60635 17.7984 -2.2828 -0.0205933 436.58 0 0
1500 74.5849 -4.91759 17.8713 0.296173 -0.0365749 442.229 0 0
1500 90.5888 -29.3457 18.242 0.592937 -0.498908 437.225 0 0
1500 107.165 -40.3825 18.0175 0.806816 -0.646452 438.506 0 0
1500 2.86075 -26.8382 17.8609 -0.860382 -0.467151 437.539 0 0
1500 42.6656 -62.4219 17.8588 -0.258388 -0.981934 438.824 0 0
1500 92.9695 -52.8653 17.8604 0.490337 -0.856155 437.646 0 0
1500 105.542 -24.4487 17.9107 0.799975 -0.406137 436.746 0 0
1500 100.502 -50.7179 17.9025 0.699777 -0.778688 438.974 0 0
1500 97.0432 -53.3507 17.903 0.645722 -0.813266 439.317 0 0
1500 75.7344 -35.0586 17.9204 0.352432 -0.575538 435.798 0 0
1500 113.688 -25.3483 17.9051 0.911755 -0.414382 437.607 0 0
1500 47.1541 -55.7159 17.9617 -0.134844 -0.915769 437.207 0 0
1500 97.3738 -34.7942 17.9645 0.626561 -0.603044 436.863 0 0
1500 87.2904 42.8771 18.0971 0.475904 0.721379 437.339 0 0
1500 84.2456 18.6152 18.1088 0.436931 0.361527 436.29 0 0
1500 39.0835 -95.1541 17.8512 -0.271911 -1.55066 435.484 0 0
1500 96.9055 49.3327 17.8282 0.655172 0.768606 437.568 0 0
1500 -33.5516 31.4043 17.8162 -1.45418 0.420839 436.205 0 0
1500 105.308 -23.9123 18.1331 0.823954 -0.347831 437.8 0 0
1500 84.6947 -22.1696 18.1751 0.39805 -0.391994 436.678 0 0
1500 59.4702 -65.4957 17.8163 -0.000691117 -1.02878 439.515 0 0
1500 100.307 -51.2323 17.9166 0.704049 -0.776435 439.242 0 0
1500 39.7079 -55.3012 17.984 -0.319628 -0.87242 437.646 0 0
1500 19.5042 -15.2944 17.9947 -0.634723 -0.274013 436.539 0 0
1500 31.8492 -55.843 17.9814 -0.435468 -0.875352 438.043 0 0
1500 103.185 25.0521 17.9255 0.774945 0.366135 437.07 0 0
1500 101.475 -47.6991 17.9164 0.731999 -0.724799 438.587 0 0
1500 108.842 30.8655 17.9201 0.851978 0.449843 437.772 0 0
1500 96.1879 32.9627 17.9268 0.669848 0.487629 436.929 0 0
1500 82.8075 -12.9103 17.9384 0.472704 -0.215521 435.955 0 0
1500 66.5211 -62.0605 17.7972 0.100737 -1.00569 437.856 0 0
1500 64.4477 -29.9552 18.021 0.148311 -0.533952 436.437 0 0
1500 74.615 10.6836 18.0673 0.359455 0.140596 436.378 0 0
1500 150.904 -178.984 17.8453 1.52772 -2.82863 435.465 0 0
1500 115.54 32.3703 17.9627 0.899242 0.538722 439.746 0 0
1500 118.037 59.0773 17.9544 1.02288 0.975591 435.107 0 0
1500 -6.32132 -16.4887 17.8177 -1.00461 -0.204306 440.042 0 0
1500 54.5176 66.7429 17.8169 -0.117308 1.03301 438.7 0 0
1500 15.7611 -30.2759 17.8278 -0.715262 -0.425882 436.835 0 0
1500 86.0353 47.6251 17.827 0.36241 0.768279 436.918 0 0
1500 32.9178 60.652 17.8553 -0.335921 0.949878 440.513 0 0
1500 90.6273 50.9975 17.8588 0.498244 0.802063 441.155 0 0
1500 40.8688 64.6153 17.8534 -0.222398 1.01684 439.88 0 0
1500 71.7097 52.2404 17.8638 0.223698 0.812267 441.813 0 0
1500 100.76 45.7013 17.8572 0.646621 0.728566 440.891 0 0
1500 78.6339 12.0646 17.8794 0.31626 0.234527 443.19 0 0
1500 96.5612 10.4958 17.8712 0.626452 0.234838 436.416 0 0
1500 99.7008 49.8898 17.8547 0.636246 0.795282 440.354 0 0
1500 87.4555 27.5291 17.8702 0.485118 0.49748 436.496 0 0
1500 36.5474 62.7433 17.8544 -0.284206 0.983885 440.261 0 0
1500 100.945 42.8824 18.0432 0.710713 0.69914 439.099 0 0
1500 96.7181 10.488 18.2474 0.712459 0.142036 438.478 0 0
1500 63.0628 38.7234 17.8583 0.108098 0.628042 441.065 0 0
1500 57.8532 7.89658 17.8686 0.034319 0.190811 437.351 0 0
1500 53.9429 -13.5678 18.2197 0.00653378 -0.255956 444.224 0 0
1500 73.018 -27.9713 18.2136 0.273718 -0.459893 443.602 0 0
1500 106.667 12.6957 18.2591 0.848539 0.231446 438.948 0 0
1500 55.2639 -68.382 17.8 0.0277808 -1.04069 439.666 0 0
1500 66.0781 -29.7315 18.0793 0.181578 -0.468911 444.685 0 0
1500 40.6744 40.0544 17.916 -0.287916 0.610656 443.651 0 0
1500 51.9586 4.99014 17.9277 -0.142813 0.129163 436.748 0 0
1500 106.634 16.2151 17.8138 0.814461 0.220072 438.05 0 0
1500 95.0577 -43.6459 17.8091 0.631449 -0.692312 438.609 0 0
1500 120.286 -17.4012 17.8049 0.974042 -0.281241 441.386 0 0
1500 120.436 19.122 17.8053 0.974829 0.251419 441.485 0 0
1500 90.5475 -26.5973 18.1116 0.553243 -0.394322 444.683 0 0
1500 39.6834 13.7104 17.8553 -0.364209 0.208339 436.895 0 0
1500 76.277 -50.105 18.0661 0.271219 -0.822551 439.281 0 0
1500 -28.4694 1.12639 17.865 -1.4378 0.00070535 436.733 0 0
1500 35.6009 -5.84921 17.979 -0.332484 -0.140334 445.148 0 0
1500 71.2448 -62.8035 17.954 0.174985 -0.999507 440.323 0 0
1500 68.0892 -57.871 17.9578 0.129309 -0.935877 439.613 0 0
1500 76.4092 -55.4718 17.9583 0.254924 -0.900619 439.548 0 0
1500 17.5214 33.7821 17.9563 -0.627722 0.545758 441.638 0 0
1500 43.7413 14.4398 17.9723 -0.234513 0.252523 444.358 0 0
1500 39.2147 3.78013 17.9723 -0.32457 0.111477 438.598 0 0
1500 10.8481 2.58624 17.96 -0.742819 0.0911715 440.038 0 0
1500 15.3891 30.682 17.9567 -0.656454 0.498482 441.897 0 0
1500 33.6008 13.8386 17.838 -0.409195 0.288662 437.513 0 0
1500 66.3998 -27.8182 18.1661 0.114466 -0.475964 438.779 0 0
1500 48.5782 -17.5481 18.1699 -0.142263 -0.286759 446.093 0 0
1500 48.0704 -11.4818 18.171 -0.149091 -0.203075 446.171 0 0
1500 40.6976 -51.588 17.9952 -0.260493 -0.852646 439.564 0 0
1500 105.818 10.7278 18.2595 0.837732 0.19379 440.406 0 0
1500 -12.6035 48.5485 17.8483 -1.07559 0.806241 439.996 0 0
1500 115.501 0.256513 18.1225 0.969007 0.00865267 440.946 0 0
1500 118.484 -11.2536 18.1199 1.00507 -0.161296 441.502 0 0
1500 72.6046 36.6739 18.0424 0.198232 0.57474 445.406 0 0
1500 39.9626 81.5952 17.8215 -0.291223 1.27891 441.317 0 0
1500 92.7473 -7.47497 17.8794 0.633466 -0.122587 436.719 0 0
1500 77.1204 -36.2965 18.1109 0.302984 -0.62401 439.718 0 0
1500 81.6851 22.092 18.494 0.430407 0.42617 436.847 0 0
1500 101.235 -20.4529 18.0227 0.75604 -0.293165 439.872 0 0
1500 59.131 40.7853 17.8404 0.014884 0.707475 438.796 0 0
1500 77.864 -18.1971 18.0379 0.368112 -0.262849 446.143 0 0
1500 -7.28251 8.21937 17.8289 -1.02238 0.176377 441.401 0 0
1500 17.1627 33.494 17.8373 -0.675142 0.566631 439.742 0 0
1500 117.07 79.2861 17.8046 0.894983 1.25002 441.563 0 0
1500 92.9161 -36.1474 17.892 0.613689 -0.525998 439.676 0 0
1500 94.8367 53.9217 17.8815 0.610393 0.809732 443.175 0 0
1500 43.6353 37.36 17.9251 -0.196421 0.65112 439.335 0 0
1500 91.4425 34.6406 17.9198 0.53584 0.604843 439.807 0 0
1500 133.462 -52.5149 17.9022 1.19596 -0.897974 438.451 0 0
1500 47.3601 -30.2626 17.999 -0.190973 -0.454578 446.222 0 0
1500 22.2846 15.0051 17.9949 -0.596175 0.194478 439.513 0 0
1500 85.4038 22.3496 18.1384 0.435644 0.376628 446.604 0 0
1500 52.8416 31.7101 18.139 -0.0176421 0.558204 439.921 0 0
1500 6.42944 -10.2683 17.826 -0.818955 -0.0928789 441.251 0 0
1500 29.1559 5.32818 17.9108 -0.465768 0.0723625 446.257 0 0
1500 29.8884 -49.6092 17.8942 -0.494475 -0.755957 440.627 0 0
1500 22.0053 -4.41045 17.9079 -0.567646 -0.0641196 446.028 0 0
1500 54.4777 -35.835 17.9079 -0.123329 -0.557434 439.362 0 0
1500 87.8551 -35.3926 18.4836 0.567794 -0.655472 436.444 0 0
1500 41.7704 38.1006 17.9259 -0.304322 0.625312 439.92 0 0
1500 101.991 43.8455 17.9057 0.655171 0.732532 441.45 0 0
1500 61.5069 11.9731 17.9311 0.043014 0.234457 446.799 0 0
1500 39.1428 47.4256 17.9152 -0.27322 0.741423 445.481 0 0
1500 107.591 -7.1201 18.1484 0.847433 -0.152221 441.505 0 0
1500 27.9084 -48.8953 17.9968 -0.500981 -0.766938 441.278 0 0
1500 39.5903 60.8527 17.8336 -0.364854 0.932485 439.255 0 0
1500 48.1428 -7.9662 18.0013 -0.187986 -0.114455 446.826 0 0
1500 -22.5912 44.9488 17.9627 -1.3005 0.792305 437.868 0 0
1500 87.2635 20.9477 18.2195 0.51752 0.389904 441.201 0 0
1500 93.9052 -37.9321 17.8523 0.584057 -0.542016 445.787 0 0
1500 70.4895 2.3931 17.8679 0.275789 0.0349877 439.431 0 0
1500 76.8164 10.9448 18.0216 0.378786 0.126065 440.412 0 0
1500 14.6365 -19.6867 18.0392 -0.730088 -0.396175 436.84 0 0
1500 119.282 24.9227 18.1925 1.05662 0.414598 440.989 0 0
1500 98.5815 45.5859 18.0796 0.684986 0.731903 443.29 0 0
1500 48.1294 17.1757 17.841 -0.148853 0.346532 440.119 0 0
1500 79.3387 -16.9014 17.8765 0.352826 -0.285568 447.576 0 0
1500 74.7366 29.4793 17.9428 0.294987 0.52864 441.003 0 0
1500 52.7174 11.159 17.9512 -0.0452844 0.248092 440.422 0 0
1500 83.6972 16.4078 17.9447 0.434268 0.327616 440.858 0 0
1500 98.0798 15.4259 17.9385 0.651805 0.310069 441.35 0 0
1500 83.3175 9.2353 17.9465 0.429237 0.217087 440.731 0 0
1500 76.7877 49.1409 17.8972 0.246602 0.812356 441.423 0 0
1500 63.9233 3.03305 18.2083 0.131454 0.122908 441.527 0 0
1500 86.7554 23.7532 17.8096 0.511396 0.403401 440.862 0 0
1500 19.2787 -21.5601 17.8538 -0.598722 -0.352538 447.155 0 0
1500 0.226503 -31.4229 17.8375 -0.898147 -0.509007 444.808 0 0
1500 21.4782 -28.2548 17.8501 -0.616675 -0.485939 441.531 0 0
1500 72.3237 -10.5833 17.8652 0.167944 -0.218107 440.387 0 0
1500 36.5898 10.3694 17.8636 -0.349864 0.0981631 447.945 0 0
1500 30.5049 -60.3314 17.837 -0.456347 -0.934898 444.604 0 0
1500 13.5131 -52.3764 17.8096 -0.68172 -0.887876 441.198 0 0
1500 79.8456 -53.7329 17.8126 0.281676 -0.877119 442.303 0 0
1500 60.0284 3.72171 18.1932 0.0881849 0.116848 449.79 0 0
1500 -28.8918 35.2729 17.9425 -1.45799 0.670621 436.865 0 0
1500 53.9305 3.09106 17.9946 -0.0624211 -0.0306797 438.603 0 0
1500 176.46 -62.0438 17.892 1.92657 -0.985614 441.455 0 0
1500 62.432 45.0604 17.9224 0.0338484 0.75287 442.462 0 0
1500 49.7962 38.1685 17.9258 -0.16067 0.649974 442.18 0 0
1500 7.69258 14.4556 17.9182 -0.800716 0.281631 442.877 0 0
1500 91.8089 16.3494 17.977 0.620163 0.291924 440.717 0 0
1500 20.2025 92.1938 17.9353 -0.594571 1.52587 441.032 0 0
1500 77.1117 24.1764 17.9743 0.325665 0.392495 449.127 0 0
1500 98.0361 51.7396 17.9517 0.644215 0.810553 446.191 0 0
1500 68.2159 58.3982 17.9557 0.216979 0.937304 444.006 0 0
1500 13.7323 -58.7475 17.9483 -0.691396 -0.968436 443.106 0 0
1500 78.1659 13.6501 17.9247 0.359502 0.286043 441.469 0 0
1500 81.4745 -42.1215 18.082 0.362061 -0.754079 439.424 0 0
1500 78.4344 -8.9824 18.0156 0.387496 -0.0787176 442.627 0 0
1500 -36.6077 41.1795 17.8882 -1.50564 0.674298 443.323 0 0
1500 69.4263 -14.7029 17.978 0.264443 -0.262468 442.515 0 0
1500 23.2408 42.66 17.9142 -0.536228 0.658231 448.262 0 0
1500 19.5126 36.2851 17.9157 -0.587897 0.565895 448.44 0 0
1500 49.1756 18.3577 17.9649 -0.110975 0.361962 442.611 0 0
1500 56.1059 -28.2646 17.9379 0.0369139 -0.48934 443.463 0 0
1500 101.239 -61.027 18.0733 0.81505 -1.08154 437.242 0 0
1500 116.432 -42.7607 18.0127 1.03549 -0.757943 439.054 0 0
1500 42.7912 10.1837 18.3118 -0.212355 0.169535 451.598 0 0
1500 76.0331 -36.3233 18.1011 0.377131 -0.588915 444.03 0 0
1500 -4.50095 -17.5074 17.8239 -0.982947 -0.275766 446.895 0 0
1500 25.5334 54.6403 17.8061 -0.499691 0.893918 445.078 0 0
1500 55.6975 61.0301 17.8076 -0.047494 0.995417 444.7 0 0
1500 79.5564 -44.0619 17.9351 0.351021 -0.747885 444.135 0 0
1500 118.463 7.71984 17.7998 0.91186 0.180157 446.933 0 0
1500 32.0932 -30.4886 18.0183 -0.405238 -0.536533 443.95 0 0
1500 55.0331 -26.8036 18.0255 -0.0487787 -0.435458 450.638 0 0
1500 87.3857 27.2812 17.9811 0.438107 0.495724 442.525 0 0
1500 131.423 50.2892 17.8209 1.112 0.859537 442.458 0 0
1500 0.635062 32.1519 17.8552 -0.87107 0.561165 445.095 0 0
1500 109.935 -7.44267 18.2727 0.891637 -0.153147 446.423 0 0
1500 82.9762 37.5127 17.9232 0.462329 0.610465 444.654 0 0
1500 112.632 36.3384 17.9093 0.875492 0.565733 447.737 0 0
1500 92.5541 56.3924 17.9097 0.579671 0.856317 447.97 0 0
1500 98.2909 55.3168 17.8083 0.634039 0.89759 446.097 0 0
1500 77.5186 -19.9325 17.9665 0.334458 -0.327396 451.299 0 0
1500 30.5673 49.9331 17.98 -0.443035 0.900354 440.482 0 0
1500 41.5562 50.4239 18.0778 -0.270583 0.812565 445.818 0 0
1500 77.4401 -55.1945 17.8554 0.388105 -0.898716 441.863 0 0
1500 79.5033 31.2796 17.9272 0.30197 0.50631 451.293 0 0
1500 57.6671 2.79901 17.9256 -0.0069188 0.120947 443.731 0 0
1500 51.0053 64.8323 17.8957 -0.105438 1.03552 447.094 0 0
1500 89.6829 46.7474 17.8681 0.553621 0.743668 445.609 0 0
1500 87.1345 52.4685 17.8682 0.487384 0.786038 449.336 0 0
1500 117.697 -23.1889 17.8652 0.932775 -0.30274 448.858 0 0
1500 53.8209 45.9496 18.0775 -0.129642 0.748958 440.698 0 0
1500 11.7617 40.4915 17.8809 -0.707579 0.635981 449.381 0 0
1500 124.971 20.1208 17.8824 1.02321 0.334692 449.599 0 0
1500 98.2403 -27.3843 17.9637 0.600571 -0.454805 450.84 0 0
1500 108.549 -15.302 17.8536 0.849055 -0.246435 445.634 0 0
1500 80.0718 7.69625 17.8711 0.380512 0.095766 451.522 0 0
1500 112.125 11.9667 18.0592 0.909594 0.212877 446.845 0 0
1500 73.1314 29.8152 18.0202 0.304557 0.518236 445.353 0 0
1500 105.983 13.2127 18.0106 0.79907 0.259722 446.197 0 0
1500 103.74 13.2045 18.0146 0.709363 0.240708 451.369 0 0
1500 117.454 -44.5503 18.1915 1.05295 -0.795466 441.566 0 0
1500 7.94595 -40.5514 17.8091 -0.728689 -0.661146 449.261 0 0
1500 57.2642 1.4809 17.8294 -0.00532091 0.101231 444.054 0 0
1500 42.58 32.8075 17.8185 -0.233316 0.586588 444.796 0 0
1500 93.8432 20.7021 18.2148 0.592252 0.388633 446.798 0 0
1500 89.3452 -22.3748 17.9156 0.570217 -0.349972 445.606 0 0
1500 54.8292 -58.7056 17.8522 -0.0405422 -0.963238 446.882 0 0
1500 72.4019 -41.6473 17.8368 0.260457 -0.709499 445.577 0 0
1500 76.788 -49.9497 17.9489 0.295314 -0.778271 451.267 0 0
1500 10.9401 -32.2577 17.9489 -0.85831 -0.521906 441.306 0 0
1500 60.9371 -11.6114 17.8594 0.0820735 -0.223473 451.647 0 0
1500 -82.7443 123.613 17.7994 -2.162 1.88025 448.106 0 0
1500 55.4362 14.3521 17.9724 -0.0787561 0.277515 445.311 0 0
1500 93.905 -2.68608 18.0836 0.587979 -0.0749733 452.879 0 0
1500 105.736 -4.91236 18.0771 0.758897 -0.10684 452.288 0 0
1500 62.6361 49.2745 18.1402 0.101681 0.919224 440.341 0 0
1500 123.089 9.09625 17.8841 1.02412 0.189953 448.837 0 0
1500 79.0389 59.647 17.8874 0.360383 0.915475 450.67 0 0
1500 61.4794 51.2032 17.8439 0.127842 0.820798 445.854 0 0
1500 119.524 -19.8528 17.8428 1.03417 -0.290797 445.897 0 0
1500 81.5556 -30.7284 17.9711 0.363829 -0.498417 453.189 0 0
1500 89.5609 33.1447 17.9039 0.519512 0.494394 452.625 0 0
1500 95.4838 37.455 18.2689 0.639647 0.627815 449.09 0 0
1500 64.5461 -20.077 17.8787 0.0489476 -0.366513 445.964 0 0
1500 102.228 31.8036 17.8345 0.695856 0.569377 446.487 0 0
1500 39.4303 90.8802 17.9235 -0.371719 1.46326 444.376 0 0
1500 48.0175 -17.2266 17.8671 -0.155481 -0.308546 453.638 0 0
1500 77.401 -26.3694 17.8616 0.283784 -0.484757 446.509 0 0
1500 73.6228 29.8579 17.8744 0.290505 0.526442 446.755 0 0
1500 80.8958 38.9619 17.8703 0.368101 0.609388 452.913 0 0
1500 87.0327 -28.9072 17.9347 0.41996 -0.51114 447.339 0 0
1500 121.605 54.698 17.8978 1.1145 0.888807 443.983 0 0
1500 -69.9742 -17.1234 17.8712 -2.04021 -0.29985 447.322 0 0
1500 110.682 7.32626 17.9613 0.917427 0.0751666 445.508 0 0
1500 60.085 1.94311 17.9685 0.0602256 0.112782 442.373 0 0
1500 57.4823 22.1493 17.9428 0.0621485 0.347198 454.648 0 0
1500 117.938 -22.6058 17.888 0.975314 -0.340762 450.071 0 0
1500 118.025 24.2831 17.8891 0.952837 0.348783 451.747 0 0
1500 104.644 3.76982 17.9025 0.738391 0.0494054 453.615 0 0
1500 107.94 44.3328 17.8872 0.820299 0.651189 450.574 0 0
1500 63.7497 -19.8569 18.3837 0.119657 -0.334144 456.438 0 0
1500 -0.951404 -24.7558 17.8494 -0.898657 -0.456743 448.131 0 0
1500 95.3872 12.4295 17.8944 0.602544 0.184508 454.035 0 0
1500 -12.7 53.4718 17.8981 -1.21981 0.854888 445.076 0 0
1500 24.7553 55.4098 17.9012 -0.502729 0.965522 445.295 0 0
1500 94.2752 -54.961 17.8318 0.618746 -0.812865 449.872 0 0
1500 95.744 52.0442 17.8339 0.61972 0.764941 452.138 0 0
1500 97.9623 -44.7042 17.8356 0.681634 -0.666596 449.126 0 0
1500 94.3757 -12.0788 17.8508 0.583441 -0.160055 454.082 0 0
1500 88.9916 48.2844 18.0257 0.554863 0.764723 449.812 0 0
1500 66.1791 -5.24515 18.3824 0.223569 -0.150571 449.062 0 0
1500 28.2985 -56.6137 17.8024 -0.449399 -0.896006 452.164 0 0
1500 53.9886 37.1838 18.0808 -0.0528316 0.721255 442.104 0 0
1500 14.3655 13.289 17.8231 -0.662789 0.2457 454.161 0 0
1500 87.1703 -11.3269 17.9145 0.425167 -0.244126 448.082 0 0
1500 59.8475 -64.5985 17.8934 0.000916583 -0.999269 452.716 0 0
1500 71.8558 -65.7716 17.8906 0.177659 -1.03269 451.618 0 0
1500 95.0644 -54.6931 17.8902 0.576314 -0.875168 451.736 0 0
1500 85.7947 -13.5715 18.2225 0.56321 -0.247017 446.434 0 0
1500 84.448 -21.4978 17.8176 0.343298 -0.368266 455.047 0 0
1500 87.6798 -10.7773 17.8179 0.431222 -0.241091 448.056 0 0
1500 76.103 -48.9396 17.9847 0.264826 -0.812345 449.97 0 0
1500 53.8426 -32.49 17.8676 -0.0888806 -0.576683 448.697 0 0
1500 74.0923 -28.5272 17.8699 0.203866 -0.466112 455.483 0 0
1500 -46.1342 79.2635 17.7996 -1.63283 1.19602 451.278 0 0
1500 113.795 19.9709 17.9275 0.92637 0.28472 450.897 0 0
1500 92.9987 -17.2188 18.4749 0.601629 -0.286957 457.599 0 0
1500 19.4086 15.6525 17.8672 -0.580508 0.262121 457.422 0 0
1500 65.5505 -46.0613 18.1092 0.122105 -0.763042 451.044 0 0
1500 76.48 61.2747 17.8611 0.279731 0.96158 453.593 0 0
1500 69.8521 2.62148 18.1201 0.201485 0.115403 449.557 0 0
1500 56.2323 2.0288 18.1213 -0.00861202 0.106382 449.484 0 0
1500 66.0241 -10.272 17.9606 0.215054 -0.179721 449.118 0 0
1500 86.6177 -55.7971 18.1828 0.581927 -1.00591 443.209 0 0
1500 57.8824 31.7295 18.3556 0.0213646 0.53933 451.046 0 0
1500 85.8307 -31.1621 18.1333 0.473176 -0.548099 450.745 0 0
1500 69.7417 -63.3523 18.0971 0.258282 -1.08534 447.382 0 0
1500 122.858 10.5575 17.8871 1.03609 0.154714 453.172 0 0
1500 31.7353 -12.2724 18.0439 -0.409626 -0.25931 450.181 0 0
1500 109.164 -55.008 18.0157 0.953134 -0.977143 443.768 0 0
1500 80.877 -44.2846 17.964 0.413139 -0.732876 451.151 0 0
1500 92.5522 -49.944 17.9562 0.581233 -0.805794 452.225 0 0
1500 75.2559 5.28794 18.3913 0.410355 0.0767666 451.512 0 0
1500 53.7785 -16.2963 17.9481 -0.0456252 -0.33099 449.77 0 0
1500 80.1187 -22.7615 17.9424 0.361923 -0.428967 450.159 0 0
1500 48.8662 -51.6229 17.9329 -0.111254 -0.80271 456.001 0 0
1500 79.3846 -20.1864 17.8759 0.372766 -0.292414 456.9 0 0
1500 91.5627 -30.0128 17.8685 0.548212 -0.433907 456.288 0 0
1500 74.4765 -54.2055 17.8475 0.298864 -0.883268 451.824 0 0
1500 78.1619 -17.4247 17.9115 0.303914 -0.346366 450.471 0 0
1500 35.6653 -29.8014 17.9079 -0.322203 -0.486831 457.329 0 0
1500 63.1682 -94.2477 17.8622 0.00998167 -1.53246 449.401 0 0
1500 104.235 -21.6362 17.851 0.785956 -0.401394 449.638 0 0
1500 57.6723 56.0673 17.8523 0.00577215 0.927175 452.517 0 0
1500 110.75 41.1735 17.8457 0.79245 0.684082 454.14 0 0
1500 73.5203 -26.586 17.9915 0.324734 -0.450807 451.611 0 0
1500 93.334 -54.0869 17.9702 0.605324 -0.840256 454.284 0 0
1500 99.093 -17.5106 17.8944 0.65346 -0.272293 457.733 0 0
1500 80.1507 31.9249 18.0682 0.390029 0.490451 458.713 0 0
1500 78.91 43.4406 18.1271 0.347546 0.804635 446.994 0 0
1500 84.5329 46.8751 17.8719 0.430876 0.786369 452.766 0 0
1500 46.9496 57.4698 17.8717 -0.132864 0.892172 456.85 0 0
1500 129.057 0.0140811 17.9272 1.22268 -0.0388648 449.003 0 0
1500 10.0551 -130.99 17.8484 -0.723961 -2.14025 450.443 0 0
1500 45.3291 18.5519 17.9378 -0.260053 0.268236 451.46 0 0
1500 -4.99447 20.6328 17.9117 -0.995912 0.287114 454.48 0 0
1500 109.165 33.614 17.8521 0.756162 0.581516 453.236 0 0
1500 24.8374 50.3072 17.8506 -0.518922 0.831367 453.468 0 0
1500 24.4107 34.1472 17.8622 -0.493573 0.551977 457.736 0 0
1500 96.3299 26.9457 17.8862 0.673788 0.466569 450.791 0 0
1500 45.2194 2.53532 17.9953 -0.256057 0.031627 451.745 0 0
1500 25.5599 -25.4223 18.0343 -0.508935 -0.44895 453.199 0 0
1500 82.7469 61.4657 17.9227 0.423728 0.955712 455.635 0 0
1500 113.555 -29.7153 18.0705 0.982339 -0.603763 444.831 0 0
1500 104.228 -3.22179 18.0517 0.805245 -0.0355922 453.405 0 0
1500 96.4174 -3.03931 17.9233 0.615258 -0.068137 458.85 0 0
1500 92.0354 -29.6338 17.9173 0.603893 -0.481893 452.933 0 0
1500 99.0538 43.817 17.8707 0.659248 0.663039 457.344 0 0
1500 102.918 -46.7175 17.9755 0.753716 -0.715381 455.513 0 0
1500 83.9145 14.3484 17.876 0.483768 0.212272 452.252 0 0
1500 88.7415 -5.67382 17.8748 0.558048 -0.0987589 452.336 0 0
1500 103.938 -48.3962 17.8531 0.756296 -0.725735 455.541 0 0
1500 41.7364 63.4464 17.8305 -0.291374 0.972872 456.597 0 0
1500 71.5022 -12.9044 17.8773 0.289781 -0.180676 452.036 0 0
1500 91.9935 -38.0982 17.8617 0.598321 -0.563335 453.267 0 0
1500 106.477 36.0711 17.8534 0.807017 0.563963 454.339 0 0
1500 95.384 53.2875 17.8507 0.633406 0.81533 455.005 0 0
1500 0.187749 -19.9931 17.8471 -0.943318 -0.306172 454.41 0 0
1500 -5.52146 19.7858 17.844 -1.00695 0.286691 455.885 0 0
1500 51.7418 -2.69398 17.8739 -0.154337 -0.0421956 459.727 0 0
1500 60.7188 -12.4811 18.126 0.124483 -0.200479 462.386 0 0
1500 125.589 27.0615 17.9853 1.2056 0.402609 447.407 0 0
1500 93.4806 -0.81931 17.8434 0.619428 0.0228972 452.521 0 0
1500 86.9259 54.5685 17.8288 0.481736 0.820944 457.336 0 0
1500 112.398 11.5543 17.9214 0.90426 0.27202 448.985 0 0
1500 75.0386 30.4241 17.9018 0.332559 0.517958 453.079 0 0
1500 91.0857 22.5339 17.8987 0.578518 0.394424 453.327 0 0
1500 116.726 -31.012 17.9197 1.00833 -0.449814 451.3 0 0
1500 103.309 24.8127 17.9567 0.740373 0.444069 454.414 0 0
1500 88.3922 57.1541 17.9473 0.500694 0.91153 456.134 0 0
1500 105.036 -32.787 17.8565 0.723829 -0.573821 454.474 0 0
1500 62.7142 -39.7744 17.8691 0.0750945 -0.631184 459.562 0 0
1500 29.3563 -21.5634 17.8704 -0.434644 -0.41164 453.143 0 0
1500 94.4529 -22.601 18.2957 0.626373 -0.475973 445.568 0 0
1500 16.4314 167.217 17.969 -0.630649 2.86287 448.534 0 0
1500 81.3511 -11.0742 17.8382 0.375208 -0.205715 460.659 0 0
1500 66.916 -63.2222 17.8142 0.184684 -1.00278 456.017 0 0
1500 89.5359 10.6972 17.8347 0.543559 0.110678 453.644 0 0
1500 30.2735 -62.2428 17.8127 -0.362184 -0.979611 456.593 0 0
1500 81.504 -52.9946 17.8206 0.386336 -0.812849 459.002 0 0
1500 -4.28342 9.22513 17.947 -0.993066 0.197871 454.673 0 0
1500 83.3229 60.8701 17.8598 0.421117 0.949011 457.994 0 0
1500 85.8925 37.5436 17.8722 0.480456 0.636042 454.911 0 0
1500 108.989 11.319 17.924 0.821132 0.125859 458.051 0 0
1500 40.0957 -36.638 17.8544 -0.352624 -0.563454 454.864 0 0
1500 49.0393 -21.1448 17.9151 -0.207716 -0.318838 454.496 0 0
1500 99.0797 34.8505 17.9044 0.698433 0.5393 457.332 0 0
1500 -32.7113 -12.2065 17.8774 -1.42012 -0.167734 457.58 0 0
1500 83.5306 -35.3527 18.0598 0.478383 -0.602102 455.225 0 0
1500 72.1209 -57.7631 17.9086 0.224937 -0.899383 460.369 0 0
1500 100.956 -38.1651 17.9107 0.635983 -0.615657 460.659 0 0
1500 44.6674 18.349 17.8982 -0.252435 0.227209 454.912 0 0
1500 79.5411 -25.4441 17.9531 0.361515 -0.408037 462.352 0 0
1500 114.351 -26.3007 17.9329 0.905947 -0.448411 457.828 0 0
1500 19.205 46.5098 17.8067 -0.560386 0.774991 456.87 0 0
1500 62.3861 -48.4815 17.8642 0.0161095 -0.797607 456.161 0 0
1500 4.18536 -3.73412 17.9078 -0.862177 -0.00156695 456.708 0 0
1500 77.0878 -58.8285 17.7978 0.243979 -0.953463 457.28 0 0
1500 52.2418 3.54655 17.8244 -0.136942 -0.0104123 454.81 0 0
1500 -9.72044 -0.463253 17.7943 -1.04257 -0.0689241 458.958 0 0
1500 98.3001 -47.1045 17.7989 0.566526 -0.778478 457.081 0 0
1500 105.377 19.4032 17.9633 0.773876 0.361511 457.17 0 0
1500 107.702 37.1479 17.8127 0.820544 0.535453 457.63 0 0
1500 15.7733 -18.2087 17.8085 -0.697672 -0.341716 456.598 0 0
1500 79.553 -62.0546 17.8767 0.320932 -0.99399 458.957 0 0
1500 18.9661 -53.877 17.8775 -0.568273 -0.858985 460.038 0 0
1500 59.1586 -9.60484 18.1319 -0.0577198 -0.135539 448.108 0 0
1500 107.692 29.7654 17.8914 0.769056 0.443667 462.796 0 0
1500 66.3157 -12.6446 18.0207 0.211059 -0.244524 456.647 0 0
1500 22.1965 49.2108 17.8859 -0.566346 0.748128 461.442 0 0
1500 6.94568 38.2251 17.8832 -0.790806 0.594252 460.976 0 0
1500 42.5251 65.4579 17.8798 -0.281945 1.00924 459.537 0 0
1500 57.2159 -48.4809 18.0017 0.0282782 -0.811387 457.614 0 0
1500 140.338 10.3842 17.8811 1.31627 0.151459 458.726 0 0
1500 32.7683 -28.7583 18.1671 -0.428999 -0.487378 455.434 0 0
1500 53.8994 35.8177 17.9663 0.00624681 0.633276 453.374 0 0
1500 27.12 68.0952 17.817 -0.546016 1.08445 457.137 0 0
1500 72.7789 -58.8405 17.8283 0.195673 -0.959372 458.412 0 0
1500 101.155 -30.5671 17.8357 0.633707 -0.540037 457.445 0 0
1500 96.3019 4.68381 18.3828 0.696811 0.0104842 458.526 0 0
1500 82.7845 -70.3575 17.9518 0.473446 -1.13305 456.264 0 0
1500 114.18 -4.75751 18.2127 0.955123 -0.0493684 459.939 0 0
1500 38.7562 -55.7496 17.8277 -0.329868 -0.909039 458.788 0 0
1500 83.6437 -43.4893 17.838 0.328773 -0.679329 463.168 0 0
1500 62.0286 -64.1135 17.8245 0.0228975 -1.02524 459.534 0 0
1500 41.4373 -62.0959 17.824 -0.284921 -0.992862 459.679 0 0
1500 44.1324 -21.9036 17.8474 -0.255177 -0.409017 456.916 0 0
1500 99.0369 -35.5882 17.8337 0.590223 -0.611401 458.066 0 0
1500 0.538464 10.4743 17.8303 -0.912863 0.0935194 458.459 0 0
1500 115.359 1.36182 18.0146 0.945197 0.0665154 459.47 0 0
1500 179.477 26.9683 18.3605 2.23891 0.538474 449.689 0 0
1500 97.1003 26.9383 17.8703 0.687163 0.395554 457.107 0 0
1500 -3.33521 -1.49831 17.8415 -0.953107 0.0486059 459.075 0 0
1500 2.54346 37.6023 17.8363 -0.841032 0.623928 460.881 0 0
1500 58.4096 26.0403 17.8618 -0.0163219 0.430936 464.42 0 0
1500 27.7889 60.8906 17.8336 -0.51438 0.897395 461.386 0 0
1500 68.625 7.57751 18.0258 0.246141 0.157416 460.103 0 0
1500 79.625 -34.8961 18.0758 0.428816 -0.567593 459.112 0 0
1500 137.132 -19.9432 18.0201 1.37951 -0.378971 454.354 0 0
1500 11.4502 -17.0784 17.8174 -0.793448 -0.257506 458.93 0 0
1500 22.3236 -32.395 17.9751 -0.601522 -0.503919 459.339 0 0
1500 66.0263 3.80037 17.992 0.0667786 0.0494672 458.076 0 0
1500 84.522 -33.6994 18.0076 0.500953 -0.556205 458.512 0 0
1500 147.055 27.9517 17.8048 1.32925 0.466353 462.921 0 0
1500 117.484 31.7449 18.3463 1.08511 0.567929 455.809 0 0
1500 54.8965 -65.142 17.8696 -0.0868697 -1.02932 461.41 0 0
1500 65.4526 57.4094 17.8212 0.188318 0.882403 459.932 0 0
1500 45.789 14.9788 17.897 -0.226064 0.242555 466.286 0 0
1500 84.8062 4.7057 18.1955 0.478795 0.148893 459.065 0 0
1500 28.3476 -22.8071 17.8329 -0.537024 -0.393066 458.593 0 0
1500 66.7501 -8.09963 17.9189 0.219785 -0.150901 458.889 0 0
1500 79.2037 9.98623 17.9157 0.412708 0.130823 459.101 0 0
1500 39.8203 57.8715 17.8343 -0.238863 0.948922 460.45 0 0
1500 77.6685 16.3973 17.8704 0.354756 0.318608 459.498 0 0
1500 110.207 39.4523 17.8297 0.835833 0.629409 462.876 0 0
1500 49.7067 -25.9072 18.2392 -0.105222 -0.412313 468.419 0 0
1500 69.5321 -40.18 18.231 0.183928 -0.669485 461.777 0 0
1500 88.5899 44.2084 17.9771 0.514818 0.731178 462.16 0 0
1500 120.761 52.8936 17.9043 1.05384 0.889309 459.549 0 0
1500 126.668 -23.2502 17.985 1.16189 -0.354866 460.671 0 0
1500 119.792 28.6918 17.9247 1.02721 0.405838 461.587 0 0
1500 27.499 -5.68917 17.8749 -0.491073 -0.0894936 468.156 0 0
1500 63.733 -23.5956 17.8692 0.0640954 -0.440478 460.586 0 0
1500 46.2643 -20.3281 17.8704 -0.18697 -0.349838 467.868 0 0
1500 68.7632 47.005 17.8654 0.122486 0.728684 467.045 0 0
1500 35.7298 -9.69114 18.0857 -0.346323 -0.150313 468.874 0 0
1500 82.4479 40.2084 18.3007 0.417243 0.746967 456.56 0 0
1500 59.7179 103.639 17.9862 -0.00101231 1.72375 459.297 0 0
1500 63.7845 27.735 18.1416 0.045414 0.440713 458.668 0 0
1500 63.4632 -61.1466 17.8903 0.0729569 -0.991498 463.633 0 0
1500 73.0956 14.5454 18.028 0.331765 0.247341 461.868 0 0
1500 76.1178 19.4092 18.0272 0.340368 0.290041 469.112 0 0
1500 121.74 -39.7891 18.0297 1.12474 -0.699721 458.305 0 0
1500 113.13 -22.7049 18.0047 0.965045 -0.329863 460.366 0 0
1500 79.9468 -45.0353 17.8683 0.391637 -0.745434 462.645 0 0
1500 89.1168 -47.7279 17.9323 0.57449 -0.752344 461.874 0 0
1500 46.0569 20.2003 18.1396 -0.168783 0.335105 470.34 0 0
1500 17.736 -40.0743 17.8138 -0.678008 -0.650478 463.746 0 0
1500 34.7618 21.2849 17.8311 -0.429818 0.289454 462.119 0 0
1500 119.207 24.1054 17.8885 0.98743 0.345644 465.734 0 0
1500 107.561 6.48919 17.9018 0.781161 0.0814179 468.669 0 0
1500 84.9107 29.9035 17.9453 0.441148 0.479748 468.583 0 0
1500 68.2734 44.8401 17.9425 0.205833 0.695276 468.242 0 0
1500 61.8303 31.2779 17.9499 0.112552 0.495898 469.062 0 0
1500 101.263 12.0965 18.0382 0.729188 0.24635 463.966 0 0
1500 130.122 23.9482 17.8503 1.13284 0.365482 466.588 0 0
1500 75.1653 68.1776 17.8407 0.343456 1.082 462.616 0 0
1500 111.073 -31.9604 17.852 0.907674 -0.517945 462.575 0 0
1500 114.951 -13.5767 18.104 0.952907 -0.229181 465.978 0 0
1500 105.425 -12.1889 17.852 0.797896 -0.220591 464.526 0 0
1500 92.2505 -28.8374 17.9462 0.532582 -0.466373 470.494 0 0
1500 90.6403 -27.112 17.9475 0.509045 -0.441327 470.613 0 0
1500 86.2155 -17.5852 17.8812 0.398036 -0.316843 470.896 0 0
1500 55.2205 -23.9164 17.8838 -0.0367271 -0.404543 471.095 0 0
1500 96.705 -7.62839 17.8791 0.573147 -0.174375 470.548 0 0
1500 87.9148 -9.52373 17.8809 0.493453 -0.220935 464.185 0 0
1500 122.973 -6.79914 17.909 1.04178 -0.113961 467.457 0 0
1500 13.729 -76.2089 17.856 -0.714703 -1.18714 466.95 0 0
1500 73.3089 54.5154 17.9275 0.224962 0.987954 460.054 0 0
1500 108.13 38.5827 17.9381 0.794729 0.60226 469.582 0 0
1500 102.82 11.1148 17.9484 0.759725 0.217495 465.783 0 0
1500 52.0046 -9.56121 18.0512 -0.117825 -0.0912765 465.155 0 0
1500 39.3167 55.9954 17.9979 -0.292774 1.00302 461.362 0 0
1500 18.5014 27.966 17.8846 -0.658477 0.379165 465.788 0 0
1500 81.9799 56.1998 17.8195 0.377185 0.876875 469.989 0 0
1500 75.1043 15.1043 17.9666 0.358091 0.245108 465.342 0 0
1500 42.5781 9.64359 17.9688 -0.289725 0.109177 465.568 0 0
1500 53.8931 -28.2772 18.1076 -0.0504133 -0.506966 466.534 0 0
1500 70.8928 -5.07742 18.0138 0.190723 -0.149665 466.15 0 0
1500 72.1997 28.5487 17.9804 0.218497 0.51521 467.31 0 0
1500 89.3138 -29.1081 18.1968 0.570564 -0.496386 468.798 0 0
1500 32.7858 12.8186 17.9561 -0.359592 0.245215 474.322 0 0
1500 100.041 -42.9018 17.9161 0.717845 -0.660723 469.344 0 0
1500 75.4131 -63.6414 17.964 0.29339 -1.00623 470.913 0 0
1500 115.588 -14.741 17.9281 0.909274 -0.216558 472.767 0 0
1500 87.9603 33.5163 17.9369 0.549143 0.508175 468.217 0 0
1500 106.621 -23.5065 17.9325 0.774482 -0.339424 473.333 0 0
1500 -3.32551 7.25637 17.8454 -0.954135 0.0918816 472.324 0 0
1500 15.7011 30.2341 17.8509 -0.720239 0.448994 468.403 0 0
1500 37.7657 27.0305 17.8639 -0.351133 0.367066 474.262 0 0
1500 32.6838 -31.3706 17.9656 -0.4229 -0.539159 468.578 0 0
1500 52.1397 40.8529 17.9885 -0.105887 0.693587 468.899 0 0
1500 -56.3784 49.2935 18.0055 -1.93285 0.909428 463.899 0 0
1500 111.55 -46.1954 17.9641 0.884362 -0.706958 472.026 0 0
1500 43.3405 22.6 18.0119 -0.21615 0.374622 477.501 0 0
1500 92.579 13.5585 17.8854 0.545957 0.235284 476.528 0 0
1500 130.885 -53.707 17.9328 1.14432 -0.884337 471.497 0 0
1500 110.354 -14.6511 18.0278 0.859036 -0.282311 471.895 0 0
1500 90.6428 -25.757 18.192 0.545149 -0.485733 469.012 0 0
1500 62.7973 -13.7181 17.9053 0.122068 -0.281154 470.486 0 0
1500 124.749 -5.8236 17.7941 1.02446 -0.140562 474.953 0 0
1500 55.561 -66.1763 17.7948 0.00878767 -1.02334 475.163 0 0
1500 75.928 -45.845 17.8077 0.298549 -0.706191 477.062 0 0
1500 121.572 5.6907 17.8246 0.969916 0.0302181 476.786 0 0
1500 80.5593 -2.31966 17.8471 0.364197 -0.0829686 479.082 0 0
1500 118.393 18.4276 17.8236 0.963303 0.223724 473.96 0 0
1500 103.955 18.6507 17.9146 0.756377 0.347012 473.271 0 0
1500 108.918 -46.396 17.7901 0.817801 -0.654361 475.389 0 0
1500 122.008 16.5486 17.79 1.01007 0.280454 475.541 0 0
1500 102.349 29.4367 17.7988 0.741342 0.486512 473.468 0 0
1500 103.389 -39.4752 17.7987 0.711279 -0.533241 477.694 0 0
1500 50.4538 -6.5529 18.2051 -0.209382 -0.107943 465.591 0 0
1500 88.1976 21.8917 18.0758 0.569579 0.333078 474.569 0 0
1500 105.931 -29.997 18.0634 0.824408 -0.450918 475.849 0 0
1500 106.781 -12.0097 18.07 0.786078 -0.170293 480.185 0 0
1500 100.227 31.9564 17.8417 0.673718 0.451766 479.421 0 0
1500 103.759 33.5624 18.0043 0.772231 0.549548 475.786 0 0
1500 130.03 -25.3784 17.9607 1.15427 -0.407864 476.91 0 0
1500 30.3998 -13.4566 17.8551 -0.497953 -0.242593 474.418 0 0
1500 76.4508 26.2154 18.1888 0.262015 0.436463 476.412 0 0
1500 60.9859 43.4423 17.8282 0.0465815 0.685917 481.49 0 0
1500 126.822 12.2063 17.8133 1.06783 0.114211 478.105 0 0
1500 102.2 -7.87005 17.9431 0.773241 -0.194566 473.408 0 0
1500 141.22 -4.5644 17.8253 1.35813 -0.130547 475.744 0 0
1500 58.6936 44.8711 17.8307 -0.048925 0.676622 483.005 0 0
1500 74.2408 66.9108 17.8128 0.178798 1.03268 479.992 0 0
1500 52.1069 -5.42635 17.8428 -0.157588 -0.0392626 476.094 0 0
1500 21.696 22.8647 17.8282 -0.624426 0.398068 477.152 0 0
1500 114.1 31.1563 17.8147 0.813644 0.537955 479.765 0 0
1500 68.3549 -37.525 17.9997 0.237801 -0.626451 478.423 0 0
1500 80.3725 41.6833 18.06 0.380749 0.707316 479.335 0 0
1500 75.7251 -49.5895 18.0344 0.292332 -0.824683 479.883 0 0
1500 56.5527 -5.72497 18.0548 0.00274791 -0.166149 478.225 0 0
1500 -1.24595 22.2357 17.8482 -0.947658 0.371875 480.956 0 0
1500 51.6369 65.4533 17.8476 -0.155608 1.01601 481.14 0 0
1500 93.0386 37.5689 17.828 0.544388 0.589994 485.654 0 0
1500 67.7407 21.5443 17.8416 0.180764 0.355635 486.825 0 0
1500 52.4581 96.1047 18.1026 -0.110983 1.63448 477.446 0 0
1500 -3.86018 8.48314 17.7997 -1.00304 0.156462 482.753 0 0
1500 85.5747 52.3944 17.8197 0.460995 0.854155 482.871 0 0
1500 63.3537 65.5305 17.8167 0.120381 1.01698 485.211 0 0
1500 97.9634 52.1655 17.8153 0.635295 0.833345 484.246 0 0
1500 102.037 12.1405 17.8297 0.723082 0.249293 481.693 0 0
1500 37.2184 43.726 17.8289 -0.267748 0.73538 480.411 0 0
1500 85.1629 12.5227 17.9603 0.506546 0.223566 481.722 0 0
1500 28.3885 52.2328 17.8965 -0.430604 0.819418 488.145 0 0
1500 47.6017 -41.933 17.9404 -0.181018 -0.711389 483.776 0 0
1500 -30.038 60.6802 17.9359 -1.51837 0.97139 481.269 0 0
1500 106.455 -44.0921 17.8876 0.843045 -0.789176 481.414 0 0
1500 120.508 -10.0748 17.8138 0.99553 -0.199306 491.007 0 0
1500 116.721 -19.621 17.8517 0.974756 -0.264221 491.016 0 0
1500 57.2916 74.9699 17.8267 0.0385848 1.21901 497.137 0 0
