Total number of secondary electrons: 2291
1500 116.091 -21.5101 17.6074 1.51856 -0.520049 237.901 0 0
1500 89.8103 6.89639 15.7256 0.659872 0.129566 280.785 0 0
1500 121.673 15.0617 16.0479 1.34763 0.292138 280.832 0 0
1500 89.3961 -1.92094 15.7195 0.65558 0.0283311 280.875 0 0
1500 86.2721 -6.14026 15.96 0.647878 -0.128369 293.335 0 0
1500 82.9795 18.9919 14.4008 0.393694 0.26324 298.029 0 0
1500 90.2996 23.6403 14.4175 0.47244 0.313195 298.366 0 0
1500 90.0139 -4.57698 15.9992 0.641254 -0.088102 300.745 0 0
1500 89.2517 -9.18078 16.0999 0.644268 -0.11448 302.707 0 0
1500 82.7418 9.43167 15.8658 0.532402 0.140566 302.835 0 0
1500 104.905 -21.6562 15.9059 0.899897 -0.34738 304.145 0 0
1500 88.3385 16.3194 14.7612 0.409352 0.229111 304.797 0 0
1500 83.5419 0.141754 16.4515 0.585657 0.0446631 305.233 0 0
1500 94.3954 -1.53662 15.1911 0.551272 0.00909144 312.051 0 0
1500 84.6491 3.57201 16.6151 0.590828 0.014424 312.254 0 0
1500 94.717 12.5421 14.6942 0.482066 0.200457 312.421 0 0
1500 106.423 -8.52347 16.2251 0.882247 -0.141361 312.669 0 0
1500 98.2417 27.5514 15.0935 0.611106 0.372152 313.785 0 0
1500 97.6697 -0.650993 15.747 0.636636 0.0103824 314.403 0 0
1500 49.9563 43.606 14.6995 -0.141844 0.540246 318.109 0 0
1500 89.7145 13.8617 15.3074 0.507248 0.195888 318.19 0 0
1500 69.1028 -9.7275 14.7619 0.189726 -0.169437 318.54 0 0
1500 77.5219 9.41007 16.4316 0.428477 0.10637 318.725 0 0
1500 97.4017 -2.74025 16.723 0.809234 -0.00487235 320.972 0 0
1500 90.1327 11.9249 16.6159 0.655642 0.166543 323.143 0 0
1500 38.5668 -1.68911 15.0978 -0.258375 -0.0632468 323.191 0 0
1500 104.585 2.8162 15.8243 0.774547 0.022147 323.852 0 0
1500 46.0469 57.0615 15.0761 -0.204197 0.77375 324.275 0 0
1500 119.272 -23.0856 16.7148 1.20925 -0.411452 324.578 0 0
1500 71.1586 -0.913879 15.285 0.185615 0.0407274 324.994 0 0
1500 64.9094 9.88853 15.2846 0.122408 0.150003 324.989 0 0
1500 127.835 -78.127 15.4058 1.14455 -1.19123 325.257 0 0
1500 45.0773 6.17084 15.0057 -0.185482 0.0306462 325.322 0 0
1500 120.026 5.22196 14.9358 0.822976 0.0581317 325.475 0 0
1500 73.1011 8.48658 15.0982 0.164635 0.140029 326.283 0 0
1500 96.2209 -5.00402 16.3457 0.657846 -0.0234791 326.351 0 0
1500 92.8472 -10.8184 16.5109 0.728897 -0.16165 326.568 0 0
1500 60.3918 -5.96238 15.1326 0.0345026 -0.0156624 326.844 0 0
1500 46.0503 -9.31535 15.7477 -0.152539 -0.14292 327.994 0 0
1500 72.2985 -10.8987 15.4155 0.283439 -0.166811 328.097 0 0
1500 173.297 -130.078 15.4113 1.77416 -2.02698 328.269 0 0
1500 134.671 -34.823 15.1768 1.11448 -0.530077 329.541 0 0
1500 72.8046 -10.3378 16.3501 0.332397 -0.174026 329.859 0 0
1500 75.5799 -33.7775 15.0376 0.254753 -0.477813 330.243 0 0
1500 101.779 -33.7336 15.0566 0.60142 -0.445416 330.665 0 0
1500 72.3443 -45.6928 15.0477 0.212754 -0.62468 330.683 0 0
1500 103.112 14.6971 15.4929 0.664869 0.178852 331.382 0 0
1500 94.6958 -49.4651 15.0328 0.48775 -0.664592 331.572 0 0
1500 79.5975 -10.478 16.3733 0.412087 -0.104429 332.305 0 0
1500 76.7835 -3.15742 16.6028 0.402461 -0.0293094 332.317 0 0
1500 92.7612 0.14094 17.0331 0.677629 -0.0346183 332.832 0 0
1500 86.5792 -68.8974 15.0127 0.380717 -0.890926 332.91 0 0
1500 97.2037 6.56378 15.1174 0.491801 0.0670572 334.524 0 0
1500 104.787 54.3375 15.3831 0.738337 0.764373 334.556 0 0
1500 80.2324 8.67903 15.6716 0.398587 0.147243 334.639 0 0
1500 95.056 -1.53557 17.0951 0.715745 -0.0225891 334.746 0 0
1500 108.45 -27.6314 17.6263 1.13105 -0.503415 335.012 0 0
1500 132.488 -5.98014 14.9953 0.915716 -0.135021 335.025 0 0
1500 105.559 17.6676 15.307 0.683252 0.214366 335.699 0 0
1500 112.401 6.09519 16.0775 0.888847 0.045753 335.911 0 0
1500 98.774 -2.96044 15.916 0.718466 0.000389791 336.035 0 0
1500 67.7811 -28.2564 15.1993 0.0847061 -0.34777 336.796 0 0
1500 98.3767 -0.0242095 16.4983 0.701815 -0.000389507 337.081 0 0
1500 31.6528 38.6644 15.3829 -0.375639 0.522266 337.913 0 0
1500 114.7 -49.6705 15.0597 0.681683 -0.617934 337.99 0 0
1500 88.8065 -1.14917 15.5778 0.437391 -0.0154261 338.005 0 0
1500 29.801 1.20465 15.3273 -0.37549 0.043077 338.22 0 0
1500 119.691 -20.0168 15.1039 0.729352 -0.273485 339.146 0 0
1500 115.991 -11.8392 15.122 0.684114 -0.179871 339.568 0 0
1500 53.0048 -6.62151 16.0305 -0.0150024 -0.0866293 340.075 0 0
1500 96.3395 35.4069 16.2297 0.693469 0.595718 340.309 0 0
1500 59.4925 -4.60309 15.2909 -0.00325956 -0.108541 340.436 0 0
1500 12.1856 -22.3099 15.4551 -0.618284 -0.325676 340.715 0 0
1500 127.991 38.5394 15.3999 0.941785 0.560624 340.811 0 0
1500 34.3577 -37.3743 15.3409 -0.314213 -0.512721 341.402 0 0
1500 88.0844 35.5557 15.7149 0.465287 0.473385 341.631 0 0
1500 83.9043 -6.59938 16.2797 0.456608 -0.132817 342.163 0 0
1500 96.8174 -13.0614 16.5181 0.616534 -0.197695 342.997 0 0
1500 82.2513 2.33073 16.3753 0.443997 0.0806652 343.002 0 0
1500 95.0892 10.6897 16.586 0.644391 0.131551 343.173 0 0
1500 80.675 49.7157 15.6556 0.257818 0.681618 344.017 0 0
1500 116.806 -22.1391 16.2546 1.01031 -0.388126 344.449 0 0
1500 12.0541 5.71608 15.5187 -0.627329 0.093559 344.515 0 0
1500 87.7563 -22.4003 16.0702 0.473054 -0.311911 345.241 0 0
1500 31.2957 2.20834 16.1651 -0.365857 0.0290999 345.278 0 0
1500 109.202 62.347 15.6481 0.704695 0.899647 345.71 0 0
1500 83.3999 -4.75355 15.8546 0.355703 -0.121 346.124 0 0
1500 98.5041 36.102 16.1372 0.624382 0.581089 346.245 0 0
1500 93.3103 -10.2644 16.8819 0.616371 -0.150537 346.323 0 0
1500 -8.72634 -34.3745 15.688 -0.839084 -0.472083 347.099 0 0
1500 79.0432 19.8862 16.739 0.378119 0.291837 347.481 0 0
1500 89.9881 18.4714 15.8052 0.476928 0.223276 348.204 0 0
1500 66.2501 36.9737 16.2699 0.147693 0.514099 348.695 0 0
1500 52.8253 -54.5356 15.889 -0.0872633 -0.728414 348.837 0 0
1500 66.8749 13.9034 16.1101 0.192416 0.234021 348.865 0 0
1500 94.8796 -76.5973 15.8316 0.411373 -0.962981 349.032 0 0
1500 98.2204 -1.79137 16.1127 0.585123 -0.0606323 349.325 0 0
1500 28.9312 -43.4682 15.979 -0.420579 -0.5524 349.543 0 0
1500 90.7636 -10.818 16.2846 0.518453 -0.129485 350.01 0 0
1500 62.0611 32.4142 16.4693 0.0656644 0.549096 350.381 0 0
1500 70.3274 -64.9967 16.0079 0.101605 -0.848263 350.528 0 0
1500 86.7599 12.2611 15.9762 0.398331 0.214265 350.68 0 0
1500 77.4309 42.92 16.0149 0.276176 0.603017 351.335 0 0
1500 80.5407 -3.17351 17.7088 0.510108 -0.10948 351.442 0 0
1500 48.9099 -50.8314 16.3096 -0.163593 -0.72383 352.113 0 0
1500 85.9194 -11.2936 17.4682 0.549997 -0.228762 352.278 0 0
1500 76.9574 -9.83473 17.121 0.37287 -0.100262 352.323 0 0
1500 81.9913 12.1108 17.2349 0.45592 0.197431 352.39 0 0
1500 75.913 62.2636 16.085 0.253126 0.837133 352.487 0 0
1500 58.4625 60.3725 16.3525 -0.0018558 0.884787 352.843 0 0
1500 69.8023 -4.78454 16.7472 0.225335 -0.00614172 352.996 0 0
1500 99.9867 -8.76715 17.1149 0.724728 -0.0931917 353.007 0 0
1500 78.0182 -9.86534 17.1932 0.436955 -0.125915 353.261 0 0
1500 91.7671 39.1414 16.5928 0.559817 0.6675 353.353 0 0
1500 63.1396 2.69817 17.0496 0.165728 0.08009 353.504 0 0
1500 88.677 14.3318 17.0766 0.541349 0.202154 353.574 0 0
1500 87.0074 32.5768 16.468 0.456416 0.516073 353.883 0 0
1500 28.1463 49.7481 16.199 -0.334714 0.667002 354.025 0 0
1500 189.311 2.73886 16.6059 2.10672 -0.0261091 354.048 0 0
1500 85.6535 -23.7056 17.3611 0.531045 -0.36403 354.525 0 0
1500 140.684 22.2379 16.336 1.09337 0.310043 354.557 0 0
1500 135.165 28.2096 16.2603 0.974366 0.377733 354.858 0 0
1500 113.613 50.5208 16.4073 0.734632 0.717366 355.223 0 0
1500 109.578 -1.55334 17.0867 0.915316 -0.038812 355.23 0 0
1500 42.9309 -35.9427 16.806 -0.21491 -0.559154 355.298 0 0
1500 61.3451 5.75992 16.9591 0.0690543 0.0815735 355.311 0 0
1500 74.2277 -21.9861 16.8074 0.316518 -0.321374 355.464 0 0
1500 104.176 -61.1613 16.3266 0.630689 -0.782105 355.839 0 0
1500 69.7956 -3.23355 17.2434 0.244771 -0.0972522 356.029 0 0
1500 82.3544 -15.821 17.0975 0.407187 -0.255292 356.24 0 0
1500 293.133 -68.1688 16.72 3.76648 -1.06435 356.767 0 0
1500 67.8302 -10.3538 17.0717 0.168291 -0.169608 356.843 0 0
1500 61.5327 2.8661 16.5431 0.000747133 0.0599299 356.845 0 0
1500 42.6903 -48.3637 17.6514 -0.251267 -0.856531 357.051 0 0
1500 32.4143 0.04753 16.7003 -0.388563 0.0249054 357.638 0 0
1500 58.5108 7.74435 17.1889 0.0516348 0.128984 357.732 0 0
1500 91.29 14.4974 16.5577 0.423287 0.251137 357.808 0 0
1500 71.5624 32.3348 16.5587 0.16156 0.487343 357.861 0 0
1500 76.4675 -1.54455 17.161 0.324441 -0.0449234 357.909 0 0
1500 87.6189 30.9513 16.8248 0.462165 0.477559 357.888 0 0
1500 101.316 8.43726 17.6836 0.857331 0.12101 357.915 0 0
1500 57.6699 58.0611 16.4935 0.0198225 0.818068 358.318 0 0
1500 2.02178 -5.36404 16.576 -0.77201 -0.0481514 358.405 0 0
1500 88.0004 -9.46344 16.709 0.409155 -0.140207 358.704 0 0
1500 87.8081 29.7442 16.4596 0.380201 0.396172 358.834 0 0
1500 67.0056 0.134965 16.7193 0.173148 -0.032529 359.124 0 0
1500 46.2573 35.3605 16.6014 -0.148249 0.538632 359.143 0 0
1500 -7.75386 -28.2787 16.6098 -0.982663 -0.469019 359.216 0 0
1500 36.9852 -34.6442 16.4679 -0.238546 -0.516769 359.274 0 0
1500 27.7161 36.8638 16.5955 -0.393759 0.555686 359.551 0 0
1500 77.3746 10.3751 17.2663 0.399286 0.167397 359.607 0 0
1500 71.1518 15.0573 16.8602 0.215931 0.264738 359.941 0 0
1500 61.4609 -40.609 16.469 0.0816404 -0.609073 360.049 0 0
1500 109.19 -15.8793 16.4592 0.731515 -0.259834 360.067 0 0
1500 48.1827 -58.201 16.4593 -0.0856459 -0.823828 360.348 0 0
1500 96.6346 -24.5613 16.881 0.685811 -0.355476 360.68 0 0
1500 104.427 -7.47412 16.7265 0.705472 -0.128555 360.741 0 0
1500 85.2918 4.3478 16.8525 0.471621 0.086051 360.759 0 0
1500 59.1426 -19.0822 17.3366 0.0538188 -0.351837 360.776 0 0
1500 92.0547 13.0925 17.2807 0.636102 0.31102 360.825 0 0
1500 33.0057 -15.9482 16.5145 -0.404488 -0.244977 360.99 0 0
1500 26.626 -20.3255 16.8717 -0.489554 -0.283446 361.03 0 0
1500 136.189 4.68149 16.6223 1.22932 0.0415712 361.334 0 0
1500 95.7773 -2.56041 17.2832 0.678312 -0.0986498 361.427 0 0
1500 32.3682 8.61775 16.6378 -0.324669 0.121342 361.453 0 0
1500 14.3749 -1.59316 16.7273 -0.65386 0.0394828 361.506 0 0
1500 76.5708 16.0397 16.9368 0.236918 0.273074 361.932 0 0
1500 143.148 -15.1287 16.5769 1.22604 -0.236215 361.966 0 0
1500 65.1525 -4.23541 16.598 0.0526192 -0.0223138 362.056 0 0
1500 104.808 64.9205 16.5638 0.731738 0.924632 362.058 0 0
1500 86.9493 36.7408 16.6814 0.459519 0.542505 362.125 0 0
1500 57.4302 -75.2699 16.4468 0.0368388 -1.02485 362.31 0 0
1500 74.7059 -21.4817 16.5266 0.245897 -0.269653 362.396 0 0
1500 69.4757 67.1813 16.5071 0.148969 0.957861 363.109 0 0
1500 87.9559 7.38197 17.5076 0.528208 0.154492 363.238 0 0
1500 145.282 114.438 16.6066 1.23629 1.68648 363.326 0 0
1500 7.00024 -33.2337 16.5994 -0.730898 -0.524047 363.289 0 0
1500 73.3496 68.6215 16.5203 0.199609 0.973176 363.404 0 0
1500 47.7561 -35.1907 16.5436 -0.102226 -0.545394 363.516 0 0
1500 16.7699 -19.9033 16.5257 -0.589711 -0.342345 363.855 0 0
1500 29.8712 51.8319 16.7241 -0.423481 0.780787 363.85 0 0
1500 112.563 -29.3879 17.693 1.01641 -0.493286 363.849 0 0
1500 86.6239 10.9645 17.7779 0.510839 0.192114 363.983 0 0
1500 6.10988 -5.12754 16.5796 -0.774821 -0.0828771 364.152 0 0
1500 32.1666 -45.0935 16.5672 -0.315578 -0.676488 364.187 0 0
1500 124.899 -36.2169 16.5402 0.889909 -0.502908 364.436 0 0
1500 96.1863 4.80151 17.7257 0.795113 0.127873 364.598 0 0
1500 86.0644 -5.5025 17.0121 0.417516 -0.0775025 364.68 0 0
1500 117.707 -5.03481 16.5898 0.853046 -0.124783 364.802 0 0
1500 19.9873 66.1571 16.5879 -0.49646 0.923004 364.845 0 0
1500 122.778 20.0744 17.8666 1.2199 0.327815 364.971 0 0
1500 -5.26134 1.1259 16.6128 -0.919468 0.00269815 365.027 0 0
1500 90.8071 -1.63063 18.5168 0.681055 -0.0110063 365.295 0 0
1500 -3.80125 -22.0398 16.6229 -0.896623 -0.309609 365.282 0 0
1500 109.03 41.4303 17.1948 0.83325 0.691264 365.298 0 0
1500 75.4779 -1.30614 17.6054 0.408649 -0.0576954 365.334 0 0
1500 86.0163 -11.4129 17.0621 0.504896 -0.163933 365.431 0 0
1500 2.93235 -39.4641 16.6314 -0.803519 -0.542932 365.497 0 0
1500 106.008 11.7452 17.4496 0.806995 0.184967 365.543 0 0
1500 49.3587 -49.9552 16.8061 -0.098279 -0.747907 365.526 0 0
1500 58.9411 -26.6712 16.6629 -0.00345307 -0.437898 365.711 0 0
1500 125.918 -13.4441 16.629 0.951915 -0.236169 365.808 0 0
1500 47.1884 0.96306 16.7772 -0.175497 0.0708663 365.823 0 0
1500 95.0351 9.26988 17.3826 0.74024 0.147093 366.095 0 0
1500 49.0845 56.2948 16.6786 -0.193963 0.825133 366.167 0 0
1500 36.5247 -6.85822 17.0758 -0.368345 -0.163595 366.566 0 0
1500 93.493 29.9152 16.9813 0.53953 0.472181 366.677 0 0
1500 -14.697 -13.3139 16.6826 -1.02359 -0.188311 366.726 0 0
1500 90.3596 -3.25706 18.1622 0.630746 0.00907271 367.094 0 0
1500 126.709 -10.3848 16.8027 1.04769 -0.215744 367.067 0 0
1500 52.9071 -46.6147 16.9188 -0.0283818 -0.706622 367.154 0 0
1500 97.2448 -23.2892 16.9004 0.589837 -0.384279 367.154 0 0
1500 44.6212 67.8536 16.7078 -0.171619 0.917044 367.196 0 0
1500 115.779 30.5644 16.7667 0.879744 0.400805 367.227 0 0
1500 76.6622 12.4615 17.6133 0.343016 0.178028 367.352 0 0
1500 62.574 -23.1834 16.8068 0.0647074 -0.394158 367.439 0 0
1500 -6.36497 41.3163 16.7173 -0.903993 0.528597 367.514 0 0
1500 44.4408 -30.0162 16.9605 -0.174407 -0.481399 367.508 0 0
1500 73.6007 -5.64907 18.0562 0.367445 -0.0630294 367.658 0 0
1500 77.7407 3.15386 17.7085 0.406808 -0.0221977 367.632 0 0
1500 63.539 -30.0667 16.8123 0.0780199 -0.489302 367.632 0 0
1500 44.8103 -75.0797 16.7126 -0.135109 -1.03749 367.776 0 0
1500 95.536 -17.7103 16.8212 0.523008 -0.315249 367.938 0 0
1500 75.8267 -10.6703 16.9502 0.306971 -0.207461 368.051 0 0
1500 56.3719 -47.6074 16.98 -0.00935259 -0.718204 368.156 0 0
1500 22.8873 53.8324 16.8527 -0.499603 0.785996 368.195 0 0
1500 89.8389 12.1169 17.3863 0.531059 0.227319 368.23 0 0
1500 101.187 -36.5972 16.9407 0.610452 -0.597104 368.275 0 0
1500 75.0191 64.0494 16.8572 0.207433 0.923014 368.324 0 0
1500 67.3969 16.1166 17.3471 0.235999 0.28042 368.353 0 0
1500 83.131 -57.9905 16.9432 0.389147 -0.845977 368.436 0 0
1500 80.2834 -61.3834 16.9509 0.349678 -0.889137 368.656 0 0
1500 59.3631 -66.3226 16.8087 -0.0195753 -0.969746 368.72 0 0
1500 -6.22118 -32.2855 16.7854 -0.88517 -0.426494 368.976 0 0
1500 90.401 -64.8807 16.7435 0.399449 -0.899326 369.07 0 0
1500 15.0752 -41.5087 16.8563 -0.587605 -0.636494 369.064 0 0
1500 69.7966 -0.00448823 17.1145 0.202465 -0.0520187 369.278 0 0
1500 29.8383 -55.929 16.8676 -0.383529 -0.830245 369.402 0 0
1500 71.2103 1.84705 17.0703 0.203876 -0.0420282 369.403 0 0
1500 106.367 46.9785 16.9455 0.701813 0.69152 369.568 0 0
1500 85.6361 78.9357 16.8991 0.466164 1.18321 369.872 0 0
1500 12.2511 -48.2223 16.8305 -0.61507 -0.694797 370.155 0 0
1500 85.89 18.7312 18.6222 0.665378 0.458166 370.141 0 0
1500 60.2647 -1.71972 17.2132 0.0195531 -0.0527017 370.175 0 0
1500 85.8748 -35.9344 18.4309 0.580512 -0.738896 370.361 0 0
1500 99.8092 20.4532 17.2534 0.629403 0.345185 370.479 0 0
1500 77.1153 -3.71448 16.9416 0.343236 -0.0198555 370.562 0 0
1500 94.1339 -5.55459 17.3422 0.554825 -0.143488 370.668 0 0
1500 89.6351 -20.0604 17.3443 0.493128 -0.340454 370.743 0 0
1500 84.8646 -7.84692 17.7891 0.464846 -0.112455 370.858 0 0
1500 120.659 2.6231 18.4868 1.35686 0.0764958 370.879 0 0
1500 64.3026 14.6997 17.6105 0.125064 0.226932 370.907 0 0
1500 74.5503 -5.8154 17.0753 0.206899 -0.131574 370.908 0 0
1500 147.89 -1.19712 17.0682 1.44968 0.0309135 371.057 0 0
1500 61.1087 -20.2558 17.1982 0.0395155 -0.331392 371.205 0 0
1500 117.527 102.864 16.8748 0.853435 1.46541 371.527 0 0
1500 52.3636 -47.8409 17.3908 -0.0589162 -0.756948 371.548 0 0
1500 27.3819 11.7956 17.5813 -0.496851 0.202476 371.694 0 0
1500 77.6708 42.4488 17.2632 0.29604 0.643049 371.805 0 0
1500 75.5576 -19.6647 17.2658 0.276388 -0.37901 372.097 0 0
1500 99.498 9.51654 17.0708 0.621375 0.19983 372.513 0 0
1500 -4.38112 139.798 16.9054 -0.82825 2.01727 372.531 0 0
1500 27.1716 -97.6906 16.9021 -0.491493 -1.36836 372.585 0 0
1500 92.6052 6.51073 17.4552 0.617697 0.14716 372.585 0 0
1500 22.1275 -21.7593 17.0739 -0.521039 -0.355288 372.692 0 0
1500 66.111 10.2355 17.0021 0.0699134 0.192254 372.932 0 0
1500 77.018 42.2249 16.9688 0.339817 0.644116 372.969 0 0
1500 97.1203 -38.8207 17.0038 0.616159 -0.519451 372.983 0 0
1500 63.1819 -20.6099 16.9854 0.0501465 -0.319141 373.462 0 0
1500 56.5445 -60.8699 17.0995 -0.0284007 -0.891441 373.469 0 0
1500 89.9116 13.4217 17.1311 0.458993 0.168936 373.694 0 0
1500 92.642 23.7139 18.5985 0.815569 0.469917 373.744 0 0
1500 24.76 17.9186 17.0347 -0.530498 0.200848 373.978 0 0
1500 54.7764 6.77738 17.1562 -0.0217188 0.165324 374.194 0 0
1500 48.519 28.5818 17.1319 -0.139478 0.407387 374.702 0 0
1500 47.0731 -9.29238 17.051 -0.183697 -0.066826 375.637 0 0
1500 32.9006 -59.9474 17.1484 -0.413889 -0.862928 376.107 0 0
1500 108.813 -53.8516 17.0372 0.702108 -0.771716 376.167 0 0
1500 24.0971 -15.0761 17.1218 -0.505748 -0.269971 376.164 0 0
1500 76.7232 25.8095 17.7061 0.385671 0.398244 376.196 0 0
1500 47.4795 -64.8163 17.0553 -0.124829 -0.901279 376.24 0 0
1500 16.9807 -3.63009 17.1246 -0.604532 -0.109305 376.281 0 0
1500 26.8465 52.6872 17.0507 -0.494259 0.750147 376.286 0 0
1500 92.8135 20.2266 17.3599 0.562304 0.331799 376.35 0 0
1500 99.614 -23.1749 17.6078 0.667958 -0.369277 376.585 0 0
1500 79.4318 10.684 17.6286 0.382288 0.106211 376.815 0 0
1500 127.123 11.8126 17.2514 1.05929 0.224141 376.85 0 0
1500 114.72 68.4059 17.2281 0.898493 0.990449 377.099 0 0
1500 62.7105 21.7485 17.4204 0.0370647 0.32924 377.149 0 0
1500 115.489 -11.2584 17.3289 0.878132 -0.132234 377.525 0 0
1500 97.169 -16.4845 17.9427 0.698064 -0.333827 377.959 0 0
1500 120.366 -5.66612 17.1631 0.885479 -0.143636 378.116 0 0
1500 44.584 6.50526 17.1791 -0.166415 0.160713 378.127 0 0
1500 73.1221 0.87397 17.6921 0.291479 0.0544058 378.582 0 0
1500 50.9757 20.661 17.3414 -0.121225 0.284917 378.766 0 0
1500 111.78 31.1063 17.5979 0.947813 0.473823 378.811 0 0
1500 53.0267 28.0529 17.1982 -0.137186 0.391097 378.952 0 0
1500 100.302 -13.2207 17.3255 0.653832 -0.134893 379.027 0 0
1500 29.4166 -20.6854 17.141 -0.413599 -0.36325 379.095 0 0
1500 53.0487 45.9894 17.2017 -0.0456302 0.710434 379.172 0 0
1500 23.7954 -1.7309 17.2386 -0.530589 0.042291 379.197 0 0
1500 78.7967 -29.3301 17.4319 0.303682 -0.473362 379.228 0 0
1500 100.929 -11.9679 17.3311 0.678192 -0.131484 379.338 0 0
1500 33.2421 26.3519 17.457 -0.428229 0.405496 379.384 0 0
1500 0.192663 -45.8928 17.2193 -0.802569 -0.670043 379.571 0 0
1500 15.1795 -59.7477 17.2199 -0.601873 -0.855241 379.589 0 0
1500 38.5814 -62.606 17.173 -0.290984 -0.921568 379.698 0 0
1500 93.1035 -5.87318 18.8311 0.704464 -0.14424 379.892 0 0
1500 67.8886 -3.34293 17.545 0.128562 -0.0930326 379.91 0 0
1500 94.7608 -3.88171 17.2712 0.53242 -0.0344745 379.96 0 0
1500 114.875 -14.6388 17.9449 1.12105 -0.310002 379.945 0 0
1500 2.26692 48.6282 17.1637 -0.82019 0.633673 380.051 0 0
1500 6.71707 53.0475 17.1788 -0.711179 0.769213 380.17 0 0
1500 81.3238 19.6894 17.7523 0.404152 0.26771 380.544 0 0
1500 75.8502 28.8462 17.5665 0.304478 0.483045 380.577 0 0
1500 30.5777 46.1714 17.2673 -0.389247 0.630795 380.647 0 0
1500 121.5 22.4187 17.2408 0.892344 0.37288 380.704 0 0
1500 -5.62884 37.3092 17.2415 -0.882432 0.539749 380.83 0 0
1500 24.5408 1.94154 17.2199 -0.545267 0.0359971 380.812 0 0
1500 69.3291 -12.8427 17.7534 0.2515 -0.240896 380.977 0 0
1500 19.8833 -36.5001 17.2814 -0.535352 -0.492342 381.026 0 0
1500 123.462 5.65888 17.3743 0.968404 0.110725 381.028 0 0
1500 59.7703 -9.29426 17.8171 0.0619681 -0.166749 381.212 0 0
1500 37.0684 -49.4077 17.245 -0.275337 -0.694929 381.433 0 0
1500 84.491 -19.7769 17.8288 0.500247 -0.30003 381.465 0 0
1500 76.7098 -28.3655 17.7625 0.350913 -0.451763 381.43 0 0
1500 -20.5183 41.6897 17.5538 -1.27204 0.759667 381.619 0 0
1500 61.4103 -67.3401 17.2182 0.0971485 -0.96933 381.672 0 0
1500 85.117 1.68457 17.7991 0.487228 -0.0311122 381.677 0 0
1500 84.3619 -28.9464 17.2709 0.350178 -0.475704 381.684 0 0
1500 1.04639 -31.2751 17.309 -0.83555 -0.449049 381.762 0 0
1500 112.303 -8.27796 17.582 0.845603 -0.142159 381.876 0 0
1500 69.0143 -9.54383 17.4189 0.245931 -0.147873 381.948 0 0
1500 138.587 27.9678 17.2777 1.24217 0.449299 381.985 0 0
1500 82.6289 13.6999 18.2381 0.464109 0.194348 382.009 0 0
1500 27.1902 -66.4748 17.2478 -0.433066 -0.944031 382.06 0 0
1500 117.882 -32.6725 17.3702 0.858605 -0.504441 382.092 0 0
1500 79.1662 47.0197 17.688 0.384225 0.764901 382.175 0 0
1500 81.5389 -61.0305 17.3476 0.42263 -0.968016 382.222 0 0
1500 1.01556 -23.4835 17.2555 -0.859098 -0.316966 382.404 0 0
1500 73.4497 -9.45508 17.3665 0.182728 -0.187677 382.428 0 0
1500 25.8521 49.0948 17.2677 -0.41611 0.746084 382.515 0 0
1500 10.3998 -54.3915 17.2857 -0.663901 -0.849943 382.56 0 0
1500 71.9735 1.02199 17.636 0.289243 -0.0463564 382.705 0 0
1500 101.211 -28.2566 17.2698 0.671669 -0.368826 382.719 0 0
1500 36.0661 -54.3805 17.453 -0.285647 -0.839328 382.793 0 0
1500 92.2973 7.4037 18.4778 0.665761 0.156677 382.818 0 0
1500 112.135 50.3661 17.2921 0.742263 0.733816 382.858 0 0
1500 90.8982 -3.78985 17.7873 0.561772 0.0115249 382.87 0 0
1500 101.102 12.7491 17.3145 0.614252 0.176949 382.989 0 0
1500 110.93 -36.7874 17.2724 0.7113 -0.574741 383.145 0 0
1500 72.5255 -71.761 17.2149 0.185011 -1.02302 383.444 0 0
1500 4.81948 14.2184 17.4881 -0.918347 0.183659 383.643 0 0
1500 64.7282 7.55037 17.7753 0.200301 0.115167 383.765 0 0
1500 14.6352 31.8523 17.2809 -0.607977 0.436038 383.946 0 0
1500 106.197 -26.7515 17.4822 0.729557 -0.428927 383.945 0 0
1500 67.4143 -4.30323 17.4712 0.225262 -0.0947556 383.997 0 0
1500 107.722 49.8355 17.7373 0.829886 0.821068 384.172 0 0
1500 74.0254 -5.50789 18.1442 0.328688 -0.116428 384.199 0 0
1500 58.2841 -26.9775 17.8416 -0.00887887 -0.470278 384.193 0 0
1500 120.463 1.47617 17.3789 0.944391 0.00800661 384.227 0 0
1500 119.845 -36.6391 17.3346 0.888224 -0.544426 384.27 0 0
1500 20.3121 31.3124 17.2389 -0.524357 0.448361 384.517 0 0
1500 50.2054 -28.1776 17.4601 -0.0598734 -0.4677 384.54 0 0
1500 -14.8021 -3.10874 17.1901 -1.04214 -0.061154 384.59 0 0
1500 37.9394 -10.1511 17.381 -0.340652 -0.130692 384.638 0 0
1500 119.505 21.0211 17.2009 0.917023 0.262894 384.705 0 0
1500 68.0457 50.6084 17.7965 0.22908 0.844613 384.703 0 0
1500 84.4609 -5.32005 17.7618 0.432119 -0.108992 385.125 0 0
1500 59.397 -69.7584 17.2443 -0.0201728 -0.988324 385.179 0 0
1500 124.286 26.8493 17.2197 0.946813 0.419573 385.242 0 0
1500 34.9793 -66.1896 17.1819 -0.278757 -0.968975 385.427 0 0
1500 42.3076 38.606 17.2624 -0.287561 0.579342 385.436 0 0
1500 87.6044 -28.2422 17.5018 0.468514 -0.489224 385.64 0 0
1500 137.537 10.1924 17.4973 1.35077 0.119142 385.651 0 0
1500 117.127 -15.3846 17.9346 1.02507 -0.254595 385.898 0 0
1500 127.772 24.3589 17.1691 0.996223 0.28 385.932 0 0
1500 -9.85744 -20.8654 17.1873 -0.962268 -0.267514 385.963 0 0
1500 91.203 -47.8851 17.4001 0.522763 -0.782404 385.987 0 0
1500 97.3019 21.3624 17.4882 0.58936 0.385005 386.004 0 0
1500 40.7275 -0.62307 17.4311 -0.282915 0.0240052 386.16 0 0
1500 93.9003 47.9678 17.4328 0.549019 0.72926 386.213 0 0
1500 87.8927 -12.3049 18.096 0.581769 -0.195844 386.228 0 0
1500 85.6362 -20.5238 18.0933 0.551011 -0.306314 386.278 0 0
1500 21.9468 56.845 17.2545 -0.540491 0.83312 386.316 0 0
1500 131.18 -6.56643 17.1583 1.03659 -0.143389 386.381 0 0
1500 49.2847 -21.5918 17.675 -0.0984782 -0.362929 386.443 0 0
1500 66.4648 70.9991 17.1574 0.0737816 0.995908 386.5 0 0
1500 85.4578 13.6509 17.7741 0.525161 0.29878 386.561 0 0
1500 17.3852 56.9688 17.1559 -0.575226 0.809401 386.576 0 0
1500 80.7528 17.4141 17.7481 0.405282 0.231274 386.753 0 0
1500 93.8868 6.22332 17.4354 0.588417 0.0635321 386.79 0 0
1500 116.691 -11.8701 17.8972 1.18161 -0.215381 386.76 0 0
1500 84.1233 0.916757 17.9369 0.560312 0.0634918 386.871 0 0
1500 114.273 19.8008 17.4042 0.841159 0.33872 386.898 0 0
1500 122.247 -34.4469 17.1473 0.907678 -0.519479 386.956 0 0
1500 2.46959 40.1992 17.1507 -0.762284 0.616901 386.97 0 0
1500 123.714 -1.0817 17.2627 0.988681 0.00756656 386.971 0 0
1500 -3.9589 11.2488 17.1726 -0.872001 0.154217 387.04 0 0
1500 78.4532 -31.0549 17.7843 0.332779 -0.495945 387.176 0 0
1500 65.2239 -11.3614 17.4642 0.119129 -0.203406 387.291 0 0
1500 57.3663 -8.5622 17.4637 0.021385 -0.168467 387.351 0 0
1500 64.5474 -4.90426 18.2409 0.1943 -0.123957 387.436 0 0
1500 0.821773 -13.338 17.1661 -0.805583 -0.164931 387.441 0 0
1500 86.3997 -23.948 17.3778 0.432926 -0.413143 387.501 0 0
1500 1.74533 -22.7777 17.1477 -0.82785 -0.387127 387.584 0 0
1500 86.8648 13.011 17.4381 0.516041 0.171136 387.68 0 0
1500 114.77 -32.536 17.2447 0.868327 -0.471301 387.812 0 0
1500 108.326 -49.4832 17.1455 0.710163 -0.713686 387.911 0 0
1500 117.312 22.5428 17.2306 0.845913 0.387557 388.032 0 0
1500 92.962 38.5556 17.4714 0.531037 0.624643 388.036 0 0
1500 94.0619 -34.673 17.3059 0.514634 -0.492149 388.178 0 0
1500 57.1816 13.4593 17.4213 0.0158968 0.230595 388.187 0 0
1500 80.6437 -9.07644 18.3457 0.520774 -0.136731 388.261 0 0
1500 110.761 -5.21013 17.5982 0.835839 -0.0949028 388.296 0 0
1500 17.0604 60.4794 17.2407 -0.560534 0.941954 388.292 0 0
1500 69.2661 18.1581 17.9449 0.236852 0.280227 388.317 0 0
1500 86.438 -18.9728 17.5951 0.458682 -0.2608 388.35 0 0
1500 58.6536 53.7072 17.1873 -0.00640899 0.834111 388.373 0 0
1500 79.0054 16.6785 17.4492 0.273739 0.27825 388.528 0 0
1500 -104.121 71.2091 17.3557 -2.61028 1.1993 388.557 0 0
1500 106.893 10.2803 17.4531 0.791396 0.130548 388.576 0 0
1500 117.332 40.0989 17.2563 0.869385 0.582826 388.659 0 0
1500 103.598 27.5501 17.2895 0.728655 0.406306 388.714 0 0
1500 103.583 -4.31995 17.4726 0.811268 -0.110715 388.762 0 0
1500 121.992 -22.9341 17.2417 0.919343 -0.310475 389.082 0 0
1500 104.923 -24.4865 17.3701 0.754688 -0.357049 389.101 0 0
1500 46.7375 6.78278 17.4713 -0.19668 0.0712477 389.205 0 0
1500 118.573 2.79901 17.3021 0.932625 0.0544097 389.366 0 0
1500 60.649 28.5624 17.7155 0.0530071 0.452795 389.325 0 0
1500 204.77 8.29689 17.2374 2.20494 0.0510784 389.545 0 0
1500 90.4799 -7.1338 17.7954 0.505662 -0.137032 389.622 0 0
1500 74.9944 2.07968 17.2523 0.244715 0.0825361 389.612 0 0
1500 2.00529 0.257878 17.3873 -0.875297 0.00790729 389.758 0 0
1500 78.7193 -5.60251 17.7407 0.429699 -0.0908177 389.811 0 0
1500 18.3648 -76.4602 17.2802 -0.641675 -1.12609 389.847 0 0
1500 73.6523 6.00789 17.4437 0.319397 0.114328 389.934 0 0
1500 58.233 -42.36 17.4814 -0.0306319 -0.630161 389.974 0 0
1500 98.6962 -16.7927 19.2629 1.01085 -0.365794 390.026 0 0
1500 104.332 -54.8212 17.2302 0.671909 -0.822597 390.103 0 0
1500 55.1609 -1.74496 17.3337 -0.0589211 -0.0934236 390.157 0 0
1500 71.6669 -15.5202 17.256 0.270339 -0.245991 390.206 0 0
1500 67.3467 -28.9902 17.6612 0.200365 -0.44478 390.399 0 0
1500 114.109 -45.6607 17.2207 0.78513 -0.694541 390.352 0 0
1500 51.5544 -45.6533 17.4647 -0.035715 -0.768629 390.45 0 0
1500 81.5803 4.68589 17.5102 0.4001 0.0404908 390.532 0 0
1500 158.873 57.4539 17.3779 1.58318 0.87845 390.575 0 0
1500 16.496 -44.1291 17.2528 -0.614312 -0.584633 390.809 0 0
1500 14.6233 -57.1607 17.2999 -0.635332 -0.833686 390.808 0 0
1500 32.4041 -45.5557 17.4362 -0.405509 -0.710151 390.908 0 0
1500 140.682 -19.1486 17.5014 1.31718 -0.303605 390.946 0 0
1500 64.4484 49.4456 17.2863 0.156249 0.76044 390.978 0 0
1500 92.0837 -40.0166 17.353 0.51788 -0.679508 391.029 0 0
1500 61.6644 -0.666631 17.3444 0.0545244 -0.0828791 391.146 0 0
1500 74.2779 -32.0876 17.2638 0.182484 -0.474741 391.366 0 0
1500 37.7536 9.72837 17.806 -0.325023 0.13567 391.391 0 0
1500 100.442 43.4271 17.338 0.586695 0.636226 391.459 0 0
1500 96.4372 37.5687 17.2728 0.621593 0.521948 391.479 0 0
1500 119.744 49.0428 17.4769 1.06439 0.842782 391.522 0 0
1500 73.9807 19.9164 17.6675 0.299299 0.278517 391.651 0 0
1500 78.198 6.75975 17.4001 0.350415 0.0355512 391.656 0 0
1500 107.076 -5.42842 17.3143 0.765028 -0.124828 391.713 0 0
1500 60.7852 -51.0535 17.413 0.0506626 -0.79966 391.772 0 0
1500 98.3949 -39.2158 17.2777 0.646875 -0.579663 391.788 0 0
1500 57.8493 -55.3116 17.3567 -0.0191085 -0.855201 391.899 0 0
1500 49.3005 36.7493 17.6091 -0.124379 0.582071 392.019 0 0
1500 102.319 0.392072 17.392 0.664269 0.0700075 392.151 0 0
1500 83.2274 -50.6647 17.419 0.368946 -0.789848 392.15 0 0
1500 79.9605 24.0849 17.5539 0.303495 0.400495 392.158 0 0
1500 115.125 -0.54196 17.5332 0.900758 -0.0315031 392.426 0 0
1500 80.161 59.2496 17.332 0.344291 0.902652 392.489 0 0
1500 12.6978 19.8242 17.484 -0.693981 0.292574 392.476 0 0
1500 22.9856 46.6783 17.4014 -0.498748 0.732883 392.574 0 0
1500 61.1571 -31.4487 17.6271 0.0331169 -0.497618 392.563 0 0
1500 8.82641 29.1344 17.2832 -0.752707 0.489775 392.594 0 0
1500 92.204 57.9976 17.2921 0.551828 0.802787 392.599 0 0
1500 96.8623 51.9383 17.3358 0.57863 0.797139 392.687 0 0
1500 28.3614 -56.6882 17.3711 -0.434626 -0.864668 392.724 0 0
1500 90.2111 -57.3681 17.3728 0.436835 -0.873182 392.811 0 0
1500 58.2933 35.1409 17.5548 0.045591 0.576562 392.797 0 0
1500 33.3007 -20.7634 17.8196 -0.416587 -0.315736 392.898 0 0
1500 108.717 -2.83831 17.5204 0.810359 -0.00471365 392.971 0 0
1500 101.651 50.1067 17.2773 0.684141 0.714804 393.057 0 0
1500 70.5323 38.276 17.4677 0.137957 0.591068 393.255 0 0
1500 119.276 -30.8549 18.2923 1.14484 -0.562973 393.282 0 0
1500 57.5099 48.661 17.5533 -0.0142449 0.829706 393.322 0 0
1500 202.823 79.1762 17.3298 2.11978 1.1506 393.382 0 0
1500 76.4297 -13.9296 17.8313 0.331964 -0.269224 393.475 0 0
1500 129.705 2.299 17.3524 1.03541 0.0763003 393.587 0 0
1500 92.8097 8.92598 17.8477 0.551429 0.149422 393.764 0 0
1500 32.5505 56.2513 17.3328 -0.430097 0.82585 393.833 0 0
1500 107.675 -59.4735 17.3398 0.803784 -0.907426 393.901 0 0
1500 70.3013 33.8119 17.589 0.185889 0.602755 393.91 0 0
1500 63.7028 21.6064 17.4083 0.114161 0.38675 393.93 0 0
1500 115.451 22.7334 17.5366 0.893468 0.353864 393.966 0 0
1500 90.1838 38.7751 17.337 0.460619 0.633718 393.986 0 0
1500 30.1894 -6.23638 17.3614 -0.442253 -0.0265289 393.971 0 0
1500 31.5587 52.9288 17.3678 -0.417212 0.812057 394.086 0 0
1500 86.2903 -6.74555 18.914 0.703215 -0.0968035 394.167 0 0
1500 56.0772 19.3933 17.4714 -0.0853845 0.282242 394.251 0 0
1500 37.1711 -16.0944 17.5362 -0.422285 -0.230234 394.327 0 0
1500 78.7657 13.4311 17.7643 0.439355 0.220705 394.342 0 0
1500 58.1923 -13.1144 18.0029 0.0253116 -0.216657 394.444 0 0
1500 48.8467 -6.0951 17.3578 -0.211313 -0.100209 394.547 0 0
1500 96.6929 33.8602 18.0269 0.758803 0.574868 394.649 0 0
1500 77.2263 -52.8133 17.3468 0.336933 -0.798692 394.666 0 0
1500 61.2804 -12.4763 17.3994 -0.0178135 -0.20262 394.724 0 0
1500 42.3857 42.9841 17.4162 -0.196367 0.692284 394.739 0 0
1500 141.502 30.7808 17.4527 1.34454 0.466587 394.753 0 0
1500 91.0678 -47.1331 17.3492 0.534995 -0.715217 394.829 0 0
1500 74.4759 44.4645 17.418 0.268442 0.712065 394.902 0 0
1500 109.871 -7.74404 18.208 0.969379 -0.102782 394.932 0 0
1500 14.5097 -12.375 17.4091 -0.665805 -0.116683 395.079 0 0
1500 70.4084 -6.01515 17.8741 0.198828 -0.141182 395.132 0 0
1500 111.677 -29.3005 17.3549 0.826604 -0.456559 395.206 0 0
1500 25.3719 33.4854 17.4238 -0.536528 0.503428 395.171 0 0
1500 114.961 50.3135 17.3492 0.844946 0.667888 395.278 0 0
1500 43.2772 -63.4283 17.3563 -0.150567 -0.942978 395.298 0 0
1500 53.1929 -10.9982 17.8607 -0.0132629 -0.200849 395.312 0 0
1500 92.4452 2.81836 17.9432 0.622145 0.0764208 395.333 0 0
1500 67.1292 41.1848 17.7492 0.149095 0.768855 395.349 0 0
1500 77.7838 -22.2713 18.0297 0.361597 -0.499349 395.366 0 0
1500 150.461 -24.532 17.3622 1.31786 -0.38374 395.629 0 0
1500 79.3794 0.607275 18.0261 0.432968 -0.0476029 395.686 0 0
1500 116.632 -20.4935 17.5456 0.987063 -0.274835 395.834 0 0
1500 70.5265 0.297228 17.9609 0.258304 -0.0490087 395.977 0 0
1500 104.894 -24.0097 17.6435 0.736771 -0.410336 396.018 0 0
1500 138.034 -80.5425 17.5153 1.2451 -1.36084 396.046 0 0
1500 96.1946 -12.9479 18.0999 0.652827 -0.263468 396.193 0 0
1500 96.6717 56.0486 17.3697 0.533829 0.863198 396.277 0 0
1500 73.0555 61.9769 17.4372 0.243071 0.946703 396.272 0 0
1500 74.1506 33.2877 17.5003 0.21273 0.543766 396.289 0 0
1500 120.693 -34.0832 17.3999 0.89277 -0.510629 396.298 0 0
1500 73.2809 62.1706 17.4378 0.246157 0.949022 396.304 0 0
1500 85.0249 63.3815 17.5047 0.388781 0.954194 396.34 0 0
1500 83.155 -13.442 17.8315 0.476757 -0.23343 396.468 0 0
1500 10.0747 23.2275 17.3901 -0.698304 0.410369 396.718 0 0
1500 72.2465 -6.42653 18.3829 0.343175 -0.109796 396.773 0 0
1500 114.453 -111.796 17.3971 0.874425 -1.67752 396.799 0 0
1500 125.916 23.9463 17.3873 1.005 0.296883 396.951 0 0
1500 85.8266 -40.0601 17.4688 0.474706 -0.617082 396.966 0 0
1500 73.6079 -3.40658 17.9472 0.349736 -0.00301115 397.072 0 0
1500 95.3198 -28.3107 17.9019 0.618515 -0.464679 397.216 0 0
1500 66.1318 -21.1647 17.9493 0.224402 -0.363798 397.296 0 0
1500 84.3704 -14.3701 18.3953 0.498044 -0.267573 397.308 0 0
1500 84.9795 -0.636364 17.9492 0.510543 0.0365227 397.358 0 0
1500 90.1253 -17.6994 18.265 0.553093 -0.3152 397.4 0 0
1500 102.463 23.3001 17.4198 0.652154 0.291672 397.461 0 0
1500 11.5359 15.4776 17.4287 -0.737383 0.164522 397.59 0 0
1500 28.0879 -15.1296 18.0671 -0.569352 -0.288827 397.636 0 0
1500 110.731 -46.9752 17.4695 0.75912 -0.709484 397.712 0 0
1500 95.2962 0.0360582 17.7722 0.578274 -0.0301893 397.73 0 0
1500 124.828 4.28253 17.4037 0.961606 -0.000916423 397.914 0 0
1500 21.7807 -46.7153 17.5039 -0.53406 -0.750112 397.918 0 0
1500 52.4528 1.19282 17.5045 -0.0669905 0.0916645 397.911 0 0
1500 87.1151 -35.705 17.4671 0.43804 -0.514029 398.008 0 0
1500 18.5036 -61.3439 17.3972 -0.512436 -0.90845 398.014 0 0
1500 36.2874 -20.8253 17.6122 -0.298309 -0.378561 398.191 0 0
1500 44.3415 9.68525 17.4714 -0.230773 0.0909329 398.217 0 0
1500 77.3159 30.1795 17.4293 0.35819 0.466514 398.222 0 0
1500 86.5368 2.04405 18.3321 0.523869 0.0257853 398.244 0 0
1500 105.473 52.3218 17.4759 0.68381 0.787567 398.254 0 0
1500 117.157 17.9884 17.552 0.982654 0.325257 398.327 0 0
1500 83.3459 -8.9482 17.9662 0.498614 -0.155332 398.338 0 0
1500 67.1802 25.3779 17.5467 0.129767 0.445528 398.34 0 0
1500 64.0082 21.2576 18.058 0.170003 0.374504 398.43 0 0
1500 87.4051 1.05559 18.2011 0.512605 0.0463859 398.524 0 0
1500 46.0559 9.95457 17.5004 -0.126687 0.189962 398.55 0 0
1500 122.759 -48.3207 17.6192 1.0693 -0.802534 398.569 0 0
1500 94.8497 -16.3757 17.4963 0.584049 -0.306388 398.629 0 0
1500 75.8544 1.62396 17.5474 0.274474 -0.0508851 398.595 0 0
1500 20.6255 -7.27026 17.4761 -0.55053 -0.0715051 398.762 0 0
1500 127.924 -6.4189 17.4406 1.04552 -0.0758956 398.829 0 0
1500 94.537 -13.1626 17.9487 0.723651 -0.210379 398.817 0 0
1500 60.0101 -54.7575 17.4648 -0.0314411 -0.855342 398.879 0 0
1500 59.5894 -5.19879 17.6017 0.030459 -0.131693 398.992 0 0
1500 5.61362 -12.2547 17.4784 -0.761674 -0.164899 399.131 0 0
1500 107.406 -64.4782 17.437 0.702883 -0.918459 399.054 0 0
1500 19.32 118.014 17.4303 -0.563315 1.69347 399.024 0 0
1500 78.7827 66.5463 17.4262 0.290414 1.005 399.123 0 0
1500 117.369 23.0816 17.5897 0.902 0.384996 399.009 0 0
1500 78.5733 45.7604 17.5132 0.314761 0.738733 399.34 0 0
1500 51.1287 25.1368 17.5836 -0.149485 0.410656 399.339 0 0
1500 87.1664 -19.3575 17.6326 0.517845 -0.256076 399.375 0 0
1500 62.4748 32.6067 17.5824 0.118595 0.47129 399.444 0 0
1500 30.0684 27.1293 17.476 -0.43053 0.379565 399.528 0 0
1500 112.422 5.24923 17.5573 0.843607 0.0175356 399.593 0 0
1500 68.5657 31.31 17.5981 0.232115 0.505369 399.557 0 0
1500 72.8858 26.4801 18.0121 0.257902 0.445057 399.647 0 0
1500 105.518 11.6771 17.4787 0.768652 0.149316 399.719 0 0
1500 8.27634 44.3888 17.595 -0.783796 0.677484 399.839 0 0
1500 66.9033 7.47713 17.6334 0.0896652 0.152072 399.848 0 0
1500 57.664 -60.3375 17.6278 0.0146928 -0.933448 399.971 0 0
1500 47.4716 48.1194 17.4713 -0.14518 0.707252 400.018 0 0
1500 61.7546 11.1856 17.7002 0.129576 0.176853 400.061 0 0
1500 107.059 -17.3654 17.4693 0.71085 -0.267305 400.105 0 0
1500 36.793 -43.3258 17.5055 -0.347011 -0.603665 400.35 0 0
1500 1.67858 -34.2738 17.4531 -0.838278 -0.476822 400.341 0 0
1500 93.5802 -11.0018 17.8676 0.637029 -0.161812 400.457 0 0
1500 96.2513 40.0722 17.6413 0.639879 0.604864 400.568 0 0
1500 79.5516 -18.5023 18.8542 0.466304 -0.318549 400.626 0 0
1500 74.8212 -1.28539 17.6071 0.291871 -0.0862288 400.67 0 0
1500 126.961 11.4104 18.3676 1.3455 0.205817 400.673 0 0
1500 110.283 -5.28327 17.4681 0.732545 -0.126724 400.687 0 0
1500 38.7203 51.2332 17.5919 -0.326491 0.781032 400.692 0 0
1500 121.898 -52.4905 17.5866 1.03339 -0.832902 400.68 0 0
1500 -7.25508 -9.78811 17.4868 -0.982419 -0.085451 400.818 0 0
1500 116.397 33.6657 17.5561 0.980837 0.531544 400.885 0 0
1500 -1.29717 55.3515 17.5736 -0.930424 0.957078 400.929 0 0
1500 108.619 28.5218 17.5672 0.759159 0.484998 400.941 0 0
1500 88.4428 -10.4278 17.4955 0.458932 -0.23222 400.943 0 0
1500 21.4919 -113.952 17.5693 -0.522669 -1.86852 400.951 0 0
1500 5.18882 -6.50836 17.5674 -0.834054 -0.110534 401.047 0 0
1500 114.55 31.8551 17.4916 0.883805 0.436853 401.06 0 0
1500 50.9456 30.6205 17.6305 -0.0814307 0.466046 401.095 0 0
1500 86.1083 -58.8704 17.492 0.47418 -0.868442 401.1 0 0
1500 77.5343 2.9786 18.0588 0.360465 0.0818704 401.213 0 0
1500 14.3707 -2.52021 17.6932 -0.69084 -0.0322355 401.471 0 0
1500 101.368 53.8873 17.5405 0.626793 0.83071 401.52 0 0
1500 87.9963 -22.5901 17.6023 0.532671 -0.322904 401.591 0 0
1500 81.9413 -2.2495 17.5574 0.434379 0.000982119 401.626 0 0
1500 97.0695 -10.775 17.688 0.595064 -0.168045 401.637 0 0
1500 62.122 34.7487 17.5689 0.0817099 0.520686 401.644 0 0
1500 78.9642 43.5957 17.4983 0.246677 0.689 401.654 0 0
1500 65.6132 -2.27412 17.9034 0.176904 -0.0838526 401.734 0 0
1500 67.1001 -52.9834 17.7993 0.195058 -0.979337 401.769 0 0
1500 79.6461 -12.3294 18.2885 0.427083 -0.145365 401.937 0 0
1500 39.4727 30.2298 17.7067 -0.323981 0.435525 401.922 0 0
1500 96.0274 -58.0034 17.5894 0.586162 -0.868558 401.958 0 0
1500 95.3147 -56.2653 17.6143 0.567539 -0.862012 401.959 0 0
1500 54.1474 53.7968 17.5066 0.012077 0.823974 401.964 0 0
1500 69.6603 39.101 17.6861 0.18441 0.653331 402.12 0 0
1500 5.24762 -31.4455 17.5127 -0.851999 -0.418976 402.273 0 0
1500 84.2333 48.3761 17.7812 0.421921 0.771251 402.38 0 0
1500 89.1181 12.633 18.6809 0.654947 0.163414 402.377 0 0
1500 26.8949 13.5329 17.624 -0.57268 0.265533 402.465 0 0
1500 102.789 -53.8027 17.5119 0.700255 -0.780087 402.477 0 0
1500 60.2716 -5.54508 18.3763 0.0818241 -0.0488678 402.489 0 0
1500 76.0117 28.6986 18.0063 0.352373 0.484909 402.489 0 0
1500 75.9849 -51.8987 17.6637 0.27428 -0.831972 402.574 0 0
1500 84.683 -7.16625 18.1059 0.464488 -0.0583225 402.692 0 0
1500 101.97 -55.2239 17.4839 0.571812 -0.824244 402.667 0 0
1500 114.417 -11.0036 17.5558 0.894129 -0.116475 402.707 0 0
1500 -5.62348 -52.0413 17.5597 -1.01997 -0.757548 402.658 0 0
1500 0.0171263 10.6029 17.5028 -0.919215 0.192304 402.751 0 0
1500 90.2976 -31.2219 17.5445 0.502287 -0.438328 402.87 0 0
1500 84.3686 47.8846 17.5583 0.461126 0.744302 403.061 0 0
1500 63.7746 -25.7718 17.8101 0.162558 -0.448607 403.09 0 0
1500 108.657 36.5823 17.5735 0.783679 0.650907 403.153 0 0
1500 110.684 -147.07 17.5442 0.83666 -2.29682 403.211 0 0
1500 114.45 9.77579 17.5594 0.903265 0.178494 403.351 0 0
1500 154.72 -45.3696 17.7521 1.73857 -0.748027 403.381 0 0
1500 21.6708 -18.1318 17.5598 -0.60485 -0.225617 403.436 0 0
1500 85.8667 53.8196 17.6915 0.41634 0.85428 403.492 0 0
1500 84.063 -3.68788 17.8243 0.492843 -0.0188992 403.49 0 0
1500 57.6608 -46.0761 17.6986 -0.0355108 -0.808119 403.491 0 0
1500 70.3837 -47.5747 17.5232 0.154059 -0.783072 403.634 0 0
1500 27.5101 31.6717 17.669 -0.466235 0.582942 403.713 0 0
1500 55.8009 68.1882 17.5111 -0.0967384 1.02423 403.785 0 0
1500 71.7813 -15.7276 17.719 0.310509 -0.28842 403.961 0 0
1500 33.5574 -49.0629 17.5238 -0.327512 -0.793304 403.977 0 0
1500 88.5665 23.1232 18.1602 0.505219 0.404843 404.097 0 0
1500 102.423 42.2932 17.5419 0.733581 0.608152 404.175 0 0
1500 49.7566 85.366 17.5741 -0.0900079 1.37191 404.132 0 0
1500 111.764 -21.6952 17.6198 0.860223 -0.321868 404.365 0 0
1500 -3.84822 -12.1274 17.5148 -0.924112 -0.161691 404.466 0 0
1500 105.132 -19.9928 17.6176 0.784752 -0.315968 404.917 0 0
1500 109.605 -25.2959 17.5643 0.768953 -0.364978 405.007 0 0
1500 108.845 -14.4635 17.6178 0.838502 -0.233015 405.049 0 0
1500 -27.8553 14.3149 17.704 -1.48036 0.207058 405.14 0 0
1500 114.629 31.4053 17.607 0.855369 0.461117 405.272 0 0
1500 126.288 0.248301 17.5986 1.08348 -0.0554632 405.286 0 0
1500 22.674 -64.7611 17.6607 -0.537625 -1.06616 405.331 0 0
1500 119.064 18.2037 17.6101 0.914853 0.277778 405.422 0 0
1500 115.686 24.9107 17.7152 0.933127 0.362865 405.4 0 0
1500 50.7838 46.7417 17.5803 -0.139072 0.68108 405.496 0 0
1500 34.0042 -47.5785 17.5773 -0.372826 -0.726757 405.494 0 0
1500 15.3169 -3.79369 17.5746 -0.720307 -0.0484823 405.476 0 0
1500 40.6902 -57.2978 17.8372 -0.246907 -1.01766 405.539 0 0
1500 29.7069 -18.1145 17.5536 -0.500582 -0.236147 405.59 0 0
1500 99.6555 35.3103 17.789 0.675063 0.585967 405.655 0 0
1500 96.886 -4.23745 17.914 0.681455 -0.109606 405.705 0 0
1500 73.3488 -38.8974 18.0261 0.254122 -0.637864 405.747 0 0
1500 102.861 -3.01696 17.585 0.669738 -0.0608875 405.814 0 0
1500 113.862 10.2252 18.2056 1.04474 0.141351 405.894 0 0
1500 110.516 15.587 17.5863 0.78119 0.187114 405.989 0 0
1500 -8.5244 8.54533 17.5681 -1.02185 0.171098 405.994 0 0
1500 92.1453 -6.0004 19.2877 0.745357 -0.177372 406.062 0 0
1500 107.737 24.4072 17.6289 0.74942 0.359192 406.287 0 0
1500 65.9366 28.484 17.6003 0.0643339 0.431095 406.212 0 0
1500 109.546 -38.4633 17.6224 0.833508 -0.579644 406.292 0 0
1500 86.0163 7.24543 17.8114 0.434232 0.182233 406.319 0 0
1500 134.32 14.4109 17.7834 1.30831 0.259626 406.233 0 0
1500 67.3449 27.5959 17.6423 0.0892107 0.504465 406.25 0 0
1500 46.8719 63.8128 17.5477 -0.218059 0.926298 406.354 0 0
1500 52.1748 43.999 17.6455 -0.129369 0.655303 406.45 0 0
1500 82.1929 45.0935 17.8264 0.435353 0.727066 406.481 0 0
1500 101 -31.3761 17.9139 0.732781 -0.505402 406.596 0 0
1500 6.55351 29.3532 17.6323 -0.779747 0.453777 406.639 0 0
1500 108.739 30.5341 17.5477 0.750459 0.531544 406.634 0 0
1500 43.9183 -38.7427 17.7093 -0.267514 -0.609513 406.849 0 0
1500 24.0723 27.6455 17.709 -0.567184 0.394769 406.929 0 0
1500 59.5344 43.7103 17.8085 0.033194 0.726537 406.996 0 0
1500 83.9512 -13.7999 17.7528 0.432766 -0.16932 407.169 0 0
1500 121.706 23.295 17.6294 0.99811 0.319024 407.195 0 0
1500 119.298 -18.2687 17.5742 0.934366 -0.32432 407.199 0 0
1500 74.4613 2.58856 18.1102 0.319741 0.0780018 407.34 0 0
1500 116.47 -5.3993 17.5735 0.932591 -0.134168 407.384 0 0
1500 55.2156 -38.5122 17.6133 -0.114956 -0.590416 407.3 0 0
1500 70.0484 -33.2725 17.953 0.213503 -0.56685 407.712 0 0
1500 98.2081 25.7816 17.6085 0.630806 0.377546 407.719 0 0
1500 96.392 -138.276 17.5686 0.655233 -2.13237 407.724 0 0
1500 92.8627 6.79275 17.6585 0.615216 0.0633627 407.87 0 0
1500 47.4172 11.4683 17.674 -0.191984 0.19491 407.976 0 0
1500 59.4887 15.7635 18.3679 0.0854325 0.293077 407.971 0 0
1500 100.22 26.8643 18.0479 0.752704 0.453803 408.038 0 0
1500 102.436 -12.6464 17.6126 0.707096 -0.127118 408.076 0 0
1500 -2.30715 22.9562 17.5935 -0.903023 0.369278 408.15 0 0
1500 108.451 43.9589 17.6286 0.794063 0.683317 408.156 0 0
1500 46.2639 -67.6595 17.5833 -0.128044 -1.04039 408.22 0 0
1500 68.7549 28.002 18.366 0.220587 0.470678 408.315 0 0
1500 42.2873 20.9574 17.5947 -0.273893 0.317773 408.508 0 0
1500 54.3802 22.4066 17.7251 -0.0292283 0.36727 408.548 0 0
1500 126.235 -5.30085 17.633 1.04446 -0.0301537 408.636 0 0
1500 69.4735 7.47409 17.6027 0.24015 0.158505 408.76 0 0
1500 72.1672 -2.29515 17.7687 0.199546 -0.0970324 409.04 0 0
1500 91.1442 0.082703 17.5879 0.548728 0.0646623 409.041 0 0
1500 62.4153 -11.4411 17.6142 0.126093 -0.227894 409.016 0 0
1500 138.927 20.4001 17.7701 1.36285 0.304841 409.007 0 0
1500 36.5871 -15.2224 17.8039 -0.333207 -0.297899 409.136 0 0
1500 90.8637 4.18614 17.5996 0.565396 0.107053 409.247 0 0
1500 28.0324 -30.128 17.7735 -0.533298 -0.580696 409.156 0 0
1500 52.5903 -67.3669 17.7705 -0.0508842 -1.15556 409.256 0 0
1500 53.8203 36.2443 17.5993 -0.000964967 0.59671 409.301 0 0
1500 12.8145 -29.8999 17.8883 -0.773139 -0.588355 409.297 0 0
1500 28.1722 -18.9856 17.8023 -0.458959 -0.353513 409.412 0 0
1500 79.6055 30.8857 17.7754 0.389747 0.529751 409.509 0 0
1500 110.647 -24.2838 17.6611 0.810899 -0.355384 409.557 0 0
1500 99.8901 3.39339 17.6761 0.693595 0.111875 409.617 0 0
1500 14.7725 -19.7637 17.6038 -0.72842 -0.296089 409.67 0 0
1500 71.4716 12.6139 17.837 0.296338 0.236601 409.736 0 0
1500 103.572 38.4188 17.7576 0.701413 0.677348 409.847 0 0
1500 96.2721 14.1472 18.4571 0.674692 0.276598 409.85 0 0
1500 42.7948 47.376 17.597 -0.16787 0.759847 409.897 0 0
1500 59.5845 -12.0436 17.773 0.0639787 -0.22484 409.962 0 0
1500 80.5825 -9.35168 17.6865 0.354152 -0.137261 410.074 0 0
1500 63.8527 -30.2291 17.9011 0.105034 -0.452498 410.11 0 0
1500 74.9672 -42.6455 18.1312 0.293503 -0.767887 410.107 0 0
1500 132.651 -35.1159 17.8526 1.27506 -0.582784 410.217 0 0
1500 38.2651 28.6898 17.6329 -0.320919 0.437261 410.246 0 0
1500 119.253 -4.70762 17.6687 0.93691 -0.041544 410.297 0 0
1500 102.201 -1.32088 17.7955 0.747193 -0.0666994 410.413 0 0
1500 26.7877 32.8447 17.6229 -0.478393 0.572753 410.518 0 0
1500 94.2803 46.035 17.5686 0.567363 0.686025 410.56 0 0
1500 78.0797 -29.8068 17.7183 0.301287 -0.525732 410.582 0 0
1500 86.6407 -54.5124 17.7396 0.422364 -0.875514 410.607 0 0
1500 105.852 -47.273 17.6594 0.742431 -0.743959 410.671 0 0
1500 70.4616 0.587935 18.5268 0.290851 -0.0632881 410.662 0 0
1500 27.5519 -11.0465 17.8878 -0.561188 -0.139079 410.669 0 0
1500 96.0691 12.9158 17.6833 0.597775 0.161066 410.721 0 0
1500 107.043 -39.3973 17.7886 0.756569 -0.649798 410.796 0 0
1500 116.782 15.1935 17.6354 0.873967 0.271012 410.869 0 0
1500 56.4722 151.959 17.6839 -0.0880952 2.51402 411.065 0 0
1500 57.8887 39.6032 17.6365 0.0534358 0.657515 411.225 0 0
1500 86.7238 -22.0842 17.7857 0.467863 -0.340512 411.299 0 0
1500 91.3578 22.54 18.425 0.596507 0.39922 411.357 0 0
1500 1.82026 31.3393 17.605 -0.901971 0.465318 411.308 0 0
1500 80.3352 -20.4693 17.8889 0.403196 -0.377021 411.332 0 0
1500 79.1974 -7.50888 18.2243 0.408804 -0.132629 411.511 0 0
1500 57.7499 65.0312 17.5865 0.0360125 1.02052 411.515 0 0
1500 63.7612 -14.858 17.7738 0.116685 -0.302219 411.48 0 0
1500 39.5914 23.5007 17.6771 -0.349595 0.356942 411.614 0 0
1500 84.4906 0.786473 17.9773 0.490142 0.072316 411.654 0 0
1500 88.4645 -138.624 17.5797 0.522017 -2.06477 411.745 0 0
1500 36.8051 22.1449 17.6247 -0.37397 0.388171 411.891 0 0
1500 45.1903 -10.0194 18.1236 -0.171665 -0.159439 411.995 0 0
1500 44.4726 -25.0708 17.6849 -0.178894 -0.469403 411.992 0 0
1500 118.804 20.6661 17.8368 0.982749 0.400244 412.015 0 0
1500 58.2693 44.7539 17.6427 -0.0740751 0.714117 412.124 0 0
1500 40.4833 9.16425 17.8028 -0.384734 0.129424 412.163 0 0
1500 125.201 9.7787 17.6105 1.04726 0.0773862 412.252 0 0
1500 88.5314 10.9594 17.7529 0.485505 0.106552 412.293 0 0
1500 48.9775 38.3536 17.6069 -0.185855 0.569349 412.429 0 0
1500 72.7986 31.6527 18.2928 0.316535 0.537108 412.494 0 0
1500 1.37142 -2.88303 17.5908 -0.828567 -0.104722 412.595 0 0
1500 11.5326 19.0348 17.6732 -0.766212 0.284489 412.604 0 0
1500 89.8794 27.3855 17.6863 0.566381 0.408183 412.648 0 0
1500 60.9266 -3.63103 17.6391 0.031942 0.0199144 412.749 0 0
1500 81.7606 46.8337 17.6666 0.421327 0.748999 412.792 0 0
1500 48.8891 -26.7664 18.1915 -0.120739 -0.43884 412.845 0 0
1500 81.9077 -164.774 17.6059 0.350439 -2.61387 412.892 0 0
1500 25.3714 -56.5784 17.5816 -0.499039 -0.904228 412.993 0 0
1500 90.9727 26.8166 18.0613 0.613364 0.426379 413.005 0 0
1500 146.276 -9.40471 17.9226 1.50527 -0.165453 412.92 0 0
1500 41.7379 -3.16123 17.6194 -0.283845 -0.00632236 413.041 0 0
1500 -7.36363 14.0474 17.6104 -0.993595 0.272212 413.045 0 0
1500 90.7 20.2418 17.9649 0.517627 0.386201 413.11 0 0
1500 123.706 -24.3098 17.5823 0.945625 -0.428691 413.128 0 0
1500 47.6171 -44.232 17.6009 -0.176658 -0.680721 413.179 0 0
1500 90.464 46.7123 17.6664 0.54856 0.74279 413.186 0 0
1500 64.6842 -47.3327 17.8282 0.170276 -0.76793 413.245 0 0
1500 57.2707 5.88431 17.7246 -0.0601928 0.0430322 413.418 0 0
1500 52.5523 -72.5142 17.6821 -0.116404 -1.119 413.439 0 0
1500 43.4131 1.36418 17.9283 -0.248512 0.0545273 413.456 0 0
1500 41.2825 -4.64996 17.6898 -0.317275 -0.0361216 413.484 0 0
1500 30.7972 -11.2083 18.1977 -0.518167 -0.200738 413.519 0 0
1500 70.5958 -28.456 18.3012 0.253922 -0.546212 413.542 0 0
1500 45.3136 14.9011 17.7234 -0.242903 0.180817 413.573 0 0
1500 94.8505 54.1487 17.6378 0.59329 0.84715 413.67 0 0
1500 106.738 43.6366 17.6152 0.756192 0.664601 413.737 0 0
1500 78.9061 -11.7459 18.4382 0.41086 -0.211791 413.988 0 0
1500 29.7633 33.8305 17.655 -0.39302 0.581432 413.963 0 0
1500 132.38 -25.0588 17.7493 1.22925 -0.492656 413.947 0 0
1500 82.1255 31.3638 18.0072 0.362991 0.577591 413.999 0 0
1500 66.281 16.9039 18.0765 0.139311 0.289477 414.33 0 0
1500 109.301 35.5268 17.622 0.786753 0.544345 414.28 0 0
1500 53.3057 17.3828 18.1293 -0.028031 0.29501 414.438 0 0
1500 89.5195 68.4802 17.8967 0.617685 1.16506 414.448 0 0
1500 -0.9573 -8.65415 17.6304 -0.908661 -0.0751743 414.593 0 0
1500 56.2883 -14.2889 17.6206 -0.106833 -0.210804 414.574 0 0
1500 73.1119 -59.9693 17.7315 0.284886 -0.939891 414.717 0 0
1500 -26.1021 58.1688 17.7066 -1.31986 1.00337 414.711 0 0
1500 48.7313 7.29871 17.7068 -0.137646 0.166126 414.754 0 0
1500 126.433 -32.1904 18.0341 1.1768 -0.570971 414.76 0 0
1500 17.1936 41.1131 17.632 -0.642707 0.646977 414.795 0 0
1500 0.0254849 -0.0931605 17.6337 -0.894822 0.0728332 414.93 0 0
1500 -18.0603 -26.1318 17.6569 -1.21922 -0.434114 414.988 0 0
1500 88.5194 -16.0345 18.4496 0.518945 -0.276668 415.196 0 0
1500 75.029 -25.6816 17.6242 0.223476 -0.461647 415.227 0 0
1500 28.6376 3.35958 17.8643 -0.431881 0.0726735 415.254 0 0
1500 -5.27914 15.5522 17.6309 -0.931735 0.284788 415.324 0 0
1500 48.5691 13.2035 17.9946 -0.112376 0.272185 415.387 0 0
1500 72.0914 -23.6921 17.6441 0.24562 -0.371841 415.419 0 0
1500 86.5427 6.78298 17.644 0.444987 0.0485391 415.415 0 0
1500 88.1547 -40.4399 17.6695 0.532898 -0.609033 415.478 0 0
1500 102.305 -18.8993 17.6439 0.674212 -0.223946 415.66 0 0
1500 45.6239 70.7372 17.6096 -0.189613 1.0978 415.787 0 0
1500 36.5142 -12.7875 17.8603 -0.351081 -0.246264 415.675 0 0
1500 54.4925 -30.4159 17.7987 -0.0482725 -0.482667 415.843 0 0
1500 61.5454 7.15145 17.6715 0.117454 0.155982 415.886 0 0
1500 123.558 14.7207 17.6947 1.0252 0.206342 415.921 0 0
1500 105.677 -48.8747 17.6944 0.767666 -0.710733 415.897 0 0
1500 0.993551 -24.1786 17.7175 -0.888971 -0.402456 415.904 0 0
1500 11.2013 15.3868 17.621 -0.744855 0.164905 415.955 0 0
1500 112.519 -24.5432 17.7462 0.912965 -0.342 415.938 0 0
1500 77.3141 -2.00713 18.0755 0.368405 -0.108512 416.094 0 0
1500 108.953 -44.741 17.6971 0.811491 -0.648375 416.19 0 0
1500 68.8775 -32.9802 17.6679 0.0915767 -0.50951 416.173 0 0
1500 133.303 -18.6678 18.0242 1.36161 -0.279691 416.153 0 0
1500 68.3754 44.3355 17.6505 0.217891 0.715087 416.465 0 0
1500 122.444 -4.78681 17.74 0.997832 -0.0572886 416.478 0 0
1500 75.1622 -44.4212 17.7571 0.243806 -0.735957 416.498 0 0
1500 20.7769 -4.62281 17.6662 -0.63938 -0.0764105 416.486 0 0
1500 109.392 39.3201 17.6214 0.823776 0.546461 416.534 0 0
1500 88.3049 17.6924 17.6673 0.523243 0.31473 416.544 0 0
1500 99.6688 -29.3168 17.7569 0.610736 -0.508701 416.581 0 0
1500 57.8324 16.9691 17.839 0.0553686 0.288704 416.66 0 0
1500 91.8693 -35.2835 17.8308 0.536107 -0.600419 416.853 0 0
1500 59.4976 13.8179 17.9217 0.099077 0.272237 416.87 0 0
1500 124.03 6.93516 17.7165 1.03895 0.0660843 416.933 0 0
1500 123.719 -21.7772 18.0767 1.18767 -0.389285 417.016 0 0
1500 54.7684 -9.71649 17.8666 -0.00223281 -0.220903 417.024 0 0
1500 68.8049 37.4788 17.6621 0.11863 0.580688 417.254 0 0
1500 101.943 -48.8065 17.7484 0.685099 -0.748269 417.171 0 0
1500 42.6208 61.4013 17.6928 -0.31166 0.936887 417.261 0 0
1500 93.7153 -1.54823 18.2178 0.616121 -0.0949407 417.353 0 0
1500 122.797 12.5273 17.706 1.02593 0.127876 417.318 0 0
1500 91.5718 -65.34 17.6493 0.586768 -1.02331 417.458 0 0
1500 99.6546 33.5574 17.7365 0.73827 0.50525 417.466 0 0
1500 26.0569 -51.1357 17.7565 -0.485358 -0.823802 417.541 0 0
1500 118.578 33.8211 17.6274 0.942916 0.456758 417.749 0 0
1500 98.1669 8.15268 17.917 0.67522 0.184219 417.713 0 0
1500 92.6925 21.8276 17.9169 0.593207 0.388229 417.744 0 0
1500 95.0282 31.0737 17.7654 0.643888 0.468888 417.745 0 0
1500 29.4701 -12.8422 17.845 -0.482184 -0.193001 417.719 0 0
1500 69.0155 14.4813 17.8992 0.244972 0.277971 417.744 0 0
1500 77.4976 -22.5098 18.0567 0.309347 -0.371796 418.103 0 0
1500 89.6548 33.8847 17.916 0.545478 0.565695 418.038 0 0
1500 100.535 -1.57777 17.9664 0.736762 0.014719 418.15 0 0
1500 121.853 -0.168804 17.7422 1.01815 0.0130508 418.263 0 0
1500 120.29 -15.5273 17.7731 0.967573 -0.218367 418.274 0 0
1500 89.8012 55.086 17.7066 0.522968 0.864376 418.294 0 0
1500 113.654 -31.8087 17.665 0.884194 -0.426252 418.371 0 0
1500 65.6906 -14.7441 18.0627 0.149161 -0.265761 418.403 0 0
1500 116.08 1.95476 18.0912 0.972214 0.0426628 418.424 0 0
1500 60.1139 22.0395 18.1962 0.0524273 0.382776 418.437 0 0
1500 31.7794 44.2803 17.6956 -0.362386 0.754503 418.45 0 0
1500 101.564 -22.6872 17.8079 0.667185 -0.36526 418.607 0 0
1500 105.142 -5.63841 17.7302 0.731353 -0.0839146 418.609 0 0
1500 85.5266 -59.2288 17.833 0.430202 -0.93295 418.618 0 0
1500 86.9862 36.0052 17.8943 0.508565 0.593925 418.796 0 0
1500 65.5369 13.2434 18.4483 0.199861 0.240495 418.867 0 0
1500 111.793 30.1582 17.7755 0.835373 0.45435 418.88 0 0
1500 87.0038 30.4083 17.6962 0.473837 0.498223 418.855 0 0
1500 76.2111 -12.1898 18.054 0.336761 -0.214574 418.979 0 0
1500 95.8223 -19.5802 17.8142 0.584849 -0.320681 418.962 0 0
1500 86.7588 51.1892 17.8681 0.460203 0.825352 418.996 0 0
1500 106.857 -1.24151 17.894 0.803124 0.0395838 418.892 0 0
1500 125.201 -51.4386 17.9144 1.15857 -0.865847 418.92 0 0
1500 107.254 39.5606 17.7659 0.81026 0.583933 419.124 0 0
1500 64.7726 21.8561 17.8894 0.103123 0.400582 419.216 0 0
1500 75.7329 59.1229 17.8687 0.296623 0.937257 419.339 0 0
1500 88.5499 -37.2758 18.0162 0.514153 -0.621868 419.354 0 0
1500 75.057 5.40642 17.892 0.356075 0.0517193 419.278 0 0
1500 24.8681 6.29234 17.6981 -0.548365 0.15522 419.322 0 0
1500 108.445 22.4055 17.8934 0.819954 0.387781 419.447 0 0
1500 107.348 -34.5134 17.6756 0.747861 -0.585606 419.452 0 0
1500 71.0098 66.8692 17.7137 0.242588 1.01927 419.509 0 0
1500 122.503 -19.8888 17.7513 1.00729 -0.270108 419.646 0 0
1500 4.21716 36.7011 17.7346 -0.829274 0.589597 419.531 0 0
1500 84.3639 24.4646 17.8873 0.397011 0.437614 419.577 0 0
1500 94.2034 24.6954 17.6969 0.503939 0.43335 419.579 0 0
1500 74.7184 17.614 18.0505 0.3201 0.340985 419.555 0 0
1500 73.7188 74.6534 18.222 0.29138 1.42381 419.641 0 0
1500 70.4049 5.86131 18.3542 0.254376 0.143467 419.739 0 0
1500 60.6584 -13.3207 17.7524 0.112198 -0.187562 419.751 0 0
1500 84.4182 6.60382 18.0575 0.432996 0.149526 419.803 0 0
1500 67.0887 0.698586 17.8322 0.186772 -0.0408776 419.872 0 0
1500 55.2703 -58.5503 17.8406 -0.0445456 -0.931671 419.916 0 0
1500 42.3183 37.4556 17.8862 -0.234102 0.630674 419.808 0 0
1500 60.5007 13.2442 17.9933 0.0396789 0.26366 420 0 0
1500 33.9864 33.9537 17.7346 -0.419992 0.550594 419.969 0 0
1500 69.3818 22.895 17.6861 0.190964 0.423948 419.979 0 0
1500 72.6674 1.09718 17.9176 0.321902 0.0474451 420.099 0 0
1500 54.3942 -10.0885 17.9395 -0.0736946 -0.0987151 420.108 0 0
1500 43.7378 -13.2989 18.0246 -0.184436 -0.27323 420.285 0 0
1500 47.681 -39.2373 17.8361 -0.190705 -0.638962 420.296 0 0
1500 29.8056 18.273 17.6927 -0.399388 0.348324 420.239 0 0
1500 52.4564 -33.8776 17.8464 -0.0588534 -0.538254 420.43 0 0
1500 -8.62542 -6.32237 17.6786 -1.02462 -0.096452 420.425 0 0
1500 89.248 -25.9432 17.9287 0.558113 -0.42643 420.413 0 0
1500 -1.12724 -8.3844 17.6442 -0.908477 -0.109889 420.474 0 0
1500 105.819 -6.87232 18.4698 0.848149 -0.141024 420.525 0 0
1500 47.9145 -14.9049 18.2518 -0.12141 -0.236024 420.499 0 0
1500 14.097 30.2877 17.658 -0.705045 0.51383 420.623 0 0
1500 50.2255 36.3619 17.7432 -0.109103 0.625647 420.658 0 0
1500 113.014 -39.4156 17.7578 0.82365 -0.630933 420.744 0 0
1500 51.9293 -24.5245 17.6862 -0.0461035 -0.434521 420.723 0 0
1500 106.546 11.4152 17.6658 0.734942 0.125043 420.819 0 0
1500 79.005 60.8755 17.7276 0.351218 0.915153 420.843 0 0
1500 109.996 -18.1808 17.9228 0.907122 -0.356641 420.86 0 0
1500 105.106 -7.93892 17.6903 0.737703 -0.0495059 420.877 0 0
1500 62.2838 45.6253 17.8311 0.0715701 0.725096 420.946 0 0
1500 94.6867 27.522 17.6901 0.580317 0.48369 420.944 0 0
1500 76.8123 -1.90658 18.4012 0.440746 -0.051861 421.002 0 0
1500 94.677 49.8848 17.7317 0.57064 0.756225 421.151 0 0
1500 115.105 -13.4346 18.0792 1.10815 -0.243335 421.032 0 0
1500 112.546 39.4851 17.7274 0.857113 0.598932 421.261 0 0
1500 18.3914 31.0731 17.7412 -0.585554 0.540954 421.232 0 0
1500 148.197 8.61443 17.782 1.52398 0.155042 421.245 0 0
1500 77.9313 -8.27548 17.9663 0.370551 -0.106252 421.271 0 0
1500 38.3817 6.05188 17.7826 -0.311632 0.0406325 421.395 0 0
1500 97.4654 10.0374 17.8552 0.622683 0.170237 421.481 0 0
1500 88.4549 55.1225 17.7313 0.487156 0.827917 421.381 0 0
1500 72.9849 37.2253 17.7642 0.248256 0.635531 421.453 0 0
1500 69.317 2.20218 18.3253 0.277469 0.0716688 421.491 0 0
1500 87.8257 59.6842 17.6965 0.394981 0.934065 421.645 0 0
1500 80.5513 48.5575 17.6895 0.364479 0.792742 421.549 0 0
1500 130.52 -5.53683 17.7204 1.18563 -0.150224 421.569 0 0
1500 120.818 -12.2996 17.7865 0.971803 -0.17045 421.752 0 0
1500 120.914 25.8523 17.733 0.937316 0.43478 421.655 0 0
1500 10.5066 45.53 17.7529 -0.713585 0.695896 421.788 0 0
1500 123.904 -55.2881 17.9274 1.07825 -0.961044 421.794 0 0
1500 74.5587 -52.3779 18.19 0.325524 -0.96984 421.79 0 0
1500 50.3084 56.831 17.7406 -0.105812 0.917601 421.931 0 0
1500 25.6101 -2.01798 17.7395 -0.539438 -0.0847512 421.925 0 0
1500 161.088 66.6351 17.6643 1.53366 0.952307 422.031 0 0
1500 19.1237 17.3742 17.7318 -0.655873 0.249376 422.047 0 0
1500 94.2319 23.9036 18.0104 0.590705 0.365709 422.118 0 0
1500 13.9244 -34.6232 17.7011 -0.684835 -0.49009 422.122 0 0
1500 115.464 -29.6629 17.7296 0.913001 -0.547225 422.129 0 0
1500 33.1542 62.182 17.6997 -0.404208 0.961829 422.277 0 0
1500 222.197 -7.46121 17.7704 2.653 -0.14531 422.18 0 0
1500 70.3011 -5.30253 18.284 0.300641 -0.0695085 422.434 0 0
1500 116.405 -10.6431 17.9322 0.933536 -0.194018 422.371 0 0
1500 84.3386 55.181 17.741 0.396871 0.887873 422.329 0 0
1500 15.4544 20.8651 17.7309 -0.708545 0.300906 422.299 0 0
1500 129.622 9.41297 17.7113 1.14929 0.117568 422.438 0 0
1500 51.3652 29.4105 17.9587 -0.169037 0.493333 422.3 0 0
1500 80.4791 6.59123 18.2861 0.408854 0.187521 422.306 0 0
1500 93.1961 42.4964 17.8465 0.585352 0.687639 422.496 0 0
1500 94.1061 -3.45264 17.8586 0.62424 -0.0964969 422.519 0 0
1500 81.8074 9.38597 18.1302 0.438315 0.11323 422.688 0 0
1500 66.8614 -18.1221 17.6857 0.0883852 -0.310442 422.708 0 0
1500 78.306 -2.7777 19.166 0.424713 0.00488119 422.7 0 0
1500 45.4267 -39.3626 17.7761 -0.150369 -0.671038 422.733 0 0
1500 51.149 -6.07007 17.8297 -0.0741088 -0.151099 422.85 0 0
1500 -2.85023 -21.8834 17.706 -0.951676 -0.360357 422.799 0 0
1500 87.3189 -25.5028 17.947 0.538249 -0.412663 422.754 0 0
1500 83.8047 -29.4429 17.947 0.485837 -0.471485 422.75 0 0
1500 148.12 110.264 17.775 1.44469 1.77595 422.791 0 0
1500 71.8002 25.5593 17.8956 0.297755 0.490897 422.802 0 0
1500 99.8908 -40.1734 18.198 0.702305 -0.700327 423.012 0 0
1500 66.1979 -3.77286 18.1899 0.181987 0.0148326 422.978 0 0
1500 48.6579 -0.0403185 18.0524 -0.110038 -0.0625849 423.004 0 0
1500 15.9827 53.0386 17.7054 -0.647011 0.819821 423.028 0 0
1500 29.4907 10.172 17.8095 -0.489607 0.176757 422.91 0 0
1500 42.7371 -77.0706 17.7289 -0.193749 -1.16903 423.072 0 0
1500 95.6606 13.9317 17.7159 0.576991 0.290567 423.082 0 0
1500 110.671 -34.5446 17.6822 0.821561 -0.566977 423.107 0 0
1500 78.2878 38.0438 18.0288 0.369316 0.633306 423.192 0 0
1500 83.2708 -9.93391 18.4896 0.550692 -0.143226 423.295 0 0
1500 20.4537 44.1363 17.792 -0.61837 0.652721 423.522 0 0
1500 46.1923 11.2505 17.7368 -0.142435 0.239967 423.557 0 0
1500 136.183 22.7954 17.6927 1.20317 0.277484 423.641 0 0
1500 45.2526 40.208 17.7487 -0.153319 0.674109 423.581 0 0
1500 93.1513 -19.0292 17.8175 0.565142 -0.258317 423.728 0 0
1500 93.774 -2.86614 17.952 0.630664 -0.00250169 423.724 0 0
1500 43.4046 6.70484 17.9045 -0.219678 0.142084 423.798 0 0
1500 96.3861 6.63993 17.9845 0.624055 0.104319 423.785 0 0
1500 -7.69989 22.7572 17.7124 -1.00718 0.289916 423.857 0 0
1500 38.3512 -27.5984 17.7177 -0.358608 -0.372893 423.818 0 0
1500 56.5528 -5.91758 17.8235 -0.0603599 -0.0344528 423.882 0 0
1500 49.3906 -21.7729 18.1726 -0.100839 -0.344593 423.919 0 0
1500 92.2252 30.691 17.693 0.578592 0.422736 423.906 0 0
1500 53.5279 19.9008 17.8798 -0.0617307 0.335334 423.983 0 0
1500 87.6773 1.25508 18.4886 0.594978 0.0593903 424.029 0 0
1500 93.2578 29.3739 17.7363 0.599563 0.403744 424.032 0 0
1500 59.6344 61.8671 17.7172 0.0817691 0.966338 424.075 0 0
1500 126.968 3.3509 17.6871 1.04643 -0.00815261 424.105 0 0
1500 116.036 7.41285 17.9451 0.947677 0.0769597 424.104 0 0
1500 89.1987 56.7529 17.7027 0.474918 0.880725 424.149 0 0
1500 40.3875 16.0048 18.31 -0.295651 0.312119 424.166 0 0
1500 85.6129 -4.15871 17.9922 0.474604 -0.0426563 424.186 0 0
1500 2.90627 31.3386 17.7043 -0.803742 0.498435 424.2 0 0
1500 125.28 -13.6306 17.6897 1.01678 -0.253606 424.452 0 0
1500 78.5554 -42.0892 17.7358 0.376986 -0.671361 424.211 0 0
1500 83.9797 12.2622 17.8469 0.462212 0.240734 424.298 0 0
1500 65.2296 -32.4483 17.726 0.118582 -0.569671 424.36 0 0
1500 80.1375 -28.8505 17.7255 0.345005 -0.514147 424.457 0 0
1500 107.806 7.62418 17.9495 0.830398 0.152484 424.534 0 0
1500 7.59167 -24.0022 17.814 -0.806391 -0.367417 424.507 0 0
1500 99.9546 -6.78917 17.7247 0.644807 -0.178428 424.601 0 0
1500 -7.61819 -2.14423 17.7941 -1.018 -0.0332443 424.634 0 0
1500 80.7116 -9.58053 18.0109 0.435655 -0.0931165 424.626 0 0
1500 71.8377 14.59 17.9788 0.255648 0.254064 424.639 0 0
1500 70.0776 60.5295 17.725 0.128554 0.905846 424.7 0 0
1500 94.3438 13.5964 17.9296 0.584118 0.27768 424.793 0 0
1500 49.6399 40.5627 17.7287 -0.19943 0.63211 424.674 0 0
1500 40.2316 -19.492 18.1474 -0.344728 -0.319441 424.679 0 0
1500 64.8209 38.8466 17.8408 0.101168 0.658158 424.903 0 0
1500 20.7071 -23.2974 17.7278 -0.6366 -0.335825 424.86 0 0
1500 85.9518 14.9825 17.9494 0.437055 0.30568 424.922 0 0
1500 96.0276 44.1052 17.8583 0.638743 0.823523 424.976 0 0
1500 111.648 -21.7542 17.7267 0.841505 -0.384685 425.174 0 0
1500 32.6198 -78.1854 17.7606 -0.408721 -1.1961 425.236 0 0
1500 48.4243 -54.2934 17.948 -0.152866 -0.981264 425.242 0 0
1500 124.741 2.3102 18.0615 1.1133 0.0161659 425.312 0 0
1500 48.2094 62.9674 17.748 -0.105922 0.991134 425.335 0 0
1500 64.7371 58.194 17.7129 0.042634 0.914007 425.316 0 0
1500 51.6955 54.8489 17.7259 -0.166298 0.839046 425.445 0 0
1500 77.8554 23.1772 17.9156 0.30181 0.422187 425.456 0 0
1500 15.333 4.86943 17.9633 -0.733329 0.0270988 425.43 0 0
1500 93.1376 6.48161 17.6972 0.608543 0.111209 425.498 0 0
1500 23.2929 35.8151 17.7386 -0.52282 0.55188 425.548 0 0
1500 121.511 -16.381 17.8837 1.00517 -0.26682 425.567 0 0
1500 31.8455 -25.6573 17.6965 -0.407235 -0.468878 425.584 0 0
1500 50.7523 -62.2057 18.0916 -0.0714654 -1.08151 425.629 0 0
1500 6.4286 27.5085 17.693 -0.808117 0.475065 425.82 0 0
1500 97.9012 18.9421 17.6864 0.654742 0.238608 425.866 0 0
1500 6.97865 1.17746 17.6992 -0.844484 -0.00049174 425.851 0 0
1500 100.22 9.39729 17.717 0.689008 0.201114 425.766 0 0
1500 60.7446 -10.4164 18.0332 -0.02149 -0.213716 425.979 0 0
1500 43.7685 -12.3022 17.7474 -0.257173 -0.19307 426.098 0 0
1500 107.958 17.7253 18.0204 0.846726 0.266186 426.09 0 0
1500 118.523 15.814 17.8546 0.963182 0.271126 426.138 0 0
1500 38.0262 -12.1761 17.923 -0.281776 -0.26139 426.126 0 0
1500 115.603 43.2419 17.7418 0.855091 0.646358 426.196 0 0
1500 -2.05551 3.07315 17.7254 -0.96181 0.0619072 426.178 0 0
1500 98.4037 33.8187 17.6859 0.656472 0.45813 426.456 0 0
1500 125.351 8.51629 17.7374 1.05755 0.0598408 426.379 0 0
1500 9.58736 -19.8321 17.7453 -0.729669 -0.313277 426.497 0 0
1500 111.637 30.7416 17.8811 0.859626 0.498554 426.545 0 0
1500 68.6714 13.6073 18.7536 0.305879 0.278003 426.667 0 0
1500 96.0574 14.9816 19.0761 0.751319 0.262667 426.688 0 0
1500 67.8585 -46.0533 17.8518 0.178616 -0.766018 426.769 0 0
1500 52.8591 9.7838 17.9749 -0.104536 0.185574 426.79 0 0
1500 64.1628 -30.8823 18.252 0.149298 -0.530934 426.875 0 0
1500 72.8568 -8.3305 18.7754 0.307487 -0.174724 426.955 0 0
1500 80.6314 37.0327 17.9068 0.340824 0.57556 427.026 0 0
1500 120.746 21.6678 17.8587 0.983282 0.352148 426.998 0 0
1500 112.818 -39.037 17.7241 0.810127 -0.643856 427.024 0 0
1500 33.9215 41.0518 17.7951 -0.37645 0.692475 427.038 0 0
1500 115.793 -7.84725 17.9071 0.98825 -0.110282 427.156 0 0
1500 63.3894 20.3157 18.0005 0.0635904 0.363547 427.305 0 0
1500 78.7574 -1.64314 17.9565 0.42111 -0.0282768 427.318 0 0
1500 69.0812 -33.2842 17.8544 0.264471 -0.563293 427.316 0 0
1500 101.547 -20.9298 17.7107 0.734642 -0.318243 427.368 0 0
1500 105.254 8.44678 17.7107 0.790953 0.128242 427.371 0 0
1500 73.1895 48.7534 17.9613 0.307169 0.852505 427.374 0 0
1500 93.7059 5.71933 17.9747 0.597047 0.157239 427.435 0 0
1500 49.1347 -7.51303 17.9013 -0.152365 -0.146459 427.503 0 0
1500 81.1638 17.4036 18.7298 0.517212 0.298365 427.713 0 0
1500 58.4668 -21.0148 17.7692 -0.0487471 -0.323999 427.769 0 0
1500 97.5269 -37.759 17.7088 0.669502 -0.570587 427.765 0 0
1500 92.9114 2.33427 17.8123 0.593844 0.0936377 427.837 0 0
1500 81.2636 6.07838 18.5276 0.432614 0.138548 427.95 0 0
1500 11.2016 -50.8206 17.7295 -0.667761 -0.8058 427.91 0 0
1500 138.475 62.0085 17.7286 1.22597 1.02628 427.907 0 0
1500 53.2238 36.2791 17.9747 -0.0973952 0.567905 427.995 0 0
1500 74.3562 -1.92562 18.362 0.310642 0.0426573 428.071 0 0
1500 75.5649 127.751 17.7088 0.292096 1.88603 428.116 0 0
1500 34.2569 55.8322 17.792 -0.365219 0.90051 428.156 0 0
1500 -0.213762 22.7108 17.7449 -0.920144 0.382126 428.22 0 0
1500 71.4355 10.8803 18.2411 0.328319 0.207949 428.365 0 0
1500 105.292 -23.3342 17.7898 0.786223 -0.313876 428.268 0 0
1500 13.3488 -21.9975 17.7503 -0.739806 -0.374952 428.376 0 0
1500 78.4819 -5.97863 17.9414 0.410745 -0.117872 428.354 0 0
1500 90.3961 -5.02638 17.7517 0.574465 -0.0630156 428.246 0 0
1500 54.1658 -58.8623 17.6949 -0.00247395 -0.89451 428.561 0 0
1500 103.794 -14.7244 17.9481 0.788989 -0.223736 428.448 0 0
1500 29.9512 -41.9457 17.8198 -0.465739 -0.687195 428.447 0 0
1500 7.9896 43.4921 17.7075 -0.753661 0.684994 428.595 0 0
1500 65.4435 -9.85846 18.0881 0.118968 -0.195989 428.743 0 0
1500 -50.4525 -46.82 17.7662 -1.69676 -0.738651 428.736 0 0
1500 69.4336 -54.5885 17.75 0.0986265 -0.865589 428.779 0 0
1500 -28.9999 68.0269 17.7431 -1.43381 1.01848 428.763 0 0
1500 71.4784 15.7144 18.6221 0.314225 0.302732 428.885 0 0
1500 92.54 12.766 18.2565 0.648123 0.220161 428.806 0 0
1500 115.269 8.83391 17.7876 0.928391 0.170331 428.875 0 0
1500 82.7448 12.0713 17.9437 0.427256 0.162423 429.138 0 0
1500 76.9762 -25.2084 18.298 0.393344 -0.438911 428.913 0 0
1500 104.57 -10.7523 17.7461 0.783899 -0.149468 428.964 0 0
1500 40.5326 -55.1852 17.7178 -0.201968 -0.87309 429.196 0 0
1500 84.4017 -2.44605 17.8813 0.443975 0.0428685 429.31 0 0
1500 23.5737 -57.0548 17.7129 -0.564607 -0.833588 429.365 0 0
1500 93.7329 -31.637 17.9326 0.633625 -0.502036 429.419 0 0
1500 113.827 -40.4683 17.6995 0.799644 -0.656751 429.434 0 0
1500 49.5806 6.81488 18.4406 -0.100179 0.0683249 429.469 0 0
1500 95.4452 -56.1069 17.7004 0.533323 -0.881336 429.537 0 0
1500 0.242779 26.1977 17.7466 -0.923467 0.35062 429.463 0 0
1500 80.9496 -7.83426 17.8601 0.407858 -0.055502 429.587 0 0
1500 49.5547 21.3761 17.8602 -0.0746897 0.393555 429.57 0 0
1500 15.4108 4.73359 17.8568 -0.637408 0.0856735 429.679 0 0
1500 91.1466 -40.7471 17.7756 0.523524 -0.602089 429.637 0 0
1500 -8.6302 60.3163 17.7135 -1.07481 0.921153 429.707 0 0
1500 49.8105 34.9132 17.7475 -0.15312 0.608266 429.641 0 0
1500 62.77 -45.0822 17.7575 -0.000719184 -0.734496 429.601 0 0
1500 15.3906 -46.2925 17.8663 -0.64222 -0.754008 429.74 0 0
1500 107.774 24.9945 17.8891 0.765997 0.384886 429.741 0 0
1500 68.257 -17.4303 17.7582 0.207881 -0.235725 429.749 0 0
1500 59.1162 -2.16706 17.9241 0.0889788 -0.0695688 429.812 0 0
1500 118.019 -19.0063 17.9139 0.959765 -0.327952 429.802 0 0
1500 89.0677 -1.56802 18.3295 0.605922 0.0249425 429.806 0 0
1500 119.629 -6.16839 17.9449 1.0052 -0.0936261 429.841 0 0
1500 81.2394 57.949 17.8025 0.402504 0.91672 429.878 0 0
1500 113.943 -19.0901 17.742 0.913866 -0.272576 429.875 0 0
1500 73.1455 -25.2495 17.7922 0.264867 -0.388278 429.99 0 0
1500 54.6759 -66.4196 17.7466 -0.109906 -1.02326 430.037 0 0
1500 137.769 -25.7046 17.8071 1.28904 -0.446046 429.944 0 0
1500 121.795 -12.4596 17.8372 1.01911 -0.154569 430.106 0 0
1500 -5.1928 99.4405 17.7502 -1.05231 1.58398 430.134 0 0
1500 100.138 -37.0436 17.7557 0.597175 -0.58767 430.168 0 0
1500 72.7223 -52.1265 17.7567 0.213557 -0.797921 430.23 0 0
1500 59.3985 68.0877 17.7545 -0.0346754 1.02298 430.35 0 0
1500 63.9832 23.7569 18.0249 0.123922 0.348494 430.364 0 0
1500 122.699 14.4463 17.7884 1.01663 0.248703 430.382 0 0
1500 100.474 -11.0757 18.2748 0.771271 -0.153203 430.375 0 0
1500 105.575 -11.3577 17.7458 0.793179 -0.142544 430.25 0 0
1500 101.692 25.0536 18.1756 0.713101 0.462723 430.432 0 0
1500 123.481 11.4107 17.7872 1.0372 0.254245 430.414 0 0
1500 11.0802 15.4167 17.7342 -0.690024 0.275355 430.559 0 0
1500 53.7709 66.7142 17.7569 -0.115161 0.999368 430.619 0 0
1500 61.8862 16.7146 17.8127 0.0881856 0.289109 430.617 0 0
1500 82.7967 49.5196 17.7605 0.314877 0.792754 430.68 0 0
1500 50.1774 -5.23294 18.0317 -0.103045 -0.153658 430.664 0 0
1500 54.6185 65.68 17.7592 -0.102675 0.981263 430.853 0 0
1500 73.9898 7.7741 18.5915 0.338188 0.187833 430.847 0 0
1500 91.8396 -50.747 17.7169 0.543972 -0.705891 430.875 0 0
1500 75.2798 -5.53296 18.341 0.398947 -0.124055 430.93 0 0
1500 119.884 -24.6842 17.7159 0.977629 -0.37777 431.192 0 0
1500 37.7058 -18.4436 18.0281 -0.292126 -0.353725 430.989 0 0
1500 27.9845 44.141 17.7625 -0.449805 0.75428 431.025 0 0
1500 43.8443 -30.0165 17.7318 -0.294453 -0.435256 431.115 0 0
1500 135.748 28.8325 18.1755 1.43364 0.499325 431.089 0 0
1500 82.5974 62.2273 17.8064 0.412838 0.957452 431.482 0 0
1500 112.973 -1.2741 18.2707 0.943687 -0.00823516 431.258 0 0
1500 151.964 -4.66965 17.7846 1.44744 -0.028681 431.241 0 0
1500 78.8053 37.0119 17.8701 0.301095 0.632039 431.259 0 0
1500 80.5194 -5.34423 18.0223 0.452015 -0.0978226 431.247 0 0
1500 25.8971 -33.7333 17.7489 -0.527819 -0.579612 431.489 0 0
1500 70.3012 -3.34853 17.9979 0.259387 -0.0573985 431.628 0 0
1500 109.516 -34.4919 17.7887 0.77027 -0.589763 431.565 0 0
1500 47.2093 23.405 17.7686 -0.216659 0.419158 431.584 0 0
1500 71.6302 -28.651 17.9372 0.165142 -0.444748 431.709 0 0
1500 60.1643 -17.1173 17.7828 0.037317 -0.302567 431.684 0 0
1500 42.5546 -14.8687 17.7853 -0.277233 -0.188683 431.734 0 0
1500 82.0095 8.77407 18.9216 0.552243 0.139601 431.724 0 0
1500 79.2496 -57.7574 17.7884 0.317346 -0.934944 431.735 0 0
1500 15.7002 -28.0535 17.7474 -0.680515 -0.491225 431.741 0 0
1500 69.6343 -12.7354 18.2927 0.152507 -0.290319 431.74 0 0
1500 105.384 45.9327 17.8083 0.739965 0.717795 431.799 0 0
1500 91.434 -32.3144 18.0211 0.518217 -0.557678 431.803 0 0
1500 102.136 -5.50894 18.3324 0.788231 -0.121814 431.964 0 0
1500 97.2286 -47.5129 17.8476 0.65802 -0.744905 431.983 0 0
1500 80.6038 -42.54 18.0202 0.35489 -0.709813 431.936 0 0
1500 85.6521 29.0781 17.7652 0.374347 0.503929 431.937 0 0
1500 55.1483 12.6099 17.8275 -0.12191 0.185144 431.938 0 0
1500 81.0033 49.0613 17.8655 0.330822 0.806201 431.991 0 0
1500 57.0458 -1.8584 18.7538 0.0455895 -0.0378411 432.132 0 0
1500 57.5117 55.2231 17.8649 -0.0222246 0.896794 432.141 0 0
1500 90.3819 -11.3131 18.0534 0.579876 -0.225808 432.302 0 0
1500 7.55193 -43.8182 17.7884 -0.743274 -0.719767 432.432 0 0
1500 131.059 -10.0077 18.2998 1.36515 -0.141955 432.641 0 0
1500 42.8483 -2.30822 18.348 -0.290181 0.0164661 432.573 0 0
1500 142.585 12.7101 18.3145 1.5365 0.200509 432.734 0 0
1500 59.8676 36.4889 18.1548 -0.0136033 0.637752 432.713 0 0
1500 -4.89896 12.7928 17.7439 -0.977926 0.126547 432.76 0 0
1500 90.0016 8.30632 18.9245 0.6536 0.131158 432.791 0 0
1500 56.6643 53.8199 17.7587 -0.069393 0.870709 432.898 0 0
1500 11.742 -10.8453 17.7702 -0.769107 -0.128571 432.89 0 0
1500 81.9546 6.55969 18.2439 0.448455 0.169324 433.025 0 0
1500 102.433 -36.6015 17.9182 0.678435 -0.656717 433.099 0 0
1500 116.86 -9.48563 17.9266 0.941169 -0.20016 433.126 0 0
1500 19.6844 -18.6483 17.7771 -0.649941 -0.269426 433.31 0 0
1500 81.8766 6.02566 17.7699 0.41535 0.0317054 433.354 0 0
1500 124.219 -19.9382 17.9558 1.15277 -0.342654 433.227 0 0
1500 90.5441 -22.4729 19.1175 0.758572 -0.474412 433.269 0 0
1500 65.1738 -5.10958 17.9057 0.125542 -0.136788 433.513 0 0
1500 51.0909 -3.53289 17.9063 -0.0666092 -0.11522 433.546 0 0
1500 48.1219 -5.31639 17.7992 -0.188132 -0.0311933 433.57 0 0
1500 101.939 -37.2103 17.7347 0.682897 -0.56492 433.445 0 0
1500 15.462 -51.4378 17.8518 -0.667418 -0.799418 433.886 0 0
1500 95.9302 -57.4353 17.7447 0.52002 -0.907803 433.862 0 0
1500 61.8153 45.8335 17.7964 0.0651818 0.772485 433.542 0 0
1500 33.8738 -11.0917 18.0264 -0.384807 -0.223656 433.604 0 0
1500 99.0653 -1.25872 17.95 0.641173 -0.0633643 434.079 0 0
1500 27.3417 -60.0368 17.8523 -0.491969 -0.922924 434.072 0 0
1500 6.08708 -36.6611 17.8046 -0.838785 -0.539252 434.068 0 0
1500 55.7572 6.9637 18.682 -0.0547463 0.066726 434.254 0 0
1500 100.842 13.3837 18.2609 0.714785 0.239966 434.358 0 0
1500 105.016 -9.99389 18.4255 0.845544 -0.157495 434.354 0 0
1500 102.862 -12.5388 18.4248 0.818486 -0.312349 434.371 0 0
1500 86.7027 -13.6123 18.0196 0.491476 -0.191984 434.446 0 0
1500 48.3357 -49.4719 17.7605 -0.101066 -0.811563 434.479 0 0
1500 51.6981 -7.83717 17.8645 -0.125039 -0.1567 434.945 0 0
1500 105.324 -41.8534 17.8161 0.753687 -0.603345 434.667 0 0
1500 98.5923 40.5497 17.7355 0.642125 0.647165 434.877 0 0
1500 33.1778 -61.9628 17.7691 -0.369927 -0.982008 434.761 0 0
1500 65.0267 -64.8708 17.7785 0.131419 -1.02666 434.945 0 0
1500 57.0371 33.6628 18.1278 0.0536996 0.579281 434.942 0 0
1500 86.4487 -25.7749 17.968 0.495436 -0.455487 434.631 0 0
1500 98.039 15.3155 17.9561 0.722563 0.24611 434.859 0 0
1500 98.019 10.3118 17.9724 0.626668 0.166688 435.33 0 0
1500 95.1541 -2.11546 17.963 0.60165 -0.0531444 435.314 0 0
1500 80.4417 -27.1579 17.7797 0.381097 -0.365033 435.103 0 0
1500 90.3695 50.2752 17.764 0.435976 0.780772 435.439 0 0
1500 14.2685 -49.2744 17.8156 -0.644813 -0.800499 435.492 0 0
1500 84.7615 -4.77804 18.4384 0.546666 -0.0289988 435.382 0 0
1500 101.332 -41.9241 17.7566 0.692995 -0.686371 435.494 0 0
1500 71.3495 34.9676 18.0737 0.268833 0.613505 435.378 0 0
1500 71.9004 -0.751434 17.7844 0.278401 -0.0565315 435.293 0 0
1500 -8.34068 6.60115 17.8646 -1.09679 0.0524057 435.108 0 0
1500 5.63008 43.5202 17.8085 -0.825113 0.636669 435.737 0 0
1500 92.8074 -8.80664 18.3862 0.670112 -0.134239 435.75 0 0
1500 111.227 -23.733 17.8625 0.880453 -0.3364 435.74 0 0
1500 110.256 -18.4635 18.1452 0.927029 -0.264823 435.724 0 0
1500 -44.9666 -64.5307 17.8051 -1.62795 -1.07551 435.791 0 0
1500 12.3258 47.7825 17.7621 -0.707858 0.74577 435.882 0 0
1500 89.8304 -6.16849 17.8949 0.476138 -0.166135 436.01 0 0
1500 79.6522 -21.0915 17.8173 0.394383 -0.375253 435.837 0 0
1500 111.441 -1.44829 17.9491 0.962971 -0.0514919 435.922 0 0
1500 49.9277 -11.4332 18.4491 -0.161638 -0.210928 435.903 0 0
1500 100.055 -51.7466 17.7884 0.645699 -0.815979 436.124 0 0
1500 79.3768 -37.4434 17.7488 0.398021 -0.589847 436.127 0 0
1500 71.6044 7.04394 17.8166 0.175252 0.175523 436.107 0 0
1500 57.148 2.59294 18.2091 0.0338737 0.114098 436.216 0 0
1500 130.393 -87.775 17.7811 1.11617 -1.42923 436.254 0 0
1500 52.1508 -68.8246 17.7702 -0.149712 -1.02895 436.4 0 0
1500 54.2048 18.7017 18.2068 -0.0106243 0.35673 436.419 0 0
1500 70.3494 25.4602 18.0679 0.267921 0.448378 436.499 0 0
1500 65.2722 -65.4306 17.7917 0.140081 -1.00727 436.618 0 0
1500 42.831 -44.6433 17.9243 -0.202637 -0.748671 436.79 0 0
1500 62.5175 62.0183 17.771 0.018013 0.937675 436.918 0 0
1500 101.082 5.92394 18.1554 0.763322 0.0639008 437.084 0 0
1500 73.252 -0.234905 18.2765 0.313814 0.0694449 437.034 0 0
1500 44.3326 -30.8803 17.9131 -0.201057 -0.546102 437.101 0 0
1500 132.323 -36.338 17.8548 1.27654 -0.648832 437.251 0 0
1500 82.7167 -49.49 17.8853 0.359939 -0.812256 437.348 0 0
1500 103.502 37.7309 17.7727 0.700251 0.531062 437.629 0 0
1500 32.2382 -58.5216 17.7782 -0.432197 -0.866164 437.451 0 0
1500 101.132 -38.0093 17.9203 0.668819 -0.640879 437.588 0 0
1500 116.657 14.3331 17.7421 0.948305 0.197946 437.502 0 0
1500 91.072 26.3087 17.9418 0.574984 0.451234 437.532 0 0
1500 55.1169 -33.6226 17.8749 -0.10771 -0.524836 437.59 0 0
1500 110.004 -14.9554 18.005 0.847203 -0.307046 437.396 0 0
1500 25.8797 -0.0844642 17.9897 -0.587783 0.032264 437.517 0 0
1500 75.631 -62.833 17.766 0.347081 -0.982574 437.735 0 0
1500 90.997 -41.6022 17.9656 0.505152 -0.744052 437.768 0 0
1500 -26.8162 95.4697 18.0098 -1.43986 1.69888 437.783 0 0
1500 85.2242 -21.9898 18.3621 0.4958 -0.335054 437.919 0 0
1500 90.2637 52.2266 17.7957 0.440041 0.840708 437.886 0 0
1500 73.9535 38.9527 17.8118 0.316517 0.626151 437.859 0 0
1500 60.338 -20.2385 18.2271 0.0309994 -0.31488 438.127 0 0
1500 105.097 7.12335 18.0141 0.75599 0.0771782 438.094 0 0
1500 54.3241 47.1977 17.7854 -0.0971618 0.714572 438.082 0 0
1500 22.8809 54.4306 17.7559 -0.527053 0.85238 438.125 0 0
1500 75.7459 -31.0964 18.5995 0.350832 -0.525873 437.939 0 0
1500 96.9544 12.6488 18.2534 0.712318 0.159169 438.015 0 0
1500 112.971 -14.926 17.9107 0.858144 -0.295494 438.009 0 0
1500 76.6295 -67.6612 17.8696 0.371004 -1.14479 437.991 0 0
1500 75.0813 3.7148 17.9644 0.34134 0.00515649 438.183 0 0
1500 49.3767 -72.4058 17.8996 -0.146058 -1.19856 438.158 0 0
1500 107.715 16.7897 17.9339 0.784286 0.225779 438.282 0 0
1500 28.5505 -45.9916 17.7887 -0.478473 -0.677848 438.394 0 0
1500 109.811 42.391 17.7571 0.722485 0.677774 438.263 0 0
1500 116.576 -32.5737 17.7873 0.926689 -0.482821 438.395 0 0
1500 93.43 26.2167 17.9173 0.586613 0.464501 438.386 0 0
1500 74.5317 50.5846 17.8076 0.322115 0.795566 438.514 0 0
1500 52.3614 0.88128 17.8642 -0.153996 0.00251148 438.396 0 0
1500 81.0668 19.6884 18.1317 0.355895 0.336979 438.589 0 0
1500 96.2433 6.42315 17.8914 0.620042 0.181634 438.612 0 0
1500 71.8957 33.5082 17.7939 0.148059 0.518588 438.638 0 0
1500 51.6806 24.2869 18.1345 -0.0451104 0.398828 438.757 0 0
1500 86.9438 -60.1849 17.8832 0.413868 -0.950895 438.87 0 0
1500 68.3461 -65.483 17.7456 0.199861 -1.02023 438.729 0 0
1500 110.816 35.5685 17.8788 0.836619 0.519007 439.128 0 0
1500 120.693 4.26397 17.7966 1.00699 0.0526778 439.168 0 0
1500 44.7167 -5.49878 18.2125 -0.211426 -0.0488513 439.049 0 0
1500 18.1106 8.36669 17.8553 -0.673352 0.116434 439.28 0 0
1500 108.911 2.95009 18.1443 0.958854 0.108085 439.353 0 0
1500 106.991 -40.7635 17.7958 0.773999 -0.591762 439.576 0 0
1500 122.281 -11.1473 17.8565 1.02866 -0.184042 439.566 0 0
1500 72.2014 1.195 18.3684 0.303734 -0.0351631 439.638 0 0
1500 122.377 -16.6508 17.747 1.00103 -0.257725 439.701 0 0
1500 49.9023 -98.6358 17.8248 -0.173227 -1.52539 439.946 0 0
1500 128.12 -20.1691 17.8461 1.15652 -0.319537 439.629 0 0
1500 34.1934 63.3432 17.7627 -0.413211 0.963399 440.064 0 0
1500 94.7236 -13.5224 17.8159 0.619508 -0.153362 440.028 0 0
1500 64.2845 -7.75728 17.7718 0.0385727 -0.175367 440.04 0 0
1500 94.567 -21.4062 17.8093 0.574902 -0.268147 440.116 0 0
1500 26.1816 -57.7842 17.7508 -0.523816 -0.87272 440.271 0 0
1500 33.4984 35.3282 17.7604 -0.323658 0.59344 440.195 0 0
1500 61.1379 -74.0683 18.0568 0.120185 -1.25775 440.154 0 0
1500 81.5527 -29.0667 18.3973 0.480257 -0.529484 440.384 0 0
1500 93.081 29.6366 17.7722 0.594173 0.494508 440.567 0 0
1500 24.9932 47.7078 17.8041 -0.462166 0.785402 440.672 0 0
1500 28.5364 -28.4804 17.9502 -0.439602 -0.505847 440.773 0 0
1500 59.1482 -30.251 18.0924 0.00145893 -0.508372 440.804 0 0
1500 47.5421 -39.2 17.9498 -0.151548 -0.667795 440.818 0 0
1500 54.3648 22.111 18.0747 -0.0784904 0.381556 440.828 0 0
1500 41.2124 -6.45476 18.1063 -0.281815 -0.061329 440.8 0 0
1500 104.087 38.1966 18.4345 0.811613 0.684217 440.805 0 0
1500 118.937 -10.4884 18.1786 1.11965 -0.262477 440.839 0 0
1500 115.835 -25.5617 17.9407 0.902323 -0.444051 440.963 0 0
1500 95.6355 36.4729 17.8098 0.624828 0.602796 440.931 0 0
1500 33.4557 -25.9322 18.1983 -0.398203 -0.501094 440.975 0 0
1500 47.4321 -28.3469 18.0505 -0.120838 -0.505171 441.214 0 0
1500 104.41 -18.432 17.7978 0.75915 -0.226128 441.154 0 0
1500 131.061 -153.617 18.044 1.33586 -2.66697 441.239 0 0
1500 115.733 -19.6676 17.8077 0.920291 -0.241947 441.483 0 0
1500 20.8345 49.625 17.7533 -0.507575 0.796663 441.483 0 0
1500 17.9954 -14.7815 17.9533 -0.659154 -0.217933 441.286 0 0
1500 105.581 15.847 17.8753 0.719964 0.314412 441.487 0 0
1500 59.9972 20.8959 17.8019 0.0578859 0.394414 441.639 0 0
1500 17.5157 19.0776 18.0237 -0.647929 0.355328 441.515 0 0
1500 113.773 -49.6814 17.9831 0.902294 -0.916972 441.283 0 0
1500 52.6406 -2.60193 18.2077 -0.060239 -0.0920325 441.806 0 0
1500 77.9361 58.9066 17.807 0.352862 0.927988 441.872 0 0
1500 106.607 -34.8183 17.8728 0.807972 -0.498572 441.779 0 0
1500 73.8098 -7.92424 18.065 0.255555 -0.193894 441.798 0 0
1500 66.2462 -35.9061 18.324 0.172458 -0.680557 441.956 0 0
1500 75.7235 -2.93043 18.9187 0.470823 -0.0716624 442.065 0 0
1500 81.0956 -17.2876 18.0621 0.364929 -0.335008 442.068 0 0
1500 106.336 -34.7374 18.5495 0.877196 -0.676284 442.048 0 0
1500 107.272 -35.0855 17.8444 0.807673 -0.647304 442.078 0 0
1500 65.494 5.68978 17.831 0.174268 0.0698357 442.153 0 0
1500 34.5372 25.942 17.7826 -0.378606 0.410647 442.207 0 0
1500 9.14885 40.762 17.7557 -0.788451 0.557299 442.347 0 0
1500 48.519 -40.013 17.9221 -0.186775 -0.64399 442.298 0 0
1500 122.675 14.0896 17.9031 1.02769 0.301498 442.344 0 0
1500 51.0712 -67.2565 17.7652 -0.050013 -1.04018 442.428 0 0
1500 26.3756 -12.4593 17.9618 -0.529442 -0.21865 442.657 0 0
1500 -18.6018 -13.4819 17.9674 -1.30199 -0.219446 442.562 0 0
1500 77.2762 -89.2829 17.9863 0.25063 -1.53975 442.609 0 0
1500 106.585 10.5085 17.8812 0.739822 0.18493 442.707 0 0
1500 100.297 32.1212 17.958 0.660957 0.498755 442.88 0 0
1500 70.694 13.904 18.9607 0.179442 0.314703 442.956 0 0
1500 52.9959 -25.705 17.9255 -0.0751123 -0.41983 443.061 0 0
1500 54.9017 -12.9877 17.7887 0.0213782 -0.194982 443.102 0 0
1500 63.6691 -11.3522 17.7883 0.1426 -0.172431 443.079 0 0
1500 108.867 12.0005 17.9592 0.77976 0.217175 442.973 0 0
1500 84.2432 46.9123 18.1008 0.427829 0.769344 443.281 0 0
1500 76.1657 -48.202 18.0537 0.285475 -0.790419 443.163 0 0
1500 98.7977 33.4868 17.8911 0.688152 0.5431 443.061 0 0
1500 86.7226 18.7506 18.3626 0.481783 0.352194 443.298 0 0
1500 22.3468 -29.1159 17.9284 -0.579539 -0.493094 443.053 0 0
1500 78.9493 -138.744 17.8678 0.349174 -2.25808 443.131 0 0
1500 81.4028 -2.7108 17.7865 0.371531 -0.0849697 443.499 0 0
1500 40.2195 -14.7526 18.1038 -0.363888 -0.234444 443.37 0 0
1500 125.951 -3.49418 17.7941 1.04747 0.000596545 443.587 0 0
1500 91.8879 57.815 17.8708 0.496196 0.91791 443.72 0 0
1500 -55.0588 45.7346 17.8117 -1.73509 0.679855 443.818 0 0
1500 66.0413 -2.00373 18.1004 0.171261 -0.105917 443.573 0 0
1500 33.8982 -6.91388 18.1034 -0.40095 -0.0963997 444.019 0 0
1500 59.204 5.31447 17.942 0.0069135 0.136725 444.225 0 0
1500 100.503 -45.4209 17.9036 0.655319 -0.704407 444.382 0 0
1500 116.766 32.0704 17.7947 0.931814 0.435583 444.281 0 0
1500 82.8043 53.7918 17.8997 0.408222 0.869394 444.26 0 0
1500 126.334 19.0752 18.0719 1.2242 0.337403 444.489 0 0
1500 122.758 -6.54388 17.8802 1.00698 -0.0740115 444.561 0 0
1500 67.7153 -27.5447 18.463 0.242553 -0.480628 444.693 0 0
1500 93.6329 -37.6416 17.9418 0.589439 -0.629046 444.601 0 0
1500 90.4828 0.719006 18.1657 0.60843 0.028983 444.542 0 0
1500 91.2179 41.8198 17.8667 0.53762 0.61752 444.882 0 0
1500 99.5255 -38.8583 17.8478 0.611982 -0.619395 444.825 0 0
1500 4.6907 -37.2458 17.7633 -0.822882 -0.58782 444.971 0 0
1500 75.5804 58.7234 17.9776 0.310987 0.934523 444.812 0 0
1500 114.887 -8.52188 18.0271 0.931988 -0.0819272 444.819 0 0
1500 94.3262 -34.6612 18.1029 0.635555 -0.564194 444.999 0 0
1500 46.1747 -36.1799 18.1711 -0.191785 -0.582894 444.796 0 0
1500 119.504 5.12903 17.9626 1.03691 0.136685 444.733 0 0
1500 82.5015 28.0919 18.2807 0.526025 0.486081 445.029 0 0
1500 -1.2474 18.3668 18.1429 -1.04037 0.309658 444.77 0 0
1500 60.2119 -19.892 18.3298 0.0255684 -0.404223 445.063 0 0
1500 18.7939 -19.4728 17.9101 -0.65155 -0.268454 445.172 0 0
1500 111.663 28.8464 17.8049 0.811247 0.518763 445.165 0 0
1500 33.2501 -21.7192 17.838 -0.35467 -0.412725 445.138 0 0
1500 100.014 -23.9395 17.9185 0.636966 -0.39251 445.644 0 0
1500 96.3899 6.85951 18.3904 0.715197 0.0833217 445.656 0 0
1500 104.7 -6.89365 18.1604 0.81292 -0.0843298 445.268 0 0
1500 87.3224 13.0092 18.4488 0.59145 0.182916 445.72 0 0
1500 97.2615 42.4297 17.8297 0.665534 0.649074 445.626 0 0
1500 89.5272 -26.344 18.0781 0.582197 -0.412981 445.776 0 0
1500 75.8765 27.0103 18.0309 0.36565 0.446943 445.34 0 0
1500 22.9108 -1.41594 18.0309 -0.562821 0.0239948 445.657 0 0
1500 53.0274 -19.2285 17.9146 -0.134061 -0.264661 445.635 0 0
1500 85.5148 54.9888 18.1696 0.527416 0.972537 445.355 0 0
1500 112.576 56.077 18.0186 0.908043 1.00799 445.574 0 0
1500 53.5653 -41.2948 18.0418 -0.104959 -0.788838 445.606 0 0
1500 88.9128 51.8478 17.7831 0.535992 0.771498 445.893 0 0
1500 45.7625 1.78266 17.9223 -0.206454 -0.0425583 445.979 0 0
1500 124.55 37.9519 18.1928 1.16996 0.616743 446.064 0 0
1500 107.52 9.3228 18.0974 0.84018 0.17284 446.299 0 0
1500 82.7295 55.3443 17.8105 0.445869 0.829571 446.329 0 0
1500 44.5497 8.62975 18.2871 -0.210801 0.106596 446.099 0 0
1500 51.6299 10.3472 18.2684 -0.110046 0.145013 446.161 0 0
1500 26.9225 -43.0827 17.8303 -0.447292 -0.723144 446.21 0 0
1500 38.2964 -41.6209 18.1345 -0.294239 -0.740875 446.253 0 0
1500 103.06 -10.0322 18.2705 0.831522 -0.101583 446.416 0 0
1500 46.0493 52.4245 18.0817 -0.212805 0.998063 446.15 0 0
1500 -16.1816 -14.6012 18.0852 -1.39266 -0.211579 446.279 0 0
1500 47.0868 16.4285 17.8936 -0.211424 0.228223 446.594 0 0
1500 49.2756 33.6652 17.791 -0.0745221 0.515822 446.798 0 0
1500 101.627 -10.645 17.825 0.659139 -0.0992279 446.929 0 0
1500 114.572 -25.2959 17.8083 0.867852 -0.397279 446.743 0 0
1500 112.219 -14.9049 18.0722 0.907554 -0.237341 446.891 0 0
1500 116.587 -9.19896 17.8784 0.941426 -0.0905236 446.957 0 0
1500 14.0151 -23.8634 17.9042 -0.720265 -0.329916 446.805 0 0
1500 22.6102 27.7856 17.9055 -0.592302 0.450602 446.613 0 0
1500 65.1169 14.4161 18.0328 0.190163 0.274354 446.527 0 0
1500 66.0278 26.9498 17.9216 0.146486 0.487283 446.549 0 0
1500 35.4531 -39.5494 17.9148 -0.396509 -0.715932 446.846 0 0
1500 68.5464 50.3083 18.0405 0.171835 0.92975 446.49 0 0
1500 70.0625 -7.52545 18.1733 0.258093 -0.145422 447.314 0 0
1500 61.4128 -43.1344 17.8571 0.0930187 -0.657498 447.022 0 0
1500 67.9685 41.4306 17.9026 0.139077 0.644438 447.312 0 0
1500 61.0551 42.0797 17.9028 0.0430094 0.653323 447.327 0 0
1500 98.5586 84.2092 17.7795 0.627918 1.22465 447.099 0 0
1500 59.9531 -24.2796 18.3003 0.094203 -0.43835 447.21 0 0
1500 91.4979 -5.09261 17.9718 0.550539 -0.150374 447.369 0 0
1500 83.279 39.6743 18.1537 0.481348 0.6339 447.89 0 0
1500 64.8941 5.63422 18.0829 0.199476 0.13239 448.108 0 0
1500 92.8792 -10.8046 18.2803 0.597776 -0.136708 448.304 0 0
1500 54.8236 -9.30988 17.9885 -0.0373167 -0.194468 447.878 0 0
1500 37.8937 10.2676 17.9892 -0.324452 0.145928 448.139 0 0
1500 122.63 -17.7205 17.8031 1.01234 -0.263312 447.929 0 0
1500 109.745 -30.3511 17.9918 0.854148 -0.479683 447.818 0 0
1500 117.37 21.2792 17.9629 0.953526 0.352283 448.223 0 0
1500 119.472 -1.0104 17.9977 1.00127 -0.023546 448.219 0 0
1500 90.3778 13.4277 17.9485 0.584798 0.203061 447.888 0 0
1500 37.4778 16.8847 17.9555 -0.366231 0.288466 448.308 0 0
1500 99.8446 41.9246 18.1034 0.695402 0.804758 447.93 0 0
1500 73.9971 -3.78474 18.857 0.396956 -0.0307037 448.621 0 0
1500 114.801 27.5831 17.9099 0.863555 0.481443 448.659 0 0
1500 82.5095 53.9039 17.7959 0.414092 0.862318 448.845 0 0
1500 74.4415 33.628 17.9532 0.197705 0.542298 448.541 0 0
1500 55.4013 4.94672 17.9864 -0.0890966 0.109156 448.804 0 0
1500 108.941 -27.6367 18.3636 0.952525 -0.440114 448.914 0 0
1500 88.3644 -67.2869 18.1645 0.595196 -1.14849 448.765 0 0
1500 72.3337 43.4163 18.1276 0.274201 0.811922 448.786 0 0
1500 88.4198 -2.04421 17.8291 0.445658 0.0363815 449.014 0 0
1500 42.9811 -21.5386 18.1265 -0.236121 -0.37519 449.035 0 0
1500 55.2799 -47.5085 17.9424 -0.0161895 -0.790273 449.043 0 0
1500 78.9164 -11.1417 18.0982 0.392489 -0.233937 448.981 0 0
1500 77.8849 -18.8259 18.0261 0.405139 -0.291361 449.045 0 0
1500 71.884 38.9722 17.8508 0.279613 0.635822 449.024 0 0
1500 97.1595 4.16493 17.8466 0.608597 0.140253 448.99 0 0
1500 139.068 -35.9708 17.9452 1.33381 -0.550599 449.082 0 0
1500 111.156 15.1327 17.998 0.885953 0.204805 449.696 0 0
1500 89.8825 -38.6456 17.9586 0.561605 -0.617637 449.329 0 0
1500 80.8232 42.2925 17.9509 0.341447 0.709835 449.259 0 0
1500 101.447 7.10299 18.0194 0.755278 0.102173 449.786 0 0
1500 103.856 -25.8889 17.8465 0.760958 -0.351089 449.597 0 0
1500 53.6655 4.4418 18.1461 -0.0411423 0.141943 449.775 0 0
1500 20.1848 -6.68603 17.8081 -0.581496 -0.180037 449.61 0 0
1500 49.3 16.9582 17.9282 -0.181007 0.31181 449.637 0 0
1500 34.6907 -17.9868 17.9262 -0.405491 -0.227005 449.799 0 0
1500 76.4563 -1.25843 17.8559 0.305165 0.0562895 449.522 0 0
1500 127.567 20.4701 17.874 1.15185 0.275373 449.801 0 0
1500 54.0489 41.5596 17.8356 -0.121848 0.706591 449.85 0 0
1500 85.4794 -17.7979 18.4426 0.510974 -0.252739 450.017 0 0
1500 71.1939 19.4892 18.0195 0.228778 0.33057 450.003 0 0
1500 78.1131 -60.137 17.8385 0.307423 -0.927325 450.006 0 0
1500 38.5084 -36.7232 17.8052 -0.297601 -0.640415 449.898 0 0
1500 21.8117 41.5287 17.8378 -0.527754 0.720041 449.933 0 0
1500 123.57 30.4272 18.3285 1.17027 0.518179 450.512 0 0
1500 38.0068 2.47779 18.0361 -0.298493 0.0808827 450.068 0 0
1500 96.5435 -5.50625 18.189 0.637476 -0.0587273 451.013 0 0
1500 86.1378 18.7301 17.8663 0.461648 0.272136 451.018 0 0
1500 98.5248 22.7553 18.2551 0.709619 0.380855 450.886 0 0
1500 -9.64087 4.81833 17.8962 -1.07148 0.0644029 450.063 0 0
1500 114.54 -24.6696 17.8822 0.896038 -0.423851 450.941 0 0
1500 93.0541 51.2491 17.8356 0.530508 0.838048 450.854 0 0
1500 87.2765 27.2232 17.9408 0.53724 0.409073 450.204 0 0
1500 88.2523 45.6616 17.8352 0.520263 0.733877 450.811 0 0
1500 -0.523056 -15.5201 17.7971 -0.881877 -0.309613 451.005 0 0
1500 119.611 2.03495 17.7972 0.931934 -0.0445961 450.993 0 0
1500 100.19 -31.9699 17.8 0.64335 -0.56213 450.512 0 0
1500 30.7002 37.6962 17.8433 -0.390644 0.648376 450.357 0 0
1500 80.8287 48.7619 17.8385 0.371842 0.809612 450.994 0 0
1500 80.1613 64.9363 17.8279 0.396444 1.04361 450.592 0 0
1500 60.3039 -73.2352 17.8874 0.0542105 -1.24478 450.381 0 0
1500 81.9184 -39.4358 18.1865 0.434318 -0.750742 450.276 0 0
1500 61.3485 -15.7839 18.4224 0.0373395 -0.303876 450.8 0 0
1500 141.079 3.16203 18.4353 1.5817 0.0613509 450.605 0 0
1500 89.7942 13.3731 18.1917 0.543855 0.199014 451.189 0 0
1500 9.74011 -31.847 17.9202 -0.785536 -0.485779 451.224 0 0
1500 7.91843 -33.5742 17.7965 -0.753 -0.581063 451.131 0 0
1500 89.8912 -44.5186 17.8201 0.519111 -0.735901 451.209 0 0
1500 35.7552 -31.1536 18.1495 -0.347501 -0.524219 451.15 0 0
1500 96.3845 -36.3135 17.8403 0.660504 -0.544514 451.04 0 0
1500 71.814 23.7764 18.1489 0.189736 0.498595 451.158 0 0
1500 123.737 -1.77178 17.9973 1.0457 -0.0453279 451.451 0 0
1500 94.2741 -1.09955 18.6533 0.703342 -0.0458576 451.525 0 0
1500 118.817 26.9027 17.8351 0.908588 0.472168 451.287 0 0
1500 53.229 -12.9029 18.373 -0.0517216 -0.249942 451.534 0 0
1500 148.023 -48.3449 17.8687 1.45506 -0.801755 451.267 0 0
1500 65.1539 -11.8032 18.1689 0.18637 -0.27887 451.547 0 0
1500 134.48 -26.9715 18.5529 1.58081 -0.595056 451.448 0 0
1500 24.7704 27.0652 17.9299 -0.562651 0.37097 452.052 0 0
1500 104.344 -0.932226 17.9921 0.720411 0.024856 452.19 0 0
1500 120.335 3.66389 18.0373 1.00739 0.09157 452.036 0 0
1500 92.3979 21.2206 18.2192 0.580646 0.315644 452.365 0 0
1500 63.318 -1.09352 18.2023 0.181013 0.00160932 451.831 0 0
1500 96.5443 31.6207 17.9888 0.614239 0.477881 451.955 0 0
1500 75.1944 63.3006 17.8038 0.292556 0.96302 451.613 0 0
1500 59.9312 65.4859 17.805 0.0731588 0.992363 451.756 0 0
1500 82.6925 6.34526 18.8981 0.554211 0.136347 452.207 0 0
1500 116.64 31.8058 17.8439 0.917507 0.501717 452.253 0 0
1500 17.9293 54.9343 17.8365 -0.577014 0.874691 452.256 0 0
1500 105.659 8.77007 18.3298 0.833841 0.163345 451.772 0 0
1500 116.484 26.8331 17.9292 0.950653 0.389983 452.413 0 0
1500 96.6402 52.9565 17.831 0.63252 0.825194 452.329 0 0
1500 30.2647 53.7463 17.8367 -0.398643 0.880602 451.708 0 0
1500 53.7308 -62.5569 17.8839 -0.0132121 -0.994953 452.318 0 0
1500 92.1049 -24.8065 18.0764 0.570686 -0.448346 451.829 0 0
1500 110.244 -25.1007 17.8709 0.860239 -0.341594 452.088 0 0
1500 146.736 -11.558 17.8405 1.41925 -0.1974 451.944 0 0
1500 104.768 0.649109 17.8114 0.73137 -0.0624409 452.211 0 0
1500 77.623 39.5504 17.938 0.27674 0.672912 452.317 0 0
1500 82.9152 0.286619 17.9688 0.42817 0.0774331 451.789 0 0
1500 30.0855 -5.17038 17.9028 -0.463329 -0.148139 451.706 0 0
1500 80.5635 -16.3831 17.8318 0.425526 -0.273748 452.393 0 0
1500 69.9564 47.9164 18.1922 0.162195 0.812724 452.243 0 0
1500 73.7241 -23.0715 18.5919 0.289326 -0.373102 452.569 0 0
1500 80.4655 -59.1248 17.9076 0.400123 -0.928226 452.55 0 0
1500 69.1143 -46.5004 17.8921 0.140668 -0.779184 452.581 0 0
1500 89.7048 34.624 17.8357 0.479686 0.609536 452.482 0 0
1500 77.9868 -22.0818 17.9634 0.288331 -0.409707 452.593 0 0
1500 26.4313 0.762795 17.9034 -0.554072 -0.0151795 452.632 0 0
1500 76.6116 2.12938 18.481 0.392685 0.0202188 452.734 0 0
1500 34.6554 -62.5632 17.7952 -0.340537 -0.989987 453 0 0
1500 82.812 -61.9565 17.7952 0.365319 -0.981384 452.98 0 0
1500 4.03658 -41.824 17.7948 -0.791126 -0.687668 452.84 0 0
1500 109.208 43.0909 17.8341 0.777813 0.702497 452.995 0 0
1500 117.514 -25.5877 17.8671 0.957127 -0.344317 452.978 0 0
1500 71.3166 -31.523 18.378 0.301569 -0.541201 453.011 0 0
1500 93.8615 52.0765 17.9123 0.524048 0.848928 453.28 0 0
1500 66.3181 -52.3932 17.8839 0.196305 -0.842647 453.376 0 0
1500 90.9824 29.4928 17.8651 0.536016 0.526851 452.892 0 0
1500 56.6127 -40.0678 17.9574 -0.0421356 -0.6832 453.051 0 0
1500 110.776 -28.8433 18.0822 0.896159 -0.50321 453.271 0 0
1500 78.636 -39.4418 17.8912 0.262439 -0.652858 453.486 0 0
1500 71.9977 75.7326 17.8309 0.261423 1.2484 453.329 0 0
1500 47.3593 42.1586 17.9311 -0.229264 0.713966 453.284 0 0
1500 36.5866 -57.423 17.947 -0.32885 -1.00735 452.951 0 0
1500 28.5852 -49.9506 17.9516 -0.463051 -0.884223 453.172 0 0
1500 107.527 7.5092 18.4197 0.879051 0.0986537 454.137 0 0
1500 64.1503 -18.942 17.8479 0.149256 -0.284187 453.983 0 0
1500 98.1308 47.2375 17.8534 0.635279 0.711634 453.659 0 0
1500 75.2328 -60.6329 17.8215 0.286199 -0.939792 453.966 0 0
1500 -1.5076 30.7779 17.8317 -0.927852 0.418296 454.132 0 0
1500 108.961 42.916 17.8378 0.756635 0.693442 454.059 0 0
1500 81.1533 62.1835 17.9028 0.371146 0.980372 453.673 0 0
1500 120.96 19.1846 17.8964 0.970251 0.35332 453.589 0 0
1500 104.72 26.1842 18.1461 0.812532 0.407796 453.817 0 0
1500 119.313 15.386 17.8676 0.961619 0.300014 453.562 0 0
1500 89.531 -0.204813 18.3452 0.615165 -0.0234465 453.638 0 0
1500 107.07 -31.2625 17.879 0.810069 -0.515408 454.006 0 0
1500 40.2934 -48.5846 17.8612 -0.344455 -0.7396 453.851 0 0
1500 27.4026 -8.74047 18.0372 -0.573162 -0.156169 453.802 0 0
1500 98.4237 -57.5418 18.1325 0.771689 -0.984574 453.858 0 0
1500 43.2027 -40.888 18.084 -0.271857 -0.763013 454.063 0 0
1500 92.0494 5.87172 17.9164 0.523949 0.02799 455.804 0 0
1500 70.1295 55.712 17.9403 0.204951 0.85923 456.626 0 0
1500 19.9695 -31.8411 17.8944 -0.565807 -0.512741 457.918 0 0
1500 94.4551 -1.15561 18.4737 0.624259 0.0212508 454.836 0 0
1500 74.2543 -3.34571 18.1928 0.316443 -0.00532789 454.414 0 0
1500 56.1073 14.2881 18.0408 0.036185 0.250758 454.509 0 0
1500 71.5717 -3.30633 18.0411 0.273205 -0.0636723 455.667 0 0
1500 80.0428 0.754298 18.3019 0.41885 -0.00345182 457.287 0 0
1500 103.045 21.4266 17.8654 0.694591 0.338477 454.743 0 0
1500 69.436 -40.1633 17.9114 0.211538 -0.612865 455.468 0 0
1500 93.6285 -16.9405 17.9035 0.558243 -0.279159 455.961 0 0
1500 43.5117 -10.1691 17.8315 -0.199755 -0.210553 456.754 0 0
1500 41.9117 -39.5916 17.8198 -0.224447 -0.626147 455.963 0 0
1500 54.5864 -18.2862 17.8308 -0.0459451 -0.323513 456.709 0 0
1500 98.0975 42.6648 17.8633 0.641063 0.629619 455.105 0 0
1500 97.1899 0.0295102 18.1719 0.650313 -0.0130058 457.663 0 0
1500 88.8031 29.938 17.9262 0.461764 0.485763 456.836 0 0
1500 66.5456 5.7509 17.9113 0.187657 0.109966 458.161 0 0
1500 97.2632 18.4743 17.9178 0.58575 0.324398 457.414 0 0
1500 52.8088 -12.6752 17.8316 -0.0562663 -0.246295 457.252 0 0
1500 36.5407 -52.1171 17.8069 -0.294031 -0.832892 454.666 0 0
1500 110.641 19.8561 17.8557 0.830212 0.306127 456.334 0 0
1500 113.82 -10.4699 17.8829 0.863178 -0.190516 457.753 0 0
1500 122.861 17.4413 17.8747 1.0159 0.21347 456.138 0 0
1500 106.516 14.7268 18.2274 0.805952 0.29009 454.634 0 0
1500 28.6504 58.2399 17.8514 -0.411214 0.941405 454.819 0 0
1500 95.5702 50.8436 17.8536 0.570896 0.80509 456.959 0 0
1500 105.203 43.288 17.8514 0.733338 0.718076 454.802 0 0
1500 105.414 38.6495 17.8535 0.742075 0.653627 454.3 0 0
1500 108.898 -36.7042 17.8771 0.759018 -0.626608 454.842 0 0
1500 69.7154 67.8583 17.8174 0.109661 1.03954 456.292 0 0
1500 12.3493 47.8159 17.851 -0.734059 0.701234 457.299 0 0
1500 99.9634 -34.3896 18.1297 0.713306 -0.574337 455.568 0 0
1500 117.066 20.2397 18.0573 0.971412 0.328968 456.452 0 0
1500 86.4794 -48.3761 17.8255 0.399883 -0.806381 454.381 0 0
1500 90.8138 -43.0014 17.941 0.562482 -0.707691 454.946 0 0
1500 84.7699 -52.0913 17.938 0.467961 -0.840063 455.364 0 0
1500 67.4078 -38.3975 18.0209 0.194405 -0.659764 454.334 0 0
1500 24.4372 -56.4668 17.8263 -0.503474 -0.898436 457.417 0 0
1500 83.8926 -55.8297 17.8309 0.361478 -0.876665 458.388 0 0
1500 15.2442 -40.9264 17.9853 -0.690944 -0.646256 455.669 0 0
1500 86.1032 -27.6544 18.4509 0.510129 -0.498432 454.756 0 0
1500 61.8465 72.4787 17.812 -0.00908941 1.10292 457.196 0 0
1500 16.6831 -1.76895 18.065 -0.676981 -0.0225062 454.755 0 0
1500 103.506 -47.7076 17.812 0.722339 -0.751976 457.404 0 0
1500 121.273 14.495 17.8154 0.969801 0.161157 458.388 0 0
1500 100.303 -15.3639 18.0236 0.689 -0.312171 454.68 0 0
1500 7.1971 -42.9722 17.8753 -0.790788 -0.684473 457.872 0 0
1500 -67.7085 -21.9686 17.8025 -1.99034 -0.359216 455.527 0 0
1500 109.709 14.3349 18.0179 0.840962 0.255051 458.127 0 0
1500 106.685 17.0911 18.019 0.804235 0.29826 457.482 0 0
1500 70.7483 19.3391 18.0339 0.281281 0.342111 455.389 0 0
1500 51.9222 -66.0602 18.0545 -0.0739738 -1.09172 455.16 0 0
1500 89.4795 -28.738 17.8745 0.56683 -0.446643 455.01 0 0
1500 75.5875 28.813 18.0082 0.358818 0.482687 455.197 0 0
1500 106.409 2.97475 17.9992 0.822942 0.0843199 455.977 0 0
1500 29.9861 -27.9735 17.8163 -0.394408 -0.498205 454.583 0 0
1500 32.4094 -80.4903 17.8786 -0.469749 -1.27955 454.489 0 0
1500 147.771 0.96058 18.0424 1.48733 0.0284119 455.285 0 0
1500 81.4644 -33.3197 18.0861 0.442362 -0.563248 456.202 0 0
1500 100.738 9.95807 17.9674 0.746955 0.160976 455.949 0 0
1500 88.2691 18.0711 17.9726 0.560065 0.28694 455.511 0 0
1500 57.1662 -63.7524 17.8849 -0.0363973 -1.02768 457.02 0 0
1500 58.4732 57.2083 17.8467 -0.0655255 0.887668 456.175 0 0
1500 26.2718 -42.48 17.8489 -0.55868 -0.635014 455.934 0 0
1500 88.4781 -48.8763 18.1421 0.520093 -0.798407 457.782 0 0
1500 81.8629 -2.77213 18.1616 0.433576 -0.114823 455.92 0 0
1500 105.337 -41.811 17.8393 0.739737 -0.696827 457.338 0 0
1500 44.1643 -56.9114 17.843 -0.179721 -0.932998 456.647 0 0
1500 70.9149 -19.5092 17.897 0.285113 -0.311949 455.017 0 0
1500 66.2153 0.863247 18.0151 0.211281 0.0609265 455.224 0 0
1500 64.7276 -47.6828 18.2085 0.0989723 -0.788221 456.204 0 0
1500 109.467 40.1576 17.8291 0.843063 0.603809 458.148 0 0
1500 100.176 -15.8908 17.8428 0.727007 -0.239938 456.067 0 0
1500 50.8252 53.285 17.8838 -0.165711 0.854936 456.793 0 0
1500 48.0566 -8.19415 17.9859 -0.204254 -0.178 454.41 0 0
1500 97.0943 13.9111 18.2196 0.697646 0.259866 457.856 0 0
1500 55.9302 15.6022 18.026 0.0384749 0.303668 456.139 0 0
1500 76.5524 38.0503 17.9689 0.241283 0.634858 456.189 0 0
1500 37.9563 28.8882 18.0219 -0.296146 0.517073 457.186 0 0
1500 69.5783 -42.0819 17.9844 0.234059 -0.710171 457.372 0 0
1500 82.2191 -30.3571 17.8815 0.410468 -0.539382 456.9 0 0
1500 52.6578 -0.570321 17.8459 -0.15507 -0.0439357 455.878 0 0
1500 109.57 6.19041 17.8194 0.849644 0.140036 457.482 0 0
1500 94.3446 -39.2336 17.9399 0.642112 -0.586717 458.07 0 0
1500 49.4038 0.662138 18.0546 -0.131782 -0.0626423 456.974 0 0
1500 77.7068 -28.6139 17.8879 0.273104 -0.510933 456.972 0 0
1500 107.142 -0.934608 17.9887 0.835664 0.0423651 456.791 0 0
1500 48.889 -36.573 17.8824 -0.114806 -0.639904 457.192 0 0
1500 94.4541 -13.084 17.9797 0.603462 -0.27376 457.769 0 0
1500 65.3974 -8.68532 17.99 0.158858 -0.208522 457.04 0 0
1500 37.4976 38.6601 17.868 -0.273168 0.662588 457.534 0 0
1500 97.9082 -1.72465 17.8702 0.660174 0.0399442 457.359 0 0
1500 103.71 -79.8281 17.9377 0.73853 -1.30788 457.449 0 0
1500 74.6016 -20.5824 18.0999 0.357062 -0.3523 457.871 0 0
1500 111.41 -23.4688 17.9483 0.931849 -0.35454 456.139 0 0
1500 128.005 -63.8585 17.8668 1.21226 -1.05857 454.508 0 0
1500 102.108 -36.9518 17.8401 0.703833 -0.640007 458.254 0 0
1500 54.9628 12.5138 18.1367 -0.0311346 0.266097 458.184 0 0
1500 62.2186 -4.00632 18.1385 0.0807618 0.0116702 458.071 0 0
1500 46.9391 13.0824 17.8439 -0.219528 0.268361 457.182 0 0
1500 44.3021 50.2107 17.8495 -0.297963 0.776411 456.09 0 0
1500 82.1634 -1.69853 17.9497 0.460753 0.0021532 458.33 0 0
1500 76.5988 47.8374 18.155 0.271865 0.82257 456.003 0 0
1500 7.78339 16.471 17.8826 -0.824051 0.348047 457.006 0 0
1500 98.2001 -18.5516 18.0931 0.72974 -0.381826 455.54 0 0
1500 96.3634 -40.4557 18.0571 0.622939 -0.738241 457.145 0 0
1500 15.4621 -7.58149 18.0968 -0.730688 -0.190201 456.453 0 0
1500 51.4041 38.412 18.1634 -0.158975 0.651936 456.517 0 0
1500 71.9518 36.5332 18.3071 0.213096 0.671199 455.751 0 0
1500 80.0279 -37.1426 18.0188 0.306347 -0.676936 455.598 0 0
1500 115.286 14.0205 17.9541 0.980061 0.31449 457.083 0 0
1500 130.593 23.7116 18.3326 1.35387 0.4249 457.197 0 0
1500 111.434 -10.1505 18.4157 1.0417 -0.251243 454.841 0 0
1500 83.8969 -22.1762 18.3857 0.446253 -0.365262 459.566 0 0
1500 63.9048 26.9792 17.9028 0.130956 0.400371 459.013 0 0
1500 82.7115 -12.6427 18.2256 0.386867 -0.24258 460.061 0 0
1500 38.727 16.3793 17.9757 -0.29402 0.284142 459.482 0 0
1500 88.5606 31.0865 17.8902 0.479986 0.495401 458.733 0 0
1500 56.0193 7.6283 17.8801 -0.00194375 0.172399 459.64 0 0
1500 59.3576 -37.0029 17.9611 3.80923e-05 -0.579665 459.387 0 0
1500 63.8376 -3.74282 18.0715 0.175979 -0.0597632 460.444 0 0
1500 96.6302 19.0848 18.0611 0.624006 0.309187 459.563 0 0
1500 58.8137 -31.7023 17.9058 -0.0470404 -0.468114 459.567 0 0
1500 59.4447 36.3427 17.956 0.0614171 0.573439 459.604 0 0
1500 78.2119 -46.0059 17.8701 0.271308 -0.703882 460.653 0 0
1500 100.615 5.75239 18.0696 0.690462 0.0571299 460.06 0 0
1500 53.9993 -51.096 17.8305 -0.0892912 -0.791841 459.02 0 0
1500 55.1487 -16.2345 17.8458 -0.0716038 -0.289856 460.305 0 0
1500 69.1736 6.1703 17.9548 0.202818 0.145893 460.923 0 0
1500 68.108 -23.6813 17.8511 0.129926 -0.401086 460.409 0 0
1500 84.9487 -0.674451 18.3216 0.494773 -0.0226012 462.177 0 0
1500 76.2926 -3.49472 17.9305 0.322312 -0.0879851 461.033 0 0
1500 48.4856 -2.75758 18.0171 -0.146278 0.0217044 461.733 0 0
1500 55.8401 9.526 18.1268 -0.0342456 0.18847 462.141 0 0
1500 81.7213 19.4523 18.2797 0.358888 0.332794 462.477 0 0
1500 85.9091 26.2914 17.8613 0.419686 0.436612 461.16 0 0
1500 106.495 7.12142 17.9667 0.771542 0.108671 461.327 0 0
1500 120.051 14.6675 17.9552 0.985931 0.220392 459.685 0 0
1500 23.5629 11.4661 17.8595 -0.551972 0.175438 461.636 0 0
1500 100.359 44.4895 17.834 0.673728 0.680898 459.985 0 0
1500 94.4681 -17.437 17.8904 0.589819 -0.253063 461.773 0 0
1500 83.563 20.9737 18.1707 0.392738 0.360936 462.809 0 0
1500 22.9151 -56.0113 17.8992 -0.522205 -0.903149 458.565 0 0
1500 88.8882 -44.4193 17.8244 0.494897 -0.688082 460.762 0 0
1500 121.231 6.17644 17.9082 1.02027 0.0750673 458.676 0 0
1500 -2.15406 17.7873 17.8788 -0.92111 0.29694 460.514 0 0
1500 46.5243 34.4247 17.8961 -0.21306 0.522723 462.401 0 0
1500 112.944 37.1448 17.8792 0.816335 0.612865 460.055 0 0
1500 97.2626 -49.0353 17.9081 0.669241 -0.757269 458.528 0 0
1500 38.9524 -17.3652 17.9565 -0.314293 -0.273917 463.686 0 0
1500 92.5665 12.9495 18.5081 0.676952 0.179628 459.222 0 0
1500 42.9142 -18.7647 17.8904 -0.177768 -0.326233 463.683 0 0
1500 105.234 -6.88212 17.8254 0.725999 -0.0557629 462.631 0 0
1500 98.7426 -24.0587 18.0551 0.682468 -0.403781 460.428 0 0
1500 -1.04014 18.3567 17.8214 -0.948876 0.225824 458.511 0 0
1500 34.0363 11.9431 17.8434 -0.387819 0.119417 463.716 0 0
1500 14.3644 4.54736 17.8355 -0.669626 0.0158636 463.079 0 0
1500 -8.2299 3.36707 17.8176 -1.04183 -0.000878943 459.513 0 0
1500 125.936 2.70308 17.8517 1.04216 0.103312 460.548 0 0
1500 125.476 5.65106 17.8517 1.03791 0.147112 460.383 0 0
1500 97.0127 -19.6188 18.0905 0.69309 -0.333644 458.625 0 0
1500 90.9288 -12.3051 17.8997 0.534739 -0.148285 464.094 0 0
1500 46.9435 8.83382 17.8638 -0.13356 0.190418 464.476 0 0
1500 35.7085 25.9831 17.8577 -0.292299 0.432634 464.024 0 0
1500 50.2381 -54.0362 18.0387 -0.07898 -0.889526 459.193 0 0
1500 70.2351 27.0258 17.9246 0.150754 0.441097 464.606 0 0
1500 82.1258 -1.9116 18.4497 0.499369 -0.0802127 459.644 0 0
1500 70.9103 35.6267 18.127 0.212234 0.615538 458.875 0 0
1500 47.1892 4.75312 18.1377 -0.134765 0.130923 465.941 0 0
1500 10.894 32.834 17.825 -0.718748 0.529672 462.944 0 0
1500 62.4076 7.20488 17.932 0.114921 0.15415 465.25 0 0
1500 4.62248 23.8953 17.979 -0.849689 0.396674 459.919 0 0
1500 92.9094 -30.6287 18.0236 0.530338 -0.538281 459.267 0 0
1500 30.5256 -23.7703 18.0291 -0.423834 -0.436773 458.807 0 0
1500 73.6402 0.24572 18.0327 0.270147 0.0651751 466.002 0 0
1500 71.0366 -47.6577 17.8085 0.267124 -0.764487 458.911 0 0
1500 88.2291 -42.083 17.8062 0.529693 -0.676256 459.148 0 0
1500 53.1422 -8.651 18.36 -0.0752199 -0.160335 459.791 0 0
1500 41.2806 8.15215 18.3589 -0.255477 0.0953217 459.867 0 0
1500 85.9961 -26.5694 18.134 0.471504 -0.480212 459.824 0 0
1500 99.4828 -11.6452 18.1322 0.67516 -0.252498 459.979 0 0
1500 83.1701 -35.3669 17.8142 0.397266 -0.622765 458.951 0 0
1500 65.6127 -55.6974 17.8078 0.117022 -0.870083 463.919 0 0
1500 106.426 -45.6411 17.8391 0.79582 -0.657019 461.239 0 0
1500 120.84 3.45799 17.8446 1.01381 0.100671 460.262 0 0
1500 85.547 5.59201 18.0948 0.490332 0.0563793 464.994 0 0
1500 48.7616 13.7821 18.2196 -0.16454 0.183567 459.283 0 0
1500 62.8162 24.4275 17.9438 0.153925 0.419731 459.029 0 0
1500 100.611 49.9566 17.9195 0.695928 0.766856 463.149 0 0
1500 54.474 6.61256 18.612 -0.00290972 0.150562 462.02 0 0
1500 63.8193 3.82139 17.9975 0.162451 0.0265898 467.152 0 0
1500 57.4539 -14.856 18.1468 0.0633539 -0.256106 469.086 0 0
1500 66.444 -40.4047 17.9871 0.210197 -0.646622 461.913 0 0
1500 68.1402 10.9472 18.4097 0.243122 0.240234 461.279 0 0
1500 73.6805 -51.2973 18.1281 0.260802 -0.843998 462.034 0 0
1500 53.1527 58.6235 17.9561 -0.0543539 0.957085 461.97 0 0
1500 116.433 29.7538 17.8966 0.928704 0.471341 463.903 0 0
1500 103.527 41.0496 17.9354 0.766081 0.640942 462.576 0 0
1500 136.888 44.5324 17.8496 1.28484 0.688652 461.264 0 0
1500 72.0069 20.5142 18.3647 0.237149 0.347089 468.888 0 0
1500 70.0733 40.585 18.2228 0.196128 0.678745 462.122 0 0
1500 77.9673 30.1576 18.1521 0.347225 0.535333 461.659 0 0
1500 85.0105 15.35 17.8266 0.489859 0.209748 460.297 0 0
1500 110.338 36.9183 17.8064 0.851774 0.525482 462.72 0 0
1500 46.4723 -4.44335 18.0714 -0.157041 -0.145614 460.69 0 0
1500 110.85 -40.5118 17.8104 0.807793 -0.665707 463.969 0 0
1500 56.6439 -45.5645 17.827 0.00734592 -0.711232 466.737 0 0
1500 61.6742 -34.7616 17.8305 0.0861618 -0.61106 460.617 0 0
1500 63.1776 -20.8413 17.8373 0.0988294 -0.356379 467.575 0 0
1500 -54.8167 119.9 17.8282 -1.80397 1.97256 459.525 0 0
1500 -41.2829 -5.31697 17.828 -1.64954 -0.0971426 459.743 0 0
1500 44.0111 34.839 18.0138 -0.192065 0.554155 468.189 0 0
1500 91.6739 0.224333 18.0138 0.556071 -0.0212571 468.294 0 0
1500 -0.997552 12.8508 17.909 -0.921496 0.256482 462.991 0 0
1500 100.06 51.4069 17.8721 0.699157 0.780437 464.459 0 0
1500 53.7156 67.8753 17.8193 -0.00543149 1.04742 464.58 0 0
1500 60.8447 -66.2349 17.8922 0.0225478 -1.0349 465.386 0 0
1500 80.0398 37.345 18.0905 0.364714 0.586628 468.519 0 0
1500 91.0321 24.335 18.1662 0.62032 0.363482 462.989 0 0
1500 68.4166 27.3847 17.8997 0.0916988 0.422465 462.664 0 0
1500 61.1681 -8.09931 18.4553 0.101391 -0.192606 463.227 0 0
1500 70.8393 -1.67 18.4546 0.247577 -0.0952633 463.267 0 0
1500 85.9999 9.99089 17.8359 0.444454 0.233153 461.321 0 0
1500 6.25148 14.531 17.8232 -0.785851 0.298964 462.389 0 0
1500 78.6022 23.8132 17.8343 0.328537 0.447874 461.434 0 0
1500 -4.55972 -31.2637 17.9057 -1.00724 -0.499337 463.309 0 0
1500 17.0089 -1.0772 17.9971 -0.681577 0.0520723 459.71 0 0
1500 72.1965 16.7505 18.1936 0.207797 0.308154 462.601 0 0
1500 113.459 6.06553 17.8188 0.857626 0.171152 462.061 0 0
1500 35.123 -13.2679 18.1179 -0.340092 -0.222424 469.804 0 0
1500 17.9051 40.5922 17.8221 -0.564502 0.653738 467.107 0 0
1500 68.4411 -37.4887 17.9704 0.248431 -0.607324 462.65 0 0
1500 19.306 46.3445 17.8524 -0.660454 0.725339 463.292 0 0
1500 42.8908 -11.8937 18.1963 -0.260532 -0.172566 462.988 0 0
1500 103.756 41.5553 17.9213 0.739511 0.616008 467.32 0 0
1500 110.024 -36.4494 17.9187 0.862498 -0.52595 464.674 0 0
1500 32.3804 27.2176 17.9171 -0.376047 0.49705 462.537 0 0
1500 195.554 6.87143 17.8237 2.21342 0.159212 461.566 0 0
1500 50.6382 48.91 17.8465 -0.0434463 0.786958 462.891 0 0
1500 65.0899 -42.9027 17.9253 0.150887 -0.727966 463.121 0 0
1500 93.085 16.8022 17.9799 0.557894 0.33512 462.956 0 0
1500 109.176 -32.438 17.818 0.819435 -0.531458 465.063 0 0
1500 116.787 24.1076 17.8177 0.930734 0.310889 465.22 0 0
1500 74.4263 -51.5948 17.8249 0.290632 -0.788087 467.53 0 0
1500 98.6178 -31.7964 18.0123 0.753933 -0.521693 459.75 0 0
1500 107.768 -34.6016 18.0097 0.783799 -0.590423 464.997 0 0
1500 63.4204 -61.0146 18.0092 0.120607 -0.983803 465.099 0 0
1500 68.9797 8.7359 18.0169 0.184461 0.189302 470.355 0 0
1500 58.536 30.4002 18.0556 0.00222545 0.484501 470.202 0 0
1500 23.2613 22.4018 18.0494 -0.53692 0.410989 463.617 0 0
1500 55.9436 34.4127 18.054 -0.033849 0.541213 470.073 0 0
1500 46.2797 -9.52994 18.1519 -0.169229 -0.217454 463.255 0 0
1500 22.0636 -44.8828 17.8737 -0.602596 -0.692335 465.141 0 0
1500 40.669 -56.5961 17.8288 -0.200654 -0.90334 464.034 0 0
1500 101.014 -30.0963 17.8312 0.720585 -0.502432 463.742 0 0
1500 99.251 -17.9449 17.8559 0.651963 -0.279837 469.022 0 0
1500 85.2625 -53.7713 17.8462 0.460931 -0.799258 467.945 0 0
1500 73.8399 -31.3919 17.8615 0.290214 -0.467056 469.501 0 0
1500 11.9694 -4.87798 18.0707 -0.741246 -0.0975289 464.209 0 0
1500 52.6407 13.8117 18.0847 -0.124472 0.189809 463.168 0 0
1500 105.205 16.4037 18.1531 0.878266 0.246454 460.226 0 0
1500 71.2842 -26.939 17.9403 0.274977 -0.469732 463.607 0 0
1500 45.451 -30.0594 17.8334 -0.147343 -0.527876 463.232 0 0
1500 65.6973 12.8788 17.8245 0.146567 0.243062 469.627 0 0
1500 83.0346 -3.8718 17.8217 0.423993 0.00501935 464.545 0 0
1500 96.8325 49.4697 17.8694 0.608252 0.810173 466.407 0 0
1500 84.7743 17.6642 17.8908 0.402311 0.31489 470.706 0 0
1500 105.334 22.6255 17.9978 0.75664 0.344935 470.133 0 0
1500 46.1362 -25.323 18.1869 -0.132046 -0.459245 465.542 0 0
1500 50.5485 -26.6995 18.0616 -0.121638 -0.423519 471.619 0 0
1500 83.3915 38.9373 17.97 0.403193 0.670835 465.205 0 0
1500 74.9066 9.15674 17.9966 0.304603 0.216088 464.273 0 0
1500 60.7587 38.6496 17.8759 0.0913944 0.660692 464.687 0 0
1500 63.7381 49.2159 17.8993 0.0945552 0.768283 470.562 0 0
1500 30.6403 -41.0062 17.8961 -0.379769 -0.69821 465.319 0 0
1500 105.829 -13.2369 17.895 0.771108 -0.272299 465.42 0 0
1500 103.353 41.1336 17.9064 0.723139 0.630681 469.592 0 0
1500 109.95 -33.9574 17.9654 0.807533 -0.545277 469.735 0 0
1500 109.017 -93.873 17.8044 0.852248 -1.43301 465.775 0 0
1500 14.0198 -20.5713 17.8579 -0.646217 -0.357986 470.927 0 0
1500 27.992 -58.5824 17.8424 -0.468203 -0.937114 467.901 0 0
1500 45.6736 -2.18532 17.8718 -0.194334 -0.0957831 472.048 0 0
1500 89.3129 -43.8204 17.8548 0.423151 -0.690635 470.618 0 0
1500 15.3574 -45.2696 17.8449 -0.665183 -0.750985 466.905 0 0
1500 75.16 11.7437 17.8818 0.333792 0.135429 464.554 0 0
1500 104.802 14.0565 17.9123 0.820719 0.302988 460.609 0 0
1500 63.5617 9.49918 18.0235 0.129125 0.193415 472.809 0 0
1500 34.5761 -61.3131 17.791 -0.419787 -0.951405 467.668 0 0
1500 126.258 -5.33079 18.3991 1.26937 -0.0814439 461.482 0 0
1500 42.47 31.4569 17.8763 -0.230989 0.510494 472.012 0 0
1500 79.4898 58.9807 17.8588 0.297365 0.922123 470.104 0 0
1500 42.0193 -2.6802 17.8831 -0.263956 0.0340759 464.834 0 0
1500 29.9761 129.176 17.9758 -0.446921 2.26305 460.067 0 0
1500 109.062 3.92412 18.0628 0.861955 0.104346 467.167 0 0
1500 18.4562 52.206 17.7958 -0.659716 0.740535 467.128 0 0
1500 -0.207026 -20.0189 17.7973 -0.902659 -0.336136 469.99 0 0
1500 1.07221 -30.702 17.7941 -0.89301 -0.49578 469.303 0 0
1500 90.0429 21.8256 18.0056 0.585057 0.361274 466.227 0 0
1500 42.0798 21.112 18.4616 -0.234217 0.435461 460.275 0 0
1500 142.959 -26.6361 17.9974 1.4819 -0.468324 462.106 0 0
1500 -115.424 70.1719 17.8125 -2.756 1.08185 466.201 0 0
1500 74.2235 -11.2837 18.5504 0.298939 -0.244971 463.705 0 0
1500 22.6989 -45.17 17.8492 -0.538862 -0.702018 471.825 0 0
1500 103.5 28.4242 17.896 0.672774 0.504122 467.009 0 0
1500 113.99 33.3752 17.9282 0.905566 0.525584 469.354 0 0
1500 116.626 9.19722 17.9591 0.96883 0.092382 467.299 0 0
1500 78.1468 63.2353 17.8932 0.272787 0.987173 470.33 0 0
1500 12.3377 48.887 17.8919 -0.691985 0.785966 469.659 0 0
1500 107.881 -39.4509 17.8373 0.774956 -0.626174 470.524 0 0
1500 122.451 19.1865 17.953 1.00939 0.351163 469.016 0 0
1500 64.1643 -36.2432 17.901 0.150376 -0.621149 466.559 0 0
1500 87.4496 -33.3943 17.8986 0.466292 -0.527528 472.645 0 0
1500 62.0832 20.345 17.9746 0.0248177 0.369801 466.321 0 0
1500 116.183 31.4344 17.8032 0.936937 0.444309 468.865 0 0
1500 112.544 -5.26607 17.8132 0.87733 -0.141276 467.521 0 0
1500 45.8954 -12.8314 17.8328 -0.14484 -0.263437 465.896 0 0
1500 118.123 -18.4533 17.8069 0.948425 -0.337769 468.498 0 0
1500 113.059 7.96875 18.1969 0.939976 0.103644 469.39 0 0
1500 71.7035 -61.7445 17.7944 0.219173 -0.999898 468.824 0 0
1500 85.6001 22.7761 18.6478 0.538341 0.406934 469.898 0 0
1500 54.3637 -19.8922 18.1885 -0.131352 -0.377798 459.388 0 0
1500 117.244 -0.730189 18.01 0.984063 -0.0168998 469.232 0 0
1500 104.417 -15.4841 18.0173 0.804211 -0.240916 468.247 0 0
1500 69.2082 -11.1288 18.1217 0.274935 -0.212181 467.277 0 0
1500 61.5469 61.2932 17.8274 -0.00643693 0.926226 471.986 0 0
1500 47.7008 66.3729 17.8207 -0.211414 1.0267 470.137 0 0
1500 0.696518 23.6042 17.8231 -0.922347 0.400911 468.987 0 0
1500 -8.12193 -2.61606 17.822 -1.02495 0.00619149 470.938 0 0
1500 58.8339 1.27582 17.8513 -0.0495899 0.0677206 466.253 0 0
1500 69.793 65.5704 17.8216 0.116604 1.0258 469.413 0 0
1500 9.45843 41.2613 17.8235 -0.763772 0.644056 471.313 0 0
1500 89.7622 -18.3721 18.4273 0.518615 -0.341071 469.386 0 0
1500 123.652 -59.5845 17.894 1.08807 -1.03341 464.872 0 0
1500 120.907 8.79772 17.9865 1.02611 0.135858 470.417 0 0
1500 80.6767 45.2145 17.8753 0.4041 0.746815 468.392 0 0
1500 84.1745 -47.1433 17.9122 0.359403 -0.775873 468.835 0 0
1500 26.2305 47.5107 17.9075 -0.497652 0.747194 472.182 0 0
1500 63.5641 -3.93884 18.3896 0.106826 -0.116257 469.27 0 0
1500 30.9836 57.6944 17.7924 -0.40996 0.940654 470.126 0 0
1500 53.4291 57.643 17.7991 -0.0701903 0.901337 472.977 0 0
1500 37.2989 24.2954 17.8131 -0.327308 0.456418 467.662 0 0
1500 2.68567 22.2788 17.7997 -0.799282 0.391995 473.066 0 0
1500 69.9935 -52.7591 17.8573 0.168423 -0.877933 469.254 0 0
1500 11.0358 -18.0908 17.8611 -0.73448 -0.351929 468.842 0 0
1500 85.9981 -20.9246 17.8703 0.419859 -0.400125 468.068 0 0
1500 87.2792 -38.7186 17.8645 0.401619 -0.617609 474.185 0 0
1500 -4.90273 -37.5379 17.8474 -1.08326 -0.580503 466.388 0 0
1500 133.544 14.5383 18.1152 1.30535 0.203851 466.838 0 0
1500 67.8224 6.93822 18.1316 0.215609 0.146827 476.433 0 0
1500 52.178 -59.9665 17.8379 -0.0416293 -0.967709 469.999 0 0
1500 93.7695 5.2679 18.5623 0.641118 0.0563268 477.418 0 0
1500 40.1787 -39.7555 17.8234 -0.258606 -0.688896 468.725 0 0
1500 71.9168 -28.8226 17.8293 0.233271 -0.523879 468.252 0 0
1500 89.9992 -16.9045 18.0803 0.609179 -0.299334 466.987 0 0
1500 118.527 -20.1199 17.991 0.991103 -0.301074 471.672 0 0
1500 24.5418 -43.131 18.0484 -0.643327 -0.704787 463.322 0 0
1500 67.4052 7.06318 18.1389 0.204348 0.153512 477.281 0 0
1500 95.2249 18.4467 18.3049 0.654241 0.344703 471.305 0 0
1500 112.553 -1.4562 17.9721 0.856262 -0.0509324 475.193 0 0
1500 22.3416 -55.8939 17.8004 -0.517521 -0.905598 471.924 0 0
1500 49.0403 33.7536 17.8471 -0.101891 0.541192 475.953 0 0
1500 47.9342 -13.2468 17.9268 -0.1552 -0.294423 466.943 0 0
1500 98.9713 -11.0794 18.2623 0.7389 -0.202495 471.531 0 0
1500 119.793 10.9582 17.8875 1.00626 0.169407 472.045 0 0
1500 76.9624 -18.4277 18.0494 0.396613 -0.27851 470.26 0 0
1500 77.1854 25.9585 18.0708 0.275622 0.427491 477.369 0 0
1500 55.6064 8.42447 18.0768 -0.026852 0.204856 470.02 0 0
1500 63.3798 -35.4306 17.8573 0.0373912 -0.550373 477.451 0 0
1500 116.809 -22.418 18.0798 0.998767 -0.444351 466.793 0 0
1500 60.2607 -2.3316 18.1352 0.0938647 -0.0947784 478.211 0 0
1500 62.1881 -63.2529 17.8747 0.0221494 -0.96999 474.805 0 0
1500 8.11274 16.6485 17.8819 -0.803873 0.19432 470.885 0 0
1500 91.0792 -35.8669 17.8844 0.467273 -0.611472 470.638 0 0
1500 71.5549 -57.3824 17.8761 0.165057 -0.928605 471.571 0 0
1500 11.856 -11.5915 17.8837 -0.748682 -0.238414 470.703 0 0
1500 12.9097 -50.3322 17.7954 -0.739184 -0.728786 473.665 0 0
1500 17.2299 23.4484 17.8077 -0.707691 0.372623 470.588 0 0
1500 120.81 -15.1963 17.8201 0.975881 -0.186847 474.59 0 0
1500 51.0245 -21.1008 18.0403 -0.111149 -0.429741 466.526 0 0
1500 77.7114 -70.0798 18.0898 0.403975 -1.21998 466.725 0 0
1500 77.3748 -37.0015 17.8651 0.293756 -0.57597 478.678 0 0
1500 63.4493 54.2503 17.8283 0.116607 0.835016 476.42 0 0
1500 104.276 -18.3288 17.9808 0.793229 -0.30599 472.574 0 0
1500 122.73 10.693 17.9703 1.03952 0.130461 474.724 0 0
1500 94.7276 -1.43282 17.9888 0.655601 -0.0499769 471.834 0 0
1500 17.2832 41.9835 17.8979 -0.603896 0.716302 472.365 0 0
1500 19.209 15.1222 17.8403 -0.588342 0.271967 477.709 0 0
1500 128.367 -12.1654 18.0138 1.27053 -0.209863 466.773 0 0
1500 122.9 12.6373 17.8718 1.03501 0.158385 474.977 0 0
1500 112.21 -28.9661 18.0962 0.873841 -0.529844 471.64 0 0
1500 87.5454 2.17989 18.016 0.492445 0.024549 480.586 0 0
1500 87.4882 -20.3701 17.9781 0.548537 -0.328638 472.691 0 0
1500 44.3024 0.588821 18.4223 -0.182037 0.0246614 481.597 0 0
1500 109.456 -21.444 17.8803 0.842509 -0.271345 473.588 0 0
1500 87.0632 17.8633 17.8216 0.523544 0.298927 472.396 0 0
1500 76.2639 -19.6811 17.8271 0.321067 -0.257077 479.324 0 0
1500 76.4034 19.2309 18.46 0.407399 0.346617 474.671 0 0
1500 107.274 -5.93633 17.9612 0.818339 -0.106913 475.85 0 0
1500 83.8659 -0.463202 17.9736 0.486681 -0.0267555 473.823 0 0
1500 148.552 -30.6399 17.9624 1.56714 -0.442532 467.543 0 0
1500 11.8529 14.4173 17.9595 -0.804212 0.179435 469.924 0 0
1500 86.9212 -40.0034 17.8287 0.477994 -0.589292 479.156 0 0
1500 72.6236 65.3243 17.8135 0.295092 1.03085 473.776 0 0
1500 46.9075 49.5751 17.9094 -0.229714 0.787785 474.308 0 0
1500 111.355 -26.1004 17.9895 0.896826 -0.49548 471.212 0 0
1500 68.3811 -16.0302 18.1813 0.271171 -0.283353 474.315 0 0
1500 11.8578 -27.5756 17.809 -0.697965 -0.456701 479.186 0 0
1500 12.1716 5.64329 17.8153 -0.687421 0.0181467 479.802 0 0
1500 96.2999 126.652 18.0205 0.724265 2.20752 468.193 0 0
1500 124.29 21.1712 18.0843 1.14059 0.415468 471.056 0 0
1500 109.216 32.3141 18.0311 0.842484 0.533948 477.007 0 0
1500 116.511 0.736094 18.0332 0.956505 0.0640121 476.63 0 0
1500 88.456 44.6648 18.036 0.539469 0.726184 476.241 0 0
1500 56.9943 -20.8911 17.8601 0.0489466 -0.372155 473.897 0 0
1500 30.5394 -15.0643 17.8895 -0.446233 -0.189292 481.258 0 0
1500 -8.26354 -1.45377 17.8663 -1.03228 0.0015125 478.337 0 0
1500 11.1528 47.7259 17.8653 -0.755262 0.726594 477.73 0 0
1500 66.3737 33.382 18.1909 0.125886 0.696004 464.926 0 0
1500 107.76 42.0197 17.8724 0.727184 0.700637 476.744 0 0
1500 89.884 -43.2125 17.9459 0.466976 -0.684043 480.631 0 0
1500 68.5383 -51.9228 17.9434 0.175569 -0.86397 476.035 0 0
1500 130.377 5.44937 17.8381 1.11085 0.0567834 479.711 0 0
1500 72.8477 -1.66417 17.9945 0.326698 -0.0381499 474.713 0 0
1500 26.3513 -38.3676 17.9646 -0.510519 -0.645151 476.04 0 0
1500 64.1133 -27.1133 17.9781 0.0591436 -0.433293 482.167 0 0
1500 43.337 -51.169 17.9622 -0.250813 -0.836858 476.298 0 0
1500 129.319 -9.97032 17.9824 1.2944 -0.132112 468.932 0 0
1500 112.494 6.26949 17.8438 0.863559 0.165932 476.13 0 0
1500 117.338 -5.74167 17.8411 0.932674 -0.0173711 476.47 0 0
1500 119.184 21.2143 17.8379 0.917555 0.374466 479.567 0 0
1500 110.936 5.66696 17.8842 0.881768 0.0534588 476.673 0 0
1500 107.617 -6.94049 17.8444 0.774239 -0.182755 476.231 0 0
1500 102.152 41.1093 17.8018 0.734393 0.588462 476.915 0 0
1500 13.3002 -77.8818 17.8926 -0.747955 -1.20419 476.755 0 0
1500 -2.91158 -16.2191 17.8212 -0.989413 -0.232612 477.898 0 0
1500 39.7722 -20.9239 17.8437 -0.361961 -0.314962 475.422 0 0
1500 2.01531 -10.5338 17.8282 -0.874392 -0.140643 481.024 0 0
1500 32.4396 -25.4662 17.8397 -0.474189 -0.384081 475.709 0 0
1500 47.1775 67.0572 17.8199 -0.235808 1.01134 478.323 0 0
1500 -5.05934 -20.6592 17.8196 -1.00141 -0.293349 479.245 0 0
1500 99.2176 -58.0112 18.0067 0.790375 -1.02099 469.439 0 0
1500 40.8828 -20.2562 17.9759 -0.217664 -0.351519 483.373 0 0
1500 88.7171 22.8084 18.3143 0.59634 0.369295 478.105 0 0
1500 87.0309 12.4847 18.2925 0.466926 0.257134 477.592 0 0
1500 116.435 96.2037 17.8618 0.869068 1.55237 476.559 0 0
1500 67.5939 -64.9216 17.9269 0.187199 -1.02701 479.755 0 0
1500 78.4269 36.2818 17.9143 0.345106 0.562003 483.313 0 0
1500 81.4149 -10.8887 18.4908 0.439724 -0.199919 486.009 0 0
1500 43.0026 -43.2675 17.8171 -0.306278 -0.695084 477.384 0 0
1500 -1.24191 10.494 17.8089 -0.924403 0.125588 481.905 0 0
1500 20.1634 -54.7702 17.8027 -0.629335 -0.833724 480.402 0 0
1500 69.4515 2.6093 17.9516 0.255215 -0.004907 476.788 0 0
1500 82.1247 18.1889 18.1726 0.412854 0.308184 484.993 0 0
1500 94.9697 51.3843 17.8463 0.607427 0.759424 481.785 0 0
1500 109.771 5.10603 17.8542 0.809184 0.0888408 482.835 0 0
1500 77.1972 -27.6566 17.864 0.376446 -0.412085 477.004 0 0
1500 45.884 8.8676 17.9114 -0.231178 0.121666 484.4 0 0
1500 -2.40174 -6.97535 17.8864 -0.976569 -0.107053 479.069 0 0
1500 89.7075 30.6673 17.9331 0.509948 0.546201 477.956 0 0
1500 89.5666 50.3324 17.8813 0.449691 0.828927 479.215 0 0
1500 -0.237624 2.37532 17.8826 -0.912126 0.103289 479.037 0 0
1500 74.5287 74.126 17.9 0.344688 1.25101 474.109 0 0
1500 10.2369 -44.668 17.8213 -0.783862 -0.684539 480.441 0 0
1500 41.9298 -9.95989 17.9749 -0.286215 -0.0930523 476.533 0 0
1500 8.4177 26.5875 17.8442 -0.778939 0.372738 483.399 0 0
1500 29.5495 37.0276 17.8489 -0.513154 0.562016 478.43 0 0
1500 38.2929 -40.2781 17.9109 -0.310609 -0.692589 478.855 0 0
1500 112.752 -35.4881 17.8917 0.869077 -0.557245 482.227 0 0
1500 123.727 -8.79563 17.9233 1.03249 -0.181301 481.713 0 0
1500 79.0633 30.9663 18.5521 0.357929 0.597757 470.648 0 0
1500 108.697 79.1775 17.8564 0.814343 1.20584 481.955 0 0
1500 100.517 -11.3381 18.0618 0.751031 -0.156397 479.92 0 0
1500 89.0083 0.814603 18.3956 0.604717 -0.0272724 480.837 0 0
1500 77.9495 -30.9581 18.2774 0.30792 -0.522837 480.487 0 0
1500 67.4653 0.937249 17.9267 0.0927221 -0.02833 478.843 0 0
1500 45.9112 -63.4735 17.8981 -0.233459 -0.98989 481.73 0 0
1500 84.7254 -18.7671 18.0694 0.501767 -0.339647 479.828 0 0
1500 69.7274 49.8539 17.9876 0.24087 0.819584 480.981 0 0
1500 88.7431 -4.92001 17.9998 0.538088 -0.0117825 479.921 0 0
1500 56.1963 -69.2302 17.9927 0.0429559 -1.17008 477.281 0 0
1500 21.1701 51.0935 17.9065 -0.555865 0.882074 478.605 0 0
1500 1.42672 -38.3115 17.8008 -0.821406 -0.641428 482.494 0 0
1500 23.9848 -44.6681 17.8112 -0.465518 -0.706561 485.308 0 0
1500 117.419 -3.61391 18.0369 0.984323 -0.0552687 482.83 0 0
1500 112.418 11.2129 18.0397 0.91754 0.166222 482.281 0 0
1500 60.3534 -53.9972 17.8344 -0.00795364 -0.828633 486.114 0 0
1500 25.7779 2.55612 17.9838 -0.546577 0.00336356 480.922 0 0
1500 96.271 -16.8891 17.8513 0.666261 -0.23781 480.982 0 0
1500 76.286 -4.56518 17.8616 0.36184 -0.0480481 480.229 0 0
1500 10.5362 36.4498 17.9645 -0.739248 0.609306 482.76 0 0
1500 73.1712 1.76603 17.9132 0.191884 0.0852518 479.525 0 0
1500 22.6767 -28.8239 17.9041 -0.615055 -0.467542 480.963 0 0
1500 90.598 -20.2293 17.9419 0.526531 -0.366906 484.509 0 0
1500 49.319 -48.8007 17.8757 -0.0813243 -0.844301 478.672 0 0
1500 67.2992 -5.28041 17.8547 0.179622 -0.0245885 488.874 0 0
1500 108.592 42.181 17.8248 0.801146 0.676059 484.858 0 0
1500 20.3765 3.91055 18.0943 -0.65759 0.0305069 479.105 0 0
1500 82.6622 -16.202 18.056 0.477387 -0.280622 482.637 0 0
1500 80.1473 -10.7182 17.8929 0.367839 -0.242814 481.856 0 0
1500 39.6659 -45.8537 17.8796 -0.258035 -0.776803 482.929 0 0
1500 121.278 -12.4211 17.8903 1.01966 -0.275513 480.993 0 0
1500 2.61004 56.5745 17.8029 -0.891607 0.877981 485.346 0 0
1500 65.908 -9.94477 17.8367 0.154984 -0.226903 482.011 0 0
1500 39.8545 -64.4687 17.8083 -0.238146 -1.01643 486.099 0 0
1500 45.7544 -31.0778 17.8295 -0.159703 -0.553924 482.5 0 0
1500 98.861 -51.8617 17.8084 0.630465 -0.829907 486.166 0 0
1500 46.7349 -35.4623 17.8294 -0.13094 -0.56394 489.133 0 0
1500 41.7658 -63.1563 17.8088 -0.21315 -1.0121 485.094 0 0
1500 70.5288 -55.6159 17.814 0.220523 -0.914233 484.005 0 0
1500 20.4544 -4.70746 17.9826 -0.580702 -0.0714523 489.325 0 0
1500 79.3242 28.3372 18.7862 0.421552 0.666182 468.12 0 0
1500 110.38 -37.2092 17.9776 0.833948 -0.583517 487.42 0 0
1500 27.951 13.9541 18.1663 -0.491742 0.211608 483.98 0 0
1500 74.7639 -0.383772 18.2356 0.289299 0.0626153 491.379 0 0
1500 116.895 101.205 17.8636 0.996609 1.61353 482.57 0 0
1500 81.9032 -32.0227 18.0172 0.444408 -0.543421 484.166 0 0
1500 84.9624 76.2473 17.8152 0.483046 1.1673 484.727 0 0
1500 119.501 110.071 17.8473 0.976981 1.69652 485.951 0 0
1500 90.8527 58.7352 17.8862 0.468989 0.931131 487.45 0 0
1500 -30.6986 83.8978 17.8205 -1.40006 1.33486 485.121 0 0
1500 38.0338 17.6187 17.8583 -0.323789 0.355149 483.005 0 0
1500 77.9492 63.3248 17.878 0.291913 1.00677 487.314 0 0
1500 68.8094 -2.04631 17.9079 0.166604 0.0455369 483.469 0 0
1500 8.30154 12.4112 18.0514 -0.792432 0.220819 485.477 0 0
1500 39.9025 -39.3539 17.8665 -0.363769 -0.644436 482.558 0 0
1500 22.8471 -16.4946 17.9659 -0.600672 -0.256856 485.062 0 0
1500 85.3002 -21.0357 18.1841 0.412958 -0.384899 482.475 0 0
1500 117.196 11.6883 17.884 0.999006 0.14675 484.138 0 0
1500 119.704 11.4059 17.9008 1.00615 0.169924 487.265 0 0
1500 105.573 11.1293 17.9106 0.813062 0.169534 485.788 0 0
1500 51.5955 -24.6884 18.2312 -0.118587 -0.399645 485.793 0 0
1500 92.6221 -43.23 17.82 0.559172 -0.648037 490.217 0 0
1500 14.4026 50.9674 17.8741 -0.702461 0.769566 488.7 0 0
1500 31.0593 46.544 17.8859 -0.444531 0.683603 490.807 0 0
1500 5.9297 40.034 17.8754 -0.820753 0.604904 489.193 0 0
1500 24.6625 -33.1183 17.8885 -0.578658 -0.485537 485.563 0 0
1500 72.1879 -26.2085 17.9307 0.155388 -0.421664 485.008 0 0
1500 13.0153 10.7345 17.9224 -0.693558 0.138094 491.502 0 0
1500 46.7523 -52.6364 17.9162 -0.235181 -0.816723 486.217 0 0
1500 18.3267 -22.4442 17.8991 -0.704243 -0.428117 481.956 0 0
1500 40.7678 3.98826 17.9475 -0.273213 0.00268164 492.68 0 0
1500 16.7144 -44.4573 17.9711 -0.648734 -0.724262 487.518 0 0
1500 31.1728 -45.5628 17.9765 -0.436591 -0.749032 486.79 0 0
1500 64.1082 -21.5259 17.993 0.0643342 -0.392653 485.41 0 0
1500 44.2219 -21.8122 17.9457 -0.247477 -0.285772 492.68 0 0
1500 27.5988 21.3158 17.9385 -0.530121 0.348842 485.782 0 0
1500 -6.53164 -9.77712 17.9202 -1.02002 -0.126099 488.094 0 0
1500 99.8018 20.0139 18.2131 0.735331 0.350134 487.493 0 0
1500 74.5465 6.65157 18.045 0.33418 0.0452584 485.618 0 0
1500 37.2015 6.74605 18.0407 -0.372339 0.10849 486.046 0 0
1500 109.498 -24.7565 17.8637 0.859823 -0.358711 487.396 0 0
1500 119.74 22.357 17.8573 0.989098 0.346929 489.136 0 0
1500 115.461 24.3122 17.8593 0.939049 0.38119 488.185 0 0
1500 67.7562 -52.8457 17.8495 0.218024 -0.844209 487.013 0 0
1500 53.0558 -49.6661 17.8529 -0.00653762 -0.799915 486.664 0 0
1500 100.433 -38.7757 17.8457 0.711809 -0.624658 487.501 0 0
1500 79.4464 -9.88419 17.8652 0.404782 -0.191929 485.686 0 0
1500 112.868 19.5379 17.8489 0.850738 0.245121 491.346 0 0
1500 91.5627 -21.4223 17.8573 0.588303 -0.368442 486.271 0 0
1500 34.1838 -7.32004 17.9895 -0.379038 -0.199913 483.243 0 0
1500 12.7612 71.7255 17.8718 -0.664839 1.15849 487.925 0 0
1500 83.9378 -53.4263 17.8987 0.461037 -0.850279 488.108 0 0
1500 76.1751 -20.759 17.9175 0.353973 -0.368169 486.241 0 0
1500 31.4761 49.3404 17.8043 -0.482262 0.771734 487.318 0 0
1500 16.7306 2.25461 17.8154 -0.656112 0.0493973 492.427 0 0
1500 92.4626 -12.0933 18.2392 0.651064 -0.149001 486.672 0 0
1500 6.45215 23.5932 17.8809 -0.820028 0.419395 487.837 0 0
1500 111.225 -23.3428 17.9264 0.879401 -0.390233 488.448 0 0
1500 102.938 1.77717 17.8963 0.746893 0.11162 482.624 0 0
1500 114.087 -30.3871 17.972 0.898791 -0.457164 491.524 0 0
1500 115.406 14.3842 17.974 0.95303 0.196808 488.967 0 0
1500 141.314 -39.865 18.0557 1.37841 -0.69421 486.028 0 0
1500 92.8927 11.9451 18.0094 0.65337 0.212655 485.034 0 0
1500 76.98 -48.3935 17.8222 0.247981 -0.806555 487.894 0 0
1500 71.7441 62.7608 17.9281 0.212855 1.00763 490.283 0 0
1500 80.3719 -26.9234 18.3234 0.333943 -0.477546 478.881 0 0
1500 52.3007 13.9596 18.0307 -0.071655 0.264173 494.802 0 0
1500 46.3542 1.27586 18.0317 -0.169195 0.0941584 488.842 0 0
1500 109.184 -50.4888 17.9673 0.920023 -0.82666 485.538 0 0
1500 229.385 33.0445 17.897 2.81187 0.563171 486.59 0 0
1500 118.532 22.443 17.8412 0.987952 0.285808 488.066 0 0
1500 49.3164 4.93768 18.0549 -0.0891383 0.132357 498.901 0 0
1500 109.678 33.2733 17.9512 0.82457 0.505685 494.145 0 0
1500 68.7445 23.4878 17.9723 0.229213 0.353962 496.332 0 0
1500 62.6979 -0.145434 17.8782 0.0877198 -0.0798598 488.463 0 0
1500 44.5987 -56.6418 17.8533 -0.189301 -0.932849 490.652 0 0
1500 13.468 39.2788 17.9189 -0.786965 0.685566 486.194 0 0
1500 58.4743 42.4906 17.9029 0.0807871 0.695817 489.569 0 0
1500 17.9861 -18.4637 17.9348 -0.691996 -0.232067 486.304 0 0
1500 135.668 -23.7746 17.8913 1.33828 -0.383182 486.965 0 0
1500 121.444 -0.0387494 17.8407 1.03461 -0.0761038 488.088 0 0
1500 115.091 -13.3742 18.0939 0.944234 -0.280075 490.082 0 0
1500 104.225 -8.46644 17.9374 0.784138 -0.111128 492.071 0 0
1500 101.12 -17.7231 17.9396 0.699954 -0.237808 495.622 0 0
1500 3.86203 -1.33191 17.9063 -0.843149 -0.00919179 495.228 0 0
1500 0.386032 -24.2262 17.8153 -0.87102 -0.444738 491.746 0 0
1500 104.242 -24.1079 17.9377 0.762672 -0.347535 494.643 0 0
1500 111.477 -43.0656 17.8877 0.937374 -0.669442 488.532 0 0
1500 155.872 -42.624 18.0135 1.65774 -0.694479 489.198 0 0
1500 74.7054 36.8907 17.8704 0.268925 0.584246 497.525 0 0
1500 87.346 60.7178 17.8268 0.388294 0.947815 495.148 0 0
1500 84.4925 -26.6749 17.9875 0.3665 -0.471405 485.907 0 0
1500 98.0067 37.4233 17.8373 0.622264 0.646072 492.492 0 0
1500 61.0772 49.7488 18.0217 0.0439171 0.927785 486.069 0 0
1500 119.301 -25.1095 17.9166 0.956286 -0.428918 495.187 0 0
1500 123.841 19.2848 17.988 1.12249 0.253686 490.037 0 0
1500 80.2327 -60.4517 17.8357 0.346281 -0.949859 495.928 0 0
1500 116.335 -9.2853 17.9411 0.961056 -0.109017 493.84 0 0
1500 98.4342 53.7494 17.8445 0.674789 0.80193 495.006 0 0
1500 21.3564 -19.222 18.1067 -0.617523 -0.389195 488.244 0 0
1500 69.3039 44.3857 17.8358 0.197363 0.758036 492.575 0 0
1500 86.8141 54.9687 17.8825 0.438024 0.846418 498.379 0 0
1500 13.1911 -44.6868 17.8018 -0.74254 -0.704262 495.018 0 0
1500 22.2225 -8.27224 17.8214 -0.57085 -0.148403 499.239 0 0
1500 13.953 -40.4815 17.8042 -0.737054 -0.64637 494.48 0 0
1500 42.5686 -47.7912 17.9778 -0.18537 -0.818613 492.161 0 0
1500 97.3508 -9.91987 17.8191 0.682875 -0.163313 493.25 0 0
1500 76.9768 -60.866 17.8128 0.329514 -0.929998 497.587 0 0
1500 62.4606 -11.185 17.8386 0.114407 -0.201078 500.219 0 0
1500 93.0212 -16.1918 18.0734 0.635267 -0.214272 494.705 0 0
1500 116.85 4.09882 18.0593 0.975517 0.0933692 496.296 0 0
1500 95.4883 16.5079 17.8798 0.650506 0.21575 494.029 0 0
1500 43.5987 55.8751 17.8849 -0.206059 0.921049 495.42 0 0
1500 59.3427 55.6198 17.8889 0.0303525 0.864997 499.407 0 0
1500 120.151 -6.31788 17.991 1.08832 -0.177183 489.136 0 0
1500 33.8525 -59.4575 17.8216 -0.327645 -0.959386 496.16 0 0
1500 70.6466 -5.2 18.0092 0.292631 -0.0600829 494.291 0 0
1500 128.977 11.1161 17.8181 1.07213 0.237761 497.328 0 0
1500 46.4092 56.1119 18.1779 -0.148882 0.999415 491.749 0 0
1500 58.8041 59.0741 17.8625 0.0593467 0.942448 497.812 0 0
1500 54.3412 35.9296 17.8803 -0.0436843 0.649079 493.746 0 0
1500 90.2487 40.5276 18.5101 0.58294 0.719971 494.006 0 0
1500 9.73667 45.6676 17.8855 -0.76281 0.718864 498.726 0 0
1500 56.855 -30.7247 18.3551 -0.047141 -0.559702 490.187 0 0
1500 86.0919 -62.0774 17.8243 0.486383 -0.923469 499.944 0 0
1500 59.5167 -61.2614 17.8194 -0.0100118 -0.950068 501.431 0 0
1500 122.159 -4.08127 17.868 1.03907 0.00466542 496.757 0 0
1500 77.678 18.1152 17.9381 0.395024 0.277138 497.253 0 0
1500 -107.688 86.9055 17.791 -2.51548 1.23618 500.769 0 0
1500 42.107 22.0638 17.9794 -0.272757 0.324245 505.796 0 0
1500 20.3266 49.036 17.9578 -0.620688 0.754064 500.635 0 0
1500 63.6135 14.8812 17.9826 0.0298555 0.250296 498.315 0 0
1500 68.7017 -37.8437 17.8884 0.187481 -0.596004 505.422 0 0
1500 116.643 27.0072 17.9068 0.95659 0.39793 501.698 0 0
1500 36.7598 -32.9418 17.9202 -0.374739 -0.558086 499.852 0 0
1500 69.1958 47.3012 18.0669 0.211984 0.791324 502.076 0 0
1500 -4.67094 -18.5459 17.9216 -0.992273 -0.254303 503.204 0 0
1500 1.27565 -13.7635 17.8659 -0.877192 -0.177874 506.346 0 0
1500 11.9196 19.539 17.8144 -0.7273 0.300351 506.905 0 0
1500 10.7081 33.7627 17.8076 -0.690314 0.578206 503.898 0 0
1500 37.4955 34.26 17.8195 -0.274315 0.556582 507.382 0 0
1500 58.1008 28.5016 17.9 0.0680524 0.493013 502.208 0 0
1500 59.5623 43.132 18.1123 0.0124959 0.714635 503.697 0 0
1500 18.007 22.9884 17.8452 -0.607494 0.431045 504.481 0 0
1500 81.8163 15.8194 17.8551 0.342305 0.291641 510.906 0 0
1500 80.8375 -47.5783 17.9225 0.328666 -0.754424 509.612 0 0
1500 41.4223 -20.1259 17.9364 -0.232398 -0.352223 511.158 0 0
1500 97.6243 -43.653 17.9174 0.5866 -0.718589 507.62 0 0
1500 64.3716 -38.8949 17.9286 0.097829 -0.66869 505.551 0 0
1500 52.095 -5.93338 17.9405 -0.0820199 -0.152048 511.496 0 0
1500 93.2013 -13.1587 17.9169 0.62599 -0.235444 505.315 0 0
1500 60.8104 -139.452 17.8393 0.026308 -2.27027 504.652 0 0
1500 65.2613 0.240019 18.0216 0.0689723 0.0430537 506.259 0 0
1500 -3.81249 10.4038 17.854 -0.996528 0.173664 508.636 0 0
1500 51.1835 -45.1216 17.8076 -0.0666322 -0.702564 512.45 0 0
1500 15.3483 -53.3801 17.7914 -0.595697 -0.84895 510.029 0 0
1500 22.2324 -24.1555 17.9764 -0.614856 -0.475218 502.739 0 0
1500 43.581 47.6098 17.9012 -0.23286 0.735387 512.966 0 0
1500 107.787 -6.06201 17.9218 0.831855 -0.0459567 508.214 0 0
1500 118.878 15.4901 17.9142 0.946839 0.267549 511.969 0 0
1500 114.676 29.0972 17.8394 0.903525 0.487517 510.974 0 0
1500 24.3209 20.0635 18.0552 -0.588432 0.330524 508.887 0 0
1500 1.08566 58.9354 17.8713 -0.969217 0.914331 509.676 0 0
1500 89.0529 -41.1707 17.8049 0.498279 -0.627559 517.062 0 0
1500 103.439 85.3496 17.8307 0.723294 1.30187 515.099 0 0
1500 44.2505 -19.8368 17.9611 -0.214847 -0.335338 519.269 0 0
1500 106.701 -40.2105 18.0166 0.832697 -0.749731 508.611 0 0
1500 7.21259 -6.08173 17.9568 -0.884426 -0.0584871 510.943 0 0
1500 -2.96981 33.7031 17.9807 -0.998323 0.630626 511.298 0 0
1500 -0.339387 -31.267 17.8394 -0.914244 -0.512892 518.888 0 0
1500 27.377 21.4561 17.8602 -0.529402 0.279732 515.705 0 0
1500 82.8852 -10.9886 17.8205 0.462496 -0.17802 515.651 0 0
1500 105.211 -40.7724 17.7993 0.783691 -0.621274 517.881 0 0
1500 82.6586 -27.6207 17.8104 0.447455 -0.456796 517.292 0 0
1500 23.65 -16.2894 17.9116 -0.632047 -0.305322 514.751 0 0
1500 42.3874 80.4247 17.825 -0.277809 1.26593 525.203 0 0
