Total number of secondary electrons: 2240
1500 99.5284 11.0122 16.898 1.01414 0.222954 248.417 0 0
1500 131.28 -19.9116 16.2463 1.59719 -0.379978 255.29 0 0
1500 136.987 8.56355 16.7478 1.67141 0.16363 257.998 0 0
1500 90.4882 0.450152 16.145 0.727548 -0.010041 261.405 0 0
1500 103.195 -1.54963 15.7194 0.813067 0.00115699 264.162 0 0
1500 94.8149 -10.9263 15.685 0.712029 -0.151908 278.858 0 0
1500 113.363 -0.902793 15.8918 1.01199 -0.0343787 297.125 0 0
1500 113.131 -18.2565 16.2221 1.15946 -0.323443 298.301 0 0
1500 87.8685 3.98076 16.3334 0.655373 0.00876928 299.264 0 0
1500 100.423 -18.9972 14.0741 0.58507 -0.213389 300.425 0 0
1500 114.681 21.8616 15.6414 1.14638 0.426152 300.809 0 0
1500 124.048 20.5603 16.5397 1.46544 0.453994 302.764 0 0
1500 91.7564 3.58955 15.7776 0.653599 0.0607291 302.864 0 0
1500 92.6879 3.78286 15.426 0.605621 0.0832292 303.042 0 0
1500 87.8127 15.2656 15.7567 0.638713 0.256929 304.158 0 0
1500 122.707 0.667949 15.7419 1.2746 -0.00311612 305.048 0 0
1500 101.129 19.4721 16.2291 0.95407 0.396737 305.308 0 0
1500 69.3465 14.318 14.3834 0.210002 0.221515 305.351 0 0
1500 74.5937 -0.735885 15.1331 0.348301 -0.000429411 306.619 0 0
1500 89.3699 19.2559 14.7402 0.51394 0.276551 307.006 0 0
1500 88.952 -8.33642 15.6552 0.604261 -0.103461 307.163 0 0
1500 87.1225 -10.7978 14.7241 0.467405 -0.162604 309.097 0 0
1500 96.1822 9.35774 14.8067 0.587757 0.0859078 309.398 0 0
1500 93.8609 -24.6619 15.7343 0.664388 -0.417851 310.068 0 0
1500 90.5851 -2.86411 15.602 0.586281 -0.057209 311.721 0 0
1500 89.0743 -11.9598 16.4886 0.646456 -0.170096 311.831 0 0
1500 107.153 -7.16271 16.6223 1.01072 -0.116136 314.195 0 0
1500 92.5523 2.92444 16.4175 0.710604 0.140304 319.064 0 0
1500 89.9963 -10.3603 16.4337 0.63999 -0.107999 320.059 0 0
1500 65.757 25.3278 14.933 0.178193 0.356347 320.526 0 0
1500 107.064 -32.7219 15.9883 0.933225 -0.55662 324.039 0 0
1500 65.8782 1.22751 15.1277 0.154871 -0.0434074 325.018 0 0
1500 42.1668 52.7091 14.6848 -0.21327 0.694696 326.064 0 0
1500 26.9758 59.3092 14.7164 -0.394053 0.766759 326.958 0 0
1500 76.3977 19.7374 15.8081 0.336242 0.281595 328.257 0 0
1500 83.6169 0.881831 16.5987 0.548932 0.0793174 329.142 0 0
1500 97.4636 -9.07968 16.2951 0.6551 -0.147835 329.724 0 0
1500 27.3725 0.255358 14.889 -0.392355 -0.0589807 330.273 0 0
1500 22.7261 -6.00257 14.8952 -0.449662 -0.137214 330.451 0 0
1500 71.4249 25.9719 15.3709 0.171377 0.338463 330.84 0 0
1500 37.6575 -33.2164 14.9154 -0.275846 -0.479021 331.224 0 0
1500 14.3781 -35.0049 14.9198 -0.547121 -0.494005 331.485 0 0
1500 84.3861 6.27478 16.147 0.483577 0.124554 331.652 0 0
1500 89.4007 22.3553 15.4881 0.504864 0.292313 332.94 0 0
1500 93.6254 13.2427 16.3822 0.602556 0.200832 333.194 0 0
1500 45.3384 -21.8149 14.9931 -0.206462 -0.317641 333.191 0 0
1500 70.2037 -7.43097 15.3922 0.220608 -0.052758 333.292 0 0
1500 98.1384 -13.0488 15.4353 0.595888 -0.124272 333.309 0 0
1500 101.687 -6.38605 15.4383 0.637771 -0.0438176 333.431 0 0
1500 15.3109 -72.9428 15.1152 -0.509513 -0.916128 335.625 0 0
1500 85.479 -1.38564 17.2408 0.622961 -0.072983 336.057 0 0
1500 57.3585 48.1576 15.7248 0.00638411 0.692626 336.444 0 0
1500 87.0145 6.0547 16.3403 0.541889 0.0689202 336.695 0 0
1500 79.128 6.67461 16.9082 0.447535 0.128087 336.936 0 0
1500 44.535 11.0922 15.572 -0.156256 0.141657 337.111 0 0
1500 73.1453 19.7609 15.4464 0.263185 0.266285 338.046 0 0
1500 88.5102 -70.3042 15.5333 0.417099 -0.965282 338.184 0 0
1500 82.8793 4.82077 16.1015 0.450699 0.0342851 338.554 0 0
1500 114.489 -13.4111 17.5545 1.19735 -0.234257 338.586 0 0
1500 89.1105 -68.0774 15.3821 0.346013 -0.829176 338.674 0 0
1500 79.0058 63.0281 15.5232 0.237867 0.81881 338.782 0 0
1500 91.9765 0.962508 16.1229 0.557807 -0.011956 338.857 0 0
1500 103.539 -14.8313 15.5065 0.636842 -0.164916 338.892 0 0
1500 -149.712 -123.473 15.4552 -2.73111 -1.5554 339.144 0 0
1500 88.322 -12.0175 16.6129 0.533026 -0.190747 339.337 0 0
1500 101.794 -13.3834 16.1611 0.670861 -0.182265 339.391 0 0
1500 88.8735 -0.705335 16.9795 0.602565 0.00205636 339.57 0 0
1500 97.0754 -10.1256 17.1037 0.839113 -0.207081 339.993 0 0
1500 102.55 7.21493 16.2853 0.686217 0.0808445 340.829 0 0
1500 24.1142 -24.7644 15.5788 -0.382452 -0.329262 340.855 0 0
1500 83.4497 -34.2955 15.9961 0.376945 -0.475974 341.314 0 0
1500 83.3694 -41.1199 15.988 0.38888 -0.550407 341.724 0 0
1500 59.5356 8.71979 15.6732 0.000378731 0.167887 341.78 0 0
1500 70.3837 2.28433 15.6729 0.136438 0.0871826 341.775 0 0
1500 90.2968 11.2127 15.8855 0.401086 0.171855 342.143 0 0
1500 80.8207 -4.22976 16.5122 0.367192 -0.0848383 342.153 0 0
1500 116.806 41.2373 15.7622 0.773941 0.536798 342.306 0 0
1500 97.1764 0.313194 16.8767 0.620683 -0.0264373 342.708 0 0
1500 52.3246 -27.2678 16.0455 -0.0847906 -0.377038 342.768 0 0
1500 61.3034 4.43365 16.346 0.0648324 0.0699173 342.915 0 0
1500 82.9392 -0.503043 16.9044 0.452859 -0.0638355 343.001 0 0
1500 6.71209 -69.8986 15.7273 -0.657813 -0.821985 343.149 0 0
1500 65.8093 -60.7022 15.8573 0.0738985 -0.861379 343.425 0 0
1500 77.5513 6.45234 16.3015 0.265647 0.122165 343.596 0 0
1500 57.3098 -1.02162 15.8087 -0.0507074 0.0322208 343.612 0 0
1500 84.5134 28.616 15.8823 0.375032 0.386959 343.772 0 0
1500 98.9281 4.78645 15.8348 0.565142 0.0137273 343.763 0 0
1500 63.7633 3.12473 16.5369 0.141877 0.085067 343.837 0 0
1500 102.312 -6.61649 15.9092 0.586458 -0.0365514 344.141 0 0
1500 112.756 24.9312 18.0964 1.22435 0.558195 344.259 0 0
1500 59.5553 8.96606 16.001 -0.000485449 0.163333 344.799 0 0
1500 86.4467 -43.2165 15.8456 0.30133 -0.553147 344.811 0 0
1500 70.9039 13.5146 16.2831 0.232807 0.174908 344.887 0 0
1500 84.6167 -20.5917 17.2448 0.485452 -0.293654 344.998 0 0
1500 67.9209 1.4956 16.3226 0.155536 0.0745835 345.005 0 0
1500 85.0858 26.4101 16.8427 0.478697 0.39206 345.152 0 0
1500 61.3133 11.7922 16.2624 0.115885 0.199834 345.234 0 0
1500 72.7057 32.177 16.3582 0.212615 0.446772 345.556 0 0
1500 84.9254 37.1415 16.0575 0.313304 0.510041 345.676 0 0
1500 66.5641 -19.1466 16.6908 0.139248 -0.244154 346.03 0 0
1500 86.7675 18.166 17.4411 0.536177 0.260568 346.2 0 0
1500 123.157 6.57065 17.9598 1.3525 0.112176 346.67 0 0
1500 71.4542 -20.0322 16.5637 0.244781 -0.250576 347.622 0 0
1500 74.0063 -0.406773 17.0623 0.256837 -0.0773698 347.772 0 0
1500 101.38 10.3328 16.7598 0.660456 0.129534 348.326 0 0
1500 76.7195 13.8438 16.4519 0.263522 0.200383 348.749 0 0
1500 69.2086 -12.0414 16.3847 0.118439 -0.189569 348.75 0 0
1500 80.5035 -60.8679 16.3287 0.267842 -0.848072 348.765 0 0
1500 70.3418 15.4631 16.4576 0.193555 0.217948 348.818 0 0
1500 98.6469 2.06268 16.3219 0.577494 -0.00792626 349.091 0 0
1500 75.8704 12.5097 16.8978 0.307284 0.242159 349.149 0 0
1500 81.3088 -64.548 16.3124 0.345746 -0.825686 349.54 0 0
1500 46.7634 8.39999 16.3879 -0.187001 0.119549 349.703 0 0
1500 97.5918 -53.4079 16.2157 0.548964 -0.672868 349.83 0 0
1500 109.062 -14.7734 17.7874 0.995526 -0.227107 349.978 0 0
1500 21.0313 -17.9706 16.4241 -0.5096 -0.213581 350.347 0 0
1500 76.5771 7.32719 18.1575 0.435372 0.109112 350.517 0 0
1500 81.7731 -52.3907 16.3051 0.247046 -0.696224 350.656 0 0
1500 97.8831 33.1764 16.5331 0.626564 0.484319 350.654 0 0
1500 7.60714 1.73937 16.449 -0.675002 0.0344946 350.781 0 0
1500 120.902 -33.1015 16.5997 0.939917 -0.519747 351.08 0 0
1500 120.873 -26.9489 16.438 0.84644 -0.318174 351.103 0 0
1500 49.52 -13.2215 16.5237 -0.0805037 -0.233021 351.231 0 0
1500 89.6693 27.4842 17.9527 0.689271 0.514801 351.309 0 0
1500 55.5722 27.492 16.8034 -0.0285765 0.365771 351.439 0 0
1500 56.0559 54.0078 16.4507 0.00848623 0.740085 351.749 0 0
1500 54.2846 -23.4301 16.5468 -0.0113197 -0.363518 351.932 0 0
1500 31.8167 15.2946 16.6102 -0.333986 0.260795 351.969 0 0
1500 69.5047 14.9185 17.0556 0.25499 0.237521 352.009 0 0
1500 94.9218 -31.6539 16.5038 0.542051 -0.419355 351.985 0 0
1500 26.7214 -33.0683 16.6188 -0.411349 -0.461716 352.109 0 0
1500 -14.8256 -18.8657 16.4184 -0.948396 -0.267113 352.549 0 0
1500 34.7934 -76.5521 16.4615 -0.334445 -0.969282 353.243 0 0
1500 82.0421 22.5759 16.8809 0.392513 0.335061 353.313 0 0
1500 201.169 18.6657 16.5737 1.96698 0.253965 353.338 0 0
1500 52.001 14.9217 17.1263 -0.04673 0.219349 353.713 0 0
1500 98.5357 1.47159 16.5946 0.586622 -0.0237604 353.759 0 0
1500 129.255 47.9512 16.5058 0.902258 0.559545 353.946 0 0
1500 50.4309 3.80908 17.0379 -0.0886097 0.0216077 354.177 0 0
1500 115.524 -59.673 16.4895 0.673422 -0.76281 354.208 0 0
1500 24.9576 3.88107 16.5543 -0.479604 0.103061 354.315 0 0
1500 -24.5919 9.45426 16.5088 -1.04521 0.0798741 354.372 0 0
1500 40.825 -40.9016 16.6132 -0.282371 -0.544905 354.796 0 0
1500 27.0982 35.979 16.6121 -0.461679 0.463276 354.937 0 0
1500 101.763 -5.95658 16.8009 0.636493 -0.128032 354.961 0 0
1500 118.66 17.4782 16.5972 0.83611 0.18239 354.982 0 0
1500 35.9672 45.1292 16.6118 -0.345097 0.582486 355.024 0 0
1500 106.61 -47.069 16.9009 0.718538 -0.719842 355.119 0 0
1500 121.555 3.26349 16.5411 0.879774 0.0185334 355.133 0 0
1500 4.93147 -15.4727 16.6622 -0.818448 -0.20157 355.18 0 0
1500 9.48306 45.2293 16.5534 -0.631926 0.644316 355.224 0 0
1500 97.7515 -31.2951 16.5711 0.587817 -0.394446 355.27 0 0
1500 112.317 -60.8521 16.5477 0.687112 -0.791638 355.369 0 0
1500 76.0308 61.1855 16.6511 0.221712 0.847839 355.357 0 0
1500 9.33265 36.4325 16.6162 -0.71544 0.464501 355.383 0 0
1500 78.2913 5.68887 17.0561 0.347324 0.131315 355.454 0 0
1500 49.4402 15.6699 16.685 -0.111977 0.217981 355.503 0 0
1500 76.7898 0.259891 17.7019 0.424808 0.0384218 355.628 0 0
1500 -2.57935 4.98862 16.6085 -0.840526 0.0566157 355.84 0 0
1500 39.187 -29.9647 16.6405 -0.21775 -0.449154 355.862 0 0
1500 62.6857 -7.69577 16.9423 0.0638639 -0.14418 356.009 0 0
1500 21.8317 -61.7311 16.7404 -0.491103 -0.935208 356.162 0 0
1500 93.0678 17.3187 16.9562 0.554164 0.26234 356.221 0 0
1500 75.7984 -0.190708 17.543 0.37219 0.0574137 356.425 0 0
1500 -7.29805 18.4366 16.6049 -0.894703 0.228961 356.437 0 0
1500 116.802 -6.25527 16.9401 0.948114 -0.147948 356.802 0 0
1500 75.9334 22.6934 17.4432 0.288575 0.356804 356.883 0 0
1500 68.7171 -40.7108 16.6038 0.201052 -0.619931 357.28 0 0
1500 24.9743 12.1116 16.7253 -0.504816 0.197008 357.306 0 0
1500 43.2209 37.2948 16.9459 -0.256971 0.6507 357.304 0 0
1500 -8.82196 -16.4187 16.6084 -0.938565 -0.167658 357.452 0 0
1500 85.4362 -75.2988 16.544 0.401833 -0.965257 357.485 0 0
1500 117.305 10.3022 16.6719 0.840133 0.170256 357.463 0 0
1500 84.7502 47.7244 16.5889 0.357613 0.611922 357.609 0 0
1500 47.4447 -29.6899 16.969 -0.176646 -0.496458 357.706 0 0
1500 113.275 -3.00929 16.6765 0.794812 -0.00490934 357.79 0 0
1500 97.5865 -62.2427 16.6364 0.524668 -0.85446 357.932 0 0
1500 48.4084 -33.1977 16.5629 -0.0729447 -0.467103 358.075 0 0
1500 72.6661 42.6004 16.7327 0.242905 0.623468 358.202 0 0
1500 90.2102 -1.94073 16.7714 0.514981 -0.0535835 358.206 0 0
1500 95.4348 -0.546533 16.9377 0.557745 -0.0768843 358.345 0 0
1500 114.116 40.4392 16.6688 0.789435 0.555338 358.366 0 0
1500 94.1151 33.5528 17.1553 0.59147 0.498249 358.449 0 0
1500 133.119 4.26352 16.5465 0.956848 0.0349282 358.5 0 0
1500 46.6724 17.7322 16.7346 -0.193188 0.264283 358.511 0 0
1500 38.0546 1.16315 16.5816 -0.272566 -0.0201896 358.531 0 0
1500 66.2264 -22.3572 16.618 0.151569 -0.378231 358.58 0 0
1500 100.336 45.5569 16.8553 0.642214 0.640403 358.712 0 0
1500 56.1424 -80.821 16.7606 -0.00889082 -1.18998 358.757 0 0
1500 76.0326 21.1439 16.763 0.215405 0.32642 358.869 0 0
1500 55.4523 50.1761 16.9605 -0.0303955 0.739616 358.934 0 0
1500 95.6274 37.1374 16.8266 0.542877 0.54813 358.974 0 0
1500 117.735 -0.631283 18.1559 1.24495 -0.0786977 359.103 0 0
1500 83.4498 8.52344 16.7637 0.426815 0.13736 359.158 0 0
1500 83.4592 71.7217 17.0317 0.461331 1.12029 359.252 0 0
1500 -2.32659 23.103 16.6563 -0.821765 0.352705 359.262 0 0
1500 32.9272 37.5106 16.7888 -0.373605 0.507932 359.49 0 0
1500 94.9687 -9.90075 16.7779 0.578282 -0.108811 359.515 0 0
1500 97.6366 -44.7875 16.6585 0.501341 -0.651312 359.61 0 0
1500 64.9033 -2.48623 16.9608 0.0903759 -0.0775799 359.612 0 0
1500 56.8359 -40.1607 16.6776 0.0142817 -0.512273 360 0 0
1500 105.729 5.77323 17.1208 0.744931 0.0613507 360.009 0 0
1500 72.6338 23.5443 17.0247 0.269533 0.372391 360.17 0 0
1500 81.7811 25.513 16.7197 0.344503 0.410205 360.173 0 0
1500 94.5696 4.33092 17.3341 0.660283 0.0960945 360.24 0 0
1500 82.4849 1.15109 18.3281 0.566209 0.0313819 360.334 0 0
1500 79.0204 -6.25414 17.972 0.483336 -0.111862 360.369 0 0
1500 130.65 -9.72198 16.6409 0.988523 -0.0785715 360.462 0 0
1500 52.1702 26.7989 16.8182 -0.117691 0.382189 360.474 0 0
1500 66.9103 -2.25508 16.7246 0.128877 -0.0769452 360.644 0 0
1500 83.2536 -16.484 17.8342 0.487565 -0.266228 360.642 0 0
1500 67.2823 -45.8195 16.6568 0.0669655 -0.627481 360.658 0 0
1500 37.241 25.8016 16.8265 -0.315907 0.367863 360.683 0 0
1500 70.895 -21.0001 17.3653 0.227095 -0.32751 360.755 0 0
1500 117.462 -46.33 17.2068 1.01211 -0.745268 360.8 0 0
1500 63.5774 -11.0897 16.883 0.0823857 -0.214682 360.905 0 0
1500 51.9382 16.9954 16.8393 -0.114541 0.316571 360.938 0 0
1500 88.8718 44.6619 16.715 0.472353 0.69216 360.957 0 0
1500 115.048 -24.5566 17.0559 0.857281 -0.383205 361.107 0 0
1500 64.0716 -71.3448 16.6903 0.0901948 -1.01035 361.139 0 0
1500 99.6277 20.6781 16.7691 0.618991 0.321757 361.185 0 0
1500 -52.6905 21.6327 17.3116 -1.89129 0.453204 361.298 0 0
1500 55.5113 -17.332 16.9088 -0.063407 -0.270977 361.37 0 0
1500 140.767 3.78574 16.9539 1.25077 0.0967609 361.391 0 0
1500 102.044 26.0779 16.7794 0.649112 0.392798 361.448 0 0
1500 84.883 -22.2644 16.8866 0.450817 -0.286106 361.499 0 0
1500 58.5846 52.218 16.7435 -0.00111879 0.677419 361.737 0 0
1500 46.3982 53.944 16.7351 -0.170888 0.786749 361.857 0 0
1500 87.8164 25.779 17.397 0.492616 0.465092 361.876 0 0
1500 72.542 19.0669 17.9317 0.31765 0.295028 361.954 0 0
1500 92.0167 1.63812 17.1932 0.488174 0.0268462 362.31 0 0
1500 132.924 -16.8472 16.8411 1.02365 -0.224349 362.481 0 0
1500 122.064 10.8562 16.7894 0.918156 0.142043 362.492 0 0
1500 79.4542 21.2863 17.7846 0.416363 0.345931 362.57 0 0
1500 101.653 52.259 16.8374 0.631992 0.729003 362.856 0 0
1500 79.3556 4.95517 16.8622 0.300367 0.019427 362.87 0 0
1500 62.8577 -16.8938 17.2812 0.106516 -0.285267 362.931 0 0
1500 63.6021 -66.1876 16.8566 0.124218 -0.953268 363.057 0 0
1500 70.0263 -7.43983 17.403 0.200575 -0.147471 363.381 0 0
1500 -4.85104 33.9319 16.8085 -0.821363 0.472087 363.404 0 0
1500 118.499 4.94943 17.1395 0.897137 0.0550042 363.444 0 0
1500 28.4188 -36.1436 16.9643 -0.384023 -0.549752 363.493 0 0
1500 75.2226 -40.0872 16.8822 0.242308 -0.607074 363.57 0 0
1500 62.4078 -3.0087 17.2844 0.0641438 -0.073465 363.582 0 0
1500 88.2342 3.68277 17.2562 0.512237 0.0476352 363.619 0 0
1500 115.443 -23.9057 17.1491 0.867512 -0.41407 363.718 0 0
1500 48.0848 5.75413 16.9872 -0.162651 0.124593 363.812 0 0
1500 76.9793 1.97474 17.7016 0.430844 0.00190122 363.888 0 0
1500 116.363 -37.1422 16.9308 0.801379 -0.56746 364.204 0 0
1500 78.1005 26.9451 18.5927 0.524748 0.550875 364.32 0 0
1500 118.888 47.1827 16.877 0.853844 0.606056 364.474 0 0
1500 120.508 43.7147 16.9221 0.858159 0.602047 364.738 0 0
1500 79.7854 -15.4302 17.0986 0.293688 -0.270477 364.738 0 0
1500 127.312 33.3208 16.8956 0.957421 0.425444 364.869 0 0
1500 161.731 13.4386 16.9967 1.51727 0.2456 364.869 0 0
1500 64.0055 -26.1954 17.0673 0.0395317 -0.36327 364.927 0 0
1500 90.2992 48.2928 16.8771 0.474854 0.697243 364.993 0 0
1500 -33.317 -57.9001 17.0434 -1.39839 -0.943251 365.46 0 0
1500 76.5805 -7.78706 17.4292 0.295588 -0.149232 365.538 0 0
1500 123.883 -38.5341 16.9327 0.904574 -0.490036 365.64 0 0
1500 86.939 18.3925 17.2641 0.47324 0.296937 365.7 0 0
1500 136.888 -61.8398 16.9232 1.13629 -0.876527 365.798 0 0
1500 112.97 -2.92113 16.955 0.787879 0.00594695 365.832 0 0
1500 92.215 -13.8862 17.3171 0.561069 -0.221249 365.887 0 0
1500 69.7059 27.0831 17.3146 0.191289 0.441236 365.959 0 0
1500 93.0476 16.6249 17.9935 0.631374 0.253474 366.11 0 0
1500 -14.957 -24.4663 16.9437 -0.986629 -0.353166 366.12 0 0
1500 100.04 -23.5394 17.3357 0.660015 -0.346568 366.414 0 0
1500 75.9498 -15.9389 17.0141 0.285284 -0.278073 366.42 0 0
1500 81.1699 2.35286 17.8135 0.502368 0.0248339 366.498 0 0
1500 88.4151 31.6789 16.9696 0.483036 0.406745 366.706 0 0
1500 87.0528 17.8458 17.6717 0.468781 0.297035 366.802 0 0
1500 82.0033 80.538 17.1135 0.403664 1.21721 366.805 0 0
1500 64.6374 24.026 17.3388 0.160317 0.383854 366.892 0 0
1500 72.7672 80.895 17.1277 0.196885 1.19474 366.87 0 0
1500 4.30904 9.63448 17.1052 -0.875804 0.11167 366.897 0 0
1500 63.8292 -25.6362 17.0797 0.0570739 -0.361384 366.98 0 0
1500 33.9305 -9.64104 16.9609 -0.397154 -0.163734 367.128 0 0
1500 57.1886 13.8039 17.6031 -0.0106615 0.243572 367.165 0 0
1500 123.526 -6.64779 17.0185 0.881137 -0.0838284 367.331 0 0
1500 67.6647 -17.6863 17.207 0.116766 -0.293074 367.423 0 0
1500 78.9462 54.4385 17.3272 0.310904 0.825989 367.426 0 0
1500 82.8761 -36.2094 17.0524 0.370938 -0.553277 367.468 0 0
1500 77.425 7.7453 17.6417 0.361909 0.163796 367.894 0 0
1500 16.0395 87.7553 17.0191 -0.602297 1.2525 368.091 0 0
1500 84.8759 -36.0264 17.2387 0.370883 -0.60776 368.11 0 0
1500 -8.55989 28.1942 17.0734 -0.907689 0.385908 368.187 0 0
1500 127.325 172.561 17.1968 0.99487 2.68678 368.305 0 0
1500 103.015 134.893 17.244 0.7175 2.13744 368.68 0 0
1500 54.2254 -19.0911 17.4922 0.010618 -0.323183 368.816 0 0
1500 109.452 5.98814 17.774 0.853122 0.119783 368.866 0 0
1500 98.6991 -8.5662 17.226 0.671227 -0.11509 369.032 0 0
1500 94.6855 -10.6391 17.0624 0.506778 -0.123209 369.294 0 0
1500 53.5908 33.2481 17.2292 -0.0731687 0.447713 369.334 0 0
1500 138.475 59.3422 17.2143 1.24499 0.888983 369.55 0 0
1500 73.8499 -24.9482 17.5258 0.198909 -0.409467 369.619 0 0
1500 65.6096 2.92874 17.3539 0.071126 0.0288112 369.628 0 0
1500 42.9563 -50.6438 17.0945 -0.272276 -0.698611 369.644 0 0
1500 47.4295 10.4028 17.3561 -0.177807 0.131081 369.716 0 0
1500 53.8578 18.272 17.357 -0.0897761 0.238684 369.749 0 0
1500 38.025 -34.1226 17.3738 -0.340181 -0.562227 369.831 0 0
1500 34.6218 -40.4792 17.1653 -0.290824 -0.618497 369.926 0 0
1500 54.4554 -33.0001 17.2984 -0.0364726 -0.455288 369.936 0 0
1500 73.4365 36.326 17.1163 0.231011 0.568616 369.964 0 0
1500 118.376 33.382 17.1025 0.795811 0.46617 370.097 0 0
1500 86.4149 36.2813 17.167 0.465093 0.492448 370.062 0 0
1500 37.7719 -30.0728 17.1083 -0.330794 -0.467448 370.097 0 0
1500 30.0983 20.4095 17.3673 -0.412681 0.266532 370.132 0 0
1500 64.4889 -48.492 17.1713 0.117034 -0.725984 370.129 0 0
1500 57.4204 52.1264 17.2598 0.00448437 0.824348 370.132 0 0
1500 61.597 -72.5164 17.1289 0.0313599 -1.01635 370.167 0 0
1500 50.7439 2.36781 17.134 -0.156986 -0.0105701 370.224 0 0
1500 49.8552 27.4062 17.3511 -0.126681 0.42491 370.242 0 0
1500 60.0942 48.5149 17.1283 0.0464656 0.7326 370.394 0 0
1500 57.4537 56.6863 17.4535 0.0199759 0.879129 370.668 0 0
1500 75.7778 22.6264 17.6271 0.274791 0.363531 370.729 0 0
1500 49.6048 -74.418 17.1518 -0.12543 -1.03341 370.753 0 0
1500 27.1181 60.8147 17.132 -0.480725 0.809475 370.816 0 0
1500 92.0969 8.49034 17.9625 0.609357 0.141308 370.859 0 0
1500 139.65 2.8136 17.1771 1.20963 0.0853131 371.203 0 0
1500 87.5951 54.4976 17.1567 0.418572 0.804248 371.344 0 0
1500 45.2286 -23.9002 17.2271 -0.232235 -0.29764 371.339 0 0
1500 80.3161 -23.5592 18.2806 0.492599 -0.418976 371.456 0 0
1500 17.0574 -59.1946 17.1553 -0.610333 -0.795264 371.49 0 0
1500 104.379 -13.6957 17.5248 0.82931 -0.178075 371.487 0 0
1500 88.881 15.2404 17.2425 0.501818 0.179829 371.598 0 0
1500 117.383 -19.1646 18.2292 1.12167 -0.339559 371.686 0 0
1500 88.2731 30.1006 17.5993 0.597976 0.517207 371.707 0 0
1500 51.7868 65.7705 17.1693 -0.0663618 0.951899 371.741 0 0
1500 1.13638 54.1306 17.1301 -0.797629 0.671676 371.803 0 0
1500 124.315 36.8492 17.5752 1.06165 0.597518 371.909 0 0
1500 62.4475 49.4585 17.7528 0.142161 0.847244 371.911 0 0
1500 24.2711 178.511 17.145 -0.415821 2.39694 372.066 0 0
1500 25.5249 -9.78833 17.5398 -0.526869 -0.0995097 372.116 0 0
1500 80.955 101.46 17.1634 0.366228 1.40179 372.128 0 0
1500 20.4322 42.0095 17.2615 -0.534363 0.637487 372.136 0 0
1500 37.7249 -68.2941 17.153 -0.253926 -0.927315 372.179 0 0
1500 26.2664 24.488 17.2685 -0.436739 0.321497 372.225 0 0
1500 90.0287 12.0849 18.2323 0.597368 0.197084 372.275 0 0
1500 72.9313 -57.0321 17.5924 0.281021 -1.03425 372.631 0 0
1500 78.3883 5.69534 17.4969 0.344221 0.144914 372.652 0 0
1500 50.1711 5.30264 17.2368 -0.0557323 0.111286 372.663 0 0
1500 92.9893 -14.5848 17.4604 0.58469 -0.191362 372.807 0 0
1500 60.8265 -8.43764 17.6051 0.0647629 -0.182156 372.847 0 0
1500 93.5306 -12.7543 18.5695 0.717219 -0.22431 372.864 0 0
1500 67.5508 -48.4966 17.8059 0.222535 -0.84719 373.16 0 0
1500 90.7559 10.5444 18.0154 0.601907 0.138769 373.393 0 0
1500 34.9241 14.7418 17.3258 -0.324399 0.209202 373.478 0 0
1500 85.8611 4.77613 17.9527 0.524223 0.0988016 373.507 0 0
1500 85.8917 -4.99438 19.2363 0.635385 -0.0169758 373.564 0 0
1500 110.58 53.9917 17.236 0.70789 0.773157 373.657 0 0
1500 98.846 47.2547 17.2397 0.634245 0.651274 373.691 0 0
1500 68.5504 -9.11772 17.3581 0.187942 -0.197324 373.712 0 0
1500 44.3043 70.5233 17.2391 -0.191562 1.01238 373.759 0 0
1500 58.2484 -49.8525 17.6704 0.0467694 -0.86995 373.813 0 0
1500 90.0851 16.52 17.8179 0.541224 0.283426 373.839 0 0
1500 86.8237 -0.753586 18.1844 0.489551 0.0280675 373.906 0 0
1500 75.0375 8.87542 17.894 0.366626 0.166773 373.891 0 0
1500 14.1399 25.0709 17.3296 -0.673542 0.366568 373.917 0 0
1500 78.0234 61.7373 17.2582 0.302953 0.883695 373.961 0 0
1500 100.304 60.68 17.2474 0.557604 0.877389 374.012 0 0
1500 -18.5807 23.5554 17.2265 -1.13178 0.328601 374.092 0 0
1500 77.9552 44.0615 17.2605 0.277298 0.693599 374.132 0 0
1500 74.9258 73.7 17.2423 0.175981 1.08046 374.148 0 0
1500 91.8192 40.9579 17.6716 0.5825 0.653541 374.315 0 0
1500 67.4616 -32.7496 17.3088 0.124215 -0.538616 374.442 0 0
1500 76.7436 71.819 17.2634 0.241158 1.01983 374.485 0 0
1500 94.5418 87.135 17.4677 0.572936 1.35156 374.526 0 0
1500 59.6465 13.5946 17.3984 -0.0281374 0.225757 374.541 0 0
1500 77.6602 8.80433 18.5165 0.470121 0.147723 374.592 0 0
1500 52.1094 -51.3151 17.4508 -0.133032 -0.771016 374.747 0 0
1500 30.6028 10.1446 17.5165 -0.518209 0.139346 374.782 0 0
1500 93.8645 4.32756 18.4539 0.671448 0.022478 374.838 0 0
1500 126.789 -11.4085 17.8243 1.29295 -0.168215 374.902 0 0
1500 76.5482 5.12768 17.4105 0.297968 0.0339379 375.055 0 0
1500 73.3267 -53.875 17.4675 0.214252 -0.813929 375.157 0 0
1500 80.0683 0.638334 18.2401 0.479563 0.0353925 375.292 0 0
1500 80.1099 -6.83087 17.7996 0.441693 -0.10316 375.356 0 0
1500 89.5288 -32.1 18.2926 0.642511 -0.623635 375.436 0 0
1500 109.885 -9.87246 17.5666 0.903477 -0.146482 375.742 0 0
1500 94.2586 63.9765 17.3099 0.465826 0.900254 375.774 0 0
1500 75.0234 -26.3951 17.6803 0.271144 -0.456286 375.774 0 0
1500 42.9226 -23.1784 17.3671 -0.198196 -0.343606 375.819 0 0
1500 88.8522 15.491 18.5157 0.560189 0.260739 375.874 0 0
1500 46.6785 -41.4687 17.627 -0.219004 -0.677203 375.931 0 0
1500 117.343 44.1797 17.3508 0.90691 0.687438 376.111 0 0
1500 83.2725 19.2331 17.8415 0.368803 0.315062 376.14 0 0
1500 22.6449 -41.7591 17.3205 -0.499286 -0.558842 376.194 0 0
1500 55.9952 4.44862 17.7487 -0.00880122 0.120486 376.162 0 0
1500 72.223 8.9719 17.5549 0.193194 0.189647 376.349 0 0
1500 33.4432 -40.208 17.5442 -0.380673 -0.660888 376.456 0 0
1500 108.032 0.282208 17.6099 0.793166 0.0399417 376.523 0 0
1500 94.3695 9.57619 17.7563 0.626684 0.156233 377.028 0 0
1500 33.1808 -6.7338 17.7136 -0.356874 -0.145981 377.106 0 0
1500 66.8681 2.19216 17.6936 0.11321 -0.0120417 377.125 0 0
1500 81.1507 1.24135 18.0336 0.394089 0.0537711 377.196 0 0
1500 92.8399 13.5065 18.2279 0.596933 0.267939 377.278 0 0
1500 60.8719 -5.8709 17.941 0.0669617 -0.032724 377.33 0 0
1500 87.288 35.0446 17.3926 0.38292 0.499532 377.412 0 0
1500 49.8102 23.7806 17.5551 -0.163021 0.320456 377.407 0 0
1500 107.619 28.8831 17.3985 0.777362 0.411947 377.745 0 0
1500 131.675 13.4692 17.3607 1.00045 0.215748 377.83 0 0
1500 75.2145 -2.24412 18.8045 0.430884 -0.09164 377.891 0 0
1500 80.5745 17.4428 17.571 0.399297 0.300722 378.02 0 0
1500 31.3681 -21.5985 17.7191 -0.445527 -0.368736 378.072 0 0
1500 67.3261 33.4586 17.8179 0.154119 0.518488 378.174 0 0
1500 66.6271 35.0914 17.8196 0.144392 0.540221 378.257 0 0
1500 98.669 -12.028 17.7619 0.687083 -0.140269 378.429 0 0
1500 90.3747 21.4341 17.5755 0.537115 0.356109 378.396 0 0
1500 84.0499 -36.035 17.4634 0.446692 -0.548184 378.404 0 0
1500 98.0524 23.6601 18.538 0.855663 0.5451 378.415 0 0
1500 15.1416 -58.8674 17.4001 -0.589887 -0.862178 378.496 0 0
1500 103.759 3.47566 17.6263 0.721738 0.10563 378.695 0 0
1500 103.92 44.3581 17.5154 0.704051 0.669749 378.74 0 0
1500 85.5223 20.7761 17.688 0.500295 0.297142 378.888 0 0
1500 97.6955 -2.94144 18.1742 0.69364 -0.08773 378.916 0 0
1500 109.85 -1.20405 17.5843 0.807891 0.0325038 379.035 0 0
1500 75.1752 -21.575 17.4418 0.239852 -0.386109 379.138 0 0
1500 116.712 44.4361 17.3794 0.796445 0.671128 379.173 0 0
1500 64.3437 -10.7093 18.6648 0.22596 -0.203521 379.276 0 0
1500 67.8045 47.1718 17.4155 0.0770401 0.714358 379.274 0 0
1500 22.9836 -6.78745 17.4437 -0.518999 -0.170194 379.334 0 0
1500 86.0522 17.6447 17.8794 0.445272 0.245368 379.374 0 0
1500 17.7192 -57.914 17.4283 -0.548015 -0.838539 379.444 0 0
1500 101.479 -40.7321 17.8031 0.70543 -0.704257 379.535 0 0
1500 89.8281 -66.9344 17.5653 0.559605 -1.11212 379.54 0 0
1500 78.4249 -31.0706 17.5726 0.338729 -0.513298 379.591 0 0
1500 146.243 -45.664 17.6017 1.47783 -0.685463 379.666 0 0
1500 69.4335 -13.8816 18.762 0.283296 -0.350506 379.695 0 0
1500 51.6183 70.444 17.3881 -0.130691 1.00135 379.806 0 0
1500 67.584 -5.67345 18.3626 0.257875 -0.108156 379.825 0 0
1500 167.151 -89.8031 17.6472 1.86587 -1.43887 379.832 0 0
1500 84.5232 -17.8041 17.8559 0.458619 -0.306881 379.917 0 0
1500 116.468 -1.17368 17.5795 0.901479 -0.0561022 380.141 0 0
1500 65.846 -65.5017 17.451 0.0934768 -0.931037 380.151 0 0
1500 58.2157 103.237 17.4651 0.0399895 1.51678 380.189 0 0
1500 100.435 -3.69747 17.6998 0.628437 -0.0446804 380.334 0 0
1500 81.5535 15.0531 17.6677 0.316022 0.266286 380.295 0 0
1500 66.5956 -48.621 17.836 0.133774 -0.81728 380.433 0 0
1500 111.04 -6.20702 17.4898 0.821665 -0.045953 380.535 0 0
1500 103.061 10.1089 17.4847 0.681245 0.212708 380.556 0 0
1500 82.9408 -15.7634 17.7155 0.402265 -0.18747 380.594 0 0
1500 90.8197 -61.931 17.5161 0.524524 -0.909233 380.578 0 0
1500 98.9088 -42.9411 17.461 0.572619 -0.681907 380.695 0 0
1500 75.3606 -54.8989 17.5882 0.289801 -0.841411 380.769 0 0
1500 95.8352 4.91139 18.4942 0.748599 0.014194 380.852 0 0
1500 76.2077 1.15041 18.3761 0.365248 0.0491953 380.89 0 0
1500 45.1788 -59.3743 17.4726 -0.243077 -0.87683 381.041 0 0
1500 85.3671 -44.365 17.5541 0.387584 -0.634546 381.095 0 0
1500 64.9769 -55.7035 17.5639 0.0540403 -0.832752 381.108 0 0
1500 80.2832 -60.0038 17.4705 0.304717 -0.9172 381.289 0 0
1500 -25.0218 33.0184 17.44 -1.17054 0.442353 381.321 0 0
1500 46.2329 -14.1303 17.5637 -0.20278 -0.165371 381.364 0 0
1500 43.5095 -8.75425 17.564 -0.237311 -0.0971627 381.37 0 0
1500 14.3397 -15.747 17.5428 -0.713678 -0.289876 381.368 0 0
1500 25.3204 -34.2193 17.5021 -0.433975 -0.507558 381.617 0 0
1500 64.0714 -45.719 17.6155 0.0265539 -0.747609 381.608 0 0
1500 64.7396 35.7345 17.4473 0.165771 0.514116 381.655 0 0
1500 99.2621 -3.83465 17.9919 0.684396 -0.131113 381.734 0 0
1500 126.946 -55.3233 17.7082 1.13845 -0.885631 381.744 0 0
1500 37.822 56.6468 17.5599 -0.332673 0.844517 381.928 0 0
1500 86.5043 -2.1081 18.0727 0.466525 -0.0987715 381.949 0 0
1500 30.4214 -36.945 17.5 -0.377529 -0.601956 382.011 0 0
1500 76.2789 -10.4201 18.5335 0.344328 -0.20112 382.026 0 0
1500 131.161 48.2726 17.7547 1.1965 0.774934 382.055 0 0
1500 17.4946 -52.8576 17.5551 -0.587529 -0.803548 382.075 0 0
1500 73.7342 62.4272 17.5071 0.252499 0.945853 382.131 0 0
1500 80.3176 30.0342 18.3083 0.403299 0.494064 382.333 0 0
1500 17.3867 -85.1801 17.5094 -0.619763 -1.25353 382.439 0 0
1500 17.8962 -58.2166 17.4942 -0.5665 -0.87644 382.543 0 0
1500 40.9618 0.312521 17.5378 -0.228287 -0.0589087 382.561 0 0
1500 70.4858 20.0184 18.761 0.346314 0.435139 382.605 0 0
1500 48.0734 67.9827 17.5173 -0.108532 1.01601 382.703 0 0
1500 80.2637 -18.8415 18.1941 0.460829 -0.30484 382.881 0 0
1500 125.95 18.8811 17.5308 1.00121 0.30267 382.888 0 0
1500 -6.38879 -21.5742 17.4714 -0.96548 -0.258941 382.955 0 0
1500 31.3887 65.6363 17.5233 -0.340466 0.978884 383.017 0 0
1500 61.9308 -71.0856 17.5745 0.0346447 -1.04433 383.075 0 0
1500 100.788 56.5496 17.5355 0.651096 0.821391 383.106 0 0
1500 72.402 13.5081 19.0495 0.343786 0.211554 383.116 0 0
1500 67.7435 -71.1353 17.5795 0.114598 -1.04164 383.309 0 0
1500 70.3063 3.88054 17.6859 0.261172 0.0978126 383.32 0 0
1500 104.414 16.8441 17.7473 0.780201 0.223567 383.369 0 0
1500 72.0626 -77.5063 17.5715 0.273358 -1.19781 383.539 0 0
1500 96.1179 60.6624 17.5112 0.515503 0.897552 383.56 0 0
1500 59.177 -40.4092 17.854 0.00446162 -0.620554 383.846 0 0
1500 119.935 -17.8458 17.6128 0.949327 -0.272559 383.89 0 0
1500 57.569 -39.3003 17.8691 0.0255826 -0.630203 383.934 0 0
1500 44.9833 75.6579 17.5324 -0.165975 1.18842 383.93 0 0
1500 107.716 49.8485 17.5551 0.738028 0.720508 383.955 0 0
1500 128.147 8.45913 17.5574 1.01535 0.155971 384.045 0 0
1500 82.0725 23.7949 17.7176 0.429605 0.388089 384.06 0 0
1500 76.3532 -6.47253 17.9593 0.301563 -0.162071 384.166 0 0
1500 66.4062 6.858 18.7503 0.20001 0.068823 384.146 0 0
1500 75.168 21.8606 17.5723 0.290753 0.28614 384.226 0 0
1500 64.8241 10.2666 18.494 0.209408 0.181999 384.238 0 0
1500 45.7796 -22.8521 17.5921 -0.170199 -0.408275 384.243 0 0
1500 56.9529 -72.1794 17.6405 0.0146813 -1.18332 384.257 0 0
1500 13.5699 42.1521 17.5741 -0.635819 0.672249 384.293 0 0
1500 75.6987 -6.99357 17.675 0.301886 -0.170629 384.299 0 0
1500 57.2682 69.0738 17.5017 -0.0863228 1.0025 384.376 0 0
1500 73.79 9.69732 17.9589 0.236181 0.193995 384.41 0 0
1500 81.1983 16.1776 17.9602 0.341506 0.286164 384.619 0 0
1500 72.1977 2.80708 19.0783 0.35465 0.0875816 384.722 0 0
1500 75.9762 30.4549 18.0836 0.310867 0.530646 384.879 0 0
1500 73.5589 39.4442 17.8711 0.322803 0.702897 384.968 0 0
1500 21.4028 -53.1435 17.5549 -0.500687 -0.779343 385.009 0 0
1500 106.715 19.6895 17.7268 0.774784 0.324232 385.029 0 0
1500 72.0138 39.5778 17.6756 0.266122 0.663079 385.067 0 0
1500 32.5422 5.86162 17.705 -0.462158 0.140259 385.1 0 0
1500 61.5488 26.4509 18.1662 0.0276012 0.555973 385.105 0 0
1500 50.9791 -44.6436 17.681 -0.0587398 -0.712019 385.164 0 0
1500 95.4145 -5.30999 19.1402 0.744794 -0.124982 385.243 0 0
1500 50.3415 -45.6014 17.5704 -0.187855 -0.684594 385.205 0 0
1500 72.4558 -7.20523 17.8358 0.315174 -0.0832919 385.264 0 0
1500 70.211 -15.8363 17.6296 0.211735 -0.287032 385.388 0 0
1500 23.9114 -41.3787 17.6016 -0.482426 -0.668289 385.426 0 0
1500 127.304 -28.2044 17.6358 1.08226 -0.368532 385.463 0 0
1500 86.4282 -45.4392 17.6023 0.418044 -0.726072 385.496 0 0
1500 144.371 -3.95433 17.7877 1.45834 -0.106307 385.524 0 0
1500 63.0729 15.9852 17.7283 0.146362 0.286469 385.536 0 0
1500 69.0841 10.5101 18.1784 0.230851 0.190479 385.732 0 0
1500 113.979 17.313 17.604 0.803553 0.270206 385.768 0 0
1500 0.015 0.74843 17.6335 -0.872966 0.0608081 385.916 0 0
1500 80.8353 -32.9626 17.5809 0.385891 -0.534463 385.931 0 0
1500 112.678 30.6451 17.7387 0.848448 0.474021 385.963 0 0
1500 77.8001 -46.5087 17.5887 0.252328 -0.679923 386.147 0 0
1500 84.6133 15.6666 18.6228 0.554913 0.259247 386.059 0 0
1500 103.059 15.627 17.6293 0.721843 0.16973 386.263 0 0
1500 117.075 -27.8172 17.8587 1.00898 -0.519021 386.393 0 0
1500 64.4702 -2.66596 17.6464 0.134489 -0.105432 386.472 0 0
1500 89.0757 39.355 17.5552 0.490397 0.576828 386.522 0 0
1500 91.2481 27.6812 17.5892 0.56058 0.408936 386.527 0 0
1500 154.798 -23.9902 17.8018 1.60123 -0.376 386.562 0 0
1500 92.7906 -66.6656 17.6908 0.487139 -1.0911 386.556 0 0
1500 59.8347 22.9683 17.5913 -0.0342706 0.330389 386.605 0 0
1500 103.826 -4.56444 17.6299 0.661035 -0.0206648 386.612 0 0
1500 86.5769 -10.3172 17.6531 0.433916 -0.205574 386.707 0 0
1500 99.8454 -57.4279 17.596 0.591797 -0.859477 386.879 0 0
1500 60.6936 -27.0522 17.7458 0.07579 -0.411142 387.112 0 0
1500 87.2 -6.56606 17.6492 0.438829 -0.0466377 387.207 0 0
1500 96.8823 11.4023 18.0673 0.656448 0.219449 387.24 0 0
1500 62.5998 6.58383 17.932 0.152987 0.155935 387.271 0 0
1500 88.4411 -1.34381 17.6591 0.520185 0.0194461 387.212 0 0
1500 67.2479 5.77972 17.6529 0.21459 0.064208 387.226 0 0
1500 64.8334 -10.7978 17.6267 0.0797056 -0.204738 387.307 0 0
1500 105.654 1.53252 17.5737 0.711608 0.0526009 387.365 0 0
1500 54.5727 -68.8179 17.6275 -0.0394823 -1.03481 387.363 0 0
1500 117.908 9.5345 18.124 1.14593 0.190776 387.346 0 0
1500 67.6476 -3.95648 17.6612 0.182707 -0.0125089 387.561 0 0
1500 3.2536 -43.602 17.5919 -0.838225 -0.613805 387.61 0 0
1500 81.9727 33.5467 17.8949 0.407008 0.551422 387.57 0 0
1500 22.2239 43.9688 17.5927 -0.582041 0.599073 387.549 0 0
1500 51.8135 -13.7197 18.2254 -0.0539525 -0.207983 387.639 0 0
1500 65.7852 -14.7312 18.706 0.216216 -0.24027 387.643 0 0
1500 84.5588 1.62435 18.0255 0.442931 0.0555198 387.76 0 0
1500 98.929 31.104 17.6037 0.610194 0.43096 388.033 0 0
1500 144.898 18.885 17.5873 1.2743 0.212505 388.033 0 0
1500 77.4313 13.6259 18.1612 0.422704 0.201625 388.044 0 0
1500 57.909 7.34612 17.6595 0.0270471 0.155978 388.059 0 0
1500 88.5234 -1.22172 17.5857 0.46654 -0.0190178 388.093 0 0
1500 64.8808 42.3242 17.6291 0.035911 0.664146 388.121 0 0
1500 41.865 23.6963 17.759 -0.289824 0.331252 388.147 0 0
1500 31.3714 0.55158 17.759 -0.444019 -0.0089561 388.155 0 0
1500 132.825 -22.515 17.703 1.21965 -0.313418 388.159 0 0
1500 65.5452 -4.95382 17.7597 0.146453 -0.119885 388.173 0 0
1500 51.1636 59.6339 17.6499 -0.056865 0.92165 388.177 0 0
1500 119.489 -33.2939 17.6036 0.90732 -0.438107 388.192 0 0
1500 98.6252 11.8794 17.9355 0.669676 0.230022 388.241 0 0
1500 101.513 32.0238 17.6517 0.707432 0.506781 388.251 0 0
1500 44.3093 18.6238 17.8431 -0.198087 0.284658 388.364 0 0
1500 101.317 -0.065769 19.0926 0.952598 0.0463699 388.343 0 0
1500 118.258 -10.8253 18.0348 1.14191 -0.238188 388.336 0 0
1500 76.0167 -42.179 18.0317 0.250651 -0.708997 388.396 0 0
1500 68.3091 17.9497 19.1236 0.304293 0.389501 388.794 0 0
1500 80.2152 60.4555 17.6565 0.358407 0.925175 388.801 0 0
1500 -15.2075 34.9785 17.589 -1.14025 0.496991 388.892 0 0
1500 123.976 -17.1189 18.4643 1.21055 -0.321442 388.902 0 0
1500 101.084 10.8317 17.8846 0.730858 0.144617 388.899 0 0
1500 37.3903 -20.4872 17.7958 -0.385534 -0.375864 388.899 0 0
1500 101.186 34.2434 17.9412 0.698214 0.545588 389.07 0 0
1500 45.665 25.477 17.7303 -0.141923 0.449663 389.143 0 0
1500 89.4564 -1.08523 17.7442 0.48504 -0.0346758 389.241 0 0
1500 42.1183 -14.7716 17.6762 -0.281949 -0.283085 389.25 0 0
1500 -16.3028 0.799525 17.8453 -1.25547 0.0118924 389.252 0 0
1500 107.77 9.82459 17.8866 0.823119 0.129281 389.291 0 0
1500 140.687 -24.0732 17.5891 1.22741 -0.384727 389.336 0 0
1500 87.6102 -16.4888 17.6757 0.403413 -0.308093 389.445 0 0
1500 74.4934 -14.028 17.7524 0.288718 -0.202998 389.493 0 0
1500 78.3393 28.9694 17.9673 0.328198 0.433964 389.504 0 0
1500 113.332 24.4949 17.6296 0.864805 0.415237 389.582 0 0
1500 81.041 5.2477 18.0901 0.44487 0.130589 389.649 0 0
1500 114.86 -17.8468 18.1078 1.04615 -0.312271 389.708 0 0
1500 83.4661 61.266 17.6716 0.345387 1.00047 389.833 0 0
1500 57.8627 -26.3902 17.7509 -0.050148 -0.441 389.921 0 0
1500 38.4702 -2.45404 17.9751 -0.291705 -0.0957372 389.965 0 0
1500 56.3737 9.59891 17.6591 -0.0855152 0.19075 389.97 0 0
1500 95.7104 27.3119 18.3166 0.669322 0.515591 390.062 0 0
1500 109.056 -124.191 17.657 0.79811 -1.93556 390.252 0 0
1500 110.582 -15.7551 17.9144 0.891004 -0.216387 390.323 0 0
1500 100.529 -52.0561 17.67 0.680846 -0.765455 390.331 0 0
1500 74.8398 -10.1327 18.4073 0.315139 -0.188685 390.431 0 0
1500 9.24563 -1.28913 17.6709 -0.782621 0.0252521 390.468 0 0
1500 98.2937 -7.70443 17.6706 0.655935 -0.0499835 390.643 0 0
1500 106.259 -42.6619 17.6721 0.75326 -0.664827 390.719 0 0
1500 119.025 -25.0348 17.6735 0.949009 -0.46397 390.721 0 0
1500 100.671 -8.0477 18.6066 0.778699 -0.136872 390.811 0 0
1500 124.646 21.0227 17.7402 1.10672 0.362821 390.816 0 0
1500 92.4112 -13.1275 18.0018 0.538152 -0.20979 390.869 0 0
1500 73.1311 -11.4637 18.28 0.282247 -0.236958 391.128 0 0
1500 6.27584 13.8776 17.6542 -0.823577 0.253964 391.112 0 0
1500 88.9075 -29.8992 18.2085 0.570506 -0.478044 391.197 0 0
1500 83.9847 62.6575 17.6797 0.372129 0.931483 391.322 0 0
1500 31.1808 -13.5881 17.8193 -0.398477 -0.168998 391.433 0 0
1500 120.925 25.1657 17.6742 0.959456 0.335838 391.481 0 0
1500 104.712 -40.0631 17.8512 0.74862 -0.629463 391.577 0 0
1500 41.2598 -12.9282 18.0439 -0.267502 -0.162494 391.611 0 0
1500 57.314 -33.5078 17.9398 -0.0515435 -0.652096 391.642 0 0
1500 95.0177 -44.1569 17.7237 0.554952 -0.637856 391.821 0 0
1500 62.4663 -17.9367 17.8005 0.0325223 -0.286707 391.75 0 0
1500 107.635 104.922 17.7122 0.769389 1.61167 391.882 0 0
1500 121.815 25.3598 17.7793 1.10521 0.377524 391.867 0 0
1500 37.3141 58.6272 17.6524 -0.244167 0.895468 391.98 0 0
1500 90.9642 -38.3345 17.7188 0.578061 -0.590275 391.978 0 0
1500 40.8763 48.9198 17.6464 -0.258372 0.811615 392.113 0 0
1500 112.808 41.061 17.6943 0.842946 0.623054 392.385 0 0
1500 94.966 7.49592 17.7738 0.640684 0.0965534 392.64 0 0
1500 21.4364 -58.772 17.6354 -0.497441 -0.899369 392.759 0 0
1500 87.6435 -29.0403 17.7734 0.529485 -0.451316 392.79 0 0
1500 74.7331 50.8424 17.7157 0.239377 0.752122 392.92 0 0
1500 84.3758 43.6076 17.7193 0.434206 0.723862 393.019 0 0
1500 84.4881 -3.38374 17.9831 0.483141 -0.0114223 393.154 0 0
1500 100.281 49.6294 17.649 0.631275 0.795235 393.141 0 0
1500 -4.17616 -1.64293 17.7311 -0.952482 -0.0805092 393.122 0 0
1500 59.7855 -41.6848 17.7762 0.00765757 -0.615106 393.239 0 0
1500 41.5703 43.8642 17.7267 -0.206548 0.654232 393.351 0 0
1500 39.4516 -66.3115 17.6961 -0.303383 -0.998972 393.359 0 0
1500 67.683 -7.91442 18.6408 0.267737 -0.191643 393.476 0 0
1500 111.454 10.5312 18.1372 0.969774 0.146276 393.525 0 0
1500 63.6591 -45.1725 17.8282 0.142405 -0.745284 393.577 0 0
1500 33.0718 -27.1647 18.2726 -0.396362 -0.499609 393.583 0 0
1500 12.8263 -5.14329 17.7391 -0.739423 -0.110731 393.626 0 0
1500 44.7641 -29.0923 18.049 -0.235296 -0.531504 393.75 0 0
1500 90.4015 17.6967 18.057 0.524443 0.262438 393.791 0 0
1500 23.5364 53.4796 17.6751 -0.549803 0.806879 393.908 0 0
1500 85.0319 41.015 17.7122 0.386038 0.682975 393.909 0 0
1500 91.3813 49.3302 17.8478 0.484767 0.8232 393.939 0 0
1500 13.9838 52.0627 17.7215 -0.678976 0.796893 394.017 0 0
1500 85.2959 -47.0453 17.6705 0.395039 -0.777522 394.037 0 0
1500 124.615 7.32438 17.8383 1.04164 0.08973 394.152 0 0
1500 104.432 42.1388 17.8167 0.692985 0.71092 394.15 0 0
1500 78.8646 11.1578 17.7662 0.314812 0.20549 394.21 0 0
1500 92.6531 -59.2827 17.7022 0.502803 -0.918162 394.217 0 0
1500 104.092 -9.25711 17.8491 0.78102 -0.130413 394.254 0 0
1500 98.4187 23.0252 17.984 0.740583 0.334196 394.474 0 0
1500 102.058 10.8 19.1532 0.945017 0.219034 394.472 0 0
1500 69.8839 -23.1075 19.0169 0.270189 -0.405425 394.462 0 0
1500 70.0352 32.7388 18.278 0.208253 0.537173 394.496 0 0
1500 72.1203 -5.10185 17.9539 0.323194 -0.0756853 394.615 0 0
1500 14.168 -43.4689 17.6712 -0.661197 -0.716069 394.782 0 0
1500 57.7969 -24.3233 17.7947 -0.064504 -0.392271 394.785 0 0
1500 77.9332 20.6538 17.7526 0.262786 0.37483 394.846 0 0
1500 14.0416 53.5818 17.6651 -0.611897 0.831885 394.874 0 0
1500 90.4013 -20.012 18.2683 0.5894 -0.386987 394.891 0 0
1500 111.021 14.376 17.7364 0.788651 0.235005 394.962 0 0
1500 27.9478 61.2637 17.7321 -0.47185 0.916297 394.986 0 0
1500 79.7493 10.4479 18.6916 0.488819 0.203536 395.055 0 0
1500 78.1153 5.51093 17.7305 0.385078 0.0763249 394.965 0 0
1500 142.411 -2.60303 17.9139 1.41059 -0.0399213 395.027 0 0
1500 274.979 57.3151 18.0739 3.94868 0.966755 394.984 0 0
1500 44.9058 -5.85381 17.7406 -0.165311 -0.144198 395.22 0 0
1500 99.4752 29.4425 17.742 0.627959 0.440042 395.231 0 0
1500 67.675 -40.9451 17.7917 0.0849579 -0.639736 395.319 0 0
1500 113.267 24.5288 17.8493 0.902356 0.366403 395.389 0 0
1500 78.7757 30.2905 17.728 0.392684 0.451763 395.378 0 0
1500 83.6619 22.1855 17.7371 0.414323 0.292073 395.435 0 0
1500 73.425 5.20257 17.8345 0.318477 0.112416 395.497 0 0
1500 2.4442 69.3583 18.4147 -1.04772 1.42462 395.496 0 0
1500 81.7711 20.3349 17.7391 0.38844 0.266859 395.513 0 0
1500 14.0415 -6.30178 17.7906 -0.720733 -0.116894 395.595 0 0
1500 24.2417 30.5952 17.7489 -0.547379 0.519725 395.65 0 0
1500 93.4985 -0.703561 19.0177 0.732412 0.00381321 395.74 0 0
1500 53.018 48.8408 17.7484 -0.114544 0.791726 395.837 0 0
1500 91.1545 4.47663 18.865 0.729515 0.0119306 395.965 0 0
1500 92.0147 -34.1194 17.7256 0.587989 -0.520464 395.999 0 0
1500 70.3177 -58.9618 17.7423 0.26812 -0.926915 396.017 0 0
1500 68.5178 -32.8619 17.9911 0.178698 -0.626563 396.14 0 0
1500 79.6955 44.8199 17.852 0.376689 0.732461 396.208 0 0
1500 39.4139 -33.0093 17.872 -0.289554 -0.564634 396.187 0 0
1500 83.1695 -9.28152 17.8202 0.470654 -0.151186 396.168 0 0
1500 14.4295 -65.8289 17.8224 -0.710726 -1.11175 396.173 0 0
1500 64.353 37.5311 18.0217 0.0727399 0.736671 396.188 0 0
1500 124.856 20.4212 17.6955 0.969401 0.36165 396.258 0 0
1500 94.5425 -37.99 17.7249 0.623193 -0.576057 396.296 0 0
1500 0.627589 0.450603 17.7477 -0.893072 0.0659651 396.337 0 0
1500 84.5883 -136.547 17.7709 0.351262 -2.23442 396.452 0 0
1500 46.0968 -54.8637 17.7356 -0.157175 -0.82806 396.497 0 0
1500 89.5798 52.2586 17.8401 0.537138 0.813816 396.578 0 0
1500 31.6062 58.598 17.6829 -0.390213 0.93498 396.608 0 0
1500 -0.599579 -4.04989 17.7892 -0.926482 -0.0818353 396.609 0 0
1500 51.1014 2.38937 17.7098 -0.180856 0.00520535 396.626 0 0
1500 85.8772 22.821 18.1465 0.557798 0.342846 396.714 0 0
1500 111.059 35.1101 17.6932 0.85293 0.485429 396.786 0 0
1500 82.7854 1.76103 17.9737 0.435168 0.0322689 396.829 0 0
1500 88.6637 55.1001 17.7481 0.413407 0.87224 396.855 0 0
1500 29.8507 51.1702 17.8475 -0.454582 0.907424 396.851 0 0
1500 53.9538 30.9156 17.7799 -0.0540806 0.548557 396.877 0 0
1500 40.2778 -52.3916 17.8646 -0.295205 -0.827651 397.024 0 0
1500 178.896 16.633 17.7417 1.92541 0.186265 397.008 0 0
1500 -117.668 16.9233 17.755 -2.83428 0.347529 397.021 0 0
1500 86.1855 5.00307 18.5934 0.482949 0.0726127 397.227 0 0
1500 11.152 49.2956 17.6997 -0.748373 0.734057 397.48 0 0
1500 89.5991 -0.92697 17.8953 0.548973 0.0443963 397.616 0 0
1500 48.8201 55.6385 17.8383 -0.17191 0.879443 397.731 0 0
1500 108.957 -16.0257 17.9871 0.858634 -0.236928 397.765 0 0
1500 53.4699 -10.6605 18.1915 -0.07914 -0.177875 397.779 0 0
1500 14.2071 17.5824 17.7009 -0.737366 0.235637 397.827 0 0
1500 3.34673 71.8042 17.8511 -0.895201 1.15471 397.777 0 0
1500 14.9367 -19.6575 17.7005 -0.725263 -0.328944 397.921 0 0
1500 61.4333 -50.6318 17.7004 -0.0207595 -0.798148 397.93 0 0
1500 -3.25564 27.9238 17.7045 -0.949185 0.421387 398.039 0 0
1500 87.2414 20.4864 18.0109 0.516994 0.370162 398.269 0 0
1500 42.1134 -68.5715 17.7327 -0.181376 -1.08603 398.26 0 0
1500 15.1606 -86.0041 17.8917 -0.670928 -1.45062 398.329 0 0
1500 65.5246 32.5087 18.6672 0.177098 0.696576 398.247 0 0
1500 72.1113 -8.52712 18.0015 0.244918 -0.179643 398.525 0 0
1500 69.5555 27.8317 17.9962 0.248 0.4849 398.469 0 0
1500 69.4129 -42.2774 17.7915 0.240543 -0.742263 398.843 0 0
1500 91.5849 21.8417 17.9932 0.576884 0.392013 398.887 0 0
1500 54.3209 64.2697 17.7033 -0.0543051 0.982737 399.074 0 0
1500 71.7535 -33.6472 17.7598 0.268128 -0.568747 399.035 0 0
1500 48.4541 67.0725 17.7627 -0.174085 1.01339 399.234 0 0
1500 70.8474 -35.9999 17.7575 0.239524 -0.618827 399.202 0 0
1500 40.9655 1.67618 18.0335 -0.283634 0.0800481 399.224 0 0
1500 73.2296 -2.61929 18.3009 0.335904 -0.1055 399.272 0 0
1500 2.09619 37.3718 17.7642 -0.833537 0.588607 399.377 0 0
1500 71.6497 -19.1623 18.2992 0.31149 -0.351232 399.455 0 0
1500 51.3567 1.81199 18.1754 -0.067871 0.0830334 399.49 0 0
1500 36.0709 57.1207 17.71 -0.311011 0.875096 399.574 0 0
1500 34.9074 56.9208 17.7096 -0.327519 0.872593 399.549 0 0
1500 116.98 32.9603 17.7399 0.914901 0.463225 399.511 0 0
1500 103.905 -49.689 17.7409 0.727327 -0.715718 399.6 0 0
1500 85.134 -5.64805 17.8399 0.480883 -0.167704 399.815 0 0
1500 106.673 -5.92387 18.3674 0.845308 -0.13125 399.838 0 0
1500 63.7764 -16.8044 17.8456 0.155281 -0.24224 399.859 0 0
1500 108.893 20.9811 17.9892 0.824758 0.37378 399.837 0 0
1500 123.321 4.16144 17.744 1.00022 0.0518379 399.875 0 0
1500 86.1938 -22.3284 18.2959 0.524324 -0.395706 399.899 0 0
1500 50.8319 86.2389 17.814 -0.0687879 1.36268 399.988 0 0
1500 124.819 5.6283 17.8233 1.04217 0.0710647 400.019 0 0
1500 85.6482 -13.4308 17.7338 0.36713 -0.252092 400.081 0 0
1500 125.894 -45.0419 18.0959 1.21904 -0.798777 400.087 0 0
1500 127.053 -27.8049 17.7752 1.09444 -0.438597 400.127 0 0
1500 -39.6754 -64.1399 17.8736 -1.64281 -1.00064 400.159 0 0
1500 64.7434 0.90753 18.0098 0.133876 0.077844 400.23 0 0
1500 20.4444 59.6389 17.7009 -0.619893 0.842729 400.255 0 0
1500 93.8412 4.5321 18.6428 0.743178 0.119296 400.314 0 0
1500 96.5132 -77.1348 18.0505 0.681987 -1.40282 400.308 0 0
1500 13.3246 42.4283 17.7763 -0.664607 0.651635 400.341 0 0
1500 10.2665 38.7258 17.7767 -0.707264 0.599414 400.369 0 0
1500 82.6853 -2.69339 19.3981 0.556956 -0.0264749 400.391 0 0
1500 19.1015 -40.942 17.7228 -0.609536 -0.689676 400.451 0 0
1500 62.8013 34.3568 17.8859 0.14482 0.578825 400.428 0 0
1500 92.2822 -30.0079 18.2471 0.654718 -0.618776 400.417 0 0
1500 85.2645 -24.0062 18.1427 0.452777 -0.378019 400.479 0 0
1500 12.157 -21.6925 17.7362 -0.716001 -0.323407 400.548 0 0
1500 70.0613 -14.2849 17.8961 0.231872 -0.195189 400.616 0 0
1500 78.4594 -25.4201 17.8559 0.324633 -0.407474 400.624 0 0
1500 121.248 -4.48778 17.7825 0.962499 -0.0928574 400.6 0 0
1500 61.6684 -2.45894 17.8878 0.00116508 -0.0123744 400.633 0 0
1500 18.6369 -39.2883 17.7606 -0.665939 -0.57615 400.752 0 0
1500 75.8315 9.37541 17.8225 0.272724 0.220959 400.809 0 0
1500 121.642 11.5859 17.9053 1.02217 0.157198 401.051 0 0
1500 118.665 46.3741 18.558 1.24699 0.899793 401.113 0 0
1500 114.588 -22.4103 18.0044 0.930296 -0.358222 401.144 0 0
1500 78.9445 13.1025 18.5109 0.409784 0.276415 401.194 0 0
1500 66.327 25.831 18.1813 0.145312 0.454294 401.325 0 0
1500 102.765 -9.10054 18.4826 0.823288 -0.227716 401.367 0 0
1500 75.5061 5.06631 18.8206 0.415708 0.142529 401.37 0 0
1500 95.075 1.74094 18.4037 0.684823 -0.0269872 401.491 0 0
1500 102.417 -47.5749 17.7518 0.710509 -0.753022 401.562 0 0
1500 118.529 -19.896 17.8088 0.957054 -0.34625 401.637 0 0
1500 37.4647 50.2413 17.8652 -0.347579 0.770895 401.704 0 0
1500 57.8218 -6.55862 18.4617 0.074007 -0.170159 401.958 0 0
1500 46.5277 -8.60793 17.8457 -0.177191 -0.209086 401.951 0 0
1500 157.544 -7.46008 18.5832 1.93221 -0.128054 402.033 0 0
1500 97.1164 8.55988 17.8088 0.611759 0.207103 402.055 0 0
1500 75.9788 -5.05252 17.8478 0.315559 -0.00571986 402.129 0 0
1500 73.2768 27.157 17.8083 0.172617 0.426066 402.206 0 0
1500 129.942 -51.8674 18.0731 1.24469 -0.856324 402.206 0 0
1500 5.9931 -6.81285 17.7235 -0.845785 -0.0959049 402.248 0 0
1500 112.346 -3.25516 18.0491 0.914972 -0.0735578 402.461 0 0
1500 74.4482 -13.9344 17.8622 0.339628 -0.236793 402.453 0 0
1500 46.7054 13.5418 17.8557 -0.208523 0.163972 402.54 0 0
1500 40.6968 -54.5809 17.7492 -0.219397 -0.833142 402.485 0 0
1500 3.51856 13.5673 17.7466 -0.897305 0.188472 402.541 0 0
1500 77.5016 -28.2578 17.9662 0.299505 -0.501101 402.499 0 0
1500 112.675 34.7835 17.961 0.927679 0.597017 402.599 0 0
1500 99.4328 -52.3197 17.7536 0.6598 -0.808687 402.813 0 0
1500 28.1379 75.3881 17.7492 -0.438867 1.21939 402.845 0 0
1500 90.9774 26.2412 17.8396 0.53962 0.470419 402.985 0 0
1500 71.617 -50.9642 17.8588 0.207188 -0.850096 403 0 0
1500 9.43267 -40.0924 17.76 -0.743079 -0.668398 403.13 0 0
1500 56.747 -65.613 17.729 -0.0402153 -1.01765 403.318 0 0
1500 94.029 -43.2761 18.1494 0.664976 -0.813537 403.29 0 0
1500 52.7861 17.4453 17.7946 -0.147233 0.261218 403.439 0 0
1500 50.3721 -36.2972 17.8749 -0.10183 -0.56336 403.477 0 0
1500 67.0957 -64.5245 17.7624 0.184134 -0.975093 403.507 0 0
1500 -27.0996 -7.84541 17.7947 -1.31143 -0.16621 403.8 0 0
1500 104.03 -25.0959 17.8513 0.777315 -0.399624 403.868 0 0
1500 64.929 18.7144 17.7477 0.0323207 0.319467 403.87 0 0
1500 120.17 -7.16871 17.7663 0.939948 -0.151678 403.903 0 0
1500 91.7637 -6.17628 17.9596 0.596236 -0.164194 404.035 0 0
1500 37.9321 -1.09335 17.9332 -0.350597 0.0604646 404.08 0 0
1500 72.8195 19.0201 17.8026 0.238422 0.322595 404.212 0 0
1500 -2.00291 -21.366 17.7285 -0.937821 -0.379491 404.234 0 0
1500 104.899 -37.5211 17.816 0.705263 -0.635782 404.358 0 0
1500 91.5569 -32.291 17.7677 0.490306 -0.563179 404.372 0 0
1500 94.1248 8.38571 17.934 0.559643 0.168101 404.444 0 0
1500 81.0484 -9.36207 18.2311 0.476247 -0.172731 404.434 0 0
1500 131.126 46.4383 17.7342 1.07205 0.763757 404.564 0 0
1500 54.6504 -57.6464 17.9141 -0.0732469 -0.919686 404.607 0 0
1500 47.4313 7.08332 17.7486 -0.191833 0.183654 404.602 0 0
1500 106.557 -25.6321 17.9926 0.85014 -0.373937 404.645 0 0
1500 40.5203 70.5014 17.7544 -0.296569 1.07289 404.684 0 0
1500 112.245 37.8155 17.9451 0.922806 0.685236 404.755 0 0
1500 84.478 -40.7571 17.8081 0.463605 -0.609617 404.772 0 0
1500 74.3614 -0.218984 18.0472 0.349091 -0.0466032 404.768 0 0
1500 52.6206 -98.1398 17.7683 -0.123652 -1.58369 405.028 0 0
1500 101.083 3.81649 18.2249 0.768192 0.0247403 405.187 0 0
1500 90.2447 -30.8932 17.7838 0.503327 -0.480565 405.279 0 0
1500 75.3703 -45.0798 18.011 0.294643 -0.71775 405.283 0 0
1500 80.0883 -50.6632 17.8918 0.348448 -0.833072 405.278 0 0
1500 114.203 -33.5841 17.7248 0.871829 -0.520824 405.342 0 0
1500 86.382 57.4421 17.8643 0.48728 0.897083 405.373 0 0
1500 60.3651 34.1899 17.8101 -0.0215093 0.510618 405.457 0 0
1500 -1.63914 -6.64636 17.7637 -0.908847 -0.171125 405.475 0 0
1500 83.9464 10.7953 18.0355 0.411701 0.23904 405.466 0 0
1500 103.699 16.2435 17.86 0.75556 0.188358 405.523 0 0
1500 90.3736 -1.75952 18.2882 0.572558 -0.0981865 405.532 0 0
1500 47.8496 35.5442 17.8984 -0.193878 0.592071 405.565 0 0
1500 107.692 44.3674 17.796 0.774666 0.706188 405.775 0 0
1500 103.458 -42.9794 17.7313 0.68954 -0.674379 405.866 0 0
1500 112.216 2.29128 17.7969 0.834161 0.10971 405.898 0 0
1500 23.5994 39.3826 17.7969 -0.506414 0.670849 405.894 0 0
1500 76.0383 7.63211 17.7983 0.300921 0.057531 406.163 0 0
1500 29.9759 58.532 17.7651 -0.367888 0.928444 406.089 0 0
1500 86.593 55.2269 17.7651 0.475238 0.879118 406.097 0 0
1500 88.6586 -24.9907 17.8187 0.51365 -0.372536 406.211 0 0
1500 85.9141 11.0383 18.3975 0.51216 0.169544 406.355 0 0
1500 71.4155 -14.5635 17.7669 0.164656 -0.268262 406.311 0 0
1500 67.2795 63.4137 17.8051 0.209766 0.977226 406.376 0 0
1500 84.8661 1.95136 18.1373 0.525799 0.0526626 406.406 0 0
1500 85.4716 3.29499 18.1371 0.534731 0.0728914 406.431 0 0
1500 48.217 54.3246 17.7346 -0.174735 0.891635 406.412 0 0
1500 24.6756 32.2831 17.8036 -0.505038 0.566892 406.381 0 0
1500 88.0947 -3.48389 18.5293 0.616576 -0.0426563 406.477 0 0
1500 80.8084 26.2287 18.148 0.36237 0.425107 406.499 0 0
1500 50.2759 63.602 17.8106 -0.0978574 0.981564 406.537 0 0
1500 107.094 -42.8619 17.7648 0.701595 -0.69919 406.673 0 0
1500 32.7141 46.0385 17.8008 -0.380174 0.770742 406.835 0 0
1500 42.1418 53.5083 17.8289 -0.225815 0.82453 406.879 0 0
1500 -0.461785 -27.4054 17.7668 -0.869551 -0.46926 407.149 0 0
1500 114.593 31.8978 17.733 0.81934 0.547998 407.035 0 0
1500 32.8941 55.8048 17.7329 -0.401935 0.904826 407.082 0 0
1500 48.1123 -20.6813 18.1915 -0.131877 -0.37679 407.069 0 0
1500 26.7042 4.12712 17.8606 -0.476143 0.108896 407.228 0 0
1500 0.880881 27.2267 17.7328 -0.878792 0.477025 407.194 0 0
1500 88.7989 5.08137 17.8467 0.509925 0.157261 407.327 0 0
1500 -1.71331 -31.8541 17.7337 -0.949284 -0.440562 407.37 0 0
1500 59.6395 -62.3887 17.7947 0.0509 -0.957737 407.468 0 0
1500 121.286 -56.0631 17.7638 0.968476 -0.852545 407.496 0 0
1500 42.8199 -38.2726 17.7933 -0.230463 -0.60133 407.591 0 0
1500 126.451 -5.26556 17.7679 1.04648 -0.0212216 407.527 0 0
1500 81.8187 -15.5818 18.2861 0.376617 -0.278109 407.716 0 0
1500 -5.35287 21.1822 17.733 -0.963113 0.383411 407.797 0 0
1500 65.2667 -27.351 17.8075 0.108928 -0.497134 407.662 0 0
1500 35.2772 -8.039 17.7568 -0.428548 -0.100965 407.662 0 0
1500 58.6931 58.9494 17.8504 0.0450748 0.899881 407.961 0 0
1500 21.8811 -14.0029 17.752 -0.630686 -0.191643 408.161 0 0
1500 -7.62187 -131.11 17.8488 -1.10249 -2.1038 408.496 0 0
1500 60.3532 37.7521 18.0498 0.00755423 0.718344 408.29 0 0
1500 74.7993 -55.0492 17.7779 0.221761 -0.853794 408.599 0 0
1500 134.531 29.6696 17.7681 1.18702 0.512589 408.738 0 0
1500 72.6767 -17.8447 18.1497 0.323728 -0.323404 408.702 0 0
1500 75.118 10.8638 17.7966 0.215975 0.227124 408.701 0 0
1500 55.2227 114.185 17.9365 -0.0352281 1.93129 408.603 0 0
1500 62.6968 66.4644 17.738 0.0421282 1.03374 409.047 0 0
1500 82.5853 2.76226 18.6369 0.48349 -0.0323422 408.984 0 0
1500 100.549 -27.994 17.8775 0.721844 -0.386394 409.03 0 0
1500 38.6958 63.2983 17.7381 -0.306186 0.987562 409.063 0 0
1500 53.6053 64.6617 17.7455 -0.132244 0.95266 409.226 0 0
1500 145.103 23.6202 18.3608 1.65758 0.501945 409.194 0 0
1500 87.9158 60.3273 17.8001 0.437594 0.951924 409.242 0 0
1500 115.959 -18.9819 18.068 0.959904 -0.289334 409.263 0 0
1500 116.956 16.5063 17.8317 0.958229 0.251977 409.405 0 0
1500 60.7483 39.7412 17.7898 -0.00581844 0.665591 409.419 0 0
1500 20.5269 -21.6883 17.9433 -0.628504 -0.426818 409.486 0 0
1500 96.9548 10.2135 18.4198 0.671922 0.154176 409.537 0 0
1500 79.1333 31.5828 18.1768 0.338232 0.49999 409.51 0 0
1500 153.427 -5.08329 17.7481 1.43044 -0.12057 409.502 0 0
1500 85.9203 7.27804 18.7402 0.597886 0.138248 409.559 0 0
1500 -0.602435 2.22617 17.7442 -0.954495 0.0559825 409.592 0 0
1500 29.3116 53.1529 17.7441 -0.505226 0.819429 409.648 0 0
1500 91.7816 39.4458 17.9678 0.513143 0.678754 409.615 0 0
1500 60.9516 -31.4592 18.3609 0.0750669 -0.52656 409.676 0 0
1500 72.2404 -5.92993 18.3551 0.246566 -0.145614 410.276 0 0
1500 70.0022 7.80658 17.8522 0.148032 0.183336 410.246 0 0
1500 107.767 -11.8035 18.1926 0.840536 -0.227069 410.341 0 0
1500 -31.2696 -28.9664 18.0571 -1.62109 -0.534488 410.344 0 0
1500 116.615 23.454 18.0893 1.05327 0.343083 410.463 0 0
1500 10.6419 1.25536 17.7613 -0.733428 0.0442344 410.54 0 0
1500 77.0288 20.0202 17.8492 0.255377 0.370232 410.518 0 0
1500 31.5404 1.62125 17.9744 -0.508077 0.0763992 410.58 0 0
1500 43.8568 7.6171 18.0949 -0.243192 0.0832695 410.655 0 0
1500 99.0919 7.85393 18.4595 0.72572 0.182832 410.759 0 0
1500 10.4106 45.8762 17.7441 -0.774948 0.698047 410.822 0 0
1500 30.1053 19.2187 17.9731 -0.468808 0.39388 410.822 0 0
1500 77.7314 -103.953 18.2156 0.319994 -1.99628 410.793 0 0
1500 115.996 -33.5948 17.8292 0.879389 -0.562308 410.975 0 0
1500 93.5086 -8.80471 18.271 0.664035 -0.108476 410.975 0 0
1500 14.8473 -41.8414 17.7509 -0.71443 -0.586502 410.892 0 0
1500 -84.7419 39.8902 17.932 -2.4162 0.629968 410.91 0 0
1500 -5.23868 -22.4507 17.7449 -1.00157 -0.30738 411.089 0 0
1500 52.0246 -33.843 18.027 -0.130533 -0.537678 411.293 0 0
1500 124.61 -6.35292 17.875 1.04659 -0.0578682 411.448 0 0
1500 102.207 25.5228 18.0533 0.770606 0.489003 411.503 0 0
1500 54.38 42.4526 17.7652 -0.0758038 0.660887 411.582 0 0
1500 111.165 38.1444 17.8658 0.861164 0.635291 411.525 0 0
1500 90.5745 -19.7243 17.8671 0.559743 -0.354548 411.775 0 0
1500 78.5305 -63.3732 17.8014 0.29394 -0.987426 411.848 0 0
1500 137.62 37.3788 17.9498 1.26927 0.644449 411.91 0 0
1500 124.231 -10.8703 17.8776 1.0325 -0.12259 412.019 0 0
1500 -2.43655 -28.9657 17.7497 -0.947316 -0.397478 412.033 0 0
1500 -7.90176 2.67249 17.7495 -1.02678 0.0604856 412.009 0 0
1500 62.8295 14.4707 18.0602 0.0876576 0.293506 412.125 0 0
1500 95.2811 16.0562 18.1974 0.628556 0.223428 412.153 0 0
1500 104.794 16.5911 18.8253 0.888827 0.35196 412.246 0 0
1500 48.9171 -60.5625 17.9306 -0.174918 -1.00727 412.268 0 0
1500 93.7175 91.068 17.7706 0.571839 1.37602 412.322 0 0
1500 66.5849 -0.220085 17.8969 0.109918 -0.071976 412.311 0 0
1500 33.7358 -8.58638 17.8252 -0.412635 -0.0677574 412.38 0 0
1500 50.993 27.0136 18.1179 -0.135019 0.431336 412.517 0 0
1500 37.4574 -26.5499 17.9738 -0.35054 -0.447026 412.533 0 0
1500 -20.8779 108.109 17.9048 -1.38282 1.76318 412.646 0 0
1500 27.8832 15.8427 18.116 -0.483185 0.261585 412.711 0 0
1500 91.9661 -18.5328 18.3655 0.621502 -0.370777 412.732 0 0
1500 84.9577 61.7612 17.9179 0.498279 1.03898 412.711 0 0
1500 57.2663 -53.8174 17.8025 0.0397127 -0.808606 413.011 0 0
1500 76.5914 -6.62431 18.2537 0.409127 -0.129745 412.949 0 0
1500 72.9619 -1.55255 17.8721 0.295746 -0.076354 412.755 0 0
1500 49.2295 44.3106 18.0512 -0.117682 0.736928 413.1 0 0
1500 65.5066 45.1224 17.9189 0.147485 0.691588 413.217 0 0
1500 34.5181 -33.5732 17.8879 -0.377833 -0.576618 413.258 0 0
1500 81.4365 -19.3096 17.9712 0.45221 -0.316069 413.157 0 0
1500 12.5204 11.5008 17.8173 -0.729167 0.238247 413.286 0 0
1500 100.48 -10.642 18.7971 0.811125 -0.138397 413.467 0 0
1500 82.5947 61.9869 17.8406 0.339467 0.977002 413.387 0 0
1500 122.759 13.4949 17.8059 0.974363 0.273209 413.356 0 0
1500 82.7426 3.53041 18.1685 0.484518 0.0957183 413.366 0 0
1500 100.428 -13.1646 17.9958 0.681427 -0.190573 413.512 0 0
1500 -3.84435 -15.6356 17.7504 -0.983654 -0.273147 413.497 0 0
1500 109.148 13.0418 18.4329 0.946963 0.185138 413.499 0 0
1500 45.5185 55.7901 17.7652 -0.247438 0.810445 413.641 0 0
1500 24.7858 44.3021 17.7655 -0.540551 0.647761 413.661 0 0
1500 95.133 6.07827 18.0585 0.640568 0.151126 413.828 0 0
1500 110.028 -30.4926 18.9718 1.13099 -0.58193 413.908 0 0
1500 75.6403 22.7395 18.6436 0.398156 0.400518 414.082 0 0
1500 123.291 1.03888 17.8118 1.03775 0.0154462 414.045 0 0
1500 41.0256 47.0997 17.7713 -0.308975 0.68306 414.103 0 0
1500 86.9066 3.06822 18.0052 0.489886 0.0340845 414.127 0 0
1500 10.926 2.93565 17.7722 -0.73133 0.0623492 414.166 0 0
1500 81.2907 -3.07071 17.8926 0.386454 -0.00109187 414.342 0 0
1500 113.752 -61.8768 17.7538 0.861791 -0.932943 414.453 0 0
1500 86.2218 7.48269 18.0056 0.512569 0.0611915 414.415 0 0
1500 79.6385 26.9388 18.2072 0.38916 0.415847 414.519 0 0
1500 65.0006 -7.15083 17.9491 0.146036 -0.183759 414.566 0 0
1500 118.091 33.0959 17.809 0.888127 0.553096 414.651 0 0
1500 85.2966 -15.7886 18.6133 0.535429 -0.298643 414.685 0 0
1500 84.3448 6.43988 18.9437 0.537864 0.0482298 414.721 0 0
1500 42.8535 -28.3118 17.8346 -0.212615 -0.461825 414.716 0 0
1500 109.715 -8.36544 17.8993 0.804521 -0.0980433 414.731 0 0
1500 86.0352 1.41687 18.6824 0.592296 -0.00997459 414.776 0 0
1500 54.915 18.4305 18.0669 0.00787177 0.353642 414.793 0 0
1500 86.6027 -35.1299 17.8226 0.384623 -0.589206 414.882 0 0
1500 78.2678 -37.7556 18.7534 0.432362 -0.676591 415.112 0 0
1500 87.8838 -12.1855 18.4212 0.529985 -0.18275 415.09 0 0
1500 58.7074 26.9649 17.7862 -0.0596853 0.394809 415.056 0 0
1500 116.575 -17.1262 17.8571 0.933325 -0.305049 415.109 0 0
1500 95.2196 -18.288 17.8429 0.633251 -0.322766 415.1 0 0
1500 -154.416 36.7355 17.8107 -3.37785 0.555562 415.092 0 0
1500 54.4901 -48.3885 18.2792 -0.0255862 -0.874686 415.073 0 0
1500 73.264 4.01994 18.8494 0.344253 0.129491 415.134 0 0
1500 78.8257 -26.6864 18.2324 0.398488 -0.467442 415.172 0 0
1500 128.148 -47.2263 18.0704 1.25779 -0.832584 415.144 0 0
1500 47.4703 53.131 17.7812 -0.19277 0.869417 415.186 0 0
1500 109.242 28.0352 18.0507 0.834811 0.471578 415.285 0 0
1500 96.9387 -20.7036 17.8419 0.658018 -0.358759 415.239 0 0
1500 86.7221 -34.5249 17.8416 0.502641 -0.568291 415.274 0 0
1500 103.967 1.48666 17.8415 0.764059 -0.0218469 415.297 0 0
1500 75.8521 -32.4531 17.9419 0.309145 -0.565772 415.279 0 0
1500 75.9197 3.16878 18.7835 0.41878 0.0530807 415.368 0 0
1500 109.517 28.9 18.0506 0.837917 0.48378 415.362 0 0
1500 95.43 -23.1431 17.8162 0.614342 -0.424175 415.398 0 0
1500 79.8603 31.8871 17.9105 0.382105 0.460772 415.515 0 0
1500 32.8488 60.8135 17.8147 -0.346902 0.94382 415.55 0 0
1500 71.9533 66.0209 17.8123 0.167574 1.03006 415.601 0 0
1500 60.053 -30.5367 18.3929 0.0636388 -0.512709 415.598 0 0
1500 97.4203 -10.8993 17.7949 0.674805 -0.182741 415.547 0 0
1500 113.386 -49.9971 17.7662 0.868671 -0.693483 415.707 0 0
1500 66.3781 -45.7769 17.9383 0.164203 -0.762592 415.744 0 0
1500 62.1585 3.41154 18.0082 0.107519 0.109093 415.819 0 0
1500 115.327 -30.4587 17.857 0.905168 -0.497825 415.825 0 0
1500 103.745 3.34529 17.7931 0.768373 0.0345766 415.801 0 0
1500 104.619 45.7825 17.8217 0.742295 0.655368 415.946 0 0
1500 60.7634 -10.4118 17.9402 0.112648 -0.21473 415.99 0 0
1500 36.7192 15.1977 17.9024 -0.386063 0.203219 416.014 0 0
1500 28.0017 -58.5354 17.8833 -0.456517 -0.914772 416.164 0 0
1500 50.4827 32.5121 18.115 -0.061178 0.564634 416.175 0 0
1500 123.963 0.298297 17.9616 1.04764 -0.0170456 416.377 0 0
1500 86.6609 47.7885 17.7904 0.505053 0.705479 416.26 0 0
1500 105.665 -26.3791 17.7897 0.790358 -0.413655 416.401 0 0
1500 119.668 28.5484 18.034 1.12904 0.464567 416.361 0 0
1500 57.4237 13.226 18.202 0.0479751 0.24609 416.806 0 0
1500 69.3917 23.8293 18.1523 0.231775 0.385125 416.736 0 0
1500 89.4214 6.73313 19.26 0.646589 0.164043 416.629 0 0
1500 69.9227 -59.852 17.8979 0.218225 -0.955913 416.695 0 0
1500 117.509 -17.4179 17.8358 0.948563 -0.301954 416.749 0 0
1500 116.188 -18.7043 17.8359 0.930597 -0.321609 416.631 0 0
1500 67.1031 -23.1456 18.0456 0.139269 -0.421432 416.893 0 0
1500 181.665 -56.5474 17.8592 1.96979 -0.878202 416.592 0 0
1500 76.0765 20.599 17.9103 0.236263 0.370494 416.564 0 0
1500 64.3841 -7.61492 17.8323 0.0284966 -0.0882453 416.62 0 0
1500 134.715 85.9284 17.9351 1.31296 1.39814 416.811 0 0
1500 29.1857 -6.22177 17.9033 -0.443346 -0.0456412 417.184 0 0
1500 53.0327 42.3272 17.8722 -0.0895372 0.653156 417.072 0 0
1500 46.7207 26.3449 17.9718 -0.12622 0.473506 417.2 0 0
1500 160.797 -3.32317 17.7816 1.54012 -0.118461 417.259 0 0
1500 76.3357 -44.6579 17.9311 0.280503 -0.825295 417.313 0 0
1500 86.6931 13.6028 17.9704 0.48185 0.278744 417.341 0 0
1500 92.1416 57.6371 17.7874 0.576814 0.838213 417.524 0 0
1500 102.818 49.2974 17.7874 0.733937 0.713579 417.623 0 0
1500 7.12251 8.11876 17.9012 -0.805898 0.176335 417.686 0 0
1500 111.854 41.293 18.2001 1.04197 0.712059 417.551 0 0
1500 60.6672 15.8342 17.9477 0.0207969 0.309785 417.712 0 0
1500 94.4045 8.61198 18.0562 0.599152 0.118161 417.865 0 0
1500 110.752 45.4717 17.8536 0.856876 0.669439 417.749 0 0
1500 120.697 20.4635 17.7877 0.995041 0.285944 417.857 0 0
1500 83.9718 37.2154 17.9652 0.436218 0.631627 417.982 0 0
1500 103.168 -49.3026 17.8379 0.72153 -0.760221 418.075 0 0
1500 1.19003 7.24913 17.899 -0.889424 0.162185 418.118 0 0
1500 72.0546 -19.6435 17.9768 0.176219 -0.348182 418.126 0 0
1500 127.958 3.95515 18.2571 1.25264 0.0513695 418.042 0 0
1500 98.2378 -54.0646 17.7883 0.66088 -0.809351 418.164 0 0
1500 88.0644 -5.52182 18.5653 0.560584 -0.152079 418.197 0 0
1500 31.9419 13.2462 17.9755 -0.435705 0.153916 418.242 0 0
1500 -3.90759 -25.0939 17.7953 -0.912449 -0.415969 418.258 0 0
1500 87.4771 -52.9574 17.8723 0.477763 -0.798452 418.389 0 0
1500 47.4757 -14.5897 17.996 -0.213522 -0.231817 418.34 0 0
1500 126.735 46.3361 18.0222 1.19576 0.741337 418.408 0 0
1500 55.2989 3.84918 17.8536 -0.0236423 0.120989 418.521 0 0
1500 41.0538 -49.8737 17.9034 -0.257963 -0.762341 418.572 0 0
1500 -5.25687 13.1635 17.7789 -0.970191 0.230594 418.583 0 0
1500 3.96077 -38.6007 17.8215 -0.827362 -0.60738 418.633 0 0
1500 93.5201 42.2457 17.9615 0.574043 0.700109 418.671 0 0
1500 99.4707 -39.5798 17.7983 0.695208 -0.578248 418.753 0 0
1500 69.4197 -66.2497 17.8236 0.11568 -1.0018 418.917 0 0
1500 77.8248 -5.27452 18.2612 0.431025 -0.0687526 418.867 0 0
1500 32.3631 55.6964 17.7932 -0.397452 0.858191 419.043 0 0
1500 120.299 -24.2302 17.7918 0.972648 -0.366856 419.009 0 0
1500 70.3147 -17.9406 18.1782 0.266645 -0.338377 419.114 0 0
1500 55.6999 29.2594 17.8699 -0.015129 0.523281 419.111 0 0
1500 123.555 -3.02927 17.8443 1.00271 -0.0853704 419.141 0 0
1500 63.1446 60.6779 17.7947 0.0411001 0.927357 419.181 0 0
1500 112.179 -34.7018 17.8454 0.838107 -0.538337 419.27 0 0
1500 80.3688 -11.5738 17.9057 0.42849 -0.162891 419.382 0 0
1500 90.5101 -28.5715 17.9566 0.584118 -0.44183 419.517 0 0
1500 80.0624 -24.4376 17.9037 0.422542 -0.358909 419.576 0 0
1500 92.5193 -67.4438 18.0144 0.643758 -1.11472 419.706 0 0
1500 52.1034 54.0294 17.8015 -0.114965 0.825895 419.769 0 0
1500 52.4852 23.886 18.023 -0.0381741 0.437336 419.843 0 0
1500 79.7532 10.0356 17.9606 0.295639 0.206907 419.773 0 0
1500 68.3814 -51.8856 17.8102 0.233903 -0.804599 419.765 0 0
1500 93.5665 12.2049 18.1296 0.690125 0.243668 419.802 0 0
1500 92.7363 4.63416 18.0023 0.569892 0.144379 419.972 0 0
1500 67.677 -11.0828 17.9252 0.113268 -0.213696 420.03 0 0
1500 78.6189 19.8273 17.9137 0.312882 0.379283 420.052 0 0
1500 84.1863 -19.2929 18.1635 0.448668 -0.309938 420.085 0 0
1500 -53.3278 -40.6737 17.9475 -1.81872 -0.704576 420.088 0 0
1500 36.4027 -57.578 17.9633 -0.356879 -0.898738 420.229 0 0
1500 66.2689 -1.045 18.3067 0.229514 -0.0433088 420.255 0 0
1500 -4.83354 -11.908 17.783 -0.928196 -0.241512 420.173 0 0
1500 80.7815 -7.36521 17.8933 0.435069 -0.104172 420.244 0 0
1500 61.3525 27.2572 18.2748 0.0496568 0.5282 420.199 0 0
1500 119.2 3.20894 17.8022 0.939173 0.0304226 420.298 0 0
1500 106.513 -5.03986 17.8649 0.814055 -0.0818764 420.262 0 0
1500 111.739 -9.55594 18.068 0.941717 -0.210184 420.286 0 0
1500 88.9267 11.7203 18.0872 0.497548 0.214758 420.433 0 0
1500 72.0991 24.4343 18.0377 0.28323 0.357513 420.48 0 0
1500 108.875 -2.84683 18.1614 0.863207 -0.00632136 420.595 0 0
1500 115.162 -9.38075 17.9508 0.939901 -0.149495 420.673 0 0
1500 -4.40231 -4.41077 17.8454 -0.993666 -0.0486537 420.902 0 0
1500 55.5012 30.005 17.8222 -0.0946106 0.519019 420.791 0 0
1500 116.123 48.8944 17.8532 0.938648 0.848571 420.904 0 0
1500 88.1598 26.0813 18.0201 0.451605 0.501827 420.879 0 0
1500 124.263 -2.31077 18.2281 1.1433 0.00672547 421.087 0 0
1500 107.946 -0.0176671 17.9025 0.775882 -0.016458 421.107 0 0
1500 96.6674 15.1444 18.4852 0.726487 0.230313 421.107 0 0
1500 103.01 33.7027 17.8942 0.756754 0.518035 420.988 0 0
1500 112.513 14.2605 17.8939 0.898005 0.227102 421.051 0 0
1500 48.6324 -15.042 18.0155 -0.191242 -0.259756 421.122 0 0
1500 100.458 25.8454 17.921 0.628258 0.462022 421.31 0 0
1500 82.8365 7.53156 18.011 0.409259 0.208465 421.229 0 0
1500 88.1324 -19.4007 18.4879 0.568892 -0.443811 421.323 0 0
1500 69.226 -32.5856 17.8735 0.216533 -0.492008 421.551 0 0
1500 76.8295 8.71632 17.88 0.32017 0.0797841 421.935 0 0
1500 6.24704 39.7977 17.824 -0.807579 0.598317 421.677 0 0
1500 83.1534 5.51438 18.6289 0.548418 0.078363 421.666 0 0
1500 45.1616 47.753 17.8132 -0.250817 0.782089 421.721 0 0
1500 58.8288 -31.9642 17.8144 0.0434808 -0.564834 421.739 0 0
1500 107.091 -33.9932 17.9881 0.789233 -0.565155 422.109 0 0
1500 96.1692 47.3603 18.178 0.678481 0.87342 422.133 0 0
1500 61.8112 -20.8421 18.2501 0.0374993 -0.312152 422.201 0 0
1500 53.1214 23.3187 17.9151 -0.139754 0.369402 422.171 0 0
1500 98.0052 4.29773 18.6239 0.759071 0.05999 422.29 0 0
1500 71.1842 3.67191 18.8136 0.305209 0.112333 422.386 0 0
1500 66.2838 -8.27029 17.979 0.147883 -0.179303 422.429 0 0
1500 67.0241 -13.9376 18.5228 0.238102 -0.242671 422.578 0 0
1500 94.6104 -10.6923 17.8899 0.557846 -0.202287 422.605 0 0
1500 97.7777 38.5052 17.9127 0.685669 0.583066 422.547 0 0
1500 107.085 -28.429 17.8453 0.805826 -0.384493 422.549 0 0
1500 83.718 6.03123 18.3716 0.462797 0.0374612 422.691 0 0
1500 48.0264 66.7197 17.8613 -0.125585 1.03865 422.771 0 0
1500 99.9491 1.56681 18.355 0.748156 0.0702848 422.74 0 0
1500 60.9684 10.391 18.7123 0.0927265 0.187788 422.755 0 0
1500 110.435 21.3788 17.8439 0.853449 0.368173 422.788 0 0
1500 -14.1257 38.7948 17.8028 -1.0734 0.661462 422.873 0 0
1500 27.5772 -10.4971 18.1093 -0.500971 -0.13742 422.939 0 0
1500 52.1071 -28.1978 17.8458 -0.0314296 -0.488353 422.903 0 0
1500 130.615 -45.1589 17.8539 1.12388 -0.796757 422.962 0 0
1500 33.9611 -33.7832 17.8961 -0.435 -0.618319 423.043 0 0
1500 124.634 -2.36745 17.8951 1.04628 -0.0206514 423.149 0 0
1500 93.2608 28.4005 18.0002 0.633549 0.436811 423.189 0 0
1500 78.726 -32.1834 17.8397 0.29085 -0.577453 423.168 0 0
1500 79.1042 39.5205 18.144 0.416401 0.642899 423.237 0 0
1500 31.163 19.7672 18.0329 -0.516787 0.306667 423.249 0 0
1500 123.567 -16.3578 17.8698 1.06216 -0.341754 423.421 0 0
1500 44.4015 37.4768 17.9317 -0.22499 0.568718 423.482 0 0
1500 97.4157 17.022 17.8388 0.668909 0.214411 423.441 0 0
1500 23.2511 -6.62197 17.9243 -0.58149 -0.155857 423.51 0 0
1500 58.6736 28.9806 17.8674 -0.0622723 0.470664 423.489 0 0
1500 49.568 -46.3905 17.9247 -0.114077 -0.714954 423.541 0 0
1500 63.5179 -3.51863 18.1513 0.121688 0.0193538 423.601 0 0
1500 75.0354 14.3406 18.0593 0.233095 0.271659 423.595 0 0
1500 -20.6166 -0.358817 17.929 -1.31932 -0.0801909 423.602 0 0
1500 79.395 -21.5738 17.86 0.365405 -0.314786 423.65 0 0
1500 25.8722 59.0876 17.8918 -0.481225 0.931289 423.723 0 0
1500 124.86 3.64538 17.8218 1.04419 0.0153691 423.681 0 0
1500 133.519 33.4202 17.9476 1.28549 0.52134 423.763 0 0
1500 92.262 15.4797 17.8357 0.556848 0.171074 423.838 0 0
1500 79.0579 0.948736 18.3512 0.393194 0.0896494 423.807 0 0
1500 54.1501 -19.2801 17.9504 -0.12274 -0.313362 423.904 0 0
1500 53.472 12.5806 17.9429 -0.0984574 0.221873 424.163 0 0
1500 102.538 -45.8764 17.7973 0.694648 -0.752132 424.165 0 0
1500 66.362 -62.9178 17.7974 0.154569 -1.00769 424.094 0 0
1500 49.5465 40.5622 17.9719 -0.112954 0.698675 424.095 0 0
1500 66.7142 24.0244 17.8818 0.0681253 0.403944 424.161 0 0
1500 53.1242 7.27528 18.4429 -0.099894 0.22692 424.106 0 0
1500 89.4796 38.3914 17.86 0.511816 0.550798 424.207 0 0
1500 121.751 -15.0815 17.9085 1.02097 -0.218087 424.21 0 0
1500 69.9125 4.28745 18.0279 0.283719 0.0862638 424.235 0 0
1500 107.674 4.39933 18.5941 0.975557 0.113202 424.242 0 0
1500 115.819 20.1072 17.8384 0.891889 0.30294 424.323 0 0
1500 -8.69892 -16.2399 17.8077 -1.02766 -0.185088 424.521 0 0
1500 81.6342 -58.2249 17.8849 0.420286 -0.914147 424.372 0 0
1500 74.1 42.3725 17.932 0.286288 0.723365 424.515 0 0
1500 37.2334 28.5843 17.824 -0.388933 0.398806 424.354 0 0
1500 60.8587 -1.38222 18.0181 0.077173 -0.0990956 424.672 0 0
1500 76.4785 -4.31653 18.7806 0.429454 -0.0263368 424.822 0 0
1500 48.8272 66.4854 17.8086 -0.186374 1.02049 424.745 0 0
1500 37.5473 -63.9419 17.7968 -0.273044 -1.01132 424.866 0 0
1500 125.54 18.4008 17.7968 1.02725 0.20558 424.875 0 0
1500 91.9836 -2.10655 18.1751 0.602105 -0.0970485 424.755 0 0
1500 54.6421 -9.32253 17.896 -0.107631 -0.194447 424.897 0 0
1500 -7.66839 8.23034 17.8486 -1.02789 0.167329 424.961 0 0
1500 -17.3294 -69.1941 17.9312 -1.28108 -1.12954 424.984 0 0
1500 118.343 25.3917 17.9321 0.97613 0.356372 425.12 0 0
1500 67.101 22.0968 18.1156 0.113142 0.383554 425.116 0 0
1500 79.5081 4.72437 18.0447 0.447366 0.0539013 425.068 0 0
1500 114.122 4.02282 17.8376 0.850906 0.0166174 425.439 0 0
1500 121.231 -14.8018 17.932 1.01653 -0.236153 425.268 0 0
1500 81.6812 -12.6756 18.5002 0.511502 -0.179364 425.538 0 0
1500 117.95 -20.521 17.9411 0.938651 -0.373625 425.14 0 0
1500 62.3987 59.7286 17.9326 0.0605839 0.970628 425.494 0 0
1500 53.7704 24.3365 18.115 -0.0918392 0.417727 425.159 0 0
1500 80.0713 26.4264 18.1118 0.311367 0.448312 425.382 0 0
1500 43.743 -1.56516 18.2318 -0.23586 0.00857777 425.446 0 0
1500 96.6439 19.0745 17.8465 0.620231 0.368174 425.426 0 0
1500 125.95 27.015 17.8317 1.13412 0.385598 425.324 0 0
1500 37.5399 25.6467 17.9301 -0.407152 0.390726 425.587 0 0
1500 121.166 -39.1873 18.672 1.22427 -0.716078 425.536 0 0
1500 98.7726 26.2146 17.9194 0.646969 0.378879 425.787 0 0
1500 10.7916 40.1828 17.8149 -0.729495 0.627981 425.772 0 0
1500 -6.40001 -2.91168 17.8137 -0.978348 0.00953477 425.62 0 0
1500 113.384 -35.8817 17.8846 0.874017 -0.567571 425.917 0 0
1500 1.20358 25.08 17.8454 -0.923868 0.395556 425.818 0 0
1500 38.4635 44.0652 17.8654 -0.256474 0.742531 425.803 0 0
1500 100.656 20.2299 17.8651 0.698396 0.376256 425.836 0 0
1500 36.9547 13.598 17.9338 -0.421347 0.180942 425.836 0 0
1500 117.022 34.4845 17.8223 0.934952 0.465844 425.995 0 0
1500 84.8646 14.0848 18.7545 0.492152 0.247421 426.064 0 0
1500 43.934 22.3813 18.0744 -0.195544 0.367076 426.196 0 0
1500 121.244 21.4237 17.8114 0.94027 0.396237 426.134 0 0
1500 -1.96437 -0.236475 17.8061 -0.971795 -0.048629 426.174 0 0
1500 107.99 1.03502 17.9802 0.828895 -0.0434806 425.974 0 0
1500 76.443 3.19247 18.0454 0.38318 0.0750179 426.207 0 0
1500 77.9393 -59.179 17.8931 0.329848 -1.04467 426.035 0 0
1500 81.208 -19.2913 18.5939 0.480437 -0.332891 426.236 0 0
1500 100.788 39.1577 18.005 0.73817 0.60686 426.326 0 0
1500 83.7302 28.9461 17.97 0.483192 0.457799 426.228 0 0
1500 66.8304 -24.3704 17.8897 0.179486 -0.358384 426.44 0 0
1500 96.9115 50.5888 17.8812 0.628198 0.799095 426.406 0 0
1500 45.414 7.96349 17.9044 -0.154954 0.177016 426.559 0 0
1500 36.9519 53.7904 17.8588 -0.276583 0.88199 426.535 0 0
1500 80.3104 62.0217 17.8651 0.415269 0.983071 426.559 0 0
1500 60.1447 29.5493 18.0634 0.105687 0.517881 426.546 0 0
1500 120.437 26.9899 17.84 1.0357 0.380911 426.533 0 0
1500 90.6487 45.1563 17.9978 0.590542 0.794764 426.558 0 0
1500 80.2419 1.63423 17.9343 0.383214 0.0354563 426.762 0 0
1500 112.708 -10.7714 17.8766 0.848389 -0.134208 426.783 0 0
1500 122.246 14.9404 17.846 1.00285 0.260604 426.866 0 0
1500 108.082 -42.4002 17.823 0.790583 -0.667327 426.972 0 0
1500 77.3012 63.8014 17.9283 0.278735 1.01044 426.905 0 0
1500 100.095 35.6416 18.1187 0.675561 0.608846 426.917 0 0
1500 44.8634 -25.4931 17.8008 -0.139646 -0.429564 426.966 0 0
1500 114.497 -33.2121 17.9384 0.961673 -0.493078 426.819 0 0
1500 26.4756 14.0682 17.8408 -0.519454 0.290484 426.666 0 0
1500 90.5925 -56.8097 17.8236 0.532859 -0.876041 427.16 0 0
1500 64.2703 -60.7001 17.8713 0.0414301 -0.963886 427.133 0 0
1500 44.7976 70.4565 17.9318 -0.156504 1.19116 427.128 0 0
1500 63.9726 -74.3494 17.8141 0.0982219 -1.15314 427.311 0 0
1500 119.933 39.8161 17.8163 0.930452 0.677193 427.374 0 0
1500 9.41293 -25.8323 17.9084 -0.801571 -0.408255 427.228 0 0
1500 43.8544 51.2658 17.9135 -0.224163 0.852776 427.245 0 0
1500 117.276 -24.7312 17.8248 0.918424 -0.405414 427.482 0 0
1500 102.601 24.8612 18.2394 0.741037 0.443558 427.432 0 0
1500 20.8757 -45.0689 17.9065 -0.625156 -0.697683 427.478 0 0
1500 112.531 6.61759 18.029 0.867542 0.136039 427.783 0 0
1500 99.4056 5.96198 17.8655 0.638586 0.126058 427.824 0 0
1500 124.533 10.8047 17.7984 1.01837 0.219341 427.657 0 0
1500 105.264 20.5299 18.0007 0.808856 0.281704 427.666 0 0
1500 62.4518 -17.6705 18.2449 0.162951 -0.334361 427.766 0 0
1500 59.1379 -27.1869 17.8403 -0.0495185 -0.465492 427.697 0 0
1500 26.9047 -58.9074 17.8787 -0.455863 -0.935891 427.983 0 0
1500 99.8138 -33.763 17.8653 0.639755 -0.59149 427.973 0 0
1500 76.7638 1.09004 17.9197 0.362629 -0.0315506 427.936 0 0
1500 0.703343 -33.2307 17.8256 -0.863267 -0.554161 428.114 0 0
1500 46.9057 -63.508 17.9034 -0.219695 -0.988499 428.179 0 0
1500 58.8132 3.62434 18.3867 0.00916799 0.0514138 428.269 0 0
1500 89.3543 -38.6248 18.6448 0.626009 -0.735723 428.228 0 0
1500 119.927 20.1907 18.0001 0.995722 0.312894 428.312 0 0
1500 119.022 13.7144 17.9679 1.00483 0.170753 428.322 0 0
1500 73.7406 -32.9301 18.1346 0.32543 -0.562433 428.367 0 0
1500 77.0136 -4.15558 17.8757 0.321496 -0.0156229 428.529 0 0
1500 77.0969 -54.4552 17.8311 0.329374 -0.825862 428.467 0 0
1500 -6.35195 12.7842 17.9011 -1.0197 0.174439 428.599 0 0
1500 46.1384 -19.0178 18.3777 -0.179059 -0.314962 428.542 0 0
1500 52.6178 -29.2591 18.1141 -0.0384585 -0.524721 428.635 0 0
1500 82.8167 -4.44758 17.8588 0.425713 -0.137857 428.484 0 0
1500 132.651 31.8318 17.9852 1.24403 0.558996 428.591 0 0
1500 87.5718 -24.7302 18.0465 0.556597 -0.380976 428.772 0 0
1500 115.436 31.3089 18.0159 0.972331 0.585715 428.781 0 0
1500 52.4222 -6.518 18.0346 -0.118825 -0.115063 428.901 0 0
1500 98.7925 -31.2764 17.8352 0.636204 -0.490268 428.932 0 0
1500 -4.58954 23.9187 17.9005 -0.988699 0.338408 428.925 0 0
1500 20.9632 54.3816 17.905 -0.558283 0.878258 428.884 0 0
1500 117.211 -9.96084 18.1126 1.02425 -0.216419 428.982 0 0
1500 102.093 -9.46345 18.2316 0.751162 -0.239588 428.871 0 0
1500 -10.2146 -8.69961 17.9097 -1.0676 -0.124723 429.274 0 0
1500 125.16 8.33175 17.8357 1.04593 0.0693576 429.115 0 0
1500 55.9419 -48.6678 17.7903 0.0292853 -0.758377 429.263 0 0
1500 25.3615 -54.8729 17.8574 -0.487015 -0.896335 429.237 0 0
1500 88.794 -25.2154 17.8421 0.489317 -0.400276 429.574 0 0
1500 110.551 -7.75307 17.9767 0.833781 -0.113257 429.508 0 0
1500 58.2701 -26.3343 18.4025 0.0463098 -0.465598 429.553 0 0
1500 130.395 56.4067 18.0043 1.22528 0.898884 429.603 0 0
1500 182.738 8.57014 17.8754 2.03295 0.126538 429.589 0 0
1500 59.3847 4.35592 17.8343 0.00742407 0.146041 429.564 0 0
1500 79.3792 3.476 18.2553 0.393938 0.138803 429.47 0 0
1500 89.7163 -15.6435 18.381 0.60532 -0.333465 429.619 0 0
1500 79.0148 -13.4979 19.1825 0.368488 -0.34422 429.473 0 0
1500 81.8902 18.2046 18.2183 0.382847 0.316854 429.629 0 0
1500 85.9696 -42.1121 18.1018 0.465166 -0.710183 429.695 0 0
1500 26.1575 -41.7879 17.8447 -0.449826 -0.707464 429.639 0 0
1500 66.1816 -11.3204 18.2208 0.217802 -0.183075 430.111 0 0
1500 75.5746 36.895 17.9477 0.241588 0.585855 430.202 0 0
1500 85.2105 -5.69141 18.3869 0.528509 -0.0267702 429.894 0 0
1500 107.58 -72.7743 17.9277 0.789635 -1.15496 430.135 0 0
1500 46.2907 -2.24312 18.0129 -0.198655 -0.10195 429.864 0 0
1500 50.4764 -18.3888 17.8508 -0.0510072 -0.301104 430.239 0 0
1500 82.4423 4.16192 18.0309 0.406136 0.110333 430.379 0 0
1500 55.7984 39.6618 17.9927 -0.0691077 0.661388 430.284 0 0
1500 50.8066 58.3869 17.86 -0.0624392 0.898397 430.449 0 0
1500 68.3135 42.8425 17.9906 0.122667 0.70834 430.456 0 0
1500 89.3426 32.1164 17.7939 0.514066 0.430263 430.602 0 0
1500 49.8198 64.9878 17.821 -0.147773 1.01908 430.608 0 0
1500 34.049 -16.8754 18.0363 -0.361713 -0.281997 430.667 0 0
1500 58.1676 -8.57453 17.8376 0.0641589 -0.148364 430.724 0 0
1500 38.4766 -14.0985 17.8696 -0.338606 -0.179987 430.74 0 0
1500 89.5673 41.6161 18.1144 0.534034 0.684701 430.769 0 0
1500 82.2944 9.67179 18.2988 0.398474 0.214302 431.047 0 0
1500 96.0381 -59.8994 17.7954 0.590683 -0.970069 431.038 0 0
1500 45.0566 16.1216 18.4533 -0.186229 0.264718 430.798 0 0
1500 103.779 19.6738 17.8544 0.778995 0.319139 430.951 0 0
1500 102.441 17.7265 17.8188 0.671595 0.349789 430.693 0 0
1500 87.0974 14.792 17.8506 0.506607 0.17343 430.894 0 0
1500 29.9343 -39.5243 17.9363 -0.511949 -0.598113 430.919 0 0
1500 72.1674 -4.4744 18.5702 0.228665 -0.0240925 430.915 0 0
1500 76.781 -9.44942 18.6616 0.407625 -0.158327 431.567 0 0
1500 93.4162 3.07799 17.7974 0.568548 0.00823372 431.172 0 0
1500 19.4591 49.0795 17.8241 -0.58585 0.777799 431.347 0 0
1500 123.323 -20.9948 17.8204 1.01591 -0.256873 431.155 0 0
1500 42.1804 -64.51 17.8339 -0.198368 -1.02462 431.611 0 0
1500 57.4567 60.7012 17.9427 2.82263e-05 0.985072 431.247 0 0
1500 238.956 -18.4185 17.8026 2.79296 -0.291636 431.314 0 0
1500 61.2937 -76.5939 17.9795 0.0450561 -1.27208 431.173 0 0
1500 117.667 -7.92701 18.337 1.06188 -0.162217 431.47 0 0
1500 62.4803 -6.82463 17.9373 0.0662306 -0.182937 431.454 0 0
1500 73.2013 10.4668 17.8327 0.313402 0.155057 431.283 0 0
1500 71.8943 -6.32224 17.9012 0.18004 -0.163475 431.571 0 0
1500 97.1357 13.4132 18.0398 0.677262 0.2096 431.706 0 0
1500 27.7548 -53.8058 17.8197 -0.490719 -0.876754 431.705 0 0
1500 77.6473 26.4906 18.2341 0.310815 0.466905 431.721 0 0
1500 16.3985 -23.3217 17.8566 -0.703324 -0.393935 431.745 0 0
1500 84.7012 -1.75229 18.0279 0.512229 -0.0138232 431.686 0 0
1500 29.4202 1.59822 17.9739 -0.501833 0.0212086 431.718 0 0
1500 67.4214 -3.45522 18.0501 0.217161 -0.0771521 431.877 0 0
1500 74.9572 8.23622 18.0485 0.321874 0.0846498 431.763 0 0
1500 48.2177 21.1382 17.9398 -0.193056 0.310891 432.255 0 0
1500 55.4853 49.2666 17.9188 -0.0440586 0.765581 432.124 0 0
1500 70.5623 -18.3825 17.8024 0.23713 -0.298463 431.774 0 0
1500 76.9014 26.503 18.6111 0.376379 0.46767 431.835 0 0
1500 28.9321 -51.9228 17.9888 -0.452802 -0.844593 432.045 0 0
1500 32.7766 49.2317 17.9857 -0.387696 0.814495 431.788 0 0
1500 101.758 24.369 18.1036 0.76172 0.402968 432.19 0 0
1500 67.5736 -35.596 18.1381 0.187655 -0.618409 431.792 0 0
1500 90.9807 -36.076 17.9859 0.579014 -0.598412 432.214 0 0
1500 28.2406 -42.4339 17.8825 -0.451432 -0.72414 432.23 0 0
1500 42.6445 21.4074 17.899 -0.254285 0.345884 432.376 0 0
1500 28.6896 -54.7658 17.9869 -0.454199 -0.88292 432.374 0 0
1500 61.6697 39.3434 17.9902 0.0907692 0.678758 432.437 0 0
1500 74.8938 -42.9831 18.0037 0.353307 -0.695298 432.458 0 0
1500 69.0738 19.6702 17.9229 0.226981 0.259854 432.62 0 0
1500 66.621 -6.16118 18.0852 0.139754 -0.153577 432.628 0 0
1500 34.1578 17.4713 18.0766 -0.349028 0.293582 432.709 0 0
1500 85.2416 -41.2457 17.8645 0.423499 -0.648515 432.576 0 0
1500 120.958 -9.06381 17.8252 0.960029 -0.0788659 432.631 0 0
1500 53.5304 -52.8399 18.0891 -0.0418864 -0.870807 432.804 0 0
1500 111.494 -29.6936 17.8468 0.86784 -0.397903 432.647 0 0
1500 56.8674 5.88389 18.2389 -0.0371999 0.114724 432.811 0 0
1500 122.1 29.6018 18.2063 1.11736 0.543732 432.706 0 0
1500 68.645 17.8872 18.4407 0.169181 0.355136 432.856 0 0
1500 22.5594 -47.8606 17.8771 -0.532559 -0.798576 432.92 0 0
1500 28.9041 -36.8256 18.0802 -0.531216 -0.572676 432.964 0 0
1500 110.5 -13.1747 18.154 0.891881 -0.234406 433.324 0 0
1500 86.7029 -53.5901 17.8758 0.435135 -0.882222 433.14 0 0
1500 2.98394 -2.02 17.8812 -0.874311 -0.0938757 433.198 0 0
1500 61.1846 48.3938 18.3995 0.108176 0.88191 433.162 0 0
1500 60.4658 23.1072 18.067 0.0996899 0.377465 433.681 0 0
1500 103.75 -32.2646 18.0685 0.756118 -0.548072 433.65 0 0
1500 60.4544 -57.613 17.9134 0.0335325 -0.944336 433.549 0 0
1500 41.9888 38.3489 17.8914 -0.287976 0.650659 433.629 0 0
1500 113.944 39.0894 18.262 1.08263 0.691231 433.894 0 0
1500 115.641 -2.69231 17.955 0.905553 -0.0149949 433.933 0 0
1500 62.5967 66.7406 17.8416 0.124551 1.03983 434.094 0 0
1500 70.3746 55.3406 18.0499 0.235602 0.902791 434.001 0 0
1500 77.9056 -7.48745 18.5183 0.447927 -0.158928 434.159 0 0
1500 103.832 34.8021 18.3605 0.801805 0.64581 434.016 0 0
1500 115.756 -1.9915 18.21 1.0901 -0.0695387 434.162 0 0
1500 87.0043 21.5593 17.8418 0.457094 0.354671 434.441 0 0
1500 120.257 3.1533 18.0062 1.02072 0.059478 434.194 0 0
1500 32.4626 3.6663 18.2982 -0.398224 0.08365 434.237 0 0
1500 57.1265 -37.9209 18.1306 0.0328761 -0.65356 434.284 0 0
1500 59.6802 -39.0309 18.1299 0.0717187 -0.669887 434.342 0 0
1500 77.9106 -28.191 18.0484 0.2891 -0.49558 434.393 0 0
1500 83.329 73.1926 17.9572 0.47948 1.21891 434.312 0 0
1500 -103.023 23.8937 17.8604 -2.66644 0.443263 434.283 0 0
1500 121.003 16.9172 17.8812 0.990425 0.284834 434.639 0 0
1500 79.4372 -22.9563 18.1535 0.389187 -0.360207 434.767 0 0
1500 5.33608 23.8205 17.881 -0.838341 0.419747 434.73 0 0
1500 63.7606 63.6603 18.2811 0.155433 1.12752 434.685 0 0
1500 121.965 11.0642 18.0047 1.03352 0.174735 435.012 0 0
1500 127.832 19.7319 17.9577 1.10191 0.338534 435.025 0 0
1500 36.6161 -28.6518 17.9609 -0.292921 -0.516204 435.006 0 0
1500 35.1321 -33.8891 17.8092 -0.435679 -0.513577 435.005 0 0
1500 36.4555 -10.9647 18.0637 -0.391238 -0.219533 435.024 0 0
1500 62.3712 -22.5263 18.2444 0.145301 -0.367064 435.163 0 0
1500 123.481 -70.6459 18.0061 1.10684 -1.3026 435.168 0 0
1500 86.5236 -62.4177 17.8013 0.362558 -0.975568 435.428 0 0
1500 58.2133 8.56807 18.173 0.0331822 0.207406 435.492 0 0
1500 66.864 -16.122 18.1187 0.161959 -0.291136 435.859 0 0
1500 48.2504 -23.295 18.1227 -0.103 -0.390881 435.875 0 0
1500 130.094 20.1832 17.8241 1.07869 0.355464 435.634 0 0
1500 92.6838 -0.909358 18.4482 0.663615 -0.00425683 435.894 0 0
1500 112.38 37.8597 17.9561 0.88326 0.598248 435.602 0 0
1500 -9.74711 -30.007 17.8923 -1.06372 -0.48851 435.65 0 0
1500 73.0957 16.3488 18.479 0.3233 0.320318 435.707 0 0
1500 88.328 -24.3489 18.214 0.548318 -0.433192 435.842 0 0
1500 92.6222 45.0698 17.8082 0.519377 0.762664 435.865 0 0
1500 90.4236 -15.3997 18.0497 0.595729 -0.206553 435.669 0 0
1500 141.83 17.4192 17.8632 1.41918 0.279819 435.738 0 0
1500 76.5214 -107.984 17.8538 0.237862 -1.79523 435.964 0 0
1500 90.5532 -33.1964 18.2059 0.667651 -0.580582 435.611 0 0
1500 95.7484 5.14301 18.3795 0.652968 0.0801331 436.377 0 0
1500 93.6154 -8.40216 18.3697 0.605575 -0.171365 436.036 0 0
1500 120.501 0.78022 18.0079 0.992554 0.0235142 436.353 0 0
1500 100.337 18.3904 18.1401 0.742111 0.266431 436.013 0 0
1500 86.1852 -43.7359 17.9496 0.464402 -0.737252 436.03 0 0
1500 90.7151 12.3469 18.1925 0.609792 0.225687 436.149 0 0
1500 69.9397 36.3161 18.067 0.270604 0.605431 436.068 0 0
1500 96.5236 -8.11104 17.9224 0.632301 -0.19703 436.341 0 0
1500 67.8831 5.15691 17.8564 0.167201 0.158229 436.432 0 0
1500 -7.31475 9.95441 17.8277 -1.03899 0.122087 436.636 0 0
1500 72.3966 -17.7301 18.1053 0.329962 -0.293617 436.681 0 0
1500 64.6884 -6.35023 18.413 0.132798 -0.148701 437.747 0 0
1500 44.4018 -0.465659 18.0035 -0.220371 0.0410504 437.281 0 0
1500 104.947 -15.2296 17.83 0.736721 -0.230325 436.759 0 0
1500 85.6476 -43.5159 17.8852 0.395408 -0.688984 437.142 0 0
1500 112.116 -32.4933 17.9633 0.878109 -0.531791 436.756 0 0
1500 -7.73536 -2.30207 17.8605 -1.04435 -0.0388339 437.447 0 0
1500 80.1313 -61.2474 17.9405 0.362808 -0.977173 437.783 0 0
1500 46.9997 -53.9627 17.9121 -0.129084 -0.890081 437.341 0 0
1500 51.555 -17.4222 18.2158 -0.0565512 -0.342874 437.299 0 0
1500 81.4147 29.0758 18.2129 0.383924 0.515166 437.767 0 0
1500 22.8066 31.8903 18.0356 -0.58548 0.484864 437.83 0 0
1500 136.085 29.8716 18.0352 1.29497 0.514994 437.704 0 0
1500 72.3716 16.7493 17.9368 0.209758 0.333753 437.657 0 0
1500 111.707 24.073 17.8846 0.911384 0.327269 436.842 0 0
1500 69.7266 46.501 17.9889 0.266991 0.792092 437.511 0 0
1500 130.237 -58.0554 17.8787 1.24938 -0.93927 437.338 0 0
1500 131.338 -0.404195 18.0035 1.2543 -0.0888904 437.339 0 0
1500 49.3179 -36.8016 18.364 -0.129387 -0.739153 437.453 0 0
1500 67.6087 -18.9831 17.9348 0.118122 -0.329155 438.147 0 0
1500 74.5528 27.884 18.3097 0.337445 0.504041 438.137 0 0
1500 127.758 -86.6929 17.9597 1.17026 -1.40398 437.917 0 0
1500 84.3763 -0.954994 18.3895 0.51397 0.0577228 438.049 0 0
1500 88.5009 -13.7183 18.3773 0.58783 -0.308445 438.126 0 0
1500 73.3167 -30.7644 18.1018 0.236124 -0.496096 438.444 0 0
1500 61.4695 -54.7599 17.9268 0.0612382 -0.850243 438.378 0 0
1500 100.42 51.6009 17.8154 0.690968 0.748485 438.423 0 0
1500 74.4149 -10.3386 18.3802 0.37299 -0.211175 438.457 0 0
1500 44.7255 -12.2142 18.1643 -0.166132 -0.263111 438.549 0 0
1500 85.1629 15.0314 17.9966 0.485786 0.293067 438.285 0 0
1500 97.1468 10.7073 17.9429 0.670668 0.220638 438.276 0 0
1500 61.5999 29.5261 17.8778 0.0702114 0.535646 438.265 0 0
1500 48.4984 1.2033 18.2015 -0.189376 0.0373668 438.363 0 0
1500 92.9926 20.5396 17.9379 0.571919 0.272922 438.747 0 0
1500 50.9242 66.2161 17.7944 -0.178859 0.974056 439.298 0 0
1500 -1.65953 -25.9411 17.7929 -0.948218 -0.367802 438.952 0 0
1500 8.90631 26.7347 17.9122 -0.809289 0.411869 438.783 0 0
1500 112.882 -26.7494 17.8473 0.815383 -0.478914 439.078 0 0
1500 85.2485 -11.1358 18.1597 0.451484 -0.245323 438.893 0 0
1500 78.339 53.2892 17.8395 0.358815 0.867218 439.192 0 0
1500 70.0799 45.254 17.924 0.171477 0.765028 438.653 0 0
1500 81.7866 -10.0531 18.0351 0.463459 -0.143581 439.321 0 0
1500 59.6517 18.413 17.8606 0.0682489 0.350188 439.166 0 0
1500 82.4982 -6.68705 17.984 0.459107 -0.150268 439.111 0 0
1500 -72.4841 50.3791 17.8476 -2.11823 0.83226 439.003 0 0
1500 -18.5366 51.3868 17.9182 -1.29589 0.822763 439.256 0 0
1500 5.56384 -34.1725 17.928 -0.915043 -0.529375 439.318 0 0
1500 64.1295 16.8676 18.1611 0.102123 0.298512 439.432 0 0
1500 101.121 -34.7543 17.8088 0.654017 -0.607465 439.45 0 0
1500 103.817 40.6801 18.5923 0.960645 0.824849 439.415 0 0
1500 92.3389 -29.4642 18.0311 0.54711 -0.564414 439.482 0 0
1500 97.2246 -38.4059 18.026 0.656533 -0.609109 439.588 0 0
1500 109.052 24.5198 17.8629 0.79047 0.448355 439.633 0 0
1500 51.7861 15.7917 18.2305 -0.119869 0.238178 439.597 0 0
1500 95.4778 -3.96297 18.5128 0.647158 -0.0964754 440.786 0 0
1500 83.1461 1.72244 18.4536 0.492256 0.0323204 440.231 0 0
1500 37.0814 -26.6903 17.8503 -0.359684 -0.399795 440.387 0 0
1500 83.6497 6.71272 17.9787 0.436917 0.0648139 441.386 0 0
1500 113.195 11.0343 17.9152 0.851059 0.132921 441.397 0 0
1500 116.742 -31.0233 17.9048 0.893499 -0.520796 440.005 0 0
1500 -8.86194 1.99289 17.9069 -1.04775 0.0328609 439.996 0 0
1500 4.72965 -35.5404 17.9068 -0.861077 -0.52562 439.668 0 0
1500 66.9144 -60.8287 17.8362 0.165608 -0.984825 440.278 0 0
1500 118.221 16.2384 17.8593 0.922604 0.319861 440.155 0 0
1500 79.6017 55.2989 17.8596 0.340092 0.909917 440.108 0 0
1500 86.1731 49.3241 17.8616 0.441329 0.823441 439.806 0 0
1500 20.6541 -52.4961 17.8014 -0.564297 -0.86132 440.761 0 0
1500 -8.26032 -11.5332 17.8014 -0.997896 -0.247769 440.732 0 0
1500 110.9 -2.31614 17.9687 0.880196 -0.0810012 440.444 0 0
1500 96.6418 -34.1098 17.9694 0.664855 -0.563361 440.374 0 0
1500 48.1484 -7.78039 18.2452 -0.173595 -0.123557 440.136 0 0
1500 55.4803 30.553 18.2142 0.0170778 0.541294 440.684 0 0
1500 108.322 -14.1863 17.8952 0.850646 -0.210605 440.708 0 0
1500 81.5792 -35.1915 18.3479 0.448202 -0.616507 440.074 0 0
1500 128.903 -42.73 17.8566 1.10746 -0.711294 441.467 0 0
1500 80.9492 21.6684 18.1308 0.438265 0.389963 441.303 0 0
1500 80.8222 11.7584 18.1998 0.460764 0.138167 441.334 0 0
1500 128.253 -2.2542 18.3055 1.23295 -0.0373999 440.051 0 0
1500 48.7766 16.8576 17.8657 -0.0974192 0.327573 440.061 0 0
1500 41.6056 134.016 17.8259 -0.282928 2.17865 440.296 0 0
1500 89.1552 -21.1748 17.8897 0.555368 -0.288947 441.311 0 0
1500 47.401 -30.0484 17.9603 -0.225622 -0.468165 441.454 0 0
1500 63.8097 17.5258 17.8314 0.103692 0.351621 440.922 0 0
1500 42.3298 1.15356 17.849 -0.318352 0.046789 441.448 0 0
1500 52.816 -12.7095 17.9492 -0.083638 -0.285547 440.401 0 0
1500 50.3469 -52.5181 17.9656 -0.209246 -0.912464 439.804 0 0
1500 104.262 -28.8903 18.1875 0.866814 -0.611111 440.188 0 0
1500 49.8446 -4.67886 18.2212 -0.214478 -0.131345 441.218 0 0
1500 76.3527 25.104 18.0536 0.344916 0.375713 442.331 0 0
1500 15.2374 -45.5289 17.8463 -0.633709 -0.727625 442.343 0 0
1500 121.375 9.51788 17.837 0.966454 0.193564 442.307 0 0
1500 10.2603 -19.8851 17.9807 -0.746129 -0.319034 441.641 0 0
1500 109.295 43.2342 17.8553 0.770045 0.710736 441.692 0 0
1500 35.2043 -60.6043 17.8022 -0.337566 -0.957937 442.493 0 0
1500 132.824 -17.8826 17.9419 1.19561 -0.257626 441.805 0 0
1500 57.4874 65.1607 17.9521 0.0232868 1.03783 441.76 0 0
1500 112.108 -40.92 17.8408 0.872402 -0.581179 441.873 0 0
1500 86.0734 58.0368 17.9728 0.450864 0.931918 441.818 0 0
1500 127.582 -34.8966 17.8462 1.09241 -0.557134 442.711 0 0
1500 121.876 7.25021 17.8123 1.02189 0.140365 442.049 0 0
1500 105.717 -44.3354 17.8528 0.768271 -0.707245 442.604 0 0
1500 74.6141 58.062 17.9336 0.291983 0.940719 442.128 0 0
1500 78.5764 33.1621 18.1271 0.400234 0.563069 441.594 0 0
1500 107.231 -15.7667 17.9635 0.804444 -0.304528 442.121 0 0
1500 44.4623 6.54491 18.3937 -0.199522 0.133446 442.651 0 0
1500 25.7601 -40.6956 17.9485 -0.551907 -0.623299 442.446 0 0
1500 105.417 -2.90105 17.8867 0.761313 0.0276451 441.947 0 0
1500 39.4125 17.0806 17.989 -0.342047 0.288012 441.821 0 0
1500 18.6868 2.11907 17.9824 -0.657896 0.0560391 442.304 0 0
1500 30.6589 -5.58692 17.9881 -0.477078 -0.0627466 441.882 0 0
1500 62.6458 6.15482 17.9942 0.0176181 0.119535 441.487 0 0
1500 57.9429 36.6557 17.9191 0.0658808 0.61892 441.96 0 0
1500 42.867 21.3754 17.8354 -0.205943 0.404908 441.752 0 0
1500 39.2263 12.5085 17.8299 -0.350784 0.139285 441.815 0 0
1500 71.1194 -41.9486 17.9206 0.190721 -0.762322 442.667 0 0
1500 53.9557 43.8322 17.9664 -0.142216 0.738706 442.369 0 0
1500 121.004 42.8329 17.965 1.10565 0.752278 442.719 0 0
1500 151.815 25.4297 18.0967 1.65524 0.394826 442.577 0 0
1500 105.394 43.8983 18.1941 0.915618 0.785446 441.614 0 0
1500 35.291 -14.4444 18.3764 -0.413271 -0.191863 442.583 0 0
1500 23.1955 44.4818 18.2988 -0.656938 0.841933 441.88 0 0
1500 57.9802 13.6814 18.0775 0.0793442 0.234456 443.048 0 0
1500 25.1945 -2.48013 18.0447 -0.501309 -0.0353227 444.089 0 0
1500 78.1585 6.27736 18.0457 0.369661 0.108241 444.566 0 0
1500 66.9047 -43.3904 17.8858 0.108296 -0.675788 444.508 0 0
1500 33.2252 27.159 17.9319 -0.359701 0.446997 444.648 0 0
1500 121.961 2.62425 17.9042 1.00652 0.0172711 443.189 0 0
1500 116.555 30.0066 17.9421 0.916985 0.494568 443.484 0 0
1500 108.707 -23.3693 18.162 0.866757 -0.37954 443.485 0 0
1500 113.052 -2.73441 18.1625 0.932582 -0.0723461 443.403 0 0
1500 91.2928 -16.7446 18.6835 0.587304 -0.318984 444.39 0 0
1500 63.8905 -15.6281 18.6921 0.18477 -0.305408 443.747 0 0
1500 6.81286 -37.0666 17.8578 -0.776922 -0.631349 443.315 0 0
1500 97.7505 8.91653 18.3838 0.725145 0.180393 443.904 0 0
1500 6.68684 -19.0812 17.9734 -0.831356 -0.266154 443.156 0 0
1500 8.49895 39.3842 17.9667 -0.792008 0.611221 444.145 0 0
1500 51.6487 60.2723 17.8263 -0.167096 0.941563 443.516 0 0
1500 110.029 -38.9036 17.8131 0.842876 -0.609925 444.781 0 0
1500 24.6738 58.2332 17.8045 -0.454906 0.929672 444.626 0 0
1500 102.383 -45.1119 17.8079 0.61777 -0.738735 443.87 0 0
1500 1.41458 -7.10063 17.8096 -0.916657 -0.162998 443.62 0 0
1500 57.0806 48.0794 17.9692 -0.0459378 0.791423 443.482 0 0
1500 37.2445 45.2009 17.8363 -0.281611 0.761424 443.088 0 0
1500 35.9263 -52.0297 17.9847 -0.313543 -0.860698 444.253 0 0
1500 48.2764 -48.1536 17.961 -0.138396 -0.809531 443.793 0 0
1500 66.9237 -37.7796 18.1534 0.116584 -0.620311 444.02 0 0
1500 84.2991 43.2067 18.0127 0.46353 0.718402 444.501 0 0
1500 52.4323 -40.9601 17.8791 -0.0209297 -0.68365 443.041 0 0
1500 76.5072 40.4215 18.0517 0.329103 0.688816 444.743 0 0
1500 62.1034 7.92373 18.0664 0.111813 0.197652 443.642 0 0
1500 108.581 -30.3557 18.129 0.894771 -0.461846 444.023 0 0
1500 109.973 89.235 17.9488 0.826577 1.45465 443.939 0 0
1500 107.509 11.0395 17.8581 0.809671 0.227941 444.709 0 0
1500 102.56 4.1533 17.857 0.747377 0.0138703 444.559 0 0
1500 65.7476 18.5752 17.9806 0.161494 0.361923 444.181 0 0
1500 77.2348 27.477 17.8384 0.233387 0.470738 443.923 0 0
1500 118.221 -13.9307 17.9011 0.965209 -0.300302 443.138 0 0
1500 67.0856 1.9904 18.0392 0.146596 -0.0440712 444.616 0 0
1500 70.1143 19.3839 17.8369 0.24415 0.356694 444.182 0 0
1500 87.9458 54.5297 17.9102 0.553524 0.895558 444.41 0 0
1500 102.713 18.9981 17.9604 0.720276 0.395103 443.2 0 0
1500 119.921 27.455 17.9751 1.06373 0.532166 443.368 0 0
1500 93.8721 38.111 17.9658 0.609836 0.717869 444.772 0 0
1500 -14.3599 69.013 18.0932 -1.32641 1.15664 444.395 0 0
1500 87.916 -0.0848941 18.2114 0.503564 0.0499735 445.91 0 0
1500 63.6572 -19.8704 17.987 0.15075 -0.318299 446.394 0 0
1500 61.405 -19.6156 17.9873 0.119409 -0.314662 446.415 0 0
1500 78.6703 41.8865 17.9671 0.302505 0.670553 445.982 0 0
1500 54.4917 -64.2242 17.8321 -0.113908 -0.963454 445.973 0 0
1500 121.004 22.7253 17.8134 0.990422 0.304198 445.873 0 0
1500 116.388 34.6725 17.8127 0.930033 0.483336 445.334 0 0
1500 -8.57318 -3.82213 17.8031 -1.04199 -0.110275 445.302 0 0
1500 100.334 -10.865 18.375 0.7777 -0.160475 445.042 0 0
1500 119.992 15.3408 17.98 1.01155 0.214662 445.57 0 0
1500 121.136 15.463 17.879 1.01359 0.194733 445.217 0 0
1500 92.086 -3.33317 18.5756 0.631376 0.0199795 445.633 0 0
1500 13.5945 46.0563 17.8757 -0.699569 0.74906 445.322 0 0
1500 26.93 -51.16 17.8061 -0.524257 -0.829205 445.088 0 0
1500 115.265 -12.6734 18.0386 0.964124 -0.206483 445.384 0 0
1500 76.8897 59.3251 18.0397 0.327028 0.95343 446.33 0 0
1500 91.3374 -24.5653 18.1961 0.627837 -0.371221 445.474 0 0
1500 99.524 -24.4767 18.0231 0.637818 -0.446259 445.825 0 0
1500 33.2656 -8.38601 17.9771 -0.414743 -0.0699319 445.09 0 0
1500 100.414 30.4726 17.9497 0.740939 0.496531 445.498 0 0
1500 66.6403 -12.3517 17.9296 0.18106 -0.261651 445.605 0 0
1500 86.4943 19.7455 17.8502 0.497961 0.360966 446.398 0 0
1500 118.033 -12.107 17.8798 0.946249 -0.269478 446.391 0 0
1500 35.0236 -33.4634 18.0203 -0.43396 -0.553896 445.026 0 0
1500 55.5975 43.8652 18.1657 -0.0910292 0.73337 445.361 0 0
1500 103.003 -38.306 18.02 0.746987 -0.708582 446.501 0 0
1500 123.881 -38.6946 18.1273 1.18988 -0.72223 445.873 0 0
1500 33.4979 -28.2234 18.1668 -0.440177 -0.558339 445.892 0 0
1500 64.8353 -4.16388 18.2147 0.149738 -0.104077 451.174 0 0
1500 63.7801 10.9083 18.2394 0.154577 0.211934 447.467 0 0
1500 74.7944 26.3139 17.965 0.293729 0.421481 446.596 0 0
1500 102.9 -2.78047 18.0585 0.712083 -0.0814158 448.308 0 0
1500 42.2096 -18.4097 17.991 -0.268279 -0.234605 449.162 0 0
1500 83.5303 36.6629 17.8274 0.389444 0.584285 448.255 0 0
1500 100.092 30.29 17.8266 0.662929 0.402682 447.993 0 0
1500 122.938 -6.85905 17.8073 0.985061 -0.0423633 446.618 0 0
1500 119.602 13.0099 17.8084 0.933899 0.245421 446.819 0 0
1500 112.365 -11.0833 17.9015 0.844663 -0.125898 448.162 0 0
1500 75.707 9.42093 18.1775 0.277912 0.198166 450.492 0 0
1500 43.6216 30.8972 17.8471 -0.168181 0.496056 449.086 0 0
1500 88.6809 4.00583 18.4668 0.504556 0.0855404 456.512 0 0
1500 92.659 -56.0492 17.8407 0.573118 -0.853548 446.69 0 0
1500 97.073 -49.2986 17.8435 0.631554 -0.747695 447.348 0 0
1500 118.679 4.73018 18.0254 0.979663 0.0572903 447.563 0 0
1500 2.68579 -61.8887 17.7998 -0.86875 -0.918979 448.379 0 0
1500 91.597 -14.1968 17.843 0.542773 -0.189653 450.176 0 0
1500 48.4241 -65.8253 17.815 -0.0867373 -1.00852 447.886 0 0
1500 75.8498 -9.61462 17.8823 0.309414 -0.115345 452.717 0 0
1500 113.342 36.8366 17.9544 0.851841 0.610926 447.785 0 0
1500 29.336 -4.26206 17.8401 -0.462236 -0.0213276 450.935 0 0
1500 102.949 41.7688 17.9332 0.706567 0.648467 449.652 0 0
1500 64.4561 -59.7884 17.9021 0.107128 -0.929748 449.438 0 0
1500 17.9568 99.8049 17.8227 -0.626203 1.5676 446.598 0 0
1500 91.2224 16.7147 17.8322 0.528727 0.202363 450.904 0 0
1500 113.76 18.288 17.889 0.922073 0.294931 446.642 0 0
1500 85.9553 52.7427 18.0288 0.500996 0.837302 447.292 0 0
1500 95.3072 2.92692 18.0451 0.598196 0.0865813 452.054 0 0
1500 106.357 -15.6329 18.1219 0.835865 -0.206172 446.865 0 0
1500 84.9729 -5.34907 18.1075 0.448314 -0.129417 452.76 0 0
1500 104.801 -31.6455 17.9035 0.764978 -0.538161 446.961 0 0
1500 70.725 -54.9436 17.904 0.249634 -0.891591 446.894 0 0
1500 60.2342 -0.0791222 17.9371 0.110743 -0.00369581 453.139 0 0
1500 84.218 27.2394 18.3073 0.50531 0.468378 447.72 0 0
1500 143.4 19.6254 17.8298 1.34944 0.306478 448.351 0 0
1500 75.986 -42.0201 18.0899 0.335576 -0.707349 447.407 0 0
1500 86.4697 -19.9712 18.0979 0.453208 -0.341832 453.422 0 0
1500 103.736 -39.7512 18.0796 0.741473 -0.659696 448.731 0 0
1500 61.3037 -34.1228 17.9624 0.00318115 -0.519096 452.558 0 0
1500 4.55608 21.7195 17.8908 -0.819937 0.343859 451.427 0 0
1500 29.2905 3.64067 17.9068 -0.456376 0.0835582 452.947 0 0
1500 26.3099 55.5009 17.886 -0.514225 0.835494 450.704 0 0
1500 67.7273 -14.9955 18.2823 0.184056 -0.30129 447.203 0 0
1500 75.8455 12.6615 18.3193 0.354334 0.21687 454.748 0 0
1500 82.9613 21.5978 18.0837 0.415854 0.40874 446.716 0 0
1500 87.4758 8.98243 18.1584 0.568559 0.140299 447.235 0 0
1500 100.789 -0.841636 18.2137 0.756619 0.0455197 446.778 0 0
1500 27.6219 -52.1074 18.0076 -0.46718 -0.846454 448.442 0 0
1500 152.981 -16.1184 17.8105 1.47986 -0.180794 447.656 0 0
1500 86.1832 -17.712 18.0788 0.489126 -0.235066 453.782 0 0
1500 111.046 -6.539 17.8425 0.807198 -0.0429658 452.118 0 0
1500 123.826 -14.125 17.8302 1.03231 -0.157622 449.194 0 0
1500 9.13044 17.2658 17.8534 -0.751683 0.286872 452.256 0 0
1500 29.7659 21.4341 17.9087 -0.493219 0.289422 446.617 0 0
1500 94.0919 18.6395 18.3013 0.677532 0.296768 448.643 0 0
1500 57.7055 8.36628 18.0504 0.0764501 0.155697 454.511 0 0
1500 80.5703 -1.47735 18.044 0.401015 0.00636449 454.29 0 0
1500 73.7733 1.53916 18.0451 0.341921 0.0537399 446.87 0 0
1500 65.6764 64.5642 17.8534 0.118576 1.01406 450.965 0 0
1500 73.4334 26.1878 17.8758 0.222899 0.437412 453.661 0 0
1500 72.4302 7.2946 18.0455 0.206228 0.176753 446.981 0 0
1500 110.004 13.7602 18.0035 0.808755 0.230563 453.769 0 0
1500 86.3589 3.65884 18.1426 0.442703 0.118255 454.869 0 0
1500 50.7639 0.927323 18.1441 -0.0995567 -0.0575753 447.446 0 0
1500 109.706 9.51062 18.0154 0.854438 0.202149 448.919 0 0
1500 82.2635 21.169 17.9549 0.463044 0.350911 447.576 0 0
1500 123.852 6.10411 17.8974 1.02883 0.152092 450.171 0 0
1500 85.9211 56.6179 17.8985 0.468502 0.90731 449.774 0 0
1500 80.0052 22.0504 17.9203 0.356466 0.36674 454.225 0 0
1500 111.048 37.9905 17.8972 0.836995 0.624133 450.312 0 0
1500 52.3989 -1.23255 17.8269 -0.146824 0.0365783 446.743 0 0
1500 12.8073 -11.7323 17.8111 -0.755014 -0.126063 447.901 0 0
1500 77.8956 26.4874 17.8196 0.251788 0.468479 447.224 0 0
1500 58.3415 36.2438 17.8167 -0.0529 0.618548 447.435 0 0
1500 64.5852 23.9718 17.8223 0.0443962 0.4305 447.039 0 0
1500 -7.79842 9.99429 17.7967 -1.02789 0.200354 450.741 0 0
1500 32.1743 31.6847 17.8156 -0.418467 0.498766 453.749 0 0
1500 47.8344 31.6367 17.8195 -0.195968 0.495828 454.071 0 0
1500 121.494 -16.4674 18.0395 1.07506 -0.211396 447.573 0 0
1500 75.9797 10.3758 17.9644 0.236742 0.212636 447.574 0 0
1500 105.454 17.1928 18.3371 0.840039 0.282592 451.011 0 0
1500 96.1002 -12.7206 18.0601 0.628794 -0.185504 455.224 0 0
1500 21.8964 116.763 17.8453 -0.548559 1.87165 448.721 0 0
1500 41.9179 15.6902 17.8946 -0.206592 0.287857 455.384 0 0
1500 118.787 2.63935 18.0467 0.98325 0.0739969 452.333 0 0
1500 -3.73114 49.4429 17.986 -0.999897 0.841355 447.761 0 0
1500 99.8746 -51.1214 17.8135 0.679279 -0.781056 452.45 0 0
1500 118.231 -23.5143 17.8042 0.94828 -0.351596 452.95 0 0
1500 49.3729 -1.79761 17.8808 -0.169328 -0.0710315 456.12 0 0
1500 76.2978 -38.9384 17.9982 0.235687 -0.635657 449.776 0 0
1500 72.4461 17.1008 17.8955 0.246285 0.293074 456.767 0 0
1500 116.566 -12.3947 17.9629 0.960552 -0.145903 451.502 0 0
1500 54.6582 25.5043 18.1711 -0.0271005 0.452505 451.916 0 0
1500 61.3597 41.2817 18.1641 0.0715828 0.674319 453.307 0 0
1500 62.594 6.71761 18.0925 0.154003 0.124391 457.568 0 0
1500 117.783 -8.70457 17.9495 0.977428 -0.0921066 451.731 0 0
1500 39.5708 41.3745 18.1653 -0.342761 0.663941 446.96 0 0
1500 24.5613 -48.554 17.9868 -0.547615 -0.76749 451.553 0 0
1500 185.18 -82.9319 17.868 2.03906 -1.38029 448.503 0 0
1500 42.244 -32.3579 17.8139 -0.230396 -0.578338 449.545 0 0
1500 67.4833 -19.3623 17.821 0.146081 -0.339715 456.489 0 0
1500 50.2637 -7.48326 17.8234 -0.106844 -0.193726 448.894 0 0
1500 73.5338 -59.6583 17.9107 0.31608 -0.992474 448.545 0 0
1500 126.449 56.2674 17.8935 1.14672 0.85956 450.059 0 0
1500 72.1954 -7.35688 18.0609 0.187053 -0.161026 450.358 0 0
1500 92.4965 39.5264 17.8829 0.537204 0.678994 451.348 0 0
1500 84.1901 26.6338 17.8943 0.378286 0.444487 456.934 0 0
1500 72.562 -29.794 18.0381 0.27471 -0.530181 450.912 0 0
1500 52.9505 -25.044 18.0421 -0.0265314 -0.459289 450.622 0 0
1500 86.7078 -44.6406 18.0261 0.48365 -0.74541 452.024 0 0
1500 65.0942 -45.5836 17.9039 0.184149 -0.738308 450.948 0 0
1500 80.7246 -17.4318 17.9321 0.453374 -0.305846 447.018 0 0
1500 75.3682 -34.8962 18.4262 0.364614 -0.622545 449.879 0 0
1500 56.4955 -24.4809 18.0351 -0.00822706 -0.408447 458.09 0 0
1500 87.0965 -53.3193 18.0131 0.448642 -0.871088 452.934 0 0
1500 219.048 7.77554 17.8133 2.50863 0.0849466 452.089 0 0
1500 37.2358 -17.4864 17.8721 -0.355057 -0.265488 457.805 0 0
1500 18.7603 51.9374 17.8493 -0.658454 0.758574 452.98 0 0
1500 10.4152 -43.4539 17.8496 -0.75725 -0.652063 455.319 0 0
1500 96.5773 -4.02518 18.0946 0.678285 -0.00585551 451.626 0 0
1500 92.4075 2.23684 17.8583 0.602428 -0.00491665 450.947 0 0
1500 67.3392 13.6855 17.8668 0.192216 0.155456 458.094 0 0
1500 64.3489 8.62163 18.0791 0.152598 0.167145 460.888 0 0
1500 73.6067 -55.7672 17.8428 0.314658 -0.858021 452.491 0 0
1500 116.892 21.8177 18.021 0.95378 0.424527 450.058 0 0
1500 35.0117 34.0508 18.0075 -0.324965 0.598281 452.171 0 0
1500 69.9811 17.043 18.1133 0.246105 0.299675 457.499 0 0
1500 8.06169 25.2666 17.9653 -0.811195 0.398992 453.479 0 0
1500 42.276 6.68077 17.9851 -0.30134 0.120936 451.788 0 0
1500 86.8765 8.68044 18.4486 0.586175 0.107869 454.074 0 0
1500 111.446 -12.5634 17.8399 0.87153 -0.138369 452.908 0 0
1500 73.6332 21.4163 17.961 0.325928 0.368016 452.051 0 0
1500 105.054 46.3895 17.8 0.720309 0.748146 455.527 0 0
1500 72.6916 0.916499 17.8282 0.260994 0.0850852 451.257 0 0
1500 100.514 50.4379 17.7995 0.659366 0.814816 454.929 0 0
1500 36.8287 63.4465 17.7995 -0.285226 1.00839 454.884 0 0
1500 55.6647 32.543 17.821 -0.00599707 0.576663 451.747 0 0
1500 101.58 -13.9302 18.0652 0.76915 -0.241611 452.892 0 0
1500 61.5589 -25.1834 18.1581 0.113777 -0.41162 460.08 0 0
1500 82.7458 -1.43348 18.3466 0.426013 -0.0823324 460.997 0 0
1500 -44.0933 -115.278 17.8104 -1.53687 -1.83577 453.16 0 0
1500 22.5003 -53.6888 17.9134 -0.546335 -0.833649 457.202 0 0
1500 89.1912 -41.3589 17.9467 0.502712 -0.639521 458.636 0 0
1500 88.6915 -29.8588 17.9497 0.535869 -0.515213 453.338 0 0
1500 0.338485 -33.5887 17.8511 -0.916949 -0.592545 452.763 0 0
1500 78.4105 -48.2633 17.8411 0.373536 -0.784436 453.644 0 0
1500 74.0306 6.20435 17.8594 0.313757 0.0492282 452.149 0 0
1500 92.5625 -28.7561 17.8482 0.546567 -0.450586 458.825 0 0
1500 70.6729 -7.30636 18.1119 0.223932 -0.167554 460.762 0 0
1500 66.2626 -59.15 18.1063 0.155461 -1.10102 446.672 0 0
1500 -5.91216 -19.1776 17.8544 -0.967497 -0.341956 456.937 0 0
1500 42.12 -6.94034 17.9122 -0.312822 -0.082665 452.569 0 0
1500 -3.51669 -5.64923 17.8902 -0.944755 -0.0576737 457.974 0 0
1500 110.584 17.8155 17.9164 0.879236 0.242767 454.447 0 0
1500 54.0808 12.1731 17.9796 -0.0622174 0.264603 452.848 0 0
1500 36.9687 16.6111 17.9756 -0.326867 0.332227 453.112 0 0
1500 46.9358 -26.503 17.9851 -0.126796 -0.438144 460.381 0 0
1500 111.135 -38.5758 17.9064 0.854606 -0.606621 456.695 0 0
1500 109.866 8.06263 17.9188 0.806532 0.0765962 459.175 0 0
1500 92.5811 38.3052 18.0255 0.533471 0.65445 454.736 0 0
1500 84.2655 -27.5332 18.0293 0.504549 -0.419613 454.008 0 0
1500 115.077 12.416 18.0151 0.953888 0.188032 455.567 0 0
1500 140.579 -0.155396 17.9966 1.47846 -0.0362825 447.839 0 0
1500 65.7075 -15.6879 18.0193 0.0851377 -0.295168 453.397 0 0
1500 119.389 -19.2869 17.9899 1.08826 -0.271484 449.599 0 0
1500 89.659 25.2857 18.267 0.56736 0.448674 455.347 0 0
1500 81.1819 -22.4562 18.0666 0.366112 -0.418882 454.141 0 0
1500 114.361 14.4061 17.8345 0.913391 0.267123 455.035 0 0
1500 -60.7837 135.452 17.862 -1.99538 2.16736 451.228 0 0
1500 69.9157 40.7186 18.0238 0.265726 0.688068 453.374 0 0
1500 124.223 -16.1349 17.9273 1.10485 -0.330486 451.647 0 0
1500 15.0595 4.44686 17.8715 -0.679258 0.0741748 459.38 0 0
1500 13.1342 -46.9826 17.8119 -0.714653 -0.759403 456.582 0 0
1500 71.1706 50.7031 18.0518 0.188214 0.830725 455.709 0 0
1500 68.2917 26.4413 18.0664 0.1327 0.425435 461.679 0 0
1500 42.4316 3.90123 17.8397 -0.261171 0.110674 461.057 0 0
1500 1.33884 -29.0847 17.815 -0.903561 -0.379159 455.725 0 0
1500 71.9535 22.6156 17.8374 0.152259 0.373397 460.89 0 0
1500 104.155 -41.7025 17.935 0.692588 -0.699459 456.29 0 0
1500 31.7942 -48.6541 17.9392 -0.39709 -0.811488 455.657 0 0
1500 70.5992 61.5264 17.9759 0.257698 1.01573 454.285 0 0
1500 122.409 15.9404 18.0372 1.07331 0.325831 452.817 0 0
1500 34.4465 96.4185 17.8833 -0.314428 1.56929 453.676 0 0
1500 13.3451 -46.3716 17.8038 -0.748269 -0.694929 456.416 0 0
1500 24.8003 -59.2859 17.8023 -0.569915 -0.878977 457.162 0 0
1500 110.614 -3.23495 18.0897 0.947539 -0.0444715 452.492 0 0
1500 12.8738 -43.4055 17.8343 -0.661 -0.728205 456.163 0 0
1500 28.1308 -57.5731 17.8318 -0.427015 -0.934032 456.733 0 0
1500 95.7443 -33.6708 17.957 0.665979 -0.522926 455.679 0 0
1500 106.422 48.6877 17.8079 0.782766 0.695057 457.796 0 0
1500 75.5621 5.42029 17.8392 0.234743 0.145159 461.539 0 0
1500 100.79 25.179 17.8236 0.646323 0.463655 455.056 0 0
1500 75.3332 63.6012 17.8113 0.242733 1.00553 458.243 0 0
1500 -11.3519 37.5158 17.9313 -1.15972 0.662217 452.388 0 0
1500 58.5059 -29.2622 18.2021 -0.0368769 -0.560108 447.976 0 0
1500 105.928 30.498 18.3311 0.824001 0.572052 452.225 0 0
1500 111.142 -40.8419 17.7954 0.753447 -0.677149 456.631 0 0
1500 106.264 21.3899 17.8419 0.806298 0.273451 453.483 0 0
1500 111.05 -18.4693 17.9525 0.889334 -0.295822 456.726 0 0
1500 92.5922 56.6732 17.7915 0.581707 0.867802 457.553 0 0
1500 84.9196 -16.8067 17.9709 0.444059 -0.280823 462.005 0 0
1500 40.1109 51.1337 17.8211 -0.273522 0.804298 460.113 0 0
1500 53.6329 21.3109 18.0353 -0.00776005 0.357991 462.638 0 0
1500 95.0737 10.625 18.0286 0.571013 0.211362 462.113 0 0
1500 78.1922 41.1338 18.0244 0.336995 0.640877 461.735 0 0
1500 54.1464 40.485 18.0257 -0.000705473 0.688479 455.869 0 0
1500 84.527 57.0219 18.0101 0.450407 0.913588 457.868 0 0
1500 128.112 24.4634 17.971 1.20579 0.496242 449.617 0 0
1500 54.721 -18.3909 18.3474 -0.0465356 -0.319984 456.366 0 0
1500 108.95 -14.8358 18.3107 0.865418 -0.2671 458.819 0 0
1500 118.631 22.6006 17.8648 0.95867 0.347459 459.334 0 0
1500 121.621 4.40767 17.8658 0.998592 0.0821848 459.584 0 0
1500 114.584 18.7 17.8695 0.888013 0.286859 460.24 0 0
1500 89.3145 -13.7765 17.8856 0.512581 -0.175808 461.893 0 0
1500 111.708 -25.0033 17.8681 0.890349 -0.358981 456.828 0 0
1500 73.6408 93.9838 18.039 0.286086 1.69785 448.961 0 0
1500 70.587 -15.5726 18.1089 0.271148 -0.30406 455.709 0 0
1500 74.7042 -23.2605 18.0414 0.245902 -0.476826 448.591 0 0
1500 125.674 11.0637 17.8066 1.0423 0.104445 458.55 0 0
1500 -57.0256 -146.902 17.8703 -1.84895 -2.34234 455.078 0 0
1500 73.8722 54.2248 18.0357 0.24641 0.888072 457.501 0 0
1500 30.1355 -11.2126 17.9869 -0.4369 -0.246223 455.741 0 0
1500 59.143 13.4824 17.8677 0.0500313 0.283154 454.959 0 0
1500 81.2169 -50.4338 18.0078 0.458034 -0.849094 453.56 0 0
1500 178.294 1.15873 18.017 2.0949 -0.0155764 451.067 0 0
1500 81.1386 -13.6867 18.0919 0.463803 -0.226208 456.441 0 0
1500 82.0817 -22.0132 18.0122 0.423422 -0.409422 456.423 0 0
1500 123.491 -4.51611 17.8445 1.03595 -0.0723856 459.629 0 0
1500 98.5623 0.676355 17.863 0.645271 0.00360659 462.289 0 0
1500 88.5962 9.51002 17.8672 0.502233 0.127655 462.628 0 0
1500 84.7613 27.4455 18.2037 0.453053 0.491868 457.555 0 0
1500 119.879 -18.6243 17.8209 0.986697 -0.317708 458.573 0 0
1500 98.0752 -9.37077 17.8393 0.6258 -0.169948 462.357 0 0
1500 116.96 29.0838 17.8233 0.917693 0.383946 460.428 0 0
1500 63.2388 57.5853 17.8672 0.150667 0.89898 458.231 0 0
1500 79.1362 2.96723 17.8857 0.4019 0.0817855 456.137 0 0
1500 85.0256 -35.8365 17.8809 0.455003 -0.525097 462.393 0 0
1500 47.8225 -70.5496 18.0221 -0.102151 -1.2035 453.727 0 0
1500 1.83945 49.3209 17.797 -0.910946 0.773405 458.453 0 0
1500 99.2334 -49.2135 17.835 0.678527 -0.822601 456.539 0 0
1500 70.002 18.8839 17.8686 0.175823 0.334004 463.195 0 0
1500 97.9573 53.2144 17.8418 0.598974 0.860308 459.384 0 0
1500 14.6677 -8.84653 17.9374 -0.668255 -0.128753 462.865 0 0
1500 95.0474 -46.9618 17.7994 0.614376 -0.760456 458.041 0 0
1500 68.0705 71.4039 17.9893 0.139381 1.14858 458.04 0 0
1500 98.9689 -25.3609 17.8602 0.705413 -0.400555 457.396 0 0
1500 82.1112 -18.696 17.9428 0.394802 -0.314256 463.52 0 0
1500 62.0059 -46.8947 17.9328 0.124382 -0.775279 457.364 0 0
1500 60.9267 35.2164 17.8968 0.0506629 0.621898 456.68 0 0
1500 101.855 32.6526 17.8502 0.747394 0.5235 457.301 0 0
1500 50.8153 6.96761 18.5205 -0.0877215 0.13303 458.447 0 0
1500 97.5747 -104.838 17.9559 0.680969 -1.77073 454.053 0 0
1500 15.9218 12.3355 17.9178 -0.679997 0.252577 457.425 0 0
1500 70.3654 -67.078 18.0015 0.291311 -1.13717 452.847 0 0
1500 70.2564 20.4121 18.5388 0.208486 0.324549 469.774 0 0
1500 68.4045 -2.85584 18.2624 0.263248 -0.0497254 464.952 0 0
1500 93.3844 -1.11748 18.2525 0.659077 -0.0279301 459.301 0 0
1500 118.941 -1.44645 17.8968 0.956476 -0.0919934 458.843 0 0
1500 60.1871 1.67213 18.0214 0.0888582 0.0808365 464.981 0 0
1500 22.3741 32.1634 17.9509 -0.60571 0.48989 458.13 0 0
1500 2.22026 20.6194 17.9425 -0.900574 0.308833 459.094 0 0
1500 66.0134 -3.10087 17.9676 0.0627035 -0.0502375 456.89 0 0
1500 29.1853 -8.99143 17.9601 -0.50733 -0.140949 457.388 0 0
1500 42.6876 70.304 17.8346 -0.202484 1.17447 456.226 0 0
1500 33.1347 -25.9115 18.0009 -0.488013 -0.380935 450.886 0 0
1500 60.7266 66.4902 17.8604 0.0112953 1.03985 461.317 0 0
1500 30.6595 25.1167 17.8791 -0.453124 0.457309 457.75 0 0
1500 95.9691 -27.4304 18.0785 0.619514 -0.424385 464.567 0 0
1500 49.8144 -22.3575 17.8175 -0.0668862 -0.360689 464.491 0 0
1500 55.0919 -61.5983 17.7941 0.00771327 -0.982814 459.296 0 0
1500 89.0858 31.8778 17.8235 0.550209 0.517569 458.122 0 0
1500 82.5208 -58.8219 17.8528 0.336312 -0.949492 459.909 0 0
1500 -6.45296 -5.79648 17.8526 -0.999116 -0.153102 459.955 0 0
1500 49.5611 -52.3256 17.8622 -0.150502 -0.808211 463.512 0 0
1500 78.5464 -46.0276 17.8644 0.269679 -0.764519 458.554 0 0
1500 103.813 21.2547 18.3044 0.792929 0.334996 462.417 0 0
1500 46.3849 63.2361 17.9649 -0.149896 1.01402 460.726 0 0
1500 2.82882 -93.8021 17.8731 -0.838902 -1.49456 459.56 0 0
1500 65.4035 -15.691 17.8593 0.0389818 -0.237848 457.354 0 0
1500 13.9493 50.8095 17.8302 -0.723595 0.758309 461.175 0 0
1500 118.345 37.9511 17.9663 1.07563 0.65163 454.343 0 0
1500 54.6183 27.2779 17.8744 0.00396023 0.481921 457.746 0 0
1500 95.8783 10.2506 18.0814 0.685983 0.161776 459.212 0 0
1500 58.3542 -65.2606 17.947 0.0161523 -1.03992 461.165 0 0
1500 84.3517 -38.7469 17.9625 0.381642 -0.616156 464.593 0 0
1500 86.5099 45.9953 17.8424 0.477687 0.668397 463.795 0 0
1500 119.432 -9.72154 17.835 0.960632 -0.127971 462.814 0 0
1500 114.89 -10.8069 17.8498 0.936664 -0.18581 459.739 0 0
1500 92.8192 -44.6561 17.8207 0.512009 -0.754834 459.335 0 0
1500 110.186 -13.3235 17.8165 0.830659 -0.139146 459.951 0 0
1500 139.108 -30.5093 18.0009 1.40543 -0.498533 455.737 0 0
1500 46.259 -3.04764 18.3025 -0.166707 -0.0711177 467.225 0 0
1500 46.2355 18.7663 18.2182 -0.185037 0.413306 451.508 0 0
1500 111.685 5.72272 17.9317 0.902096 0.0961787 460.137 0 0
1500 28.3376 -12.9187 17.9054 -0.448873 -0.238177 465.558 0 0
1500 -81.6146 43.5892 17.9665 -2.3868 0.674357 454.317 0 0
1500 37.1456 27.6557 17.9214 -0.378556 0.384303 458.179 0 0
1500 27.8943 -54.8293 17.9634 -0.470569 -0.969732 455.98 0 0
1500 1.60862 -25.9268 17.848 -0.876464 -0.459961 460.824 0 0
1500 80.3289 10.1701 18.2335 0.463278 0.18387 460.187 0 0
1500 0.836941 -15.0297 17.9396 -0.9211 -0.238465 461.023 0 0
1500 120.628 -20.9512 17.8294 1.00757 -0.284659 461.515 0 0
1500 75.9906 13.8613 18.065 0.279916 0.26112 466.956 0 0
1500 27.6663 -51.9957 17.8187 -0.523648 -0.826662 460.901 0 0
1500 44.6021 -57.2119 17.8204 -0.268652 -0.909169 460.636 0 0
1500 34.2525 27.2267 17.8362 -0.436067 0.381692 459.08 0 0
1500 -6.14486 21.216 17.815 -1.00832 0.273111 462.643 0 0
1500 -2.99217 -19.2287 17.8158 -0.977057 -0.327817 461.588 0 0
1500 -5.6768 -16.4916 17.8155 -0.997478 -0.281287 462.911 0 0
1500 44.4535 6.65291 17.8437 -0.249543 0.0555907 466.276 0 0
1500 51.4842 15.7954 17.8436 -0.169476 0.205568 458.576 0 0
1500 1.8395 -13.8408 17.8229 -0.868492 -0.237283 464.378 0 0
1500 2.33024 -25.3085 17.8177 -0.903993 -0.421872 461.101 0 0
1500 104.958 -25.6069 18.1274 0.815216 -0.403409 461.582 0 0
1500 14.2195 68.3513 17.84 -0.62956 1.09356 461.712 0 0
1500 123.769 -3.76826 17.8622 1.04579 -0.0444018 462.835 0 0
1500 71.2003 62.1871 17.8228 0.15746 0.938315 466.195 0 0
1500 116.615 -15.8685 17.8912 0.964118 -0.230195 461.671 0 0
1500 117.158 -2.00738 17.892 0.974677 -0.0219484 461.507 0 0
1500 109.259 -41.4225 17.8884 0.843787 -0.60718 462.442 0 0
1500 34.1663 -42.6378 17.8997 -0.418533 -0.696421 460.534 0 0
1500 46.3896 -53.3872 17.8962 -0.230189 -0.855966 460.91 0 0
1500 69.4144 -65.7261 17.8971 0.154397 -1.03517 463.45 0 0
1500 29.9347 -53.9319 17.9375 -0.483529 -0.840689 461.371 0 0
1500 103.009 46.9277 17.8589 0.783727 0.716376 459.095 0 0
1500 13.5127 36.6612 17.7973 -0.745807 0.594728 461.398 0 0
1500 2.63995 22.068 17.7959 -0.907657 0.371705 461.637 0 0
1500 2.36421 6.98024 17.8236 -0.864446 0.181939 461.115 0 0
1500 19.1534 52.2982 17.8151 -0.593406 0.853603 462.712 0 0
1500 5.71178 46.8499 17.9408 -0.810623 0.771624 462.084 0 0
1500 90.6477 -50.5152 17.914 0.540675 -0.760755 465.784 0 0
1500 97.2956 8.90386 17.8998 0.596525 0.185449 467.161 0 0
1500 84.9551 59.6942 17.8801 0.444856 0.946992 463.648 0 0
1500 49.4192 41.714 18.032 -0.195235 0.665352 458.904 0 0
1500 189.229 6.33824 17.8955 2.19344 0.147372 457.89 0 0
1500 122.841 15.4249 17.9316 1.0072 0.28995 464.154 0 0
1500 82.9533 59.9926 17.932 0.422307 0.95161 463.765 0 0
1500 79.5672 46.6467 17.9442 0.356033 0.721296 466.824 0 0
1500 80.296 14.6368 17.9553 0.400441 0.292731 460.816 0 0
1500 55.1378 59.1612 17.9368 0.0105753 0.955589 462.614 0 0
1500 65.558 -1.09423 18.0824 0.157672 0.0637131 456.472 0 0
1500 14.9855 44.6524 17.8633 -0.660331 0.744599 462.792 0 0
1500 48.7516 53.3213 17.8684 -0.154246 0.885356 462.013 0 0
1500 92.022 4.65721 17.883 0.514617 0.147665 460.697 0 0
1500 70.3919 -20.6041 18.2179 0.23108 -0.350362 469.117 0 0
1500 52.7954 -17.1979 18.2202 -0.0108758 -0.302807 469.289 0 0
1500 46.065 15.3591 17.9964 -0.168763 0.279478 468.451 0 0
1500 101.199 40.9563 17.9865 0.710492 0.674866 463.304 0 0
1500 86.4806 -20.053 17.8784 0.408276 -0.378755 461.009 0 0
1500 94.5103 -53.5042 17.8417 0.574045 -0.841223 465.269 0 0
1500 -5.5035 -20.8149 17.806 -0.980139 -0.371027 464.361 0 0
1500 7.6867 9.64941 17.9565 -0.858415 0.11039 459.477 0 0
1500 128.934 -10.467 17.8427 1.05729 -0.173075 468.229 0 0
1500 91.3333 -45.1002 17.8423 0.458653 -0.745052 462.457 0 0
1500 72.1039 -65.0911 17.8349 0.157299 -1.00197 465.623 0 0
1500 2.06274 -35.4477 17.8331 -0.872467 -0.576095 464.901 0 0
1500 12.4898 15.9247 17.8469 -0.751167 0.188519 461.985 0 0
1500 26.6674 -39.1726 17.8438 -0.530504 -0.656141 462.293 0 0
1500 64.0004 42.395 18.3769 0.0734088 0.834732 452.429 0 0
1500 86.9553 1.15068 18.0492 0.443242 -0.0209708 473.883 0 0
1500 16.6206 -13.624 17.8218 -0.686814 -0.272011 462.106 0 0
1500 101.246 -45.573 17.8032 0.670209 -0.718017 466.228 0 0
1500 139.484 -16.9647 17.9413 1.41874 -0.328371 457.922 0 0
1500 106.041 -1.48965 17.8641 0.816123 -0.033376 463.016 0 0
1500 70.8758 -26.2222 17.877 0.253364 -0.377073 469.138 0 0
1500 102.609 -43.4892 17.857 0.718862 -0.637503 467.069 0 0
1500 15.3897 -49.361 17.8207 -0.624561 -0.828918 462.918 0 0
1500 71.3848 -24.5714 17.8985 0.13887 -0.397903 462.163 0 0
1500 61.9664 -63.39 17.8811 0.0914201 -0.984119 467.203 0 0
1500 47.1608 -35.4774 17.8146 -0.246391 -0.526706 462.419 0 0
1500 63.4171 -53.3083 17.8827 0.0540298 -0.826146 468.278 0 0
1500 65.498 -34.326 17.8916 0.0905731 -0.600376 462.997 0 0
1500 35.4356 -56.0973 17.877 -0.349644 -0.87633 467.45 0 0
1500 102.008 -5.8888 17.8784 0.757073 -0.106189 463.707 0 0
1500 105.135 -46.9294 17.8644 0.768337 -0.703242 466.823 0 0
1500 71.6462 -29.9052 17.8859 0.293192 -0.479751 463.101 0 0
1500 94.4741 -15.9797 17.8835 0.587958 -0.239542 469.609 0 0
1500 83.2337 -49.5121 17.8755 0.3759 -0.860803 461.698 0 0
1500 167.58 21.423 17.8095 1.71749 0.339385 465.27 0 0
1500 30.3905 -14.5724 17.9594 -0.519166 -0.17705 457.769 0 0
1500 7.98679 -6.23783 17.8053 -0.769465 -0.172976 463.816 0 0
1500 41.8796 -20.754 18.0177 -0.299377 -0.438807 457.283 0 0
1500 135.46 -0.0905401 17.8124 1.2098 -0.0328959 466.849 0 0
1500 0.160337 -80.7625 17.7968 -0.900757 -1.24898 467.275 0 0
1500 58.775 -58.1718 17.8426 0.0840139 -0.913335 465.187 0 0
1500 114.333 2.78268 17.8421 0.928206 0.0140147 465.263 0 0
1500 53.5704 55.7768 17.8866 0.00331486 0.928195 461.694 0 0
1500 -2.01993 27.9433 17.8585 -0.952217 0.438049 467.31 0 0
1500 117.281 -5.8229 18.2385 1.07118 -0.0910235 462.531 0 0
1500 16.0278 -15.1193 17.8556 -0.646427 -0.259146 470.549 0 0
1500 72.5096 8.66835 18.2914 0.237093 0.185138 473.062 0 0
1500 58.237 -38.795 17.9572 0.0770155 -0.647996 464.878 0 0
1500 52.6732 -53.0576 17.8399 -0.152038 -0.839808 465.394 0 0
1500 53.5247 16.058 17.9617 -0.0604917 0.288036 473.002 0 0
1500 79.2546 29.4155 17.8743 0.343465 0.532027 464.735 0 0
1500 12.1455 7.98911 17.8373 -0.776614 0.0934023 465.176 0 0
1500 41.6268 23.7302 17.8494 -0.294312 0.305849 471.502 0 0
1500 20.6439 49.947 17.8283 -0.635428 0.727121 466.241 0 0
1500 -3.76049 -7.68601 17.8259 -0.99806 -0.144429 466.694 0 0
1500 24.625 -11.6936 17.8454 -0.535046 -0.191721 471.193 0 0
1500 -8.34942 2.02308 17.8237 -1.04598 0.0015312 468.034 0 0
1500 14.7151 -26.3527 17.8368 -0.681992 -0.402529 470.425 0 0
1500 32.976 -48.5268 17.8039 -0.320347 -0.75167 470.348 0 0
1500 -29.9842 -33.2534 17.8243 -1.42307 -0.489158 465.637 0 0
1500 106.728 -2.61609 17.9521 0.805801 -0.100178 466.006 0 0
1500 76.2787 1.81905 18.074 0.340067 -0.0467245 463.719 0 0
1500 141.573 -126.723 17.8427 1.27643 -1.99183 466.737 0 0
1500 101.378 16.0514 18.0791 0.812425 0.259618 461.879 0 0
1500 52.0402 1.99504 18.2241 -0.101921 -0.0156359 466.103 0 0
1500 16.5703 3.72241 17.8335 -0.657346 -0.0189424 465.366 0 0
1500 90.8756 30.9097 18.0849 0.569689 0.5348 467.025 0 0
1500 91.9715 -21.8907 17.8138 0.513459 -0.370018 471.841 0 0
1500 64.9936 -2.6159 17.8881 0.164299 -0.00507766 472.818 0 0
1500 89.6087 -11.2052 18.5424 0.581845 -0.166663 474.779 0 0
1500 108.832 8.70761 17.8079 0.781441 0.0864204 471.406 0 0
1500 97.6083 -41.9875 17.8396 0.639903 -0.606349 471.094 0 0
1500 116.986 -8.53614 17.8371 0.921927 -0.127657 470.762 0 0
1500 113.33 32.0322 17.867 0.835811 0.571939 465.433 0 0
1500 141.659 1.66478 17.8643 1.36298 -0.0508251 463.683 0 0
1500 38.3803 -59.203 17.9233 -0.306019 -1.04862 462.692 0 0
1500 10.8858 25.5279 17.9199 -0.71559 0.404717 472.003 0 0
1500 73.9757 36.5523 17.9274 0.195955 0.609641 466.418 0 0
1500 69.9663 14.1296 17.9363 0.135423 0.266343 465.789 0 0
1500 37.5538 91.1167 17.8216 -0.311926 1.36171 472.147 0 0
1500 58.5118 -16.1769 17.999 -0.0519396 -0.259364 465.341 0 0
1500 78.182 -53.4839 17.8785 0.248882 -0.880527 465.09 0 0
1500 29.2022 -59.4421 17.9164 -0.481886 -0.916642 469.511 0 0
1500 69.2599 -27.1191 17.9402 0.118175 -0.455735 466.666 0 0
1500 77.0542 57.8892 17.991 0.333083 1.06285 461.336 0 0
1500 37.0961 7.02267 17.9107 -0.392808 0.126265 466.618 0 0
1500 76.4889 64.1567 17.9212 0.363226 1.03008 467.407 0 0
1500 98.2811 -22.6406 17.8098 0.632089 -0.378417 471.845 0 0
1500 106.854 -40.7704 17.7955 0.777354 -0.574681 471.533 0 0
1500 83.3683 40.6557 17.8066 0.4263 0.597366 473.025 0 0
1500 75.8549 63.9251 17.7926 0.331187 0.963457 470.5 0 0
1500 52.0288 19.4958 17.9956 -0.0455364 0.376363 467.13 0 0
1500 134.45 18.4404 17.8239 1.16946 0.332954 471.054 0 0
1500 60.3275 6.76492 18.0572 0.108913 0.139278 475.801 0 0
1500 105.084 43.2626 18.0282 0.776665 0.687241 471.194 0 0
1500 83.8524 31.892 18.0437 0.479322 0.537317 468.944 0 0
1500 14.9522 49.6605 17.883 -0.66144 0.78321 472.089 0 0
1500 77.2062 38.4261 18.2231 0.40419 0.639999 468.561 0 0
1500 99.6137 48.7399 17.8028 0.615902 0.807596 469.998 0 0
1500 74.2999 53.9312 17.8076 0.238377 0.897038 469.153 0 0
1500 95.4492 -31.4293 17.9341 0.616953 -0.597697 464.43 0 0
1500 1.1681 -27.0595 17.7978 -0.841617 -0.482093 469.632 0 0
1500 106.414 -15.9561 17.9316 0.753893 -0.269928 474.283 0 0
1500 79.0201 -61.6084 17.9196 0.383266 -0.961191 471.037 0 0
1500 113.147 -35.62 17.919 0.878357 -0.567387 471.95 0 0
1500 97.5922 -38.5978 17.9258 0.671521 -0.630916 469.801 0 0
1500 114.609 -28.7727 17.9216 0.887843 -0.460818 472.869 0 0
1500 114.402 -15.9627 17.9235 0.921284 -0.286892 470.134 0 0
1500 44.8678 -71.2481 17.825 -0.184199 -1.16237 469.344 0 0
1500 91.7403 47.308 17.9847 0.59868 0.737186 470.538 0 0
1500 88.6172 -42.7584 18.2562 0.489719 -0.750272 466.192 0 0
1500 132.154 33.5746 17.9093 1.28761 0.577858 465.373 0 0
1500 112.399 -16.867 17.8725 0.92607 -0.304035 467.929 0 0
1500 21.4976 -3.00232 17.8387 -0.615113 -0.107487 468.851 0 0
1500 76.6795 18.7922 18.2206 0.355815 0.359933 470.021 0 0
1500 131.226 -6.79273 17.8228 1.14007 -0.138461 472.612 0 0
1500 34.3203 2.62371 17.8589 -0.372506 -0.0192187 476.119 0 0
1500 26.7721 -23.3499 17.85 -0.528357 -0.423017 469.335 0 0
1500 -2.77536 -17.9499 17.8362 -0.922088 -0.317666 473.775 0 0
1500 114.707 29.6093 17.8632 0.889988 0.468552 473.638 0 0
1500 65.4356 -21.381 18.1638 0.120398 -0.356256 478.523 0 0
1500 64.7455 -0.91434 17.872 0.142074 0.0399036 476.728 0 0
1500 119.138 -16.2546 17.8451 0.973053 -0.188032 471.395 0 0
1500 57.9956 53.7244 17.9568 -0.0327787 0.872977 471.067 0 0
1500 77.3239 -31.1088 18.1398 0.321117 -0.499161 477.265 0 0
1500 44.7752 4.08048 18.1448 -0.21014 0.0310236 477.937 0 0
1500 116.958 30.4192 17.8024 0.869838 0.53764 470.25 0 0
1500 84.3785 -18.3121 18.1935 0.519799 -0.305845 471.101 0 0
1500 67.5463 47.0712 17.8926 0.110103 0.729347 476.18 0 0
1500 25.9453 7.30459 17.8992 -0.524375 0.182557 470.009 0 0
1500 74.8665 -63.3036 17.8219 0.279429 -1.0084 473.03 0 0
1500 113.018 -8.92135 17.833 0.813666 -0.1931 475.707 0 0
1500 67.9772 -43.5349 17.8387 0.168955 -0.681882 476.282 0 0
1500 92.8444 0.693116 17.8859 0.620883 0.0254285 470.351 0 0
1500 75.5928 -33.1084 17.8925 0.204809 -0.540692 469.012 0 0
1500 37.4363 -50.2873 18.0837 -0.386635 -0.891723 465.965 0 0
1500 64.8435 -64.2162 17.9837 0.105571 -1.02433 473.525 0 0
1500 119.166 -14.203 18.01 0.972136 -0.225981 476.401 0 0
1500 77.603 4.11495 18.2199 0.420315 0.0325854 472.374 0 0
1500 117.118 -5.40587 18.1976 0.989247 -0.109051 474.68 0 0
1500 100.94 23.7173 18.132 0.729596 0.419318 473.536 0 0
1500 56.2651 64.5191 17.8637 -0.0258897 1.01042 476.112 0 0
1500 103.806 -48.7319 17.9204 0.684378 -0.792708 475.105 0 0
1500 108.907 -17.2647 18.2111 0.882908 -0.324479 472.778 0 0
1500 63.166 6.10955 18.092 0.149524 0.132886 480.488 0 0
1500 116.301 16.7858 17.8121 0.930618 0.309554 474.169 0 0
1500 94.0823 39.902 17.8193 0.562241 0.623167 477.981 0 0
1500 78.1677 -57.5449 17.8785 0.3705 -0.911814 474.921 0 0
1500 33.7344 -16.7461 18.0319 -0.424692 -0.244342 473.61 0 0
1500 82.6309 -46.3155 17.8274 0.456692 -0.699905 472.574 0 0
1500 85.2428 13.0553 17.8357 0.477551 0.147673 473.192 0 0
1500 -5.54834 53.3109 17.9645 -1.02868 0.928142 472.288 0 0
1500 111.731 -6.91329 17.8501 0.818342 -0.0483844 480.06 0 0
1500 68.9035 44.8554 17.8546 0.206596 0.685155 480.504 0 0
1500 122.413 14.2529 17.8383 1.01133 0.263937 477.234 0 0
1500 121.083 -7.26323 17.8406 1.00371 -0.0562928 476.42 0 0
1500 99.4047 37.4475 17.8477 0.645215 0.586237 479.781 0 0
1500 62.0005 51.8944 17.8512 0.109338 0.788554 480.173 0 0
1500 116.47 19.5636 17.813 0.94539 0.254058 476.181 0 0
1500 82.1807 35.8685 18.0417 0.406538 0.557744 481.513 0 0
1500 29.1775 -4.03902 17.9425 -0.470054 0.00601845 474.635 0 0
1500 76.731 22.4184 18.011 0.257252 0.377417 482.034 0 0
1500 111.375 -37.5259 17.8025 0.830206 -0.600484 478.619 0 0
1500 73.5063 -55.6583 17.8096 0.271042 -0.849959 479.893 0 0
1500 78.6735 -63.1036 17.8011 0.355727 -0.985898 477.846 0 0
1500 52.8289 -7.41679 17.8313 -0.0252831 -0.152759 481.819 0 0
1500 -1.07967 -31.397 17.8302 -0.899505 -0.528122 478.419 0 0
1500 35.8049 -27.6458 17.825 -0.297654 -0.481793 476.947 0 0
1500 35.8673 -23.1929 18.2308 -0.386241 -0.459905 470.037 0 0
1500 55.2279 -8.96535 18.1461 -0.00388743 -0.192044 483.749 0 0
1500 72.3531 41.246 18.2173 0.276626 0.740969 473.597 0 0
1500 86.3615 34.4016 17.8659 0.499032 0.578397 476.351 0 0
1500 44.7597 -44.1991 17.9281 -0.17702 -0.788921 473.433 0 0
1500 57.8545 -6.6585 18.4032 0.0387267 -0.152858 485.768 0 0
1500 114.164 32.0504 17.9144 0.948448 0.599657 473.293 0 0
1500 19.5508 63.935 17.8365 -0.555694 0.993331 481.658 0 0
1500 105.271 50.4752 17.8193 0.802639 0.830707 476.175 0 0
1500 85.2391 40.6758 17.8785 0.52078 0.668564 473.973 0 0
1500 105.917 -2.52782 18.0745 0.825877 -0.034338 479.196 0 0
1500 56.297 -36.5774 18.1886 0.0292936 -0.627628 478.731 0 0
1500 93.6995 -25.2129 18.0757 0.591675 -0.383319 484.105 0 0
1500 98.6483 85.3581 18.0416 0.775063 1.48063 471.586 0 0
1500 68.9087 62.9815 17.8387 0.246216 1.00982 476.137 0 0
1500 55.9699 17.617 18.0261 -0.0304234 0.346577 477.756 0 0
1500 92.5557 -12.4132 17.8577 0.557812 -0.186377 484.476 0 0
1500 78.2993 -55.7142 17.8427 0.384679 -0.85793 479.371 0 0
1500 51.3483 6.0588 18.0161 -0.110418 0.141513 485.958 0 0
1500 99.5768 33.8019 17.8569 0.666505 0.482864 484.184 0 0
1500 75.5784 -36.0534 18.0177 0.284296 -0.627957 479.35 0 0
1500 72.2631 41.1036 18.1217 0.196402 0.673493 479.912 0 0
1500 48.5756 -45.0835 17.8059 -0.0974828 -0.752712 479.358 0 0
1500 54.2088 -24.9047 17.942 -0.0130525 -0.456669 479.141 0 0
1500 3.27776 88.4735 17.8007 -0.815561 1.41907 481.056 0 0
1500 77.6709 22.4333 17.9662 0.293914 0.38272 487.73 0 0
1500 65.8144 -51.3517 18.0398 0.0731534 -0.854096 478.74 0 0
1500 2.3568 1.69801 17.8985 -0.898601 0.0690332 482.883 0 0
1500 13.0313 9.30813 17.9048 -0.743875 0.186485 482.227 0 0
1500 31.0122 -11.2359 17.9157 -0.426428 -0.117273 488.582 0 0
1500 -8.93106 -0.0887092 17.8907 -1.0437 0.0408617 484.546 0 0
1500 -2.98142 17.7866 17.8945 -0.930874 0.297794 486.335 0 0
1500 16.1989 -28.6542 17.9034 -0.693897 -0.395161 482.356 0 0
1500 9.07899 -26.7296 17.8997 -0.798219 -0.363551 482.741 0 0
1500 95.2814 21.1964 17.8571 0.598689 0.310698 487.8 0 0
1500 -3.22868 23.0982 17.8369 -0.948888 0.410135 484.222 0 0
1500 74.253 63.3492 17.8385 0.202631 0.98482 486.013 0 0
1500 21.4396 46.4944 17.8405 -0.588005 0.769238 483.373 0 0
1500 20.695 5.77475 17.8555 -0.613991 0.157181 481.787 0 0
1500 17.1509 -12.4597 18.0325 -0.671688 -0.167945 482.723 0 0
1500 12.9089 31.9212 18.0241 -0.727404 0.504428 483.546 0 0
1500 110.357 -3.16255 18.0796 0.880232 -0.094539 484.675 0 0
1500 107.282 -20.0941 18.0787 0.832621 -0.348892 484.779 0 0
1500 55.0608 41.9143 17.9916 -0.118064 0.667183 479.556 0 0
1500 23.7511 -9.9891 17.8575 -0.569096 -0.0819958 481.649 0 0
1500 51.9643 -29.8028 17.9228 -0.063511 -0.536668 483.738 0 0
1500 80.3505 8.12692 18.2473 0.424652 0.113933 493.19 0 0
1500 106.933 -41.2413 17.8452 0.773783 -0.6795 487.526 0 0
1500 94.944 -54.5667 17.8444 0.584812 -0.864124 488.649 0 0
1500 91.2637 -20.6021 17.8642 0.509002 -0.35002 491.553 0 0
1500 42.1552 -55.977 17.8504 -0.197265 -0.913832 486.491 0 0
1500 80.787 -54.6114 17.8485 0.387421 -0.889273 486.775 0 0
1500 59.9672 -45.5467 17.8583 0.0740672 -0.765656 485.619 0 0
1500 97.4985 -53.215 17.8771 0.604235 -0.853116 489.044 0 0
1500 57.4723 -58.0822 17.8823 0.0167617 -0.951716 487.105 0 0
1500 111.253 -30.285 17.8831 0.788725 -0.505055 490.559 0 0
1500 21.5983 -36.6491 17.813 -0.590626 -0.542951 492.117 0 0
1500 11.4738 43.1649 17.7942 -0.781994 0.663439 488.314 0 0
1500 89.6286 10.8205 17.8503 0.511368 0.243523 486.486 0 0
1500 35.5558 2.26558 18.1372 -0.378119 0.0601108 487.343 0 0
1500 104.356 13.9641 18.0972 0.821629 0.295908 483.88 0 0
1500 110.093 31.6172 17.8729 0.830126 0.441923 491.49 0 0
1500 -11.3502 76.71 17.8659 -1.07114 1.28608 485.805 0 0
1500 54.729 -106.444 17.8793 -0.118796 -1.70015 487.073 0 0
1500 6.82047 27.1499 17.8531 -0.848078 0.417545 489.257 0 0
1500 82.8837 -6.35601 17.9255 0.468644 -0.128009 487.865 0 0
1500 99.9722 48.7614 17.8895 0.707679 0.743435 490.451 0 0
1500 31.6055 -61.6142 17.8119 -0.363978 -0.974699 492.211 0 0
1500 47.8834 -34.2805 18.0678 -0.150083 -0.535935 496.602 0 0
1500 62.5988 -132.73 17.8554 0.0523176 -2.08829 490.588 0 0
1500 28.7386 -2.10666 17.8354 -0.484832 -0.106049 489.078 0 0
1500 41.4297 -1.53321 17.8934 -0.260935 0.0389987 496.817 0 0
1500 38.4906 25.6196 17.8879 -0.303681 0.420158 496.404 0 0
1500 94.8543 -37.5965 17.8588 0.612826 -0.633395 491.166 0 0
1500 67.1672 52.5077 18.0134 0.116885 0.9594 485.602 0 0
1500 83.7526 -35.0145 18.0017 0.41467 -0.553342 497.835 0 0
1500 86.5538 -32.2676 17.883 0.420666 -0.591194 488.638 0 0
1500 43.7788 46.8771 17.835 -0.294946 0.733034 492.906 0 0
1500 117.51 12.7147 17.9987 0.976283 0.22388 495.007 0 0
1500 78.7512 42.4431 18.009 0.406819 0.681183 493.621 0 0
1500 35.8546 32.9776 17.8834 -0.371038 0.493236 499.306 0 0
1500 101.084 16.9418 17.8713 0.64179 0.332989 493.895 0 0
1500 82.1322 -55.0283 18.1373 0.452406 -0.963428 490.959 0 0
1500 115.226 -14.0061 17.9742 0.950151 -0.188565 496.257 0 0
1500 7.96113 -25.0653 18.0606 -0.919854 -0.46007 489.067 0 0
1500 21.3573 30.0415 17.8602 -0.661787 0.460401 493.949 0 0
1500 63.2245 -23.3857 17.8346 0.0313045 -0.381817 503.971 0 0
1500 105.591 19.5822 17.8701 0.805283 0.27712 497.884 0 0
1500 92.1545 23.8436 17.91 0.583172 0.426442 497.866 0 0
1500 0.821546 -58.467 17.7917 -0.893157 -0.923309 500.56 0 0
1500 106.182 -27.0989 17.8565 0.833865 -0.404264 496.644 0 0
1500 61.603 -22.7451 17.8764 0.0656767 -0.432167 498.004 0 0
1500 117.778 2.99735 17.9769 0.957933 0.105034 500.802 0 0
1500 58.4997 -22.9564 18.0157 0.0728664 -0.371213 506.184 0 0
1500 62.805 67.1209 17.7983 0.127034 1.02846 502.542 0 0
1500 60.828 55.874 17.8084 0.0954981 0.841253 504.324 0 0
1500 24.5342 -35.0076 17.8895 -0.572862 -0.498064 500.504 0 0
1500 83.9326 -54.0617 17.9575 0.46315 -0.860225 503.35 0 0
1500 106.608 99.2718 18.137 0.887397 1.74651 497.068 0 0
1500 19.9603 16.6495 17.9397 -0.680161 0.221998 499.585 0 0
1500 60.0944 104.852 17.8102 -0.0314687 1.62927 505.532 0 0
1500 49.0609 -37.139 17.8296 -0.19527 -0.630255 504.062 0 0
1500 51.3555 -40.6967 17.828 -0.159379 -0.684004 504.194 0 0
1500 53.9809 -48.25 17.8129 -0.00805798 -0.794611 504.608 0 0
1500 60.1516 -27.0441 17.8165 -0.0097487 -0.489897 506.815 0 0
1500 90.4737 -59.8838 17.7924 0.440028 -0.951431 510.266 0 0
1500 87.3756 30.925 17.8225 0.518251 0.438098 509.415 0 0
1500 114.305 -27.9213 17.8064 0.907295 -0.459316 511.419 0 0
1500 32.322 -61.9056 17.8322 -0.442364 -0.949755 514.279 0 0
1500 6.93126 10.7902 17.8452 -0.788076 0.118948 516.78 0 0
1500 26.0594 -56.8251 17.8343 -0.527638 -0.86303 515.2 0 0
1500 28.3823 -46.8181 17.8397 -0.516308 -0.749973 512.208 0 0
