Total number of secondary electrons: 2324
1500 93.6468 -7.18748 17.008 0.839622 -0.0988826 236.043 0 0
1500 91.5577 0.321612 17.34 0.874768 0.000703505 252.632 0 0
1500 86.1499 27.1667 15.7984 0.659041 0.534297 257.893 0 0
1500 94.7649 -6.47803 14.7791 0.612611 -0.0376634 267.145 0 0
1500 83.3882 13.607 14.9748 0.423774 0.177176 277.977 0 0
1500 86.9528 12.1462 15.8755 0.571842 0.211268 279.318 0 0
1500 61.4572 -21.4485 15.3209 0.0981795 -0.319582 290.229 0 0
1500 129.098 9.06604 15.0059 1.1355 0.128208 291.233 0 0
1500 87.304 3.33664 15.5457 0.534937 0.0631174 291.471 0 0
1500 70.2704 -1.55811 15.0779 0.254568 -0.0488614 293.432 0 0
1500 128.783 4.67808 15.4954 1.1808 0.0802353 294.496 0 0
1500 83.314 10.7856 15.8933 0.46286 0.171076 297.047 0 0
1500 11.7794 -58.783 14.4631 -0.579935 -0.730408 297.241 0 0
1500 83.5248 -2.38735 16.1846 0.523604 0.0154994 298.24 0 0
1500 97.8407 18.8069 15.0054 0.658957 0.26973 298.363 0 0
1500 97.2436 -0.698378 15.0255 0.55598 0.0390851 298.739 0 0
1500 92.8907 -2.85546 15.8086 0.570284 -0.0839739 299.4 0 0
1500 37.2569 -85.1557 14.5505 -0.274284 -1.00954 299.706 0 0
1500 99.4306 1.23723 15.3287 0.592449 0.0589352 300.106 0 0
1500 69.1854 -40.9964 14.7422 0.194527 -0.533018 300.835 0 0
1500 81.9131 -0.457299 15.4395 0.4434 -0.0340797 300.845 0 0
1500 95.0889 11.4851 15.8823 0.586436 0.174201 304.156 0 0
1500 91.2805 -14.9933 15.9895 0.556246 -0.21139 304.375 0 0
1500 85.8013 -11.284 16.2862 0.537278 -0.161243 304.842 0 0
1500 3.95486 -23.308 14.753 -0.615293 -0.289436 305.04 0 0
1500 73.6157 2.53002 15.5189 0.271242 -0.0180497 305.673 0 0
1500 92.192 0.452221 17.1621 0.710287 -0.0283471 307.267 0 0
1500 152.212 52.0092 15.968 1.64901 0.836405 307.526 0 0
1500 119.693 -22.8988 14.9911 0.803345 -0.279532 308.022 0 0
1500 76.6176 11.5669 16.4291 0.385675 0.145202 308.863 0 0
1500 123.481 -1.77269 16.3449 1.24488 -0.0174693 309.124 0 0
1500 94.3393 0.849873 15.5722 0.56469 0.026159 309.155 0 0
1500 110.623 -8.74338 17.1021 1.08763 -0.121797 309.485 0 0
1500 106.261 0.640907 15.6026 0.698497 0.0235795 309.718 0 0
1500 79.6848 21.9303 15.5454 0.382073 0.294394 310.143 0 0
1500 84.6064 1.76356 17.2066 0.59054 0.0553966 310.512 0 0
1500 109.957 -56.0637 15.1283 0.642406 -0.776211 310.754 0 0
1500 77.0952 1.92235 16.6218 0.415705 0.0284043 310.984 0 0
1500 82.6421 -35.0226 15.1482 0.316469 -0.413319 311.459 0 0
1500 73.5067 13.2647 15.4994 0.224552 0.220087 311.606 0 0
1500 89.6385 -8.11708 16.9768 0.619511 -0.152415 311.866 0 0
1500 85.8991 17.1664 15.4994 0.375157 0.266945 311.913 0 0
1500 73.9491 -19.7232 15.6326 0.235612 -0.251516 312.04 0 0
1500 21.0342 -71.9639 15.0939 -0.489667 -0.873693 312.158 0 0
1500 132.352 -11.7428 17.4852 1.67811 -0.269183 312.463 0 0
1500 85.0724 -1.04115 16.6943 0.546253 -0.000526088 312.525 0 0
1500 186.199 -6.10767 15.2369 1.80172 -0.136659 312.703 0 0
1500 20.7414 -21.4788 15.0865 -0.485511 -0.321749 313.078 0 0
1500 46.612 4.96299 15.2869 -0.173576 0.084245 313.613 0 0
1500 90.047 -4.59975 16.1567 0.544909 -0.00926773 313.883 0 0
1500 90.3598 4.96516 15.9826 0.554979 0.0417051 314.308 0 0
1500 84.7241 -1.81733 16.8642 0.54421 0.0287982 314.396 0 0
1500 61.7608 -5.62822 16.1418 0.103374 -0.137942 314.458 0 0
1500 80.2266 23.0118 15.4881 0.335507 0.344121 314.766 0 0
1500 34.5321 70.4461 15.2354 -0.300377 0.981642 314.993 0 0
1500 105.921 53.2523 15.3135 0.737723 0.798868 315.19 0 0
1500 70.4157 12.5987 16.3379 0.267274 0.179393 315.477 0 0
1500 102.77 -21.6184 15.6285 0.661925 -0.283329 315.523 0 0
1500 80.8847 -11.1499 15.5148 0.38209 -0.114951 315.994 0 0
1500 88.5187 14.924 15.5283 0.474665 0.20652 316.296 0 0
1500 96.2449 12.7919 15.2174 0.46578 0.218519 316.45 0 0
1500 82.5492 -2.88832 16.4673 0.432973 -0.0377415 316.557 0 0
1500 63.3119 51.7611 15.9925 0.136371 0.847166 316.683 0 0
1500 73.6046 22.3931 15.2858 0.252752 0.327036 317.736 0 0
1500 143.035 24.0028 15.2888 1.12816 0.264811 317.74 0 0
1500 73.4971 76.0863 15.2857 0.206352 1.0604 318.172 0 0
1500 94.8355 0.5091 17.4545 0.832913 -0.0245758 318.195 0 0
1500 1.77998 -35.8525 15.2318 -0.73851 -0.397299 318.195 0 0
1500 48.0332 46.2538 15.2806 -0.0742215 0.62748 318.387 0 0
1500 99.5102 41.6651 15.3055 0.573621 0.563124 319.234 0 0
1500 47.0598 51.5267 15.3902 -0.189706 0.702974 319.76 0 0
1500 138.232 6.25034 15.3259 1.02469 0.0865599 319.834 0 0
1500 137.794 19.8331 15.3448 1.01299 0.247892 320.365 0 0
1500 136.862 -20.8369 15.3544 1.0036 -0.26829 320.557 0 0
1500 93.9061 -9.5436 15.7357 0.551735 -0.154485 320.592 0 0
1500 131.356 -14.143 15.3609 0.957082 -0.135977 320.633 0 0
1500 96.5509 43.4883 15.3551 0.444483 0.564026 321.037 0 0
1500 68.4185 24.7074 15.7048 0.183163 0.368885 321.233 0 0
1500 54.3253 61.115 15.3981 -0.0953135 0.852942 321.231 0 0
1500 88.1417 3.6011 15.8017 0.49102 0.072983 321.371 0 0
1500 119.675 1.64708 15.6097 0.853011 -0.00769789 321.446 0 0
1500 -12.8369 -85.3604 15.3437 -0.913479 -1.01978 321.946 0 0
1500 42.1848 35.7818 16.0277 -0.217274 0.636927 322.391 0 0
1500 39.4974 27.5188 15.366 -0.214172 0.369258 323.121 0 0
1500 128.018 -18.332 15.7528 1.07316 -0.269095 324.584 0 0
1500 85.7409 12.0736 16.0959 0.421404 0.162101 325.172 0 0
1500 64.2145 -61.04 15.8169 0.102136 -0.885819 325.597 0 0
1500 96.8314 31.6161 15.785 0.528484 0.484784 325.723 0 0
1500 35.2177 -39.628 15.5374 -0.263757 -0.576404 325.767 0 0
1500 97.4723 23.5368 15.4688 0.499403 0.273915 325.915 0 0
1500 44.1255 6.47911 15.4741 -0.163028 0.149055 326.281 0 0
1500 53.1218 13.7755 15.4727 -0.0450003 0.244663 326.313 0 0
1500 89.522 5.92415 15.4706 0.408349 0.0766209 326.392 0 0
1500 69.4635 14.316 15.8003 0.179335 0.243213 326.802 0 0
1500 76.1765 -9.24168 15.7424 0.285458 -0.0805237 326.891 0 0
1500 97.0444 37.622 15.4264 0.493107 0.465552 327.223 0 0
1500 79.8463 39.7521 15.4363 0.301536 0.577843 327.293 0 0
1500 104.259 15.7054 15.4233 0.573599 0.214489 327.516 0 0
1500 54.3775 -80.405 15.3749 -0.0363238 -1.0444 328.418 0 0
1500 65.9413 -0.0939412 15.4505 0.135704 0.0342008 328.593 0 0
1500 91.1928 -12.0707 17.4137 0.67756 -0.150271 328.927 0 0
1500 105.293 19.9184 15.9036 0.705574 0.344879 328.955 0 0
1500 93.1838 34.7898 15.5273 0.4265 0.499313 329.095 0 0
1500 74.9806 32.1854 15.9622 0.210255 0.518558 329.094 0 0
1500 94.9074 19.2014 16.4588 0.602966 0.283925 329.19 0 0
1500 111.335 -16.4285 15.7335 0.756569 -0.251523 329.524 0 0
1500 47.6702 -23.1467 15.5376 -0.188967 -0.284133 329.565 0 0
1500 29.208 20.0812 15.5437 -0.429342 0.282302 329.946 0 0
1500 83.5172 8.20066 15.9077 0.376874 0.123042 330.419 0 0
1500 107.967 -62.4928 15.4513 0.604587 -0.805476 330.421 0 0
1500 88.1269 71.94 15.4896 0.392245 0.954417 330.54 0 0
1500 19.7426 59.8197 15.549 -0.509178 0.802829 330.988 0 0
1500 106.557 -6.73755 16.0296 0.739533 -0.100883 331.249 0 0
1500 98.4729 -2.37437 16.536 0.671369 0.0133717 331.283 0 0
1500 102.323 4.32796 15.7012 0.710815 0.00885672 331.68 0 0
1500 143.122 179.664 15.3881 1.08065 2.23867 331.988 0 0
1500 45.2974 -51.0625 15.4796 -0.188778 -0.720891 332.172 0 0
1500 132.976 28.2675 15.7829 1.16529 0.394513 332.234 0 0
1500 125.211 51.6536 15.4299 0.96662 0.682223 332.478 0 0
1500 85.475 74.9984 15.4272 0.350559 0.968269 332.547 0 0
1500 56.5815 -65.3743 15.4425 -0.0415763 -0.895607 333.144 0 0
1500 103.271 -50.0235 15.5119 0.643577 -0.67462 333.77 0 0
1500 75.5668 -29.9845 15.9299 0.326968 -0.436364 333.78 0 0
1500 92.202 11.7702 17.3383 0.678751 0.168586 334.087 0 0
1500 100.113 1.51384 15.9334 0.636601 -0.0356456 334.092 0 0
1500 144.343 -8.48234 15.4117 1.14368 -0.116258 334.186 0 0
1500 91.3178 11.4026 16.156 0.572628 0.114683 334.291 0 0
1500 92.6698 -16.5101 16.1626 0.588251 -0.233643 334.464 0 0
1500 85.2351 -10.9409 16.6589 0.539332 -0.166874 334.768 0 0
1500 27.6199 -33.9254 15.6481 -0.423075 -0.510789 335.247 0 0
1500 98.1227 -3.41939 17.0451 0.79006 -0.12243 335.286 0 0
1500 76.3971 8.5959 17.1262 0.384264 0.0783007 335.299 0 0
1500 15.0198 -64.8786 15.4328 -0.611649 -0.806228 335.397 0 0
1500 64.8865 45.4368 15.7747 0.104687 0.649804 335.528 0 0
1500 60.097 19.3894 16.1846 0.0848592 0.301563 335.699 0 0
1500 62.2492 22.8832 15.5529 0.0869065 0.365108 336.106 0 0
1500 91.479 74.6353 15.4926 0.474814 0.932276 336.166 0 0
1500 30.9064 -5.69302 15.621 -0.434502 -0.121813 336.565 0 0
1500 11.7004 2.1932 15.8956 -0.673939 0.0494437 336.708 0 0
1500 50.2238 7.07634 15.8598 -0.126473 0.058942 337.374 0 0
1500 66.0956 9.27852 15.8296 0.13066 0.188565 337.718 0 0
1500 109.229 36.1566 15.6522 0.660596 0.456147 337.953 0 0
1500 68.1601 -38.3312 15.8852 0.108935 -0.534657 338.065 0 0
1500 123.049 170.151 16.0998 0.981063 2.74266 338.384 0 0
1500 100.915 26.7543 16.6607 0.762809 0.407113 338.481 0 0
1500 50.2036 -45.3309 15.7247 -0.0799742 -0.660719 338.773 0 0
1500 58.6571 34.9103 15.7625 -0.0402051 0.49643 338.779 0 0
1500 22.7328 5.07915 15.7666 -0.515896 0.100903 338.853 0 0
1500 99.785 -48.31 15.9303 0.580004 -0.738477 339.102 0 0
1500 102.275 14.2263 16.3318 0.704559 0.174799 339.271 0 0
1500 70.6758 19.8116 16.5544 0.243671 0.271143 339.406 0 0
1500 82.2847 -15.3571 17.3953 0.521607 -0.238249 339.9 0 0
1500 73.9277 -23.1147 16.5286 0.316482 -0.354054 339.895 0 0
1500 136.878 26.6569 15.8775 1.11778 0.413221 339.957 0 0
1500 91.72 14.907 16.8017 0.55237 0.246019 340.158 0 0
1500 70.5349 63.4966 15.803 0.114816 0.857244 340.373 0 0
1500 -6.77503 7.13773 15.717 -0.90731 0.110647 340.407 0 0
1500 61.2551 65.1399 15.8064 -0.00564112 0.877526 340.465 0 0
1500 123.953 43.0484 15.7604 0.857557 0.598105 340.562 0 0
1500 60.6112 44.2786 16.325 0.0572907 0.704824 340.767 0 0
1500 120.861 47.853 15.7748 0.816452 0.656688 340.78 0 0
1500 121.747 39.8544 15.9058 0.880665 0.520104 341.342 0 0
1500 66.5915 9.20319 16.0307 0.0884345 0.16118 341.342 0 0
1500 54.6714 79.3766 15.8236 -0.0130465 1.04224 341.513 0 0
1500 45.1068 -21.3866 16.1098 -0.158345 -0.34208 341.757 0 0
1500 94.4962 22.7496 17.3231 0.729931 0.463593 342.379 0 0
1500 192.503 178.791 15.8433 1.76108 2.42389 342.436 0 0
1500 75.3347 -22.1537 16.4939 0.230397 -0.339823 342.672 0 0
1500 27.2656 73.6639 15.8411 -0.451191 0.94563 342.784 0 0
1500 76.4081 1.84268 16.0348 0.329994 0.0403778 342.816 0 0
1500 40.4247 22.8453 16.194 -0.256255 0.317387 343.084 0 0
1500 114.037 -197.724 15.937 0.773045 -2.79689 343.314 0 0
1500 40.1433 -1.6011 16.1406 -0.304615 -0.0109518 343.402 0 0
1500 81.0688 6.97333 16.7344 0.448976 0.164297 343.483 0 0
1500 70.9382 -47.7778 16.0791 0.216956 -0.687709 343.494 0 0
1500 60.7748 15.1677 16.1975 0.0412871 0.221314 343.657 0 0
1500 67.0484 1.63077 16.5483 0.212414 0.0617451 343.699 0 0
1500 24.5432 27.6322 15.9604 -0.525242 0.380017 343.727 0 0
1500 50.6816 40.6185 15.9092 -0.147561 0.569227 343.763 0 0
1500 103.953 18.5121 16.0317 0.683874 0.275447 344.166 0 0
1500 66.5833 44.7184 15.9251 0.0617152 0.637437 344.411 0 0
1500 117.343 2.84367 16.0419 0.853422 0.0676804 344.83 0 0
1500 83.1082 66.4623 15.9026 0.391495 0.878246 344.894 0 0
1500 10.1329 -57.8807 16.2243 -0.729535 -0.87964 344.884 0 0
1500 119.575 -16.0704 16.0987 0.88472 -0.188223 345.103 0 0
1500 76.2245 -11.5969 16.5566 0.32834 -0.215101 345.39 0 0
1500 101.566 14.0061 15.9763 0.542886 0.219616 345.443 0 0
1500 106.798 -0.855259 16.1286 0.728091 0.0187758 345.533 0 0
1500 50.8487 -2.99883 16.3484 -0.136566 -0.0597441 345.595 0 0
1500 65.3729 36.9705 15.9961 0.113928 0.490015 345.709 0 0
1500 121.697 28.129 16.0856 0.902244 0.378228 345.742 0 0
1500 67.3128 32.6446 16.0052 0.136634 0.438327 345.829 0 0
1500 9.54492 -48.9648 16.0518 -0.659022 -0.692084 346.006 0 0
1500 130.192 -3.4069 16.1088 1.00658 -0.0287706 346.153 0 0
1500 133.732 4.97655 15.9755 1.0349 0.0742235 346.192 0 0
1500 77.0228 -63.8507 16.0237 0.194658 -0.871816 346.395 0 0
1500 119.274 34.7925 16.1781 0.93471 0.457587 346.635 0 0
1500 90.475 8.83238 17.5468 0.647987 0.115907 346.685 0 0
1500 9.44105 35.4804 16.0379 -0.661862 0.482592 346.808 0 0
1500 112.775 41.615 16.2177 0.789325 0.568205 347.247 0 0
1500 88.5107 0.576708 16.6436 0.471584 0.0223683 347.402 0 0
1500 96.8835 -28.8865 17.0282 0.773611 -0.501917 347.543 0 0
1500 34.853 -6.36463 16.3379 -0.289809 -0.104109 347.649 0 0
1500 79.2704 -4.98626 17.9756 0.489581 -0.0655922 347.667 0 0
1500 -17.3733 83.5497 16.1182 -1.08913 1.17214 347.776 0 0
1500 36.669 -27.3577 16.0872 -0.312739 -0.307705 347.849 0 0
1500 13.9519 -54.8884 16.128 -0.593372 -0.7758 347.96 0 0
1500 93.5489 -9.12092 16.3327 0.480307 -0.184145 348.194 0 0
1500 51.6077 77.0626 16.1074 -0.127926 1.00365 348.306 0 0
1500 46.7348 22.378 16.208 -0.175823 0.292954 348.398 0 0
1500 22.3122 -66.1351 16.1398 -0.440792 -0.903222 348.652 0 0
1500 65.7142 60.6336 16.1568 0.0971097 0.865858 348.84 0 0
1500 129.165 -26.4701 16.1877 1.04656 -0.365296 348.863 0 0
1500 125.846 -37.6132 16.157 0.870985 -0.533087 348.992 0 0
1500 87.1999 13.4496 16.3362 0.450496 0.230561 349.229 0 0
1500 69.8234 51.9131 16.306 0.134551 0.780943 349.26 0 0
1500 115.58 49.7765 16.2837 0.795728 0.677687 349.292 0 0
1500 80.612 -5.35547 17.762 0.53841 -0.0554464 349.64 0 0
1500 77.2809 -8.58577 17.0169 0.405923 -0.150738 349.684 0 0
1500 122.461 12.8033 16.3764 1.01883 0.153642 350.376 0 0
1500 15.5322 30.7276 16.2641 -0.646849 0.396826 350.626 0 0
1500 52.6996 34.6826 16.5493 -0.0460593 0.521906 351.003 0 0
1500 88.1008 33.4476 16.3251 0.457743 0.490629 351.012 0 0
1500 79.9109 -6.26851 16.3925 0.354318 -0.0362456 351.179 0 0
1500 71.9449 -54.5965 17.0615 0.306573 -0.922599 351.496 0 0
1500 55.2702 39.8652 16.4479 -0.0452726 0.591416 351.554 0 0
1500 118.206 -5.62051 17.0497 1.04284 -0.0350494 351.686 0 0
1500 104.834 40.115 16.3284 0.680249 0.503981 351.753 0 0
1500 96.7024 14.1121 16.4213 0.575305 0.236058 351.835 0 0
1500 -12.5541 24.1339 16.3865 -0.991399 0.388391 351.976 0 0
1500 46.1763 14.2232 17.0128 -0.187129 0.241777 352.021 0 0
1500 90.8989 34.6721 16.4365 0.495616 0.508144 352.174 0 0
1500 8.51208 -21.8231 16.4171 -0.665918 -0.353885 352.214 0 0
1500 64.5157 37.9337 16.8129 0.0925687 0.551998 352.268 0 0
1500 75.1635 6.23015 17.5792 0.38048 0.0948279 352.278 0 0
1500 56.3456 1.23337 16.7198 -0.00190401 0.0780413 352.537 0 0
1500 66.9051 54.539 16.4538 0.175968 0.768231 352.551 0 0
1500 54.0131 39.3833 16.6678 -0.0723068 0.552343 352.66 0 0
1500 88.0967 11.6614 16.683 0.448893 0.139533 352.736 0 0
1500 52.2275 68.9321 16.5729 -0.105006 1.05485 352.841 0 0
1500 86.4674 51.8142 16.4703 0.432544 0.72881 352.904 0 0
1500 87.4551 -18.7496 16.6212 0.490014 -0.25892 353.198 0 0
1500 56.4369 57.5494 16.4612 -0.05124 0.82385 353.428 0 0
1500 94.0918 10.4905 17.4884 0.654517 0.131717 353.508 0 0
1500 83.6129 60.9777 16.5006 0.391706 0.842329 353.54 0 0
1500 94.6165 13.0081 16.8487 0.596982 0.143537 353.68 0 0
1500 70.3484 33.8404 16.7688 0.24679 0.50492 353.764 0 0
1500 15.9709 17.957 16.5979 -0.609333 0.247882 353.716 0 0
1500 53.0033 30.3706 16.8207 -0.0185288 0.470966 353.813 0 0
1500 137.327 27.5095 16.4263 1.07675 0.308457 354.018 0 0
1500 74.6314 12.5876 16.6274 0.271527 0.176796 354.063 0 0
1500 95.3128 -50.5913 16.6402 0.575077 -0.725844 354.091 0 0
1500 70.6346 -10.4155 16.635 0.223676 -0.0967333 354.178 0 0
1500 54.7088 25.1388 16.928 -0.0712951 0.449738 354.3 0 0
1500 49.7777 13.2312 16.605 -0.130529 0.191764 354.367 0 0
1500 130.556 8.05242 16.5471 0.99208 0.1499 354.48 0 0
1500 74.5635 33.9628 16.4925 0.257808 0.522676 354.556 0 0
1500 7.20401 -8.81019 16.5006 -0.72427 -0.0644986 354.613 0 0
1500 118.195 2.0615 16.6843 0.884801 0.0198749 354.681 0 0
1500 54.9429 -41.8497 16.5188 -0.0738384 -0.548695 354.731 0 0
1500 42.8945 -35.6286 16.5251 -0.218718 -0.473201 354.828 0 0
1500 36.2942 -32.0574 16.6325 -0.397012 -0.471177 354.972 0 0
1500 64.8286 -13.3183 17.1125 0.160038 -0.211033 355.03 0 0
1500 51.7584 19.2892 16.6374 -0.0387532 0.32391 355.018 0 0
1500 10.5711 -1.20005 16.6167 -0.689371 -0.0326429 355.091 0 0
1500 77.1901 15.628 16.8269 0.336194 0.256424 355.138 0 0
1500 28.5352 -32.2781 16.6119 -0.450734 -0.467344 355.887 0 0
1500 95.495 21.1317 16.9457 0.600534 0.321328 356.012 0 0
1500 94.9137 2.5437 16.9176 0.618572 0.0885837 356.136 0 0
1500 88.8018 -46.321 16.9988 0.514409 -0.791042 356.16 0 0
1500 74.7859 6.40528 16.6081 0.303354 0.0936939 356.212 0 0
1500 78.4707 -19.4966 16.7004 0.337195 -0.253894 356.306 0 0
1500 106.076 -57.3934 16.6116 0.629819 -0.812779 356.324 0 0
1500 88.3254 35.9186 16.8942 0.473002 0.512631 356.646 0 0
1500 91.3499 -14.5915 16.7397 0.501308 -0.249651 356.687 0 0
1500 32.6322 19.564 17.0729 -0.359485 0.312297 356.838 0 0
1500 134.769 -16.3631 16.8882 1.17194 -0.287398 356.801 0 0
1500 116.732 15.8247 16.7774 0.863236 0.187947 356.983 0 0
1500 8.30041 1.44319 16.7263 -0.740042 -0.0124622 357.115 0 0
1500 87.1115 -35.8375 16.7838 0.430381 -0.583176 357.172 0 0
1500 92.1781 12.3015 16.6682 0.525301 0.214113 357.211 0 0
1500 72.4144 28.7877 16.8289 0.275348 0.432274 357.227 0 0
1500 84.9842 66.727 16.6065 0.385579 0.934558 357.242 0 0
1500 192.489 57.9262 16.6775 1.94688 0.859576 357.285 0 0
1500 27.4889 -11.6695 16.8373 -0.507218 -0.180317 357.341 0 0
1500 18.1356 -37.3705 16.6403 -0.530537 -0.48754 357.416 0 0
1500 95.3757 -5.90207 16.6855 0.575143 -0.04173 357.599 0 0
1500 88.917 -36.6048 16.8475 0.526053 -0.538673 357.634 0 0
1500 76.4555 -2.85632 18.0126 0.452156 -0.0600239 357.662 0 0
1500 116.908 41.2466 16.8427 0.845343 0.639509 358.022 0 0
1500 83.1168 35.6352 16.6656 0.381751 0.547998 358.127 0 0
1500 80.9933 -42.6163 16.6599 0.258646 -0.626591 358.228 0 0
1500 6.50089 -51.4622 16.7146 -0.724839 -0.703592 358.335 0 0
1500 106.957 -14.5879 16.7443 0.678149 -0.267571 358.701 0 0
1500 20.1959 6.34157 17.04 -0.571564 0.0673241 359.087 0 0
1500 111.038 -28.4779 16.9354 0.79386 -0.404234 359.225 0 0
1500 78.0023 -11.7724 18.0636 0.433747 -0.157141 359.222 0 0
1500 98.3692 -38.4617 18.7332 0.940652 -0.762611 359.987 0 0
1500 77.0679 21.123 17.385 0.388048 0.323843 360.043 0 0
1500 105.696 3.28111 17.3162 0.804069 -0.00100278 360.087 0 0
1500 -22.2047 115.682 16.7339 -1.15439 1.60953 360.109 0 0
1500 63.7425 -2.12377 16.7852 0.0972978 0.0381172 360.308 0 0
1500 103.826 -15.8697 17.2396 0.736319 -0.197136 360.387 0 0
1500 107.3 59.7254 16.8625 0.693422 0.837094 360.425 0 0
1500 80.6552 -7.27646 16.7783 0.289129 -0.164393 360.677 0 0
1500 75.8804 -54.7493 16.953 0.303094 -0.792814 360.734 0 0
1500 137.928 25.1011 16.9175 1.19811 0.363203 360.938 0 0
1500 81.2151 45.4206 17.0952 0.389013 0.66711 361.134 0 0
1500 73.2629 2.57687 17.518 0.319503 0.0976886 361.204 0 0
1500 79.861 -19.8458 17.0754 0.334415 -0.337001 361.258 0 0
1500 69.2081 -21.828 17.8088 0.259576 -0.346969 361.542 0 0
1500 123.019 -28.767 16.8084 0.930098 -0.406084 361.536 0 0
1500 135.616 10.8851 16.8368 1.15339 0.105482 361.532 0 0
1500 88.712 -113.941 16.9878 0.546111 -1.77069 361.582 0 0
1500 74.8112 69.5137 16.8458 0.176107 0.97033 361.636 0 0
1500 92.843 -10.4186 17.268 0.527218 -0.201011 361.917 0 0
1500 89.4922 27.6786 17.7157 0.519551 0.456904 362.047 0 0
1500 68.4743 27.9525 16.869 0.217388 0.386915 362.045 0 0
1500 98.8706 -41.1075 16.9371 0.654138 -0.574179 362.064 0 0
1500 63.1078 -10.6175 18.0607 0.168179 -0.163196 362.09 0 0
1500 59.2738 75.4183 16.8541 -0.0034944 1.04229 362.423 0 0
1500 79.2024 -9.84027 17.9161 0.400646 -0.191139 362.437 0 0
1500 34.1219 -35.9371 16.9747 -0.381106 -0.491078 362.485 0 0
1500 84.3786 34.7878 16.8848 0.435492 0.478487 362.579 0 0
1500 110.525 -53.8395 16.8535 0.752478 -0.729645 362.637 0 0
1500 93.2516 -4.63773 16.9607 0.552671 0.000822453 362.846 0 0
1500 89.0317 18.2502 17.2147 0.553591 0.253085 362.895 0 0
1500 121.007 -3.01615 18.1557 1.27957 -0.0447501 363.078 0 0
1500 70.083 3.40142 17.7348 0.283758 0.0682362 363.19 0 0
1500 99.4556 -19.4512 16.973 0.629604 -0.218624 363.243 0 0
1500 102.214 -34.9125 17.0398 0.721313 -0.515311 363.381 0 0
1500 83.8518 7.21093 17.009 0.443692 0.105809 363.46 0 0
1500 14.3481 -38.4277 16.8998 -0.593089 -0.499898 363.574 0 0
1500 77.2376 31.7261 17.0384 0.350448 0.45634 363.63 0 0
1500 43.8799 -30.2401 17.0699 -0.213731 -0.478555 363.692 0 0
1500 -17.3184 10.6714 17.04 -1.11516 0.154236 363.692 0 0
1500 96.6428 10.5874 17.8431 0.684635 0.164741 363.855 0 0
1500 65.9436 -14.6517 17.5259 0.0873216 -0.25038 364.01 0 0
1500 56.5766 23.1932 17.2054 0.00309499 0.389856 364.103 0 0
1500 121.141 -7.09606 16.9656 0.914984 -0.135468 364.211 0 0
1500 75.1198 5.96286 17.8034 0.362715 0.140921 364.246 0 0
1500 70.2715 28.6329 17.2485 0.213627 0.40715 364.479 0 0
1500 35.2587 27.9598 17.4313 -0.358047 0.440975 364.478 0 0
1500 78.178 22.879 17.3426 0.274583 0.356616 364.653 0 0
1500 61.1986 4.53045 17.3722 0.0557578 0.115445 364.709 0 0
1500 90.1168 -7.73955 18.007 0.604095 -0.0573488 364.757 0 0
1500 125.509 4.49591 17.1005 0.991377 0.0149237 364.845 0 0
1500 91.2828 -25.0073 17.0149 0.515468 -0.406327 364.833 0 0
1500 75.3458 18.5611 17.3803 0.248847 0.306682 365.027 0 0
1500 48.5904 -62.3202 17.0153 -0.0773697 -0.904654 365.089 0 0
1500 101.278 0.744762 18.07 0.780129 0.0466622 365.195 0 0
1500 -41.5035 65.6752 17.014 -1.46138 1.0144 365.251 0 0
1500 103.246 11.4664 17.0541 0.703353 0.128153 365.358 0 0
1500 95.2359 5.80801 17.8074 0.643569 0.0288721 365.439 0 0
1500 123.001 -31.1959 17.012 0.923968 -0.453674 365.505 0 0
1500 80.9813 17.8799 17.049 0.391336 0.290536 365.499 0 0
1500 85.1387 -5.42832 17.325 0.423963 -0.0649009 365.591 0 0
1500 47.1301 59.6948 17.1186 -0.188669 0.856392 365.649 0 0
1500 46.5122 -56.6272 17.0371 -0.111102 -0.839856 365.676 0 0
1500 68.2941 -11.258 17.0854 0.0867569 -0.177593 365.784 0 0
1500 100.484 24.0001 17.5017 0.662923 0.383602 365.895 0 0
1500 56.0261 -31.7462 17.1424 0.00125515 -0.517573 365.891 0 0
1500 34.6197 15.8217 17.311 -0.352953 0.241279 365.956 0 0
1500 99.4439 3.45527 17.3492 0.659506 -0.00590589 366.05 0 0
1500 127.436 -9.28985 17.1207 1.00977 -0.108715 366.28 0 0
1500 77.6785 2.02826 17.8583 0.424708 -0.0164079 366.395 0 0
1500 76.4182 0.27814 17.4777 0.317755 0.0402725 366.488 0 0
1500 80.5664 -1.23617 17.3443 0.348023 -0.0599716 366.71 0 0
1500 75.5897 1.37798 17.5835 0.332811 -0.0448525 366.787 0 0
1500 94.4495 -30.6743 17.4764 0.542663 -0.493164 366.883 0 0
1500 82.6171 25.2799 17.4269 0.447241 0.388934 367.051 0 0
1500 90.4551 -47.4301 17.1951 0.484346 -0.720435 367.408 0 0
1500 87.604 47.2996 17.1144 0.440985 0.721841 367.533 0 0
1500 59.163 5.84336 17.2068 0.085511 0.0919829 367.574 0 0
1500 89.6912 17.902 17.4125 0.540313 0.288445 367.573 0 0
1500 97.2118 -20.2426 17.2577 0.621182 -0.3283 367.609 0 0
1500 13.9289 42.9517 17.0517 -0.574476 0.653534 367.823 0 0
1500 228.494 -55.1697 17.4778 2.88765 -0.880215 367.883 0 0
1500 146.892 32.2822 17.1661 1.29861 0.43499 368.085 0 0
1500 125.301 -23.4523 17.8827 1.28779 -0.376883 368.124 0 0
1500 126.424 -8.24651 17.0768 0.995159 -0.0781259 368.319 0 0
1500 47.7691 -48.219 17.0741 -0.0932308 -0.722534 368.365 0 0
1500 78.3102 29.2574 17.4073 0.318559 0.409392 368.46 0 0
1500 85.6585 -0.904259 18.0397 0.549003 -0.0504037 368.633 0 0
1500 68.372 -78.9667 17.1456 0.223065 -1.18993 368.708 0 0
1500 42.4249 -5.87161 17.4405 -0.275941 -0.0769857 368.934 0 0
1500 83.0343 -32.0913 17.2618 0.378915 -0.425081 369.392 0 0
1500 97.4543 -64.6853 17.737 0.699398 -1.07085 369.519 0 0
1500 120.724 -8.65777 17.1035 0.915794 -0.164798 369.504 0 0
1500 75.4259 -16.3352 17.9415 0.362554 -0.284317 370.51 0 0
1500 57.4763 10.6714 17.2287 0.0190344 0.220402 370.728 0 0
1500 91.6843 -21.2044 18.3077 0.593492 -0.349216 370.806 0 0
1500 73.1621 -15.2644 17.5761 0.293017 -0.274179 370.841 0 0
1500 122.314 -9.22929 17.2381 0.899869 -0.149456 370.922 0 0
1500 84.0654 -41.8194 17.2261 0.38854 -0.64933 371.021 0 0
1500 47.6614 -6.23864 17.3142 -0.192175 -0.124649 371.026 0 0
1500 56.7599 32.2957 17.2735 0.00928852 0.52932 371.014 0 0
1500 66.6495 23.8003 17.4105 0.1728 0.401353 371.145 0 0
1500 91.8725 0.736532 19.1508 0.748554 0.0130871 371.191 0 0
1500 93.4615 20.6483 17.3271 0.519928 0.273406 371.34 0 0
1500 40.5312 -73.5425 17.1661 -0.186423 -1.03157 371.563 0 0
1500 30.2547 -17.4648 17.3249 -0.436709 -0.349508 371.59 0 0
1500 78.9597 47.3843 17.429 0.282056 0.772011 371.602 0 0
1500 72.0808 5.03959 17.7517 0.264373 0.110752 371.641 0 0
1500 -24.7011 -15.7073 17.8814 -1.52495 -0.262981 371.81 0 0
1500 127.195 -11.9735 17.2844 0.980867 -0.174014 371.935 0 0
1500 77.8123 3.1504 17.8019 0.355774 -0.0253373 371.946 0 0
1500 40.9891 54.2553 17.3005 -0.31959 0.787709 372.177 0 0
1500 63.5779 -41.1871 17.2741 0.115018 -0.573848 372.213 0 0
1500 71.125 71.7744 17.2116 0.118518 1.04746 372.229 0 0
1500 124.131 21.4688 17.2634 0.96385 0.330799 372.333 0 0
1500 3.05529 -35.2628 17.254 -0.802645 -0.531605 372.335 0 0
1500 68.9917 38.9627 17.3016 0.184714 0.545983 372.358 0 0
1500 86.5451 -4.02003 19.2115 0.656295 -0.0931638 372.453 0 0
1500 108.905 26.8794 17.2644 0.734747 0.440795 372.458 0 0
1500 68.3818 12.666 17.4211 0.100297 0.188105 372.462 0 0
1500 35.7527 -50.2967 17.4248 -0.335176 -0.740074 372.495 0 0
1500 70.6782 -27.5787 17.5794 0.201713 -0.450559 372.484 0 0
1500 82.1486 -6.42887 17.4286 0.407644 -0.0342391 372.516 0 0
1500 76.3919 21.0478 17.5159 0.248522 0.322003 372.634 0 0
1500 75.3737 11.0942 17.9969 0.343179 0.219067 372.69 0 0
1500 92.2295 -39.4072 17.2344 0.453023 -0.567011 372.727 0 0
1500 33.2714 -6.41769 17.3163 -0.354738 -0.16111 372.922 0 0
1500 87.9534 -21.5146 17.3005 0.518056 -0.319208 373.081 0 0
1500 18.747 52.9286 17.2804 -0.516001 0.796217 373.119 0 0
1500 15.0885 -63.6912 17.3622 -0.600083 -0.989719 373.368 0 0
1500 28.4467 -51.2083 17.3421 -0.381032 -0.776798 373.8 0 0
1500 84.6736 43.031 17.7494 0.454108 0.763487 373.892 0 0
1500 94.3282 39.5052 18.1426 0.673101 0.694465 373.924 0 0
1500 59.0733 -50.972 17.4424 0.0703012 -0.80136 373.974 0 0
1500 68.1521 1.70444 17.9213 0.255109 0.00641226 374.072 0 0
1500 88.7365 63.6001 17.3089 0.443262 0.929855 374.18 0 0
1500 107.079 31.3208 17.4637 0.741092 0.485619 374.185 0 0
1500 33.2568 -59.9518 17.3558 -0.311882 -0.891013 374.368 0 0
1500 74.524 -7.41305 17.8436 0.355245 -0.145057 374.41 0 0
1500 101.465 0.108985 17.7153 0.741742 -0.0476027 374.497 0 0
1500 102.023 7.21609 17.5767 0.706209 0.135516 374.602 0 0
1500 15.9297 -42.8171 17.3511 -0.586867 -0.662004 374.611 0 0
1500 81.1015 -20.8362 17.8073 0.370738 -0.354348 374.788 0 0
1500 121.021 -42.5035 17.5027 1.00613 -0.712346 374.793 0 0
1500 6.44003 -19.7641 17.4902 -0.777611 -0.368389 374.922 0 0
1500 66.4132 -37.0336 17.8115 0.167853 -0.575746 375.01 0 0
1500 51.8782 13.3527 17.4858 -0.0365467 0.255951 375.153 0 0
1500 113.041 26.3697 18.1343 0.978887 0.475453 375.142 0 0
1500 91.7431 -59.9109 17.3558 0.460884 -0.936114 375.199 0 0
1500 142.898 53.1157 17.458 1.30473 0.855823 375.326 0 0
1500 41.3467 14.4818 17.557 -0.340219 0.23656 375.341 0 0
1500 30.9005 -30.5478 17.5918 -0.371929 -0.508992 375.429 0 0
1500 107.884 -50.2515 17.3832 0.704737 -0.746945 375.401 0 0
1500 69.0458 -48.5133 17.6193 0.164838 -0.792112 375.593 0 0
1500 131.098 -7.20234 17.7747 1.23538 -0.0762874 375.632 0 0
1500 64.5704 -16.8698 17.8162 0.156455 -0.366606 375.674 0 0
1500 56.1396 -56.5734 17.4583 0.0143836 -0.852542 375.716 0 0
1500 90.1096 20.9855 17.4958 0.50587 0.361667 375.843 0 0
1500 72.4237 -15.3274 17.8229 0.236236 -0.277017 375.867 0 0
1500 -1.83362 -11.5621 17.4473 -0.901876 -0.113196 375.948 0 0
1500 73.5146 -12.5927 17.9057 0.319626 -0.154767 376.043 0 0
1500 99.3311 58.7062 17.3683 0.572427 0.841375 376.096 0 0
1500 32.5676 1.9931 17.3706 -0.383498 0.0129583 376.2 0 0
1500 83.1093 -73.771 17.3975 0.433519 -1.07277 376.204 0 0
1500 8.03164 -43.7354 17.376 -0.696979 -0.615462 376.206 0 0
1500 123.356 -47.375 17.4194 0.949072 -0.738948 376.301 0 0
1500 22.4918 -15.1194 17.5107 -0.525683 -0.273226 376.323 0 0
1500 84.2168 41.1419 17.5045 0.419201 0.642672 376.368 0 0
1500 94.7208 1.39209 17.7925 0.627699 0.0551705 376.437 0 0
1500 95.8627 -5.13637 17.716 0.646391 -0.0771961 376.502 0 0
1500 72.4276 64.0135 17.509 0.233232 0.94348 376.557 0 0
1500 99.0292 -5.09784 17.7184 0.689236 -0.0765045 376.646 0 0
1500 106.189 -1.02353 17.4713 0.815148 -0.027891 376.684 0 0
1500 131.354 37.8639 17.5885 1.19435 0.560455 376.864 0 0
1500 50.2252 52.9502 17.4387 -0.144044 0.885552 376.951 0 0
1500 86.8036 -33.0219 17.5377 0.497276 -0.488159 376.984 0 0
1500 82.7837 -13.0089 17.6939 0.43373 -0.241515 377.089 0 0
1500 100.672 35.0222 17.4067 0.572933 0.566369 377.427 0 0
1500 107.321 15.699 17.361 0.734517 0.161445 377.485 0 0
1500 73.9674 -6.2545 17.7453 0.223278 -0.141349 377.685 0 0
1500 100.132 3.34037 17.6227 0.734054 0.0170909 377.698 0 0
1500 101.111 49.2895 17.5326 0.643992 0.742379 377.8 0 0
1500 -57.0107 18.4364 17.5528 -1.8198 0.242884 377.807 0 0
1500 85.5455 -14.3436 18.2976 0.546174 -0.232492 377.856 0 0
1500 36.1021 19.0286 17.5597 -0.429663 0.287157 377.976 0 0
1500 97.4158 -39.6949 17.4793 0.593258 -0.623433 378.179 0 0
1500 93.4037 3.04794 17.7516 0.612906 0.052903 378.423 0 0
1500 48.0833 -4.68644 17.9516 -0.137001 -0.0803029 378.569 0 0
1500 70.8846 30.4528 17.542 0.246701 0.490219 378.771 0 0
1500 36.8168 -12.2172 17.6651 -0.380732 -0.21432 378.752 0 0
1500 63.7375 -63.4303 17.4922 0.118045 -0.948398 378.865 0 0
1500 38.9834 41.3352 17.423 -0.256536 0.661676 378.847 0 0
1500 40.836 -5.10758 17.94 -0.310207 -0.0338211 378.859 0 0
1500 52.2533 -11.2879 17.4216 -0.144531 -0.208214 379.04 0 0
1500 113.978 -18.8659 17.5514 0.840433 -0.321036 379.085 0 0
1500 8.10672 44.9269 17.4516 -0.757713 0.670258 379.295 0 0
1500 67.2801 -11.2798 17.4606 0.157894 -0.23276 379.409 0 0
1500 121.529 -8.75506 17.5796 0.943379 -0.176843 379.463 0 0
1500 102.573 36.0761 17.4345 0.64718 0.580156 379.594 0 0
1500 74.654 -12.631 17.5898 0.327467 -0.164788 379.713 0 0
1500 32.1328 46.3954 17.5054 -0.349551 0.762596 379.753 0 0
1500 53.6066 -11.7536 17.5825 -0.0957802 -0.180436 379.82 0 0
1500 94.0522 -54.9725 17.5664 0.555783 -0.817164 379.856 0 0
1500 58.5109 45.6324 17.5179 -0.0417654 0.693227 379.895 0 0
1500 84.7663 4.70563 17.592 0.47155 0.0842758 379.909 0 0
1500 84.0322 -61.3991 17.4685 0.429023 -0.886382 379.977 0 0
1500 117.654 -5.32764 17.5328 0.91349 -0.127661 379.938 0 0
1500 125.564 -13.857 17.4193 0.965313 -0.198846 380.038 0 0
1500 24.6361 -63.8572 17.4385 -0.544129 -0.913288 380.279 0 0
1500 115.311 -36.3714 17.4762 0.860461 -0.534836 380.349 0 0
1500 139.299 -79.3221 17.4891 1.19247 -1.13233 380.385 0 0
1500 86.1083 -16.1703 17.5565 0.383306 -0.266535 380.416 0 0
1500 89.0409 13.3572 18.2126 0.593632 0.173052 380.539 0 0
1500 126.043 11.2604 17.453 0.965953 0.225333 380.6 0 0
1500 81.6743 -68.5044 17.431 0.379754 -0.976144 380.681 0 0
1500 60.7189 15.4096 17.4696 -0.0359246 0.222412 380.72 0 0
1500 113.219 11.1667 17.5971 0.906622 0.170046 380.742 0 0
1500 63.9917 8.16241 18.2371 0.137718 0.164292 380.777 0 0
1500 72.8066 3.2101 17.5727 0.213303 -0.020296 380.809 0 0
1500 94.7751 50.9931 17.6233 0.630543 0.78398 380.855 0 0
1500 66.9002 -24.2081 18.127 0.223959 -0.404911 380.944 0 0
1500 89.5524 -21.4786 17.6924 0.569194 -0.386192 380.97 0 0
1500 109.755 -16.5533 17.7652 0.821911 -0.263587 380.983 0 0
1500 114.859 -46.7313 18.2001 1.06813 -0.844422 380.979 0 0
1500 102.63 -5.12439 17.9689 0.753972 -0.0754914 381.196 0 0
1500 73.3503 11.1316 17.8245 0.295815 0.221387 381.147 0 0
1500 82.0764 -52.3869 17.4848 0.363127 -0.808165 381.206 0 0
1500 28.7596 60.2543 17.534 -0.410293 0.906859 381.23 0 0
1500 75.1077 62.5058 17.5748 0.226842 0.937112 381.376 0 0
1500 -18.2429 3.63046 17.5406 -1.20571 -0.00808396 381.379 0 0
1500 45.2909 64.5835 17.4657 -0.196868 0.921447 381.44 0 0
1500 90.5725 18.9757 18.0923 0.563429 0.316455 381.443 0 0
1500 65.8277 11.7628 17.6159 0.173054 0.227288 381.553 0 0
1500 78.8871 28.2194 17.5057 0.373738 0.394026 381.654 0 0
1500 64.111 25.5192 17.5338 0.16217 0.390772 381.682 0 0
1500 86.7162 18.9282 18.2516 0.543098 0.309924 381.979 0 0
1500 63.6347 -12.98 17.9144 0.0640267 -0.194182 382.003 0 0
1500 38.3714 66.7112 17.5546 -0.319518 0.964672 382.036 0 0
1500 131.456 22.4977 17.6127 1.15544 0.425399 382.383 0 0
1500 71.8497 -35.9561 17.4999 0.2399 -0.479011 382.406 0 0
1500 92.0199 9.63861 17.502 0.500805 0.111525 382.464 0 0
1500 99.022 59.0926 17.4947 0.573736 0.871162 382.438 0 0
1500 67.6059 31.888 17.8427 0.151587 0.51705 382.392 0 0
1500 126.254 25.2784 17.4894 0.940296 0.419839 382.736 0 0
1500 69.887 11.5036 17.5187 0.244368 0.178367 382.762 0 0
1500 118.762 -28.1796 18.221 1.07735 -0.506731 382.768 0 0
1500 93.8555 -54.2471 17.5651 0.614359 -0.812341 382.815 0 0
1500 60.1548 -15.9731 17.5426 0.00561628 -0.302913 382.829 0 0
1500 66.787 -2.3232 18.0981 0.222422 -0.0670132 382.949 0 0
1500 79.9336 -7.4921 17.9579 0.420601 -0.0586501 383.111 0 0
1500 124.76 45.6694 17.6968 1.09347 0.769216 383.225 0 0
1500 85.2182 -3.29443 17.8751 0.492021 -0.0142814 383.27 0 0
1500 97.5785 -40.3785 17.6156 0.554087 -0.588986 383.495 0 0
1500 51.51 25.2022 17.7042 -0.0373367 0.38001 383.535 0 0
1500 137.442 83.8424 17.6436 1.22158 1.34966 383.551 0 0
1500 108.313 23.0471 17.8778 0.823967 0.426691 383.59 0 0
1500 13.3098 2.05578 17.5488 -0.673834 -0.0379852 383.616 0 0
1500 108.881 -32.293 17.7302 0.754769 -0.552362 383.654 0 0
1500 -4.68136 -25.4146 17.5121 -0.948271 -0.357447 383.746 0 0
1500 72.3479 25.5511 17.7478 0.200292 0.433542 383.853 0 0
1500 86.3983 34.0003 17.936 0.432244 0.547306 383.964 0 0
1500 74.3344 -26.1149 17.6402 0.311899 -0.413971 383.969 0 0
1500 108.401 33.3909 18.3009 0.974848 0.549233 383.959 0 0
1500 116.496 20.6538 17.847 0.94153 0.362467 384.051 0 0
1500 112.539 -15.3493 17.7375 0.857986 -0.184752 384.096 0 0
1500 33.3277 -68.0783 17.5463 -0.313301 -0.989164 384.13 0 0
1500 93.4314 1.33781 17.6416 0.587811 -0.0152198 384.138 0 0
1500 62.1938 14.6959 18.0019 0.0491753 0.228106 384.334 0 0
1500 76.6899 -3.03964 18.325 0.391457 -0.105292 384.398 0 0
1500 111.462 -12.7724 17.9217 0.861252 -0.193308 384.454 0 0
1500 58.7739 52.5387 17.6679 0.0682353 0.808557 384.475 0 0
1500 73.0067 -39.5454 17.8533 0.198433 -0.634331 384.463 0 0
1500 94.0202 -14.0081 17.9039 0.593148 -0.163603 384.533 0 0
1500 51.3503 -70.1789 17.5279 -0.146005 -0.985959 384.531 0 0
1500 90.8947 57.4634 17.6941 0.581545 0.870586 384.53 0 0
1500 82.3493 13.6935 17.6787 0.31448 0.249929 384.602 0 0
1500 93.2425 9.71471 18.0068 0.547903 0.21434 384.843 0 0
1500 87.9288 -41.5282 17.6489 0.502459 -0.629211 384.912 0 0
1500 60.6339 61.4129 17.6302 0.031505 0.876781 385.017 0 0
1500 80.0256 55.232 17.6194 0.276709 0.876408 385.03 0 0
1500 31.7525 -6.72459 17.6746 -0.436956 -0.101062 385.054 0 0
1500 66.9925 4.13584 17.6724 0.150326 -0.00587444 385.115 0 0
1500 17.9207 62.3895 17.535 -0.629727 0.881386 385.117 0 0
1500 16.5391 -47.8418 17.5673 -0.613154 -0.744823 385.173 0 0
1500 128.843 0.827317 17.6462 1.02996 0.0347155 385.293 0 0
1500 244.674 -101.954 18.0365 3.3755 -1.77796 385.265 0 0
1500 18.5293 -60.797 17.5933 -0.608406 -0.852562 385.3 0 0
1500 96.7271 -39.7256 17.8776 0.631493 -0.713224 385.31 0 0
1500 85.1041 52.6812 17.5728 0.458888 0.771095 385.466 0 0
1500 74.6804 -19.9501 17.6817 0.285645 -0.278296 385.492 0 0
1500 55.4715 -5.97802 17.8552 -0.0599528 -0.0433823 385.641 0 0
1500 75.1722 33.4481 17.7412 0.280171 0.481153 385.661 0 0
1500 90.6747 2.88816 17.6389 0.532695 -0.00966165 385.713 0 0
1500 137.947 -34.7046 17.6839 1.23485 -0.603578 386.106 0 0
1500 64.9795 -69.1201 17.5832 0.0674815 -1.03063 386.141 0 0
1500 98.9561 21.7865 17.9899 0.628717 0.378316 386.159 0 0
1500 75.5369 -62.1531 17.5878 0.187569 -0.949154 386.166 0 0
1500 85.9023 -0.403788 18.0208 0.515659 0.0283514 386.276 0 0
1500 85.6534 0.695268 18.0164 0.451183 0.0454281 386.327 0 0
1500 67.484 16.7138 17.6132 0.137004 0.279316 386.289 0 0
1500 103.372 -41.5442 17.5988 0.621582 -0.662024 386.313 0 0
1500 76.6801 -44.4124 17.6257 0.319562 -0.735019 386.356 0 0
1500 82.1582 24.12 17.6426 0.347307 0.424846 386.414 0 0
1500 87.7418 -20.6457 18.7805 0.528016 -0.450948 386.405 0 0
1500 47.8816 7.13235 17.6178 -0.116482 0.155063 386.417 0 0
1500 108.623 -48.7445 17.5905 0.75285 -0.675253 386.421 0 0
1500 89.8721 15.8265 17.7023 0.505124 0.295759 386.437 0 0
1500 68.8005 -7.78063 17.9108 0.19279 -0.158863 386.505 0 0
1500 70.699 43.2347 17.862 0.226534 0.757576 386.656 0 0
1500 80.2947 13.88 18.2286 0.374078 0.269963 386.899 0 0
1500 11.6959 -34.513 17.6978 -0.706753 -0.488222 386.941 0 0
1500 119.132 24.3679 17.6319 0.92869 0.429606 387.024 0 0
1500 67.8763 -32.6177 17.8867 0.163178 -0.575772 387.086 0 0
1500 77.3423 13.6576 17.9809 0.338885 0.21208 387.147 0 0
1500 92.7596 -25.2127 18.117 0.617691 -0.385032 387.248 0 0
1500 64.4091 -95.7216 17.609 0.023763 -1.41745 387.202 0 0
1500 117.012 15.8393 18.2823 1.08819 0.266965 387.263 0 0
1500 37.2407 -7.78135 17.9073 -0.331923 -0.0860965 387.504 0 0
1500 36.343 -12.9772 17.8282 -0.408224 -0.24109 387.507 0 0
1500 3.58743 -45.5457 17.6111 -0.77086 -0.689034 387.549 0 0
1500 54.7425 -14.476 18.1693 0.0248613 -0.27766 387.659 0 0
1500 45.0558 -2.75643 17.6861 -0.204987 0.0304217 387.65 0 0
1500 -1.20071 17.5284 17.7111 -0.877925 0.239196 387.733 0 0
1500 52.0838 -39.9452 18.0053 -0.111145 -0.661951 387.788 0 0
1500 26.2954 -5.57511 17.6523 -0.524562 -0.0234531 387.958 0 0
1500 71.5732 -53.3801 17.7621 0.199845 -0.924797 387.959 0 0
1500 46.844 3.58293 17.9611 -0.155159 -0.0114295 388.126 0 0
1500 -7.89245 2.68719 17.6485 -0.99835 0.0394184 388.279 0 0
1500 23.6133 24.7865 17.6346 -0.518749 0.322785 388.457 0 0
1500 65.9824 2.48812 18.1032 0.209529 0.00243185 388.772 0 0
1500 57.5562 -64.7246 17.6408 -0.0298925 -0.936223 388.791 0 0
1500 95.1282 -12.6476 18.547 0.661091 -0.234746 388.799 0 0
1500 94.1803 25.0154 17.6592 0.539377 0.31482 388.828 0 0
1500 31.7364 16.2835 17.6474 -0.41016 0.210236 388.846 0 0
1500 49.1639 35.5911 18.2288 -0.144515 0.603283 388.834 0 0
1500 70.5572 -3.88986 18.8895 0.354998 -0.11165 389.153 0 0
1500 91.5487 -4.95666 17.874 0.563009 -0.0215672 389.21 0 0
1500 96.0226 -21.9857 18.3041 0.732654 -0.33377 389.227 0 0
1500 58.7539 -16.9571 17.9481 -0.0171521 -0.21084 389.44 0 0
1500 181.522 -62.9495 17.7297 1.9635 -0.989861 389.379 0 0
1500 63.483 2.95244 18.2002 0.0987719 0.0928323 389.552 0 0
1500 48.0684 -8.26116 18.2101 -0.138803 -0.0963206 389.794 0 0
1500 122.927 -26.824 17.7326 0.963425 -0.41316 389.883 0 0
1500 102.653 -38.3338 17.7494 0.663849 -0.542903 390.123 0 0
1500 94.6423 9.58534 17.8738 0.558176 0.154037 390.099 0 0
1500 89.6761 1.62194 18.0282 0.545416 0.0814781 390.082 0 0
1500 74.5427 -21.6147 18.5208 0.345346 -0.383816 390.063 0 0
1500 78.3292 -14.2823 17.8975 0.274969 -0.261046 390.093 0 0
1500 91.9111 12.9151 17.8756 0.522255 0.197203 390.157 0 0
1500 123.229 27.3288 17.7415 0.979038 0.370148 390.295 0 0
1500 55.2121 -19.983 17.9275 -0.0765041 -0.26575 390.334 0 0
1500 78.5203 6.72061 18.0519 0.339653 0.138935 390.41 0 0
1500 44.6751 -41.3833 17.8637 -0.239722 -0.613082 390.419 0 0
1500 74.7676 1.84901 18.0417 0.283877 -0.0453987 390.521 0 0
1500 95.623 -21.0764 17.8507 0.6323 -0.334608 390.64 0 0
1500 109.856 -7.39317 17.9559 0.833358 -0.0638392 390.797 0 0
1500 69.0341 11.8857 19.2684 0.284731 0.237272 390.756 0 0
1500 75.9622 -12.4358 18.2229 0.293002 -0.181112 390.827 0 0
1500 65.1628 -1.85066 17.9212 0.11542 -0.0881486 390.927 0 0
1500 66.4368 -48.2846 17.9016 0.0999639 -0.746964 391.051 0 0
1500 75.5215 29.4996 17.8088 0.216203 0.482877 391.218 0 0
1500 71.5444 -27.7059 17.7947 0.198501 -0.481849 391.22 0 0
1500 62.8562 30.9464 17.9402 0.0591088 0.45594 391.328 0 0
1500 86.883 -1.371 18.2723 0.557853 -0.0271597 391.401 0 0
1500 80.753 55.2758 17.7844 0.324757 0.860837 391.345 0 0
1500 98.5959 -16.547 17.8506 0.680279 -0.219669 391.454 0 0
1500 87.1857 43.9756 17.9043 0.481588 0.676314 391.531 0 0
1500 48.2546 -21.1014 17.6955 -0.119939 -0.38457 391.531 0 0
1500 68.1219 -45.0664 18.0457 0.184741 -0.715427 391.539 0 0
1500 107.593 31.1902 17.739 0.79182 0.446896 391.588 0 0
1500 2.67481 22.7551 17.982 -1.03738 0.412305 391.656 0 0
1500 66.5842 -52.2662 18.0897 0.182447 -0.883824 391.715 0 0
1500 111.768 2.64949 18.4831 0.974677 -0.00374724 391.742 0 0
1500 107.576 -39.0934 18.4101 0.909702 -0.701842 391.727 0 0
1500 81.5736 26.229 17.8163 0.297756 0.424233 391.801 0 0
1500 61.4842 -25.9783 18.1343 0.0790396 -0.442208 391.836 0 0
1500 -8.40427 -21.6613 17.8377 -1.02996 -0.359774 391.931 0 0
1500 66.9498 14.5021 18.4907 0.250719 0.272724 391.993 0 0
1500 19.9452 38.0539 17.8122 -0.593884 0.599429 392.304 0 0
1500 47.1959 33.0498 18.2137 -0.217809 0.620008 392.313 0 0
1500 40.2326 67.8239 17.74 -0.258026 1.00122 392.406 0 0
1500 101.947 -15.7339 18.4641 0.767401 -0.291632 392.431 0 0
1500 35.657 -18.3507 17.8513 -0.387467 -0.286151 392.443 0 0
1500 40.6821 6.79884 17.7442 -0.308121 0.157363 392.509 0 0
1500 102.318 5.5446 17.9027 0.738171 0.106765 392.514 0 0
1500 108.782 8.30825 17.6965 0.773786 0.0544874 392.531 0 0
1500 34.5388 -11.2794 18.1163 -0.361432 -0.176081 392.551 0 0
1500 18.0692 47.332 17.6993 -0.648263 0.702014 392.577 0 0
1500 34.9518 -5.65026 17.7441 -0.393523 -0.0290296 392.579 0 0
1500 32.1755 -13.7762 17.7439 -0.434344 -0.150341 392.688 0 0
1500 91.9578 -8.16801 18.284 0.624615 -0.144099 392.779 0 0
1500 96.7847 31.9074 17.9038 0.65469 0.488424 392.82 0 0
1500 71.7449 -33.5649 17.8409 0.188615 -0.480183 392.87 0 0
1500 115.966 7.71897 17.9521 0.980207 0.196093 392.886 0 0
1500 56.6168 -3.46518 17.8031 1.85996e-06 -0.12603 393.055 0 0
1500 20.3016 -11.1109 17.7442 -0.611832 -0.0984101 393.082 0 0
1500 98.8935 -7.42086 17.862 0.663395 -0.0506798 393.159 0 0
1500 70.8752 -9.90562 17.7912 0.145732 -0.201737 393.311 0 0
1500 93.9285 24.2927 18.5199 0.740789 0.567334 393.324 0 0
1500 58.9902 10.721 18.3862 0.0911315 0.198746 393.475 0 0
1500 94.1486 6.92457 18.159 0.573591 0.120184 393.555 0 0
1500 32.8075 61.7676 17.8222 -0.399582 0.925996 393.616 0 0
1500 54.0119 31.3841 17.9739 -0.0948096 0.491585 393.638 0 0
1500 119.427 -10.7671 17.9104 0.967896 -0.128162 393.889 0 0
1500 101.295 -29.9904 17.7615 0.705799 -0.466113 393.88 0 0
1500 96.0014 -35.0382 17.8874 0.569698 -0.593546 393.827 0 0
1500 73.0775 23.0381 17.8441 0.235837 0.361319 393.895 0 0
1500 76.4966 19.8867 18.723 0.355688 0.309955 393.954 0 0
1500 128.522 32.9926 17.838 1.1844 0.587427 393.957 0 0
1500 94.2634 -21.1288 18.057 0.641155 -0.310667 394.125 0 0
1500 78.9371 -44.0497 17.8768 0.372999 -0.71182 394.096 0 0
1500 119.307 16.3338 17.8522 1.04541 0.292811 394.132 0 0
1500 71.3786 -45.6471 17.9988 0.189796 -0.803144 394.16 0 0
1500 36.6906 6.87615 18.4403 -0.328845 0.106037 394.266 0 0
1500 79.3612 52.882 17.8654 0.37053 0.822803 394.221 0 0
1500 18.1912 -36.9293 17.8849 -0.647812 -0.667454 394.217 0 0
1500 106.547 59.7318 17.8193 0.729014 0.978799 394.384 0 0
1500 63.207 71.2604 17.7359 0.132516 1.03732 394.503 0 0
1500 83.495 61.518 17.7984 0.430082 0.92213 394.501 0 0
1500 115.905 -12.9163 17.8053 0.914676 -0.213881 394.512 0 0
1500 105.353 -13.2096 17.9509 0.762344 -0.251001 394.507 0 0
1500 78.0878 16.079 18.1729 0.363729 0.238414 394.582 0 0
1500 87.0649 -1.75895 18.7808 0.602237 -0.0576707 394.749 0 0
1500 87.6809 -55.8834 17.7661 0.499948 -0.834491 394.765 0 0
1500 72.2439 11.9637 17.7426 0.275655 0.147433 394.773 0 0
1500 146.558 -32.6114 17.8636 1.4107 -0.469942 394.593 0 0
1500 26.7543 7.67589 17.9993 -0.597971 0.168962 394.781 0 0
1500 119.864 -28.5132 17.7848 0.924779 -0.393837 394.869 0 0
1500 82.8892 9.97378 18.154 0.447208 0.213152 394.943 0 0
1500 105.566 -42.2787 17.8085 0.759821 -0.634683 394.982 0 0
1500 84.7678 -51.6222 17.8038 0.410238 -0.824049 395.102 0 0
1500 92.718 -21.0225 17.9193 0.600814 -0.275099 395.287 0 0
1500 96.636 8.26902 17.9192 0.658459 0.159551 395.34 0 0
1500 49.7648 31.0272 18.2163 -0.123992 0.559024 395.371 0 0
1500 74.9831 -12.1563 17.7677 0.314789 -0.232787 395.455 0 0
1500 33.3939 -85.9583 17.7404 -0.340827 -1.24086 395.669 0 0
1500 42.9928 28.2204 18.1251 -0.269909 0.44968 395.663 0 0
1500 116.729 13.3303 17.9655 0.953032 0.293152 395.699 0 0
1500 100.409 -8.55705 17.9093 0.679658 -0.194405 395.755 0 0
1500 90.3449 -57.0705 18.0614 0.554837 -0.976163 395.741 0 0
1500 108.743 44.8607 17.8781 0.777904 0.690875 395.805 0 0
1500 177.826 -80.1621 17.8948 2.04126 -1.32324 395.946 0 0
1500 75.4764 -1.79348 17.9762 0.336442 -0.0845557 396.278 0 0
1500 71.4731 -16.7951 17.9756 0.275999 -0.309087 396.375 0 0
1500 92.0024 -39.5152 17.859 0.570528 -0.630881 396.446 0 0
1500 90.6928 0.110041 17.891 0.549727 -0.058668 396.523 0 0
1500 74.5195 60.1397 17.7745 0.265805 0.881358 396.574 0 0
1500 52.6657 32.1496 18.1743 -0.137647 0.544194 396.603 0 0
1500 85.2443 -17.414 18.1718 0.479417 -0.325403 396.711 0 0
1500 45.6607 -69.0926 17.8702 -0.234917 -1.10743 396.706 0 0
1500 75.12 -30.395 18.3087 0.297789 -0.512279 396.767 0 0
1500 77.5997 -66.3207 17.8132 0.273307 -0.995912 396.811 0 0
1500 113.031 -37.233 17.7419 0.78675 -0.580023 396.813 0 0
1500 -7.42262 -21.9608 17.802 -0.979454 -0.363535 396.887 0 0
1500 91.053 -51.8957 17.7962 0.533956 -0.788994 396.94 0 0
1500 90.6604 4.40814 18.0798 0.559201 0.138769 396.982 0 0
1500 56.2171 -69.9313 17.804 -0.0707546 -1.04532 397.09 0 0
1500 60.5815 7.50051 18.1314 0.107662 0.151903 397.066 0 0
1500 100.323 -15.7232 17.9112 0.717098 -0.252476 397.112 0 0
1500 42.3973 17.6549 17.8839 -0.264544 0.330562 397.074 0 0
1500 85.7511 39.72 18.0959 0.557935 0.686209 397.07 0 0
1500 102.659 -9.7973 18.4557 0.772254 -0.193715 397.127 0 0
1500 77.0035 -35.861 18.0774 0.38183 -0.569075 397.211 0 0
1500 127.382 4.14385 17.7636 1.04778 0.0216618 397.228 0 0
1500 84.1341 40.4205 17.8756 0.386949 0.673411 397.301 0 0
1500 117.593 -23.8748 17.8766 0.968443 -0.376862 397.374 0 0
1500 66.1251 50.53 17.7587 0.0745612 0.815351 397.43 0 0
1500 95.8414 -37.9759 18.0315 0.586798 -0.69366 397.357 0 0
1500 64.3477 50.647 17.7842 0.0996561 0.752711 397.537 0 0
1500 48.0759 -36.4484 17.9372 -0.201112 -0.566328 397.616 0 0
1500 20.917 -25.1964 17.7825 -0.565707 -0.322445 397.642 0 0
1500 76.6902 2.17008 17.8085 0.27058 0.108544 397.689 0 0
1500 126.207 -9.09866 17.7698 1.02353 -0.165557 397.745 0 0
1500 99.4503 7.18518 18.1944 0.731853 0.120043 397.795 0 0
1500 78.6871 10.6598 17.8072 0.300828 0.238986 397.805 0 0
1500 53.3746 8.33838 18.1129 -0.0561244 0.194263 397.837 0 0
1500 57.8281 -1.95539 17.9656 0.0202723 0.0464928 397.909 0 0
1500 38.6743 60.0888 17.7881 -0.357909 0.880991 398.004 0 0
1500 74.1942 28.348 17.7984 0.197098 0.48848 397.957 0 0
1500 50.2311 30.9631 17.8826 -0.119746 0.467091 398.026 0 0
1500 91.2996 16.2701 17.9603 0.581123 0.287782 398.022 0 0
1500 48.1466 13.2661 17.964 -0.127303 0.27832 398.071 0 0
1500 89.9892 0.0136675 17.8986 0.488424 0.0410153 398.086 0 0
1500 69.4325 -39.9592 18.126 0.200755 -0.657472 398.139 0 0
1500 41.7737 -16.9798 18.0954 -0.227059 -0.325566 398.1 0 0
1500 34.9541 -12.372 18.1201 -0.422488 -0.216548 398.096 0 0
1500 1.03315 19.9996 17.7588 -0.886695 0.354774 398.274 0 0
1500 64.8486 11.9773 17.9094 0.174804 0.236016 398.394 0 0
1500 92.55 29.3329 18.1798 0.625265 0.455008 398.449 0 0
1500 66.7899 73.2823 17.8543 0.177344 1.26403 398.486 0 0
1500 131.081 -1.78299 18.0252 1.20481 0.014595 398.704 0 0
1500 116.031 -28.0302 17.7842 0.867474 -0.426919 398.75 0 0
1500 97.7485 -3.13427 18.0653 0.669445 0.0114992 398.757 0 0
1500 87.6228 -17.3449 18.4053 0.491765 -0.275616 398.773 0 0
1500 55.137 7.65344 18.1948 -0.039692 0.143022 398.845 0 0
1500 96.7745 -38.13 17.9981 0.644224 -0.614926 398.814 0 0
1500 70.4595 34.3394 18.1612 0.214615 0.580921 398.82 0 0
1500 98.5562 -33.1484 17.8601 0.689225 -0.500194 398.868 0 0
1500 26.9397 -45.3996 17.7686 -0.431164 -0.747185 398.875 0 0
1500 73.941 48.6862 17.9283 0.242489 0.885806 398.817 0 0
1500 79.9165 -21.3708 18.4284 0.369907 -0.337366 399.03 0 0
1500 120.697 -11.9939 17.9524 0.998772 -0.162608 399.041 0 0
1500 -9.90263 5.95841 17.8173 -1.01432 0.11802 398.951 0 0
1500 81.8462 -1.98922 18.0773 0.410248 -0.0347241 398.978 0 0
1500 98.8388 9.32706 17.8056 0.616451 0.110115 398.994 0 0
1500 79.6596 -8.77337 18.3943 0.448997 -0.223068 399.037 0 0
1500 137.622 -25.5908 17.8909 1.32211 -0.363433 399.071 0 0
1500 72.0364 8.82775 18.0039 0.2914 0.190019 399.134 0 0
1500 65.3796 -25.9927 18.382 0.113289 -0.510811 399.123 0 0
1500 72.7708 2.27095 18.2927 0.311725 0.0296892 399.162 0 0
1500 70.9996 5.43314 18.0827 0.26702 0.0626387 399.18 0 0
1500 77.7344 -18.7018 17.7932 0.287937 -0.312782 399.205 0 0
1500 5.97117 -45.3495 17.8109 -0.760531 -0.71194 399.252 0 0
1500 100.825 -12.9742 18.0272 0.734742 -0.228584 399.257 0 0
1500 68.3365 -21.8889 17.7948 0.161712 -0.35525 399.266 0 0
1500 55.0413 17.2962 18.1459 0.0209434 0.288017 399.399 0 0
1500 77.8014 -23.698 18.3762 0.334584 -0.417576 399.568 0 0
1500 2.25191 -17.571 17.7933 -0.873215 -0.203607 399.62 0 0
1500 3.10031 -24.1407 17.7933 -0.859005 -0.300329 399.75 0 0
1500 96.7168 51.7513 17.9093 0.622953 0.806745 399.787 0 0
1500 99.9587 -39.974 18.1884 0.701178 -0.721302 399.8 0 0
1500 99.4816 49.8565 17.9095 0.662547 0.778683 399.839 0 0
1500 51.417 -13.0197 17.9205 -0.032055 -0.222751 399.917 0 0
1500 83.0831 5.44409 18.3222 0.495104 0.0285787 399.906 0 0
1500 74.1524 5.68527 18.1425 0.313596 0.092895 399.988 0 0
1500 95.4618 -26.6057 17.8973 0.648944 -0.388755 400.045 0 0
1500 15.8844 -46.9395 17.8595 -0.684349 -0.711448 400.051 0 0
1500 80.5769 37.3014 17.9928 0.430162 0.6017 400.071 0 0
1500 86.5412 60.4758 17.9772 0.547064 0.985152 400.057 0 0
1500 81.9684 12.02 18.1699 0.350032 0.223391 400.212 0 0
1500 3.7078 -64.4366 17.7658 -0.869185 -0.912096 400.285 0 0
1500 101.359 41.9782 17.9889 0.745749 0.660232 400.32 0 0
1500 23.226 -9.34296 18.0207 -0.542527 -0.205754 400.346 0 0
1500 95.8938 -27.7413 18.477 0.734194 -0.510418 400.396 0 0
1500 74.4749 -38.2843 17.876 0.241431 -0.584166 400.448 0 0
1500 106.457 -9.70327 18.2083 0.839575 -0.134802 400.495 0 0
1500 69.9128 -22.2069 18.2572 0.169342 -0.363862 400.561 0 0
1500 69.6672 82.5832 17.9086 0.258817 1.34409 400.527 0 0
1500 87.4421 44.7234 17.8952 0.523938 0.675022 400.646 0 0
1500 25.8862 50.9402 17.8521 -0.562643 0.806805 400.648 0 0
1500 103.548 -26.4492 18.2614 0.777666 -0.437513 400.872 0 0
1500 21.0634 -7.73165 17.865 -0.542464 -0.15191 400.804 0 0
1500 84.7996 -29.6284 17.8936 0.45377 -0.450734 400.76 0 0
1500 108.023 45.4815 17.8503 0.789368 0.689777 400.794 0 0
1500 14.5073 -40.2301 17.7996 -0.662226 -0.678945 400.868 0 0
1500 129.61 -122.348 17.9105 1.23148 -1.97028 400.978 0 0
1500 81.5147 12.0297 17.8298 0.374634 0.126939 401.068 0 0
1500 124.961 1.40883 17.8633 1.04806 0.0154427 401.139 0 0
1500 107.896 46.2089 17.8377 0.737883 0.726157 401.178 0 0
1500 115.011 0.741462 18.064 0.939516 0.0685587 401.178 0 0
1500 78.2543 53.1403 17.9918 0.374212 0.837791 401.204 0 0
1500 119.317 -28.0989 17.8641 0.964552 -0.409997 401.281 0 0
1500 109.972 55.0759 17.8927 0.832532 0.981218 401.263 0 0
1500 119.698 5.42022 17.8178 0.993445 0.0985273 401.348 0 0
1500 95.8842 58.3198 17.9367 0.659782 0.996963 401.471 0 0
1500 62.6815 -0.75145 17.9895 0.121206 -0.0623617 401.511 0 0
1500 74.7839 -20.4437 18.1009 0.232534 -0.355611 401.658 0 0
1500 41.8076 32.3321 18.119 -0.24682 0.550883 401.671 0 0
1500 71.6786 1.86304 18.0933 0.306184 0.074212 401.701 0 0
1500 80.8632 -45.575 17.9873 0.426705 -0.730283 401.804 0 0
1500 32.1019 -23.3063 18.0518 -0.409086 -0.413251 401.804 0 0
1500 57.8593 -6.6378 17.9176 0.0178905 -0.156371 401.975 0 0
1500 30.2884 57.1035 17.8973 -0.398583 0.920579 401.958 0 0
1500 106.493 -33.2308 17.9721 0.777963 -0.559585 401.93 0 0
1500 102.13 -17.4291 18.4669 0.820787 -0.310802 401.963 0 0
1500 133.781 -14.353 17.9312 1.27875 -0.217063 401.937 0 0
1500 101.704 48.4555 17.7885 0.666079 0.745592 402.144 0 0
1500 100.735 11.45 18.0382 0.748593 0.177637 402.25 0 0
1500 63.9616 2.44675 18.0925 0.100794 0.10923 402.295 0 0
1500 78.3011 11.1288 18.1584 0.371154 0.171511 402.43 0 0
1500 71.3792 -65.4657 17.9395 0.171437 -1.04338 402.409 0 0
1500 110.447 -20.0644 17.8428 0.844599 -0.357367 402.455 0 0
1500 45.6282 50.4671 18.0107 -0.214031 0.942167 402.524 0 0
1500 84.7997 53.0403 17.8556 0.400379 0.806497 402.657 0 0
1500 59.7271 -3.66709 18.8547 0.102254 -0.0948347 402.72 0 0
1500 54.376 61.0639 17.9856 -0.0668707 0.969888 402.626 0 0
1500 38.3923 -0.105554 17.9552 -0.325071 -0.0668705 402.59 0 0
1500 -91.2468 106.581 17.8432 -2.36883 1.66391 402.609 0 0
1500 69.9797 -66.9124 17.8236 0.207424 -1.0139 402.841 0 0
1500 74.7858 -37.5405 18.0588 0.307017 -0.638865 402.86 0 0
1500 52.6837 56.5535 17.86 -0.047569 0.852079 402.946 0 0
1500 101.022 -3.34587 19.0978 0.878571 -0.0183437 402.952 0 0
1500 48.0111 -61.2158 17.8411 -0.0943057 -0.969993 402.91 0 0
1500 59.891 44.9212 17.7871 0.0955116 0.717061 402.921 0 0
1500 46.897 -11.8882 17.9079 -0.234751 -0.20598 402.972 0 0
1500 34.7396 -52.7203 18.033 -0.336638 -0.926776 402.965 0 0
1500 96.5357 -25.7819 17.7862 0.655988 -0.365718 403.021 0 0
1500 95.4404 12.0365 17.8725 0.664946 0.213777 403.001 0 0
1500 -6.50963 -66.4379 17.7852 -0.995707 -1.03475 403.072 0 0
1500 50.0166 61.8839 17.8098 -0.129723 0.949489 403.124 0 0
1500 33.7724 -23.9979 17.9636 -0.388965 -0.432546 403.137 0 0
1500 82.0841 -39.6971 17.9102 0.368295 -0.682754 403.182 0 0
1500 64.8192 15.2458 17.9978 0.122631 0.312407 403.185 0 0
1500 48.5738 21.1358 17.9262 -0.148492 0.400173 403.344 0 0
1500 87.8604 -60.3398 17.8914 0.42277 -0.953547 403.363 0 0
1500 74.648 0.438473 18.4572 0.402796 -0.0107464 403.423 0 0
1500 144.092 115.413 17.8121 1.42214 1.8289 403.477 0 0
1500 25.7328 -56.9903 17.8044 -0.474004 -0.893754 403.621 0 0
1500 -3.51032 81.6581 18.0507 -1.06926 1.40963 403.618 0 0
1500 27.9532 11.1654 17.8193 -0.453636 0.207982 403.638 0 0
1500 103.722 -48.1922 17.8051 0.650069 -0.765754 403.719 0 0
1500 -21.1952 23.3076 17.8223 -1.22238 0.408767 403.737 0 0
1500 105.922 -6.72155 17.9719 0.813965 -0.124773 403.813 0 0
1500 37.394 -49.9998 17.7957 -0.387046 -0.782416 403.963 0 0
1500 110.227 32.9154 18.0052 0.852809 0.600406 403.951 0 0
1500 94.4714 -21.6703 18.0531 0.676981 -0.43424 403.986 0 0
1500 65.5384 5.061 18.1022 0.200462 0.0904567 404.036 0 0
1500 14.9639 -47.0591 17.8079 -0.625289 -0.745659 404.071 0 0
1500 18.6469 -43.9097 17.8662 -0.60533 -0.663825 404.108 0 0
1500 101.258 38.8854 17.9037 0.705515 0.638827 404.154 0 0
1500 51.1639 -52.6558 17.9551 -0.121557 -0.856568 404.167 0 0
1500 31.6301 38.466 17.9438 -0.410385 0.653186 404.22 0 0
1500 141.435 56.0759 17.9049 1.31473 0.962653 404.215 0 0
1500 57.5713 -12.0108 18.0311 -0.0519808 -0.157934 404.281 0 0
1500 82.2384 20.3295 17.9944 0.451544 0.357816 404.345 0 0
1500 25.2808 46.091 17.8306 -0.536286 0.753791 404.408 0 0
1500 108.766 41.219 17.8219 0.806738 0.655876 404.552 0 0
1500 41.3589 -7.92386 18.435 -0.299413 -0.159845 404.549 0 0
1500 73.3261 26.4581 18.05 0.258563 0.478552 404.557 0 0
1500 58.2376 26.3632 17.9389 -0.0224011 0.415222 404.567 0 0
1500 8.3648 25.3843 18.0801 -0.837828 0.493989 404.588 0 0
1500 71.5454 -33.1006 17.8094 0.221133 -0.517137 404.643 0 0
1500 130.134 -5.65451 17.9357 1.1684 -0.114438 404.64 0 0
1500 82.8156 -54.807 17.9523 0.35127 -0.881662 404.713 0 0
1500 88.5268 -7.13851 18.5066 0.62322 -0.0975166 404.73 0 0
1500 120.906 -20.1457 17.8423 0.968104 -0.386935 404.724 0 0
1500 95.7298 41.4747 17.9399 0.555762 0.692824 404.786 0 0
1500 44.9624 57.364 17.8744 -0.231837 0.919538 404.802 0 0
1500 95.4538 -27.8718 18.1494 0.624443 -0.49615 404.833 0 0
1500 91.3613 -16.7627 18.0085 0.54337 -0.339438 404.998 0 0
1500 74.449 -73.1433 17.7973 0.186594 -1.09887 405.097 0 0
1500 19.3206 20.9947 18.0202 -0.630065 0.343907 405.267 0 0
1500 90.3333 -12.5316 17.9223 0.580976 -0.214478 405.207 0 0
1500 86.2102 -21.0422 17.8429 0.438847 -0.401455 405.27 0 0
1500 100.767 -3.22064 17.9367 0.740372 -0.0581015 405.383 0 0
1500 81.1254 -19.1358 17.927 0.401443 -0.256007 405.438 0 0
1500 0.402769 31.7016 17.7912 -0.927723 0.446692 405.401 0 0
1500 96.6421 29.8291 18.172 0.652033 0.512571 405.435 0 0
1500 53.6644 6.40969 17.8452 -0.0752241 0.155066 405.567 0 0
1500 90.6215 13.6482 17.8281 0.557394 0.264344 405.48 0 0
1500 124.806 -13.6846 17.825 1.02721 -0.15163 405.617 0 0
1500 42.3249 15.3367 18.0018 -0.193309 0.277302 405.778 0 0
1500 122.532 -18.1398 17.7994 0.963531 -0.343574 405.797 0 0
1500 112.345 15.2489 17.9834 0.890782 0.274243 405.805 0 0
1500 62.5922 29.6173 18.1541 0.0528098 0.495655 405.738 0 0
1500 73.7523 3.48251 18.1801 0.359572 0.0325484 405.78 0 0
1500 74.2472 12.1532 17.8577 0.214619 0.255201 405.784 0 0
1500 39.7687 -3.3321 17.8579 -0.320664 0.0148256 405.77 0 0
1500 31.0174 60.3397 17.8725 -0.432823 0.946806 406.022 0 0
1500 38.517 -44.0159 17.8361 -0.293313 -0.747659 405.963 0 0
1500 124.112 4.33361 17.8274 1.01078 0.109361 406.048 0 0
1500 81.3299 5.20073 18.0203 0.428805 0.138366 406.044 0 0
1500 109.709 38.0745 17.8938 0.819952 0.56275 406.169 0 0
1500 84.6985 -33.8029 17.9987 0.391289 -0.631124 406.201 0 0
1500 90.5815 56.0234 17.8289 0.525269 0.852787 406.259 0 0
1500 83.6079 -21.1963 18.1744 0.505869 -0.34051 406.257 0 0
1500 75.7396 41.5488 17.9263 0.288494 0.705337 406.418 0 0
1500 30.3725 10.4591 17.8103 -0.442805 0.0864345 406.519 0 0
1500 71.3115 -26.4571 17.8466 0.2509 -0.472328 406.571 0 0
1500 41.3524 4.87779 18.1445 -0.245178 0.0278037 406.618 0 0
1500 96.8847 -19.8052 18.7483 0.832859 -0.423439 406.62 0 0
1500 80.8751 -15.5569 18.3054 0.411937 -0.256839 406.648 0 0
1500 36.7026 22.0984 18.0671 -0.348316 0.390346 406.647 0 0
1500 110.273 -24.6713 17.8436 0.810991 -0.445229 406.661 0 0
1500 78.0069 -34.4568 17.8445 0.348538 -0.594599 406.684 0 0
1500 38.461 -37.4318 17.8106 -0.257388 -0.637383 406.944 0 0
1500 34.7784 35.8417 18.2217 -0.412698 0.572335 406.942 0 0
1500 72.5298 -38.4553 17.9655 0.263795 -0.676636 406.992 0 0
1500 25.6928 -23.5235 17.9217 -0.463715 -0.391883 407.114 0 0
1500 122.025 -17.298 17.8485 1.0082 -0.285862 407.097 0 0
1500 65.5527 59.2156 17.8366 0.163071 0.887495 407.137 0 0
1500 109.713 27.2819 17.8366 0.790503 0.433717 407.142 0 0
1500 94.642 -22.6775 18.3003 0.671068 -0.377324 407.179 0 0
1500 87.3603 27.859 18.0786 0.553507 0.418404 407.188 0 0
1500 41.8514 -61.0219 17.8659 -0.275307 -0.916553 407.328 0 0
1500 41.8638 19.2559 17.9754 -0.218551 0.333413 407.413 0 0
1500 107.543 -15.5238 18.1651 0.853351 -0.250673 407.351 0 0
1500 89.1387 47.3297 17.9207 0.484736 0.781898 407.352 0 0
1500 103.002 -32.8357 18.7269 0.946356 -0.692493 407.394 0 0
1500 88.9242 -2.13639 18.0163 0.502948 -0.0714645 407.739 0 0
1500 1.88136 29.5782 17.8369 -0.845643 0.480724 407.783 0 0
1500 108.363 -14.2791 18.0297 0.845975 -0.172608 407.826 0 0
1500 45.7569 -40.9873 17.9346 -0.175195 -0.701423 407.759 0 0
1500 141.564 9.14705 17.9123 1.42951 0.178942 407.836 0 0
1500 53.6034 -56.3882 17.8494 -0.0497169 -0.924821 407.867 0 0
1500 69.3685 29.7792 17.957 0.137702 0.534466 407.857 0 0
1500 102.491 17.5072 18.3102 0.797373 0.259542 408.009 0 0
1500 118.623 -24.6281 17.8084 0.8744 -0.4249 408.187 0 0
1500 6.20889 -39.995 17.8076 -0.739863 -0.646378 408.083 0 0
1500 40.7521 22.157 17.8786 -0.25235 0.416282 408.123 0 0
1500 -27.8261 33.1562 17.8183 -1.37998 0.57708 408.151 0 0
1500 70.5562 -18.962 18.268 0.24837 -0.379715 408.216 0 0
1500 63.0002 -20.6872 17.8787 0.120131 -0.337313 408.252 0 0
1500 100.717 50.8726 17.8717 0.667904 0.799907 408.299 0 0
1500 80.1927 23.9299 17.8766 0.351533 0.442132 408.321 0 0
1500 103.615 -25.2674 18.1762 0.82732 -0.434367 408.404 0 0
1500 76.5257 12.4401 17.9296 0.376141 0.19131 408.429 0 0
1500 84.0255 -34.4005 18.3038 0.500101 -0.567608 408.491 0 0
1500 86.1413 -7.38301 18.3982 0.513448 -0.0802372 408.6 0 0
1500 98.952 17.5191 18.2814 0.708669 0.324768 408.608 0 0
1500 105.193 7.13666 17.8554 0.759442 0.0404205 408.636 0 0
1500 90.5916 48.8791 18.0067 0.545737 0.769555 408.946 0 0
1500 84.277 -28.6357 18.1695 0.45029 -0.442192 408.666 0 0
1500 73.2836 2.9667 18.4032 0.338105 0.0594574 408.922 0 0
1500 58.3331 51.5709 17.8493 -0.0361176 0.782323 408.991 0 0
1500 1.36912 -27.3875 17.8163 -0.882819 -0.379617 408.864 0 0
1500 99.1464 8.48501 18.1661 0.688459 0.199166 408.962 0 0
1500 80.2286 39.4305 17.8188 0.337154 0.683279 408.785 0 0
1500 68.3634 25.2168 17.9553 0.0986015 0.401653 408.848 0 0
1500 68.5241 1.00785 17.96 0.157325 -0.0591711 408.72 0 0
1500 115.169 -22.9084 17.8953 0.883134 -0.435001 408.898 0 0
1500 131.588 39.9897 18.105 1.28973 0.653175 408.698 0 0
1500 18.9712 -45.2607 17.977 -0.696952 -0.729414 408.704 0 0
1500 126.88 -1.30189 17.9897 1.20638 -0.0755251 408.821 0 0
1500 29.6028 13.9579 17.9791 -0.504769 0.305299 408.739 0 0
1500 53.9151 1.68877 17.8459 -0.0302982 -0.0403432 409.128 0 0
1500 63.2861 -29.2297 17.8123 0.0842979 -0.475226 409.096 0 0
1500 119.879 8.63217 18.0669 1.0144 0.123466 409.237 0 0
1500 94.9798 -9.94615 17.8089 0.577839 -0.112837 409.169 0 0
1500 77.5301 42.8965 18.1631 0.361134 0.714001 409.284 0 0
1500 87.9389 8.80465 17.9997 0.557668 0.12149 409.343 0 0
1500 83.7895 21.166 19.0112 0.47979 0.436773 409.326 0 0
1500 108.541 12.2803 17.8649 0.840645 0.148745 409.425 0 0
1500 27.5993 28.042 17.947 -0.528352 0.441195 409.471 0 0
1500 85.2355 23.4641 17.998 0.515074 0.346428 409.468 0 0
1500 74.9106 -25.4794 17.9115 0.331276 -0.443546 409.487 0 0
1500 50.7488 62.5052 17.922 -0.0859862 0.973986 409.738 0 0
1500 90.4387 -49.765 17.8466 0.523761 -0.816542 409.832 0 0
1500 52.3774 18.9689 17.8725 -0.151598 0.336458 409.926 0 0
1500 61.5677 -12.2219 17.9777 0.0704002 -0.272807 409.925 0 0
1500 70.6281 -25.3393 17.9731 0.132495 -0.406218 409.856 0 0
1500 89.4017 -4.65131 18.7138 0.629926 -0.118255 410.115 0 0
1500 104.386 26.2524 17.9956 0.787419 0.430727 410.073 0 0
1500 74.7246 -46.343 17.9423 0.248563 -0.779829 410.093 0 0
1500 149.787 -22.2889 18.0704 1.58943 -0.314782 410.13 0 0
1500 121.133 -23.1894 17.8308 0.966221 -0.399325 410.219 0 0
1500 44.5641 -61.3717 17.8303 -0.15862 -0.943759 410.331 0 0
1500 97.909 -43.5057 17.9104 0.687539 -0.656928 410.322 0 0
1500 92.4675 -10.278 18.9022 0.632874 -0.182665 410.46 0 0
1500 54.6082 -10.1684 17.9913 -0.0637745 -0.199208 410.443 0 0
1500 95.2196 53.8758 17.8518 0.547573 0.850407 410.344 0 0
1500 118.554 -4.81664 18.0217 0.994045 -0.0476666 410.435 0 0
1500 93.4476 -55.7829 17.8488 0.530184 -0.880634 410.507 0 0
1500 1.8961 7.63426 17.937 -0.908617 0.125795 410.507 0 0
1500 79.5315 11.9972 18.2388 0.346555 0.230904 410.573 0 0
1500 109.967 -7.88809 17.8987 0.859272 -0.168008 410.628 0 0
1500 -179.224 -20.2977 17.8307 -3.70398 -0.297741 410.588 0 0
1500 26.5094 -29.5752 17.863 -0.549559 -0.416992 410.617 0 0
1500 94.6344 9.92659 18.3114 0.645557 0.217684 410.715 0 0
1500 115.916 -17.0955 18.205 1.02229 -0.29991 410.707 0 0
1500 122.085 -15.3522 17.8371 0.964562 -0.283519 410.777 0 0
1500 101.695 -45.6892 17.9077 0.738414 -0.684122 410.875 0 0
1500 88.2928 -19.7479 18.0523 0.462384 -0.372961 410.894 0 0
1500 104.869 -6.49357 17.9577 0.748227 -0.17427 410.915 0 0
1500 35.4911 40.7741 17.8593 -0.408736 0.666291 410.947 0 0
1500 142.964 -47.9503 17.9157 1.44738 -0.72819 410.946 0 0
1500 80.7241 -40.6757 17.9567 0.378398 -0.696013 411.012 0 0
1500 86.9629 36.4255 18.3064 0.526508 0.611859 411.181 0 0
1500 95.5239 51.0565 17.8757 0.629494 0.803516 411.194 0 0
1500 81.8035 35.0412 18.0782 0.439815 0.594264 411.185 0 0
1500 40.241 7.48322 17.9037 -0.268871 0.195514 411.327 0 0
1500 92.7493 -15.4316 17.8501 0.616374 -0.234628 411.353 0 0
1500 119.992 -26.2976 17.8442 0.944652 -0.452016 411.507 0 0
1500 48.0621 62.2292 17.8376 -0.223669 0.950293 411.46 0 0
1500 77.3124 -6.32861 18.3688 0.396105 -0.164064 411.386 0 0
1500 128.089 -63.238 18.1225 1.20008 -1.14151 411.522 0 0
1500 7.24114 -36.6043 17.8054 -0.842538 -0.54932 411.591 0 0
1500 54.544 -42.7554 17.852 -0.0449497 -0.670485 411.629 0 0
1500 100.382 16.4522 17.8363 0.646219 0.280786 411.668 0 0
1500 52.2089 54.6593 17.8627 -0.0724773 0.845472 411.675 0 0
1500 46.0179 -139.543 17.7955 -0.261933 -2.11531 411.788 0 0
1500 41.2839 -35.5921 17.8257 -0.283808 -0.625857 411.755 0 0
1500 89.2054 2.76618 17.8548 0.481759 0.120786 411.711 0 0
1500 46.6172 -24.9377 18.1666 -0.207486 -0.38496 411.857 0 0
1500 55.5484 -34.2046 18.4597 -0.0368171 -0.599298 411.904 0 0
1500 100.684 28.4485 17.8668 0.611498 0.471433 412.045 0 0
1500 21.989 -52.758 17.8583 -0.577752 -0.792177 412.133 0 0
1500 22.0991 52.4618 17.8604 -0.569964 0.849382 412.013 0 0
1500 60.6452 -42.5913 17.8751 0.0628889 -0.71095 412.026 0 0
1500 91.8214 -5.4643 18.3006 0.606501 -0.150142 412.016 0 0
1500 4.12025 -28.8042 17.8504 -0.876854 -0.39669 411.987 0 0
1500 77.5801 -2.72513 18.3837 0.340865 -0.11153 412.111 0 0
1500 42.5548 -50.8988 18.128 -0.245138 -0.952351 412.075 0 0
1500 90.6944 2.15508 18.0296 0.522471 0.0841027 412.196 0 0
1500 -6.2876 15.8992 17.8597 -0.990856 0.301323 412.265 0 0
1500 81.4945 18.8771 18.2875 0.375685 0.350509 412.218 0 0
1500 101.956 -95.7658 17.8594 0.674221 -1.60116 412.196 0 0
1500 83.5149 5.91805 17.8547 0.47636 0.0962134 412.326 0 0
1500 83.2158 3.06914 17.855 0.471854 0.0518391 412.305 0 0
1500 132.205 -22.2768 17.8725 1.20837 -0.425347 412.313 0 0
1500 113.685 -34.3243 17.979 0.91056 -0.517616 412.436 0 0
1500 54.9124 64.5688 17.8476 -0.107638 1.00745 412.532 0 0
1500 101.603 -20.9623 18.1441 0.702624 -0.391835 412.59 0 0
1500 49.6745 32.349 17.8237 -0.208915 0.487031 412.545 0 0
1500 118.566 -13.4636 17.9385 1.00932 -0.14531 412.573 0 0
1500 -9.03336 -8.30404 17.7933 -1.02626 -0.0609829 412.6 0 0
1500 108.057 -29.9302 17.8449 0.732899 -0.460542 412.659 0 0
1500 70.5064 64.8917 17.8473 0.126165 1.01103 412.616 0 0
1500 75.2462 -31.4501 18.3767 0.303153 -0.542775 412.619 0 0
1500 129.408 -65.5913 17.8418 1.19251 -1.00976 412.666 0 0
1500 51.5188 15.3296 18.1065 -0.101181 0.304291 412.703 0 0
1500 70.9199 3.24759 18.2972 0.279501 0.122656 412.766 0 0
1500 86.758 -57.6275 17.926 0.403635 -0.94099 412.801 0 0
1500 32.8992 -53.5937 18.0869 -0.394416 -0.96736 412.775 0 0
1500 45.297 39.1887 17.8196 -0.275852 0.590867 412.847 0 0
1500 36.6438 34.2121 17.8194 -0.410014 0.513539 412.861 0 0
1500 79.2842 -16.6978 18.0594 0.43341 -0.260408 412.89 0 0
1500 47.6631 -21.7089 18.0577 -0.20422 -0.358859 412.884 0 0
1500 116.56 19.3945 17.8895 0.953342 0.252545 413.031 0 0
1500 120.355 -8.08067 17.8532 0.95816 -0.196154 413.081 0 0
1500 70.3282 8.25775 17.8284 0.264191 0.131557 413.052 0 0
1500 76.4244 -44.0698 17.8167 0.206315 -0.698269 413.088 0 0
1500 36.9164 11.1988 17.8277 -0.385753 0.117589 413.084 0 0
1500 25.6814 8.49216 17.8405 -0.551569 0.192501 413.105 0 0
1500 102.343 -48.715 17.9437 0.684536 -0.791033 413.31 0 0
1500 103.647 -42.1132 17.8882 0.755961 -0.669809 413.309 0 0
1500 76.6229 12.8403 18.0658 0.288821 0.269917 413.279 0 0
1500 83.9142 -48.6373 18.1375 0.51791 -0.817486 413.313 0 0
1500 79.0056 -54.112 17.8543 0.333807 -0.837037 413.398 0 0
1500 81.8778 25.3364 18.0087 0.45544 0.428495 413.433 0 0
1500 133.555 3.42656 18.2654 1.362 0.104572 413.399 0 0
1500 117.596 17.9818 17.8358 0.897999 0.347732 413.568 0 0
1500 86.1685 -12.1512 18.0964 0.487447 -0.170577 413.694 0 0
1500 34.18 -34.6791 18.1792 -0.379996 -0.566265 413.709 0 0
1500 89.2786 24.5795 18.0839 0.527395 0.365209 413.785 0 0
1500 137.34 -24.0402 17.8247 1.25151 -0.363199 413.839 0 0
1500 36.1946 -63.1917 17.8571 -0.289776 -1.00508 413.849 0 0
1500 112.42 126.22 17.845 0.829271 1.97292 413.917 0 0
1500 28.9592 -16.2589 17.9635 -0.446206 -0.327162 414.029 0 0
1500 65.1398 87.124 18.0596 0.0743229 1.55371 414.021 0 0
1500 47.7575 66.8109 17.8461 -0.210125 1.01756 414.073 0 0
1500 111.043 -21.0363 17.829 0.873426 -0.297456 414.044 0 0
1500 76.9899 -9.04739 17.9201 0.380132 -0.16118 414.067 0 0
1500 102.444 -10.1988 17.8756 0.667628 -0.218777 414.159 0 0
1500 101.972 -37.0837 17.8736 0.696823 -0.633204 414.246 0 0
1500 106.365 -23.7612 18.1415 0.880563 -0.367614 414.273 0 0
1500 54.9807 62.4097 17.8636 -0.0753696 0.963272 414.436 0 0
1500 97.8179 -52.8357 17.886 0.657205 -0.816211 414.471 0 0
1500 80.8804 59.0815 17.8339 0.421345 0.894936 414.453 0 0
1500 0.93623 -8.84836 17.8264 -0.917013 -0.0754184 414.447 0 0
1500 74.9454 -51.3144 18.2635 0.292811 -0.904105 414.402 0 0
1500 75.7492 -2.26432 18.4695 0.373114 -0.0629467 414.619 0 0
1500 75.3542 -60.8596 17.8514 0.329925 -0.950386 414.713 0 0
1500 104.391 43.4876 17.8325 0.772423 0.656769 414.754 0 0
1500 110.168 21.754 17.9948 0.871117 0.365516 414.847 0 0
1500 95.5951 -23.2753 17.9249 0.609425 -0.328833 415.033 0 0
1500 99.449 15.8323 17.9246 0.663875 0.221331 415.008 0 0
1500 111.611 2.97751 17.8109 0.829446 0.0156263 414.907 0 0
1500 82.0728 -14.1683 18.3429 0.410403 -0.287107 415.025 0 0
1500 69.0679 14.4 18.0917 0.229064 0.294712 414.968 0 0
1500 77.4832 32.469 17.9026 0.2987 0.580067 415.078 0 0
1500 71.6591 2.17668 17.8982 0.292224 0.0627935 414.973 0 0
1500 104.096 -8.63541 17.9206 0.765449 -0.20805 415.085 0 0
1500 -2.82248 -3.80877 17.8053 -0.974153 -0.113305 415.264 0 0
1500 81.8844 5.67953 17.8508 0.402149 0.161081 415.281 0 0
1500 103.494 -17.9643 17.9036 0.707825 -0.299073 415.536 0 0
1500 91.87 -29.9935 17.8638 0.487058 -0.500013 415.799 0 0
1500 122.094 12.9153 17.8143 1.00884 0.203622 415.683 0 0
1500 -7.30475 0.236182 17.8008 -1.04639 -0.0129169 415.654 0 0
1500 85.7978 4.75751 17.8553 0.482508 0.0116717 415.613 0 0
1500 81.5509 -54.2083 18.244 0.445344 -1.01553 415.813 0 0
1500 -7.48884 -5.43359 17.8008 -1.04281 -0.0966267 416.061 0 0
1500 138.631 -204.512 17.8085 1.30065 -3.20374 416.041 0 0
1500 104.762 -11.6912 17.84 0.749531 -0.108654 416.111 0 0
1500 116.51 10.9815 17.9383 0.945967 0.219707 416.121 0 0
1500 83.2214 19.6146 18.5779 0.425165 0.350864 416.117 0 0
1500 87.7616 -33.6248 18.0674 0.487595 -0.526621 416.335 0 0
1500 104.379 7.73221 17.9148 0.728927 0.0921354 416.303 0 0
1500 105.992 45.0579 17.8334 0.694175 0.728091 416.248 0 0
1500 123.323 0.158684 17.9892 1.04578 0.0399276 416.319 0 0
1500 30.3805 -35.0795 18.0486 -0.443998 -0.585412 416.317 0 0
1500 131.815 2.83101 18.0208 1.29144 0.0230717 416.38 0 0
1500 105.014 38.0143 17.8276 0.755511 0.57314 416.408 0 0
1500 89.0005 -18.459 18.096 0.486535 -0.35565 416.407 0 0
1500 33.9206 -4.07647 17.9138 -0.363985 0.00301235 416.475 0 0
1500 35.0606 18.4055 17.8834 -0.35236 0.31851 416.513 0 0
1500 80.847 13.2503 17.9674 0.390471 0.279825 416.474 0 0
1500 19.0184 55.0819 17.846 -0.601975 0.935221 416.525 0 0
1500 20.2471 20.1021 17.8637 -0.5911 0.320448 416.662 0 0
1500 57.9799 44.9513 17.9706 0.0531281 0.755191 416.659 0 0
1500 108.159 -15.3894 17.9875 0.914392 -0.208611 416.61 0 0
1500 87.2756 -40.6857 17.8286 0.391438 -0.645353 416.792 0 0
1500 63.899 55.7712 18.0765 0.11591 0.911877 416.727 0 0
1500 72.6837 -24.2683 17.9182 0.218469 -0.451727 416.724 0 0
1500 52.3062 -66.233 17.7944 -0.164838 -0.988975 416.85 0 0
1500 87.7303 33.2504 17.9537 0.497466 0.495846 416.968 0 0
1500 2.77608 34.9893 17.803 -0.879171 0.494025 416.981 0 0
1500 70.0666 66.1008 17.8201 0.130391 1.02612 416.974 0 0
1500 10.5044 -25.4045 17.821 -0.80271 -0.376826 416.931 0 0
1500 85.8333 -3.16396 17.871 0.442931 0.00460215 417.086 0 0
1500 100.707 38.5247 17.8312 0.676909 0.65533 417.083 0 0
1500 62.5986 28.5314 17.871 0.0071719 0.435883 417.255 0 0
1500 100.701 43.0744 17.8186 0.68732 0.711627 417.374 0 0
1500 97.2824 -25.6981 17.8336 0.584551 -0.470615 417.354 0 0
1500 112.052 -36.2784 18.4837 1.02248 -0.638952 417.302 0 0
1500 110.628 31.188 17.8362 0.832057 0.453563 417.477 0 0
1500 120.374 14.8489 17.9029 1.01201 0.219351 417.464 0 0
1500 -3.50714 18.3766 17.7924 -0.997748 0.284491 417.434 0 0
1500 23.9525 4.72754 17.8866 -0.574463 0.13012 417.48 0 0
1500 68.4322 -16.7908 17.9721 0.231248 -0.317529 417.532 0 0
1500 121.242 5.78496 17.8177 0.994563 0.148333 417.561 0 0
1500 61.5394 -3.14278 18.0889 0.0208057 -0.00878635 417.665 0 0
1500 109.295 -30.0244 17.8378 0.810035 -0.427899 417.716 0 0
1500 110.987 29.8583 17.9849 0.886916 0.431731 417.837 0 0
1500 111.974 28.9886 17.9845 0.900731 0.418274 417.908 0 0
1500 60.3977 64.5069 17.8163 0.0782938 1.02652 417.93 0 0
1500 49.3871 29.2884 17.9389 -0.177781 0.505507 417.903 0 0
1500 95.118 -34.2856 17.9891 0.61028 -0.669764 417.981 0 0
1500 95.242 8.45769 18.724 0.67205 0.125409 418.024 0 0
1500 52.8083 -34.1929 17.9436 -0.134599 -0.565019 418.117 0 0
1500 47.2165 -34.3048 18.2873 -0.171194 -0.654848 418.113 0 0
1500 68.5509 -45.6431 18.7061 0.257996 -0.853308 418.111 0 0
1500 11.6224 31.0664 17.8671 -0.710414 0.49272 418.178 0 0
1500 23.4075 -51.2171 17.806 -0.552898 -0.795232 418.191 0 0
1500 99.2001 -3.02289 17.9625 0.700763 -0.102793 418.25 0 0
1500 48.4991 -52.8435 17.8122 -0.228282 -0.815305 418.366 0 0
1500 91.9012 0.670342 17.9365 0.604296 -0.025927 418.376 0 0
1500 55.7747 66.4273 17.8153 0.00901888 1.04683 418.469 0 0
1500 80.9101 21.0863 18.1269 0.415062 0.394186 418.549 0 0
1500 28.8059 45.0469 17.9452 -0.550177 0.774053 418.545 0 0
1500 105.93 -44.2965 17.9903 0.776862 -0.703128 418.785 0 0
1500 121.64 -9.41523 17.8707 1.01782 -0.0964958 418.583 0 0
1500 144.058 7.36026 17.998 1.52957 0.148527 418.724 0 0
1500 60.2965 -66.9264 17.8446 -0.0252404 -1.03817 418.814 0 0
1500 -74.3987 -103.377 17.794 -2.04583 -1.59527 419.042 0 0
1500 36.4936 -29.6541 17.9687 -0.330687 -0.523738 419.014 0 0
1500 76.7577 -11.6414 18.1311 0.297025 -0.249775 419.023 0 0
1500 55.8705 15.8262 17.8512 0.0380177 0.240484 419.085 0 0
1500 80.5347 -33.8042 17.9667 0.337826 -0.584848 419.238 0 0
1500 45.6234 -10.8978 18.1822 -0.212869 -0.202692 419.106 0 0
1500 119.539 -25.9721 17.8707 0.974179 -0.352918 419.282 0 0
1500 86.5437 22.8296 17.891 0.522955 0.371078 419.387 0 0
1500 14.3424 7.04686 17.8371 -0.662792 0.154853 419.416 0 0
1500 70.0273 -10.9468 17.935 0.136883 -0.217831 419.429 0 0
1500 133.909 49.1805 18.067 1.41713 0.836132 419.477 0 0
1500 96.9415 43.8069 17.941 0.619912 0.678305 419.541 0 0
1500 112.962 -9.26395 18.2947 0.938513 -0.171267 419.563 0 0
1500 117.908 0.976865 17.9503 0.967564 -0.0405774 419.613 0 0
1500 123.386 10.6907 17.8692 1.02771 0.200953 419.638 0 0
1500 74.775 -20.7615 18.0307 0.32747 -0.383423 419.719 0 0
1500 107.696 48.0056 17.8539 0.775548 0.852165 419.75 0 0
1500 86.0337 -19.7584 17.9016 0.468202 -0.260346 420.084 0 0
1500 104.229 -14.9665 18.1786 0.806185 -0.261042 420.145 0 0
1500 104.473 16.8683 17.8828 0.791234 0.275836 420.112 0 0
1500 91.469 52.9836 17.9289 0.509083 0.833867 420.262 0 0
1500 118.621 12.7748 17.8743 0.948215 0.211071 420.186 0 0
1500 95.0264 -37.023 17.9601 0.548929 -0.623961 420.26 0 0
1500 3.04299 -10.4569 17.9769 -0.886024 -0.143682 420.183 0 0
1500 63.6067 -29.6927 18.4084 0.0928409 -0.48807 420.207 0 0
1500 66.2221 2.80553 18.0652 0.208684 0.0356204 420.287 0 0
1500 131.609 -28.2748 17.8535 1.12382 -0.433848 420.296 0 0
1500 12.1127 -49.1235 17.8946 -0.683701 -0.793679 420.272 0 0
1500 51.8383 63.6437 17.8029 -0.139965 1.01499 420.344 0 0
1500 49.4508 9.592 18.0895 -0.161222 0.194536 420.439 0 0
1500 8.69111 40.9397 17.8023 -0.785095 0.672598 420.523 0 0
1500 58.2968 -5.23519 18.4944 0.0503007 -0.130372 420.886 0 0
1500 88.0815 -33.428 17.8899 0.499682 -0.469059 420.941 0 0
1500 12.0997 37.4997 17.8195 -0.733057 0.550265 420.974 0 0
1500 87.0546 -58.6818 17.946 0.494959 -0.920559 420.813 0 0
1500 17.1603 34.9268 17.8333 -0.700033 0.525208 420.823 0 0
1500 28.7548 4.80918 17.9922 -0.494703 0.113548 420.982 0 0
1500 138.386 -30.7084 17.9939 1.3946 -0.5205 420.982 0 0
1500 57.2907 -30.5547 17.9496 -0.0371932 -0.484171 421.166 0 0
1500 103.142 -0.670549 18.0381 0.740607 -0.0291981 421.113 0 0
1500 33.1976 -58.0951 17.9115 -0.367111 -0.943054 421.128 0 0
1500 39.8432 21.3779 17.8277 -0.300259 0.410037 421.161 0 0
1500 111.852 -17.24 17.9897 0.855862 -0.259491 421.274 0 0
1500 72.929 -32.7644 18.375 0.220084 -0.554607 421.543 0 0
1500 54.0244 -62.0079 17.823 -0.0774936 -0.967349 421.592 0 0
1500 18.8297 -33.2156 17.8967 -0.593113 -0.583908 421.592 0 0
1500 35.3008 30.2078 17.974 -0.39941 0.500389 421.593 0 0
1500 92.5078 64.1156 17.9158 0.608837 1.14344 421.602 0 0
1500 121.902 -16.0929 17.9465 0.996401 -0.288092 421.696 0 0
1500 105.549 42.6534 17.8731 0.78926 0.654721 421.638 0 0
1500 92.4664 25.5004 18.1299 0.544871 0.461154 421.63 0 0
1500 106.503 -19.248 17.9375 0.824621 -0.309279 421.69 0 0
1500 82.6632 -1.10804 17.9278 0.423954 -0.0167946 421.812 0 0
1500 106.22 -23.2638 17.9366 0.819012 -0.369665 421.795 0 0
1500 114.618 33.7021 17.8339 0.898307 0.531572 421.935 0 0
1500 18.4038 78.8519 17.8689 -0.652634 1.26161 422.105 0 0
1500 45.3957 -11.6038 17.8608 -0.179304 -0.257946 422.131 0 0
1500 82.3553 -11.6105 18.2525 0.445585 -0.128297 422.144 0 0
1500 18.2003 18.1496 17.859 -0.648713 0.346751 422.327 0 0
1500 89.7 -19.3431 17.8116 0.548794 -0.251573 422.406 0 0
1500 50.0909 -21.1066 18.2674 -0.102687 -0.387226 422.456 0 0
1500 102.736 -22.0715 18.063 0.700461 -0.366125 422.498 0 0
1500 6.74329 -40.8565 17.8244 -0.837801 -0.617233 422.498 0 0
1500 67.7043 -1.70326 17.8995 0.205715 0.00198219 422.685 0 0
1500 71.7023 -12.5763 17.8982 0.261773 -0.149724 422.589 0 0
1500 118.858 -27.393 17.8718 0.973539 -0.385865 422.637 0 0
1500 103.349 24.8403 18.1694 0.772451 0.429556 422.554 0 0
1500 45.9215 65.2825 17.9454 -0.182622 1.03177 422.841 0 0
1500 57.6583 0.50001 17.8316 -0.0568303 0.0689022 422.91 0 0
1500 76.5996 -6.13915 17.9579 0.271983 -0.173133 422.86 0 0
1500 103.797 33.6281 17.8497 0.70625 0.534955 423.19 0 0
1500 72.4101 -6.09457 18.8898 0.389268 -0.152682 423.168 0 0
1500 116.511 27.7078 17.9293 0.955333 0.394929 423.155 0 0
1500 57.7491 8.4962 18.2856 0.0545778 0.206229 423.286 0 0
1500 84.4812 -42.1658 17.8559 0.485203 -0.654327 423.281 0 0
1500 87.2968 -31.9484 17.9794 0.473364 -0.608683 423.331 0 0
1500 59.2051 -63.0952 17.824 -0.016787 -1.01426 423.457 0 0
1500 64.2102 -55.4097 17.8928 0.0840067 -0.908669 423.478 0 0
1500 38.0692 -47.8848 17.843 -0.28745 -0.807329 423.567 0 0
1500 32.4604 -17.2417 17.8905 -0.416876 -0.340554 423.551 0 0
1500 78.6827 19.411 17.8804 0.392205 0.342472 423.524 0 0
1500 50.1652 -21.13 18.0269 -0.177804 -0.315162 423.414 0 0
1500 9.37449 5.67407 17.8089 -0.767318 0.0809211 423.603 0 0
1500 91.8701 -69.9272 17.8856 0.530966 -1.09157 423.618 0 0
1500 77.9702 16.7687 18.2803 0.361597 0.33083 423.644 0 0
1500 76.1289 -20.5921 18.0445 0.355098 -0.376388 423.642 0 0
1500 5.91601 25.6069 17.8892 -0.846537 0.422645 423.663 0 0
1500 108.601 15.9197 18.0819 0.882158 0.308546 423.863 0 0
1500 52.0581 62.061 17.8873 -0.147997 0.969574 423.964 0 0
1500 19.5399 24.1196 17.8073 -0.666518 0.405168 424.046 0 0
1500 10.1074 44.6549 17.8267 -0.768533 0.64111 424.169 0 0
1500 79.6848 60.6686 17.8452 0.290753 0.974745 424.146 0 0
1500 85.6876 -18.2765 18.1144 0.461904 -0.355996 424.196 0 0
1500 11.6547 -7.32087 17.8826 -0.732706 -0.184766 424.177 0 0
1500 87.5158 -14.0858 17.8207 0.406405 -0.279263 424.261 0 0
1500 63.4288 -33.5818 18.058 0.134146 -0.540956 424.387 0 0
1500 78.2298 -4.33397 18.3218 0.37974 0.0097223 424.401 0 0
1500 -15.9942 18.8076 17.8478 -1.18514 0.377521 424.419 0 0
1500 85.7359 -8.00227 17.9701 0.449393 -0.162948 424.747 0 0
1500 -3.71216 5.59144 17.8285 -0.964457 0.0727434 424.526 0 0
1500 101.316 -47.9548 17.7948 0.693921 -0.677228 424.568 0 0
1500 89.8264 -51.8299 17.8362 0.497147 -0.855274 424.515 0 0
1500 98.9492 15.1321 18.0169 0.724825 0.233583 424.539 0 0
1500 73.1338 54.9762 17.8022 0.158455 0.873819 424.57 0 0
1500 64.0698 24.8623 17.8912 0.167692 0.425886 424.633 0 0
1500 128.402 40.3822 17.9233 1.21348 0.645901 424.61 0 0
1500 119.213 -11.0401 17.9553 1.0488 -0.240009 424.805 0 0
1500 80.754 -14.6546 18.1089 0.406258 -0.337006 424.61 0 0
1500 78.3706 27.8873 18.2774 0.297748 0.507935 424.591 0 0
1500 97.1393 -53.0708 17.8868 0.574874 -0.845196 424.853 0 0
1500 62.118 -28.8735 17.8777 0.0976989 -0.518739 424.891 0 0
1500 69.9524 11.9314 17.9024 0.203632 0.263437 424.83 0 0
1500 105.597 -27.2062 17.8633 0.817936 -0.384076 424.842 0 0
1500 51.6175 -12.4839 18.2342 -0.164691 -0.244699 424.913 0 0
1500 58.7433 -22.9758 18.0589 0.0772383 -0.372337 424.987 0 0
1500 26.564 -9.6856 17.9669 -0.482234 -0.17418 424.926 0 0
1500 1.58537 -6.97951 17.8327 -0.880155 -0.108152 425.129 0 0
1500 117.588 -23.0773 17.8446 0.946259 -0.34314 425.127 0 0
1500 82.5561 15.543 17.9355 0.454993 0.28623 424.922 0 0
1500 11.3791 -39.1596 17.8504 -0.786374 -0.663464 424.951 0 0
1500 99.8042 -19.1479 18.1829 0.686783 -0.300655 425.28 0 0
1500 74.7705 2.61633 17.8264 0.328987 0.0768356 425.236 0 0
1500 62.3931 14.8766 17.8599 0.0839343 0.269572 425.686 0 0
1500 117.498 -7.81623 17.9342 0.936669 -0.128181 425.551 0 0
1500 92.5822 30.6086 18.1721 0.62996 0.501655 425.533 0 0
1500 25.2458 -15.5883 17.9262 -0.565715 -0.269729 425.538 0 0
1500 97.3268 -43.8817 18.095 0.69408 -0.734924 425.51 0 0
1500 112.052 18.0705 18.0841 0.960294 0.23975 425.553 0 0
1500 10.4098 -66.6384 18.0609 -0.823556 -1.13553 425.655 0 0
1500 25.4579 12.0689 17.9913 -0.504799 0.181862 425.706 0 0
1500 113.18 6.64322 17.8038 0.877154 0.0343911 425.689 0 0
1500 57.8064 -22.3775 18.0956 0.0188516 -0.420438 425.688 0 0
1500 52.6362 -29.6266 17.9583 -0.140968 -0.43306 425.771 0 0
1500 86.6088 8.43901 17.8956 0.474998 0.134741 426.055 0 0
1500 96.8908 -12.519 18.5527 0.740753 -0.161626 425.897 0 0
1500 65.3936 11.0965 18.6157 0.188872 0.236648 426.01 0 0
1500 23.079 49.8765 17.9305 -0.544671 0.817056 426.002 0 0
1500 115.218 0.749702 17.9315 0.948938 0.0327955 425.875 0 0
1500 25.7273 25.5869 18.0769 -0.574195 0.509211 425.888 0 0
1500 90.4878 6.20901 18.7379 0.623678 0.194508 426.009 0 0
1500 102.837 9.23955 18.1013 0.775023 0.185391 426.112 0 0
1500 42.0364 2.25227 17.9972 -0.271678 0.0445433 426.149 0 0
1500 32.7049 -10.8948 17.8441 -0.435475 -0.244262 426.152 0 0
1500 91.9419 -8.56918 18.2707 0.561618 -0.173221 426.223 0 0
1500 53.9046 39.3968 17.9652 -0.0619927 0.61971 426.234 0 0
1500 95.0887 -14.3102 18.7013 0.837013 -0.330856 426.282 0 0
1500 83.4916 31.2084 17.918 0.375039 0.552726 426.378 0 0
1500 71.6309 -25.9762 18.008 0.270959 -0.467093 426.399 0 0
1500 77.2936 18.8624 17.971 0.26426 0.329633 426.696 0 0
1500 37.117 -29.6455 17.9278 -0.338356 -0.458158 426.592 0 0
1500 64.8008 23.611 18.6161 0.194366 0.439352 426.647 0 0
1500 90.0145 -32.3217 17.8397 0.452059 -0.563666 426.543 0 0
1500 84.6565 -45.8776 18.5763 0.547779 -0.890234 426.598 0 0
1500 125.377 -2.22688 17.8523 1.04331 -0.0939702 426.737 0 0
1500 18.9589 41.9882 17.9425 -0.644175 0.664942 426.729 0 0
1500 54.2268 18.3383 17.973 -0.0569878 0.321673 426.843 0 0
1500 92.1365 44.0518 18.0949 0.606397 0.704733 426.834 0 0
1500 56.3123 62.6232 17.8305 0.00904325 1.00852 426.937 0 0
1500 8.8466 -16.3113 17.9447 -0.805645 -0.222761 426.9 0 0
1500 12.6504 23.7064 17.8274 -0.749903 0.416544 426.91 0 0
1500 106.346 27.5322 17.8058 0.801234 0.454463 427.023 0 0
1500 63.2318 66.204 17.9184 0.0477224 1.04135 427.113 0 0
1500 15.4286 -48.3495 17.7972 -0.687788 -0.778922 427.155 0 0
1500 30.0455 43.7004 17.9099 -0.443593 0.736659 427.137 0 0
1500 84.8344 -0.16828 17.9269 0.40968 -0.0698352 427.168 0 0
1500 93.5936 6.16984 18.8881 0.739576 0.0883445 427.269 0 0
1500 57.2871 61.3417 17.8034 0.053296 0.964642 427.369 0 0
1500 138.959 -44.3446 17.8829 1.26269 -0.7481 427.228 0 0
1500 107.195 -14.1657 17.8287 0.803392 -0.158292 427.304 0 0
1500 18.7246 -22.8355 17.8799 -0.65645 -0.299854 427.42 0 0
1500 112.853 10.2999 17.9905 0.856729 0.188429 427.608 0 0
1500 102.05 42.8693 17.8017 0.728456 0.681359 427.682 0 0
1500 107.576 33.0207 17.8508 0.778395 0.57042 427.607 0 0
1500 122.138 7.93472 17.9882 1.03022 0.156587 427.797 0 0
1500 73.5525 -35.1105 18.3334 0.339033 -0.592417 427.762 0 0
1500 104.233 38.8777 17.85 0.726342 0.657628 427.743 0 0
1500 97.0032 47.1413 17.9044 0.570343 0.780573 427.853 0 0
1500 58.5685 49.2525 17.8483 -0.00770191 0.8311 427.859 0 0
1500 55.4177 46.6417 17.8086 -0.12108 0.727227 427.846 0 0
1500 21.1869 -22.9139 17.8086 -0.650155 -0.347842 427.847 0 0
1500 41.0115 -64.1709 17.8997 -0.25001 -1.13032 427.845 0 0
1500 96.5597 33.7222 17.8207 0.649262 0.470293 427.966 0 0
1500 66.4796 12.4913 18.1522 0.121596 0.232831 428.038 0 0
1500 104.574 43.904 17.8598 0.742471 0.675692 428.039 0 0
1500 121.08 -14.9583 17.9548 0.999437 -0.247409 428.03 0 0
1500 -3.59738 16.324 17.9356 -0.975508 0.26898 428.227 0 0
1500 58.122 21.5396 18.0019 0.0817072 0.383845 428.251 0 0
1500 72.7963 -51.1592 17.9573 0.261618 -0.786261 428.519 0 0
1500 10.6218 -32.6813 17.8851 -0.76997 -0.556533 428.51 0 0
1500 86.5432 -8.59676 17.9985 0.519961 -0.0825685 428.487 0 0
1500 96.1681 -26.5646 17.8494 0.556855 -0.445537 428.793 0 0
1500 117.629 -23.9728 17.8136 0.888561 -0.415627 428.735 0 0
1500 120.893 -18.2749 17.8186 0.991667 -0.216572 428.755 0 0
1500 92.5175 13.5692 17.973 0.518749 0.279779 428.804 0 0
1500 46.3187 -40.5492 17.8259 -0.260428 -0.624226 428.749 0 0
1500 58.6066 -56.7861 17.9784 0.0225639 -1.03415 428.745 0 0
1500 146.241 80.5667 17.8903 1.44532 1.32264 428.826 0 0
1500 32.7726 11.2632 18.0857 -0.451225 0.261698 428.861 0 0
1500 62.7045 12.7366 17.9851 0.149623 0.19053 428.912 0 0
1500 99.7599 -81.4591 17.8253 0.587705 -1.25754 428.987 0 0
1500 94.6605 55.1574 17.8753 0.553001 0.880325 429.006 0 0
1500 116.624 31.2427 17.9065 0.906611 0.523163 428.885 0 0
1500 111.508 -8.84154 18.1604 0.88355 -0.195927 428.974 0 0
1500 48.2992 -87.2651 17.9011 -0.138526 -1.43366 428.969 0 0
1500 76.2009 -58.8032 18.3155 0.363578 -1.05135 428.964 0 0
1500 31.0809 -5.07268 17.8271 -0.409827 -0.00740908 429.041 0 0
1500 87.2762 59.0041 17.902 0.431552 0.931802 429.067 0 0
1500 5.82673 -26.5649 17.7981 -0.871783 -0.397083 429.018 0 0
1500 78.0832 -32.6252 17.9659 0.332734 -0.517463 429.335 0 0
1500 60.5812 54.0871 18.0459 0.0886025 0.887728 429.281 0 0
1500 58.4296 -21.2699 17.9106 -0.0416587 -0.384568 429.242 0 0
1500 56.5529 28.6731 18.3366 -0.04067 0.58883 429.193 0 0
1500 83.8376 39.0318 17.9662 0.38165 0.666632 429.36 0 0
1500 94.4574 -30.7357 18.2079 0.683131 -0.520328 429.357 0 0
1500 139.329 105.192 17.7976 1.27628 1.54389 429.435 0 0
1500 46.5492 52.4922 17.9417 -0.229423 0.828326 429.441 0 0
1500 69.4064 -47.0365 17.9954 0.128557 -0.789567 429.45 0 0
1500 27.9539 76.226 17.8821 -0.477647 1.32486 429.398 0 0
1500 79.5918 -90.8068 17.9036 0.400309 -1.55791 429.369 0 0
1500 30.4384 -61.809 17.8158 -0.37198 -0.979888 429.484 0 0
1500 37.0877 -32.8733 17.9098 -0.388273 -0.526208 429.485 0 0
1500 47.7561 16.1687 17.8195 -0.0933477 0.270897 429.509 0 0
1500 -1.3334 -28.6122 17.9081 -0.918788 -0.443174 429.572 0 0
1500 38.9423 62.3029 17.7951 -0.365877 0.943876 429.588 0 0
1500 83.984 15.1458 18.5972 0.545905 0.270873 429.714 0 0
1500 14.2097 15.2939 17.9053 -0.736958 0.215818 429.869 0 0
1500 54.6386 -28.7371 17.9612 0.0020706 -0.511778 429.869 0 0
1500 142.906 28.5088 17.8997 1.47084 0.477058 429.707 0 0
1500 27.6551 52.1757 17.8129 -0.53796 0.795059 430.139 0 0
1500 82.6699 5.6495 18.4896 0.523848 0.118246 430.163 0 0
1500 134.326 30.5334 17.8346 1.24203 0.511285 430.153 0 0
1500 62.7136 -28.1253 17.8366 0.0990002 -0.456416 430.242 0 0
1500 78.4917 52.1035 17.8376 0.326222 0.810077 430.247 0 0
1500 66.2646 105.967 17.8052 0.105612 1.6535 430.25 0 0
1500 60.3569 45.1219 18.0242 -0.00747159 0.730873 430.26 0 0
1500 82.5887 21.4657 18.2791 0.390647 0.363892 430.574 0 0
1500 84.1188 -30.5268 18.3883 0.510952 -0.51516 430.566 0 0
1500 92.7453 57.5381 17.8154 0.496422 0.920721 430.672 0 0
1500 89.8578 -46.3192 18.3882 0.619695 -0.84043 430.677 0 0
1500 82.8585 31.9594 17.9454 0.4292 0.468855 430.773 0 0
1500 119.312 -21.1437 17.8187 0.927278 -0.370173 430.777 0 0
1500 58.5346 11.7269 17.9504 -0.033386 0.208111 430.948 0 0
1500 84.793 13.4957 18.1104 0.522433 0.215057 430.911 0 0
1500 135.437 26.3654 18.1702 1.45221 0.493916 430.876 0 0
1500 89.0535 11.0576 17.9484 0.514396 0.174692 431.023 0 0
1500 93.6591 37.1638 17.8859 0.569582 0.554398 431.3 0 0
1500 83.3737 60.065 17.7995 0.325985 0.934126 431.302 0 0
1500 106.431 14.9358 17.9603 0.823977 0.253108 431.135 0 0
1500 69.4271 9.23242 17.9545 0.238213 0.148209 431.476 0 0
1500 -4.3257 -2.82456 17.8076 -0.974344 -0.0659204 431.635 0 0
1500 68.3222 -4.62487 18.0087 0.110155 -0.101508 431.513 0 0
1500 77.8566 4.79977 18.2831 0.34595 0.132748 431.925 0 0
1500 72.0465 33.5651 17.929 0.263686 0.512672 431.877 0 0
1500 45.825 35.6167 17.8957 -0.155649 0.570372 431.856 0 0
1500 23.8882 -59.2372 17.8079 -0.580566 -0.872637 431.788 0 0
1500 94.1907 9.37434 18.5124 0.700661 0.154122 431.712 0 0
1500 94.1926 5.98414 18.4245 0.676567 0.0405472 431.785 0 0
1500 96.1741 13.995 18.3127 0.702423 0.262669 431.763 0 0
1500 58.7255 -1.40749 18.4331 0.0501195 0.0452624 432.122 0 0
1500 85.4943 -5.01057 17.8958 0.510911 -0.0694429 432.068 0 0
1500 38.012 26.9035 17.8245 -0.368344 0.362898 431.878 0 0
1500 105.829 -58.0235 17.89 0.834922 -0.918035 432.019 0 0
1500 99.2244 -27.1999 18.2978 0.82297 -0.587078 431.931 0 0
1500 88.2895 3.84683 17.8997 0.43937 0.123232 432.167 0 0
1500 124.29 19.6857 17.7957 0.960836 0.361261 432.214 0 0
1500 46.8472 -35.6868 17.8201 -0.229397 -0.610023 432.206 0 0
1500 78.1397 24.9224 17.8537 0.332736 0.400908 432.54 0 0
1500 101.99 8.82835 18.7346 0.826894 0.156078 432.345 0 0
1500 107.939 42.2116 17.9843 0.807675 0.668254 432.37 0 0
1500 96.1509 14.7618 17.8545 0.638403 0.166396 432.648 0 0
1500 59.3906 1.60846 17.8141 0.0552776 0.0920073 432.702 0 0
1500 62.4353 14.1122 18.002 0.0450884 0.255641 432.779 0 0
1500 108.146 -42.7822 17.906 0.82505 -0.643592 433.066 0 0
1500 88.561 -43.1525 18.0071 0.550885 -0.690536 433.032 0 0
1500 72.8638 46.3912 17.8092 0.189161 0.781986 432.96 0 0
1500 88.288 -9.86886 17.8361 0.543378 -0.178744 432.974 0 0
1500 45.22 -16.5524 17.8176 -0.18349 -0.334604 432.962 0 0
1500 93.1216 -43.2897 18.005 0.617349 -0.689823 433.299 0 0
1500 102.123 -39.1081 17.8658 0.697444 -0.602024 433.354 0 0
1500 119.257 25.2822 17.9059 0.983521 0.360357 433.463 0 0
1500 73.0337 39.2956 18.0119 0.247325 0.61898 433.652 0 0
1500 107.402 32.2376 17.9821 0.779147 0.506756 433.7 0 0
1500 100.505 -47.3723 17.95 0.656294 -0.765699 433.816 0 0
1500 64.3374 27.4313 17.8074 0.129385 0.481479 433.584 0 0
1500 4.61365 31.9508 17.8058 -0.864417 0.429316 433.714 0 0
1500 93.5808 48.4755 17.8022 0.501647 0.803899 433.781 0 0
1500 88.8524 36.2619 17.8825 0.423897 0.609841 433.892 0 0
1500 122.863 -5.62248 17.9355 1.01452 -0.110355 434.009 0 0
1500 30.2021 19.3176 17.9418 -0.433237 0.396098 433.988 0 0
1500 27.2553 12.2936 17.8476 -0.490882 0.140327 434.667 0 0
1500 49.7868 -5.06632 17.9322 -0.0910826 -0.138666 434.734 0 0
1500 77.4326 -5.56871 17.93 0.293974 -0.145973 434.576 0 0
1500 121.283 -9.53016 17.908 1.00008 -0.149234 434.362 0 0
1500 115.622 -4.00671 17.9003 0.904502 -0.131906 434.411 0 0
1500 80.984 50.391 17.8926 0.391041 0.83201 434.326 0 0
1500 106.271 17.5161 17.9773 0.77139 0.339895 434.524 0 0
1500 110.106 17.3408 17.8073 0.854667 0.307931 434.31 0 0
1500 40.9635 -39.8123 17.801 -0.215287 -0.664975 434.532 0 0
1500 61.7583 -3.346 18.0882 0.0143047 -0.06292 434.299 0 0
1500 82.1374 -30.084 17.9591 0.43734 -0.520413 434.733 0 0
1500 80.8986 12.7739 17.9006 0.439644 0.211899 434.341 0 0
1500 21.7155 54.134 17.8178 -0.514701 0.897874 434.741 0 0
1500 48.3706 64.4622 17.8902 -0.0840669 1.0642 434.137 0 0
1500 88.0551 15.9437 17.9736 0.48476 0.34641 434.615 0 0
1500 44.2042 -20.3049 18.1094 -0.294429 -0.394561 434.402 0 0
1500 109.432 -77.6301 18.0304 0.843909 -1.41368 434.337 0 0
1500 81.5539 38.2313 17.9922 0.403494 0.582967 434.828 0 0
1500 49.3742 63.4606 17.8254 -0.146578 0.992899 434.803 0 0
1500 15.5895 -28.9203 17.972 -0.686611 -0.485909 434.891 0 0
1500 87.059 58.2288 17.9265 0.537722 0.997575 434.83 0 0
1500 73.0601 33.5823 17.9966 0.282598 0.514866 435.209 0 0
1500 84.3885 -4.34687 17.884 0.43177 -0.100291 435.13 0 0
1500 31.2101 0.510505 17.8486 -0.418187 0.0619508 435.85 0 0
1500 37.674 62.2881 17.8028 -0.30804 0.98687 435.042 0 0
1500 76.8189 60.4799 17.8054 0.263575 0.950622 435.739 0 0
1500 92.8736 54.1704 17.8927 0.538917 0.871999 435.088 0 0
1500 116.235 30.1528 17.8859 0.905968 0.513874 435.761 0 0
1500 43.1326 -60.7109 17.7931 -0.207947 -0.987061 435.489 0 0
1500 84.5389 -33.7783 18.0857 0.496888 -0.559963 435.29 0 0
1500 80.7393 -51.985 17.9476 0.408394 -0.841622 435.921 0 0
1500 72.3418 7.86903 18.0868 0.238991 0.19723 435.055 0 0
1500 67.5227 30.973 18.0052 0.188664 0.55105 435.432 0 0
1500 82.3373 -24.2643 17.8321 0.4532 -0.389836 435.123 0 0
1500 45.3575 -30.8632 17.9138 -0.14079 -0.540614 435.885 0 0
1500 72.125 4.28456 17.9203 0.275734 0.00383609 435.438 0 0
1500 61.1273 56.7231 17.907 0.0875384 0.962601 435.468 0 0
1500 73.1727 17.7731 18.0441 0.340895 0.310589 435.523 0 0
1500 92.196 -2.47649 17.9715 0.547119 -0.119977 435.72 0 0
1500 33.7166 -22.8543 18.0528 -0.407244 -0.460942 435.405 0 0
1500 49.3242 -11.9649 18.5241 -0.155002 -0.237556 435.839 0 0
1500 59.0163 11.6625 18.1594 -0.071797 0.233916 435.371 0 0
1500 166.04 137.173 17.7928 1.60224 2.06274 435.966 0 0
1500 -5.34208 -17.6364 17.8022 -0.981378 -0.311644 435.997 0 0
1500 -8.87719 -19.4916 17.791 -0.98024 -0.362011 436.246 0 0
1500 100.539 -0.733061 18.8677 0.854466 -0.00276329 436.636 0 0
1500 104.311 -20.0962 17.9615 0.725952 -0.38232 436.556 0 0
1500 65.4413 15.1106 18.1325 0.0764984 0.22511 436.69 0 0
1500 66.5936 -45.4844 17.8084 0.170498 -0.765622 436.724 0 0
1500 38.3612 -21.2766 17.9357 -0.354407 -0.283028 436.533 0 0
1500 74.8038 29.5738 17.8324 0.337095 0.468838 436.404 0 0
1500 56.0388 9.71971 17.8687 -0.0413363 0.229378 436.638 0 0
1500 92.6703 -18.5627 18.0037 0.599676 -0.391744 436.662 0 0
1500 107.876 -20.5435 17.9592 0.777405 -0.387712 436.797 0 0
1500 54.553 20.65 18.1312 -0.0912008 0.310081 436.775 0 0
1500 -3.41048 3.63964 18.2021 -1.20584 0.104425 436.735 0 0
1500 59.2647 -28.1455 17.9723 0.0493986 -0.461424 437.136 0 0
1500 12.266 34.7902 17.8521 -0.709111 0.543148 436.951 0 0
1500 26.5616 70.2154 17.8225 -0.426765 1.09541 437.09 0 0
1500 119.504 -18.1655 17.8775 0.997653 -0.258032 437.042 0 0
1500 121.51 12.1894 17.8503 1.01332 0.220784 437.369 0 0
1500 120.787 2.05056 17.8132 1.01578 0.0184729 437.336 0 0
1500 69.3752 -12.515 18.4975 0.240621 -0.261492 437.41 0 0
1500 120.179 103.69 17.8421 1.01296 1.61259 436.996 0 0
1500 33.7972 17.0882 18.1277 -0.40919 0.254325 437.013 0 0
1500 37.6284 6.91148 18.1304 -0.351433 0.09853 436.827 0 0
1500 58.736 -50.6125 17.8057 0.0492025 -0.841249 436.986 0 0
1500 46.2502 28.4094 18.1047 -0.172885 0.506854 437.116 0 0
1500 99.1948 26.4777 18.1966 0.806114 0.427999 436.959 0 0
1500 79.7804 -9.62379 17.8899 0.330849 -0.187479 437.671 0 0
1500 56.6901 50.326 17.9048 0.00455423 0.784469 437.746 0 0
1500 110.722 24.6346 17.8802 0.832961 0.360735 437.458 0 0
1500 72.8621 -21.5904 18.0176 0.187408 -0.37485 437.743 0 0
1500 64.1948 7.13964 17.9662 0.178099 0.152381 437.57 0 0
1500 38.846 -12.3784 17.8455 -0.377246 -0.20156 437.528 0 0
1500 114.441 -25.6616 18.0715 0.914825 -0.484516 437.643 0 0
1500 104.371 -29.7373 17.8783 0.758866 -0.5624 437.507 0 0
1500 80.3893 50.3909 17.8955 0.359199 0.782303 438.515 0 0
1500 97.7267 -3.23198 17.8039 0.611747 -0.102264 438.469 0 0
1500 119.632 16.4352 17.8785 0.966814 0.268267 438.516 0 0
1500 86.5007 59.6338 17.809 0.490576 0.919648 437.862 0 0
1500 107.509 43.9627 17.8088 0.795704 0.679313 438.533 0 0
1500 57.6145 -64.4693 17.9506 0.0140644 -1.03135 438.279 0 0
1500 97.7497 15.1306 18.4501 0.714958 0.28625 438.324 0 0
1500 102.227 3.58109 18.4493 0.780643 0.114405 438.401 0 0
1500 80.8684 -14.7464 18.3439 0.394492 -0.296503 438.611 0 0
1500 102.988 -7.68857 18.2034 0.834682 -0.0822201 438.503 0 0
1500 3.92939 24.6315 18.3361 -1.01573 0.547876 438.509 0 0
1500 29.3611 -11.5786 18.0029 -0.444734 -0.188459 438.657 0 0
1500 89.3805 4.60919 18.0213 0.526149 0.0458643 439.061 0 0
1500 86.6138 -20.3512 17.8947 0.477609 -0.278153 438.902 0 0
1500 29.8017 51.1964 17.8752 -0.451275 0.781894 438.689 0 0
1500 51.488 -62.1724 17.8568 -0.0860671 -0.971005 439.084 0 0
1500 86.0903 13.9857 18.3399 0.54821 0.259862 438.779 0 0
1500 58.9141 -29.9158 17.8671 0.052892 -0.534012 438.875 0 0
1500 50.3552 3.51 17.9214 -0.0837623 0.117064 439.154 0 0
1500 109.643 27.4508 17.8831 0.812514 0.423149 439.314 0 0
1500 80.8602 34.7936 17.8276 0.429287 0.542668 439.274 0 0
1500 99.274 -6.06005 17.8265 0.713301 -0.0895165 439.363 0 0
1500 76.8522 -39.7299 17.8268 0.366882 -0.610143 439.34 0 0
1500 99.9798 42.452 17.8835 0.679619 0.62138 439.694 0 0
1500 46.285 -53.345 17.8991 -0.149171 -0.882401 439.611 0 0
1500 65.4511 6.61936 17.9018 0.199054 0.0989607 439.619 0 0
1500 12.1516 -16.2698 17.8294 -0.770021 -0.207532 439.486 0 0
1500 107.139 12.4656 17.9538 0.819136 0.129701 439.836 0 0
1500 119.398 -7.18358 18.1155 1.09944 -0.185933 439.694 0 0
1500 89.5819 -16.7355 18.0972 0.492622 -0.298436 440.368 0 0
1500 65.2345 13.3951 17.851 0.170001 0.198219 439.999 0 0
1500 64.2898 4.40826 17.9962 0.121649 0.128305 440.877 0 0
1500 86.8203 -29.11 17.96 0.465457 -0.461926 440.863 0 0
1500 98.3203 23.2723 17.8923 0.646705 0.341427 440.675 0 0
1500 114.485 -31.5145 17.9102 0.883061 -0.536042 440.718 0 0
1500 102.963 18.6032 18.3581 0.81204 0.276072 440.816 0 0
1500 98.8572 -9.03649 18.3621 0.755607 -0.135301 440.409 0 0
1500 11.8261 37.6618 17.8791 -0.744045 0.62076 440.046 0 0
1500 90.9535 53.4932 17.9622 0.565472 0.845164 441.125 0 0
1500 54.0569 18.1974 18.4228 0.000549314 0.348843 440.427 0 0
1500 68.943 32.5072 18.3936 0.22553 0.562837 440.914 0 0
1500 100.909 -36.6749 17.8175 0.728195 -0.554795 440.286 0 0
1500 119.337 6.76487 17.8128 0.997417 0.105947 441.049 0 0
1500 37.0283 43.2612 17.8582 -0.394095 0.682124 440.056 0 0
1500 79.9859 23.5485 17.9825 0.402758 0.422569 440.264 0 0
1500 81.2926 41.2362 18.0226 0.451881 0.650719 441.026 0 0
1500 44.7107 31.733 17.9465 -0.267943 0.501566 440.005 0 0
1500 84.9508 -5.72828 18.1309 0.422031 -0.158441 440.479 0 0
1500 75.945 -30.3233 18.1265 0.282422 -0.533279 440.8 0 0
1500 56.632 52.0604 17.8335 0.0419293 0.841434 440.951 0 0
1500 20.3756 -12.736 18.0161 -0.620483 -0.251594 440.725 0 0
1500 50.7739 -22.0177 18.0065 -0.0961737 -0.443827 440.9 0 0
1500 38.31 17.6298 17.964 -0.308787 0.376781 440.441 0 0
1500 64.6633 -53.7437 18.0267 0.112043 -0.998654 440.951 0 0
1500 52.1445 28.5415 18.0362 -0.162118 0.563914 440.157 0 0
1500 148.577 -12.0273 18.2414 1.73204 -0.287886 440.811 0 0
1500 78.4424 -3.95481 17.9035 0.360793 -0.0431759 441.599 0 0
1500 92.1474 35.1594 17.8269 0.553449 0.487639 441.192 0 0
1500 108.543 -46.3307 17.8083 0.725309 -0.756797 441.528 0 0
1500 64.0487 50.2024 17.8819 0.152759 0.821816 441.54 0 0
1500 67.2163 33.844 17.8713 0.193675 0.585825 441.319 0 0
1500 87.1229 2.0451 18.8793 0.570673 0.102929 442.209 0 0
1500 116.657 29.7575 17.8104 0.94503 0.446622 441.893 0 0
1500 112.998 -4.829 17.879 0.896661 -0.0194973 441.869 0 0
1500 78.8511 43.8467 17.8766 0.316736 0.747939 441.902 0 0
1500 34.8685 43.3156 17.8646 -0.304795 0.726207 441.884 0 0
1500 70.1133 1.06427 18.1824 0.243189 0.0917265 442.184 0 0
1500 75.5279 54.5285 17.8132 0.343538 0.834635 441.852 0 0
1500 53.2414 -6.86354 17.8961 -0.144425 -0.0885732 441.904 0 0
1500 50.7451 9.99378 18.0133 -0.0626259 0.205284 442.658 0 0
1500 56.0618 -22.5039 17.9762 -0.00842549 -0.38268 442.786 0 0
1500 85.4042 -21.409 17.9136 0.434323 -0.357023 442.602 0 0
1500 21.5524 -2.67747 17.8375 -0.584406 -0.0270664 443.295 0 0
1500 94.7125 34.9561 17.8097 0.590574 0.501205 442.737 0 0
1500 22.9523 38.2339 17.8524 -0.50842 0.614285 443.031 0 0
1500 -1.83447 -25.305 17.8114 -0.89208 -0.43752 442.772 0 0
1500 121.021 20.1578 17.8102 1.00298 0.301738 442.359 0 0
1500 137.666 -45.0599 17.8349 1.25191 -0.687086 442.434 0 0
1500 122.253 22.9052 17.7976 0.947061 0.416701 442.295 0 0
1500 119.206 19.97 17.931 0.959875 0.363091 442.716 0 0
1500 119.177 -30.1275 17.8226 0.967057 -0.404141 443.202 0 0
1500 96.3444 50.3289 17.8309 0.652981 0.745451 442.345 0 0
1500 73.0029 -35.2353 18.1338 0.326664 -0.584791 442.464 0 0
1500 114.887 -8.90546 17.8584 0.914583 -0.075012 442.562 0 0
1500 34.9947 50.1607 17.8604 -0.300822 0.825749 442.324 0 0
1500 47.2015 -138.177 17.8103 -0.102786 -2.15579 442.302 0 0
1500 26.2285 41.2651 17.8709 -0.504145 0.702246 442.746 0 0
1500 29.8611 -25.9501 17.8712 -0.493534 -0.446504 442.321 0 0
1500 25.4711 14.1222 17.9854 -0.541147 0.266188 442.698 0 0
1500 18.3856 -4.51019 17.9178 -0.674128 -0.0897306 442.745 0 0
1500 103.566 -18.4491 17.8768 0.773995 -0.252441 443.206 0 0
1500 80.7294 -14.8113 17.9574 0.442981 -0.243842 442.585 0 0
1500 98.9331 -0.652288 17.9502 0.718498 -0.0244726 443.146 0 0
1500 -5.74576 5.62835 17.818 -1.00655 0.162862 442.555 0 0
1500 54.5074 -13.9101 17.875 -0.120107 -0.179879 443.217 0 0
1500 125.347 29.5127 18.2668 1.19159 0.527437 442.975 0 0
1500 115.712 -7.47461 17.9837 1.04018 -0.172056 442.408 0 0
1500 107.079 -25.5007 18.1922 0.850227 -0.51882 442.262 0 0
1500 104.235 -44.3595 17.8471 0.707763 -0.708833 443.385 0 0
1500 159.217 45.8304 17.8158 1.59096 0.709086 443.36 0 0
1500 64.3693 16.3825 18.0159 0.0934229 0.289025 443.598 0 0
1500 77.2581 -18.3699 18.5428 0.411057 -0.286554 443.735 0 0
1500 98.0396 33.1064 17.9491 0.641982 0.506882 443.865 0 0
1500 31.2714 60.7339 17.9007 -0.389794 0.959009 443.986 0 0
1500 76.0381 -29.8454 18.5414 0.399432 -0.508832 443.898 0 0
1500 85.811 -7.61773 18.5438 0.546438 -0.178438 443.71 0 0
1500 73.4243 0.672663 18.7835 0.38566 0.0779661 443.895 0 0
1500 111.022 36.7439 17.8519 0.839422 0.606961 443.849 0 0
1500 124.298 -68.4822 17.8154 1.06811 -1.03214 444.004 0 0
1500 96.1032 51.9147 17.9174 0.579653 0.862411 443.581 0 0
1500 64.8134 54.0712 17.819 0.171343 0.859948 443.933 0 0
1500 29.1194 12.9201 18.0749 -0.464798 0.254549 443.765 0 0
1500 96.9852 -9.55422 17.9408 0.68757 -0.163753 443.878 0 0
1500 78.9132 -40.0927 17.939 0.40892 -0.631372 444.038 0 0
1500 84.8896 -19.3398 17.9449 0.504237 -0.315653 443.556 0 0
1500 52.2506 26.5618 17.8699 -0.154632 0.45128 443.547 0 0
1500 69.4438 -11.4269 18.059 0.130686 -0.196431 444.026 0 0
1500 70.4699 -39.2012 17.9831 0.146058 -0.682828 443.625 0 0
1500 93.4997 35.6876 17.9115 0.571073 0.666768 443.759 0 0
1500 69.3307 -15.122 18.3101 0.20105 -0.274209 444.455 0 0
1500 65.4887 -25.2852 17.9378 0.182684 -0.371407 444.929 0 0
1500 77.2332 -29.7946 17.9339 0.348028 -0.436165 444.628 0 0
1500 56.6946 -47.245 17.8689 0.0277285 -0.725621 444.542 0 0
1500 112.458 -36.0071 18.0022 0.874124 -0.568367 444.647 0 0
1500 96.6732 52.6392 17.8718 0.621951 0.820013 444.655 0 0
1500 69.2154 -65.0917 17.9415 0.195627 -1.02973 444.94 0 0
1500 41.3911 32.6615 17.9579 -0.202683 0.557671 444.226 0 0
1500 -5.22859 -1.35646 17.9023 -1.00851 -0.0399817 444.637 0 0
1500 85.0076 -22.1204 18.1405 0.42718 -0.409668 444.069 0 0
1500 61.1666 29.3331 18.3333 0.0995147 0.518178 444.676 0 0
1500 182.351 -0.0596896 17.8173 1.93605 0.0544099 444.927 0 0
1500 74.9115 -0.648041 18.2152 0.292563 0.0649167 444.47 0 0
1500 60.846 39.1338 17.903 0.110572 0.654401 444.507 0 0
1500 20.8332 54.4555 17.8474 -0.532695 0.905476 444.845 0 0
1500 45.6321 -7.87942 17.9381 -0.255138 -0.0994046 444.46 0 0
1500 52.9238 20.7664 17.883 -0.107223 0.394485 444.461 0 0
1500 104.173 13.8936 17.9352 0.819819 0.168527 444.089 0 0
1500 24.2555 -15.0683 17.9295 -0.582795 -0.209469 445.057 0 0
1500 93.1575 56.998 17.8856 0.5991 0.859698 445.161 0 0
1500 120.876 4.93469 17.9353 1.02364 0.0594263 445.156 0 0
1500 105.528 35.3231 17.9294 0.803389 0.515801 445.129 0 0
1500 85.7731 -6.7007 18.3103 0.503213 -0.0709442 446.215 0 0
1500 76.9375 7.60452 17.9872 0.332984 0.15094 445.911 0 0
1500 82.8166 -9.41156 17.9274 0.426362 -0.1313 445.583 0 0
1500 74.6226 22.5772 17.8317 0.264716 0.379074 445.434 0 0
1500 102.622 -17.5689 17.9119 0.692385 -0.233788 446.603 0 0
1500 87.2345 42.0507 17.8105 0.403064 0.669699 445.631 0 0
1500 52.9638 50.4525 17.9132 -0.0709997 0.785523 446.026 0 0
1500 96.192 28.4629 17.9448 0.585478 0.464285 446.367 0 0
1500 52.6957 56.1185 17.8953 -0.0620907 0.872337 446.064 0 0
1500 101.913 45.6361 17.8544 0.684274 0.719194 445.745 0 0
1500 95.0186 -42.2869 17.8242 0.611536 -0.647854 445.507 0 0
1500 98.4377 53.2725 17.8857 0.674428 0.801503 445.428 0 0
1500 121.535 14.5427 17.8866 1.00615 0.229849 445.974 0 0
1500 120.949 5.42674 17.8133 0.987053 0.123854 445.471 0 0
1500 113.148 35.3392 17.8098 0.885099 0.557422 445.815 0 0
1500 53.5191 61.657 17.8768 -0.0780364 0.998625 445.182 0 0
1500 99.3051 -2.85529 18.3605 0.751467 -0.00312777 445.512 0 0
1500 107.708 -41.1119 17.9249 0.823829 -0.626914 446.128 0 0
1500 8.14854 39.0545 17.8471 -0.809371 0.621238 446.088 0 0
1500 22.3253 46.2182 17.8509 -0.603651 0.736649 445.354 0 0
1500 112.949 -9.40164 17.8924 0.900239 -0.0930603 445.537 0 0
1500 50.6259 55.5886 17.9783 -0.113787 0.911184 446.305 0 0
1500 77.4129 -44.7576 17.8832 0.233957 -0.718459 445.367 0 0
1500 1.26585 9.89685 17.8748 -0.923807 0.120047 446.268 0 0
1500 99.6561 18.2717 17.8988 0.691866 0.332176 446.443 0 0
1500 66.4999 -24.9762 18.1713 0.10337 -0.411629 445.692 0 0
1500 15.0713 -5.58381 17.9576 -0.690181 -0.0247631 445.648 0 0
1500 24.943 17.5813 17.9597 -0.539932 0.331937 445.48 0 0
1500 91.6362 52.0264 17.8712 0.474267 0.86098 445.562 0 0
1500 79.9441 12.2451 17.857 0.308943 0.261127 445.391 0 0
1500 58.8105 71.181 17.8341 0.0862647 1.13842 445.427 0 0
1500 122.89 -34.8454 18.2421 1.12058 -0.634138 446.02 0 0
1500 41.1025 41.7047 17.9841 -0.230891 0.762327 445.302 0 0
1500 104.065 20.4741 18.3534 0.807232 0.417839 446.364 0 0
1500 81.8894 42.0287 17.964 0.361888 0.774196 446.173 0 0
1500 45.5729 -21.6494 18.3334 -0.234919 -0.46814 445.845 0 0
1500 27.1355 -26.6491 18.3907 -0.587253 -0.550073 446.368 0 0
1500 66.8566 21.9537 17.9483 0.160367 0.371302 446.784 0 0
1500 76.4815 17.7885 17.9477 0.294751 0.313422 446.739 0 0
1500 113.902 60.8634 17.814 0.832395 0.945027 446.835 0 0
1500 -6.49255 -10.0943 17.8684 -1.00234 -0.129255 446.777 0 0
1500 73.8589 65.2747 17.8107 0.296759 0.988249 446.781 0 0
1500 41.4559 59.4774 17.8597 -0.27573 0.962125 446.851 0 0
1500 23.8294 -51.2408 17.8718 -0.577502 -0.801134 446.747 0 0
1500 55.8579 77.4412 17.8316 -0.0495122 1.25202 446.847 0 0
1500 31.6008 101.855 17.8183 -0.434852 1.63429 446.784 0 0
1500 97.2018 33.6848 17.8637 0.604662 0.535895 447.036 0 0
1500 114.995 30.8644 17.8874 0.881759 0.505472 447.057 0 0
1500 120.101 19.8388 17.858 0.97904 0.317106 447.061 0 0
1500 123.208 7.12898 17.9246 1.03711 0.0880296 447.225 0 0
1500 120.49 -20.6672 17.7987 0.991052 -0.339834 446.913 0 0
1500 97.5744 1.55421 18.3246 0.733758 0.0155878 447.054 0 0
1500 140.951 -52.8615 18.0095 1.3975 -0.841519 447.105 0 0
1500 66.0458 13.0355 18.0378 0.200177 0.201787 447.512 0 0
1500 63.4321 -25.7858 18.1314 0.082621 -0.419762 447.698 0 0
1500 108.794 39.3312 17.9304 0.819674 0.636028 447.546 0 0
1500 43.3493 -65.8351 17.8686 -0.279577 -1.00611 447.718 0 0
1500 101.703 -13.9559 18.3094 0.791011 -0.206186 447.605 0 0
1500 122.636 -1.09803 17.934 1.04367 -0.0866125 447.354 0 0
1500 63.4926 4.06851 18.051 0.111501 0.121368 448.301 0 0
1500 97.3807 -5.94121 18.5453 0.688451 -0.116418 448.39 0 0
1500 94.589 -1.58749 17.8731 0.560621 0.0335015 447.896 0 0
1500 106.362 -11.2108 17.9674 0.768396 -0.142157 448.319 0 0
1500 112.133 15.6132 17.943 0.855124 0.209007 448.17 0 0
1500 120.836 34.6197 17.9053 0.971753 0.52777 447.908 0 0
1500 2.64072 31.5152 17.8486 -0.863682 0.492236 448.267 0 0
1500 49.3912 66.55 17.847 -0.186633 1.00643 447.857 0 0
1500 93.6023 55.648 17.8848 0.585629 0.86436 447.871 0 0
1500 -7.59179 14.2474 17.8684 -1.03194 0.18141 447.941 0 0
1500 64.3437 63.3775 17.8325 0.0627487 1.01749 448.039 0 0
1500 62.6035 33.2206 18.3688 0.120864 0.573475 447.917 0 0
1500 108.483 2.98851 17.8823 0.802932 0.118699 448.341 0 0
1500 45.3572 -50.815 17.803 -0.130286 -0.81612 448.153 0 0
1500 84.1452 -46.4655 17.8005 0.46401 -0.746188 448.421 0 0
1500 41.6201 72.0519 18.2811 -0.292572 1.26417 448.352 0 0
1500 56.7405 1.4083 17.8704 0.00131688 0.0872861 448.647 0 0
1500 1.76634 19.7265 17.8523 -0.86852 0.318354 448.89 0 0
1500 125.448 -4.71659 17.871 1.03938 -0.134024 448.921 0 0
1500 91.2119 -6.62301 18.3036 0.606527 -0.037474 448.769 0 0
1500 74.1862 -24.6635 18.2959 0.256287 -0.431088 448.841 0 0
1500 15.101 -43.8601 17.8111 -0.656155 -0.74181 448.94 0 0
1500 12.6003 -5.34647 17.959 -0.733351 -0.0275131 449.028 0 0
1500 73.3 -14.0877 18.0298 0.234009 -0.290258 448.778 0 0
1500 67.5041 60.9764 18.2133 0.202113 1.10528 448.493 0 0
1500 55.6411 21.4705 17.9749 -0.00374725 0.366908 449.547 0 0
1500 109.34 -6.36583 17.9362 0.810068 -0.105965 449.287 0 0
1500 110.502 -24.4232 17.9526 0.835983 -0.348586 449.26 0 0
1500 105.686 26.0174 17.8109 0.741805 0.339797 449.588 0 0
1500 123.645 91.1536 17.8014 1.00803 1.34943 449.571 0 0
1500 122.079 12.2362 17.8963 1.00122 0.140222 449.421 0 0
1500 77.8857 -17.5133 18.0574 0.316106 -0.344472 449.499 0 0
1500 112.46 -9.53846 17.9316 0.906568 -0.0913691 449.565 0 0
1500 72.9438 69.5309 17.8779 0.311639 1.13988 449.267 0 0
1500 -2.23713 -22.1146 17.9818 -1.02033 -0.446035 449.4 0 0
1500 78.921 0.243721 19.0772 0.480507 -0.0285505 451.657 0 0
1500 64.1633 18.9671 18.1536 0.135589 0.328939 450.772 0 0
1500 69.3395 -23.7494 17.9247 0.197083 -0.395291 450.094 0 0
1500 71.3881 -13.5526 17.9269 0.225185 -0.252229 450.26 0 0
1500 99.775 0.994961 17.9628 0.672471 0.0139454 450.347 0 0
1500 106.937 16.2943 17.9458 0.783623 0.241691 449.672 0 0
1500 3.21351 -13.2676 17.8679 -0.849178 -0.179076 450.098 0 0
1500 9.29028 3.30016 17.8834 -0.749487 0.0187111 450.902 0 0
1500 16.0303 -39.9362 17.8768 -0.660718 -0.599924 450.184 0 0
1500 -2.81541 -13.6358 17.8731 -0.937715 -0.22524 449.643 0 0
1500 59.6011 22.7845 18.0125 -0.0107925 0.361154 452.399 0 0
1500 74.5395 -59.8475 17.9216 0.253374 -0.933136 450.038 0 0
1500 100.962 20.7452 17.8199 0.678703 0.28854 452.107 0 0
1500 120.972 4.16311 17.8079 0.984181 0.0541391 450.59 0 0
1500 98.9852 57.8928 17.8323 0.581096 0.930883 450.286 0 0
1500 89.3515 -45.1935 17.9548 0.528949 -0.74835 450.1 0 0
1500 104.609 21.4493 17.8559 0.731535 0.39003 450.749 0 0
1500 61.3358 51.7503 17.8561 0.0811995 0.820313 452.66 0 0
1500 87.4154 44.0303 17.855 0.463484 0.711927 452.274 0 0
1500 -26.583 109.211 17.8216 -1.34633 1.68789 450.245 0 0
1500 121.631 -6.79917 17.8357 1.00536 -0.0438703 450.951 0 0
1500 95.0859 -6.4375 18.0898 0.6364 -0.165355 449.946 0 0
1500 103.896 21.896 18.1109 0.803115 0.332898 451.077 0 0
1500 88.3616 -15.0566 18.0649 0.568194 -0.253633 450.175 0 0
1500 84.1043 -89.5618 17.8973 0.418659 -1.42252 451.702 0 0
1500 107.501 -59.2372 17.8334 0.827544 -0.881857 451.209 0 0
1500 110.218 37.4753 17.9119 0.860649 0.572685 452.822 0 0
1500 78.6081 10.21 17.8873 0.290718 0.228537 449.782 0 0
1500 109.342 14.7171 17.9646 0.86266 0.186982 451.674 0 0
1500 43.8701 20.9624 18.3679 -0.203157 0.354291 452.732 0 0
1500 83.1894 -1.77031 18.0392 0.468881 0.0275387 450.795 0 0
1500 79.6948 -2.60396 18.1233 0.448117 -0.0493493 451.117 0 0
1500 18.4148 -46.1641 17.8704 -0.610531 -0.807733 449.653 0 0
1500 100.076 25.1723 18.1249 0.748076 0.386919 452.772 0 0
1500 54.1651 7.39522 18.2686 -0.0772055 0.126418 451.874 0 0
1500 91.3376 -14.1532 17.9143 0.543497 -0.293684 451.464 0 0
1500 43.4316 12.8406 18.0132 -0.256212 0.255341 451.761 0 0
1500 33.3701 7.74845 17.9298 -0.439286 0.0827588 451.934 0 0
1500 78.907 -33.7467 18.0764 0.358879 -0.611498 451.905 0 0
1500 76.19 -10.3288 17.8286 0.314707 -0.232517 452.486 0 0
1500 35.735 -6.73847 17.8272 -0.422401 -0.13677 452.78 0 0
1500 8.77465 43.1513 17.8595 -0.749842 0.753699 452.704 0 0
1500 119.125 -4.86907 17.8648 1.00736 -0.150126 451.875 0 0
1500 118.801 -10.1355 18.1232 1.08826 -0.213325 450.394 0 0
1500 27.1699 6.23915 18.3187 -0.523754 0.0639821 450.804 0 0
1500 38.1257 13.8642 17.9325 -0.283774 0.296388 452.805 0 0
1500 69.0976 29.7668 17.9093 0.100747 0.51293 452.568 0 0
1500 135.37 27.8787 18.2398 1.42512 0.519273 450.944 0 0
1500 121.245 48.3155 17.9777 1.11665 0.87567 452.555 0 0
1500 85.9352 -46.1606 18.2713 0.584946 -0.88085 450.372 0 0
1500 114.374 -11.5511 18.2092 1.07517 -0.2466 451.962 0 0
1500 57.5329 23.928 18.2407 -0.0040493 0.515725 451.854 0 0
1500 120.543 -47.4832 18.2644 1.18761 -0.902833 452.64 0 0
1500 107.832 34.899 18.3246 1.0211 0.692987 450.062 0 0
1500 90.6448 -56.8286 17.873 0.56313 -0.869644 453.044 0 0
1500 108.648 -5.39295 17.9771 0.846984 -0.0331825 452.866 0 0
1500 85.1826 17.2499 17.9279 0.503222 0.296079 452.934 0 0
1500 35.6834 20.5133 18.0893 -0.346204 0.303056 453.466 0 0
1500 63.8502 -12.5245 17.8336 0.149149 -0.18126 453.208 0 0
1500 73.1668 5.43947 17.8329 0.279681 0.0700637 453.152 0 0
1500 84.3204 -38.3911 17.8075 0.433043 -0.577697 453.497 0 0
1500 118.305 -21.1756 17.9563 0.976035 -0.349038 453.195 0 0
1500 87.1914 53.4438 18.0789 0.484736 0.866648 453.189 0 0
1500 38.1197 -34.2391 17.8206 -0.27844 -0.601201 453.063 0 0
1500 75.5906 -1.62082 18.0326 0.287946 -0.101962 453.392 0 0
1500 75.492 -20.8127 18.2909 0.337219 -0.330309 454.943 0 0
1500 85.3427 4.19271 18.0163 0.442079 0.117924 455.006 0 0
1500 99.6744 -13.5182 17.9652 0.637051 -0.250633 455.079 0 0
1500 77.0945 44.3847 17.848 0.257884 0.699358 454.572 0 0
1500 4.38702 34.1713 17.8643 -0.803707 0.558282 454.84 0 0
1500 114.006 37.8111 17.8299 0.824717 0.627656 454.676 0 0
1500 50.2306 -64.3039 17.8762 -0.107275 -1.03135 454.067 0 0
1500 110.803 42.1913 17.793 0.852732 0.606808 454.599 0 0
1500 118.36 23.5124 17.7941 0.973045 0.331716 454.051 0 0
1500 69.1812 -60.2483 17.9214 0.234073 -0.957236 454.167 0 0
1500 108.902 -29.7301 17.8563 0.837467 -0.482796 454.104 0 0
1500 112.896 0.459206 17.8585 0.909746 -0.0202873 454.235 0 0
1500 100.1 5.75549 18.0611 0.742507 0.113238 454.259 0 0
1500 29.4765 -23.7109 18.106 -0.462121 -0.407073 454.287 0 0
1500 76.6321 -4.92275 18.0846 0.396325 -0.0732999 453.962 0 0
1500 4.01923 5.52012 17.8633 -0.84862 0.155274 454.953 0 0
1500 30.0296 -11.9896 17.9119 -0.491243 -0.225297 454.453 0 0
1500 10.9955 -24.7052 18.108 -0.766347 -0.431802 454.068 0 0
1500 -52.3895 -9.82618 17.8983 -1.86453 -0.215058 454.195 0 0
1500 69.5286 21.3571 18.7378 0.223691 0.340656 455.685 0 0
1500 115.169 -19.3905 17.9171 0.9015 -0.263246 455.267 0 0
1500 106.417 -41.344 17.8905 0.773807 -0.632363 455.802 0 0
1500 120.404 22.6771 17.794 0.981311 0.312072 455.573 0 0
1500 50.3929 -68.9257 17.7938 -0.0450928 -1.03178 455.509 0 0
1500 82.1401 -61.8614 17.9179 0.419293 -0.960006 455.655 0 0
1500 108.007 38.2346 17.9737 0.770949 0.644903 455.46 0 0
1500 62.5738 63.4198 17.9727 0.0927326 1.01718 455.691 0 0
1500 81.1206 -61.0639 17.8023 0.372751 -0.976306 455.761 0 0
1500 3.32969 -30.5917 17.8036 -0.892923 -0.48984 455.35 0 0
1500 78.9963 -0.507597 17.9079 0.379073 -0.0721181 455.767 0 0
1500 48.7901 -52.9061 18.0427 -0.195204 -0.951268 455.841 0 0
1500 98.3526 -22.2711 17.9361 0.718842 -0.370949 455.962 0 0
1500 62.1648 -115.201 18.0234 0.0918456 -1.92846 456.016 0 0
1500 26.4105 24.7877 17.8097 -0.521613 0.353002 456.396 0 0
1500 23.2825 22.8401 17.8729 -0.576584 0.414359 456.335 0 0
1500 54.5377 0.96512 18.0869 -0.0495101 0.0861256 456.535 0 0
1500 33.9333 -13.5065 17.932 -0.406753 -0.272544 456.35 0 0
1500 55.8134 -25.1869 17.9328 -0.0674667 -0.454091 456.294 0 0
1500 44.4264 -26.6012 17.9307 -0.243676 -0.474977 456.439 0 0
1500 14.7493 5.40061 17.877 -0.69535 0.0135773 456.71 0 0
1500 134.937 69.2034 17.9054 1.25202 1.19022 456.495 0 0
1500 94.8278 39.3327 18.1201 0.611354 0.714627 456.322 0 0
1500 53.4995 -22.5841 18.0933 -0.0366936 -0.381363 458.415 0 0
1500 95.1569 19.7846 17.8488 0.527895 0.349795 457.318 0 0
1500 65.1476 1.3922 17.8595 0.103115 0.0891537 458.132 0 0
1500 65.9015 48.3711 17.8263 0.07529 0.749071 457.01 0 0
1500 43.0139 -14.3346 18.1337 -0.194665 -0.262685 459.192 0 0
1500 100.751 28.1114 17.9789 0.676892 0.443015 457.739 0 0
1500 110.36 -10.6034 17.8622 0.816667 -0.176768 458.622 0 0
1500 66.2472 -53.7661 17.8128 0.145543 -0.834224 458.456 0 0
1500 9.5393 39.3643 17.808 -0.768134 0.539014 458.079 0 0
1500 1.0791 -22.7766 17.8068 -0.89279 -0.358792 457.88 0 0
1500 22.0251 -49.7771 17.8073 -0.588924 -0.748654 457.964 0 0
1500 10.6823 1.15647 17.8174 -0.740123 -0.012186 459.158 0 0
1500 81.3198 -54.5164 17.9174 0.396025 -0.887958 457.042 0 0
1500 75.3535 -63.8065 17.9134 0.297889 -0.999734 458.905 0 0
1500 36.9864 75.5362 17.8415 -0.342844 1.17981 459.003 0 0
1500 82.0232 23.94 18.0782 0.369539 0.435103 457.206 0 0
1500 104.45 15.574 17.9189 0.783083 0.281005 457.071 0 0
1500 122.912 1.19929 17.8665 1.04284 0.0283478 459.173 0 0
1500 93.6752 9.16868 18.2231 0.665803 0.123481 457.929 0 0
1500 21.7906 -51.6082 17.9102 -0.573853 -0.832676 458.735 0 0
1500 51.5575 35.203 18.0507 -0.0722852 0.616225 457.119 0 0
1500 92.3992 -9.84137 18.0311 0.626147 -0.173404 457.243 0 0
1500 64.6391 1.58439 18.2006 0.148588 -0.0524747 457.411 0 0
1500 62.2178 -20.1544 18.1553 0.148434 -0.373571 457.51 0 0
1500 19.9819 24.8364 18.07 -0.623225 0.386847 458.085 0 0
1500 62.571 -1.12169 18.3779 0.14298 -0.0930674 458.237 0 0
1500 20.8868 -81.6918 17.817 -0.623319 -1.3217 457.291 0 0
1500 59.8015 29.1724 17.9276 0.0933549 0.507455 457.029 0 0
1500 112.036 9.65877 17.815 0.821921 0.224616 458.128 0 0
1500 40.3199 22.6313 17.9065 -0.343336 0.339715 457.464 0 0
1500 68.7468 23.4262 18.1267 0.258801 0.411807 458.348 0 0
1500 97.2292 -13.2977 17.9662 0.685424 -0.2409 458.444 0 0
1500 51.2083 49.9699 18.0508 -0.122333 0.815483 459.25 0 0
1500 77.2911 12.143 18.0658 0.278009 0.246755 458.045 0 0
1500 62.1119 -0.69098 18.2645 0.102162 -0.0852026 459.277 0 0
1500 58.2723 23.746 17.9152 0.0215413 0.446404 458.678 0 0
1500 59.842 38.697 17.8127 -0.00399821 0.672115 459.051 0 0
1500 90.424 5.94365 18.1343 0.60474 0.0416707 458.965 0 0
1500 74.7889 -54.8832 17.8666 0.191883 -0.904126 458.488 0 0
1500 97.5705 -38.6861 18.0857 0.619383 -0.683929 459.163 0 0
1500 93.8886 -2.79749 18.5836 0.645981 -0.029324 460.256 0 0
1500 57.3907 1.95065 17.9052 0.00631083 -0.0404891 461.125 0 0
1500 78.5114 -29.8691 18.0592 0.306159 -0.485372 459.798 0 0
1500 64.5279 3.36327 18.0552 0.157474 -0.00798938 460.906 0 0
1500 86.6478 -23.1197 18.1688 0.460248 -0.385822 460.838 0 0
1500 48.2815 -25.2456 17.8275 -0.203396 -0.38278 460 0 0
1500 50.5834 -29.1758 18.0287 -0.0892251 -0.4749 460.707 0 0
1500 74.009 -18.1333 18.0308 0.236129 -0.320588 460.864 0 0
1500 94.3437 19.6052 18.1381 0.609295 0.294181 461.943 0 0
1500 94.554 -45.3192 17.9207 0.565609 -0.712307 460.516 0 0
1500 92.2839 -18.6015 17.9332 0.523501 -0.324246 461.804 0 0
1500 70.7718 -54.3217 17.9228 0.224656 -0.837896 460.78 0 0
1500 97.5337 -16.9433 17.9313 0.598636 -0.301675 461.636 0 0
1500 78.9667 13.0364 18.0007 0.379888 0.180256 463.312 0 0
1500 77.4564 30.2647 17.879 0.235735 0.481603 462.698 0 0
1500 43.0555 62.08 17.8595 -0.255257 0.957971 460.5 0 0
1500 56.0735 21.0013 18.0199 -0.0172777 0.359889 463.773 0 0
1500 121.904 -12.2624 17.8911 0.994041 -0.224332 460.537 0 0
1500 59.2573 12.9843 17.8866 -0.0334921 0.223692 463.565 0 0
1500 63.2314 -55.8708 17.8696 0.0488073 -0.862657 461.907 0 0
1500 62.4189 1.54742 17.8948 0.135558 0.0315123 464.3 0 0
1500 26.5452 55.4725 17.8058 -0.478014 0.906785 459.577 0 0
1500 53.2665 42.9875 17.8222 -0.0730089 0.679723 463.484 0 0
1500 -5.04258 23.264 17.8827 -0.988756 0.329761 461.326 0 0
1500 119.844 7.48117 17.9526 1.00539 0.0755219 460.169 0 0
1500 86.5201 -51.0251 17.9556 0.512095 -0.804551 459.619 0 0
1500 113.79 -31.2611 17.951 0.908382 -0.499235 460.658 0 0
1500 107.18 21.3119 17.9133 0.797987 0.387599 459.426 0 0
1500 101.084 -45.7618 17.9749 0.721904 -0.72215 460.822 0 0
1500 66.3618 -13.9563 18.2619 0.166817 -0.287596 459.441 0 0
1500 73.8075 1.71241 18.3371 0.366394 -0.0207981 459.981 0 0
1500 92.0288 17.6636 18.3371 0.579066 0.345817 459.696 0 0
1500 99.2415 49.448 17.8929 0.613373 0.788104 463.397 0 0
1500 -0.648871 21.9123 17.7995 -0.879277 0.384423 463.651 0 0
1500 61.7659 48.0868 17.8069 0.0256302 0.811266 459.564 0 0
1500 109.013 21.0973 17.9862 0.794887 0.394885 460.891 0 0
1500 115.742 -17.8519 18.0378 0.923086 -0.33326 461.814 0 0
1500 112.705 -28.115 18.0367 0.875059 -0.484958 462.02 0 0
1500 96.0386 5.22469 18.0529 0.64515 0.0114732 460.136 0 0
1500 109.496 -6.9836 17.8419 0.861866 -0.126745 460.405 0 0
1500 78.9734 -64.5606 17.8329 0.379631 -0.96634 463.131 0 0
1500 89.149 30.7336 17.8701 0.473174 0.549897 459.989 0 0
1500 46.3783 27.6127 17.8767 -0.187454 0.505807 459.475 0 0
1500 34.3389 57.9417 17.8563 -0.361699 0.943611 461.749 0 0
1500 32.6591 16.0416 17.8774 -0.400864 0.3263 459.428 0 0
1500 91.4002 -51.6877 17.8788 0.573019 -0.815525 462.056 0 0
1500 81.8443 -3.63044 17.8765 0.441356 -0.0978109 459.701 0 0
1500 65.2111 -61.0034 17.8555 0.176578 -0.960655 461.764 0 0
1500 91.6542 -19.5217 17.8692 0.589226 -0.342483 460.239 0 0
1500 118.045 16.3618 17.9672 0.992791 0.2804 462.23 0 0
1500 75.3243 21.8918 17.8248 0.339719 0.312518 460.076 0 0
1500 45.3712 -34.6061 17.821 -0.271014 -0.507131 460.317 0 0
1500 97.1156 -53.8556 17.805 0.581464 -0.87218 463.616 0 0
1500 11.5431 -6.09052 17.8206 -0.715791 -0.171189 460.883 0 0
1500 22.7108 -56.5407 17.805 -0.51986 -0.909482 463.801 0 0
1500 29.6094 -48.7471 17.8118 -0.430576 -0.818391 461.808 0 0
1500 63.0469 -33.7394 17.8325 0.0735012 -0.601731 460.584 0 0
1500 116.924 -3.60623 18.0532 0.968083 -0.100429 463.229 0 0
1500 94.7975 -25.2568 18.0627 0.648828 -0.431077 462.082 0 0
1500 57.9938 -45.1369 17.8651 0.0743854 -0.726886 461.035 0 0
1500 52.2959 27.6586 18.1965 -0.109067 0.454511 461.719 0 0
1500 90.3706 -52.5726 17.9417 0.519729 -0.858067 463.179 0 0
1500 99.6814 -5.66016 17.9562 0.676817 -0.160824 461.414 0 0
1500 36.1705 54.1012 17.9765 -0.315995 0.889331 462.884 0 0
1500 86.7308 1.82412 17.9951 0.45717 0.10517 461.13 0 0
1500 90.8119 24.9713 18.0506 0.601348 0.405046 462.351 0 0
1500 85.9454 25.9475 18.0525 0.528429 0.420969 462.19 0 0
1500 82.5401 -6.84411 17.9304 0.406355 -0.0329345 464.211 0 0
1500 102.456 -28.3917 18.0845 0.729305 -0.497932 463.596 0 0
1500 -5.78824 8.74808 17.7939 -1.00798 0.189886 463.979 0 0
1500 -0.588565 -28.1745 17.8155 -0.894103 -0.496206 464.127 0 0
1500 71.8296 -17.4363 18.0497 0.244704 -0.346131 462.416 0 0
1500 59.6524 -41.2705 18.0407 0.0562101 -0.706587 463.089 0 0
1500 125.772 -28.2931 18.3193 1.2266 -0.478721 459.647 0 0
1500 114.839 -9.11249 17.8489 0.922813 -0.0879583 463.637 0 0
1500 67.2344 45.8967 18.0164 0.144762 0.772202 463.548 0 0
1500 75.0168 -26.8241 18.1112 0.27945 -0.485274 463.394 0 0
1500 84.5022 30.342 17.871 0.419378 0.545483 463.303 0 0
1500 89.4502 4.06585 17.9908 0.577531 0.0870705 463.533 0 0
1500 104.315 -14.3786 17.9816 0.796822 -0.194692 464.323 0 0
1500 113.238 34.472 17.944 0.94431 0.658064 461.02 0 0
1500 88.2426 40.3845 17.9827 0.480131 0.760375 460.603 0 0
1500 25.8649 -39.9282 18.0465 -0.536602 -0.741335 462.167 0 0
1500 127.557 -3.85829 18.2976 1.29501 0.00525084 460.592 0 0
1500 110.5 1.89855 18.1222 0.976966 0.0936158 463.201 0 0
1500 84.0543 -18.9288 18.335 0.453835 -0.317934 465.757 0 0
1500 89.3408 11.5979 18.2243 0.54826 0.166561 465.613 0 0
1500 40.9175 20.6411 18.0647 -0.254588 0.33944 465.391 0 0
1500 51.064 31.0546 17.8831 -0.148954 0.477572 464.946 0 0
1500 38.3325 -42.2044 17.9446 -0.268894 -0.665277 464.606 0 0
1500 19.4536 31.235 17.8086 -0.578905 0.511054 464.774 0 0
1500 2.3624 1.1743 17.806 -0.825481 0.0832321 464.506 0 0
1500 83.3854 -4.1621 18.0594 0.408932 -0.119786 466.925 0 0
1500 103.912 5.94591 17.8485 0.720256 0.0657007 465.518 0 0
1500 84.7292 -45.5184 17.845 0.450564 -0.666996 465.174 0 0
1500 68.7902 11.528 17.8828 0.144388 0.229972 466.746 0 0
1500 107.47 -32.6776 17.8825 0.778332 -0.506404 465.146 0 0
1500 59.0575 -27.5463 17.83 0.0165 -0.457118 467.325 0 0
1500 46.9638 -60.1918 17.8102 -0.157873 -0.942446 465.308 0 0
1500 31.0386 -12.7285 17.837 -0.383051 -0.248898 467.422 0 0
1500 118.279 -2.89774 18.0616 0.993045 -0.0782339 464.598 0 0
1500 93.5995 -2.25295 18.6954 0.650889 -0.0136123 471.492 0 0
1500 59.3803 -38.346 18.0445 0.0475619 -0.6048 469.273 0 0
1500 95.9172 -50.8356 18.0259 0.592604 -0.828256 465.019 0 0
1500 52.2553 -27.3304 18.049 -0.051604 -0.448811 469.635 0 0
1500 119.703 -2.31088 17.9663 1.00051 0.0097989 464.765 0 0
1500 27.7864 20.7676 17.8718 -0.491192 0.303059 469.094 0 0
1500 2.47732 30.0402 17.8543 -0.871277 0.445804 467.133 0 0
1500 102.129 49.0738 17.8549 0.653365 0.788616 467.089 0 0
1500 115.883 -25.2946 17.867 0.910392 -0.394784 468.17 0 0
1500 95.3663 -7.66524 18.2001 0.680234 -0.153524 465.298 0 0
1500 112.527 3.97156 18.1899 0.925202 0.0223225 466.36 0 0
1500 120.06 21.965 17.8279 0.97814 0.303771 467.796 0 0
1500 78.8823 7.36282 18.1785 0.428576 0.154743 464.725 0 0
1500 56.8525 15.9065 18.1028 -0.0114176 0.283235 471.932 0 0
1500 104.83 45.9784 17.9151 0.744774 0.737514 467.369 0 0
1500 105.002 12.3629 17.9799 0.810486 0.198486 465.195 0 0
1500 116.31 -29.1355 17.8881 0.902993 -0.480502 468.217 0 0
1500 103.699 -4.4457 17.8838 0.72268 -0.0578935 470.355 0 0
1500 58.9485 0.607287 17.8983 0.0881132 0.0133805 471.5 0 0
1500 57.9271 48.1894 17.9356 0.0306658 0.815958 464.882 0 0
1500 93.5685 4.81549 18.6877 0.627384 0.0757661 476.178 0 0
1500 107.446 22.7985 18.2092 0.831604 0.431566 464.358 0 0
1500 44.5068 -10.2126 17.9853 -0.234958 -0.168613 472.333 0 0
1500 16.1982 -42.0402 17.9625 -0.680907 -0.661955 466.743 0 0
1500 33.1704 -1.15548 17.9822 -0.437579 -0.0477803 464.894 0 0
1500 128.692 -11.677 17.8133 1.13017 -0.182625 467.27 0 0
1500 49.0819 -30.9739 17.9347 -0.185429 -0.528327 465.098 0 0
1500 31.9163 -14.5909 17.9371 -0.407435 -0.248344 472.006 0 0
1500 87.7754 -41.9674 17.8355 0.521319 -0.681985 465.847 0 0
1500 85.5309 10.1057 17.8503 0.446574 0.105379 471.758 0 0
1500 108.566 4.82651 17.8304 0.790538 0.0640415 470.947 0 0
1500 100.881 25.3064 17.8288 0.733791 0.383287 465.904 0 0
1500 117.746 12.05 17.9467 0.944231 0.183237 470.514 0 0
1500 116.576 27.8415 17.9421 0.954482 0.421991 468.541 0 0
1500 76.1458 -63.3412 17.8872 0.230504 -1.00155 468.07 0 0
1500 69.2966 1.72534 17.9162 0.134448 -0.0324539 465.023 0 0
1500 34.2385 -59.7426 17.9538 -0.400647 -0.930458 468.167 0 0
1500 6.2574 -37.1186 17.9132 -0.82562 -0.592395 468.126 0 0
1500 -7.65141 6.44124 17.8237 -1.04265 0.0985256 469.109 0 0
1500 42.9776 -23.897 17.8491 -0.280735 -0.331899 472.649 0 0
1500 34.6616 44.2431 17.836 -0.435157 0.683163 466.459 0 0
1500 32.4166 -37.4388 17.8132 -0.459699 -0.62304 466.624 0 0
1500 80.0297 24.1397 18.1101 0.390521 0.443663 467.211 0 0
1500 105.758 -16.5 17.877 0.717191 -0.296276 472.591 0 0
1500 86.7027 -58.5988 17.8643 0.459326 -0.918975 470.661 0 0
1500 81.1024 -19.8751 18.0095 0.411006 -0.286112 474.086 0 0
1500 35.3161 -21.4479 18.2509 -0.356688 -0.363182 468.064 0 0
1500 119.51 -24.8894 17.8558 0.978028 -0.35222 470.611 0 0
1500 41.6878 48.8285 18.0152 -0.258414 0.807132 468.449 0 0
1500 115.532 -48.8425 17.8164 0.85472 -0.79954 470.151 0 0
1500 80.0277 78.2688 17.817 0.410422 1.1936 468.509 0 0
1500 47.4669 -33.3986 17.8853 -0.106156 -0.528675 474.22 0 0
1500 69.4636 -26.5114 17.8871 0.20229 -0.431135 474.359 0 0
1500 59.8639 -66.6932 17.8628 0.0710969 -1.04301 471.02 0 0
1500 55.6615 -52.7843 17.8722 0.009669 -0.87018 468.546 0 0
1500 118.372 0.38326 17.8677 0.957637 -0.0585411 469.143 0 0
1500 91.2762 -15.1609 17.8821 0.560743 -0.300361 467.64 0 0
1500 58.8017 -78.4276 17.8684 -0.00235186 -1.22282 471.118 0 0
1500 87.4025 -35.3759 17.9465 0.446298 -0.615903 468.419 0 0
1500 79.1665 -58.5785 17.8919 0.294631 -0.947981 469.673 0 0
1500 72.8272 -65.2853 17.8887 0.19579 -1.02979 470.898 0 0
1500 118.136 -27.9485 17.8726 0.965908 -0.406397 471.163 0 0
1500 100.312 21.3541 18.1265 0.786768 0.380552 465.216 0 0
1500 52.7923 54.9512 17.8265 -0.0276848 0.901844 468.291 0 0
1500 95.6989 15.5587 17.9028 0.608803 0.217149 474.566 0 0
1500 86.2953 59.4574 17.8278 0.466902 0.938153 471.101 0 0
1500 40.328 59.0749 17.8319 -0.218484 0.951224 469.771 0 0
1500 89.6643 -97.3419 17.9567 0.482631 -1.5983 467.945 0 0
1500 33.7991 50.4289 18.0214 -0.374553 0.826744 470.488 0 0
1500 -6.89937 -13.9929 17.9028 -1.02014 -0.229523 471.794 0 0
1500 -8.89032 -4.46371 17.9026 -1.0445 -0.0881272 472.124 0 0
1500 17.6146 27.4488 17.9591 -0.645655 0.528116 465.923 0 0
1500 6.90903 -29.2344 17.8129 -0.820882 -0.504503 470.558 0 0
1500 113.315 28.4711 17.8293 0.948255 0.467906 467.806 0 0
1500 79.1702 28.6028 17.8667 0.284868 0.50587 469.208 0 0
1500 47.2385 13.4205 17.8728 -0.21208 0.272025 468.787 0 0
1500 13.5529 31.6549 17.8562 -0.67462 0.508841 474.83 0 0
1500 -3.38513 -14.643 17.8492 -0.968543 -0.160669 471.058 0 0
1500 26.2272 -31.4254 18.1218 -0.511117 -0.513525 470.997 0 0
1500 66.6537 2.80744 18.1313 0.102045 0.0764368 469.997 0 0
1500 71.2743 17.6218 18.1283 0.172848 0.304166 470.184 0 0
1500 139.915 -3.66322 17.9974 1.43616 -0.0236021 465.8 0 0
1500 46.9539 -40.452 18.0409 -0.241753 -0.660459 467.015 0 0
1500 33.3565 -50.6423 17.8243 -0.35392 -0.844248 471.317 0 0
1500 25.3453 -56.821 17.7944 -0.569364 -0.849564 472.317 0 0
1500 18.3724 3.1189 17.8101 -0.695319 0.0520583 470.282 0 0
1500 50.2115 -40.336 18.1672 -0.181544 -0.676658 466.366 0 0
1500 102.316 -25.346 18.1593 0.778757 -0.405712 473.028 0 0
1500 36.4638 -8.67476 17.831 -0.357675 -0.2116 470.322 0 0
1500 104.717 25.7154 18.0542 0.817007 0.496413 467.583 0 0
1500 17.2558 -19.8193 17.8903 -0.661631 -0.368359 471.707 0 0
1500 118.905 -23.225 18.0194 1.07006 -0.355504 469.276 0 0
1500 -5.78175 19.4618 17.794 -1.00245 0.229798 473.399 0 0
1500 27.605 13.1956 17.8155 -0.521884 0.141261 470.845 0 0
1500 92.1732 -59.5072 17.7929 0.459811 -0.941185 474.318 0 0
1500 28.8944 -55.7047 17.7945 -0.483537 -0.898949 473.265 0 0
1500 35.0731 -30.6047 17.8725 -0.326434 -0.557428 469.562 0 0
1500 111.898 21.8667 17.8092 0.833815 0.309695 477.232 0 0
1500 93.7313 17.3224 18.2103 0.600991 0.274838 479.119 0 0
1500 69.1933 -26.0849 18.3447 0.243256 -0.469819 473.456 0 0
1500 75.8525 -7.69654 18.0866 0.340674 -0.188215 472.631 0 0
1500 30.6825 -45.2216 17.8352 -0.423065 -0.76718 473.291 0 0
1500 65.7542 -42.7611 17.8412 0.113878 -0.736232 472.7 0 0
1500 62.365 65.7436 17.8038 0.0380407 1.0466 475.391 0 0
1500 13.1555 14.9293 17.8175 -0.718742 0.302857 472.961 0 0
1500 65.9697 50.9376 17.8139 0.0944833 0.85294 473.32 0 0
1500 98.5515 -5.17417 18.1678 0.676501 -0.0686333 480.032 0 0
1500 85.3305 -71.3646 17.8948 0.502465 -1.20006 470.596 0 0
1500 25.5544 -45.1898 17.8259 -0.509716 -0.703761 478.855 0 0
1500 33.5307 -4.31767 17.9206 -0.402344 -0.0531359 480.76 0 0
1500 16.3551 41.6015 17.9004 -0.695377 0.636785 475.281 0 0
1500 99.5048 10.1853 18.0124 0.672668 0.155038 480.657 0 0
1500 37.526 41.5069 18.0257 -0.292009 0.763417 469.634 0 0
1500 10.0779 -79.3035 17.797 -0.782372 -1.24845 475.761 0 0
1500 59.167 27.7957 18.2621 0.034833 0.487974 475.416 0 0
1500 68.9185 23.6332 18.2628 0.183329 0.424958 475.368 0 0
1500 89.8481 17.8244 17.8057 0.539967 0.331714 474.77 0 0
1500 91.7485 -49.7748 17.9414 0.546116 -0.817694 476.823 0 0
1500 68.7976 -31.4997 17.9584 0.207453 -0.558819 474.995 0 0
1500 121.113 -1.49545 17.8265 1.02135 -0.020123 476.892 0 0
1500 89.3687 34.5026 17.839 0.560063 0.533522 475.149 0 0
1500 64.4579 1.70689 17.8613 0.12232 0.08453 482.417 0 0
1500 120.823 -54.753 18.1975 1.15099 -0.938446 470.634 0 0
1500 138.713 20.524 17.9785 1.3912 0.319004 472.65 0 0
1500 40.8473 54.2542 17.8663 -0.288528 0.920701 475.075 0 0
1500 83.0361 -7.16694 18.0276 0.431655 -0.0676294 482.947 0 0
1500 90.7959 -4.6376 18.3421 0.598539 -0.1279 478.499 0 0
1500 29.1533 60.1005 17.9128 -0.437584 1.04364 474.085 0 0
1500 115.155 -13.4558 17.8585 0.894943 -0.182534 481.96 0 0
1500 107.385 29.3672 18.0248 0.81957 0.492952 479.136 0 0
1500 62.1869 28.2787 17.9754 0.131622 0.433498 484.444 0 0
1500 86.4709 -8.00435 17.9734 0.521167 -0.0800975 477.417 0 0
1500 39.537 -15.8599 18.0361 -0.29026 -0.240116 488.137 0 0
1500 106.641 6.58154 18.0347 0.824724 0.0535884 478.676 0 0
1500 25.6677 -58.0832 17.8861 -0.498186 -0.918816 481.218 0 0
1500 54.6145 -57.1852 17.8921 -0.0755613 -0.933943 479.153 0 0
1500 53.9654 -64.4431 17.8973 -0.0753775 -1.0016 482.208 0 0
1500 28.0293 -40.6641 17.9058 -0.475285 -0.691924 478.722 0 0
1500 31.8721 -34.1074 17.9107 -0.419558 -0.596003 478.264 0 0
1500 91.9032 -30.8111 18.3728 0.642173 -0.494408 480.373 0 0
1500 89.5701 11.2533 18.3799 0.613229 0.13335 479.737 0 0
1500 26.6169 -34.3208 17.8261 -0.433624 -0.556274 483.873 0 0
1500 13.3702 -46.4343 17.8112 -0.658756 -0.77174 479.878 0 0
1500 108.2 9.89553 18.3004 0.9748 0.227843 470.63 0 0
1500 83.8725 -0.545096 18.1486 0.463885 -0.0807109 478.677 0 0
1500 58.9342 -9.69107 17.9582 0.0511117 -0.199354 485.596 0 0
1500 55.98 53.2589 17.8156 -0.0801708 0.812444 483.892 0 0
1500 45.6078 18.0293 18.0137 -0.200419 0.294778 487.232 0 0
1500 46.6339 -50.533 17.9412 -0.234662 -0.781941 479.777 0 0
1500 42.2754 -0.936256 17.9571 -0.307005 -0.0256158 478.531 0 0
1500 7.58496 28.6077 17.9359 -0.822967 0.421819 480.378 0 0
1500 62.25 -7.2203 17.9593 0.00370814 -0.123632 478.392 0 0
1500 35.2284 25.5752 18.1938 -0.3605 0.435274 480.117 0 0
1500 81.3261 -46.0336 17.8761 0.368145 -0.778699 480.074 0 0
1500 42.0388 -4.06018 17.8947 -0.236944 -0.14126 478.576 0 0
1500 102.873 8.06413 18.0959 0.794454 0.0817755 479.166 0 0
1500 38.1637 -133.744 17.8691 -0.291326 -2.15397 479.599 0 0
1500 55.2997 55.8814 18.109 0.00354631 0.993419 476.351 0 0
1500 123.758 3.91876 17.7911 1.04642 0.0536487 482.604 0 0
1500 59.1535 10.8204 17.8982 -0.0211333 0.232642 480.395 0 0
1500 14.5601 13.3183 17.8863 -0.648965 0.24555 487.204 0 0
1500 96.5952 36.7348 17.8804 0.551961 0.624023 481.789 0 0
1500 103.848 98.4397 17.8539 0.782899 1.56303 481.477 0 0
1500 53.1806 67.5254 17.8617 -0.12473 1.04065 484.999 0 0
1500 44.4222 36.7608 17.8799 -0.265928 0.614683 481.935 0 0
1500 0.0460281 22.5142 17.8665 -0.888451 0.368499 486.522 0 0
1500 0.490892 14.3992 17.8666 -0.924265 0.26348 483.355 0 0
1500 113.036 -8.32458 18.0289 0.919919 -0.214849 479.259 0 0
1500 30.9533 45.1303 17.9562 -0.452049 0.734967 483.37 0 0
1500 68.8303 30.4457 17.9689 0.125475 0.520677 482.259 0 0
1500 47.0783 -61.3051 17.8831 -0.109499 -0.980809 484.644 0 0
1500 75.536 -63.7099 17.8796 0.313169 -0.999487 485.808 0 0
1500 78.2231 -14.9198 17.9052 0.333688 -0.262925 489.702 0 0
1500 2.9139 21.2227 17.9233 -0.885028 0.354839 484.781 0 0
1500 97.0819 53.2738 17.8205 0.604582 0.856054 486.182 0 0
1500 71.6922 44.8784 17.8833 0.193823 0.743772 485.644 0 0
1500 46.8732 -34.023 17.9571 -0.271222 -0.574728 478.451 0 0
1500 72.9585 -14.9085 17.8188 0.275215 -0.219079 490.198 0 0
1500 85.4985 52.7059 17.8752 0.364192 0.863282 482.659 0 0
1500 13.7506 40.7384 17.8466 -0.745821 0.630492 484.869 0 0
1500 33.7574 -8.04581 17.954 -0.394238 -0.12054 490.996 0 0
1500 0.121487 -32.9442 17.9284 -0.916486 -0.496543 486.823 0 0
1500 76.6194 8.38844 18.1492 0.305058 0.202483 484.491 0 0
1500 19.2623 27.8121 17.9213 -0.605604 0.408971 490.628 0 0
1500 88.3226 -42.896 17.9213 0.430553 -0.703225 487.27 0 0
1500 62.0502 -5.50137 17.9397 0.0386734 -0.140701 491.004 0 0
1500 121.626 -10.0225 17.8879 1.028 -0.15218 487.261 0 0
1500 -6.46825 -17.3679 17.9646 -1.07687 -0.347451 481.88 0 0
1500 103.825 27.0514 17.9231 0.732619 0.39427 490.401 0 0
1500 62.8866 29.8791 18.0167 0.0196829 0.565404 478.829 0 0
1500 90.1521 -14.5067 17.907 0.463912 -0.272749 492.793 0 0
1500 104.554 0.363564 17.9021 0.776808 0.0598032 487.157 0 0
1500 104.963 -2.07971 17.8764 0.741033 -0.104171 487.897 0 0
1500 99.7206 -37.9132 17.8695 0.640615 -0.627607 490.041 0 0
1500 164.247 6.29119 17.8198 1.60265 0.0589376 491.543 0 0
1500 24.6286 -10.2149 17.8564 -0.52692 -0.182456 493.617 0 0
1500 107.297 28.4684 18.3592 0.911422 0.569262 481.222 0 0
1500 63.4601 67.1204 17.816 0.138365 1.03911 490.354 0 0
1500 51.6938 63.8611 17.8205 -0.0350404 0.968785 491.893 0 0
1500 29.3992 41.6217 17.933 -0.45804 0.628783 492.979 0 0
1500 44.3581 63.8834 17.8955 -0.247897 1.12081 484.234 0 0
1500 6.99023 -40.0263 17.8785 -0.776458 -0.639313 492.054 0 0
1500 90.4072 47.2758 17.8329 0.569747 0.718246 488.898 0 0
1500 113.018 -37.5651 17.8256 0.888024 -0.557037 490.817 0 0
1500 66.8269 65.202 17.8103 0.136385 1.03937 491.926 0 0
1500 23.7696 55.9249 17.8108 -0.505043 0.908663 491.428 0 0
1500 57.3916 61.6126 17.8151 -0.00328156 0.963429 493.522 0 0
1500 40.694 -65.6348 17.8255 -0.208738 -1.02698 493.025 0 0
1500 76.1546 -25.1146 17.9478 0.328091 -0.383704 497.222 0 0
1500 40.906 -39.5787 18.3378 -0.37166 -0.821705 479.313 0 0
1500 94.7364 3.00071 18.2594 0.759088 0.047114 482.584 0 0
1500 82.5001 82.873 17.8486 0.329438 1.30493 493.086 0 0
1500 78.8088 9.73092 18.4637 0.459774 0.186598 493.29 0 0
1500 94.1324 -16.9415 18.3485 0.682774 -0.235047 493.638 0 0
1500 111.617 -44.6877 17.8797 0.817629 -0.711492 496.907 0 0
1500 109.566 -29.2359 17.972 0.883834 -0.420965 493.526 0 0
1500 78.1211 33.5339 18.0446 0.355992 0.519324 500.267 0 0
1500 39.7667 -46.557 17.9222 -0.268238 -0.78671 494.541 0 0
1500 110.016 -13.1528 17.9929 0.886173 -0.2029 495.047 0 0
1500 117.516 -42.4289 18.0345 1.0743 -0.803682 487.319 0 0
1500 45.7473 -11.4033 17.8696 -0.229474 -0.194343 500.931 0 0
1500 34.7303 14.6435 17.8671 -0.384366 0.170045 500.756 0 0
1500 65.2808 -44.0091 17.8576 0.0480053 -0.717599 494.186 0 0
1500 20.4758 -20.3914 17.867 -0.635267 -0.361478 494.359 0 0
1500 119.239 14.8995 17.8521 0.961942 0.228768 499.212 0 0
1500 87.7647 52.9414 17.8531 0.527477 0.813365 496.383 0 0
1500 96.5861 -3.43202 18.0511 0.666832 0.00693502 496.088 0 0
1500 45.4921 -37.3404 17.8771 -0.158627 -0.648243 495.545 0 0
1500 113.09 -17.6313 17.8679 0.820067 -0.31818 500.738 0 0
1500 58.1966 -64.5042 17.8405 0.0089287 -1.01182 501.866 0 0
1500 74.5504 -1.54703 17.8669 0.265443 -0.102299 497.102 0 0
1500 94.5106 -49.139 17.8442 0.532213 -0.78016 502.567 0 0
1500 35.6669 -42.6714 17.851 -0.336447 -0.731697 498.323 0 0
1500 49.3376 7.06195 18.1439 -0.21543 0.0875552 491.078 0 0
1500 105.644 -41.3809 17.8531 0.755403 -0.638789 502.459 0 0
1500 92.4351 -46.6271 17.8552 0.588793 -0.746426 499.542 0 0
1500 95.3634 -54.0995 17.8507 0.612301 -0.831279 501.788 0 0
1500 2.12441 60.9021 17.9943 -0.904138 1.07293 495.318 0 0
1500 98.852 -3.39568 17.8619 0.674892 -0.123985 499.748 0 0
1500 4.44534 33.819 17.7957 -0.808348 0.585736 502.992 0 0
1500 38.8118 62.6267 17.793 -0.285654 1.00622 503.931 0 0
1500 102.238 46.8072 18.1079 0.822973 0.763816 499.346 0 0
1500 98.5319 15.7953 18.0384 0.752324 0.231998 501.003 0 0
1500 29.1163 -43.9467 18.003 -0.436865 -0.738624 505.353 0 0
1500 66.6382 -60.4412 17.9966 0.130081 -0.975477 506.242 0 0
1500 79.3105 -5.71342 18.0197 0.330794 -0.16253 503.978 0 0
1500 73.9929 -39.2172 18.0092 0.245521 -0.673015 504.758 0 0
1500 33.3855 16.8599 17.8583 -0.339396 0.300933 514.88 0 0
1500 102.438 14.8155 17.9435 0.759318 0.186751 508.828 0 0
1500 86.9855 -6.56094 17.9522 0.528736 -0.1417 508.119 0 0
1500 4.07456 -22.4941 17.9695 -0.869218 -0.327034 510.333 0 0
1500 141.707 23.8303 18.1707 1.53739 0.399893 503.661 0 0
1500 99.0328 -25.9923 17.9283 0.715211 -0.389243 513.198 0 0
1500 122.984 55.4144 18.0514 1.17489 0.905698 509.503 0 0
1500 87.3347 -54.4688 17.8122 0.461437 -0.849694 526.044 0 0
