Total number of secondary electrons: 2129
1500 108.022 21.1533 16.3369 1.16035 0.548519 238.734 0 0
1500 85.1086 7.90494 15.6197 0.641307 0.157499 255.309 0 0
1500 97.6496 -6.34631 15.0219 0.763923 -0.144386 261.627 0 0
1500 94.5842 -3.32917 16.5347 0.819783 -0.0433817 269.675 0 0
1500 133.624 -8.52283 13.9822 1.10439 -0.16264 274.027 0 0
1500 99.5051 -9.57291 14.2724 0.590108 -0.161305 275.078 0 0
1500 95.6149 9.07717 16.1489 0.766015 0.103006 279.011 0 0
1500 93.0106 -3.13836 14.7159 0.571875 0.00448601 279.72 0 0
1500 96.9082 0.386118 13.6105 0.507146 -0.043626 281.956 0 0
1500 141.436 4.80596 13.5347 1.08559 0.00533536 283.511 0 0
1500 89.0116 3.11001 13.9959 0.458643 0.0758642 285.528 0 0
1500 106.711 22.1544 14.0155 0.640527 0.328165 286.782 0 0
1500 84.7314 -0.0162673 15.94 0.614828 -0.00988282 287.938 0 0
1500 102.505 -3.24145 14.6581 0.671272 -0.0565083 287.962 0 0
1500 77.4141 40.8193 13.7242 0.282603 0.509525 288.383 0 0
1500 106.033 38.922 13.7919 0.603334 0.482058 289.42 0 0
1500 73.3531 -7.72681 14.1746 0.239755 -0.143286 289.642 0 0
1500 96.8162 40.9275 13.7484 0.430664 0.534529 290.019 0 0
1500 20.4901 24.7597 13.8604 -0.481429 0.293767 290.233 0 0
1500 91.3794 8.15666 16.1477 0.732965 0.124229 291.41 0 0
1500 55.0717 -33.5538 13.883 -0.0641871 -0.416328 292.873 0 0
1500 102.534 -66.581 13.747 0.547554 -0.874694 293.241 0 0
1500 116.379 9.56147 13.7168 0.730608 0.135598 294.212 0 0
1500 108.651 6.93486 16.3818 1.01113 0.0681575 294.377 0 0
1500 70.7323 -10.0213 13.972 0.18037 -0.142381 294.637 0 0
1500 61.6126 94.191 13.9005 0.0818256 1.18261 295.297 0 0
1500 56.8259 19.337 13.9027 -0.019357 0.285928 296.068 0 0
1500 83.7631 1.77024 14.7433 0.457195 0.00366698 296.129 0 0
1500 115.099 -27.7857 14.4364 0.840572 -0.422766 296.48 0 0
1500 41.6392 -3.49783 14.3007 -0.181813 -0.0480828 297.524 0 0
1500 143.889 -12.4044 13.8833 1.01758 -0.152265 297.87 0 0
1500 132.066 -29.0167 13.8693 0.887041 -0.361712 298.097 0 0
1500 114.201 -61.133 13.8641 0.727439 -0.714672 298.099 0 0
1500 79.6327 -11.2531 15.2916 0.397771 -0.136424 299.461 0 0
1500 52.4577 -80.9004 13.9479 -0.0466456 -0.96866 299.663 0 0
1500 97.4144 63.4835 13.987 0.472421 0.743799 299.998 0 0
1500 82.9118 17.5308 15.2407 0.4451 0.240556 300.26 0 0
1500 82.3142 20.1073 15.2407 0.438584 0.268011 300.288 0 0
1500 24.5618 -25.55 13.9746 -0.438453 -0.34614 300.571 0 0
1500 66.9244 -14.6829 14.6835 0.161104 -0.204659 300.752 0 0
1500 95.5809 24.2056 14.0992 0.501539 0.256181 301.006 0 0
1500 127.647 61.5094 14.0691 0.86609 0.79279 303.161 0 0
1500 83.1684 -10.4891 14.6274 0.349921 -0.122748 304.29 0 0
1500 97.4431 -6.49717 16.3865 0.827813 -0.0576681 305.733 0 0
1500 86.1878 1.39355 16.8925 0.658605 0.0294229 306.56 0 0
1500 93.2086 6.68664 15.3864 0.547189 0.12553 309.172 0 0
1500 70.2649 16.0484 15.2643 0.217625 0.200759 310.061 0 0
1500 79.7464 -9.18235 16.0607 0.438373 -0.106558 311.156 0 0
1500 64.4154 3.51413 14.7812 0.118068 0.0949393 311.653 0 0
1500 100.291 5.65834 15.7047 0.682405 0.0806239 311.985 0 0
1500 86.4336 -2.17093 15.6641 0.510575 -0.0436174 312.693 0 0
1500 105.12 -5.47246 15.111 0.791688 -0.0718275 312.955 0 0
1500 120.776 -42.2927 15.6054 1.06129 -0.693996 314.11 0 0
1500 94.3641 -27.1158 14.7376 0.512727 -0.309294 314.683 0 0
1500 91.2555 4.30081 15.8986 0.606694 0.0860533 315.743 0 0
1500 100.605 -6.89379 15.5176 0.688723 -0.0376128 316.256 0 0
1500 61.885 -12.9223 14.9044 0.0794005 -0.213838 316.575 0 0
1500 69.9091 8.84205 14.9099 0.200151 0.0644824 317.049 0 0
1500 100.625 -1.54068 14.7065 0.586619 -0.0200159 317.738 0 0
1500 42.5344 -87.3796 14.6726 -0.139303 -1.03829 318.596 0 0
1500 251.599 -92.9523 15.1355 2.86344 -1.36241 319.13 0 0
1500 86.692 0.353042 15.5442 0.447159 -0.0251146 319.452 0 0
1500 77.9448 -8.61256 15.5319 0.329828 -0.150703 319.567 0 0
1500 63.9079 -14.614 15.5484 0.134594 -0.222743 319.753 0 0
1500 108.537 -15.7049 17.0826 1.0398 -0.241897 319.911 0 0
1500 94.6843 19.9872 15.5339 0.549759 0.278909 319.965 0 0
1500 97.3959 9.00161 15.4056 0.636903 0.0688872 320.527 0 0
1500 31.5704 -18.2768 15.3097 -0.403774 -0.260537 320.644 0 0
1500 139.68 4.89001 14.6976 1.01884 0.056026 321.311 0 0
1500 75.3645 2.06615 14.6799 0.242307 0.0806684 321.667 0 0
1500 73.3815 1.52053 14.9332 0.207713 0.0604219 321.723 0 0
1500 84.8375 -14.595 15.78 0.484776 -0.217396 322.12 0 0
1500 46.6195 15.0084 15.139 -0.146895 0.212019 323.13 0 0
1500 143.45 8.4096 14.8106 1.03761 0.0948707 323.399 0 0
1500 87.5828 -20.8379 16.2498 0.584569 -0.377932 323.843 0 0
1500 91.8221 -18.7929 15.0892 0.496764 -0.219747 324.692 0 0
1500 82.1476 -14.1911 15.019 0.36722 -0.155229 325.289 0 0
1500 98.9707 -16.3986 15.0259 0.571192 -0.181218 325.879 0 0
1500 117.719 -100.133 15.3884 0.859869 -1.48291 326 0 0
1500 106.991 16.9732 15.022 0.666013 0.227423 326.332 0 0
1500 104.647 28.4687 15.2677 0.62402 0.394654 326.491 0 0
1500 123.511 17.1463 14.9827 0.855467 0.226274 327.512 0 0
1500 99.6248 -23.0051 14.9459 0.510455 -0.250588 328.004 0 0
1500 88.1904 15.049 15.3562 0.473107 0.22224 329.178 0 0
1500 99.5605 28.1728 15.3273 0.603766 0.375966 329.936 0 0
1500 125.647 29.7359 15.2025 0.965444 0.451386 329.979 0 0
1500 62.3194 -11.4108 14.8788 0.103833 -0.152476 330.014 0 0
1500 99.506 27.8914 15.249 0.6084 0.404945 330.087 0 0
1500 36.3111 50.6572 14.9712 -0.339788 0.678611 330.362 0 0
1500 112.463 17.7967 15.269 0.792823 0.248848 330.651 0 0
1500 77.1792 16.1102 15.6664 0.37071 0.235416 331.609 0 0
1500 91.0359 54.017 14.8431 0.388533 0.645681 331.722 0 0
1500 72.3924 33.1856 15.067 0.250958 0.439143 331.991 0 0
1500 71.9097 -11.4779 15.724 0.220638 -0.244019 332.341 0 0
1500 104.008 3.5901 15.4804 0.670543 0.0609928 332.836 0 0
1500 89.5618 -10.8948 16.6042 0.607051 -0.146229 333.429 0 0
1500 -16.6331 -29.6395 15.1091 -1.00158 -0.401411 333.631 0 0
1500 27.6817 -49.4213 15.086 -0.428852 -0.614534 334.232 0 0
1500 66.0162 50.8794 15.6092 0.156808 0.858441 334.569 0 0
1500 134.172 -33.006 15.1471 0.996571 -0.4602 334.848 0 0
1500 78.6509 -23.1814 15.4683 0.311024 -0.343023 334.931 0 0
1500 67.7711 -12.3576 15.3168 0.179782 -0.215211 334.979 0 0
1500 86.6921 106.036 15.0307 0.424672 1.35234 335.045 0 0
1500 89.4366 40.89 15.2767 0.427854 0.561335 335.057 0 0
1500 12.2818 52.0815 15.0772 -0.612633 0.634585 335.129 0 0
1500 75.2766 -39.4129 15.0188 0.288752 -0.512227 336.063 0 0
1500 112.626 -54.4299 15.0211 0.677268 -0.68029 336.112 0 0
1500 90.3892 -34.9449 15.2127 0.419544 -0.482484 336.609 0 0
1500 67.6517 20.7935 15.071 0.164661 0.243331 336.68 0 0
1500 65.8592 14.8966 15.9621 0.193491 0.225195 336.979 0 0
1500 4.33773 -22.6632 15.1718 -0.727978 -0.367995 337.137 0 0
1500 103.447 -12.1268 15.1562 0.653671 -0.173925 337.257 0 0
1500 80.05 8.34744 15.7964 0.424546 0.0855311 337.672 0 0
1500 145.43 151.02 15.3001 1.32592 2.23712 337.735 0 0
1500 129.124 -6.32706 15.4713 1.15621 -0.124587 337.918 0 0
1500 49.8802 11.2753 15.4547 -0.0590313 0.202281 338.034 0 0
1500 119.186 68.0886 15.1502 0.841343 0.926904 338.384 0 0
1500 120.055 -26.7687 15.2056 0.84643 -0.351541 338.8 0 0
1500 73.7215 -64.5188 15.1579 0.276633 -0.87261 338.842 0 0
1500 80.5716 -37.6672 15.4262 0.299031 -0.605234 338.894 0 0
1500 59.911 9.36655 15.0927 0.0771466 0.159234 338.993 0 0
1500 82.0077 -5.20803 15.2215 0.386148 -0.0541698 339.338 0 0
1500 -10.0126 -11.5775 15.2093 -0.893872 -0.171357 339.863 0 0
1500 53.856 50.7483 15.4001 -0.0976477 0.70221 340.349 0 0
1500 97.7855 0.283458 16.2456 0.667255 0.026239 340.422 0 0
1500 80.8234 -9.13282 15.5657 0.403409 -0.107618 340.653 0 0
1500 100.334 -18.7773 16.0396 0.672848 -0.259713 340.87 0 0
1500 74.9503 -8.35991 16.2328 0.378819 -0.152835 340.992 0 0
1500 81.3933 26.2517 15.4155 0.26806 0.3622 341.474 0 0
1500 95.2022 33.3855 15.6827 0.531437 0.464962 342.031 0 0
1500 84.4467 5.68236 16.4347 0.449146 0.088556 342.164 0 0
1500 99.8233 -8.43513 16.2189 0.806195 -0.100687 342.16 0 0
1500 33.6051 -9.50906 15.3534 -0.306154 -0.183999 343.437 0 0
1500 80.4048 15.4108 16.6952 0.471599 0.233712 343.479 0 0
1500 120.71 -196.917 15.225 0.77735 -2.45966 344.053 0 0
1500 126.236 -8.65066 16.4858 1.24297 -0.117929 344.571 0 0
1500 75.7042 -0.470938 15.7374 0.317655 -0.0576017 344.795 0 0
1500 36.2425 16.4153 15.4427 -0.311231 0.194258 345.226 0 0
1500 80.4287 -3.49841 16.4925 0.474591 -0.00422123 345.388 0 0
1500 81.8227 -4.16133 16.743 0.455112 -0.060102 346.065 0 0
1500 17.241 51.2048 15.3915 -0.519769 0.686612 346.258 0 0
1500 45.2759 -82.0015 15.2573 -0.168805 -1.03446 346.457 0 0
1500 94.2832 -2.90826 17.2989 0.715189 -0.00971005 346.543 0 0
1500 102.762 7.22443 16.2472 0.705244 0.11143 346.712 0 0
1500 62.5652 20.0204 15.4131 0.0548661 0.280951 346.882 0 0
1500 -23.8044 -23.7712 15.2992 -0.985653 -0.338564 346.985 0 0
1500 158.191 72.992 15.3158 1.30514 0.929406 347.223 0 0
1500 51.2665 48.1136 15.7816 -0.0670624 0.753843 347.212 0 0
1500 72.5116 18.7297 16.4546 0.324457 0.281832 347.308 0 0
1500 69.2118 -1.99813 15.5232 0.197373 -0.0411187 347.321 0 0
1500 94.6187 -15.87 16.0671 0.671689 -0.223718 347.742 0 0
1500 88.0152 -13.928 15.4769 0.449488 -0.144801 347.768 0 0
1500 94.2928 45.5938 15.5108 0.453697 0.632183 348.217 0 0
1500 87.5669 23.4562 15.8219 0.422769 0.352886 348.319 0 0
1500 74.0065 8.58247 16.3243 0.324686 0.0925232 348.561 0 0
1500 74.6428 -51.6591 15.4614 0.192255 -0.720704 348.822 0 0
1500 135.474 -34.3357 15.5103 1.02441 -0.438836 349.824 0 0
1500 78.0091 28.3098 15.7383 0.32409 0.412699 349.884 0 0
1500 2.11225 -23.4576 15.5453 -0.718003 -0.363825 349.891 0 0
1500 97.7488 51.1615 15.9461 0.552614 0.783258 349.983 0 0
1500 60.5775 -52.2929 15.7365 0.0231866 -0.706409 350.002 0 0
1500 92.3966 -43.7719 15.8227 0.486302 -0.608428 350.356 0 0
1500 80.8403 -30.9852 16.2551 0.384716 -0.552479 351.158 0 0
1500 129.583 -22.2759 15.6297 0.897644 -0.343103 351.169 0 0
1500 125.399 39.2423 15.7072 0.887298 0.513102 351.434 0 0
1500 53.8031 9.00417 16.298 -0.0280669 0.125808 351.408 0 0
1500 103.767 -1.86155 16.1849 0.690053 -0.0579632 351.742 0 0
1500 98.7692 -16.9772 16.066 0.563133 -0.268376 352.063 0 0
1500 58.4648 11.0427 16.3006 -0.00333918 0.126353 352.629 0 0
1500 81.5186 -5.17302 16.2081 0.391762 -0.0105777 352.734 0 0
1500 90.3353 -35.2606 15.9685 0.429599 -0.564027 352.868 0 0
1500 20.3501 -37.65 15.7478 -0.477257 -0.548388 353.015 0 0
1500 85.5679 -67.0561 15.8842 0.381512 -0.897558 353.049 0 0
1500 57.6532 51.2688 15.8003 -0.0675579 0.66917 353.451 0 0
1500 73.4458 2.43354 17.1658 0.349645 0.0860489 353.479 0 0
1500 119.873 -9.56223 15.7736 0.79896 -0.185528 353.522 0 0
1500 27.8719 42.8912 15.8074 -0.450171 0.559773 353.65 0 0
1500 143.959 -17.2127 16.3515 1.37273 -0.246747 353.679 0 0
1500 97.64 -71.1522 15.7986 0.479884 -0.927649 353.783 0 0
1500 81.9242 -19.3968 15.9507 0.282391 -0.316961 353.905 0 0
1500 99.4671 -12.763 17.2326 0.769528 -0.203839 353.994 0 0
1500 66.3611 0.660936 16.3638 0.118677 -0.0099399 353.96 0 0
1500 66.7925 -65.1075 15.7872 0.119096 -0.889772 354.076 0 0
1500 68.7601 -118.53 15.8103 0.154158 -1.5048 354.248 0 0
1500 62.3439 -2.29967 16.7019 0.0898417 -0.102506 354.376 0 0
1500 26.0375 56.2378 15.8164 -0.468765 0.723628 354.477 0 0
1500 17.9492 -38.7364 15.8261 -0.604282 -0.504042 354.479 0 0
1500 35.7827 -6.48001 15.8713 -0.277874 -0.119424 354.865 0 0
1500 1.7693 -40.5331 15.8155 -0.772594 -0.503966 354.967 0 0
1500 63.7282 -82.3818 15.7926 0.124882 -1.04078 355.101 0 0
1500 59.1836 -21.8855 15.9448 0.0722014 -0.334447 355.35 0 0
1500 73.379 5.344 17.3753 0.358235 0.103692 355.56 0 0
1500 85.3054 22.1685 15.8304 0.416239 0.316404 355.569 0 0
1500 -36.5234 15.5412 15.8501 -1.25847 0.270074 355.881 0 0
1500 138.21 8.69712 15.8293 1.0305 0.0803963 356.048 0 0
1500 81.0162 -68.0906 15.8602 0.269825 -0.866183 356.073 0 0
1500 -0.445931 49.929 15.8501 -0.789586 0.630616 356.07 0 0
1500 42.1986 -62.169 15.8669 -0.203375 -0.781808 356.15 0 0
1500 91.0625 9.42306 16.7647 0.52432 0.167613 356.241 0 0
1500 31.1718 -35.3699 15.9423 -0.353324 -0.523121 356.276 0 0
1500 24.7008 -41.8009 16.0151 -0.44634 -0.583724 356.369 0 0
1500 -19.6774 -11.8768 15.873 -1.02303 -0.138968 356.564 0 0
1500 71.6723 -23.8822 15.9436 0.249386 -0.338519 356.575 0 0
1500 105.834 44.5104 16.1153 0.653085 0.685848 356.686 0 0
1500 92.5454 4.78475 15.9513 0.525387 0.0428482 356.831 0 0
1500 67.5354 -17.29 16.3177 0.165646 -0.292395 357.098 0 0
1500 114.289 -59.0137 15.8785 0.694624 -0.781121 357.225 0 0
1500 101.441 -0.251827 16.1346 0.6422 0.0326656 357.236 0 0
1500 57.6588 37.8639 16.1901 -0.0104704 0.53978 357.42 0 0
1500 -12.2464 -41.8907 15.9089 -0.918656 -0.504068 357.645 0 0
1500 105.109 -2.27178 16.7283 0.912845 -0.0213972 357.678 0 0
1500 91.6298 1.90153 16.7941 0.586466 0.0381734 357.868 0 0
1500 24.0398 -34.1578 16.1035 -0.487603 -0.57696 358.076 0 0
1500 99.4839 1.74581 16.0318 0.609224 0.0681458 358.28 0 0
1500 -22.3224 -0.275908 15.9446 -1.03169 0.00465003 358.45 0 0
1500 87.1352 -54.0221 16.2036 0.47224 -0.885541 358.47 0 0
1500 78.6944 -14.3338 15.985 0.235229 -0.222338 358.611 0 0
1500 36.5609 13.3391 16.3936 -0.281727 0.203162 358.628 0 0
1500 102.358 37.0929 16.0977 0.656068 0.49905 358.689 0 0
1500 -16.6207 4.4721 16.1264 -1.14297 0.0538291 358.678 0 0
1500 134.404 0.0420034 15.9345 1.01801 0.0247055 358.798 0 0
1500 104.376 -22.7688 16.2268 0.681589 -0.337541 358.833 0 0
1500 28.7654 -52.4625 16.0043 -0.342794 -0.743424 358.869 0 0
1500 40.2157 -73.3875 16.0292 -0.227821 -0.982585 358.978 0 0
1500 -12.9007 45.7444 16.163 -1.02546 0.742704 359.213 0 0
1500 92.1059 -8.0203 16.7111 0.60919 -0.0964025 359.286 0 0
1500 54.6023 -21.6796 16.2178 0.0154264 -0.3457 359.447 0 0
1500 55.4341 82.4348 15.9826 0.0225585 1.04785 359.943 0 0
1500 85.8982 3.0939 16.6491 0.46652 -0.019437 359.997 0 0
1500 130.074 -54.9152 16.1341 1.0765 -0.797401 360.081 0 0
1500 58.3274 5.13227 16.564 0.0147744 0.0865852 360.175 0 0
1500 101.441 22.5414 17.0585 0.824018 0.446689 360.384 0 0
1500 90.618 12.334 16.5471 0.461026 0.210561 360.397 0 0
1500 137.497 -12.4073 16.0322 1.03229 -0.129085 360.697 0 0
1500 24.6362 77.6983 16.3768 -0.465996 1.19026 360.775 0 0
1500 24.7033 -20.1509 16.1321 -0.442877 -0.337194 360.914 0 0
1500 31.5441 -4.02929 16.5606 -0.364635 -0.093437 361.072 0 0
1500 129.534 -37.4559 16.0612 0.929323 -0.435028 361.131 0 0
1500 85.0487 -2.16819 17.1954 0.526062 -0.0635974 361.583 0 0
1500 62.1357 -4.97028 17.1239 0.130895 -0.154712 361.649 0 0
1500 102.717 11.155 17.5833 0.814262 0.208183 361.736 0 0
1500 85.447 12.4317 16.2759 0.452692 0.155278 361.714 0 0
1500 119.176 45.2241 16.1041 0.794517 0.571334 361.955 0 0
1500 97.6862 18.8689 17.2024 0.749369 0.36591 361.975 0 0
1500 26.8215 -17.2456 16.1466 -0.426407 -0.220733 362.061 0 0
1500 55.2585 8.72137 16.8558 -0.114191 0.127298 362.089 0 0
1500 100.025 -2.69853 16.2553 0.641266 -0.0549292 362.129 0 0
1500 155.451 -19.7999 16.8154 1.71128 -0.261878 362.135 0 0
1500 83.7366 4.80813 16.6866 0.366633 0.0986631 362.162 0 0
1500 120.807 38.153 16.1231 0.810179 0.48319 362.373 0 0
1500 82.2009 -6.41709 16.6976 0.404096 -0.166221 362.396 0 0
1500 74.5596 -60.7543 16.1836 0.22093 -0.863428 362.483 0 0
1500 182.676 53.7321 16.3685 1.93801 0.801848 362.612 0 0
1500 88.6232 -21.3784 16.308 0.428219 -0.352215 362.78 0 0
1500 7.83074 -12.0207 16.2329 -0.706166 -0.183787 363.265 0 0
1500 71.4572 12.235 16.2702 0.261716 0.151554 363.538 0 0
1500 76.9073 -2.75153 17.9978 0.420781 -0.0302466 363.962 0 0
1500 79.6742 -9.51701 17.3221 0.40557 -0.132943 364.034 0 0
1500 -1.62469 10.9514 16.231 -0.821519 0.11614 364.064 0 0
1500 81.9311 16.5115 17.2223 0.44259 0.270682 364.14 0 0
1500 50.6586 -7.78707 16.3578 -0.0976984 -0.167296 364.255 0 0
1500 99.5727 25.7937 16.1643 0.541265 0.326402 364.344 0 0
1500 102.214 10.3329 16.7124 0.694769 0.172101 364.684 0 0
1500 117.305 6.00204 17.173 1.00427 0.095051 364.878 0 0
1500 90.8612 10.1414 16.2012 0.435778 0.141112 364.905 0 0
1500 52.6341 77.7685 16.3218 -0.0374237 1.13566 364.945 0 0
1500 57.6896 -59.726 16.3699 -0.0590715 -0.857037 365.536 0 0
1500 89.0698 -11.9281 17.3129 0.650665 -0.161818 365.571 0 0
1500 55.8802 -19.3773 16.3358 -0.0287982 -0.281205 365.617 0 0
1500 71.8844 -13.0591 16.4282 0.276373 -0.188111 365.821 0 0
1500 91.5862 17.6399 17.1459 0.613843 0.364931 365.827 0 0
1500 16.8435 25.9556 16.2345 -0.535774 0.359664 365.915 0 0
1500 80.3789 -1.25163 16.4322 0.390474 -0.0287726 365.916 0 0
1500 119.822 -59.975 16.309 0.917654 -0.817828 365.919 0 0
1500 49.9014 -25.3019 16.4485 -0.0812195 -0.351061 366.169 0 0
1500 74.2482 -6.79215 16.329 0.196815 -0.154349 366.252 0 0
1500 98.335 12.1081 16.4209 0.623664 0.173174 366.293 0 0
1500 35.0676 11.3635 16.3345 -0.339369 0.0942279 366.389 0 0
1500 43.4915 -23.9471 16.3417 -0.223628 -0.387726 366.565 0 0
1500 29.6157 -21.7813 16.4566 -0.473251 -0.332408 366.841 0 0
1500 102.397 -33.1646 16.4505 0.67203 -0.42763 366.948 0 0
1500 36.5922 -10.2753 16.4685 -0.378203 -0.14527 367.009 0 0
1500 112.273 46.0132 16.3261 0.688733 0.626132 367.066 0 0
1500 53.8998 29.7325 16.3452 0.0008245 0.445466 367.197 0 0
1500 209.943 -112.327 16.6077 2.42809 -1.77648 367.207 0 0
1500 99.648 -48.9046 16.506 0.611443 -0.717071 367.23 0 0
1500 132.274 -25.4494 16.2983 0.957931 -0.380013 367.257 0 0
1500 95.6986 -37.0618 16.3764 0.482544 -0.55961 367.487 0 0
1500 95.122 -6.93968 17.5333 0.66395 -0.12941 367.576 0 0
1500 68.6307 75.8795 16.4074 0.150717 1.03194 367.706 0 0
1500 75.2292 7.6002 18.5083 0.466561 0.137699 367.768 0 0
1500 94.9801 -8.56945 16.6133 0.640251 -0.116691 367.86 0 0
1500 90.0631 11.5514 17.0755 0.569126 0.125784 367.928 0 0
1500 94.4602 10.3771 16.6234 0.579209 0.101592 367.89 0 0
1500 120.259 21.3586 16.3486 0.808132 0.256126 368.155 0 0
1500 106.657 -36.7584 16.7592 0.745244 -0.562175 368.36 0 0
1500 104.796 17.3548 17.9469 0.98583 0.330897 368.345 0 0
1500 86.0761 66.2265 16.4096 0.373918 0.928847 368.397 0 0
1500 12.3327 -43.4131 16.4083 -0.632781 -0.637247 368.411 0 0
1500 87.9482 -59.2021 16.4118 0.372456 -0.845055 368.616 0 0
1500 87.6622 53.577 16.5316 0.397864 0.823248 368.614 0 0
1500 90.5216 -24.8839 17.2513 0.564389 -0.367597 368.638 0 0
1500 81.0077 49.196 16.6116 0.338582 0.718786 368.686 0 0
1500 116.332 19.8144 16.5505 0.857832 0.259529 368.699 0 0
1500 83.6371 -5.02162 16.7434 0.372152 -0.12742 369.116 0 0
1500 104.843 -46.4752 16.4948 0.620087 -0.679674 369.126 0 0
1500 81.2195 -3.04993 16.4911 0.394815 -0.0377664 369.136 0 0
1500 116.163 50.1389 16.4342 0.758116 0.711387 369.223 0 0
1500 98.2145 34.0183 17.3957 0.785539 0.563991 369.268 0 0
1500 97.0007 18.5542 16.9146 0.644831 0.244779 369.347 0 0
1500 41.0883 -37.6143 16.4604 -0.200044 -0.512079 369.545 0 0
1500 25.899 -59.4795 16.413 -0.42262 -0.887238 369.696 0 0
1500 83.6154 -22.1861 16.4649 0.309978 -0.325601 369.82 0 0
1500 13.6753 -59.7433 16.4342 -0.601976 -0.836581 370.026 0 0
1500 66.5336 13.9773 16.6345 0.0792736 0.212222 370.108 0 0
1500 86.7217 -10.8759 16.8932 0.507188 -0.160674 370.392 0 0
1500 117.684 -13.3265 18.342 1.36842 -0.313329 370.451 0 0
1500 -1.88894 -40.018 16.5147 -0.844585 -0.61182 370.524 0 0
1500 76.1706 -11.1067 17.1226 0.326889 -0.171884 370.583 0 0
1500 21.7112 27.8317 16.4388 -0.535824 0.414093 370.611 0 0
1500 68.5764 -5.79266 16.5751 0.205605 -0.130169 371.024 0 0
1500 86.614 -9.2416 16.9739 0.487687 -0.176151 371.136 0 0
1500 74.6402 14.0644 16.9329 0.311613 0.248772 371.191 0 0
1500 -71.6709 -26.5047 16.4737 -1.85039 -0.448007 371.324 0 0
1500 83.1121 6.99532 17.3455 0.470672 0.143833 371.418 0 0
1500 46.3771 -45.4908 16.4258 -0.100142 -0.655489 371.442 0 0
1500 74.9262 16.7396 16.9569 0.323563 0.281525 371.495 0 0
1500 101.727 48.9272 16.3868 0.617734 0.706261 371.559 0 0
1500 85.6721 17.9185 17.334 0.501002 0.280858 371.742 0 0
1500 51.404 9.86102 17.376 -0.0736717 0.179165 371.768 0 0
1500 72.1941 -16.3885 17.1564 0.227909 -0.246522 371.809 0 0
1500 135.931 13.9368 16.6463 1.15178 0.251051 371.872 0 0
1500 51.8319 -5.98576 16.8035 -0.091588 -0.112295 371.909 0 0
1500 86.1545 0.645584 16.7172 0.479212 -0.0250455 371.925 0 0
1500 66.158 -17.7955 16.7949 0.101907 -0.271458 372.045 0 0
1500 44.5692 56.9546 16.4789 -0.158741 0.830262 372.115 0 0
1500 77.0885 -2.18763 17.2077 0.341043 0.0131974 372.199 0 0
1500 100.076 1.7525 16.8297 0.670404 0.0581842 372.268 0 0
1500 -0.311552 -11.2719 16.3768 -0.856745 -0.151418 372.257 0 0
1500 130.169 -25.7359 16.7624 1.12275 -0.387216 372.434 0 0
1500 7.36244 -10.5983 16.4284 -0.769479 -0.105644 372.433 0 0
1500 107.711 22.6197 17.8781 0.928995 0.425535 372.682 0 0
1500 80.6099 12.2615 17.1489 0.438151 0.248612 372.702 0 0
1500 63.5433 -26.705 16.4675 0.0787585 -0.436087 372.842 0 0
1500 80.7181 8.00778 18.2024 0.576688 0.147496 373.03 0 0
1500 26.7603 -62.3353 16.3635 -0.486307 -0.831706 373.038 0 0
1500 69.0178 31.2069 16.6858 0.15441 0.480905 373.156 0 0
1500 39.5804 72.6202 16.3795 -0.298401 0.985027 373.325 0 0
1500 85.5715 0.807668 17.4899 0.513017 0.0718439 373.419 0 0
1500 30.326 -10.4121 16.5259 -0.414371 -0.189603 373.436 0 0
1500 135.794 -6.69975 16.7902 1.32117 -0.0712241 373.527 0 0
1500 106.398 27.6926 16.4436 0.639366 0.384492 373.542 0 0
1500 129.464 -26.8219 16.4619 0.991251 -0.340749 373.656 0 0
1500 12.7645 55.1728 16.5024 -0.630394 0.769689 373.702 0 0
1500 91.4417 -54.7389 16.4691 0.462541 -0.854817 373.713 0 0
1500 128.765 28.0237 16.4505 0.96903 0.39984 373.849 0 0
1500 75.0695 -7.28622 17.202 0.269925 -0.200689 373.996 0 0
1500 95.0574 65.3448 16.4368 0.482297 0.890923 374.146 0 0
1500 37.5602 26.8929 16.5797 -0.386101 0.408653 374.213 0 0
1500 94.0447 8.81814 18.2303 0.711324 0.144844 374.347 0 0
1500 91.4478 -2.96882 16.5061 0.450403 0.00869226 374.59 0 0
1500 62.9354 -15.5255 16.8244 0.10983 -0.278529 374.609 0 0
1500 99.6875 -62.6343 16.4325 0.602348 -0.852154 374.689 0 0
1500 98.4839 -11.5421 16.661 0.619961 -0.104272 374.798 0 0
1500 97.7111 -1.78031 16.6154 0.603964 -0.0941616 374.815 0 0
1500 77.2377 -21.0818 16.8346 0.30294 -0.352641 374.894 0 0
1500 77.0653 -11.581 16.6197 0.248104 -0.222455 374.948 0 0
1500 131.164 -0.201629 16.937 1.15554 -0.00842476 374.974 0 0
1500 78.4216 -1.42117 16.6712 0.323251 -0.0275725 375.295 0 0
1500 -13.8493 -24.0006 16.4526 -0.998196 -0.310361 375.318 0 0
1500 90.1518 -17.6346 16.5945 0.505196 -0.195103 375.313 0 0
1500 119.849 -20.2526 16.8249 1.08639 -0.324643 375.39 0 0
1500 60.6237 -27.5111 16.484 -0.00140266 -0.441868 375.428 0 0
1500 84.5584 4.37032 17.9783 0.5172 0.0244205 375.483 0 0
1500 -12.8802 -6.32294 16.4669 -1.00432 -0.0543383 375.547 0 0
1500 84.8309 15.6722 16.5468 0.349428 0.247995 375.785 0 0
1500 5.53175 47.7102 16.5015 -0.692847 0.704064 376.004 0 0
1500 89.2956 -51.0085 16.9633 0.521954 -0.78309 376.073 0 0
1500 31.0896 -22.8012 16.5692 -0.353093 -0.332045 376.263 0 0
1500 160.746 55.2873 16.5804 1.49434 0.770146 376.469 0 0
1500 58.8334 1.71112 17.069 -0.0142152 0.0302513 376.469 0 0
1500 54.0903 -18.3556 16.5935 -0.0724052 -0.276539 376.655 0 0
1500 48.2254 44.3357 16.5699 -0.167439 0.5874 376.661 0 0
1500 53.3747 14.8744 16.7126 -0.0241472 0.266781 376.718 0 0
1500 78.9652 -19.5549 17.4297 0.409198 -0.317774 376.721 0 0
1500 86.2521 -3.20263 17.1923 0.483376 0.0173356 376.966 0 0
1500 75.7065 71.5907 16.5441 0.242301 1.01034 376.968 0 0
1500 45.2625 2.59864 16.6282 -0.238726 0.0507813 376.97 0 0
1500 89.9721 -43.9087 16.8381 0.461316 -0.672573 377.105 0 0
1500 74.5348 0.385503 17.2561 0.326883 -0.0590923 377.649 0 0
1500 52.6362 -32.0222 16.6205 -0.0237726 -0.49312 377.687 0 0
1500 51.4814 33.3408 16.6526 -0.15403 0.447219 377.877 0 0
1500 49.7444 -70.7666 16.5743 -0.125932 -1.00852 377.993 0 0
1500 33.3248 -13.8158 16.9452 -0.351806 -0.220354 378.026 0 0
1500 43.423 16.7889 17.1743 -0.239728 0.212954 378.045 0 0
1500 91.0156 26.4726 16.6506 0.487187 0.427147 378.059 0 0
1500 102.904 9.92663 16.7745 0.632644 0.19569 378.283 0 0
1500 67.6216 -24.1587 17.0848 0.141641 -0.372812 378.348 0 0
1500 46.1994 -37.9158 16.65 -0.118097 -0.578618 378.354 0 0
1500 39.3706 4.82313 16.8726 -0.24556 0.0204461 378.65 0 0
1500 107.836 25.5734 16.916 0.763505 0.367891 378.762 0 0
1500 54.0277 1.78964 16.653 -0.0161869 0.0713968 378.787 0 0
1500 72.2803 79.0247 16.7463 0.225369 1.14584 379.192 0 0
1500 68.0776 21.9063 16.8592 0.185604 0.366082 379.171 0 0
1500 37.3787 -3.91885 17.0305 -0.304754 -0.0519855 379.331 0 0
1500 118.467 -9.39135 16.7523 0.931348 -0.0792667 379.545 0 0
1500 63.496 -52.2987 17.0413 0.0848389 -0.811935 379.629 0 0
1500 31.2405 -59.914 16.7213 -0.42358 -0.825254 379.833 0 0
1500 56.9892 4.12503 16.8287 0.00409668 0.128854 379.844 0 0
1500 -0.77609 -37.6692 16.727 -0.847575 -0.502197 379.89 0 0
1500 110.859 30.5686 18.044 1.10331 0.612347 379.924 0 0
1500 77.4169 4.17895 17.2655 0.326982 0.0980109 379.973 0 0
1500 104.074 -3.30625 17.1678 0.733107 -0.0782582 379.993 0 0
1500 84.0966 21.4222 17.1719 0.41477 0.287514 380.355 0 0
1500 123.082 12.6322 16.7871 0.94995 0.172335 380.355 0 0
1500 14.5051 -53.9932 16.7418 -0.64515 -0.739868 380.368 0 0
1500 126.311 25.0721 16.6884 0.971243 0.340506 380.43 0 0
1500 38.9227 -11.8404 16.8554 -0.272734 -0.113916 380.624 0 0
1500 92.3138 63.5414 16.8308 0.53804 0.971899 380.675 0 0
1500 52.4783 -20.1252 16.8607 -0.0694982 -0.304389 380.717 0 0
1500 -15.2703 13.543 16.7238 -0.990861 0.131174 380.831 0 0
1500 98.8026 21.2117 16.7388 0.530777 0.355149 380.84 0 0
1500 92.802 11.2756 17.9784 0.66894 0.136513 381.086 0 0
1500 86.1726 -2.03518 18.44 0.606726 0.02379 381.581 0 0
1500 -14.9056 20.6392 16.8111 -1.00975 0.270137 381.869 0 0
1500 93.0443 -40.6736 16.9904 0.489452 -0.620931 382.144 0 0
1500 41.4626 -39.6288 16.9702 -0.301473 -0.608697 382.132 0 0
1500 95.5131 -27.5684 16.9981 0.595064 -0.417032 382.181 0 0
1500 81.6535 72.0866 16.8848 0.39381 1.03348 382.256 0 0
1500 29.0185 91.0996 16.8007 -0.431032 1.31381 382.309 0 0
1500 15.09 -25.1994 16.7962 -0.661923 -0.375159 382.442 0 0
1500 60.0163 -63.4898 16.9921 0.100188 -0.979566 382.44 0 0
1500 111.327 79.8562 16.8825 0.769554 1.21598 382.537 0 0
1500 60.1284 63.5968 16.8584 0.0269692 0.930954 382.574 0 0
1500 38.6302 -21.6631 17.1245 -0.297803 -0.291165 382.875 0 0
1500 58.6299 5.51932 17.2039 -0.0115408 0.081536 382.888 0 0
1500 89.0675 0.964687 17.5647 0.56492 0.0531916 383.028 0 0
1500 -15.3341 -5.38734 16.8225 -1.01807 -0.0777713 383.128 0 0
1500 121.744 4.05308 16.8723 0.900678 0.118276 383.317 0 0
1500 71.2178 65.2321 16.9664 0.2039 1.03588 383.471 0 0
1500 132.603 -13.6033 17.1018 1.21571 -0.226772 383.504 0 0
1500 129.501 4.75113 16.9302 0.991367 0.0637521 383.715 0 0
1500 48.6656 -46.4858 17.1124 -0.159942 -0.737621 383.729 0 0
1500 75.2537 -10.3474 17.1943 0.339363 -0.181213 383.8 0 0
1500 72.4685 -17.6285 17.6142 0.237904 -0.286416 383.934 0 0
1500 96.6159 25.3653 17.358 0.633756 0.385668 383.947 0 0
1500 77.5856 -16.3273 17.0383 0.246797 -0.260757 384.212 0 0
1500 92.7476 9.50775 17.206 0.578058 0.0931688 384.245 0 0
1500 85.5957 -16.776 18.0598 0.599788 -0.400474 384.256 0 0
1500 66.6911 -39.2476 17.3054 0.117922 -0.585692 384.483 0 0
1500 46.0102 58.8533 17.121 -0.185486 0.873446 384.503 0 0
1500 96.5918 -16.9575 17.5435 0.667277 -0.224724 384.649 0 0
1500 32.2585 -12.8048 17.0718 -0.351547 -0.247603 384.812 0 0
1500 73.5838 39.303 16.9745 0.268542 0.602222 384.856 0 0
1500 98.7078 -0.828344 17.3788 0.676406 -0.0382074 385.243 0 0
1500 85.3355 -55.5389 17.0345 0.431193 -0.810786 385.31 0 0
1500 77.3082 -26.6729 17.1551 0.257578 -0.436013 385.283 0 0
1500 60.9687 8.14405 17.0273 0.0999958 0.166596 385.422 0 0
1500 64.3053 51.9224 17.0735 0.0583702 0.756097 385.647 0 0
1500 65.6886 -5.49806 17.6446 0.16371 -0.123837 385.687 0 0
1500 79.4682 1.93787 17.1773 0.325619 -0.0238562 385.698 0 0
1500 75.9863 12.0093 17.8456 0.380274 0.222955 385.695 0 0
1500 39.9008 7.15685 16.9679 -0.324148 0.111315 385.758 0 0
1500 129.859 -18.4105 16.9465 1.00201 -0.298408 385.786 0 0
1500 84.1708 -5.47976 16.9654 0.401267 -0.139035 385.914 0 0
1500 62.841 -5.00355 17.1708 0.133667 -0.0984981 386.079 0 0
1500 65.0551 3.29969 17.1711 0.160976 0.00394863 386.083 0 0
1500 76.5191 -0.466071 17.9001 0.381604 0.0166174 386.112 0 0
1500 109.071 -10.9324 16.9581 0.736108 -0.215476 386.153 0 0
1500 3.11441 -59.6621 16.9733 -0.855733 -0.861018 386.194 0 0
1500 44.3424 -36.938 16.9796 -0.259774 -0.507524 386.223 0 0
1500 41.4189 62.6604 16.991 -0.238468 0.858084 386.302 0 0
1500 52.5112 -26.0026 16.9981 -0.0227705 -0.365577 386.349 0 0
1500 73.3762 -18.9458 17.1602 0.267253 -0.327394 386.418 0 0
1500 116.196 -4.22368 16.9687 0.830752 -0.121716 386.523 0 0
1500 125.146 -56.4551 16.9658 0.922452 -0.854999 386.516 0 0
1500 72.0708 -27.8157 17.165 0.248406 -0.449764 386.609 0 0
1500 71.4097 38.6031 17.1463 0.264838 0.585605 386.81 0 0
1500 118.159 -21.1361 16.9853 0.851419 -0.352633 387.071 0 0
1500 97.4148 43.5167 17.4356 0.638403 0.737733 387.12 0 0
1500 66.0176 62.4761 16.9882 0.0684018 0.853538 387.231 0 0
1500 91.6606 -59.4383 16.9803 0.457795 -0.827204 387.314 0 0
1500 113.187 -36.0363 17.163 0.794237 -0.549156 387.334 0 0
1500 98.6679 44.6089 17.1766 0.638713 0.632723 387.483 0 0
1500 48.2929 -30.2819 17.4631 -0.189409 -0.508984 387.563 0 0
1500 117.107 -37.1049 17.097 0.818953 -0.567856 387.65 0 0
1500 119.906 -147.473 17.421 1.0011 -2.43273 387.834 0 0
1500 65.0881 -15.4206 17.6445 0.189735 -0.276734 387.881 0 0
1500 65.5548 33.1122 17.3201 0.101615 0.559321 387.856 0 0
1500 117.878 -6.3993 17.077 0.868377 -0.144927 388.312 0 0
1500 85.7743 -38.122 17.2131 0.432171 -0.591082 388.629 0 0
1500 31.7397 51.0443 17.1036 -0.42374 0.725935 388.672 0 0
1500 85.4522 -3.78158 17.9223 0.503787 -0.0689041 388.85 0 0
1500 53.9078 -14.9287 17.1967 -0.0211999 -0.244913 388.864 0 0
1500 61.7095 -6.49218 17.5307 0.0489538 -0.0625089 388.954 0 0
1500 76.7223 -12.551 17.4065 0.337244 -0.17651 389.024 0 0
1500 72.0216 -16.228 17.8436 0.260208 -0.27785 388.996 0 0
1500 52.5508 8.05557 17.1945 -0.132711 0.120945 389.154 0 0
1500 87.1215 -13.0263 17.8224 0.524962 -0.231497 389.352 0 0
1500 66.5026 43.7528 17.1819 0.181082 0.657803 389.354 0 0
1500 61.9236 9.27736 17.3636 0.0685588 0.195744 389.501 0 0
1500 60.3255 -51.6498 17.5589 0.0279635 -0.812875 389.489 0 0
1500 -10.6113 36.9278 17.1469 -0.986107 0.581409 389.603 0 0
1500 65.0533 61.3816 17.203 0.0662322 0.892078 389.663 0 0
1500 48.1423 2.8311 17.4457 -0.230543 0.0895792 389.816 0 0
1500 28.2439 24.7438 17.2097 -0.471085 0.352973 389.839 0 0
1500 73.7674 -15.7751 17.3183 0.268847 -0.231003 390.001 0 0
1500 34.6896 -70.4393 17.0992 -0.290465 -1.00553 390.085 0 0
1500 7.23828 55.1177 17.1007 -0.739647 0.742494 390.105 0 0
1500 115.999 -34.2093 17.2068 0.840239 -0.574414 390.147 0 0
1500 124.825 4.86272 17.2834 0.989389 0.0451282 390.236 0 0
1500 12.1243 17.9366 17.222 -0.6914 0.256032 390.349 0 0
1500 120.195 -41.4988 17.1225 0.845482 -0.613226 390.736 0 0
1500 114.515 -23.1349 17.5493 0.894945 -0.393066 390.869 0 0
1500 76.1248 46.2324 17.2071 0.212181 0.696186 391.178 0 0
1500 37.01 42.2161 17.1528 -0.327885 0.655645 391.256 0 0
1500 68.1519 2.05448 17.242 0.0898442 -0.000829339 391.257 0 0
1500 111.559 16.4669 17.1396 0.813443 0.223202 391.339 0 0
1500 90.6501 -10.1636 17.311 0.543306 -0.169531 391.391 0 0
1500 33.3511 -27.2092 17.3768 -0.419733 -0.466189 391.353 0 0
1500 99.3504 37.4162 17.1598 0.546055 0.585686 391.559 0 0
1500 53.1609 -12.5006 17.5063 -0.0906361 -0.158616 391.525 0 0
1500 101.158 -7.68572 18.1261 0.743238 -0.145825 391.637 0 0
1500 -2.22847 -2.70875 17.172 -0.883582 -0.101556 391.828 0 0
1500 63.5478 13.022 17.632 0.132708 0.24964 391.886 0 0
1500 103.889 -12.4942 17.2053 0.691887 -0.125225 391.859 0 0
1500 56.9727 32.6705 17.5139 -0.0370538 0.471324 391.92 0 0
1500 8.99338 2.16109 17.2969 -0.780567 0.0254169 392.175 0 0
1500 73.5106 -15.2705 18.5154 0.341192 -0.261828 392.245 0 0
1500 81.89 -3.47144 17.7744 0.379655 -0.110547 392.276 0 0
1500 52.8003 -57.3432 17.1828 -0.0415154 -0.792034 392.313 0 0
1500 77.8048 11.1564 17.8388 0.374073 0.144661 392.375 0 0
1500 75.8035 41.5299 17.2385 0.328221 0.59082 392.362 0 0
1500 96.2127 12.1732 17.2228 0.59739 0.221438 392.364 0 0
1500 87.5644 14.9944 18.0381 0.508776 0.208334 392.444 0 0
1500 88.1056 53.8433 17.1776 0.439039 0.727618 392.464 0 0
1500 -37.6472 -47.5242 17.1473 -1.3455 -0.636088 392.491 0 0
1500 86.6206 32.7094 17.1816 0.474159 0.460458 392.811 0 0
1500 78.9006 66.1903 17.2495 0.245313 0.953145 392.831 0 0
1500 56.8563 62.6811 17.2699 -0.00342699 0.933551 392.88 0 0
1500 79.9128 -37.5801 17.3795 0.320485 -0.530087 392.908 0 0
1500 76.4298 43.9272 17.1843 0.328465 0.618898 392.95 0 0
1500 78.229 12.7692 17.9194 0.36936 0.252313 393.1 0 0
1500 96.9913 -3.38567 17.6172 0.65699 -0.0717705 393.189 0 0
1500 68.9626 -19.08 18.168 0.175156 -0.381888 393.248 0 0
1500 122.505 1.6508 17.3572 0.964146 -0.00354625 393.344 0 0
1500 69.0891 3.82421 18.3266 0.293021 0.117116 393.379 0 0
1500 94.0246 14.829 17.3488 0.579334 0.164069 393.433 0 0
1500 62.3675 -0.247397 17.4811 0.0267217 -0.0233646 393.42 0 0
1500 85.617 11.4488 17.8049 0.524784 0.16416 393.5 0 0
1500 56.8637 -14.4745 17.8296 -0.00529859 -0.195391 393.587 0 0
1500 89.5706 28.4279 17.3192 0.450179 0.404978 393.679 0 0
1500 78.2838 14.5417 17.5346 0.321748 0.275005 393.671 0 0
1500 70.4069 -17.4006 18.0157 0.215493 -0.273736 393.763 0 0
1500 86.919 -53.4535 17.2038 0.471253 -0.754444 393.878 0 0
1500 127.91 -61.8189 17.2038 1.00912 -0.828749 393.992 0 0
1500 36.5541 -69.6018 17.3255 -0.289749 -1.08955 394.002 0 0
1500 87.2744 -44.3854 17.4871 0.412302 -0.681968 394.065 0 0
1500 95.3532 7.00163 18.1388 0.774305 0.11435 394.074 0 0
1500 63.9077 11.958 18.3314 0.210137 0.224892 394.216 0 0
1500 91.8756 -32.4874 17.6317 0.533061 -0.516744 394.248 0 0
1500 97.5743 27.9355 17.6925 0.66371 0.414193 394.264 0 0
1500 76.5139 3.51446 17.8419 0.353276 0.11542 394.299 0 0
1500 88.7701 67.9459 17.2357 0.383193 0.975391 394.314 0 0
1500 100.086 18.7511 17.426 0.681774 0.25266 394.434 0 0
1500 123.275 -14.8334 17.5127 1.04391 -0.254733 394.564 0 0
1500 88.0432 0.336264 17.8466 0.511014 0.0711319 394.573 0 0
1500 129.092 13.609 17.3426 1.02486 0.215571 394.665 0 0
1500 50.4657 2.17258 17.9584 -0.0776 0.0520824 394.73 0 0
1500 2.80803 48.3039 17.2496 -0.770803 0.706542 394.748 0 0
1500 28.5391 -15.8478 17.2732 -0.490722 -0.222154 394.787 0 0
1500 103.807 -30.7035 17.6359 0.723148 -0.47258 394.839 0 0
1500 137.296 44.5143 17.333 1.23497 0.67756 394.961 0 0
1500 109.419 20.4184 17.5687 0.807227 0.317246 394.99 0 0
1500 104.548 -19.7768 17.3218 0.692223 -0.34085 395 0 0
1500 37.1277 -68.223 17.2779 -0.303696 -0.955105 395.104 0 0
1500 25.6186 -39.0959 17.2869 -0.526876 -0.547515 395.51 0 0
1500 65.7452 -32.3393 17.6325 0.0904366 -0.508017 395.52 0 0
1500 115.96 -42.3237 17.3333 0.834389 -0.577585 395.606 0 0
1500 57.5213 76.4822 17.2575 0.0535775 1.10121 395.633 0 0
1500 100.081 -24.1289 17.3625 0.584029 -0.407668 395.625 0 0
1500 10.1863 113.209 17.3357 -0.658326 1.72746 395.645 0 0
1500 95.9764 10.0157 17.3994 0.547204 0.0975151 395.71 0 0
1500 129.624 9.61586 17.3231 1.03979 0.133004 395.745 0 0
1500 77.2609 -45.6293 17.3659 0.262273 -0.708475 395.799 0 0
1500 84.9618 2.12391 17.442 0.398509 -0.0407897 395.929 0 0
1500 72.5509 40.8629 17.4723 0.189364 0.725477 395.946 0 0
1500 113.046 -40.5969 17.5484 0.931061 -0.743294 395.9 0 0
1500 19.3586 -60.6432 17.3347 -0.556214 -0.850728 396.181 0 0
1500 90.4544 64.869 17.3648 0.47547 0.932008 396.366 0 0
1500 93.8095 -7.51804 18.5508 0.663146 -0.15673 396.524 0 0
1500 33.6903 10.5678 17.4966 -0.396606 0.144658 396.535 0 0
1500 104.653 64.6689 17.6594 0.804353 1.02323 396.543 0 0
1500 -3.48815 26.5535 17.3127 -0.834982 0.405323 396.552 0 0
1500 100.257 6.79195 17.6057 0.687697 0.12584 396.625 0 0
1500 90.096 -18.0346 18.5415 0.63956 -0.269445 396.655 0 0
1500 73.8242 -16.7986 17.5332 0.266423 -0.312839 396.735 0 0
1500 40.1435 -53.9187 17.3426 -0.258348 -0.750484 396.781 0 0
1500 -13.8387 11.9862 17.3192 -1.03384 0.149625 396.825 0 0
1500 59.79 -2.6615 17.6876 0.0950815 -0.0852298 397.029 0 0
1500 32.515 11.0262 17.5115 -0.383807 0.210507 396.864 0 0
1500 54.4129 29.8935 17.5129 -0.0732082 0.477437 396.954 0 0
1500 70.1767 1.12064 17.6842 0.224899 -0.0560762 396.958 0 0
1500 91.7135 -25.017 17.9785 0.585195 -0.396136 397.065 0 0
1500 130.315 -4.5338 17.3524 1.03449 -0.027115 397.323 0 0
1500 86.2117 30.7024 18.093 0.579544 0.619204 397.319 0 0
1500 73.0048 4.1966 17.7465 0.296024 0.0582273 397.387 0 0
1500 26.2058 24.1833 17.3652 -0.498291 0.402617 397.499 0 0
1500 24.807 -33.5627 17.3292 -0.515875 -0.538246 397.644 0 0
1500 66.6855 -103.045 17.4075 0.164462 -1.51072 397.729 0 0
1500 30.698 35.4879 17.5645 -0.398881 0.552519 397.71 0 0
1500 97.2471 2.31478 17.5744 0.626415 -0.0214471 397.724 0 0
1500 79.2621 7.10297 17.5352 0.347068 0.0987545 397.808 0 0
1500 -14.7033 -8.97808 17.3621 -1.03412 -0.0935605 397.783 0 0
1500 85.1001 -84.3017 17.5161 0.429936 -1.37586 397.832 0 0
1500 86.0488 9.89428 18.462 0.605837 0.211355 397.834 0 0
1500 69.0988 -39.8395 17.7483 0.162696 -0.613986 397.905 0 0
1500 73.0308 9.68377 17.5393 0.268753 0.130906 397.901 0 0
1500 58.9674 -9.56287 18.518 0.103526 -0.152257 397.921 0 0
1500 86.2639 1.60959 17.364 0.419722 0.0169804 398.048 0 0
1500 -9.93178 24.3574 17.3693 -0.967075 0.352545 398.017 0 0
1500 97.0291 -43.2496 17.3373 0.510282 -0.671873 398.11 0 0
1500 76.3756 -1.11499 18.6075 0.413201 -0.0434903 398.176 0 0
1500 100.735 32.5252 17.3561 0.675348 0.468127 398.186 0 0
1500 66.2342 33.8618 17.6723 0.092384 0.623553 398.211 0 0
1500 137.336 29.733 17.6708 1.34574 0.585113 398.174 0 0
1500 72.1154 29.1316 17.424 0.274165 0.455604 398.286 0 0
1500 60.7923 46.0671 17.7094 0.0767839 0.839022 398.283 0 0
1500 60.788 20.8004 17.7004 0.0132355 0.375124 398.344 0 0
1500 -3.19115 0.0878291 17.3446 -0.904013 -0.0578458 398.497 0 0
1500 104.48 -14.8325 18.2558 0.805621 -0.292642 398.556 0 0
1500 56.696 1.16221 17.876 -0.00757227 0.0608701 398.573 0 0
1500 98.5211 -19.6858 17.4539 0.640652 -0.231109 398.763 0 0
1500 11.771 0.0777587 17.3686 -0.722368 -0.0505792 398.674 0 0
1500 89.0971 6.52289 18.0884 0.503401 0.12554 398.926 0 0
1500 106.658 -14.7544 17.4352 0.698842 -0.187687 399.022 0 0
1500 25.3437 7.33296 17.4769 -0.591123 0.0963245 399.081 0 0
1500 70.8298 5.90471 17.69 0.205835 0.15549 399.122 0 0
1500 59.8273 52.7629 17.4048 0.00643714 0.824569 399.15 0 0
1500 0.81508 37.6016 17.4545 -0.816458 0.574942 399.181 0 0
1500 110.705 30.9561 17.7584 0.889065 0.508008 399.188 0 0
1500 -1.327 36.342 17.4585 -0.843961 0.556285 399.353 0 0
1500 120.017 -15.0249 17.4484 0.912032 -0.277401 399.345 0 0
1500 96.968 45.1296 17.6057 0.692331 0.696994 399.384 0 0
1500 93.6454 -0.874558 17.5639 0.60673 0.0358409 399.589 0 0
1500 -31.0916 -128.767 17.6021 -1.47123 -2.16315 399.622 0 0
1500 145.458 -64.1331 17.3785 1.24687 -0.936005 399.657 0 0
1500 65.1491 44.7173 17.6576 0.0839002 0.720638 399.707 0 0
1500 171.605 -61.0772 17.4912 1.8109 -0.926395 399.662 0 0
1500 97.6003 -3.46275 18.5288 0.82498 -0.0901921 399.643 0 0
1500 77.4852 31.1306 17.6957 0.299302 0.515154 399.726 0 0
1500 66.9891 35.1943 17.6956 0.149112 0.573385 399.717 0 0
1500 44.9253 24.6254 17.9164 -0.176153 0.390643 399.861 0 0
1500 86.1173 24.3216 17.4443 0.41096 0.356464 399.759 0 0
1500 71.2701 34.5713 17.4453 0.220164 0.487988 399.782 0 0
1500 96.533 70.9557 17.4772 0.516703 1.11328 399.894 0 0
1500 28.3594 -33.5892 17.4908 -0.414194 -0.558726 400.025 0 0
1500 67.8275 14.6524 18.3462 0.238735 0.265355 400.134 0 0
1500 11.8802 58.409 17.5941 -0.768119 0.962916 400.117 0 0
1500 11.5715 51.6131 17.4397 -0.661534 0.781704 400.338 0 0
1500 44.5045 -6.15329 17.7819 -0.188468 -0.0620346 400.386 0 0
1500 112.153 16.5328 17.5289 0.885798 0.243333 400.407 0 0
1500 53.2866 -15.1567 18.1493 -0.0702275 -0.334474 400.46 0 0
1500 6.95811 41.1793 17.436 -0.765833 0.630887 400.535 0 0
1500 82.7786 26.0758 17.5032 0.440887 0.362915 400.547 0 0
1500 104.521 -20.3915 17.8435 0.753035 -0.390418 400.59 0 0
1500 85.3905 -64.7799 17.401 0.332166 -0.960141 400.691 0 0
1500 68.3846 18.8 17.4702 0.227621 0.283309 400.775 0 0
1500 37.1865 -17.3037 17.8842 -0.310939 -0.254903 400.794 0 0
1500 81.7142 -2.71902 17.813 0.454162 -0.0715752 400.859 0 0
1500 101.46 -2.82101 18.0405 0.749811 -0.0280015 400.876 0 0
1500 65.4603 -75.2016 17.483 0.147483 -1.20313 401.013 0 0
1500 90.8931 -66.5643 17.4058 0.406152 -0.961241 401.107 0 0
1500 57.2553 -34.2834 17.5455 0.0522922 -0.550718 401.179 0 0
1500 61.1458 -46.8452 18.153 0.115729 -0.829672 401.276 0 0
1500 21.639 -12.3013 17.6498 -0.545978 -0.234022 401.422 0 0
1500 84.1668 41.1984 17.8947 0.515059 0.693276 401.394 0 0
1500 -0.504797 -47.1572 17.5993 -0.954383 -0.837272 401.425 0 0
1500 63.1143 1.18594 18.1703 0.14692 -0.0464266 401.481 0 0
1500 87.8118 -0.065939 17.7709 0.467393 0.0321723 401.545 0 0
1500 86.1181 28.66 17.6569 0.475094 0.475339 401.54 0 0
1500 25.0087 66.5379 17.4757 -0.510356 1.01177 401.609 0 0
1500 68.9061 -11.6166 18.2614 0.240733 -0.230663 401.769 0 0
1500 57.1926 57.68 17.4641 -0.0370301 0.894738 401.722 0 0
1500 20.1736 30.0227 17.471 -0.571924 0.503095 401.86 0 0
1500 118.862 36.3209 17.5106 0.892327 0.550108 401.977 0 0
1500 80.5401 -2.04719 19.0201 0.546785 0.0135483 402.103 0 0
1500 92.6603 42.7879 17.4838 0.572411 0.622808 402.207 0 0
1500 70.3097 -68.277 17.4405 0.12451 -0.968764 402.303 0 0
1500 30.3185 -64.6944 17.4438 -0.429778 -0.933738 402.613 0 0
1500 58.7689 5.43792 18.0281 -0.00898841 0.0597018 402.642 0 0
1500 124.926 3.73945 17.4647 0.957784 0.0559891 402.667 0 0
1500 73.9924 0.744277 18.0846 0.284991 0.068978 402.752 0 0
1500 47.4194 -20.9793 17.6447 -0.208198 -0.311177 402.912 0 0
1500 41.5001 -64.3426 17.4872 -0.195682 -1.0134 402.968 0 0
1500 41.9056 -14.8581 17.5944 -0.255908 -0.169783 403.064 0 0
1500 96.5156 15.5281 17.4924 0.59996 0.289305 403.036 0 0
1500 46.373 25.9006 17.7073 -0.136599 0.390077 403.111 0 0
1500 -4.71584 18.9329 17.4883 -0.914832 0.335961 403.192 0 0
1500 65.008 46.1711 17.483 0.161931 0.711192 403.235 0 0
1500 62.6184 -31.6511 17.5034 0.0306146 -0.530807 403.247 0 0
1500 25.5655 61.3276 17.4943 -0.464794 0.899416 403.299 0 0
1500 90.8784 59.0246 17.4993 0.424398 0.85984 403.569 0 0
1500 -65.7531 -15.2782 17.6945 -2.13202 -0.223987 403.669 0 0
1500 116.702 36.1244 17.5481 0.862838 0.567888 403.725 0 0
1500 53.2909 -35.7735 17.618 -0.0909871 -0.50608 403.824 0 0
1500 106.659 26.3849 17.5004 0.739147 0.442533 403.871 0 0
1500 58.3022 -48.6858 17.6534 -0.00584383 -0.834892 403.814 0 0
1500 58.5185 -52.7015 17.5453 0.0483969 -0.823986 403.935 0 0
1500 106.769 27.4769 17.6888 0.787593 0.402683 404.004 0 0
1500 43.4622 -24.302 17.6744 -0.17053 -0.372394 404.142 0 0
1500 73.8428 -5.04817 18.3665 0.343673 -0.0267547 404.29 0 0
1500 50.2433 -3.26953 18.0199 -0.116749 -0.0542796 404.268 0 0
1500 48.7446 14.39 18.0203 -0.138153 0.19955 404.347 0 0
1500 56.2595 21.7241 17.7176 0.04724 0.375599 404.311 0 0
1500 120.533 -22.4001 17.6335 1.00556 -0.34076 404.395 0 0
1500 18.2875 -70.8049 17.6555 -0.649166 -1.12186 404.457 0 0
1500 53.1574 -56.0098 17.4996 -0.114297 -0.793331 404.606 0 0
1500 118.328 21.7214 17.5105 0.89718 0.370916 404.675 0 0
1500 74.4776 -49.3009 17.7011 0.312489 -0.757052 404.717 0 0
1500 74.2404 31.6028 17.9934 0.272183 0.536976 404.719 0 0
1500 43.4115 55.8916 17.7032 -0.23019 0.962599 404.734 0 0
1500 98.3674 6.51713 18.1447 0.715267 0.110584 404.802 0 0
1500 97.031 7.51911 17.6164 0.636708 0.1053 404.852 0 0
1500 29.6424 -52.0036 17.5172 -0.445128 -0.811662 404.86 0 0
1500 58.2681 5.66254 17.7355 0.0129074 0.153759 404.847 0 0
1500 22.8263 39.4554 17.5242 -0.486621 0.644695 404.846 0 0
1500 118.936 36.6183 17.5703 0.879143 0.570904 404.914 0 0
1500 61.996 -23.5774 17.6995 0.141542 -0.389294 405.013 0 0
1500 48.7884 -4.99102 17.6734 -0.151503 -0.00636664 404.968 0 0
1500 54.2184 -0.129184 18.2097 -0.0439704 0.0362525 404.933 0 0
1500 91.9856 -14.3584 18.4547 0.588937 -0.267455 405.116 0 0
1500 91.286 -37.4199 17.6481 0.548742 -0.594427 405.036 0 0
1500 72.933 2.74132 17.6734 0.208187 0.108788 405.028 0 0
1500 73.6235 -45.2416 17.8642 0.238619 -0.712572 405.162 0 0
1500 21.248 59.2831 17.6267 -0.534078 0.957715 405.16 0 0
1500 54.4086 -20.0778 18.0003 -0.0448341 -0.285676 405.288 0 0
1500 69.3154 45.0705 17.7219 0.236215 0.709558 405.249 0 0
1500 97.6403 8.95941 17.9498 0.692566 0.131348 405.418 0 0
1500 25.1218 -0.102262 17.535 -0.480522 -0.0482739 405.706 0 0
1500 81.3574 -28.6228 17.8623 0.449108 -0.441427 405.646 0 0
1500 90.6664 29.6945 17.8082 0.581061 0.434068 405.828 0 0
1500 78.2045 -0.330414 17.7099 0.387638 0.0243035 405.889 0 0
1500 49.1843 -19.1594 17.5441 -0.164205 -0.297295 405.973 0 0
1500 45.0373 71.782 17.5233 -0.123901 1.04045 406.138 0 0
1500 122.561 -23.4219 17.6451 0.986472 -0.316446 406.157 0 0
1500 55.9428 72.308 17.5237 0.0285883 1.04753 406.157 0 0
1500 121.876 -29.1677 17.5768 0.933525 -0.468837 406.173 0 0
1500 65.2189 -0.754883 17.7146 0.119299 -0.085468 406.379 0 0
1500 58.7238 16.2835 17.8253 -0.00836279 0.253652 406.56 0 0
1500 16.1451 -2.65352 17.8948 -0.692016 0.0121942 406.571 0 0
1500 99.0411 31.1945 18.0222 0.696819 0.491026 406.879 0 0
1500 104.335 -27.4263 17.851 0.772167 -0.40752 406.658 0 0
1500 86.4447 13.1218 17.857 0.520622 0.224037 406.819 0 0
1500 15.3914 -10.4042 17.5666 -0.702094 -0.173632 406.743 0 0
1500 82.7943 30.0717 17.9029 0.475764 0.454116 407.029 0 0
1500 34.6228 3.87359 18.071 -0.372356 0.102759 407.057 0 0
1500 57.0092 39.9571 17.8088 -0.0670096 0.693172 407.034 0 0
1500 61.7763 18.8585 18.2586 0.0272104 0.403939 407.059 0 0
1500 96.7154 -48.3227 17.7122 0.634922 -0.731913 407.195 0 0
1500 49.9953 11.7515 17.7422 -0.171439 0.190898 407.342 0 0
1500 69.0103 68.0771 17.5367 0.145174 1.00788 407.45 0 0
1500 58.514 64.026 17.6871 -0.00629896 0.983986 407.583 0 0
1500 67.1348 63.9382 17.6877 0.117284 0.981963 407.637 0 0
1500 68.8619 -51.427 17.8095 0.238074 -0.818862 407.644 0 0
1500 58.3379 -21.2266 17.7581 0.0727258 -0.385956 407.492 0 0
1500 44.1359 -33.1894 17.7713 -0.203598 -0.60791 407.52 0 0
1500 45.9439 -5.20651 18.1795 -0.168314 -0.0737142 407.77 0 0
1500 69.5282 14.9772 17.824 0.177471 0.29187 407.871 0 0
1500 97.9349 -8.51949 18.5672 0.747126 -0.0992336 407.956 0 0
1500 77.8407 30.6356 17.6251 0.330731 0.41013 408.006 0 0
1500 57.8075 3.5508 18.6185 0.0678116 0.0747326 408.033 0 0
1500 76.9342 52.7235 17.568 0.249954 0.774121 408.118 0 0
1500 70.1301 12.7131 17.7807 0.130651 0.195932 408.128 0 0
1500 57.4093 12.2916 18.6852 0.0330817 0.251352 408.106 0 0
1500 113.008 -50.7743 17.6225 0.84584 -0.75429 408.212 0 0
1500 88.95 -2.3789 18.1134 0.554289 -0.0962557 408.188 0 0
1500 54.5785 32.3482 17.8241 -0.0437387 0.546192 408.241 0 0
1500 97.8902 -11.9078 17.8132 0.604209 -0.191471 408.598 0 0
1500 85.3558 41.6401 17.6414 0.414243 0.708341 408.562 0 0
1500 59.6636 60.3284 17.5915 0.0568302 0.872019 408.677 0 0
1500 83.9465 25.7866 17.6987 0.411985 0.366413 408.717 0 0
1500 139.981 21.5007 17.8523 1.34627 0.362604 408.805 0 0
1500 52.4062 -3.50065 17.9314 -0.0898604 0.00244547 408.906 0 0
1500 45.4176 -28.8544 17.7037 -0.246635 -0.409186 409.058 0 0
1500 69.8897 26.8563 17.7038 0.118064 0.42122 408.984 0 0
1500 1.39007 -37.4351 17.5864 -0.878043 -0.553841 409.143 0 0
1500 112.894 -32.9095 17.7603 0.880725 -0.595094 409.138 0 0
1500 82.2635 -11.4325 18.1036 0.48206 -0.201318 409.181 0 0
1500 88.0931 -47.337 17.6454 0.441853 -0.693439 409.23 0 0
1500 45.7353 -4.15859 17.8175 -0.158593 -0.115034 409.27 0 0
1500 75.7916 9.32985 18.043 0.375451 0.181903 409.281 0 0
1500 71.2075 16.7924 18.091 0.26982 0.334456 409.259 0 0
1500 115.279 15.7759 17.8585 1.00582 0.207398 409.213 0 0
1500 117.681 5.12423 18.6848 1.2024 0.103299 409.406 0 0
1500 109.74 24.0322 17.6591 0.788793 0.346582 409.534 0 0
1500 82.3035 -36.0043 18.0842 0.459285 -0.573787 409.573 0 0
1500 111.649 -21.4757 17.6544 0.855468 -0.40689 409.568 0 0
1500 44.9176 -53.3754 17.718 -0.196005 -0.848568 409.614 0 0
1500 93.9394 11.2342 17.9154 0.568025 0.137636 409.752 0 0
1500 80.1101 -15.4232 17.6686 0.378728 -0.292579 409.767 0 0
1500 95.8404 2.81389 17.8838 0.649854 0.0837224 409.951 0 0
1500 56.3176 28.0257 17.6206 -0.0263572 0.495855 409.939 0 0
1500 45.5495 -1.88672 18.0413 -0.159972 0.0177067 409.985 0 0
1500 87.5901 -26.7012 18.5085 0.535381 -0.445929 410.172 0 0
1500 93.4461 8.15367 17.6305 0.503452 0.16466 410.059 0 0
1500 21.34 -40.6568 17.7049 -0.547185 -0.663544 410.121 0 0
1500 96.2422 38.993 17.6793 0.641595 0.575135 410.205 0 0
1500 21.8595 10.8785 17.6205 -0.541935 0.237621 410.158 0 0
1500 80.9393 1.54694 17.8305 0.385649 0.0313538 410.369 0 0
1500 32.7604 19.6592 17.6268 -0.332389 0.324298 410.485 0 0
1500 68.9294 1.36741 18.2388 0.241923 0.0924484 410.436 0 0
1500 46.2652 -56.5518 17.7066 -0.181997 -0.891895 410.429 0 0
1500 102.239 -7.85698 17.6691 0.702705 -0.177639 410.434 0 0
1500 69.8349 -47.0426 17.7642 0.164912 -0.831598 410.536 0 0
1500 54.9154 -43.1864 17.7513 0.00892684 -0.700787 410.657 0 0
1500 67.1837 -32.4967 17.7072 0.162831 -0.589683 410.747 0 0
1500 65.6825 -60.608 17.7296 0.137785 -1.04158 410.751 0 0
1500 39.3145 -32.289 17.8308 -0.289921 -0.485592 410.851 0 0
1500 115.647 -14.9059 17.8104 0.911713 -0.260411 410.806 0 0
1500 79.4479 -24.8721 17.8794 0.319395 -0.434349 410.791 0 0
1500 49.0138 -7.25919 17.79 -0.102006 -0.183086 410.795 0 0
1500 37.0774 -0.391992 17.969 -0.396491 -0.0162936 410.799 0 0
1500 40.017 51.447 17.7511 -0.302163 0.926175 410.806 0 0
1500 108.744 1.51951 17.6732 0.809105 -0.026711 410.993 0 0
1500 108.007 0.492555 17.7521 0.78848 -0.0558229 411.006 0 0
1500 31.5658 5.6521 17.7182 -0.387819 0.027758 411.193 0 0
1500 75.5561 9.12282 19.104 0.426176 0.150479 411.096 0 0
1500 137.165 -66.1696 17.64 1.24719 -0.975897 411.179 0 0
1500 83.0819 5.94466 17.6953 0.346011 0.154416 411.063 0 0
1500 60.5034 -5.41592 17.7532 0.0988417 -0.1067 411.374 0 0
1500 108.9 8.89801 17.788 0.771179 0.124617 411.444 0 0
1500 30.2215 -54.9868 17.6856 -0.431337 -0.860283 411.498 0 0
1500 79.4288 -2.80249 18.1171 0.444777 -0.0673834 411.451 0 0
1500 70.0781 -29.9161 17.7204 0.185361 -0.463063 411.596 0 0
1500 60.3643 -61.5224 17.6748 0.0810327 -0.954333 411.711 0 0
1500 91.7048 11.7599 17.8058 0.576539 0.227208 411.762 0 0
1500 18.7819 -77.3674 17.7572 -0.588761 -1.22773 411.941 0 0
1500 110.231 -11.549 17.9763 0.870097 -0.152385 412.215 0 0
1500 73.5372 -42.4615 17.9567 0.23869 -0.687333 412.105 0 0
1500 88.4741 -15.7687 17.979 0.555975 -0.269203 412.098 0 0
1500 111.535 35.8212 17.6296 0.768387 0.607311 412.197 0 0
1500 27.8451 -64.4845 17.7008 -0.55046 -0.996398 412.205 0 0
1500 57.6483 36.9434 17.9173 -0.0608771 0.642248 412.296 0 0
1500 119.018 4.49189 17.7669 0.970978 0.0621765 412.494 0 0
1500 95.4392 14.3295 17.9367 0.655642 0.176802 412.547 0 0
1500 148.009 13.9258 17.7693 1.51721 0.228737 412.31 0 0
1500 62.9651 -16.0973 17.7474 0.106287 -0.334683 412.522 0 0
1500 68.7418 32.3856 17.7833 0.130668 0.493229 412.79 0 0
1500 50.3257 20.4837 17.6885 -0.142654 0.381595 412.874 0 0
1500 69.523 -1.71011 17.6841 0.252584 -0.035963 412.827 0 0
1500 87.3446 -48.7 17.6676 0.510958 -0.726135 412.905 0 0
1500 37.4634 11.8328 17.6884 -0.337935 0.250102 412.895 0 0
1500 106.42 -45.7955 17.7652 0.743807 -0.714977 412.962 0 0
1500 113.007 7.90248 17.7942 0.946066 0.13648 412.984 0 0
1500 53.7891 -61.7673 17.6212 -0.0404644 -0.918719 413.013 0 0
1500 70.3257 12.3803 17.9445 0.293656 0.206603 413.006 0 0
1500 113.36 33.1915 17.7868 0.886187 0.476191 413.056 0 0
1500 36.1983 6.87164 17.7919 -0.302445 0.151995 413.113 0 0
1500 108.397 -38.4204 17.7671 0.782619 -0.615691 413.114 0 0
1500 103.748 -26.9848 17.8246 0.760198 -0.429752 413.118 0 0
1500 45.2091 -53.004 17.7198 -0.244741 -0.82403 413.12 0 0
1500 11.152 -18.4851 17.7443 -0.757118 -0.291754 413.058 0 0
1500 74.205 -2.37139 18.0137 0.347918 0.00922248 413.223 0 0
1500 8.90922 -33.0508 17.6712 -0.817161 -0.457564 413.325 0 0
1500 74.659 -37.8167 17.7573 0.334875 -0.584186 413.339 0 0
1500 89.894 -48.0256 17.8254 0.554223 -0.73556 413.422 0 0
1500 120.414 0.515904 17.8094 0.977892 0.0581561 413.567 0 0
1500 33.7644 -11.2405 17.8969 -0.360329 -0.151273 413.607 0 0
1500 87.6453 9.79544 17.8179 0.474269 0.156872 413.485 0 0
1500 -8.21596 -0.200491 17.688 -1.01307 -0.048953 413.574 0 0
1500 60.8532 20.8233 17.8441 0.0123541 0.367054 413.635 0 0
1500 113.18 27.3032 18.2578 1.02334 0.459192 413.623 0 0
1500 74.0357 -63.2456 17.6377 0.283581 -0.974205 413.689 0 0
1500 57.313 30.7336 17.6721 -0.0141312 0.541308 413.761 0 0
1500 31.5827 63.7722 17.6457 -0.375839 0.975722 413.819 0 0
1500 35.9533 -2.753 17.9689 -0.344839 -0.0927555 413.865 0 0
1500 93.8342 11.913 17.6962 0.631301 0.190697 413.887 0 0
1500 55.3265 -50.4609 18.2426 -0.117503 -0.997689 413.947 0 0
1500 126.058 2.25974 17.6407 1.03634 -0.0183159 414.105 0 0
1500 31.2388 63.3629 17.6499 -0.379111 0.965823 414.117 0 0
1500 99.8657 -33.4089 17.7567 0.704008 -0.511753 414.168 0 0
1500 104.519 -16.1207 17.7961 0.775073 -0.268406 414.233 0 0
1500 110.48 1.6977 17.6801 0.856513 0.0156014 414.376 0 0
1500 161.236 6.57973 17.684 1.64898 0.159947 414.329 0 0
1500 117.491 50.4955 17.7731 0.998481 0.847735 414.3 0 0
1500 -0.444655 -32.0052 17.7081 -0.893707 -0.513312 414.429 0 0
1500 65.2911 46.1189 17.6703 0.105598 0.76612 414.474 0 0
1500 71.7312 -67.3243 17.6459 0.246371 -1.01889 414.687 0 0
1500 78.6 -24.1965 18.2166 0.336879 -0.418468 414.717 0 0
1500 108.023 -42.1194 17.6413 0.7785 -0.666795 414.868 0 0
1500 43.0277 -20.9286 18.1375 -0.251524 -0.350349 414.888 0 0
1500 108.879 30.865 17.9429 0.84372 0.468257 415.181 0 0
1500 123.925 -32.3713 17.6955 1.05408 -0.509783 415.137 0 0
1500 31.501 15.6872 17.7618 -0.470983 0.23099 415.187 0 0
1500 45.2995 78.573 17.7517 -0.186596 1.2839 415.059 0 0
1500 4.21268 188.218 17.8642 -0.963126 3.14128 415.352 0 0
1500 5.84486 40.0267 17.69 -0.78547 0.651207 415.63 0 0
1500 88.0663 11.0669 17.6883 0.504318 0.110093 415.585 0 0
1500 99.1728 -39.9821 17.8064 0.643555 -0.697246 415.588 0 0
1500 95.0997 -43.9056 17.7628 0.533129 -0.747955 415.628 0 0
1500 83.133 -44.9109 18.0679 0.413354 -0.728072 415.937 0 0
1500 83.9733 -15.5198 18.5797 0.561321 -0.238123 416.019 0 0
1500 84.0833 -62.4498 17.685 0.453559 -0.919206 415.853 0 0
1500 63.4714 -20.8724 17.8446 0.0423073 -0.325389 416.16 0 0
1500 56.3736 27.8753 17.8071 -0.0453159 0.42972 416.168 0 0
1500 70.9744 -37.5564 18.1195 0.207073 -0.613625 416.168 0 0
1500 91.7189 -39.1548 17.741 0.503529 -0.590287 416.251 0 0
1500 89.1738 23.3235 18.0161 0.525497 0.399028 416.259 0 0
1500 69.9759 63.2954 17.7796 0.152585 0.986245 416.214 0 0
1500 52.7214 -19.7167 18.1301 -0.145693 -0.295292 416.338 0 0
1500 25.7362 -59.5031 17.7445 -0.507904 -0.876301 416.514 0 0
1500 27.8038 -58.4231 17.7313 -0.469725 -0.869175 416.572 0 0
1500 104.991 -63.1323 17.8333 0.726132 -1.01615 416.539 0 0
1500 95.4245 -27.7755 18.2775 0.639583 -0.471203 416.683 0 0
1500 58.1486 47.9654 17.7208 -0.0362031 0.823572 416.859 0 0
1500 106.833 -43.5264 17.8665 0.809566 -0.77082 416.78 0 0
1500 149.761 53.7027 17.9629 1.59221 0.895958 416.956 0 0
1500 55.3075 -31.4548 17.976 -0.0490924 -0.601041 417.007 0 0
1500 86.814 20.0537 17.9863 0.486301 0.316666 417.063 0 0
1500 104.021 20.521 18.11 0.798178 0.315921 417.129 0 0
1500 42.1731 -34.4976 18.0184 -0.310411 -0.560249 417.101 0 0
1500 61.672 35.0997 17.7085 0.0487452 0.543119 417.168 0 0
1500 50.6132 -3.57072 18.128 -0.0792192 -0.123126 417.197 0 0
1500 90.0962 52.7713 17.6644 0.489133 0.858492 417.272 0 0
1500 -0.924775 32.5155 17.6744 -0.893685 0.511886 417.473 0 0
1500 34.4665 64.2759 17.7871 -0.359032 0.984383 417.34 0 0
1500 -2.6608 -67.8809 17.7062 -0.876817 -1.06429 417.453 0 0
1500 72.4267 35.58 17.9696 0.242303 0.598561 417.443 0 0
1500 43.2875 -17.2826 17.8583 -0.226853 -0.331423 417.334 0 0
1500 113.396 1.95612 17.7155 0.839002 0.023217 417.581 0 0
1500 60.1586 17.4414 17.7196 0.0280749 0.302101 417.62 0 0
1500 74.7647 -41.4533 17.7702 0.315759 -0.67833 417.653 0 0
1500 66.6075 -34.6869 17.8565 0.123763 -0.590003 417.747 0 0
1500 -7.94535 12.7976 17.7197 -1.02803 0.225826 417.835 0 0
1500 83.0208 -34.773 17.8556 0.368055 -0.588902 418.018 0 0
1500 48.4105 -24.7412 17.7386 -0.109125 -0.442935 417.97 0 0
1500 101.147 -37.5395 17.763 0.636356 -0.58317 418.058 0 0
1500 94.5531 5.67564 18.2533 0.664606 0.038234 418.086 0 0
1500 84.4268 -11.602 17.7093 0.425205 -0.162173 418.137 0 0
1500 103.332 7.40435 17.8707 0.68439 0.14818 418.172 0 0
1500 36.1942 -52.1533 17.7373 -0.32625 -0.787943 418.232 0 0
1500 118.374 24.9536 17.7655 0.928073 0.346238 418.252 0 0
1500 35.8498 -38.1786 17.7927 -0.372832 -0.63224 418.297 0 0
1500 40.5362 50.5513 18.1246 -0.258362 0.911637 418.166 0 0
1500 102.555 21.7856 17.9014 0.681425 0.344361 418.463 0 0
1500 97.4916 2.59629 17.8772 0.602482 0.0824613 418.477 0 0
1500 87.2436 56.0919 17.7207 0.385416 0.850279 418.466 0 0
1500 97.0731 -12.8397 17.7365 0.623124 -0.260524 418.501 0 0
1500 88.3069 -23.2584 18.3263 0.650767 -0.407865 418.5 0 0
1500 54.8635 8.37145 18.1539 -0.0625329 0.11787 418.667 0 0
1500 2.69881 -40.912 17.7889 -0.85183 -0.609143 418.966 0 0
1500 72.8014 37.3746 18.1017 0.313433 0.60924 418.804 0 0
1500 70.1619 30.8963 18.0234 0.247783 0.528092 418.978 0 0
1500 86.4833 36.5071 17.7613 0.505106 0.561002 418.856 0 0
1500 46.4313 -38.2766 17.819 -0.200705 -0.635325 418.963 0 0
1500 137.387 -7.05459 17.9181 1.32193 -0.0605826 418.82 0 0
1500 47.4884 -24.8917 17.819 -0.197993 -0.353046 419.524 0 0
1500 95.7319 -10.3216 17.9263 0.601756 -0.160092 419.51 0 0
1500 42.9608 49.4953 17.6906 -0.162583 0.731228 419.366 0 0
1500 118.391 8.8666 17.7266 0.915855 0.136211 419.462 0 0
1500 99.5034 7.92024 18.7157 0.785215 0.135715 419.043 0 0
1500 54.7348 43.0608 17.7802 -0.00660926 0.710948 419.404 0 0
1500 84.5264 -16.6316 18.1401 0.489823 -0.314729 419.529 0 0
1500 109.049 61.5921 18.1705 0.934194 1.05444 419.507 0 0
1500 104.831 -39.6288 17.9393 0.760754 -0.625394 419.616 0 0
1500 95.1673 11.0614 18.0702 0.668233 0.165178 419.666 0 0
1500 72.1623 54.9708 17.769 0.24032 0.881189 419.667 0 0
1500 68.283 11.742 18.926 0.305716 0.237837 419.685 0 0
1500 93.0061 -23.4383 17.9364 0.57376 -0.32752 419.799 0 0
1500 76.3602 -77.3117 17.6777 0.285524 -1.17274 419.819 0 0
1500 104.899 -48.5328 17.7343 0.751676 -0.720993 419.798 0 0
1500 49.863 54.7207 17.744 -0.0765604 0.873565 419.872 0 0
1500 70.5925 -2.20599 17.741 0.118257 -0.0524334 419.858 0 0
1500 53.7672 9.27221 17.7407 -0.138605 0.122784 419.89 0 0
1500 61.9259 -21.1792 18.632 0.113802 -0.341691 420.536 0 0
1500 59.3199 -28.4607 17.743 0.0741078 -0.410656 419.943 0 0
1500 56.0724 11.5995 18.0622 0.0470366 0.218095 420.22 0 0
1500 38.5237 46.821 17.8287 -0.288402 0.703709 420.352 0 0
1500 66.6347 -62.9716 17.7313 0.170215 -0.935635 420.551 0 0
1500 122.807 -4.58216 17.758 0.986767 -0.0492335 420.511 0 0
1500 123.965 16.412 17.7155 1.00149 0.292651 420.324 0 0
1500 60.581 0.657757 18.6333 0.0946774 -0.0263842 420.317 0 0
1500 112.898 26.5051 17.7696 0.837708 0.458882 419.982 0 0
1500 122.122 13.1154 17.7713 0.966628 0.260378 420.447 0 0
1500 105.985 40.3146 17.7629 0.779943 0.605015 420.281 0 0
1500 67.0988 -28.5096 18.2018 0.202457 -0.493233 419.91 0 0
1500 76.9934 -57.0525 17.8185 0.251922 -0.89934 420.224 0 0
1500 62.3031 -15.8306 18.3876 0.0773822 -0.232769 420.4 0 0
1500 61.3656 -31.8478 18.066 0.0542162 -0.534542 420.438 0 0
1500 56.8745 -35.3645 17.7375 -0.0904283 -0.553917 420.433 0 0
1500 88.7926 -26.4828 18.1205 0.476129 -0.486899 420.312 0 0
1500 68.4538 15.8875 17.7454 0.138929 0.284217 421.231 0 0
1500 116.25 27.6428 17.7367 0.892358 0.39315 420.672 0 0
1500 116.519 39.0691 17.6878 0.873541 0.621378 420.738 0 0
1500 123.248 -16.9223 17.7405 0.982244 -0.31103 420.822 0 0
1500 69.4026 -3.97662 18.5858 0.298485 -0.127158 421.213 0 0
1500 80.0968 2.69661 18.3756 0.416868 -0.0332889 420.638 0 0
1500 77.2284 40.8693 18.0389 0.370517 0.658603 420.741 0 0
1500 28.8239 -21.3917 17.8719 -0.458485 -0.366737 421.238 0 0
1500 74.73 3.2614 18.1972 0.331606 -0.0222744 420.943 0 0
1500 98.733 22.2064 17.8996 0.688883 0.367565 420.986 0 0
1500 39.2223 14.8282 17.9938 -0.296472 0.278657 420.992 0 0
1500 50.8889 -13.2108 17.9915 -0.14889 -0.2091 421.254 0 0
1500 72.4939 23.2606 17.998 0.324649 0.371886 421.182 0 0
1500 89.0637 21.1291 17.7287 0.424012 0.381534 420.966 0 0
1500 48.6919 -13.4128 17.7613 -0.207782 -0.240939 420.853 0 0
1500 29.5575 -4.64038 17.7216 -0.511012 -0.0528958 421.213 0 0
1500 30.5357 -38.8772 17.8317 -0.513793 -0.596975 420.803 0 0
1500 51.4257 0.464231 17.9498 -0.156613 0.0645093 420.884 0 0
1500 55.5366 -33.3593 17.9085 -0.087475 -0.62351 420.868 0 0
1500 97.3205 -28.178 18.0711 0.677489 -0.563516 420.696 0 0
1500 79.6267 -10.848 19.0856 0.452632 -0.195639 421.315 0 0
1500 87.8031 -59.3771 17.7227 0.501275 -0.892395 421.314 0 0
1500 66.1523 35.1646 18.0802 0.0882423 0.557253 421.452 0 0
1500 66.284 -24.3857 17.7922 0.172158 -0.372781 421.617 0 0
1500 88.6218 -9.94415 18.8735 0.610845 -0.205337 421.608 0 0
1500 100.097 9.9274 18.6388 0.782505 0.168248 421.633 0 0
1500 126.233 -2.57415 17.7301 1.01289 0.0175626 421.785 0 0
1500 124.897 -12.176 17.7715 1.03602 -0.159907 421.645 0 0
1500 102.671 52.4469 17.7736 0.714745 0.764685 421.878 0 0
1500 96.4557 21.5734 18.3994 0.702609 0.349166 421.676 0 0
1500 90.2962 -11.704 18.2322 0.606899 -0.143898 421.707 0 0
1500 72.3003 25.5663 18.2117 0.233016 0.43806 421.387 0 0
1500 101.268 -23.5062 18.0834 0.752403 -0.344208 421.883 0 0
1500 112.449 -6.88247 17.906 0.888095 -0.0676678 421.859 0 0
1500 56.4635 12.2509 18.0989 -0.0505491 0.182022 421.427 0 0
1500 -9.30876 34.9652 17.758 -1.10986 0.539184 421.892 0 0
1500 55.9927 26.8229 18.6309 0.0206379 0.491068 421.315 0 0
1500 37.0417 -29.9783 17.947 -0.386493 -0.565498 421.726 0 0
1500 115.336 42.3482 18.5954 1.12042 0.76858 421.822 0 0
1500 119.752 48.2674 17.766 1.03586 0.741132 421.975 0 0
1500 61.1919 6.70241 17.7783 0.0838434 0.171806 422.039 0 0
1500 98.9871 70.0318 17.9343 0.656721 1.13201 422.157 0 0
1500 107.32 41.9506 18.266 0.851967 0.730522 422.157 0 0
1500 75.342 7.35611 17.777 0.299727 0.181376 422.196 0 0
1500 20.7966 38.711 17.7171 -0.632647 0.596343 422.44 0 0
1500 98.3338 -19.0235 18.0586 0.76427 -0.304777 422.409 0 0
1500 65.4599 -2.13187 17.7656 0.168882 -0.0825172 422.515 0 0
1500 -0.895865 -0.757821 17.9476 -1.04778 -0.0318405 422.511 0 0
1500 93.4988 17.9474 18.1552 0.555233 0.302345 423.108 0 0
1500 67.3605 -0.79792 18.4503 0.227575 0.0509319 423.499 0 0
1500 50.166 -17.8202 17.7738 -0.0590898 -0.292299 422.85 0 0
1500 103.735 -32.9752 17.8263 0.710024 -0.473844 423.226 0 0
1500 13.855 52.877 17.7393 -0.712206 0.750816 423.163 0 0
1500 73.5336 0.723518 18.4841 0.359866 -0.053164 423.005 0 0
1500 35.4477 -55.6933 17.7547 -0.397513 -0.859496 422.91 0 0
1500 38.7078 -17.0877 17.8596 -0.329716 -0.304585 422.787 0 0
1500 39.5796 -37.5329 17.7674 -0.246977 -0.637228 423.652 0 0
1500 52.632 29.4671 17.8118 -0.0601535 0.522472 423.517 0 0
1500 107.837 33.086 17.983 0.815243 0.591281 423.019 0 0
1500 78.6023 2.37162 17.8732 0.299229 0.108047 423.273 0 0
1500 61.326 68.5609 18.0143 0.0981584 1.17607 423.14 0 0
1500 51.9924 49.0537 18.0581 -0.0605926 0.8704 422.937 0 0
1500 60.7379 -21.3695 18.1416 0.128537 -0.417204 422.672 0 0
1500 118.339 -146.392 17.9964 0.961267 -2.54784 423.261 0 0
1500 77.2198 -3.39438 18.6838 0.425589 -0.0378875 423.859 0 0
1500 81.8561 6.86798 18.6809 0.486764 0.0957449 423.72 0 0
1500 109.442 -1.65689 17.8207 0.78119 -0.0479707 423.908 0 0
1500 88.4298 -11.2788 18.5871 0.619519 -0.168572 423.695 0 0
1500 128.914 -10.4109 17.9037 1.24813 -0.231788 423.697 0 0
1500 103.991 42.7759 17.9248 0.724331 0.688153 424.027 0 0
1500 110.308 16.8868 18.4633 1.005 0.240288 424.141 0 0
1500 -9.8569 -17.8219 17.7385 -1.01593 -0.197753 424.969 0 0
1500 89.3591 39.1505 17.8119 0.504843 0.553131 424.587 0 0
1500 107.393 -10.7406 17.787 0.713544 -0.209943 424.532 0 0
1500 62.9666 26.0493 17.9289 0.12773 0.399244 424.64 0 0
1500 68.8894 -25.0318 17.8465 0.134278 -0.401137 424.502 0 0
1500 88.7188 -10.2172 18.1994 0.535607 -0.173509 424.215 0 0
1500 98.8534 3.89106 17.7686 0.625188 0.076642 424.372 0 0
1500 54.8403 46.4054 17.8231 -0.0142873 0.701843 424.775 0 0
1500 61.0044 -53.3418 17.7821 0.0745645 -0.799933 424.266 0 0
1500 102.769 50.3929 17.7661 0.711236 0.7677 424.189 0 0
1500 90.097 24.9427 18.114 0.572532 0.423563 424.362 0 0
1500 17.9117 -56.133 17.7234 -0.662217 -0.79353 424.47 0 0
1500 49.0753 75.402 17.7638 -0.202949 1.15106 425.007 0 0
1500 77.3767 -20.1871 18.0716 0.347285 -0.375828 424.756 0 0
1500 79.2155 47.0964 17.7472 0.391121 0.694476 424.755 0 0
1500 27.4883 9.05098 17.9266 -0.468241 0.207617 424.891 0 0
1500 79.1545 4.91211 17.8792 0.377692 0.13837 424.643 0 0
1500 67.4469 18.4481 18.2297 0.133178 0.32318 424.196 0 0
1500 51.8789 19.0148 18.0257 -0.146582 0.299228 424.498 0 0
1500 52.2679 -29.9389 17.8031 -0.0455906 -0.469262 425.343 0 0
1500 93.2896 -27.4805 17.7745 0.548614 -0.403892 425.39 0 0
1500 94.19 81.0726 17.755 0.539116 1.23874 425.307 0 0
1500 119.18 13.7009 17.936 0.983357 0.21977 425.243 0 0
1500 49.6327 18.3806 18.1884 -0.144045 0.28462 425.136 0 0
1500 51.8092 46.051 17.8851 -0.0762584 0.765164 425.251 0 0
1500 26.3693 28.9418 17.9234 -0.481605 0.504857 425.381 0 0
1500 27.3119 31.0119 17.9232 -0.467141 0.535599 425.424 0 0
1500 107.895 -38.8279 17.9204 0.819943 -0.690939 425.137 0 0
1500 6.52613 2.20885 17.9252 -0.842363 0.108701 425.183 0 0
1500 -3.45565 -28.1715 17.7313 -0.951575 -0.386061 425.513 0 0
1500 81.2325 -0.563688 17.8074 0.348429 -0.0815412 425.547 0 0
1500 137.346 8.34513 17.8558 1.24589 0.156689 425.732 0 0
1500 107.74 -38.9522 17.7904 0.832329 -0.565983 425.515 0 0
1500 87.0171 6.02864 18.5325 0.609534 0.0507603 425.63 0 0
1500 14.057 4.84892 17.8379 -0.763602 0.0748025 425.492 0 0
1500 52.4978 -24.2467 18.4563 -0.095201 -0.459449 425.585 0 0
1500 85.9369 -16.3144 17.7843 0.444535 -0.248709 425.88 0 0
1500 100.281 -34.6632 18.0286 0.676299 -0.581452 425.874 0 0
1500 90.9392 -38.7984 17.9676 0.540194 -0.645892 425.87 0 0
1500 114.762 -6.24022 17.7549 0.916813 -0.0706091 425.865 0 0
1500 44.2001 3.00855 17.9219 -0.255394 0.00332162 425.891 0 0
1500 63.8282 -35.2086 17.8229 0.0367059 -0.585036 425.926 0 0
1500 8.49433 37.937 17.7517 -0.741476 0.590787 426.085 0 0
1500 93.3137 18.5578 18.1705 0.639192 0.312263 426.053 0 0
1500 8.55407 -32.4952 17.7608 -0.804234 -0.512205 426.157 0 0
1500 76.5959 31.4475 18.0097 0.245495 0.510963 426.219 0 0
1500 73.2257 -15.3945 18.0322 0.311153 -0.290899 426.179 0 0
1500 88.5905 -12.8397 17.822 0.540055 -0.164115 426.213 0 0
1500 84.0481 19.6398 17.7926 0.466416 0.264931 426.206 0 0
1500 69.801 -26.8163 17.7931 0.24924 -0.444319 426.149 0 0
1500 104.494 15.5811 17.7985 0.80884 0.222222 426.09 0 0
1500 17.2327 7.18091 17.8239 -0.72044 0.0624357 426.202 0 0
1500 31.6259 49.8791 17.9201 -0.397166 0.808185 426.3 0 0
1500 112.183 -33.5127 17.8736 0.815926 -0.581284 426.41 0 0
1500 90.094 21.8592 17.7909 0.55667 0.297728 426.441 0 0
1500 61.7885 15.6522 18.1775 0.153839 0.295112 427.129 0 0
1500 73.6798 -1.69867 18.2717 0.269537 -0.0886653 427.423 0 0
1500 78.422 -13.9776 17.9854 0.33784 -0.243609 426.57 0 0
1500 64.4894 27.7953 18.0946 0.148497 0.435346 427.394 0 0
1500 102.117 -3.64742 17.8128 0.655468 -0.100994 427.219 0 0
1500 74.4957 -72.8082 17.7879 0.269548 -1.08015 427.039 0 0
1500 108.116 38.9638 17.8194 0.780955 0.561952 427.341 0 0
1500 32.5367 63.6491 17.812 -0.346936 0.988752 427.07 0 0
1500 117.188 34.2727 17.7555 0.929541 0.471348 427.249 0 0
1500 87.7439 4.76377 18.0754 0.503172 0.00202039 427.304 0 0
1500 117.586 25.56 17.8831 0.923538 0.435295 427.472 0 0
1500 69.7961 -24.0532 18.4911 0.22309 -0.4118 427.431 0 0
1500 74.1918 -41.3067 18.0266 0.321754 -0.673808 427 0 0
1500 49.4354 -5.64477 18.2326 -0.107743 -0.148625 426.974 0 0
1500 110.455 22.4337 17.8127 0.844059 0.396426 426.704 0 0
1500 103.84 -6.58197 17.9223 0.772921 -0.130147 427.386 0 0
1500 92.2846 -6.625 17.9255 0.604973 -0.131889 426.83 0 0
1500 97.2177 78.0992 17.9841 0.723275 1.33736 427.101 0 0
1500 55.2771 -21.0352 17.9197 0.000406036 -0.339518 427.562 0 0
1500 68.1689 -15.1259 18.3112 0.234735 -0.298205 427.607 0 0
1500 43.0987 24.6935 17.8008 -0.269428 0.320125 427.674 0 0
1500 92.9306 -10.1377 17.8934 0.510938 -0.202165 427.75 0 0
1500 88.1735 -2.42826 17.823 0.46055 -0.083643 427.736 0 0
1500 105.76 -37.9493 18.0525 0.765402 -0.618028 427.78 0 0
1500 83.2528 -6.85495 18.2207 0.418125 -0.111184 427.947 0 0
1500 42.2106 -12.381 17.9232 -0.263865 -0.185222 427.782 0 0
1500 55.3696 -69.9381 17.7656 -0.105682 -1.04294 427.825 0 0
1500 -8.59854 -0.758738 17.8502 -1.03866 -0.0194716 427.948 0 0
1500 81.0657 59.023 17.7693 0.345114 0.944868 427.987 0 0
1500 156.732 40.6615 17.8951 1.63227 0.612991 427.948 0 0
1500 54.8977 36.3649 17.9243 0.00293324 0.55684 428.152 0 0
1500 58.9412 4.32017 17.9353 0.0775687 0.104159 428.769 0 0
1500 125.447 6.04794 17.7624 1.034 0.0582754 428.317 0 0
1500 108.763 -31.6611 18.0233 0.821547 -0.519935 428.291 0 0
1500 120.066 -20.6611 17.8159 0.98295 -0.273113 428.625 0 0
1500 57.3055 -67.7557 17.7864 0.0561046 -1.02738 428.836 0 0
1500 39.9459 -24.5782 17.9251 -0.333464 -0.374565 428.647 0 0
1500 74.5347 -31.5799 17.8579 0.29517 -0.546798 428.698 0 0
1500 -79.0338 -22.9991 17.831 -2.18966 -0.376628 428.353 0 0
1500 97.1419 -60.2403 17.9132 0.705471 -0.957063 428.317 0 0
1500 48.1368 6.71447 18.2018 -0.125693 0.183482 428.535 0 0
1500 54.3822 31.0786 18.1802 -0.0575528 0.559358 428.415 0 0
1500 141.418 -9.62288 18.2244 1.45219 -0.19041 428.378 0 0
1500 36.5164 -5.29722 18.0843 -0.429215 -0.0596794 428.592 0 0
1500 60.521 60.5523 17.8307 0.0552463 0.919494 428.924 0 0
1500 105.809 -45.4693 17.7869 0.76573 -0.698689 429.007 0 0
1500 117.34 14.4918 17.9496 0.958406 0.173892 431.223 0 0
1500 97.1895 4.90706 18.1523 0.636176 0.0401384 431.113 0 0
1500 97.6025 16.9515 18.4863 0.681501 0.317826 430.596 0 0
1500 68.2772 -15.5779 18.1268 0.225708 -0.254915 430.707 0 0
1500 40.1262 -11.1306 18.0409 -0.249864 -0.208042 430.959 0 0
1500 85.5948 -8.93882 18.0057 0.476315 -0.151342 430.321 0 0
1500 74.1916 -61.1415 17.8273 0.277437 -0.919579 429.501 0 0
1500 19.9047 53.947 17.7834 -0.538737 0.840349 430.372 0 0
1500 101.171 -16.1575 18.4299 0.757154 -0.2914 429.489 0 0
1500 124.557 15.8383 17.7903 1.02933 0.196394 429.72 0 0
1500 111.559 43.1854 17.7871 0.849177 0.598129 429.063 0 0
1500 66.6148 -36.9518 17.8039 0.186298 -0.5696 430.653 0 0
1500 -10.054 -12.1516 17.765 -1.01829 -0.242333 430.689 0 0
1500 -0.992995 -33.5599 17.7637 -0.889786 -0.554237 430.474 0 0
1500 111.131 -39.7727 17.7597 0.753223 -0.656223 429.248 0 0
1500 63.7772 4.9199 18.4983 0.176249 0.14649 429.556 0 0
1500 96.7435 -48.5192 17.9056 0.615567 -0.778087 430.025 0 0
1500 32.319 -54.9901 17.7556 -0.331817 -0.871134 429.112 0 0
1500 110.031 -16.5042 18.1413 0.879843 -0.257366 430.476 0 0
1500 80.8222 15.337 18.1341 0.433791 0.28903 429.376 0 0
1500 94.7918 -3.00677 18.1319 0.640566 0.0137389 429.67 0 0
1500 56.7213 -62.9175 17.851 0.0238398 -0.993982 430.613 0 0
1500 44.2033 -42.3183 18.007 -0.23056 -0.689045 429.753 0 0
1500 86.2038 -37.8227 17.7892 0.464725 -0.637682 429.278 0 0
1500 25.0915 44.7733 17.8969 -0.552405 0.679999 430.161 0 0
1500 79.631 -24.8577 18.504 0.390712 -0.43588 431.369 0 0
1500 49.2385 3.60959 18.2913 -0.118153 -0.000444394 430.004 0 0
1500 97.87 -33.5595 17.8189 0.682369 -0.526393 429.349 0 0
1500 22.6664 -37.8562 17.961 -0.557642 -0.621362 430.415 0 0
1500 42.2805 -53.0303 17.9598 -0.263109 -0.845005 430.684 0 0
1500 47.6864 -45.905 17.8707 -0.185941 -0.757497 429.94 0 0
1500 44.9914 -41.5827 17.8615 -0.151949 -0.697246 429.859 0 0
1500 97.7553 77.2697 17.827 0.596361 1.24145 430.247 0 0
1500 43.7343 12.2194 17.9967 -0.239249 0.126086 429.523 0 0
1500 78.9388 2.13627 18.3318 0.395822 -0.0417306 430.99 0 0
1500 72.2762 42.1126 17.9992 0.219152 0.705703 430.768 0 0
1500 30.6258 40.4306 17.9978 -0.406363 0.678305 430.972 0 0
1500 97.2894 -30.5949 17.9579 0.613579 -0.534342 430.938 0 0
1500 83.8678 -18.674 17.9103 0.483184 -0.299034 430.007 0 0
1500 66.9016 -25.3476 17.8273 0.206403 -0.42681 429.677 0 0
1500 97.1679 52.7564 17.8386 0.573922 0.884802 430.493 0 0
1500 91.7515 -36.7322 18.0823 0.64041 -0.582118 430.895 0 0
1500 80.8494 -39.0561 18.4292 0.389198 -0.693248 429.325 0 0
1500 146.787 11.9787 18.0188 1.59159 0.152172 429.766 0 0
1500 119.787 -7.91618 18.5306 1.27794 -0.145344 429.085 0 0
1500 111.139 -1.80116 18.8614 1.18627 -0.0905595 430.595 0 0
1500 104.564 10.2153 17.9977 0.796806 0.135955 431.485 0 0
1500 48.8836 43.7683 18.0355 -0.111198 0.732335 431.61 0 0
1500 69.3662 -49.0763 17.8204 0.230899 -0.791919 431.622 0 0
1500 21.8724 31.5885 17.9216 -0.630803 0.605197 431.883 0 0
1500 96.1678 -36.0211 17.9309 0.585565 -0.556432 432.986 0 0
1500 40.047 -4.06853 18.2024 -0.262791 -0.0514141 433.14 0 0
1500 43.6917 5.44068 18.2032 -0.21372 0.0762701 433.181 0 0
1500 67.2778 10.2296 17.9774 0.12014 0.202381 432.425 0 0
1500 84.0067 2.50871 18.0738 0.426189 -0.0184987 433.6 0 0
1500 108.809 -11.0746 17.8483 0.775955 -0.125632 432.292 0 0
1500 80.3498 -31.3137 17.8736 0.310388 -0.500517 433.856 0 0
1500 105.099 -40.0746 17.7832 0.714255 -0.620849 433.416 0 0
1500 73.4126 -41.7406 18.0963 0.284959 -0.678994 432.824 0 0
1500 116.127 -32.8955 17.8169 0.913132 -0.514693 433.234 0 0
1500 115.099 27.9786 17.9182 0.870998 0.485904 433.044 0 0
1500 87.5072 -70.333 17.9398 0.501949 -1.10645 432.618 0 0
1500 73.7761 -5.27264 18.3072 0.320972 -0.151699 432.675 0 0
1500 82.8526 -66.3908 17.9231 0.344276 -1.06243 432.327 0 0
1500 84.9248 -35.2037 18.2623 0.443692 -0.594506 433.808 0 0
1500 11.3927 -107.938 17.7724 -0.682067 -1.677 433.687 0 0
1500 110.576 -19.4613 17.9514 0.873832 -0.306398 433.73 0 0
1500 39.0952 32.9438 17.8437 -0.355683 0.530676 432.066 0 0
1500 9.41839 -30.6664 17.786 -0.794371 -0.500583 433.337 0 0
1500 0.260994 25.8427 17.7851 -0.925696 0.344678 433.77 0 0
1500 43.4964 41.7574 17.975 -0.259153 0.673007 433.013 0 0
1500 30.031 -72.3973 17.8625 -0.471458 -1.13217 433.49 0 0
1500 26.3783 -25.6961 18.1335 -0.522593 -0.397553 432.422 0 0
1500 31.5857 39.8546 17.9237 -0.457282 0.62073 433.883 0 0
1500 45.2502 39.5517 17.8157 -0.271669 0.599908 433.267 0 0
1500 38.428 43.0623 17.8285 -0.303137 0.728461 433.979 0 0
1500 68.6892 -12.7445 18.1374 0.270546 -0.24075 432.501 0 0
1500 72.7219 -24.8968 17.934 0.316155 -0.378994 433.657 0 0
1500 34.6366 23.2741 17.9726 -0.399504 0.394521 433.958 0 0
1500 76.2449 2.09822 18.0171 0.313333 -0.043777 433.894 0 0
1500 93.6471 -29.7584 18.0068 0.660904 -0.470895 432.294 0 0
1500 60.6181 -5.29478 17.9189 0.0361252 -0.156849 433.739 0 0
1500 67.2685 59.3769 17.8504 0.0667837 0.941593 432.309 0 0
1500 138.453 -31.6612 17.8314 1.32987 -0.451385 432.7 0 0
1500 62.6185 -94.4584 17.8791 0.00378339 -1.54469 432.873 0 0
1500 108.252 59.3382 17.9421 0.874228 1.03137 433.8 0 0
1500 134.064 15.3812 18.3998 1.43428 0.26395 432.269 0 0
1500 -3.44991 -4.03562 17.9287 -0.963431 -0.0290639 434.889 0 0
1500 69.1374 20.4039 18.4802 0.229167 0.337563 434.812 0 0
1500 82.396 10.1999 18.4357 0.446274 0.181197 434.74 0 0
1500 46.9307 -10.9676 17.8846 -0.149084 -0.218228 434.456 0 0
1500 70.2717 -29.234 17.8078 0.138546 -0.466407 434.156 0 0
1500 83.3172 -62.2001 17.8213 0.430015 -0.931102 434.022 0 0
1500 81.415 -26.3454 18.2323 0.427272 -0.443267 434.085 0 0
1500 96.5736 -77.9347 17.8092 0.62048 -1.15854 434.076 0 0
1500 125.639 -4.82782 17.8195 1.0392 -0.117885 434.341 0 0
1500 -6.53819 -12.2508 17.8348 -1.01607 -0.153718 434.399 0 0
1500 67.1856 -9.9697 18.4143 0.144845 -0.170657 434.348 0 0
1500 40.9094 -55.1775 17.8091 -0.33282 -0.835129 434.29 0 0
1500 93.0431 28.7494 17.9276 0.619678 0.435759 434.392 0 0
1500 77.2585 9.77953 18.0099 0.379286 0.194856 434.062 0 0
1500 20.2287 -8.73989 17.908 -0.605557 -0.196505 434.216 0 0
1500 35.2105 -32.8638 17.9069 -0.376785 -0.562742 434.336 0 0
1500 21.4785 -31.5769 17.9038 -0.581708 -0.539705 434.76 0 0
1500 153.547 36.9227 17.8451 1.52356 0.601918 434.859 0 0
1500 43.5702 -9.97183 17.9243 -0.204213 -0.230014 434.376 0 0
1500 70.9977 42.7894 18.1256 0.287296 0.72626 434.183 0 0
1500 -129.678 0.64018 17.8839 -3.11961 0.0366762 434.773 0 0
1500 35.9252 169.025 17.8775 -0.300295 2.81047 434.587 0 0
1500 47.9058 5.88031 18.0534 -0.174754 0.17537 434.211 0 0
1500 73.8765 -37.1227 18.3051 0.237425 -0.654307 434.344 0 0
1500 6.50563 61.5563 18.0756 -0.938647 1.02127 434.712 0 0
1500 78.9954 -31.7343 18.1662 0.342756 -0.62271 434.528 0 0
1500 93.8787 16.78 18.2067 0.733536 0.312209 434.82 0 0
1500 6.79782 -68.2364 18.531 -0.973241 -1.28764 434.577 0 0
1500 3.22325 -53.9835 17.9004 -0.849701 -0.844823 436.712 0 0
1500 124.096 7.48782 17.9527 1.04304 0.0917655 435.789 0 0
1500 111.212 -20.4361 17.8761 0.790732 -0.348607 435.076 0 0
1500 92.8834 -42.9558 17.9448 0.53744 -0.662423 435.124 0 0
1500 56.9788 16.945 18.1131 -0.01338 0.289113 436.674 0 0
1500 45.2816 -0.968184 18.0534 -0.194176 -0.0623576 436.692 0 0
1500 80.2656 -57.9484 17.8298 0.380658 -0.857706 435.003 0 0
1500 124.244 -3.1395 17.7941 1.00958 -0.0870837 435.472 0 0
1500 122.929 2.72858 17.9503 1.03757 0.0233142 435.029 0 0
1500 8.27239 -33.7036 17.8009 -0.769117 -0.517573 437.016 0 0
1500 70.0605 -51.4281 18.0266 0.206414 -0.832176 435.109 0 0
1500 106.432 13.9033 18.2104 0.831889 0.240191 435.706 0 0
1500 91.9251 17.2393 18.4272 0.624703 0.312941 435.829 0 0
1500 84.8988 -51.8621 17.9003 0.372184 -0.837692 435.416 0 0
1500 116.724 78.4832 17.8401 0.93081 1.2462 435.205 0 0
1500 2.35699 2.55197 17.9501 -0.883324 0.00680797 436.047 0 0
1500 78.1719 -6.36836 17.9836 0.401577 -0.0873013 435.548 0 0
1500 78.3253 -47.9837 17.9485 0.277172 -0.782049 436.176 0 0
1500 102.328 -26.7455 17.9568 0.757349 -0.45419 435.156 0 0
1500 22.3566 -26.5373 17.8714 -0.601485 -0.443448 435.647 0 0
1500 66.9436 17.0102 18.2909 0.171029 0.327301 436.611 0 0
1500 54.6411 -10.2394 17.9731 -0.0796164 -0.0960446 435.402 0 0
1500 17.9133 30.2765 17.959 -0.631749 0.516916 436.801 0 0
1500 62.2654 -46.753 17.9845 0.0250899 -0.752399 436.693 0 0
1500 79.9607 -33.0789 17.9882 0.29452 -0.549082 436.276 0 0
1500 119.039 31.1684 17.9068 0.958813 0.554937 435.749 0 0
1500 35.0336 -38.7106 17.8564 -0.419536 -0.612867 436.364 0 0
1500 94.6065 -13.6737 17.9525 0.578805 -0.284702 436.546 0 0
1500 88.4208 -12.2344 17.9344 0.48198 -0.264239 436.331 0 0
1500 50.8184 46.9151 17.8796 -0.14242 0.777839 436.912 0 0
1500 26.9457 27.3578 17.9149 -0.483446 0.492078 436.964 0 0
1500 23.6049 22.7306 17.9152 -0.534747 0.421524 436.936 0 0
1500 38.3932 -35.1419 17.9708 -0.289168 -0.633054 435.116 0 0
1500 63.556 -19.3713 18.0725 0.134078 -0.371397 437.011 0 0
1500 60.1782 -3.77272 18.0646 0.0142322 0.00144554 436.988 0 0
1500 75.3546 16.3668 17.9009 0.340902 0.296745 436.767 0 0
1500 88.9573 -13.9787 18.1661 0.535606 -0.29898 436.346 0 0
1500 6.81298 -1.94315 17.9249 -0.866011 -0.102635 435.151 0 0
1500 -5.83392 0.495996 17.9411 -1.07761 0.0917537 435.745 0 0
1500 120.434 42.2435 18.1989 1.11997 0.765129 436.446 0 0
1500 113.448 -42.4689 18.5185 1.00225 -0.793879 436.354 0 0
1500 25.4079 -7.3977 18.0883 -0.527619 -0.0703775 437.53 0 0
1500 68.1782 2.88411 18.2581 0.252501 0.0559038 437.806 0 0
1500 72.137 -14.8007 18.027 0.174113 -0.256401 437.275 0 0
1500 45.9665 9.51613 18.039 -0.160293 0.195133 437.595 0 0
1500 21.3843 -31.7867 17.8305 -0.513515 -0.51466 438.393 0 0
1500 -0.657202 -30.3413 17.814 -0.916784 -0.441258 437.31 0 0
1500 5.40393 28.7635 17.8235 -0.817259 0.403616 438.352 0 0
1500 3.95219 -32.3576 17.8193 -0.842737 -0.466035 437.943 0 0
1500 34.9618 -63.3836 17.8999 -0.36433 -0.982739 437.268 0 0
1500 162.241 78.0228 17.7935 1.51596 1.21834 437.51 0 0
1500 91.9262 -57.5362 17.9066 0.517977 -0.916365 437.819 0 0
1500 -3.52929 -21.3604 17.8629 -0.96227 -0.357704 437.384 0 0
1500 102.99 -49.0558 17.8276 0.732063 -0.744067 437.728 0 0
1500 111.279 41.7686 17.879 0.818487 0.67789 438.211 0 0
1500 110.404 -12.1362 17.8602 0.836481 -0.240842 437.493 0 0
1500 10.6352 -31.2172 17.8503 -0.780996 -0.491837 437.262 0 0
1500 76.6818 59.4791 17.8422 0.341917 0.931205 437.834 0 0
1500 47.0236 53.2712 17.9076 -0.174159 0.876339 437.851 0 0
1500 32.0903 54.3595 17.9047 -0.396051 0.885287 438.41 0 0
1500 27.372 52.4783 17.9045 -0.466271 0.856513 438.46 0 0
1500 55.9452 -36.4526 18.0667 0.017327 -0.628523 437.49 0 0
1500 107.976 37.0546 17.8235 0.719894 0.626479 438.233 0 0
1500 21.361 24.8975 17.8334 -0.599747 0.448626 437.399 0 0
1500 6.87398 -22.7062 17.8463 -0.828416 -0.290946 437.97 0 0
1500 50.4161 -19.5065 18.0936 -0.159577 -0.304702 437.481 0 0
1500 94.7954 32.4055 17.8839 0.558871 0.571409 438.067 0 0
1500 50.7082 58.2464 17.8975 -0.131881 0.955257 438.502 0 0
1500 90.3037 29.3208 17.8582 0.576898 0.453645 437.894 0 0
1500 105.818 17.1875 17.844 0.802593 0.230777 438.321 0 0
1500 122.06 -19.1255 17.8323 1.03829 -0.377686 438.403 0 0
1500 73.1586 -25.2356 17.985 0.207104 -0.492546 438.128 0 0
1500 78.2037 -13.6999 18.3259 0.289672 -0.281548 438.532 0 0
1500 104.414 -28.6792 17.9148 0.73879 -0.403604 442.854 0 0
1500 34.5983 44.5796 17.9221 -0.33705 0.69472 442.673 0 0
1500 113.224 -23.1905 18.1164 0.925699 -0.35711 439.701 0 0
1500 110.251 39.3089 18.0041 0.835893 0.632557 441.909 0 0
1500 108.969 -19.2964 18.307 0.870242 -0.324486 438.853 0 0
1500 36.791 61.0641 17.9312 -0.30091 0.977762 439.236 0 0
1500 100.592 39.7031 17.8529 0.683527 0.570287 442.811 0 0
1500 122.176 2.36755 17.8807 0.990124 0.0806908 442.07 0 0
1500 58.9582 43.3979 17.9778 0.0399565 0.67052 441.448 0 0
1500 76.1384 -26.5481 18.3329 0.297424 -0.426105 440.059 0 0
1500 45.28 -11.0246 18.3496 -0.159105 -0.195329 441.967 0 0
1500 80.2527 8.70656 17.9188 0.301047 0.187918 442.809 0 0
1500 13.8797 49.2196 17.876 -0.668467 0.771856 440.407 0 0
1500 57.9506 -44.1935 17.8798 0.0474151 -0.676849 441.865 0 0
1500 78.4485 29.5181 17.8477 0.254672 0.475851 443.377 0 0
1500 58.0834 -6.13862 18.3655 0.0752717 -0.148323 438.719 0 0
1500 71.8531 -11.6753 18.1038 0.254113 -0.216866 438.812 0 0
1500 57.739 29.5775 18.1126 -0.00358988 0.463568 438.712 0 0
1500 57.1906 2.70008 17.9035 0.063098 0.047768 438.704 0 0
1500 68.3541 -15.5396 17.9943 0.226073 -0.228313 439.539 0 0
1500 52.4306 -3.68876 17.9299 -0.0808956 -0.117736 439.638 0 0
1500 57.4236 -5.80308 18.6125 0.0567608 -0.137797 443.285 0 0
1500 69.5976 34.0177 17.9164 0.219353 0.518376 440.269 0 0
1500 92.6258 -6.75975 18.0055 0.559069 -0.0647919 440.958 0 0
1500 37.9766 11.9916 18.0732 -0.315673 0.173029 442.936 0 0
1500 85.5982 2.7043 18.4207 0.492421 0.111746 438.989 0 0
1500 81.4821 -2.49932 18.6747 0.48156 -0.064744 444.795 0 0
1500 48.6203 19.2672 17.908 -0.160144 0.325606 443.358 0 0
1500 41.1025 102.921 17.7915 -0.215326 1.58236 439.786 0 0
1500 86.1054 25.8817 18.3995 0.534551 0.448736 439.272 0 0
1500 98.5472 -50.6209 17.8632 0.656638 -0.765927 441.384 0 0
1500 114.285 6.82117 17.8829 0.917112 0.151884 438.973 0 0
1500 106.483 34.6057 17.8805 0.794343 0.569083 439.362 0 0
1500 123.629 1.8601 17.8791 1.01611 0.0737149 441.732 0 0
1500 104.86 -38.5887 17.9771 0.788087 -0.605581 439.943 0 0
1500 91.0116 3.29389 18.2752 0.596745 0.114517 439.12 0 0
1500 120.095 -18.5918 17.8193 0.944199 -0.328569 441.854 0 0
1500 57.9877 -24.4353 18.13 0.0274928 -0.405862 445.574 0 0
1500 73.226 0.709304 18.2837 0.337994 0.0709276 438.765 0 0
1500 92.7587 41.687 17.8045 0.570575 0.698789 438.805 0 0
1500 51.2667 28.7948 17.9008 -0.0635615 0.457806 446.396 0 0
1500 63.6971 21.6652 17.824 0.118385 0.360105 444.733 0 0
1500 95.7673 2.7922 18.2986 0.704976 0.0484245 439.937 0 0
1500 89.6954 5.51553 18.3987 0.624708 0.06909 440.104 0 0
1500 101.139 -49.4384 17.8522 0.716782 -0.75542 440.779 0 0
1500 65.5731 57.8801 17.9276 0.117924 0.898445 443.553 0 0
1500 41.1662 14.1255 18.1998 -0.235318 0.288586 438.921 0 0
1500 84.7051 35.0809 17.8914 0.480494 0.583084 438.771 0 0
1500 110.387 29.8335 17.8824 0.819154 0.470336 443.216 0 0
1500 100.907 3.22818 17.8946 0.66967 0.0859934 444.579 0 0
1500 121.616 2.25015 17.8782 1.01913 0.0765002 440.591 0 0
1500 12.7768 -43.8653 17.813 -0.718593 -0.677466 442.625 0 0
1500 92.4473 12.7777 18.7355 0.687084 0.239377 441.075 0 0
1500 76.9174 53.7744 17.9375 0.318975 0.884641 440.188 0 0
1500 -0.740794 -28.4133 17.8034 -0.912019 -0.469793 442.257 0 0
1500 85.072 6.51058 18.1459 0.443509 0.171389 441.248 0 0
1500 98.547 43.727 17.9143 0.696648 0.670428 440.509 0 0
1500 27.0595 -55.8423 17.9317 -0.483603 -0.897697 441.221 0 0
1500 92.8782 111.279 17.8046 0.604313 1.69106 439.755 0 0
1500 65.665 -6.30801 18.1278 0.0959396 -0.145704 439.014 0 0
1500 30.3184 0.173541 17.9399 -0.420095 -0.0508818 445.876 0 0
1500 25.441 -49.8951 17.8914 -0.484473 -0.782487 444.189 0 0
1500 95.2808 -2.98136 18.1806 0.628059 -0.0438707 446.601 0 0
1500 96.8201 3.78745 17.9364 0.6429 -0.0118965 439.408 0 0
1500 90.5308 -53.287 17.9213 0.510403 -0.833669 443.926 0 0
1500 75.1946 -63.3689 17.9183 0.292538 -0.989654 443.176 0 0
1500 90.0203 -34.9496 18.3089 0.561873 -0.578247 442.93 0 0
1500 39.2016 51.0407 17.8577 -0.25435 0.848792 440.255 0 0
1500 94.3674 -3.81614 18.2233 0.674799 -0.0687205 441.105 0 0
1500 80.8012 -29.6127 17.8891 0.391583 -0.442272 446.012 0 0
1500 94.5195 -55.5395 17.8688 0.608198 -0.839584 443.24 0 0
1500 83.9414 -41.9482 17.88 0.474353 -0.670298 440.223 0 0
1500 13.9446 -1.0646 17.9571 -0.705146 0.0454441 440.135 0 0
1500 59.4374 6.12235 18.3347 0.0185386 0.125454 440.591 0 0
1500 55.8934 36.5913 18.07 -0.0227814 0.582281 446.019 0 0
1500 -4.5509 17.6247 17.8091 -0.985907 0.283077 443.535 0 0
1500 1.52838 -8.908 17.8166 -0.879785 -0.103122 444.87 0 0
1500 13.0851 -33.0352 17.816 -0.759512 -0.478069 440.688 0 0
1500 66.785 66.5512 17.8091 0.0592675 1.02361 441.888 0 0
1500 14.7018 -11.362 17.8225 -0.742424 -0.148693 440.018 0 0
1500 0.737767 11.1563 17.8153 -0.893352 0.185288 444.696 0 0
1500 61.916 24.7843 17.8347 -0.012838 0.371557 446.529 0 0
1500 -1.13857 -31.586 17.8085 -0.939057 -0.438383 443.311 0 0
1500 89.5662 88.7789 17.805 0.430791 1.36655 443.534 0 0
1500 48.6568 68.0966 17.8864 -0.0798916 1.11545 439.043 0 0
1500 88.4887 25.6718 18.0912 0.474855 0.464131 440.915 0 0
1500 107.262 -3.0271 18.0526 0.823761 -0.00216172 442.599 0 0
1500 72.491 -3.13865 18.0982 0.218759 -0.115209 440.208 0 0
1500 72.1176 -34.7135 18.0888 0.21085 -0.596713 440.866 0 0
1500 84.6866 -7.1112 17.9838 0.444024 -0.188844 439.601 0 0
1500 84.157 43.6642 18.0075 0.438321 0.674062 446.167 0 0
1500 66.6645 48.4193 17.8493 0.0656191 0.777972 440.805 0 0
1500 97.4558 -9.21436 18.1272 0.650725 -0.106598 447.652 0 0
1500 60.375 -34.6391 17.978 0.0560722 -0.625358 439.257 0 0
1500 30.3486 3.5583 17.9336 -0.431049 0.131696 440.349 0 0
1500 19.4257 54.3779 17.9087 -0.571733 0.876398 443.605 0 0
1500 81.6427 29.9802 17.9296 0.330174 0.489772 447.206 0 0
1500 43.1135 36.9174 18.0195 -0.205929 0.642082 441.237 0 0
1500 53.2397 86.1602 17.8059 -0.134168 1.3625 441.907 0 0
1500 113.036 30.2944 17.8025 0.890887 0.414561 442.486 0 0
1500 63.7367 2.67593 17.8738 0.0827167 0.119612 440.222 0 0
1500 48.9728 52.1854 17.8678 -0.150145 0.809724 446.641 0 0
1500 77.8821 55.9597 17.8637 0.263469 0.869585 446.148 0 0
1500 78.4714 45.4 17.8679 0.290425 0.766982 441.706 0 0
1500 67.531 54.3754 17.9303 0.208475 0.880452 442.434 0 0
1500 95.1044 -4.82607 18.1788 0.658032 -0.131169 442.444 0 0
1500 123.528 3.68765 17.8466 1.04647 0.0577731 444.213 0 0
1500 62.9882 -0.649299 18.1389 0.148234 0.0433987 449.428 0 0
1500 79.6132 20.5139 18.1309 0.419087 0.371918 442.107 0 0
1500 25.0676 -54.5885 17.8958 -0.5057 -0.850454 445.965 0 0
1500 86.9434 0.408181 17.8977 0.449035 0.0646033 448.276 0 0
1500 91.571 -27.3574 17.8596 0.568841 -0.480911 441.792 0 0
1500 74.1078 8.43275 17.9886 0.3443 0.148401 441.384 0 0
1500 -0.23597 -20.6804 17.874 -0.937253 -0.341554 443.45 0 0
1500 15.0506 -50.9551 17.8711 -0.695977 -0.783434 444.557 0 0
1500 83.8412 -86.1415 17.8504 0.385835 -1.40355 441.872 0 0
1500 69.611 24.7257 17.9845 0.262355 0.425428 441.836 0 0
1500 88.5838 -6.36011 17.9828 0.554573 -0.0549496 441.957 0 0
1500 92.2074 13.6052 17.9493 0.618084 0.203181 442.118 0 0
1500 100.88 -16.8629 18.2724 0.722538 -0.332053 442.854 0 0
1500 85.4507 -34.227 18.1093 0.455538 -0.536044 448.806 0 0
1500 54.5695 63.9836 17.8056 -0.0997406 1.01924 443.904 0 0
1500 3.13217 14.0464 17.8137 -0.832777 0.258195 446.991 0 0
1500 -2.87877 8.39539 17.8077 -0.968592 0.186748 443.416 0 0
1500 36.4825 8.98382 17.8297 -0.386561 0.202322 441.23 0 0
1500 92.5784 59.5439 17.8042 0.464075 0.939798 444.815 0 0
1500 86.3399 56.5659 17.8075 0.379413 0.914178 443.451 0 0
1500 11.3031 24.9128 17.8451 -0.782286 0.40762 442.916 0 0
1500 98.758 26.244 18.4194 0.713359 0.455832 445.08 0 0
1500 119.873 -32.5769 17.8458 1.04346 -0.472423 440.808 0 0
1500 -7.62291 8.92682 17.8237 -1.00752 0.204152 444.501 0 0
1500 60.1204 -58.8406 17.9605 0.0562471 -1.0333 439.417 0 0
1500 78.7581 39.0579 18.1334 0.359229 0.66729 443.732 0 0
1500 38.5768 -10.7415 18.0604 -0.285066 -0.203774 449.971 0 0
1500 66.2878 -8.19919 17.9742 0.199297 -0.118635 449.867 0 0
1500 48.2664 40.3447 17.9396 -0.174274 0.686424 443.002 0 0
1500 83.4956 1.73021 18.1206 0.42916 0.103379 443.019 0 0
1500 48.886 -27.7424 18.0877 -0.0838504 -0.499345 443.077 0 0
1500 44.9892 -26.8044 18.0869 -0.201217 -0.48023 443.12 0 0
1500 16.5369 61.6033 17.8088 -0.707741 0.932176 443.904 0 0
1500 68.3022 61.9014 17.8817 0.220776 0.975938 444.671 0 0
1500 82.5334 31.9487 17.8982 0.407518 0.493731 449.067 0 0
1500 62.754 71.2153 17.8083 0.0358535 1.11804 445.797 0 0
1500 79.6566 24.545 18.0854 0.440055 0.389135 443.426 0 0
1500 29.9629 121.078 17.8609 -0.528954 1.96318 440.699 0 0
1500 57.0103 -30.5007 17.8498 0.0401351 -0.486417 448.089 0 0
1500 71.6027 -8.00148 18.3093 0.306862 -0.130646 451.531 0 0
1500 111.59 -51.8108 17.9404 0.937396 -0.861048 440.925 0 0
1500 142.26 -6.45463 17.8569 1.30099 -0.122257 446.908 0 0
1500 30.6274 -60.0724 17.9336 -0.446096 -0.939556 445.986 0 0
1500 92.8456 -54.2444 17.8941 0.600579 -0.830797 445.506 0 0
1500 62.7952 18.3092 18.3889 0.109702 0.305596 454.566 0 0
1500 17.5529 -18.284 17.9392 -0.674339 -0.242817 443.703 0 0
1500 86.9879 12.5623 18.2689 0.57124 0.176444 444.685 0 0
1500 83.8687 -17.3072 17.9342 0.387415 -0.31039 450.368 0 0
1500 58.8809 -0.0311174 17.9409 0.037684 -0.0683044 450.857 0 0
1500 80.2366 -30.8016 17.9788 0.436559 -0.484022 443.952 0 0
1500 7.79775 107.643 17.8599 -0.872195 1.6866 442.18 0 0
1500 43.1611 57.6712 17.8449 -0.191867 0.972697 442.611 0 0
1500 93.9638 49.7135 17.8435 0.570039 0.770847 448.283 0 0
1500 112.612 14.238 17.848 0.831775 0.256358 448.908 0 0
1500 62.8516 39.4947 17.8563 0.129424 0.667492 443.699 0 0
1500 138.886 23.7116 17.8752 1.39135 0.370342 440.528 0 0
1500 132.246 -25.2431 17.8749 1.22507 -0.334767 441.885 0 0
1500 0.918502 38.1541 17.7915 -0.856534 0.632117 447.452 0 0
1500 101.266 12.8908 17.8135 0.741061 0.201966 444.191 0 0
1500 79.1306 -37.4881 17.8185 0.366506 -0.527327 450.057 0 0
1500 90.8957 33.8955 17.8129 0.580579 0.525438 444.251 0 0
1500 73.4156 -20.7017 18.1152 0.305903 -0.321149 451.651 0 0
1500 92.9372 21.3601 18.2385 0.556086 0.394005 445.58 0 0
1500 86.1324 36.8214 18.305 0.485512 0.62602 446.424 0 0
1500 105.708 31.2372 18.0404 0.865897 0.576411 439.882 0 0
1500 9.89543 -55.1267 17.8505 -0.827896 -0.824397 442.508 0 0
1500 48.7634 -14.8361 18.4116 -0.118617 -0.230195 453.418 0 0
1500 1.55485 14.6038 17.8241 -0.884117 0.214125 449.375 0 0
1500 24.9385 8.8986 17.8388 -0.536686 0.12939 450.835 0 0
1500 -0.158118 24.8001 17.82 -0.917332 0.36412 448.724 0 0
1500 30.6176 48.791 17.8275 -0.463557 0.701465 449.787 0 0
1500 178.245 -42.8981 17.8648 1.90945 -0.640814 445.601 0 0
1500 80.3359 29.3507 17.9818 0.435668 0.454826 445.619 0 0
1500 89.5827 -2.61732 18.0699 0.52707 0.0352742 445.433 0 0
1500 43.6166 -21.9378 18.2768 -0.205793 -0.395114 445.768 0 0
1500 41.198 46.976 17.8229 -0.280201 0.720416 451.044 0 0
1500 184.795 6.06848 17.8129 1.96506 0.119235 446.988 0 0
1500 103.357 1.84091 18.1674 0.823859 -0.0423343 440.361 0 0
1500 50.2122 -2.26724 18.1169 -0.154285 -0.00306645 445.185 0 0
1500 42.0711 27.4193 18.1098 -0.277948 0.452004 445.661 0 0
1500 57.1501 -50.8669 18.0308 -0.00604476 -0.843775 446.466 0 0
1500 88.0785 -24.8121 18.0387 0.467642 -0.454036 445.742 0 0
1500 42.4062 -31.4608 18.0422 -0.210905 -0.505437 452.257 0 0
1500 106.884 -3.63089 17.9388 0.766951 -0.0836478 451.28 0 0
1500 49.3065 -34.5777 17.8326 -0.181969 -0.599498 445.048 0 0
1500 60.8686 -11.3243 17.9674 -0.0017246 -0.129464 444.85 0 0
1500 90.749 8.77996 18.0342 0.556526 0.206547 445.801 0 0
1500 105.114 45.1464 18.0137 0.744404 0.732872 448.668 0 0
1500 133.007 -0.185879 18.0404 1.28427 -0.0553144 443.157 0 0
1500 88.6497 56.3219 17.8461 0.534098 0.865683 447.544 0 0
1500 107.613 29.0915 17.8499 0.827344 0.462472 446.821 0 0
1500 79.9604 37.0132 17.8604 0.415418 0.592747 445.684 0 0
1500 84.9785 8.65609 17.9176 0.441537 0.0789379 452.372 0 0
1500 42.9473 -1.05323 18.0951 -0.241932 -0.0401427 453.408 0 0
1500 86.2735 -34.5457 18.3058 0.497075 -0.672269 439.437 0 0
1500 77.5856 -38.0975 18.2523 0.349688 -0.64923 447.417 0 0
1500 23.6034 -40.3234 17.8552 -0.597968 -0.627289 446.54 0 0
1500 66.2662 -61.0915 18.0033 0.131042 -0.984832 448.208 0 0
1500 71.8347 -62.1702 17.9597 0.179535 -1.05853 443.644 0 0
1500 71.8187 0.474416 18.2633 0.334342 0.0439309 447.066 0 0
1500 82.8492 -6.38974 18.2608 0.452148 -0.0547571 454.4 0 0
1500 78.7136 24.114 17.898 0.259519 0.406283 447.994 0 0
1500 104.135 2.44301 17.8304 0.783597 0.0772822 445.889 0 0
1500 87.9017 -12.7316 18.2557 0.464518 -0.243984 454.357 0 0
1500 76.3224 -26.4556 18.2556 0.305206 -0.432932 454.346 0 0
1500 23.0908 56.1566 17.8247 -0.582795 0.869594 449.09 0 0
1500 35.7585 1.88079 17.8505 -0.415325 0.0673579 445.756 0 0
1500 46.2918 -32.0679 17.8477 -0.250112 -0.461374 445.946 0 0
1500 52.4768 38.1903 17.8437 -0.153105 0.629501 446.246 0 0
1500 4.8771 34.5312 17.8279 -0.834486 0.536641 450.594 0 0
1500 26.7439 0.336058 17.8484 -0.500432 0.0389103 452.878 0 0
1500 97.5845 -36.4287 18.0109 0.644251 -0.62214 447.96 0 0
1500 90.3864 -22.8064 18.0222 0.495942 -0.385638 453.25 0 0
1500 126.568 -9.61258 17.844 1.05906 -0.197415 449.869 0 0
1500 59.1443 49.6791 18.1049 0.0294155 0.911214 442.024 0 0
1500 62.4891 43.4189 18.0106 0.0485272 0.726518 447.671 0 0
1500 47.2405 19.1323 18.0208 -0.186713 0.359559 446.903 0 0
1500 121.621 5.92536 17.8931 0.999733 0.0647143 451.261 0 0
1500 102.746 16.4929 17.9058 0.708857 0.212619 452.954 0 0
1500 102.536 -48.3425 17.8916 0.727265 -0.725664 450.875 0 0
1500 78.8858 -1.49603 18.4443 0.419606 -0.0458965 455.849 0 0
1500 98.3631 0.680398 18.4338 0.75014 -0.0178832 449.396 0 0
1500 52.2298 40.9454 18.2004 -0.0896896 0.712721 445.629 0 0
1500 107.935 33.5757 17.8239 0.785306 0.512984 451.689 0 0
1500 99.0517 17.3483 17.9327 0.698162 0.213039 447.477 0 0
1500 116.991 -39.7784 17.8394 0.929654 -0.571078 451.279 0 0
1500 102.542 1.7738 17.8579 0.702959 0.0178204 453.08 0 0
1500 93.3233 -57.5557 17.8416 0.592947 -0.851205 450.643 0 0
1500 116.382 31.0939 17.8419 0.928927 0.447264 450.791 0 0
1500 103.464 -5.71295 18.442 0.887413 -0.142947 442.818 0 0
1500 65.5716 -26.4042 18.3178 0.0999061 -0.524526 439.534 0 0
1500 46.6704 -37.9215 17.8574 -0.209417 -0.583004 453.55 0 0
1500 58.4051 -17.5182 18.2641 0.0401423 -0.306375 455.835 0 0
1500 12.3634 14.2911 17.8661 -0.747516 0.300742 446.062 0 0
1500 106.351 11.0376 17.9298 0.757795 0.191115 453.506 0 0
1500 119.296 -10.8817 17.8908 1.03584 -0.247536 444.36 0 0
1500 77.2443 -14.7266 17.9165 0.339636 -0.237275 454.633 0 0
1500 105.599 6.46407 17.894 0.802444 0.137467 448.521 0 0
1500 96.4571 45.7764 17.8859 0.652231 0.727577 449.555 0 0
1500 99.3217 51.2849 17.8819 0.682159 0.795144 450.842 0 0
1500 105.937 -91.8736 17.8487 0.8333 -1.43887 446.668 0 0
1500 92.5942 55.4425 17.8248 0.585082 0.856444 450.396 0 0
1500 61.322 -41.9222 18.1126 0.0492192 -0.703485 449.166 0 0
1500 116.388 18.9664 17.8648 0.906725 0.313516 452.806 0 0
1500 117.95 1.67258 17.8665 0.925878 0.0638755 453.059 0 0
1500 124.069 -4.43506 17.8608 1.03091 -0.0242912 451.904 0 0
1500 80.4864 -56.4829 18.0328 0.368059 -0.91684 450.535 0 0
1500 75.6208 -29.7724 18.0513 0.275876 -0.484039 455.3 0 0
1500 58.3867 -36.4131 17.8699 -0.0628121 -0.592598 448.125 0 0
1500 44.5386 -10.7988 17.8766 -0.279559 -0.196805 447.663 0 0
1500 -3.52729 -15.3623 17.8525 -0.955663 -0.248662 452.664 0 0
1500 51.3032 -19.3189 18.1695 -0.146881 -0.365556 444.36 0 0
1500 76.588 -9.27914 18.1704 0.333558 -0.18517 456.495 0 0
1500 95.0038 -5.65779 18.1623 0.647969 -0.149283 449.689 0 0
1500 70.1742 -3.18215 18.172 0.2735 -0.112862 448.986 0 0
1500 94.8793 -10.714 18.0234 0.59231 -0.238368 449.786 0 0
1500 87.735 -36.5921 18.0194 0.452716 -0.590852 454.306 0 0
1500 90.6012 -57.3629 17.8521 0.527218 -0.90444 451.871 0 0
1500 113.863 11.1643 17.8598 0.898702 0.108358 449.691 0 0
1500 86.6626 65.2574 17.856 0.463301 1.05667 450.253 0 0
1500 118.966 -12.673 17.8683 1.0274 -0.219045 448.295 0 0
1500 60.6155 -65.751 17.8326 0.0731347 -1.04302 451.472 0 0
1500 107.723 44.8414 18.1718 0.908344 0.795651 444.971 0 0
1500 94.6694 0.411962 18.0756 0.647485 0.0591546 449.598 0 0
1500 42.7128 24.77 17.9134 -0.267154 0.380035 455.924 0 0
1500 56.6227 -3.65372 17.9192 -0.0810785 -0.0196472 448.421 0 0
1500 61.4982 33.4168 17.9108 -0.00483491 0.554907 448.979 0 0
1500 78.1294 19.2431 17.9144 0.25385 0.336615 448.726 0 0
1500 78.113 47.4546 17.9014 0.24958 0.763176 449.76 0 0
1500 83.0365 -6.0419 17.9995 0.473631 -0.133399 449.213 0 0
1500 87.5938 -35.1359 17.8299 0.512312 -0.501345 451.717 0 0
1500 121.596 -33.7473 17.8081 1.00612 -0.48285 452.635 0 0
1500 92.085 -28.8674 18.0392 0.533105 -0.526936 448.444 0 0
1500 78.6052 6.57446 17.8794 0.286892 0.170428 448.888 0 0
1500 98.708 43.5862 17.9428 0.609374 0.729666 451.25 0 0
1500 71.8388 56.9994 17.8666 0.254885 0.925492 451.097 0 0
1500 107.02 -13.7435 18.2806 0.872134 -0.282713 448.322 0 0
1500 74.069 -31.5099 17.9105 0.343218 -0.51045 446.829 0 0
1500 1.68637 27.129 17.828 -0.834311 0.460797 454.421 0 0
1500 108.803 44.4072 17.8232 0.735807 0.733598 452.22 0 0
1500 76.8889 51.0322 18.0665 0.31213 0.843044 451.637 0 0
1500 90.2692 11.5971 18.0795 0.523013 0.254299 450.424 0 0
1500 100.019 0.845438 18.0136 0.667653 -0.0282534 456.771 0 0
1500 51.8883 63.871 17.8736 -0.117392 1.0207 452.482 0 0
1500 49.4885 -60.5444 17.8722 -0.0851257 -0.977792 451.897 0 0
1500 74.6316 52.4017 17.9521 0.250222 0.866995 451.661 0 0
1500 30.3247 3.09522 17.9692 -0.430447 0.123256 450.155 0 0
1500 92.8426 35.9947 18.0422 0.627482 0.56794 451.748 0 0
1500 31.8878 -54.6632 17.7995 -0.46804 -0.794876 451.341 0 0
1500 51.8722 -47.2327 17.8988 -0.0547746 -0.793759 451.206 0 0
1500 81.455 -50.7975 17.8178 0.336684 -0.799452 455.861 0 0
1500 96.549 2.44111 17.8287 0.599766 -0.0397195 450.415 0 0
1500 111.529 -41.4532 17.8081 0.790798 -0.68568 453.814 0 0
1500 97.3673 -27.1317 17.8217 0.606944 -0.494807 451.002 0 0
1500 38.5264 -23.9309 17.8321 -0.273188 -0.406704 457.198 0 0
1500 65.4025 -6.8804 18.0645 0.187048 -0.131468 458.478 0 0
1500 87.3681 -36.4984 17.8355 0.463789 -0.570803 456.595 0 0
1500 49.8183 -37.1637 17.8412 -0.0686604 -0.576159 457.095 0 0
1500 2.07767 30.3861 17.8409 -0.909054 0.430618 452.682 0 0
1500 40.4681 -56.0548 17.8446 -0.335193 -0.877068 452.047 0 0
1500 76.6353 -29.5428 17.8613 0.21897 -0.486464 450.457 0 0
1500 -0.653138 -30.5467 17.8387 -0.92927 -0.474642 454.174 0 0
1500 45.7438 -3.76762 17.8671 -0.263036 -0.0861431 450.067 0 0
1500 66.6718 -31.8057 17.9467 0.160112 -0.50987 457.655 0 0
1500 116.03 -32.732 17.9241 0.891554 -0.547902 454.385 0 0
1500 49.5284 -29.1952 17.982 -0.127612 -0.474984 457.449 0 0
1500 19.3885 50.4824 17.8093 -0.558116 0.804601 455.206 0 0
1500 3.2557 -39.505 17.8441 -0.875849 -0.570941 454.289 0 0
1500 17.3681 37.6924 17.8517 -0.691186 0.584665 452.025 0 0
1500 31.9301 11.7578 17.8686 -0.432439 0.174845 457.652 0 0
1500 34.6627 -30.1608 17.8655 -0.395463 -0.414389 457.41 0 0
1500 16.433 2.23703 17.8627 -0.654159 0.0416157 457.172 0 0
1500 121.893 -7.90914 18.0201 1.03462 -0.141695 454.335 0 0
1500 115.943 4.88087 18.0245 0.963935 0.0472785 453.147 0 0
1500 135.781 5.87003 18.0457 1.34043 0.159828 447.591 0 0
1500 96.4235 72.1587 17.8161 0.607081 1.06226 456.7 0 0
1500 66.1692 17.7983 17.9209 0.160238 0.309825 457.97 0 0
1500 61.3462 9.88513 18.1385 0.0558308 0.200023 459.387 0 0
1500 15.6166 8.6917 17.8668 -0.666983 0.13899 457.241 0 0
1500 21.9924 -12.07 17.9599 -0.554373 -0.196772 458.19 0 0
1500 64.9759 41.3132 17.8467 0.153859 0.629629 457.542 0 0
1500 60.6019 64.5897 17.8296 0.0969521 1.0108 453.915 0 0
1500 68.6111 -31.6726 17.8667 0.147565 -0.566797 451.288 0 0
1500 201.617 -44.7886 17.9473 2.43468 -0.73549 448.091 0 0
1500 52.099 59.8853 17.8407 -0.0741479 0.978308 453.226 0 0
1500 58.3681 12.2895 17.866 0.0189502 0.240375 458.591 0 0
1500 6.22253 35.8208 17.8406 -0.766487 0.614907 453.242 0 0
1500 105.448 -38.1362 17.9304 0.738811 -0.654014 452.986 0 0
1500 25.7299 -37.6624 17.9901 -0.481883 -0.649505 452.708 0 0
1500 59.2665 -3.96275 17.9134 0.0696219 -0.128114 451.221 0 0
1500 113.395 -17.9105 17.8915 0.838068 -0.316802 457.138 0 0
1500 114.769 33.8377 18.0831 0.977507 0.633542 448.186 0 0
1500 70.3846 32.4376 18.1319 0.22368 0.571196 452.778 0 0
1500 93.5737 -15.7024 17.9138 0.633839 -0.227264 452.159 0 0
1500 84.9771 15.1736 17.9192 0.455402 0.225874 458.703 0 0
1500 90.428 -22.637 18.021 0.596298 -0.358127 452.817 0 0
1500 58.0266 13.289 18.3191 0.0560304 0.249444 460.793 0 0
1500 24.4 29.0726 17.8524 -0.523476 0.524802 452.447 0 0
1500 60.8013 9.1267 17.8664 0.0381799 0.220844 451.428 0 0
1500 119.641 -28.7536 17.8218 0.910862 -0.50273 454.675 0 0
1500 -3.15092 16.6992 17.7996 -0.937633 0.188561 456.844 0 0
1500 14.5797 45.1351 17.7997 -0.715067 0.629893 453.561 0 0
1500 103.636 -52.1764 17.7947 0.62619 -0.832973 454.767 0 0
1500 81.839 -8.19236 18.1786 0.366987 -0.188719 453.039 0 0
1500 54.9859 11.8019 18.2489 -0.00657894 0.291457 444.726 0 0
1500 90.3896 -57.4751 17.8417 0.491683 -0.924969 455.35 0 0
1500 90.7107 -55.4752 17.8426 0.500462 -0.902595 454.808 0 0
1500 83.7882 -42.682 17.9091 0.369912 -0.721073 453.291 0 0
1500 5.42038 -41.3748 17.8967 -0.799906 -0.676748 455.642 0 0
1500 204.727 -16.9843 17.8825 2.3877 -0.30444 451.424 0 0
1500 84.1866 -19.8356 18.3385 0.52543 -0.339143 454.395 0 0
1500 76.4686 -28.1242 18.3387 0.409203 -0.464201 454.377 0 0
1500 105.042 -17.0838 18.3281 0.827568 -0.293335 455.374 0 0
1500 92.0831 -25.9792 18.0825 0.62069 -0.425276 453.878 0 0
1500 82.7234 8.48361 17.8431 0.388087 0.177549 459.106 0 0
1500 75.1286 -13.5194 18.1369 0.381588 -0.212578 452.61 0 0
1500 69.2454 -28.1557 18.1445 0.137556 -0.445604 453.389 0 0
1500 113.166 15.5154 18.1549 0.93705 0.237087 455.528 0 0
1500 76.7302 -61.3194 17.9284 0.270579 -0.985141 455.398 0 0
1500 66.9458 -16.4995 18.1058 0.193312 -0.328248 453.283 0 0
1500 110.05 27.3979 17.9068 0.82242 0.418481 458.223 0 0
1500 103.909 -7.73174 17.9132 0.784732 -0.0907531 453.748 0 0
1500 77.902 36.5123 18.3845 0.344443 0.616744 455.27 0 0
1500 63.1123 -50.4219 17.827 0.124377 -0.765104 458.809 0 0
1500 82.3281 -59.6293 17.8141 0.418335 -0.942315 455.365 0 0
1500 87.1239 -58.1767 17.9646 0.437137 -0.935677 456.114 0 0
1500 39.8977 -15.944 17.9893 -0.274848 -0.3231 453.254 0 0
1500 64.8533 -64.5552 17.9645 0.106799 -1.02949 456.164 0 0
1500 44.6694 -31.7555 17.9843 -0.199858 -0.564856 453.608 0 0
1500 65.2781 -49.3527 17.9777 0.107726 -0.766049 459.527 0 0
1500 45.5799 -28.2158 17.9876 -0.168254 -0.46206 460.393 0 0
1500 85.7675 -40.8415 17.892 0.41886 -0.647089 459.257 0 0
1500 14.3505 -3.04355 17.9315 -0.681806 0.0103575 456.282 0 0
1500 22.9138 -8.56794 17.9355 -0.563237 -0.0725763 455.284 0 0
1500 122.966 -9.63292 18.3026 1.26131 -0.172134 445.593 0 0
1500 98.4213 13.92 17.9232 0.700744 0.178627 454.047 0 0
1500 92.2892 -33.9857 17.9732 0.528582 -0.593575 454.527 0 0
1500 74.7904 -56.5559 17.9652 0.257875 -0.924308 455.488 0 0
1500 89.775 -8.25981 18.4964 0.580421 -0.199428 455.326 0 0
1500 14.2096 31.1642 17.8164 -0.642307 0.515043 459.293 0 0
1500 62.3045 7.65578 17.8342 0.0490292 0.196979 453.001 0 0
1500 35.8802 58.0302 17.8068 -0.350639 0.946968 455.729 0 0
1500 32.9501 60.4286 17.8055 -0.38455 0.957699 457.489 0 0
1500 86.5185 51.2417 17.8102 0.415241 0.852679 455.116 0 0
1500 55.6509 65.1422 17.8048 -0.0525511 1.04287 456.438 0 0
1500 113.544 -21.5918 17.8139 0.869015 -0.397972 455.233 0 0
1500 112.646 7.08217 17.8186 0.863264 0.0374016 454.633 0 0
1500 68.6283 -65.1749 17.8089 0.182309 -1.02949 457.136 0 0
1500 83.5259 -55.4385 17.8141 0.393956 -0.868212 458.519 0 0
1500 122 -13.7341 17.8102 0.985915 -0.27557 455.996 0 0
1500 41.095 -11.7784 17.8361 -0.237471 -0.257002 453.203 0 0
1500 121.652 -21.1379 17.8098 0.957609 -0.377517 457.603 0 0
1500 97.2631 -40.1305 17.9774 0.59399 -0.695274 453.478 0 0
1500 114.091 -1.14383 18.0446 0.944541 -0.0125413 456.039 0 0
1500 62.1352 66.1131 17.817 0.124774 1.02679 456.266 0 0
1500 98.8636 -20.5008 17.8338 0.638281 -0.253614 459.978 0 0
1500 106.621 37.1629 17.8214 0.763396 0.574388 458.565 0 0
1500 65.9649 39.5822 17.8341 0.188536 0.652877 453.95 0 0
1500 58.0477 6.51198 17.8465 0.0595083 0.12711 460.963 0 0
1500 78.1116 1.8648 18.2169 0.3409 0.0913791 462.257 0 0
1500 100.265 -46.8157 18.0348 0.712301 -0.800868 453.762 0 0
1500 103.14 33.5818 17.9552 0.695959 0.583639 455.72 0 0
1500 6.13495 -65.79 17.8317 -0.869695 -1.02341 455.07 0 0
1500 24.2309 -18.6302 17.8772 -0.581002 -0.329199 454.645 0 0
1500 44.4514 -31.2032 17.8817 -0.245025 -0.476609 460.982 0 0
1500 36.4083 -39.3563 17.8769 -0.336095 -0.698579 453.382 0 0
1500 114.134 10.0957 17.8177 0.887318 0.123275 458.433 0 0
1500 97.6094 13.6497 17.8264 0.678053 0.183812 455.205 0 0
1500 81.5186 7.87955 17.8356 0.397938 0.087987 460.722 0 0
1500 83.7766 -0.741165 17.891 0.433362 0.0609008 454.477 0 0
1500 85.9186 -62.7999 17.9126 0.508254 -1.09141 451.069 0 0
1500 51.5525 -27.5999 17.8453 -0.064294 -0.452166 461.254 0 0
1500 43.4513 -54.689 17.8835 -0.253502 -0.829575 460.029 0 0
1500 16.6106 -49.1021 17.8767 -0.646403 -0.761209 458.98 0 0
1500 12.7325 -42.071 17.8767 -0.728143 -0.683252 456.561 0 0
1500 52.1739 44.1766 17.9223 -0.106727 0.748593 455.203 0 0
1500 29.3456 9.76144 17.9309 -0.461664 0.223106 454.522 0 0
1500 61.3662 -25.3329 18.1366 0.0245772 -0.388278 462.533 0 0
1500 60.1433 -7.25193 17.9377 0.0071813 -0.185917 453.057 0 0
1500 74.9085 64.1653 17.9439 0.250672 1.00757 458.674 0 0
1500 32.4187 11.0452 17.9207 -0.45868 0.200412 454.587 0 0
1500 105.784 42.9423 17.8011 0.735792 0.716271 456.776 0 0
1500 26.4247 12.6971 17.972 -0.523507 0.140015 455.005 0 0
1500 59.3948 -14.8564 18.0362 0.051505 -0.307283 454.865 0 0
1500 14.5509 13.7052 17.8169 -0.730813 0.261514 455.291 0 0
1500 44.899 -76.0881 17.8277 -0.200019 -1.13457 461.958 0 0
1500 83.3828 -27.0232 18.0358 0.408925 -0.495464 455.201 0 0
1500 75.4913 -24.872 17.9353 0.319735 -0.465046 453.871 0 0
1500 141.096 -10.0613 18.015 1.43942 -0.157504 452.545 0 0
1500 78.1521 14.3434 18.1847 0.383003 0.190938 463.929 0 0
1500 102.949 -49.7792 17.8412 0.744491 -0.729558 458.15 0 0
1500 93.3169 -47.7975 17.8468 0.613135 -0.713966 456.842 0 0
1500 79.9317 5.73436 17.9687 0.389476 0.0738359 462.749 0 0
1500 136.714 -37.6895 17.832 1.20049 -0.609002 459.306 0 0
1500 118.325 44.0956 18.1604 1.11524 0.739027 451.203 0 0
1500 102.261 67.5751 17.9008 0.687973 1.06045 459.231 0 0
1500 114.308 19.7777 17.8024 0.904514 0.244825 456.946 0 0
1500 95.4376 -50.728 17.7998 0.589388 -0.790467 460.067 0 0
1500 83.7414 7.02293 17.8224 0.405369 0.0468137 462.465 0 0
1500 57.3097 -8.97846 17.9804 -0.0340558 -0.181104 463.335 0 0
1500 44.0132 -19.3057 17.9771 -0.219232 -0.325444 463.095 0 0
1500 166.755 -55.9219 17.8542 1.78056 -0.841918 454.906 0 0
1500 52.9836 54.4604 17.8571 -0.0632418 0.904256 457.191 0 0
1500 48.7123 52.9939 17.8579 -0.128412 0.883102 457.104 0 0
1500 79.3585 6.48214 17.8767 0.310626 0.159963 463.009 0 0
1500 44.8906 34.9218 17.8685 -0.189551 0.617177 456.098 0 0
1500 77.9701 1.55744 17.8775 0.290978 0.0910407 463.067 0 0
1500 108.32 -36.3972 18.0618 0.917086 -0.602867 453.276 0 0
1500 136.087 8.16464 17.9905 1.36034 0.122847 453.185 0 0
1500 129.159 52.6433 18.1419 1.23831 0.985154 450.343 0 0
1500 43.1859 -20.1863 17.9974 -0.243163 -0.381426 456.552 0 0
1500 49.7663 -1.71831 18.0023 -0.142083 -0.0962571 456.235 0 0
1500 92.4598 -50.7213 17.8348 0.590824 -0.774616 458.683 0 0
1500 43.5867 -49.9447 17.8601 -0.304884 -0.816151 455.186 0 0
1500 102.976 -52.3816 17.8755 0.808617 -0.849379 453.749 0 0
1500 85.3742 5.31417 17.8669 0.405426 0.1417 463.663 0 0
1500 48.239 -28.3562 18.0703 -0.129345 -0.511867 457.388 0 0
1500 90.6646 -41.142 18.0573 0.513536 -0.696133 458.528 0 0
1500 79.9427 -38.1777 18.0406 0.43243 -0.610352 457.953 0 0
1500 92.3323 0.770207 18.0472 0.568008 -0.0153681 464.103 0 0
1500 106.477 10.2294 18.0365 0.831751 0.126576 458.351 0 0
1500 30.6333 50.6333 17.9569 -0.403872 0.839183 458.596 0 0
1500 47.3982 14.7322 17.9784 -0.1389 0.273798 464.303 0 0
1500 77.7239 55.2303 17.899 0.317823 0.857654 462.198 0 0
1500 98.3103 -40.7562 17.9679 0.700945 -0.622555 458.749 0 0
1500 15.53 -50.0442 17.7966 -0.64794 -0.804484 460.794 0 0
1500 86.2648 19.1096 17.9877 0.478307 0.244315 464.298 0 0
1500 103.821 -28.4167 17.9843 0.786092 -0.406971 458.914 0 0
1500 85.5797 -17.8407 17.9968 0.518944 -0.251223 457.771 0 0
1500 36.1133 -36.0034 17.9794 -0.311464 -0.662864 453.797 0 0
1500 117.125 -18.5686 17.8613 0.884292 -0.333379 462.392 0 0
1500 78.6502 62.5892 17.9034 0.303681 0.984681 461.65 0 0
1500 71.8802 64.4702 17.9025 0.207847 1.02609 460.714 0 0
1500 112.271 33.5531 17.9051 0.816468 0.577616 459.735 0 0
1500 62.585 35.868 18.1421 0.0969354 0.566643 465.27 0 0
1500 40.2371 8.59647 17.8494 -0.289548 0.0634434 464.678 0 0
1500 -9.19325 -6.62155 17.8211 -1.03563 -0.157748 460.904 0 0
1500 48.3871 -59.8097 17.8272 -0.180928 -0.920767 462.553 0 0
1500 21.0833 -53.1094 17.8229 -0.581412 -0.834026 461.733 0 0
1500 13.9713 -21.8845 17.8356 -0.667573 -0.368784 463.54 0 0
1500 74.6458 54.0698 17.9374 0.333542 0.852833 459.326 0 0
1500 114.569 9.44101 17.9761 0.94426 0.128537 459.794 0 0
1500 104.134 31.548 17.9717 0.782342 0.508457 459.649 0 0
1500 72.2355 15.7535 17.9911 0.309678 0.277722 457.886 0 0
1500 105.106 25.7611 17.9732 0.799343 0.422452 459.455 0 0
1500 70.9787 19.264 17.8462 0.149857 0.332427 464.72 0 0
1500 91.5037 -29.873 18.3099 0.60539 -0.566842 454.849 0 0
1500 47.297 -5.40901 18.0581 -0.168628 -0.151684 458.69 0 0
1500 60.7369 -30.3558 18.0529 0.034235 -0.489178 464.676 0 0
1500 119.4 -23.9783 17.9195 0.949699 -0.408866 462.07 0 0
1500 77.2033 -54.3572 17.8402 0.357021 -0.866138 459.337 0 0
1500 106.79 -4.60763 17.8174 0.754834 -0.09799 463.908 0 0
1500 102.344 42.6621 17.8078 0.737499 0.612646 459.531 0 0
1500 85.3353 -59.3973 17.8035 0.472411 -0.921975 460.514 0 0
1500 13.7223 -75.1407 17.8519 -0.726267 -1.14389 460.858 0 0
1500 7.86502 -15.5008 17.8991 -0.821634 -0.273202 459.457 0 0
1500 36.9846 21.1606 17.9136 -0.385158 0.290896 458.224 0 0
1500 116.651 118.872 17.809 0.909863 1.82097 461.513 0 0
1500 99.6343 -10.0248 18.4847 0.885436 -0.164915 448.598 0 0
1500 -12.6785 -94.5277 17.9285 -1.21179 -1.54214 456.175 0 0
1500 106.284 41.8007 17.9191 0.77176 0.683806 461.423 0 0
1500 89.5338 49.4149 17.9253 0.502647 0.766645 464.091 0 0
1500 53.9017 54.884 17.9263 -0.00758563 0.896001 460.104 0 0
1500 31.0913 -3.63805 18.2861 -0.46303 -0.130042 453.554 0 0
1500 50.6452 29.3741 17.8613 -0.0631148 0.471867 465.671 0 0
1500 52.1421 -20.513 17.8439 -0.0289733 -0.33182 466.002 0 0
1500 93.7917 27.6894 17.9851 0.63962 0.443361 460.179 0 0
1500 106.483 -3.66416 17.9854 0.770318 -0.0324444 465.536 0 0
1500 27.2417 59.7494 17.8151 -0.428328 0.946985 462.809 0 0
1500 76.9424 56.2251 17.9945 0.333048 0.91241 461.556 0 0
1500 60.1166 44.2588 18.0051 0.0824444 0.746934 460.32 0 0
1500 46.2423 67.3866 17.8712 -0.12455 1.11993 457.865 0 0
1500 112.469 -111.148 17.803 0.864301 -1.65573 463.197 0 0
1500 44.7047 1.24661 18.0132 -0.229067 -0.00718476 467.346 0 0
1500 88.3878 -28.8775 18.1959 0.479904 -0.507548 461.081 0 0
1500 70.3985 31.1925 17.8282 0.155173 0.507444 466.094 0 0
1500 38.0971 64.0675 17.8653 -0.255742 1.01492 462.697 0 0
1500 60.8469 65.543 17.8667 0.0799209 1.02035 463.784 0 0
1500 40.4987 -97.4121 17.8229 -0.244763 -1.47511 464.593 0 0
1500 42.2629 9.87912 17.8243 -0.217802 0.22612 459 0 0
1500 40.7837 103.693 17.9268 -0.340729 1.67656 458.179 0 0
1500 59.3645 -58.9513 17.852 0.0722919 -0.950824 461.58 0 0
1500 55.3549 16.5657 18.0882 -0.046852 0.322417 460.422 0 0
1500 125.446 -3.36024 17.8373 1.04146 0.00525609 463.703 0 0
1500 88.5428 -26.4006 17.8846 0.475512 -0.436066 466.057 0 0
1500 123.447 2.71276 17.9316 1.1017 -0.0229726 458.071 0 0
1500 84.0228 -16.6329 17.8849 0.438255 -0.230178 467.366 0 0
1500 34.4874 -0.650342 17.9488 -0.447405 0.0449735 456.569 0 0
1500 54.4839 16.6183 17.9111 -0.10972 0.246815 467.851 0 0
1500 17.9735 49.5057 17.8847 -0.665116 0.758239 462.827 0 0
1500 63.4876 -24.3259 17.9095 0.0176223 -0.362036 460.275 0 0
1500 87.4532 44.5424 17.9046 0.494522 0.743173 462.154 0 0
1500 96.6335 -10.6114 17.8688 0.665504 -0.204971 461.283 0 0
1500 7.77201 73.7248 17.8538 -0.818528 1.17347 462.174 0 0
1500 115.002 4.16489 17.9462 0.910289 0.131032 462.975 0 0
1500 39.5131 5.32489 17.9301 -0.279717 0.16077 461.047 0 0
1500 57.784 52.2936 17.9072 -0.0248233 0.86576 462.812 0 0
1500 63.1889 -29.8602 17.9882 0.106698 -0.537496 462.084 0 0
1500 61.2071 -28.4014 17.8304 0.0484618 -0.520577 461.44 0 0
1500 115.907 -6.16277 17.9305 0.914152 -0.164436 463.445 0 0
1500 69.9768 -22.2886 17.9482 0.225311 -0.418567 461.812 0 0
1500 54.243 -47.1826 17.9396 -0.0169171 -0.732335 468.165 0 0
1500 103.274 -11.98 17.9912 0.782486 -0.157066 463.122 0 0
1500 62.6275 -9.81483 17.9413 0.00651532 -0.147794 461.578 0 0
1500 -1.16166 -21.8683 17.9139 -0.949222 -0.32243 464.247 0 0
1500 61.5497 -13.7709 17.9407 -0.0102947 -0.209394 461.617 0 0
1500 73.4191 -27.1299 17.9751 0.181597 -0.438693 462.853 0 0
1500 116.815 -7.5468 17.8364 0.953518 -0.156876 463.706 0 0
1500 86.1615 -14.0912 17.9501 0.486667 -0.285531 462.366 0 0
1500 88.1402 -57.9725 17.979 0.487065 -0.924516 465.53 0 0
1500 85.9689 15.8358 17.9146 0.454702 0.246843 470.368 0 0
1500 84.7201 -8.79816 17.9943 0.455614 -0.147309 469.724 0 0
1500 59.6228 69.0277 17.8983 0.0969618 1.11191 462.567 0 0
1500 60.9727 58.641 17.843 0.0368119 0.914049 467.764 0 0
1500 107.782 31.5407 17.8564 0.813236 0.525851 464.417 0 0
1500 91.3805 24.0553 17.8524 0.56419 0.432543 463.14 0 0
1500 66.5853 67.9476 17.8292 0.0670635 1.04337 466.292 0 0
1500 66.3496 -65.2416 17.8795 0.0940813 -1.01306 467.238 0 0
1500 68.9628 -58.9349 18.0052 0.193929 -0.956568 465.414 0 0
1500 26.4286 56.9001 17.8586 -0.481824 0.896551 467.305 0 0
1500 18.0216 35.4107 17.8659 -0.632692 0.611051 464.219 0 0
1500 114.701 10.8978 17.9105 0.890715 0.172813 468.568 0 0
1500 81.4897 45.9551 17.8756 0.427462 0.766517 463.107 0 0
1500 44.4023 61.3358 17.9013 -0.232234 0.939464 468.317 0 0
1500 165.544 34.753 17.8782 1.82491 0.564507 460.507 0 0
1500 27.4564 1.20005 18.0382 -0.511023 0.0521817 464.248 0 0
1500 47.1238 0.575562 18.0445 -0.189089 0.0384973 471.192 0 0
1500 26.806 -24.5426 17.8867 -0.456345 -0.412132 470.3 0 0
1500 75.1969 -24.8319 17.9845 0.210237 -0.424203 460.33 0 0
1500 63.4378 -33.8665 17.8725 0.16363 -0.570111 460.898 0 0
1500 115.161 -18.1549 17.9281 0.946265 -0.277063 466.361 0 0
1500 75.9263 16.9381 17.9506 0.331987 0.231887 471.463 0 0
1500 114.856 -22.1899 17.9296 0.901488 -0.323207 469.333 0 0
1500 42.1304 -14.0246 18.0483 -0.259657 -0.168246 471.982 0 0
1500 36.049 33.3506 18.0054 -0.356563 0.635153 460.331 0 0
1500 38.4361 -39.0702 17.8219 -0.245319 -0.646347 466.276 0 0
1500 68.5138 -4.97253 17.831 0.212748 -0.0843211 471.632 0 0
1500 107.204 21.2449 18.0151 0.842466 0.31912 466.427 0 0
1500 41.443 9.94319 17.9043 -0.280984 0.0978814 471.937 0 0
1500 60.2186 10.4747 17.9064 -0.0214323 0.118059 464.185 0 0
1500 29.0821 2.2019 17.8996 -0.504874 -0.0112346 464.625 0 0
1500 14.3853 19.1995 17.9643 -0.782936 0.365054 460.806 0 0
1500 53.5003 26.9803 17.8321 -0.0275225 0.440817 471.107 0 0
1500 92.0694 38.2788 17.8434 0.529367 0.601689 470.687 0 0
1500 111.344 21.1166 18.0246 0.964124 0.305883 461.059 0 0
1500 58.6857 5.76282 18.3506 0.083941 0.136046 477.489 0 0
1500 65.682 61.2539 17.8705 0.189829 0.95608 467.342 0 0
1500 103.672 44.506 17.8675 0.755311 0.6965 468.005 0 0
1500 51.8508 53.4993 17.8705 -0.160153 0.847667 466.407 0 0
1500 93.5177 18.5546 17.928 0.644574 0.324626 464.167 0 0
1500 85.4271 -11.2067 17.8618 0.476265 -0.230828 466.031 0 0
1500 116.89 -30.4015 17.8005 0.937488 -0.457553 469.153 0 0
1500 69.9667 26.8266 17.8257 0.23479 0.367498 472.471 0 0
1500 103.944 -46.5612 17.8009 0.757961 -0.706006 468.152 0 0
1500 97.9014 45.2771 17.8052 0.677611 0.67708 467.165 0 0
1500 122.89 1.99801 17.8019 1.01733 0.0195537 469.723 0 0
1500 103.622 3.7999 17.8166 0.714959 0.0445727 471.724 0 0
1500 79.7227 -59.3041 17.8058 0.382467 -0.866292 470.486 0 0
1500 94.8582 25.145 17.8527 0.578132 0.394871 472.239 0 0
1500 56.5894 -18.9782 18.0632 -0.10469 -0.344601 459.373 0 0
1500 13.3403 -30.705 17.8636 -0.735973 -0.513943 467.175 0 0
1500 26.8564 -48.6296 17.8638 -0.498762 -0.740214 471.313 0 0
1500 39.3215 -111.053 17.8799 -0.345752 -1.82475 464.549 0 0
1500 90.4303 24.893 17.923 0.477699 0.453273 466.911 0 0
1500 73.5843 -53.0545 17.9666 0.282499 -0.871362 468.255 0 0
1500 -2.93528 -33.3201 17.9249 -0.980906 -0.534308 468.067 0 0
1500 115.672 -31.3082 17.9458 0.915936 -0.508001 470.472 0 0
1500 125.874 27.6519 17.9568 1.18841 0.502752 463.03 0 0
1500 -26.6403 -22.5095 17.9851 -1.38235 -0.408846 465.584 0 0
1500 70.3249 26.0037 18.0067 0.28356 0.430248 467.258 0 0
1500 100.281 4.03096 18.0011 0.678211 0.0829741 473.712 0 0
1500 90.4875 -33.8958 17.848 0.536548 -0.603 466.417 0 0
1500 78.8098 -28.1443 17.9844 0.373672 -0.530643 464.572 0 0
1500 64.8033 16.9917 17.8232 0.101424 0.307524 474.019 0 0
1500 45.647 -45.5431 17.9307 -0.192205 -0.771176 468.078 0 0
1500 82.17 -8.38086 17.83 0.449397 -0.151946 466.855 0 0
1500 101.206 49.137 17.8076 0.715756 0.714262 469.575 0 0
1500 27.3308 43.6877 17.9431 -0.493197 0.711752 469.53 0 0
1500 21.9116 32.5242 17.9463 -0.57881 0.548544 469.026 0 0
1500 27.6626 33.3854 17.9356 -0.463177 0.583327 468.51 0 0
1500 26.8703 40.7004 17.9316 -0.471853 0.689802 468.982 0 0
1500 64.172 28.698 17.9434 0.0940114 0.517465 467.806 0 0
1500 105.818 -3.0423 18.0786 0.768333 -0.0221496 474.229 0 0
1500 78.9949 -62.6049 17.8884 0.290558 -0.998079 470.387 0 0
1500 74.4927 -31.8746 17.9082 0.232821 -0.563702 467.742 0 0
1500 88.4028 -11.2805 17.9112 0.449468 -0.246098 467.519 0 0
1500 88.6545 -50.6205 17.8937 0.441876 -0.834811 469.196 0 0
1500 35.7034 18.9963 17.9731 -0.316842 0.374079 467.019 0 0
1500 32.9367 -33.6726 17.8497 -0.462082 -0.505001 467.931 0 0
1500 40.1579 60.6248 17.8354 -0.341693 0.9294 469.582 0 0
1500 102.158 -36.3733 17.9109 0.738838 -0.680186 464.267 0 0
1500 103.981 -10.7922 17.99 0.776535 -0.216412 469.326 0 0
1500 82.1384 -10.6419 17.9198 0.414527 -0.134571 475.437 0 0
1500 121.683 22.6649 17.9001 1.05958 0.356184 469.201 0 0
1500 59.1425 54.689 17.8498 0.0842827 0.875491 469.398 0 0
1500 100.69 17.663 17.873 0.700362 0.337032 469.041 0 0
1500 92.2678 -6.55674 17.8806 0.576485 -0.0353359 468.42 0 0
1500 64.7051 65.4038 17.8389 0.154222 1.02755 471.224 0 0
1500 97.9252 16.0124 17.854 0.671687 0.301699 468.978 0 0
1500 45.0639 35.5494 17.8583 -0.144008 0.606165 468.627 0 0
1500 102.038 38.0254 17.8434 0.722012 0.629646 470.154 0 0
1500 109.385 26.0553 17.9477 0.852883 0.43284 470.631 0 0
1500 43.5443 -29.8559 17.8511 -0.28254 -0.4877 470.35 0 0
1500 35.8931 -3.14393 17.8558 -0.376149 -0.0786835 474.252 0 0
1500 52.9931 -2.65531 17.8593 -0.141554 -0.0770506 469.393 0 0
1500 17.7546 -4.45905 18.0774 -0.68978 -0.137275 465.306 0 0
1500 36.9566 -60.4146 17.8227 -0.328572 -0.948451 473.107 0 0
1500 111.235 30.9572 17.828 0.780472 0.540538 470.444 0 0
1500 62.908 -14.136 17.913 0.047121 -0.28721 469.309 0 0
1500 130.379 0.0644246 18.0061 1.26556 0.0296771 466.582 0 0
1500 98.3161 18.9002 17.8363 0.659882 0.365378 469.337 0 0
1500 114.724 38.4194 17.8454 0.865202 0.664692 470.51 0 0
1500 127.473 -23.1631 17.9176 1.11712 -0.438666 469.032 0 0
1500 149.002 89.4933 17.8359 1.46772 1.41356 470.222 0 0
1500 102.561 -27.5273 18.0398 0.737972 -0.541835 465.253 0 0
1500 90.8089 39.9455 18.0111 0.538149 0.61128 476.239 0 0
1500 31.1474 62.5387 18.0143 -0.388575 1.08199 467.922 0 0
1500 7.31188 -11.3483 17.8049 -0.773853 -0.250833 471.022 0 0
1500 36.279 -9.80032 17.9435 -0.338228 -0.241654 467.047 0 0
1500 9.64933 -13.0547 17.8862 -0.843439 -0.153295 468.077 0 0
1500 87.9041 41.4789 18.0161 0.488112 0.7196 471.483 0 0
1500 21.4497 -37.7366 18.022 -0.598296 -0.700568 467.834 0 0
1500 -3.67957 10.0985 17.9025 -0.971237 0.20257 473.732 0 0
1500 -15.7456 -2.98032 17.8741 -1.22399 -0.0925541 470.805 0 0
1500 105.339 9.72655 17.8677 0.746007 0.133085 477.844 0 0
1500 79.2999 57.6018 17.9689 0.427354 1.03067 466.111 0 0
1500 36.0088 -48.7894 17.8436 -0.291364 -0.763621 477.874 0 0
1500 98.6205 23.0226 17.8945 0.67532 0.414934 473.279 0 0
1500 119.319 -1.516 17.928 0.951928 -0.0633332 477.707 0 0
1500 90.2776 -8.50079 18.0402 0.598603 -0.134966 473.44 0 0
1500 122.681 -1.60412 18.0208 1.03629 -0.027574 477.179 0 0
1500 114.923 -18.2199 17.8097 0.932271 -0.252673 474.3 0 0
1500 74.2835 -62.5092 17.8539 0.219928 -1.07166 470.798 0 0
1500 36.6165 13.8118 18.2265 -0.317044 0.274814 473.87 0 0
1500 98.4488 49.1202 17.9237 0.62831 0.805868 475.563 0 0
1500 37.5339 -17.5975 17.8657 -0.375615 -0.324039 472.875 0 0
1500 60.512 -37.24 17.8635 -0.0161988 -0.569281 479.705 0 0
1500 35.7669 -59.2219 17.8438 -0.388529 -0.936809 475.288 0 0
1500 27.9996 -11.4038 17.8635 -0.522755 -0.227067 473.032 0 0
1500 51.0053 17.0869 17.8705 -0.166732 0.216956 472.558 0 0
1500 2.06868 -25.3641 17.819 -0.888431 -0.403309 476.754 0 0
1500 -2.80628 -3.27062 17.82 -0.955248 -0.0785348 477.093 0 0
1500 26.0096 -5.52752 17.8364 -0.566085 -0.118149 473.245 0 0
1500 32.9336 44.8535 17.828 -0.453375 0.653768 474.033 0 0
1500 -2.62306 4.20146 17.8191 -0.973494 0.0313019 475.622 0 0
1500 70.2386 -35.9671 17.8356 0.11846 -0.588797 473.305 0 0
1500 19.9011 -10.1211 17.8326 -0.657382 -0.188322 473.565 0 0
1500 7.96463 38.0073 17.8191 -0.815015 0.535775 475.655 0 0
1500 32.807 16.0386 17.8322 -0.443663 0.188527 472.595 0 0
1500 92.7247 57.8598 17.8226 0.487741 0.92709 476.188 0 0
1500 53.7452 -10.1361 18.0332 -0.0951443 -0.175701 482.477 0 0
1500 -4.84906 48.0849 17.8455 -1.05003 0.775356 473.182 0 0
1500 139.953 -38.9351 17.8979 1.38981 -0.571189 469.728 0 0
1500 145.157 -17.7596 18.1991 1.52597 -0.283411 471.206 0 0
1500 61.764 62.8226 17.9969 0.0424352 1.00168 476.629 0 0
1500 73.0854 37.121 18.0123 0.217146 0.635877 474.797 0 0
1500 57.068 -27.1508 18.0227 -0.0896781 -0.518753 467.5 0 0
1500 52.4355 95.9388 17.8569 -0.0338597 1.5282 475.082 0 0
1500 87.3648 59.049 17.9489 0.476611 0.929894 478.247 0 0
1500 131.484 -49.1918 17.817 1.16349 -0.799851 475.992 0 0
1500 115.761 -34.0104 17.8168 0.927751 -0.478117 477.199 0 0
1500 88.6371 -25.3307 17.8373 0.496544 -0.330629 480.916 0 0
1500 68.2949 -50.1024 17.8179 0.128411 -0.820988 477.083 0 0
1500 59.77 -0.0135368 17.8372 0.000695185 -0.0667308 481.183 0 0
1500 130.725 -18.8696 17.8452 1.14371 -0.315396 478.453 0 0
1500 117.149 -31.3681 17.843 0.986964 -0.459461 475.689 0 0
1500 77.34 55.6259 17.8313 0.277481 0.871664 480.864 0 0
1500 114.044 -31.6147 17.8606 0.887659 -0.485182 480.416 0 0
1500 97.9571 -57.413 17.9278 0.680435 -0.883742 478.714 0 0
1500 63.1638 -17.8029 17.8462 0.152999 -0.310107 475.916 0 0
1500 70.7453 15.6841 18.0129 0.300199 0.263626 475.547 0 0
1500 79.5497 -26.7288 17.878 0.39735 -0.464383 477.613 0 0
1500 108.221 -49.0519 17.8828 0.860496 -0.748141 477.654 0 0
1500 84.4305 -31.2812 18.2079 0.540409 -0.518806 476.307 0 0
1500 110.434 38.8169 17.8109 0.776972 0.657583 479.974 0 0
1500 -3.48797 27.4289 17.8105 -0.90989 0.473986 481.738 0 0
1500 72.3539 40.4585 17.8273 0.193257 0.642982 484.039 0 0
1500 138.371 33.6849 17.8745 1.29825 0.534663 479.341 0 0
1500 68.151 12.2077 17.8834 0.0848586 0.188289 477.556 0 0
1500 11.0986 15.7061 17.8682 -0.732664 0.220414 484.113 0 0
1500 68.9602 -3.78634 17.9109 0.204155 0.0131452 479.874 0 0
1500 113.671 33.2449 17.9268 0.885957 0.519183 482.889 0 0
1500 78.7302 9.90527 17.8351 0.301679 0.230565 478.004 0 0
1500 23.0192 33.2714 17.8917 -0.605284 0.502928 479.654 0 0
1500 135.71 57.9721 17.9156 1.23393 1.01004 477.065 0 0
1500 116.218 8.30827 17.9908 0.963992 0.096305 482.264 0 0
1500 122.152 -20.6903 17.8567 1.00387 -0.261194 483.994 0 0
1500 66.1067 5.0143 17.9311 0.176309 0.145741 479.868 0 0
1500 102.337 11.9356 17.916 0.728649 0.249326 480.994 0 0
1500 118.36 26.2084 17.8458 0.959702 0.421614 483.492 0 0
1500 97.7496 -29.8974 18.3556 0.70232 -0.504709 483.63 0 0
1500 41.2522 63.9581 17.9671 -0.207569 1.09339 478.249 0 0
1500 60.4141 -15.143 17.8328 -0.0105868 -0.295619 481.042 0 0
1500 37.4092 -39.711 17.8194 -0.357769 -0.659768 482.584 0 0
1500 48.3368 -5.561 17.8335 -0.197522 -0.147598 480.98 0 0
1500 120.387 -8.27508 17.8812 1.0144 -0.126174 483.566 0 0
1500 98.7812 33.7194 17.8919 0.657783 0.476904 487 0 0
1500 123.262 -7.32533 17.8797 1.04209 -0.110364 484.547 0 0
1500 77.3574 -10.5085 17.8955 0.253923 -0.213026 488.554 0 0
1500 68.4914 -10.0855 17.8835 0.0910681 -0.169858 480.907 0 0
1500 95.6212 3.30707 18.3089 0.618965 0.0852712 491.261 0 0
1500 30.5947 -30.3897 18.0089 -0.445446 -0.524729 483.156 0 0
1500 -0.281214 48.8285 17.8112 -0.87836 0.777828 486.729 0 0
1500 46.8214 -64.4302 17.8144 -0.124764 -1.01938 485.247 0 0
1500 29.3108 29.1108 17.8912 -0.467634 0.400802 490.043 0 0
1500 82.936 57.0257 17.8613 0.396673 0.925495 486.524 0 0
1500 64.2399 30.5123 17.8302 0.125832 0.546385 484.038 0 0
1500 114.349 31.9621 17.8093 0.87153 0.547442 486.562 0 0
1500 65.7255 50.3539 17.8407 0.186001 0.806304 485.335 0 0
1500 87.9701 53.8876 17.8342 0.500012 0.817961 488.722 0 0
1500 36.7177 33.4982 17.9008 -0.305997 0.517249 494.598 0 0
1500 150.1 -2.69504 17.8744 1.44907 -0.0371373 488.63 0 0
1500 104.954 -17.6804 17.9311 0.746147 -0.237253 492.554 0 0
1500 59.4608 -56.205 17.9886 0.0654492 -0.919591 488.608 0 0
1500 111.125 -97.15 18.0012 0.939329 -1.60849 484.555 0 0
1500 106.72 -29.2195 17.8212 0.73232 -0.5273 487.26 0 0
1500 2.99287 29.8203 17.8244 -0.826044 0.511869 491.793 0 0
1500 28.8047 31.6004 17.9293 -0.454361 0.561122 490.094 0 0
1500 -2.95965 28.8097 17.8322 -0.919084 0.493133 493.449 0 0
1500 66.1599 -14.6119 17.8538 0.183304 -0.193399 497.527 0 0
1500 98.3511 -10.0678 17.8415 0.699794 -0.143522 490.727 0 0
1500 77.1206 49.6201 17.877 0.28077 0.830709 491.926 0 0
1500 72.2535 -44.9874 17.9669 0.154355 -0.781306 486.206 0 0
1500 46.0371 17.2839 17.8231 -0.159755 0.311492 498.942 0 0
1500 77.7359 62.6197 17.7957 0.30155 1.00327 494.949 0 0
1500 123.759 -10.6681 17.8522 1.02063 -0.220745 495.1 0 0
1500 40.3279 71.0412 17.8127 -0.257164 1.12971 496.306 0 0
1500 199.938 80.4425 17.8137 2.16039 1.29718 497.896 0 0
1500 -95.0828 19.6509 17.8285 -2.45808 0.349207 498.065 0 0
1500 39.4854 3.30735 18.0774 -0.394341 0.0248039 495.161 0 0
