Total number of secondary electrons: 1959
1500.0 118.886073 24.967770 17.989493 1.612230 0.654188 243.875 0 0
1500.0 125.445734 -26.496128 16.968603 1.641002 -0.623157 254.582 0 0
1500.0 88.520678 12.884355 16.348758 0.702586 0.195680 278.337 0 0
1500.0 89.675560 7.345428 15.588892 0.580295 0.047371 304.673 0 0
1500.0 92.754454 29.838388 14.536443 0.461285 0.392458 304.914 0 0
1500.0 99.284320 -15.544045 16.237464 0.867538 -0.363909 306.974 0 0
1500.0 76.174858 7.238305 14.162311 0.268994 0.122745 307.825 0 0
1500.0 76.104305 30.501117 14.173165 0.287455 0.398468 308.105 0 0
1500.0 85.437274 14.612845 15.628984 0.482839 0.205326 308.376 0 0
1500.0 82.188135 10.394104 14.776968 0.360972 0.108928 309.336 0 0
1500.0 82.162436 3.202728 15.161327 0.436740 -0.002507 309.728 0 0
1500.0 121.119909 -54.182433 14.656359 0.846655 -0.725988 312.416 0 0
1500.0 126.096410 53.183478 14.392408 0.808698 0.626062 312.592 0 0
1500.0 37.085933 56.965200 14.490929 -0.330984 0.719617 313.360 0 0
1500.0 79.119873 4.095660 16.168296 0.418513 0.011943 316.443 0 0
1500.0 112.711066 8.792390 16.600558 1.010958 0.109631 322.433 0 0
1500.0 74.512541 -12.345657 15.761672 0.312910 -0.198300 323.653 0 0
1500.0 72.363915 -5.177162 16.035750 0.305545 -0.115411 325.465 0 0
1500.0 99.857897 13.049381 15.453477 0.562189 0.210183 326.273 0 0
1500.0 85.250441 1.599029 16.485243 0.531494 0.045404 326.898 0 0
1500.0 87.182573 9.837972 15.901764 0.426120 0.107812 327.930 0 0
1500.0 94.945474 -56.499399 15.699405 0.620582 -0.857717 328.046 0 0
1500.0 100.829190 24.111638 15.354407 0.598018 0.302035 328.947 0 0
1500.0 68.003386 -10.040988 15.483334 0.186344 -0.180589 331.716 0 0
1500.0 100.273462 22.870839 16.857649 0.885265 0.477090 332.010 0 0
1500.0 80.460580 -0.850222 15.886487 0.397095 -0.055332 332.254 0 0
1500.0 85.554283 -18.093162 16.063300 0.483727 -0.231269 332.473 0 0
1500.0 99.005723 -18.098981 15.464531 0.562178 -0.276785 332.640 0 0
1500.0 65.920637 7.465057 16.039606 0.125256 0.085443 332.767 0 0
1500.0 104.862393 5.575565 16.935285 0.911304 0.067543 333.141 0 0
1500.0 42.845062 34.455111 15.228038 -0.154714 0.490919 333.956 0 0
1500.0 91.033175 -4.999615 15.984887 0.536110 -0.102170 334.344 0 0
1500.0 70.192406 -11.802812 15.490592 0.244311 -0.182763 335.538 0 0
1500.0 99.214888 20.475696 15.491464 0.605640 0.275660 335.593 0 0
1500.0 95.166279 -15.113987 15.350869 0.549680 -0.185922 335.926 0 0
1500.0 78.610851 7.808043 15.667673 0.358907 0.140978 336.047 0 0
1500.0 96.904420 77.297445 15.340659 0.584211 1.038847 336.062 0 0
1500.0 69.794219 -5.391755 16.470125 0.293147 -0.088341 336.146 0 0
1500.0 79.414024 -3.931584 16.090659 0.418023 -0.010328 336.790 0 0
1500.0 113.470718 28.667243 16.888733 1.083406 0.494465 336.970 0 0
1500.0 113.417831 -15.216341 16.416987 0.991770 -0.273768 337.027 0 0
1500.0 88.320747 4.919374 16.830743 0.594223 0.068704 337.055 0 0
1500.0 62.472858 -1.301772 15.658149 0.056849 -0.049488 337.416 0 0
1500.0 104.919372 4.962861 15.526344 0.673511 0.028319 337.538 0 0
1500.0 59.681713 -15.682642 15.660114 0.021793 -0.229606 337.533 0 0
1500.0 97.723815 17.122954 16.107582 0.630422 0.238722 337.618 0 0
1500.0 105.379629 7.686693 16.113666 0.718699 0.126751 337.883 0 0
1500.0 109.837325 1.627269 16.411492 0.875142 -0.023558 338.375 0 0
1500.0 135.064900 12.986608 16.790860 1.430103 0.182874 338.672 0 0
1500.0 100.586779 -0.853663 16.929273 0.749240 -0.036607 338.825 0 0
1500.0 108.460344 133.949225 16.047826 0.916347 2.243252 338.923 0 0
1500.0 100.712466 55.466385 15.432500 0.561941 0.801948 339.703 0 0
1500.0 92.370505 32.781448 15.396888 0.496999 0.454954 340.527 0 0
1500.0 94.552691 -35.858086 15.372486 0.520715 -0.493760 340.572 0 0
1500.0 83.639282 -11.026328 16.423357 0.506540 -0.137187 340.885 0 0
1500.0 123.141833 1.858007 15.494863 0.976397 0.078091 341.281 0 0
1500.0 131.598192 -2.274749 15.288052 0.953915 0.020425 341.320 0 0
1500.0 42.953067 -14.012362 15.578489 -0.157393 -0.196469 341.661 0 0
1500.0 19.252758 27.973668 15.354374 -0.532267 0.390027 342.109 0 0
1500.0 114.492127 17.505646 15.408771 0.755079 0.195007 342.438 0 0
1500.0 54.629473 -81.593194 15.289023 -0.058885 -1.128487 342.640 0 0
1500.0 107.884147 16.185844 15.561533 0.724416 0.290406 342.693 0 0
1500.0 106.060191 61.015489 15.670930 0.680851 0.913511 343.026 0 0
1500.0 84.342250 26.602378 15.955554 0.446159 0.384708 343.038 0 0
1500.0 76.095521 -3.395251 15.291939 0.240864 -0.106808 343.087 0 0
1500.0 62.967132 71.376704 15.316066 0.021016 0.920761 343.742 0 0
1500.0 98.815550 -6.957933 17.347581 0.928733 -0.138059 343.871 0 0
1500.0 79.723768 16.942604 16.325203 0.404275 0.261926 343.943 0 0
1500.0 84.236704 -32.853329 15.270083 0.341029 -0.477482 343.940 0 0
1500.0 22.959067 -39.567835 15.259278 -0.429338 -0.558219 344.510 0 0
1500.0 122.882525 2.673300 16.498353 1.301073 0.039180 344.625 0 0
1500.0 97.327259 -8.273398 15.753631 0.609400 -0.078185 345.107 0 0
1500.0 111.414324 9.042292 16.329649 0.938347 0.155136 345.831 0 0
1500.0 90.868265 13.014142 15.846834 0.458911 0.181758 346.401 0 0
1500.0 116.010889 4.451876 16.539973 1.132567 0.060808 346.403 0 0
1500.0 88.749378 7.715863 17.372201 0.629347 0.136770 346.692 0 0
1500.0 78.253030 -75.711433 15.292168 0.303404 -0.958241 346.787 0 0
1500.0 80.474970 -7.854423 16.433172 0.412954 -0.092835 347.803 0 0
1500.0 80.018956 -0.721817 16.516758 0.408524 0.019627 348.114 0 0
1500.0 85.920193 13.580432 15.970792 0.427123 0.227078 348.378 0 0
1500.0 103.951036 9.453672 15.358712 0.560668 0.152394 348.515 0 0
1500.0 84.962527 -4.803022 17.086539 0.564538 -0.005698 348.546 0 0
1500.0 64.528615 -15.167053 15.796225 0.135616 -0.220028 348.619 0 0
1500.0 77.603906 -0.219247 16.178375 0.350398 0.057902 348.713 0 0
1500.0 97.002139 26.931458 15.544347 0.560942 0.375836 349.388 0 0
1500.0 140.064896 -3.366194 15.363450 1.027116 -0.069421 349.468 0 0
1500.0 80.339257 9.910564 15.623227 0.378006 0.127668 349.464 0 0
1500.0 53.435371 -44.370050 15.479911 -0.066937 -0.670611 349.486 0 0
1500.0 137.054141 -10.733499 15.413243 0.982945 -0.155493 350.193 0 0
1500.0 89.903944 -19.086834 16.418638 0.534616 -0.276993 350.207 0 0
1500.0 74.156977 3.840695 15.511446 0.222986 0.112974 350.218 0 0
1500.0 89.228161 0.649990 17.427797 0.660458 0.025882 350.435 0 0
1500.0 101.674750 -63.809338 15.453339 0.614037 -0.814914 350.670 0 0
1500.0 90.273121 56.305633 15.593407 0.446659 0.854092 350.860 0 0
1500.0 65.596504 18.468947 15.603097 0.096016 0.263705 351.020 0 0
1500.0 25.599705 68.480143 15.809877 -0.548094 1.014100 351.354 0 0
1500.0 87.198749 -13.401705 15.968577 0.423281 -0.237965 351.736 0 0
1500.0 79.485058 14.415808 15.552279 0.337243 0.208421 351.910 0 0
1500.0 92.708482 5.964194 15.593224 0.468346 0.138314 351.993 0 0
1500.0 61.746506 26.862100 15.776474 0.106781 0.402763 352.168 0 0
1500.0 85.057890 -68.390365 15.593575 0.340671 -0.904907 352.226 0 0
1500.0 97.190961 -23.894581 15.593794 0.561815 -0.285446 352.571 0 0
1500.0 90.498617 -9.248920 16.430769 0.493165 -0.133844 352.643 0 0
1500.0 85.230631 47.094339 15.625172 0.405624 0.622482 353.062 0 0
1500.0 79.269275 -9.691898 17.331903 0.502552 -0.153470 353.324 0 0
1500.0 90.838667 50.089282 15.649649 0.474911 0.657531 353.441 0 0
1500.0 79.682258 56.764071 15.686659 0.295258 0.777325 353.443 0 0
1500.0 80.359524 -21.246265 15.761566 0.309041 -0.338934 353.752 0 0
1500.0 35.874958 -27.442875 15.767230 -0.266924 -0.418695 353.847 0 0
1500.0 89.819259 6.306055 16.362394 0.537841 0.089050 353.894 0 0
1500.0 107.120798 17.686187 16.737861 0.909139 0.277066 354.000 0 0
1500.0 66.312312 34.089321 16.374098 0.125409 0.513668 354.066 0 0
1500.0 121.964473 -21.756480 15.691270 0.863333 -0.253087 354.077 0 0
1500.0 117.171017 -34.207132 15.692230 0.802782 -0.409907 354.091 0 0
1500.0 20.545280 62.249801 15.735385 -0.446128 0.836389 354.411 0 0
1500.0 58.053185 20.019762 15.750807 -0.056517 0.283245 354.635 0 0
1500.0 105.512447 -60.361052 15.704859 0.649288 -0.731971 354.899 0 0
1500.0 89.894974 24.004596 16.367585 0.556533 0.467675 354.960 0 0
1500.0 31.871773 42.458239 16.144124 -0.437960 0.684467 354.998 0 0
1500.0 72.172870 14.721858 16.343857 0.297858 0.215255 355.011 0 0
1500.0 32.932771 73.864933 15.749092 -0.288343 0.970426 355.309 0 0
1500.0 111.064013 -60.339293 15.713609 0.717073 -0.724149 355.464 0 0
1500.0 69.827314 11.855508 16.080281 0.137665 0.181389 355.560 0 0
1500.0 107.416912 -2.087659 15.754419 0.704404 -0.045067 355.585 0 0
1500.0 111.284806 7.026661 15.755751 0.752352 0.073184 355.823 0 0
1500.0 97.642662 -97.412602 15.765953 0.574807 -1.272147 356.065 0 0
1500.0 48.348550 -70.153491 15.804403 -0.102396 -0.942491 356.212 0 0
1500.0 93.839389 -29.816406 16.562222 0.588558 -0.539296 356.253 0 0
1500.0 54.149250 -1.001361 15.934298 -0.093684 0.010362 356.320 0 0
1500.0 68.978813 -65.549927 15.762142 0.202053 -0.858579 356.610 0 0
1500.0 9.906698 32.357872 15.796009 -0.718442 0.427435 356.717 0 0
1500.0 90.477492 1.443269 16.117093 0.520924 0.046471 357.004 0 0
1500.0 80.572254 17.047099 16.686300 0.378324 0.266273 357.227 0 0
1500.0 38.702220 -23.013868 16.469376 -0.310025 -0.438295 357.346 0 0
1500.0 79.554897 -42.719141 16.108902 0.311839 -0.688538 357.427 0 0
1500.0 92.001861 18.931826 17.336179 0.740826 0.446077 357.425 0 0
1500.0 47.485031 -38.464771 15.811104 -0.180505 -0.556044 357.452 0 0
1500.0 120.486891 25.017079 15.794052 0.866642 0.330722 357.687 0 0
1500.0 55.666557 -47.150680 15.816591 -0.016238 -0.589739 357.893 0 0
1500.0 112.204050 36.797713 16.697475 0.967328 0.685048 357.982 0 0
1500.0 6.596196 26.375536 15.937007 -0.708089 0.365063 358.056 0 0
1500.0 78.556555 -19.090472 15.956940 0.286602 -0.253409 358.197 0 0
1500.0 78.663603 16.730299 17.218042 0.430092 0.254477 358.395 0 0
1500.0 105.089581 -43.886753 16.162127 0.795038 -0.737098 358.735 0 0
1500.0 59.150845 -14.954857 16.653214 0.063295 -0.332760 358.784 0 0
1500.0 94.215944 8.968231 16.468280 0.594091 0.076069 358.804 0 0
1500.0 135.346282 -6.080421 15.782568 0.973072 -0.052378 358.879 0 0
1500.0 63.144788 -21.402549 16.021011 0.146088 -0.329184 358.885 0 0
1500.0 93.949474 46.623428 15.820640 0.540061 0.628574 358.999 0 0
1500.0 85.957952 -7.786432 17.181368 0.565729 -0.078304 359.187 0 0
1500.0 10.436196 42.234970 15.819449 -0.632330 0.537431 359.262 0 0
1500.0 133.350497 -25.326211 15.801173 0.993886 -0.331271 359.272 0 0
1500.0 85.857166 68.206471 15.889503 0.391631 0.993745 359.744 0 0
1500.0 66.619484 11.978904 16.699995 0.186497 0.217526 359.761 0 0
1500.0 98.500469 -24.440134 16.179079 0.622267 -0.357943 359.993 0 0
1500.0 87.557599 -15.705079 17.023263 0.537275 -0.283907 360.068 0 0
1500.0 42.387231 -45.048668 16.290953 -0.219834 -0.716360 360.243 0 0
1500.0 90.450744 -8.285565 16.336127 0.584933 -0.079313 360.557 0 0
1500.0 177.490161 -22.672326 16.261437 1.951404 -0.299223 360.851 0 0
1500.0 66.765375 2.730264 16.467969 0.133257 0.076863 360.917 0 0
1500.0 104.836040 6.738540 16.577174 0.763418 0.163074 360.950 0 0
1500.0 100.871435 2.610905 16.557723 0.687929 0.000201 361.239 0 0
1500.0 128.362347 -2.276973 15.919201 0.967685 0.015715 361.193 0 0
1500.0 111.281227 -26.725494 16.015477 0.794623 -0.322386 361.235 0 0
1500.0 110.000667 -27.039571 16.113880 0.720976 -0.422157 361.528 0 0
1500.0 80.695811 43.870959 16.004993 0.329816 0.643876 361.661 0 0
1500.0 73.948515 -17.089917 16.705526 0.273933 -0.279638 361.846 0 0
1500.0 113.062856 1.064736 16.017932 0.756808 0.075588 361.912 0 0
1500.0 51.850363 -34.012836 16.042975 -0.113393 -0.524648 361.960 0 0
1500.0 86.672585 4.176583 16.898136 0.508298 0.105082 362.000 0 0
1500.0 88.970800 -1.555230 16.302745 0.500523 0.023630 361.999 0 0
1500.0 66.978482 -13.453450 16.839235 0.183993 -0.220400 362.280 0 0
1500.0 123.219273 14.017565 16.046000 0.931972 0.176461 362.291 0 0
1500.0 56.009103 -38.679631 16.249181 0.001225 -0.586610 362.292 0 0
1500.0 53.227216 -10.200854 16.291396 -0.021318 -0.205901 362.343 0 0
1500.0 88.856510 7.973894 17.354583 0.578128 0.149300 362.548 0 0
1500.0 135.070650 34.225203 16.096413 1.099740 0.464483 362.693 0 0
1500.0 54.079130 -5.177449 16.256480 -0.021417 -0.138742 362.791 0 0
1500.0 -22.455283 8.708254 15.960711 -1.056201 0.178416 363.036 0 0
1500.0 78.725888 24.977302 16.798357 0.347481 0.381271 363.229 0 0
1500.0 53.921347 17.318312 16.260351 -0.043474 0.246157 363.226 0 0
1500.0 98.513072 29.658728 16.990878 0.685449 0.502534 363.474 0 0
1500.0 -18.047501 5.477886 16.021512 -1.038524 0.044329 363.618 0 0
1500.0 132.645485 10.326688 16.060379 1.031259 0.151718 363.741 0 0
1500.0 95.181986 -23.683903 16.247915 0.531606 -0.385728 363.799 0 0
1500.0 102.896796 -15.223369 16.027584 0.582806 -0.194813 363.880 0 0
1500.0 24.846939 37.613479 16.276780 -0.484225 0.583795 363.992 0 0
1500.0 80.820009 8.600163 16.343135 0.423512 0.107983 364.124 0 0
1500.0 88.615390 -8.919672 16.346970 0.530926 -0.176232 364.289 0 0
1500.0 77.210449 -31.006185 16.038686 0.279872 -0.377936 364.347 0 0
1500.0 77.734526 -10.931724 16.948012 0.430040 -0.175001 364.464 0 0
1500.0 73.373733 5.192846 17.896870 0.408398 0.085355 364.525 0 0
1500.0 92.824280 -75.653840 16.186531 0.566140 -1.142744 364.548 0 0
1500.0 89.289883 7.589950 16.812641 0.501653 0.162488 364.624 0 0
1500.0 4.457009 23.122052 16.341437 -0.799858 0.384813 364.765 0 0
1500.0 100.972321 -70.912043 16.021651 0.630969 -0.954968 364.787 0 0
1500.0 86.068810 -49.831817 16.294162 0.506314 -0.809582 364.826 0 0
1500.0 -8.413940 -32.919280 16.031104 -0.899075 -0.488740 365.094 0 0
1500.0 96.820474 3.191422 17.652592 0.867305 0.088024 365.184 0 0
1500.0 36.125382 -12.892528 16.486684 -0.318675 -0.213868 365.274 0 0
1500.0 84.881009 -25.044516 16.272403 0.374800 -0.344389 365.640 0 0
1500.0 84.387699 2.747908 17.993408 0.620655 0.074254 365.957 0 0
1500.0 72.796799 5.964735 16.825966 0.328571 0.138180 366.073 0 0
1500.0 78.669704 -18.630597 16.210420 0.369364 -0.277226 366.236 0 0
1500.0 65.993409 -44.657456 16.032601 0.159928 -0.660997 366.273 0 0
1500.0 95.560390 -35.564590 16.432162 0.572452 -0.534380 366.435 0 0
1500.0 83.526099 15.797354 16.640806 0.431048 0.274961 366.458 0 0
1500.0 34.148397 28.396497 16.167792 -0.306004 0.456406 366.477 0 0
1500.0 78.085655 -48.827290 16.239687 0.335913 -0.713210 366.508 0 0
1500.0 88.877008 0.686843 16.415906 0.513228 0.059589 367.115 0 0
1500.0 131.696476 14.362457 16.038361 1.026582 0.204614 367.507 0 0
1500.0 85.815617 -28.491940 16.855469 0.474822 -0.436319 367.685 0 0
1500.0 132.276771 2.488720 16.078991 0.990977 0.074513 367.996 0 0
1500.0 85.035479 10.089033 16.072836 0.434546 0.170760 368.036 0 0
1500.0 51.339332 -38.682964 16.197337 -0.115792 -0.542091 368.166 0 0
1500.0 93.298065 17.039811 16.180149 0.558927 0.258454 368.220 0 0
1500.0 37.596476 -33.023178 16.202274 -0.292277 -0.468733 368.255 0 0
1500.0 -33.360105 33.295894 16.121787 -1.253687 0.477135 368.577 0 0
1500.0 57.345058 -8.160163 17.018773 0.044698 -0.159707 368.585 0 0
1500.0 37.360954 -70.334020 16.105652 -0.225816 -0.981857 368.616 0 0
1500.0 57.266193 -35.988416 16.101389 -0.015181 -0.566289 368.601 0 0
1500.0 75.796492 2.990865 16.311123 0.276613 0.109487 368.654 0 0
1500.0 50.223277 14.951105 16.310432 -0.074827 0.273908 368.637 0 0
1500.0 22.686052 27.139515 16.383617 -0.494146 0.442688 368.724 0 0
1500.0 13.532408 9.031091 16.332598 -0.639982 0.141084 368.798 0 0
1500.0 79.728959 8.346400 16.315943 0.330102 0.182777 368.775 0 0
1500.0 89.326498 -52.115480 16.347753 0.498586 -0.804373 368.759 0 0
1500.0 53.769654 28.395424 16.322196 -0.025977 0.456851 368.931 0 0
1500.0 66.866896 10.334506 16.673105 0.220583 0.198446 369.359 0 0
1500.0 103.955107 15.295029 16.718105 0.718650 0.249062 369.447 0 0
1500.0 93.292061 25.742209 16.345853 0.511036 0.417235 369.508 0 0
1500.0 91.104307 28.565431 16.346299 0.481251 0.455515 369.519 0 0
1500.0 79.988912 -3.879144 16.335444 0.293037 -0.104811 369.570 0 0
1500.0 77.702850 -6.562045 16.727302 0.365481 -0.148347 369.671 0 0
1500.0 59.213895 -8.628347 16.291953 0.073293 -0.140252 369.687 0 0
1500.0 117.688500 -19.798362 16.586276 0.999115 -0.307540 369.698 0 0
1500.0 64.427403 11.638416 16.821376 0.147985 0.190853 369.840 0 0
1500.0 102.164807 31.149571 16.370697 0.626567 0.486808 370.094 0 0
1500.0 59.895872 -18.837542 16.317659 -0.005550 -0.279216 370.264 0 0
1500.0 22.629357 -15.565435 16.226965 -0.518557 -0.154038 370.381 0 0
1500.0 75.582056 14.717371 17.166379 0.307955 0.226199 370.478 0 0
1500.0 168.360256 25.831541 16.294054 1.629484 0.442374 370.473 0 0
1500.0 75.833874 -18.941852 16.782922 0.317281 -0.358015 370.639 0 0
1500.0 65.173129 -68.227870 16.205954 0.091088 -0.979676 370.970 0 0
1500.0 90.913744 12.782240 17.060396 0.539263 0.233027 371.299 0 0
1500.0 37.844300 24.910725 16.625865 -0.325945 0.381489 371.391 0 0
1500.0 55.321197 -16.043220 16.523446 -0.007140 -0.251652 371.421 0 0
1500.0 112.455261 78.590100 16.275083 0.728395 1.104458 371.669 0 0
1500.0 121.530480 38.908965 16.347254 0.901134 0.531748 371.828 0 0
1500.0 30.044237 39.988906 16.290852 -0.338139 0.593502 372.053 0 0
1500.0 91.072762 -35.616557 16.578879 0.564060 -0.508291 372.208 0 0
1500.0 139.745074 -20.746597 16.444985 1.269890 -0.355686 372.206 0 0
1500.0 78.317587 74.027316 16.271814 0.322066 0.997579 372.362 0 0
1500.0 108.517189 41.727395 17.212479 0.934286 0.837460 372.461 0 0
1500.0 111.461596 49.881581 16.391304 0.775796 0.679488 372.724 0 0
1500.0 87.788053 0.192885 17.083902 0.556860 0.019442 372.771 0 0
1500.0 69.766062 23.701477 16.585702 0.157603 0.380907 372.812 0 0
1500.0 84.602334 -67.173129 16.826270 0.436683 -1.074566 372.880 0 0
1500.0 239.060951 45.688507 16.418828 2.688739 0.606588 373.183 0 0
1500.0 73.256044 -16.887545 16.730582 0.233433 -0.261507 373.327 0 0
1500.0 69.371404 -15.044692 17.149962 0.287160 -0.256193 373.539 0 0
1500.0 132.316494 -18.180734 16.332421 1.024290 -0.185079 373.555 0 0
1500.0 108.223193 -27.169163 17.361665 0.930798 -0.561283 373.666 0 0
1500.0 103.427400 56.599164 16.437957 0.631105 0.807816 373.721 0 0
1500.0 96.636809 -14.791606 16.693337 0.562619 -0.266983 373.790 0 0
1500.0 111.812026 46.621614 16.465549 0.719266 0.705550 374.252 0 0
1500.0 31.733866 -21.424870 16.540274 -0.409014 -0.350647 374.301 0 0
1500.0 128.768517 -7.188504 16.377075 0.957186 -0.063292 374.352 0 0
1500.0 98.870645 -3.934096 16.420995 0.608030 -0.106602 374.377 0 0
1500.0 90.778513 -66.609556 16.376163 0.463088 -0.939254 374.432 0 0
1500.0 128.457675 -8.596674 16.499626 1.061303 -0.199050 374.432 0 0
1500.0 115.502554 78.498526 16.388709 0.834262 1.070921 374.661 0 0
1500.0 88.532678 -30.007073 17.206832 0.492954 -0.496576 374.873 0 0
1500.0 66.922103 -6.276965 17.353770 0.208199 -0.130406 375.026 0 0
1500.0 29.929634 54.783986 16.544342 -0.399361 0.792443 375.159 0 0
1500.0 109.388485 2.096498 16.508857 0.771047 0.005647 375.275 0 0
1500.0 81.541264 -2.337809 16.578414 0.396441 0.006993 375.346 0 0
1500.0 62.731695 -44.785780 16.518729 0.053687 -0.678729 375.525 0 0
1500.0 40.557531 54.841053 16.541707 -0.259592 0.799002 375.548 0 0
1500.0 142.666141 15.348724 16.509939 1.261134 0.184256 375.559 0 0
1500.0 88.740023 10.602473 16.680016 0.493971 0.193655 375.752 0 0
1500.0 144.003346 80.673823 16.567969 1.228066 1.173241 376.207 0 0
1500.0 126.469088 -19.589025 16.497179 0.977494 -0.261105 376.281 0 0
1500.0 126.360748 0.420624 16.498443 0.960836 -0.045474 376.303 0 0
1500.0 102.538585 -21.456621 16.808615 0.704942 -0.287115 376.430 0 0
1500.0 60.983333 -69.960576 16.511601 0.084102 -0.984892 376.609 0 0
1500.0 129.758815 4.775814 16.976610 1.155413 0.025711 376.820 0 0
1500.0 72.971109 -1.004890 17.007071 0.326807 0.014638 376.915 0 0
1500.0 61.938664 -2.905332 17.458259 0.146331 -0.091387 377.023 0 0
1500.0 52.820528 -29.729925 16.540634 -0.068448 -0.428708 377.229 0 0
1500.0 94.470655 1.970536 17.456530 0.651771 0.056266 377.293 0 0
1500.0 98.711047 -45.681944 16.683876 0.660008 -0.682906 377.420 0 0
1500.0 79.985593 -10.809836 16.552600 0.266259 -0.194648 377.429 0 0
1500.0 86.010387 67.753456 16.549116 0.389312 0.926623 377.721 0 0
1500.0 98.181469 -8.553412 17.035693 0.659955 -0.086336 377.729 0 0
1500.0 107.663001 -51.970056 16.857315 0.823787 -0.871255 377.941 0 0
1500.0 117.055589 40.548111 16.572748 0.783388 0.573888 378.179 0 0
1500.0 65.408257 -72.608248 16.626190 0.087181 -1.022714 378.147 0 0
1500.0 17.088771 -64.095596 16.793982 -0.596549 -0.987169 378.170 0 0
1500.0 51.737371 66.605962 16.668942 -0.056741 0.957018 378.293 0 0
1500.0 73.227603 17.377273 16.824068 0.187244 0.267334 378.406 0 0
1500.0 111.912268 -34.559823 16.953875 0.836349 -0.609905 378.405 0 0
1500.0 87.050417 -50.350027 16.663704 0.369859 -0.691775 378.876 0 0
1500.0 115.774185 9.995140 16.800688 0.868499 0.119359 378.922 0 0
1500.0 88.016309 -33.954248 16.862929 0.507751 -0.475942 379.036 0 0
1500.0 100.264117 42.906417 17.365039 0.801721 0.826576 379.199 0 0
1500.0 70.585450 -20.253896 17.888564 0.257261 -0.356672 379.305 0 0
1500.0 43.107853 15.521203 17.125718 -0.265754 0.244945 379.423 0 0
1500.0 109.998957 11.034380 16.881295 0.801914 0.137069 379.571 0 0
1500.0 43.260846 -77.172587 16.811792 -0.211277 -1.132112 379.608 0 0
1500.0 59.666475 24.793722 16.764456 0.005856 0.354543 379.804 0 0
1500.0 113.863346 -30.172176 16.833698 0.835665 -0.516934 379.791 0 0
1500.0 88.741051 -42.590214 16.984352 0.466451 -0.641968 379.951 0 0
1500.0 77.903643 -68.815175 16.672140 0.296515 -0.927446 380.014 0 0
1500.0 89.367178 10.587537 18.668326 0.687168 0.149729 380.154 0 0
1500.0 73.492760 -69.292388 16.678672 0.239796 -0.932015 380.142 0 0
1500.0 28.379794 2.037099 17.169049 -0.468778 0.017994 380.421 0 0
1500.0 48.828082 32.723088 16.794076 -0.133199 0.524151 380.476 0 0
1500.0 26.038880 -15.062508 16.874548 -0.550922 -0.198776 380.619 0 0
1500.0 28.250654 3.698712 16.987775 -0.443548 0.041076 380.776 0 0
1500.0 116.647075 49.111236 16.850641 0.926910 0.814132 380.919 0 0
1500.0 76.000783 -19.826613 16.842108 0.223499 -0.305505 381.048 0 0
1500.0 80.364735 30.468048 16.796370 0.334703 0.395887 381.066 0 0
1500.0 47.023093 -22.998109 16.914127 -0.109083 -0.387417 381.091 0 0
1500.0 63.462682 -17.734373 17.381786 0.113015 -0.287073 381.096 0 0
1500.0 133.879425 -23.019183 16.739575 1.104498 -0.376136 381.316 0 0
1500.0 65.563754 87.124712 16.929140 0.110120 1.361203 381.494 0 0
1500.0 57.767409 13.619462 16.941633 -0.051530 0.272137 381.532 0 0
1500.0 49.137072 -8.104382 17.932075 -0.091186 -0.118590 381.630 0 0
1500.0 70.255694 -25.868791 17.072881 0.207185 -0.370397 381.894 0 0
1500.0 29.165585 -35.097852 17.079389 -0.465856 -0.507302 382.031 0 0
1500.0 80.203506 -19.554083 16.792493 0.336857 -0.241964 382.091 0 0
1500.0 80.454828 -0.174027 17.448307 0.447340 -0.043215 382.161 0 0
1500.0 102.618124 5.490120 16.910779 0.708511 0.086765 382.204 0 0
1500.0 104.283097 -49.392669 16.944349 0.686490 -0.781978 382.572 0 0
1500.0 73.435043 3.234754 17.584192 0.304090 -0.013223 382.686 0 0
1500.0 31.332549 -40.926200 16.874835 -0.426434 -0.550325 382.743 0 0
1500.0 30.230894 14.122467 17.261919 -0.440308 0.217796 382.983 0 0
1500.0 76.312611 -56.911782 16.856605 0.291804 -0.840234 383.091 0 0
1500.0 88.706198 -31.574390 17.125767 0.476675 -0.499199 383.460 0 0
1500.0 70.432469 -76.774266 16.860066 0.113687 -1.117722 383.514 0 0
1500.0 107.689350 4.764815 17.409404 0.794488 0.104726 383.646 0 0
1500.0 40.731535 -40.630928 17.061794 -0.241593 -0.619801 383.720 0 0
1500.0 367.085259 -62.793389 16.807890 4.272510 -0.825197 383.912 0 0
1500.0 85.283222 26.529143 17.723423 0.513174 0.407082 384.082 0 0
1500.0 62.602908 -12.072448 17.041469 0.026155 -0.138795 384.068 0 0
1500.0 69.729222 33.084020 17.029448 0.217280 0.522148 384.341 0 0
1500.0 112.542237 25.528280 17.127727 0.835870 0.369418 384.376 0 0
1500.0 56.025049 -31.767607 17.182035 -0.021519 -0.498652 384.742 0 0
1500.0 6.651704 48.602449 16.943048 -0.747218 0.672901 384.850 0 0
1500.0 10.478512 -51.817316 16.955457 -0.691763 -0.726858 385.072 0 0
1500.0 43.655558 6.818782 17.181681 -0.297786 0.103046 385.183 0 0
1500.0 88.603765 26.649274 17.216371 0.525351 0.392653 385.574 0 0
1500.0 105.038442 23.317353 17.070588 0.686030 0.393506 385.812 0 0
1500.0 19.241881 -14.497043 17.027876 -0.589309 -0.225311 385.933 0 0
1500.0 94.474429 -9.241275 18.382550 0.705963 -0.156771 386.051 0 0
1500.0 69.505530 -3.120166 17.420402 0.249061 -0.012384 386.119 0 0
1500.0 31.251403 -25.803063 17.070122 -0.348372 -0.428501 386.243 0 0
1500.0 45.018255 -19.624432 17.110592 -0.240205 -0.367144 386.314 0 0
1500.0 66.548789 -42.975994 17.080528 0.142154 -0.663927 386.633 0 0
1500.0 76.660455 26.481683 17.078186 0.343256 0.382386 386.699 0 0
1500.0 28.037878 -30.464693 17.143383 -0.459063 -0.422752 386.930 0 0
1500.0 19.678902 -34.339935 17.134588 -0.616820 -0.488244 387.001 0 0
1500.0 71.505437 -52.442935 17.124263 0.147263 -0.782878 387.310 0 0
1500.0 88.416594 35.226271 17.474955 0.471696 0.543262 387.461 0 0
1500.0 49.534097 -10.463360 17.063814 -0.157879 -0.201927 387.636 0 0
1500.0 132.076463 40.723880 17.097914 1.072127 0.618305 388.587 0 0
1500.0 96.088635 7.937404 18.098346 0.702975 0.103458 388.607 0 0
1500.0 87.058201 -64.800017 17.154712 0.412274 -0.934749 389.052 0 0
1500.0 60.718572 -20.387767 17.095182 -0.027781 -0.287518 389.326 0 0
1500.0 103.114053 -24.901984 17.543256 0.720204 -0.382483 389.380 0 0
1500.0 90.027882 -0.599476 17.456016 0.492089 -0.043484 389.586 0 0
1500.0 58.529280 35.333601 17.103263 -0.058473 0.498725 389.689 0 0
1500.0 86.236318 27.264351 17.133242 0.354541 0.432412 389.914 0 0
1500.0 75.260842 0.411290 17.860579 0.383170 -0.044198 389.943 0 0
1500.0 47.705856 44.186277 17.124109 -0.089874 0.669344 390.006 0 0
1500.0 69.971353 -3.802256 17.503215 0.249528 -0.088035 390.028 0 0
1500.0 64.505764 4.150117 17.492343 0.153106 0.126234 390.044 0 0
1500.0 119.503600 20.190327 17.447736 0.986974 0.281607 390.089 0 0
1500.0 57.594299 -72.271165 17.076909 -0.024448 -1.035532 390.099 0 0
1500.0 119.911735 -25.931967 17.068159 0.848891 -0.347498 390.239 0 0
1500.0 121.581069 -24.927553 17.067484 0.893269 -0.403151 390.164 0 0
1500.0 98.585306 15.981799 17.626631 0.688336 0.246956 390.362 0 0
1500.0 55.392358 -47.051100 17.399002 0.000201 -0.716907 390.329 0 0
1500.0 4.790261 -38.595653 17.088782 -0.750212 -0.485753 390.756 0 0
1500.0 88.000243 12.375138 18.032237 0.555373 0.221071 390.934 0 0
1500.0 68.584769 15.034338 18.082043 0.225577 0.249655 390.992 0 0
1500.0 51.233030 33.622025 17.339812 -0.096799 0.594978 391.008 0 0
1500.0 71.162584 -42.611029 17.426686 0.209641 -0.652679 391.072 0 0
1500.0 68.176106 48.178758 17.155125 0.202842 0.712968 391.107 0 0
1500.0 46.992476 -20.626147 17.472538 -0.144961 -0.344555 391.639 0 0
1500.0 90.541170 26.640729 17.971489 0.536654 0.435263 391.742 0 0
1500.0 37.454009 -71.686789 17.121414 -0.248725 -1.018345 391.792 0 0
1500.0 -8.501719 3.405198 17.183007 -0.949740 0.094991 391.822 0 0
1500.0 103.706683 52.998798 17.248452 0.639162 0.792671 391.994 0 0
1500.0 -5.799109 -29.692309 17.132912 -0.879716 -0.472071 392.319 0 0
1500.0 96.338000 -40.946738 17.536397 0.658078 -0.629363 392.747 0 0
1500.0 24.048134 -13.618783 17.240827 -0.513483 -0.246001 392.883 0 0
1500.0 51.507398 -35.605408 17.349916 -0.120270 -0.543504 392.944 0 0
1500.0 111.340889 13.582055 17.983372 0.897506 0.239884 393.193 0 0
1500.0 79.717690 4.662022 17.319257 0.327878 -0.004576 393.284 0 0
1500.0 47.184189 -44.691517 17.358986 -0.179618 -0.666575 393.355 0 0
1500.0 60.833205 -49.255925 17.253611 0.003590 -0.740984 393.457 0 0
1500.0 3.230167 -0.429971 17.248818 -0.855749 -0.063537 393.572 0 0
1500.0 97.990593 -6.634120 17.853694 0.696001 -0.069674 393.637 0 0
1500.0 59.537462 -46.111919 17.285073 0.077855 -0.696716 393.809 0 0
1500.0 93.273659 -9.354528 18.195125 0.624223 -0.184217 394.027 0 0
1500.0 42.097672 93.024523 17.272160 -0.278523 1.365661 394.054 0 0
1500.0 82.268042 -53.146571 17.393876 0.367535 -0.854604 394.220 0 0
1500.0 110.033949 18.018493 18.397037 1.045635 0.345724 394.214 0 0
1500.0 62.702141 -23.323301 17.787453 0.154506 -0.386497 394.355 0 0
1500.0 19.972159 -56.805132 17.380375 -0.602041 -0.951035 394.386 0 0
1500.0 10.795010 -20.138753 17.236616 -0.724441 -0.255985 394.541 0 0
1500.0 71.100781 1.243698 18.258950 0.279847 0.080626 394.614 0 0
1500.0 75.119682 5.863646 17.290995 0.200180 0.134916 394.648 0 0
1500.0 119.485197 -28.106817 17.464647 0.951246 -0.497118 394.668 0 0
1500.0 151.952020 -1.891416 17.260345 1.443675 -0.028703 394.734 0 0
1500.0 70.122257 25.872779 17.758128 0.203612 0.378095 395.051 0 0
1500.0 90.296469 18.773847 17.441223 0.478067 0.324089 395.171 0 0
1500.0 88.888387 26.784402 17.526781 0.505340 0.426649 395.268 0 0
1500.0 48.794429 47.292530 17.273963 -0.196269 0.650403 395.314 0 0
1500.0 56.459393 -13.708950 17.338905 -0.014363 -0.265477 395.377 0 0
1500.0 35.008365 39.065650 17.278962 -0.285212 0.609394 395.591 0 0
1500.0 77.396257 -3.594145 17.854450 0.399068 -0.007861 395.605 0 0
1500.0 -4.298474 -21.930087 17.266600 -0.919801 -0.276307 395.765 0 0
1500.0 58.180935 -33.580334 17.442412 0.028137 -0.540503 395.766 0 0
1500.0 122.135846 26.566068 17.375173 0.941255 0.390450 395.830 0 0
1500.0 116.425999 -30.425918 17.352935 0.863456 -0.456581 395.862 0 0
1500.0 95.815940 47.790834 17.473622 0.522060 0.744302 396.173 0 0
1500.0 73.991055 -21.036742 18.054711 0.258955 -0.317557 396.407 0 0
1500.0 65.244279 58.372509 17.446032 0.100299 0.893434 396.496 0 0
1500.0 76.349022 47.251900 17.478397 0.282238 0.700226 396.530 0 0
1500.0 54.627790 -71.334937 17.400290 -0.025019 -1.028778 396.609 0 0
1500.0 64.704485 12.785065 17.914034 0.157233 0.242382 396.701 0 0
1500.0 67.656087 55.248140 17.849980 0.196654 0.927189 396.889 0 0
1500.0 64.377173 6.230540 17.797804 0.174904 0.152002 397.029 0 0
1500.0 100.129540 -45.709453 17.622522 0.638887 -0.728396 397.212 0 0
1500.0 81.975652 -3.771638 17.604955 0.431498 -0.015210 397.390 0 0
1500.0 119.329000 39.346453 17.382817 0.877294 0.558047 397.825 0 0
1500.0 87.927304 7.757070 18.705689 0.621403 0.063576 397.944 0 0
1500.0 83.023082 -57.713399 17.495945 0.406117 -0.843252 398.093 0 0
1500.0 35.090372 9.488038 17.349532 -0.399277 0.142588 398.162 0 0
1500.0 73.808780 -23.678905 17.561470 0.257845 -0.402385 398.245 0 0
1500.0 56.145093 10.297986 17.811469 -0.030721 0.166743 398.387 0 0
1500.0 84.006392 12.766259 18.363734 0.471698 0.236427 398.452 0 0
1500.0 37.884419 -31.977611 17.790324 -0.318005 -0.517408 398.566 0 0
1500.0 96.080453 36.068457 17.628625 0.618230 0.532888 398.607 0 0
1500.0 137.576645 15.770931 18.512358 1.593161 0.346610 398.604 0 0
1500.0 95.095965 42.436927 17.665137 0.586646 0.636236 398.633 0 0
1500.0 24.972998 48.839956 17.485010 -0.463608 0.739677 398.779 0 0
1500.0 82.267565 -2.220722 18.307397 0.433710 0.024816 398.860 0 0
1500.0 57.621640 -9.126537 17.554133 -0.053639 -0.130645 399.014 0 0
1500.0 74.823458 21.505341 17.577536 0.337516 0.314671 399.069 0 0
1500.0 74.427203 -27.419972 17.356664 0.269294 -0.437959 399.165 0 0
1500.0 41.905234 14.617148 17.937506 -0.232131 0.318064 399.163 0 0
1500.0 99.940520 47.897354 17.729011 0.760194 0.843446 399.275 0 0
1500.0 75.266999 -70.809725 17.432867 0.239109 -1.018603 399.333 0 0
1500.0 16.363577 26.261202 17.372911 -0.591379 0.440774 399.335 0 0
1500.0 19.989208 22.142827 17.374944 -0.575374 0.374044 399.345 0 0
1500.0 47.476818 -47.004981 17.408501 -0.198788 -0.708222 399.559 0 0
1500.0 -5.379862 -24.602599 17.387935 -0.887780 -0.297353 399.606 0 0
1500.0 83.455565 68.357915 17.387423 0.374746 0.966214 399.648 0 0
1500.0 41.132854 46.302700 17.382467 -0.292114 0.698936 399.678 0 0
1500.0 98.259739 -12.928252 17.370356 0.596665 -0.233847 399.771 0 0
1500.0 46.082086 3.705761 17.844362 -0.174084 0.030198 399.932 0 0
1500.0 86.267319 -56.200689 17.599546 0.421595 -0.836878 400.145 0 0
1500.0 60.695805 20.164935 18.008042 0.116750 0.346742 400.233 0 0
1500.0 107.077298 -15.702368 17.660323 0.780184 -0.222743 400.455 0 0
1500.0 82.649179 6.543409 18.333143 0.507299 0.127417 400.591 0 0
1500.0 111.804605 -43.718659 17.469347 0.805914 -0.618805 400.594 0 0
1500.0 13.665240 -41.020208 17.407523 -0.654754 -0.548784 400.627 0 0
1500.0 93.700131 -61.006998 17.471150 0.558611 -0.853635 400.664 0 0
1500.0 19.723218 -8.636934 17.623504 -0.568399 -0.162497 400.732 0 0
1500.0 27.338338 20.677240 17.755422 -0.514993 0.310348 400.726 0 0
1500.0 93.509026 -59.415941 17.608466 0.595679 -1.010899 400.875 0 0
1500.0 63.601913 7.994104 17.602308 0.154497 0.165308 401.005 0 0
1500.0 36.963948 7.105326 17.507948 -0.297771 0.040662 401.041 0 0
1500.0 71.916608 38.777430 17.451164 0.205202 0.552895 401.037 0 0
1500.0 43.544156 34.615981 17.431459 -0.174868 0.558652 401.044 0 0
1500.0 40.277849 -13.760821 17.506218 -0.244738 -0.276645 401.035 0 0
1500.0 89.797433 -23.752429 17.597668 0.447157 -0.402047 401.114 0 0
1500.0 114.495749 44.814719 18.309310 1.093986 0.784601 401.122 0 0
1500.0 84.145879 -6.009737 18.292899 0.452730 -0.038308 401.227 0 0
1500.0 116.564231 -41.427593 17.485280 0.863708 -0.582799 401.195 0 0
1500.0 5.376928 -42.086073 17.444658 -0.773076 -0.624016 401.260 0 0
1500.0 57.729760 60.905819 17.449644 -0.079382 0.881830 401.252 0 0
1500.0 117.542889 4.862400 17.741681 0.920637 0.074970 401.290 0 0
1500.0 -9.630126 8.636017 17.542881 -1.083078 0.159006 401.340 0 0
1500.0 55.778812 69.436522 17.421400 -0.067072 1.011890 401.519 0 0
1500.0 54.964642 -17.146009 17.440499 -0.060661 -0.320548 401.554 0 0
1500.0 73.711235 46.201495 17.440603 0.254865 0.718330 401.647 0 0
1500.0 106.478696 -53.839730 17.460322 0.716997 -0.761976 401.663 0 0
1500.0 100.153569 6.146532 17.706163 0.765166 0.075965 401.705 0 0
1500.0 128.401564 -17.651806 17.502639 1.015295 -0.259207 401.811 0 0
1500.0 88.977515 -25.678138 17.861851 0.482631 -0.445206 401.841 0 0
1500.0 30.462387 33.148205 17.489196 -0.375055 0.543085 401.884 0 0
1500.0 120.544157 -15.212925 17.534891 0.922713 -0.258096 401.944 0 0
1500.0 85.281697 -24.836514 17.521462 0.467747 -0.367141 401.950 0 0
1500.0 -7.424604 17.087897 17.463521 -0.957831 0.269936 401.979 0 0
1500.0 63.022386 -3.514163 18.357459 0.124291 -0.073104 402.036 0 0
1500.0 17.871708 -24.704640 17.886110 -0.661434 -0.396899 402.039 0 0
1500.0 54.942419 -31.659818 17.762401 -0.017431 -0.515210 402.073 0 0
1500.0 99.411145 -26.430568 17.645162 0.595521 -0.462332 402.234 0 0
1500.0 92.036445 -1.897348 18.324913 0.589126 -0.091117 402.271 0 0
1500.0 14.010582 -8.913571 17.489321 -0.624008 -0.127485 402.314 0 0
1500.0 48.466057 13.356612 18.002071 -0.140063 0.221560 402.386 0 0
1500.0 37.287167 -24.077435 17.513677 -0.337810 -0.405388 402.416 0 0
1500.0 89.199687 -6.725372 17.983000 0.561809 -0.123617 402.447 0 0
1500.0 85.556795 68.921332 17.446257 0.337153 0.991833 402.474 0 0
1500.0 13.352615 -10.311588 17.626012 -0.682480 -0.175883 402.492 0 0
1500.0 85.566119 -35.214852 18.130467 0.490369 -0.567717 402.532 0 0
1500.0 -93.323967 9.144288 17.454501 -2.179248 0.079728 402.621 0 0
1500.0 105.129519 9.629634 17.680957 0.757364 0.126192 402.662 0 0
1500.0 68.859888 -10.196708 18.264804 0.221824 -0.200402 402.676 0 0
1500.0 88.088027 41.154608 17.487377 0.453901 0.651620 402.739 0 0
1500.0 89.474694 -63.526853 17.495836 0.477231 -0.905465 402.868 0 0
1500.0 103.845595 27.773929 17.685651 0.736398 0.379025 402.950 0 0
1500.0 107.160898 29.213409 17.521193 0.764467 0.430669 402.943 0 0
1500.0 95.800031 18.769012 17.848035 0.722343 0.300267 402.927 0 0
1500.0 103.297629 7.367460 17.992498 0.750650 0.070773 403.044 0 0
1500.0 87.503548 -41.073802 17.522156 0.382578 -0.644119 403.102 0 0
1500.0 123.287738 -6.612187 18.019551 1.199547 -0.061921 403.114 0 0
1500.0 84.701618 -50.597808 18.610895 0.591481 -1.019667 403.019 0 0
1500.0 79.870363 11.582980 17.787819 0.368227 0.128048 403.159 0 0
1500.0 111.818928 14.907407 17.689483 0.845091 0.198757 403.173 0 0
1500.0 -13.359670 -20.120068 17.497136 -1.020862 -0.237855 403.307 0 0
1500.0 55.484437 -0.012966 17.748040 -0.028222 -0.068497 403.401 0 0
1500.0 73.750492 -2.252172 18.127334 0.278643 -0.096684 403.506 0 0
1500.0 86.915631 -5.203205 17.696422 0.492198 -0.123014 403.613 0 0
1500.0 77.520964 -11.523577 18.129228 0.330282 -0.224911 403.659 0 0
1500.0 62.878021 -52.619973 17.622091 0.077075 -0.814228 403.719 0 0
1500.0 95.994688 -0.563689 18.276404 0.678726 -0.037464 404.019 0 0
1500.0 65.825374 8.989747 18.116558 0.215293 0.147439 404.124 0 0
1500.0 118.708239 -24.139171 17.507477 0.914598 -0.359612 404.132 0 0
1500.0 107.140998 24.327748 17.949556 0.821844 0.358237 404.257 0 0
1500.0 19.039651 24.900834 17.654405 -0.658025 0.353581 404.258 0 0
1500.0 85.686448 12.977392 18.116340 0.456916 0.214122 404.308 0 0
1500.0 126.857489 -5.958116 17.627321 1.095284 -0.154223 404.329 0 0
1500.0 70.497525 35.037218 18.000742 0.252692 0.559780 404.622 0 0
1500.0 83.222379 32.392577 17.883721 0.362039 0.515793 404.704 0 0
1500.0 39.700165 57.846633 17.641390 -0.297065 0.858511 404.749 0 0
1500.0 92.017480 -1.929245 18.988217 0.695757 -0.034865 404.774 0 0
1500.0 -7.038473 11.544388 17.517784 -0.905517 0.195102 404.799 0 0
1500.0 38.038459 2.995874 17.907487 -0.306032 0.063619 404.874 0 0
1500.0 103.096252 -32.730172 17.565012 0.642917 -0.456466 404.925 0 0
1500.0 75.090427 -4.446126 18.662981 0.420475 -0.111955 405.161 0 0
1500.0 129.456956 5.347135 17.569333 1.044200 0.091811 405.259 0 0
1500.0 50.341327 13.233038 17.564342 -0.140755 0.214885 405.279 0 0
1500.0 82.954538 -5.208155 18.580533 0.458971 -0.111279 405.386 0 0
1500.0 76.811875 25.448798 17.838995 0.322946 0.353653 405.435 0 0
1500.0 55.428457 14.066397 17.543800 -0.089787 0.213303 405.449 0 0
1500.0 80.475415 -37.029677 17.664547 0.366542 -0.597887 405.434 0 0
1500.0 89.065343 3.926424 18.144755 0.579668 0.037441 405.483 0 0
1500.0 70.160103 51.253873 17.637461 0.173045 0.855580 405.506 0 0
1500.0 69.980809 -20.885736 18.543759 0.290366 -0.399505 405.498 0 0
1500.0 30.186184 10.057657 17.768168 -0.504181 0.175130 405.521 0 0
1500.0 74.428174 19.946347 17.792687 0.294315 0.354379 405.672 0 0
1500.0 67.252822 -69.826554 17.514035 0.168442 -1.024057 405.728 0 0
1500.0 131.546069 35.730975 17.722450 1.246579 0.576520 405.737 0 0
1500.0 100.656793 63.850450 17.550390 0.686595 0.974967 405.826 0 0
1500.0 42.309297 -107.334717 17.841002 -0.270664 -1.750104 405.802 0 0
1500.0 119.888179 -31.635051 17.535172 0.886369 -0.406897 405.942 0 0
1500.0 30.719975 65.684249 17.540449 -0.334702 0.936914 406.006 0 0
1500.0 141.796339 -54.320068 17.589371 1.223684 -0.825125 405.907 0 0
1500.0 77.593131 -51.104775 17.535654 0.347412 -0.714904 405.928 0 0
1500.0 92.885083 -48.918948 17.627302 0.472785 -0.762711 406.290 0 0
1500.0 84.223854 -25.993087 17.960535 0.390019 -0.431654 406.318 0 0
1500.0 41.151431 -61.932515 17.670463 -0.213084 -0.940324 406.360 0 0
1500.0 62.956224 45.573908 17.798950 0.127596 0.716247 406.404 0 0
1500.0 77.773063 13.381266 17.843289 0.256418 0.244851 406.375 0 0
1500.0 93.288868 55.710456 17.551434 0.528638 0.750466 406.466 0 0
1500.0 90.625567 62.213423 17.585598 0.454457 0.899687 406.430 0 0
1500.0 79.765587 -4.107885 17.801630 0.308486 -0.114009 406.643 0 0
1500.0 87.957880 -7.518873 18.828852 0.624884 -0.077034 406.633 0 0
1500.0 35.630371 33.821436 17.614561 -0.326807 0.563563 406.633 0 0
1500.0 80.385379 17.617732 17.848282 0.343052 0.277110 406.692 0 0
1500.0 16.390899 -56.828007 17.537557 -0.577735 -0.834551 406.693 0 0
1500.0 48.430375 -45.633715 18.043393 -0.114996 -0.826655 406.694 0 0
1500.0 101.127540 57.271189 17.566851 0.646849 0.813346 406.712 0 0
1500.0 90.504445 21.328281 18.062600 0.589179 0.309852 406.743 0 0
1500.0 65.753733 12.088491 17.950774 0.078850 0.193106 406.723 0 0
1500.0 98.587536 32.518093 17.803342 0.632116 0.526883 406.820 0 0
1500.0 74.709945 -16.801847 17.695556 0.340309 -0.254509 406.875 0 0
1500.0 99.260434 43.285226 17.568698 0.603327 0.582133 406.998 0 0
1500.0 64.617289 5.058486 18.185913 0.103064 0.062470 407.010 0 0
1500.0 123.449816 -54.755978 17.791651 1.065691 -0.866230 407.270 0 0
1500.0 44.655396 -10.119123 17.903360 -0.222986 -0.150950 407.341 0 0
1500.0 8.402707 0.110060 17.630587 -0.744758 -0.063103 407.354 0 0
1500.0 19.058046 -57.608741 17.704369 -0.559741 -0.935089 407.468 0 0
1500.0 56.456909 -16.216207 18.248698 -0.048103 -0.322910 407.534 0 0
1500.0 79.297455 4.127087 18.074563 0.376512 0.129574 407.604 0 0
1500.0 48.000053 14.083469 17.787008 -0.123430 0.278353 407.654 0 0
1500.0 82.598467 -64.133911 17.696870 0.384177 -0.955347 407.766 0 0
1500.0 135.192892 -69.396607 18.239657 1.404176 -1.224052 407.957 0 0
1500.0 80.508763 42.454665 17.603573 0.322354 0.610234 407.985 0 0
1500.0 75.244998 44.496031 17.849887 0.309650 0.698808 408.028 0 0
1500.0 37.922135 51.746615 17.883776 -0.347882 0.811760 408.004 0 0
1500.0 74.617572 -0.503705 17.834621 0.343186 -0.013331 408.069 0 0
1500.0 78.639160 43.306314 17.948366 0.284855 0.751038 408.216 0 0
1500.0 95.756459 44.163358 17.617401 0.521972 0.643855 408.260 0 0
1500.0 89.720168 18.173209 17.842790 0.476042 0.333438 408.264 0 0
1500.0 63.320923 53.093915 17.641784 0.086230 0.758652 408.274 0 0
1500.0 114.267442 -18.412940 17.860335 0.910065 -0.266557 408.458 0 0
1500.0 9.404295 11.306580 17.701446 -0.785063 0.194069 408.391 0 0
1500.0 108.318760 23.779161 17.855319 0.775403 0.400266 408.566 0 0
1500.0 80.288020 35.386524 18.013428 0.330388 0.590147 408.624 0 0
1500.0 53.233833 51.372306 17.907404 -0.036758 0.912321 408.735 0 0
1500.0 89.911141 -6.562615 17.717234 0.471604 -0.118162 408.913 0 0
1500.0 92.313998 21.136168 18.346560 0.626464 0.337602 408.911 0 0
1500.0 80.498326 44.451547 17.794892 0.344513 0.708783 408.866 0 0
1500.0 98.453062 12.205204 17.839389 0.681775 0.169525 408.892 0 0
1500.0 99.279207 2.660192 17.839191 0.693924 0.032323 408.865 0 0
1500.0 42.278915 -47.179126 17.822944 -0.238846 -0.735142 408.935 0 0
1500.0 97.124085 32.676004 17.750603 0.650913 0.473262 409.005 0 0
1500.0 36.249409 -62.500996 17.650590 -0.333914 -0.945168 409.054 0 0
1500.0 118.528885 5.526740 17.661006 0.908458 0.017909 409.139 0 0
1500.0 93.342274 -33.934908 17.841767 0.605658 -0.491621 409.196 0 0
1500.0 100.515354 -0.119159 18.300508 0.787740 -0.020445 409.191 0 0
1500.0 103.695990 48.174453 17.744801 0.722574 0.700777 409.241 0 0
1500.0 61.256285 10.578447 17.789902 0.053708 0.198075 409.217 0 0
1500.0 127.860439 19.007375 17.631435 1.023462 0.222707 409.289 0 0
1500.0 93.141676 -11.855057 18.038977 0.625808 -0.161038 409.296 0 0
1500.0 -30.155828 71.285573 17.612059 -1.251226 1.100933 409.306 0 0
1500.0 50.886747 -47.222057 17.760063 -0.149517 -0.745583 409.429 0 0
1500.0 116.877939 -22.350140 17.922610 0.972359 -0.316877 409.586 0 0
1500.0 60.936992 -13.885783 17.899741 0.076792 -0.276840 409.618 0 0
1500.0 90.310136 -4.104057 17.785406 0.510222 0.003645 409.787 0 0
1500.0 68.987889 58.642430 17.798913 0.251087 0.940429 409.739 0 0
1500.0 70.013325 13.201979 18.119556 0.178452 0.221799 409.792 0 0
1500.0 18.001157 -1.072862 17.728549 -0.645700 -0.040929 409.871 0 0
1500.0 108.870705 45.760143 17.608969 0.753405 0.643929 410.092 0 0
1500.0 57.369649 -70.777457 17.667644 -0.035341 -1.046560 410.097 0 0
1500.0 62.776252 -21.086593 17.996846 0.056032 -0.350633 410.211 0 0
1500.0 41.910025 -68.860440 17.670143 -0.249868 -1.017960 410.234 0 0
1500.0 56.277639 17.701396 17.885161 -0.059723 0.311581 410.272 0 0
1500.0 68.237579 -0.272203 18.195422 0.244738 -0.030919 410.438 0 0
1500.0 1.530112 -43.296449 17.994742 -0.990433 -0.752575 410.418 0 0
1500.0 25.702019 23.815764 17.656412 -0.554915 0.388555 410.508 0 0
1500.0 131.227130 -5.044957 17.738568 1.167497 -0.040268 410.525 0 0
1500.0 84.439970 25.673944 17.903087 0.471513 0.421715 410.557 0 0
1500.0 13.965028 -2.623747 17.798637 -0.752794 0.011767 410.561 0 0
1500.0 116.270986 28.264154 17.621923 0.848102 0.402952 410.614 0 0
1500.0 105.127561 -14.512161 17.871496 0.770057 -0.200277 410.674 0 0
1500.0 92.067194 -21.039157 18.504004 0.666810 -0.384291 410.743 0 0
1500.0 51.693706 54.820876 17.686375 -0.155491 0.829199 410.812 0 0
1500.0 78.558916 -57.285740 17.748981 0.372049 -0.924665 410.820 0 0
1500.0 16.658977 9.605790 17.691634 -0.676069 0.110206 410.855 0 0
1500.0 36.651860 66.390615 17.679848 -0.293652 0.975696 410.929 0 0
1500.0 27.271503 -6.507783 17.653020 -0.532470 -0.129795 410.935 0 0
1500.0 102.369038 -39.505482 18.181595 0.748815 -0.688293 410.959 0 0
1500.0 51.535209 51.128230 17.684267 -0.167401 0.777414 411.027 0 0
1500.0 60.972095 25.691267 18.036070 0.060813 0.376028 411.248 0 0
1500.0 79.268123 -23.614124 17.862710 0.344747 -0.349046 411.235 0 0
1500.0 38.076175 -38.687540 17.855093 -0.375587 -0.620302 411.277 0 0
1500.0 59.690396 67.907917 17.688711 0.021175 0.991133 411.320 0 0
1500.0 88.605313 36.845826 18.292208 0.596693 0.647680 411.309 0 0
1500.0 13.695429 38.350848 17.653668 -0.644002 0.633198 411.653 0 0
1500.0 34.568371 19.813422 17.970158 -0.378794 0.305541 411.645 0 0
1500.0 68.333819 15.649041 17.846762 0.115086 0.278674 411.573 0 0
1500.0 49.596381 18.834860 18.229874 -0.128441 0.337296 411.634 0 0
1500.0 86.490099 -7.905559 18.465646 0.612091 -0.082782 411.599 0 0
1500.0 44.574426 31.618141 17.970114 -0.231256 0.478557 411.739 0 0
1500.0 99.329478 -29.568615 17.656931 0.608646 -0.372169 411.891 0 0
1500.0 -12.153946 188.822355 17.862068 -1.114672 3.178038 411.911 0 0
1500.0 116.331983 -28.111842 17.691371 0.911170 -0.392708 411.933 0 0
1500.0 41.706484 24.764655 17.821452 -0.328760 0.417249 411.951 0 0
1500.0 78.930329 12.265111 18.689865 0.427783 0.175961 412.084 0 0
1500.0 70.018238 19.720934 17.704274 0.215784 0.364841 412.120 0 0
1500.0 113.292204 20.669784 17.884121 0.890056 0.285771 412.185 0 0
1500.0 71.452220 8.959776 18.696578 0.335602 0.135247 412.273 0 0
1500.0 53.405918 -12.971559 18.017241 -0.006186 -0.222101 412.317 0 0
1500.0 104.340997 7.806322 17.740280 0.739577 0.154264 412.302 0 0
1500.0 52.003979 23.978349 18.142368 -0.119054 0.500944 412.243 0 0
1500.0 111.793827 -34.897968 17.738470 0.847782 -0.524326 412.550 0 0
1500.0 57.307105 -13.634539 18.167485 -0.018568 -0.204859 412.351 0 0
1500.0 21.550537 -46.039778 17.753734 -0.513526 -0.743833 412.489 0 0
1500.0 53.929702 -60.720577 17.656314 -0.129717 -0.921002 412.503 0 0
1500.0 12.813446 41.447488 17.656356 -0.731959 0.575634 412.511 0 0
1500.0 85.415555 -9.261488 18.047599 0.521137 -0.120098 412.411 0 0
1500.0 92.227918 -66.542165 17.990249 0.633438 -1.092731 412.724 0 0
1500.0 65.249477 -59.205604 17.755121 0.123328 -0.932285 412.751 0 0
1500.0 89.681631 -58.493461 17.658064 0.392250 -0.884365 412.812 0 0
1500.0 34.237946 15.505057 17.854789 -0.354840 0.216855 412.849 0 0
1500.0 -4.058441 90.435111 17.709257 -1.003702 1.432793 412.851 0 0
1500.0 62.837669 -37.065011 18.158802 0.131363 -0.732176 412.828 0 0
1500.0 78.887418 -7.067230 18.274980 0.394946 -0.091553 412.890 0 0
1500.0 62.007269 -3.477472 17.828340 0.091307 -0.104482 412.949 0 0
1500.0 103.717760 25.619646 17.744907 0.724169 0.408930 412.909 0 0
1500.0 111.675159 -28.784266 18.438878 1.052652 -0.569006 412.961 0 0
1500.0 87.528847 15.628573 17.896788 0.464109 0.292962 413.049 0 0
1500.0 84.737285 62.218131 17.665924 0.385857 0.961471 413.111 0 0
1500.0 78.768006 -36.231339 17.788574 0.254915 -0.575442 413.029 0 0
1500.0 89.731033 1.892323 17.688142 0.479547 0.034542 413.310 0 0
1500.0 122.022657 2.231964 17.804068 1.016091 -0.015197 413.194 0 0
1500.0 -41.217789 14.666803 17.787983 -1.564470 0.253795 413.203 0 0
1500.0 34.258317 -96.844195 17.842726 -0.326261 -1.596630 413.197 0 0
1500.0 81.776946 59.379233 17.869828 0.434911 1.017855 413.299 0 0
1500.0 50.177272 43.026597 17.742286 -0.105248 0.635125 413.368 0 0
1500.0 19.182976 -17.162672 17.962555 -0.630623 -0.253305 413.553 0 0
1500.0 71.265359 -23.406353 17.856755 0.197509 -0.423128 413.608 0 0
1500.0 48.395791 49.115654 18.146934 -0.130226 0.881593 413.595 0 0
1500.0 46.594873 44.722566 17.915465 -0.154153 0.730749 413.708 0 0
1500.0 89.746414 63.249292 17.666452 0.516158 0.912402 413.781 0 0
1500.0 108.796558 -22.587948 17.816586 0.831746 -0.328580 413.787 0 0
1500.0 61.008513 5.147919 17.957817 0.090288 0.126262 413.799 0 0
1500.0 87.422382 -16.242904 18.421848 0.555736 -0.291839 413.938 0 0
1500.0 62.006660 -20.302917 18.251075 0.106824 -0.366429 413.887 0 0
1500.0 96.248480 -53.832171 18.119288 0.736103 -0.920475 413.912 0 0
1500.0 27.816933 28.956545 17.854675 -0.467478 0.484196 413.970 0 0
1500.0 -85.432632 7.001059 17.957775 -2.428790 0.117001 414.095 0 0
1500.0 124.801611 -16.550826 17.725504 1.002248 -0.255582 414.274 0 0
1500.0 89.422729 48.718870 17.759364 0.509100 0.727166 414.224 0 0
1500.0 48.224162 57.792775 17.870492 -0.178820 0.914143 414.269 0 0
1500.0 15.317481 -53.963227 17.671932 -0.676993 -0.800293 414.355 0 0
1500.0 107.766960 -15.554846 18.133420 0.820798 -0.277353 414.345 0 0
1500.0 17.108446 -42.281475 17.789587 -0.652711 -0.653067 414.329 0 0
1500.0 36.326302 -95.001632 17.740800 -0.341444 -1.419618 414.366 0 0
1500.0 -6.954521 -21.088034 17.672050 -0.994501 -0.331366 414.365 0 0
1500.0 93.775614 13.352873 18.428210 0.655851 0.241754 414.371 0 0
1500.0 89.456820 17.712083 18.213392 0.594069 0.276590 414.390 0 0
1500.0 74.769572 -11.574026 17.742790 0.325346 -0.207272 414.377 0 0
1500.0 93.881027 -59.108972 17.771400 0.525506 -0.907049 414.560 0 0
1500.0 64.718969 17.623769 18.540285 0.185668 0.322416 414.460 0 0
1500.0 101.933270 40.688710 17.944489 0.736846 0.627120 414.637 0 0
1500.0 76.634945 25.423153 18.317932 0.359981 0.479508 414.440 0 0
1500.0 116.843907 -2.694032 17.927428 0.950538 -0.055016 414.725 0 0
1500.0 138.488314 -112.617458 17.851749 1.382249 -1.817558 414.767 0 0
1500.0 57.159623 -27.867193 17.878813 -0.030060 -0.484043 414.837 0 0
1500.0 110.783012 -35.309573 17.928360 0.814551 -0.609962 414.932 0 0
1500.0 -1.223811 -27.039260 17.793199 -0.910877 -0.425123 415.097 0 0
1500.0 -2.895003 -29.029660 17.684665 -0.924137 -0.438695 415.312 0 0
1500.0 59.993635 -21.527450 17.997659 -0.007934 -0.313075 415.311 0 0
1500.0 60.544330 67.676012 17.713082 0.069445 1.038526 415.317 0 0
1500.0 89.916149 -24.058518 17.953928 0.513723 -0.441070 415.329 0 0
1500.0 -5.541249 -26.261633 17.695850 -0.940384 -0.322306 415.866 0 0
1500.0 121.569477 -14.405975 17.827576 0.999011 -0.229366 415.946 0 0
1500.0 65.764104 -12.051997 18.452306 0.182067 -0.243280 415.846 0 0
1500.0 96.704882 14.723891 18.028404 0.682193 0.235117 415.957 0 0
1500.0 112.907135 -21.873666 17.894635 0.912271 -0.326967 415.867 0 0
1500.0 105.941191 -49.460508 17.832834 0.792128 -0.818027 416.023 0 0
1500.0 125.024648 62.384026 17.764543 1.115306 1.033622 416.056 0 0
1500.0 71.162448 -5.039721 18.578957 0.300730 -0.076085 416.319 0 0
1500.0 83.346998 -57.579190 17.800501 0.366501 -0.862160 416.463 0 0
1500.0 81.051754 -21.950363 18.820979 0.489321 -0.376349 416.523 0 0
1500.0 29.139116 -93.683162 17.749112 -0.466666 -1.419426 416.472 0 0
1500.0 2.859355 -13.946055 17.762511 -0.875123 -0.164186 416.420 0 0
1500.0 97.151076 -11.387331 18.527904 0.703428 -0.221805 416.534 0 0
1500.0 82.910427 -15.478411 18.202498 0.441502 -0.210551 416.755 0 0
1500.0 29.636576 -57.320945 17.766886 -0.438691 -0.902965 416.656 0 0
1500.0 109.370192 -1.640772 18.013992 0.854617 -0.102397 416.682 0 0
1500.0 36.034556 -53.013442 17.712574 -0.368110 -0.759100 416.909 0 0
1500.0 83.142829 -69.213324 18.253850 0.508438 -1.245640 416.943 0 0
1500.0 65.819368 -4.180711 18.732762 0.133524 -0.082318 416.926 0 0
1500.0 15.443138 28.008520 17.962131 -0.660372 0.457586 417.113 0 0
1500.0 9.674620 -18.580163 17.715054 -0.734560 -0.353884 417.002 0 0
1500.0 100.888590 4.855039 18.244023 0.846203 0.116681 417.223 0 0
1500.0 29.481983 40.179897 17.793050 -0.479063 0.645709 417.292 0 0
1500.0 46.906896 44.372374 17.967167 -0.140488 0.732952 417.464 0 0
1500.0 124.587932 -28.067093 18.127812 1.229973 -0.540600 417.560 0 0
1500.0 116.633930 55.991438 17.921471 0.995036 0.866927 417.600 0 0
1500.0 21.517164 29.104622 17.762541 -0.571236 0.506911 417.645 0 0
1500.0 100.653429 -28.750018 17.760910 0.713262 -0.418978 417.659 0 0
1500.0 106.809227 42.837389 17.890416 0.784831 0.659307 417.730 0 0
1500.0 86.971920 60.318533 17.802465 0.396014 0.941705 417.741 0 0
1500.0 6.829023 -15.083378 17.722641 -0.772538 -0.287912 417.900 0 0
1500.0 87.603869 -29.040249 17.892920 0.432399 -0.454695 417.979 0 0
1500.0 97.811259 -13.194704 18.003527 0.728254 -0.284648 417.973 0 0
1500.0 84.243764 -1.538115 18.203609 0.402061 -0.063235 418.117 0 0
1500.0 75.579758 20.524028 18.600580 0.408219 0.354949 418.132 0 0
1500.0 57.220267 -65.355195 17.845089 0.026820 -1.018490 418.145 0 0
1500.0 60.314524 -2.951518 17.993352 0.120893 -0.048179 418.342 0 0
1500.0 75.206850 -48.730758 17.931235 0.296179 -0.792126 418.255 0 0
1500.0 115.161804 29.751148 17.909895 0.884482 0.495777 418.358 0 0
1500.0 99.331648 50.343456 17.866226 0.664438 0.783094 418.468 0 0
1500.0 75.932926 -6.005346 18.391807 0.361503 -0.051163 418.587 0 0
1500.0 78.129452 42.662292 17.830784 0.380400 0.664855 418.674 0 0
1500.0 94.576137 -31.835124 17.830738 0.626066 -0.448520 418.691 0 0
1500.0 57.381475 -9.861836 17.912335 0.026034 -0.194923 418.772 0 0
1500.0 53.472789 50.846793 17.908083 -0.020170 0.823091 418.779 0 0
1500.0 83.681650 21.033040 17.876086 0.353132 0.371546 418.886 0 0
1500.0 68.483803 -12.434191 18.222226 0.241991 -0.199922 419.005 0 0
1500.0 45.802896 33.150280 17.925925 -0.199417 0.485631 419.120 0 0
1500.0 83.055299 40.768423 17.960863 0.450602 0.656149 419.037 0 0
1500.0 77.241106 39.006347 17.947746 0.273210 0.644938 418.920 0 0
1500.0 45.331251 -12.435480 17.772203 -0.172225 -0.262808 418.969 0 0
1500.0 72.537231 15.681724 17.930282 0.320205 0.237224 419.157 0 0
1500.0 86.522761 30.878632 18.494893 0.554841 0.557290 419.200 0 0
1500.0 42.061027 -37.611353 18.161352 -0.291725 -0.608570 419.283 0 0
1500.0 86.261678 -19.403367 18.969619 0.542377 -0.341947 419.342 0 0
1500.0 65.424816 -47.887371 17.804892 0.183040 -0.751214 419.411 0 0
1500.0 66.173080 10.212988 17.783740 0.194381 0.188242 419.419 0 0
1500.0 112.468234 5.332499 18.286021 0.929372 0.121948 419.459 0 0
1500.0 106.311404 14.591240 18.051883 0.798474 0.268170 419.528 0 0
1500.0 37.025025 -44.103201 17.756348 -0.267174 -0.724598 419.477 0 0
1500.0 46.115018 28.470618 17.881626 -0.122806 0.492049 419.659 0 0
1500.0 110.671775 -28.797198 17.755545 0.800773 -0.388855 419.762 0 0
1500.0 89.770055 14.767707 18.480736 0.572637 0.284838 419.853 0 0
1500.0 -17.244549 91.879151 17.738554 -1.096716 1.383460 419.876 0 0
1500.0 29.243286 -34.836531 17.767444 -0.411797 -0.596078 419.870 0 0
1500.0 79.147274 13.761391 17.908473 0.385867 0.264540 419.867 0 0
1500.0 53.272137 23.826607 18.151194 -0.077361 0.345335 420.144 0 0
1500.0 38.653223 9.861412 18.152504 -0.270519 0.160509 420.199 0 0
1500.0 91.467159 -15.897107 18.462171 0.634838 -0.274397 420.075 0 0
1500.0 121.531371 -7.788124 17.885173 1.002885 -0.073756 419.991 0 0
1500.0 113.870050 20.531477 17.872437 0.866515 0.384296 420.037 0 0
1500.0 37.655985 9.092045 17.785806 -0.381466 0.116822 419.952 0 0
1500.0 123.016975 -23.558451 18.108710 1.139918 -0.403481 419.964 0 0
1500.0 48.220881 -7.393141 17.964691 -0.210620 -0.070124 420.179 0 0
1500.0 130.024691 -131.974334 17.953029 1.206457 -2.249708 419.990 0 0
1500.0 89.329848 -8.703448 18.557197 0.674043 -0.099225 420.112 0 0
1500.0 95.675980 -0.069751 17.906421 0.631315 0.055778 420.250 0 0
1500.0 48.925893 -19.540447 17.924259 -0.219165 -0.283945 420.243 0 0
1500.0 102.943287 12.414432 17.866445 0.686782 0.260205 420.323 0 0
1500.0 100.750433 1.913759 17.905449 0.704836 0.085195 420.488 0 0
1500.0 119.839817 -23.840485 17.832679 0.975796 -0.319948 420.596 0 0
1500.0 51.692308 -30.832703 17.807186 -0.080789 -0.541768 420.653 0 0
1500.0 49.217020 31.072068 18.244711 -0.132978 0.492189 420.872 0 0
1500.0 103.818841 -17.860072 18.460505 0.805552 -0.299772 420.781 0 0
1500.0 92.953956 -7.165665 18.283882 0.588081 -0.077665 421.037 0 0
1500.0 85.252992 43.892671 17.904033 0.469382 0.705845 421.068 0 0
1500.0 67.316158 1.043783 18.080879 0.223470 -0.000758 421.146 0 0
1500.0 27.150384 -31.656773 17.837343 -0.524126 -0.444406 421.125 0 0
1500.0 82.273562 11.172544 18.413791 0.486848 0.240795 421.369 0 0
1500.0 121.481034 10.383192 18.056960 1.031847 0.156531 421.576 0 0
1500.0 55.628703 27.505865 17.948479 -0.069071 0.403764 421.516 0 0
1500.0 14.334433 -33.701791 17.780286 -0.719239 -0.521735 421.497 0 0
1500.0 101.528080 -43.448694 17.930381 0.734823 -0.775584 421.544 0 0
1500.0 62.967448 -2.246641 17.978727 0.097399 -0.109931 421.753 0 0
1500.0 67.486634 -29.267061 17.816640 0.085231 -0.489630 421.804 0 0
1500.0 102.974327 -21.315125 17.999580 0.781053 -0.338061 421.939 0 0
1500.0 118.376926 25.416945 18.452015 1.075189 0.475579 422.100 0 0
1500.0 110.201110 20.849732 18.058226 0.871349 0.298105 422.104 0 0
1500.0 68.141344 -22.852125 17.965932 0.190335 -0.419462 422.136 0 0
1500.0 87.136431 39.095027 17.953136 0.452124 0.597049 422.312 0 0
1500.0 74.180879 9.244094 18.169762 0.315057 0.104830 422.291 0 0
1500.0 60.568737 32.586986 17.824950 -0.017147 0.484313 422.279 0 0
1500.0 33.128558 20.214585 17.824120 -0.392036 0.315556 422.238 0 0
1500.0 40.649342 -8.249764 17.954845 -0.317249 -0.111140 422.375 0 0
1500.0 94.936082 9.932206 17.883428 0.555144 0.192721 422.434 0 0
1500.0 9.022686 -33.031469 17.792909 -0.750732 -0.448536 422.536 0 0
1500.0 105.958801 25.037093 17.975690 0.803276 0.384009 422.516 0 0
1500.0 27.404609 53.222849 17.835244 -0.509586 0.813957 422.525 0 0
1500.0 24.825092 -30.198123 17.812328 -0.558572 -0.498488 422.505 0 0
1500.0 111.037130 -17.584847 17.975637 0.876421 -0.242500 422.637 0 0
1500.0 48.583969 29.027580 18.139733 -0.090500 0.507748 422.733 0 0
1500.0 54.044318 -30.325963 18.074543 -0.095130 -0.472721 422.791 0 0
1500.0 109.297010 2.698398 17.986447 0.886570 0.094789 422.822 0 0
1500.0 27.361599 -60.020352 17.783493 -0.514838 -0.893996 422.913 0 0
1500.0 28.179926 23.876885 18.016142 -0.511638 0.459184 422.952 0 0
1500.0 47.706151 -68.474784 17.784290 -0.218282 -1.014776 423.066 0 0
1500.0 87.989515 -54.194211 18.113265 0.491011 -0.905580 423.163 0 0
1500.0 87.427172 -15.524615 18.152807 0.549916 -0.219177 423.502 0 0
1500.0 81.538480 28.600056 18.378241 0.448480 0.486250 423.552 0 0
1500.0 104.691395 22.035281 17.978045 0.752442 0.391448 423.305 0 0
1500.0 118.414548 14.112308 17.888449 1.017692 0.199996 423.401 0 0
1500.0 40.201601 45.607555 17.936319 -0.305897 0.825382 423.484 0 0
1500.0 71.415038 -20.951312 18.026610 0.225484 -0.392329 423.629 0 0
1500.0 50.878631 -31.054281 18.529106 -0.153766 -0.622523 423.583 0 0
1500.0 54.015156 65.598388 17.856295 -0.085802 1.018178 423.670 0 0
1500.0 100.637858 -13.377141 18.108156 0.692689 -0.270215 423.750 0 0
1500.0 50.322759 26.655455 18.049085 -0.073066 0.427399 423.811 0 0
1500.0 43.821975 34.841929 17.815010 -0.260561 0.489899 423.801 0 0
1500.0 66.319454 -33.305830 18.043405 0.106910 -0.557131 423.811 0 0
1500.0 25.670803 -44.179345 17.883627 -0.527231 -0.704781 423.819 0 0
1500.0 116.330783 -33.879990 17.824140 0.902559 -0.532444 423.922 0 0
1500.0 85.927006 2.858119 18.648246 0.570712 0.088631 424.194 0 0
1500.0 -2.520947 -19.398800 17.809988 -0.947622 -0.327771 424.119 0 0
1500.0 114.991999 -1.056726 17.942656 0.919844 -0.061038 423.924 0 0
1500.0 50.288401 15.160969 18.356802 -0.113448 0.242711 424.199 0 0
1500.0 61.962034 -7.490085 18.357824 0.060389 -0.094561 424.094 0 0
1500.0 80.426457 12.443275 18.043840 0.439306 0.155741 423.994 0 0
1500.0 71.299591 0.118813 17.894066 0.241531 -0.070337 424.052 0 0
1500.0 126.873044 -43.915135 18.246060 1.356843 -0.831977 424.002 0 0
1500.0 -3.683528 26.756633 17.810630 -0.960711 0.349805 424.403 0 0
1500.0 61.361026 -45.802608 17.775290 0.023792 -0.699390 424.592 0 0
1500.0 143.298929 23.185047 17.825650 1.311958 0.362072 424.589 0 0
1500.0 112.587258 -2.228261 18.191965 0.914549 -0.060066 424.572 0 0
1500.0 111.495271 34.996659 17.978027 0.836822 0.572240 424.630 0 0
1500.0 89.294721 -0.225240 18.166318 0.526590 0.023012 424.946 0 0
1500.0 84.060447 -46.473654 17.844963 0.427293 -0.675411 424.819 0 0
1500.0 78.477262 -66.030641 17.778756 0.358601 -0.982904 424.937 0 0
1500.0 50.466343 -65.417166 17.883279 -0.155246 -1.003565 424.991 0 0
1500.0 41.103308 18.605506 18.185580 -0.278655 0.264849 425.161 0 0
1500.0 69.282516 30.945830 17.856759 0.131104 0.537096 425.115 0 0
1500.0 48.741223 -23.222070 17.794621 -0.222268 -0.371039 425.140 0 0
1500.0 36.224416 -14.315617 17.793824 -0.414775 -0.233437 425.216 0 0
1500.0 70.536098 45.373825 17.967844 0.148321 0.790935 425.157 0 0
1500.0 24.122453 22.885847 17.956584 -0.590250 0.467803 425.197 0 0
1500.0 61.312445 16.095747 17.973460 0.087587 0.280736 425.303 0 0
1500.0 74.420972 -64.821970 17.782935 0.199339 -0.983502 425.265 0 0
1500.0 103.835813 -22.660775 17.823123 0.753663 -0.388069 425.262 0 0
1500.0 -6.133372 -17.064394 17.784827 -0.942014 -0.304834 425.428 0 0
1500.0 113.462610 -21.800341 17.866870 0.903147 -0.341828 425.347 0 0
1500.0 33.717149 62.762128 17.868971 -0.371606 0.951507 425.499 0 0
1500.0 79.829072 3.284880 18.023376 0.367305 0.092132 425.567 0 0
1500.0 121.464313 20.364520 17.776045 0.968871 0.271053 425.621 0 0
1500.0 75.713821 44.713499 18.054228 0.338435 0.729411 425.571 0 0
1500.0 63.304035 -28.233169 18.077404 0.169857 -0.479871 425.673 0 0
1500.0 45.785216 -35.482607 17.790779 -0.266233 -0.556709 425.533 0 0
1500.0 119.325329 -28.592205 17.935770 1.047848 -0.439805 425.783 0 0
1500.0 119.593650 -10.236738 18.606527 1.162916 -0.155743 425.540 0 0
1500.0 17.527464 9.162020 18.050855 -0.797044 0.148057 425.993 0 0
1500.0 154.806424 -15.834450 17.886715 1.540320 -0.230309 426.184 0 0
1500.0 28.112464 -39.214382 17.785820 -0.531709 -0.607757 426.193 0 0
1500.0 96.674057 43.356516 17.865686 0.555794 0.671678 426.291 0 0
1500.0 92.429300 -45.491327 17.851672 0.539074 -0.675798 426.381 0 0
1500.0 92.920373 -23.723437 18.072088 0.612315 -0.407774 426.296 0 0
1500.0 48.879895 52.764379 17.785573 -0.216479 0.787308 426.234 0 0
1500.0 104.928841 34.256093 17.999326 0.744131 0.605189 426.250 0 0
1500.0 92.368947 -2.837885 18.179520 0.593477 -0.121483 426.225 0 0
1500.0 78.867870 0.286199 18.962871 0.465405 0.028163 426.468 0 0
1500.0 61.867808 -19.794774 18.058149 0.135749 -0.362075 426.481 0 0
1500.0 43.321352 -7.587533 17.815707 -0.292435 -0.078690 426.445 0 0
1500.0 78.187170 8.095135 18.050159 0.358078 0.142611 426.512 0 0
1500.0 91.194815 -57.544660 17.883279 0.542648 -0.891790 426.569 0 0
1500.0 7.470778 11.943821 17.872392 -0.813307 0.133823 426.590 0 0
1500.0 112.413857 -34.253791 17.878436 0.837674 -0.574187 426.866 0 0
1500.0 42.182314 -18.950333 17.809675 -0.280329 -0.288757 426.985 0 0
1500.0 72.698553 -20.274335 18.113089 0.220848 -0.413318 426.950 0 0
1500.0 47.731696 -45.446968 17.971562 -0.184023 -0.740176 427.182 0 0
1500.0 30.618782 -29.533107 17.810020 -0.481662 -0.410372 427.182 0 0
1500.0 100.313108 5.853440 18.106904 0.676785 0.073937 427.209 0 0
1500.0 49.945678 -41.732263 17.991852 -0.188038 -0.674816 427.225 0 0
1500.0 88.960779 -42.994479 17.823687 0.521725 -0.669198 427.308 0 0
1500.0 69.320922 -66.733095 17.820950 0.225843 -1.021260 427.326 0 0
1500.0 76.338789 -17.850290 18.263292 0.400679 -0.294208 427.395 0 0
1500.0 70.432299 25.316981 18.338879 0.224936 0.403576 427.498 0 0
1500.0 -3.254960 13.266230 17.781282 -0.987025 0.184654 427.569 0 0
1500.0 76.580176 -12.938840 17.965848 0.375395 -0.174576 427.507 0 0
1500.0 27.499813 0.042519 17.846187 -0.517441 -0.069220 427.506 0 0
1500.0 87.190995 -6.459526 17.875971 0.457359 -0.130147 427.768 0 0
1500.0 80.681646 41.374694 17.865870 0.435802 0.636526 427.736 0 0
1500.0 104.827714 36.164100 18.126569 0.915417 0.657523 427.708 0 0
1500.0 1.933496 18.546199 17.780466 -0.916594 0.260034 427.921 0 0
1500.0 100.407795 0.031140 17.962213 0.751642 -0.051319 427.990 0 0
1500.0 113.152594 39.281248 17.851369 0.805893 0.649846 428.171 0 0
1500.0 98.914702 -28.098124 17.865419 0.698845 -0.413111 428.013 0 0
1500.0 30.836329 -44.932381 17.790084 -0.426561 -0.753123 428.189 0 0
1500.0 63.507989 -25.991657 18.250977 0.096831 -0.458029 428.051 0 0
1500.0 101.795128 1.577733 18.022129 0.742730 -0.034815 428.184 0 0
1500.0 31.661633 2.892549 17.989200 -0.420531 0.109600 428.141 0 0
1500.0 118.028357 1.589670 17.998515 1.048791 -0.007728 428.127 0 0
1500.0 134.186402 35.391605 18.120206 1.342459 0.621248 428.024 0 0
1500.0 -4.620795 -39.060016 17.854852 -1.035573 -0.687662 428.211 0 0
1500.0 67.845550 -16.109504 18.338326 0.209392 -0.269965 428.290 0 0
1500.0 68.107417 65.542918 17.851758 0.143676 1.032515 428.379 0 0
1500.0 60.060880 13.637194 18.238599 0.013350 0.225563 428.296 0 0
1500.0 81.037245 -31.805630 17.943946 0.368567 -0.558691 428.356 0 0
1500.0 71.289543 -48.514384 18.112747 0.180745 -0.828961 428.282 0 0
1500.0 83.970763 -61.496273 17.918314 0.404516 -0.965933 428.434 0 0
1500.0 39.009147 14.190061 18.236659 -0.303586 0.233296 428.470 0 0
1500.0 65.407987 -21.613771 18.108548 0.203023 -0.382041 428.461 0 0
1500.0 90.586014 -14.920026 17.979300 0.533160 -0.221452 428.561 0 0
1500.0 48.089368 53.042992 17.836188 -0.145717 0.873713 428.741 0 0
1500.0 30.490675 -31.722147 17.887560 -0.410020 -0.559570 428.673 0 0
1500.0 68.240188 17.482011 18.157347 0.164628 0.300659 428.941 0 0
1500.0 2.225188 38.897250 17.783781 -0.888618 0.554996 428.853 0 0
1500.0 35.857412 67.235380 17.783432 -0.398608 0.969445 428.771 0 0
1500.0 -2.292393 -28.770503 17.783756 -0.954582 -0.431901 428.848 0 0
1500.0 83.388318 -19.711335 17.930274 0.365825 -0.369804 428.926 0 0
1500.0 71.867039 3.145001 17.941149 0.302526 0.026996 428.767 0 0
1500.0 31.878034 1.345588 17.932263 -0.426645 -0.058918 428.769 0 0
1500.0 78.771081 -14.202864 18.322532 0.396713 -0.214615 429.000 0 0
1500.0 108.744109 30.108468 17.790549 0.785042 0.427718 429.107 0 0
1500.0 7.526721 46.239237 17.785073 -0.808174 0.659519 429.119 0 0
1500.0 115.171590 -3.239246 18.014582 0.939494 -0.079490 429.091 0 0
1500.0 63.058946 34.967702 18.295074 0.117026 0.592583 429.164 0 0
1500.0 8.262414 32.371379 17.835000 -0.742048 0.560141 429.027 0 0
1500.0 36.707020 -48.531231 17.938605 -0.300957 -0.803395 429.111 0 0
1500.0 35.407810 -20.563804 17.973027 -0.387183 -0.361682 429.109 0 0
1500.0 64.877012 -43.903511 17.873221 0.124290 -0.673012 429.223 0 0
1500.0 100.335883 7.408296 18.101688 0.724800 0.057551 429.192 0 0
1500.0 53.079379 -32.457102 18.019507 -0.047245 -0.509919 429.311 0 0
1500.0 105.872289 38.205916 17.834152 0.717972 0.644877 429.307 0 0
1500.0 33.584359 55.121167 17.834111 -0.360893 0.897122 429.325 0 0
1500.0 41.593473 36.692111 18.105246 -0.244427 0.619804 429.374 0 0
1500.0 53.259558 -29.376614 17.919172 -0.139122 -0.455115 429.379 0 0
1500.0 30.421517 -6.458785 18.014635 -0.463661 -0.178485 429.412 0 0
1500.0 69.081090 22.116923 18.031878 0.205997 0.359671 429.496 0 0
1500.0 -2.365039 28.900590 17.787155 -0.947098 0.405581 429.466 0 0
1500.0 54.716461 -46.277877 17.944247 0.016668 -0.757631 429.452 0 0
1500.0 82.337792 -32.617936 17.884587 0.352062 -0.570859 429.517 0 0
1500.0 92.954687 -40.833737 17.797320 0.557497 -0.571798 429.632 0 0
1500.0 58.354828 51.223361 18.100396 0.008040 0.830896 430.001 0 0
1500.0 81.971522 -22.109243 17.881437 0.358627 -0.368716 429.706 0 0
1500.0 76.104744 -6.784559 18.853865 0.449403 -0.150162 429.875 0 0
1500.0 112.396239 -32.695191 18.013581 0.887117 -0.508917 429.952 0 0
1500.0 151.534839 61.389465 17.792383 1.457482 0.893439 429.790 0 0
1500.0 79.915015 2.010760 18.048460 0.408421 0.093209 429.758 0 0
1500.0 70.571393 -7.463834 17.862023 0.272922 -0.090456 430.011 0 0
1500.0 119.084363 20.795464 17.867247 0.950645 0.303066 430.171 0 0
1500.0 72.676055 34.780016 17.903265 0.158233 0.557209 430.160 0 0
1500.0 80.826957 -47.450406 17.807169 0.350726 -0.730614 430.287 0 0
1500.0 70.444873 -48.443029 18.052280 0.175777 -0.790252 430.243 0 0
1500.0 96.689288 3.608835 17.922090 0.665525 0.100944 430.226 0 0
1500.0 91.000762 15.278059 18.235424 0.622186 0.331025 430.285 0 0
1500.0 67.075882 -10.362012 18.666423 0.267028 -0.222763 430.426 0 0
1500.0 70.384216 -25.301384 18.379250 0.228754 -0.446995 430.438 0 0
1500.0 87.142203 -36.901046 17.977266 0.537316 -0.580287 430.436 0 0
1500.0 71.941521 -33.011627 17.811381 0.259026 -0.456046 430.552 0 0
1500.0 6.483526 6.327782 17.818256 -0.815084 0.167800 430.556 0 0
1500.0 60.419097 -42.318801 17.824137 0.059423 -0.724296 430.576 0 0
1500.0 33.164653 -36.549109 17.824008 -0.359855 -0.635401 430.588 0 0
1500.0 103.934470 7.694302 17.812819 0.680228 0.050958 430.756 0 0
1500.0 100.134435 -51.700627 17.849408 0.676685 -0.799895 430.677 0 0
1500.0 60.945203 3.740563 18.175147 0.060689 -0.013556 430.701 0 0
1500.0 84.653103 -47.538691 18.340250 0.530686 -0.846181 430.649 0 0
1500.0 43.721796 -40.784976 17.815907 -0.170069 -0.631294 430.906 0 0
1500.0 26.418652 60.106414 17.830341 -0.429371 0.949611 430.908 0 0
1500.0 84.162975 13.646144 18.430777 0.459422 0.277229 430.970 0 0
1500.0 106.884708 44.378038 18.053960 0.860400 0.746857 430.996 0 0
1500.0 132.680554 98.517113 18.126571 1.350547 1.794094 431.037 0 0
1500.0 35.431542 -5.357630 18.086002 -0.322820 -0.122958 431.068 0 0
1500.0 40.195841 -63.706579 17.793155 -0.272714 -0.991342 431.218 0 0
1500.0 87.339193 -41.707069 17.942825 0.435046 -0.650562 431.350 0 0
1500.0 6.883654 8.323073 17.806302 -0.791506 0.105226 431.381 0 0
1500.0 29.192152 -49.547758 17.842358 -0.429374 -0.765750 431.361 0 0
1500.0 105.947566 -23.149369 17.825944 0.797598 -0.315974 431.388 0 0
1500.0 72.316299 -3.410512 18.366780 0.309002 -0.082496 431.445 0 0
1500.0 81.575390 44.506949 17.878101 0.325499 0.691605 431.617 0 0
1500.0 89.419515 -27.498311 18.163277 0.490117 -0.485422 431.630 0 0
1500.0 95.545500 -39.229430 17.830709 0.548405 -0.670765 431.602 0 0
1500.0 93.548720 -19.780510 18.723547 0.779411 -0.435468 431.507 0 0
1500.0 94.778441 -5.144471 18.666864 0.719819 -0.079293 431.782 0 0
1500.0 109.034230 -17.965194 17.848519 0.850518 -0.248603 431.685 0 0
1500.0 97.112581 -40.336729 17.829524 0.571014 -0.686099 431.751 0 0
1500.0 100.639503 -13.316492 17.898046 0.708049 -0.263620 431.777 0 0
1500.0 74.211975 -40.305353 17.870848 0.304780 -0.677944 431.805 0 0
1500.0 113.026780 22.795078 18.031242 0.887121 0.398764 431.853 0 0
1500.0 84.397892 9.170613 17.962849 0.462912 0.186908 431.872 0 0
1500.0 101.233534 1.295884 18.255936 0.768608 -0.007191 432.103 0 0
1500.0 7.655554 -7.919332 17.901912 -0.823055 -0.078696 432.116 0 0
1500.0 63.591492 -25.851409 17.937533 0.089435 -0.477778 432.037 0 0
1500.0 120.372718 35.042439 17.864912 1.043684 0.509241 432.144 0 0
1500.0 51.036212 -67.088986 17.872478 -0.140447 -1.025476 432.266 0 0
1500.0 14.882875 49.246586 17.810208 -0.667298 0.799270 432.481 0 0
1500.0 97.109544 -10.574575 17.932299 0.605531 -0.239460 432.424 0 0
1500.0 11.071824 -35.582754 17.860823 -0.694351 -0.614775 432.801 0 0
1500.0 89.863344 13.003510 17.873626 0.487226 0.159718 432.865 0 0
1500.0 119.205738 -10.290694 17.855546 0.936098 -0.222609 432.916 0 0
1500.0 39.425472 -59.942334 17.823753 -0.302122 -0.968794 432.817 0 0
1500.0 121.898295 -15.980537 17.985345 1.017492 -0.241318 432.923 0 0
1500.0 91.634651 -12.438732 17.963002 0.560159 -0.130703 433.064 0 0
1500.0 117.143208 -14.379066 17.859206 0.912599 -0.291858 433.035 0 0
1500.0 81.304865 -5.621722 18.043754 0.483247 -0.067487 432.997 0 0
1500.0 66.481602 6.622245 18.440339 0.243066 0.119822 433.140 0 0
1500.0 70.823405 -5.070611 17.893434 0.248374 -0.055009 433.151 0 0
1500.0 31.580853 -9.770040 17.820460 -0.437328 -0.151858 433.296 0 0
1500.0 11.582354 -45.621117 17.909275 -0.699731 -0.750178 433.506 0 0
1500.0 76.166713 -19.118071 18.448646 0.329546 -0.322229 433.523 0 0
1500.0 115.977229 -3.859341 18.050434 0.949346 -0.125292 433.510 0 0
1500.0 104.327516 -11.262717 18.040996 0.729319 -0.185582 433.695 0 0
1500.0 77.438329 9.371904 18.289255 0.381664 0.100972 433.628 0 0
1500.0 2.951035 36.911347 17.813046 -0.828292 0.604799 433.775 0 0
1500.0 53.859620 65.920616 17.812434 -0.087972 1.028852 433.636 0 0
1500.0 119.193078 -30.175622 17.817816 0.965020 -0.408506 433.745 0 0
1500.0 74.299690 -61.707576 17.855288 0.261220 -0.995178 433.872 0 0
1500.0 105.687583 26.021717 17.893921 0.767203 0.463546 433.715 0 0
1500.0 113.950286 -7.467377 17.844654 0.880980 -0.185178 433.730 0 0
1500.0 64.684722 41.212526 17.940485 0.126829 0.708765 433.842 0 0
1500.0 100.496127 -37.828007 18.110194 0.684534 -0.667968 433.771 0 0
1500.0 113.043626 -51.134693 18.272891 0.981644 -0.887611 433.716 0 0
1500.0 67.896001 -18.887291 18.087090 0.204066 -0.312556 433.999 0 0
1500.0 68.669195 -59.975029 17.856919 0.183709 -0.943331 434.055 0 0
1500.0 9.194396 -42.672471 17.897498 -0.742735 -0.707069 434.029 0 0
1500.0 50.275434 -28.762582 17.826976 -0.122049 -0.467182 434.099 0 0
1500.0 79.774419 -56.697149 17.917154 0.329796 -0.926378 434.104 0 0
1500.0 28.551934 14.820349 18.006840 -0.453137 0.249499 434.407 0 0
1500.0 49.911198 -65.163187 17.854364 -0.102406 -1.039937 434.313 0 0
1500.0 93.124880 -41.454693 18.152813 0.581149 -0.694098 434.351 0 0
1500.0 32.311853 48.650393 17.913558 -0.447535 0.772068 434.169 0 0
1500.0 34.473404 42.323114 17.961284 -0.386283 0.707549 434.382 0 0
1500.0 70.728304 -22.220073 18.574423 0.220647 -0.361723 434.619 0 0
1500.0 65.508567 9.632523 18.188522 0.128784 0.196869 434.740 0 0
1500.0 127.554926 11.988580 18.063673 1.139148 0.196626 434.968 0 0
1500.0 83.579444 48.966674 17.877311 0.468102 0.766838 435.061 0 0
1500.0 46.423755 -38.322296 17.886395 -0.152499 -0.665886 434.494 0 0
1500.0 73.447837 10.667294 17.879784 0.176523 0.203838 434.669 0 0
1500.0 89.177611 39.128038 17.922934 0.468834 0.695070 434.940 0 0
1500.0 21.519989 -28.458468 18.243643 -0.600967 -0.548386 434.712 0 0
1500.0 70.891729 -10.094255 18.668554 0.270029 -0.199765 435.440 0 0
1500.0 80.840668 2.216884 18.239076 0.422897 0.018141 435.300 0 0
1500.0 38.850712 57.682449 17.952724 -0.314333 0.926536 435.464 0 0
1500.0 70.440493 -161.488512 17.802957 0.129996 -2.526928 435.297 0 0
1500.0 106.167320 -1.820380 17.987002 0.848363 -0.038898 435.201 0 0
1500.0 75.090283 -30.193358 18.059514 0.331394 -0.527769 435.479 0 0
1500.0 77.707651 -5.660317 17.956207 0.396296 -0.070541 435.522 0 0
1500.0 114.044845 20.474860 17.847076 0.886817 0.397550 435.526 0 0
1500.0 53.074390 -24.671338 18.386232 -0.057563 -0.502868 435.548 0 0
1500.0 55.801621 14.538479 17.819349 0.004762 0.293158 435.594 0 0
1500.0 111.001572 -30.797958 17.849455 0.830402 -0.418539 435.647 0 0
1500.0 51.650251 -14.069966 18.107243 -0.121230 -0.213301 436.266 0 0
1500.0 104.340898 28.617844 17.923090 0.723150 0.447039 435.602 0 0
1500.0 15.662992 15.502470 17.832697 -0.622893 0.284047 436.038 0 0
1500.0 76.504070 -63.392675 17.877188 0.331548 -0.972387 435.754 0 0
1500.0 98.109115 3.004950 18.727664 0.770634 0.011182 436.041 0 0
1500.0 73.083757 38.792218 18.169970 0.279340 0.663225 436.055 0 0
1500.0 66.203743 -24.202636 18.011795 0.135307 -0.449806 435.769 0 0
1500.0 112.813436 21.819998 17.861778 0.851195 0.415064 436.196 0 0
1500.0 64.016549 28.639255 17.837927 0.158480 0.487814 436.298 0 0
1500.0 112.924488 -46.560657 17.961518 0.965125 -0.765485 435.896 0 0
1500.0 63.304079 55.584894 17.964025 0.169482 0.946081 435.912 0 0
1500.0 24.857000 -19.348431 17.992741 -0.512495 -0.277719 437.201 0 0
1500.0 55.586953 15.982746 17.901565 -0.030856 0.290710 436.772 0 0
1500.0 74.557451 -14.356377 17.898157 0.244182 -0.268265 436.920 0 0
1500.0 47.743116 -29.207039 17.894689 -0.128661 -0.476078 436.685 0 0
1500.0 103.956627 21.753064 17.856638 0.721195 0.331465 436.436 0 0
1500.0 59.119451 -8.218140 17.894599 -0.018734 -0.172859 437.203 0 0
1500.0 102.178027 39.105152 17.863153 0.696021 0.603724 436.389 0 0
1500.0 63.156079 -64.281929 17.915911 0.077222 -1.002767 436.597 0 0
1500.0 74.213486 -11.838072 18.619855 0.400202 -0.214141 436.846 0 0
1500.0 62.449688 56.315620 17.954890 0.099834 0.896752 437.061 0 0
1500.0 112.557037 -22.990232 18.044085 0.882989 -0.407122 437.131 0 0
1500.0 88.525470 -47.425507 18.045943 0.526209 -0.775539 436.843 0 0
1500.0 68.029471 -64.900311 17.853959 0.222309 -1.000719 437.116 0 0
1500.0 52.019936 -55.845143 18.002813 -0.120112 -0.896776 436.518 0 0
1500.0 77.687681 -6.213855 18.369052 0.443984 -0.102020 436.401 0 0
1500.0 2.779283 8.708589 17.959451 -0.891182 0.109219 436.793 0 0
1500.0 107.664948 -6.259851 17.940676 0.844642 -0.078298 436.798 0 0
1500.0 110.265771 -27.286760 17.825491 0.848983 -0.361835 436.977 0 0
1500.0 102.647123 33.665146 17.825342 0.732807 0.565682 436.997 0 0
1500.0 95.118409 20.164442 18.010889 0.656874 0.269490 436.978 0 0
1500.0 93.356439 -29.356840 18.004434 0.636748 -0.458460 437.328 0 0
1500.0 25.051586 -22.982577 17.887789 -0.575717 -0.376760 437.274 0 0
1500.0 18.387502 -6.459415 17.887739 -0.678474 -0.121866 437.278 0 0
1500.0 39.164355 52.661709 17.957041 -0.363969 0.822455 437.182 0 0
1500.0 90.796833 -32.427051 18.021759 0.633495 -0.513574 436.512 0 0
1500.0 114.800188 -55.506180 17.969771 1.035888 -0.966535 437.232 0 0
1500.0 21.204854 35.409137 17.844840 -0.536779 0.573400 437.693 0 0
1500.0 114.338710 35.677349 17.932566 0.862068 0.592392 437.682 0 0
1500.0 59.909477 33.891731 18.314576 0.090233 0.580090 437.576 0 0
1500.0 47.168709 -60.134463 17.882856 -0.189660 -0.971292 437.663 0 0
1500.0 62.368249 63.409409 17.820616 0.118471 1.005711 437.817 0 0
1500.0 48.700140 -37.377306 18.209233 -0.135520 -0.628858 437.825 0 0
1500.0 53.582965 -32.474911 18.129811 -0.100097 -0.525247 437.631 0 0
1500.0 45.937418 -49.945361 17.881971 -0.251488 -0.786294 437.801 0 0
1500.0 97.772749 -33.278795 17.803267 0.676101 -0.539499 437.990 0 0
1500.0 42.458122 -28.301335 17.877551 -0.313134 -0.454238 437.741 0 0
1500.0 104.074404 -34.389335 17.822207 0.769788 -0.480724 437.662 0 0
1500.0 78.464875 6.839169 17.824067 0.393492 0.121379 437.770 0 0
1500.0 109.844140 -6.150373 18.042057 0.924429 -0.183749 437.488 0 0
1500.0 51.622393 -29.211409 17.985253 -0.040608 -0.461420 438.832 0 0
1500.0 76.924664 -8.362521 18.591836 0.408659 -0.114236 438.319 0 0
1500.0 71.634419 21.059908 18.126898 0.210518 0.352936 438.814 0 0
1500.0 84.673045 14.159759 17.909711 0.412421 0.260878 439.354 0 0
1500.0 67.395649 -44.310767 17.887536 0.131473 -0.696581 439.286 0 0
1500.0 24.465351 -70.589288 17.819283 -0.475405 -1.093982 438.529 0 0
1500.0 117.887479 26.580937 17.938919 0.962228 0.409852 439.278 0 0
1500.0 122.853164 -11.133034 17.930152 1.037031 -0.146980 439.257 0 0
1500.0 62.355735 -66.193486 17.879623 0.038125 -1.045721 438.725 0 0
1500.0 121.016516 2.061334 17.882161 1.019243 0.057708 438.607 0 0
1500.0 122.960324 -10.342255 17.806823 1.032332 -0.177644 439.163 0 0
1500.0 119.078127 6.583449 17.817606 0.983970 0.139481 438.422 0 0
1500.0 4.631329 17.093284 17.860389 -0.878743 0.283234 438.470 0 0
1500.0 99.123215 -50.229818 17.794181 0.680273 -0.780299 439.575 0 0
1500.0 70.466413 -6.123977 18.295167 0.320130 -0.124649 438.380 0 0
1500.0 86.932735 -42.601073 18.070271 0.459171 -0.718390 439.054 0 0
1500.0 103.983277 -3.782419 17.890696 0.748338 -0.126604 438.078 0 0
1500.0 73.618634 -57.327246 17.878017 0.313510 -0.894537 439.233 0 0
1500.0 18.433590 12.510474 17.872175 -0.681741 0.178274 438.158 0 0
1500.0 90.940894 7.465419 17.941461 0.588427 0.154134 438.188 0 0
1500.0 60.542274 -17.197220 18.120222 0.113202 -0.331285 438.703 0 0
1500.0 91.229342 6.354304 18.037605 0.612921 0.098332 438.827 0 0
1500.0 63.355719 31.296559 17.955193 0.165804 0.520539 438.450 0 0
1500.0 48.452224 17.973137 18.190747 -0.175648 0.287372 439.506 0 0
1500.0 185.146926 -12.279242 17.933577 2.053978 -0.208291 438.973 0 0
1500.0 60.929263 -37.617947 17.844716 0.072604 -0.655208 439.420 0 0
1500.0 120.642200 17.982760 17.936735 1.019889 0.363370 439.200 0 0
1500.0 68.015431 -50.676451 17.879950 0.220146 -0.871969 438.876 0 0
1500.0 62.521551 2.089395 18.422444 0.145054 -0.030012 439.999 0 0
1500.0 66.432653 -1.113046 17.930697 0.170839 -0.063832 439.781 0 0
1500.0 54.051814 -11.554763 18.319903 -0.045718 -0.204928 440.402 0 0
1500.0 48.096645 -12.012480 17.899466 -0.139421 -0.236889 440.239 0 0
1500.0 64.717862 43.749623 17.966673 0.069120 0.671906 439.983 0 0
1500.0 116.338609 -29.507142 17.991009 0.949852 -0.443445 439.889 0 0
1500.0 99.395622 51.707589 17.814565 0.672299 0.802516 439.879 0 0
1500.0 109.243863 -21.957662 18.273578 0.883983 -0.355063 440.395 0 0
1500.0 113.968944 29.205605 17.937848 0.860317 0.511382 439.682 0 0
1500.0 118.808704 -20.125054 17.922824 0.984598 -0.262649 440.422 0 0
1500.0 102.261056 1.038491 18.293883 0.798645 0.009358 440.248 0 0
1500.0 109.558514 27.322819 17.921569 0.826305 0.478101 440.027 0 0
1500.0 101.367155 -5.402947 17.874781 0.748940 -0.083320 439.916 0 0
1500.0 68.382587 -1.801865 18.086071 0.115914 -0.037590 440.223 0 0
1500.0 30.925342 14.315956 17.843279 -0.497118 0.203080 440.144 0 0
1500.0 35.924784 -22.890508 17.842486 -0.418923 -0.375745 440.201 0 0
1500.0 111.680225 41.012189 18.030777 0.928878 0.750113 439.894 0 0
1500.0 69.431138 9.981874 18.194007 0.248105 0.185289 440.712 0 0
1500.0 122.508340 1.886823 17.992154 1.028296 0.016734 440.687 0 0
1500.0 -4.208435 8.709833 17.856673 -0.998779 0.158416 440.656 0 0
1500.0 52.076239 -45.007759 17.911326 -0.038245 -0.754489 440.708 0 0
1500.0 74.900288 -20.904617 17.972791 0.321207 -0.387845 440.491 0 0
1500.0 123.393318 14.070450 17.927602 1.078017 0.162308 440.641 0 0
1500.0 104.415241 -19.050962 18.047876 0.876480 -0.290126 440.596 0 0
1500.0 49.881926 14.138402 17.977058 -0.137767 0.252884 440.805 0 0
1500.0 73.211440 -20.848440 18.009217 0.293694 -0.327581 441.052 0 0
1500.0 117.877052 21.489282 17.913655 0.945448 0.337996 440.831 0 0
1500.0 56.185699 62.573788 17.795511 0.009965 0.966872 440.855 0 0
1500.0 84.610958 15.826603 18.827137 0.486831 0.296963 440.867 0 0
1500.0 92.332780 55.992018 17.921365 0.584495 0.865475 441.005 0 0
1500.0 9.155215 30.415001 17.912540 -0.763126 0.527530 441.018 0 0
1500.0 197.122764 71.385846 17.871122 2.235281 1.180978 441.104 0 0
1500.0 88.510297 10.614034 18.293070 0.595735 0.155410 441.201 0 0
1500.0 91.852337 11.764657 17.945458 0.595487 0.131673 441.212 0 0
1500.0 126.149052 23.469030 18.063618 1.124827 0.445758 441.283 0 0
1500.0 24.751794 -29.332257 17.922414 -0.539923 -0.433004 441.490 0 0
1500.0 121.041573 19.918579 17.798089 1.000130 0.307708 441.565 0 0
1500.0 82.125664 53.039851 17.815187 0.440756 0.816509 441.391 0 0
1500.0 112.550313 4.937401 17.897503 0.886661 0.145282 441.401 0 0
1500.0 123.579448 6.061073 17.826087 1.037269 0.087064 442.135 0 0
1500.0 59.158400 61.947223 17.802277 0.085670 0.963979 441.727 0 0
1500.0 10.200068 35.187901 17.826044 -0.798953 0.514593 441.815 0 0
1500.0 108.624355 23.919781 17.946437 0.849198 0.320817 441.795 0 0
1500.0 88.662949 -10.979419 17.888151 0.550409 -0.169302 442.089 0 0
1500.0 76.824007 13.193541 18.053937 0.317601 0.280676 442.142 0 0
1500.0 80.961813 -31.256692 17.834332 0.334785 -0.559395 441.954 0 0
1500.0 51.760582 -60.012722 17.826422 -0.177849 -0.926306 441.955 0 0
1500.0 111.887743 -27.874092 18.080143 0.957509 -0.411669 441.890 0 0
1500.0 93.161376 28.208488 17.859983 0.509591 0.468998 442.313 0 0
1500.0 113.195545 -7.911604 17.875788 0.912858 -0.087668 442.286 0 0
1500.0 103.264217 -1.140203 17.861753 0.741078 0.047812 442.284 0 0
1500.0 53.651860 -2.437587 18.139501 -0.102751 -0.055609 442.254 0 0
1500.0 67.471442 -4.482248 18.139332 0.110401 -0.087134 442.265 0 0
1500.0 141.646060 42.741838 17.859986 1.390914 0.633261 442.264 0 0
1500.0 108.046051 -36.603583 18.086114 0.868454 -0.672935 442.239 0 0
1500.0 85.557520 -20.999767 18.107343 0.533263 -0.317270 442.334 0 0
1500.0 99.693015 -16.884498 18.159509 0.664687 -0.284389 442.439 0 0
1500.0 79.524282 48.985808 17.881646 0.343494 0.761948 442.422 0 0
1500.0 109.728500 27.517885 17.802270 0.805369 0.367515 442.361 0 0
1500.0 106.291689 -20.981010 18.045104 0.831726 -0.306686 442.414 0 0
1500.0 70.874143 12.524247 18.176680 0.283873 0.155972 443.180 0 0
1500.0 63.914970 -6.448098 18.017009 0.089592 -0.157367 443.257 0 0
1500.0 87.993354 -29.578434 18.151837 0.493584 -0.474640 442.864 0 0
1500.0 89.393474 -28.394613 17.998685 0.461214 -0.468073 443.287 0 0
1500.0 91.372641 27.008006 17.874356 0.545171 0.373545 442.871 0 0
1500.0 71.861765 -37.454145 17.822821 0.161131 -0.591264 443.565 0 0
1500.0 24.546461 11.248413 17.955524 -0.533687 0.169338 443.655 0 0
1500.0 40.119912 -63.561361 17.827459 -0.235578 -0.997341 443.281 0 0
1500.0 61.228201 -85.991080 17.791988 -0.026443 -1.293374 443.400 0 0
1500.0 6.787107 -42.059708 17.820554 -0.829468 -0.640943 443.504 0 0
1500.0 -1.025256 24.477779 17.822208 -0.958468 0.348184 442.557 0 0
1500.0 91.696984 0.808638 18.250400 0.638411 -0.007800 442.534 0 0
1500.0 94.951313 -22.960842 18.102205 0.672370 -0.344968 442.764 0 0
1500.0 110.438800 20.771796 17.853384 0.840158 0.380159 443.167 0 0
1500.0 62.845137 2.541678 18.272302 0.059694 0.065378 442.967 0 0
1500.0 40.565721 -50.944620 17.835783 -0.342757 -0.772711 443.044 0 0
1500.0 56.431101 28.240360 17.844703 0.009986 0.506515 442.760 0 0
1500.0 90.628046 -1.930752 18.006659 0.542989 0.045372 443.200 0 0
1500.0 99.672731 5.458690 17.824893 0.690813 0.144849 443.094 0 0
1500.0 25.159441 -23.274612 17.808182 -0.585615 -0.331422 443.255 0 0
1500.0 84.179666 12.380883 17.841197 0.477446 0.159193 443.578 0 0
1500.0 70.367417 78.503330 17.909131 0.259170 1.288420 443.071 0 0
1500.0 45.345993 41.197390 18.072264 -0.272507 0.679404 443.017 0 0
1500.0 168.428977 -89.103311 17.929314 1.859379 -1.569910 443.228 0 0
1500.0 107.099648 -30.059889 18.442209 0.923504 -0.596156 443.591 0 0
1500.0 73.867125 -1.495658 18.162220 0.292179 -0.080675 443.782 0 0
1500.0 66.750401 -11.815519 18.022648 0.201904 -0.199054 443.773 0 0
1500.0 36.055290 -16.905093 17.895384 -0.368362 -0.256789 443.893 0 0
1500.0 30.910617 -16.794574 17.841776 -0.436267 -0.280413 443.853 0 0
1500.0 39.850711 -26.483003 17.957729 -0.313400 -0.368888 443.953 0 0
1500.0 113.713292 35.025891 17.913676 0.898742 0.533757 443.765 0 0
1500.0 94.124033 33.435081 17.833083 0.582405 0.576246 443.953 0 0
1500.0 32.670864 9.941508 18.214664 -0.404759 0.186950 443.783 0 0
1500.0 98.853223 -8.204540 17.839890 0.652382 -0.052970 443.881 0 0
1500.0 61.480719 -6.518183 18.009838 0.069122 -0.159496 444.152 0 0
1500.0 59.081093 -6.542755 18.562023 0.049630 -0.139812 444.029 0 0
1500.0 63.765627 -21.283965 17.846061 0.080960 -0.368248 444.619 0 0
1500.0 84.959746 51.153194 17.920681 0.424580 0.796853 444.294 0 0
1500.0 46.851550 65.062990 17.833921 -0.170808 1.030739 444.456 0 0
1500.0 121.985699 -14.846865 17.850130 1.003553 -0.277502 444.410 0 0
1500.0 -56.428480 51.711663 17.815790 -1.747426 0.828545 445.020 0 0
1500.0 29.169943 51.320073 17.861510 -0.473395 0.840375 444.699 0 0
1500.0 22.968489 -47.685837 17.796817 -0.608818 -0.697686 444.397 0 0
1500.0 76.393945 -7.237207 18.176185 0.389762 -0.154079 444.223 0 0
1500.0 106.831219 1.592697 17.869770 0.828677 0.020130 444.446 0 0
1500.0 93.954755 -8.518917 17.898228 0.638320 -0.147852 444.608 0 0
1500.0 55.477718 -23.999477 17.995157 -0.006248 -0.447610 444.570 0 0
1500.0 52.212268 -30.208862 17.931975 -0.154343 -0.481874 444.566 0 0
1500.0 20.560239 -12.934111 17.828165 -0.615733 -0.270035 444.639 0 0
1500.0 47.618799 -26.568467 17.979667 -0.219959 -0.411949 444.985 0 0
1500.0 48.797319 21.166090 17.993817 -0.193040 0.391180 444.690 0 0
1500.0 88.224940 -1.908036 17.948925 0.579096 0.006786 444.690 0 0
1500.0 122.689932 -22.128946 18.380426 1.236064 -0.359448 444.676 0 0
1500.0 36.776182 -62.651630 17.846951 -0.321770 -0.993592 445.135 0 0
1500.0 100.863915 47.183456 17.809198 0.686848 0.765321 445.202 0 0
1500.0 76.374497 39.739042 18.437595 0.333269 0.714310 445.132 0 0
1500.0 119.003291 24.649359 17.821464 0.924699 0.423630 445.372 0 0
1500.0 84.638293 6.144919 18.849829 0.514034 0.137946 446.691 0 0
1500.0 56.181575 26.622217 18.026951 -0.069189 0.388043 446.482 0 0
1500.0 84.244446 27.083642 17.939163 0.427820 0.431580 445.642 0 0
1500.0 91.108427 42.969094 17.968130 0.495552 0.679821 445.806 0 0
1500.0 97.566271 -37.915469 17.906751 0.612639 -0.599399 445.735 0 0
1500.0 96.834081 14.964907 17.884777 0.637820 0.213293 445.898 0 0
1500.0 95.231034 40.848728 17.878660 0.601573 0.613516 446.500 0 0
1500.0 123.620883 11.231079 17.847802 0.999321 0.225869 445.878 0 0
1500.0 124.019107 -20.124530 17.808074 1.019827 -0.239701 446.111 0 0
1500.0 99.159836 21.210663 17.912260 0.685398 0.361859 445.699 0 0
1500.0 10.735799 -45.928752 17.793653 -0.768635 -0.699790 446.717 0 0
1500.0 -5.388954 -5.281972 17.791322 -1.024901 -0.050652 445.427 0 0
1500.0 114.529064 -25.421190 17.860709 0.928416 -0.385889 445.719 0 0
1500.0 109.588829 -41.000747 17.858512 0.844769 -0.612959 446.465 0 0
1500.0 34.307847 -54.116608 17.910681 -0.333227 -0.891207 445.830 0 0
1500.0 56.698804 -60.402398 17.974074 0.012246 -0.979069 446.664 0 0
1500.0 4.826389 -26.665370 17.913448 -0.864655 -0.415309 446.374 0 0
1500.0 11.401840 -37.711444 17.814056 -0.739768 -0.638485 446.196 0 0
1500.0 52.023992 44.370212 18.035995 -0.085755 0.749210 445.789 0 0
1500.0 3.570640 7.226141 17.953940 -0.869770 0.062885 446.274 0 0
1500.0 43.841790 -52.402098 17.953529 -0.258207 -0.841760 446.321 0 0
1500.0 50.282548 -43.953236 17.807361 -0.069923 -0.734966 445.418 0 0
1500.0 37.405575 -3.902576 17.887009 -0.344498 0.011915 445.628 0 0
1500.0 93.430689 52.125327 17.909078 0.640785 0.840461 446.049 0 0
1500.0 120.595051 48.959268 17.840569 1.046965 0.814736 446.439 0 0
1500.0 174.652321 -74.993442 17.898304 1.960727 -1.234975 445.970 0 0
1500.0 152.575012 -47.188869 17.879310 1.625664 -0.772975 446.015 0 0
1500.0 78.075546 -26.468230 18.443153 0.379763 -0.521633 446.397 0 0
1500.0 128.648798 -41.029370 18.157721 1.305240 -0.752514 445.864 0 0
1500.0 -7.517816 -1.149783 17.793805 -1.036054 -0.041057 446.788 0 0
1500.0 97.427382 30.127778 17.910705 0.647997 0.486324 446.892 0 0
1500.0 82.169263 51.865573 17.869144 0.316009 0.870589 446.882 0 0
1500.0 88.711946 51.821547 18.025855 0.464905 0.847460 446.973 0 0
1500.0 -55.399714 79.610677 17.863133 -1.823081 1.281663 446.995 0 0
1500.0 42.143274 -23.836259 17.863230 -0.316285 -0.339924 447.034 0 0
1500.0 -16.051648 105.718827 17.941452 -1.181523 1.746131 446.990 0 0
1500.0 70.578674 -16.578803 18.212639 0.194289 -0.283332 447.939 0 0
1500.0 54.864563 -23.378554 18.019093 -0.088829 -0.345529 447.469 0 0
1500.0 73.357319 5.739430 18.064035 0.307266 0.088371 448.392 0 0
1500.0 59.410343 35.071635 17.855604 0.013418 0.563539 447.565 0 0
1500.0 88.882248 3.575752 18.110133 0.530287 0.052838 448.971 0 0
1500.0 40.525968 -50.297192 17.858271 -0.258518 -0.787221 447.271 0 0
1500.0 107.183252 -1.380985 17.864719 0.746779 -0.073577 447.702 0 0
1500.0 74.010666 30.040048 18.024045 0.284139 0.476855 448.905 0 0
1500.0 86.692712 -45.367029 17.864649 0.411284 -0.691425 449.873 0 0
1500.0 91.883764 41.225376 17.857739 0.523820 0.648447 447.484 0 0
1500.0 96.586460 37.215830 17.831990 0.589280 0.602464 447.364 0 0
1500.0 53.946650 55.446296 17.874443 -0.106243 0.837735 448.624 0 0
1500.0 38.413847 61.009576 17.867035 -0.332782 0.931194 447.559 0 0
1500.0 22.754985 54.446618 17.865861 -0.561600 0.839294 447.302 0 0
1500.0 81.058133 22.133977 17.921077 0.395703 0.358040 448.993 0 0
1500.0 36.567677 -41.367161 17.809573 -0.375151 -0.610711 449.164 0 0
1500.0 13.890395 34.865470 17.799154 -0.703908 0.527957 448.429 0 0
1500.0 14.539335 10.105382 17.806839 -0.686689 0.170497 449.231 0 0
1500.0 48.972061 15.315173 17.818184 -0.195423 0.241341 450.137 0 0
1500.0 61.534308 -22.135599 17.853725 0.061483 -0.379129 450.288 0 0
1500.0 115.808735 6.253491 17.825799 0.893885 0.058670 449.071 0 0
1500.0 123.691724 -7.894962 17.817825 1.031882 -0.148016 447.395 0 0
1500.0 19.158740 -51.816268 17.810483 -0.613743 -0.839964 447.131 0 0
1500.0 -4.722134 -23.614132 17.810021 -0.962126 -0.415915 447.677 0 0
1500.0 101.875730 11.847874 18.215884 0.783984 0.161002 447.562 0 0
1500.0 145.334906 22.495193 17.859389 1.377182 0.293959 447.712 0 0
1500.0 111.527898 -5.402668 17.877786 0.894108 -0.078133 447.277 0 0
1500.0 119.688267 24.497915 17.864168 0.935615 0.423836 450.083 0 0
1500.0 85.754208 -34.577265 18.115474 0.510863 -0.569392 448.184 0 0
1500.0 23.857362 -43.381133 17.854596 -0.500654 -0.733156 447.545 0 0
1500.0 67.968670 61.388792 17.846849 0.112984 0.988219 448.498 0 0
1500.0 123.572572 10.436704 17.793757 1.034380 0.137335 450.060 0 0
1500.0 85.258054 56.745101 17.870034 0.488798 0.869444 448.747 0 0
1500.0 135.650066 12.004616 17.824986 1.237179 0.171675 449.295 0 0
1500.0 61.148983 -23.674856 18.148201 0.141317 -0.419367 447.894 0 0
1500.0 13.683963 45.344046 17.840187 -0.730837 0.710054 449.576 0 0
1500.0 59.718836 31.583996 18.188170 0.063725 0.552336 449.074 0 0
1500.0 112.631315 11.564446 17.959600 0.894360 0.229428 449.186 0 0
1500.0 103.841064 -9.311407 17.818232 0.741948 -0.210657 447.893 0 0
1500.0 77.476095 -60.523146 17.805381 0.326318 -0.972714 449.721 0 0
1500.0 109.524110 -33.402728 18.013163 0.865096 -0.510838 450.346 0 0
1500.0 78.963573 -60.994771 17.881165 0.351285 -0.974927 450.455 0 0
1500.0 61.110577 -24.353444 17.905317 0.089454 -0.448936 447.570 0 0
1500.0 84.916587 -1.374821 18.466329 0.549359 0.022232 450.100 0 0
1500.0 86.051442 -6.754731 18.465746 0.566018 -0.058467 450.144 0 0
1500.0 85.035887 -42.345286 17.899806 0.372421 -0.713048 447.814 0 0
1500.0 111.976421 3.361269 17.996264 0.909667 0.069301 449.836 0 0
1500.0 77.067239 7.787326 18.014556 0.392555 0.139492 448.216 0 0
1500.0 134.005687 -29.462561 17.848556 1.271740 -0.431184 447.117 0 0
1500.0 -1.378362 3.157612 17.920870 -0.967118 -0.003369 448.676 0 0
1500.0 65.780544 32.409292 17.983319 0.081124 0.551084 449.181 0 0
1500.0 72.710563 -22.716619 18.055864 0.184374 -0.380738 449.267 0 0
1500.0 29.193998 -37.465976 17.884838 -0.500509 -0.614652 450.085 0 0
1500.0 42.671183 -37.515165 17.876624 -0.251215 -0.653309 449.744 0 0
1500.0 44.838752 2.200425 18.036052 -0.242420 -0.009985 449.683 0 0
1500.0 98.870838 -34.630753 18.158616 0.659485 -0.615720 449.435 0 0
1500.0 111.209760 28.429716 18.145751 0.937299 0.465742 450.204 0 0
1500.0 55.527767 42.412176 18.054026 -0.102767 0.720103 447.381 0 0
1500.0 27.032212 119.272560 17.879299 -0.486202 2.013547 449.587 0 0
1500.0 116.366600 -23.500696 18.097304 1.057915 -0.352115 448.968 0 0
1500.0 111.943323 57.044927 17.972358 0.931716 1.035474 448.048 0 0
1500.0 134.645068 22.621159 18.233986 1.415056 0.395690 447.989 0 0
1500.0 110.152093 60.085210 17.940215 0.868028 1.070432 449.842 0 0
1500.0 116.576269 -10.796178 18.011564 1.000670 -0.256144 450.005 0 0
1500.0 30.905841 16.929915 18.402726 -0.456864 0.346105 450.358 0 0
1500.0 88.684720 -11.537246 17.961008 0.585803 -0.147180 450.400 0 0
1500.0 78.118092 -0.570416 18.491351 0.410820 0.015478 451.046 0 0
1500.0 77.931166 23.552037 18.366882 0.316178 0.387373 450.869 0 0
1500.0 95.071542 0.022429 17.900265 0.596793 -0.014532 450.986 0 0
1500.0 84.633994 44.654465 17.909191 0.443096 0.678060 450.547 0 0
1500.0 91.449054 -12.922140 17.891140 0.503064 -0.237532 452.920 0 0
1500.0 70.724273 14.631241 17.897295 0.253572 0.208052 452.888 0 0
1500.0 105.802029 -38.205240 17.858854 0.731264 -0.611834 450.836 0 0
1500.0 44.840914 14.832701 17.942399 -0.231175 0.243297 453.272 0 0
1500.0 -8.719407 16.205922 17.813617 -1.017248 0.267642 451.559 0 0
1500.0 38.199500 -9.184153 18.054486 -0.283383 -0.187327 453.969 0 0
1500.0 42.137406 1.745644 18.233574 -0.230259 0.058221 454.839 0 0
1500.0 9.503767 41.076405 17.899618 -0.734367 0.650588 451.410 0 0
1500.0 33.940842 36.298904 17.913616 -0.372544 0.567839 453.091 0 0
1500.0 108.947971 43.440164 17.795025 0.812666 0.619062 450.575 0 0
1500.0 96.896271 -9.045383 18.843788 0.751321 -0.181718 451.098 0 0
1500.0 77.784907 45.806426 17.966453 0.344335 0.698371 453.755 0 0
1500.0 119.465088 23.213059 17.953245 0.963107 0.391348 451.555 0 0
1500.0 55.354500 -33.158070 17.827095 -0.005030 -0.528127 454.052 0 0
1500.0 118.245783 -23.955193 18.010749 0.981327 -0.365109 451.278 0 0
1500.0 48.697383 -66.149686 17.880475 -0.098339 -1.043488 450.979 0 0
1500.0 84.974626 -6.757055 17.902000 0.434375 -0.046105 454.885 0 0
1500.0 98.654051 -5.422172 18.459283 0.748998 -0.038175 450.680 0 0
1500.0 102.360411 43.167567 17.897667 0.694220 0.709320 450.916 0 0
1500.0 98.480190 -54.110792 17.838102 0.674685 -0.802254 451.083 0 0
1500.0 123.605544 5.631832 17.838104 1.045037 0.081410 451.168 0 0
1500.0 122.498568 11.096724 17.839096 1.018612 0.160562 451.837 0 0
1500.0 112.435528 -33.450862 17.841326 0.864063 -0.487017 452.417 0 0
1500.0 91.128765 12.910462 17.859856 0.538378 0.179973 454.543 0 0
1500.0 116.044880 1.731466 17.982595 0.917943 0.015251 454.158 0 0
1500.0 116.128002 -20.896972 18.002877 0.962596 -0.310700 451.416 0 0
1500.0 47.804372 -51.833422 17.894248 -0.141561 -0.836139 452.503 0 0
1500.0 44.412287 53.311305 17.834260 -0.199019 0.833951 454.459 0 0
1500.0 85.501332 16.046491 18.552810 0.500161 0.312584 452.175 0 0
1500.0 24.207753 -55.413442 17.872661 -0.561105 -0.865397 451.929 0 0
1500.0 76.968410 -58.631360 17.865060 0.259491 -0.914290 454.337 0 0
1500.0 87.181512 49.719177 17.922055 0.525863 0.773199 451.231 0 0
1500.0 12.834010 -17.571207 18.020425 -0.725092 -0.310697 450.873 0 0
1500.0 80.922628 -30.601624 18.192022 0.421078 -0.535167 451.144 0 0
1500.0 38.536329 -33.462253 18.084671 -0.326546 -0.555951 450.763 0 0
1500.0 119.543277 -21.670893 17.989901 0.994052 -0.331257 453.870 0 0
1500.0 63.514131 50.028561 18.056337 0.120816 0.832249 451.688 0 0
1500.0 82.674398 61.508846 17.839339 0.344571 0.970236 454.117 0 0
1500.0 114.920197 32.772470 17.834928 0.916368 0.564560 451.047 0 0
1500.0 87.245376 28.864341 18.005493 0.461261 0.518128 451.085 0 0
1500.0 22.335164 -54.573446 17.864945 -0.515096 -0.888842 452.743 0 0
1500.0 111.322106 -40.372813 17.863747 0.805882 -0.669873 453.427 0 0
1500.0 57.757848 24.446423 18.109088 0.078144 0.437149 450.912 0 0
1500.0 8.761290 -21.136204 17.840911 -0.829334 -0.326094 451.197 0 0
1500.0 122.441734 -11.588649 17.862241 1.018833 -0.220563 453.375 0 0
1500.0 101.126640 0.735769 17.877780 0.727873 -0.038831 450.997 0 0
1500.0 4.955605 17.929139 17.807385 -0.886551 0.262720 451.873 0 0
1500.0 66.906004 -41.050314 18.108930 0.118605 -0.679391 452.369 0 0
1500.0 71.036867 -17.180873 17.855852 0.282294 -0.277157 450.781 0 0
1500.0 38.279314 123.020968 17.866837 -0.366000 1.944428 451.665 0 0
1500.0 107.019522 -44.230774 17.804661 0.780428 -0.698237 454.812 0 0
1500.0 68.903296 8.904164 17.833700 0.230745 0.092075 450.879 0 0
1500.0 78.462931 -25.777930 17.825803 0.377509 -0.448125 451.414 0 0
1500.0 84.860846 -60.670893 17.805125 0.450813 -0.936401 455.152 0 0
1500.0 80.678969 -58.430923 17.806944 0.398777 -0.925367 453.543 0 0
1500.0 94.638403 -39.998013 17.812633 0.617407 -0.656862 452.632 0 0
1500.0 69.682291 -65.725284 17.805434 0.227248 -1.008684 455.288 0 0
1500.0 87.573491 42.701056 17.889002 0.516559 0.699941 452.784 0 0
1500.0 37.469038 62.731059 17.885229 -0.329417 0.993661 455.018 0 0
1500.0 6.477841 -38.628107 17.858778 -0.827101 -0.616760 454.497 0 0
1500.0 85.706933 -2.679724 18.182930 0.481334 -0.116383 452.998 0 0
1500.0 24.748652 -58.303620 17.791111 -0.575282 -0.855138 454.296 0 0
1500.0 1.246745 16.444379 17.794241 -0.937594 0.267884 453.575 0 0
1500.0 23.065367 26.571101 17.805008 -0.618916 0.429519 452.311 0 0
1500.0 60.532238 69.427590 17.790080 -0.038631 1.047572 455.022 0 0
1500.0 64.489865 -42.955268 18.084422 0.073632 -0.703385 453.397 0 0
1500.0 21.034675 6.821037 18.033189 -0.613801 0.129104 453.062 0 0
1500.0 118.216185 22.061603 17.897545 0.927972 0.402971 454.773 0 0
1500.0 74.135971 0.483493 17.973388 0.332956 -0.034282 452.415 0 0
1500.0 43.064937 -25.681144 18.124721 -0.267389 -0.383965 453.324 0 0
1500.0 68.359302 -58.015424 17.802236 0.219229 -0.920580 453.983 0 0
1500.0 52.782654 -67.182176 17.820716 -0.153016 -1.015170 455.181 0 0
1500.0 89.105608 -44.104137 18.005427 0.552416 -0.712251 454.721 0 0
1500.0 78.641326 -32.741910 17.948976 0.381914 -0.562062 453.523 0 0
1500.0 67.028212 23.506032 18.328571 0.225138 0.428556 454.559 0 0
1500.0 49.409275 4.281088 17.915271 -0.203039 0.076076 452.637 0 0
1500.0 79.479917 -47.628581 18.097642 0.344297 -0.811750 453.227 0 0
1500.0 104.291644 -32.565172 17.915637 0.744702 -0.560628 454.794 0 0
1500.0 116.395352 17.455303 17.904110 0.955236 0.228004 455.359 0 0
1500.0 97.204219 -16.435196 17.889186 0.684094 -0.230829 454.338 0 0
1500.0 80.717352 -2.081540 17.997182 0.341655 -0.104147 451.874 0 0
1500.0 22.921291 32.962401 17.832161 -0.536261 0.583822 454.938 0 0
1500.0 77.705452 28.854116 17.906265 0.246994 0.486653 455.028 0 0
1500.0 97.796210 -4.849345 18.177022 0.660145 -0.155699 453.462 0 0
1500.0 60.186154 -43.971873 17.903376 -0.022095 -0.783799 451.617 0 0
1500.0 36.734565 -70.369480 17.864833 -0.292765 -1.189073 453.826 0 0
1500.0 97.709387 -10.340814 18.318307 0.768329 -0.126945 453.578 0 0
1500.0 101.223888 38.099611 17.992013 0.720103 0.710243 452.532 0 0
1500.0 67.327227 -18.274643 17.936416 0.087137 -0.330804 454.948 0 0
1500.0 136.840868 -28.843887 18.002662 1.367431 -0.476932 455.173 0 0
1500.0 88.210371 68.536836 18.202638 0.595701 1.197556 453.755 0 0
1500.0 60.292933 -119.653106 17.926341 0.105771 -2.009581 454.824 0 0
1500.0 97.464720 -32.073481 17.997239 0.656843 -0.634319 452.399 0 0
1500.0 98.067591 1.157523 17.945784 0.728886 -0.032163 454.628 0 0
1500.0 82.131248 -19.346767 17.982513 0.487633 -0.299229 453.764 0 0
1500.0 37.271532 -79.032879 17.980743 -0.425885 -1.318339 455.107 0 0
1500.0 126.087719 -20.309477 18.286077 1.276872 -0.412293 454.042 0 0
1500.0 80.154532 -6.900397 18.104709 0.402916 -0.061823 455.440 0 0
1500.0 99.823617 10.690592 17.957200 0.657529 0.194521 455.494 0 0
1500.0 45.208961 -5.422694 18.059251 -0.214934 -0.102113 456.788 0 0
1500.0 36.666341 -31.695919 17.989444 -0.303644 -0.509342 455.998 0 0
1500.0 50.179307 -25.279982 18.091451 -0.134605 -0.390275 457.576 0 0
1500.0 54.365562 -27.369976 17.982442 0.009125 -0.435809 457.141 0 0
1500.0 117.994767 -0.665046 17.946318 0.944600 0.006626 455.506 0 0
1500.0 68.779222 -60.442404 17.804670 0.209620 -0.906163 456.665 0 0
1500.0 47.787602 -61.960420 17.810492 -0.092450 -0.938287 456.390 0 0
1500.0 88.555908 -17.569961 17.826485 0.484412 -0.290435 458.061 0 0
1500.0 46.782204 -66.250049 17.806373 -0.108213 -1.011891 455.590 0 0
1500.0 93.200595 52.060339 17.883197 0.571107 0.798920 456.370 0 0
1500.0 55.941504 -5.431425 18.189100 0.023774 -0.142213 460.462 0 0
1500.0 10.956122 -46.334321 17.792546 -0.760820 -0.657496 456.151 0 0
1500.0 18.156111 -44.475939 17.798339 -0.646842 -0.621749 457.106 0 0
1500.0 39.215567 -20.504223 18.093052 -0.283036 -0.328384 459.982 0 0
1500.0 83.973405 25.783173 17.916715 0.389714 0.430188 459.196 0 0
1500.0 101.161809 -8.318783 18.612226 0.804573 -0.150859 456.297 0 0
1500.0 18.804686 55.684301 17.820181 -0.648219 0.807988 456.593 0 0
1500.0 98.800317 -52.155235 17.900374 0.675658 -0.801076 456.833 0 0
1500.0 65.039265 -32.566609 17.923570 0.170314 -0.488119 460.281 0 0
1500.0 112.330532 1.168217 18.296206 0.939346 0.016018 456.774 0 0
1500.0 116.532747 -18.253986 17.851013 0.952439 -0.239475 455.533 0 0
1500.0 122.930110 17.410321 17.839113 0.974054 0.323490 457.792 0 0
1500.0 106.602848 -38.304215 17.899405 0.764433 -0.599309 458.815 0 0
1500.0 117.619154 -26.896166 17.895159 0.946894 -0.445974 457.084 0 0
1500.0 100.213257 6.169359 17.913664 0.656658 0.040887 460.469 0 0
1500.0 80.178614 -57.676988 17.960255 0.353334 -0.936505 456.627 0 0
1500.0 102.842111 -28.372620 17.880859 0.680525 -0.487783 458.024 0 0
1500.0 49.944024 -50.025009 17.881481 -0.096783 -0.818189 456.952 0 0
1500.0 102.247308 48.430487 17.819598 0.663653 0.797420 456.921 0 0
1500.0 55.575638 57.862033 17.824267 -0.033510 0.953293 455.860 0 0
1500.0 123.489416 11.812637 17.861628 1.031462 0.141585 458.208 0 0
1500.0 119.875079 20.579907 17.829984 0.975758 0.291849 458.793 0 0
1500.0 77.778501 -1.398002 18.249816 0.407641 0.035227 455.998 0 0
1500.0 110.105521 15.333320 18.113638 0.857060 0.259409 459.363 0 0
1500.0 10.546386 33.981974 17.889324 -0.774329 0.551977 456.684 0 0
1500.0 76.532753 53.537757 17.892827 0.224641 0.853490 456.226 0 0
1500.0 7.392476 39.215246 17.919584 -0.803381 0.628254 457.567 0 0
1500.0 91.173905 52.739232 17.827405 0.495400 0.833895 460.132 0 0
1500.0 49.330383 65.182255 17.823902 -0.111460 1.026283 459.302 0 0
1500.0 88.397486 53.430321 17.828091 0.454466 0.842493 460.247 0 0
1500.0 82.964539 16.846154 18.258523 0.509556 0.241125 456.964 0 0
1500.0 115.868992 34.407556 17.795852 0.908406 0.455105 457.621 0 0
1500.0 115.617008 16.128632 17.820852 0.925143 0.296964 457.225 0 0
1500.0 45.365045 -39.027020 18.096260 -0.224403 -0.632962 456.826 0 0
1500.0 79.926887 -29.996027 17.845860 0.405217 -0.506847 455.887 0 0
1500.0 45.290693 19.332685 18.107519 -0.235219 0.314993 456.380 0 0
1500.0 121.607168 -19.335330 17.856005 1.014018 -0.265427 459.338 0 0
1500.0 -7.947118 -1.134423 17.805825 -1.002533 0.044659 460.355 0 0
1500.0 -9.244746 5.458111 17.803248 -1.038445 0.143015 459.230 0 0
1500.0 124.089893 4.441448 17.893954 1.032497 0.110589 460.283 0 0
1500.0 86.543971 -15.041683 17.915781 0.512423 -0.184702 456.425 0 0
1500.0 102.086307 31.497481 17.990945 0.723326 0.536202 458.820 0 0
1500.0 51.693502 -30.822375 17.836562 -0.168118 -0.507749 456.974 0 0
1500.0 75.457237 -42.961620 17.830199 0.196948 -0.688642 457.590 0 0
1500.0 92.472379 -18.853501 18.127770 0.568310 -0.362971 457.955 0 0
1500.0 110.391501 -11.974265 18.014595 0.871362 -0.230880 458.791 0 0
1500.0 105.791143 4.174978 18.019028 0.807883 0.012880 458.304 0 0
1500.0 94.383015 -26.018223 18.020386 0.635737 -0.446939 458.174 0 0
1500.0 111.203792 -30.999933 18.008841 0.871246 -0.510693 459.732 0 0
1500.0 72.100678 -46.333271 18.018911 0.295738 -0.754710 458.316 0 0
1500.0 93.746450 -11.657270 18.024681 0.629615 -0.229523 457.802 0 0
1500.0 -58.931505 27.336181 17.836987 -1.876289 0.446575 457.386 0 0
1500.0 51.564001 -3.751393 18.110137 -0.133766 -0.024551 457.332 0 0
1500.0 100.023094 24.053908 17.870605 0.654555 0.445758 457.853 0 0
1500.0 110.915442 21.442220 18.154311 0.903514 0.330047 460.031 0 0
1500.0 108.161181 -18.810286 18.109214 0.838585 -0.339092 459.660 0 0
1500.0 65.914223 -79.436402 17.882142 0.176920 -1.292143 457.566 0 0
1500.0 122.231062 50.552147 18.143720 1.127894 0.856313 455.875 0 0
1500.0 102.020376 15.069150 17.892063 0.758560 0.222703 458.738 0 0
1500.0 108.322641 -9.131540 18.218711 0.870024 -0.169597 460.469 0 0
1500.0 27.942562 -45.495862 17.913754 -0.492288 -0.750308 459.932 0 0
1500.0 52.270051 -18.256829 17.936484 -0.151706 -0.260645 458.754 0 0
1500.0 110.709427 -37.905227 17.890916 0.941405 -0.600914 455.574 0 0
1500.0 71.759815 60.190529 17.808365 0.135192 0.947805 460.231 0 0
1500.0 40.604504 3.297417 17.902441 -0.313198 -0.009409 459.604 0 0
1500.0 69.089372 -71.180448 18.290408 0.207636 -1.260656 455.867 0 0
1500.0 38.041430 -46.963546 17.948385 -0.394584 -0.746207 457.705 0 0
1500.0 96.300364 40.678928 18.575120 0.746703 0.734695 457.554 0 0
1500.0 90.620177 -30.756553 18.245338 0.576910 -0.571704 459.024 0 0
1500.0 74.108075 34.720836 18.004810 0.345015 0.621927 458.116 0 0
1500.0 12.548837 -0.295653 17.922184 -0.773599 0.072637 460.077 0 0
1500.0 86.647772 59.607222 18.366917 0.598703 1.070843 458.074 0 0
1500.0 55.076191 -15.714117 18.026395 -0.080540 -0.249308 461.476 0 0
1500.0 80.150823 11.340395 17.921551 0.370874 0.112703 461.098 0 0
1500.0 97.844817 2.666670 18.010635 0.645529 0.016164 461.434 0 0
1500.0 21.608470 10.059987 17.904814 -0.564356 0.176975 461.698 0 0
1500.0 55.786384 -2.225371 17.855666 -0.061741 -0.093536 462.346 0 0
1500.0 78.115719 -18.753981 17.819083 0.318396 -0.321833 462.273 0 0
1500.0 43.671306 -1.067255 17.832401 -0.240885 0.043839 463.172 0 0
1500.0 118.706042 -18.664354 17.867168 0.910281 -0.335791 461.370 0 0
1500.0 98.632260 7.170853 18.693701 0.781275 0.093248 460.740 0 0
1500.0 70.102151 -24.534336 18.031343 0.242702 -0.387262 464.460 0 0
1500.0 87.980344 5.900195 18.030396 0.491695 0.035793 464.388 0 0
1500.0 50.697230 7.937482 18.109637 -0.131246 0.139166 465.179 0 0
1500.0 88.369990 -5.776863 18.077480 0.515735 -0.056790 464.648 0 0
1500.0 65.015353 -37.576112 17.861144 0.080269 -0.596745 463.779 0 0
1500.0 13.431984 16.473870 17.860640 -0.655193 0.298920 463.538 0 0
1500.0 32.381091 24.872514 17.939146 -0.382175 0.411307 464.160 0 0
1500.0 57.767165 -3.133495 17.828477 -0.042518 -0.103609 464.618 0 0
1500.0 24.793198 57.447594 17.890060 -0.497591 0.921430 461.142 0 0
1500.0 59.186777 -6.128457 17.909041 0.092524 -0.092842 465.356 0 0
1500.0 120.773109 -15.987841 17.879170 1.012909 -0.245381 460.872 0 0
1500.0 66.057501 65.952492 17.963191 0.120339 1.041134 461.632 0 0
1500.0 61.489647 7.758952 17.973706 0.026289 0.166367 465.966 0 0
1500.0 119.710135 -21.948345 17.840787 0.937065 -0.403137 460.780 0 0
1500.0 58.040442 -22.823645 17.932308 -0.032472 -0.373044 465.769 0 0
1500.0 1.236299 -35.879158 17.905611 -0.868864 -0.584874 462.121 0 0
1500.0 88.208168 2.832563 18.401730 0.603765 0.053271 460.619 0 0
1500.0 12.320424 -3.822813 17.907361 -0.706180 -0.042687 465.055 0 0
1500.0 105.564343 8.165310 17.814533 0.740089 0.161222 463.723 0 0
1500.0 93.649763 -4.311849 17.821766 0.561812 -0.018215 464.554 0 0
1500.0 71.012067 58.321290 17.883936 0.235903 0.891693 464.475 0 0
1500.0 77.706163 -18.566143 17.866453 0.289198 -0.329427 466.260 0 0
1500.0 76.753187 -0.281692 17.869565 0.274968 -0.072946 466.487 0 0
1500.0 17.014626 44.225756 17.918207 -0.662337 0.713562 461.830 0 0
1500.0 46.233802 -52.804069 17.883025 -0.219796 -0.862959 461.227 0 0
1500.0 99.069932 49.660857 17.895308 0.691475 0.824042 460.660 0 0
1500.0 106.588822 9.165818 17.959536 0.826542 0.168014 461.668 0 0
1500.0 68.450947 11.976850 18.471954 0.257963 0.254311 462.314 0 0
1500.0 105.237434 51.021063 17.815928 0.758961 0.755998 464.824 0 0
1500.0 99.470342 -2.390405 18.256130 0.720875 -0.104923 461.833 0 0
1500.0 117.253757 27.499119 17.994346 0.948430 0.445810 464.558 0 0
1500.0 51.854820 34.615117 18.023342 -0.102418 0.601235 461.513 0 0
1500.0 -5.287781 -3.183653 17.892797 -0.976569 -0.075797 465.336 0 0
1500.0 76.709860 -23.083067 17.913893 0.228622 -0.389625 460.936 0 0
1500.0 -2.660594 -5.230172 17.813016 -0.943526 -0.155159 462.034 0 0
1500.0 18.214416 86.705955 17.837532 -0.574359 1.393992 462.061 0 0
1500.0 82.531856 11.396935 18.071946 0.418945 0.249222 462.460 0 0
1500.0 65.767285 5.189895 18.077108 0.163976 0.155392 462.065 0 0
1500.0 93.816352 47.656925 17.806445 0.568762 0.733120 466.409 0 0
1500.0 123.161890 -20.202223 17.799837 1.016439 -0.251248 464.729 0 0
1500.0 81.440750 59.980212 17.809857 0.331966 0.971742 463.805 0 0
1500.0 34.960626 47.962908 17.820073 -0.347589 0.754769 467.066 0 0
1500.0 -4.371039 19.272876 17.845550 -0.980907 0.338362 464.202 0 0
1500.0 -25.664993 17.380014 17.831898 -1.376519 0.234178 461.327 0 0
1500.0 71.607168 -38.403445 17.964344 0.271075 -0.651088 462.479 0 0
1500.0 35.269097 -35.125328 18.102967 -0.381423 -0.564082 463.086 0 0
1500.0 46.865867 -39.116054 18.103806 -0.204906 -0.625550 463.018 0 0
1500.0 72.483805 21.496833 17.971565 0.179582 0.380066 462.066 0 0
1500.0 111.909685 16.748024 17.994501 0.904519 0.273815 464.133 0 0
1500.0 65.519282 67.495390 17.856736 0.056621 1.044936 465.098 0 0
1500.0 19.850779 46.941091 17.862789 -0.602060 0.718630 467.133 0 0
1500.0 -1.943652 23.611189 17.857690 -0.950279 0.397488 464.597 0 0
1500.0 1.018722 31.797098 17.858320 -0.883977 0.507057 466.269 0 0
1500.0 63.890344 65.952168 17.947387 0.106666 1.042831 465.687 0 0
1500.0 57.220911 46.078760 17.961029 0.008972 0.780335 463.104 0 0
1500.0 117.232688 14.493031 18.171941 1.005994 0.254115 464.226 0 0
1500.0 83.949202 -59.641841 17.861570 0.417444 -0.955309 465.389 0 0
1500.0 74.490610 -38.251704 17.877441 0.287202 -0.661192 462.979 0 0
1500.0 83.384330 -72.446061 17.963101 0.395889 -1.170887 464.224 0 0
1500.0 61.242213 101.389690 17.811235 -0.025240 1.549619 464.473 0 0
1500.0 68.237433 4.668365 17.884290 0.242664 0.071843 462.078 0 0
1500.0 93.679573 -6.400105 17.874568 0.633772 -0.100166 462.756 0 0
1500.0 105.764319 43.824814 17.798065 0.764461 0.704978 465.235 0 0
1500.0 104.382439 -2.680747 17.811845 0.768487 0.011040 463.086 0 0
1500.0 30.124832 -35.854979 17.851691 -0.500626 -0.575152 463.389 0 0
1500.0 51.316104 22.757676 17.864009 -0.176956 0.331916 462.453 0 0
1500.0 39.805758 52.923243 17.873393 -0.281409 0.878402 464.414 0 0
1500.0 111.740133 33.172551 17.884548 0.828025 0.570966 465.457 0 0
1500.0 -6.851304 1.270876 17.903994 -1.052452 0.060673 463.960 0 0
1500.0 86.725810 56.913696 17.936027 0.423589 0.921403 465.900 0 0
1500.0 73.932287 42.935865 17.948219 0.238515 0.730772 464.251 0 0
1500.0 53.329538 34.801666 18.131459 -0.012794 0.592347 465.926 0 0
1500.0 11.814501 -6.562075 18.053600 -0.749143 -0.088520 464.646 0 0
1500.0 111.349622 30.850884 17.911658 0.860958 0.517147 465.942 0 0
1500.0 99.670298 32.771782 17.987484 0.766076 0.522088 461.302 0 0
1500.0 83.916936 -38.553733 18.001757 0.501608 -0.611515 463.628 0 0
1500.0 56.692532 -6.131464 18.007772 -0.042836 -0.164694 462.727 0 0
1500.0 71.718699 38.818112 18.514420 0.264297 0.699983 461.509 0 0
1500.0 69.518203 22.377592 17.995705 0.143967 0.401355 464.462 0 0
1500.0 121.668218 -4.512707 17.827773 1.019505 -0.104050 466.773 0 0
1500.0 76.152772 -22.428470 17.849557 0.351016 -0.387058 464.246 0 0
1500.0 34.220301 38.699610 18.105847 -0.382867 0.636867 466.130 0 0
1500.0 60.565208 -33.239480 18.271841 0.015793 -0.594730 460.676 0 0
1500.0 94.493580 63.615650 17.907567 0.599188 1.033903 466.282 0 0
1500.0 11.053628 48.313806 17.960467 -0.811357 0.837311 462.442 0 0
1500.0 93.263958 -5.851149 18.156844 0.588507 -0.164900 466.426 0 0
1500.0 92.229340 -0.905536 18.078813 0.555947 -0.090574 466.125 0 0
1500.0 48.528780 -38.538311 18.159694 -0.151146 -0.643016 466.816 0 0
1500.0 70.272277 -25.270952 18.165376 0.180629 -0.444171 466.389 0 0
1500.0 81.287178 -18.263230 17.852154 0.344370 -0.360026 465.546 0 0
1500.0 92.214992 -36.363834 18.218464 0.573553 -0.682477 461.479 0 0
1500.0 20.104469 -14.750522 17.880344 -0.642492 -0.182292 466.527 0 0
1500.0 39.976226 8.434782 17.888725 -0.338678 0.177539 465.922 0 0
1500.0 87.569751 -32.224936 17.941376 0.524745 -0.544055 467.137 0 0
1500.0 71.539881 28.918565 18.209601 0.218003 0.562427 461.218 0 0
1500.0 42.957948 25.335765 18.164370 -0.211527 0.494274 463.769 0 0
1500.0 87.582644 -26.289872 17.883367 0.530421 -0.368685 467.166 0 0
1500.0 84.763120 -48.099237 18.051206 0.471787 -0.880320 463.055 0 0
1500.0 101.543723 37.935474 18.089788 0.795036 0.600536 466.619 0 0
1500.0 59.040356 35.915504 18.023832 -0.020195 0.692309 461.935 0 0
1500.0 130.331195 16.751478 18.005335 1.278976 0.276705 465.320 0 0
1500.0 109.567198 -15.046787 18.258262 1.005953 -0.216642 461.247 0 0
1500.0 93.336797 -45.700358 18.154632 0.703354 -0.800291 465.859 0 0
1500.0 57.134354 15.858285 17.828567 0.038781 0.266719 468.485 0 0
1500.0 42.345344 42.051450 17.873939 -0.273533 0.636870 468.379 0 0
1500.0 42.185306 34.383152 17.877523 -0.274600 0.526200 468.687 0 0
1500.0 26.008127 -10.142728 17.880081 -0.500808 -0.100091 468.891 0 0
1500.0 48.677529 4.341378 17.886158 -0.181574 0.102504 469.338 0 0
1500.0 11.190894 -7.983986 17.872948 -0.714768 -0.070396 468.288 0 0
1500.0 100.752541 -22.847900 17.952367 0.688359 -0.316500 468.520 0 0
1500.0 66.545524 -3.978112 17.890943 0.149060 -0.120392 469.824 0 0
1500.0 66.933882 -12.317364 17.889732 0.154657 -0.236909 469.738 0 0
1500.0 113.972219 17.543072 17.862702 0.879148 0.250728 467.799 0 0
1500.0 100.911922 3.428912 17.874490 0.649534 -0.009566 469.054 0 0
1500.0 62.650427 -13.118244 18.058527 0.156176 -0.200209 470.720 0 0
1500.0 87.919326 18.102095 18.131920 0.477887 0.325476 469.536 0 0
1500.0 84.377708 6.746720 18.135421 0.424965 0.163549 469.992 0 0
1500.0 40.093721 10.370749 17.848061 -0.320082 0.157022 471.243 0 0
1500.0 57.574993 -68.081556 17.826459 0.058866 -1.045757 467.443 0 0
1500.0 83.314915 -50.035498 17.836349 0.425103 -0.750771 469.900 0 0
1500.0 103.112061 -43.397068 17.830453 0.716994 -0.663761 469.060 0 0
1500.0 120.828254 -2.492529 17.830509 0.973431 -0.071336 469.070 0 0
1500.0 53.260485 -7.099885 17.856707 -0.004818 -0.133060 471.662 0 0
1500.0 47.410569 -27.821337 17.974226 -0.201571 -0.392323 471.828 0 0
1500.0 110.217164 32.887502 17.849083 0.820354 0.508645 469.351 0 0
1500.0 87.665381 -55.182701 18.054700 0.490389 -0.889117 467.621 0 0
1500.0 101.370150 9.255257 18.059620 0.683676 0.179614 471.865 0 0
1500.0 100.201430 43.676559 18.045851 0.708996 0.702961 467.666 0 0
1500.0 103.414526 16.375588 18.057138 0.714685 0.280256 471.627 0 0
1500.0 61.321331 -27.154631 18.166661 0.039330 -0.426242 473.557 0 0
1500.0 114.035155 -38.046746 17.998617 0.921934 -0.610196 468.060 0 0
1500.0 78.385060 -36.629433 17.847434 0.271227 -0.585809 472.157 0 0
1500.0 66.958179 62.486012 17.893511 0.195746 0.989303 468.176 0 0
1500.0 3.705523 37.633232 17.862125 -0.858190 0.600602 469.366 0 0
1500.0 107.397635 -43.088613 17.926669 0.795754 -0.682398 469.824 0 0
1500.0 115.298321 -24.051255 17.928756 0.925880 -0.408393 468.805 0 0
1500.0 70.474710 -54.566898 17.934036 0.259754 -0.875907 467.914 0 0
1500.0 78.163586 -45.164171 17.938091 0.378816 -0.738725 467.451 0 0
1500.0 120.002951 -20.391320 17.926830 0.985246 -0.349845 469.547 0 0
1500.0 121.657479 6.530873 17.928290 1.019027 0.048362 468.927 0 0
1500.0 2.085205 -33.626589 17.842961 -0.875106 -0.560467 469.405 0 0
1500.0 47.974641 -48.474907 17.854013 -0.197041 -0.804095 467.531 0 0
1500.0 31.207712 -52.520598 17.847121 -0.448064 -0.854817 468.392 0 0
1500.0 89.284298 60.694076 17.810981 0.409610 0.955477 469.475 0 0
1500.0 104.311123 4.091385 17.880207 0.722309 0.092502 473.144 0 0
1500.0 78.949234 -20.717619 18.098719 0.336011 -0.392022 467.666 0 0
1500.0 33.786215 -35.089355 18.092401 -0.354383 -0.608000 468.155 0 0
1500.0 103.459229 13.037274 17.837087 0.739164 0.133760 467.471 0 0
1500.0 119.497722 8.726889 17.805763 0.958340 0.062075 468.899 0 0
1500.0 113.849272 38.493293 17.794888 0.816393 0.647642 470.632 0 0
1500.0 65.568459 37.758540 17.812798 0.100039 0.661949 468.073 0 0
1500.0 79.422906 60.140315 17.885084 0.398115 0.929138 470.902 0 0
1500.0 94.628482 46.438116 17.887663 0.630576 0.729333 470.404 0 0
1500.0 98.575979 42.663218 17.890240 0.655437 0.638548 473.913 0 0
1500.0 115.133942 18.321456 17.888885 0.895239 0.290486 473.719 0 0
1500.0 85.628209 59.994302 17.891932 0.434271 0.952424 472.635 0 0
1500.0 93.195064 -29.690144 17.876730 0.622781 -0.451518 470.127 0 0
1500.0 120.132209 -21.486640 17.802119 0.940277 -0.388678 472.594 0 0
1500.0 -0.559644 17.384499 17.859725 -0.897203 0.336987 471.256 0 0
1500.0 -6.842757 7.997358 17.836933 -1.018528 0.123093 473.675 0 0
1500.0 106.952905 -34.135960 18.024452 0.829392 -0.523294 472.442 0 0
1500.0 120.116065 9.940283 17.956946 1.014459 0.133601 472.805 0 0
1500.0 84.691467 -62.098556 17.806263 0.343499 -0.980078 472.564 0 0
1500.0 109.204438 16.880336 18.059073 0.862443 0.296167 472.212 0 0
1500.0 -37.858097 19.385376 17.907152 -1.588616 0.354960 468.527 0 0
1500.0 66.737793 2.173274 17.874480 0.215405 0.020757 471.025 0 0
1500.0 48.250004 16.520977 17.982665 -0.170160 0.324405 470.756 0 0
1500.0 54.806575 53.032639 17.863768 -0.007877 0.918616 468.512 0 0
1500.0 74.853737 5.076316 18.166276 0.378557 0.078833 471.684 0 0
1500.0 87.876285 44.444222 17.828416 0.532983 0.681442 471.911 0 0
1500.0 106.705065 -30.888301 17.824628 0.815216 -0.467862 472.381 0 0
1500.0 123.289190 22.363672 18.036714 1.109129 0.310389 470.841 0 0
1500.0 25.624661 -0.046256 17.931972 -0.565782 0.007821 471.258 0 0
1500.0 23.293883 -37.676834 17.922092 -0.594134 -0.566931 472.097 0 0
1500.0 17.277598 -43.354907 17.951845 -0.635515 -0.771167 469.516 0 0
1500.0 43.181195 10.979761 18.488512 -0.206048 0.196232 473.116 0 0
1500.0 66.126433 -71.132031 18.026714 0.186623 -1.226489 468.524 0 0
1500.0 40.036942 -4.715609 18.091857 -0.316036 -0.044900 471.984 0 0
1500.0 156.741796 40.433222 17.846030 1.596010 0.716173 470.188 0 0
1500.0 24.093209 51.617164 17.793118 -0.537857 0.849945 473.781 0 0
1500.0 39.828231 -103.857076 17.940703 -0.255035 -1.780717 468.368 0 0
1500.0 90.594862 -41.550908 18.003896 0.492974 -0.743273 468.812 0 0
1500.0 136.731438 -0.019971 18.029955 1.386344 0.044478 468.142 0 0
1500.0 80.552895 43.736961 17.852864 0.410979 0.714294 473.070 0 0
1500.0 104.923092 46.449923 17.906171 0.712547 0.807264 470.978 0 0
1500.0 76.696778 -31.554799 17.930673 0.360770 -0.542516 472.433 0 0
1500.0 29.594019 -29.555532 17.947945 -0.519486 -0.575240 467.521 0 0
1500.0 73.418715 11.098989 17.857317 0.316445 0.196873 472.737 0 0
1500.0 -37.083435 -26.879242 17.989500 -1.572065 -0.439874 472.171 0 0
1500.0 39.570181 50.601493 17.869570 -0.257336 0.874627 472.340 0 0
1500.0 60.367900 -27.877822 17.814837 -0.022370 -0.490911 473.519 0 0
1500.0 64.858851 -22.456150 17.816899 0.047865 -0.407133 473.380 0 0
1500.0 45.053373 17.955099 17.818253 -0.262455 0.225618 473.291 0 0
1500.0 97.763599 -27.641303 17.966050 0.735888 -0.422393 470.933 0 0
1500.0 48.936505 -54.961727 18.248718 -0.201629 -1.014994 467.777 0 0
1500.0 9.824356 58.458895 17.932311 -0.828698 1.017938 472.234 0 0
1500.0 3.904468 4.655356 17.917666 -0.912683 0.005084 473.507 0 0
1500.0 74.023265 -84.725430 17.959900 0.335664 -1.430585 473.790 0 0
1500.0 75.278558 45.406257 18.419746 0.401441 0.878949 468.874 0 0
1500.0 35.120729 -29.326328 18.246568 -0.417361 -0.469450 473.608 0 0
1500.0 107.137537 37.914359 18.304313 0.928625 0.692646 473.243 0 0
1500.0 59.681605 -23.866496 18.124472 0.017118 -0.385922 474.068 0 0
1500.0 93.856586 -11.527818 18.338732 0.615888 -0.198883 474.487 0 0
1500.0 68.558413 23.955144 18.024760 0.231183 0.362648 474.591 0 0
1500.0 72.217494 -17.215099 17.827615 0.222904 -0.306442 474.281 0 0
1500.0 75.498769 15.834916 17.988805 0.329300 0.209782 475.677 0 0
1500.0 74.767587 -0.136890 17.911001 0.305708 0.024449 475.854 0 0
1500.0 66.143060 -0.339836 18.400114 0.244837 -0.012721 478.504 0 0
1500.0 87.692312 -49.513017 17.808336 0.447949 -0.783023 474.383 0 0
1500.0 85.181952 -49.083632 17.809592 0.410682 -0.774852 474.559 0 0
1500.0 115.313843 -11.627389 17.962354 0.905756 -0.179838 475.571 0 0
1500.0 115.634689 5.242087 17.962975 0.909226 0.061119 475.657 0 0
1500.0 95.591646 -5.936483 18.332302 0.623902 -0.154513 475.827 0 0
1500.0 67.841585 -14.896175 17.846991 0.207008 -0.207102 478.042 0 0
1500.0 79.900572 -28.892033 17.979962 0.320113 -0.473919 478.176 0 0
1500.0 70.263704 -64.844078 17.829122 0.207957 -1.027245 474.759 0 0
1500.0 85.687301 -23.947919 18.510239 0.473767 -0.427773 474.240 0 0
1500.0 105.852131 27.194022 17.851177 0.744858 0.429599 477.794 0 0
1500.0 97.770082 43.293908 17.995809 0.667222 0.705462 475.943 0 0
1500.0 80.178871 55.703241 17.995451 0.403256 0.890583 476.005 0 0
1500.0 8.488031 29.481168 17.880047 -0.816138 0.421302 475.149 0 0
1500.0 102.982412 35.526000 17.839348 0.749480 0.568038 475.667 0 0
1500.0 67.936225 -40.646860 17.810432 0.086781 -0.625213 480.187 0 0
1500.0 46.879845 -40.074653 17.807316 -0.230939 -0.675351 474.091 0 0
1500.0 -6.739893 10.506672 17.826578 -1.022675 0.201517 476.902 0 0
1500.0 99.270209 8.744401 18.612614 0.749393 0.198835 476.782 0 0
1500.0 35.266314 -57.266681 17.793738 -0.404394 -0.910637 476.349 0 0
1500.0 83.316476 -12.832094 18.054290 0.443383 -0.199652 481.939 0 0
1500.0 83.601377 -46.470419 18.171224 0.442501 -0.769404 476.973 0 0
1500.0 103.765626 -0.654174 18.144985 0.786534 -0.063228 476.928 0 0
1500.0 113.726854 7.428010 17.874878 0.915409 0.153168 477.115 0 0
1500.0 99.423138 46.034680 17.938896 0.678954 0.747072 478.244 0 0
1500.0 25.339618 44.734298 17.836701 -0.514913 0.754912 477.211 0 0
1500.0 24.348931 40.080317 17.841717 -0.496085 0.640288 481.701 0 0
1500.0 43.024544 64.252863 17.829530 -0.237488 1.017048 479.473 0 0
1500.0 101.777990 28.819820 17.840674 0.653328 0.516173 476.759 0 0
1500.0 62.462207 48.122274 17.841502 0.050677 0.813120 476.676 0 0
1500.0 -4.437845 3.541458 17.833718 -0.961940 0.126932 477.643 0 0
1500.0 68.670746 12.448960 17.857422 0.148801 0.270682 475.439 0 0
1500.0 -5.695742 -11.221893 17.868135 -1.011288 -0.128856 478.392 0 0
1500.0 4.382424 -6.739941 17.831676 -0.836815 -0.083791 481.930 0 0
1500.0 102.620257 -36.306689 17.824262 0.721721 -0.559748 480.279 0 0
1500.0 89.507132 17.955432 17.838817 0.512951 0.228046 482.488 0 0
1500.0 105.221169 37.377624 17.823667 0.763249 0.522385 479.973 0 0
1500.0 96.772944 -10.864183 17.836000 0.618554 -0.181768 482.207 0 0
1500.0 90.460478 -37.038832 17.830904 0.533152 -0.559588 481.606 0 0
1500.0 79.000442 6.722748 18.091000 0.373788 0.175310 477.870 0 0
1500.0 115.368222 -15.490571 17.990809 0.953104 -0.212051 478.855 0 0
1500.0 80.880947 -24.896232 18.245433 0.446927 -0.380857 482.273 0 0
1500.0 89.772497 -12.140725 18.244699 0.575980 -0.199526 482.013 0 0
1500.0 -0.859887 29.957293 17.827183 -0.885903 0.504980 480.745 0 0
1500.0 -8.904369 -2.998488 17.901015 -1.043073 -0.056482 480.971 0 0
1500.0 73.978012 19.316757 17.856851 0.239151 0.378469 476.981 0 0
1500.0 104.023002 -24.922504 17.946787 0.740043 -0.465260 477.549 0 0
1500.0 66.035264 -61.856074 17.831317 0.176573 -0.932144 482.864 0 0
1500.0 66.184512 -62.262054 17.828682 0.186613 -0.979390 479.936 0 0
1500.0 25.912145 -15.744454 17.918752 -0.519401 -0.312890 478.281 0 0
1500.0 73.607597 -63.329208 17.899310 0.209804 -1.009954 480.742 0 0
1500.0 81.126795 -8.701416 17.924680 0.336175 -0.205361 477.863 0 0
1500.0 63.097636 -39.818721 17.814588 0.107691 -0.691421 477.932 0 0
1500.0 169.810124 -59.299712 17.877344 1.780980 -0.988258 479.075 0 0
1500.0 88.082763 -15.992160 18.218940 0.509092 -0.328937 478.643 0 0
1500.0 46.563621 -76.038960 18.012235 -0.240628 -1.298136 476.238 0 0
1500.0 88.362829 31.553097 17.874375 0.459491 0.564789 479.961 0 0
1500.0 121.728369 -78.099332 17.874405 1.096142 -1.241061 478.387 0 0
1500.0 211.028764 169.153979 17.829074 2.440660 2.667694 480.625 0 0
1500.0 94.480011 -25.592327 17.912333 0.645158 -0.376568 481.440 0 0
1500.0 59.770397 -44.735899 17.860917 0.080269 -0.747336 481.317 0 0
1500.0 113.163598 -8.417911 17.856257 0.837197 -0.174605 486.369 0 0
1500.0 112.484658 -16.691459 17.852374 0.879342 -0.311136 482.242 0 0
1500.0 81.742130 -46.916755 17.855142 0.414852 -0.774021 481.896 0 0
1500.0 99.913376 -32.670637 18.150706 0.719823 -0.544983 483.177 0 0
1500.0 64.150119 -30.003575 17.822548 0.024295 -0.459963 487.552 0 0
1500.0 72.916797 -1.672296 17.855301 0.312054 -0.021691 480.438 0 0
1500.0 34.139707 -14.188322 17.994710 -0.420618 -0.190572 482.326 0 0
1500.0 34.786126 -6.185023 17.995815 -0.411098 -0.066878 482.251 0 0
1500.0 -3.287427 -19.339769 17.809335 -0.992770 -0.273077 484.463 0 0
1500.0 121.372990 10.244899 18.020366 1.032119 0.139063 485.779 0 0
1500.0 53.266484 51.704086 17.839394 -0.017299 0.859451 482.300 0 0
1500.0 63.001316 63.419758 17.807016 0.121842 0.970446 487.195 0 0
1500.0 49.153397 2.301892 18.126723 -0.174234 0.051951 483.168 0 0
1500.0 111.013807 -2.319167 18.254823 0.940551 -0.091912 482.041 0 0
1500.0 82.026608 -27.401338 17.833343 0.447437 -0.441329 483.017 0 0
1500.0 107.355379 -12.991048 17.835769 0.760183 -0.227024 488.814 0 0
1500.0 72.947023 -1.429819 17.850802 0.297046 -0.068590 482.470 0 0
1500.0 114.084577 5.231613 17.832641 0.860189 0.032623 488.473 0 0
1500.0 98.274902 -17.620062 17.840006 0.627260 -0.291261 489.219 0 0
1500.0 115.649320 -11.898215 17.830099 0.886612 -0.213467 488.155 0 0
1500.0 16.601707 -53.797758 17.929870 -0.708900 -0.973513 480.067 0 0
1500.0 61.994529 5.665874 18.064706 0.035541 0.033650 485.228 0 0
1500.0 33.790187 7.977290 17.993797 -0.383579 0.195838 485.241 0 0
1500.0 82.685863 -11.722321 18.264339 0.447436 -0.252610 486.695 0 0
1500.0 117.719096 -17.804465 17.963516 0.948729 -0.260039 490.447 0 0
1500.0 55.136385 -8.120470 18.000767 -0.060701 -0.169659 493.173 0 0
1500.0 113.950606 13.119165 17.991542 0.935633 0.209869 487.634 0 0
1500.0 78.439267 1.205289 17.847420 0.354046 0.088854 485.220 0 0
1500.0 118.910810 14.643154 17.817259 0.970796 0.161009 488.025 0 0
1500.0 89.001023 2.818947 17.991964 0.573841 0.030833 487.501 0 0
1500.0 25.873445 58.948006 17.792834 -0.451350 0.944423 490.160 0 0
1500.0 74.847913 4.343234 17.821251 0.260837 0.124748 494.304 0 0
1500.0 99.779117 -11.079968 17.810521 0.675085 -0.101017 487.426 0 0
1500.0 30.265401 58.975794 17.793873 -0.389168 0.952488 489.619 0 0
1500.0 78.684410 -17.531960 18.076976 0.387007 -0.336382 488.072 0 0
1500.0 76.254050 -2.549225 18.030442 0.369623 -0.084932 487.892 0 0
1500.0 40.378108 -128.041291 17.807454 -0.224021 -1.981227 490.347 0 0
1500.0 32.342312 179.201153 17.826819 -0.388840 2.818359 489.728 0 0
1500.0 -60.246425 23.659577 17.860759 -1.842085 0.379092 492.035 0 0
1500.0 101.949093 -15.543801 17.962264 0.697202 -0.252722 496.895 0 0
1500.0 47.886265 3.400396 17.973530 -0.193656 0.109904 490.764 0 0
1500.0 102.018123 43.122216 17.846033 0.703752 0.651630 495.787 0 0
1500.0 66.233707 51.084814 17.852171 0.198551 0.813227 491.813 0 0
1500.0 83.716339 -7.267851 17.866542 0.426651 -0.073585 497.880 0 0
1500.0 113.820244 -36.528246 17.841586 0.902285 -0.514265 493.625 0 0
1500.0 43.550189 6.814064 18.003079 -0.291371 0.127899 489.250 0 0
1500.0 44.243050 27.083403 17.817978 -0.207803 0.499382 490.856 0 0
1500.0 1.341421 7.332362 17.834976 -0.852423 0.163249 496.770 0 0
1500.0 20.035682 -16.953512 18.111999 -0.650035 -0.379584 484.817 0 0
1500.0 55.771202 -40.893828 18.041071 -0.027881 -0.729421 489.965 0 0
1500.0 75.565552 43.314092 17.863858 0.301141 0.736425 492.333 0 0
1500.0 41.053189 37.732817 17.870340 -0.210000 0.597725 498.112 0 0
1500.0 121.242697 23.337305 17.850840 0.963026 0.412939 494.989 0 0
1500.0 60.037051 64.919575 17.851403 0.060914 1.036404 494.324 0 0
1500.0 65.652649 64.665053 17.852428 0.141473 1.010571 495.788 0 0
1500.0 58.648996 0.985706 17.882844 0.072010 0.050136 499.079 0 0
1500.0 111.396934 35.584867 17.854590 0.842034 0.555346 496.094 0 0
1500.0 110.362207 29.868709 17.855801 0.857106 0.489437 493.677 0 0
1500.0 106.929486 -13.285010 17.863586 0.818176 -0.163374 492.639 0 0
1500.0 71.056464 57.152464 17.858121 0.266357 0.905741 493.297 0 0
1500.0 63.533338 71.431155 17.902423 0.079419 1.169552 493.540 0 0
1500.0 92.641960 -35.558239 17.813018 0.474139 -0.600626 493.233 0 0
1500.0 108.605925 2.060963 17.877904 0.823117 -0.031974 493.808 0 0
1500.0 82.684692 -56.606477 17.870881 0.401785 -0.876454 497.800 0 0
1500.0 108.300946 -0.766039 17.925859 0.793290 0.004073 499.589 0 0
1500.0 36.227748 -46.374538 17.986409 -0.423462 -0.726772 490.279 0 0
1500.0 81.041204 19.563814 17.925077 0.361982 0.336956 501.043 0 0
1500.0 54.604461 -65.454596 17.835914 -0.065077 -1.044010 497.070 0 0
1500.0 106.969378 -24.122350 17.845972 0.733880 -0.443567 495.082 0 0
1500.0 104.299740 22.488057 17.828636 0.731253 0.408334 496.222 0 0
1500.0 23.316061 45.933130 17.825695 -0.486964 0.754440 496.931 0 0
1500.0 104.787847 43.912555 17.859015 0.695187 0.707712 499.592 0 0
1500.0 64.206855 36.448718 17.996864 0.148701 0.564560 502.322 0 0
1500.0 17.415432 38.062800 17.808397 -0.626915 0.609877 500.157 0 0
1500.0 69.775739 38.031167 17.832967 0.231767 0.558942 502.082 0 0
1500.0 84.819040 5.571172 17.835034 0.415679 0.165087 495.281 0 0
1500.0 123.748066 10.443629 17.848981 1.036173 0.105108 499.052 0 0
1500.0 51.746631 -9.066993 17.878468 -0.032689 -0.173549 503.534 0 0
1500.0 57.034213 -8.337486 17.878341 0.046079 -0.183396 495.706 0 0
1500.0 51.528487 -7.076764 17.878711 -0.035723 -0.145760 503.550 0 0
1500.0 101.275197 -2.458426 17.866724 0.666479 -0.082435 502.623 0 0
1500.0 87.876804 -11.821761 17.894205 0.529415 -0.227068 496.864 0 0
1500.0 38.088284 -27.896914 17.968392 -0.326915 -0.497798 496.747 0 0
1500.0 49.112456 -4.737718 17.977000 -0.158381 -0.142018 496.159 0 0
1500.0 10.695719 -36.083465 17.953019 -0.731753 -0.609443 498.298 0 0
1500.0 72.318706 -1.094079 18.280851 0.301291 0.030967 506.670 0 0
1500.0 101.268081 47.959056 18.011237 0.692523 0.775166 501.751 0 0
1500.0 83.002918 43.125970 18.021468 0.434615 0.723122 499.945 0 0
1500.0 138.715351 44.001115 17.868383 1.329491 0.734833 499.015 0 0
1500.0 26.792014 45.908862 17.800596 -0.521492 0.671193 505.289 0 0
1500.0 7.636529 -44.242682 17.790086 -0.826047 -0.643529 502.736 0 0
1500.0 112.875394 35.904767 17.823202 0.886964 0.553613 503.644 0 0
1500.0 101.977812 52.900456 17.809463 0.750610 0.800278 501.122 0 0
1500.0 110.254474 24.895820 18.016583 0.937156 0.457518 501.303 0 0
1500.0 69.583740 -30.927607 18.030271 0.261735 -0.586464 500.063 0 0
1500.0 22.461894 -55.326111 17.822679 -0.527019 -0.882088 510.018 0 0
1500.0 116.755114 -27.015412 17.853554 0.923516 -0.428568 510.832 0 0
1500.0 49.742093 44.519205 17.847084 -0.195530 0.719725 507.369 0 0
1500.0 21.746823 16.434074 17.849270 -0.628844 0.287652 507.184 0 0
1500.0 47.738787 59.930934 17.836536 -0.222273 0.939794 508.576 0 0
1500.0 45.191458 47.591396 17.847013 -0.244633 0.706333 512.949 0 0
1500.0 118.658349 -23.373001 17.820970 0.978127 -0.354456 511.068 0 0
1500.0 100.229074 -52.274817 17.821097 0.692685 -0.773320 512.106 0 0
1500.0 120.707831 20.539240 17.820560 1.003880 0.298705 511.389 0 0
1500.0 44.552216 -58.378443 17.799863 -0.269658 -0.928708 510.119 0 0
1500.0 105.309766 -47.295429 17.936397 0.809120 -0.721474 511.060 0 0
1500.0 100.137548 -19.028658 17.849556 0.607899 -0.339340 517.530 0 0
1500.0 127.871878 -12.970246 17.857786 1.163347 -0.139253 508.860 0 0
1500.0 49.181127 43.145335 18.050082 -0.201624 0.698223 536.091 0 0
