Total number of secondary electrons: 2319
1500.0 119.968425 -23.023436 16.199124 1.305723 -0.464847 261.197 0 0
1500.0 93.080167 -6.297498 16.845013 0.822743 -0.088563 262.166 0 0
1500.0 99.294082 -12.924620 14.806187 0.789148 -0.239179 280.150 0 0
1500.0 116.347275 -12.421480 13.552538 0.785915 -0.154146 281.767 0 0
1500.0 113.986902 -18.892252 13.634302 0.792607 -0.280229 284.177 0 0
1500.0 95.749301 1.149944 15.970028 0.776865 -0.031031 290.755 0 0
1500.0 87.179331 -0.845334 16.297209 0.597893 -0.052655 297.422 0 0
1500.0 80.994062 -9.248919 16.169781 0.501527 -0.141451 301.076 0 0
1500.0 78.273496 -0.641849 15.302233 0.402927 -0.045246 301.064 0 0
1500.0 108.457092 -33.721394 15.206495 0.870388 -0.510665 308.411 0 0
1500.0 99.092576 -14.396529 14.925252 0.612584 -0.214041 310.582 0 0
1500.0 -85.395184 140.380962 15.424473 -2.516729 2.447119 311.112 0 0
1500.0 110.625008 0.090652 15.740478 0.922504 -0.033357 311.565 0 0
1500.0 85.162064 36.124452 14.554524 0.353691 0.488416 312.951 0 0
1500.0 66.708746 -17.792265 14.413019 0.161537 -0.210378 314.124 0 0
1500.0 98.994929 7.116810 15.892221 0.748316 0.093672 318.268 0 0
1500.0 95.241693 11.807062 15.649127 0.645913 0.162179 319.297 0 0
1500.0 91.133224 6.126184 15.545690 0.611954 0.032887 321.073 0 0
1500.0 92.716288 6.561594 16.302993 0.732711 0.119130 321.462 0 0
1500.0 96.862267 -45.502623 14.337514 0.589096 -0.629766 321.829 0 0
1500.0 91.609185 12.026605 14.126762 0.464732 0.102525 321.887 0 0
1500.0 86.013485 -19.753456 15.314468 0.564851 -0.337892 322.149 0 0
1500.0 209.389204 174.801294 14.379156 2.166422 2.418739 324.009 0 0
1500.0 88.379647 -13.164735 15.026662 0.483263 -0.172325 324.884 0 0
1500.0 8.275685 80.844326 14.245497 -0.686965 1.015147 325.518 0 0
1500.0 -40.250946 -192.708648 14.159215 -1.212553 -2.364252 325.567 0 0
1500.0 105.762496 -67.437407 14.252557 0.606080 -0.820314 326.013 0 0
1500.0 72.503877 -35.481734 14.560840 0.181152 -0.558663 326.955 0 0
1500.0 90.442472 -0.083618 15.211222 0.544952 -0.019411 328.529 0 0
1500.0 127.437573 5.698571 15.187516 1.174395 0.110774 329.367 0 0
1500.0 100.081002 -6.129200 14.894202 0.550243 -0.090285 329.584 0 0
1500.0 75.009792 -7.175039 14.973215 0.283016 -0.100551 330.326 0 0
1500.0 72.663941 6.520756 14.980509 0.258228 0.043059 330.394 0 0
1500.0 95.400867 -15.448349 15.233929 0.590647 -0.318296 330.488 0 0
1500.0 28.356522 -4.476025 14.686144 -0.394107 -0.057545 330.955 0 0
1500.0 60.099362 -35.269207 14.691388 -0.014198 -0.425733 331.023 0 0
1500.0 144.060085 -46.717696 14.748715 1.183092 -0.668836 331.594 0 0
1500.0 103.476887 -6.486883 14.784527 0.574424 -0.135532 331.740 0 0
1500.0 114.251555 10.051170 14.612909 0.686122 0.177925 331.796 0 0
1500.0 97.213107 2.574170 16.060369 0.671160 0.018009 333.025 0 0
1500.0 84.578124 -4.447484 15.409343 0.418162 -0.043872 333.280 0 0
1500.0 67.920721 14.248686 15.688383 0.204347 0.296810 333.908 0 0
1500.0 31.325000 -36.638132 14.918450 -0.384707 -0.531877 335.144 0 0
1500.0 142.422411 43.704365 14.754165 0.997999 0.584361 335.630 0 0
1500.0 162.639309 -27.376848 15.055197 1.436187 -0.402850 335.632 0 0
1500.0 96.588594 15.359969 15.364023 0.576898 0.200737 335.741 0 0
1500.0 95.734143 12.099971 16.708070 0.693869 0.194550 337.171 0 0
1500.0 78.276267 10.942314 16.289116 0.367672 0.119122 337.741 0 0
1500.0 127.174455 -1.723110 14.817742 0.868886 -0.042357 338.164 0 0
1500.0 69.588396 -35.853205 14.800779 0.192015 -0.488104 338.203 0 0
1500.0 70.349717 3.656641 15.331364 0.184396 0.086957 338.791 0 0
1500.0 127.466355 -30.420504 14.814185 0.864955 -0.373073 338.892 0 0
1500.0 63.071391 22.149870 15.142397 0.023943 0.282157 339.792 0 0
1500.0 93.940340 6.241934 15.972922 0.605739 0.090889 340.140 0 0
1500.0 88.193669 -11.948608 15.676288 0.517509 -0.129425 340.449 0 0
1500.0 143.794392 -51.302991 14.898223 1.126479 -0.674608 340.680 0 0
1500.0 54.522441 63.562078 14.875194 -0.004154 0.797612 340.788 0 0
1500.0 118.738337 60.287588 14.893791 0.779362 0.807219 341.046 0 0
1500.0 91.718869 -21.590674 15.144961 0.519558 -0.363318 341.053 0 0
1500.0 67.518155 8.045934 15.162938 0.166541 0.130907 341.132 0 0
1500.0 33.069854 16.535929 14.956305 -0.356913 0.237875 341.164 0 0
1500.0 87.046789 -58.183817 15.095022 0.441333 -0.837964 341.453 0 0
1500.0 91.133337 -7.429503 15.032498 0.492916 -0.152215 342.192 0 0
1500.0 -18.059124 -39.003518 14.796254 -0.917487 -0.407655 342.314 0 0
1500.0 45.065945 -51.379613 14.987571 -0.150551 -0.665494 342.736 0 0
1500.0 58.136125 -9.812922 15.378640 0.047377 -0.170805 343.643 0 0
1500.0 77.607802 -16.213698 15.654064 0.288537 -0.237579 344.077 0 0
1500.0 81.643067 8.879886 15.694157 0.350189 0.152975 344.185 0 0
1500.0 75.201738 -14.356278 15.765080 0.324184 -0.214477 344.353 0 0
1500.0 73.043027 0.011308 15.206660 0.250328 -0.049866 344.631 0 0
1500.0 12.347733 -16.682626 15.300626 -0.630055 -0.274811 344.912 0 0
1500.0 66.354034 -10.880793 15.766646 0.210992 -0.181562 345.066 0 0
1500.0 36.017430 -56.929462 15.036817 -0.296607 -0.728424 345.734 0 0
1500.0 0.540563 95.117948 14.979152 -0.675245 1.185276 345.743 0 0
1500.0 86.158071 -34.781500 15.157555 0.331706 -0.473164 346.722 0 0
1500.0 91.777300 72.178984 15.129196 0.403343 0.992790 346.833 0 0
1500.0 52.912416 -13.757430 15.457479 -0.066936 -0.137700 346.875 0 0
1500.0 73.559350 15.711982 15.650332 0.227627 0.236604 346.936 0 0
1500.0 41.025517 -41.579366 15.185639 -0.228847 -0.567457 347.009 0 0
1500.0 66.751878 -51.838156 15.305021 0.113452 -0.682244 347.067 0 0
1500.0 -29.221903 -37.580130 15.360249 -1.238907 -0.549982 347.776 0 0
1500.0 94.895503 1.572257 17.048109 0.724530 -0.027854 347.948 0 0
1500.0 84.964579 -30.825994 15.541554 0.409412 -0.418478 347.951 0 0
1500.0 65.534306 -7.197448 15.305164 0.163321 -0.101702 348.209 0 0
1500.0 6.905646 42.932983 15.209790 -0.589143 0.500005 348.386 0 0
1500.0 74.807384 9.682979 15.628936 0.288578 0.171713 348.495 0 0
1500.0 76.603538 4.139345 16.517509 0.372374 0.070435 348.596 0 0
1500.0 105.997103 30.736571 15.586375 0.675542 0.420152 349.112 0 0
1500.0 10.824540 28.047356 15.331836 -0.572005 0.383911 349.154 0 0
1500.0 123.533981 13.435407 16.315605 1.175144 0.210264 349.157 0 0
1500.0 67.962593 34.076091 15.333390 0.116358 0.503726 349.554 0 0
1500.0 92.543109 39.182540 15.454492 0.505054 0.513979 349.603 0 0
1500.0 69.915919 56.796548 15.391032 0.122571 0.716366 349.862 0 0
1500.0 79.561545 11.208578 16.425696 0.396461 0.190096 349.907 0 0
1500.0 49.573011 -13.411846 16.192415 -0.103291 -0.217704 350.469 0 0
1500.0 92.066219 -11.234119 15.678680 0.515743 -0.175651 350.858 0 0
1500.0 135.068800 -33.517687 15.561258 1.058663 -0.405271 351.216 0 0
1500.0 24.473185 -11.007146 15.513435 -0.479586 -0.178460 351.198 0 0
1500.0 53.512224 -32.124355 15.526843 -0.040245 -0.482469 351.238 0 0
1500.0 90.850729 -6.528777 16.245718 0.549452 -0.056552 351.301 0 0
1500.0 75.466247 -0.419474 15.649824 0.306452 0.019129 351.329 0 0
1500.0 57.639021 35.032032 15.518875 -0.066951 0.443895 351.327 0 0
1500.0 90.456212 -25.754427 16.000606 0.491326 -0.373044 351.635 0 0
1500.0 71.974777 -43.697987 15.562010 0.199016 -0.628715 351.807 0 0
1500.0 107.915131 5.217451 15.527797 0.683282 0.120265 352.041 0 0
1500.0 43.118317 -52.231464 15.589411 -0.173498 -0.735009 352.244 0 0
1500.0 81.597297 -4.354649 16.820588 0.436374 -0.098230 352.840 0 0
1500.0 94.639030 -11.648596 16.755458 0.629011 -0.179500 353.244 0 0
1500.0 39.648486 2.041406 15.689022 -0.308764 0.027123 353.497 0 0
1500.0 75.836046 -4.329782 16.506972 0.389027 -0.055662 354.042 0 0
1500.0 -27.887208 -36.872591 15.689767 -1.164076 -0.470308 354.253 0 0
1500.0 45.214628 22.070435 16.083232 -0.175210 0.285085 354.500 0 0
1500.0 74.374517 -75.793943 15.761754 0.221272 -1.004184 354.881 0 0
1500.0 48.941080 79.296710 15.743339 -0.079217 1.037636 355.360 0 0
1500.0 89.203294 35.196779 16.197495 0.431953 0.543496 355.462 0 0
1500.0 25.096293 22.617365 16.032487 -0.436892 0.349635 355.660 0 0
1500.0 46.627972 -79.750062 15.827452 -0.122646 -1.040965 355.843 0 0
1500.0 70.156897 -16.218954 16.570364 0.198477 -0.216799 356.221 0 0
1500.0 53.801370 52.447641 16.069202 -0.061330 0.732962 356.329 0 0
1500.0 101.517113 -67.815589 15.869595 0.548435 -0.887545 356.449 0 0
1500.0 110.444383 32.607022 15.944653 0.739699 0.464174 356.523 0 0
1500.0 90.239644 8.579380 16.990879 0.585650 0.122358 356.616 0 0
1500.0 86.502553 -18.277473 16.018837 0.402528 -0.297808 356.639 0 0
1500.0 136.186197 1.456621 15.882774 1.042192 0.021906 357.177 0 0
1500.0 65.266321 8.299752 16.993886 0.202615 0.130707 357.611 0 0
1500.0 113.792395 -26.322129 17.086866 0.991207 -0.439707 358.219 0 0
1500.0 91.397038 -20.974148 16.739132 0.576535 -0.288038 358.732 0 0
1500.0 99.487564 3.458359 16.149019 0.589377 -0.002319 358.758 0 0
1500.0 56.997533 -19.546740 16.414148 0.035615 -0.322331 359.077 0 0
1500.0 81.255738 48.408997 16.179458 0.315399 0.700582 359.499 0 0
1500.0 46.250946 53.853295 16.183784 -0.143819 0.771179 359.583 0 0
1500.0 83.465539 8.663284 17.785807 0.571133 0.125803 359.670 0 0
1500.0 100.939031 4.235497 16.712782 0.676435 0.009686 359.945 0 0
1500.0 73.035146 56.091802 16.540185 0.222181 0.831508 360.079 0 0
1500.0 62.958414 -16.738868 16.304820 0.139246 -0.278019 360.356 0 0
1500.0 85.389384 8.906205 16.724352 0.413626 0.075301 360.919 0 0
1500.0 96.519876 11.904699 16.344033 0.579283 0.202024 361.080 0 0
1500.0 64.752962 -22.992395 16.212793 0.094178 -0.321877 361.130 0 0
1500.0 36.910149 23.703583 16.308224 -0.293096 0.292651 362.226 0 0
1500.0 77.090786 21.226955 16.279958 0.313899 0.333682 362.356 0 0
1500.0 111.463894 -29.700521 16.664729 0.785860 -0.423097 362.998 0 0
1500.0 81.171361 9.993489 16.487466 0.400983 0.131802 363.279 0 0
1500.0 57.356955 47.933836 16.529747 -0.027631 0.720470 363.339 0 0
1500.0 73.041383 -21.242723 17.231752 0.275265 -0.319246 363.452 0 0
1500.0 20.070629 -90.114046 16.272437 -0.510489 -1.153286 363.675 0 0
1500.0 81.283629 -7.897872 16.915855 0.378821 -0.054136 364.115 0 0
1500.0 124.373383 56.517186 16.683870 0.990699 0.836990 364.421 0 0
1500.0 22.687330 44.569991 16.436864 -0.527001 0.597610 364.569 0 0
1500.0 110.709388 -26.800824 16.625396 0.775009 -0.371996 365.276 0 0
1500.0 85.803020 35.883332 16.593422 0.407289 0.508009 365.696 0 0
1500.0 82.117774 66.077715 16.888910 0.384483 1.037465 365.768 0 0
1500.0 84.360350 13.303337 16.458857 0.422384 0.178672 365.794 0 0
1500.0 101.058329 -16.311509 16.688717 0.596817 -0.195300 366.022 0 0
1500.0 71.557527 12.066903 17.143961 0.220932 0.193889 366.209 0 0
1500.0 92.517477 18.382507 16.709210 0.494254 0.213315 366.327 0 0
1500.0 135.682650 6.370503 16.531263 1.043169 0.053349 366.469 0 0
1500.0 84.981940 1.726321 16.732494 0.404017 0.017410 366.672 0 0
1500.0 -0.497479 8.907156 16.451964 -0.835794 0.118783 366.644 0 0
1500.0 115.892712 22.250495 16.646411 0.831310 0.257426 366.895 0 0
1500.0 73.457645 50.560424 16.620948 0.160886 0.751419 366.882 0 0
1500.0 94.059549 10.069848 17.204315 0.544177 0.143323 367.747 0 0
1500.0 84.180445 0.262240 16.525444 0.398795 0.044379 367.858 0 0
1500.0 108.757014 11.440035 17.214520 0.836695 0.236600 368.007 0 0
1500.0 131.182872 4.121878 16.881861 1.096678 0.022231 368.176 0 0
1500.0 78.047680 6.321704 17.351305 0.415850 0.114881 368.261 0 0
1500.0 118.237118 -12.696133 17.127389 1.056060 -0.239791 368.242 0 0
1500.0 62.945530 -17.343800 16.891505 0.150031 -0.277875 368.318 0 0
1500.0 116.418206 -47.357085 16.609599 0.815765 -0.605311 368.958 0 0
1500.0 65.991011 9.852486 16.840929 0.152492 0.193228 369.059 0 0
1500.0 73.391691 17.594024 16.849443 0.249099 0.294196 369.259 0 0
1500.0 63.907868 -48.922975 16.818771 0.044405 -0.704715 369.242 0 0
1500.0 64.259574 -0.718107 16.806204 0.129231 0.043791 369.386 0 0
1500.0 116.462250 -2.875180 16.676631 0.813670 0.007962 369.729 0 0
1500.0 53.870471 -0.553191 17.224930 -0.019431 0.042487 369.761 0 0
1500.0 108.853107 60.762963 16.660546 0.709998 0.769500 369.937 0 0
1500.0 68.138504 -6.271131 16.970755 0.110079 -0.089898 369.961 0 0
1500.0 35.829239 51.276327 16.660692 -0.251131 0.672795 370.080 0 0
1500.0 108.280898 61.708503 16.671489 0.700939 0.779432 370.142 0 0
1500.0 71.991698 -24.956569 16.872750 0.195355 -0.392463 370.862 0 0
1500.0 63.959395 75.279915 16.674630 0.124261 1.001326 371.017 0 0
1500.0 68.179391 5.785130 16.899213 0.187553 0.135451 371.039 0 0
1500.0 79.656460 -4.134247 18.439328 0.506272 -0.048402 371.100 0 0
1500.0 82.794489 11.002301 18.037918 0.465964 0.120801 371.323 0 0
1500.0 116.015157 21.647794 16.910325 0.830168 0.259307 371.667 0 0
1500.0 51.498683 -5.536102 16.990114 -0.066346 -0.137270 371.744 0 0
1500.0 77.984244 0.727012 18.680867 0.470793 0.045798 371.915 0 0
1500.0 116.214058 -126.937475 16.907412 0.814551 -1.824135 372.206 0 0
1500.0 25.971771 -6.886556 17.128943 -0.498627 -0.056458 372.264 0 0
1500.0 83.236473 -1.165058 17.045120 0.421398 -0.046413 372.494 0 0
1500.0 -12.143743 107.997734 16.825498 -0.935666 1.467410 372.827 0 0
1500.0 75.315350 21.673541 17.150370 0.256503 0.345083 372.874 0 0
1500.0 76.270686 1.288999 17.502148 0.333973 0.079627 372.902 0 0
1500.0 63.974909 -9.821429 17.063555 0.153615 -0.137898 373.109 0 0
1500.0 63.272978 34.528782 16.889952 0.123234 0.490729 373.122 0 0
1500.0 93.982966 -27.150610 18.272595 0.784753 -0.481337 373.250 0 0
1500.0 65.265928 78.884805 16.800645 0.136804 1.016524 373.394 0 0
1500.0 99.869037 -51.675693 17.333890 0.705409 -0.833910 373.494 0 0
1500.0 -20.551068 72.118977 16.903888 -1.088274 1.076243 373.517 0 0
1500.0 89.487954 17.057546 17.375341 0.443172 0.275431 373.717 0 0
1500.0 110.469469 -22.760606 16.875376 0.697011 -0.273641 373.729 0 0
1500.0 74.262611 -7.959666 17.443681 0.336058 -0.142659 373.925 0 0
1500.0 83.311295 40.848889 17.230269 0.385442 0.587651 373.935 0 0
1500.0 99.110448 -32.211837 16.894831 0.557766 -0.386193 374.051 0 0
1500.0 108.544631 -36.459914 17.123080 0.734750 -0.495915 374.303 0 0
1500.0 87.787912 -7.150972 17.887187 0.515910 -0.090292 374.341 0 0
1500.0 110.735023 -2.048020 16.913932 0.715232 -0.049812 374.440 0 0
1500.0 34.293006 27.804574 16.882348 -0.275098 0.421593 374.401 0 0
1500.0 68.876294 -35.717698 17.219337 0.143638 -0.513505 374.531 0 0
1500.0 111.039423 47.127426 16.950324 0.734570 0.642898 374.885 0 0
1500.0 87.015243 17.551452 17.111180 0.460731 0.263861 375.193 0 0
1500.0 25.497163 43.096817 16.996491 -0.496982 0.579403 375.275 0 0
1500.0 90.041176 41.899827 17.002735 0.454265 0.568690 375.433 0 0
1500.0 71.152036 -33.338457 16.936488 0.239267 -0.450590 375.470 0 0
1500.0 57.202064 38.110795 16.929089 -0.079881 0.519305 375.475 0 0
1500.0 96.850703 -64.121686 16.972336 0.540135 -0.862141 375.599 0 0
1500.0 61.980525 -80.705437 17.099272 0.115188 -1.202742 375.784 0 0
1500.0 69.692751 -73.222890 16.973938 0.189299 -0.977255 375.869 0 0
1500.0 94.521916 21.349709 16.951946 0.438907 0.334027 375.893 0 0
1500.0 53.865825 77.582330 16.964804 -0.036211 1.047769 376.015 0 0
1500.0 94.026566 -3.450459 18.621767 0.703524 -0.027769 376.044 0 0
1500.0 110.320077 34.851076 17.029353 0.777711 0.453162 376.137 0 0
1500.0 23.071754 -5.536842 17.215266 -0.522229 -0.119646 376.158 0 0
1500.0 57.729481 54.042697 16.962807 0.041872 0.684620 376.194 0 0
1500.0 67.599872 -14.338439 17.345570 0.184271 -0.251921 376.193 0 0
1500.0 62.975956 69.862301 17.111717 0.134703 1.005613 376.260 0 0
1500.0 72.057540 10.584206 17.509587 0.246314 0.201303 376.424 0 0
1500.0 78.754150 -0.830961 17.510619 0.332761 0.053722 376.451 0 0
1500.0 78.890541 -7.234485 17.523081 0.406717 -0.116795 376.683 0 0
1500.0 93.511836 -40.836641 17.114522 0.498677 -0.595136 376.708 0 0
1500.0 77.713380 -10.685517 17.256407 0.332601 -0.193168 376.715 0 0
1500.0 18.253907 -46.591413 16.978735 -0.589349 -0.600066 376.731 0 0
1500.0 60.823689 -26.169386 17.308845 0.073598 -0.364547 376.900 0 0
1500.0 93.633569 11.085406 17.528684 0.521833 0.206441 376.926 0 0
1500.0 89.589568 -12.505071 17.397211 0.494998 -0.217625 377.277 0 0
1500.0 38.977909 12.831696 17.419110 -0.325900 0.252305 377.620 0 0
1500.0 52.012980 8.211933 17.657207 -0.057554 0.081959 377.706 0 0
1500.0 49.165630 26.157479 17.750386 -0.085307 0.482581 377.779 0 0
1500.0 92.461040 8.486972 17.144649 0.468818 0.180620 378.071 0 0
1500.0 104.856686 -2.317437 17.203744 0.695020 -0.056384 378.082 0 0
1500.0 88.893515 1.102172 18.562769 0.635361 -0.023732 378.157 0 0
1500.0 68.615361 18.007525 17.122008 0.197497 0.281747 378.508 0 0
1500.0 80.917654 8.876647 18.171321 0.518454 0.140332 378.568 0 0
1500.0 109.303920 -53.445341 17.196653 0.687515 -0.741068 378.638 0 0
1500.0 77.160522 5.057328 18.203071 0.368622 0.123051 378.622 0 0
1500.0 72.976863 20.063544 17.341203 0.167484 0.289501 378.611 0 0
1500.0 59.139983 75.047591 17.066532 -0.031737 1.012421 378.684 0 0
1500.0 125.581642 -2.632211 17.336731 1.040192 0.015954 378.690 0 0
1500.0 18.220165 -9.360940 17.344840 -0.623820 -0.178043 378.769 0 0
1500.0 99.685083 56.602579 17.104413 0.588277 0.776854 378.980 0 0
1500.0 116.228111 -52.090304 17.091448 0.801181 -0.667989 379.136 0 0
1500.0 55.415540 -41.174646 17.396504 -0.014816 -0.608766 379.324 0 0
1500.0 15.818451 18.024177 17.257821 -0.601597 0.276827 379.349 0 0
1500.0 -4.942811 29.330839 17.125441 -0.879851 0.349909 379.560 0 0
1500.0 53.483508 7.069510 17.244078 -0.119294 0.081863 379.608 0 0
1500.0 66.451300 -15.148795 17.361434 0.177799 -0.196118 379.685 0 0
1500.0 105.560349 55.768123 17.209690 0.707478 0.856084 379.806 0 0
1500.0 108.625771 11.489565 17.213039 0.726904 0.203584 379.991 0 0
1500.0 5.536327 11.311493 17.224228 -0.754295 0.175369 380.016 0 0
1500.0 119.355972 -35.344294 17.332172 0.893365 -0.566861 380.029 0 0
1500.0 43.838723 -26.151795 17.504783 -0.184913 -0.393869 380.047 0 0
1500.0 79.785278 -32.317139 17.548074 0.353220 -0.487312 380.073 0 0
1500.0 100.083678 -13.352777 17.737217 0.812302 -0.232442 380.127 0 0
1500.0 87.141127 -7.876879 17.275933 0.412961 -0.096744 380.274 0 0
1500.0 82.541638 55.055192 17.219214 0.414942 0.786984 380.320 0 0
1500.0 95.259687 -32.032794 17.564186 0.552807 -0.480605 380.545 0 0
1500.0 28.744130 41.918778 17.277702 -0.450748 0.550095 380.752 0 0
1500.0 82.890773 -0.191352 17.606099 0.367751 0.045774 380.899 0 0
1500.0 77.162905 12.025127 17.826094 0.340297 0.175240 381.023 0 0
1500.0 36.211087 -12.635948 17.420593 -0.274323 -0.188202 381.042 0 0
1500.0 65.294882 63.982536 17.224285 0.147703 0.865990 381.207 0 0
1500.0 71.238307 -5.574513 17.920019 0.175880 -0.127547 381.298 0 0
1500.0 82.633621 4.704532 17.732997 0.457306 0.071180 381.437 0 0
1500.0 33.762797 25.986901 17.437006 -0.340581 0.408383 381.424 0 0
1500.0 81.463047 -2.605240 17.294323 0.320505 -0.075277 381.552 0 0
1500.0 46.163904 -49.524246 17.381896 -0.189441 -0.711396 381.552 0 0
1500.0 87.369104 -2.633883 17.736810 0.518992 -0.025738 381.566 0 0
1500.0 10.166566 -2.010474 17.322189 -0.669943 -0.084017 381.623 0 0
1500.0 122.614413 -29.693354 17.226839 0.852620 -0.370328 381.880 0 0
1500.0 84.189869 -10.465126 17.583393 0.371810 -0.207004 382.009 0 0
1500.0 72.373940 -18.051723 17.713331 0.197389 -0.279780 382.040 0 0
1500.0 68.586028 7.252638 18.472940 0.277170 0.151549 382.141 0 0
1500.0 36.863290 11.342451 17.471940 -0.329595 0.131440 382.343 0 0
1500.0 81.130074 -41.486138 17.671079 0.363285 -0.702953 382.370 0 0
1500.0 129.133686 6.301232 17.377733 0.998230 0.113269 382.498 0 0
1500.0 30.008568 72.099368 17.271389 -0.425136 0.948011 382.512 0 0
1500.0 90.109547 14.817878 17.651511 0.488515 0.265792 382.530 0 0
1500.0 96.869482 -3.888606 18.417705 0.691973 -0.030571 382.574 0 0
1500.0 113.432087 47.971374 17.270528 0.732223 0.635268 382.588 0 0
1500.0 45.388344 33.546111 17.710460 -0.183376 0.496479 382.837 0 0
1500.0 92.253047 -9.215225 17.712574 0.568180 -0.162152 383.093 0 0
1500.0 109.945797 49.727920 17.320354 0.677927 0.725612 383.373 0 0
1500.0 70.171800 26.417259 17.916902 0.228006 0.417258 383.676 0 0
1500.0 79.672917 -3.275594 17.836236 0.345833 -0.081626 383.753 0 0
1500.0 102.038364 41.785640 17.337464 0.581715 0.549767 383.896 0 0
1500.0 23.989122 -7.765945 17.334221 -0.469438 -0.082990 383.991 0 0
1500.0 29.480530 -6.557666 17.342830 -0.402944 -0.068397 384.144 0 0
1500.0 51.172352 10.218771 17.666387 -0.080089 0.227240 384.136 0 0
1500.0 58.616235 -14.027508 18.287178 0.071593 -0.206279 384.206 0 0
1500.0 54.148552 -3.521200 17.381532 -0.101504 0.002226 384.250 0 0
1500.0 111.517167 5.256775 19.182380 1.125935 0.069339 384.616 0 0
1500.0 123.230230 4.200088 17.840805 1.068928 0.114740 384.708 0 0
1500.0 28.847519 -7.105614 17.577321 -0.442020 -0.051607 384.726 0 0
1500.0 93.954117 11.053568 17.738289 0.599809 0.169658 384.789 0 0
1500.0 16.672935 51.242783 17.369920 -0.553956 0.738364 384.951 0 0
1500.0 9.158029 -39.691244 17.507502 -0.691047 -0.581020 385.374 0 0
1500.0 59.160083 0.322845 17.808163 0.029400 -0.050768 385.387 0 0
1500.0 52.963846 -122.307174 17.381085 -0.029915 -1.709034 385.503 0 0
1500.0 84.426454 0.183109 18.473480 0.542968 -0.021235 385.508 0 0
1500.0 57.445946 13.449003 17.586837 -0.031525 0.241504 385.612 0 0
1500.0 82.762052 5.344605 18.304540 0.498256 0.093919 385.726 0 0
1500.0 65.763815 4.290099 17.676954 0.078274 0.095353 385.972 0 0
1500.0 41.803355 -8.639947 17.464581 -0.237482 -0.193905 386.017 0 0
1500.0 100.220817 33.900400 17.689140 0.660471 0.498211 386.085 0 0
1500.0 5.187384 25.302508 17.635494 -0.784093 0.429130 386.413 0 0
1500.0 104.184749 -38.617829 17.866481 0.833078 -0.631099 386.378 0 0
1500.0 45.735556 -4.295398 17.503197 -0.230371 -0.100878 386.554 0 0
1500.0 105.416477 22.456037 17.731282 0.801910 0.344444 386.735 0 0
1500.0 86.072179 -4.677271 18.091026 0.529451 -0.003148 386.727 0 0
1500.0 106.767539 -13.324068 17.843045 0.773531 -0.199247 386.742 0 0
1500.0 66.796500 31.232832 17.443708 0.147308 0.513179 386.747 0 0
1500.0 54.808430 36.794560 17.520833 -0.036479 0.504522 386.753 0 0
1500.0 87.397391 -27.085676 17.982335 0.532992 -0.455483 386.848 0 0
1500.0 39.240776 -27.833460 17.897050 -0.318566 -0.472370 386.865 0 0
1500.0 95.597129 -10.138194 17.610127 0.616364 -0.088608 386.904 0 0
1500.0 110.015841 40.704123 17.556077 0.807771 0.588580 386.949 0 0
1500.0 86.695575 17.763863 17.629052 0.462423 0.308730 386.987 0 0
1500.0 68.583733 -12.606253 18.587524 0.257154 -0.221318 387.053 0 0
1500.0 74.065207 16.488955 18.189783 0.273387 0.274822 387.086 0 0
1500.0 114.218471 32.326526 17.498990 0.838184 0.417579 387.076 0 0
1500.0 107.782379 -40.255379 17.500420 0.749799 -0.572149 387.133 0 0
1500.0 -11.889543 9.428294 17.453894 -0.989711 0.177137 387.355 0 0
1500.0 78.637704 -73.626427 17.700424 0.264486 -1.186667 387.457 0 0
1500.0 47.503127 -53.994028 17.490401 -0.152914 -0.823012 387.524 0 0
1500.0 86.017275 -12.465302 17.642405 0.474597 -0.218593 387.560 0 0
1500.0 91.769043 -34.891408 17.679512 0.539999 -0.503476 387.607 0 0
1500.0 8.140122 -31.981760 17.460138 -0.764529 -0.447515 387.594 0 0
1500.0 64.745095 75.276687 17.472291 0.134834 1.037725 387.654 0 0
1500.0 15.226056 27.699774 17.519883 -0.656959 0.351926 387.680 0 0
1500.0 111.288003 6.474605 17.529297 0.821501 0.098822 387.911 0 0
1500.0 105.781079 19.788077 17.743313 0.716682 0.336917 387.986 0 0
1500.0 59.072930 65.507947 17.615017 -0.023599 0.978682 388.220 0 0
1500.0 93.582783 -5.884949 18.966161 0.700497 -0.060484 388.230 0 0
1500.0 100.844812 2.454178 18.712311 0.929493 0.051843 388.464 0 0
1500.0 74.596463 -23.189686 18.120215 0.268311 -0.363937 388.494 0 0
1500.0 62.195596 28.293300 17.739995 0.019053 0.409723 388.485 0 0
1500.0 53.084818 -29.977639 17.951283 -0.019810 -0.484861 388.622 0 0
1500.0 91.832252 -1.759586 17.941240 0.508653 -0.000039 388.846 0 0
1500.0 88.703682 56.054285 17.664716 0.478181 0.824654 388.839 0 0
1500.0 59.968760 -31.784610 17.659140 0.060233 -0.525575 388.871 0 0
1500.0 26.215110 30.407462 17.661022 -0.504655 0.432900 388.985 0 0
1500.0 14.208438 1.341210 17.661460 -0.675093 0.019480 389.020 0 0
1500.0 56.573888 -10.877720 18.043425 0.009587 -0.216359 389.038 0 0
1500.0 200.917267 65.180291 17.585130 2.227236 1.003683 389.076 0 0
1500.0 125.762764 29.277542 17.641840 1.057626 0.471656 389.149 0 0
1500.0 30.033691 -19.529377 17.592176 -0.467323 -0.267410 389.223 0 0
1500.0 70.678430 2.305334 17.813038 0.276386 0.090426 389.277 0 0
1500.0 17.236153 29.122979 17.665244 -0.629475 0.412737 389.308 0 0
1500.0 131.266658 -7.898375 17.562574 1.038806 -0.127261 389.331 0 0
1500.0 19.952107 -34.402483 17.665953 -0.590590 -0.486306 389.359 0 0
1500.0 62.570228 -13.952544 18.314653 0.061388 -0.221990 389.332 0 0
1500.0 65.639868 -79.494751 17.501927 0.124049 -1.102358 389.541 0 0
1500.0 93.267351 9.634638 18.783124 0.690327 0.105924 389.593 0 0
1500.0 50.372257 8.076353 17.894565 -0.107553 0.122135 389.737 0 0
1500.0 99.575973 -36.078679 17.968941 0.680235 -0.574267 389.811 0 0
1500.0 34.466382 -70.465667 17.539182 -0.287006 -1.058545 389.848 0 0
1500.0 90.959271 8.406771 17.785487 0.586949 0.092279 389.874 0 0
1500.0 69.443294 -71.691826 17.545161 0.148486 -1.035874 389.890 0 0
1500.0 21.114342 -23.622916 17.679486 -0.582821 -0.338882 390.106 0 0
1500.0 57.960689 -1.703321 17.603729 -0.040700 -0.083920 390.111 0 0
1500.0 129.384223 0.794089 17.577562 1.042486 0.018742 390.123 0 0
1500.0 76.811573 -6.445631 18.889600 0.457265 -0.116673 390.204 0 0
1500.0 22.733207 13.523847 17.555515 -0.563073 0.155592 390.223 0 0
1500.0 -3.759815 -37.202242 17.574819 -0.891503 -0.543107 390.321 0 0
1500.0 59.575473 27.493892 17.860907 0.040712 0.460930 390.325 0 0
1500.0 57.485737 37.365963 17.839741 0.024038 0.603216 390.558 0 0
1500.0 12.556172 -2.392006 17.563700 -0.702498 -0.070854 390.796 0 0
1500.0 77.001847 8.849477 18.052051 0.380422 0.177963 390.925 0 0
1500.0 60.176054 -64.357326 17.582614 -0.033260 -0.945786 390.960 0 0
1500.0 86.518334 9.012984 18.670724 0.569201 0.168347 390.983 0 0
1500.0 47.994278 -25.842316 17.945240 -0.164955 -0.373649 390.973 0 0
1500.0 78.274442 5.983619 18.762372 0.419242 0.081737 391.038 0 0
1500.0 76.790911 -4.262268 19.430184 0.521366 -0.104023 391.251 0 0
1500.0 102.193441 -4.264875 18.091455 0.738161 -0.017959 391.245 0 0
1500.0 22.465022 -35.953109 17.628452 -0.513060 -0.574315 391.273 0 0
1500.0 55.752377 45.848504 17.888382 -0.066922 0.751899 391.379 0 0
1500.0 42.821178 -33.947678 17.780047 -0.284012 -0.631043 391.360 0 0
1500.0 109.658582 -17.852860 18.140751 0.942690 -0.309862 391.546 0 0
1500.0 58.011817 -26.889669 17.896273 -0.069307 -0.450547 391.637 0 0
1500.0 77.020046 0.494790 18.066592 0.401172 0.051641 391.682 0 0
1500.0 115.249650 -41.756037 17.558629 0.847491 -0.611977 391.831 0 0
1500.0 121.696390 36.554743 17.560064 0.935623 0.468664 391.898 0 0
1500.0 89.706359 11.463473 18.229233 0.666117 0.204880 391.904 0 0
1500.0 84.455580 63.996906 17.585605 0.381998 0.992750 391.992 0 0
1500.0 40.612432 25.615003 17.614063 -0.269049 0.359603 392.104 0 0
1500.0 71.382142 -42.658339 17.710687 0.150269 -0.662057 392.153 0 0
1500.0 66.630531 4.792714 18.031152 0.212491 0.061657 392.277 0 0
1500.0 71.663772 -60.034520 17.622405 0.155981 -0.913190 392.281 0 0
1500.0 74.762890 39.290482 18.037259 0.281344 0.625543 392.529 0 0
1500.0 48.239913 82.390288 17.591077 -0.203808 1.216120 392.832 0 0
1500.0 124.962264 -24.234201 17.582344 0.967736 -0.364873 392.867 0 0
1500.0 70.928266 -26.461240 18.070283 0.222831 -0.446580 392.919 0 0
1500.0 67.018798 -13.680230 17.988523 0.073491 -0.208553 392.995 0 0
1500.0 70.647764 -55.226908 17.779276 0.241645 -0.846718 393.003 0 0
1500.0 13.056801 -21.742770 17.659786 -0.651970 -0.351799 393.204 0 0
1500.0 87.069601 -0.155624 18.939142 0.637013 -0.038477 393.223 0 0
1500.0 71.392233 -24.052537 17.852805 0.262389 -0.412690 393.443 0 0
1500.0 35.835599 15.852054 17.681305 -0.352536 0.300832 393.534 0 0
1500.0 119.750674 -36.483341 17.641111 0.927460 -0.480412 393.725 0 0
1500.0 56.681548 -2.174635 17.718876 -0.029131 -0.104002 393.794 0 0
1500.0 136.647043 -19.778744 17.795569 1.264489 -0.347866 393.958 0 0
1500.0 69.906227 -31.425370 18.166795 0.172525 -0.572993 394.045 0 0
1500.0 41.373057 -22.969730 17.689311 -0.217837 -0.356113 394.316 0 0
1500.0 90.009222 -25.850956 18.001547 0.574663 -0.393243 394.314 0 0
1500.0 57.811865 -51.704166 17.633866 -0.077274 -0.754166 394.389 0 0
1500.0 92.205984 -24.443658 17.767343 0.587271 -0.349492 394.455 0 0
1500.0 18.957612 -5.531880 17.703518 -0.551111 -0.106433 394.529 0 0
1500.0 59.971498 12.903864 18.640307 0.107965 0.204360 394.469 0 0
1500.0 93.971448 -22.401664 17.954301 0.560939 -0.358385 394.468 0 0
1500.0 134.443369 -33.724943 17.805874 1.267580 -0.582030 394.515 0 0
1500.0 231.408458 56.790225 17.808181 2.828128 0.922923 394.461 0 0
1500.0 80.524607 26.363252 17.715886 0.357687 0.345063 394.559 0 0
1500.0 102.983713 -26.964190 17.859593 0.710497 -0.447524 394.605 0 0
1500.0 116.876955 27.276569 17.808097 0.964448 0.509410 394.712 0 0
1500.0 58.481350 6.085179 17.844378 0.077950 0.109854 394.993 0 0
1500.0 15.508034 0.000084 17.925129 -0.651275 -0.004275 395.111 0 0
1500.0 64.661292 -70.504474 17.673383 0.053848 -1.019539 395.236 0 0
1500.0 62.642782 4.365081 17.837021 0.088813 0.116997 395.297 0 0
1500.0 128.765904 20.568620 17.760861 1.143434 0.295613 395.402 0 0
1500.0 103.159022 -16.726261 17.655458 0.648045 -0.253705 395.468 0 0
1500.0 49.324136 -82.242387 17.637226 -0.096924 -1.192094 395.726 0 0
1500.0 37.728029 -35.328997 17.819636 -0.349344 -0.525283 395.792 0 0
1500.0 49.892346 -32.668062 17.852863 -0.198498 -0.562503 395.802 0 0
1500.0 95.855631 45.817700 17.721322 0.625275 0.667716 395.881 0 0
1500.0 114.791582 46.641490 17.672965 0.837421 0.746154 395.946 0 0
1500.0 121.116759 -2.818444 17.695343 0.914845 -0.011146 396.208 0 0
1500.0 101.993780 10.130780 18.322003 0.758827 0.169681 396.221 0 0
1500.0 108.502887 -19.951351 18.033889 0.810478 -0.337629 396.225 0 0
1500.0 58.496923 -31.394028 18.483947 -0.009375 -0.539641 396.220 0 0
1500.0 71.352458 -51.953014 17.703621 0.141663 -0.808643 396.247 0 0
1500.0 39.245280 3.147266 17.842178 -0.299326 0.106412 396.255 0 0
1500.0 87.154324 -11.027308 18.325301 0.464557 -0.189894 396.279 0 0
1500.0 72.131962 2.433196 18.085687 0.328421 0.011376 396.386 0 0
1500.0 33.121721 62.887324 17.704066 -0.376764 0.954875 396.379 0 0
1500.0 106.974575 -17.241541 18.232562 0.819180 -0.281540 396.425 0 0
1500.0 80.305913 34.715307 17.764606 0.348365 0.500985 396.531 0 0
1500.0 73.081510 36.940206 18.031492 0.297628 0.597475 396.600 0 0
1500.0 93.730185 1.731806 18.102012 0.572343 -0.013051 396.603 0 0
1500.0 66.690239 21.708103 18.243759 0.135568 0.320669 396.655 0 0
1500.0 44.954557 -11.119457 17.756174 -0.182113 -0.208320 396.701 0 0
1500.0 28.689538 -55.231441 17.794743 -0.435949 -0.853771 396.898 0 0
1500.0 71.289192 -1.081955 18.182593 0.176074 -0.010388 396.989 0 0
1500.0 89.603752 4.234346 19.140542 0.736768 0.140847 397.065 0 0
1500.0 70.892434 -1.338794 18.358130 0.266724 0.053324 397.082 0 0
1500.0 79.075584 23.832380 17.909565 0.300330 0.371842 397.158 0 0
1500.0 81.379579 7.824854 18.511309 0.488219 0.160992 397.257 0 0
1500.0 81.320579 -21.717839 18.199349 0.386932 -0.466161 397.273 0 0
1500.0 85.886953 8.304047 19.090890 0.582270 0.191040 397.372 0 0
1500.0 71.046820 27.878228 17.989138 0.170364 0.421533 397.457 0 0
1500.0 62.475576 -9.077080 18.127917 0.163289 -0.152097 397.493 0 0
1500.0 127.168577 -14.900369 17.826360 1.191347 -0.205611 397.487 0 0
1500.0 123.099581 20.200442 17.678806 0.977043 0.335443 397.512 0 0
1500.0 4.319741 -18.340289 17.889543 -0.832509 -0.301363 397.572 0 0
1500.0 71.070687 4.389507 18.082500 0.242226 0.001678 397.605 0 0
1500.0 24.921790 23.764735 17.926429 -0.582979 0.342960 397.702 0 0
1500.0 75.552810 -9.867303 18.637110 0.373922 -0.147872 397.735 0 0
1500.0 59.867498 -14.894246 17.792348 0.096005 -0.268028 397.802 0 0
1500.0 84.220351 26.040888 18.719459 0.526393 0.518424 397.778 0 0
1500.0 112.241860 -31.877251 17.848820 0.828771 -0.517397 397.939 0 0
1500.0 29.769297 57.214098 17.758447 -0.380943 0.891702 398.127 0 0
1500.0 99.990296 6.043897 18.043023 0.722538 0.094078 398.283 0 0
1500.0 89.780988 30.405868 17.977919 0.498227 0.512603 398.375 0 0
1500.0 64.896108 -21.044585 17.757796 0.054677 -0.328385 398.423 0 0
1500.0 45.482662 10.280562 17.733410 -0.242826 0.105771 398.509 0 0
1500.0 74.058306 44.695290 17.912061 0.311313 0.698955 398.587 0 0
1500.0 91.983171 -27.785430 17.889742 0.504860 -0.421637 398.674 0 0
1500.0 121.377349 25.952668 17.677106 0.941234 0.309238 398.664 0 0
1500.0 70.592519 4.199358 18.404549 0.322505 0.122364 398.698 0 0
1500.0 113.218986 38.182838 17.763916 0.810907 0.613427 398.691 0 0
1500.0 99.677777 -10.831903 17.793850 0.677232 -0.205066 398.701 0 0
1500.0 33.529182 14.774665 17.733341 -0.419488 0.172134 398.771 0 0
1500.0 109.625831 -66.028201 17.770873 0.865851 -1.039935 398.793 0 0
1500.0 124.003780 21.360739 17.818943 0.990484 0.342172 398.827 0 0
1500.0 72.828049 9.440206 18.123708 0.337973 0.165766 398.877 0 0
1500.0 99.338281 92.940460 17.703687 0.631619 1.331303 398.917 0 0
1500.0 144.406961 27.649599 17.853772 1.450493 0.460985 398.940 0 0
1500.0 76.884752 -16.606039 17.908053 0.303260 -0.271967 399.310 0 0
1500.0 69.874472 -53.274432 17.796729 0.238953 -0.818508 399.332 0 0
1500.0 98.809492 -28.210998 18.071154 0.675633 -0.460467 399.355 0 0
1500.0 130.963240 44.862308 18.070657 1.252283 0.800691 399.399 0 0
1500.0 66.648368 -34.758244 18.091989 0.209478 -0.565816 399.502 0 0
1500.0 -4.930447 18.356584 17.758175 -0.957918 0.321481 399.499 0 0
1500.0 119.899147 33.656816 17.773823 0.895605 0.542611 399.511 0 0
1500.0 -13.035792 -0.132192 17.740990 -1.056265 -0.048267 399.543 0 0
1500.0 38.987145 -15.583945 17.976874 -0.319268 -0.231706 399.538 0 0
1500.0 94.919874 -8.455942 17.915059 0.570312 -0.133802 399.621 0 0
1500.0 94.062611 -19.800841 17.824514 0.627145 -0.259940 399.690 0 0
1500.0 100.538635 -0.202071 18.092776 0.696564 -0.065865 399.795 0 0
1500.0 109.388289 -29.879835 17.800292 0.805594 -0.475668 399.864 0 0
1500.0 53.677147 10.075963 17.981604 -0.097583 0.116070 399.931 0 0
1500.0 74.540539 -13.539413 17.981411 0.209922 -0.232007 400.070 0 0
1500.0 102.416428 45.810512 17.721801 0.658999 0.674722 400.086 0 0
1500.0 85.150309 -5.171249 19.218585 0.550899 -0.084217 400.254 0 0
1500.0 98.591176 20.302181 17.711865 0.655734 0.255890 400.348 0 0
1500.0 117.148734 -47.788085 17.795935 0.897259 -0.701327 400.383 0 0
1500.0 87.533556 -6.102109 18.019876 0.451413 -0.160281 400.507 0 0
1500.0 109.250271 52.139077 18.789890 1.097823 1.125139 400.537 0 0
1500.0 154.564595 96.098717 18.019691 1.673520 1.650743 400.580 0 0
1500.0 49.634232 68.690311 17.790459 -0.092380 1.020251 400.602 0 0
1500.0 57.383994 -7.773470 18.286672 0.006530 -0.067994 400.638 0 0
1500.0 20.287566 17.624043 17.791607 -0.525851 0.295440 400.768 0 0
1500.0 123.353413 -25.893025 17.704585 0.941264 -0.423581 400.761 0 0
1500.0 67.222862 51.343484 17.745548 0.181547 0.808932 400.772 0 0
1500.0 32.208821 -47.598677 17.712978 -0.324113 -0.743735 400.781 0 0
1500.0 63.048120 -9.219361 18.213169 0.098809 -0.179398 400.854 0 0
1500.0 92.202755 -5.373459 18.474283 0.586563 -0.055758 401.073 0 0
1500.0 76.130081 -13.646907 17.968118 0.294943 -0.297628 401.109 0 0
1500.0 94.055175 19.096394 17.773809 0.618874 0.287572 401.427 0 0
1500.0 85.434114 -3.320717 19.145110 0.611175 -0.088069 401.538 0 0
1500.0 82.683736 5.666909 17.886741 0.406368 0.080879 401.572 0 0
1500.0 103.240672 46.498064 17.717271 0.710924 0.631313 401.640 0 0
1500.0 20.298065 48.058906 17.811910 -0.544302 0.794225 401.681 0 0
1500.0 57.583680 -42.692381 18.311142 0.039965 -0.810431 401.663 0 0
1500.0 55.719341 -26.537686 18.159478 -0.015339 -0.449159 401.864 0 0
1500.0 74.726060 3.594569 18.632415 0.330871 0.105575 401.884 0 0
1500.0 95.935859 -50.990075 17.719608 0.602049 -0.779991 401.966 0 0
1500.0 102.617899 1.884809 17.993724 0.719421 0.089855 402.030 0 0
1500.0 85.127705 -1.814834 18.812712 0.543758 0.039314 402.071 0 0
1500.0 107.663516 -20.330602 18.660725 1.075389 -0.470212 402.117 0 0
1500.0 40.910497 1.645119 17.768506 -0.278454 -0.048410 402.272 0 0
1500.0 88.698718 14.941955 17.941207 0.523967 0.276625 402.379 0 0
1500.0 93.383167 15.973402 17.884913 0.510322 0.308676 402.420 0 0
1500.0 119.896204 -12.138687 17.896702 0.969142 -0.142018 402.523 0 0
1500.0 46.313917 11.045403 18.049843 -0.185338 0.140434 402.574 0 0
1500.0 94.730981 37.270835 17.995092 0.599718 0.600821 402.574 0 0
1500.0 93.002862 1.486156 18.212848 0.615682 0.074320 402.566 0 0
1500.0 94.185907 -13.699837 18.118561 0.608775 -0.262314 402.546 0 0
1500.0 35.579946 7.850899 18.167982 -0.344844 0.138279 402.531 0 0
1500.0 79.138703 -10.076948 17.963500 0.328356 -0.234666 402.607 0 0
1500.0 106.736279 -3.810554 18.110816 0.821807 -0.136830 402.590 0 0
1500.0 54.769676 34.327923 17.948356 -0.016746 0.652749 402.677 0 0
1500.0 -10.812102 -36.870132 17.789019 -1.068841 -0.568711 402.772 0 0
1500.0 62.967875 34.732154 18.060610 0.021375 0.616735 402.861 0 0
1500.0 8.546488 47.612914 17.763620 -0.793881 0.788535 402.932 0 0
1500.0 52.697481 -22.548171 17.759773 -0.037457 -0.400736 402.940 0 0
1500.0 77.859439 39.967892 17.840426 0.289377 0.601811 403.012 0 0
1500.0 93.772845 -4.185903 18.076323 0.592500 0.006387 403.146 0 0
1500.0 19.971715 -2.037722 17.849689 -0.561396 -0.001961 403.182 0 0
1500.0 86.440517 51.469181 17.930064 0.548942 0.854898 403.086 0 0
1500.0 101.904074 -17.366481 18.177934 0.713725 -0.316194 403.240 0 0
1500.0 68.821384 18.604083 17.872533 0.247409 0.294554 403.243 0 0
1500.0 -49.840352 55.371954 17.774875 -1.712680 0.877343 403.251 0 0
1500.0 67.954103 -28.053386 17.846294 0.184935 -0.490427 403.352 0 0
1500.0 114.091618 40.598774 17.789957 0.847672 0.608319 403.545 0 0
1500.0 97.909682 -0.452106 19.094102 0.843655 -0.031798 403.540 0 0
1500.0 89.812993 24.279682 18.003506 0.570631 0.359982 403.590 0 0
1500.0 86.747967 12.993454 17.871102 0.514585 0.209145 403.564 0 0
1500.0 81.940519 10.114159 18.135814 0.463654 0.116725 403.624 0 0
1500.0 21.838476 58.701296 17.734630 -0.586647 0.863042 403.669 0 0
1500.0 66.388951 32.542845 18.126373 0.122571 0.582590 403.727 0 0
1500.0 109.167170 52.023938 17.776176 0.718835 0.799781 404.034 0 0
1500.0 97.168720 17.823020 17.951753 0.675019 0.254827 404.548 0 0
1500.0 26.388411 57.206027 17.832751 -0.452566 0.871045 404.554 0 0
1500.0 130.326627 3.798900 17.823889 1.108292 0.075534 404.579 0 0
1500.0 34.891156 6.771927 18.466712 -0.390028 0.126910 404.567 0 0
1500.0 16.952534 27.417962 17.773477 -0.684093 0.373144 404.806 0 0
1500.0 98.547054 19.626256 17.979076 0.702181 0.350486 404.852 0 0
1500.0 94.860862 -15.924573 18.175427 0.654501 -0.250778 404.890 0 0
1500.0 55.429172 18.751044 18.089666 -0.061705 0.324671 404.901 0 0
1500.0 58.860926 -34.333179 18.642127 0.025352 -0.675215 404.879 0 0
1500.0 95.153735 17.680619 18.288429 0.769392 0.336803 405.089 0 0
1500.0 64.597031 -2.011475 18.076096 0.069886 0.008392 405.128 0 0
1500.0 91.844350 -2.185613 18.141321 0.599280 -0.096528 405.169 0 0
1500.0 60.207472 23.923577 18.182686 0.042226 0.369995 405.327 0 0
1500.0 113.512840 -24.898978 17.870523 0.891865 -0.348960 405.317 0 0
1500.0 115.437732 -31.420387 17.801269 0.816129 -0.498564 405.342 0 0
1500.0 63.626541 62.752286 17.844672 0.069220 0.938277 405.359 0 0
1500.0 23.261182 55.164123 17.890356 -0.522797 0.857887 405.399 0 0
1500.0 104.506487 -3.527609 17.977072 0.771991 -0.096894 405.473 0 0
1500.0 67.914472 12.532686 18.088822 0.164585 0.230001 405.530 0 0
1500.0 67.529379 29.260331 18.072417 0.113425 0.477570 405.568 0 0
1500.0 33.038517 -7.316591 17.938319 -0.439607 -0.102379 405.618 0 0
1500.0 58.501496 -24.784252 17.977271 0.008451 -0.449160 405.667 0 0
1500.0 79.042496 -11.273077 17.901899 0.340297 -0.191791 405.731 0 0
1500.0 100.099042 20.439376 17.901394 0.715864 0.291508 405.718 0 0
1500.0 82.853105 -17.740184 18.707945 0.459700 -0.280758 405.780 0 0
1500.0 116.063839 17.034630 18.279787 0.992648 0.311387 405.883 0 0
1500.0 107.856608 -15.700146 17.805670 0.738500 -0.240853 406.037 0 0
1500.0 49.252707 57.507314 17.856903 -0.128967 0.857061 406.068 0 0
1500.0 54.058865 35.187148 18.036962 -0.139161 0.597410 406.007 0 0
1500.0 111.270715 40.333434 17.875367 0.846909 0.594031 406.308 0 0
1500.0 32.727635 -0.525614 18.167142 -0.408415 -0.008728 406.330 0 0
1500.0 106.982276 -31.510890 18.179702 0.937047 -0.539513 406.356 0 0
1500.0 59.164308 -29.001472 17.836705 -0.034681 -0.429778 406.369 0 0
1500.0 66.946942 47.961947 17.821971 0.164036 0.701791 406.381 0 0
1500.0 102.335148 -42.454156 17.858822 0.733445 -0.626394 406.425 0 0
1500.0 70.790480 0.494793 17.898339 0.280596 -0.029373 406.415 0 0
1500.0 90.671395 31.094887 17.884402 0.539893 0.539444 406.476 0 0
1500.0 0.459513 -40.139049 17.769866 -0.825755 -0.645435 406.508 0 0
1500.0 48.467202 -68.728105 17.766277 -0.096296 -1.043474 406.528 0 0
1500.0 62.968198 -17.066117 17.842968 0.016052 -0.269562 406.611 0 0
1500.0 44.573245 50.465781 17.867492 -0.191816 0.754588 406.619 0 0
1500.0 114.731549 3.169455 17.926250 0.881610 0.036882 406.663 0 0
1500.0 66.348736 -68.275491 17.784932 0.099254 -1.036384 406.625 0 0
1500.0 83.149391 -43.263459 17.970106 0.376494 -0.718179 406.712 0 0
1500.0 131.067314 0.985670 18.130730 1.316284 -0.018920 406.688 0 0
1500.0 77.349858 -76.101847 17.911771 0.351588 -1.217022 406.784 0 0
1500.0 132.124066 13.031597 18.017687 1.244240 0.221552 406.795 0 0
1500.0 106.775821 17.331581 17.885578 0.814600 0.271166 406.879 0 0
1500.0 69.257732 -34.803488 17.801559 0.201902 -0.508974 407.023 0 0
1500.0 88.318946 -19.994458 17.931752 0.542809 -0.340307 407.144 0 0
1500.0 85.728490 5.215262 18.120501 0.418201 0.131659 407.205 0 0
1500.0 71.593725 12.510923 18.536888 0.296671 0.179065 407.274 0 0
1500.0 117.984176 -48.976523 17.881771 1.017067 -0.846335 407.268 0 0
1500.0 93.076731 1.374500 18.144733 0.601928 0.088711 407.304 0 0
1500.0 28.296866 25.170350 17.989605 -0.491650 0.441513 407.324 0 0
1500.0 56.935187 -54.389770 17.837970 0.030076 -0.880239 407.351 0 0
1500.0 80.085350 -54.370993 18.014456 0.444880 -0.978777 407.393 0 0
1500.0 71.932421 -9.695142 17.813283 0.236404 -0.169866 407.497 0 0
1500.0 83.833837 2.784221 18.094730 0.481268 -0.011457 407.513 0 0
1500.0 55.177396 0.210054 17.964888 -0.103720 -0.004078 407.555 0 0
1500.0 73.081856 19.734334 18.535648 0.307648 0.311349 407.572 0 0
1500.0 62.665253 9.912238 17.849443 0.131896 0.207973 407.652 0 0
1500.0 54.041949 -11.088476 18.361131 -0.061750 -0.181668 407.741 0 0
1500.0 45.634286 -52.460156 18.029158 -0.200128 -0.841714 407.792 0 0
1500.0 90.018410 -37.808642 17.926447 0.562845 -0.605217 407.825 0 0
1500.0 66.893951 51.088759 18.051271 0.108648 0.851834 407.908 0 0
1500.0 11.375422 -24.275535 17.970708 -0.751596 -0.384027 407.914 0 0
1500.0 62.730055 -25.298135 18.358592 0.068425 -0.393629 407.964 0 0
1500.0 60.198003 3.476646 18.128247 0.050346 0.122271 408.086 0 0
1500.0 105.589188 27.230156 17.813697 0.781282 0.368360 408.125 0 0
1500.0 105.312000 11.968734 17.944547 0.774128 0.256115 408.245 0 0
1500.0 92.559188 29.342077 18.142551 0.550700 0.551649 408.282 0 0
1500.0 109.071217 -59.497297 18.104353 0.956780 -1.076120 408.267 0 0
1500.0 116.447314 -26.898687 17.891009 0.931971 -0.490306 408.309 0 0
1500.0 95.059353 -8.048552 18.206603 0.723488 -0.082256 408.370 0 0
1500.0 121.921261 -10.982557 17.883627 1.018375 -0.149768 408.400 0 0
1500.0 58.738304 10.978619 17.832142 0.017031 0.249337 408.505 0 0
1500.0 20.644593 35.893656 17.920129 -0.591242 0.605462 408.625 0 0
1500.0 69.481268 -4.835217 17.941812 0.268515 -0.072001 408.610 0 0
1500.0 87.693496 19.420500 18.936554 0.561511 0.345446 408.710 0 0
1500.0 79.295152 -2.049590 18.167129 0.441590 -0.012579 408.664 0 0
1500.0 69.975845 -6.383273 18.183408 0.293147 -0.137825 408.743 0 0
1500.0 14.777806 33.412183 17.932554 -0.733371 0.551158 408.678 0 0
1500.0 63.728476 -35.450479 18.146709 0.078229 -0.716144 408.694 0 0
1500.0 108.609253 29.134557 18.354556 0.939361 0.503399 408.780 0 0
1500.0 84.109645 -15.661319 18.100579 0.378749 -0.291726 408.802 0 0
1500.0 75.950970 32.768497 18.003339 0.277189 0.566531 408.955 0 0
1500.0 75.325434 -1.487412 18.976894 0.385265 -0.091417 409.008 0 0
1500.0 81.842417 49.095791 17.895590 0.442830 0.764128 409.126 0 0
1500.0 93.631105 22.804843 17.908628 0.567577 0.408897 409.252 0 0
1500.0 98.720401 -13.428878 17.927159 0.620606 -0.213163 409.270 0 0
1500.0 72.193767 16.816302 18.043435 0.304530 0.307237 409.271 0 0
1500.0 16.256972 52.176164 17.797211 -0.666388 0.808159 409.496 0 0
1500.0 58.568755 37.432311 18.179384 0.062852 0.639786 409.512 0 0
1500.0 100.777802 17.583582 18.600713 0.784158 0.364119 409.519 0 0
1500.0 107.615645 -6.936819 17.982788 0.772456 -0.115678 409.591 0 0
1500.0 98.781682 -16.265506 17.929488 0.711455 -0.245303 409.628 0 0
1500.0 74.953216 30.834116 17.862806 0.291137 0.448054 409.782 0 0
1500.0 10.151997 30.667060 17.930587 -0.734045 0.531245 409.783 0 0
1500.0 88.239932 -30.561112 18.020552 0.468518 -0.466513 409.964 0 0
1500.0 65.752387 38.978711 17.835758 0.125116 0.596796 410.007 0 0
1500.0 103.671883 18.066117 17.926493 0.782174 0.277201 409.955 0 0
1500.0 139.977140 -40.276322 17.922014 1.311217 -0.692105 409.962 0 0
1500.0 116.094215 -6.342036 17.997072 0.947982 -0.049122 410.067 0 0
1500.0 56.641644 35.276196 18.034241 -0.035399 0.609305 410.153 0 0
1500.0 113.440006 -37.021627 17.840490 0.844190 -0.593190 410.219 0 0
1500.0 79.614880 34.879512 18.125157 0.328140 0.570232 410.323 0 0
1500.0 111.708876 -39.059396 17.922871 0.858196 -0.601998 410.258 0 0
1500.0 76.351835 50.283747 17.997304 0.277478 0.813294 410.331 0 0
1500.0 93.969561 -12.153053 18.054892 0.651581 -0.201459 410.254 0 0
1500.0 58.743236 2.692092 17.876211 0.071109 0.066520 410.371 0 0
1500.0 87.026263 59.973450 17.818633 0.450321 0.946608 410.388 0 0
1500.0 104.474472 40.911055 18.100542 0.875430 0.700539 410.416 0 0
1500.0 12.422692 15.494154 17.817556 -0.692506 0.178821 410.537 0 0
1500.0 64.556897 -11.759476 18.370867 0.096541 -0.195297 410.525 0 0
1500.0 109.879044 7.070246 17.919744 0.838974 0.041711 410.556 0 0
1500.0 66.525382 -66.856493 18.071121 0.215780 -1.159469 410.648 0 0
1500.0 -7.234449 23.316532 17.893625 -1.039580 0.354176 410.671 0 0
1500.0 92.831363 38.983069 18.028897 0.608493 0.634139 410.669 0 0
1500.0 49.569000 -20.441232 18.368926 -0.130285 -0.326171 410.661 0 0
1500.0 29.655292 1.797595 18.215704 -0.456105 0.043709 410.675 0 0
1500.0 83.946574 -15.200030 17.938425 0.426760 -0.192247 410.747 0 0
1500.0 60.301483 -26.602018 17.829901 -0.008071 -0.481240 410.804 0 0
1500.0 47.646104 -32.490733 17.825070 -0.232058 -0.467860 410.849 0 0
1500.0 111.174039 18.579979 17.813006 0.804716 0.228206 410.905 0 0
1500.0 8.038928 -16.010658 17.838444 -0.827691 -0.283100 410.900 0 0
1500.0 111.934785 -33.525450 17.970326 0.849040 -0.573709 411.011 0 0
1500.0 73.320121 46.411830 17.910230 0.258581 0.740195 411.051 0 0
1500.0 57.611439 26.207184 18.109113 -0.089892 0.433248 411.108 0 0
1500.0 99.076142 5.568550 18.092712 0.652185 0.081221 411.113 0 0
1500.0 150.265331 38.884172 18.048230 1.588246 0.678609 411.210 0 0
1500.0 -5.677156 7.528607 17.799704 -0.988721 0.127617 411.262 0 0
1500.0 80.089789 -26.319637 17.948047 0.432306 -0.409673 411.260 0 0
1500.0 26.175871 -53.957637 17.832341 -0.452092 -0.840468 411.382 0 0
1500.0 90.816115 57.661917 17.916000 0.530213 0.889281 411.365 0 0
1500.0 66.247662 40.517705 18.012876 0.207425 0.670244 411.414 0 0
1500.0 51.015525 45.685155 17.845342 -0.082582 0.708879 411.431 0 0
1500.0 83.075664 8.009613 18.077495 0.425360 0.083151 411.490 0 0
1500.0 66.974736 45.466907 17.817207 0.068632 0.740462 411.464 0 0
1500.0 77.033502 5.941375 18.850055 0.456241 0.145423 411.707 0 0
1500.0 105.544777 -39.989599 17.932874 0.750980 -0.601401 411.873 0 0
1500.0 96.650070 27.914464 17.940029 0.680802 0.423071 411.939 0 0
1500.0 74.336854 -15.049328 18.446874 0.344263 -0.300078 411.983 0 0
1500.0 84.940534 -4.975985 18.998498 0.511106 -0.116534 412.008 0 0
1500.0 120.566017 25.640292 17.794214 0.947030 0.442477 412.098 0 0
1500.0 113.281948 50.055208 17.812564 0.802140 0.811123 412.193 0 0
1500.0 24.602185 -9.254878 18.303804 -0.578176 -0.113130 412.282 0 0
1500.0 122.930349 10.062434 17.917991 1.037412 0.150288 412.316 0 0
1500.0 53.503371 -20.156778 18.077906 -0.052920 -0.388146 412.493 0 0
1500.0 88.995553 -39.599804 17.885065 0.464303 -0.705818 412.505 0 0
1500.0 103.070338 -30.277820 17.941437 0.707633 -0.458173 412.690 0 0
1500.0 117.304128 -29.629851 17.919180 0.947231 -0.428058 412.871 0 0
1500.0 91.025652 2.767072 18.114068 0.520654 0.091662 412.800 0 0
1500.0 57.111912 65.925690 17.807664 -0.007856 1.037949 412.829 0 0
1500.0 92.122166 -47.362272 18.022038 0.581721 -0.880181 412.888 0 0
1500.0 72.761399 -15.423543 18.145748 0.315097 -0.296447 413.112 0 0
1500.0 107.986057 36.174202 18.037581 0.846097 0.677477 413.084 0 0
1500.0 4.120067 -29.311874 17.857311 -0.838119 -0.430384 413.334 0 0
1500.0 78.662697 -6.901884 18.102915 0.409678 -0.162866 413.396 0 0
1500.0 96.768205 38.387036 17.922746 0.675277 0.594493 413.446 0 0
1500.0 82.848650 0.562462 18.225489 0.397505 0.072074 413.470 0 0
1500.0 63.878138 -13.716967 17.879804 0.123183 -0.245288 413.501 0 0
1500.0 92.548140 48.944887 17.802728 0.523528 0.766891 413.675 0 0
1500.0 52.457946 -27.254848 18.337698 -0.036429 -0.486183 413.649 0 0
1500.0 72.220591 16.472746 18.299931 0.249646 0.323304 413.673 0 0
1500.0 45.533973 -3.160145 17.989283 -0.252322 -0.054193 413.663 0 0
1500.0 59.165302 -47.692151 17.988194 0.089985 -0.783188 413.710 0 0
1500.0 61.782829 68.203240 18.231172 0.126623 1.201737 413.882 0 0
1500.0 120.869784 -12.418722 17.911265 1.010612 -0.142265 414.016 0 0
1500.0 111.873113 24.419414 17.918869 0.896887 0.379407 414.000 0 0
1500.0 41.774259 -24.176538 17.984486 -0.309211 -0.378878 413.982 0 0
1500.0 108.366166 -34.335350 17.918412 0.843105 -0.503895 414.081 0 0
1500.0 38.416743 26.429430 17.983007 -0.360540 0.402929 414.087 0 0
1500.0 -5.221428 15.890822 17.810768 -0.944490 0.304743 414.222 0 0
1500.0 21.445932 37.035021 17.807679 -0.615585 0.622348 414.201 0 0
1500.0 57.709756 25.177955 18.913337 0.035237 0.445071 414.196 0 0
1500.0 107.102261 -15.167569 18.129894 0.824728 -0.286540 414.472 0 0
1500.0 133.529884 -1.858932 18.293646 1.332937 -0.030846 414.499 0 0
1500.0 56.890216 29.062273 17.973453 -0.099195 0.505727 414.547 0 0
1500.0 96.700402 6.430021 18.637671 0.781394 0.195373 414.539 0 0
1500.0 77.405524 -51.972273 17.836573 0.338159 -0.774917 414.561 0 0
1500.0 97.372461 51.333029 17.915902 0.672039 0.776557 414.663 0 0
1500.0 112.596786 -34.285040 17.915860 0.898630 -0.498675 414.676 0 0
1500.0 93.873786 29.446410 18.070908 0.636259 0.491654 414.691 0 0
1500.0 19.276657 21.543158 17.943143 -0.607056 0.398274 414.780 0 0
1500.0 44.104615 8.799487 18.399071 -0.205496 0.188452 414.783 0 0
1500.0 77.239393 7.513668 18.809462 0.329149 0.145836 414.832 0 0
1500.0 74.006512 -24.762781 18.259211 0.370893 -0.413364 414.888 0 0
1500.0 19.041610 -33.371230 17.849257 -0.629680 -0.608627 415.039 0 0
1500.0 94.552115 -6.872800 18.899026 0.731685 -0.152108 415.210 0 0
1500.0 44.319544 -54.882564 18.173730 -0.204078 -1.004326 415.272 0 0
1500.0 99.166865 -28.418361 17.876755 0.657782 -0.400670 415.328 0 0
1500.0 86.465419 -26.008459 17.883851 0.465908 -0.476054 415.436 0 0
1500.0 34.404460 -8.259077 18.187210 -0.361410 -0.187518 415.537 0 0
1500.0 71.691222 47.286880 17.822766 0.189536 0.742968 415.568 0 0
1500.0 61.785997 19.353481 18.030393 0.127906 0.308219 415.648 0 0
1500.0 81.137763 24.695463 18.074456 0.412128 0.450074 415.785 0 0
1500.0 79.584972 -23.005979 17.889330 0.387883 -0.418257 415.734 0 0
1500.0 57.061643 -47.484031 17.878286 0.011758 -0.801614 415.926 0 0
1500.0 76.511562 -1.630910 18.359812 0.380489 0.043630 415.997 0 0
1500.0 106.032711 -43.851601 17.975052 0.777241 -0.700002 416.017 0 0
1500.0 122.472763 5.504662 17.927182 1.050279 0.012909 416.070 0 0
1500.0 119.817083 -13.411746 18.196927 1.077790 -0.279036 416.120 0 0
1500.0 100.027175 13.506991 17.884110 0.700380 0.146938 416.145 0 0
1500.0 11.174641 -67.840621 17.922957 -0.776850 -1.082861 416.213 0 0
1500.0 -5.115040 -8.652518 17.962920 -0.998217 -0.134017 416.314 0 0
1500.0 78.744956 39.450391 18.095651 0.409147 0.638427 416.489 0 0
1500.0 71.205654 -5.725366 18.005963 0.297658 -0.118602 416.529 0 0
1500.0 141.036344 -110.802060 17.818500 1.240672 -1.790098 416.528 0 0
1500.0 98.447885 54.235038 18.172739 0.731348 0.964539 416.566 0 0
1500.0 59.710225 46.045758 18.145962 0.059316 0.771550 416.720 0 0
1500.0 137.558113 0.776201 18.226007 1.553965 0.016057 416.707 0 0
1500.0 105.116510 1.711502 18.093561 0.803619 0.069385 416.736 0 0
1500.0 97.995436 22.528672 17.920760 0.695143 0.367284 416.772 0 0
1500.0 114.466514 -32.930877 17.975529 0.890625 -0.532668 416.843 0 0
1500.0 94.062522 14.961620 18.222424 0.667196 0.198120 416.925 0 0
1500.0 45.766415 -0.248982 17.828558 -0.169030 0.068709 416.963 0 0
1500.0 106.579137 2.082976 17.935868 0.766400 0.067458 417.004 0 0
1500.0 110.879771 -37.315887 17.976271 0.835062 -0.594082 417.121 0 0
1500.0 94.584979 -22.716189 18.363869 0.686291 -0.366736 417.220 0 0
1500.0 89.545635 16.144350 18.148565 0.597681 0.251612 417.190 0 0
1500.0 109.842375 -25.588122 18.185185 0.887967 -0.395818 417.294 0 0
1500.0 104.071312 12.251803 17.854253 0.723952 0.155884 417.339 0 0
1500.0 76.978665 25.177040 17.968490 0.322498 0.497512 417.325 0 0
1500.0 101.509638 -16.401087 18.135005 0.845359 -0.253090 417.383 0 0
1500.0 42.132773 -12.765364 18.180416 -0.244740 -0.181879 417.504 0 0
1500.0 93.582865 23.692370 18.144637 0.655819 0.364669 417.523 0 0
1500.0 84.000266 -37.677437 17.996440 0.475434 -0.624367 417.478 0 0
1500.0 99.169152 12.329575 18.144050 0.739831 0.192410 417.576 0 0
1500.0 106.592029 -35.503846 17.871371 0.783628 -0.594587 417.627 0 0
1500.0 95.089088 -25.667969 18.143476 0.677535 -0.382335 417.630 0 0
1500.0 113.344092 10.005002 17.975744 0.862798 0.184164 417.981 0 0
1500.0 38.998996 -35.536957 18.008210 -0.273660 -0.621062 417.895 0 0
1500.0 62.490012 56.437976 17.923160 0.138344 0.903738 418.031 0 0
1500.0 83.188373 3.388350 18.417261 0.470996 0.087147 418.063 0 0
1500.0 19.815711 -8.951570 17.923795 -0.608016 -0.209134 418.059 0 0
1500.0 45.726336 64.627693 17.853097 -0.233705 1.012523 418.194 0 0
1500.0 87.667854 -44.147160 17.988535 0.482006 -0.726941 418.259 0 0
1500.0 66.232133 1.358120 17.938970 0.147625 -0.043747 418.320 0 0
1500.0 108.864640 -30.456454 17.876157 0.840868 -0.493029 418.324 0 0
1500.0 55.129385 52.911391 17.904664 -0.093053 0.854731 418.312 0 0
1500.0 78.847006 -17.640061 18.207485 0.322932 -0.311223 418.465 0 0
1500.0 79.718754 -16.424036 17.863242 0.415258 -0.234360 418.506 0 0
1500.0 109.351650 0.628058 17.924713 0.857939 -0.053203 418.480 0 0
1500.0 79.044434 39.087029 18.301751 0.333402 0.669708 418.498 0 0
1500.0 18.101122 -40.160838 17.801326 -0.641353 -0.608441 418.602 0 0
1500.0 105.316401 -24.616198 17.985883 0.737528 -0.400833 418.702 0 0
1500.0 115.539567 25.463342 17.909199 0.934108 0.399704 418.803 0 0
1500.0 65.795167 -28.395637 17.977573 0.208760 -0.470872 419.029 0 0
1500.0 71.069524 24.362146 17.939952 0.262640 0.351270 419.161 0 0
1500.0 79.967530 -29.819174 17.848435 0.380122 -0.420092 419.165 0 0
1500.0 16.820329 -23.972177 17.931116 -0.684649 -0.328769 419.136 0 0
1500.0 57.623759 -24.831414 17.880562 0.035505 -0.455213 419.500 0 0
1500.0 101.471308 32.587788 17.999920 0.753673 0.501634 419.557 0 0
1500.0 84.350046 9.982646 17.987832 0.400058 0.166844 419.614 0 0
1500.0 112.764586 5.778528 17.968532 0.864802 0.098380 419.605 0 0
1500.0 53.811630 -12.671779 18.019009 -0.010974 -0.267262 419.642 0 0
1500.0 97.277764 -30.004098 18.060865 0.657177 -0.484976 419.766 0 0
1500.0 51.012488 -35.665531 18.228812 -0.111213 -0.591254 419.944 0 0
1500.0 79.747965 12.026636 18.098886 0.410093 0.249340 420.008 0 0
1500.0 93.396470 23.170458 17.933048 0.635269 0.336749 419.997 0 0
1500.0 79.002286 -40.826172 17.891462 0.364458 -0.694422 420.038 0 0
1500.0 84.909267 15.222975 18.733323 0.466629 0.304383 420.066 0 0
1500.0 88.044433 9.479839 18.802765 0.591105 0.215320 420.198 0 0
1500.0 43.712372 -25.747580 17.983582 -0.213295 -0.474124 420.206 0 0
1500.0 113.254471 -23.026160 17.862690 0.888930 -0.403366 420.297 0 0
1500.0 78.514342 -9.229728 17.968413 0.408318 -0.119480 420.323 0 0
1500.0 53.069390 -3.690061 18.478008 -0.099763 -0.112002 420.342 0 0
1500.0 106.764394 -18.411635 17.887985 0.786019 -0.348769 420.389 0 0
1500.0 101.163413 -13.460415 18.635839 0.800386 -0.276422 420.474 0 0
1500.0 -90.649919 58.144292 17.868754 -2.430413 0.895848 420.554 0 0
1500.0 42.080069 -48.917171 17.813245 -0.244358 -0.767865 420.832 0 0
1500.0 95.106696 8.573231 18.440800 0.697313 0.152267 420.700 0 0
1500.0 95.525895 -1.939580 18.467371 0.713680 -0.027284 420.799 0 0
1500.0 66.185322 -63.538928 17.807680 0.159861 -1.015637 420.776 0 0
1500.0 87.308537 9.569195 18.259044 0.575593 0.156016 420.730 0 0
1500.0 126.658409 -7.982157 18.081331 1.178575 -0.084299 420.741 0 0
1500.0 97.934764 -39.921195 18.314749 0.686309 -0.722688 420.845 0 0
1500.0 23.940728 1.155935 18.088170 -0.623362 0.075022 420.860 0 0
1500.0 111.891262 -24.071086 17.992802 0.853566 -0.433039 420.877 0 0
1500.0 78.421472 -54.932457 17.875213 0.342021 -0.844574 420.981 0 0
1500.0 26.374602 52.641348 17.852006 -0.487571 0.866257 421.040 0 0
1500.0 44.865603 34.869595 18.088585 -0.225979 0.582409 421.109 0 0
1500.0 83.179982 -1.329377 18.075388 0.491176 0.007620 421.052 0 0
1500.0 83.519718 -1.033793 18.941451 0.606978 -0.089513 421.054 0 0
1500.0 125.916718 -0.204141 17.806559 1.045288 -0.066134 421.382 0 0
1500.0 7.921225 -41.878691 18.020931 -0.896847 -0.652872 421.548 0 0
1500.0 60.127133 47.947728 17.817341 0.037701 0.813529 421.618 0 0
1500.0 42.768890 31.132387 17.918905 -0.258431 0.550854 421.662 0 0
1500.0 96.383649 13.103606 18.909119 0.717087 0.258985 421.691 0 0
1500.0 116.488896 9.229135 18.216133 0.984903 0.154239 421.713 0 0
1500.0 16.740396 -1.093845 18.050250 -0.671705 0.015980 421.766 0 0
1500.0 57.693967 -23.943656 18.079882 0.011429 -0.444024 421.831 0 0
1500.0 115.396271 -1.582253 17.880418 0.891511 -0.054703 421.883 0 0
1500.0 56.996614 -5.331261 18.574803 -0.046342 -0.075819 421.940 0 0
1500.0 87.778165 15.876987 17.820733 0.533809 0.224219 422.066 0 0
1500.0 67.713590 -37.314136 17.997531 0.223647 -0.627437 422.221 0 0
1500.0 28.102684 -29.934493 17.916802 -0.463920 -0.536028 422.301 0 0
1500.0 46.369797 -15.304867 18.061352 -0.210019 -0.285818 422.477 0 0
1500.0 102.094848 -47.787620 17.856029 0.695078 -0.775934 422.542 0 0
1500.0 100.532790 -45.192012 17.819618 0.713364 -0.698660 422.561 0 0
1500.0 25.147202 -27.928223 17.859448 -0.567144 -0.473649 422.555 0 0
1500.0 99.174490 16.874565 18.102892 0.676799 0.250745 422.616 0 0
1500.0 37.811143 -62.713909 17.808729 -0.258110 -0.976269 422.622 0 0
1500.0 101.731357 23.195943 17.887846 0.706748 0.424919 422.650 0 0
1500.0 65.365470 -117.901290 17.901051 0.099662 -1.922985 422.592 0 0
1500.0 49.732757 -7.234577 17.883971 -0.104049 -0.188538 422.683 0 0
1500.0 90.856260 -15.641425 17.864198 0.534320 -0.231997 422.699 0 0
1500.0 53.539571 24.046924 18.080375 -0.009498 0.397907 422.716 0 0
1500.0 79.922733 -6.668894 18.475337 0.441585 -0.100098 422.841 0 0
1500.0 69.025200 -65.047551 17.855683 0.202496 -1.027896 422.846 0 0
1500.0 9.162038 -39.422902 17.872012 -0.729816 -0.668466 422.875 0 0
1500.0 58.886079 8.608072 18.192987 0.016148 0.174916 422.933 0 0
1500.0 35.521767 -50.498057 17.836650 -0.288363 -0.825137 422.943 0 0
1500.0 90.024393 18.757695 17.918322 0.559848 0.342774 422.939 0 0
1500.0 75.103715 -21.633899 18.268098 0.343342 -0.335916 423.057 0 0
1500.0 110.642016 -21.679404 17.834283 0.783128 -0.404508 423.071 0 0
1500.0 74.097860 -32.515949 17.913705 0.333716 -0.519946 423.222 0 0
1500.0 93.708237 -55.610959 17.817239 0.604095 -0.846677 423.267 0 0
1500.0 75.088780 -35.797175 18.002534 0.311848 -0.547038 423.314 0 0
1500.0 80.421350 -64.832390 17.801609 0.353461 -1.014495 423.296 0 0
1500.0 70.160611 -54.906267 17.907007 0.180253 -0.906061 423.314 0 0
1500.0 88.790457 -6.178668 18.068778 0.554080 -0.037391 423.323 0 0
1500.0 0.609411 2.695320 17.839276 -0.914724 0.103797 423.448 0 0
1500.0 53.990768 36.620892 18.093655 -0.129886 0.634672 423.538 0 0
1500.0 125.901146 -17.406857 18.880196 1.442043 -0.339897 423.619 0 0
1500.0 75.085771 -18.978028 18.196324 0.316273 -0.317128 423.668 0 0
1500.0 73.537142 56.215896 17.879596 0.201176 0.915346 423.674 0 0
1500.0 88.365379 25.826806 18.139591 0.577451 0.399356 423.678 0 0
1500.0 97.650841 5.802726 17.945186 0.679463 0.142021 423.738 0 0
1500.0 84.142033 -14.261355 18.265017 0.401937 -0.264095 423.913 0 0
1500.0 77.739508 -14.896292 18.003737 0.357881 -0.233949 423.934 0 0
1500.0 85.441505 4.160650 18.334745 0.541082 0.016552 424.084 0 0
1500.0 102.246602 -18.450813 17.941615 0.746499 -0.229638 424.052 0 0
1500.0 63.510534 57.032115 17.970065 0.096344 0.934410 424.213 0 0
1500.0 51.815570 -51.563605 17.864396 -0.069758 -0.860981 424.247 0 0
1500.0 63.256768 3.968731 18.159173 0.178289 0.059822 424.264 0 0
1500.0 36.564090 -58.571630 17.858762 -0.395306 -0.882152 424.361 0 0
1500.0 79.063754 -1.099702 17.965033 0.377337 -0.047114 424.461 0 0
1500.0 76.677553 -61.298354 17.872534 0.257416 -0.986339 424.506 0 0
1500.0 93.402235 32.516170 18.162374 0.649050 0.511294 424.439 0 0
1500.0 84.651689 56.096859 18.037046 0.450450 0.936885 424.527 0 0
1500.0 46.864382 -64.503634 17.844991 -0.225428 -1.005657 424.593 0 0
1500.0 118.817290 4.078263 17.903263 0.978511 0.113441 424.622 0 0
1500.0 5.911630 38.012867 17.874641 -0.811307 0.630313 424.646 0 0
1500.0 75.354471 -64.880262 17.818598 0.323311 -0.963744 424.739 0 0
1500.0 38.001012 -27.919829 17.923837 -0.288722 -0.508493 424.743 0 0
1500.0 -12.440167 24.832315 18.073882 -1.268609 0.466199 424.808 0 0
1500.0 121.450858 5.728756 17.920731 0.988180 0.092604 424.855 0 0
1500.0 73.028670 27.676112 18.233260 0.332867 0.465390 424.913 0 0
1500.0 61.189811 27.734368 18.062586 0.088867 0.498796 424.938 0 0
1500.0 73.988633 -1.616948 18.260165 0.285482 0.050269 424.922 0 0
1500.0 111.582538 -13.536812 18.879954 1.142138 -0.318874 424.912 0 0
1500.0 78.476294 -48.525386 18.057152 0.370906 -0.900104 424.982 0 0
1500.0 113.953415 35.647732 17.796186 0.865306 0.591622 425.006 0 0
1500.0 71.301652 -2.589424 17.922623 0.274690 0.009063 425.031 0 0
1500.0 58.313031 -37.209811 18.067538 -0.002600 -0.578526 425.072 0 0
1500.0 98.774365 2.406781 18.509458 0.752077 -0.011090 425.122 0 0
1500.0 81.978837 -14.644658 17.831487 0.371738 -0.265418 425.219 0 0
1500.0 110.562029 15.381028 17.944958 0.870280 0.184365 425.259 0 0
1500.0 63.641527 -15.237891 17.860327 0.098203 -0.315983 425.286 0 0
1500.0 89.620099 -6.878594 18.494633 0.566971 -0.131460 425.326 0 0
1500.0 113.771694 -40.590966 17.920185 0.981548 -0.629541 425.367 0 0
1500.0 81.443307 6.562340 17.833604 0.363415 0.032410 425.376 0 0
1500.0 31.835774 20.177170 17.905649 -0.465294 0.348656 425.410 0 0
1500.0 117.947152 -17.313273 18.418755 1.078178 -0.338670 425.405 0 0
1500.0 59.463332 -9.350671 18.441933 0.111321 -0.216712 425.556 0 0
1500.0 68.115849 2.643222 18.001854 0.254876 0.032887 425.523 0 0
1500.0 61.405058 -66.072604 17.825574 0.029922 -1.042395 425.594 0 0
1500.0 49.302357 -60.757280 17.958607 -0.120007 -1.009724 425.621 0 0
1500.0 129.217069 -2.802942 18.073527 1.212341 0.006555 425.676 0 0
1500.0 80.749553 -17.004559 18.091413 0.373060 -0.288413 425.821 0 0
1500.0 111.844188 8.355424 17.827571 0.838415 0.102749 426.156 0 0
1500.0 62.192736 48.889650 18.051385 0.102281 0.806684 426.149 0 0
1500.0 128.948168 9.807761 18.087224 1.207535 0.131002 426.273 0 0
1500.0 34.593270 -22.085838 17.841461 -0.436489 -0.312963 426.343 0 0
1500.0 49.505104 -67.908442 18.362527 -0.181858 -1.238446 426.283 0 0
1500.0 69.425870 -11.504540 18.134805 0.169274 -0.239228 426.349 0 0
1500.0 82.533771 -3.744278 18.557904 0.474630 -0.012705 426.395 0 0
1500.0 56.521134 17.917877 18.258663 0.023091 0.313531 426.399 0 0
1500.0 90.837408 3.081310 18.409047 0.631077 0.088458 426.477 0 0
1500.0 73.765703 -18.013882 18.132481 0.235541 -0.338656 426.503 0 0
1500.0 82.597169 -9.227602 18.132232 0.371108 -0.203634 426.520 0 0
1500.0 97.692541 20.061435 17.877122 0.591298 0.382039 426.565 0 0
1500.0 100.078980 11.078132 17.900989 0.680992 0.243118 426.693 0 0
1500.0 72.566176 -50.091224 17.880982 0.211972 -0.783496 426.735 0 0
1500.0 102.821798 -8.495439 18.588535 0.902661 -0.171678 426.737 0 0
1500.0 98.690185 -23.296617 18.098543 0.649688 -0.377963 426.870 0 0
1500.0 22.162290 21.436857 17.834928 -0.625071 0.361728 426.850 0 0
1500.0 5.857994 -22.579466 17.829139 -0.829685 -0.410303 426.940 0 0
1500.0 39.428756 -33.185271 18.125973 -0.289815 -0.567582 426.976 0 0
1500.0 79.623643 41.462170 17.897895 0.364709 0.707542 426.972 0 0
1500.0 91.391114 13.670578 17.980629 0.567595 0.278717 427.007 0 0
1500.0 31.316128 -52.880796 17.832182 -0.403671 -0.830015 427.099 0 0
1500.0 14.946778 44.124909 17.878701 -0.652541 0.696081 427.098 0 0
1500.0 55.222150 -15.321984 17.932131 -0.107427 -0.218029 427.074 0 0
1500.0 60.440885 21.466950 18.101484 0.102086 0.354781 427.271 0 0
1500.0 98.643451 24.861824 18.400641 0.739590 0.410490 427.253 0 0
1500.0 80.381268 47.338333 18.317134 0.410034 0.877716 427.263 0 0
1500.0 68.545628 40.702201 17.977162 0.215221 0.691532 427.290 0 0
1500.0 116.010745 -18.750994 17.837674 0.888319 -0.359269 427.360 0 0
1500.0 7.870461 -5.962991 17.829689 -0.839443 -0.061018 427.342 0 0
1500.0 53.331468 -54.179295 17.889427 -0.091747 -0.894019 427.397 0 0
1500.0 70.145221 26.002761 17.967601 0.250572 0.383901 427.528 0 0
1500.0 93.424748 54.048635 17.878081 0.557419 0.849441 427.548 0 0
1500.0 74.452051 -1.779925 17.911425 0.342719 -0.027999 427.447 0 0
1500.0 125.962345 30.045331 18.052834 1.199158 0.494332 427.516 0 0
1500.0 77.858448 1.220666 18.225689 0.385547 0.000134 427.571 0 0
1500.0 53.137565 -53.353514 17.836509 -0.089002 -0.830436 427.633 0 0
1500.0 88.435796 56.625671 17.878455 0.484200 0.885691 427.643 0 0
1500.0 28.521908 1.695892 18.089179 -0.471776 0.082955 427.636 0 0
1500.0 130.056548 15.777897 17.916228 1.215728 0.205666 427.686 0 0
1500.0 12.874998 30.680157 17.826470 -0.758469 0.497899 427.708 0 0
1500.0 12.820576 32.954435 17.825522 -0.757885 0.531575 427.831 0 0
1500.0 107.293934 14.297748 17.863847 0.731909 0.268282 427.894 0 0
1500.0 50.725445 -2.812044 18.147567 -0.214863 -0.034534 427.948 0 0
1500.0 79.273914 -14.750017 17.839082 0.356640 -0.303761 428.040 0 0
1500.0 63.457723 1.262228 18.113462 0.153582 -0.033405 428.086 0 0
1500.0 91.627601 52.267717 17.880484 0.527364 0.817466 428.059 0 0
1500.0 63.210075 -64.244719 17.806113 0.089847 -1.033128 428.076 0 0
1500.0 65.642151 37.633083 17.896430 0.142239 0.593833 428.367 0 0
1500.0 19.610147 -26.585649 17.887263 -0.563607 -0.441334 428.392 0 0
1500.0 22.907505 -55.883808 17.918184 -0.509786 -0.918358 428.369 0 0
1500.0 79.626579 7.516856 18.085169 0.326500 0.182278 428.420 0 0
1500.0 0.713924 29.131925 17.862184 -0.878780 0.507154 428.454 0 0
1500.0 41.996277 44.346544 18.066587 -0.288346 0.800355 428.467 0 0
1500.0 130.805836 29.506336 18.019875 1.199847 0.469311 428.537 0 0
1500.0 96.810195 68.499375 18.203692 0.736224 1.192717 428.579 0 0
1500.0 78.606209 26.406895 18.333204 0.327958 0.464451 428.655 0 0
1500.0 95.740729 -51.475909 18.033210 0.633060 -0.816335 428.737 0 0
1500.0 97.373021 -51.915637 17.857988 0.686189 -0.783000 428.762 0 0
1500.0 31.012009 -54.823825 17.954568 -0.387259 -0.940268 428.767 0 0
1500.0 41.790590 10.930764 18.167918 -0.351978 0.149429 428.782 0 0
1500.0 76.354904 13.226575 17.826457 0.322186 0.165490 428.898 0 0
1500.0 79.730588 62.967936 17.902570 0.387851 0.973895 428.889 0 0
1500.0 59.473548 0.061050 18.332160 0.012398 -0.010047 428.941 0 0
1500.0 65.030726 -35.073915 18.108534 0.154374 -0.611169 428.921 0 0
1500.0 36.851617 -0.193943 17.853135 -0.315061 -0.069923 429.075 0 0
1500.0 73.550932 -4.121386 18.123916 0.281314 -0.140360 429.088 0 0
1500.0 67.606972 -12.848213 17.853975 0.115139 -0.246762 429.135 0 0
1500.0 73.326591 -36.978766 18.106087 0.280209 -0.638326 429.119 0 0
1500.0 86.308484 -12.533089 17.882570 0.523643 -0.174401 429.142 0 0
1500.0 70.992548 5.656247 18.210292 0.290215 0.087849 429.307 0 0
1500.0 73.104632 -42.551070 17.932542 0.180599 -0.695976 429.326 0 0
1500.0 68.526792 13.867899 18.380800 0.262797 0.229422 429.387 0 0
1500.0 -1.526606 27.299422 17.818813 -0.952435 0.434695 429.469 0 0
1500.0 100.441501 -8.627151 17.869628 0.674991 -0.207432 429.427 0 0
1500.0 47.402924 55.490861 18.107639 -0.162373 1.021799 429.436 0 0
1500.0 62.677051 68.747588 17.818746 0.000677 1.048085 429.592 0 0
1500.0 85.276880 42.845050 17.852022 0.496057 0.667450 429.769 0 0
1500.0 129.950302 7.795983 17.810276 1.135176 0.097857 429.808 0 0
1500.0 50.215001 61.943351 17.867743 -0.065195 0.990984 429.882 0 0
1500.0 0.945746 -33.223828 17.820186 -0.920399 -0.447264 429.892 0 0
1500.0 36.110152 63.812009 17.818905 -0.390831 0.969585 429.966 0 0
1500.0 65.798389 71.205112 17.878659 0.197366 1.132633 430.000 0 0
1500.0 117.891252 -60.838373 18.033322 1.091429 -1.071400 430.056 0 0
1500.0 62.561343 35.657395 17.949806 0.127689 0.547438 430.089 0 0
1500.0 40.166065 49.487563 17.804722 -0.281957 0.833602 430.152 0 0
1500.0 99.481782 43.395288 18.025010 0.741327 0.678968 430.213 0 0
1500.0 77.446481 5.232770 18.149158 0.373612 0.078528 430.368 0 0
1500.0 43.322632 63.521748 17.861798 -0.233616 0.994332 430.346 0 0
1500.0 83.509954 50.652745 17.859976 0.452900 0.812933 430.447 0 0
1500.0 100.313343 7.018069 18.017689 0.745295 0.117617 430.423 0 0
1500.0 52.187899 33.265116 17.972048 -0.148176 0.497875 430.298 0 0
1500.0 89.845575 8.361382 19.190591 0.717047 0.091543 430.505 0 0
1500.0 83.980613 6.314241 17.942745 0.506116 0.100677 430.522 0 0
1500.0 24.569992 -28.752546 17.873751 -0.517596 -0.456960 430.625 0 0
1500.0 93.940316 -19.881439 18.013887 0.632859 -0.319513 430.562 0 0
1500.0 -6.675846 -7.217963 17.820754 -1.010491 -0.076332 430.695 0 0
1500.0 42.133926 -24.877529 18.128169 -0.210010 -0.457713 430.681 0 0
1500.0 120.232819 6.785739 17.919715 0.996138 0.154451 430.819 0 0
1500.0 176.640626 63.466355 17.931568 1.921898 1.024591 430.821 0 0
1500.0 102.174812 1.783882 17.985347 0.695387 -0.016527 430.924 0 0
1500.0 11.290393 1.045586 17.962986 -0.771686 -0.000172 431.025 0 0
1500.0 149.067031 -12.549859 17.826990 1.480853 -0.171356 430.852 0 0
1500.0 74.704858 -55.246556 17.878359 0.267919 -0.910897 431.107 0 0
1500.0 73.247635 42.615815 17.984589 0.277203 0.722790 431.164 0 0
1500.0 55.198158 42.351353 18.074235 0.017645 0.789265 431.302 0 0
1500.0 64.830648 -2.763908 17.966074 0.161776 -0.083127 431.356 0 0
1500.0 32.364263 -24.879018 17.881450 -0.465514 -0.463583 431.378 0 0
1500.0 61.934254 37.375318 17.941715 0.042421 0.646051 431.492 0 0
1500.0 67.159868 -65.689806 17.902532 0.134045 -1.039532 431.644 0 0
1500.0 70.138015 50.756731 17.960685 0.243430 0.833728 431.563 0 0
1500.0 82.109944 -23.557688 18.225827 0.361959 -0.409302 431.566 0 0
1500.0 75.242975 -2.557964 18.649063 0.375451 -0.121644 431.580 0 0
1500.0 170.000855 23.622771 18.206874 2.027902 0.472682 431.644 0 0
1500.0 22.396797 -52.964997 17.874973 -0.518482 -0.868185 431.731 0 0
1500.0 123.035788 2.135677 17.840890 1.042642 0.042434 431.768 0 0
1500.0 56.454003 -19.174591 17.884761 -0.090784 -0.267389 431.835 0 0
1500.0 75.612337 21.079132 18.210464 0.246012 0.345450 431.945 0 0
1500.0 45.845920 5.618661 17.965200 -0.224386 0.076570 431.919 0 0
1500.0 80.033660 55.646497 17.843557 0.330395 0.872034 431.929 0 0
1500.0 42.981642 -6.638497 17.884311 -0.301204 -0.071436 431.863 0 0
1500.0 79.729420 26.219032 17.874710 0.417892 0.465756 431.907 0 0
1500.0 40.945553 48.074823 17.873329 -0.261614 0.750175 432.089 0 0
1500.0 84.495698 -12.418750 18.433838 0.495243 -0.259743 432.115 0 0
1500.0 79.287622 -0.324402 18.042275 0.386345 0.011832 432.345 0 0
1500.0 64.487279 -28.962729 17.846913 0.057414 -0.468346 432.423 0 0
1500.0 11.780118 19.835860 17.832148 -0.724009 0.310645 432.343 0 0
1500.0 114.683478 -29.164396 17.887077 0.900776 -0.422459 432.361 0 0
1500.0 86.491835 51.804761 17.800966 0.392658 0.854526 432.447 0 0
1500.0 18.251119 21.370675 17.877757 -0.580652 0.368435 432.512 0 0
1500.0 65.410896 -49.394488 18.215745 0.207415 -0.877808 432.509 0 0
1500.0 23.513475 -57.484405 17.872872 -0.495024 -0.923372 432.638 0 0
1500.0 85.405996 30.937132 17.880166 0.366962 0.502099 432.721 0 0
1500.0 14.560699 3.165635 17.836418 -0.680497 0.072878 432.748 0 0
1500.0 93.065683 50.999569 18.134148 0.666669 0.871867 432.782 0 0
1500.0 85.574106 56.144381 17.798336 0.376249 0.914586 432.875 0 0
1500.0 72.009183 7.442319 18.440689 0.319544 0.073695 432.923 0 0
1500.0 103.783751 -25.295393 17.912121 0.749730 -0.448089 432.962 0 0
1500.0 69.273945 -15.508817 18.439975 0.233062 -0.278001 433.143 0 0
1500.0 83.352767 2.900885 17.827146 0.418711 0.015685 433.122 0 0
1500.0 107.616352 -21.435252 17.932013 0.754890 -0.364847 433.194 0 0
1500.0 39.611054 24.602431 17.842701 -0.323505 0.373600 433.266 0 0
1500.0 94.334446 -21.562157 18.014368 0.613073 -0.330767 433.365 0 0
1500.0 93.343128 52.862345 17.925495 0.511556 0.859793 433.369 0 0
1500.0 116.262578 -15.935657 18.237993 1.003751 -0.334852 433.369 0 0
1500.0 106.001135 -25.468706 18.019836 0.883254 -0.398074 433.378 0 0
1500.0 68.697308 -41.803523 17.869070 0.096152 -0.713680 433.461 0 0
1500.0 89.240423 9.893325 17.984090 0.485080 0.200210 433.631 0 0
1500.0 102.936016 40.881138 17.922709 0.708229 0.638143 433.574 0 0
1500.0 82.255180 8.587467 17.980876 0.459295 0.173268 433.580 0 0
1500.0 95.512347 4.045629 18.016914 0.626276 0.036158 433.776 0 0
1500.0 29.374718 57.928534 17.923829 -0.443416 0.929545 433.809 0 0
1500.0 0.732864 -11.208271 17.862133 -0.932434 -0.138549 433.838 0 0
1500.0 75.211019 -26.913258 17.916083 0.267001 -0.488475 433.740 0 0
1500.0 32.115879 7.831844 18.075652 -0.438659 0.091374 433.746 0 0
1500.0 66.018232 -61.128026 17.905795 0.172662 -0.979622 433.882 0 0
1500.0 86.353524 -17.167292 18.068452 0.445855 -0.337654 433.885 0 0
1500.0 93.113628 31.485475 18.006489 0.534036 0.552438 433.973 0 0
1500.0 116.478635 3.014903 18.082840 0.979132 0.045146 434.055 0 0
1500.0 66.716205 -66.073971 17.799139 0.190499 -1.024211 434.129 0 0
1500.0 60.590129 3.199707 17.991234 0.084485 0.105983 434.159 0 0
1500.0 49.004770 61.690323 17.860024 -0.199892 0.961246 434.176 0 0
1500.0 56.826784 49.431386 18.004056 -0.019295 0.823179 434.207 0 0
1500.0 70.601074 -19.227974 18.205667 0.273896 -0.360874 434.288 0 0
1500.0 32.363048 12.706486 18.114134 -0.429805 0.219369 434.304 0 0
1500.0 67.350465 -6.818283 17.940064 0.219455 -0.158247 434.221 0 0
1500.0 110.993620 -35.568461 18.239754 0.981098 -0.590033 434.280 0 0
1500.0 56.796610 66.474079 17.922794 -0.035153 1.047161 434.419 0 0
1500.0 14.753870 50.952222 17.922786 -0.654802 0.818113 434.437 0 0
1500.0 35.402025 -26.560235 17.898562 -0.326934 -0.487172 434.383 0 0
1500.0 83.602177 39.674085 18.006203 0.357960 0.687410 434.376 0 0
1500.0 114.264103 41.917203 17.795210 0.789819 0.682266 434.553 0 0
1500.0 99.918344 -5.591365 18.057922 0.731057 -0.121777 434.499 0 0
1500.0 82.739295 -3.734692 18.310013 0.492407 -0.003590 434.620 0 0
1500.0 96.630948 -17.351720 17.879528 0.677390 -0.268165 434.516 0 0
1500.0 56.175053 4.147183 17.975628 0.010591 0.139225 434.514 0 0
1500.0 107.511712 -14.780987 17.967240 0.834878 -0.184789 434.741 0 0
1500.0 33.721992 9.185504 18.091205 -0.352672 0.178286 434.861 0 0
1500.0 42.003905 -33.856630 17.835788 -0.203209 -0.543762 434.893 0 0
1500.0 99.947141 3.048957 18.440352 0.827601 -0.015793 434.882 0 0
1500.0 49.618365 -11.278618 18.529409 -0.110064 -0.189611 434.947 0 0
1500.0 66.554726 43.663378 17.934803 0.181958 0.664861 434.961 0 0
1500.0 21.920139 54.734592 17.856868 -0.600855 0.845969 434.992 0 0
1500.0 83.025168 -57.691785 17.970216 0.445283 -0.911316 435.001 0 0
1500.0 111.365106 17.408180 18.076821 0.886055 0.312598 434.987 0 0
1500.0 -7.859831 10.689692 17.844460 -1.039965 0.128237 435.027 0 0
1500.0 98.743474 -53.384129 17.809205 0.679746 -0.789068 435.117 0 0
1500.0 85.762524 16.552015 17.878756 0.510219 0.236125 435.116 0 0
1500.0 113.376305 5.448462 17.804047 0.849056 0.038743 435.187 0 0
1500.0 33.233153 60.096020 17.923913 -0.420036 0.933599 435.175 0 0
1500.0 76.149057 -50.973661 18.190030 0.268270 -0.967580 435.214 0 0
1500.0 110.741945 -3.682989 17.872375 0.885001 -0.057042 435.228 0 0
1500.0 77.705525 34.496067 17.885954 0.378629 0.568020 435.244 0 0
1500.0 111.353816 -33.308405 17.978179 0.883036 -0.518824 435.313 0 0
1500.0 43.360598 53.990878 17.807226 -0.295628 0.856680 435.421 0 0
1500.0 36.596407 -10.758400 17.913886 -0.401148 -0.175536 435.466 0 0
1500.0 102.390830 -8.726172 18.285835 0.788305 -0.205186 435.357 0 0
1500.0 114.609522 -4.507315 17.869589 0.938774 -0.069220 435.587 0 0
1500.0 97.915853 18.986021 18.649715 0.755036 0.317139 435.748 0 0
1500.0 -6.509305 17.148280 17.922665 -1.003982 0.291202 435.729 0 0
1500.0 81.779151 -15.126436 18.218223 0.357607 -0.282909 435.743 0 0
1500.0 57.199662 14.635085 18.027304 -0.084237 0.242173 435.726 0 0
1500.0 -8.088741 -12.066297 17.856499 -1.033573 -0.146925 435.916 0 0
1500.0 115.593446 -15.806806 17.867575 0.949102 -0.239254 435.906 0 0
1500.0 44.646156 39.209327 17.907198 -0.273903 0.596892 435.954 0 0
1500.0 26.455748 -23.410900 17.991528 -0.534480 -0.465084 435.934 0 0
1500.0 137.038779 -1.664152 17.861029 1.232971 -0.041908 435.977 0 0
1500.0 71.409724 39.906070 18.093083 0.197499 0.742420 436.100 0 0
1500.0 -1.116918 29.112711 17.857146 -0.926762 0.455901 436.238 0 0
1500.0 93.102610 19.753419 18.291261 0.662754 0.296112 436.303 0 0
1500.0 -2.199158 16.265519 17.858566 -0.951953 0.331401 436.281 0 0
1500.0 53.263450 -52.153570 17.900568 -0.139657 -0.805741 436.540 0 0
1500.0 61.645163 -2.592851 18.150455 0.101453 -0.125073 436.655 0 0
1500.0 131.104383 7.468680 17.889753 1.238098 0.175614 436.700 0 0
1500.0 69.493815 36.739581 17.898078 0.232399 0.545137 436.888 0 0
1500.0 93.257545 -48.770204 18.006242 0.600955 -0.783639 436.866 0 0
1500.0 4.108329 1.015569 17.897288 -0.886624 0.007376 436.894 0 0
1500.0 127.854265 -0.295602 17.860739 1.156598 -0.069925 436.991 0 0
1500.0 31.261167 3.817281 18.204239 -0.494165 0.114171 436.941 0 0
1500.0 105.954368 -11.937811 17.917564 0.748572 -0.259164 436.997 0 0
1500.0 4.872416 66.169550 17.816710 -0.828067 1.109922 437.100 0 0
1500.0 100.666280 -48.686652 17.824951 0.657749 -0.773631 437.168 0 0
1500.0 105.883772 5.302598 17.999541 0.817326 0.044804 437.180 0 0
1500.0 109.102869 -36.597278 17.980999 0.855560 -0.546534 437.308 0 0
1500.0 87.754584 75.925533 17.945431 0.530514 1.242111 437.447 0 0
1500.0 71.490629 -53.631845 18.112777 0.232879 -0.992956 437.565 0 0
1500.0 145.598393 -2.737057 17.969510 1.514630 -0.065513 437.608 0 0
1500.0 71.653017 0.001673 17.999657 0.229695 0.065682 437.771 0 0
1500.0 110.211870 38.931972 18.123362 0.898142 0.670536 437.808 0 0
1500.0 -5.503992 10.038830 17.822297 -0.964563 0.204337 437.876 0 0
1500.0 50.799146 -52.509863 17.910385 -0.128216 -0.868981 437.928 0 0
1500.0 34.687343 -8.776665 18.128359 -0.387559 -0.171085 437.923 0 0
1500.0 114.623219 -15.082877 17.983475 0.895334 -0.238435 438.040 0 0
1500.0 53.359353 4.251970 17.825088 -0.102347 0.120576 438.224 0 0
1500.0 95.488990 8.177110 17.843131 0.651721 0.095531 438.197 0 0
1500.0 124.148379 1.816652 17.868269 1.046243 0.060861 438.284 0 0
1500.0 121.864114 -20.737606 17.868288 1.011913 -0.271419 438.329 0 0
1500.0 117.025463 -1.725016 17.805382 0.937648 0.036474 438.362 0 0
1500.0 18.371277 -51.723478 18.001213 -0.646310 -0.904860 438.360 0 0
1500.0 73.595366 29.252934 18.820064 0.340876 0.601167 438.340 0 0
1500.0 82.698490 -29.082104 17.842969 0.458312 -0.467487 438.435 0 0
1500.0 -6.392460 19.242269 17.824237 -0.985586 0.346774 438.550 0 0
1500.0 85.657526 26.906896 17.897860 0.529992 0.421655 438.560 0 0
1500.0 25.405775 -58.260453 17.808873 -0.564217 -0.862107 438.571 0 0
1500.0 86.656820 59.733144 17.897758 0.438584 0.950773 438.749 0 0
1500.0 11.856822 48.697854 17.821860 -0.695464 0.832285 438.694 0 0
1500.0 61.687572 -5.357419 18.161618 0.060664 -0.015795 438.902 0 0
1500.0 69.244229 -6.469139 18.293985 0.130578 -0.117815 439.026 0 0
1500.0 76.459181 -35.280015 17.987649 0.326855 -0.543201 439.237 0 0
1500.0 107.277122 10.074260 18.097377 0.886633 0.166039 439.246 0 0
1500.0 66.066307 6.377513 18.062185 0.095442 0.157998 439.338 0 0
1500.0 64.174017 -19.085127 17.979868 0.095104 -0.334552 439.471 0 0
1500.0 -5.445470 -20.573484 17.888025 -0.993415 -0.334675 439.397 0 0
1500.0 62.307320 1.084047 17.886981 0.029558 0.082752 439.528 0 0
1500.0 51.599032 3.228395 17.886220 -0.148639 0.073791 439.593 0 0
1500.0 83.168451 11.185643 17.906726 0.471502 0.200959 439.581 0 0
1500.0 57.817341 100.243843 17.906119 0.034862 1.662940 439.589 0 0
1500.0 62.216386 19.560253 17.950484 0.011079 0.307740 439.930 0 0
1500.0 34.991623 8.293999 17.948707 -0.368434 0.151235 439.801 0 0
1500.0 118.444879 -11.810105 18.000267 0.989775 -0.140110 439.822 0 0
1500.0 -51.170921 -12.811095 17.834300 -1.709408 -0.245815 439.779 0 0
1500.0 22.003321 39.703601 17.907042 -0.552179 0.678951 439.859 0 0
1500.0 82.832459 -2.757767 17.888548 0.448439 -0.083927 439.958 0 0
1500.0 92.952731 -11.847744 17.902634 0.620446 -0.155808 439.884 0 0
1500.0 -6.966566 4.574845 17.808962 -1.025908 0.076921 440.067 0 0
1500.0 87.027111 37.151318 18.030866 0.510141 0.626961 439.986 0 0
1500.0 76.614929 26.865753 19.019477 0.423367 0.557788 440.037 0 0
1500.0 93.986555 -13.894294 18.070496 0.600795 -0.286084 440.155 0 0
1500.0 65.246904 1.158481 18.006378 0.184781 -0.006375 440.180 0 0
1500.0 63.220714 48.226990 18.144186 0.082604 0.793718 440.227 0 0
1500.0 101.965591 -49.236700 18.042202 0.794353 -0.793535 440.266 0 0
1500.0 101.049728 9.090056 17.880833 0.683968 0.127572 440.352 0 0
1500.0 89.828699 -41.731872 17.852607 0.479378 -0.661824 440.342 0 0
1500.0 124.964136 76.888016 17.872162 1.030088 1.233474 440.345 0 0
1500.0 88.784875 -50.374421 17.823358 0.537292 -0.790041 440.329 0 0
1500.0 77.162775 16.044207 18.109530 0.274658 0.299782 440.451 0 0
1500.0 49.161119 -32.865323 17.989595 -0.192761 -0.493652 440.409 0 0
1500.0 105.900777 -20.359626 18.083913 0.871883 -0.349495 440.451 0 0
1500.0 -4.214662 3.059655 17.811861 -0.975813 0.054189 440.752 0 0
1500.0 71.652682 -1.047733 18.256042 0.339266 -0.003318 440.551 0 0
1500.0 61.942763 33.284097 18.105315 0.040326 0.562436 440.747 0 0
1500.0 24.084654 22.568742 17.908849 -0.531494 0.422820 440.621 0 0
1500.0 93.823866 20.887751 17.822156 0.598001 0.384949 440.576 0 0
1500.0 50.298297 101.860732 18.013523 -0.068615 1.740783 440.622 0 0
1500.0 65.946356 -25.165727 18.071926 0.119752 -0.415783 440.880 0 0
1500.0 21.162395 52.929659 17.835930 -0.522470 0.864236 441.029 0 0
1500.0 75.394733 35.009812 18.102906 0.245643 0.587214 440.931 0 0
1500.0 105.456468 -8.951068 17.857326 0.807180 -0.135308 440.908 0 0
1500.0 100.314843 42.796421 17.897993 0.734294 0.674334 440.847 0 0
1500.0 51.947933 -43.144816 17.859641 -0.167203 -0.653570 440.922 0 0
1500.0 57.608065 25.225539 17.834027 -0.078885 0.427347 440.978 0 0
1500.0 71.132805 25.815084 18.097476 0.310927 0.482405 440.861 0 0
1500.0 75.663746 -12.370264 17.890630 0.321676 -0.173726 441.142 0 0
1500.0 44.965414 47.177502 17.902850 -0.207912 0.795521 441.160 0 0
1500.0 106.133224 -8.647318 18.054751 0.880641 -0.084062 441.292 0 0
1500.0 64.443272 -3.666889 17.893534 0.164404 -0.051954 441.348 0 0
1500.0 90.606881 -45.253523 17.853560 0.575881 -0.687539 441.320 0 0
1500.0 0.891679 -2.441318 17.864239 -0.905568 0.026763 441.403 0 0
1500.0 24.979773 42.672361 17.899841 -0.510884 0.723052 441.486 0 0
1500.0 49.312700 -11.824207 17.905435 -0.093912 -0.254704 441.458 0 0
1500.0 55.181034 20.145799 18.117939 -0.071529 0.299769 441.646 0 0
1500.0 84.694955 -16.855945 18.244691 0.533684 -0.270830 441.701 0 0
1500.0 136.746855 -75.235766 17.848695 1.242971 -1.250526 441.765 0 0
1500.0 104.942565 -0.360557 17.880207 0.817104 -0.062405 441.791 0 0
1500.0 118.045572 -16.771433 17.885890 0.978678 -0.225106 441.829 0 0
1500.0 36.735659 57.735447 17.805724 -0.268969 0.892177 441.955 0 0
1500.0 -19.639467 -21.438199 17.908173 -1.343803 -0.323254 441.928 0 0
1500.0 73.041339 19.185534 18.005226 0.297744 0.264955 442.066 0 0
1500.0 -2.977339 11.136042 17.900714 -0.939455 0.154778 442.013 0 0
1500.0 28.034073 -7.172343 17.857576 -0.506609 -0.176925 441.990 0 0
1500.0 89.563760 -15.063445 18.392486 0.565427 -0.227017 442.132 0 0
1500.0 72.661873 27.498224 17.921222 0.221926 0.454550 442.127 0 0
1500.0 90.521608 11.403775 17.920671 0.472233 0.229379 442.084 0 0
1500.0 19.618628 -30.892219 17.822770 -0.617994 -0.429516 442.123 0 0
1500.0 75.661454 -23.607803 18.278647 0.389199 -0.400851 442.097 0 0
1500.0 54.733289 11.820649 17.868730 -0.127074 0.189639 442.109 0 0
1500.0 78.134820 42.622083 17.861567 0.336371 0.671840 442.156 0 0
1500.0 -2.199565 12.066697 17.970873 -0.957287 0.194203 442.324 0 0
1500.0 5.344451 1.058121 17.817708 -0.876520 0.048700 442.361 0 0
1500.0 67.830527 -2.223003 17.945254 0.239674 -0.009288 442.345 0 0
1500.0 80.442150 -7.145836 18.210443 0.419132 -0.180618 442.457 0 0
1500.0 83.665126 -3.247383 17.860637 0.429612 -0.060802 442.593 0 0
1500.0 57.682544 -54.556839 17.872991 0.054921 -0.884540 442.568 0 0
1500.0 121.149884 6.562558 17.943750 0.999685 0.105325 442.695 0 0
1500.0 79.284275 48.126374 17.831666 0.336725 0.810940 442.662 0 0
1500.0 24.058353 22.267006 17.955087 -0.610507 0.344938 442.721 0 0
1500.0 23.556056 8.347271 17.910410 -0.538460 0.087167 442.859 0 0
1500.0 83.347612 60.962919 17.870587 0.415618 0.959368 442.931 0 0
1500.0 44.225864 -27.645983 17.906913 -0.211719 -0.505785 442.909 0 0
1500.0 101.964119 47.781316 18.360994 0.800360 0.850580 443.028 0 0
1500.0 101.018354 18.058999 17.925240 0.692108 0.350976 443.067 0 0
1500.0 27.928782 -18.139088 17.881310 -0.484644 -0.354753 443.198 0 0
1500.0 66.982013 12.959711 18.190668 0.249431 0.239083 443.238 0 0
1500.0 10.531950 8.650246 17.810466 -0.785785 0.075523 443.361 0 0
1500.0 78.835172 31.483330 17.819925 0.331127 0.502761 443.443 0 0
1500.0 115.824351 32.524441 17.845313 0.930714 0.482220 443.391 0 0
1500.0 107.727167 36.711564 17.825928 0.761839 0.628652 443.480 0 0
1500.0 96.009804 -45.154287 17.841750 0.538289 -0.750460 443.465 0 0
1500.0 102.686567 -20.029942 18.197089 0.746175 -0.371086 443.573 0 0
1500.0 107.818634 19.154625 17.953709 0.846041 0.276791 443.659 0 0
1500.0 61.211470 57.010059 17.811993 0.082818 0.933756 443.539 0 0
1500.0 59.523248 -22.945719 18.210567 0.089022 -0.426393 443.702 0 0
1500.0 106.869572 -3.309738 18.550940 1.005388 -0.033200 443.729 0 0
1500.0 47.427724 57.926212 17.905151 -0.155476 0.899671 443.993 0 0
1500.0 55.519952 66.530117 17.856990 -0.071809 1.036604 443.900 0 0
1500.0 99.523779 10.311800 18.295427 0.738235 0.206941 443.994 0 0
1500.0 121.101285 -9.392479 17.809170 0.986718 -0.075519 443.996 0 0
1500.0 50.405959 57.272945 17.847634 -0.189640 0.877267 443.855 0 0
1500.0 76.266265 -30.994956 18.119477 0.291301 -0.499708 444.095 0 0
1500.0 87.110596 -57.142810 17.837354 0.398545 -0.922475 444.196 0 0
1500.0 47.022063 56.538012 17.839632 -0.116275 0.917436 444.192 0 0
1500.0 90.146388 36.440203 17.981772 0.466710 0.618942 444.162 0 0
1500.0 87.600571 -5.996162 18.156566 0.474110 -0.165297 444.222 0 0
1500.0 78.893344 65.512551 17.892654 0.402530 1.057789 444.209 0 0
1500.0 121.665573 -17.684446 17.807950 0.991344 -0.199961 444.256 0 0
1500.0 100.588465 -7.522758 18.156123 0.792430 -0.181205 444.272 0 0
1500.0 91.631237 -21.540927 17.844030 0.539635 -0.332516 444.459 0 0
1500.0 128.639089 11.694194 18.168260 1.294925 0.257008 444.371 0 0
1500.0 124.097986 10.361306 17.809066 1.021566 0.138250 444.488 0 0
1500.0 78.547573 -16.706559 18.387958 0.425867 -0.298484 444.572 0 0
1500.0 71.109278 -151.361331 17.838435 0.129991 -2.396605 444.512 0 0
1500.0 86.560359 57.576041 17.922566 0.489470 0.909067 444.622 0 0
1500.0 76.970700 -21.166901 18.391428 0.306073 -0.389686 444.593 0 0
1500.0 92.807201 -54.154120 17.835834 0.558919 -0.840147 444.903 0 0
1500.0 84.404660 24.374143 17.930278 0.494502 0.393385 444.786 0 0
1500.0 89.087913 -25.576094 17.868415 0.432773 -0.453350 444.802 0 0
1500.0 73.566876 -1.697745 17.852985 0.281825 -0.051835 445.150 0 0
1500.0 66.113356 24.086853 17.866500 0.124457 0.453004 445.092 0 0
1500.0 68.695724 16.890955 17.830985 0.167512 0.342496 445.083 0 0
1500.0 -4.121656 23.974465 17.798200 -0.983923 0.303085 445.182 0 0
1500.0 -3.887252 -18.870940 17.840244 -0.996194 -0.277328 445.228 0 0
1500.0 357.845441 53.174752 17.873104 4.919156 0.837072 445.266 0 0
1500.0 80.892106 24.594387 18.050060 0.346954 0.411823 445.473 0 0
1500.0 1.171213 -34.651547 17.834934 -0.876317 -0.572873 445.519 0 0
1500.0 39.202411 -60.690414 17.886219 -0.279205 -0.981519 445.308 0 0
1500.0 -2.925063 29.197696 17.886813 -0.994401 0.452893 445.398 0 0
1500.0 -6.056010 -8.888535 17.810951 -1.000848 -0.098497 445.629 0 0
1500.0 110.273812 11.866857 17.856444 0.819814 0.171085 445.779 0 0
1500.0 27.562131 -20.040900 17.909091 -0.560880 -0.267291 445.755 0 0
1500.0 63.437738 22.011354 17.924334 0.071878 0.375660 445.814 0 0
1500.0 48.806697 -64.931308 17.884820 -0.134506 -1.035992 445.884 0 0
1500.0 -4.940688 8.200804 18.071638 -1.057654 0.122355 445.806 0 0
1500.0 19.488682 -53.216525 17.797117 -0.622495 -0.843211 446.001 0 0
1500.0 78.452262 19.744865 18.189910 0.430888 0.326011 445.987 0 0
1500.0 41.365251 -28.166983 17.987339 -0.208381 -0.506129 445.978 0 0
1500.0 122.512463 -1.156686 17.922660 1.030604 0.021536 446.140 0 0
1500.0 90.347492 -12.126740 18.186998 0.610266 -0.159567 446.207 0 0
1500.0 121.382370 18.170658 17.807374 0.958289 0.353486 446.121 0 0
1500.0 57.761316 21.195008 17.903157 -0.067111 0.297359 446.197 0 0
1500.0 91.908520 -3.346088 18.687647 0.628651 -0.050475 446.480 0 0
1500.0 53.895186 15.804677 17.898938 -0.016329 0.280690 446.579 0 0
1500.0 77.408635 9.393730 17.897399 0.312114 0.191567 446.469 0 0
1500.0 82.717478 14.495003 17.907715 0.418917 0.227561 446.592 0 0
1500.0 96.851644 -24.366933 17.861901 0.623454 -0.343144 446.328 0 0
1500.0 76.492135 36.352750 17.824658 0.301658 0.570641 446.637 0 0
1500.0 34.502078 58.662133 17.826423 -0.329589 0.921595 446.236 0 0
1500.0 95.149270 -4.137235 18.185121 0.681690 -0.038030 446.359 0 0
1500.0 44.195404 -45.280386 17.855325 -0.207491 -0.768975 446.584 0 0
1500.0 46.569876 -29.793392 17.897289 -0.240267 -0.495266 446.595 0 0
1500.0 47.162004 -23.376166 17.928031 -0.116748 -0.429276 446.512 0 0
1500.0 91.317666 -2.412197 18.050590 0.606506 0.020143 446.478 0 0
1500.0 107.069478 63.421119 17.944469 0.886318 1.074936 446.249 0 0
1500.0 133.811250 -30.402204 18.102050 1.409429 -0.492232 446.300 0 0
1500.0 -0.227592 -31.392715 17.840609 -0.921803 -0.454499 446.664 0 0
1500.0 31.882238 -57.214159 17.838614 -0.416139 -0.889767 446.721 0 0
1500.0 16.011699 51.947310 17.840800 -0.683873 0.762736 446.726 0 0
1500.0 66.011628 38.049276 17.825794 0.153247 0.593826 446.733 0 0
1500.0 80.216635 22.021299 18.529936 0.410743 0.427371 446.736 0 0
1500.0 83.464133 23.741765 17.867728 0.430922 0.335492 446.824 0 0
1500.0 -6.580624 7.593531 17.841118 -1.012364 0.114981 446.819 0 0
1500.0 63.111996 61.621699 17.810739 0.106284 0.955048 446.901 0 0
1500.0 98.876360 -17.737260 17.831035 0.690514 -0.225714 446.898 0 0
1500.0 65.707419 16.492129 18.327820 0.187580 0.289076 447.164 0 0
1500.0 67.607645 -20.412937 17.872622 0.206955 -0.283691 447.195 0 0
1500.0 37.617816 21.558932 17.915513 -0.293070 0.369636 447.224 0 0
1500.0 50.290104 26.942298 17.832676 -0.052029 0.417261 447.137 0 0
1500.0 16.769858 28.022179 17.822179 -0.653445 0.429321 447.198 0 0
1500.0 72.758757 -57.422231 17.842883 0.174389 -0.884362 447.378 0 0
1500.0 114.276130 27.531072 17.937627 0.881159 0.442711 447.654 0 0
1500.0 109.953634 -14.909635 18.174965 0.892259 -0.198305 447.390 0 0
1500.0 124.516077 29.246596 17.803784 1.035033 0.378912 447.825 0 0
1500.0 111.288066 -0.318411 18.056477 0.886706 0.053431 447.766 0 0
1500.0 106.763086 -15.861436 17.913340 0.793965 -0.306720 447.735 0 0
1500.0 106.133273 6.146694 17.827386 0.798486 0.142451 447.231 0 0
1500.0 75.510583 -42.256446 17.807118 0.323565 -0.702975 447.388 0 0
1500.0 103.096856 30.855203 17.803354 0.744748 0.422209 447.762 0 0
1500.0 30.452162 -46.734631 17.803546 -0.369371 -0.767870 447.741 0 0
1500.0 84.102581 2.419632 17.907189 0.482193 0.073103 447.197 0 0
1500.0 63.994778 -12.954784 17.957699 0.139205 -0.272708 447.053 0 0
1500.0 41.596777 1.344046 17.960815 -0.253939 0.097505 447.593 0 0
1500.0 129.121202 -35.425411 18.129269 1.239761 -0.558705 447.293 0 0
1500.0 174.666196 26.079986 17.872013 1.920153 0.378599 447.327 0 0
1500.0 110.882624 -30.900692 18.433897 0.965691 -0.591531 447.785 0 0
1500.0 79.504139 2.311430 18.207577 0.397185 0.069638 447.914 0 0
1500.0 65.360099 2.087881 17.863690 0.152838 -0.020649 447.863 0 0
1500.0 92.004280 -31.934925 18.174126 0.631711 -0.496446 447.940 0 0
1500.0 8.258316 27.829447 17.882815 -0.817603 0.390375 447.923 0 0
1500.0 78.088442 48.922383 18.154053 0.368600 0.801869 448.012 0 0
1500.0 66.888787 -58.355039 17.942481 0.187153 -0.943067 448.025 0 0
1500.0 105.201821 34.272252 17.800859 0.773608 0.472521 448.050 0 0
1500.0 64.497159 -1.731864 18.258030 0.205849 -0.012325 448.216 0 0
1500.0 76.691338 -7.378778 18.103611 0.324743 -0.042721 448.305 0 0
1500.0 76.915169 27.017816 17.845468 0.276609 0.449516 448.319 0 0
1500.0 97.533411 -21.878635 18.151747 0.656625 -0.402884 448.174 0 0
1500.0 45.067811 -56.813254 17.909150 -0.145368 -0.923814 448.244 0 0
1500.0 72.417464 -17.964959 18.281986 0.318342 -0.337876 448.173 0 0
1500.0 68.056422 -25.072027 17.881953 0.089478 -0.420990 448.192 0 0
1500.0 113.065420 23.387803 17.900675 0.911023 0.439310 448.291 0 0
1500.0 49.811762 -15.575178 18.177991 -0.185565 -0.213883 448.190 0 0
1500.0 6.662926 -15.832271 17.850829 -0.801474 -0.221671 448.341 0 0
1500.0 101.342985 -37.981155 17.908346 0.704635 -0.637833 448.360 0 0
1500.0 47.523857 79.277380 17.905675 -0.258100 1.335073 448.343 0 0
1500.0 81.137677 -0.550703 18.402134 0.441493 -0.042627 448.427 0 0
1500.0 73.860064 -0.498069 18.013064 0.299572 0.028327 448.551 0 0
1500.0 68.866470 35.858261 17.868640 0.176545 0.564970 448.656 0 0
1500.0 71.954603 -4.153692 17.843863 0.264759 -0.004492 448.517 0 0
1500.0 64.763841 -64.001110 18.069993 0.125632 -1.085485 448.518 0 0
1500.0 56.470611 9.987881 17.863075 -0.097410 0.179578 448.787 0 0
1500.0 93.648019 -6.595341 17.828639 0.533406 -0.031025 448.801 0 0
1500.0 78.776033 62.588439 17.907161 0.313156 0.998624 449.139 0 0
1500.0 121.201826 6.287704 17.929687 1.025778 0.073339 449.174 0 0
1500.0 111.924929 -32.142442 17.904844 0.855899 -0.544250 449.019 0 0
1500.0 21.534565 -85.120736 17.803316 -0.515472 -1.341776 449.131 0 0
1500.0 83.218763 -35.210185 18.149895 0.376365 -0.593018 449.074 0 0
1500.0 73.065778 -12.305770 18.033992 0.335511 -0.189572 449.173 0 0
1500.0 127.207556 -23.850426 17.872058 1.188563 -0.367451 448.993 0 0
1500.0 76.992643 -25.853062 18.390191 0.339894 -0.420547 449.327 0 0
1500.0 97.665409 4.023626 17.935427 0.635479 0.079416 449.324 0 0
1500.0 85.217186 -8.994678 19.060490 0.568814 -0.095022 449.351 0 0
1500.0 74.590791 -18.996459 17.850837 0.296812 -0.238384 449.482 0 0
1500.0 118.821741 -14.284274 17.934340 0.952288 -0.284088 449.385 0 0
1500.0 42.421812 34.169531 17.852939 -0.314062 0.552363 449.486 0 0
1500.0 110.013774 19.120580 18.101712 0.887494 0.301170 449.864 0 0
1500.0 77.306064 -32.456451 18.145620 0.359762 -0.565532 449.805 0 0
1500.0 26.782973 -45.124642 17.873651 -0.535950 -0.723018 449.877 0 0
1500.0 61.536784 -43.030210 17.944996 -0.012525 -0.723312 449.753 0 0
1500.0 101.130442 47.403889 17.845703 0.622728 0.758689 449.962 0 0
1500.0 42.668502 64.833571 17.890626 -0.200893 1.028676 450.088 0 0
1500.0 110.450216 -33.241060 17.928126 0.873092 -0.496196 450.125 0 0
1500.0 108.101325 9.163624 18.080145 0.822662 0.202309 450.162 0 0
1500.0 110.194774 -11.260880 17.901849 0.844667 -0.230232 450.202 0 0
1500.0 100.247974 -22.694069 18.018556 0.773702 -0.326171 450.071 0 0
1500.0 65.930164 0.680411 18.552032 0.190551 -0.057198 450.218 0 0
1500.0 58.956160 -59.731669 17.848455 0.017294 -0.937725 450.228 0 0
1500.0 116.412802 -31.374792 17.902983 0.906454 -0.523224 450.240 0 0
1500.0 98.098472 40.434745 17.923656 0.594917 0.683589 450.319 0 0
1500.0 54.913288 -39.764011 17.810049 -0.013896 -0.683760 450.250 0 0
1500.0 121.011240 -42.619686 17.888471 1.084987 -0.661541 450.238 0 0
1500.0 43.791621 27.964721 17.989313 -0.239080 0.405624 450.726 0 0
1500.0 -4.986398 1.059182 17.814957 -0.967606 -0.032808 450.898 0 0
1500.0 79.068702 -14.229454 18.389655 0.455045 -0.248422 450.844 0 0
1500.0 38.395191 -49.510964 17.867898 -0.335091 -0.818705 450.830 0 0
1500.0 36.859153 -15.374716 18.243489 -0.342846 -0.215649 450.792 0 0
1500.0 33.967140 -9.365822 18.243460 -0.386983 -0.123916 450.794 0 0
1500.0 69.802131 29.196489 17.951284 0.161945 0.520402 450.509 0 0
1500.0 79.773266 9.810449 18.035245 0.425213 0.194875 450.959 0 0
1500.0 123.278459 16.860793 17.921525 1.096238 0.208405 450.570 0 0
1500.0 70.354857 -25.619706 18.696917 0.272606 -0.503209 450.600 0 0
1500.0 74.915434 27.088470 18.091473 0.214999 0.511601 450.580 0 0
1500.0 56.451725 -29.840229 18.157199 -0.002260 -0.478667 451.249 0 0
1500.0 56.028226 5.345105 17.834759 0.020573 0.140773 451.101 0 0
1500.0 126.210929 -13.261422 17.930890 1.185084 -0.166942 451.073 0 0
1500.0 67.381024 38.093434 18.065429 0.119955 0.724910 451.144 0 0
1500.0 36.187128 -15.250100 17.973220 -0.358076 -0.215559 451.315 0 0
1500.0 109.089567 30.699137 18.073956 0.821943 0.515626 451.423 0 0
1500.0 90.981776 38.008287 17.879363 0.459209 0.648729 451.529 0 0
1500.0 56.018235 21.755091 18.232226 -0.002888 0.363410 451.653 0 0
1500.0 56.042279 -38.048988 17.858454 -0.055878 -0.599865 451.572 0 0
1500.0 88.219676 42.062639 17.940286 0.423409 0.715882 451.662 0 0
1500.0 73.386841 -3.215938 17.938996 0.292800 -0.029139 451.805 0 0
1500.0 103.769634 35.172599 17.823112 0.712472 0.550103 451.770 0 0
1500.0 145.301709 -17.760799 17.802099 1.314428 -0.221507 451.771 0 0
1500.0 113.476763 -25.225311 17.798776 0.851868 -0.412571 451.746 0 0
1500.0 116.843027 20.543872 18.075437 0.957610 0.353591 451.874 0 0
1500.0 65.335698 40.496061 18.293963 0.135718 0.755123 451.723 0 0
1500.0 88.343679 29.518757 17.822691 0.444561 0.493409 451.943 0 0
1500.0 63.253866 15.508121 17.949558 0.126741 0.271589 452.056 0 0
1500.0 87.783694 22.062242 17.922256 0.496125 0.294952 452.009 0 0
1500.0 106.874494 23.827031 17.825742 0.753633 0.385373 452.088 0 0
1500.0 42.788567 62.200483 17.906902 -0.283839 0.965215 452.116 0 0
1500.0 64.985533 -65.596959 17.794493 0.091834 -1.043248 452.196 0 0
1500.0 73.981685 -52.406864 17.913284 0.274843 -0.806814 452.369 0 0
1500.0 88.847387 -45.161917 17.913124 0.486628 -0.703846 452.351 0 0
1500.0 62.605311 66.915729 17.816039 0.003899 1.014370 452.313 0 0
1500.0 7.264142 -12.298144 17.887634 -0.778723 -0.205183 452.486 0 0
1500.0 80.464602 -47.406802 17.914784 0.366275 -0.733878 452.536 0 0
1500.0 47.209875 19.214807 18.425667 -0.143633 0.338151 452.480 0 0
1500.0 66.624103 6.125489 17.924230 0.125562 0.179669 452.497 0 0
1500.0 97.973998 -0.061820 18.091782 0.717632 -0.013562 452.602 0 0
1500.0 86.799714 -28.005471 17.823174 0.419025 -0.507685 452.669 0 0
1500.0 103.550808 -6.647999 17.874460 0.701057 -0.105347 452.832 0 0
1500.0 48.038301 -64.599227 17.838476 -0.148472 -1.034030 452.853 0 0
1500.0 115.294279 0.007665 18.122251 0.959177 -0.033496 452.783 0 0
1500.0 102.317048 -23.908583 18.174881 0.723348 -0.445758 452.865 0 0
1500.0 55.280058 -48.689133 17.906953 -0.071908 -0.822353 452.727 0 0
1500.0 97.003690 -13.090271 18.562539 0.751936 -0.272216 452.909 0 0
1500.0 97.033920 -22.358765 17.919658 0.597534 -0.375520 453.019 0 0
1500.0 56.963298 -9.917300 18.430841 0.050980 -0.220910 453.145 0 0
1500.0 78.079735 -8.482201 18.302540 0.418511 -0.184605 453.023 0 0
1500.0 105.428491 -14.008171 17.819076 0.704140 -0.289080 453.014 0 0
1500.0 106.799634 35.156466 18.205141 0.943539 0.598163 453.256 0 0
1500.0 99.675718 14.115966 18.393677 0.765732 0.185741 453.333 0 0
1500.0 55.649088 31.848675 18.297891 0.033171 0.557812 453.331 0 0
1500.0 59.510729 -19.846857 18.237798 0.005613 -0.361677 453.325 0 0
1500.0 87.618529 8.732046 18.266173 0.635965 0.147362 453.354 0 0
1500.0 86.184228 3.689456 17.818374 0.444809 0.005154 453.711 0 0
1500.0 70.647230 60.732455 17.826182 0.221985 0.915006 453.722 0 0
1500.0 88.498093 25.353185 18.293111 0.527727 0.456796 453.711 0 0
1500.0 110.574151 4.117026 18.018099 0.891277 0.041147 453.907 0 0
1500.0 89.473056 -43.095082 18.018535 0.573132 -0.672208 453.856 0 0
1500.0 61.501898 -6.547047 17.977403 0.092761 -0.176774 453.509 0 0
1500.0 -11.957633 -127.601413 17.899610 -1.141202 -2.176578 453.644 0 0
1500.0 92.004370 9.788322 18.581731 0.605650 0.175061 453.916 0 0
1500.0 67.183298 -55.782086 17.803527 0.120723 -0.872139 454.214 0 0
1500.0 106.420259 46.332763 17.838212 0.723711 0.758338 454.023 0 0
1500.0 73.471808 -10.946851 18.635740 0.377741 -0.225628 454.310 0 0
1500.0 94.801271 32.790621 18.287301 0.617565 0.564159 454.258 0 0
1500.0 107.900205 5.668020 18.436085 0.908123 0.070194 453.992 0 0
1500.0 46.488721 13.875121 17.872128 -0.182551 0.294653 453.949 0 0
1500.0 62.398245 7.795300 17.958691 0.064769 0.197118 454.198 0 0
1500.0 80.487394 -7.132350 18.586978 0.446602 -0.054420 454.350 0 0
1500.0 69.506036 15.036413 18.584319 0.245403 0.270055 454.705 0 0
1500.0 87.208055 58.451314 17.840621 0.488041 0.893075 454.545 0 0
1500.0 72.933817 -14.643929 18.421924 0.373093 -0.249431 454.645 0 0
1500.0 66.568870 -15.103410 18.073205 0.085908 -0.226470 454.389 0 0
1500.0 50.979291 -11.357922 17.852685 -0.143211 -0.106995 454.708 0 0
1500.0 56.076798 72.267928 17.871744 0.027450 1.197608 454.609 0 0
1500.0 96.033470 22.035618 18.071265 0.630081 0.462150 454.773 0 0
1500.0 69.585626 34.490105 18.397001 0.204601 0.675804 454.778 0 0
1500.0 68.898131 72.042997 17.940955 0.154753 1.159012 454.899 0 0
1500.0 128.298322 28.307544 18.108419 1.175723 0.469690 455.451 0 0
1500.0 88.199588 -29.981902 17.993090 0.498126 -0.533591 455.343 0 0
1500.0 79.369460 -21.646478 18.107083 0.433588 -0.360979 455.404 0 0
1500.0 75.696352 -4.630132 18.168598 0.396945 -0.082152 454.818 0 0
1500.0 39.360414 -81.519639 17.994576 -0.310841 -1.359424 454.801 0 0
1500.0 60.061134 -41.237872 18.291947 0.013633 -0.684387 454.861 0 0
1500.0 54.915502 42.409937 18.057439 -0.108651 0.709311 455.547 0 0
1500.0 122.720069 -10.323547 17.901879 1.034918 -0.165655 455.708 0 0
1500.0 76.254416 38.124010 18.312048 0.336846 0.647689 455.623 0 0
1500.0 54.622918 44.978275 18.154475 0.000682 0.755607 455.596 0 0
1500.0 102.015376 2.491672 17.842891 0.753545 0.019238 455.619 0 0
1500.0 48.189099 18.499126 18.076819 -0.157238 0.383625 455.832 0 0
1500.0 75.630677 -4.935840 18.668260 0.372045 -0.009620 456.078 0 0
1500.0 45.048512 43.505671 17.956491 -0.202875 0.673464 456.338 0 0
1500.0 25.289464 -8.106538 17.927694 -0.510319 -0.081886 456.769 0 0
1500.0 99.133935 -44.765038 17.951285 0.653098 -0.742761 455.994 0 0
1500.0 106.828066 -27.516988 17.984650 0.772707 -0.489310 456.221 0 0
1500.0 110.617431 -12.127918 17.986759 0.833112 -0.258013 455.966 0 0
1500.0 36.479385 50.028133 17.937559 -0.329981 0.832307 455.947 0 0
1500.0 151.868586 -37.530387 17.832314 1.483638 -0.529423 456.422 0 0
1500.0 55.917170 53.614022 17.979840 -0.001615 0.893171 456.047 0 0
1500.0 95.932867 1.975046 18.075545 0.634709 -0.042789 456.283 0 0
1500.0 75.363195 -31.411547 17.842872 0.291223 -0.561476 455.938 0 0
1500.0 22.224035 -38.166550 17.834167 -0.526518 -0.658328 456.712 0 0
1500.0 80.145941 -35.651517 17.839443 0.363824 -0.624537 456.216 0 0
1500.0 81.653091 16.579359 17.927854 0.452859 0.237645 456.071 0 0
1500.0 95.037999 -9.188528 17.832268 0.615392 -0.207318 456.694 0 0
1500.0 133.068599 29.460815 18.123495 1.295333 0.482645 456.023 0 0
1500.0 101.113555 -57.817579 17.936406 0.784666 -0.946846 456.253 0 0
1500.0 65.581293 47.711096 17.931848 0.044537 0.786417 456.431 0 0
1500.0 68.556647 51.114999 18.163572 0.224759 0.934150 456.831 0 0
1500.0 51.073138 -18.426472 18.234782 -0.165417 -0.288674 456.666 0 0
1500.0 69.736941 -54.559033 18.226167 0.173247 -1.026490 455.975 0 0
1500.0 82.328116 -58.405053 17.808854 0.326715 -0.914788 457.202 0 0
1500.0 69.097201 61.396966 17.931788 0.162402 0.991085 456.853 0 0
1500.0 104.245570 -13.211074 17.949315 0.795994 -0.189742 456.914 0 0
1500.0 29.373188 9.772525 18.114789 -0.453008 0.207685 456.864 0 0
1500.0 84.525726 -18.362746 18.023835 0.414892 -0.375209 456.870 0 0
1500.0 47.497001 19.833163 18.082967 -0.260789 0.345661 456.962 0 0
1500.0 73.449983 -29.978005 18.029568 0.243869 -0.603358 456.895 0 0
1500.0 102.901071 1.527029 18.133126 0.725775 -0.010175 457.291 0 0
1500.0 55.575688 30.425627 17.952866 -0.052434 0.487303 457.424 0 0
1500.0 4.242754 40.605252 17.844806 -0.799498 0.675867 457.393 0 0
1500.0 80.134392 35.153735 18.065312 0.421029 0.590269 457.287 0 0
1500.0 33.204578 14.167174 18.107265 -0.417467 0.190741 457.256 0 0
1500.0 34.952860 30.533236 18.107460 -0.393168 0.501295 457.320 0 0
1500.0 59.130435 -23.811348 18.028717 -0.033005 -0.386747 457.430 0 0
1500.0 118.925143 -11.654642 17.929556 1.018579 -0.117365 457.266 0 0
1500.0 55.991636 -8.226080 18.219892 -0.010754 -0.175127 458.401 0 0
1500.0 42.317327 -3.198045 17.968881 -0.237402 -0.105047 457.562 0 0
1500.0 67.961452 13.809378 18.038518 0.218237 0.230410 458.317 0 0
1500.0 112.807739 14.117532 17.806962 0.854969 0.206435 458.447 0 0
1500.0 94.842660 -54.844771 17.948129 0.574770 -0.872465 457.625 0 0
1500.0 36.503684 63.015804 17.929673 -0.317605 0.991757 458.440 0 0
1500.0 117.279261 -23.738308 17.829089 0.959668 -0.373642 457.587 0 0
1500.0 91.923681 -50.765548 18.059264 0.557494 -0.825957 458.147 0 0
1500.0 25.006478 52.504618 17.874001 -0.517235 0.857911 457.713 0 0
1500.0 38.816368 59.123106 17.873792 -0.309669 0.956624 457.759 0 0
1500.0 -4.512008 14.875316 17.814723 -0.972470 0.291537 458.130 0 0
1500.0 62.919362 48.435404 18.104295 0.060797 0.790397 457.720 0 0
1500.0 61.477935 14.559995 18.307068 0.133460 0.295799 457.649 0 0
1500.0 87.639379 -49.663375 17.818639 0.489960 -0.817031 458.104 0 0
1500.0 46.827926 47.781793 18.020417 -0.197937 0.780808 458.071 0 0
1500.0 84.739160 -46.850988 17.863693 0.417916 -0.789506 458.164 0 0
1500.0 77.751148 7.662338 18.107517 0.414192 0.101043 457.760 0 0
1500.0 61.589715 87.656286 17.867095 0.055048 1.416804 458.134 0 0
1500.0 111.314485 -33.518484 17.895418 0.866632 -0.594783 458.242 0 0
1500.0 106.903295 -20.041972 18.002580 0.858677 -0.303079 458.372 0 0
1500.0 29.417828 -0.874838 17.835677 -0.524908 -0.042443 458.226 0 0
1500.0 -14.474095 46.306776 17.940387 -1.222220 0.751538 457.632 0 0
1500.0 122.497225 -14.540970 18.034269 1.125967 -0.288682 457.553 0 0
1500.0 109.745712 -41.490440 18.115817 0.903504 -0.764926 457.933 0 0
1500.0 33.782914 -26.235580 18.334358 -0.481097 -0.470740 458.460 0 0
1500.0 59.222613 6.837903 18.427304 -0.016640 0.045181 458.231 0 0
1500.0 53.609782 9.692633 18.167268 -0.052326 0.194698 458.500 0 0
1500.0 114.730658 32.618906 17.988713 0.899661 0.537153 458.498 0 0
1500.0 25.668155 -40.538145 18.026483 -0.537077 -0.636755 458.588 0 0
1500.0 74.429767 38.624625 18.151336 0.365703 0.696820 458.595 0 0
1500.0 43.474383 27.181730 18.002511 -0.213832 0.441283 459.110 0 0
1500.0 93.532413 -2.025685 17.923194 0.577208 -0.041518 459.026 0 0
1500.0 90.944339 59.160228 17.871379 0.463649 0.939298 459.028 0 0
1500.0 100.830176 -33.075779 17.974651 0.721858 -0.551333 458.991 0 0
1500.0 60.245642 55.487147 17.906374 0.088390 0.903548 458.941 0 0
1500.0 22.145126 40.509850 17.848484 -0.557284 0.692992 459.066 0 0
1500.0 16.133021 29.108931 17.851118 -0.651853 0.521425 458.777 0 0
1500.0 68.649847 29.195617 18.283627 0.226956 0.533095 458.992 0 0
1500.0 148.225194 31.052668 17.846073 1.483242 0.434175 459.079 0 0
1500.0 238.764839 40.515811 17.853445 2.939579 0.584664 458.744 0 0
1500.0 53.506127 -7.418217 17.898314 -0.027486 -0.187351 459.085 0 0
1500.0 2.972506 2.205745 17.901620 -0.925441 0.108416 458.941 0 0
1500.0 30.552466 51.291630 18.105144 -0.528775 0.844059 458.964 0 0
1500.0 48.431624 -26.276832 18.046669 -0.116744 -0.433785 459.259 0 0
1500.0 51.725265 18.796504 18.006017 -0.098512 0.323269 459.372 0 0
1500.0 123.232360 -6.550258 17.937473 1.042776 -0.084691 459.603 0 0
1500.0 111.591455 38.663239 17.937428 0.872924 0.578103 459.550 0 0
1500.0 104.029928 41.462068 18.041163 0.780681 0.643121 459.829 0 0
1500.0 113.782650 1.773066 17.972945 0.915184 0.079643 459.122 0 0
1500.0 90.129312 -40.051972 17.914970 0.576850 -0.617297 459.315 0 0
1500.0 38.602826 -34.768230 17.829931 -0.376049 -0.561154 459.571 0 0
1500.0 133.732415 -3.267514 18.012594 1.340245 -0.008215 459.764 0 0
1500.0 74.910413 48.473898 18.431485 0.330868 0.889260 459.865 0 0
1500.0 91.895811 -28.298826 18.094278 0.569096 -0.580677 459.536 0 0
1500.0 76.246508 15.171133 18.117583 0.343239 0.247503 460.000 0 0
1500.0 106.530062 -37.065664 17.906416 0.846544 -0.550991 459.927 0 0
1500.0 116.476142 57.564720 18.019157 1.031302 0.972523 459.991 0 0
1500.0 78.264893 -31.764680 17.988693 0.408038 -0.493978 460.021 0 0
1500.0 120.619864 5.626475 18.024875 1.052662 0.140770 460.015 0 0
1500.0 41.124066 -31.849514 18.059058 -0.320517 -0.488063 460.022 0 0
1500.0 69.597501 13.779700 18.119356 0.250860 0.227852 460.132 0 0
1500.0 111.720423 -4.229205 17.929265 0.846860 -0.054224 460.176 0 0
1500.0 49.838994 57.251209 17.937613 -0.119868 0.886183 460.089 0 0
1500.0 61.739550 65.593427 17.813711 0.117783 1.022261 460.128 0 0
1500.0 107.711287 -66.478285 17.849386 0.834777 -1.013164 460.140 0 0
1500.0 113.126613 9.636528 18.062503 0.956976 0.106661 460.120 0 0
1500.0 47.945595 61.448839 17.875871 -0.166066 0.953480 460.418 0 0
1500.0 64.191481 63.943270 17.815739 0.057848 0.995572 460.349 0 0
1500.0 94.766745 -26.147874 18.446309 0.693377 -0.419736 460.303 0 0
1500.0 68.871083 -19.094780 18.228874 0.185813 -0.361052 460.616 0 0
1500.0 41.708312 -36.516219 17.844720 -0.324585 -0.591028 460.633 0 0
1500.0 127.543399 7.569122 17.986425 1.188949 0.082493 460.365 0 0
1500.0 120.352696 -2.797112 18.191533 1.167183 -0.026123 460.374 0 0
1500.0 89.251205 -14.909520 18.186802 0.543088 -0.196243 461.571 0 0
1500.0 89.547100 -26.073245 17.847225 0.514489 -0.385774 461.537 0 0
1500.0 29.470317 -48.708926 17.833447 -0.387881 -0.765417 461.355 0 0
1500.0 4.537801 24.891899 17.820660 -0.800211 0.422857 461.148 0 0
1500.0 106.493115 -27.069271 17.976354 0.826366 -0.414021 461.245 0 0
1500.0 117.415419 -14.678584 17.894820 0.969028 -0.185910 461.573 0 0
1500.0 69.374141 -24.712632 18.226918 0.193100 -0.445960 460.751 0 0
1500.0 180.417141 88.836262 17.852914 1.928959 1.427330 461.260 0 0
1500.0 68.240058 41.807168 17.840868 0.084115 0.668351 461.240 0 0
1500.0 87.380180 19.593150 17.870292 0.444270 0.380057 461.315 0 0
1500.0 46.161285 20.828238 17.874281 -0.196047 0.400973 461.033 0 0
1500.0 84.113996 14.785558 17.854352 0.454101 0.292116 461.456 0 0
1500.0 31.651134 13.743865 17.924232 -0.453406 0.269446 461.563 0 0
1500.0 72.541642 -9.147955 17.880369 0.253988 -0.217550 461.402 0 0
1500.0 125.412197 6.941874 18.131587 1.181234 0.078256 461.324 0 0
1500.0 69.462410 -10.082218 18.008770 0.242776 -0.154106 462.386 0 0
1500.0 59.413704 -30.438905 18.001079 0.052638 -0.492472 461.729 0 0
1500.0 71.783969 2.582534 18.006472 0.223785 -0.032111 462.127 0 0
1500.0 102.978189 25.724663 18.061128 0.711460 0.413115 462.605 0 0
1500.0 5.839613 22.696032 17.861601 -0.813843 0.331410 462.012 0 0
1500.0 91.638199 -47.842455 17.820752 0.521934 -0.748253 461.728 0 0
1500.0 120.944650 -18.769247 17.904395 1.006655 -0.281520 461.928 0 0
1500.0 122.533799 10.687550 17.904914 1.025458 0.149815 462.228 0 0
1500.0 109.186574 -13.176229 18.276319 0.891287 -0.176296 461.984 0 0
1500.0 113.059792 -10.452181 18.156340 0.937609 -0.157892 462.190 0 0
1500.0 60.136878 49.331808 17.920017 0.038576 0.829055 462.303 0 0
1500.0 35.449171 25.878243 18.013422 -0.362352 0.464574 462.170 0 0
1500.0 47.143914 -26.042686 17.984870 -0.188114 -0.468999 461.995 0 0
1500.0 68.496029 13.350634 18.064935 0.191367 0.283456 462.436 0 0
1500.0 87.157972 -15.786905 18.281061 0.528727 -0.339873 462.426 0 0
1500.0 104.253599 87.150319 17.902768 0.687549 1.473969 462.637 0 0
1500.0 35.383935 -34.522044 17.859766 -0.378984 -0.493764 462.723 0 0
1500.0 46.427438 -20.966525 18.067386 -0.166513 -0.351278 462.789 0 0
1500.0 37.176287 -31.579340 17.876372 -0.283161 -0.514422 463.585 0 0
1500.0 86.047471 4.161877 18.859630 0.579973 0.126140 463.079 0 0
1500.0 106.193604 -8.411158 18.391832 0.867231 -0.148307 463.047 0 0
1500.0 115.536700 -7.191564 17.961578 0.935385 -0.163259 462.868 0 0
1500.0 21.931962 43.190842 17.916182 -0.540959 0.730491 462.736 0 0
1500.0 77.717295 45.686397 18.092710 0.326954 0.765606 463.484 0 0
1500.0 77.339492 -53.510717 17.840385 0.287164 -0.888300 463.210 0 0
1500.0 16.773119 -41.021393 17.859860 -0.600325 -0.696016 463.180 0 0
1500.0 50.803482 -50.645729 17.863215 -0.083706 -0.847347 462.786 0 0
1500.0 59.826590 -16.095424 18.220027 0.050347 -0.317702 463.371 0 0
1500.0 64.361151 -43.969906 17.848453 0.105677 -0.754094 463.182 0 0
1500.0 54.548253 4.328561 18.026356 -0.082702 0.123935 463.104 0 0
1500.0 68.547124 14.639870 17.840441 0.200618 0.298002 463.210 0 0
1500.0 76.021536 -1.755116 18.130903 0.395875 -0.060300 463.062 0 0
1500.0 130.063900 -38.471515 17.977585 1.254746 -0.646022 463.584 0 0
1500.0 47.290480 -13.318520 17.842053 -0.112720 -0.244791 463.692 0 0
1500.0 80.360264 -41.438535 18.047007 0.374348 -0.642782 463.828 0 0
1500.0 34.191811 -59.555618 17.815935 -0.415874 -0.884466 463.994 0 0
1500.0 -6.505142 17.419593 17.826694 -1.021577 0.232478 463.742 0 0
1500.0 117.429308 -23.558246 17.957017 0.949959 -0.403754 463.841 0 0
1500.0 89.453307 54.364863 17.833524 0.518065 0.875491 463.825 0 0
1500.0 43.217658 52.522741 17.802781 -0.178474 0.860238 463.913 0 0
1500.0 15.458797 4.540977 18.013703 -0.680042 0.125481 464.003 0 0
1500.0 86.399376 12.243280 17.830138 0.490847 0.131362 463.635 0 0
1500.0 84.374647 -13.903677 18.151139 0.398649 -0.259325 464.390 0 0
1500.0 97.815266 -18.302528 18.098590 0.656887 -0.271076 464.280 0 0
1500.0 103.333079 8.330807 18.097323 0.735242 0.101349 464.160 0 0
1500.0 98.233739 6.436813 18.100306 0.661299 0.074545 464.435 0 0
1500.0 94.203760 -3.697159 17.987260 0.573706 -0.002729 464.417 0 0
1500.0 119.727685 -2.880553 17.892459 0.958614 -0.004303 464.655 0 0
1500.0 117.934756 -0.904881 17.855993 0.935025 0.006230 465.585 0 0
1500.0 118.596235 -25.320828 17.956087 0.957903 -0.425742 464.501 0 0
1500.0 48.813854 64.975358 17.850027 -0.145221 1.022055 465.228 0 0
1500.0 112.436375 -19.119941 18.110433 0.922972 -0.281183 464.104 0 0
1500.0 103.487530 4.152237 18.162320 0.761536 0.121370 464.590 0 0
1500.0 110.537888 39.857133 17.832230 0.816465 0.643736 465.286 0 0
1500.0 88.063275 58.782423 17.831783 0.488991 0.926191 464.945 0 0
1500.0 124.314043 6.111594 17.832026 1.032315 0.150343 464.388 0 0
1500.0 118.457623 23.704512 17.842816 0.974722 0.368093 465.477 0 0
1500.0 113.984298 15.167678 17.799460 0.898858 0.286625 464.336 0 0
1500.0 29.027649 61.934041 17.793636 -0.383991 0.974652 465.900 0 0
1500.0 95.992269 3.076123 18.127748 0.689356 0.023959 464.346 0 0
1500.0 8.027165 43.430943 17.894371 -0.776471 0.723977 465.040 0 0
1500.0 83.487842 -46.203439 18.008380 0.432034 -0.770549 465.283 0 0
1500.0 10.591849 25.275107 17.858459 -0.785019 0.344191 464.570 0 0
1500.0 65.469521 43.405260 17.954601 0.102025 0.736198 464.472 0 0
1500.0 20.720915 -42.782271 17.815473 -0.522850 -0.712426 464.918 0 0
1500.0 63.703088 50.339623 17.801693 0.139178 0.825696 464.615 0 0
1500.0 107.589302 -27.171448 17.799254 0.809912 -0.363332 464.883 0 0
1500.0 66.734495 -23.651052 17.967783 0.184084 -0.436549 464.221 0 0
1500.0 35.199661 -8.035363 18.200527 -0.374995 -0.142423 465.262 0 0
1500.0 115.462449 -6.705922 17.968206 0.972897 -0.083148 465.312 0 0
1500.0 91.870236 52.990705 17.853021 0.463579 0.862495 465.358 0 0
1500.0 41.393335 -1.124145 17.864959 -0.318812 -0.066376 464.460 0 0
1500.0 43.779286 7.465276 17.865577 -0.281682 0.067960 464.421 0 0
1500.0 50.759908 -30.341457 17.967553 -0.129071 -0.543394 464.911 0 0
1500.0 93.750538 -35.565321 17.806251 0.605548 -0.592500 466.004 0 0
1500.0 94.828657 19.163683 17.813559 0.628533 0.249792 465.336 0 0
1500.0 71.078386 -4.354879 17.973171 0.257911 0.000222 465.150 0 0
1500.0 106.205897 6.375257 18.098960 0.850355 0.050663 465.116 0 0
1500.0 43.791339 -45.881117 17.966458 -0.220026 -0.797413 465.220 0 0
1500.0 126.360303 130.713177 17.907435 1.071363 2.125705 465.743 0 0
1500.0 60.909679 44.345550 18.104367 0.127077 0.780811 464.054 0 0
1500.0 113.210652 73.137449 17.960372 0.969248 1.199508 465.726 0 0
1500.0 129.878358 42.191203 18.276266 1.331805 0.741822 465.051 0 0
1500.0 63.518845 28.633999 17.872838 0.064793 0.469864 466.281 0 0
1500.0 62.464163 54.645221 17.877181 0.072356 0.893965 466.324 0 0
1500.0 81.427458 5.591692 18.476387 0.396787 0.090575 470.454 0 0
1500.0 42.371217 -27.820945 17.892678 -0.181624 -0.452300 466.500 0 0
1500.0 77.043363 13.869930 18.089564 0.320223 0.256993 468.735 0 0
1500.0 43.046314 38.108674 17.996416 -0.219585 0.597412 468.212 0 0
1500.0 100.174504 -11.392972 18.122182 0.693563 -0.155575 468.624 0 0
1500.0 93.497007 -2.778155 17.854264 0.542599 0.017112 468.263 0 0
1500.0 97.894364 44.009563 17.838436 0.618414 0.690789 466.657 0 0
1500.0 50.832452 44.312041 17.849343 -0.057820 0.683413 467.850 0 0
1500.0 55.043158 -13.791376 18.302318 0.029970 -0.254803 470.432 0 0
1500.0 60.093806 -35.779449 17.983239 0.010861 -0.560282 468.830 0 0
1500.0 68.872071 18.998863 18.107957 0.176793 0.331419 469.668 0 0
1500.0 27.618204 -8.355659 17.883797 -0.490444 -0.104045 468.822 0 0
1500.0 38.278734 -59.861594 17.856893 -0.258194 -0.940294 466.351 0 0
1500.0 91.649005 3.406277 17.865865 0.544798 0.060058 469.210 0 0
1500.0 91.231552 -2.244488 18.702559 0.671252 -0.001627 466.352 0 0
1500.0 47.421088 55.009070 17.804312 -0.106757 0.840213 468.429 0 0
1500.0 45.019624 58.375699 17.801510 -0.141828 0.892757 468.089 0 0
1500.0 112.239706 -36.932046 17.807589 0.839814 -0.597079 467.757 0 0
1500.0 75.281775 -63.670389 17.807379 0.298656 -0.989982 467.678 0 0
1500.0 29.633974 62.200119 17.791613 -0.366637 0.962036 467.717 0 0
1500.0 100.161160 32.955084 17.880890 0.611490 0.545770 469.148 0 0
1500.0 28.326369 50.892674 17.875924 -0.428021 0.816194 468.084 0 0
1500.0 70.326396 49.770851 17.881442 0.182261 0.786653 469.230 0 0
1500.0 76.379928 26.222480 18.022096 0.310045 0.436163 470.468 0 0
1500.0 99.767497 16.895528 18.015741 0.648473 0.308017 469.617 0 0
1500.0 94.703616 -49.756078 17.807393 0.592587 -0.752670 468.974 0 0
1500.0 46.149295 -68.842163 17.822559 -0.179282 -1.088607 468.261 0 0
1500.0 -4.563158 24.204975 17.837758 -0.989139 0.314325 467.577 0 0
1500.0 66.539115 -58.493796 17.843287 0.072169 -0.935243 466.382 0 0
1500.0 43.343561 60.793211 17.834939 -0.201656 0.951416 469.687 0 0
1500.0 19.718124 52.740376 17.833386 -0.545926 0.838583 469.383 0 0
1500.0 113.077394 31.257487 17.833354 0.839821 0.545065 467.020 0 0
1500.0 97.932505 30.610541 18.303324 0.716503 0.500027 467.828 0 0
1500.0 93.263469 49.539119 17.814582 0.535374 0.781978 469.942 0 0
1500.0 111.190690 35.508291 17.812357 0.798713 0.582599 469.557 0 0
1500.0 62.826026 -60.101180 17.802743 0.123042 -0.909687 470.251 0 0
1500.0 79.152627 -62.373434 17.795840 0.370684 -0.975200 467.917 0 0
1500.0 83.020770 17.751927 18.446150 0.529743 0.281950 467.721 0 0
1500.0 95.398567 37.693919 18.080751 0.668015 0.589081 467.522 0 0
1500.0 -115.762968 3.642631 17.803259 -2.691525 0.108334 467.031 0 0
1500.0 86.739110 -35.788481 18.297614 0.548643 -0.584475 467.941 0 0
1500.0 105.919268 -59.211634 17.928492 0.763986 -0.920660 469.491 0 0
1500.0 9.105426 10.609328 17.849799 -0.817192 0.192337 466.734 0 0
1500.0 98.056002 38.500698 17.927378 0.597747 0.657763 467.431 0 0
1500.0 44.054087 53.847754 17.947670 -0.184848 0.889928 467.976 0 0
1500.0 76.043448 49.499276 17.919645 0.223471 0.807616 466.419 0 0
1500.0 95.011887 -47.268302 17.955447 0.592662 -0.781074 468.831 0 0
1500.0 66.977772 22.800575 18.254553 0.241109 0.405518 468.706 0 0
1500.0 61.833150 -5.526180 17.972125 0.100888 -0.159823 467.638 0 0
1500.0 105.772380 -22.141205 18.048245 0.822024 -0.400317 467.930 0 0
1500.0 108.488065 -25.721031 17.885299 0.848149 -0.387167 469.865 0 0
1500.0 69.799331 53.538211 17.823125 0.233447 0.870106 469.739 0 0
1500.0 102.836075 -9.198217 17.830079 0.745600 -0.087976 469.024 0 0
1500.0 110.361500 -27.516406 17.821865 0.850189 -0.365587 469.900 0 0
1500.0 93.884121 -38.984214 17.819142 0.619441 -0.620641 469.666 0 0
1500.0 68.907579 39.007586 17.959961 0.131360 0.655935 469.435 0 0
1500.0 237.310241 -35.891412 17.806824 2.802927 -0.500033 469.760 0 0
1500.0 39.772060 38.957723 17.825754 -0.359614 0.617164 469.230 0 0
1500.0 79.140402 20.769901 17.902409 0.419823 0.320989 467.444 0 0
1500.0 80.515105 15.909050 17.928169 0.430215 0.212937 469.291 0 0
1500.0 69.050556 -73.278782 18.019295 0.169232 -1.269082 466.569 0 0
1500.0 56.355919 6.589939 17.825817 -0.101108 0.136090 469.006 0 0
1500.0 29.978092 -40.415408 17.809636 -0.505903 -0.591093 470.203 0 0
1500.0 62.129188 35.095023 17.862419 0.068659 0.621241 469.933 0 0
1500.0 87.205511 38.025381 17.855397 0.453003 0.660507 470.532 0 0
1500.0 69.139692 -21.027456 17.837254 0.101383 -0.361586 469.470 0 0
1500.0 64.596060 12.571407 18.037791 0.151685 0.268239 470.191 0 0
1500.0 68.438506 22.627196 17.894639 0.128333 0.417934 470.205 0 0
1500.0 103.578433 2.442174 18.224405 0.831454 0.014524 470.317 0 0
1500.0 11.534294 -1.425420 18.008804 -0.804303 -0.088314 466.722 0 0
1500.0 20.131924 22.107818 17.894255 -0.662383 0.322691 470.020 0 0
1500.0 71.600887 -60.208187 17.996898 0.249764 -1.028704 470.272 0 0
1500.0 117.126366 -55.404182 17.968811 1.050970 -0.994480 466.891 0 0
1500.0 87.948278 44.456962 18.115108 0.507147 0.822617 467.666 0 0
1500.0 124.672512 -2.786049 18.221839 1.213405 0.007096 467.612 0 0
1500.0 148.372809 -7.780183 18.114397 1.613925 -0.189268 467.823 0 0
1500.0 5.703459 -20.060182 18.205157 -0.891574 -0.366482 470.386 0 0
1500.0 61.049508 -42.653655 17.967019 -0.028051 -0.738123 469.523 0 0
1500.0 75.817950 -37.492325 18.076503 0.314960 -0.736047 467.597 0 0
1500.0 37.547690 22.905681 18.023467 -0.296258 0.374051 471.039 0 0
1500.0 39.782915 29.145628 17.843577 -0.324453 0.410350 470.727 0 0
1500.0 100.023467 -5.660054 18.053584 0.680548 -0.102677 470.843 0 0
1500.0 72.849068 -41.709460 18.021728 0.223260 -0.654531 471.039 0 0
1500.0 30.230550 -45.593696 17.848740 -0.450031 -0.694786 470.615 0 0
1500.0 -2.217992 -15.736347 17.844028 -0.933379 -0.198923 470.737 0 0
1500.0 94.854829 -54.273838 17.952529 0.572430 -0.859310 470.913 0 0
1500.0 63.342728 66.645501 17.812000 0.037939 1.045601 471.157 0 0
1500.0 119.009260 -22.740021 17.943569 0.945846 -0.408314 470.704 0 0
1500.0 85.778472 61.884821 17.880171 0.414759 0.988850 471.059 0 0
1500.0 113.166980 -34.180770 17.809159 0.864297 -0.572369 470.542 0 0
1500.0 6.116173 30.945967 17.812802 -0.859904 0.482055 470.738 0 0
1500.0 1.002247 -12.028607 17.801246 -0.938745 -0.151225 471.162 0 0
1500.0 5.863315 20.606935 17.802194 -0.866679 0.345295 471.026 0 0
1500.0 7.949249 18.097783 17.819877 -0.837031 0.244975 470.910 0 0
1500.0 87.587731 -29.392315 17.950793 0.528140 -0.499574 470.815 0 0
1500.0 60.231644 -49.927501 17.946911 0.107971 -0.810064 471.175 0 0
1500.0 113.675767 15.282381 17.949433 0.911472 0.325768 470.634 0 0
1500.0 77.451185 -26.521372 18.027390 0.285873 -0.438633 471.517 0 0
1500.0 68.262394 31.771071 17.831605 0.169974 0.512269 471.715 0 0
1500.0 91.421244 -47.205742 17.966272 0.533377 -0.732461 471.708 0 0
1500.0 64.830648 -71.386676 17.882625 0.103666 -1.133627 471.794 0 0
1500.0 105.558525 -14.323049 18.138238 0.831254 -0.212106 471.669 0 0
1500.0 24.776034 -58.719234 17.797195 -0.570584 -0.850158 471.967 0 0
1500.0 29.408058 -55.286062 17.813187 -0.501196 -0.864771 471.891 0 0
1500.0 0.964768 0.703675 17.877306 -0.897500 0.075401 471.822 0 0
1500.0 -3.337667 -14.053594 17.953105 -0.995603 -0.232789 471.794 0 0
1500.0 58.167882 1.409513 18.035796 -0.003388 -0.049245 471.780 0 0
1500.0 57.786581 53.371980 18.036621 -0.044684 0.890713 471.852 0 0
1500.0 126.082036 56.358659 17.927186 1.182281 0.994565 472.160 0 0
1500.0 -21.133920 10.067786 18.123442 -1.360054 0.223404 472.188 0 0
1500.0 95.462984 -10.660022 17.848959 0.588243 -0.134100 472.335 0 0
1500.0 72.983452 -15.936604 17.956893 0.236604 -0.290021 472.635 0 0
1500.0 48.235681 28.162970 17.854414 -0.195836 0.432395 473.768 0 0
1500.0 96.082657 37.442165 17.955597 0.622319 0.572981 473.063 0 0
1500.0 95.253340 -32.364833 17.906347 0.535743 -0.528789 473.928 0 0
1500.0 66.856243 42.125889 17.830442 0.086080 0.655722 474.066 0 0
1500.0 102.196491 35.833900 17.888125 0.709716 0.514277 473.873 0 0
1500.0 119.052449 -15.707922 17.942725 0.967937 -0.235069 473.346 0 0
1500.0 121.091077 -25.829795 17.816251 0.974536 -0.326856 472.526 0 0
1500.0 82.310991 48.526585 17.825942 0.397612 0.743679 474.143 0 0
1500.0 76.435803 -62.913823 17.812879 0.335193 -0.937934 473.060 0 0
1500.0 105.412120 -10.042515 18.539854 0.861012 -0.164546 473.389 0 0
1500.0 11.866236 44.682080 17.798090 -0.742667 0.681852 473.912 0 0
1500.0 57.912216 67.340891 17.796303 -0.072896 1.036709 472.296 0 0
1500.0 -3.999758 11.604078 17.799042 -0.971092 0.198871 474.120 0 0
1500.0 60.702255 65.625091 17.843345 0.043997 1.034302 473.676 0 0
1500.0 97.865030 -53.219347 17.901984 0.586007 -0.861617 473.019 0 0
1500.0 152.226830 11.941417 17.852417 1.474410 0.184544 474.250 0 0
1500.0 106.122207 8.328958 18.330982 0.855739 0.115231 474.097 0 0
1500.0 77.261221 35.428100 18.080929 0.359566 0.589697 474.354 0 0
1500.0 64.482450 -28.200620 18.139278 0.142330 -0.508029 473.424 0 0
1500.0 31.763403 6.208772 17.958634 -0.464490 0.121057 472.989 0 0
1500.0 74.383154 -44.277616 17.926376 0.227930 -0.745981 473.752 0 0
1500.0 157.512919 -38.766944 17.923364 1.639688 -0.581264 472.544 0 0
1500.0 65.974422 39.991690 17.808965 0.102217 0.694853 473.228 0 0
1500.0 34.972503 -17.970003 18.049628 -0.403435 -0.266791 473.850 0 0
1500.0 86.597730 -82.575077 17.838469 0.473323 -1.373264 473.313 0 0
1500.0 85.698570 0.377381 17.826262 0.493818 0.049718 474.261 0 0
1500.0 136.882679 -92.819335 17.849558 1.313529 -1.496751 474.196 0 0
1500.0 73.352334 2.620339 17.945997 0.186283 -0.000306 473.122 0 0
1500.0 121.819910 -75.464109 17.969738 1.137850 -1.232027 472.892 0 0
1500.0 19.786398 25.344004 18.042151 -0.672216 0.361442 474.376 0 0
1500.0 72.089670 11.839749 18.044917 0.298714 0.272924 473.061 0 0
1500.0 75.448591 -5.626566 18.499128 0.306752 -0.130571 476.930 0 0
1500.0 79.859340 -12.058343 17.970979 0.381316 -0.132488 474.674 0 0
1500.0 45.051152 0.432359 17.953068 -0.189451 -0.059444 475.830 0 0
1500.0 45.311214 -13.014495 17.837141 -0.139979 -0.239914 475.072 0 0
1500.0 93.790291 -7.782155 17.960428 0.585544 -0.117111 475.441 0 0
1500.0 93.050609 10.774860 18.253820 0.602429 0.135658 476.572 0 0
1500.0 68.867288 44.618531 17.831671 0.203741 0.682173 474.721 0 0
1500.0 86.859131 -39.798502 17.831924 0.471191 -0.601287 474.553 0 0
1500.0 42.137947 -18.651321 18.033137 -0.210631 -0.322961 478.008 0 0
1500.0 70.965511 10.008540 17.972423 0.181297 0.205786 477.794 0 0
1500.0 -2.031731 13.249854 17.865653 -0.914560 0.237218 474.697 0 0
1500.0 106.005642 8.215975 17.874906 0.746773 0.081625 475.976 0 0
1500.0 20.984680 -33.429448 17.856991 -0.568216 -0.530223 475.941 0 0
1500.0 86.819093 14.971044 17.975681 0.440340 0.275362 477.378 0 0
1500.0 102.233668 45.474891 17.992028 0.678094 0.751263 474.652 0 0
1500.0 97.134949 -0.952797 18.726047 0.752094 0.027128 475.858 0 0
1500.0 93.920314 -41.147466 17.976736 0.569854 -0.641382 478.520 0 0
1500.0 100.758925 22.004946 17.910831 0.641950 0.358193 480.541 0 0
1500.0 51.779663 -59.851168 17.916868 -0.116088 -0.967348 474.905 0 0
1500.0 23.450012 -21.669703 17.932439 -0.506375 -0.366882 479.621 0 0
1500.0 64.416337 -65.991375 17.913885 0.071615 -1.025181 477.145 0 0
1500.0 35.708199 -62.771407 17.912889 -0.348594 -0.985038 476.676 0 0
1500.0 79.967768 59.093762 17.796128 0.298731 0.927961 477.591 0 0
1500.0 108.451057 26.092376 17.991492 0.784504 0.469145 475.196 0 0
1500.0 50.843935 48.348122 17.996209 -0.085435 0.811479 474.664 0 0
1500.0 46.853984 -33.810623 17.900212 -0.121270 -0.538714 480.445 0 0
1500.0 107.888072 28.820990 17.854618 0.835571 0.432845 475.216 0 0
1500.0 104.302292 38.099498 17.867813 0.740211 0.564188 478.943 0 0
1500.0 88.001732 -36.075990 17.875792 0.541144 -0.536823 474.416 0 0
1500.0 121.643117 -15.791464 17.932711 1.013162 -0.264535 477.716 0 0
1500.0 12.420179 48.195279 17.895761 -0.710895 0.769100 477.245 0 0
1500.0 53.594460 62.928238 17.898130 -0.104010 1.000638 476.307 0 0
1500.0 43.694219 53.732903 17.903250 -0.255529 0.873791 475.473 0 0
1500.0 38.928103 -51.231588 17.858510 -0.275269 -0.861236 475.016 0 0
1500.0 37.078842 -15.440981 17.998897 -0.340781 -0.227885 481.825 0 0
1500.0 62.551600 36.470384 17.824166 0.119868 0.553798 481.098 0 0
1500.0 118.340542 -27.916399 17.803235 0.962087 -0.375721 476.995 0 0
1500.0 69.938485 47.894418 17.814456 0.244237 0.779395 475.226 0 0
1500.0 88.687243 23.258702 17.820507 0.536863 0.404035 474.689 0 0
1500.0 21.105511 23.872909 17.968831 -0.568253 0.442214 475.320 0 0
1500.0 116.492142 -8.590406 17.878160 0.891553 -0.177060 480.119 0 0
1500.0 70.761472 21.376267 18.173962 0.280880 0.317606 483.095 0 0
1500.0 77.452579 -59.186916 17.900967 0.366333 -0.926503 477.290 0 0
1500.0 25.628317 45.826701 17.998880 -0.533035 0.727532 477.027 0 0
1500.0 28.083907 45.056918 17.825496 -0.459416 0.779642 474.969 0 0
1500.0 85.094038 -46.389204 17.889686 0.390637 -0.731351 481.087 0 0
1500.0 79.089249 -3.638883 18.032238 0.353542 0.007063 483.065 0 0
1500.0 103.805965 42.571431 18.006921 0.745691 0.693825 478.287 0 0
1500.0 66.388484 15.210185 18.032131 0.197944 0.299492 475.589 0 0
1500.0 109.719285 -50.351992 17.821881 0.819983 -0.727872 480.137 0 0
1500.0 95.373337 38.951500 18.153081 0.637312 0.656084 477.822 0 0
1500.0 84.587163 -15.314433 18.093052 0.476774 -0.302589 476.787 0 0
1500.0 79.297898 -10.571946 18.096037 0.397014 -0.230665 476.574 0 0
1500.0 74.126312 -25.640281 18.467595 0.287589 -0.416404 485.175 0 0
1500.0 83.010499 -59.619668 17.827738 0.357212 -0.940001 481.105 0 0
1500.0 70.727329 -37.184018 17.845324 0.173055 -0.594908 483.255 0 0
1500.0 61.521282 -24.636417 17.850038 0.047698 -0.461859 476.503 0 0
1500.0 26.811108 -48.086275 17.831399 -0.480743 -0.805949 478.224 0 0
1500.0 27.797290 -3.213040 17.849225 -0.477854 -0.127622 476.559 0 0
1500.0 7.137918 42.882300 17.851271 -0.812965 0.637339 480.753 0 0
1500.0 48.282284 -20.368965 17.877079 -0.225210 -0.307135 476.472 0 0
1500.0 1.479402 10.884426 17.856173 -0.928073 0.175385 478.371 0 0
1500.0 3.296117 23.749456 17.857287 -0.853804 0.351148 481.983 0 0
1500.0 30.451551 51.017512 17.857162 -0.489992 0.785283 478.233 0 0
1500.0 26.587638 27.864104 17.869328 -0.509726 0.402852 483.265 0 0
1500.0 70.756957 2.602363 18.127994 0.311264 0.035464 477.592 0 0
1500.0 73.575243 -8.372878 18.023082 0.341592 -0.139119 477.306 0 0
1500.0 94.884686 -5.989678 17.938163 0.653455 -0.065325 477.627 0 0
1500.0 58.999000 11.730935 17.948973 0.090823 0.187346 484.662 0 0
1500.0 95.529105 54.124476 17.919804 0.637239 0.826768 480.290 0 0
1500.0 83.916483 27.160982 17.938115 0.484470 0.445308 477.631 0 0
1500.0 90.001052 23.832355 17.938830 0.527418 0.359434 483.881 0 0
1500.0 102.933587 3.920278 17.933339 0.772524 0.086778 478.040 0 0
1500.0 79.172983 -18.596913 17.885305 0.297265 -0.357683 477.218 0 0
1500.0 30.308584 5.752681 18.003800 -0.463924 0.140276 478.087 0 0
1500.0 80.397786 47.803813 17.949380 0.330709 0.748533 483.961 0 0
1500.0 58.038725 -64.542941 17.866017 0.056125 -1.020807 480.320 0 0
1500.0 109.811813 -38.262723 17.866607 0.807283 -0.610259 482.237 0 0
1500.0 105.937517 33.265157 17.821179 0.675384 0.547574 483.390 0 0
1500.0 102.238254 21.390113 17.955520 0.764943 0.310621 479.269 0 0
1500.0 85.451796 -2.541885 18.477224 0.485249 -0.092816 487.408 0 0
1500.0 67.091850 -9.163344 18.480865 0.261492 -0.202852 480.145 0 0
1500.0 67.339667 66.264943 17.816798 0.100049 1.040347 481.886 0 0
1500.0 -4.701146 -0.639695 17.864541 -0.973235 -0.003827 483.393 0 0
1500.0 142.334885 -35.609590 17.895228 1.387377 -0.510936 478.233 0 0
1500.0 75.006655 38.561995 17.910747 0.200887 0.613169 481.404 0 0
1500.0 27.420310 15.804620 17.913673 -0.491452 0.264532 483.758 0 0
1500.0 126.718944 -10.756422 17.791109 1.017084 -0.231725 482.321 0 0
1500.0 109.188614 65.435804 17.863273 0.792275 1.056772 480.989 0 0
1500.0 134.157625 7.593053 17.937099 1.229596 0.178527 479.537 0 0
1500.0 112.261203 39.310600 17.812699 0.869729 0.572146 482.534 0 0
1500.0 86.638078 -57.543011 17.816752 0.485361 -0.838925 483.598 0 0
1500.0 95.129824 36.872173 18.131052 0.625611 0.623180 481.251 0 0
1500.0 39.700678 57.211221 17.844590 -0.316297 0.869209 484.207 0 0
1500.0 68.927396 27.284235 17.861872 0.112667 0.475167 478.885 0 0
1500.0 -5.097405 9.003902 17.841446 -0.967674 0.177187 483.698 0 0
1500.0 68.529507 69.601567 17.972528 0.147359 1.146831 479.345 0 0
1500.0 6.744098 -40.490329 17.812149 -0.822547 -0.596469 483.265 0 0
1500.0 206.208492 -59.331350 17.800734 2.342380 -0.934119 480.126 0 0
1500.0 124.053625 7.268543 17.912489 1.027009 0.159099 483.466 0 0
1500.0 103.551960 44.771262 18.255344 0.836982 0.776821 477.472 0 0
1500.0 63.695494 -36.279063 17.835256 0.065177 -0.580611 486.289 0 0
1500.0 91.525438 -58.157457 17.814179 0.478352 -0.929482 483.206 0 0
1500.0 114.475590 -42.005327 17.917082 0.942516 -0.715991 479.382 0 0
1500.0 73.579281 7.920036 17.915993 0.176077 0.150302 476.558 0 0
1500.0 111.276272 20.328118 17.813448 0.868930 0.354357 481.311 0 0
1500.0 94.733727 -37.713096 18.074460 0.596367 -0.639120 482.371 0 0
1500.0 70.509342 -40.308184 18.083170 0.218025 -0.633790 487.026 0 0
1500.0 63.770259 -9.641969 18.093687 0.135793 -0.224229 480.616 0 0
1500.0 62.688858 -51.224621 18.075543 0.116263 -0.843484 482.226 0 0
1500.0 -6.003914 19.344122 17.808751 -1.009099 0.252348 483.740 0 0
1500.0 122.514430 -14.460265 17.877043 1.015692 -0.257789 483.679 0 0
1500.0 49.809181 -78.928385 17.880985 -0.118682 -1.262914 482.348 0 0
1500.0 52.589017 55.466004 17.911789 -0.081483 0.915386 481.915 0 0
1500.0 124.914109 4.258653 17.877526 1.038153 0.117443 484.037 0 0
1500.0 103.912265 28.738445 17.888026 0.708369 0.462850 486.098 0 0
1500.0 55.318940 32.474287 17.899219 0.017269 0.561367 480.438 0 0
1500.0 46.711398 47.874382 17.872109 -0.156800 0.746418 486.776 0 0
1500.0 17.348957 68.282305 17.867812 -0.742543 1.105652 477.918 0 0
1500.0 -8.127805 6.059386 17.870575 -1.017785 0.130729 484.955 0 0
1500.0 3.206169 -40.283897 17.805132 -0.839978 -0.690839 482.087 0 0
1500.0 28.504878 -3.317840 18.200091 -0.475764 -0.029283 482.174 0 0
1500.0 78.340103 6.240849 18.078327 0.380426 0.027749 481.590 0 0
1500.0 60.986805 -16.863063 18.079670 0.101114 -0.294476 489.093 0 0
1500.0 67.453612 -21.849330 17.954055 0.139993 -0.413575 481.345 0 0
1500.0 52.493048 -22.608050 18.159546 -0.098708 -0.398412 482.169 0 0
1500.0 -1.240028 8.892760 17.853814 -0.964151 0.216155 480.437 0 0
1500.0 28.109857 -56.919885 17.858653 -0.445127 -0.985285 479.537 0 0
1500.0 17.662888 4.778928 18.120834 -0.652436 0.062154 483.240 0 0
1500.0 90.622460 -12.630475 18.410652 0.591430 -0.278474 481.178 0 0
1500.0 108.412997 40.175353 17.914882 0.811433 0.605132 487.000 0 0
1500.0 109.488425 -24.551217 17.939419 0.807215 -0.419247 486.537 0 0
1500.0 5.168152 16.422455 17.946556 -0.841741 0.299687 484.022 0 0
1500.0 94.783739 19.711952 18.062448 0.659307 0.266332 483.634 0 0
1500.0 108.076405 -33.821179 18.048893 0.840911 -0.536655 485.281 0 0
1500.0 92.168548 -2.690127 18.286526 0.614578 -0.110340 483.482 0 0
1500.0 118.370125 27.117524 17.806451 0.914595 0.461545 486.596 0 0
1500.0 62.978255 11.369169 17.833825 0.111769 0.247759 482.018 0 0
1500.0 90.313405 -19.664446 18.220424 0.562744 -0.277663 490.529 0 0
1500.0 111.383453 -7.122962 18.134566 0.878817 -0.171483 484.968 0 0
1500.0 85.471514 -39.010119 18.138186 0.493261 -0.653532 484.566 0 0
1500.0 65.953839 13.211782 17.994046 0.139153 0.250080 491.047 0 0
1500.0 10.653687 -41.555941 17.971730 -0.744027 -0.669669 485.547 0 0
1500.0 51.725702 -50.817275 17.980283 -0.133052 -0.822701 484.349 0 0
1500.0 39.374525 -38.031423 17.839928 -0.372342 -0.611162 482.396 0 0
1500.0 111.888298 -14.487687 18.406709 1.036389 -0.322652 476.401 0 0
1500.0 79.199121 -37.576083 17.837993 0.361394 -0.648589 484.197 0 0
1500.0 96.358594 -38.001337 17.833702 0.579827 -0.606750 489.368 0 0
1500.0 57.702709 -41.100855 17.841805 0.027304 -0.643816 490.153 0 0
1500.0 121.459310 -8.744322 17.824975 0.987935 -0.198764 485.859 0 0
1500.0 118.059998 -7.004343 17.957997 0.981899 -0.066554 486.143 0 0
1500.0 98.876754 51.628092 17.954373 0.681134 0.796702 487.441 0 0
1500.0 73.856540 -4.224268 17.982493 0.295999 -0.023064 491.417 0 0
1500.0 118.933067 -2.372866 17.954700 0.986276 -0.110435 483.818 0 0
1500.0 101.994703 59.324760 17.872780 0.699276 0.928569 487.554 0 0
1500.0 106.155134 25.463732 17.810134 0.729508 0.466435 484.850 0 0
1500.0 40.893120 -42.186819 18.018296 -0.306107 -0.675867 485.203 0 0
1500.0 44.181985 2.294128 17.836742 -0.287396 0.040293 485.086 0 0
1500.0 21.462399 52.713466 17.806239 -0.502162 0.850643 486.029 0 0
1500.0 119.845260 -24.049520 17.805970 0.947018 -0.297467 488.637 0 0
1500.0 90.707644 49.236880 17.807292 0.545606 0.800354 485.844 0 0
1500.0 111.724083 -17.556389 17.818186 0.885596 -0.234515 485.686 0 0
1500.0 77.840736 2.626588 17.837537 0.379066 0.074947 483.997 0 0
1500.0 30.089136 3.699782 17.977439 -0.441505 0.038955 492.153 0 0
1500.0 71.979005 13.968110 17.865179 0.192588 0.291815 484.281 0 0
1500.0 87.000794 11.971019 17.825085 0.499267 0.234450 486.246 0 0
1500.0 107.069740 -26.850861 17.947514 0.824252 -0.538203 480.342 0 0
1500.0 95.112877 0.546445 17.879878 0.596553 -0.000706 492.233 0 0
1500.0 115.530847 32.207120 17.936817 0.895674 0.541495 488.974 0 0
1500.0 91.765301 4.435809 17.957746 0.570254 0.137900 485.982 0 0
1500.0 88.145188 -53.563829 17.869711 0.446524 -0.876602 488.134 0 0
1500.0 64.377976 -46.901697 17.881428 0.085680 -0.735905 491.842 0 0
1500.0 -0.759506 -32.140089 17.804278 -0.943649 -0.456326 489.163 0 0
1500.0 44.972346 -7.593773 17.832598 -0.282447 -0.098477 485.409 0 0
1500.0 15.100946 9.725213 17.818981 -0.738876 0.170252 486.422 0 0
1500.0 87.094303 4.070184 17.966980 0.519555 0.002755 485.528 0 0
1500.0 16.954278 -51.475199 17.862050 -0.640624 -0.826972 489.155 0 0
1500.0 54.956349 -17.810165 18.239805 -0.046855 -0.287825 495.280 0 0
1500.0 55.148971 -20.237527 18.426459 -0.064018 -0.385489 481.552 0 0
1500.0 110.370661 6.294678 18.237829 0.968116 0.182367 480.930 0 0
1500.0 52.317299 23.882566 17.824132 -0.159522 0.412993 486.518 0 0
1500.0 67.153117 40.069361 17.817236 0.071795 0.660793 487.022 0 0
1500.0 78.032846 33.571751 17.819161 0.241073 0.561328 486.872 0 0
1500.0 73.983039 61.628052 17.802375 0.173247 0.970119 488.684 0 0
1500.0 43.411484 9.044635 18.032145 -0.242644 0.154531 494.778 0 0
1500.0 46.763435 47.951501 18.017050 -0.215577 0.761882 488.294 0 0
1500.0 15.253355 17.953666 18.018391 -0.696435 0.305944 488.169 0 0
1500.0 107.564600 43.904717 17.935337 0.758941 0.710723 491.181 0 0
1500.0 13.575157 -102.592136 18.139989 -0.876954 -1.896807 478.377 0 0
1500.0 150.308141 59.688323 17.898897 1.552216 0.923441 485.627 0 0
1500.0 146.368718 3.337729 17.818046 1.316278 0.018902 493.607 0 0
1500.0 41.962531 30.932070 17.950758 -0.338452 0.542095 483.815 0 0
1500.0 94.708331 23.277457 17.969992 0.597401 0.353957 494.759 0 0
1500.0 67.555844 49.341296 17.874764 0.131894 0.828435 489.139 0 0
1500.0 69.823949 42.857950 18.088217 0.255709 0.714008 489.935 0 0
1500.0 98.087124 14.923333 18.088803 0.685525 0.289963 489.882 0 0
1500.0 59.461075 25.714211 18.098017 0.099483 0.459010 489.162 0 0
1500.0 82.492528 35.250393 18.256918 0.372700 0.616804 484.882 0 0
1500.0 54.387447 9.157881 18.315308 -0.088977 0.183621 484.450 0 0
1500.0 41.119304 -28.719237 17.837845 -0.289770 -0.452564 495.435 0 0
1500.0 111.214807 35.297316 18.023409 0.849278 0.586190 492.238 0 0
1500.0 122.976107 27.733568 18.118815 1.140451 0.411561 487.462 0 0
1500.0 94.709642 -43.561381 18.012664 0.623275 -0.712328 491.421 0 0
1500.0 94.955963 16.520232 17.904396 0.588973 0.349237 486.448 0 0
1500.0 33.861351 45.217895 17.851663 -0.390112 0.764118 490.470 0 0
1500.0 -0.555534 27.026836 17.918519 -0.935825 0.405963 492.120 0 0
1500.0 44.077442 -13.485536 17.944133 -0.281394 -0.206913 489.385 0 0
1500.0 4.080941 -29.312979 17.920918 -0.873367 -0.437981 491.604 0 0
1500.0 97.081885 6.629814 18.025138 0.666921 0.039582 490.631 0 0
1500.0 88.031580 24.296574 18.001041 0.575996 0.362182 486.561 0 0
1500.0 113.948928 26.556821 18.431176 1.075988 0.420952 485.223 0 0
1500.0 51.251995 -65.388116 17.851835 -0.151348 -0.996247 494.199 0 0
1500.0 111.137667 12.407753 18.111302 0.905877 0.167637 492.336 0 0
1500.0 67.071193 -14.592990 18.310496 0.225525 -0.250501 498.784 0 0
1500.0 99.178463 67.844267 18.080233 0.748586 1.157119 487.622 0 0
1500.0 59.042398 -2.750214 18.119034 0.018208 -0.100410 498.647 0 0
1500.0 16.357111 89.733352 17.901080 -0.615676 1.484844 489.498 0 0
1500.0 101.488990 50.798541 17.875307 0.649764 0.822439 493.944 0 0
1500.0 15.351460 30.881334 17.886086 -0.642433 0.548089 491.564 0 0
1500.0 76.256478 45.291330 17.926992 0.335869 0.749873 491.866 0 0
1500.0 78.588595 -5.881995 18.325842 0.439047 -0.044947 492.091 0 0
1500.0 57.310513 -72.997623 17.991092 0.048786 -1.236011 488.772 0 0
1500.0 73.984543 -3.552488 18.037010 0.300483 -0.089748 498.588 0 0
1500.0 113.081186 -11.255916 18.015326 0.913607 -0.213148 492.940 0 0
1500.0 119.893223 -20.755878 18.009257 0.989261 -0.346566 494.737 0 0
1500.0 89.662934 13.812511 18.029825 0.574028 0.167236 491.503 0 0
1500.0 92.264895 -43.205385 18.016300 0.601949 -0.694733 492.806 0 0
1500.0 87.795037 -50.532284 18.014079 0.532061 -0.801203 493.127 0 0
1500.0 123.073798 -22.083859 17.946329 1.097051 -0.428903 488.495 0 0
1500.0 139.254249 -5.753781 18.211171 1.473016 -0.133726 486.299 0 0
1500.0 106.025914 -42.489540 17.988426 0.798347 -0.660936 494.511 0 0
1500.0 83.227422 13.233184 17.949689 0.385012 0.279979 491.437 0 0
1500.0 95.565953 -13.965106 18.143031 0.631062 -0.310489 488.159 0 0
1500.0 93.087635 7.992083 17.963301 0.633412 0.124473 492.543 0 0
1500.0 42.996156 63.456243 17.860970 -0.291647 0.972955 494.441 0 0
1500.0 10.168474 46.306900 17.859733 -0.765700 0.699712 495.994 0 0
1500.0 55.691981 -28.212604 17.884668 -0.105452 -0.416499 491.888 0 0
1500.0 58.636068 6.860430 17.889252 -0.059860 0.130518 491.594 0 0
1500.0 76.425526 29.027728 17.882230 0.216997 0.474033 492.056 0 0
1500.0 3.496236 1.762699 17.869996 -0.840858 0.046224 497.825 0 0
1500.0 35.909639 0.655779 17.885952 -0.371171 0.029839 499.234 0 0
1500.0 22.114493 -21.939526 17.878460 -0.568704 -0.288408 498.645 0 0
1500.0 2.491261 29.269031 17.861248 -0.899485 0.461188 494.372 0 0
1500.0 67.530585 -27.231880 17.938554 0.206939 -0.483436 492.412 0 0
1500.0 94.738273 -48.828933 17.918482 0.608031 -0.791545 494.559 0 0
1500.0 68.195593 63.960697 17.880877 0.183696 0.996253 496.721 0 0
1500.0 61.692545 63.076643 17.870978 0.034719 0.980071 497.197 0 0
1500.0 22.724344 50.733774 17.870013 -0.549529 0.833212 494.574 0 0
1500.0 79.737542 43.016488 17.880146 0.313545 0.731887 493.242 0 0
1500.0 43.777084 59.649698 17.870166 -0.233257 0.967656 494.543 0 0
1500.0 87.137245 -20.061663 18.080337 0.445790 -0.347606 500.476 0 0
1500.0 72.418297 27.062570 18.156600 0.272473 0.433969 501.168 0 0
1500.0 14.378316 -3.147763 18.035116 -0.712974 -0.069387 494.397 0 0
1500.0 122.075180 20.688388 17.946767 1.110837 0.287053 490.550 0 0
1500.0 81.845408 15.058794 18.006045 0.466548 0.225243 493.815 0 0
1500.0 95.778796 31.421080 17.974407 0.665920 0.501198 494.769 0 0
1500.0 87.950135 -18.322658 18.210626 0.474119 -0.320542 501.407 0 0
1500.0 62.598564 -10.227338 18.217627 0.137422 -0.231554 494.262 0 0
1500.0 75.399913 8.775559 18.160269 0.310083 0.181715 501.640 0 0
1500.0 98.412743 -53.331042 18.084541 0.766144 -0.909162 489.542 0 0
1500.0 48.267183 -61.214376 17.916650 -0.157484 -0.946213 498.621 0 0
1500.0 36.388420 -44.968492 17.925687 -0.323109 -0.701295 499.741 0 0
1500.0 41.224630 -63.784139 17.912748 -0.262038 -0.995615 497.752 0 0
1500.0 64.262805 -43.488189 17.926971 0.077414 -0.737685 494.248 0 0
1500.0 53.934040 -57.582870 17.917539 -0.079824 -0.939095 495.281 0 0
1500.0 61.149986 -32.731504 17.934687 0.027038 -0.522261 500.531 0 0
1500.0 22.709806 -56.230936 17.912455 -0.532518 -0.887037 497.642 0 0
1500.0 76.678221 -15.334309 17.937589 0.271297 -0.309472 493.442 0 0
1500.0 121.726695 85.302081 17.871626 0.959163 1.380260 494.538 0 0
1500.0 110.328474 1.088943 18.015779 0.832673 0.005770 500.076 0 0
1500.0 113.138018 5.985836 18.010932 0.928243 0.079810 495.821 0 0
1500.0 93.161899 -46.556490 17.918111 0.517906 -0.775216 495.499 0 0
1500.0 98.114708 54.670346 17.839285 0.669651 0.806332 496.960 0 0
1500.0 -60.718055 31.070103 17.817607 -1.789386 0.489257 498.388 0 0
1500.0 120.112418 -0.433095 17.825717 1.009011 -0.008496 496.207 0 0
1500.0 60.977856 6.124137 18.072366 0.049739 0.167493 494.438 0 0
1500.0 93.740992 40.890751 18.010821 0.533999 0.687935 495.915 0 0
1500.0 52.475112 26.388026 18.025303 -0.092249 0.477517 494.661 0 0
1500.0 76.039066 -3.788240 18.737206 0.348982 -0.162986 481.723 0 0
1500.0 50.273217 34.476725 17.956285 -0.215528 0.591811 489.412 0 0
1500.0 71.653469 -1.858018 18.315654 0.310827 -0.034952 503.527 0 0
1500.0 88.968681 15.494605 18.306980 0.604718 0.223187 496.566 0 0
1500.0 71.617002 -26.738287 18.104170 0.182002 -0.424823 503.714 0 0
1500.0 139.701323 12.902835 17.822619 1.269351 0.198514 499.031 0 0
1500.0 85.397487 14.101259 18.104901 0.428432 0.262732 502.984 0 0
1500.0 72.472527 44.999675 18.094095 0.272229 0.754758 496.897 0 0
1500.0 34.300358 -13.700877 18.020498 -0.419359 -0.213505 495.830 0 0
1500.0 47.688593 -41.616919 17.904546 -0.107188 -0.704541 496.249 0 0
1500.0 48.628541 -47.080314 17.901278 -0.092306 -0.785098 496.541 0 0
1500.0 77.047041 -0.303554 18.267496 0.332425 0.069171 498.770 0 0
1500.0 35.852329 -54.049989 17.950992 -0.344200 -0.884658 498.058 0 0
1500.0 88.018459 -29.775894 17.962651 0.450151 -0.528895 496.811 0 0
1500.0 75.781606 -12.593025 17.972121 0.265103 -0.267938 496.115 0 0
1500.0 103.717947 63.972864 17.926295 0.711711 1.102827 494.010 0 0
1500.0 19.253390 36.406262 17.895257 -0.601064 0.559317 502.399 0 0
1500.0 120.512082 13.059840 18.018382 1.000667 0.247351 499.704 0 0
1500.0 81.060481 3.540433 18.053889 0.433820 -0.004095 496.987 0 0
1500.0 98.941144 -8.917858 18.316499 0.726690 -0.190999 498.865 0 0
1500.0 89.017535 -25.655657 18.317425 0.578584 -0.442573 498.782 0 0
1500.0 86.361759 4.678117 18.018667 0.462139 0.149351 497.255 0 0
1500.0 102.580811 20.493160 18.104634 0.735550 0.380441 498.846 0 0
1500.0 72.985602 -30.102039 18.389679 0.272442 -0.641441 487.199 0 0
1500.0 88.836720 -3.319843 18.136975 0.525813 -0.055947 505.741 0 0
1500.0 19.847861 51.023045 17.879143 -0.574243 0.804533 502.097 0 0
1500.0 15.334936 22.289260 17.888875 -0.677640 0.411960 498.211 0 0
1500.0 71.136813 23.021408 17.901550 0.162190 0.385958 504.502 0 0
1500.0 45.277575 -12.708459 18.066695 -0.188880 -0.232557 505.345 0 0
1500.0 86.188157 91.264232 17.810773 0.470508 1.407275 500.465 0 0
1500.0 46.827502 -33.099345 17.822270 -0.142949 -0.534789 504.136 0 0
1500.0 3.950223 -41.891395 17.800563 -0.779482 -0.687102 501.203 0 0
1500.0 31.097405 -60.044975 17.800403 -0.385854 -0.967741 500.237 0 0
1500.0 53.455412 -6.682949 17.829861 -0.055177 -0.180981 496.880 0 0
1500.0 -2.719156 20.300144 17.891143 -0.973257 0.305511 500.132 0 0
1500.0 7.036274 -18.547357 18.007912 -0.810757 -0.311258 499.763 0 0
1500.0 135.577959 46.359690 17.822884 1.268327 0.675189 497.396 0 0
1500.0 103.342504 25.362386 18.109011 0.776595 0.428705 500.031 0 0
1500.0 9.720130 -44.937752 17.831328 -0.711983 -0.727929 502.126 0 0
1500.0 113.549920 -32.265491 17.890832 0.885942 -0.470926 502.705 0 0
1500.0 0.060160 33.511648 17.861633 -0.887023 0.558616 501.740 0 0
1500.0 80.228996 72.310208 17.839971 0.278711 1.125539 501.320 0 0
1500.0 98.724111 49.575130 17.948655 0.660779 0.797240 501.547 0 0
1500.0 61.114020 -54.973637 17.806441 0.078901 -0.906671 499.701 0 0
1500.0 96.328777 -37.217351 17.807594 0.617492 -0.637123 499.561 0 0
1500.0 70.725759 -20.417568 17.823951 0.231001 -0.388622 498.154 0 0
1500.0 99.692477 44.829582 18.003877 0.672526 0.737981 501.216 0 0
1500.0 65.100308 -41.632097 17.920660 0.091210 -0.653963 505.738 0 0
1500.0 37.091769 -40.530863 17.916299 -0.330033 -0.695251 499.936 0 0
1500.0 29.677638 -32.595712 17.920445 -0.407554 -0.526895 505.719 0 0
1500.0 112.634704 -21.048683 18.101207 0.970262 -0.287164 496.741 0 0
1500.0 91.801198 -64.296602 17.879669 0.611003 -1.012304 499.206 0 0
1500.0 60.465734 34.318852 17.986132 0.043882 0.626492 498.464 0 0
1500.0 46.056356 81.944190 17.936477 -0.191421 1.342778 500.407 0 0
1500.0 52.352432 -71.087997 18.044139 -0.063428 -1.220687 498.406 0 0
1500.0 84.494362 49.724849 17.802552 0.477124 0.762977 501.890 0 0
1500.0 -6.307926 -23.604714 17.801997 -0.950696 -0.422164 504.209 0 0
1500.0 79.768887 -50.805736 17.972295 0.353944 -0.866462 500.983 0 0
1500.0 121.210046 -14.971053 17.985870 1.078554 -0.229959 500.973 0 0
1500.0 85.188186 -12.159781 18.078244 0.494118 -0.248615 501.843 0 0
1500.0 77.875534 11.384115 17.847104 0.328787 0.207972 508.059 0 0
1500.0 77.713579 33.695707 17.840610 0.328857 0.524359 507.552 0 0
1500.0 106.250723 1.905042 17.836008 0.735870 0.076118 507.143 0 0
1500.0 101.358594 -53.575966 18.482546 0.858787 -1.027889 493.486 0 0
1500.0 75.995890 -12.882208 18.011915 0.254968 -0.246657 509.147 0 0
1500.0 109.372242 40.407610 17.829670 0.793619 0.650306 505.783 0 0
1500.0 65.214030 30.113321 17.852135 0.142459 0.480454 508.545 0 0
1500.0 64.675187 -25.989892 17.969621 0.047812 -0.397313 509.374 0 0
1500.0 34.856364 -18.221689 17.967973 -0.368078 -0.289634 509.250 0 0
1500.0 14.052670 29.241007 17.824832 -0.692369 0.450033 507.740 0 0
1500.0 22.360589 55.254267 17.814388 -0.587893 0.841730 506.055 0 0
1500.0 118.477704 10.511715 17.841667 0.982509 0.184780 504.363 0 0
1500.0 113.139313 -24.216690 17.843414 0.906581 -0.339462 504.040 0 0
1500.0 35.867908 38.986630 18.051684 -0.434463 0.656585 498.246 0 0
1500.0 110.675055 73.678569 17.948124 0.817813 1.222375 502.260 0 0
1500.0 90.772774 -15.166578 18.320297 0.648594 -0.360781 493.290 0 0
1500.0 137.426077 -2.617633 17.979465 1.371794 -0.071359 500.574 0 0
1500.0 53.786176 -5.568998 18.016700 -0.071648 -0.014312 503.216 0 0
1500.0 129.569579 11.378295 17.880618 1.161746 0.107596 502.503 0 0
1500.0 77.055073 1.679014 17.827345 0.300794 0.083069 510.346 0 0
1500.0 21.296927 -55.005409 17.859831 -0.558209 -0.885938 506.596 0 0
1500.0 76.833544 -58.513967 17.863058 0.268548 -0.953453 505.494 0 0
1500.0 38.810132 -16.492416 17.885786 -0.282394 -0.298238 510.538 0 0
1500.0 -58.344721 38.514306 17.896666 -1.883930 0.679564 502.535 0 0
1500.0 34.523448 -3.388004 17.986712 -0.371010 -0.014519 511.589 0 0
1500.0 46.208126 41.873629 17.976309 -0.229822 0.677607 504.928 0 0
1500.0 -5.616542 59.546453 17.845898 -1.072197 0.974163 503.284 0 0
1500.0 113.771701 22.064691 17.819503 0.872479 0.304209 509.214 0 0
1500.0 5.704312 -28.673021 17.835295 -0.863072 -0.409340 505.962 0 0
1500.0 52.722407 1.715336 17.918669 -0.107095 -0.044904 503.624 0 0
1500.0 93.645616 -42.812961 18.032967 0.580069 -0.717224 506.627 0 0
1500.0 25.241357 -8.086388 18.017685 -0.528464 -0.208698 502.478 0 0
1500.0 59.257222 -25.556907 18.214626 -0.027711 -0.425540 500.468 0 0
1500.0 106.941221 33.072078 17.804361 0.814108 0.484052 506.867 0 0
1500.0 79.051397 10.991071 17.935973 0.372833 0.140149 512.757 0 0
1500.0 72.064450 -7.471378 17.937285 0.307250 -0.130999 505.317 0 0
1500.0 24.016992 22.847908 17.879183 -0.548101 0.395227 508.578 0 0
1500.0 80.872751 8.957841 18.002430 0.406160 0.133068 513.441 0 0
1500.0 103.806302 -7.943052 17.989639 0.794079 -0.111725 507.203 0 0
1500.0 54.654836 36.596334 17.874347 -0.109128 0.539281 512.964 0 0
1500.0 120.629968 18.683624 17.814462 0.984677 0.258834 510.563 0 0
1500.0 -10.218869 1.891707 17.937635 -1.175410 0.018579 504.255 0 0
1500.0 106.830578 51.221825 17.822287 0.834102 0.787548 506.626 0 0
1500.0 128.713297 -22.206995 17.802090 1.105961 -0.355318 510.371 0 0
1500.0 26.510052 -52.777085 17.806019 -0.418840 -0.821651 511.940 0 0
1500.0 -18.970460 73.929206 17.926384 -1.306843 1.157338 504.693 0 0
1500.0 66.057063 -24.492462 18.311808 0.118894 -0.473877 501.657 0 0
1500.0 43.300036 -37.407360 18.010603 -0.222330 -0.582329 514.084 0 0
1500.0 41.803420 -29.806822 18.011795 -0.267524 -0.523474 507.602 0 0
1500.0 -8.273328 33.619070 17.907950 -1.142932 0.552030 505.014 0 0
1500.0 -6.812588 14.753600 17.810077 -1.006268 0.270171 511.011 0 0
1500.0 12.973131 -46.310572 17.825808 -0.719044 -0.748382 510.230 0 0
1500.0 36.771266 -9.416756 17.843143 -0.395410 -0.192884 507.311 0 0
1500.0 17.927882 -23.404928 17.833642 -0.626745 -0.373789 513.736 0 0
1500.0 16.071210 9.783052 17.836436 -0.650768 0.096799 513.987 0 0
1500.0 45.868353 -57.148521 17.823532 -0.246399 -0.912315 509.124 0 0
1500.0 -6.786743 -9.246451 17.818120 -1.026142 -0.181495 510.391 0 0
1500.0 12.492018 -26.774356 17.826691 -0.757861 -0.453934 508.716 0 0
1500.0 66.957290 -57.749409 17.824513 0.073961 -0.923355 508.987 0 0
1500.0 47.849934 47.557383 17.823743 -0.157535 0.746623 513.670 0 0
1500.0 53.452597 22.241410 17.834810 -0.085513 0.424612 507.368 0 0
1500.0 93.650288 -47.114978 17.860601 0.632654 -0.720274 507.751 0 0
1500.0 60.184861 -67.281096 18.074276 0.076355 -1.194384 503.873 0 0
1500.0 35.824153 63.409779 17.863768 -0.385420 0.974831 511.855 0 0
1500.0 20.448153 55.187444 17.863833 -0.610590 0.850696 512.069 0 0
1500.0 80.416870 -60.649287 17.816145 0.361765 -0.948258 512.752 0 0
1500.0 60.899781 -61.863772 17.819161 0.076364 -0.957472 513.361 0 0
1500.0 -40.883154 29.119806 17.884507 -1.639709 0.416925 507.864 0 0
1500.0 77.391640 -4.054636 17.819560 0.335470 -0.075936 516.537 0 0
1500.0 84.973920 -45.764412 17.801707 0.482719 -0.721984 510.489 0 0
1500.0 102.656912 29.725141 17.941776 0.767731 0.442661 511.552 0 0
1500.0 82.484354 27.410014 17.952755 0.468942 0.413970 510.527 0 0
1500.0 129.631098 29.669266 18.356047 1.380427 0.563828 502.131 0 0
1500.0 134.372569 -62.344615 17.846541 1.167184 -0.996642 513.909 0 0
1500.0 164.781960 25.314079 17.887281 1.807922 0.403088 509.789 0 0
1500.0 86.403876 -41.285665 17.828093 0.474695 -0.616361 518.096 0 0
1500.0 89.578047 53.025032 17.877672 0.547299 0.832670 515.301 0 0
1500.0 75.167633 -13.589784 17.821016 0.222145 -0.259032 520.117 0 0
1500.0 98.383940 -36.151676 17.835338 0.687138 -0.587056 514.858 0 0
1500.0 114.392310 1.809876 17.991017 0.967967 0.085104 513.006 0 0
1500.0 49.169797 30.454695 17.895484 -0.185938 0.442703 521.590 0 0
1500.0 -7.044154 13.089979 17.871783 -1.017259 0.208444 518.512 0 0
1500.0 79.798234 60.298078 17.994607 0.417134 0.998020 514.343 0 0
1500.0 73.341157 6.654540 18.022917 0.336660 0.085653 515.852 0 0
1500.0 99.073729 16.970344 17.811591 0.703345 0.286736 516.084 0 0
1500.0 10.063456 -30.649367 17.858275 -0.743473 -0.539479 517.254 0 0
1500.0 5.220305 -41.508512 17.851133 -0.793885 -0.684519 519.176 0 0
1500.0 81.415201 -27.803997 18.004864 0.358422 -0.500059 516.603 0 0
1500.0 79.961034 -10.187124 17.858345 0.421556 -0.164912 516.307 0 0
1500.0 96.282434 13.370332 17.820378 0.564871 0.254256 523.177 0 0
1500.0 74.126989 50.173931 17.812128 0.254628 0.782855 522.400 0 0
1500.0 9.072120 36.119926 17.805936 -0.717630 0.619072 518.217 0 0
1500.0 27.561589 60.107138 17.800315 -0.425303 0.957859 519.981 0 0
1500.0 102.044840 7.029809 17.816209 0.706988 0.180135 517.101 0 0
1500.0 77.420685 -3.358005 17.826386 0.302316 -0.110487 524.897 0 0
1500.0 103.263525 43.322162 17.845577 0.663946 0.697504 523.585 0 0
1500.0 81.680708 49.395129 17.848503 0.371257 0.827676 520.034 0 0
1500.0 23.625862 -29.552544 17.865224 -0.535056 -0.556097 516.395 0 0
1500.0 6.100859 -10.793018 17.900528 -0.914049 -0.143843 517.378 0 0
1500.0 77.599867 -46.547972 18.112817 0.307308 -0.780050 522.876 0 0
1500.0 -12.777137 -58.641533 17.820912 -1.050903 -0.887707 528.930 0 0
1500.0 8.945655 43.610168 17.841274 -0.733619 0.725973 526.959 0 0
1500.0 89.702683 57.191040 17.840851 0.471320 0.926367 527.136 0 0
1500.0 85.217676 8.424615 17.864871 0.423043 0.209073 524.195 0 0
1500.0 58.958789 33.695638 17.861015 0.013892 0.600191 524.471 0 0
1500.0 63.312776 56.341708 17.849344 0.075176 0.878387 529.836 0 0
1500.0 86.574948 -25.576348 17.897538 0.517966 -0.360084 524.904 0 0
1500.0 105.958543 44.843561 17.877993 0.782041 0.696840 527.847 0 0
1500.0 88.364997 50.100255 17.843290 0.471390 0.841664 526.096 0 0
1500.0 120.853811 -17.835685 17.876404 0.997609 -0.309623 530.157 0 0
1500.0 92.376965 -25.746959 17.891472 0.596730 -0.442751 527.745 0 0
1500.0 70.829054 58.368649 17.846716 0.230658 0.911917 532.140 0 0
1500.0 82.622353 6.464568 18.010387 0.456475 0.044386 530.778 0 0
1500.0 101.567296 -40.350524 17.897040 0.664064 -0.684869 537.507 0 0
1500.0 70.559357 -11.768508 17.903599 0.223867 -0.219735 546.075 0 0
