Total number of secondary electrons: 2052
1500.0 96.612573 -7.644500 15.938686 0.806143 -0.082222 271.100 0 0
1500.0 86.732918 1.172834 15.970388 0.650953 0.035043 273.537 0 0
1500.0 98.242148 -0.995365 16.111581 0.815170 0.012154 276.613 0 0
1500.0 111.225851 4.775317 16.077554 1.094633 0.092945 278.465 0 0
1500.0 88.381101 -0.079383 16.505116 0.692389 0.045273 283.461 0 0
1500.0 132.164118 0.223559 16.391544 1.514699 0.015544 283.865 0 0
1500.0 90.323911 -2.119438 15.976530 0.651687 0.018173 292.165 0 0
1500.0 96.641948 -6.807972 16.098399 0.742013 -0.119265 294.970 0 0
1500.0 85.968622 2.033930 16.302913 0.632544 0.018276 297.708 0 0
1500.0 81.529365 32.823180 14.986210 0.381157 0.474141 300.340 0 0
1500.0 92.687571 10.206438 16.316264 0.672345 0.107772 300.973 0 0
1500.0 79.971846 1.218535 15.969506 0.466771 -0.036938 301.569 0 0
1500.0 86.485901 1.805863 15.869437 0.523516 0.055717 305.090 0 0
1500.0 95.922526 -2.088522 16.909828 0.831770 -0.011118 306.003 0 0
1500.0 86.938726 11.151553 16.956546 0.667116 0.175317 306.624 0 0
1500.0 92.176560 21.418343 16.480331 0.719702 0.407617 307.779 0 0
1500.0 80.824614 -9.013198 16.748937 0.521431 -0.126459 311.235 0 0
1500.0 80.357833 7.923549 16.831828 0.488728 0.138280 313.566 0 0
1500.0 86.506324 13.565818 17.234486 0.641273 0.204058 313.847 0 0
1500.0 70.396651 -15.524185 16.004297 0.282585 -0.225028 313.891 0 0
1500.0 109.547534 -28.224784 15.895528 0.819243 -0.423801 314.545 0 0
1500.0 81.305583 17.879496 16.398829 0.420081 0.238852 315.134 0 0
1500.0 92.644633 -0.409247 16.384717 0.608310 -0.008861 316.889 0 0
1500.0 73.111620 12.121446 16.182428 0.292367 0.179785 317.000 0 0
1500.0 80.108862 9.445090 16.747329 0.476735 0.147756 317.409 0 0
1500.0 86.691049 11.423046 15.841415 0.483112 0.163483 317.640 0 0
1500.0 80.694893 2.134065 16.730412 0.506356 0.054081 318.824 0 0
1500.0 95.675262 1.745473 16.941408 0.740545 0.004174 318.851 0 0
1500.0 69.302214 2.160084 16.150860 0.255028 0.075495 319.792 0 0
1500.0 69.913729 14.074468 15.483712 0.208569 0.175468 321.072 0 0
1500.0 62.758398 -12.437026 15.885440 0.133348 -0.168777 321.380 0 0
1500.0 78.423038 11.914446 16.783091 0.471087 0.215055 322.740 0 0
1500.0 90.828359 7.376903 16.227386 0.649784 0.084330 323.347 0 0
1500.0 87.236645 1.805440 16.527741 0.547182 0.059044 324.424 0 0
1500.0 77.056146 -14.267675 15.280285 0.305066 -0.206721 326.806 0 0
1500.0 80.398909 -17.918499 15.726508 0.303672 -0.261223 326.824 0 0
1500.0 79.689150 9.858203 16.795003 0.429971 0.161291 328.308 0 0
1500.0 123.888869 4.332820 17.030943 1.349410 0.100132 328.548 0 0
1500.0 86.238032 4.109464 17.137524 0.574224 0.006141 328.872 0 0
1500.0 97.808372 -2.905521 17.508672 0.796012 -0.019619 329.147 0 0
1500.0 80.636878 12.671563 16.089048 0.381541 0.208774 329.121 0 0
1500.0 75.198017 1.166522 17.086673 0.389879 -0.021138 329.812 0 0
1500.0 32.324821 7.861406 15.657469 -0.332333 0.097436 329.832 0 0
1500.0 32.288067 46.230458 15.642205 -0.347032 0.670944 330.060 0 0
1500.0 120.851607 -38.129672 16.310390 1.085670 -0.646254 330.048 0 0
1500.0 78.117194 1.943943 17.058351 0.434106 0.076100 330.256 0 0
1500.0 66.273028 -8.264806 16.150849 0.160446 -0.151673 330.501 0 0
1500.0 122.999821 1.841264 16.450389 1.098945 0.012578 330.608 0 0
1500.0 71.080001 10.406375 16.880827 0.313681 0.177825 330.889 0 0
1500.0 126.763687 -41.920347 15.552638 0.882628 -0.526209 330.920 0 0
1500.0 127.811298 14.966205 17.703166 1.528553 0.334787 333.882 0 0
1500.0 32.281197 78.462906 15.801882 -0.300203 1.048710 334.172 0 0
1500.0 78.625429 2.970842 17.011402 0.391224 0.049090 334.416 0 0
1500.0 78.930641 -2.973191 16.523697 0.351879 -0.099565 335.449 0 0
1500.0 107.257661 5.273873 16.788603 0.843930 0.087005 336.191 0 0
1500.0 84.857536 -18.603486 16.317893 0.405820 -0.301902 336.422 0 0
1500.0 120.955041 10.937794 16.132579 0.873554 0.175837 336.517 0 0
1500.0 113.613481 35.617466 16.146172 0.778755 0.485721 336.742 0 0
1500.0 114.532369 -4.546163 16.241430 0.818219 -0.047234 337.461 0 0
1500.0 68.901265 -1.668636 16.057520 0.216540 -0.003660 337.448 0 0
1500.0 91.586118 29.828951 16.416760 0.555110 0.553264 337.626 0 0
1500.0 69.202651 -12.876586 16.616525 0.223696 -0.170254 338.203 0 0
1500.0 68.836142 3.996678 16.214867 0.100212 0.068305 338.304 0 0
1500.0 99.388215 -7.636551 16.494558 0.645061 -0.128269 338.364 0 0
1500.0 85.491792 36.512056 16.107405 0.432530 0.499989 338.441 0 0
1500.0 60.489284 19.732897 16.221646 -0.010793 0.277101 338.445 0 0
1500.0 57.201335 35.229584 16.239986 -0.054176 0.480446 338.821 0 0
1500.0 94.094178 53.908286 16.594159 0.625135 0.838907 338.975 0 0
1500.0 107.727044 1.754848 16.302570 0.738754 0.019475 339.056 0 0
1500.0 44.615109 45.775981 16.265647 -0.218956 0.615577 339.337 0 0
1500.0 15.063479 -25.236991 16.271472 -0.605793 -0.315724 339.452 0 0
1500.0 87.986293 5.303915 17.190248 0.568504 0.022755 339.807 0 0
1500.0 18.009885 44.992858 16.306226 -0.562198 0.599065 340.130 0 0
1500.0 47.277040 -20.867467 16.222343 -0.089384 -0.283259 340.183 0 0
1500.0 86.220372 41.908388 16.518602 0.411701 0.604024 340.148 0 0
1500.0 129.308948 -3.287855 16.208252 1.005026 0.016477 340.382 0 0
1500.0 122.742403 -34.793157 16.229789 0.896870 -0.427652 340.723 0 0
1500.0 66.382137 -43.797177 16.312511 0.182408 -0.613360 340.714 0 0
1500.0 106.079299 80.341811 16.208793 0.709449 1.068104 340.820 0 0
1500.0 99.004098 -23.910495 16.982944 0.685469 -0.359816 341.443 0 0
1500.0 117.356655 15.707665 18.317749 1.284454 0.307876 341.610 0 0
1500.0 90.308021 14.311603 16.662000 0.522083 0.230796 341.705 0 0
1500.0 111.581357 -27.659834 16.366909 0.768658 -0.394302 341.817 0 0
1500.0 37.282617 -3.180728 16.535175 -0.332406 -0.072024 342.365 0 0
1500.0 147.459886 38.549566 16.409094 1.333669 0.560650 342.618 0 0
1500.0 0.577410 -52.636767 16.324118 -0.774247 -0.702386 342.703 0 0
1500.0 79.038091 35.428631 16.825999 0.357878 0.664775 342.897 0 0
1500.0 109.726738 -5.689757 17.451643 1.040517 -0.146297 343.087 0 0
1500.0 51.118818 -0.982701 16.512360 -0.100500 -0.073901 343.454 0 0
1500.0 87.181909 -13.228490 18.182818 0.581680 -0.212956 343.676 0 0
1500.0 101.754519 28.861596 16.665059 0.671919 0.513027 343.751 0 0
1500.0 67.717394 47.951782 16.519925 0.135529 0.695960 343.896 0 0
1500.0 51.280888 -53.468123 16.521763 -0.091884 -0.764100 344.229 0 0
1500.0 37.396283 51.821038 16.537357 -0.262239 0.743234 344.269 0 0
1500.0 82.567917 -56.420171 16.807019 0.381072 -0.881296 344.538 0 0
1500.0 26.766674 10.611228 16.402500 -0.458225 0.085203 344.580 0 0
1500.0 95.638343 26.853985 16.752379 0.598190 0.352592 344.833 0 0
1500.0 88.906709 -6.340015 16.536203 0.440706 -0.148219 344.997 0 0
1500.0 57.638304 -47.507725 16.432770 -0.043244 -0.688967 345.263 0 0
1500.0 87.463517 -5.179903 16.565545 0.393515 -0.035271 345.303 0 0
1500.0 69.047702 -18.004455 17.179532 0.203128 -0.255408 345.438 0 0
1500.0 93.088843 -33.829477 16.757846 0.540859 -0.487467 345.506 0 0
1500.0 12.657999 -29.001698 16.450243 -0.638538 -0.440455 345.647 0 0
1500.0 56.719934 13.794422 16.875308 0.030691 0.247195 345.872 0 0
1500.0 78.506148 -45.505429 16.576576 0.298904 -0.660894 345.894 0 0
1500.0 110.684400 -17.020811 16.776866 0.765864 -0.267144 345.920 0 0
1500.0 68.088552 27.332063 16.531717 0.189751 0.409091 346.120 0 0
1500.0 71.481460 35.058294 16.798346 0.180638 0.619847 346.165 0 0
1500.0 63.312273 -4.403981 17.063370 0.153230 -0.029896 346.205 0 0
1500.0 93.317798 3.218558 17.343108 0.613714 0.014928 346.678 0 0
1500.0 33.996263 37.105132 16.522265 -0.351540 0.557358 346.835 0 0
1500.0 99.996866 -41.434410 16.785827 0.609672 -0.591586 347.210 0 0
1500.0 77.334235 3.617334 17.040433 0.325981 0.013951 347.307 0 0
1500.0 73.206396 -21.957787 17.179833 0.250972 -0.305727 347.335 0 0
1500.0 83.570659 -72.142856 16.652517 0.353644 -0.977343 347.351 0 0
1500.0 102.841377 9.674741 16.972180 0.684052 0.105062 347.372 0 0
1500.0 106.122576 61.829733 16.558145 0.620781 0.840774 347.403 0 0
1500.0 104.004488 16.363911 16.648389 0.685795 0.172566 347.682 0 0
1500.0 129.983611 -6.441277 16.664722 0.969706 -0.087249 347.799 0 0
1500.0 105.740371 45.787638 16.575819 0.598024 0.662721 348.046 0 0
1500.0 80.545483 22.934505 17.326637 0.369046 0.355845 348.057 0 0
1500.0 70.026119 38.218985 16.867761 0.173167 0.566899 348.080 0 0
1500.0 -11.623879 -30.761211 16.569034 -0.929945 -0.449223 348.090 0 0
1500.0 61.789766 15.758426 16.997009 0.034868 0.202545 348.091 0 0
1500.0 79.799016 -53.575971 16.676762 0.352219 -0.739136 348.315 0 0
1500.0 30.490214 -11.868834 17.008155 -0.377523 -0.162101 348.374 0 0
1500.0 104.578735 19.591589 16.684111 0.683347 0.212805 348.388 0 0
1500.0 102.101454 -29.842527 16.742738 0.594069 -0.389267 348.417 0 0
1500.0 79.191917 -51.274121 17.256669 0.354846 -0.877280 348.929 0 0
1500.0 75.231021 70.772342 16.624588 0.193942 0.978048 349.087 0 0
1500.0 84.560912 34.838661 17.691102 0.522435 0.625195 349.131 0 0
1500.0 74.346218 -66.894243 16.718057 0.276947 -0.903804 349.235 0 0
1500.0 81.696080 23.894297 16.683706 0.276704 0.376191 349.280 0 0
1500.0 83.086554 -34.377438 16.833235 0.332128 -0.467007 349.459 0 0
1500.0 25.404346 59.357202 16.720560 -0.396869 0.837825 349.533 0 0
1500.0 114.536064 -42.723302 16.739892 0.795732 -0.585278 349.706 0 0
1500.0 87.050957 -20.227501 17.362292 0.502105 -0.309914 349.836 0 0
1500.0 60.113917 45.157220 16.704550 -0.016237 0.659988 349.830 0 0
1500.0 36.334162 -20.705716 16.799005 -0.350136 -0.286338 349.962 0 0
1500.0 6.453614 0.535393 16.856237 -0.745572 0.056238 350.041 0 0
1500.0 31.925287 23.516582 16.804181 -0.408965 0.310942 350.102 0 0
1500.0 27.171223 36.400498 16.822474 -0.470031 0.481635 350.589 0 0
1500.0 132.483570 54.709237 17.093863 1.208060 0.826910 350.712 0 0
1500.0 -9.666785 33.792798 16.722740 -0.916147 0.383835 350.881 0 0
1500.0 105.468072 2.478019 16.840354 0.681464 0.089718 350.874 0 0
1500.0 78.377380 75.933390 16.760475 0.307891 0.996887 350.961 0 0
1500.0 84.247414 49.875649 17.003212 0.388939 0.718550 350.973 0 0
1500.0 18.690232 153.627133 16.738397 -0.502104 2.076079 351.139 0 0
1500.0 79.790793 -12.774065 17.655064 0.402681 -0.167328 351.184 0 0
1500.0 96.193681 -7.565231 17.108990 0.611859 -0.078078 351.276 0 0
1500.0 107.667208 -11.497039 17.507424 0.800031 -0.180442 351.336 0 0
1500.0 102.085547 16.270957 17.227023 0.698002 0.220683 351.546 0 0
1500.0 73.886128 -17.122721 17.216454 0.320320 -0.264590 351.747 0 0
1500.0 132.485060 -6.196420 16.817772 1.013563 -0.031516 351.826 0 0
1500.0 105.929885 -56.722707 16.847378 0.665428 -0.782534 351.864 0 0
1500.0 91.746653 -52.995753 16.880058 0.521541 -0.711112 351.904 0 0
1500.0 102.777065 -8.315980 18.623876 0.933102 -0.090404 351.952 0 0
1500.0 73.920916 2.724442 17.775749 0.334942 0.098558 351.997 0 0
1500.0 -0.422530 33.799029 16.880790 -0.823855 0.438198 352.047 0 0
1500.0 71.553880 8.905407 17.514448 0.261123 0.147346 352.079 0 0
1500.0 131.635990 2.440168 17.196791 1.152033 0.072255 352.083 0 0
1500.0 60.820995 -61.873431 16.793846 0.090248 -0.860473 352.173 0 0
1500.0 76.675934 20.701290 17.829073 0.325622 0.308218 352.281 0 0
1500.0 91.360519 -69.228075 16.808885 0.405732 -0.928770 352.301 0 0
1500.0 82.208571 -0.715154 17.668040 0.463280 0.040791 352.372 0 0
1500.0 73.927125 -5.192001 17.483145 0.345797 -0.105531 352.920 0 0
1500.0 72.729923 73.711426 16.902844 0.212362 0.978002 353.262 0 0
1500.0 88.762667 -69.683491 16.839875 0.351367 -0.931262 353.267 0 0
1500.0 98.712584 29.037865 17.047017 0.566885 0.452529 353.269 0 0
1500.0 59.145196 -8.827047 17.363765 0.016641 -0.100644 353.303 0 0
1500.0 -7.493211 12.647014 16.854182 -0.832492 0.211594 353.463 0 0
1500.0 85.455304 -38.028112 17.127577 0.448417 -0.545166 353.496 0 0
1500.0 102.072506 26.120347 16.978729 0.588396 0.349804 353.582 0 0
1500.0 50.234610 -68.643664 16.860806 -0.144798 -0.919243 353.609 0 0
1500.0 42.028668 33.148397 16.915549 -0.203832 0.515792 353.882 0 0
1500.0 80.652554 2.411936 17.691255 0.422717 0.091242 353.927 0 0
1500.0 81.424075 -78.881684 17.030974 0.324556 -1.156124 353.993 0 0
1500.0 87.989917 21.077052 18.257616 0.633612 0.488805 353.941 0 0
1500.0 -13.136433 15.873370 16.921959 -0.930451 0.236513 354.057 0 0
1500.0 35.020969 21.426267 16.911694 -0.365292 0.261997 354.127 0 0
1500.0 112.291510 -35.946375 16.969482 0.724878 -0.470398 354.157 0 0
1500.0 101.467074 -3.241476 18.665749 0.834546 -0.013267 354.302 0 0
1500.0 90.026712 -83.227896 16.985785 0.437320 -1.249521 354.337 0 0
1500.0 33.475842 -25.580618 16.927463 -0.383740 -0.356845 354.513 0 0
1500.0 -13.008683 -26.794618 16.918554 -0.935882 -0.387569 354.545 0 0
1500.0 37.225506 -21.734271 17.159235 -0.309360 -0.322352 354.569 0 0
1500.0 116.095537 -12.541443 16.995943 0.767048 -0.182767 354.626 0 0
1500.0 -30.256558 -44.342133 16.941299 -1.239705 -0.555064 354.690 0 0
1500.0 74.497539 -7.979493 17.015814 0.297412 -0.127052 354.864 0 0
1500.0 79.424083 34.402969 17.003957 0.258225 0.521914 354.919 0 0
1500.0 94.484220 23.910265 17.240344 0.538750 0.381144 354.995 0 0
1500.0 67.853344 57.409124 17.006824 0.147970 0.756513 355.167 0 0
1500.0 129.590539 -28.108847 16.932835 0.965506 -0.393996 355.351 0 0
1500.0 64.146656 18.503024 16.970879 0.046249 0.276740 355.457 0 0
1500.0 90.095487 -8.518538 17.906616 0.527277 -0.123293 355.543 0 0
1500.0 82.208827 10.802873 17.752343 0.434998 0.202127 355.580 0 0
1500.0 118.746492 51.631099 17.279436 0.951402 0.883015 355.758 0 0
1500.0 92.087687 26.560156 17.052053 0.439213 0.376738 355.959 0 0
1500.0 80.891449 -72.742994 16.968142 0.339909 -0.955489 356.085 0 0
1500.0 73.762868 -26.315873 17.237048 0.295318 -0.390406 356.088 0 0
1500.0 101.254994 32.699917 17.058189 0.650861 0.420102 356.128 0 0
1500.0 46.030884 4.651158 17.356786 -0.159528 0.058474 356.163 0 0
1500.0 71.291039 -17.758153 17.457708 0.170731 -0.252396 356.327 0 0
1500.0 52.096117 34.813289 17.736301 -0.072873 0.555151 356.382 0 0
1500.0 130.662764 -12.405520 16.990832 0.964497 -0.190393 356.544 0 0
1500.0 53.472347 21.580059 17.096209 -0.002581 0.334883 356.768 0 0
1500.0 39.134594 -6.377207 17.081285 -0.270911 -0.038787 356.902 0 0
1500.0 89.182341 -4.441010 17.154070 0.469315 -0.120841 356.933 0 0
1500.0 20.061094 -49.148624 17.099166 -0.498762 -0.720125 356.964 0 0
1500.0 72.772831 -9.548592 18.525549 0.346567 -0.159695 357.095 0 0
1500.0 109.796530 6.253496 17.273785 0.765667 0.043818 357.139 0 0
1500.0 98.942670 32.898989 17.463096 0.718246 0.622300 357.166 0 0
1500.0 74.655242 7.722593 17.688207 0.320240 0.070153 357.184 0 0
1500.0 92.332034 -23.891378 17.166910 0.509307 -0.383530 357.351 0 0
1500.0 117.440907 -13.151676 17.124284 0.862817 -0.195275 357.455 0 0
1500.0 60.333564 -14.783381 17.772336 0.081736 -0.243795 357.497 0 0
1500.0 66.283449 28.730558 17.480026 0.157657 0.450170 357.744 0 0
1500.0 72.491387 -30.597670 17.751765 0.261059 -0.464745 357.801 0 0
1500.0 87.023046 -31.123572 17.155297 0.406852 -0.392878 357.817 0 0
1500.0 119.609759 -10.175403 17.058216 0.819219 -0.197887 357.880 0 0
1500.0 109.087691 -49.919962 17.485470 0.867419 -0.790793 357.965 0 0
1500.0 103.327916 -77.828791 17.137793 0.631811 -1.167180 358.118 0 0
1500.0 24.507757 -21.935902 17.275619 -0.458854 -0.359236 358.202 0 0
1500.0 52.491437 -7.295057 17.239630 -0.128006 -0.124293 358.220 0 0
1500.0 69.728334 75.490394 17.103120 0.161309 1.024886 358.535 0 0
1500.0 18.241114 -10.006142 17.102115 -0.619136 -0.137281 358.600 0 0
1500.0 21.947796 21.731572 17.102834 -0.567974 0.298999 358.625 0 0
1500.0 101.996632 26.951970 17.401140 0.670431 0.403688 358.711 0 0
1500.0 62.503289 -33.161512 17.366170 0.126357 -0.508001 358.671 0 0
1500.0 104.384144 -23.352888 17.185425 0.720608 -0.366832 358.760 0 0
1500.0 105.585691 0.456912 17.496883 0.733627 0.051089 358.825 0 0
1500.0 80.961975 -9.173627 18.239106 0.500342 -0.131274 358.882 0 0
1500.0 105.802707 -46.011696 17.223680 0.676211 -0.667751 359.044 0 0
1500.0 91.035687 -10.090779 17.178863 0.527027 -0.123733 359.089 0 0
1500.0 121.783331 -43.083504 17.117630 0.843319 -0.620485 359.128 0 0
1500.0 100.642703 -29.615624 17.269389 0.591325 -0.479998 359.173 0 0
1500.0 16.051295 39.796043 17.169582 -0.623729 0.503699 359.296 0 0
1500.0 82.392516 -53.667680 17.171270 0.276203 -0.763877 359.351 0 0
1500.0 118.553978 21.164294 18.249534 1.168318 0.383764 359.466 0 0
1500.0 -82.104380 192.701673 17.202255 -2.010360 2.854882 359.570 0 0
1500.0 41.537910 -16.620745 17.441428 -0.248892 -0.260032 359.615 0 0
1500.0 51.491424 -20.748656 17.499495 -0.058128 -0.399320 359.695 0 0
1500.0 61.470821 22.497320 17.683566 0.044590 0.360513 359.777 0 0
1500.0 99.345757 -32.333245 17.237172 0.641280 -0.469549 359.894 0 0
1500.0 1.754072 -24.566708 17.317502 -0.873808 -0.422721 360.150 0 0
1500.0 19.142879 7.030356 17.253411 -0.588560 0.058333 360.161 0 0
1500.0 76.180226 -39.548236 17.255534 0.201923 -0.586698 360.247 0 0
1500.0 58.852486 -19.085561 17.267244 0.025806 -0.334075 360.353 0 0
1500.0 109.099908 6.967156 18.578960 1.095750 0.170925 360.350 0 0
1500.0 99.994798 -39.974836 17.340190 0.588369 -0.604703 360.386 0 0
1500.0 73.065079 10.082506 18.045700 0.277191 0.188464 360.442 0 0
1500.0 58.971367 -62.156950 17.315545 0.013610 -0.897909 360.540 0 0
1500.0 21.722960 -47.707637 17.201014 -0.538477 -0.718286 360.622 0 0
1500.0 84.034257 -19.412748 17.920143 0.429442 -0.322464 360.735 0 0
1500.0 71.388971 9.773530 17.419412 0.181768 0.194637 360.802 0 0
1500.0 29.886696 -2.902581 17.450385 -0.445319 0.014503 361.046 0 0
1500.0 52.987682 -48.426658 17.293456 -0.008857 -0.715642 361.136 0 0
1500.0 101.455259 48.480571 17.263371 0.613395 0.750919 361.105 0 0
1500.0 7.483376 0.152593 17.433814 -0.782702 0.067330 361.172 0 0
1500.0 5.269179 -50.926841 17.186983 -0.769606 -0.675449 361.235 0 0
1500.0 41.884691 68.021434 17.251245 -0.193163 0.972224 361.289 0 0
1500.0 82.637364 -65.987299 17.507139 0.442067 -1.044970 361.578 0 0
1500.0 38.078840 -75.136493 17.207059 -0.331831 -0.989438 361.787 0 0
1500.0 59.724700 -12.571192 17.425843 -0.023628 -0.175769 361.996 0 0
1500.0 143.652882 20.393611 17.422514 1.314947 0.320582 361.977 0 0
1500.0 76.789428 -32.697397 17.424599 0.351074 -0.471871 362.269 0 0
1500.0 -0.049733 -49.130994 17.227626 -0.828132 -0.642275 362.332 0 0
1500.0 71.945129 13.515199 17.461616 0.269236 0.240976 362.353 0 0
1500.0 30.900607 50.010312 17.262931 -0.445362 0.720754 362.532 0 0
1500.0 90.230202 -32.100369 17.645219 0.550224 -0.463255 362.609 0 0
1500.0 72.085838 31.428706 17.800404 0.262347 0.494584 362.658 0 0
1500.0 78.945123 -22.851448 17.732087 0.408453 -0.341929 362.688 0 0
1500.0 32.820970 71.267094 17.291769 -0.365441 0.968205 362.767 0 0
1500.0 -16.084830 -9.221357 17.250165 -1.030086 -0.119417 362.908 0 0
1500.0 93.851090 22.037215 17.475389 0.572297 0.357464 363.094 0 0
1500.0 63.066125 -1.853358 17.550143 0.013680 0.007012 363.141 0 0
1500.0 100.047429 -9.638789 17.687875 0.685823 -0.166493 363.279 0 0
1500.0 78.378194 2.728666 19.089952 0.507055 0.112057 363.374 0 0
1500.0 72.236832 6.756090 17.906546 0.275396 0.123522 363.426 0 0
1500.0 99.320876 -34.821398 18.022239 0.774344 -0.687247 363.459 0 0
1500.0 107.322282 -30.032442 17.450713 0.765723 -0.427298 363.480 0 0
1500.0 95.787148 -44.580137 17.445380 0.528589 -0.684818 363.774 0 0
1500.0 66.460600 -17.922441 17.722447 0.069917 -0.321506 363.918 0 0
1500.0 134.865449 -34.695470 17.320242 1.165936 -0.504695 364.202 0 0
1500.0 121.528911 17.396777 18.630337 1.347768 0.346862 364.217 0 0
1500.0 68.180087 73.776227 17.308374 0.072209 1.026687 364.290 0 0
1500.0 -12.189750 -16.405356 17.314079 -1.017896 -0.199054 364.489 0 0
1500.0 57.927907 1.367539 17.872629 0.004248 0.046872 364.534 0 0
1500.0 71.073917 8.792362 17.449320 0.258246 0.090155 364.538 0 0
1500.0 5.178915 -8.796807 17.414724 -0.801886 -0.115713 364.519 0 0
1500.0 6.701360 41.972020 17.324576 -0.717756 0.532824 364.684 0 0
1500.0 111.543469 -32.283784 17.447883 0.807651 -0.485445 364.861 0 0
1500.0 95.037052 30.211709 18.701473 0.784302 0.563771 364.930 0 0
1500.0 62.487938 7.488790 17.490832 0.139175 0.147521 365.125 0 0
1500.0 69.447409 -28.850598 18.115669 0.247710 -0.459734 365.254 0 0
1500.0 70.818422 31.136748 17.445574 0.195554 0.518516 365.312 0 0
1500.0 117.332245 0.146407 17.385498 0.874327 0.060823 365.406 0 0
1500.0 37.668258 22.663587 17.624930 -0.324284 0.343200 365.407 0 0
1500.0 88.572185 -2.772467 17.542378 0.528137 -0.034242 365.421 0 0
1500.0 47.533086 -22.243973 17.539499 -0.201362 -0.304404 365.572 0 0
1500.0 -14.107473 10.958767 17.349465 -1.027749 0.169373 365.648 0 0
1500.0 48.465807 -27.806286 17.540697 -0.187687 -0.383779 365.673 0 0
1500.0 99.367004 21.281460 17.452219 0.601213 0.374559 365.781 0 0
1500.0 79.030579 -3.504505 18.133070 0.315262 -0.010972 365.879 0 0
1500.0 46.284823 -17.699372 17.636991 -0.205117 -0.213474 365.892 0 0
1500.0 104.039736 31.583904 17.448640 0.710825 0.439633 365.957 0 0
1500.0 81.996672 -53.361368 17.529143 0.336718 -0.862856 366.055 0 0
1500.0 49.105016 -7.453314 17.665832 -0.184578 -0.082274 366.097 0 0
1500.0 97.258479 -7.581942 17.564680 0.561271 -0.094576 366.280 0 0
1500.0 79.761301 10.545633 17.714656 0.340894 0.168821 366.249 0 0
1500.0 67.421160 -33.868209 17.578521 0.183463 -0.509862 366.265 0 0
1500.0 60.307911 22.124082 17.833090 0.069799 0.324474 366.393 0 0
1500.0 53.041850 -34.924484 17.704270 -0.095772 -0.523904 366.405 0 0
1500.0 55.298084 -32.196084 17.459272 -0.083028 -0.430636 366.566 0 0
1500.0 60.698617 -21.338444 17.697803 0.034014 -0.404970 366.579 0 0
1500.0 81.334964 -44.778901 17.429647 0.273490 -0.675700 366.585 0 0
1500.0 103.864594 36.437796 17.465536 0.657666 0.583816 366.599 0 0
1500.0 71.768921 -14.620950 17.987430 0.229314 -0.232900 366.783 0 0
1500.0 74.323491 -51.634504 17.433477 0.172548 -0.770926 366.843 0 0
1500.0 63.803621 61.754741 17.473408 0.092603 0.934897 367.028 0 0
1500.0 76.759690 5.561643 17.512669 0.342238 0.041611 367.242 0 0
1500.0 83.910095 39.049673 17.690640 0.358116 0.608220 367.487 0 0
1500.0 100.970789 -19.601938 17.524814 0.648307 -0.294264 367.643 0 0
1500.0 85.475364 24.639041 17.551608 0.479200 0.363782 367.710 0 0
1500.0 28.618497 3.398411 17.743175 -0.449138 -0.003411 367.830 0 0
1500.0 77.315791 49.101005 17.611330 0.237885 0.795922 367.935 0 0
1500.0 109.894764 15.567352 17.820944 0.897465 0.328630 368.082 0 0
1500.0 34.959433 -11.747360 18.024119 -0.342627 -0.199720 368.251 0 0
1500.0 -8.639683 60.566021 17.518325 -1.072827 0.909811 368.273 0 0
1500.0 24.305949 39.997262 17.441512 -0.475618 0.648461 368.318 0 0
1500.0 129.244738 -8.133277 17.663058 1.158950 -0.133845 368.399 0 0
1500.0 135.747019 19.855909 17.670321 1.338917 0.315896 368.396 0 0
1500.0 66.341201 -1.573784 18.438415 0.220777 0.038355 368.418 0 0
1500.0 55.713081 25.469667 17.533875 0.029820 0.425118 368.548 0 0
1500.0 99.588744 -48.130696 17.482788 0.572303 -0.746186 368.667 0 0
1500.0 30.227901 36.763523 17.729396 -0.522145 0.553409 368.678 0 0
1500.0 -1.706530 37.766402 17.508005 -0.905337 0.635705 368.698 0 0
1500.0 49.304955 51.252619 17.449740 -0.140367 0.737157 368.731 0 0
1500.0 94.750040 -54.060366 17.487147 0.502440 -0.826860 368.910 0 0
1500.0 102.722936 -22.148292 17.495623 0.646473 -0.389227 368.963 0 0
1500.0 88.398384 -11.837708 17.666894 0.416185 -0.208503 369.205 0 0
1500.0 55.025542 -7.697402 18.068872 -0.022574 -0.151798 369.219 0 0
1500.0 107.741036 51.169778 17.565189 0.747944 0.734397 369.261 0 0
1500.0 5.678712 43.480244 17.502340 -0.752297 0.592824 369.281 0 0
1500.0 80.067832 -48.195925 17.499890 0.320173 -0.759247 369.281 0 0
1500.0 84.131452 2.104135 18.211044 0.527896 0.037999 369.289 0 0
1500.0 20.486646 45.429888 17.694406 -0.665632 0.690676 369.399 0 0
1500.0 86.161055 3.344687 18.918513 0.617698 0.067090 369.531 0 0
1500.0 83.183302 -2.848996 17.671958 0.410196 -0.108717 369.530 0 0
1500.0 45.118361 61.899450 17.510207 -0.164386 0.876174 369.574 0 0
1500.0 101.309625 -6.174095 18.600814 0.785943 -0.065150 369.606 0 0
1500.0 80.278346 60.065473 17.578672 0.381656 0.882153 369.651 0 0
1500.0 89.806068 -49.279114 17.505929 0.456483 -0.770175 369.693 0 0
1500.0 39.632093 -19.283504 17.502945 -0.303170 -0.248915 370.043 0 0
1500.0 78.760878 -17.356337 17.895628 0.357743 -0.238334 370.075 0 0
1500.0 23.721245 -61.881719 17.510946 -0.486368 -0.921366 370.090 0 0
1500.0 86.530485 7.334209 17.785284 0.510947 0.076224 370.081 0 0
1500.0 112.893114 -31.470007 17.513898 0.771696 -0.529309 370.128 0 0
1500.0 7.926076 31.367868 17.532987 -0.713886 0.427372 370.199 0 0
1500.0 141.772801 50.161055 17.545625 1.333492 0.800273 370.296 0 0
1500.0 72.980214 -30.272149 18.241783 0.304941 -0.489396 370.375 0 0
1500.0 105.607661 32.377802 17.697463 0.756618 0.487520 370.643 0 0
1500.0 78.406122 -21.902354 17.591807 0.336488 -0.277897 370.672 0 0
1500.0 63.424086 66.063565 17.488059 0.127160 0.913113 370.742 0 0
1500.0 10.496056 38.777006 17.537074 -0.695780 0.614516 370.782 0 0
1500.0 52.500591 114.246815 17.615475 -0.113964 1.753366 370.976 0 0
1500.0 55.218198 -27.456958 17.668759 -0.055407 -0.461132 371.204 0 0
1500.0 104.792064 34.979851 17.834443 0.744418 0.534700 371.266 0 0
1500.0 27.179291 -63.496000 17.535805 -0.422242 -0.949558 371.352 0 0
1500.0 112.732558 -46.053025 17.536766 0.763336 -0.707282 371.399 0 0
1500.0 120.378672 10.309886 17.600500 0.937322 0.092810 371.453 0 0
1500.0 91.413498 12.433034 17.651276 0.504720 0.160457 371.521 0 0
1500.0 -4.849029 1.436500 17.639452 -0.934960 -0.007733 371.565 0 0
1500.0 80.948270 -12.818459 18.392780 0.398672 -0.205304 371.622 0 0
1500.0 65.974131 1.071540 17.730991 0.174845 0.046504 371.692 0 0
1500.0 70.753875 55.823631 17.595782 0.178195 0.799111 371.738 0 0
1500.0 90.584088 -14.854307 17.727355 0.488535 -0.229511 371.747 0 0
1500.0 106.889795 59.819806 17.756325 0.807787 0.917455 372.088 0 0
1500.0 112.380017 -48.216758 17.553425 0.750552 -0.729581 372.158 0 0
1500.0 77.739346 -2.177765 17.749716 0.375545 -0.064751 372.236 0 0
1500.0 98.090688 -51.643529 17.711149 0.600812 -0.779596 372.281 0 0
1500.0 19.037544 8.772649 17.593421 -0.631435 0.130777 372.319 0 0
1500.0 16.546737 39.554958 17.596329 -0.587722 0.566500 372.364 0 0
1500.0 101.927405 74.964572 17.624350 0.661051 1.195326 372.347 0 0
1500.0 79.879219 -41.633640 17.615734 0.273731 -0.652261 372.445 0 0
1500.0 124.401854 17.189901 18.764159 1.378145 0.299614 372.467 0 0
1500.0 81.975095 2.667827 18.558903 0.458325 0.053958 372.508 0 0
1500.0 131.932172 37.426696 17.923360 1.215729 0.622138 372.592 0 0
1500.0 81.317171 29.998977 18.313245 0.458154 0.528060 372.684 0 0
1500.0 -7.774741 30.862117 17.575530 -0.927497 0.488241 372.836 0 0
1500.0 59.476433 -6.773846 18.093127 0.045127 -0.151757 372.881 0 0
1500.0 137.717558 -50.124565 17.804412 1.324142 -0.779027 372.875 0 0
1500.0 80.957396 16.604553 18.613028 0.429066 0.291239 373.067 0 0
1500.0 103.946999 -17.949921 17.599537 0.669428 -0.333990 373.152 0 0
1500.0 70.252105 31.680595 18.298266 0.229259 0.524568 373.484 0 0
1500.0 48.812257 0.794984 17.840042 -0.148525 0.029199 373.705 0 0
1500.0 55.100630 -9.621496 18.489752 0.031713 -0.164561 373.795 0 0
1500.0 74.132759 13.113987 17.871898 0.209450 0.228498 373.959 0 0
1500.0 58.795690 -64.134339 17.600636 0.015505 -0.924568 373.992 0 0
1500.0 85.467157 30.954766 17.686729 0.481624 0.455170 374.258 0 0
1500.0 52.742343 -69.314177 17.839994 -0.051522 -1.095309 374.321 0 0
1500.0 102.623420 33.957075 18.190822 0.812233 0.640187 374.430 0 0
1500.0 57.423009 8.217880 17.700948 -0.076597 0.116937 374.504 0 0
1500.0 50.214871 -30.279251 17.789427 -0.179057 -0.519139 374.464 0 0
1500.0 70.400018 -33.421199 17.650492 0.148796 -0.550459 374.676 0 0
1500.0 40.508230 -6.886787 17.648865 -0.238816 -0.152054 374.880 0 0
1500.0 113.155437 7.488167 17.753497 0.873579 0.119870 374.868 0 0
1500.0 110.745706 -5.830406 17.696255 0.838592 -0.074864 374.971 0 0
1500.0 63.638256 -11.170007 18.627517 0.143827 -0.161398 375.045 0 0
1500.0 69.453902 11.812738 18.266148 0.221041 0.231985 375.208 0 0
1500.0 74.319833 -33.127680 17.643930 0.178505 -0.524919 375.255 0 0
1500.0 33.210127 20.232961 17.656586 -0.406274 0.240226 375.385 0 0
1500.0 93.247782 11.428962 17.808801 0.583693 0.111892 375.481 0 0
1500.0 73.739995 -30.217716 17.637012 0.233237 -0.498393 375.546 0 0
1500.0 2.915307 43.726135 17.628906 -0.824194 0.641376 375.621 0 0
1500.0 9.143888 50.783910 17.628971 -0.737527 0.739504 375.625 0 0
1500.0 91.995512 33.561314 17.805133 0.583227 0.491189 375.680 0 0
1500.0 64.939490 -1.727376 18.332703 0.077236 0.028908 375.689 0 0
1500.0 88.462160 -21.248388 17.909663 0.491399 -0.375299 375.733 0 0
1500.0 106.979748 -87.460995 17.756373 0.810015 -1.341742 375.778 0 0
1500.0 50.144332 -12.821730 18.180812 -0.080001 -0.203815 375.866 0 0
1500.0 128.382100 2.362335 17.736191 1.046607 0.059237 375.844 0 0
1500.0 82.049783 11.429694 18.231996 0.489294 0.177488 375.877 0 0
1500.0 114.740712 -45.755116 17.756241 0.911406 -0.776747 375.869 0 0
1500.0 52.280645 -2.689391 18.283098 -0.116654 -0.120660 375.887 0 0
1500.0 70.743488 -18.394919 17.988506 0.236285 -0.291238 376.057 0 0
1500.0 22.779024 0.257462 17.791033 -0.501147 0.019568 376.199 0 0
1500.0 107.360215 -43.689085 17.645103 0.788675 -0.712703 376.170 0 0
1500.0 83.589435 -20.505946 17.814333 0.366703 -0.328436 376.274 0 0
1500.0 89.346735 -40.107614 17.814803 0.521247 -0.626461 376.278 0 0
1500.0 67.055330 -3.611449 18.131150 0.234952 -0.049036 376.536 0 0
1500.0 108.994392 -48.983775 17.634096 0.750794 -0.725828 376.529 0 0
1500.0 56.369269 -17.519552 17.826342 0.014319 -0.288449 376.631 0 0
1500.0 80.314736 1.175516 18.006718 0.385899 0.089610 376.712 0 0
1500.0 115.075327 -34.050943 17.815585 0.855423 -0.573351 376.722 0 0
1500.0 85.041545 -16.838277 18.381057 0.516150 -0.329225 376.850 0 0
1500.0 -7.638140 4.686085 17.617023 -0.914015 0.124886 377.132 0 0
1500.0 154.075456 114.694639 18.089094 1.633074 2.026891 377.144 0 0
1500.0 110.083921 -38.354204 17.728169 0.815626 -0.561029 377.326 0 0
1500.0 97.078960 39.904797 17.798628 0.648999 0.577775 377.319 0 0
1500.0 50.995179 -61.558013 17.870766 -0.081020 -1.020522 377.469 0 0
1500.0 47.190247 63.004271 17.702112 -0.144615 0.912325 377.645 0 0
1500.0 85.739718 20.139237 18.209452 0.434564 0.348934 377.738 0 0
1500.0 74.134809 31.573237 18.209726 0.269688 0.510824 377.788 0 0
1500.0 86.162611 17.215624 18.209206 0.440857 0.307650 377.691 0 0
1500.0 91.114311 -41.053830 17.628648 0.542368 -0.626669 377.691 0 0
1500.0 102.996725 21.425883 17.656778 0.719346 0.279193 377.720 0 0
1500.0 78.053709 30.716066 18.209980 0.325051 0.498348 377.834 0 0
1500.0 29.517596 38.833579 17.869847 -0.431919 0.609644 377.846 0 0
1500.0 87.262999 -8.044958 18.058172 0.517431 -0.059225 377.873 0 0
1500.0 19.057104 -14.534027 17.730726 -0.543978 -0.242144 378.040 0 0
1500.0 22.014581 -24.187446 17.827054 -0.567286 -0.378535 378.111 0 0
1500.0 84.513365 4.100117 17.681580 0.465179 0.050099 378.154 0 0
1500.0 65.149473 34.026970 17.817909 0.126097 0.620608 378.152 0 0
1500.0 118.144473 -3.882789 17.634237 0.926334 -0.086343 378.314 0 0
1500.0 73.272848 -37.611627 17.947017 0.284702 -0.607793 378.381 0 0
1500.0 49.900262 -13.066570 18.065669 -0.138043 -0.199673 378.579 0 0
1500.0 55.014487 14.593941 18.065625 -0.063896 0.201563 378.553 0 0
1500.0 85.885640 -41.548580 17.689923 0.480147 -0.595224 378.690 0 0
1500.0 -12.369979 -152.205683 17.720764 -1.122633 -2.424558 378.761 0 0
1500.0 50.005598 61.648799 18.020033 -0.084125 1.055324 378.784 0 0
1500.0 74.726373 29.873069 18.229735 0.286574 0.484747 379.009 0 0
1500.0 72.141379 -48.603607 17.685046 0.278599 -0.719883 379.035 0 0
1500.0 102.873092 15.572828 17.816601 0.666526 0.230471 379.081 0 0
1500.0 98.035405 9.246205 18.888086 0.741502 0.184067 379.428 0 0
1500.0 33.001742 37.786334 17.702630 -0.369196 0.585846 379.449 0 0
1500.0 78.871580 -11.716244 17.958148 0.361568 -0.240474 379.512 0 0
1500.0 40.328038 7.180818 17.952874 -0.294922 0.127397 379.522 0 0
1500.0 59.455850 1.188664 17.725080 0.029208 -0.050618 379.803 0 0
1500.0 116.403140 4.291181 17.690472 0.914352 0.051659 379.811 0 0
1500.0 88.729654 28.141246 17.862107 0.526408 0.474225 379.840 0 0
1500.0 90.122066 15.689063 19.039046 0.656041 0.244892 379.887 0 0
1500.0 121.865590 -25.643419 17.681067 0.962258 -0.392997 379.986 0 0
1500.0 51.304913 29.285805 17.738258 -0.142504 0.415299 379.990 0 0
1500.0 59.738164 -72.423790 17.658516 0.083938 -1.044678 380.153 0 0
1500.0 91.007359 14.937345 18.742761 0.653895 0.231201 380.282 0 0
1500.0 80.698725 19.074245 17.757112 0.410585 0.256076 380.265 0 0
1500.0 122.557383 -2.389195 17.697199 0.993164 -0.044319 380.510 0 0
1500.0 99.605536 -29.888511 17.883384 0.693481 -0.448189 380.537 0 0
1500.0 37.413438 36.745563 17.786814 -0.360741 0.511462 380.595 0 0
1500.0 86.251547 -28.178469 17.757895 0.489598 -0.440360 380.702 0 0
1500.0 53.103730 17.326362 18.113727 -0.033622 0.274617 380.761 0 0
1500.0 105.475741 -41.556789 18.196126 0.858204 -0.760547 380.834 0 0
1500.0 66.162277 -19.091660 17.882269 0.185676 -0.270025 380.856 0 0
1500.0 41.685456 -71.656561 17.670705 -0.167414 -1.023867 380.854 0 0
1500.0 35.752603 9.748464 17.731570 -0.320698 0.199963 380.918 0 0
1500.0 102.734235 -51.112118 17.835125 0.676213 -0.780408 380.923 0 0
1500.0 -17.842975 -20.512491 17.711764 -1.130438 -0.309820 380.947 0 0
1500.0 114.671989 -10.287435 17.841452 0.891475 -0.194161 380.949 0 0
1500.0 88.540298 -21.352008 17.763104 0.528463 -0.332429 380.989 0 0
1500.0 68.891693 19.302138 17.734017 0.134284 0.330648 381.038 0 0
1500.0 126.388720 20.048517 17.698338 1.010911 0.247178 381.045 0 0
1500.0 114.495850 13.265216 17.887119 0.901111 0.172543 381.077 0 0
1500.0 71.631240 -2.468443 18.352705 0.279313 -0.085121 381.113 0 0
1500.0 11.412294 -17.049465 17.788779 -0.736640 -0.276701 381.165 0 0
1500.0 97.860919 -29.703725 17.759825 0.655177 -0.459197 381.233 0 0
1500.0 62.444354 -36.526849 17.743166 0.039887 -0.608685 381.260 0 0
1500.0 5.995616 -22.874326 17.820884 -0.809274 -0.322438 381.291 0 0
1500.0 4.974124 46.850965 17.768128 -0.776884 0.699532 381.334 0 0
1500.0 16.744925 -34.480350 17.709002 -0.610070 -0.576057 381.352 0 0
1500.0 82.637518 2.329215 18.775061 0.488553 0.051309 381.416 0 0
1500.0 15.743366 36.319537 17.789943 -0.671225 0.499294 381.400 0 0
1500.0 49.121149 -52.920018 17.709465 -0.137272 -0.844177 381.438 0 0
1500.0 175.499117 25.662563 17.891420 1.905714 0.460918 381.487 0 0
1500.0 121.592158 30.504816 17.683883 0.942094 0.376757 381.591 0 0
1500.0 56.913101 34.115653 17.976848 -0.055068 0.589384 381.589 0 0
1500.0 80.248090 16.582789 19.125083 0.434045 0.275679 381.575 0 0
1500.0 123.091632 26.601179 17.708903 0.957695 0.335550 381.605 0 0
1500.0 83.277904 -4.308292 18.424069 0.502308 -0.010894 381.678 0 0
1500.0 -9.581950 101.770423 17.728809 -0.989004 1.545174 381.671 0 0
1500.0 107.469927 -27.746209 17.762769 0.789312 -0.427357 381.759 0 0
1500.0 120.277191 -14.969281 17.894066 0.973300 -0.228851 381.832 0 0
1500.0 69.158625 -58.280158 17.762886 0.234558 -0.869222 381.777 0 0
1500.0 92.618518 0.534164 18.994925 0.769531 0.070803 381.827 0 0
1500.0 5.973650 -12.578453 17.745433 -0.785981 -0.251612 382.051 0 0
1500.0 62.312521 27.606342 18.369088 0.103983 0.506478 381.948 0 0
1500.0 42.692908 -61.972482 17.795447 -0.276620 -0.917433 382.204 0 0
1500.0 47.485674 -15.522091 17.794391 -0.167008 -0.260002 382.355 0 0
1500.0 107.854830 51.540976 17.722699 0.763107 0.707820 382.340 0 0
1500.0 51.417246 -18.746412 18.336519 -0.047840 -0.333823 382.367 0 0
1500.0 100.906091 -0.071713 18.008001 0.686141 -0.068285 382.388 0 0
1500.0 90.340587 -5.234302 17.739263 0.522947 -0.139188 382.441 0 0
1500.0 104.507499 -31.381748 17.844990 0.682267 -0.513098 382.525 0 0
1500.0 20.882177 14.024712 17.742347 -0.529853 0.241473 382.560 0 0
1500.0 -9.472543 -1.839638 17.831473 -1.014439 -0.018163 382.542 0 0
1500.0 119.644198 28.016514 17.782460 0.920225 0.389482 382.614 0 0
1500.0 88.089636 56.380855 17.771857 0.509885 0.817634 382.932 0 0
1500.0 116.257924 -3.606890 17.740689 0.846654 -0.079055 383.053 0 0
1500.0 5.440319 16.161322 17.874762 -0.807214 0.271476 383.164 0 0
1500.0 87.727982 -1.125302 18.294192 0.575236 -0.040340 383.122 0 0
1500.0 37.326768 -7.841198 17.844099 -0.363800 -0.142711 383.129 0 0
1500.0 34.005344 59.994301 17.854136 -0.347645 1.015766 383.190 0 0
1500.0 14.928984 -45.070261 17.722866 -0.618565 -0.730704 383.279 0 0
1500.0 81.814954 3.086818 19.756399 0.634266 -0.002520 383.372 0 0
1500.0 65.882319 38.324812 17.821704 0.068467 0.615449 383.358 0 0
1500.0 97.240529 -0.767741 17.785065 0.611235 0.058525 383.329 0 0
1500.0 74.081618 -20.357620 18.896102 0.362644 -0.350472 383.402 0 0
1500.0 -6.422437 -26.871432 17.765893 -0.939009 -0.422000 383.411 0 0
1500.0 76.500870 -10.120782 18.811370 0.368788 -0.204551 383.428 0 0
1500.0 95.658521 -16.104960 18.416838 0.691431 -0.220704 383.505 0 0
1500.0 103.031400 -14.444601 17.729757 0.659898 -0.221795 383.480 0 0
1500.0 168.430608 -8.722915 17.712010 1.595935 -0.094041 383.583 0 0
1500.0 31.303126 13.676362 17.783528 -0.461820 0.166873 383.603 0 0
1500.0 84.569712 11.974852 18.098012 0.502984 0.152767 383.627 0 0
1500.0 58.896820 -35.710016 17.786634 0.071692 -0.595977 383.882 0 0
1500.0 63.645659 9.314169 17.932837 0.156902 0.128906 383.951 0 0
1500.0 78.478037 -1.549846 18.668762 0.479654 -0.023733 383.977 0 0
1500.0 99.848128 -56.410307 17.786233 0.657656 -0.815943 383.997 0 0
1500.0 93.013356 66.869821 17.746614 0.587042 0.969303 383.996 0 0
1500.0 67.292929 59.030615 17.802524 0.181154 0.915982 384.025 0 0
1500.0 32.288472 51.674183 17.811086 -0.442348 0.757828 384.081 0 0
1500.0 84.291614 -19.053105 19.507724 0.653742 -0.407272 384.113 0 0
1500.0 80.368351 -15.807123 18.896140 0.520948 -0.251194 384.175 0 0
1500.0 124.632533 -19.510406 17.788734 1.002828 -0.297731 384.168 0 0
1500.0 124.217691 17.768518 17.784365 1.011957 0.256839 384.187 0 0
1500.0 77.417263 -10.748658 18.226546 0.367934 -0.147730 384.305 0 0
1500.0 88.892813 -33.582121 17.957131 0.473295 -0.555960 384.299 0 0
1500.0 107.700811 23.036167 17.786370 0.756008 0.406413 384.274 0 0
1500.0 41.484790 -24.635191 17.978740 -0.356043 -0.389834 384.365 0 0
1500.0 83.933091 -61.952345 17.768956 0.319578 -0.953442 384.436 0 0
1500.0 123.058450 11.156580 17.746177 0.980240 0.101944 384.517 0 0
1500.0 47.819914 -38.529395 17.810957 -0.214451 -0.603571 384.524 0 0
1500.0 25.170063 -19.672596 17.883972 -0.485214 -0.364274 384.560 0 0
1500.0 172.223677 -40.097113 17.877727 1.880338 -0.583070 384.599 0 0
1500.0 103.118564 30.689220 17.770693 0.675200 0.404302 384.675 0 0
1500.0 103.317842 -24.051099 17.771294 0.676234 -0.332901 384.708 0 0
1500.0 97.287758 -0.997067 18.127609 0.685503 -0.041819 384.746 0 0
1500.0 51.399223 -2.854887 17.881365 -0.128531 -0.106275 384.765 0 0
1500.0 71.944350 -36.362275 17.811100 0.266677 -0.592190 384.827 0 0
1500.0 88.702129 56.857823 17.984427 0.534882 0.908842 384.828 0 0
1500.0 43.381503 6.105091 17.880999 -0.249188 0.028801 384.828 0 0
1500.0 2.935452 -2.063003 17.767101 -0.823088 -0.103354 384.896 0 0
1500.0 82.403276 0.056004 18.801662 0.461851 -0.050806 385.016 0 0
1500.0 125.530327 -18.100771 17.814070 1.035706 -0.279780 385.103 0 0
1500.0 104.468415 36.307686 17.901293 0.687089 0.598608 385.127 0 0
1500.0 29.453208 14.126751 18.064244 -0.455412 0.195357 385.095 0 0
1500.0 152.671240 -21.461587 18.279055 1.684258 -0.419797 384.953 0 0
1500.0 69.082911 -0.086115 18.162652 0.247054 -0.026178 385.164 0 0
1500.0 75.097069 -43.501513 17.810774 0.311849 -0.694549 385.213 0 0
1500.0 88.717844 -10.401108 17.784744 0.537314 -0.155749 385.303 0 0
1500.0 68.986810 -37.837434 18.153423 0.227208 -0.649736 385.301 0 0
1500.0 190.038860 -118.444196 17.835485 2.096849 -1.900110 385.332 0 0
1500.0 76.145866 -32.189392 17.784369 0.347295 -0.483618 385.392 0 0
1500.0 35.522221 -25.298393 17.792333 -0.402787 -0.339961 385.408 0 0
1500.0 85.536697 29.224747 17.789967 0.433593 0.380619 385.441 0 0
1500.0 123.979458 0.581094 17.810205 0.976340 -0.016347 385.438 0 0
1500.0 115.804464 -18.047473 17.742197 0.911690 -0.273635 385.464 0 0
1500.0 66.162083 20.800788 17.848170 0.200402 0.342324 385.547 0 0
1500.0 96.218933 19.063181 17.783247 0.646308 0.286681 385.724 0 0
1500.0 121.542542 22.484867 17.807864 0.952660 0.316439 385.778 0 0
1500.0 44.274266 -66.083402 17.786878 -0.214363 -0.979759 385.815 0 0
1500.0 121.971058 14.709767 17.809929 1.003124 0.288734 385.822 0 0
1500.0 91.784801 -15.118076 18.229302 0.541254 -0.241339 385.890 0 0
1500.0 79.727992 5.084010 17.802443 0.353861 0.058001 385.904 0 0
1500.0 69.445254 13.161368 17.805632 0.217108 0.164912 386.019 0 0
1500.0 117.595414 7.745689 17.825301 0.879488 0.081299 386.191 0 0
1500.0 19.808250 -46.599209 17.773598 -0.528425 -0.703786 386.139 0 0
1500.0 2.232047 -36.058088 17.793394 -0.792825 -0.560951 386.179 0 0
1500.0 83.458968 64.150698 17.746366 0.435347 0.916673 386.148 0 0
1500.0 89.171327 -51.393947 17.795516 0.464590 -0.824502 386.370 0 0
1500.0 74.610594 -29.607545 18.236291 0.345176 -0.508276 386.353 0 0
1500.0 24.165002 -17.755090 17.865637 -0.523552 -0.339058 386.423 0 0
1500.0 49.737092 -57.620839 17.804538 -0.131593 -0.864264 386.606 0 0
1500.0 17.294143 56.471371 17.840245 -0.621623 0.843968 386.581 0 0
1500.0 128.011890 -20.382708 18.498323 1.465467 -0.398322 386.690 0 0
1500.0 113.899824 8.720278 17.954767 0.878343 0.187539 386.771 0 0
1500.0 60.295876 45.181096 17.881679 0.014850 0.744061 386.905 0 0
1500.0 57.824241 49.932205 17.831922 -0.016908 0.822726 386.901 0 0
1500.0 77.801939 11.169811 18.252041 0.425551 0.168321 386.934 0 0
1500.0 42.681865 40.251913 17.956648 -0.267378 0.645174 386.917 0 0
1500.0 79.657910 54.901222 17.999727 0.429085 0.992999 386.957 0 0
1500.0 55.330041 -32.718229 18.135969 -0.013824 -0.556943 387.009 0 0
1500.0 -10.037593 -9.602358 17.808935 -1.035309 -0.106179 387.266 0 0
1500.0 87.011573 53.622256 17.956182 0.482553 0.836330 387.279 0 0
1500.0 51.655878 -60.017933 17.827152 -0.053647 -0.946419 387.309 0 0
1500.0 58.720679 52.479050 17.983269 0.028779 0.845349 387.279 0 0
1500.0 7.157374 13.745569 17.880690 -0.775907 0.272647 387.236 0 0
1500.0 80.952941 -20.753865 18.008256 0.409710 -0.376439 387.237 0 0
1500.0 63.034262 -40.669877 18.190726 0.065210 -0.734694 387.153 0 0
1500.0 109.041396 21.838620 18.442948 0.931008 0.460293 387.228 0 0
1500.0 25.454691 61.047398 17.810440 -0.526101 0.902842 387.431 0 0
1500.0 119.490587 -27.729785 17.820070 0.938305 -0.446138 387.452 0 0
1500.0 46.655726 52.416570 17.954932 -0.206257 0.819206 387.521 0 0
1500.0 21.380206 13.638428 17.904293 -0.577577 0.273061 387.533 0 0
1500.0 123.647621 -8.782557 17.784443 0.946791 -0.178399 387.583 0 0
1500.0 73.192813 57.601732 17.924863 0.248320 0.913674 387.559 0 0
1500.0 101.323859 22.031874 18.018367 0.756307 0.372676 387.605 0 0
1500.0 57.324838 67.201507 18.058825 0.043455 1.151972 387.624 0 0
1500.0 80.384280 35.392210 17.903484 0.314436 0.601065 387.651 0 0
1500.0 105.406821 14.283111 17.821703 0.690720 0.240123 387.768 0 0
1500.0 97.213824 -41.682542 17.792683 0.551922 -0.689623 387.846 0 0
1500.0 147.936685 -26.926807 17.947448 1.457125 -0.512084 387.837 0 0
1500.0 -6.965897 -42.988463 17.843303 -1.057725 -0.699032 387.871 0 0
1500.0 92.888581 -12.094380 18.734438 0.682002 -0.188372 387.900 0 0
1500.0 79.729408 -40.278005 18.004661 0.387535 -0.663335 387.888 0 0
1500.0 61.111938 -25.236939 17.896687 -0.011290 -0.360464 387.932 0 0
1500.0 72.463789 -25.553955 18.133106 0.327434 -0.413317 387.994 0 0
1500.0 96.290352 -16.939870 18.174668 0.685010 -0.233879 388.016 0 0
1500.0 27.827442 63.163739 17.817093 -0.487819 0.924714 388.063 0 0
1500.0 74.423220 45.022453 17.911734 0.288863 0.734614 388.056 0 0
1500.0 5.072407 -43.066335 17.811316 -0.800591 -0.638894 388.066 0 0
1500.0 66.015864 -7.704683 17.920176 0.128320 -0.164811 388.182 0 0
1500.0 105.925601 -15.160529 18.003722 0.774421 -0.288463 388.143 0 0
1500.0 113.067576 24.158467 17.862322 0.851679 0.429647 388.378 0 0
1500.0 74.210780 58.779202 17.933332 0.217160 0.944660 388.302 0 0
1500.0 56.390552 -18.792509 17.825734 -0.099003 -0.317775 388.317 0 0
1500.0 49.861918 -21.931333 17.824324 -0.199761 -0.365731 388.434 0 0
1500.0 17.024821 -11.878751 17.924550 -0.712933 -0.129373 388.469 0 0
1500.0 110.408587 -44.033735 17.830788 0.795991 -0.669701 388.513 0 0
1500.0 68.593292 -66.051487 17.799045 0.137308 -0.992215 388.619 0 0
1500.0 89.621289 50.325488 17.781876 0.505228 0.812943 388.570 0 0
1500.0 75.574911 -15.116275 17.848361 0.210982 -0.263290 388.655 0 0
1500.0 75.404347 72.652076 17.856889 0.247098 1.109018 388.701 0 0
1500.0 75.060866 35.545723 17.823483 0.261976 0.620209 388.652 0 0
1500.0 65.664008 -12.206566 17.851477 0.078747 -0.224146 388.775 0 0
1500.0 69.156661 18.039071 17.868433 0.218616 0.343224 388.772 0 0
1500.0 123.143652 33.868951 17.794616 0.977430 0.522097 388.791 0 0
1500.0 107.232909 24.203962 18.005226 0.826720 0.356971 388.824 0 0
1500.0 48.101693 -59.227424 17.981747 -0.143132 -1.026901 388.900 0 0
1500.0 70.806220 6.258398 18.120019 0.249462 0.169552 388.948 0 0
1500.0 126.511379 -24.110225 17.824300 1.110706 -0.328349 388.968 0 0
1500.0 39.121177 23.729670 18.068112 -0.361045 0.398493 389.123 0 0
1500.0 68.490351 -47.168086 18.110848 0.151110 -0.829792 389.119 0 0
1500.0 107.889068 -0.997018 18.283426 0.859161 -0.001320 389.179 0 0
1500.0 58.165011 2.330767 18.195959 0.064325 0.092497 389.164 0 0
1500.0 50.983300 61.226935 17.931598 -0.108853 0.970306 389.153 0 0
1500.0 22.253858 13.813118 17.949246 -0.603508 0.214805 389.167 0 0
1500.0 45.412985 37.697114 17.949508 -0.251199 0.578494 389.140 0 0
1500.0 38.811772 -53.844417 17.824965 -0.363295 -0.806299 389.220 0 0
1500.0 45.178431 -23.827399 17.870478 -0.160875 -0.430607 389.300 0 0
1500.0 93.981579 -58.386274 17.805703 0.571354 -0.977084 389.272 0 0
1500.0 63.832687 38.265088 18.065927 0.102247 0.703783 389.314 0 0
1500.0 10.570156 34.074147 17.876930 -0.782902 0.532255 389.491 0 0
1500.0 7.460423 -29.667034 17.835130 -0.751846 -0.442103 389.515 0 0
1500.0 93.338213 6.253644 18.089824 0.565125 0.094415 389.558 0 0
1500.0 24.984631 29.197374 17.868064 -0.574185 0.443502 389.542 0 0
1500.0 40.373338 65.870953 17.886211 -0.271958 1.012133 389.635 0 0
1500.0 111.890393 41.461873 17.855465 0.839781 0.616320 389.699 0 0
1500.0 60.634439 67.611734 17.781159 0.052394 1.046570 389.742 0 0
1500.0 124.519489 9.923141 17.847975 1.024631 0.193831 389.734 0 0
1500.0 44.778912 61.107507 17.823049 -0.271315 0.918402 389.730 0 0
1500.0 96.275848 8.134021 18.705086 0.733745 0.121868 389.770 0 0
1500.0 96.081422 -49.751670 17.849887 0.582571 -0.736431 389.861 0 0
1500.0 0.571585 32.032620 17.868651 -0.893937 0.509701 389.888 0 0
1500.0 82.532702 37.894783 17.960763 0.362538 0.705939 389.862 0 0
1500.0 66.615176 -3.251382 18.060690 0.102835 -0.098062 389.944 0 0
1500.0 95.583780 10.765560 18.312893 0.681351 0.203770 390.028 0 0
1500.0 36.043711 -27.992981 17.952419 -0.338474 -0.502347 390.090 0 0
1500.0 3.578195 27.597378 17.836106 -0.868056 0.498169 390.260 0 0
1500.0 85.047110 51.705166 17.899438 0.384892 0.842618 390.414 0 0
1500.0 94.041278 40.407077 18.287993 0.614755 0.728670 390.452 0 0
1500.0 113.841449 -32.931711 17.795077 0.874356 -0.540482 390.477 0 0
1500.0 78.011281 27.812460 17.882098 0.390996 0.451230 390.548 0 0
1500.0 65.975971 8.404365 18.829396 0.219418 0.169213 390.578 0 0
1500.0 28.247925 60.322115 17.822199 -0.511655 0.894767 390.619 0 0
1500.0 61.411038 -43.963629 17.836237 0.035912 -0.664593 390.659 0 0
1500.0 84.518370 0.612035 17.821845 0.406598 -0.068374 390.704 0 0
1500.0 -4.063348 -9.167851 17.820453 -0.925624 -0.089038 390.786 0 0
1500.0 33.722477 -25.606843 17.862155 -0.384192 -0.379527 390.820 0 0
1500.0 48.493754 -27.970463 17.896613 -0.142299 -0.509550 390.812 0 0
1500.0 99.899051 1.687253 18.536768 0.773693 0.045419 390.850 0 0
1500.0 109.888246 3.036787 18.854634 1.004762 0.108933 390.917 0 0
1500.0 61.068952 -26.109520 18.447226 0.056839 -0.547738 390.891 0 0
1500.0 90.528231 -8.654622 17.818549 0.498507 -0.212165 390.943 0 0
1500.0 81.878623 7.158666 18.015270 0.360436 0.157777 390.991 0 0
1500.0 56.186509 46.820689 18.090178 0.029991 0.775890 391.081 0 0
1500.0 80.826256 -41.537990 17.872471 0.364922 -0.612139 391.094 0 0
1500.0 83.221877 55.956103 17.852019 0.420786 0.896670 391.071 0 0
1500.0 21.456505 18.686991 17.868903 -0.553631 0.282896 391.170 0 0
1500.0 104.791492 -11.490773 18.980902 0.931459 -0.157612 391.205 0 0
1500.0 30.569559 -40.494557 17.985859 -0.468044 -0.631753 391.217 0 0
1500.0 67.234825 36.464744 17.848625 0.183350 0.527756 391.267 0 0
1500.0 76.227632 -41.110496 17.875690 0.347147 -0.673286 391.273 0 0
1500.0 70.052364 6.318871 17.992761 0.172755 0.150446 391.317 0 0
1500.0 117.501267 -28.883165 17.964708 0.938973 -0.464203 391.498 0 0
1500.0 122.607932 9.723532 17.851369 1.001562 0.206201 391.495 0 0
1500.0 74.424596 -15.892969 19.042944 0.361545 -0.260661 391.685 0 0
1500.0 74.635364 -30.365729 17.830980 0.233164 -0.479807 391.697 0 0
1500.0 12.803291 26.994511 17.853099 -0.691844 0.376375 391.871 0 0
1500.0 107.496400 42.624828 17.851339 0.774238 0.690460 391.798 0 0
1500.0 104.861585 53.215534 17.971928 0.777416 0.835530 391.960 0 0
1500.0 84.500490 -43.316882 17.807660 0.398705 -0.739648 391.928 0 0
1500.0 45.698772 -9.265393 18.085695 -0.230698 -0.167033 391.831 0 0
1500.0 114.822711 -1.353295 17.938960 1.020265 0.003678 391.991 0 0
1500.0 91.040572 7.813289 18.569226 0.586983 0.154817 392.182 0 0
1500.0 71.742674 -66.699303 17.789143 0.154601 -1.032433 392.247 0 0
1500.0 51.117616 60.988091 17.817441 -0.174937 0.948253 392.335 0 0
1500.0 56.689345 10.576498 18.389453 -0.024762 0.153138 392.305 0 0
1500.0 84.360310 21.864541 18.022297 0.413052 0.350116 392.480 0 0
1500.0 79.268581 -3.272317 17.866988 0.363930 -0.054428 392.441 0 0
1500.0 14.206005 -32.314909 17.996448 -0.686697 -0.544718 392.447 0 0
1500.0 87.216177 34.792127 18.538576 0.602081 0.645792 392.516 0 0
1500.0 22.116696 53.768265 17.911618 -0.560262 0.857379 392.549 0 0
1500.0 40.790530 33.019394 17.942067 -0.283182 0.479295 392.585 0 0
1500.0 88.456155 6.203506 18.304678 0.512094 0.047832 392.708 0 0
1500.0 43.265773 24.406572 17.858944 -0.229417 0.392167 392.719 0 0
1500.0 114.692116 9.223788 17.935765 0.939281 0.153650 392.773 0 0
1500.0 102.212789 40.150031 18.078198 0.704129 0.707760 392.775 0 0
1500.0 36.852023 -61.105395 17.967153 -0.327610 -0.967799 392.811 0 0
1500.0 35.643095 18.535721 17.946985 -0.351907 0.281790 392.824 0 0
1500.0 68.176146 -18.410777 18.105026 0.256230 -0.325003 392.947 0 0
1500.0 91.426936 3.784131 18.744521 0.614408 0.128072 393.027 0 0
1500.0 74.029676 5.007133 18.312623 0.320282 0.031901 393.057 0 0
1500.0 34.285042 60.652556 17.814854 -0.424298 0.933097 393.052 0 0
1500.0 74.432143 24.112828 17.988992 0.246566 0.392939 393.073 0 0
1500.0 40.404128 -53.840294 17.799151 -0.233026 -0.886417 393.059 0 0
1500.0 1.378406 34.969370 17.814638 -0.884678 0.478975 393.162 0 0
1500.0 35.528522 62.480230 17.859933 -0.335795 0.974151 393.124 0 0
1500.0 74.554747 -14.856427 18.503882 0.392909 -0.266914 393.185 0 0
1500.0 85.969950 30.479660 18.404958 0.549183 0.500392 393.283 0 0
1500.0 71.918266 -13.330709 18.144981 0.285452 -0.181538 393.271 0 0
1500.0 -2.335898 3.628984 17.837088 -0.926994 0.056139 393.243 0 0
1500.0 88.972488 -56.712078 17.864466 0.526360 -0.885412 393.240 0 0
1500.0 41.875740 -9.516328 17.908628 -0.248009 -0.187279 393.330 0 0
1500.0 115.024415 44.003733 18.025092 1.044218 0.736305 393.404 0 0
1500.0 78.920161 -21.262726 17.981650 0.316382 -0.354110 393.429 0 0
1500.0 75.333354 23.792418 18.015896 0.309419 0.441235 393.576 0 0
1500.0 76.168890 6.294626 17.990509 0.330805 0.167985 393.586 0 0
1500.0 25.880765 -34.697356 17.856085 -0.513740 -0.497778 393.679 0 0
1500.0 82.187772 -26.485063 17.836332 0.313520 -0.431765 393.657 0 0
1500.0 89.258872 54.600274 17.860479 0.490269 0.841270 393.877 0 0
1500.0 77.376421 -34.521281 18.047636 0.323313 -0.529808 393.958 0 0
1500.0 95.003067 -2.696886 18.600034 0.718753 -0.053347 393.988 0 0
1500.0 71.847695 -42.076212 17.875726 0.293901 -0.682602 393.975 0 0
1500.0 97.781970 -3.186971 17.835667 0.644498 -0.121303 394.017 0 0
1500.0 40.998495 -48.438854 17.835151 -0.315942 -0.741877 394.168 0 0
1500.0 100.276494 47.120415 17.962610 0.663497 0.772267 394.030 0 0
1500.0 24.970193 -7.508807 17.817176 -0.569540 -0.070572 394.074 0 0
1500.0 90.218099 -8.241211 18.052154 0.496859 -0.170542 394.212 0 0
1500.0 20.697936 14.676016 17.899106 -0.543403 0.263917 394.348 0 0
1500.0 32.485442 -30.271003 17.908187 -0.461769 -0.462183 394.256 0 0
1500.0 56.910545 -14.709243 18.565200 0.004098 -0.255797 394.334 0 0
1500.0 78.934306 27.540745 17.990233 0.363407 0.414528 394.529 0 0
1500.0 63.864765 -2.030293 18.003276 0.037966 -0.055871 394.511 0 0
1500.0 183.763532 -22.416351 17.795535 1.881558 -0.366621 394.621 0 0
1500.0 73.385192 -14.483261 18.171023 0.351175 -0.249536 394.572 0 0
1500.0 46.511912 -49.497557 17.827797 -0.148435 -0.829892 394.726 0 0
1500.0 64.750496 27.625170 17.994179 0.167885 0.414351 394.764 0 0
1500.0 125.260437 -1.178659 17.838310 1.046645 0.038578 394.773 0 0
1500.0 91.163488 14.757553 18.394210 0.645665 0.210325 395.012 0 0
1500.0 14.158195 26.008000 17.900436 -0.736696 0.402079 394.953 0 0
1500.0 58.292188 -36.896464 17.856062 -0.016767 -0.645288 395.032 0 0
1500.0 76.811545 4.958428 18.074830 0.342065 0.098140 395.099 0 0
1500.0 79.656894 -41.668456 18.325807 0.402646 -0.755411 395.121 0 0
1500.0 73.144783 -0.291974 17.972288 0.294932 0.059516 395.133 0 0
1500.0 61.331754 -40.039176 17.854278 0.030239 -0.692425 395.175 0 0
1500.0 48.495957 -34.002219 17.942752 -0.214871 -0.557626 395.173 0 0
1500.0 25.899286 -40.388007 17.809249 -0.544160 -0.561845 395.416 0 0
1500.0 92.069383 32.705925 18.176931 0.573158 0.565289 395.413 0 0
1500.0 101.937305 15.346934 18.177843 0.722518 0.304769 395.319 0 0
1500.0 74.975845 8.471723 18.600651 0.349344 0.203706 395.302 0 0
1500.0 63.300443 -9.371067 18.284896 0.174716 -0.211138 395.456 0 0
1500.0 56.909857 13.960730 18.073967 -0.022393 0.249153 395.631 0 0
1500.0 74.098060 15.719529 18.098790 0.358808 0.241188 395.655 0 0
1500.0 34.020071 -8.020352 18.513809 -0.394895 -0.174073 395.624 0 0
1500.0 53.950618 -13.188464 17.994165 -0.029992 -0.248380 395.711 0 0
1500.0 57.665689 35.379554 17.964506 0.054883 0.605952 395.730 0 0
1500.0 59.617451 -6.134642 18.010064 0.093578 -0.126421 395.758 0 0
1500.0 66.261987 8.639688 17.931363 0.171694 0.073242 395.804 0 0
1500.0 101.511940 29.552063 18.173561 0.710960 0.514877 395.801 0 0
1500.0 34.742423 -15.810327 17.821664 -0.363976 -0.279457 395.824 0 0
1500.0 82.906269 31.957671 17.874587 0.383294 0.570354 395.890 0 0
1500.0 92.035552 -13.108478 17.867110 0.607302 -0.195401 395.903 0 0
1500.0 86.981182 3.457855 17.913237 0.541691 0.068850 395.878 0 0
1500.0 -14.656057 -42.867503 18.004232 -1.198325 -0.698728 395.951 0 0
1500.0 108.337310 37.857799 17.830451 0.765278 0.610121 396.163 0 0
1500.0 7.272022 22.655668 17.826784 -0.790593 0.349663 396.178 0 0
1500.0 7.145731 -25.099824 17.844257 -0.794684 -0.454501 396.183 0 0
1500.0 84.313290 31.222275 18.054878 0.505171 0.493416 396.331 0 0
1500.0 57.074335 26.323647 18.292335 0.049507 0.475824 396.368 0 0
1500.0 104.981668 -4.606390 17.860449 0.800615 -0.063212 396.477 0 0
1500.0 44.620798 1.283587 18.107001 -0.311875 0.050012 396.495 0 0
1500.0 55.700409 16.295924 17.897777 -0.056536 0.327406 396.542 0 0
1500.0 72.789231 34.939632 17.842140 0.246683 0.616461 396.645 0 0
1500.0 111.548373 1.732913 18.163432 0.917801 0.013331 396.681 0 0
1500.0 77.074319 -39.331692 17.953953 0.293400 -0.599676 396.814 0 0
1500.0 67.995036 53.243456 17.865180 0.150937 0.886355 396.812 0 0
1500.0 55.419887 53.788672 17.953615 0.020080 0.872323 396.919 0 0
1500.0 95.369358 13.529324 18.285729 0.626491 0.279299 396.874 0 0
1500.0 45.257066 43.444613 18.038902 -0.165754 0.737965 396.841 0 0
1500.0 62.851752 -79.301930 17.968374 0.136678 -1.342733 396.865 0 0
1500.0 69.702935 -5.214979 18.097764 0.206061 -0.137369 397.099 0 0
1500.0 92.862617 -55.967718 17.816908 0.542623 -0.896904 397.066 0 0
1500.0 111.069559 -3.993617 17.921446 0.874083 -0.105904 397.038 0 0
1500.0 89.684406 13.815124 18.037976 0.505421 0.288676 397.111 0 0
1500.0 47.013263 -186.757220 17.844279 -0.142225 -3.011404 396.982 0 0
1500.0 55.937930 33.963535 18.037454 -0.013044 0.597871 397.150 0 0
1500.0 198.125809 2.293681 17.872467 2.217699 0.026521 397.213 0 0
1500.0 13.773693 41.387687 17.861011 -0.660535 0.721830 397.202 0 0
1500.0 149.589118 4.816066 17.890115 1.445931 0.051014 397.564 0 0
1500.0 164.233041 39.206398 17.807864 1.627143 0.571795 397.589 0 0
1500.0 104.444815 36.509350 17.948980 0.740150 0.560204 397.825 0 0
1500.0 107.600202 -11.711793 17.937268 0.814945 -0.116701 397.842 0 0
1500.0 90.343969 -1.076660 18.189557 0.552323 -0.032597 398.017 0 0
1500.0 45.207929 -7.257760 17.847689 -0.243762 -0.075099 397.864 0 0
1500.0 40.501491 -21.436033 18.027797 -0.322085 -0.321131 397.920 0 0
1500.0 48.658789 -21.530145 18.420232 -0.110462 -0.384702 398.297 0 0
1500.0 98.416576 -39.077001 17.838934 0.656180 -0.658018 398.299 0 0
1500.0 105.132673 -38.616220 17.915933 0.769565 -0.616930 398.316 0 0
1500.0 69.197113 30.233820 18.416883 0.188576 0.541608 398.316 0 0
1500.0 92.310115 56.126628 17.857447 0.508956 0.908640 398.374 0 0
1500.0 66.259298 -56.417242 17.838585 0.167344 -0.920876 398.347 0 0
1500.0 70.223140 17.646404 18.108176 0.271603 0.331297 398.415 0 0
1500.0 74.156734 -32.985953 18.661344 0.307093 -0.620964 398.339 0 0
1500.0 114.759899 36.655541 17.857289 0.841493 0.618216 398.474 0 0
1500.0 98.191455 -41.868427 17.837594 0.650856 -0.698399 398.491 0 0
1500.0 59.383283 26.453942 18.106941 0.104782 0.466121 398.500 0 0
1500.0 80.401513 -54.442579 17.850300 0.417747 -0.837697 398.574 0 0
1500.0 76.645975 52.090675 17.973272 0.313835 0.811835 398.610 0 0
1500.0 66.366079 87.936958 17.949940 0.204962 1.451152 398.614 0 0
1500.0 76.412239 -41.880443 18.167949 0.293115 -0.769736 398.754 0 0
1500.0 63.559787 -31.871874 17.999181 0.129564 -0.564381 398.787 0 0
1500.0 111.670619 -17.688391 18.397719 0.955365 -0.341984 398.821 0 0
1500.0 43.225366 35.105784 18.287292 -0.283681 0.576942 398.810 0 0
1500.0 59.968116 17.168352 17.884549 0.049115 0.337001 398.866 0 0
1500.0 88.234981 -1.143670 18.037772 0.594581 -0.059204 398.840 0 0
1500.0 97.514460 -2.681764 18.332656 0.729196 -0.056595 398.965 0 0
1500.0 64.258256 61.308363 17.928741 0.151126 0.980177 398.983 0 0
1500.0 23.236598 5.565728 18.075671 -0.603128 0.184711 399.112 0 0
1500.0 115.737791 -9.835074 17.826091 0.853539 -0.207502 399.251 0 0
1500.0 79.161333 23.372856 18.418701 0.409905 0.361204 399.531 0 0
1500.0 -31.769787 9.575834 17.879129 -1.437910 0.120588 399.531 0 0
1500.0 75.397895 -17.781998 18.964924 0.378096 -0.293092 399.580 0 0
1500.0 123.284752 3.195958 17.926432 1.027017 0.107863 399.578 0 0
1500.0 54.594937 -5.223081 18.201855 -0.046473 -0.125225 399.668 0 0
1500.0 78.219375 21.870352 17.880696 0.301754 0.375263 399.723 0 0
1500.0 41.070585 -63.186494 17.853761 -0.315109 -0.979072 399.728 0 0
1500.0 111.417206 33.382077 17.854483 0.880230 0.491847 399.645 0 0
1500.0 76.723796 2.317983 17.998651 0.363048 0.092926 399.662 0 0
1500.0 26.321524 -59.697097 17.832620 -0.430118 -0.950674 399.733 0 0
1500.0 83.165914 -33.212036 17.809523 0.440383 -0.568086 399.834 0 0
1500.0 108.766372 27.669251 18.006250 0.890355 0.408300 400.087 0 0
1500.0 18.437818 -17.174871 17.812152 -0.651798 -0.333569 400.153 0 0
1500.0 76.266429 63.682515 17.925525 0.324943 0.996650 400.263 0 0
1500.0 97.109164 -12.086780 17.989543 0.672000 -0.128958 400.329 0 0
1500.0 42.743672 -16.287684 18.412537 -0.224906 -0.268953 400.354 0 0
1500.0 61.399917 27.465271 17.856446 -0.000614 0.435007 400.538 0 0
1500.0 123.518982 -6.691287 17.844111 1.041672 -0.109812 400.499 0 0
1500.0 -111.195708 -178.831953 17.826008 -2.610193 -2.835357 400.779 0 0
1500.0 59.531756 13.344806 17.860163 -0.026707 0.236135 400.807 0 0
1500.0 121.113441 12.811142 17.857090 1.008785 0.230154 400.886 0 0
1500.0 29.683088 58.017311 17.826737 -0.394761 0.913475 400.912 0 0
1500.0 -7.675839 -10.474999 17.852955 -1.025312 -0.188152 400.912 0 0
1500.0 58.401296 66.600486 17.806497 0.060636 1.018909 401.132 0 0
1500.0 12.830423 -7.526653 17.978645 -0.747844 -0.114617 401.152 0 0
1500.0 61.551599 -6.918259 17.838548 0.053075 -0.187003 401.046 0 0
1500.0 107.237737 -110.845534 18.255128 0.854819 -2.032125 400.931 0 0
1500.0 82.372185 59.352110 17.928058 0.407883 0.917449 401.410 0 0
1500.0 85.142182 -17.775289 18.788470 0.568482 -0.319661 401.253 0 0
1500.0 88.862601 58.476820 17.856399 0.524745 0.905511 401.293 0 0
1500.0 118.102764 4.390135 17.897783 0.986705 0.077906 401.253 0 0
1500.0 58.306207 9.494871 18.079244 -0.036498 0.174240 401.441 0 0
1500.0 74.575702 14.707599 18.238974 0.290791 0.268819 401.645 0 0
1500.0 81.379205 58.895296 17.874473 0.318413 0.917962 401.715 0 0
1500.0 97.727762 51.591053 17.796739 0.646233 0.767412 401.778 0 0
1500.0 136.200297 33.409598 18.043703 1.392516 0.546833 401.788 0 0
1500.0 26.342519 59.496407 17.849111 -0.436313 0.940751 401.842 0 0
1500.0 122.980043 -12.267996 17.877013 1.023694 -0.224103 401.991 0 0
1500.0 101.425898 -5.110495 17.882162 0.706052 -0.010408 402.035 0 0
1500.0 144.391283 -66.830327 17.888215 1.455005 -1.161173 401.967 0 0
1500.0 81.171673 -5.763086 18.181339 0.428262 -0.091021 402.280 0 0
1500.0 83.868718 27.693402 17.878202 0.362799 0.459721 402.202 0 0
1500.0 48.924908 64.216783 17.825746 -0.140166 1.009840 402.334 0 0
1500.0 67.947824 -59.644515 17.959864 0.129821 -0.960975 402.182 0 0
1500.0 69.427462 -17.652288 17.867106 0.258787 -0.272087 402.239 0 0
1500.0 40.615401 -64.491505 17.851007 -0.305364 -0.997918 402.372 0 0
1500.0 102.778331 34.919795 17.934148 0.693194 0.556016 402.399 0 0
1500.0 77.603449 58.442571 17.849452 0.282081 0.915481 402.431 0 0
1500.0 43.715058 23.055791 18.024309 -0.272203 0.340368 402.581 0 0
1500.0 66.094350 25.885487 18.149228 0.139707 0.420880 402.781 0 0
1500.0 65.227635 58.734357 17.851361 0.103054 0.915902 402.718 0 0
1500.0 75.623367 -34.735651 17.859579 0.352598 -0.534402 402.774 0 0
1500.0 58.795523 0.707923 18.004499 0.078277 0.058971 402.890 0 0
1500.0 25.825038 5.344867 17.982565 -0.540323 0.037041 402.965 0 0
1500.0 96.609498 2.246789 17.858203 0.676467 0.038281 402.884 0 0
1500.0 65.561629 -0.176481 18.285882 0.187117 -0.063268 403.200 0 0
1500.0 91.334833 -52.126058 17.891225 0.570403 -0.792435 403.172 0 0
1500.0 76.941836 36.618984 18.298932 0.333651 0.629077 403.004 0 0
1500.0 83.333871 14.728405 18.246480 0.520639 0.199423 403.055 0 0
1500.0 120.850974 38.727925 18.025917 1.119793 0.614613 403.025 0 0
1500.0 63.659894 35.504352 18.038284 0.095816 0.564359 403.748 0 0
1500.0 104.150977 -9.424914 18.370738 0.788963 -0.208348 403.575 0 0
1500.0 95.813414 -34.605084 17.851191 0.657650 -0.526273 403.524 0 0
1500.0 78.845222 36.723251 17.862612 0.262404 0.615489 403.525 0 0
1500.0 56.388058 -91.053821 17.876335 -0.109649 -1.473400 403.653 0 0
1500.0 54.926685 -11.231347 17.861969 -0.007273 -0.217519 403.840 0 0
1500.0 85.860825 -7.177075 17.950655 0.442089 -0.043470 403.954 0 0
1500.0 6.262765 -29.110299 17.857825 -0.791965 -0.467369 403.931 0 0
1500.0 36.186228 -138.117422 17.816827 -0.347693 -2.106742 403.950 0 0
1500.0 1.192442 -1.294931 18.006702 -0.907268 -0.034993 404.142 0 0
1500.0 72.053616 18.647115 18.203089 0.319252 0.336728 404.118 0 0
1500.0 -25.086673 21.478234 17.803094 -1.343361 0.370962 403.887 0 0
1500.0 94.944046 -61.820412 18.058837 0.679001 -1.048153 404.022 0 0
1500.0 98.506684 -42.339729 17.930389 0.711127 -0.647465 404.185 0 0
1500.0 81.127555 43.441109 18.306738 0.367652 0.887620 404.168 0 0
1500.0 37.363519 43.420010 17.891538 -0.359265 0.722239 404.298 0 0
1500.0 84.510414 51.485999 17.844918 0.482291 0.803346 404.335 0 0
1500.0 47.753105 18.599346 17.911163 -0.116982 0.355387 404.374 0 0
1500.0 50.993070 -7.578443 18.450246 -0.053529 -0.162347 404.402 0 0
1500.0 31.140387 11.817450 17.869605 -0.377224 0.235605 404.493 0 0
1500.0 92.907645 -46.918278 17.894664 0.581736 -0.701318 404.554 0 0
1500.0 82.454495 23.028458 19.058125 0.503866 0.404637 404.552 0 0
1500.0 104.545296 43.042220 18.024430 0.781931 0.668528 404.502 0 0
1500.0 108.423075 42.807399 17.884434 0.775944 0.703332 404.590 0 0
1500.0 60.273017 -2.238203 18.295547 0.039265 0.017486 404.541 0 0
1500.0 73.920690 20.562928 18.586972 0.310990 0.345010 404.700 0 0
1500.0 39.853823 28.256229 17.851634 -0.323058 0.394682 404.709 0 0
1500.0 56.070893 -8.265325 18.073215 -0.076985 -0.126694 404.784 0 0
1500.0 22.495505 10.378676 18.024728 -0.542138 0.153618 404.841 0 0
1500.0 110.024086 -13.573362 17.897598 0.823299 -0.217777 405.046 0 0
1500.0 44.099682 -42.086821 17.886713 -0.217257 -0.723031 405.136 0 0
1500.0 77.752846 30.910037 17.995611 0.291776 0.501870 405.329 0 0
1500.0 47.661237 58.169083 17.872563 -0.110597 0.910811 405.382 0 0
1500.0 54.571943 -30.653197 18.008767 -0.142048 -0.547675 405.423 0 0
1500.0 73.871375 6.997307 17.946999 0.236596 0.166817 405.444 0 0
1500.0 22.775523 5.431851 17.873227 -0.542702 0.028164 405.480 0 0
1500.0 107.242472 -5.999998 17.900578 0.778967 -0.108464 405.440 0 0
1500.0 92.475095 -7.537910 18.668770 0.691088 -0.125143 405.460 0 0
1500.0 84.922813 48.872691 17.891921 0.373402 0.830334 405.524 0 0
1500.0 119.926917 31.583472 17.836015 1.026516 0.444188 405.707 0 0
1500.0 65.844409 19.962021 18.641821 0.229830 0.371936 405.890 0 0
1500.0 62.186988 38.245984 17.936548 0.114433 0.656446 406.011 0 0
1500.0 30.292772 2.419683 17.955101 -0.491717 0.037745 405.998 0 0
1500.0 29.528931 83.182352 18.519727 -0.488707 1.687805 406.121 0 0
1500.0 104.521621 12.537165 17.976001 0.775673 0.131146 406.137 0 0
1500.0 64.271978 60.865854 17.889761 0.119878 0.944354 406.450 0 0
1500.0 78.823274 57.835023 17.889330 0.329589 0.901646 406.380 0 0
1500.0 76.105186 62.092614 17.827860 0.311526 0.959088 406.484 0 0
1500.0 95.976314 56.008691 17.840771 0.632741 0.825226 406.353 0 0
1500.0 95.990377 -31.035163 17.973828 0.643378 -0.532011 406.352 0 0
1500.0 107.328000 5.844035 17.880021 0.744041 0.146820 406.629 0 0
1500.0 75.442233 65.548024 17.964067 0.273620 1.042365 406.755 0 0
1500.0 93.865807 50.379744 18.004310 0.581490 0.820849 406.708 0 0
1500.0 79.791717 46.809885 17.927976 0.380825 0.778715 406.812 0 0
1500.0 -88.746836 -82.417772 17.826821 -2.317230 -1.313201 406.682 0 0
1500.0 130.228360 -5.316636 17.985642 1.244647 -0.128829 406.772 0 0
1500.0 51.999167 -62.379794 17.873952 -0.093420 -1.008762 406.824 0 0
1500.0 106.360866 41.698514 18.583936 0.999140 0.828767 406.836 0 0
1500.0 78.238870 22.608623 18.379229 0.381110 0.365429 406.865 0 0
1500.0 48.091162 44.458418 17.882264 -0.102104 0.696067 406.888 0 0
1500.0 16.240411 -24.907114 17.895720 -0.701853 -0.349564 406.917 0 0
1500.0 69.390542 -64.687769 18.376619 0.268835 -1.161800 406.912 0 0
1500.0 42.795184 18.490403 18.452288 -0.368034 0.391481 406.982 0 0
1500.0 35.298558 46.952852 17.942951 -0.407845 0.716256 407.004 0 0
1500.0 114.187024 28.047720 17.888520 0.915618 0.450930 407.053 0 0
1500.0 90.208546 -30.072064 18.189231 0.536393 -0.554932 407.075 0 0
1500.0 77.940961 21.641055 17.969067 0.362883 0.299593 407.170 0 0
1500.0 58.338980 -2.122521 17.821784 0.051727 0.018132 407.264 0 0
1500.0 97.552256 -33.506871 18.316788 0.691925 -0.559914 407.330 0 0
1500.0 20.430803 44.742001 18.010405 -0.609514 0.704449 407.441 0 0
1500.0 8.148475 22.888796 17.939885 -0.817683 0.347527 407.339 0 0
1500.0 75.817289 -26.798886 17.864967 0.215706 -0.461215 407.269 0 0
1500.0 90.821903 21.746678 18.018598 0.489781 0.373274 407.493 0 0
1500.0 57.249480 90.883911 17.856430 -0.017040 1.410778 407.587 0 0
1500.0 49.035274 54.193719 17.966837 -0.213118 0.881878 407.570 0 0
1500.0 71.566470 15.655943 18.714135 0.254674 0.268559 408.135 0 0
1500.0 86.521556 39.459655 17.960921 0.418247 0.627401 407.963 0 0
1500.0 119.738280 -18.909632 17.963384 0.978595 -0.338593 408.098 0 0
1500.0 40.780203 -4.283118 18.177885 -0.257135 -0.132888 407.942 0 0
1500.0 42.036118 45.865559 17.890669 -0.302003 0.743393 408.131 0 0
1500.0 78.439282 -25.399459 17.975627 0.407066 -0.413482 408.099 0 0
1500.0 63.234379 -5.226772 18.042468 0.030975 -0.066824 407.918 0 0
1500.0 39.310157 -1.214342 18.039428 -0.339240 -0.004550 408.111 0 0
1500.0 121.379306 -68.237371 18.408908 1.202145 -1.319463 407.672 0 0
1500.0 77.222543 -12.142712 18.035216 0.346255 -0.128707 408.493 0 0
1500.0 97.974042 47.003132 17.881921 0.640900 0.720907 408.583 0 0
1500.0 71.834430 -14.027009 18.027937 0.312450 -0.239133 408.542 0 0
1500.0 114.270273 -46.834656 18.033861 1.003361 -0.814789 408.310 0 0
1500.0 73.027457 7.676255 17.912647 0.238196 0.173417 408.686 0 0
1500.0 98.470797 26.165136 17.855405 0.647130 0.374452 408.692 0 0
1500.0 64.583981 -28.909127 17.895004 0.124340 -0.464512 408.715 0 0
1500.0 99.451224 -20.644099 17.856516 0.660058 -0.289194 408.797 0 0
1500.0 107.129454 -43.415349 17.962644 0.784540 -0.695266 408.720 0 0
1500.0 96.976078 -25.803060 17.967131 0.685359 -0.415127 408.815 0 0
1500.0 53.394309 17.866705 17.973866 -0.048502 0.317883 409.034 0 0
1500.0 95.381910 -0.534183 17.994915 0.657383 -0.052513 409.073 0 0
1500.0 69.557267 22.711315 18.953856 0.287998 0.550837 409.057 0 0
1500.0 -72.979360 -38.529585 17.832839 -2.095055 -0.630592 409.321 0 0
1500.0 133.858833 -6.058521 17.946266 1.297909 -0.049367 409.099 0 0
1500.0 98.866631 -51.775380 17.830079 0.651759 -0.818000 409.410 0 0
1500.0 122.806322 -10.076504 18.776779 1.298749 -0.182037 409.388 0 0
1500.0 121.325047 -25.931033 18.910235 1.338015 -0.497737 409.420 0 0
1500.0 60.297958 60.671290 17.819372 0.087322 0.916778 409.697 0 0
1500.0 65.155980 -66.224214 17.830536 0.154437 -1.026540 409.697 0 0
1500.0 30.221261 -41.980061 17.820808 -0.438666 -0.719704 409.727 0 0
1500.0 24.582964 17.699134 17.863758 -0.565956 0.331227 409.603 0 0
1500.0 69.163923 53.300109 17.896540 0.202079 0.903720 409.657 0 0
1500.0 42.509759 -12.679661 18.171333 -0.286904 -0.144043 409.586 0 0
1500.0 69.875527 -17.079682 17.867854 0.244925 -0.233002 409.731 0 0
1500.0 119.075849 -17.083727 18.029251 1.004479 -0.266384 409.771 0 0
1500.0 66.744857 -8.569277 17.863124 0.083183 -0.189799 409.848 0 0
1500.0 95.117009 -49.815233 17.957141 0.643862 -0.765747 410.153 0 0
1500.0 41.587021 -2.405133 18.049591 -0.295612 -0.072317 409.891 0 0
1500.0 98.494211 42.463860 17.923661 0.605897 0.734182 409.898 0 0
1500.0 69.189153 14.680765 18.474381 0.215502 0.265556 410.531 0 0
1500.0 77.840167 -21.501171 18.734509 0.440667 -0.385440 410.628 0 0
1500.0 102.810104 -25.569387 18.111805 0.714306 -0.468292 410.523 0 0
1500.0 75.891526 3.972826 17.848752 0.349124 0.020434 410.595 0 0
1500.0 48.685822 -12.374023 17.867692 -0.220089 -0.153906 410.496 0 0
1500.0 99.252070 3.172588 17.928115 0.706848 0.095734 410.943 0 0
1500.0 10.698568 41.186044 17.886703 -0.739994 0.624362 411.045 0 0
1500.0 47.960290 -61.569712 17.811931 -0.163341 -1.000020 411.038 0 0
1500.0 127.544249 38.850320 17.828086 1.118679 0.557381 411.081 0 0
1500.0 96.713497 -47.854898 17.887285 0.552366 -0.801776 411.019 0 0
1500.0 101.408990 -8.734170 18.330976 0.810950 -0.234988 411.075 0 0
1500.0 109.340247 20.527206 18.144539 0.882527 0.311513 411.374 0 0
1500.0 -8.171980 6.580202 17.842773 -1.024097 0.054613 411.482 0 0
1500.0 7.092377 35.853665 17.847429 -0.812329 0.594378 411.532 0 0
1500.0 108.181553 33.265633 17.838828 0.834409 0.511184 411.537 0 0
1500.0 109.574098 -7.394949 17.921680 0.857385 -0.066057 411.558 0 0
1500.0 61.979404 1.219608 18.202536 0.067531 0.083410 411.516 0 0
1500.0 113.459513 16.914599 18.142535 0.939612 0.256401 411.687 0 0
1500.0 69.332453 52.508105 17.920742 0.244299 0.844634 411.663 0 0
1500.0 107.083009 19.673029 17.920337 0.817558 0.345261 411.710 0 0
1500.0 132.974482 36.597520 17.886270 1.253352 0.600057 411.619 0 0
1500.0 31.061615 -11.814192 18.255814 -0.438309 -0.273780 411.876 0 0
1500.0 24.198629 22.965864 17.926690 -0.558716 0.326454 412.041 0 0
1500.0 -7.921198 -10.460881 17.845782 -1.030436 -0.100712 412.013 0 0
1500.0 57.146125 74.394286 18.121162 0.025955 1.261807 412.014 0 0
1500.0 73.840600 -13.049616 18.470204 0.352296 -0.205671 412.262 0 0
1500.0 68.374648 -34.673667 17.983927 0.205360 -0.540050 412.111 0 0
1500.0 28.298414 -56.294332 17.992059 -0.488287 -0.890995 412.332 0 0
1500.0 46.516049 12.783893 18.405878 -0.165043 0.230348 412.161 0 0
1500.0 58.216352 -44.579696 17.840835 0.075855 -0.715379 412.271 0 0
1500.0 53.980238 -36.641377 17.910417 -0.107598 -0.622308 412.292 0 0
1500.0 80.125712 -41.258928 17.913588 0.294236 -0.723608 412.461 0 0
1500.0 43.240288 30.260627 17.862340 -0.265532 0.461727 412.598 0 0
1500.0 59.604762 65.605576 17.811349 0.046650 1.045203 412.692 0 0
1500.0 88.995162 -34.797566 18.222556 0.532925 -0.596695 412.658 0 0
1500.0 72.603082 -8.845220 18.176941 0.291917 -0.208805 412.711 0 0
1500.0 62.864910 -1.746266 18.179646 0.142909 -0.100170 412.536 0 0
1500.0 67.348606 33.540021 17.891825 0.220288 0.554600 412.519 0 0
1500.0 103.919019 -67.460548 18.112892 0.845334 -1.136967 412.480 0 0
1500.0 110.950883 -42.960175 17.845076 0.821516 -0.728099 412.784 0 0
1500.0 32.343940 -31.089050 17.927067 -0.433038 -0.466566 412.872 0 0
1500.0 95.296962 56.264070 17.834866 0.626414 0.840538 412.954 0 0
1500.0 101.872559 -17.522829 17.884610 0.747986 -0.234012 413.120 0 0
1500.0 69.725514 1.622891 18.844672 0.341718 0.032187 413.275 0 0
1500.0 63.874865 13.877569 18.561533 0.165968 0.254471 413.217 0 0
1500.0 53.900503 66.727353 17.845632 -0.106440 1.032455 413.192 0 0
1500.0 122.531824 -8.133105 18.183343 1.187874 -0.080929 413.222 0 0
1500.0 70.166390 66.273878 17.845966 0.131720 1.023737 413.330 0 0
1500.0 49.579837 -5.647953 18.108028 -0.171563 -0.077447 413.314 0 0
1500.0 69.601818 25.396940 17.904320 0.254493 0.434475 413.298 0 0
1500.0 111.601945 36.247970 17.912000 0.864415 0.582358 413.369 0 0
1500.0 105.783733 3.223271 18.123186 0.834057 0.038427 413.422 0 0
1500.0 64.194979 -0.916312 17.917077 0.145479 0.052853 413.519 0 0
1500.0 107.311985 30.536139 18.189967 0.931440 0.638124 413.479 0 0
1500.0 116.756912 -0.316259 17.829420 0.961102 -0.031221 413.536 0 0
1500.0 69.773152 -44.502885 17.956363 0.173297 -0.753428 413.628 0 0
1500.0 64.528348 -28.904362 17.881425 0.052205 -0.505243 413.606 0 0
1500.0 103.953256 12.365988 18.424142 0.831984 0.316631 413.576 0 0
1500.0 77.296634 31.523643 18.118327 0.283413 0.540337 413.640 0 0
1500.0 82.609382 28.582380 17.899186 0.453774 0.481078 413.681 0 0
1500.0 78.418459 5.954253 17.913290 0.366320 0.159595 413.761 0 0
1500.0 100.140968 -33.891946 18.653754 0.867915 -0.708509 413.899 0 0
1500.0 31.724785 -78.187170 17.792714 -0.458028 -1.177242 413.979 0 0
1500.0 86.464044 -11.278263 18.443298 0.504796 -0.244434 413.915 0 0
1500.0 120.855545 -14.889955 17.837044 0.988849 -0.208307 414.013 0 0
1500.0 90.587309 68.861680 17.952565 0.605552 1.134386 414.000 0 0
1500.0 90.137968 -18.904037 18.401621 0.579308 -0.280526 414.871 0 0
1500.0 77.559435 1.078514 18.346589 0.410825 -0.043653 414.418 0 0
1500.0 16.759754 1.103050 18.096586 -0.670042 0.026485 414.125 0 0
1500.0 104.301456 9.117652 17.893401 0.782501 0.179222 414.187 0 0
1500.0 72.868050 -48.860637 18.016727 0.291907 -0.803190 414.911 0 0
1500.0 102.211935 -9.233589 18.020610 0.740779 -0.204082 414.524 0 0
1500.0 77.479477 -22.527546 18.059163 0.331395 -0.423047 414.396 0 0
1500.0 73.067102 37.130485 17.904186 0.280100 0.638188 414.432 0 0
1500.0 41.443804 -104.836761 17.822505 -0.191771 -1.658259 414.471 0 0
1500.0 66.738427 -21.481240 17.880093 0.170821 -0.405785 414.257 0 0
1500.0 95.921092 -54.199875 17.824333 0.662837 -0.822532 414.882 0 0
1500.0 77.845859 98.182328 17.928707 0.384595 1.605499 414.247 0 0
1500.0 105.523554 -13.252167 17.997360 0.895886 -0.211912 414.152 0 0
1500.0 81.904702 55.665513 18.634622 0.514585 1.030180 414.668 0 0
1500.0 114.700755 -35.523480 18.558477 1.170601 -0.714829 414.446 0 0
1500.0 74.320944 -24.893121 17.978615 0.310690 -0.372907 415.107 0 0
1500.0 95.079358 -44.513403 17.880308 0.580750 -0.748059 415.018 0 0
1500.0 80.027827 36.129118 17.831277 0.388199 0.617504 415.014 0 0
1500.0 83.080322 21.258120 17.926927 0.364853 0.416298 414.968 0 0
1500.0 62.702722 -66.119315 17.859030 0.017142 -1.033462 415.204 0 0
1500.0 73.207055 1.324861 17.869845 0.258695 -0.055331 415.195 0 0
1500.0 104.459298 -37.343014 17.887986 0.720401 -0.591384 415.210 0 0
1500.0 74.147834 -31.198640 18.194553 0.289019 -0.550131 415.311 0 0
1500.0 76.425816 -51.728208 18.025205 0.289161 -0.853964 415.381 0 0
1500.0 15.200424 -37.167243 17.880994 -0.655887 -0.639119 415.404 0 0
1500.0 85.646903 8.872744 18.188931 0.537841 0.166018 415.552 0 0
1500.0 55.329277 -5.595933 18.179650 -0.030074 -0.136742 415.708 0 0
1500.0 84.113925 57.106517 17.925730 0.398075 0.894463 415.712 0 0
1500.0 118.112189 2.530731 17.939678 0.981403 0.076142 415.702 0 0
1500.0 25.260333 -17.500344 17.861790 -0.487318 -0.346894 415.747 0 0
1500.0 79.831868 -27.002816 17.813110 0.286858 -0.481406 415.736 0 0
1500.0 46.694199 -13.548250 18.399191 -0.164598 -0.239523 415.766 0 0
1500.0 100.219247 -21.521498 18.077108 0.691678 -0.310682 415.829 0 0
1500.0 120.599804 11.285914 17.838300 0.975238 0.150914 415.998 0 0
1500.0 76.645284 -59.400229 17.938959 0.262018 -0.957598 415.848 0 0
1500.0 107.526578 -0.190842 18.010211 0.826132 0.053905 415.983 0 0
1500.0 90.438588 30.919485 17.923705 0.578479 0.505638 416.006 0 0
1500.0 185.131965 168.317227 17.833677 2.074146 2.621819 415.845 0 0
1500.0 39.114352 -54.429089 17.860816 -0.236756 -0.909267 415.829 0 0
1500.0 31.920895 27.809172 17.862124 -0.390461 0.507298 416.028 0 0
1500.0 36.886341 -6.519376 18.094885 -0.330817 -0.090500 416.121 0 0
1500.0 92.997745 -10.051904 18.333035 0.588310 -0.226700 416.150 0 0
1500.0 77.708510 59.936293 17.888744 0.341199 0.960229 416.410 0 0
1500.0 13.195154 21.913722 17.804037 -0.754906 0.290400 416.358 0 0
1500.0 65.620037 -48.861115 17.804395 0.051925 -0.799230 416.323 0 0
1500.0 -29.376139 100.946336 18.197139 -1.660239 1.809103 416.334 0 0
1500.0 102.168639 0.041220 18.008878 0.735393 -0.022752 416.438 0 0
1500.0 91.382481 8.035124 18.434504 0.641760 0.145090 416.510 0 0
1500.0 34.853321 111.355615 17.802112 -0.368955 1.727109 416.530 0 0
1500.0 116.696168 32.625067 17.833132 0.864594 0.561140 416.479 0 0
1500.0 67.601210 -50.775188 17.803014 0.082258 -0.826964 416.459 0 0
1500.0 70.826339 -5.109615 18.013606 0.185001 -0.138221 416.756 0 0
1500.0 76.045729 17.691397 17.860878 0.323822 0.256010 416.700 0 0
1500.0 98.814615 -12.333180 17.979157 0.715113 -0.161059 416.680 0 0
1500.0 76.746328 45.380006 17.854415 0.300489 0.771264 416.707 0 0
1500.0 98.443036 -36.328119 17.802140 0.568531 -0.617681 416.673 0 0
1500.0 119.882517 -62.475871 17.906963 1.055132 -1.046046 416.684 0 0
1500.0 122.430294 10.585387 17.936147 1.028647 0.193681 416.839 0 0
1500.0 68.607263 34.131533 17.933437 0.215086 0.521215 417.226 0 0
1500.0 107.397853 -34.668234 17.830570 0.779821 -0.524938 416.882 0 0
1500.0 122.522560 -18.147703 17.881171 1.014896 -0.227900 417.190 0 0
1500.0 109.961269 -44.211938 17.798444 0.833954 -0.630667 417.096 0 0
1500.0 92.162968 57.762994 17.832137 0.491651 0.925285 417.322 0 0
1500.0 111.606249 41.752259 17.832254 0.783266 0.692952 416.927 0 0
1500.0 108.356269 17.115800 17.861379 0.835857 0.213743 417.206 0 0
1500.0 79.925246 22.628739 17.897496 0.413575 0.390366 417.024 0 0
1500.0 59.942239 49.457452 18.140485 0.090193 0.896250 416.954 0 0
1500.0 5.035023 -19.048776 17.853003 -0.804597 -0.323867 417.849 0 0
1500.0 105.544329 43.272311 17.882878 0.759924 0.665883 417.762 0 0
1500.0 114.022170 30.230320 17.999657 0.901436 0.502860 417.688 0 0
1500.0 118.555601 1.876693 18.067097 1.004405 0.035974 417.621 0 0
1500.0 99.891381 -12.911871 17.891433 0.717655 -0.159269 417.506 0 0
1500.0 71.779776 42.166071 17.880957 0.144422 0.673545 417.645 0 0
1500.0 30.851601 23.509021 17.883367 -0.488601 0.386778 417.454 0 0
1500.0 62.527799 -28.472530 17.936436 0.004998 -0.447995 417.699 0 0
1500.0 54.969959 -3.077213 17.869339 -0.028386 -0.124731 417.725 0 0
1500.0 51.249522 -48.804797 18.129388 -0.154471 -0.794657 417.581 0 0
1500.0 67.784289 -35.624569 18.214148 0.130638 -0.614341 417.716 0 0
1500.0 83.351046 7.917617 18.875799 0.512174 0.089988 418.310 0 0
1500.0 93.309168 -2.593691 18.433173 0.603348 -0.084127 418.628 0 0
1500.0 33.417745 -0.169507 17.932889 -0.397592 0.023229 418.178 0 0
1500.0 43.418316 -27.964548 17.869408 -0.253102 -0.440624 418.047 0 0
1500.0 68.266519 -8.771089 18.021781 0.234588 -0.146231 418.659 0 0
1500.0 29.007073 -45.656647 17.869343 -0.463953 -0.696135 418.302 0 0
1500.0 103.470725 -35.121042 17.860679 0.658108 -0.573670 418.237 0 0
1500.0 120.470615 11.916506 17.883655 0.974165 0.210020 417.940 0 0
1500.0 85.336518 58.345553 17.889183 0.442138 0.909524 418.391 0 0
1500.0 116.984568 4.765747 17.967503 0.972909 0.098613 418.045 0 0
1500.0 -6.651503 -10.818697 17.791683 -1.025381 -0.206308 418.573 0 0
1500.0 86.370737 -46.513381 17.913525 0.472856 -0.774469 417.961 0 0
1500.0 100.740317 26.853134 17.886207 0.725108 0.448984 418.009 0 0
1500.0 106.439455 -29.713257 17.832169 0.807792 -0.417261 417.884 0 0
1500.0 98.285996 14.089048 18.469711 0.766298 0.254220 417.915 0 0
1500.0 92.927346 -28.262741 17.919159 0.504985 -0.498456 418.437 0 0
1500.0 53.124599 -35.909094 17.922213 -0.107606 -0.618400 418.191 0 0
1500.0 85.423655 8.716827 18.016840 0.498643 0.076576 418.419 0 0
1500.0 85.212434 2.519512 17.889578 0.505446 0.051357 418.562 0 0
1500.0 92.820935 -68.978235 17.942843 0.633422 -1.136906 417.921 0 0
1500.0 80.489316 -23.701897 18.232062 0.371519 -0.394302 418.665 0 0
1500.0 68.372367 19.587414 18.214709 0.153725 0.329055 419.282 0 0
1500.0 109.473671 16.571662 17.891368 0.801665 0.272943 419.078 0 0
1500.0 115.497575 2.725315 17.806716 0.891659 0.060292 418.919 0 0
1500.0 73.667635 60.222936 17.891528 0.270835 0.930306 418.870 0 0
1500.0 63.628403 19.444093 18.866916 0.164465 0.335849 419.447 0 0
1500.0 56.907872 -62.019300 17.908681 0.025692 -0.998129 418.722 0 0
1500.0 99.418780 27.979498 18.321352 0.741519 0.458931 419.453 0 0
1500.0 -6.594931 -13.577534 17.867106 -1.019214 -0.160127 419.307 0 0
1500.0 89.088861 53.621503 17.878552 0.538231 0.843492 419.106 0 0
1500.0 66.600345 63.735206 17.877857 0.200109 0.992968 419.265 0 0
1500.0 52.992523 -99.936579 17.805371 -0.010227 -1.543201 418.891 0 0
1500.0 32.396328 -27.775428 18.124101 -0.408021 -0.475469 418.810 0 0
1500.0 2.656506 -7.294971 17.911108 -0.872756 -0.173838 419.231 0 0
1500.0 14.052588 -33.581327 17.848229 -0.652335 -0.587213 419.417 0 0
1500.0 86.530029 22.833340 17.885406 0.523416 0.365264 418.870 0 0
1500.0 61.796127 -42.611308 17.909180 -0.009302 -0.660906 419.359 0 0
1500.0 89.880287 -53.674014 17.973988 0.590711 -0.865830 418.975 0 0
1500.0 127.232396 -9.007294 17.998168 1.178502 -0.099461 419.389 0 0
1500.0 93.783481 31.264044 17.893567 0.552508 0.577237 418.924 0 0
1500.0 29.393205 48.514882 17.873383 -0.531505 0.746714 419.391 0 0
1500.0 82.231465 41.697726 18.091355 0.370504 0.774963 419.274 0 0
1500.0 59.105391 -53.727621 18.108008 0.081917 -0.984325 419.263 0 0
1500.0 86.840255 -38.124262 18.021105 0.467657 -0.594864 419.980 0 0
1500.0 89.242809 15.019475 17.822299 0.498936 0.178004 420.059 0 0
1500.0 79.555333 29.210408 17.820072 0.368258 0.432689 420.233 0 0
1500.0 83.170572 -3.840587 19.120445 0.564342 -0.120171 419.605 0 0
1500.0 1.512194 -30.219759 17.793727 -0.886333 -0.485427 419.904 0 0
1500.0 118.730901 -27.451973 17.876250 0.972975 -0.369834 419.811 0 0
1500.0 -1.132339 0.538836 17.916577 -0.955361 0.002316 419.582 0 0
1500.0 64.181502 59.197810 17.982272 0.119101 0.962617 420.191 0 0
1500.0 92.920949 30.489164 17.925856 0.561566 0.541896 419.954 0 0
1500.0 51.468324 19.365349 18.148394 -0.127547 0.333347 419.782 0 0
1500.0 48.895050 -15.675424 18.149969 -0.167353 -0.205440 419.680 0 0
1500.0 106.977036 -17.998458 17.809899 0.779577 -0.345717 420.196 0 0
1500.0 82.470421 44.132093 18.680808 0.482936 0.802269 419.753 0 0
1500.0 66.259357 -22.195707 18.127001 0.195280 -0.357185 420.321 0 0
1500.0 61.553322 10.213327 17.910136 0.116170 0.178228 420.699 0 0
1500.0 94.208449 -30.537583 17.870227 0.545729 -0.498747 420.433 0 0
1500.0 -2.896744 -0.362294 17.797469 -0.941081 -0.049207 420.602 0 0
1500.0 123.331809 -14.902513 17.875889 1.031203 -0.181607 420.472 0 0
1500.0 50.923114 40.028178 18.165665 -0.059287 0.683449 420.331 0 0
1500.0 48.989812 -53.389498 17.807972 -0.109192 -0.885430 420.413 0 0
1500.0 99.701132 28.354767 17.911085 0.719798 0.452314 420.699 0 0
1500.0 73.484830 -38.868026 18.181080 0.263244 -0.730133 420.495 0 0
1500.0 41.995499 25.734594 17.856140 -0.236821 0.430323 420.802 0 0
1500.0 1.978663 -15.348669 17.799312 -0.867399 -0.264708 420.862 0 0
1500.0 144.640609 5.850162 17.819830 1.328849 0.117196 421.009 0 0
1500.0 39.429208 -63.447875 17.902692 -0.305708 -0.999935 421.017 0 0
1500.0 39.868620 0.864829 17.853324 -0.360616 0.023481 420.844 0 0
1500.0 48.087329 21.868250 17.852018 -0.231812 0.351378 420.930 0 0
1500.0 55.659255 -48.115735 18.254401 -0.010122 -0.883948 420.863 0 0
1500.0 44.856314 -9.613366 18.107266 -0.218326 -0.123836 421.080 0 0
1500.0 40.143835 -17.368514 18.043536 -0.237229 -0.308899 421.169 0 0
1500.0 106.495906 1.903371 17.892148 0.764093 0.015915 421.242 0 0
1500.0 33.153256 -48.265926 17.995202 -0.370016 -0.804093 421.303 0 0
1500.0 101.605310 -23.395623 18.274074 0.806100 -0.443762 421.129 0 0
1500.0 131.771565 29.036695 17.816907 1.159873 0.484826 421.337 0 0
1500.0 73.004406 -6.435542 18.323912 0.283214 -0.152922 421.468 0 0
1500.0 58.913454 -54.113678 17.803617 -0.047640 -0.816643 421.370 0 0
1500.0 86.030505 -15.195836 18.557245 0.532962 -0.224820 422.035 0 0
1500.0 66.195511 -3.681963 17.884546 0.145696 -0.115644 421.616 0 0
1500.0 84.027230 36.594994 17.997912 0.403740 0.581987 421.978 0 0
1500.0 70.650423 -3.774504 18.083803 0.235609 0.008758 423.442 0 0
1500.0 75.323871 23.630688 18.078636 0.301721 0.389130 423.058 0 0
1500.0 106.712463 -32.078590 17.841697 0.737312 -0.482966 422.737 0 0
1500.0 40.747564 -38.156010 17.860071 -0.224802 -0.607197 422.130 0 0
1500.0 34.517563 -18.181258 17.815624 -0.390227 -0.298686 422.441 0 0
1500.0 25.829118 -29.256176 17.809027 -0.516452 -0.458046 421.896 0 0
1500.0 9.977852 18.029181 17.805556 -0.744687 0.213494 421.570 0 0
1500.0 67.807464 -8.083263 17.949796 0.217008 -0.101563 423.524 0 0
1500.0 57.928084 -25.372935 18.008489 -0.041915 -0.386691 423.651 0 0
1500.0 37.907011 -26.738429 18.005224 -0.321200 -0.407072 423.402 0 0
1500.0 28.664524 25.202639 17.853252 -0.445668 0.417518 422.617 0 0
1500.0 29.407918 15.153298 17.825124 -0.460595 0.170164 423.138 0 0
1500.0 119.160577 -6.629880 17.881277 0.948833 -0.058600 421.977 0 0
1500.0 89.352219 18.452555 17.929820 0.512199 0.292356 423.889 0 0
1500.0 36.302602 -20.873229 17.868991 -0.368045 -0.270246 424.041 0 0
1500.0 25.682456 2.427589 17.886712 -0.515444 0.054843 424.118 0 0
1500.0 36.107055 -55.011591 17.875061 -0.361949 -0.836385 422.998 0 0
1500.0 118.465034 -6.084666 17.821307 0.939445 -0.112765 422.999 0 0
1500.0 121.210209 -19.571038 17.866408 1.005297 -0.275591 422.372 0 0
1500.0 100.526688 -21.676740 18.153005 0.748263 -0.324945 422.407 0 0
1500.0 113.084432 34.014750 17.902251 0.880625 0.513410 423.919 0 0
1500.0 88.888090 40.221098 18.082136 0.516674 0.680524 421.687 0 0
1500.0 57.019191 -116.579816 17.797539 0.027155 -1.762474 423.980 0 0
1500.0 78.326258 -21.800339 18.331851 0.401005 -0.399749 421.866 0 0
1500.0 152.968765 -73.626052 17.815759 1.444754 -1.142955 423.700 0 0
1500.0 111.804536 -14.409708 17.819839 0.864394 -0.280844 421.796 0 0
1500.0 107.461276 -2.919650 18.070742 0.832248 0.010552 422.573 0 0
1500.0 26.245171 0.915186 18.040604 -0.537098 0.030648 421.605 0 0
1500.0 102.499615 -12.880140 17.939469 0.768443 -0.178224 422.173 0 0
1500.0 46.033673 -54.690900 18.035649 -0.179211 -0.893846 423.237 0 0
1500.0 7.073031 -18.186247 17.834620 -0.852285 -0.267749 422.424 0 0
1500.0 36.675355 40.358932 17.841204 -0.404781 0.631945 421.754 0 0
1500.0 132.796677 -117.803461 17.867546 1.174023 -1.886012 422.144 0 0
1500.0 121.749891 -1.882276 17.834733 1.018066 -0.099768 421.859 0 0
1500.0 54.852859 17.810579 18.063438 -0.009240 0.351641 422.042 0 0
1500.0 103.854430 32.442971 18.021825 0.730835 0.562026 423.753 0 0
1500.0 74.514290 43.959532 17.818629 0.296815 0.738900 422.532 0 0
1500.0 81.724844 57.209254 17.808060 0.399075 0.922674 423.950 0 0
1500.0 59.119026 44.579917 17.820517 0.060042 0.750453 422.358 0 0
1500.0 114.181312 29.916746 17.807150 0.884888 0.509873 424.177 0 0
1500.0 86.906280 -4.548619 18.019538 0.509062 -0.136042 422.706 0 0
1500.0 93.786915 -26.659409 18.012963 0.624567 -0.458526 423.546 0 0
1500.0 63.368551 57.179606 17.857671 0.128266 0.929572 424.029 0 0
1500.0 34.442681 -28.489839 17.952433 -0.348094 -0.516245 423.105 0 0
1500.0 56.471153 52.844736 17.867851 0.048567 0.844145 423.873 0 0
1500.0 100.591192 -28.207727 17.868795 0.724270 -0.395789 423.775 0 0
1500.0 78.097188 14.254425 17.963594 0.402890 0.237272 423.103 0 0
1500.0 126.292181 3.616138 18.047294 1.172401 0.013218 421.968 0 0
1500.0 52.428563 -29.891472 18.107396 -0.017175 -0.527684 424.227 0 0
1500.0 69.980125 3.172619 17.885398 0.141652 0.109604 423.215 0 0
1500.0 43.900412 15.119438 18.032264 -0.266916 0.210265 424.029 0 0
1500.0 61.887141 -13.273559 18.034000 0.011483 -0.229568 423.918 0 0
1500.0 65.571059 -2.489020 18.037467 0.091000 -0.096340 424.113 0 0
1500.0 28.472788 -13.867904 17.875646 -0.519391 -0.256503 424.149 0 0
1500.0 121.044626 11.546330 18.054937 1.092987 0.195662 423.460 0 0
1500.0 137.467230 -40.356450 17.847577 1.233115 -0.709738 423.865 0 0
1500.0 108.793391 -1.571512 17.879399 0.816684 -0.106296 423.220 0 0
1500.0 3.468021 17.249969 18.027566 -0.952920 0.229398 422.273 0 0
1500.0 81.538591 -25.879399 18.313430 0.518070 -0.468243 421.838 0 0
1500.0 27.921251 42.336508 17.888964 -0.464421 0.769055 423.805 0 0
1500.0 42.863175 -7.800654 18.325488 -0.284694 -0.182752 421.958 0 0
1500.0 67.372283 -56.043474 17.947283 0.081828 -0.974708 423.177 0 0
1500.0 94.620592 4.506458 18.384796 0.721800 0.168675 422.264 0 0
1500.0 82.717378 -51.555136 18.002480 0.433501 -0.839165 424.354 0 0
1500.0 65.741798 -43.412167 17.880345 0.171192 -0.729046 424.481 0 0
1500.0 24.324316 29.428409 17.870847 -0.580342 0.412696 424.527 0 0
1500.0 49.320694 -42.396790 17.903281 -0.106163 -0.706122 424.586 0 0
1500.0 91.994205 36.874668 17.824681 0.586724 0.603120 424.662 0 0
1500.0 61.817057 -19.096252 17.915282 0.133147 -0.340711 424.563 0 0
1500.0 77.614397 5.792141 17.914945 0.379066 0.046919 424.585 0 0
1500.0 67.381242 72.939200 18.002854 0.210787 1.267140 424.558 0 0
1500.0 99.408807 -12.332054 17.858007 0.601804 -0.243021 424.748 0 0
1500.0 156.215162 73.056346 17.830862 1.570808 1.225644 424.718 0 0
1500.0 82.310882 3.344670 18.606807 0.469008 0.092269 424.882 0 0
1500.0 48.588529 -14.591589 17.930586 -0.160276 -0.261008 425.207 0 0
1500.0 115.193057 -4.665521 18.122841 0.951901 -0.112951 425.252 0 0
1500.0 108.696643 -10.573023 18.088567 0.827909 -0.229021 425.703 0 0
1500.0 70.648239 33.493425 18.258013 0.295088 0.565858 425.699 0 0
1500.0 -1.038659 2.945661 17.859594 -0.953505 0.004206 425.750 0 0
1500.0 90.452349 -33.467411 17.970591 0.494441 -0.585397 425.319 0 0
1500.0 103.634733 -5.339486 17.901941 0.772116 -0.124452 425.590 0 0
1500.0 86.121760 -9.346228 17.934101 0.523371 -0.159268 425.142 0 0
1500.0 114.093982 -42.073102 18.062483 0.917683 -0.732755 425.525 0 0
1500.0 126.427010 8.380751 17.998592 1.198114 0.088285 425.586 0 0
1500.0 32.385958 -41.392395 18.017490 -0.388334 -0.766175 425.336 0 0
1500.0 104.252750 -62.178158 18.116115 0.804469 -1.110134 425.680 0 0
1500.0 29.259912 3.685023 18.347598 -0.501661 0.134290 425.448 0 0
1500.0 35.408561 0.952726 18.101975 -0.349775 0.005011 426.305 0 0
1500.0 68.424255 23.894402 17.937523 0.170075 0.402073 426.266 0 0
1500.0 76.654460 13.411199 17.938760 0.284614 0.255386 426.358 0 0
1500.0 98.189496 -7.307722 19.117132 0.811041 -0.080592 426.219 0 0
1500.0 10.803599 42.947574 17.829774 -0.755948 0.632018 425.842 0 0
1500.0 3.452422 26.857682 17.831950 -0.857932 0.396567 426.213 0 0
1500.0 95.942622 52.661703 17.807212 0.594955 0.828750 425.988 0 0
1500.0 50.030540 -44.490336 17.902781 -0.093380 -0.720462 426.157 0 0
1500.0 84.183425 60.637577 17.857435 0.458991 0.936147 425.770 0 0
1500.0 104.575049 -35.876671 17.899028 0.764149 -0.594701 425.994 0 0
1500.0 78.451647 32.132976 18.276112 0.317275 0.542143 426.058 0 0
1500.0 99.252913 -25.859426 17.899880 0.702778 -0.437675 425.791 0 0
1500.0 17.210827 8.091890 18.061449 -0.657555 0.164904 426.182 0 0
1500.0 72.647262 -19.246501 18.096878 0.338644 -0.317860 426.200 0 0
1500.0 90.414142 32.057340 19.106522 0.717242 0.592217 426.083 0 0
1500.0 129.714452 35.355774 18.155248 1.273548 0.558493 426.327 0 0
1500.0 61.252212 -64.366985 18.001951 0.115712 -1.133191 426.123 0 0
1500.0 51.341328 -6.128242 18.016103 -0.086818 -0.152496 427.430 0 0
1500.0 88.478651 2.360946 17.886676 0.491598 -0.004056 426.540 0 0
1500.0 123.984039 -5.883036 17.857820 1.034710 -0.051541 426.791 0 0
1500.0 24.547113 -56.135426 17.846037 -0.514862 -0.886408 427.124 0 0
1500.0 -10.448996 0.333927 17.803270 -1.027903 0.074806 427.351 0 0
1500.0 99.841600 40.142849 18.147062 0.717277 0.648775 426.997 0 0
1500.0 122.864233 -21.143583 17.863296 1.040425 -0.342269 427.133 0 0
1500.0 97.938952 -55.340802 17.805283 0.664378 -0.807201 427.396 0 0
1500.0 63.024094 -60.219831 17.893174 0.147219 -0.950692 426.625 0 0
1500.0 100.906640 16.760792 18.241467 0.759402 0.294596 427.031 0 0
1500.0 1.428951 17.434450 17.913432 -0.916461 0.246658 427.146 0 0
1500.0 112.368738 0.904307 18.341968 0.961675 -0.002079 427.180 0 0
1500.0 72.504919 -5.111051 18.248669 0.312571 -0.145216 427.343 0 0
1500.0 24.976461 16.469936 17.986252 -0.565536 0.253319 426.928 0 0
1500.0 90.039959 1.411606 17.938654 0.531245 -0.052193 426.947 0 0
1500.0 71.970224 3.200557 17.944792 0.253127 -0.024656 426.535 0 0
1500.0 65.578311 -45.788262 18.249560 0.096783 -0.784118 426.960 0 0
1500.0 54.245440 -71.299351 17.993174 -0.009951 -1.234335 427.388 0 0
1500.0 115.083346 49.641208 17.986717 1.042395 0.844767 426.835 0 0
1500.0 92.334697 48.330565 18.251711 0.655080 0.942444 426.816 0 0
1500.0 34.151084 2.541249 18.044671 -0.374359 0.050161 428.740 0 0
1500.0 44.469263 32.691599 17.848936 -0.259734 0.468802 427.974 0 0
1500.0 117.716213 -5.318329 17.944948 0.940467 -0.060987 428.330 0 0
1500.0 51.542483 58.068298 17.814542 -0.114081 0.904785 428.385 0 0
1500.0 74.703652 -20.297673 18.700484 0.383779 -0.371639 427.762 0 0
1500.0 122.684921 -15.556658 17.846903 0.990988 -0.302705 427.879 0 0
1500.0 90.834922 11.277862 18.396345 0.630927 0.208546 428.292 0 0
1500.0 81.699963 25.918080 18.225707 0.460982 0.450002 428.208 0 0
1500.0 80.062098 -14.071976 18.988480 0.539673 -0.269852 428.362 0 0
1500.0 55.491329 -44.004445 18.086187 -0.053132 -0.753484 428.792 0 0
1500.0 128.415233 -18.695316 17.964386 1.197789 -0.261284 428.186 0 0
1500.0 37.133183 23.262525 18.236428 -0.378575 0.510732 428.150 0 0
1500.0 68.941086 -16.481361 18.310576 0.185762 -0.290529 429.133 0 0
1500.0 43.171859 3.871162 18.046779 -0.248765 0.068454 428.893 0 0
1500.0 103.953096 19.809955 17.952260 0.733819 0.295321 429.226 0 0
1500.0 56.528735 55.282711 17.812254 -0.045224 0.860323 428.923 0 0
1500.0 101.345041 -46.726757 17.846282 0.694542 -0.714305 428.867 0 0
1500.0 51.410268 -61.702881 17.918800 -0.064634 -0.996330 429.081 0 0
1500.0 95.508430 -17.923774 18.214811 0.689322 -0.248661 429.129 0 0
1500.0 85.794061 24.214982 18.217266 0.544343 0.388887 428.920 0 0
1500.0 90.895710 32.418768 18.077826 0.567691 0.558003 428.866 0 0
1500.0 120.269865 29.921931 18.007501 1.088301 0.467506 429.028 0 0
1500.0 85.403820 -24.718142 18.120652 0.458482 -0.487193 428.965 0 0
1500.0 119.778633 -25.484018 17.847361 0.928591 -0.441659 429.256 0 0
1500.0 2.063688 -35.285151 17.837880 -0.881844 -0.565335 429.311 0 0
1500.0 71.920067 20.269363 17.883144 0.260620 0.316677 429.938 0 0
1500.0 11.373135 -30.238167 17.864240 -0.722643 -0.470108 429.680 0 0
1500.0 30.699336 -57.419347 17.850546 -0.368945 -0.898622 429.989 0 0
1500.0 1.589225 -34.368603 17.828336 -0.885817 -0.553668 429.437 0 0
1500.0 114.973689 13.339958 18.048244 0.954055 0.187387 429.414 0 0
1500.0 98.878197 22.768367 18.211038 0.736232 0.363853 429.487 0 0
1500.0 -0.679128 85.660416 17.809383 -0.846006 1.345660 429.957 0 0
1500.0 97.558229 -8.633214 18.091057 0.703586 -0.098492 429.536 0 0
1500.0 93.957700 6.845646 18.108631 0.648549 0.062588 429.716 0 0
1500.0 31.579941 -6.530371 18.063847 -0.439894 -0.145519 429.518 0 0
1500.0 82.221863 21.001077 18.033097 0.448103 0.380841 429.905 0 0
1500.0 100.428851 9.335826 17.865800 0.721044 0.100210 429.778 0 0
1500.0 55.592811 25.773971 18.024154 0.024303 0.465432 429.936 0 0
1500.0 123.360869 -27.584194 17.886678 1.108296 -0.388883 429.398 0 0
1500.0 54.376235 50.950143 18.019039 0.005960 0.882208 429.953 0 0
1500.0 88.236573 0.090131 17.968982 0.544284 0.067761 429.623 0 0
1500.0 38.855067 -6.673602 17.961349 -0.392514 -0.068876 429.853 0 0
1500.0 14.291765 17.001641 18.016365 -0.794815 0.332421 429.872 0 0
1500.0 85.903873 -0.722567 18.277861 0.477312 0.029600 430.432 0 0
1500.0 81.981727 -22.463432 18.306745 0.451068 -0.332225 430.847 0 0
1500.0 57.159948 3.413848 17.887584 0.053844 0.080463 430.255 0 0
1500.0 87.372913 -17.755986 18.094758 0.498541 -0.283086 430.504 0 0
1500.0 86.978539 8.842157 17.988640 0.425907 0.192724 430.383 0 0
1500.0 28.145536 -4.584261 18.083052 -0.453623 -0.072334 431.289 0 0
1500.0 95.156616 -7.049066 18.001140 0.578027 -0.154034 431.308 0 0
1500.0 54.714040 29.488921 18.173764 -0.049417 0.459862 432.710 0 0
1500.0 47.267538 4.905940 18.178621 -0.151414 0.120080 433.068 0 0
1500.0 76.926951 -17.549907 17.942856 0.248662 -0.309101 432.239 0 0
1500.0 97.120404 -24.431071 17.927709 0.632605 -0.358205 431.372 0 0
1500.0 68.849915 -19.466572 18.029388 0.140381 -0.331454 432.704 0 0
1500.0 82.963237 4.727225 18.402158 0.466455 0.100321 434.927 0 0
1500.0 58.862900 -66.475820 17.916018 0.046091 -1.046142 430.466 0 0
1500.0 66.357244 -5.215334 18.132596 0.210447 -0.035051 434.756 0 0
1500.0 104.494497 18.633761 17.926144 0.739183 0.279049 433.790 0 0
1500.0 87.497975 -20.886471 17.934621 0.493030 -0.277855 434.556 0 0
1500.0 107.154852 19.412892 18.295946 0.835316 0.348036 431.281 0 0
1500.0 118.701970 -13.605813 18.091498 0.993217 -0.241438 431.882 0 0
1500.0 105.648221 19.399388 17.868086 0.747344 0.303997 434.470 0 0
1500.0 -6.075262 23.993014 17.791325 -1.000321 0.300619 432.136 0 0
1500.0 61.499038 -65.371528 17.844674 0.065333 -1.027888 432.831 0 0
1500.0 93.233927 -54.665138 17.845480 0.527410 -0.868274 433.075 0 0
1500.0 27.990293 35.872203 17.851821 -0.491488 0.528988 435.200 0 0
1500.0 31.692981 -14.499711 17.860192 -0.434707 -0.182987 435.900 0 0
1500.0 120.939630 -10.919471 17.961656 1.018697 -0.190469 432.240 0 0
1500.0 62.450089 -18.898062 17.966641 0.134590 -0.301723 436.601 0 0
1500.0 94.408206 -26.884647 17.849142 0.582174 -0.355344 435.538 0 0
1500.0 96.013917 -20.234362 18.297557 0.641138 -0.378529 431.515 0 0
1500.0 30.015630 57.096474 17.861559 -0.453186 0.917442 431.956 0 0
1500.0 71.568340 60.488406 17.974665 0.189599 0.971955 431.991 0 0
1500.0 82.343071 29.165810 18.017627 0.433973 0.513927 430.423 0 0
1500.0 82.348695 -31.403011 18.372741 0.411457 -0.541798 431.822 0 0
1500.0 92.913376 9.498961 18.564315 0.658538 0.169229 435.186 0 0
1500.0 61.409317 49.306969 17.998619 0.031544 0.806552 431.665 0 0
1500.0 31.301628 1.903789 18.011321 -0.430693 0.092870 430.454 0 0
1500.0 66.848079 43.119118 18.003582 0.137628 0.732362 430.961 0 0
1500.0 25.933450 14.535438 18.047743 -0.536821 0.248596 430.720 0 0
1500.0 80.129251 -7.723303 18.064697 0.387699 -0.150004 437.896 0 0
1500.0 71.285514 -21.010186 18.079148 0.200096 -0.391544 430.772 0 0
1500.0 93.183388 48.588619 18.022778 0.592873 0.787348 432.899 0 0
1500.0 61.751411 11.344365 18.048072 0.114527 0.214309 438.215 0 0
1500.0 119.980413 -4.918553 17.801943 0.934453 -0.150655 431.745 0 0
1500.0 114.357168 -7.993194 17.805471 0.854853 -0.198753 431.293 0 0
1500.0 78.734009 -30.554032 17.815768 0.314211 -0.552064 430.344 0 0
1500.0 97.670206 10.938201 17.929895 0.662396 0.106614 431.863 0 0
1500.0 113.822156 33.916812 18.073492 0.905320 0.601939 430.649 0 0
1500.0 98.753833 7.633889 17.832170 0.634720 0.070797 436.914 0 0
1500.0 84.436404 -42.006817 17.824266 0.469609 -0.684959 431.306 0 0
1500.0 111.614072 -0.434340 17.821685 0.882914 -0.046734 431.587 0 0
1500.0 93.898043 21.515358 17.832635 0.565787 0.266810 436.953 0 0
1500.0 97.921289 8.199904 17.832562 0.622663 0.078759 436.947 0 0
1500.0 69.960269 -50.885775 17.825822 0.229753 -0.762526 436.322 0 0
1500.0 36.557193 18.366014 17.813533 -0.383568 0.350683 430.453 0 0
1500.0 100.981694 24.987956 17.824097 0.722990 0.423780 431.776 0 0
1500.0 83.300332 47.750087 17.821510 0.449810 0.769541 432.062 0 0
1500.0 6.872511 -15.015909 17.908714 -0.787670 -0.206553 437.016 0 0
1500.0 60.717763 -9.654928 17.926626 -0.025177 -0.143386 430.645 0 0
1500.0 70.565707 38.071273 17.966346 0.228161 0.658883 431.895 0 0
1500.0 26.337920 -8.315434 17.892533 -0.543085 -0.179382 431.427 0 0
1500.0 29.976066 -58.300493 17.871973 -0.468330 -0.918209 433.956 0 0
1500.0 38.810211 -54.572093 17.879636 -0.322761 -0.827236 436.822 0 0
1500.0 53.351364 -54.695766 17.882271 -0.114245 -0.825352 437.131 0 0
1500.0 108.981568 40.730173 17.815238 0.749436 0.685461 433.488 0 0
1500.0 36.341625 60.926641 17.813880 -0.339499 0.982142 433.944 0 0
1500.0 96.393944 52.068288 17.816760 0.541522 0.827061 435.800 0 0
1500.0 90.576824 34.854157 17.829661 0.446576 0.563891 437.418 0 0
1500.0 -1.294815 0.378754 17.820282 -0.919408 0.080331 432.606 0 0
1500.0 0.695321 22.423887 17.817486 -0.883486 0.413326 433.024 0 0
1500.0 36.499635 23.037511 17.837010 -0.317735 0.392819 438.037 0 0
1500.0 89.442365 27.502283 17.833146 0.428615 0.457608 437.725 0 0
1500.0 107.380942 82.107682 17.795782 0.802154 1.202840 434.285 0 0
1500.0 90.360222 -15.020811 17.921764 0.586918 -0.253904 431.631 0 0
1500.0 104.474363 20.087873 17.987814 0.760551 0.372780 433.271 0 0
1500.0 61.102182 30.746046 17.999264 0.103579 0.542784 432.279 0 0
1500.0 77.724003 40.071159 17.866524 0.375253 0.652944 432.768 0 0
1500.0 98.593696 26.644362 18.194660 0.729389 0.421814 434.707 0 0
1500.0 10.088987 -35.570404 17.823468 -0.751009 -0.637372 431.796 0 0
1500.0 120.598852 6.429384 17.857926 0.962503 0.141017 437.463 0 0
1500.0 99.494873 45.142335 17.858672 0.656295 0.699231 437.590 0 0
1500.0 99.230462 -5.506407 17.870743 0.698018 -0.033620 433.067 0 0
1500.0 87.191134 51.132549 17.858397 0.501724 0.823258 434.423 0 0
1500.0 100.022366 58.257940 17.917657 0.630250 0.984288 432.057 0 0
1500.0 112.067045 -96.091746 17.797858 0.842959 -1.443309 437.083 0 0
1500.0 88.296016 7.048593 18.153578 0.518338 0.186002 433.202 0 0
1500.0 91.252333 25.811140 18.239215 0.591480 0.454863 435.089 0 0
1500.0 24.843906 -57.242467 17.874902 -0.469306 -0.927206 435.670 0 0
1500.0 78.719734 28.345399 17.994295 0.291357 0.496711 433.848 0 0
1500.0 117.015075 3.060530 17.987386 0.974056 0.075396 435.809 0 0
1500.0 105.862869 1.732048 17.995169 0.819280 0.056341 434.810 0 0
1500.0 110.681005 31.295434 17.985795 0.875047 0.495978 436.125 0 0
1500.0 10.837393 16.552302 17.823178 -0.799876 0.268429 434.295 0 0
1500.0 75.104583 37.522761 18.217098 0.329600 0.639753 435.469 0 0
1500.0 11.709007 -4.168841 17.890028 -0.770521 -0.026574 434.529 0 0
1500.0 80.249232 32.004207 18.082732 0.335170 0.555607 434.943 0 0
1500.0 105.402098 -20.977388 17.803441 0.794083 -0.347938 434.879 0 0
1500.0 86.458389 9.963736 17.816695 0.512865 0.128365 433.731 0 0
1500.0 96.149920 -2.971062 17.812146 0.660494 -0.072966 434.072 0 0
1500.0 104.522163 38.881584 17.801424 0.733231 0.534617 439.095 0 0
1500.0 108.843236 3.602799 17.804328 0.848053 0.028695 434.782 0 0
1500.0 92.528620 -39.628666 17.803279 0.596685 -0.633518 434.897 0 0
1500.0 107.992355 13.678929 17.804044 0.834609 0.183213 434.813 0 0
1500.0 105.518123 -42.023964 17.795307 0.780406 -0.657372 436.171 0 0
1500.0 107.863009 -22.848481 17.801314 0.828607 -0.375165 435.129 0 0
1500.0 51.829879 -68.073658 17.794067 -0.025992 -1.041461 436.636 0 0
1500.0 16.327250 17.099976 17.865522 -0.671147 0.332630 434.605 0 0
1500.0 57.970937 -66.388519 17.901207 0.028614 -1.047403 437.845 0 0
1500.0 107.790731 -24.749753 18.139860 0.821265 -0.435053 437.116 0 0
1500.0 62.892991 -10.953747 18.040684 0.141327 -0.249652 430.905 0 0
1500.0 145.658530 63.639727 17.988413 1.542597 1.044058 430.769 0 0
1500.0 98.547271 -11.411824 18.128385 0.729433 -0.165667 436.600 0 0
1500.0 71.058022 -54.836602 17.806561 0.265386 -0.836862 437.654 0 0
1500.0 59.988425 -134.586437 17.807956 0.044864 -2.091173 437.629 0 0
1500.0 89.363129 -22.348591 18.404726 0.599270 -0.385536 437.829 0 0
1500.0 67.675019 -12.810874 18.299072 0.260206 -0.251118 436.711 0 0
1500.0 96.598823 52.165399 17.820726 0.598664 0.848995 438.199 0 0
1500.0 41.135273 28.899270 17.841722 -0.238322 0.523097 435.487 0 0
1500.0 35.471668 35.625398 17.837111 -0.324553 0.624170 435.847 0 0
1500.0 58.298117 50.571160 17.830826 0.028075 0.847542 436.433 0 0
1500.0 59.304347 66.145735 17.820260 0.041882 1.045970 438.941 0 0
1500.0 122.486372 3.556242 18.086928 1.094048 0.114731 434.918 0 0
1500.0 28.105194 58.689295 17.796824 -0.510685 0.913169 438.425 0 0
1500.0 93.295371 28.547440 17.905346 0.625386 0.419028 436.419 0 0
1500.0 10.610286 44.384550 17.837971 -0.774270 0.689509 438.359 0 0
1500.0 70.463746 16.395853 17.985200 0.175476 0.322749 435.823 0 0
1500.0 39.771643 55.576312 17.963910 -0.291650 0.902920 437.785 0 0
1500.0 108.415173 14.532880 17.853501 0.844659 0.195804 436.854 0 0
1500.0 99.203603 -52.343940 17.843826 0.679500 -0.797159 439.208 0 0
1500.0 109.590206 -41.392706 17.843842 0.832354 -0.635437 439.233 0 0
1500.0 4.127299 37.167866 17.873931 -0.825933 0.622041 438.607 0 0
1500.0 63.529799 -12.403058 17.842962 0.035163 -0.254575 435.338 0 0
1500.0 86.662738 0.267925 18.148057 0.477072 0.080631 436.923 0 0
1500.0 83.312824 -5.376826 18.129242 0.518035 -0.045402 430.998 0 0
1500.0 56.417573 -3.124030 18.107238 -0.007897 -0.126199 435.302 0 0
1500.0 49.164028 -55.150451 18.251132 -0.155074 -1.017688 430.392 0 0
1500.0 21.097675 54.583662 18.173685 -0.612275 0.950220 433.667 0 0
1500.0 119.141073 -9.371734 17.903268 0.997310 -0.116385 438.854 0 0
1500.0 146.309748 -8.967828 17.831379 1.406216 -0.148602 438.548 0 0
1500.0 30.669009 -43.539523 18.023499 -0.448293 -0.707409 438.242 0 0
1500.0 88.329382 -50.896598 17.830987 0.435149 -0.843605 438.220 0 0
1500.0 92.076762 -46.184037 18.006561 0.509945 -0.791547 435.837 0 0
1500.0 69.361242 0.176957 17.831780 0.232273 -0.050426 436.560 0 0
1500.0 -42.655062 22.938755 17.926264 -1.640264 0.343844 437.049 0 0
1500.0 157.890556 -17.064614 17.910894 1.660280 -0.227154 436.173 0 0
1500.0 40.698418 -110.139888 17.902239 -0.296246 -1.773496 437.947 0 0
1500.0 65.065832 50.306397 17.943939 0.115521 0.841397 439.075 0 0
1500.0 41.095592 -20.160295 17.842017 -0.334425 -0.348699 437.827 0 0
1500.0 64.974500 -14.434324 17.846614 0.038144 -0.260632 437.525 0 0
1500.0 75.069262 -5.767746 18.291809 0.318375 -0.164065 439.555 0 0
1500.0 117.232615 28.727935 17.979008 1.037687 0.423052 435.874 0 0
1500.0 101.403816 30.617441 18.042183 0.768817 0.473142 439.419 0 0
1500.0 0.641696 -16.128061 18.025377 -1.024543 -0.355902 432.226 0 0
1500.0 53.013237 30.063140 18.083575 -0.031089 0.537039 439.487 0 0
1500.0 57.598226 13.810032 18.019435 -0.059196 0.234750 438.627 0 0
1500.0 41.183830 -6.315592 18.084063 -0.294513 -0.173506 435.652 0 0
1500.0 72.452402 -43.544482 18.318974 0.331778 -0.820994 433.277 0 0
1500.0 72.356418 25.079211 18.460192 0.237763 0.449640 436.801 0 0
1500.0 7.221576 -11.866963 17.996284 -0.945809 -0.229859 434.048 0 0
1500.0 126.088891 -31.088222 18.123275 1.252753 -0.515913 434.771 0 0
1500.0 65.901518 -53.601037 17.991594 0.144918 -0.982752 435.634 0 0
1500.0 34.527745 44.094477 18.343836 -0.358075 0.826405 435.578 0 0
1500.0 86.185922 -43.414138 17.893479 0.413029 -0.776072 438.186 0 0
1500.0 3.162603 -81.582082 18.018371 -0.950412 -1.334559 439.283 0 0
1500.0 96.275682 32.460067 18.116262 0.598473 0.600556 437.126 0 0
1500.0 55.502061 2.937222 18.271370 -0.037051 -0.032933 436.502 0 0
1500.0 132.785987 30.400506 18.038112 1.386145 0.540019 436.910 0 0
1500.0 75.412466 -6.559966 17.881845 0.299012 -0.045135 439.878 0 0
1500.0 67.070960 7.076515 18.616179 0.267270 0.138157 442.953 0 0
1500.0 75.993403 3.841669 18.251160 0.328911 0.112644 441.675 0 0
1500.0 66.939749 22.819055 18.090070 0.119333 0.375997 441.775 0 0
1500.0 87.418219 22.948513 17.815631 0.477359 0.299225 440.511 0 0
1500.0 86.148941 4.386586 18.618244 0.516755 0.006744 444.023 0 0
1500.0 110.989219 24.193433 17.842501 0.822760 0.386392 439.755 0 0
1500.0 108.713780 -9.358551 17.964216 0.804212 -0.144801 440.731 0 0
1500.0 7.772038 15.532189 17.861039 -0.780430 0.202617 441.244 0 0
1500.0 109.278033 -27.272876 17.844726 0.800774 -0.360377 440.925 0 0
1500.0 93.900023 -56.097758 17.844465 0.597426 -0.847029 439.647 0 0
1500.0 70.946722 -40.932868 17.862630 0.251601 -0.602036 442.233 0 0
1500.0 93.626742 -5.355548 18.165784 0.598933 -0.081327 443.970 0 0
1500.0 -6.179087 2.034389 17.817977 -0.977930 -0.026160 440.525 0 0
1500.0 22.913457 -31.217750 17.829545 -0.544864 -0.497780 441.963 0 0
1500.0 89.722250 6.122876 18.432319 0.530864 0.146685 444.815 0 0
1500.0 27.223898 -19.754548 17.975316 -0.481448 -0.295640 443.133 0 0
1500.0 71.190175 -28.872190 17.825955 0.236244 -0.456492 443.225 0 0
1500.0 67.899336 60.689830 17.861951 0.196236 0.926435 441.973 0 0
1500.0 29.281306 -6.050612 17.874975 -0.477256 -0.087868 442.888 0 0
1500.0 114.486940 31.869259 17.907311 0.904831 0.483552 441.805 0 0
1500.0 105.541230 14.875693 18.192616 0.820100 0.268488 439.999 0 0
1500.0 103.725394 34.632891 18.187560 0.784969 0.558957 440.672 0 0
1500.0 28.880333 4.217007 18.015519 -0.453933 0.061027 445.290 0 0
1500.0 113.080121 -23.188967 17.894374 0.845940 -0.386727 443.257 0 0
1500.0 21.131664 52.945181 17.848501 -0.599526 0.795091 442.528 0 0
1500.0 79.367456 -66.650689 17.868193 0.330713 -1.071063 440.509 0 0
1500.0 27.755962 -53.631012 17.820952 -0.524730 -0.842221 439.993 0 0
1500.0 35.261726 -4.495182 17.961827 -0.350285 -0.011748 445.746 0 0
1500.0 94.427998 -2.696383 17.979910 0.594348 -0.055944 445.416 0 0
1500.0 51.505119 -32.313594 17.877930 -0.098773 -0.523035 445.202 0 0
1500.0 111.019525 37.448935 17.956717 0.858868 0.596114 441.852 0 0
1500.0 88.013070 55.274621 17.958496 0.524964 0.868061 441.148 0 0
1500.0 64.141352 65.962174 17.891940 0.119014 1.039739 442.234 0 0
1500.0 54.468010 -66.414983 17.855554 -0.083587 -1.044861 442.202 0 0
1500.0 107.579010 43.013966 17.861555 0.779547 0.684412 442.904 0 0
1500.0 76.186180 63.626958 17.860953 0.323254 0.996570 442.195 0 0
1500.0 -83.140012 82.189619 17.805306 -2.221724 1.213666 440.385 0 0
1500.0 43.829510 37.886599 17.857536 -0.218761 0.602185 446.154 0 0
1500.0 26.849187 53.017996 17.841133 -0.488936 0.870062 441.729 0 0
1500.0 6.406776 31.393399 17.842720 -0.800176 0.546951 441.437 0 0
1500.0 93.440880 57.368619 17.838251 0.504372 0.918971 442.928 0 0
1500.0 41.508337 44.522574 17.853544 -0.252804 0.699391 445.794 0 0
1500.0 75.454539 59.084312 17.843756 0.232549 0.921081 444.636 0 0
1500.0 24.331202 55.561129 17.838776 -0.521439 0.899034 442.417 0 0
1500.0 25.332932 15.976113 17.858351 -0.527078 0.321821 439.799 0 0
1500.0 110.010984 32.977559 17.940932 0.840652 0.550384 442.232 0 0
1500.0 50.149846 33.798903 17.849010 -0.171219 0.583738 439.955 0 0
1500.0 23.913986 56.585351 17.828760 -0.548856 0.889537 443.418 0 0
1500.0 7.668105 14.570386 17.838398 -0.818354 0.281187 440.908 0 0
1500.0 134.192257 -64.748444 17.828258 1.187351 -1.011577 442.979 0 0
1500.0 100.452024 12.093196 17.998654 0.692296 0.263994 440.247 0 0
1500.0 8.100956 38.691031 17.815568 -0.822571 0.550947 442.084 0 0
1500.0 -6.944353 -11.726380 17.812299 -1.026822 -0.205559 443.559 0 0
1500.0 53.669994 -57.039007 18.026877 -0.064706 -0.928028 442.477 0 0
1500.0 61.341387 9.057975 18.229634 0.095019 0.215053 441.269 0 0
1500.0 84.639317 -0.894270 17.914047 0.490352 0.024253 440.465 0 0
1500.0 63.934180 15.519645 18.170189 0.113427 0.312027 441.273 0 0
1500.0 18.143184 -47.976686 17.841442 -0.644367 -0.707362 445.437 0 0
1500.0 43.859784 -14.853510 17.862918 -0.295469 -0.247952 440.199 0 0
1500.0 51.678769 -51.863177 17.870285 -0.028528 -0.836331 441.658 0 0
1500.0 105.800607 -43.978424 17.811562 0.760535 -0.676768 444.930 0 0
1500.0 102.961080 -17.268247 17.885254 0.739678 -0.326974 441.745 0 0
1500.0 95.115450 -44.919914 17.877778 0.611052 -0.740280 442.649 0 0
1500.0 27.028232 -55.487412 17.898339 -0.444503 -0.905162 443.297 0 0
1500.0 113.832052 -36.470261 17.896250 0.845797 -0.613442 444.053 0 0
1500.0 38.669219 -50.569318 17.904734 -0.274307 -0.844212 442.293 0 0
1500.0 52.437171 -65.613025 17.897057 -0.062327 -1.029032 445.098 0 0
1500.0 68.045327 -7.894420 17.924732 0.176755 -0.200443 440.639 0 0
1500.0 41.697111 50.744485 18.047105 -0.239277 0.838540 442.831 0 0
1500.0 77.770754 55.760528 18.042856 0.302902 0.906641 443.389 0 0
1500.0 27.039686 5.048425 17.919438 -0.499697 0.006481 441.409 0 0
1500.0 47.961996 -48.245158 17.907362 -0.172393 -0.807863 442.410 0 0
1500.0 33.059953 -15.898659 17.918977 -0.406083 -0.318370 441.442 0 0
1500.0 97.125015 -44.106975 17.902047 0.573279 -0.737609 443.034 0 0
1500.0 81.211065 5.340091 18.081065 0.465708 0.076809 441.989 0 0
1500.0 107.865102 2.839190 18.066751 0.859535 0.037630 443.213 0 0
1500.0 83.330233 0.491424 18.212504 0.441946 -0.069151 442.229 0 0
1500.0 116.544143 28.712831 18.007865 0.941221 0.453136 445.791 0 0
1500.0 67.128175 -26.608000 18.260420 0.127419 -0.439954 442.890 0 0
1500.0 66.121833 58.859322 17.976615 0.176529 0.949994 443.937 0 0
1500.0 63.521795 -61.248856 17.903693 0.095844 -0.952881 446.870 0 0
1500.0 91.089448 -25.278960 17.861485 0.581721 -0.358135 442.661 0 0
1500.0 107.174766 19.895547 18.205598 0.811185 0.364386 444.683 0 0
1500.0 123.308399 13.666978 17.893257 1.008574 0.269493 445.417 0 0
1500.0 133.407585 -26.057192 17.818285 1.223091 -0.394526 443.755 0 0
1500.0 22.252508 49.711060 17.819827 -0.503828 0.818348 444.354 0 0
1500.0 25.240589 27.135270 17.832936 -0.468497 0.486521 442.952 0 0
1500.0 30.794433 34.233822 17.831694 -0.381891 0.595506 443.054 0 0
1500.0 28.812102 36.921713 17.829662 -0.411423 0.635339 443.230 0 0
1500.0 54.490673 66.538299 17.814907 -0.014859 1.048168 445.942 0 0
1500.0 56.193376 -52.851856 17.863391 0.016959 -0.899412 441.706 0 0
1500.0 26.266239 -55.680252 17.892029 -0.452968 -0.946320 441.562 0 0
1500.0 60.192828 10.130389 18.061244 0.017859 0.227311 441.610 0 0
1500.0 75.679208 -32.479451 17.882484 0.293859 -0.577971 443.207 0 0
1500.0 65.347640 -46.590975 17.808149 0.185850 -0.729907 443.772 0 0
1500.0 109.505527 20.047096 17.822755 0.829249 0.362675 445.029 0 0
1500.0 115.149008 41.157531 17.877760 0.982430 0.667698 442.418 0 0
1500.0 122.377782 6.584287 18.030241 1.103578 0.179248 440.615 0 0
1500.0 27.564375 -10.763331 18.130103 -0.474936 -0.224785 444.707 0 0
1500.0 24.713513 -18.466921 17.834009 -0.590474 -0.309671 444.099 0 0
1500.0 13.556972 47.263965 17.817815 -0.740878 0.687754 446.053 0 0
1500.0 28.905077 21.223674 18.087753 -0.508754 0.295845 441.631 0 0
1500.0 117.456391 14.959500 18.035365 0.985400 0.306896 443.432 0 0
1500.0 82.592426 -35.892413 18.050661 0.351451 -0.603441 445.161 0 0
1500.0 33.815853 -20.141806 18.056127 -0.396051 -0.365260 444.736 0 0
1500.0 120.560879 -3.723979 17.868333 1.015526 -0.038458 446.622 0 0
1500.0 72.138329 23.533117 17.835383 0.279178 0.420538 443.563 0 0
1500.0 25.418489 50.075477 17.803698 -0.498160 0.834283 445.908 0 0
1500.0 101.205925 29.984973 17.809968 0.658020 0.536580 445.092 0 0
1500.0 70.544438 46.853813 17.824824 0.127827 0.765079 445.115 0 0
1500.0 49.469161 57.082391 17.817355 -0.194382 0.911104 445.938 0 0
1500.0 91.176695 1.835666 18.035636 0.605106 -0.004150 445.516 0 0
1500.0 73.968301 13.461068 17.913758 0.223667 0.279881 444.667 0 0
1500.0 47.400641 -47.047668 17.854930 -0.145811 -0.797208 445.773 0 0
1500.0 106.426615 -3.449616 17.868268 0.778930 0.017406 445.773 0 0
1500.0 87.158703 -8.865061 17.846262 0.531068 -0.145516 444.988 0 0
1500.0 34.005278 -3.538043 18.036501 -0.427919 0.011277 441.254 0 0
1500.0 69.221414 -25.673633 18.070092 0.243532 -0.459894 445.902 0 0
1500.0 53.858950 29.372682 18.238444 -0.081015 0.474800 446.473 0 0
1500.0 112.282998 65.140593 18.229507 1.013083 1.172097 439.723 0 0
1500.0 74.743360 25.403214 17.991117 0.207215 0.422591 445.723 0 0
1500.0 55.760768 -54.018364 17.835297 0.021183 -0.901945 445.239 0 0
1500.0 24.561702 4.473084 18.397291 -0.567238 0.133989 441.193 0 0
1500.0 51.456754 -34.229641 17.837676 -0.175045 -0.503335 446.744 0 0
1500.0 85.140464 11.412720 17.883371 0.504226 0.179745 446.924 0 0
1500.0 33.112052 -10.084880 17.826836 -0.442834 -0.098419 446.686 0 0
1500.0 109.825832 47.615365 17.930633 0.921099 0.760114 445.662 0 0
1500.0 76.126851 -70.919440 18.032697 0.359054 -1.208927 446.824 0 0
1500.0 45.824553 2.976464 18.122260 -0.278273 0.018064 442.880 0 0
1500.0 93.286597 -59.919404 18.253534 0.690585 -1.101560 443.596 0 0
1500.0 116.403669 -22.277866 18.015989 1.065165 -0.339665 445.389 0 0
1500.0 88.848925 42.500972 18.249977 0.625365 0.761301 446.788 0 0
1500.0 84.071756 -41.763374 18.317246 0.498703 -0.817006 444.959 0 0
1500.0 90.519235 10.908849 17.912083 0.525587 0.187500 447.334 0 0
1500.0 28.492636 -15.993645 18.016246 -0.433982 -0.268408 448.986 0 0
1500.0 83.867053 -7.111525 17.921920 0.379246 -0.168562 448.122 0 0
1500.0 65.312585 -2.023019 17.930885 0.106338 0.041380 448.354 0 0
1500.0 87.540478 26.507956 17.991342 0.464834 0.433427 448.695 0 0
1500.0 84.474654 -55.226001 17.928100 0.417978 -0.860858 447.564 0 0
1500.0 73.030499 -15.585522 18.116149 0.219613 -0.286367 448.350 0 0
1500.0 54.097531 -16.116023 18.117303 -0.050407 -0.293075 448.556 0 0
1500.0 49.392109 39.529942 17.834786 -0.086175 0.618687 449.191 0 0
1500.0 58.377757 11.943020 17.844235 0.040303 0.226816 449.912 0 0
1500.0 91.935567 -8.678526 17.815257 0.544690 -0.131929 449.923 0 0
1500.0 3.837233 -32.382116 17.829156 -0.834311 -0.522741 448.015 0 0
1500.0 84.858605 -42.606571 18.093563 0.446096 -0.674954 449.434 0 0
1500.0 123.635081 -6.075235 17.833460 1.041476 -0.096658 447.388 0 0
1500.0 14.767479 -50.028117 17.816548 -0.704417 -0.755543 447.777 0 0
1500.0 9.749181 -44.058870 17.817159 -0.775651 -0.666070 447.980 0 0
1500.0 37.148469 -46.664167 17.829544 -0.365470 -0.685733 449.817 0 0
1500.0 3.002445 6.437260 17.825774 -0.856322 0.070332 449.412 0 0
1500.0 4.892638 13.640681 17.826389 -0.828431 0.173260 449.483 0 0
1500.0 7.825286 46.097065 17.816100 -0.808540 0.655201 447.576 0 0
1500.0 19.877389 43.969101 17.877333 -0.588763 0.682474 449.583 0 0
1500.0 107.422648 44.964021 17.800676 0.718976 0.731341 448.211 0 0
1500.0 44.696677 52.540616 17.810106 -0.194737 0.823453 449.770 0 0
1500.0 24.676112 39.174022 17.823601 -0.535693 0.598606 450.337 0 0
1500.0 7.602601 43.826545 17.886661 -0.767758 0.713454 448.221 0 0
1500.0 13.473054 44.577716 17.888900 -0.691186 0.735274 447.232 0 0
1500.0 94.867797 57.396249 17.823999 0.620603 0.843909 448.136 0 0
1500.0 119.118818 -23.181086 17.975405 0.991612 -0.338508 449.413 0 0
1500.0 109.897185 6.455609 18.118237 0.891959 0.100603 448.023 0 0
1500.0 27.093649 -51.234488 17.826424 -0.461120 -0.850890 447.697 0 0
1500.0 81.847457 62.880038 17.804215 0.416815 0.944993 449.891 0 0
1500.0 67.254404 2.440367 18.267719 0.124156 0.055910 447.231 0 0
1500.0 76.964305 41.506232 18.114593 0.383283 0.676684 447.952 0 0
1500.0 62.447024 49.470668 17.828113 -0.003842 0.790609 447.521 0 0
1500.0 75.165362 -23.610665 18.261965 0.299782 -0.431629 448.526 0 0
1500.0 59.702646 -21.019188 18.265163 0.065696 -0.393769 448.290 0 0
1500.0 61.229006 24.159985 17.978577 0.044837 0.448027 447.140 0 0
1500.0 95.864357 33.840327 17.815303 0.530006 0.579592 447.593 0 0
1500.0 47.405193 8.169232 18.228287 -0.183327 0.099884 448.130 0 0
1500.0 52.864404 -7.754980 17.965398 -0.053944 -0.197901 447.614 0 0
1500.0 -15.199527 -25.765512 17.799560 -1.116447 -0.458518 450.374 0 0
1500.0 36.278603 -16.588553 18.055563 -0.313881 -0.337212 447.782 0 0
1500.0 9.215313 -42.799834 17.800141 -0.796439 -0.596010 450.403 0 0
1500.0 53.519469 32.997090 17.818467 -0.131524 0.565250 448.416 0 0
1500.0 5.519704 5.473010 17.806450 -0.864150 0.134622 449.490 0 0
1500.0 21.167521 46.517898 17.801215 -0.617851 0.754685 450.204 0 0
1500.0 48.139070 -29.945870 17.885477 -0.225531 -0.461842 448.861 0 0
1500.0 68.266815 -18.920177 17.930788 0.237043 -0.334778 449.238 0 0
1500.0 -8.365510 -10.291688 17.867836 -1.103139 -0.209957 449.098 0 0
1500.0 94.513091 47.239638 18.192485 0.701791 0.834214 448.143 0 0
1500.0 112.454382 48.971853 17.954535 0.966072 0.838878 449.082 0 0
1500.0 70.994606 23.290303 18.080108 0.180609 0.474131 447.744 0 0
1500.0 90.676213 -23.225402 18.309496 0.549101 -0.376167 450.810 0 0
1500.0 80.845371 -37.203940 18.037351 0.397285 -0.567379 450.549 0 0
1500.0 66.497974 16.617204 18.017271 0.148421 0.299163 451.259 0 0
1500.0 51.882905 -13.292764 18.062337 -0.106405 -0.233789 452.023 0 0
1500.0 90.806405 -2.231784 18.091923 0.546405 0.003545 451.761 0 0
1500.0 60.218572 17.637797 17.827355 0.026819 0.317122 451.277 0 0
1500.0 44.463188 51.718660 17.898186 -0.215482 0.799748 450.780 0 0
1500.0 44.358499 9.772213 17.914974 -0.212599 0.198981 452.226 0 0
1500.0 94.290034 0.949008 17.876868 0.541850 0.077721 451.855 0 0
1500.0 91.825702 -5.724511 17.846183 0.546241 -0.087467 451.746 0 0
1500.0 67.631825 -32.013728 17.847731 0.205338 -0.456733 451.868 0 0
1500.0 57.024426 -19.120297 18.074624 0.050457 -0.323193 453.146 0 0
1500.0 67.264921 -18.305009 18.128735 0.208794 -0.303447 454.602 0 0
1500.0 -4.761574 -12.984162 17.817977 -0.980046 -0.160892 451.364 0 0
1500.0 20.582495 45.894413 17.822079 -0.605926 0.687790 452.036 0 0
1500.0 118.744506 -47.205477 17.833578 0.935968 -0.695213 453.479 0 0
1500.0 123.479246 4.923943 17.913990 1.036782 0.100422 452.261 0 0
1500.0 106.272396 -45.846337 17.837504 0.782824 -0.685806 452.496 0 0
1500.0 92.761044 -57.940893 17.837119 0.587104 -0.867304 452.187 0 0
1500.0 68.552480 -11.424837 17.865686 0.217930 -0.171692 455.960 0 0
1500.0 1.892614 -36.834097 17.815813 -0.840019 -0.621949 451.671 0 0
1500.0 160.009494 18.582499 17.835098 1.559857 0.289061 452.998 0 0
1500.0 114.484238 -8.250687 17.913307 0.877940 -0.155212 454.920 0 0
1500.0 101.627965 14.039645 17.990307 0.703084 0.201599 456.369 0 0
1500.0 111.934880 -9.787777 17.981621 0.909318 -0.143359 451.587 0 0
1500.0 -5.780256 -8.797037 17.855638 -1.018352 -0.156994 452.479 0 0
1500.0 9.710612 -6.408550 17.866660 -0.807741 -0.124520 450.763 0 0
1500.0 17.506538 -33.501257 17.866884 -0.639271 -0.501275 455.765 0 0
1500.0 43.122460 -46.808267 18.113001 -0.238621 -0.763972 451.642 0 0
1500.0 76.291790 -31.057718 18.120943 0.265823 -0.531178 450.964 0 0
1500.0 7.608535 -43.235069 17.844234 -0.820088 -0.646484 452.860 0 0
1500.0 116.273991 41.349495 17.894348 0.899411 0.696010 452.131 0 0
1500.0 54.294434 -18.004341 18.258706 0.015499 -0.349529 451.391 0 0
1500.0 104.778881 -12.258156 17.915307 0.793544 -0.151475 451.436 0 0
1500.0 92.899297 -45.580528 17.831632 0.605107 -0.708341 451.909 0 0
1500.0 122.902799 -9.601339 17.825207 1.035463 -0.157545 453.541 0 0
1500.0 -2.657482 -26.583680 17.883904 -0.928783 -0.461346 453.752 0 0
1500.0 123.897484 5.375891 17.798651 1.012966 0.009949 453.012 0 0
1500.0 20.718484 -5.000113 18.081806 -0.606634 -0.042075 452.006 0 0
1500.0 38.293538 -20.571294 17.893390 -0.368604 -0.282758 451.025 0 0
1500.0 72.620236 -53.277432 17.843626 0.221854 -0.886828 452.571 0 0
1500.0 65.698978 -1.076656 17.866371 0.119997 -0.095191 450.671 0 0
1500.0 81.316059 1.617859 17.863249 0.363609 -0.052801 450.868 0 0
1500.0 103.669729 -37.916733 17.823752 0.721113 -0.643562 453.073 0 0
1500.0 95.497404 -54.273618 17.819133 0.583637 -0.870744 454.627 0 0
1500.0 98.920482 -48.667057 17.820510 0.642529 -0.798053 453.759 0 0
1500.0 33.615170 -20.704476 17.842175 -0.349302 -0.393843 451.244 0 0
1500.0 81.956891 -20.421764 17.841148 0.403054 -0.388995 451.318 0 0
1500.0 18.379829 -52.251709 17.816548 -0.662865 -0.801623 454.161 0 0
1500.0 87.771456 -50.501807 18.064255 0.461742 -0.829223 454.152 0 0
1500.0 105.779293 -2.259688 18.058022 0.817673 0.007030 453.616 0 0
1500.0 -10.729987 4.437654 17.790873 -1.054672 0.002234 455.932 0 0
1500.0 69.374505 -51.763797 17.843441 0.182372 -0.865936 453.611 0 0
1500.0 110.587050 -9.818948 17.845380 0.813990 -0.226549 453.397 0 0
1500.0 22.164419 -47.753240 17.810376 -0.504593 -0.789023 453.991 0 0
1500.0 36.341404 -31.621002 18.066287 -0.349637 -0.542642 453.781 0 0
1500.0 148.866944 40.037420 17.906224 1.439714 0.679317 453.738 0 0
1500.0 113.291182 15.072260 17.852135 0.903888 0.271331 454.452 0 0
1500.0 95.086224 -10.191692 17.977421 0.622982 -0.239144 451.431 0 0
1500.0 113.994364 31.718545 17.838446 0.923533 0.446965 453.921 0 0
1500.0 41.431139 36.144160 17.814242 -0.308027 0.620780 453.589 0 0
1500.0 111.420750 -10.272617 17.907499 0.849228 -0.227589 454.842 0 0
1500.0 57.640293 -54.904850 17.906214 0.031010 -0.904450 454.996 0 0
1500.0 101.419439 -38.029240 17.904062 0.692405 -0.645483 455.286 0 0
1500.0 82.235266 -36.820964 17.983055 0.389899 -0.632606 455.234 0 0
1500.0 41.183603 -11.168425 18.217505 -0.275153 -0.135157 454.931 0 0
1500.0 144.943767 56.967776 17.886828 1.387458 0.892946 456.014 0 0
1500.0 19.554433 -36.994915 18.057675 -0.617077 -0.595237 456.304 0 0
1500.0 29.141538 49.962474 17.799475 -0.505498 0.802017 455.921 0 0
1500.0 58.785965 35.599955 18.121269 -0.008038 0.594053 455.621 0 0
1500.0 47.097125 31.463276 17.817924 -0.202429 0.555035 455.303 0 0
1500.0 139.954130 -2.979231 18.212548 1.441634 -0.018099 452.504 0 0
1500.0 -37.622822 -30.932736 17.908821 -1.579163 -0.531713 453.967 0 0
1500.0 56.174064 -39.390543 18.038230 -0.039553 -0.669077 456.456 0 0
1500.0 64.171921 8.902873 18.078189 0.142140 0.213307 455.851 0 0
1500.0 67.968667 23.388311 18.065317 0.109804 0.383930 456.330 0 0
1500.0 118.048676 56.842853 18.015952 1.056451 0.948477 454.147 0 0
1500.0 10.390039 21.247376 17.862466 -0.800226 0.421261 454.271 0 0
1500.0 39.593997 110.224283 17.945345 -0.266964 1.821703 455.836 0 0
1500.0 14.150282 -4.827501 18.017690 -0.744043 -0.164628 452.434 0 0
1500.0 28.251977 0.060412 18.261333 -0.541076 0.080515 451.798 0 0
1500.0 37.662619 -19.423620 18.058644 -0.325495 -0.271489 457.517 0 0
1500.0 77.746455 -10.581456 17.851871 0.345379 -0.162517 457.510 0 0
1500.0 43.053615 -53.178712 17.893520 -0.238515 -0.821318 456.667 0 0
1500.0 58.492820 36.656592 17.890952 -0.049082 0.548329 457.962 0 0
1500.0 80.027692 39.670365 17.977922 0.312648 0.626610 457.886 0 0
1500.0 80.952477 32.584013 18.196693 0.395755 0.512412 459.593 0 0
1500.0 88.251820 -5.600879 18.008785 0.502042 -0.051062 460.234 0 0
1500.0 70.079684 26.763962 17.974234 0.228101 0.427621 459.861 0 0
1500.0 34.222289 38.256334 17.813507 -0.384552 0.598793 459.487 0 0
1500.0 91.431855 24.643005 17.939702 0.552431 0.347509 460.697 0 0
1500.0 82.786490 11.893015 17.923754 0.408032 0.212784 461.339 0 0
1500.0 72.944493 63.482833 17.899786 0.287752 0.993769 457.036 0 0
1500.0 110.023859 40.162525 17.899020 0.829863 0.639631 457.800 0 0
1500.0 36.477276 -4.875981 17.820972 -0.363584 -0.029048 461.426 0 0
1500.0 82.377064 99.176643 17.824374 0.378130 1.541996 458.054 0 0
1500.0 54.040597 -39.728745 17.841232 -0.104680 -0.611979 461.499 0 0
1500.0 42.990910 -50.923486 18.029761 -0.238402 -0.835366 457.255 0 0
1500.0 128.043130 -13.193435 17.794440 1.098898 -0.247567 458.318 0 0
1500.0 47.538084 45.971632 18.054133 -0.202690 0.722749 457.188 0 0
1500.0 91.957098 32.729828 17.940978 0.516738 0.528118 462.377 0 0
1500.0 107.381898 9.114507 17.937392 0.793887 0.210544 457.074 0 0
1500.0 78.292970 12.546536 17.951730 0.319825 0.240192 463.272 0 0
1500.0 79.657240 50.393146 17.933025 0.368124 0.834085 457.565 0 0
1500.0 117.504284 20.930934 17.928006 0.929724 0.383163 458.385 0 0
1500.0 115.717740 1.918789 17.869765 0.927079 0.089154 457.653 0 0
1500.0 53.833078 66.692235 17.864194 -0.011116 1.032650 460.139 0 0
1500.0 35.043711 50.122222 17.859954 -0.323691 0.787005 462.251 0 0
1500.0 58.360966 48.226799 18.039441 -0.036272 0.766128 458.096 0 0
1500.0 67.885503 12.114889 17.844403 0.200112 0.140254 464.358 0 0
1500.0 123.134242 -1.596745 17.907885 1.046603 -0.030131 460.559 0 0
1500.0 107.826859 -44.175528 17.907828 0.817112 -0.656264 460.841 0 0
1500.0 111.254656 -6.383283 17.918571 0.839069 -0.097113 463.147 0 0
1500.0 111.196474 -33.747563 17.946352 0.879322 -0.523135 460.201 0 0
1500.0 101.533573 -45.274253 17.991641 0.730107 -0.714158 460.620 0 0
1500.0 123.610610 -8.897302 17.938262 1.029336 -0.179122 461.798 0 0
1500.0 122.406864 3.389509 17.883823 1.038785 0.042777 461.164 0 0
1500.0 100.370629 -47.475031 17.885267 0.716537 -0.718195 460.677 0 0
1500.0 71.559068 -23.990298 17.908758 0.266537 -0.342564 465.385 0 0
1500.0 104.361890 4.599896 17.898895 0.733636 0.057843 464.561 0 0
1500.0 121.919996 -9.197461 17.883747 1.030942 -0.144163 461.204 0 0
1500.0 85.142421 14.249756 18.114846 0.462103 0.306926 456.728 0 0
1500.0 48.100580 2.672780 17.835625 -0.141986 0.118811 457.735 0 0
1500.0 82.296267 17.230154 17.828942 0.392007 0.344906 458.175 0 0
1500.0 22.084535 40.992358 17.817501 -0.500817 0.655464 464.031 0 0
1500.0 9.090877 43.586310 17.807171 -0.720835 0.727244 460.688 0 0
1500.0 64.426068 27.774534 17.828953 0.113461 0.509270 458.174 0 0
1500.0 126.466210 9.881349 17.805794 1.024593 0.218439 461.675 0 0
1500.0 126.927922 2.244571 17.805988 1.038888 0.106326 461.189 0 0
1500.0 111.818799 36.755384 17.808518 0.795649 0.606179 462.733 0 0
1500.0 89.557609 56.758660 17.807562 0.473270 0.900321 462.502 0 0
1500.0 48.493606 46.380397 17.818632 -0.133143 0.788956 459.014 0 0
1500.0 -47.001858 88.341830 17.797914 -1.534426 1.365943 462.552 0 0
1500.0 61.231874 61.020492 17.799130 0.000406 0.983887 460.496 0 0
1500.0 100.891973 54.391748 17.795468 0.588916 0.866937 461.769 0 0
1500.0 90.784316 -36.731751 17.911642 0.473229 -0.632968 459.220 0 0
1500.0 106.747353 -7.760014 17.850561 0.802995 -0.063291 459.845 0 0
1500.0 116.094771 31.588466 17.838145 0.907309 0.518385 462.658 0 0
1500.0 107.304535 25.913319 17.844978 0.803852 0.449348 460.469 0 0
1500.0 124.264476 -14.442493 17.838730 1.022741 -0.158269 462.977 0 0
1500.0 38.141797 48.536974 17.862256 -0.324951 0.745770 464.948 0 0
1500.0 118.867374 -4.109933 17.971452 0.983793 -0.008654 461.590 0 0
1500.0 74.171207 35.242732 17.835705 0.215786 0.615918 459.536 0 0
1500.0 -36.262377 -111.699128 17.800908 -1.378841 -1.730635 462.380 0 0
1500.0 40.355281 -38.475945 17.982544 -0.254405 -0.595386 467.554 0 0
1500.0 87.344943 -24.124242 17.840382 0.531721 -0.379451 459.968 0 0
1500.0 8.133283 47.337532 17.804930 -0.718535 0.782295 461.628 0 0
1500.0 53.043755 -52.656961 17.974249 -0.015971 -0.863371 461.858 0 0
1500.0 112.439698 -35.880420 17.964635 0.860741 -0.591870 463.742 0 0
1500.0 65.495241 12.230545 17.869318 0.197555 0.206231 459.133 0 0
1500.0 88.754341 38.228840 17.836264 0.500936 0.574147 466.386 0 0
1500.0 41.713701 27.233005 17.912050 -0.256836 0.441077 467.425 0 0
1500.0 65.197954 -24.774228 17.951126 0.189873 -0.428136 460.613 0 0
1500.0 30.777651 -2.535212 18.039781 -0.416377 -0.006181 468.591 0 0
1500.0 91.187838 -5.739347 18.167552 0.610114 -0.056607 463.187 0 0
1500.0 92.802819 58.941553 17.821319 0.593888 0.897275 463.142 0 0
1500.0 35.224194 27.692836 18.083909 -0.394621 0.437922 461.426 0 0
1500.0 61.315986 30.650836 17.874957 0.082022 0.492468 467.936 0 0
1500.0 28.723804 26.118920 17.958097 -0.457296 0.494861 459.814 0 0
1500.0 81.401820 -15.533867 18.402528 0.435338 -0.260837 470.385 0 0
1500.0 89.651958 -27.771497 17.916649 0.491554 -0.509245 461.428 0 0
1500.0 132.214776 13.076409 17.894492 1.228466 0.134655 458.688 0 0
1500.0 78.253717 16.722727 17.855219 0.340493 0.253321 469.967 0 0
1500.0 121.482376 -16.756617 17.830889 0.996489 -0.304193 464.607 0 0
1500.0 89.712897 -41.797357 17.839710 0.537109 -0.694562 462.907 0 0
1500.0 94.998654 9.938831 17.850031 0.626975 0.097070 461.954 0 0
1500.0 23.758797 43.909430 17.920128 -0.573754 0.702124 463.435 0 0
1500.0 43.322459 49.324013 17.923537 -0.278758 0.788854 463.048 0 0
1500.0 3.101047 10.481037 17.819608 -0.909566 0.181825 463.557 0 0
1500.0 71.851607 -21.631811 18.173542 0.335320 -0.372908 460.647 0 0
1500.0 97.527831 -45.155026 17.822381 0.674081 -0.683094 464.095 0 0
1500.0 58.068698 10.682721 17.847429 0.070044 0.150414 469.714 0 0
1500.0 119.172774 -19.635763 17.818376 0.989057 -0.292435 464.968 0 0
1500.0 7.041962 30.760287 17.906090 -0.784602 0.535698 464.509 0 0
1500.0 48.167721 49.779758 17.911249 -0.165095 0.830987 463.867 0 0
1500.0 46.091782 0.832839 17.930211 -0.179463 0.077106 470.185 0 0
1500.0 78.626133 -43.479394 17.811142 0.383583 -0.702327 463.556 0 0
1500.0 60.370496 52.170732 17.859413 0.070795 0.863850 464.372 0 0
1500.0 20.997089 52.468844 17.869948 -0.552184 0.829792 467.856 0 0
1500.0 121.808899 13.581955 17.803067 1.002235 0.189212 467.447 0 0
1500.0 16.439496 1.873157 18.035395 -0.736688 0.093759 459.020 0 0
1500.0 63.823835 -3.449922 17.876440 0.016365 -0.046579 462.845 0 0
1500.0 121.922713 -6.413338 17.883356 1.033566 -0.171307 463.149 0 0
1500.0 79.062137 62.064810 17.816486 0.279471 0.994412 466.108 0 0
1500.0 51.479162 62.667023 17.817426 -0.133553 1.007770 465.819 0 0
1500.0 60.740461 8.010070 17.845555 0.005146 0.173894 470.816 0 0
1500.0 14.518257 -38.978397 17.816542 -0.654148 -0.626984 469.178 0 0
1500.0 70.992037 -60.191410 17.814273 0.158542 -0.936339 468.854 0 0
1500.0 114.627530 -18.481058 17.829804 0.932173 -0.280958 465.905 0 0
1500.0 119.556498 -5.823103 17.828034 1.001520 -0.089090 466.247 0 0
1500.0 116.486643 0.830786 17.830440 0.961805 0.011082 465.800 0 0
1500.0 91.880004 59.157859 17.825590 0.576407 0.875153 467.257 0 0
1500.0 75.038208 39.040032 17.857427 0.339595 0.623722 464.646 0 0
1500.0 123.180220 -25.204630 17.884098 1.032363 -0.412935 467.581 0 0
1500.0 -2.115782 24.900082 17.898189 -0.960649 0.360439 467.018 0 0
1500.0 69.541854 -7.660863 17.926739 0.113136 -0.131045 464.021 0 0
1500.0 101.206005 46.928928 17.916171 0.707040 0.751060 467.564 0 0
1500.0 99.585800 26.142935 18.086740 0.679831 0.468967 466.915 0 0
1500.0 98.445310 4.067420 18.306044 0.679305 0.083708 473.347 0 0
1500.0 100.060432 12.928734 17.935856 0.746399 0.247963 464.333 0 0
1500.0 55.963198 34.050366 18.083301 0.006709 0.556117 471.874 0 0
1500.0 84.466086 9.555475 18.733797 0.532669 0.211398 469.449 0 0
1500.0 109.417185 19.004266 17.933593 0.791629 0.361673 468.542 0 0
1500.0 81.979562 84.093488 17.895285 0.324127 1.413213 464.265 0 0
1500.0 89.648824 -13.156525 17.979842 0.577388 -0.173588 468.274 0 0
1500.0 72.122866 4.662788 17.987583 0.277132 0.090941 475.373 0 0
1500.0 69.533746 -57.948398 17.914394 0.239934 -0.933799 469.338 0 0
1500.0 30.312746 -20.664859 17.967591 -0.533209 -0.394237 463.761 0 0
1500.0 112.888319 27.137568 17.816062 0.893981 0.370942 470.188 0 0
1500.0 88.269376 2.068576 17.834282 0.535888 -0.008990 468.368 0 0
1500.0 97.134558 -16.904220 17.827259 0.668250 -0.301909 468.917 0 0
1500.0 103.320505 0.634112 18.144406 0.800988 0.003408 471.065 0 0
1500.0 28.932828 -24.490186 17.935182 -0.506951 -0.405820 470.001 0 0
1500.0 14.355787 30.530384 17.927019 -0.723384 0.437190 470.739 0 0
1500.0 37.790950 -7.199671 17.947645 -0.338927 -0.094775 476.937 0 0
1500.0 40.342414 38.639706 17.950957 -0.245971 0.669186 470.467 0 0
1500.0 97.965764 37.043235 18.076580 0.621984 0.631948 472.607 0 0
1500.0 96.648933 -9.171877 17.832788 0.603465 -0.123332 478.202 0 0
1500.0 49.219578 -57.332136 18.006817 -0.130269 -0.933520 473.071 0 0
1500.0 39.059860 -19.455380 17.919225 -0.319524 -0.266719 481.485 0 0
1500.0 166.746889 45.027516 17.888758 1.755008 0.667050 471.872 0 0
1500.0 123.702407 11.380508 17.812353 1.038870 0.139643 474.730 0 0
1500.0 83.847625 -55.581447 17.903934 0.390322 -0.870715 479.005 0 0
1500.0 38.441737 -26.454231 17.920515 -0.282781 -0.486339 474.068 0 0
1500.0 81.486477 -49.579564 17.909033 0.352898 -0.776766 479.688 0 0
1500.0 62.836242 -56.119560 17.907936 0.087442 -0.871521 479.558 0 0
1500.0 105.803495 -46.145475 17.898740 0.725422 -0.755130 477.152 0 0
1500.0 31.200303 -54.791891 17.902663 -0.383876 -0.899244 475.921 0 0
1500.0 84.622143 -50.607263 17.904668 0.422101 -0.840263 475.605 0 0
1500.0 48.123861 -50.625970 17.868188 -0.148644 -0.791270 479.937 0 0
1500.0 71.869635 -58.236715 17.859871 0.200479 -0.951400 476.119 0 0
1500.0 4.670839 -33.767903 17.858606 -0.808440 -0.580498 476.387 0 0
1500.0 105.047494 -47.524613 17.856504 0.684696 -0.772534 477.625 0 0
1500.0 139.193068 103.016191 17.828047 1.292776 1.635962 475.465 0 0
1500.0 84.827889 3.668903 17.890205 0.434327 0.007224 481.843 0 0
1500.0 46.253703 -65.226445 17.884516 -0.178998 -1.032387 479.129 0 0
1500.0 41.330994 10.053080 18.094305 -0.241157 0.194551 484.880 0 0
1500.0 41.893198 -32.110778 17.918254 -0.215363 -0.592563 474.101 0 0
1500.0 63.800738 -60.071150 17.836887 0.042713 -0.968390 480.111 0 0
1500.0 32.500408 -60.826245 17.833019 -0.417721 -0.950315 482.163 0 0
1500.0 57.144165 -34.364540 17.961196 -0.022035 -0.546207 485.553 0 0
1500.0 67.312125 -6.455915 17.968178 0.133752 -0.173439 478.301 0 0
1500.0 77.540851 -14.078914 18.538212 0.383092 -0.340605 469.841 0 0
1500.0 129.039960 36.897080 18.228894 1.256541 0.632293 477.412 0 0
1500.0 81.003911 -41.791235 17.899273 0.437307 -0.684229 479.226 0 0
1500.0 107.626157 -61.426762 17.958196 0.845789 -1.053373 477.638 0 0
1500.0 86.485707 36.898085 17.862358 0.413318 0.593053 486.027 0 0
1500.0 65.444278 60.462610 17.851682 0.117378 0.943423 484.783 0 0
1500.0 105.195718 44.134980 17.847511 0.716349 0.734557 482.277 0 0
1500.0 8.113653 31.754512 17.852671 -0.746742 0.557599 481.292 0 0
1500.0 70.402985 52.661523 17.857065 0.186966 0.822589 485.488 0 0
1500.0 100.878584 39.375715 17.852103 0.660729 0.672483 481.372 0 0
1500.0 46.568538 15.585855 17.873310 -0.167617 0.321070 479.460 0 0
1500.0 145.911619 2.537693 17.837627 1.438668 -0.011096 479.280 0 0
1500.0 99.848209 86.097734 17.993890 0.662066 1.444903 478.727 0 0
1500.0 101.067909 62.796509 17.801919 0.723229 0.950229 482.278 0 0
1500.0 100.903132 44.891463 18.032927 0.761441 0.779294 478.654 0 0
1500.0 98.385870 9.092822 18.032495 0.686312 0.075537 482.817 0 0
1500.0 97.929334 43.763113 17.896877 0.660610 0.715591 485.050 0 0
1500.0 150.385340 -56.784158 18.022125 1.554208 -0.918456 482.842 0 0
1500.0 96.434834 19.287354 17.909509 0.608012 0.355663 488.426 0 0
1500.0 13.596654 -25.282760 17.948538 -0.729364 -0.417706 487.005 0 0
1500.0 26.355718 -47.099629 17.944878 -0.531669 -0.745068 487.429 0 0
1500.0 136.353336 69.824442 17.806394 1.193531 1.131904 490.341 0 0
1500.0 78.147544 48.207268 17.821991 0.345301 0.726339 494.812 0 0
1500.0 65.710579 -65.654287 17.833258 0.095701 -1.043630 492.352 0 0
1500.0 16.224089 -33.337092 17.842427 -0.657037 -0.582686 490.307 0 0
1500.0 62.585632 -65.966208 17.833694 0.049006 -1.039405 492.926 0 0
1500.0 108.041301 14.549593 17.985660 0.882204 0.305645 488.335 0 0
1500.0 92.242708 15.080885 17.814924 0.581528 0.177658 493.631 0 0
1500.0 21.758264 -58.427089 17.795405 -0.485316 -0.910646 497.495 0 0
1500.0 79.156883 -61.345379 17.796483 0.354933 -0.948935 497.820 0 0
