Total number of secondary electrons: 2672
1500.0 131.781138 -20.392862 18.213565 1.877099 -0.435380 250.078 0 0
1500.0 120.284618 8.190594 15.872650 1.220264 0.152706 269.165 0 0
1500.0 89.826559 5.624902 14.659064 0.582030 0.121027 277.111 0 0
1500.0 102.979433 -4.635594 15.840274 0.815093 -0.027117 283.164 0 0
1500.0 80.648993 -4.432888 14.575021 0.398213 -0.043682 285.267 0 0
1500.0 98.419237 14.975156 14.799682 0.617512 0.212066 291.501 0 0
1500.0 99.950263 11.228070 15.253264 0.706480 0.153419 292.303 0 0
1500.0 89.137442 4.603037 15.671055 0.614898 0.001607 292.706 0 0
1500.0 104.701277 -10.600528 14.858827 0.809042 -0.215733 294.146 0 0
1500.0 55.664095 2.538557 14.522538 0.011731 -0.010463 297.280 0 0
1500.0 84.511424 4.032907 15.059515 0.431048 0.103470 298.632 0 0
1500.0 28.546186 31.433215 14.230132 -0.387071 0.421930 298.936 0 0
1500.0 73.582574 -21.252527 15.289861 0.266598 -0.313532 301.069 0 0
1500.0 108.878547 6.447269 14.334595 0.655488 0.063167 301.860 0 0
1500.0 86.608407 -50.754477 14.364570 0.395881 -0.597899 302.167 0 0
1500.0 84.091864 -49.048847 14.386452 0.368641 -0.574604 302.356 0 0
1500.0 97.592507 10.802566 15.480301 0.614657 0.155030 302.730 0 0
1500.0 87.411009 16.641862 15.245650 0.433035 0.237305 302.762 0 0
1500.0 90.572085 -14.389872 14.860697 0.483051 -0.192075 302.947 0 0
1500.0 131.638342 -13.151432 14.453728 0.900222 -0.160643 303.694 0 0
1500.0 111.153272 23.322094 15.848324 0.977037 0.366669 303.744 0 0
1500.0 94.673861 34.373898 14.736300 0.448844 0.450314 304.625 0 0
1500.0 89.330704 13.165397 15.989084 0.533801 0.196508 305.133 0 0
1500.0 62.141252 3.704948 15.485075 0.114801 0.015583 307.440 0 0
1500.0 88.687666 -17.467421 15.306796 0.458519 -0.257195 309.121 0 0
1500.0 101.884814 12.924717 16.651511 0.895102 0.231081 309.429 0 0
1500.0 101.331531 -46.270520 14.695393 0.501429 -0.588060 311.230 0 0
1500.0 -0.472855 53.842137 14.601432 -0.741498 0.617380 311.630 0 0
1500.0 79.733741 -7.342913 16.104542 0.452332 -0.123927 312.199 0 0
1500.0 100.591986 2.191080 14.724626 0.496533 0.012268 312.783 0 0
1500.0 89.007925 14.086749 15.603258 0.468415 0.220142 312.804 0 0
1500.0 64.949797 6.365075 14.888058 0.126449 0.134279 312.921 0 0
1500.0 72.899969 -1.538361 14.889825 0.221094 0.040029 312.973 0 0
1500.0 95.582966 -8.859600 15.996244 0.621796 -0.162574 313.196 0 0
1500.0 97.098838 18.257934 14.923798 0.503485 0.272683 313.962 0 0
1500.0 73.701021 -81.009255 14.693618 0.246635 -0.990823 314.309 0 0
1500.0 87.960066 39.785727 14.938544 0.393865 0.523532 314.394 0 0
1500.0 71.892649 -5.809581 15.849890 0.265817 -0.103618 315.114 0 0
1500.0 130.179822 5.568747 14.957940 1.024504 0.042583 315.437 0 0
1500.0 82.764469 19.459043 15.926075 0.457937 0.306350 315.449 0 0
1500.0 89.352780 2.788565 15.675580 0.532455 0.043012 315.617 0 0
1500.0 88.417803 -81.589311 14.770379 0.387327 -0.973287 316.090 0 0
1500.0 98.337978 0.699934 16.763067 0.746284 0.031247 316.494 0 0
1500.0 145.235245 -12.624089 14.787818 1.031410 -0.184379 316.524 0 0
1500.0 75.056913 -16.697982 14.919013 0.241038 -0.267754 318.189 0 0
1500.0 126.837995 4.923813 17.293887 1.337319 0.081159 319.178 0 0
1500.0 81.774836 -8.319056 16.300443 0.412047 -0.106898 319.290 0 0
1500.0 33.462278 -52.414556 15.025745 -0.278978 -0.706060 319.585 0 0
1500.0 -125.739936 -16.871909 15.183250 -2.565606 -0.254591 319.949 0 0
1500.0 95.876722 9.536295 16.111419 0.622341 0.090767 320.356 0 0
1500.0 127.373550 -17.120507 15.113060 0.873569 -0.264689 320.703 0 0
1500.0 84.814327 -9.323869 16.727788 0.530484 -0.145172 321.012 0 0
1500.0 82.985303 15.935752 16.613681 0.477176 0.231315 321.338 0 0
1500.0 90.708317 18.158424 16.955735 0.627972 0.294031 322.319 0 0
1500.0 81.549644 25.914837 15.559846 0.290132 0.328595 322.815 0 0
1500.0 81.424118 -17.492205 15.638865 0.384943 -0.221035 322.843 0 0
1500.0 87.096183 -16.517654 15.658307 0.451611 -0.208705 323.097 0 0
1500.0 114.044816 -4.707578 15.648401 0.780673 -0.071837 323.314 0 0
1500.0 85.495586 7.663921 17.545811 0.596619 0.135583 323.456 0 0
1500.0 60.218116 -2.254608 15.624925 0.062208 0.027991 323.478 0 0
1500.0 82.762553 -0.372700 17.108622 0.539917 0.024840 324.172 0 0
1500.0 74.477550 11.414954 16.636695 0.309176 0.158829 324.699 0 0
1500.0 86.562175 -17.603491 16.790156 0.513972 -0.256403 324.940 0 0
1500.0 88.918392 3.447867 16.351841 0.454353 0.067233 325.510 0 0
1500.0 96.975121 -2.941707 16.496926 0.640073 -0.028751 326.103 0 0
1500.0 89.914217 15.971843 16.301125 0.518078 0.192647 326.778 0 0
1500.0 79.891293 -9.866657 16.799039 0.379437 -0.144814 327.306 0 0
1500.0 80.695634 4.274341 16.765159 0.396678 0.056253 327.660 0 0
1500.0 98.136892 -21.133585 15.847809 0.610501 -0.270973 328.078 0 0
1500.0 19.025533 -31.736912 15.764563 -0.545947 -0.413608 328.681 0 0
1500.0 79.953739 -0.638316 16.203922 0.353344 -0.062411 328.804 0 0
1500.0 8.770237 21.408695 15.774334 -0.672370 0.247366 328.825 0 0
1500.0 56.259833 6.529614 15.908168 -0.033660 0.139752 329.452 0 0
1500.0 77.615277 9.884822 16.286662 0.259469 0.163116 329.577 0 0
1500.0 99.614075 -10.693972 17.595896 0.866924 -0.225772 330.033 0 0
1500.0 55.653156 -56.822914 15.808316 -0.090436 -0.712279 330.078 0 0
1500.0 92.292929 4.990967 17.617644 0.660555 0.086233 330.378 0 0
1500.0 87.289105 56.373336 15.860507 0.400863 0.716449 330.405 0 0
1500.0 128.765111 -10.400687 16.265497 1.130367 -0.180165 330.538 0 0
1500.0 101.684963 28.748823 15.923758 0.528115 0.412276 330.624 0 0
1500.0 70.978924 51.357762 15.924985 0.148408 0.690277 330.784 0 0
1500.0 82.600229 -27.284028 16.442865 0.405464 -0.380729 331.351 0 0
1500.0 86.891165 8.525377 16.243264 0.480838 0.144716 331.836 0 0
1500.0 73.290033 70.650784 15.949683 0.173748 0.911613 332.259 0 0
1500.0 106.269530 1.531813 16.528481 0.714666 0.046512 332.311 0 0
1500.0 64.945977 20.665326 16.711850 0.149703 0.285873 332.370 0 0
1500.0 83.931451 -59.846807 16.088239 0.388375 -0.833957 332.714 0 0
1500.0 73.941448 11.778773 17.878325 0.395426 0.198025 332.943 0 0
1500.0 -3.284405 -57.626748 15.861624 -0.780915 -0.697680 333.073 0 0
1500.0 57.240730 21.201141 16.325982 0.042108 0.320908 333.112 0 0
1500.0 62.587794 4.703545 15.957852 0.033418 0.001072 333.531 0 0
1500.0 134.258881 15.872733 17.165604 1.406634 0.290541 333.867 0 0
1500.0 37.727883 31.098832 16.271586 -0.253699 0.472462 333.873 0 0
1500.0 22.557886 -77.193767 15.958036 -0.465739 -0.934237 334.633 0 0
1500.0 78.999700 -6.974498 17.071845 0.418850 -0.131454 335.136 0 0
1500.0 139.323588 -100.602095 16.383553 1.315163 -1.578705 335.361 0 0
1500.0 85.317010 -78.352107 16.085827 0.378477 -1.087474 335.416 0 0
1500.0 89.116062 4.275415 16.986626 0.531390 0.007901 335.905 0 0
1500.0 98.001514 -6.450317 16.733686 0.622813 -0.099682 336.123 0 0
1500.0 78.618662 -12.044130 16.118030 0.215488 -0.192918 336.242 0 0
1500.0 76.354108 -74.682996 16.049562 0.220124 -0.968384 336.558 0 0
1500.0 107.925437 24.550063 17.149857 0.951719 0.482157 336.841 0 0
1500.0 69.608677 -37.029939 16.520716 0.186387 -0.515954 337.297 0 0
1500.0 56.233633 -15.691240 16.736576 0.015592 -0.204187 337.478 0 0
1500.0 65.660304 -9.134697 16.597205 0.098412 -0.121240 337.503 0 0
1500.0 74.564175 8.507684 16.470560 0.229815 0.164075 337.663 0 0
1500.0 132.852543 -22.342055 16.442913 1.125774 -0.345773 337.803 0 0
1500.0 126.402116 -54.922263 16.097145 0.914538 -0.703270 337.946 0 0
1500.0 98.370818 -2.330677 17.107379 0.658785 -0.049227 338.181 0 0
1500.0 119.958283 153.339905 16.468939 0.936150 2.315747 338.371 0 0
1500.0 31.315659 12.684824 16.353930 -0.375463 0.149881 338.807 0 0
1500.0 78.569737 -3.058419 16.868827 0.341429 -0.097627 338.919 0 0
1500.0 80.490777 -2.174106 17.755296 0.493244 0.025340 339.044 0 0
1500.0 92.460411 -18.383918 16.860827 0.569850 -0.237327 339.438 0 0
1500.0 94.597809 -2.843128 16.475076 0.579592 -0.054007 339.681 0 0
1500.0 61.547333 33.671359 16.258020 0.028818 0.423924 340.012 0 0
1500.0 93.388124 42.864451 16.378559 0.517399 0.581117 340.164 0 0
1500.0 143.849812 -26.355572 16.158654 1.162501 -0.348585 340.236 0 0
1500.0 22.317483 -40.224814 16.337218 -0.486728 -0.537039 340.272 0 0
1500.0 66.094075 -30.064501 16.904756 0.163592 -0.515050 340.262 0 0
1500.0 91.099498 -3.767061 16.828357 0.547276 -0.076502 340.808 0 0
1500.0 59.852811 -32.699778 16.754450 0.066465 -0.527228 340.880 0 0
1500.0 108.739144 48.153731 16.526011 0.735989 0.715900 340.916 0 0
1500.0 97.592419 -3.623426 16.488133 0.663964 -0.004216 340.973 0 0
1500.0 59.671764 65.789031 16.477716 -0.006425 0.994961 341.044 0 0
1500.0 86.966705 14.140222 17.771830 0.554781 0.239461 341.702 0 0
1500.0 98.717816 -24.855956 17.000026 0.770974 -0.435396 341.914 0 0
1500.0 22.613512 -64.749142 16.240867 -0.425185 -0.885621 342.092 0 0
1500.0 90.358819 -8.854293 16.795139 0.535373 -0.141642 342.151 0 0
1500.0 91.723639 7.982607 16.655263 0.594536 0.075433 342.796 0 0
1500.0 103.142610 -25.974274 16.901354 0.761488 -0.390072 343.074 0 0
1500.0 73.512852 -0.662531 17.003212 0.218594 -0.035859 343.328 0 0
1500.0 145.015591 -22.221503 16.280171 1.174893 -0.237135 343.354 0 0
1500.0 112.718597 10.518500 16.552342 0.803930 0.220657 343.566 0 0
1500.0 125.668315 26.311959 16.330423 0.947766 0.355675 343.662 0 0
1500.0 115.861769 -28.895035 17.094309 0.964756 -0.463191 343.753 0 0
1500.0 62.807655 17.551074 17.001541 0.137574 0.283596 344.251 0 0
1500.0 127.805381 32.613297 16.562833 1.123383 0.490928 344.522 0 0
1500.0 104.287292 28.419467 17.417116 0.920069 0.538818 344.721 0 0
1500.0 45.587539 -23.223556 16.486869 -0.177267 -0.366185 344.946 0 0
1500.0 148.776461 -50.631332 16.343128 1.355991 -0.728776 345.041 0 0
1500.0 118.026433 29.488197 16.536642 0.926779 0.381049 345.139 0 0
1500.0 127.768015 4.913353 16.301511 0.971117 0.053673 345.472 0 0
1500.0 67.178248 -3.140257 17.290065 0.226486 -0.079280 345.840 0 0
1500.0 73.745509 2.214276 16.870139 0.278422 0.093807 345.859 0 0
1500.0 35.258626 15.334373 16.355680 -0.282337 0.272625 345.873 0 0
1500.0 97.436080 13.857586 17.001951 0.619496 0.233039 345.967 0 0
1500.0 82.572456 38.248428 16.580317 0.382453 0.564112 345.974 0 0
1500.0 209.379657 -21.781042 16.355145 2.226505 -0.282857 346.278 0 0
1500.0 74.857446 19.571082 17.001825 0.286467 0.298630 346.547 0 0
1500.0 46.332698 -7.243741 16.638069 -0.156441 -0.147229 346.539 0 0
1500.0 61.829813 30.894255 17.013988 0.061278 0.468459 346.570 0 0
1500.0 42.429436 -21.716098 16.650656 -0.221282 -0.314565 346.642 0 0
1500.0 99.441006 -21.525088 16.841909 0.713217 -0.309140 346.654 0 0
1500.0 99.791659 -23.801469 16.510390 0.568108 -0.379820 346.688 0 0
1500.0 72.784638 -89.232802 16.589297 0.281501 -1.353697 346.843 0 0
1500.0 41.925258 -0.805094 16.304673 -0.222211 -0.079612 346.982 0 0
1500.0 87.488323 -36.059482 16.693743 0.488065 -0.647994 347.434 0 0
1500.0 52.050595 38.973408 16.713792 -0.046695 0.588357 347.522 0 0
1500.0 79.421045 -13.536474 16.874933 0.349839 -0.159276 347.551 0 0
1500.0 84.916677 -6.880929 18.401088 0.624511 -0.070659 347.539 0 0
1500.0 39.837605 4.106168 16.640517 -0.290829 0.027201 347.684 0 0
1500.0 117.282625 -67.717761 16.584490 0.971590 -1.040852 347.662 0 0
1500.0 65.417137 14.637148 16.944435 0.184178 0.200078 347.777 0 0
1500.0 141.505650 44.365937 16.651548 1.318169 0.636085 347.802 0 0
1500.0 87.876508 -49.040944 16.479306 0.436965 -0.722672 347.853 0 0
1500.0 36.893287 -37.738043 16.681952 -0.327078 -0.574425 347.902 0 0
1500.0 71.090196 6.163264 16.885748 0.247268 0.146880 348.007 0 0
1500.0 76.010141 -1.036145 17.487375 0.414331 -0.075338 348.161 0 0
1500.0 56.877875 -26.168962 17.466109 0.053680 -0.482054 348.586 0 0
1500.0 52.647984 32.944881 17.000991 -0.056869 0.516661 348.998 0 0
1500.0 78.381442 -5.234271 17.136589 0.407574 -0.016693 349.017 0 0
1500.0 117.779350 3.543884 16.431982 0.858716 0.084364 349.021 0 0
1500.0 74.691144 -6.426576 17.473853 0.376178 -0.141543 349.037 0 0
1500.0 79.770791 -33.727719 16.505982 0.280896 -0.447049 349.133 0 0
1500.0 98.524070 -35.837260 16.903092 0.694588 -0.528466 349.235 0 0
1500.0 76.366850 45.443436 16.848343 0.287209 0.747073 349.265 0 0
1500.0 82.605975 14.501965 17.239589 0.408373 0.209522 349.529 0 0
1500.0 65.964786 -47.789220 16.749879 0.148276 -0.768896 349.938 0 0
1500.0 60.760990 -38.652048 16.373217 0.101694 -0.549523 350.449 0 0
1500.0 113.505168 10.437781 16.637592 0.831631 0.153530 350.655 0 0
1500.0 75.150836 -6.020692 16.971250 0.287922 -0.020686 350.707 0 0
1500.0 53.764186 28.982464 16.789603 -0.007554 0.450950 350.904 0 0
1500.0 87.670093 -11.083800 17.605105 0.569588 -0.189090 350.953 0 0
1500.0 -56.545917 31.784633 16.571658 -1.762233 0.534165 351.104 0 0
1500.0 85.745320 14.558340 16.597645 0.381956 0.214591 351.354 0 0
1500.0 88.257703 -5.897849 18.019143 0.637626 -0.090230 351.577 0 0
1500.0 69.474650 45.141653 16.717447 0.176721 0.668234 351.634 0 0
1500.0 78.292253 31.036752 16.787707 0.267451 0.488269 351.665 0 0
1500.0 66.749531 -0.216213 16.441487 0.171930 -0.056043 351.986 0 0
1500.0 105.041074 2.091263 16.741072 0.715424 0.078220 351.997 0 0
1500.0 58.356613 -65.622242 16.344778 0.042699 -0.925474 352.260 0 0
1500.0 80.283659 -16.895917 16.754465 0.408661 -0.254066 352.336 0 0
1500.0 69.181857 9.961259 16.716558 0.236216 0.191985 352.381 0 0
1500.0 56.940361 -30.779280 16.393933 -0.064404 -0.390677 352.667 0 0
1500.0 112.048989 5.811511 17.091815 1.043186 0.079679 352.740 0 0
1500.0 99.593959 47.082852 16.632569 0.641096 0.741159 352.873 0 0
1500.0 120.187676 -15.707741 16.564780 0.908169 -0.209635 353.032 0 0
1500.0 65.800814 -33.318839 16.807909 0.141986 -0.503749 353.079 0 0
1500.0 126.091969 22.706697 16.345420 0.955176 0.318906 353.132 0 0
1500.0 117.665283 41.518637 16.345745 0.843205 0.564621 353.265 0 0
1500.0 81.641199 28.908332 16.547246 0.406805 0.407845 353.260 0 0
1500.0 88.898410 -5.271363 16.966578 0.479174 -0.039721 353.288 0 0
1500.0 93.326290 16.107434 16.395714 0.549435 0.204785 353.363 0 0
1500.0 54.822246 -31.727061 16.550802 -0.082456 -0.435811 353.632 0 0
1500.0 89.398568 5.085063 17.003436 0.535484 0.117334 353.723 0 0
1500.0 84.759616 9.486774 18.300634 0.600705 0.152986 354.025 0 0
1500.0 76.727236 41.584103 16.713342 0.310858 0.753618 354.076 0 0
1500.0 85.353211 -2.860642 16.537030 0.408559 0.026084 354.144 0 0
1500.0 134.142378 5.636483 16.399556 1.043756 0.093528 354.374 0 0
1500.0 58.659458 -10.533376 16.809460 -0.003439 -0.159356 354.356 0 0
1500.0 77.132426 -18.781337 16.489905 0.336413 -0.271353 354.387 0 0
1500.0 52.247509 -22.074594 16.651663 -0.168339 -0.374513 354.361 0 0
1500.0 102.755819 -12.103874 16.404833 0.659586 -0.122914 354.461 0 0
1500.0 86.179269 5.051902 17.316169 0.476133 0.048250 354.520 0 0
1500.0 73.384522 -30.393001 16.497086 0.284482 -0.428918 354.572 0 0
1500.0 44.064150 -6.121039 16.816481 -0.170167 -0.100252 354.646 0 0
1500.0 88.279284 -60.115344 16.489338 0.449345 -0.843008 354.710 0 0
1500.0 83.233831 1.375283 16.812957 0.389348 0.047417 354.884 0 0
1500.0 65.418306 -12.308787 16.767280 0.123777 -0.256094 355.100 0 0
1500.0 39.864891 26.636307 16.457428 -0.320039 0.360860 355.177 0 0
1500.0 124.040724 9.101640 16.635399 0.949995 0.137933 355.329 0 0
1500.0 50.401303 50.799299 16.626858 -0.092862 0.831538 355.400 0 0
1500.0 43.239174 60.994493 16.447044 -0.147819 0.859445 355.469 0 0
1500.0 109.849607 25.360942 16.547590 0.768383 0.325402 355.821 0 0
1500.0 87.159570 0.447551 16.655767 0.465634 -0.042231 355.852 0 0
1500.0 102.251158 -30.509257 16.659474 0.647220 -0.464657 356.149 0 0
1500.0 119.897731 40.391534 16.646931 0.989175 0.640196 356.313 0 0
1500.0 72.930771 -5.322711 16.974668 0.254164 -0.010157 356.320 0 0
1500.0 125.691689 -18.957878 16.484391 0.947602 -0.210809 356.317 0 0
1500.0 67.841933 58.630748 16.496035 0.163150 0.848522 356.466 0 0
1500.0 76.322700 -0.545314 16.981153 0.337621 0.051138 356.680 0 0
1500.0 59.875855 22.533844 16.560514 0.008725 0.378978 356.676 0 0
1500.0 123.526635 -7.806026 16.513932 0.921833 -0.056966 356.742 0 0
1500.0 89.667726 5.419906 16.564681 0.420723 0.141664 356.796 0 0
1500.0 24.885901 7.736177 16.566439 -0.482834 0.039676 356.909 0 0
1500.0 90.980168 16.744339 16.571508 0.437690 0.297473 356.992 0 0
1500.0 67.137119 -40.496840 16.639076 0.088299 -0.604348 357.184 0 0
1500.0 30.974008 1.917026 16.615394 -0.438280 0.044357 357.264 0 0
1500.0 123.212460 -44.099044 16.551932 0.835622 -0.630640 357.377 0 0
1500.0 58.204518 -40.484859 16.859514 0.036855 -0.611842 357.366 0 0
1500.0 126.213673 -20.884422 16.617493 0.967023 -0.288167 357.414 0 0
1500.0 101.059662 54.872879 16.544110 0.601730 0.785964 357.591 0 0
1500.0 96.382122 50.083068 16.661534 0.585337 0.694168 357.638 0 0
1500.0 121.755647 -35.924406 16.631996 0.904793 -0.483503 357.729 0 0
1500.0 100.103065 -9.955459 17.390304 0.687839 -0.179095 357.922 0 0
1500.0 97.656240 59.881063 16.559673 0.553972 0.848515 357.941 0 0
1500.0 32.577331 -16.444949 16.760391 -0.418866 -0.184890 358.149 0 0
1500.0 65.187594 -12.530244 17.151303 0.187073 -0.189810 358.189 0 0
1500.0 81.337501 4.927494 17.749458 0.492266 0.107071 358.323 0 0
1500.0 86.605954 -11.704972 16.719226 0.475291 -0.176441 358.483 0 0
1500.0 -14.108270 18.939660 16.654802 -1.002957 0.248019 358.532 0 0
1500.0 140.321392 40.858064 16.764312 1.235391 0.585004 358.582 0 0
1500.0 68.198594 -58.278169 16.703589 0.176679 -0.849369 359.114 0 0
1500.0 80.940123 18.310720 17.004885 0.323567 0.308434 359.194 0 0
1500.0 1.779347 -10.292453 16.796827 -0.809332 -0.128016 359.269 0 0
1500.0 73.805089 -32.957739 16.967908 0.202313 -0.492733 359.329 0 0
1500.0 87.731661 31.525527 17.280482 0.467635 0.525571 359.325 0 0
1500.0 98.592841 39.328930 16.870534 0.580613 0.594986 359.363 0 0
1500.0 61.610291 -48.820213 17.248544 0.106033 -0.823992 359.394 0 0
1500.0 77.793754 63.139552 16.766405 0.337497 0.921248 359.402 0 0
1500.0 16.942396 66.502240 16.636833 -0.501730 0.916037 359.591 0 0
1500.0 42.620592 3.177701 16.866337 -0.261984 0.053234 359.574 0 0
1500.0 122.427270 30.955668 16.670479 0.861105 0.429754 360.098 0 0
1500.0 75.744969 60.835531 16.761245 0.266536 0.884195 360.268 0 0
1500.0 117.492386 39.284801 16.818430 0.848685 0.560988 360.377 0 0
1500.0 79.776201 -66.575805 16.751831 0.328014 -0.945929 360.350 0 0
1500.0 71.703099 25.993438 16.945514 0.279946 0.373631 360.382 0 0
1500.0 43.512771 -0.386125 16.726434 -0.256488 0.049097 360.422 0 0
1500.0 120.375669 25.164882 16.700941 0.829249 0.354070 360.665 0 0
1500.0 92.374975 37.117388 16.725805 0.547275 0.533957 360.674 0 0
1500.0 112.901685 -5.427951 17.639554 0.967517 -0.094190 360.706 0 0
1500.0 95.870174 1.122424 17.664694 0.667471 -0.020362 360.774 0 0
1500.0 117.198098 35.496694 16.785713 0.818079 0.538212 360.901 0 0
1500.0 73.822236 36.439369 16.742716 0.175873 0.571106 361.068 0 0
1500.0 81.365910 -26.478397 16.832032 0.330270 -0.368678 361.150 0 0
1500.0 35.445617 37.628139 16.758785 -0.383221 0.500653 361.167 0 0
1500.0 31.170600 16.912910 17.103242 -0.394691 0.241287 361.208 0 0
1500.0 76.296462 8.951985 17.902101 0.388454 0.179499 361.173 0 0
1500.0 29.995122 11.896170 17.024230 -0.499809 0.180704 361.350 0 0
1500.0 79.521050 -49.279808 16.955624 0.360686 -0.714193 361.415 0 0
1500.0 49.200812 -19.718362 16.876420 -0.086152 -0.346395 361.414 0 0
1500.0 106.066265 49.491854 16.729797 0.635781 0.679856 361.431 0 0
1500.0 67.346699 14.916325 17.612444 0.209081 0.230734 361.612 0 0
1500.0 54.509799 -64.462730 16.883673 -0.102550 -1.000240 361.582 0 0
1500.0 79.348045 -54.087866 16.835812 0.304073 -0.801697 361.653 0 0
1500.0 67.202852 -6.170399 16.862896 0.157319 -0.121342 361.666 0 0
1500.0 99.499267 61.024464 16.811034 0.610344 0.844153 361.718 0 0
1500.0 133.906151 17.567301 16.740509 1.043990 0.299593 361.928 0 0
1500.0 91.944691 -70.498115 16.889550 0.537131 -1.078416 361.953 0 0
1500.0 85.634809 -8.301614 17.852182 0.556761 -0.134258 362.004 0 0
1500.0 70.847967 -2.548411 17.302059 0.267061 -0.012322 362.094 0 0
1500.0 126.951661 -8.975402 16.810711 1.001988 -0.131974 362.101 0 0
1500.0 29.432175 -70.610707 16.754785 -0.330197 -0.983787 362.220 0 0
1500.0 93.530315 7.756777 17.861491 0.656376 0.072870 362.282 0 0
1500.0 82.313853 6.250538 18.282433 0.558664 0.096996 362.309 0 0
1500.0 128.729268 -19.880725 16.803989 0.994830 -0.310123 362.357 0 0
1500.0 85.226652 9.771999 18.018217 0.503286 0.195096 362.390 0 0
1500.0 105.047870 -3.931074 16.793914 0.711088 -0.107761 362.531 0 0
1500.0 69.946173 53.965523 16.794829 0.095395 0.766111 362.573 0 0
1500.0 91.249375 -66.277125 16.912021 0.472083 -1.010332 362.590 0 0
1500.0 196.435326 18.908384 16.867139 2.067399 0.355104 362.582 0 0
1500.0 127.495892 -1.753726 16.852389 1.014999 -0.024821 362.797 0 0
1500.0 60.595574 9.293776 16.950952 0.103146 0.183442 362.825 0 0
1500.0 67.708723 38.254397 16.858047 0.105486 0.602376 362.934 0 0
1500.0 89.725930 -18.294174 16.909415 0.454576 -0.236635 363.066 0 0
1500.0 37.722895 -69.497901 16.954528 -0.257079 -1.061954 363.246 0 0
1500.0 64.112265 12.561981 17.944122 0.197207 0.200687 363.287 0 0
1500.0 25.965584 11.687423 16.969281 -0.505687 0.139157 363.306 0 0
1500.0 102.070256 28.904569 16.822037 0.678693 0.368196 363.358 0 0
1500.0 64.054560 39.233382 16.836770 0.102524 0.536913 363.400 0 0
1500.0 54.780187 -15.446956 17.355862 -0.099284 -0.226234 363.471 0 0
1500.0 95.246088 -1.905529 16.965676 0.594175 0.022656 363.501 0 0
1500.0 44.291060 -1.995596 17.499074 -0.170779 -0.038193 363.555 0 0
1500.0 45.464269 10.781193 17.099861 -0.216771 0.165002 363.563 0 0
1500.0 62.220992 -11.174092 16.942046 0.117794 -0.148637 363.631 0 0
1500.0 64.079127 81.216494 16.860245 0.122193 1.236401 363.773 0 0
1500.0 38.294052 -46.019525 16.910568 -0.342794 -0.635672 363.913 0 0
1500.0 89.828844 43.990060 16.849958 0.485543 0.680203 363.969 0 0
1500.0 128.624896 22.172165 16.884913 0.999009 0.281359 363.996 0 0
1500.0 15.928948 38.411255 16.891196 -0.616313 0.594303 364.158 0 0
1500.0 64.919341 -2.049375 17.060322 0.133913 -0.076125 364.183 0 0
1500.0 12.327926 15.296840 16.978371 -0.751014 0.184544 364.192 0 0
1500.0 5.906911 12.853862 16.991580 -0.780625 0.153700 364.244 0 0
1500.0 94.763588 50.229336 17.044025 0.525701 0.760096 364.252 0 0
1500.0 10.470901 33.647173 16.991323 -0.717462 0.466247 364.315 0 0
1500.0 99.862864 12.127380 17.396951 0.679273 0.213245 364.636 0 0
1500.0 95.018146 3.184415 17.841634 0.678865 0.017230 364.821 0 0
1500.0 -2.836688 -39.632070 16.876835 -0.897863 -0.534708 365.259 0 0
1500.0 82.007172 -13.094140 17.894925 0.513288 -0.200457 365.327 0 0
1500.0 102.550374 45.345687 17.012963 0.680067 0.675884 365.347 0 0
1500.0 68.408494 -26.195719 17.372808 0.199175 -0.450732 365.335 0 0
1500.0 90.501764 -53.895184 17.272033 0.582415 -0.941717 365.290 0 0
1500.0 32.221035 46.079275 17.019722 -0.352538 0.721341 365.384 0 0
1500.0 45.077532 -50.317970 17.139026 -0.211121 -0.841570 365.429 0 0
1500.0 81.493073 5.349542 18.259761 0.460267 0.101837 365.543 0 0
1500.0 76.869906 64.715405 17.023777 0.323056 0.939032 365.722 0 0
1500.0 72.058401 17.017443 16.969605 0.157712 0.268848 365.727 0 0
1500.0 49.135062 -40.922419 17.173268 -0.147825 -0.671372 365.843 0 0
1500.0 70.102741 1.497327 16.990628 0.194982 -0.049319 366.106 0 0
1500.0 101.556916 11.604748 17.015243 0.602501 0.180193 366.118 0 0
1500.0 80.549619 -3.740178 18.527720 0.489709 -0.109524 366.310 0 0
1500.0 66.270695 38.840141 17.128119 0.083243 0.592522 366.343 0 0
1500.0 101.074759 -0.319260 17.825185 0.823657 -0.064819 366.557 0 0
1500.0 3.316174 88.773523 16.938867 -0.742717 1.280630 366.594 0 0
1500.0 54.593695 -74.365988 16.924638 0.005652 -1.044971 366.751 0 0
1500.0 41.030263 52.385186 17.261722 -0.287317 0.794629 366.910 0 0
1500.0 43.495426 60.383022 17.348265 -0.237239 0.969270 367.000 0 0
1500.0 100.696014 49.129333 17.265453 0.706398 0.764520 367.078 0 0
1500.0 4.690723 49.791374 17.136240 -0.874985 0.798960 367.083 0 0
1500.0 -5.956724 7.443982 16.956872 -0.879030 0.146878 367.238 0 0
1500.0 70.569761 -73.735487 16.944530 0.239976 -1.029553 367.381 0 0
1500.0 17.194442 15.290471 16.972030 -0.638352 0.271936 367.346 0 0
1500.0 74.394115 9.576391 17.449645 0.305051 0.135441 367.624 0 0
1500.0 72.092989 -12.766497 17.636288 0.290698 -0.241955 367.707 0 0
1500.0 93.766226 26.942068 17.054568 0.559943 0.443699 367.747 0 0
1500.0 64.228656 12.879566 17.178647 0.042078 0.170044 367.775 0 0
1500.0 60.921905 -28.566968 17.651398 0.026018 -0.452825 368.044 0 0
1500.0 30.369362 66.781444 16.992772 -0.341312 0.955328 368.282 0 0
1500.0 16.065626 -37.518023 17.285223 -0.690455 -0.605510 368.515 0 0
1500.0 80.189396 34.096611 17.296566 0.326462 0.550473 368.867 0 0
1500.0 83.574989 6.224185 17.481719 0.453901 0.025557 368.898 0 0
1500.0 98.509962 29.016858 17.276785 0.663163 0.443479 369.173 0 0
1500.0 118.168792 0.335655 17.087680 0.890282 0.067092 369.412 0 0
1500.0 88.792903 -53.854184 17.021329 0.375770 -0.767968 369.431 0 0
1500.0 43.266952 53.653416 17.274907 -0.219158 0.894041 369.437 0 0
1500.0 2.243263 -14.247123 17.211497 -0.831679 -0.216111 369.542 0 0
1500.0 112.674163 -44.461735 17.097530 0.827763 -0.626469 369.640 0 0
1500.0 44.929523 1.442161 17.134326 -0.251809 0.006425 369.642 0 0
1500.0 88.979867 16.830264 17.454860 0.520208 0.314037 369.656 0 0
1500.0 52.779991 -62.164760 17.097376 -0.119439 -0.922468 369.678 0 0
1500.0 120.236382 19.800844 17.108022 0.945419 0.286575 369.864 0 0
1500.0 87.160624 -38.783985 17.117512 0.413584 -0.611883 369.850 0 0
1500.0 23.660655 -53.773343 17.033463 -0.466612 -0.826703 370.024 0 0
1500.0 52.963888 -6.554112 17.509043 -0.076577 -0.060534 370.028 0 0
1500.0 80.688586 -44.507438 17.122527 0.322218 -0.689926 370.052 0 0
1500.0 72.959216 -3.168351 18.242864 0.349413 0.012428 370.115 0 0
1500.0 73.841374 -54.817400 17.073052 0.161675 -0.811164 370.132 0 0
1500.0 95.291031 -2.567712 18.112899 0.659704 -0.099337 370.186 0 0
1500.0 47.651080 -35.848752 17.143312 -0.210623 -0.530259 370.200 0 0
1500.0 -17.758842 52.447529 17.041537 -1.070771 0.809732 370.455 0 0
1500.0 90.143690 3.121778 18.167399 0.608629 -0.005905 370.647 0 0
1500.0 65.696512 37.433082 17.188742 0.096352 0.603020 370.801 0 0
1500.0 108.313788 -75.310793 17.103388 0.674648 -1.114656 370.817 0 0
1500.0 83.944954 10.954372 18.226414 0.516095 0.216030 370.829 0 0
1500.0 33.386986 66.708682 17.082342 -0.335035 0.988973 370.819 0 0
1500.0 76.851058 -3.996891 17.712745 0.341371 -0.095185 370.839 0 0
1500.0 78.928591 15.311258 17.610921 0.323169 0.280849 370.923 0 0
1500.0 -5.987086 -10.797567 17.126050 -0.907838 -0.154529 370.927 0 0
1500.0 73.252791 70.263625 17.133512 0.255027 1.016775 370.933 0 0
1500.0 86.013989 23.450026 18.175080 0.581065 0.481735 371.089 0 0
1500.0 57.858612 -14.206605 17.367537 -0.023959 -0.159596 371.208 0 0
1500.0 38.176501 21.170830 17.552634 -0.342440 0.398995 371.301 0 0
1500.0 93.742026 62.590365 17.209030 0.532422 0.984088 371.351 0 0
1500.0 41.143327 24.974788 17.334255 -0.328286 0.404761 371.359 0 0
1500.0 95.814943 26.968186 18.997928 0.869453 0.508325 371.393 0 0
1500.0 75.479878 0.621463 17.149746 0.307381 -0.043348 371.405 0 0
1500.0 50.430239 -11.882377 17.206344 -0.141596 -0.114132 371.494 0 0
1500.0 90.578498 18.827032 17.089312 0.493862 0.337841 371.613 0 0
1500.0 89.622018 -5.340212 17.155836 0.509377 -0.128973 371.785 0 0
1500.0 70.388473 40.836364 17.094059 0.201981 0.652664 371.880 0 0
1500.0 24.206318 91.653622 17.119541 -0.472554 1.306205 372.040 0 0
1500.0 89.921728 28.062088 17.286523 0.538269 0.430960 372.113 0 0
1500.0 23.989109 -62.418407 17.112619 -0.460042 -0.913202 372.232 0 0
1500.0 52.505264 25.079244 17.215004 -0.125773 0.331858 372.242 0 0
1500.0 29.010595 26.809556 17.180609 -0.481360 0.378683 372.313 0 0
1500.0 150.916427 -35.245259 17.496159 1.605935 -0.556194 372.333 0 0
1500.0 102.959007 -9.506306 17.166256 0.695539 -0.187379 372.377 0 0
1500.0 43.989451 -8.036136 17.221065 -0.234604 -0.092834 372.383 0 0
1500.0 41.497196 3.943962 17.874144 -0.296128 0.039983 372.387 0 0
1500.0 99.297964 67.993615 17.244854 0.715045 1.068073 372.442 0 0
1500.0 73.219444 -13.797205 17.291122 0.260418 -0.216460 372.465 0 0
1500.0 83.970637 -15.503163 17.623162 0.451642 -0.195139 372.555 0 0
1500.0 63.217099 -35.486379 17.342727 0.107233 -0.575762 372.580 0 0
1500.0 75.560707 -8.601643 17.354682 0.348103 -0.106908 372.821 0 0
1500.0 67.523045 15.363499 18.005772 0.272191 0.275861 372.859 0 0
1500.0 38.780061 -53.784558 17.177222 -0.219223 -0.813172 372.939 0 0
1500.0 -27.297211 70.239070 17.357655 -1.323256 1.156840 372.915 0 0
1500.0 129.224611 -6.048873 17.166234 1.027210 -0.140532 373.122 0 0
1500.0 82.635642 6.922655 17.155127 0.417915 0.063518 373.187 0 0
1500.0 87.125407 54.531736 17.121687 0.433925 0.833152 373.236 0 0
1500.0 98.239802 -42.037193 17.183836 0.620356 -0.643859 373.256 0 0
1500.0 41.107844 60.703776 17.122612 -0.214278 0.919577 373.277 0 0
1500.0 0.132400 -24.320827 17.177516 -0.858362 -0.412410 373.276 0 0
1500.0 100.681776 -46.550629 17.336924 0.663129 -0.698494 373.470 0 0
1500.0 76.687422 -5.488767 18.041009 0.367164 -0.144264 373.495 0 0
1500.0 3.394737 -20.940947 17.203641 -0.834424 -0.300962 373.508 0 0
1500.0 108.553163 -14.190571 17.163795 0.748961 -0.269520 373.610 0 0
1500.0 81.437837 18.312088 17.803816 0.455237 0.307386 373.668 0 0
1500.0 81.178301 9.472256 17.499722 0.380832 0.205054 373.661 0 0
1500.0 53.496993 -41.299701 17.162806 -0.005114 -0.632077 373.683 0 0
1500.0 38.226283 33.516871 17.362310 -0.325415 0.499323 373.842 0 0
1500.0 3.299032 -21.086982 17.162343 -0.768294 -0.330511 374.007 0 0
1500.0 62.450441 -3.873457 17.508205 0.142581 -0.089009 374.045 0 0
1500.0 93.275832 4.034791 17.721450 0.625379 0.087224 374.046 0 0
1500.0 100.868788 28.638187 17.377217 0.697624 0.418776 374.128 0 0
1500.0 100.552751 26.707267 18.189846 0.884638 0.588671 374.219 0 0
1500.0 79.571887 -55.800706 17.356409 0.324573 -0.848839 374.271 0 0
1500.0 107.234380 -10.252463 17.172714 0.763219 -0.183008 374.256 0 0
1500.0 102.189122 -24.172852 17.173100 0.690877 -0.381914 374.277 0 0
1500.0 130.315451 2.265582 17.149255 1.025976 0.095264 374.373 0 0
1500.0 45.065381 -68.940822 17.186219 -0.234509 -0.954711 374.383 0 0
1500.0 75.128214 -38.341734 17.488137 0.319312 -0.702686 374.379 0 0
1500.0 -8.275234 46.343907 17.193731 -0.978225 0.711004 374.384 0 0
1500.0 111.407938 43.302137 17.339436 0.815555 0.626004 374.531 0 0
1500.0 73.273904 -17.968152 17.430483 0.216345 -0.318425 374.552 0 0
1500.0 50.740384 -12.353661 17.579852 -0.109559 -0.169819 374.680 0 0
1500.0 45.553231 -6.698904 17.579896 -0.175569 -0.097855 374.681 0 0
1500.0 70.107842 -13.670793 17.273782 0.225916 -0.189318 374.676 0 0
1500.0 77.557107 -34.766121 17.346856 0.291815 -0.510416 374.781 0 0
1500.0 102.285077 -31.688092 17.414070 0.719362 -0.450465 374.860 0 0
1500.0 56.547550 -14.963818 17.276250 -0.013337 -0.260636 374.881 0 0
1500.0 56.925507 12.514776 17.343305 0.032062 0.246448 375.011 0 0
1500.0 99.712273 -33.551855 17.559268 0.685206 -0.503852 375.050 0 0
1500.0 117.521911 -36.464477 17.222740 0.842806 -0.546425 375.061 0 0
1500.0 132.359396 1.980866 17.168342 1.044071 0.090428 375.081 0 0
1500.0 -1.869771 18.817143 17.215485 -0.855665 0.222751 375.249 0 0
1500.0 3.771268 47.689729 17.244927 -0.809331 0.650796 375.241 0 0
1500.0 82.372956 60.919996 17.329458 0.412864 0.901830 375.248 0 0
1500.0 81.368351 -7.208115 18.010716 0.435375 -0.164256 375.283 0 0
1500.0 77.269279 -0.421182 17.371707 0.285802 -0.065682 375.400 0 0
1500.0 58.635138 17.404146 17.395245 -0.036593 0.225370 375.409 0 0
1500.0 -0.157441 5.398474 17.227351 -0.829204 0.044194 375.585 0 0
1500.0 36.911930 -58.331200 17.356522 -0.316291 -0.874330 375.702 0 0
1500.0 51.867669 -42.059568 17.472626 -0.098857 -0.782183 375.705 0 0
1500.0 39.830682 -5.874040 17.626926 -0.270493 -0.169939 375.907 0 0
1500.0 55.121623 -26.391141 17.387516 -0.095082 -0.380874 375.963 0 0
1500.0 -13.940732 150.199889 17.371337 -1.084150 2.427494 376.003 0 0
1500.0 101.231176 -7.100984 18.164752 0.772330 -0.080628 376.100 0 0
1500.0 96.928778 37.058490 17.672718 0.664904 0.631333 376.190 0 0
1500.0 56.571151 -31.316854 17.229221 0.035697 -0.493919 376.295 0 0
1500.0 113.915967 -50.587999 17.244592 0.790050 -0.748090 376.307 0 0
1500.0 129.018298 -17.754698 17.219595 1.001461 -0.307432 376.583 0 0
1500.0 126.249214 -18.447040 17.225467 1.000745 -0.290211 376.656 0 0
1500.0 34.394435 22.987246 17.277705 -0.365483 0.272102 376.930 0 0
1500.0 72.169180 22.847683 17.730202 0.235119 0.388319 376.955 0 0
1500.0 50.700428 6.637278 17.398122 -0.158216 0.125025 377.012 0 0
1500.0 20.615282 26.411215 17.422998 -0.582943 0.358679 377.103 0 0
1500.0 102.175653 -51.394375 17.291155 0.640244 -0.734940 377.201 0 0
1500.0 60.436684 36.684905 17.734287 0.068941 0.581484 377.256 0 0
1500.0 94.613828 -56.748803 17.293022 0.538806 -0.805863 377.258 0 0
1500.0 91.441158 -15.853427 17.317604 0.555560 -0.199171 377.400 0 0
1500.0 141.317472 -4.879018 17.413004 1.323363 -0.039886 377.381 0 0
1500.0 83.995631 3.195855 17.494068 0.471472 0.026185 377.493 0 0
1500.0 38.432758 63.401892 17.243446 -0.214314 0.918168 377.568 0 0
1500.0 146.816839 12.707510 17.474187 1.430665 0.206539 377.755 0 0
1500.0 81.193716 -35.267553 17.916679 0.383322 -0.614159 377.794 0 0
1500.0 78.279443 -69.222709 17.262215 0.331550 -0.974121 377.990 0 0
1500.0 65.005783 -5.779643 18.327251 0.191447 -0.135520 378.021 0 0
1500.0 43.533065 81.021156 17.454214 -0.190473 1.272707 378.043 0 0
1500.0 82.208815 10.672191 17.959650 0.443842 0.216655 378.144 0 0
1500.0 53.859798 28.597367 17.662294 -0.152923 0.493080 378.200 0 0
1500.0 101.577784 20.668152 17.290746 0.672380 0.357595 378.298 0 0
1500.0 79.319180 10.586840 17.477737 0.315693 0.229191 378.437 0 0
1500.0 111.658033 -37.502434 17.276565 0.731953 -0.596544 378.462 0 0
1500.0 44.005254 -22.926806 17.385889 -0.264864 -0.294240 378.636 0 0
1500.0 101.592244 -2.034979 17.643277 0.731385 -0.039475 378.938 0 0
1500.0 43.684915 -14.547673 17.426760 -0.284143 -0.204843 378.991 0 0
1500.0 38.337106 54.042772 17.470422 -0.273029 0.834921 379.019 0 0
1500.0 122.236818 47.716781 17.697393 1.076410 0.786966 379.028 0 0
1500.0 41.323752 39.946135 17.646049 -0.276878 0.720071 379.027 0 0
1500.0 42.929064 10.566824 17.513488 -0.252505 0.096154 379.061 0 0
1500.0 112.660780 41.834878 17.383073 0.823168 0.680414 379.070 0 0
1500.0 93.772612 -55.516913 17.296739 0.533758 -0.776349 379.104 0 0
1500.0 108.264265 -12.889169 17.499659 0.796620 -0.139259 379.185 0 0
1500.0 53.967658 60.681543 17.304289 -0.017030 0.924954 379.211 0 0
1500.0 91.043357 -28.713207 17.631762 0.600889 -0.471482 379.220 0 0
1500.0 23.979437 -16.533334 17.626958 -0.516052 -0.265502 379.335 0 0
1500.0 12.002813 -25.983497 17.541501 -0.702315 -0.420425 379.400 0 0
1500.0 105.233865 14.414102 17.770456 0.884235 0.193801 379.602 0 0
1500.0 105.579937 -37.346676 17.315432 0.686461 -0.529422 379.667 0 0
1500.0 51.811250 44.486676 17.376560 -0.159894 0.646420 379.739 0 0
1500.0 68.561656 68.420808 17.368685 0.151449 0.988462 379.808 0 0
1500.0 96.567499 23.744683 17.695784 0.638236 0.394527 380.222 0 0
1500.0 102.710912 25.214465 17.549653 0.737159 0.371885 380.283 0 0
1500.0 -4.343936 -4.659243 17.372751 -0.955629 -0.053150 380.352 0 0
1500.0 84.593648 -3.613983 18.429929 0.543752 -0.115442 380.389 0 0
1500.0 111.246208 -8.438749 17.382260 0.765339 -0.134113 380.402 0 0
1500.0 88.881006 11.185518 17.396201 0.524676 0.202835 380.434 0 0
1500.0 50.648112 -66.975702 17.370730 -0.133914 -0.952735 380.475 0 0
1500.0 25.858332 51.825238 17.469345 -0.480022 0.797970 380.572 0 0
1500.0 24.925728 58.117273 17.379107 -0.535162 0.837771 380.737 0 0
1500.0 74.687435 -14.820097 17.385366 0.219369 -0.289621 380.748 0 0
1500.0 108.840247 -15.665091 17.519762 0.763511 -0.222893 380.802 0 0
1500.0 88.164879 -17.349735 17.568534 0.505805 -0.348365 380.851 0 0
1500.0 85.700500 -21.444804 17.965394 0.508869 -0.362211 380.874 0 0
1500.0 220.061865 19.440953 17.332459 2.370717 0.225299 380.916 0 0
1500.0 93.307209 20.985550 17.591111 0.545653 0.351987 381.045 0 0
1500.0 65.231536 -30.056065 17.371920 0.147931 -0.423834 381.238 0 0
1500.0 80.609305 36.177848 17.602323 0.368135 0.557413 381.551 0 0
1500.0 112.675190 -1.347342 17.443265 0.841194 -0.001702 381.615 0 0
1500.0 6.717206 -47.618963 17.351867 -0.689723 -0.713116 381.752 0 0
1500.0 89.574308 -16.701074 17.584665 0.588837 -0.257185 381.807 0 0
1500.0 82.509091 1.915833 18.910003 0.535778 0.025831 381.928 0 0
1500.0 89.537431 28.844353 17.611922 0.487567 0.454534 381.960 0 0
1500.0 133.028162 -37.777985 17.540407 1.220112 -0.567470 382.032 0 0
1500.0 92.144252 -48.672764 17.613993 0.564607 -0.745219 382.118 0 0
1500.0 44.438182 42.243236 17.796762 -0.206076 0.704092 382.176 0 0
1500.0 -7.393152 34.116808 17.427512 -1.015850 0.496749 382.237 0 0
1500.0 70.135361 12.620574 18.568657 0.266124 0.211488 382.309 0 0
1500.0 93.913844 43.991802 17.460074 0.572912 0.624566 382.401 0 0
1500.0 85.536851 1.718112 17.780223 0.460902 -0.050241 382.451 0 0
1500.0 85.785307 -25.165400 17.535392 0.489035 -0.408808 382.599 0 0
1500.0 59.225919 -53.495879 17.477138 -0.026550 -0.829058 382.674 0 0
1500.0 94.026859 -9.336234 17.782077 0.581845 -0.207242 382.810 0 0
1500.0 84.899102 47.222600 17.515238 0.364972 0.747828 382.983 0 0
1500.0 61.828323 77.495342 17.457693 0.104981 1.217101 382.996 0 0
1500.0 56.389403 -14.946555 18.206622 -0.038820 -0.298827 383.020 0 0
1500.0 109.937360 -15.592499 17.479084 0.785557 -0.196276 383.201 0 0
1500.0 115.880887 123.179900 17.416091 0.872985 1.817420 383.188 0 0
1500.0 36.883394 -59.972471 17.537404 -0.318528 -0.921172 383.263 0 0
1500.0 98.539706 0.150982 17.837150 0.711811 -0.001495 383.461 0 0
1500.0 3.132773 40.974824 17.438136 -0.812658 0.572252 383.485 0 0
1500.0 140.926196 -51.210035 17.390430 1.219438 -0.764565 383.565 0 0
1500.0 109.845455 -3.111356 17.538165 0.849593 -0.057846 383.588 0 0
1500.0 85.704258 44.783441 17.498491 0.468818 0.703179 383.619 0 0
1500.0 -6.729281 18.566038 17.441743 -0.945520 0.265755 383.625 0 0
1500.0 16.007788 -51.867646 17.413686 -0.629052 -0.807076 383.721 0 0
1500.0 83.871012 35.643547 17.841031 0.492916 0.555606 383.922 0 0
1500.0 69.536836 -38.971969 17.422469 0.157510 -0.578229 383.997 0 0
1500.0 51.369814 70.677365 17.403588 -0.047631 1.046243 384.005 0 0
1500.0 88.622848 -63.228013 17.422227 0.406143 -0.962010 384.267 0 0
1500.0 65.733193 -3.891131 17.681193 0.158287 0.008826 384.465 0 0
1500.0 87.848428 5.685816 18.197464 0.581845 0.123093 384.473 0 0
1500.0 31.824848 -17.308585 17.561780 -0.423564 -0.313355 384.581 0 0
1500.0 100.352294 -9.488858 17.651128 0.625762 -0.165206 384.618 0 0
1500.0 37.521986 -6.022874 17.619402 -0.308048 -0.094789 384.640 0 0
1500.0 89.185055 19.421766 17.602201 0.568362 0.262479 384.641 0 0
1500.0 6.878965 27.858171 17.471727 -0.748954 0.386666 384.712 0 0
1500.0 107.591958 -2.725329 17.757126 0.821548 -0.004358 384.776 0 0
1500.0 82.691333 17.934512 17.498817 0.380039 0.293785 384.985 0 0
1500.0 134.914863 -17.455132 17.613657 1.311542 -0.250042 385.005 0 0
1500.0 90.737343 3.419521 17.678558 0.585738 0.038488 385.161 0 0
1500.0 14.670329 34.707931 17.493345 -0.656759 0.576035 385.236 0 0
1500.0 32.934249 0.941922 17.830433 -0.471920 0.092000 385.257 0 0
1500.0 73.428015 -15.069221 17.462179 0.199999 -0.295022 385.310 0 0
1500.0 66.669771 -18.860543 17.462193 0.098311 -0.351991 385.322 0 0
1500.0 114.837126 -28.302609 17.664633 0.875314 -0.464943 385.380 0 0
1500.0 36.478846 -56.610383 17.494258 -0.375567 -0.850174 385.499 0 0
1500.0 50.230905 -66.198455 17.435944 -0.155586 -0.964622 385.635 0 0
1500.0 100.691625 -7.332938 17.680382 0.727489 -0.119292 385.636 0 0
1500.0 72.503909 -31.454495 17.649149 0.196418 -0.477223 385.719 0 0
1500.0 36.502886 58.131539 17.499499 -0.333493 0.909789 385.939 0 0
1500.0 109.351735 -25.992712 17.517311 0.829984 -0.367942 386.210 0 0
1500.0 77.136367 -4.203850 18.588024 0.402549 -0.099817 386.235 0 0
1500.0 101.655879 -73.955778 17.439772 0.644954 -1.036035 386.249 0 0
1500.0 126.522182 -8.103495 17.580763 1.032055 -0.149405 386.332 0 0
1500.0 87.432672 36.966718 17.550748 0.437864 0.549390 386.316 0 0
1500.0 38.246217 4.371048 17.521783 -0.320797 0.069738 386.314 0 0
1500.0 86.367956 -20.087262 17.686948 0.478168 -0.402988 386.375 0 0
1500.0 84.491888 -23.584310 18.328811 0.529003 -0.430899 386.595 0 0
1500.0 76.183437 21.294913 17.616428 0.217755 0.334413 386.630 0 0
1500.0 77.267529 -19.386742 18.206206 0.362134 -0.348998 386.632 0 0
1500.0 53.150040 3.764961 18.031126 -0.049020 0.106435 386.632 0 0
1500.0 103.789623 -18.444600 17.551679 0.745628 -0.229981 386.667 0 0
1500.0 90.622500 47.713145 17.511086 0.548557 0.727663 386.841 0 0
1500.0 98.683470 19.015236 17.500937 0.589570 0.354504 386.838 0 0
1500.0 50.543767 17.024989 17.797191 -0.121465 0.374201 386.968 0 0
1500.0 84.373804 5.390477 17.854694 0.423293 0.146327 387.198 0 0
1500.0 45.639600 10.486708 17.597428 -0.216193 0.148750 387.213 0 0
1500.0 45.508232 -57.284125 17.471308 -0.213812 -0.903853 387.240 0 0
1500.0 48.359229 -11.658931 17.598544 -0.180383 -0.142119 387.247 0 0
1500.0 103.311361 7.397715 17.517477 0.670518 0.133297 387.261 0 0
1500.0 -11.367712 6.231492 17.515460 -1.045600 0.063578 387.267 0 0
1500.0 88.922281 -29.336584 17.552993 0.517323 -0.503195 387.276 0 0
1500.0 44.581116 -13.514488 17.690287 -0.170160 -0.239643 387.327 0 0
1500.0 85.657575 10.688584 18.703852 0.529744 0.169235 387.376 0 0
1500.0 30.394048 43.364329 17.503718 -0.420754 0.710092 387.398 0 0
1500.0 115.903599 -28.293622 17.695602 0.924962 -0.414965 387.508 0 0
1500.0 77.464836 -55.817332 17.457638 0.313688 -0.881588 387.628 0 0
1500.0 75.403466 -0.987856 18.193815 0.342687 0.056815 387.675 0 0
1500.0 34.445621 58.424704 17.523578 -0.311944 0.870171 387.775 0 0
1500.0 99.888274 -11.448431 17.492695 0.688785 -0.138697 387.811 0 0
1500.0 79.149474 47.431794 17.656675 0.313864 0.761680 387.899 0 0
1500.0 106.206286 50.110079 17.677777 0.801119 0.858344 388.125 0 0
1500.0 129.645788 27.193311 17.494007 1.056532 0.388269 388.193 0 0
1500.0 76.343481 -1.017999 18.239827 0.397004 -0.079258 388.217 0 0
1500.0 72.948119 12.396354 17.559094 0.304122 0.197166 388.258 0 0
1500.0 91.912493 -1.216750 17.495645 0.573879 0.009013 388.412 0 0
1500.0 116.769557 5.623205 17.674626 0.919733 0.136951 388.439 0 0
1500.0 84.721509 59.623689 17.576650 0.354952 0.919251 388.529 0 0
1500.0 91.184655 -15.659152 17.751691 0.592591 -0.240806 388.518 0 0
1500.0 -9.301895 -9.159805 17.537923 -0.997692 -0.152159 388.578 0 0
1500.0 -3.290499 -29.538428 17.530712 -0.937656 -0.418938 388.559 0 0
1500.0 72.128233 -7.519924 17.993505 0.335985 -0.143579 388.581 0 0
1500.0 98.552036 -22.998733 17.500768 0.611103 -0.413698 388.713 0 0
1500.0 117.421766 22.932399 17.500454 0.928147 0.357289 388.874 0 0
1500.0 107.739274 -64.105469 17.514725 0.753999 -1.007032 389.049 0 0
1500.0 75.331820 1.498249 18.722140 0.413451 0.019513 389.097 0 0
1500.0 84.206798 63.840852 17.610832 0.424481 1.046524 389.092 0 0
1500.0 103.536186 -1.729647 17.968894 0.782150 0.004955 389.153 0 0
1500.0 128.784620 14.007674 17.476994 1.038366 0.135869 389.313 0 0
1500.0 98.769343 26.340775 17.969852 0.711751 0.407899 389.328 0 0
1500.0 74.190759 60.231464 17.631580 0.216274 0.933463 389.379 0 0
1500.0 65.758831 -6.785641 17.606474 0.164730 -0.050764 389.459 0 0
1500.0 139.152074 3.677911 17.577505 1.277486 -0.000480 389.581 0 0
1500.0 94.083421 25.220421 17.844020 0.566141 0.380443 389.639 0 0
1500.0 54.970043 44.220726 17.523377 -0.048675 0.665938 389.687 0 0
1500.0 86.539045 -43.006678 17.809038 0.490491 -0.683033 389.704 0 0
1500.0 58.563392 -27.651883 17.750741 -0.050773 -0.497214 389.798 0 0
1500.0 99.151694 5.385568 17.866257 0.714342 0.095451 389.849 0 0
1500.0 84.747650 19.976476 17.614565 0.416873 0.312553 389.859 0 0
1500.0 62.153159 26.171045 18.049544 0.060841 0.404183 390.280 0 0
1500.0 80.303712 1.482253 17.865243 0.379426 0.064727 390.398 0 0
1500.0 155.609732 27.865881 17.506473 1.416001 0.434677 390.490 0 0
1500.0 56.958403 31.690861 17.543362 0.020080 0.538899 390.486 0 0
1500.0 65.719097 46.319961 17.530746 0.077420 0.748520 390.549 0 0
1500.0 1.109796 -39.538090 17.536644 -0.836402 -0.628167 390.668 0 0
1500.0 70.705032 -7.721635 17.595462 0.181788 -0.188804 390.686 0 0
1500.0 69.094408 -3.591178 17.783314 0.145821 -0.107300 390.697 0 0
1500.0 25.152412 -29.754327 17.587797 -0.501909 -0.426161 390.785 0 0
1500.0 115.666530 23.613557 17.731898 0.884207 0.403541 390.862 0 0
1500.0 106.373977 -24.187597 17.879931 0.757939 -0.449362 390.851 0 0
1500.0 127.332288 -1.233514 17.522546 1.048203 0.012348 390.890 0 0
1500.0 47.332587 -18.782583 17.783463 -0.175980 -0.331312 390.902 0 0
1500.0 5.744614 28.616250 17.573974 -0.782632 0.395024 390.938 0 0
1500.0 101.633816 -10.157633 17.526611 0.665137 -0.160280 390.952 0 0
1500.0 120.067389 11.471604 19.358291 1.307116 0.193572 390.984 0 0
1500.0 19.791043 8.889232 17.594098 -0.572560 0.096187 391.025 0 0
1500.0 90.659148 3.053541 18.321792 0.619304 0.138058 391.170 0 0
1500.0 100.167283 -14.160335 17.785754 0.630652 -0.245682 391.296 0 0
1500.0 101.717659 -9.030111 17.587657 0.651987 -0.167188 391.331 0 0
1500.0 79.469184 -36.683206 17.788057 0.353051 -0.546640 391.386 0 0
1500.0 0.776528 -21.316420 17.535694 -0.817848 -0.356286 391.414 0 0
1500.0 90.725968 -16.515348 17.932441 0.518412 -0.302625 391.425 0 0
1500.0 43.329498 19.713350 17.607396 -0.253562 0.240527 391.514 0 0
1500.0 79.232788 26.896979 17.990358 0.405806 0.451215 391.493 0 0
1500.0 87.154548 -9.357217 18.201596 0.547467 -0.210852 391.595 0 0
1500.0 112.274351 -29.515636 17.743181 0.865760 -0.525040 391.602 0 0
1500.0 75.152570 59.346968 17.538398 0.213242 0.925684 391.665 0 0
1500.0 72.843544 24.262634 17.548314 0.265635 0.309511 391.860 0 0
1500.0 100.708746 -10.903813 17.775801 0.690748 -0.235044 391.982 0 0
1500.0 116.296211 -52.664662 17.717329 0.989258 -0.822996 392.011 0 0
1500.0 11.555868 -52.269656 17.526399 -0.718561 -0.710281 392.089 0 0
1500.0 54.261978 64.106901 17.542456 -0.089767 0.988800 392.086 0 0
1500.0 63.735583 -43.055804 17.827688 0.137800 -0.697520 392.115 0 0
1500.0 36.002455 -7.161257 17.680776 -0.324567 -0.145812 392.207 0 0
1500.0 88.280848 55.527874 17.553562 0.483250 0.791071 392.187 0 0
1500.0 99.742295 -13.737466 17.603161 0.631711 -0.157804 392.270 0 0
1500.0 39.680130 -5.252957 17.682914 -0.275134 -0.120185 392.285 0 0
1500.0 116.527686 -37.121633 17.593002 0.835447 -0.601734 392.409 0 0
1500.0 46.186629 67.682373 17.619856 -0.171446 1.013580 392.557 0 0
1500.0 64.504569 -5.279091 18.443001 0.176171 -0.130100 392.585 0 0
1500.0 104.480286 -14.727743 18.121928 0.803895 -0.219037 392.666 0 0
1500.0 111.265551 7.824698 17.863390 0.876864 0.123528 392.665 0 0
1500.0 61.039182 18.862855 18.026778 0.075183 0.307682 392.693 0 0
1500.0 68.276759 -39.490774 17.949961 0.198789 -0.614781 392.724 0 0
1500.0 108.092661 -16.159314 17.761255 0.756089 -0.259462 392.871 0 0
1500.0 85.369173 5.982248 17.549321 0.450982 0.147720 392.915 0 0
1500.0 73.117937 -10.362200 17.623382 0.274461 -0.133216 392.951 0 0
1500.0 82.508965 -2.563574 17.839926 0.472031 -0.023649 393.006 0 0
1500.0 99.371237 -13.564495 17.793670 0.640030 -0.216944 393.036 0 0
1500.0 100.190179 5.779842 17.795738 0.650301 0.042642 393.119 0 0
1500.0 13.415943 -47.198129 17.549198 -0.609216 -0.745382 393.194 0 0
1500.0 57.716475 9.485715 18.527643 0.050959 0.136215 393.295 0 0
1500.0 51.788608 -15.176186 17.583493 -0.112022 -0.264694 393.330 0 0
1500.0 81.315006 -1.565499 17.851638 0.359927 -0.094005 393.349 0 0
1500.0 150.368807 -32.531407 18.113474 1.731052 -0.634906 393.383 0 0
1500.0 121.099774 -6.710069 18.101952 1.229397 -0.095650 393.459 0 0
1500.0 105.368132 0.007164 17.605091 0.756287 0.047618 393.552 0 0
1500.0 74.078456 -28.236126 18.248723 0.295693 -0.471910 393.608 0 0
1500.0 109.023242 -46.453948 17.614774 0.769477 -0.711791 393.745 0 0
1500.0 64.025710 18.139998 17.582484 0.013840 0.266660 393.741 0 0
1500.0 18.892090 -54.821871 17.615194 -0.566896 -0.853765 393.773 0 0
1500.0 45.537106 26.759130 17.786687 -0.145309 0.466684 393.773 0 0
1500.0 93.300244 38.071506 17.579332 0.542898 0.547737 393.781 0 0
1500.0 46.549827 -65.807787 17.615268 -0.171516 -1.010718 393.780 0 0
1500.0 66.417143 -13.285732 17.832094 0.200265 -0.205343 393.818 0 0
1500.0 114.977967 29.099902 17.581858 0.857174 0.411941 393.838 0 0
1500.0 60.893601 -11.168168 17.932683 0.017026 -0.146449 393.911 0 0
1500.0 65.841708 56.427351 17.998686 0.157539 0.993135 393.917 0 0
1500.0 28.387433 36.940929 17.571422 -0.469657 0.522122 394.151 0 0
1500.0 107.495175 32.727015 17.822743 0.798338 0.510296 394.377 0 0
1500.0 65.986284 -10.784572 17.609035 0.170086 -0.120923 394.437 0 0
1500.0 78.191728 -46.511939 17.834909 0.342061 -0.743046 394.447 0 0
1500.0 103.617950 -51.017956 17.626783 0.686025 -0.768219 394.483 0 0
1500.0 39.444615 -21.110029 17.906133 -0.253767 -0.378295 394.517 0 0
1500.0 23.854860 50.968842 17.557609 -0.455813 0.799257 394.586 0 0
1500.0 50.572759 59.364868 17.557814 -0.066701 0.921187 394.611 0 0
1500.0 85.694266 51.634978 17.942267 0.488193 0.844493 394.606 0 0
1500.0 30.774959 68.730002 17.599147 -0.471011 1.007032 394.651 0 0
1500.0 22.817509 -26.743128 17.627273 -0.575404 -0.352145 394.687 0 0
1500.0 49.328700 37.581918 17.724563 -0.094792 0.624196 394.732 0 0
1500.0 108.101977 -15.120199 17.791053 0.818417 -0.191235 394.965 0 0
1500.0 97.635264 -5.430068 18.493254 0.743456 -0.065252 395.001 0 0
1500.0 105.308477 -37.868402 17.735940 0.763760 -0.574598 395.059 0 0
1500.0 40.284894 28.017854 17.617865 -0.260758 0.430811 395.112 0 0
1500.0 50.577852 31.527871 17.808258 -0.062904 0.533848 395.086 0 0
1500.0 51.496242 42.504304 17.616435 -0.166613 0.644066 395.194 0 0
1500.0 27.030193 -15.178766 17.772530 -0.476158 -0.282944 395.306 0 0
1500.0 64.221981 40.080432 17.809321 0.136697 0.655953 395.446 0 0
1500.0 66.583451 67.029457 17.822011 0.159013 1.054502 395.462 0 0
1500.0 17.857931 -0.994568 17.616572 -0.636081 -0.074497 395.464 0 0
1500.0 41.091071 45.909974 17.673825 -0.271824 0.736330 395.533 0 0
1500.0 115.734846 8.358266 17.663879 0.880555 0.056987 395.563 0 0
1500.0 82.984281 22.750950 17.685522 0.402824 0.405649 395.577 0 0
1500.0 51.581382 68.937617 17.623050 -0.033594 1.029706 395.633 0 0
1500.0 80.812185 38.361845 18.109492 0.422958 0.614086 395.840 0 0
1500.0 102.978598 -5.176832 17.686699 0.694371 -0.006680 395.935 0 0
1500.0 82.945060 -23.501727 17.670240 0.334554 -0.409249 395.949 0 0
1500.0 58.343446 43.756423 17.686955 0.038752 0.711377 395.998 0 0
1500.0 125.999653 -18.596598 17.628703 1.021880 -0.217885 396.067 0 0
1500.0 75.501195 48.044608 17.812170 0.298810 0.765560 396.046 0 0
1500.0 97.977811 35.846613 17.813265 0.622627 0.587448 396.223 0 0
1500.0 -3.138043 -1.021688 17.645151 -0.933155 0.058147 396.226 0 0
1500.0 23.949619 -16.028962 17.641918 -0.497952 -0.269170 396.323 0 0
1500.0 83.489448 -17.072248 18.014696 0.493083 -0.263756 396.331 0 0
1500.0 84.436447 -3.267858 18.281869 0.528116 -0.082603 396.443 0 0
1500.0 109.602458 24.237259 17.814736 0.788065 0.418507 396.437 0 0
1500.0 87.581119 -3.072365 18.054920 0.506050 -0.055754 396.453 0 0
1500.0 31.576611 -62.646367 17.599577 -0.452439 -0.903712 396.593 0 0
1500.0 21.935511 -57.523160 17.600744 -0.589937 -0.828958 396.696 0 0
1500.0 17.423559 29.604547 17.727342 -0.591737 0.437108 396.797 0 0
1500.0 106.732104 36.081236 17.817791 0.742636 0.585779 396.821 0 0
1500.0 115.077351 -15.445658 17.592643 0.880810 -0.175443 396.897 0 0
1500.0 93.326557 -7.283160 18.322164 0.692883 -0.100857 396.947 0 0
1500.0 115.086847 97.335157 17.675854 0.944341 1.499495 397.002 0 0
1500.0 66.959706 54.298416 17.683161 0.170350 0.853841 397.032 0 0
1500.0 119.177192 7.277590 17.694024 0.916280 0.173219 397.125 0 0
1500.0 149.283520 87.409553 17.596735 1.341786 1.299457 397.303 0 0
1500.0 82.488553 -30.264519 17.969233 0.392860 -0.548320 397.282 0 0
1500.0 72.240937 -2.675553 17.685372 0.291189 -0.049056 397.653 0 0
1500.0 120.619232 -10.874108 17.891396 0.988127 -0.174681 397.703 0 0
1500.0 116.139957 -34.116545 17.599527 0.886279 -0.442398 397.673 0 0
1500.0 105.205261 20.723746 17.786265 0.774550 0.314802 397.822 0 0
1500.0 91.817357 134.293222 17.681650 0.454609 2.090186 397.919 0 0
1500.0 106.579334 27.043375 17.974481 0.781399 0.442322 397.940 0 0
1500.0 85.245718 63.763634 17.753850 0.413475 0.963214 397.969 0 0
1500.0 0.758665 40.443264 17.697428 -0.831881 0.633695 397.981 0 0
1500.0 -42.519184 53.036160 17.610054 -1.446454 0.838555 397.989 0 0
1500.0 48.507327 31.982787 17.648235 -0.148560 0.549999 397.974 0 0
1500.0 64.512204 34.448327 17.648309 0.089504 0.586170 398.033 0 0
1500.0 11.291305 -53.953712 17.641674 -0.729438 -0.748573 398.057 0 0
1500.0 71.108002 -32.511856 17.970758 0.226728 -0.483454 398.109 0 0
1500.0 90.630580 -30.750539 17.635911 0.476150 -0.472919 398.149 0 0
1500.0 117.009410 30.310206 17.745360 0.913720 0.465507 398.152 0 0
1500.0 50.567952 -69.599957 17.716332 -0.139824 -1.035756 398.177 0 0
1500.0 91.170910 61.118208 17.758126 0.494647 0.922428 398.252 0 0
1500.0 113.758562 -5.201721 17.915684 1.015078 -0.039113 398.373 0 0
1500.0 42.285036 6.761466 18.091118 -0.205753 0.127223 398.392 0 0
1500.0 73.683547 -25.888731 17.936967 0.199241 -0.407305 398.566 0 0
1500.0 72.185830 60.050114 17.673617 0.249864 0.866396 398.586 0 0
1500.0 107.836213 33.291741 17.675289 0.737188 0.499519 398.662 0 0
1500.0 -3.086501 -33.661791 17.645771 -0.902992 -0.532225 398.662 0 0
1500.0 103.503107 24.889910 17.758667 0.779092 0.343748 398.722 0 0
1500.0 -2.715520 3.639258 17.632425 -0.938517 0.099154 398.754 0 0
1500.0 139.454905 -1.443575 17.819882 1.344777 -0.065736 398.809 0 0
1500.0 95.819516 -29.842349 17.734814 0.545583 -0.464673 398.903 0 0
1500.0 113.105401 42.651886 17.714081 0.808075 0.666896 398.887 0 0
1500.0 44.417448 -17.116402 17.674473 -0.260619 -0.207238 398.961 0 0
1500.0 50.666630 15.156677 17.674495 -0.166736 0.277796 398.950 0 0
1500.0 72.174911 4.854574 17.797548 0.229020 0.147011 399.004 0 0
1500.0 8.244606 -6.702663 17.741465 -0.823359 -0.048535 399.018 0 0
1500.0 99.168940 35.896983 17.875965 0.644183 0.644572 399.034 0 0
1500.0 78.023685 -51.328242 17.688478 0.369528 -0.759920 399.127 0 0
1500.0 37.662402 50.919320 17.804132 -0.308417 0.802715 399.176 0 0
1500.0 74.431875 18.771159 17.813869 0.287809 0.348536 399.272 0 0
1500.0 -10.122455 -10.168237 17.661601 -1.014755 -0.126024 399.312 0 0
1500.0 8.505116 10.415741 17.691890 -0.808491 0.102316 399.316 0 0
1500.0 115.188279 -10.096901 17.936596 0.908412 -0.189211 399.357 0 0
1500.0 -7.945175 -5.133651 17.638157 -1.005196 -0.027837 399.383 0 0
1500.0 17.440224 145.204895 17.651700 -0.663639 2.193333 399.401 0 0
1500.0 11.021192 44.982576 17.638448 -0.732291 0.692209 399.411 0 0
1500.0 95.524381 -3.023999 17.813835 0.598092 0.024832 399.595 0 0
1500.0 67.465675 -14.099669 18.137877 0.128472 -0.220361 399.666 0 0
1500.0 77.736737 -2.722490 17.760359 0.352989 -0.112240 399.750 0 0
1500.0 20.163462 38.915330 17.728390 -0.601104 0.639304 399.840 0 0
1500.0 31.423062 35.415099 17.797521 -0.373985 0.595042 399.893 0 0
1500.0 39.476114 -63.915967 17.719335 -0.238530 -0.987014 399.914 0 0
1500.0 92.619013 45.593121 17.921701 0.558221 0.720121 399.973 0 0
1500.0 49.072330 -30.973828 18.038734 -0.097230 -0.523930 399.956 0 0
1500.0 144.283305 -1.458236 17.987227 1.443673 -0.053603 399.949 0 0
1500.0 71.235597 -30.894068 18.339877 0.276174 -0.584138 400.019 0 0
1500.0 70.066071 -39.695220 17.896161 0.186020 -0.652104 400.046 0 0
1500.0 26.990720 35.647953 17.674768 -0.514138 0.576310 400.043 0 0
1500.0 66.217131 31.023468 18.127936 0.165224 0.523126 400.056 0 0
1500.0 48.163678 63.684966 17.734062 -0.157849 0.933912 400.099 0 0
1500.0 123.561003 94.930464 17.876085 1.073775 1.525511 400.187 0 0
1500.0 90.959592 9.400283 18.414811 0.586248 0.205382 400.248 0 0
1500.0 54.618649 -33.129979 17.764622 0.015947 -0.542671 400.390 0 0
1500.0 89.569998 11.515476 18.348684 0.532376 0.200424 400.483 0 0
1500.0 100.446134 10.967923 17.950999 0.718260 0.194125 400.466 0 0
1500.0 -1.985644 -19.883413 17.730984 -0.928936 -0.298188 400.540 0 0
1500.0 103.894850 -48.878757 17.699574 0.732388 -0.708875 400.592 0 0
1500.0 39.372051 -2.803811 17.688998 -0.314733 -0.110483 400.603 0 0
1500.0 77.408428 61.912753 17.745800 0.297880 0.914465 400.718 0 0
1500.0 -22.555241 40.990629 17.984873 -1.375834 0.688410 400.713 0 0
1500.0 114.474224 -21.375503 17.796960 0.891737 -0.299830 400.747 0 0
1500.0 76.625370 37.186112 17.885881 0.303983 0.619820 400.831 0 0
1500.0 1.069206 15.823310 17.678216 -0.886161 0.279602 400.904 0 0
1500.0 105.634741 50.981706 17.668312 0.671570 0.797209 400.965 0 0
1500.0 81.938946 -1.437304 17.932301 0.390523 -0.096149 400.967 0 0
1500.0 -2.771725 -2.901066 17.678738 -0.941002 0.006195 400.995 0 0
1500.0 92.881574 18.113845 18.727962 0.638358 0.349031 401.079 0 0
1500.0 82.430252 13.625257 19.400461 0.555677 0.250460 401.099 0 0
1500.0 121.979520 -7.096715 17.772829 0.956247 -0.105126 401.275 0 0
1500.0 61.143374 81.591378 17.695217 0.019176 1.201220 401.239 0 0
1500.0 22.496865 7.932219 17.969810 -0.555017 0.089425 401.314 0 0
1500.0 -0.815651 39.356198 17.673929 -0.839599 0.627673 401.404 0 0
1500.0 35.460057 -35.661939 17.687858 -0.369185 -0.598654 401.420 0 0
1500.0 59.681215 -35.532516 18.089975 0.009931 -0.614590 401.466 0 0
1500.0 120.474720 30.696931 17.709963 0.957729 0.425677 401.479 0 0
1500.0 92.047872 13.950515 17.975453 0.550339 0.277502 401.554 0 0
1500.0 108.288341 12.093240 17.673735 0.813191 0.162597 401.568 0 0
1500.0 74.944818 36.861619 17.858716 0.236907 0.631776 401.571 0 0
1500.0 101.785400 -0.290682 17.981638 0.747944 0.011936 401.700 0 0
1500.0 95.255152 -13.133277 18.028976 0.608742 -0.275723 401.751 0 0
1500.0 78.319672 -6.079818 18.182105 0.369415 -0.161577 401.755 0 0
1500.0 79.627823 38.034068 17.975499 0.365837 0.628343 401.906 0 0
1500.0 78.038079 39.777126 17.975534 0.342386 0.653461 401.946 0 0
1500.0 120.039741 6.249271 17.958888 0.981822 0.122719 401.983 0 0
1500.0 85.023578 -22.914401 18.771247 0.522186 -0.388623 401.988 0 0
1500.0 99.431086 33.427504 18.003734 0.692759 0.537830 402.002 0 0
1500.0 45.475644 -54.394545 17.691976 -0.267853 -0.810211 402.037 0 0
1500.0 104.929343 35.641888 17.801920 0.764642 0.513416 402.094 0 0
1500.0 61.464901 67.062819 17.810668 0.066148 1.027071 402.137 0 0
1500.0 -1.443484 33.493498 17.691224 -0.902451 0.525725 402.452 0 0
1500.0 117.802332 -19.743934 17.793637 0.945863 -0.299019 402.430 0 0
1500.0 91.903019 -38.809083 18.147441 0.581441 -0.674848 402.563 0 0
1500.0 84.063796 5.059146 17.921866 0.386184 0.130820 402.591 0 0
1500.0 55.777667 -31.509180 17.826725 -0.078176 -0.513538 402.576 0 0
1500.0 110.777295 -45.805270 18.451448 1.015659 -0.821520 402.583 0 0
1500.0 75.402460 16.158923 17.847473 0.311877 0.223019 402.634 0 0
1500.0 98.514333 37.015381 17.977006 0.635553 0.607198 402.609 0 0
1500.0 72.330765 -8.722382 17.970331 0.254758 -0.171389 402.641 0 0
1500.0 109.331047 17.628425 17.969275 0.850208 0.262438 402.710 0 0
1500.0 109.439124 39.755752 17.678845 0.816249 0.562267 402.725 0 0
1500.0 71.158217 -33.696105 17.882605 0.158998 -0.503944 402.793 0 0
1500.0 82.140481 3.691736 18.433880 0.456961 0.020879 402.855 0 0
1500.0 97.860907 -19.529291 18.053960 0.687886 -0.322066 402.948 0 0
1500.0 104.903808 -46.128548 17.693025 0.650033 -0.737182 403.004 0 0
1500.0 58.048762 -38.432315 17.775168 -0.030662 -0.569803 403.114 0 0
1500.0 97.739051 -9.588883 17.723490 0.631662 -0.207942 403.174 0 0
1500.0 62.454309 50.328011 18.024971 0.036122 0.818752 403.197 0 0
1500.0 56.257413 -53.245926 18.203900 0.006731 -0.925056 403.218 0 0
1500.0 107.744468 -33.803149 17.895141 0.773210 -0.554482 403.352 0 0
1500.0 49.775016 -37.603805 17.850075 -0.060054 -0.616276 403.436 0 0
1500.0 109.401711 10.196264 17.825441 0.837101 0.125643 403.480 0 0
1500.0 75.576965 27.423975 18.091381 0.256526 0.423434 403.535 0 0
1500.0 105.790841 -3.237529 18.308867 0.829880 -0.029302 403.543 0 0
1500.0 104.882180 -50.286638 17.696601 0.645015 -0.791926 403.505 0 0
1500.0 51.223791 -35.323558 17.920662 -0.140621 -0.554197 403.513 0 0
1500.0 87.348545 -13.135905 18.384319 0.516707 -0.202934 403.622 0 0
1500.0 103.390098 -20.769710 18.397040 0.921344 -0.374922 403.641 0 0
1500.0 85.673726 61.787804 17.839420 0.455428 0.935273 403.681 0 0
1500.0 44.653846 6.077569 17.791850 -0.208165 0.025578 403.737 0 0
1500.0 124.707678 16.225825 17.806174 1.025878 0.215564 403.752 0 0
1500.0 104.518678 -9.122946 17.988105 0.820829 -0.103393 403.858 0 0
1500.0 127.155206 2.466228 18.136569 1.256704 0.001225 403.803 0 0
1500.0 138.078718 28.304906 18.181025 1.420263 0.473788 403.892 0 0
1500.0 116.301698 -5.102380 17.751984 0.868650 -0.078031 403.925 0 0
1500.0 112.474294 -19.737939 17.771046 0.847622 -0.367501 403.943 0 0
1500.0 103.592142 -28.574149 18.092420 0.748166 -0.532816 403.982 0 0
1500.0 81.567877 -3.437989 18.598248 0.497645 0.006131 403.989 0 0
1500.0 70.394439 -15.163018 18.791607 0.295483 -0.371136 404.032 0 0
1500.0 19.904051 -2.352929 17.724824 -0.565897 0.011348 404.180 0 0
1500.0 30.929289 -29.046006 17.733339 -0.479969 -0.430082 404.252 0 0
1500.0 47.162797 -0.927154 18.387856 -0.127715 -0.057896 404.302 0 0
1500.0 75.665777 12.176214 19.099533 0.455782 0.229855 404.377 0 0
1500.0 80.347262 9.404743 18.106747 0.386628 0.165883 404.432 0 0
1500.0 0.511342 29.611285 17.720193 -0.850259 0.457236 404.452 0 0
1500.0 -40.089973 70.837369 17.711039 -1.447138 1.049681 404.589 0 0
1500.0 140.390654 4.836164 17.890420 1.366003 0.040297 404.607 0 0
1500.0 86.841658 -33.713015 18.282108 0.484162 -0.556889 404.653 0 0
1500.0 66.764034 55.703534 17.786163 0.186091 0.869451 404.790 0 0
1500.0 -4.823648 -29.896556 17.710284 -0.922510 -0.487997 404.826 0 0
1500.0 65.096556 -5.013015 18.385625 0.185532 -0.126550 404.913 0 0
1500.0 0.053091 36.738316 17.785990 -0.862062 0.582907 404.949 0 0
1500.0 104.799379 -26.127484 17.928723 0.732313 -0.448087 404.938 0 0
1500.0 82.204892 -26.303585 18.873359 0.530152 -0.481980 404.993 0 0
1500.0 118.234920 1.357116 17.988364 0.969299 0.007064 405.089 0 0
1500.0 122.934570 13.358408 17.793651 1.016328 0.230386 405.349 0 0
1500.0 74.791961 -19.453236 18.092761 0.369049 -0.306183 405.400 0 0
1500.0 77.504154 -19.534620 17.936732 0.360614 -0.350627 405.403 0 0
1500.0 68.710769 18.440227 17.886328 0.164017 0.372349 405.417 0 0
1500.0 120.400646 -26.154786 17.850962 0.948321 -0.404213 405.433 0 0
1500.0 84.430686 9.014193 19.299102 0.575799 0.108016 405.564 0 0
1500.0 57.607054 19.725718 17.734907 0.000025 0.375143 405.635 0 0
1500.0 115.582883 23.417228 17.892277 0.885024 0.401866 405.705 0 0
1500.0 139.795851 29.225612 17.984933 1.416570 0.481174 405.741 0 0
1500.0 73.933441 70.429543 17.962228 0.348931 1.222086 405.878 0 0
1500.0 35.373432 22.198565 17.821231 -0.361917 0.286765 405.904 0 0
1500.0 93.483722 -53.407032 17.717519 0.558235 -0.757797 405.916 0 0
1500.0 86.359461 -25.282657 18.167355 0.509217 -0.429883 405.947 0 0
1500.0 54.576988 47.081310 17.751556 -0.097608 0.684961 406.008 0 0
1500.0 78.301098 -45.622422 17.936289 0.335184 -0.741796 406.066 0 0
1500.0 100.415340 -4.570455 18.167196 0.712208 -0.127477 406.139 0 0
1500.0 37.693399 3.554516 17.892592 -0.354440 0.090223 406.165 0 0
1500.0 41.359388 -19.969355 18.007068 -0.280132 -0.334231 406.232 0 0
1500.0 85.557240 -3.201590 17.986566 0.450432 -0.074764 406.281 0 0
1500.0 77.977830 38.118050 17.879906 0.284674 0.580240 406.284 0 0
1500.0 50.514588 19.202667 18.049379 -0.180526 0.343769 406.296 0 0
1500.0 92.331376 17.886638 18.053459 0.524954 0.348277 406.316 0 0
1500.0 22.871593 -2.349730 17.763139 -0.524885 0.013176 406.506 0 0
1500.0 54.146992 -16.902156 18.191973 -0.032599 -0.304854 406.496 0 0
1500.0 68.398175 -47.278802 17.995165 0.169713 -0.759558 406.557 0 0
1500.0 87.967820 11.280391 17.906850 0.440070 0.213675 406.726 0 0
1500.0 51.008746 -37.668187 18.353395 -0.097745 -0.660724 406.718 0 0
1500.0 134.366008 -2.615627 17.903076 1.228040 0.018294 406.882 0 0
1500.0 125.978660 23.034943 17.797837 1.046272 0.312904 406.909 0 0
1500.0 87.846239 10.723676 18.474965 0.504567 0.223600 407.036 0 0
1500.0 67.196998 34.052884 17.884920 0.094693 0.557760 407.043 0 0
1500.0 50.014365 12.778630 17.889456 -0.137951 0.262112 407.119 0 0
1500.0 90.022136 10.104221 18.460406 0.622323 0.123919 407.380 0 0
1500.0 65.822748 21.225279 18.439805 0.174026 0.338491 407.408 0 0
1500.0 38.335844 42.667726 17.788598 -0.315579 0.708743 407.533 0 0
1500.0 51.833403 -33.576712 17.819263 -0.056483 -0.575622 407.624 0 0
1500.0 179.413477 21.226927 17.769280 1.819353 0.286799 407.694 0 0
1500.0 127.419131 4.077341 18.272510 1.369868 0.111049 407.697 0 0
1500.0 76.709788 62.278404 17.878699 0.338646 0.954747 407.882 0 0
1500.0 100.518449 -14.543524 17.849892 0.717373 -0.236964 407.900 0 0
1500.0 86.379264 23.874770 17.788171 0.489820 0.314397 407.886 0 0
1500.0 16.772224 47.733994 17.805517 -0.617664 0.705047 408.049 0 0
1500.0 99.293273 28.723541 17.887217 0.700745 0.437915 408.121 0 0
1500.0 11.598250 -15.324664 17.823053 -0.746005 -0.183098 408.105 0 0
1500.0 72.764365 -18.730488 18.271530 0.351555 -0.390892 408.192 0 0
1500.0 98.044976 -34.931570 17.861345 0.580711 -0.540399 408.240 0 0
1500.0 64.434293 -14.450163 18.163687 0.052958 -0.264738 408.371 0 0
1500.0 47.773961 -20.939225 18.019764 -0.112383 -0.388505 408.462 0 0
1500.0 88.355917 22.271330 17.857656 0.523996 0.382382 408.457 0 0
1500.0 124.591203 5.648192 18.239284 1.187549 0.147786 408.465 0 0
1500.0 82.060446 -8.340041 18.019302 0.401471 -0.199304 408.534 0 0
1500.0 49.516582 -7.512368 17.781037 -0.144316 -0.161941 408.609 0 0
1500.0 72.828813 1.470076 18.074864 0.295540 0.034160 408.649 0 0
1500.0 123.906403 -13.900220 17.757664 0.984882 -0.266622 408.979 0 0
1500.0 16.223391 10.437832 17.942288 -0.684320 0.120480 409.165 0 0
1500.0 105.438663 8.066523 18.166102 0.852548 0.181646 409.395 0 0
1500.0 121.140014 145.225194 17.917690 1.039913 2.378029 409.498 0 0
1500.0 112.501232 -16.483095 17.855253 0.872892 -0.196461 409.499 0 0
1500.0 97.974863 6.084069 18.347858 0.717381 0.127997 409.532 0 0
1500.0 59.413826 -7.973064 17.893481 0.052841 -0.169424 409.681 0 0
1500.0 68.660969 9.814316 18.146874 0.141332 0.183726 409.998 0 0
1500.0 111.748671 21.602365 17.856137 0.851478 0.424241 409.976 0 0
1500.0 78.530793 -10.598467 18.691538 0.419943 -0.178207 410.094 0 0
1500.0 100.054570 -48.019741 17.809379 0.655765 -0.691577 410.105 0 0
1500.0 119.872824 -11.903068 17.855958 0.972264 -0.127489 410.168 0 0
1500.0 28.138984 2.407443 17.990159 -0.536790 0.088805 410.185 0 0
1500.0 56.466412 33.423546 18.110202 -0.030029 0.553223 410.230 0 0
1500.0 93.529440 15.942270 18.245020 0.649984 0.259971 410.291 0 0
1500.0 86.515594 29.377378 18.259808 0.516024 0.493618 410.384 0 0
1500.0 68.979366 19.374609 17.890970 0.103985 0.310939 410.446 0 0
1500.0 54.738934 18.923477 18.164679 0.004912 0.357476 410.507 0 0
1500.0 130.691670 17.939570 17.951777 1.208744 0.331272 410.499 0 0
1500.0 81.982924 -5.270764 18.069097 0.416566 -0.081643 410.543 0 0
1500.0 118.831198 29.353223 17.898221 0.957757 0.425355 410.552 0 0
1500.0 -2.420687 -23.313319 17.851972 -0.961457 -0.381758 410.571 0 0
1500.0 89.501788 10.366128 17.863524 0.476403 0.229518 410.602 0 0
1500.0 73.196010 -6.977756 18.540147 0.224812 -0.077230 410.598 0 0
1500.0 123.695927 -27.963033 17.914708 1.044945 -0.493351 410.763 0 0
1500.0 50.325786 -40.803216 18.137007 -0.165503 -0.668330 410.746 0 0
1500.0 81.758294 23.305697 17.915982 0.309898 0.397804 410.804 0 0
1500.0 40.893097 1.852327 17.840158 -0.268742 0.104535 410.854 0 0
1500.0 72.565638 -14.623646 18.239173 0.217737 -0.255402 411.054 0 0
1500.0 94.785667 -9.883546 18.319701 0.661267 -0.194307 411.188 0 0
1500.0 69.341008 -13.668677 18.015571 0.198519 -0.244547 411.227 0 0
1500.0 18.268090 55.816455 17.833204 -0.617497 0.841328 411.223 0 0
1500.0 93.559709 14.960394 18.822050 0.709220 0.215759 411.314 0 0
1500.0 149.160439 -42.298762 17.918090 1.482647 -0.727932 411.325 0 0
1500.0 125.816885 4.601320 17.812553 1.043910 0.094957 411.333 0 0
1500.0 63.081352 -23.499316 17.990543 0.139365 -0.357970 411.397 0 0
1500.0 100.201389 19.349820 18.102834 0.737107 0.279588 411.404 0 0
1500.0 94.717142 -30.180932 17.856299 0.558263 -0.540042 411.446 0 0
1500.0 78.487557 -3.874784 18.680625 0.409933 -0.000097 411.458 0 0
1500.0 50.186213 41.532189 18.208452 -0.153587 0.692372 411.575 0 0
1500.0 95.666772 -10.661065 18.366133 0.660385 -0.219698 411.765 0 0
1500.0 64.301507 -27.357415 18.286476 0.120901 -0.469932 411.695 0 0
1500.0 67.224571 -20.254082 17.805921 0.216596 -0.320224 411.722 0 0
1500.0 66.707639 -23.833534 18.007826 0.074386 -0.398849 411.787 0 0
1500.0 93.628961 -13.020772 17.841519 0.552648 -0.198846 411.863 0 0
1500.0 115.292983 -26.309037 17.874910 0.877837 -0.389457 411.944 0 0
1500.0 99.202929 -23.449040 17.974076 0.650825 -0.380583 411.880 0 0
1500.0 82.416415 59.296037 17.815360 0.322271 0.898024 411.955 0 0
1500.0 65.812122 5.587938 17.931642 0.193005 0.124082 411.998 0 0
1500.0 62.990966 28.164013 18.235901 0.098715 0.486227 412.012 0 0
1500.0 101.283326 -1.460728 18.087768 0.684308 -0.017203 412.166 0 0
1500.0 19.405381 146.423027 17.980794 -0.655276 2.439641 412.272 0 0
1500.0 26.910601 8.181713 18.101888 -0.490150 0.155340 412.342 0 0
1500.0 83.899678 -13.523407 18.310921 0.525146 -0.186416 412.418 0 0
1500.0 58.195268 4.543133 17.886696 -0.046574 0.018802 412.435 0 0
1500.0 51.342149 58.436232 17.885161 -0.157544 0.894520 412.486 0 0
1500.0 142.532807 -48.442499 18.038054 1.422644 -0.874275 412.552 0 0
1500.0 -18.338532 -29.499696 17.886819 -1.192931 -0.499967 412.619 0 0
1500.0 0.038767 -22.853818 17.880935 -0.916188 -0.322122 412.687 0 0
1500.0 92.025952 -54.216126 17.825071 0.579089 -0.804118 412.694 0 0
1500.0 108.078703 7.063872 18.166937 0.855987 0.098869 412.748 0 0
1500.0 95.450861 16.206169 17.877119 0.583306 0.322254 412.933 0 0
1500.0 81.933112 4.006979 18.246011 0.403290 -0.002490 412.982 0 0
1500.0 60.897166 12.290428 18.345880 0.066574 0.241056 412.951 0 0
1500.0 32.968720 -1.767947 17.945014 -0.393641 -0.098550 412.983 0 0
1500.0 95.460142 38.305393 17.814195 0.599456 0.646573 413.073 0 0
1500.0 116.286643 -23.717995 17.840321 0.905165 -0.441705 413.252 0 0
1500.0 104.814342 17.689677 17.955930 0.778226 0.258012 413.425 0 0
1500.0 57.301763 -15.626575 18.004624 0.040669 -0.309952 413.473 0 0
1500.0 54.058431 -17.145030 18.004354 -0.008860 -0.333019 413.497 0 0
1500.0 81.829387 21.753378 18.905608 0.458150 0.376259 413.525 0 0
1500.0 54.189431 20.199525 17.983421 -0.052060 0.336140 413.531 0 0
1500.0 22.496646 -33.366850 17.947111 -0.588445 -0.522969 413.594 0 0
1500.0 47.567629 66.605702 17.807487 -0.164117 1.035356 413.675 0 0
1500.0 114.499084 -14.110321 17.793737 0.917480 -0.219161 413.637 0 0
1500.0 5.678187 18.659585 17.924228 -0.871803 0.239300 413.662 0 0
1500.0 35.839456 -14.479481 18.507299 -0.359159 -0.241405 413.671 0 0
1500.0 85.131935 -13.470470 18.771769 0.557840 -0.248066 413.765 0 0
1500.0 93.903977 1.699385 18.311367 0.648818 0.078610 413.769 0 0
1500.0 57.160388 49.714583 17.872839 -0.017792 0.738829 413.821 0 0
1500.0 54.993527 1.368869 17.927271 -0.027687 0.097918 413.824 0 0
1500.0 95.263458 -2.583476 19.577113 0.905772 0.000180 413.820 0 0
1500.0 61.859024 -60.655845 17.947097 0.105506 -0.962287 413.895 0 0
1500.0 5.878901 -9.360985 17.945467 -0.834725 -0.161173 413.887 0 0
1500.0 64.565227 -32.596913 18.099957 0.154926 -0.631867 413.896 0 0
1500.0 60.570714 28.668618 17.850893 0.015413 0.455234 414.023 0 0
1500.0 52.815723 63.809390 17.786475 -0.154723 0.958638 414.092 0 0
1500.0 112.004050 -34.879627 17.898255 0.876362 -0.522565 414.341 0 0
1500.0 32.935531 -1.651422 18.074937 -0.437554 -0.036766 414.349 0 0
1500.0 -17.808856 112.989231 17.845605 -1.245499 1.879805 414.382 0 0
1500.0 82.708154 -8.154439 18.173095 0.393416 -0.173373 414.422 0 0
1500.0 31.094827 -4.031100 17.816818 -0.390859 -0.119919 414.435 0 0
1500.0 38.267708 -24.757978 18.102593 -0.335830 -0.362852 414.421 0 0
1500.0 39.918927 -6.834116 18.202958 -0.296560 -0.117680 414.469 0 0
1500.0 117.382117 26.692914 17.793152 0.948168 0.386071 414.514 0 0
1500.0 78.573925 7.237354 17.804757 0.386290 0.132004 414.551 0 0
1500.0 78.527041 -11.819663 17.965298 0.283372 -0.240139 414.710 0 0
1500.0 73.847476 11.448370 18.257826 0.252169 0.217705 414.777 0 0
1500.0 34.669358 7.365624 17.885331 -0.364904 0.142071 414.733 0 0
1500.0 43.076900 13.254559 17.950703 -0.206069 0.280385 414.816 0 0
1500.0 66.649026 -36.150949 17.872208 0.209402 -0.575126 414.888 0 0
1500.0 90.492519 21.672022 17.958792 0.580776 0.298104 414.965 0 0
1500.0 85.347706 -4.160053 17.948998 0.443190 0.012481 414.958 0 0
1500.0 88.395056 24.261951 17.908839 0.477572 0.375325 415.013 0 0
1500.0 6.179961 -3.495203 17.825075 -0.798575 -0.127846 414.973 0 0
1500.0 117.894049 30.611148 17.794326 0.947951 0.440307 415.069 0 0
1500.0 88.695023 34.619529 17.969559 0.567665 0.618176 415.176 0 0
1500.0 93.063869 6.852018 18.313034 0.571786 0.089740 415.204 0 0
1500.0 17.530214 59.498123 17.797305 -0.579238 0.932738 415.341 0 0
1500.0 48.073363 -37.178254 18.354942 -0.166818 -0.620500 415.430 0 0
1500.0 92.489526 39.593400 17.847642 0.592291 0.630414 415.468 0 0
1500.0 22.893768 -12.227976 17.974611 -0.569636 -0.239858 415.463 0 0
1500.0 36.070238 -29.460111 18.083906 -0.381742 -0.595184 415.432 0 0
1500.0 36.404627 34.277595 17.943403 -0.305561 0.597621 415.485 0 0
1500.0 82.567273 -1.198317 18.262670 0.436133 0.061547 415.562 0 0
1500.0 71.601170 -15.087201 18.606378 0.274014 -0.261715 415.625 0 0
1500.0 98.530762 8.468207 18.035125 0.636359 0.147080 415.614 0 0
1500.0 58.098035 18.207426 17.921145 0.062884 0.290105 415.632 0 0
1500.0 108.506573 -31.912324 17.900427 0.774938 -0.553179 415.638 0 0
1500.0 81.447059 43.025997 18.368983 0.395306 0.812398 415.694 0 0
1500.0 40.853362 14.565829 18.076823 -0.285461 0.274476 415.737 0 0
1500.0 112.475527 18.840626 17.861239 0.846382 0.354316 415.863 0 0
1500.0 92.074434 -50.028985 17.820603 0.497810 -0.822396 415.900 0 0
1500.0 61.075703 34.148964 18.259274 0.113061 0.585434 415.884 0 0
1500.0 65.475936 -8.239010 17.895791 0.164493 -0.193760 415.917 0 0
1500.0 123.714743 -8.588934 17.954919 1.040687 -0.125863 415.956 0 0
1500.0 66.464357 29.747766 17.980180 0.099026 0.490812 415.950 0 0
1500.0 49.143436 -24.423160 18.273575 -0.128768 -0.419450 415.985 0 0
1500.0 52.592593 18.173134 18.216221 -0.106656 0.278867 415.944 0 0
1500.0 30.644252 -9.251570 17.925283 -0.463675 -0.197857 416.151 0 0
1500.0 55.545346 30.271809 18.314129 -0.119931 0.584465 416.179 0 0
1500.0 67.637937 48.132026 17.805835 0.069459 0.754565 416.211 0 0
1500.0 67.369036 1.723007 17.863218 0.185466 -0.041280 416.272 0 0
1500.0 116.445225 -3.739691 18.571352 1.224077 -0.056503 416.244 0 0
1500.0 64.597926 -1.559412 18.082503 0.125249 -0.087524 416.299 0 0
1500.0 36.505434 24.376015 17.980998 -0.336498 0.409760 416.381 0 0
1500.0 108.866754 -38.046576 17.844200 0.828498 -0.534590 416.351 0 0
1500.0 48.714799 24.262319 18.115018 -0.194240 0.465760 416.385 0 0
1500.0 52.174406 33.078394 17.876621 -0.131392 0.571728 416.430 0 0
1500.0 121.903122 8.346153 17.910166 0.989527 0.107714 416.544 0 0
1500.0 78.780782 -33.502418 18.395242 0.366221 -0.567770 416.525 0 0
1500.0 58.419372 -24.863879 17.858855 0.046280 -0.451648 416.612 0 0
1500.0 69.253693 -49.926129 17.912916 0.240381 -0.803640 416.706 0 0
1500.0 15.821534 -39.266615 17.965119 -0.664397 -0.639311 416.746 0 0
1500.0 70.630517 -26.977366 17.856768 0.234212 -0.482952 416.791 0 0
1500.0 68.746651 -27.184480 18.369797 0.198828 -0.516824 416.798 0 0
1500.0 70.908294 -43.516157 17.840920 0.262525 -0.709721 416.820 0 0
1500.0 35.251995 -16.822233 17.851076 -0.417909 -0.303166 416.921 0 0
1500.0 24.969606 -51.612401 17.795554 -0.452618 -0.835392 416.959 0 0
1500.0 57.307928 26.440103 17.834430 -0.067446 0.467213 416.966 0 0
1500.0 30.843605 -59.391468 17.890154 -0.419005 -0.904401 416.984 0 0
1500.0 83.487288 20.190282 17.870872 0.472183 0.335825 417.105 0 0
1500.0 94.763068 -14.208981 18.288501 0.614729 -0.204376 417.132 0 0
1500.0 3.743533 -4.707037 17.893336 -0.871995 -0.116584 417.174 0 0
1500.0 105.115426 -61.955430 17.868104 0.819534 -1.006939 417.175 0 0
1500.0 79.670098 -27.579302 18.754682 0.436617 -0.472343 417.257 0 0
1500.0 72.482928 44.015031 18.741500 0.337598 0.829025 417.283 0 0
1500.0 73.428554 3.077354 19.540252 0.450304 0.054098 417.316 0 0
1500.0 96.387232 -42.546489 17.909129 0.645035 -0.685505 417.325 0 0
1500.0 84.661656 15.056042 18.353454 0.542786 0.217418 417.350 0 0
1500.0 86.262438 -13.423614 18.267218 0.442910 -0.245328 417.366 0 0
1500.0 81.638050 -50.362743 17.913052 0.316135 -0.815744 417.400 0 0
1500.0 92.790552 -5.872753 17.815390 0.594766 -0.039298 417.400 0 0
1500.0 91.313700 25.430206 18.117832 0.572435 0.480466 417.424 0 0
1500.0 98.449882 33.642222 18.104899 0.699039 0.546373 417.445 0 0
1500.0 104.482065 3.925601 17.916069 0.793255 0.039303 417.620 0 0
1500.0 78.956999 -16.231575 18.372352 0.365555 -0.326404 417.650 0 0
1500.0 91.042900 -11.135185 18.369021 0.554079 -0.194221 417.662 0 0
1500.0 44.991469 66.113874 17.859851 -0.162284 1.035444 417.702 0 0
1500.0 28.652672 -59.455399 17.946551 -0.436175 -0.975930 417.772 0 0
1500.0 30.665295 2.284611 18.195066 -0.444904 0.048479 418.062 0 0
1500.0 18.444536 -31.033938 17.849891 -0.667982 -0.435288 418.027 0 0
1500.0 72.548025 -1.097513 18.379435 0.304815 -0.059705 418.205 0 0
1500.0 72.366411 -3.284844 18.464481 0.283285 -0.122692 418.112 0 0
1500.0 83.594932 -1.178999 17.995790 0.414586 -0.095628 418.141 0 0
1500.0 36.252778 -24.609337 17.841136 -0.400570 -0.335008 418.189 0 0
1500.0 47.719350 -14.730436 17.832923 -0.213478 -0.170272 418.131 0 0
1500.0 98.223263 20.816563 17.871806 0.620890 0.402405 418.255 0 0
1500.0 96.559763 54.697595 17.847867 0.626245 0.822337 418.376 0 0
1500.0 95.378683 55.171994 17.867294 0.540074 0.886372 418.376 0 0
1500.0 54.631513 12.499086 17.839826 -0.040474 0.272982 418.507 0 0
1500.0 -4.812267 -19.833863 17.795639 -1.005562 -0.277552 418.526 0 0
1500.0 112.127688 6.489865 17.803192 0.879818 0.150240 418.539 0 0
1500.0 41.020901 -85.288180 17.875709 -0.306821 -1.358147 418.643 0 0
1500.0 50.823380 10.877014 18.060678 -0.160443 0.170419 418.598 0 0
1500.0 -3.808594 -24.176858 17.795707 -0.988792 -0.341191 418.657 0 0
1500.0 124.883162 5.858562 18.098999 1.223142 0.094448 418.892 0 0
1500.0 69.267782 64.291371 17.807116 0.094359 0.987548 418.971 0 0
1500.0 89.949177 -2.014582 18.308491 0.545297 0.003760 418.997 0 0
1500.0 110.124528 -0.624871 17.901700 0.878578 -0.013196 419.216 0 0
1500.0 89.643188 14.360335 18.087179 0.574599 0.168776 419.168 0 0
1500.0 96.093804 6.509852 17.945787 0.572925 0.152157 419.244 0 0
1500.0 88.099538 -7.111420 18.198837 0.581857 -0.100435 419.256 0 0
1500.0 87.372661 -13.349563 18.198426 0.570525 -0.195262 419.288 0 0
1500.0 80.550126 -62.900541 17.829637 0.395122 -0.969560 419.330 0 0
1500.0 99.865556 40.771660 18.075204 0.716399 0.756211 419.367 0 0
1500.0 101.237249 46.728047 17.852641 0.721053 0.720729 419.423 0 0
1500.0 62.322627 -5.412337 18.476106 0.147075 -0.135694 419.510 0 0
1500.0 66.080389 27.265165 18.160323 0.171676 0.492520 419.544 0 0
1500.0 66.166577 20.797790 18.119577 0.070414 0.340938 419.612 0 0
1500.0 52.052319 -32.944439 17.972244 -0.150256 -0.523920 419.642 0 0
1500.0 41.361923 -8.334820 18.151552 -0.265511 -0.185732 419.675 0 0
1500.0 78.952521 -53.317778 17.837669 0.285011 -0.824059 419.756 0 0
1500.0 122.783198 -3.120455 17.863633 1.039294 -0.033403 419.772 0 0
1500.0 12.574530 24.713609 17.822977 -0.685537 0.455079 419.815 0 0
1500.0 97.485751 -24.963703 17.811584 0.625186 -0.334601 419.895 0 0
1500.0 9.002605 -36.545579 17.823450 -0.803699 -0.507465 419.892 0 0
1500.0 -5.760745 6.731503 17.840029 -1.005192 0.137427 420.158 0 0
1500.0 99.830753 0.963229 18.145949 0.837703 0.045732 420.183 0 0
1500.0 90.872716 -44.179005 18.299871 0.560141 -0.782738 420.276 0 0
1500.0 38.405821 -43.837865 17.845565 -0.286057 -0.683806 420.390 0 0
1500.0 58.347461 -4.751745 17.943100 -0.038322 -0.019876 420.410 0 0
1500.0 25.737173 -47.256843 17.837817 -0.478100 -0.793617 420.461 0 0
1500.0 35.342458 -15.319003 17.911591 -0.369764 -0.310852 420.511 0 0
1500.0 44.282152 -55.219619 17.837392 -0.195984 -0.913871 420.518 0 0
1500.0 57.069555 13.854305 17.941026 -0.058152 0.270013 420.539 0 0
1500.0 101.656682 -38.046782 17.837158 0.675189 -0.652695 420.551 0 0
1500.0 66.499016 4.494846 18.386700 0.243185 0.050547 420.698 0 0
1500.0 109.613442 17.383808 18.184678 0.890355 0.266640 420.649 0 0
1500.0 79.760411 56.055415 17.950622 0.350489 0.915596 420.672 0 0
1500.0 6.527162 9.872666 17.960365 -0.840012 0.135206 420.671 0 0
1500.0 103.159487 8.167661 17.992347 0.781503 0.148326 420.653 0 0
1500.0 66.490604 66.530344 17.795136 0.176626 1.032206 420.773 0 0
1500.0 34.720517 -12.072025 17.938082 -0.405098 -0.133473 420.731 0 0
1500.0 119.592927 21.598740 17.939427 0.951311 0.365501 420.824 0 0
1500.0 107.371373 15.258989 18.400363 0.862613 0.269266 420.847 0 0
1500.0 60.502167 -38.415505 17.852162 0.023618 -0.603863 420.852 0 0
1500.0 65.104850 -7.094406 18.050250 0.148726 -0.186455 420.894 0 0
1500.0 57.636691 -60.043592 17.834885 0.006828 -0.981296 420.911 0 0
1500.0 10.487428 33.973309 17.807625 -0.751728 0.500872 420.981 0 0
1500.0 1.522704 -35.626572 17.806056 -0.898950 -0.502571 420.993 0 0
1500.0 85.083552 70.763550 17.829388 0.422672 1.112558 420.989 0 0
1500.0 79.610583 -26.028522 18.020109 0.383366 -0.471713 420.990 0 0
1500.0 100.438645 -44.780154 17.834223 0.651901 -0.749410 421.036 0 0
1500.0 54.294088 56.374194 18.055773 -0.021361 0.921824 421.051 0 0
1500.0 -3.786989 -15.506104 17.818895 -0.998795 -0.208301 421.204 0 0
1500.0 125.101195 -12.187931 17.827130 1.075478 -0.255322 421.191 0 0
1500.0 65.080692 -1.155521 18.307435 0.137104 -0.089562 421.295 0 0
1500.0 33.294262 48.942783 17.883572 -0.360858 0.760832 421.362 0 0
1500.0 105.342122 -9.088370 18.693002 0.860326 -0.174197 421.502 0 0
1500.0 84.548530 -54.164909 17.880587 0.424116 -0.835078 421.501 0 0
1500.0 29.835962 61.973305 17.796808 -0.360917 0.954514 421.509 0 0
1500.0 91.403744 -54.351553 17.853941 0.551167 -0.868985 421.568 0 0
1500.0 88.969158 -24.982135 18.219405 0.583415 -0.417259 421.515 0 0
1500.0 142.207723 27.238688 18.028569 1.387653 0.439999 421.521 0 0
1500.0 128.411326 -37.523563 18.377539 1.280739 -0.675495 421.585 0 0
1500.0 36.887241 58.602547 17.843978 -0.365688 0.885235 421.681 0 0
1500.0 23.489219 57.036474 17.911707 -0.523426 0.901485 421.692 0 0
1500.0 71.377074 34.544770 17.934818 0.147228 0.562329 421.663 0 0
1500.0 0.847075 -39.103303 18.008092 -0.920966 -0.718670 421.646 0 0
1500.0 79.270045 16.595538 17.887762 0.347970 0.278951 421.812 0 0
1500.0 85.748839 -38.612092 17.953578 0.467927 -0.659787 421.845 0 0
1500.0 -4.057400 -6.436880 17.835407 -0.954947 -0.131689 421.882 0 0
1500.0 -4.997182 18.015458 17.817330 -1.005904 0.291441 421.936 0 0
1500.0 50.661584 -65.158675 17.831227 -0.096880 -1.041179 422.015 0 0
1500.0 122.765517 -20.965769 17.831178 0.973312 -0.384533 422.064 0 0
1500.0 66.223068 -5.582256 17.981828 0.070289 -0.067677 422.140 0 0
1500.0 60.635477 -19.601692 17.858053 0.051067 -0.383797 422.158 0 0
1500.0 83.403275 10.734665 17.921993 0.418397 0.111477 422.266 0 0
1500.0 -4.249877 -8.310284 17.834897 -0.954666 -0.200551 422.239 0 0
1500.0 61.606010 35.514579 17.964290 0.062319 0.563182 422.381 0 0
1500.0 67.860593 44.775761 17.893111 0.183189 0.687902 422.407 0 0
1500.0 111.405725 -37.592734 17.833407 0.850794 -0.571819 422.487 0 0
1500.0 119.594763 -24.740779 17.852880 0.959038 -0.420797 422.495 0 0
1500.0 25.811931 58.661113 17.811207 -0.463698 0.938858 422.420 0 0
1500.0 71.358577 -5.772952 17.905369 0.270512 -0.036817 422.433 0 0
1500.0 68.381624 1.095615 17.926674 0.209561 -0.021897 422.557 0 0
1500.0 120.678350 -14.253193 17.980119 1.018512 -0.187772 422.581 0 0
1500.0 63.827416 -4.031930 17.974557 0.101009 0.012929 422.612 0 0
1500.0 101.090431 30.554428 18.041890 0.667711 0.536779 422.686 0 0
1500.0 67.622138 5.693026 18.454955 0.266691 0.084927 422.776 0 0
1500.0 32.126861 -26.483697 17.915119 -0.408497 -0.411314 422.730 0 0
1500.0 92.373443 42.303196 17.864101 0.560507 0.623360 422.778 0 0
1500.0 120.789562 3.310614 18.084951 1.032217 0.041353 422.920 0 0
1500.0 -7.584263 9.141836 17.862199 -1.028687 0.178927 422.888 0 0
1500.0 76.133129 -5.599274 17.828631 0.238449 -0.153583 422.868 0 0
1500.0 52.394439 64.327316 17.806886 -0.130146 0.992767 423.047 0 0
1500.0 83.905415 -1.045588 17.903825 0.407166 0.050964 423.146 0 0
1500.0 68.394171 -64.187345 17.832570 0.163667 -1.009350 423.176 0 0
1500.0 58.734976 -29.695000 17.823026 -0.034161 -0.528311 423.242 0 0
1500.0 36.886469 44.335485 17.964638 -0.378896 0.695612 423.429 0 0
1500.0 62.757112 -0.366717 18.187562 0.159672 -0.044676 423.551 0 0
1500.0 105.389962 31.776270 17.901608 0.756729 0.450270 423.540 0 0
1500.0 111.534123 -31.728991 17.856887 0.865657 -0.522999 423.568 0 0
1500.0 123.061534 -8.122100 17.818083 1.015446 -0.088226 423.572 0 0
1500.0 107.394238 18.707993 18.414469 0.917060 0.361317 423.581 0 0
1500.0 72.924975 -11.584551 18.802586 0.322875 -0.237732 423.616 0 0
1500.0 101.455036 68.733234 17.883866 0.704933 1.208971 423.673 0 0
1500.0 73.482097 -15.192077 18.857670 0.404843 -0.283793 423.759 0 0
1500.0 105.104161 10.132935 18.381498 0.836688 0.186161 423.794 0 0
1500.0 -4.149901 17.907504 17.824749 -0.953007 0.341723 423.865 0 0
1500.0 80.471537 15.756815 18.125536 0.397655 0.316591 423.911 0 0
1500.0 35.393555 48.423938 17.829574 -0.379429 0.735627 424.030 0 0
1500.0 94.335009 53.417853 17.877894 0.610169 0.836401 424.124 0 0
1500.0 10.690762 108.770719 17.900270 -0.736255 1.808597 424.147 0 0
1500.0 75.185215 -9.851381 18.786970 0.337578 -0.195609 424.207 0 0
1500.0 15.563647 -9.395161 17.836640 -0.682641 -0.072299 424.308 0 0
1500.0 54.621413 -58.089877 17.838875 -0.036805 -0.905147 424.324 0 0
1500.0 79.710974 -40.452412 17.987407 0.302329 -0.676588 424.371 0 0
1500.0 74.328706 -10.575255 17.872996 0.335691 -0.173022 424.462 0 0
1500.0 134.448960 20.587625 17.969719 1.310242 0.301536 424.497 0 0
1500.0 81.190442 -25.101663 18.875426 0.529050 -0.508022 424.537 0 0
1500.0 107.705400 35.258835 17.840891 0.826951 0.519194 424.577 0 0
1500.0 13.703648 21.374568 17.818507 -0.677824 0.359257 424.622 0 0
1500.0 108.081223 -52.006960 18.269911 0.912432 -0.939245 424.616 0 0
1500.0 114.575275 27.002460 17.807734 0.901004 0.460167 424.741 0 0
1500.0 86.485710 -33.129941 17.988036 0.416558 -0.535249 424.775 0 0
1500.0 35.858951 -61.493444 17.888997 -0.338876 -0.963009 424.855 0 0
1500.0 73.760047 65.953831 17.828262 0.177285 1.014683 424.832 0 0
1500.0 90.433448 -40.092307 18.136617 0.570651 -0.663836 424.830 0 0
1500.0 -11.466804 -20.078712 17.911300 -1.094453 -0.356026 424.851 0 0
1500.0 107.340152 82.458776 17.855188 0.740795 1.330327 424.816 0 0
1500.0 46.745017 -34.939643 18.145895 -0.168780 -0.598453 424.831 0 0
1500.0 78.037582 -5.085636 18.372163 0.458421 -0.057018 424.829 0 0
1500.0 45.023740 14.037044 18.157503 -0.259274 0.217669 424.772 0 0
1500.0 81.003493 6.827519 17.883004 0.415640 0.163706 424.921 0 0
1500.0 60.840127 15.336886 17.822994 0.036823 0.318695 424.949 0 0
1500.0 104.739686 -13.584825 17.873858 0.762963 -0.290946 425.120 0 0
1500.0 57.599176 -46.937946 17.846694 0.005882 -0.735919 425.184 0 0
1500.0 36.179262 -20.068978 18.050324 -0.350072 -0.373315 425.198 0 0
1500.0 75.470757 28.841181 17.816844 0.306393 0.516173 425.227 0 0
1500.0 12.102976 -16.986162 18.215222 -0.795104 -0.322341 425.226 0 0
1500.0 68.146360 -27.264710 17.994511 0.157926 -0.449541 425.309 0 0
1500.0 83.856026 13.267351 19.020821 0.524425 0.312199 425.304 0 0
1500.0 71.751258 -18.528125 17.851958 0.269786 -0.344753 425.486 0 0
1500.0 94.696334 21.682914 17.873501 0.621882 0.390659 425.644 0 0
1500.0 56.745178 63.085281 18.129805 0.036833 1.085695 425.653 0 0
1500.0 78.995497 -41.664558 18.501914 0.409153 -0.799150 425.704 0 0
1500.0 117.983523 32.186662 18.249059 1.085252 0.519599 425.766 0 0
1500.0 34.093698 22.167770 18.383168 -0.406285 0.461248 425.752 0 0
1500.0 97.763758 -37.973480 18.001433 0.664785 -0.634585 425.869 0 0
1500.0 132.617372 69.483257 18.125023 1.285548 1.280122 425.971 0 0
1500.0 34.932162 -71.663779 17.835703 -0.356849 -1.144405 425.984 0 0
1500.0 11.618285 47.503638 17.799882 -0.756939 0.706281 426.010 0 0
1500.0 44.091904 -2.214851 18.394334 -0.197912 0.012218 425.992 0 0
1500.0 -62.972025 27.876644 17.868544 -2.013757 0.391336 426.007 0 0
1500.0 53.197764 -50.150940 17.819882 -0.102036 -0.861773 426.093 0 0
1500.0 60.481900 16.293971 17.818686 0.087492 0.313129 426.128 0 0
1500.0 -128.871566 232.206816 18.061530 -3.216701 4.105380 426.228 0 0
1500.0 94.203952 17.470732 17.895313 0.586170 0.301560 426.245 0 0
1500.0 70.692004 24.297897 18.032374 0.292439 0.427346 426.378 0 0
1500.0 64.362394 -9.993148 17.864718 0.030651 -0.122626 426.414 0 0
1500.0 83.307598 -10.369091 17.851826 0.435516 -0.228079 426.440 0 0
1500.0 73.863352 -46.480790 17.947904 0.289693 -0.777144 426.488 0 0
1500.0 136.134853 -27.002881 17.885880 1.349452 -0.480630 426.503 0 0
1500.0 105.349879 -9.538973 18.099013 0.766877 -0.218728 426.513 0 0
1500.0 4.153916 3.491164 17.838874 -0.820296 0.098132 426.581 0 0
1500.0 118.002634 2.033067 18.574721 1.214164 0.017630 426.703 0 0
1500.0 39.959926 -11.900614 17.953818 -0.249316 -0.234424 426.728 0 0
1500.0 82.794346 6.943190 18.227851 0.456541 0.091081 426.797 0 0
1500.0 18.451304 -4.183211 17.911372 -0.645533 -0.127278 426.777 0 0
1500.0 83.577624 19.705621 18.709633 0.448761 0.331840 427.013 0 0
1500.0 91.206114 -12.323383 18.104801 0.563048 -0.178313 426.955 0 0
1500.0 57.102539 -19.329167 18.219132 -0.040019 -0.296828 426.973 0 0
1500.0 58.303289 -22.152476 17.957223 -0.058306 -0.345256 426.970 0 0
1500.0 34.182115 0.155306 17.955431 -0.432401 0.001451 427.089 0 0
1500.0 100.893679 11.395909 17.894072 0.742005 0.187211 427.283 0 0
1500.0 53.348899 -45.571346 17.964468 -0.143612 -0.745414 427.387 0 0
1500.0 77.658956 -31.939563 18.149375 0.360199 -0.544525 427.495 0 0
1500.0 72.316870 24.064306 18.077175 0.314915 0.404949 427.517 0 0
1500.0 32.882198 -30.529689 17.948837 -0.449221 -0.471070 427.569 0 0
1500.0 20.250920 7.145641 17.948767 -0.643672 0.109074 427.575 0 0
1500.0 66.884314 65.828903 17.819273 0.106076 1.038856 427.594 0 0
1500.0 21.619092 20.843468 17.947048 -0.621270 0.319299 427.714 0 0
1500.0 101.946266 57.618083 17.861134 0.772117 0.892018 427.683 0 0
1500.0 95.000310 -55.475767 17.828977 0.523443 -0.896149 427.838 0 0
1500.0 46.437467 -29.132320 18.207139 -0.192722 -0.483132 427.895 0 0
1500.0 114.789965 30.341894 17.857150 0.957106 0.455709 427.902 0 0
1500.0 41.802890 -54.087762 17.899586 -0.280190 -0.881177 427.954 0 0
1500.0 84.639885 -7.818854 17.966224 0.412201 -0.173641 428.016 0 0
1500.0 77.578082 -60.650107 17.937692 0.338101 -0.969551 428.080 0 0
1500.0 111.812953 -57.564959 18.016143 0.908697 -0.928455 428.019 0 0
1500.0 140.730119 -24.909121 17.993134 1.468227 -0.409331 428.114 0 0
1500.0 122.368838 -3.360178 17.909718 1.009993 -0.080339 428.144 0 0
1500.0 91.323936 39.658489 17.843085 0.504366 0.683315 428.170 0 0
1500.0 80.565820 -20.319194 18.678215 0.496518 -0.354317 428.236 0 0
1500.0 64.223397 -59.307903 17.897810 0.059302 -0.956568 428.209 0 0
1500.0 34.400611 46.271268 17.941843 -0.421814 0.704843 428.189 0 0
1500.0 82.686655 -22.070851 17.905058 0.368939 -0.400699 428.279 0 0
1500.0 74.366155 -50.121244 18.291097 0.257948 -0.862323 428.263 0 0
1500.0 96.748284 52.069390 18.003235 0.648526 0.817138 428.331 0 0
1500.0 50.133576 -6.059329 17.971047 -0.068612 -0.148383 428.366 0 0
1500.0 121.478479 -17.785658 17.846384 1.010312 -0.269217 428.355 0 0
1500.0 75.823989 -6.285967 18.322449 0.406676 -0.167963 428.393 0 0
1500.0 66.770522 23.652964 18.799316 0.203263 0.399954 428.479 0 0
1500.0 117.585147 22.402326 18.003225 0.950924 0.429444 428.539 0 0
1500.0 49.738554 -62.264791 17.895177 -0.158165 -0.993881 428.697 0 0
1500.0 0.450910 2.374441 17.809783 -0.866890 -0.026101 428.856 0 0
1500.0 122.422996 -6.864475 17.847834 1.014827 -0.107508 428.984 0 0
1500.0 33.241472 -35.682319 17.957537 -0.471533 -0.575132 428.999 0 0
1500.0 99.624095 -20.377937 18.248493 0.706336 -0.417090 429.181 0 0
1500.0 19.899262 49.578214 17.835040 -0.578743 0.820614 429.329 0 0
1500.0 3.401215 -31.326231 17.932974 -0.878555 -0.470152 429.390 0 0
1500.0 -4.455520 -3.728495 17.932907 -0.996033 -0.056761 429.404 0 0
1500.0 123.641195 -6.762783 17.816412 1.032818 -0.124384 429.444 0 0
1500.0 58.907123 8.048347 18.082267 -0.016037 0.171277 429.649 0 0
1500.0 62.046039 8.035681 17.902646 -0.007959 0.130960 429.653 0 0
1500.0 29.125928 -30.682773 17.818358 -0.450281 -0.493859 429.718 0 0
1500.0 91.068028 1.747164 17.910829 0.537117 -0.048851 429.713 0 0
1500.0 65.017914 69.242896 17.900066 0.131582 1.170804 429.755 0 0
1500.0 35.215516 43.255352 17.933532 -0.347050 0.735807 429.795 0 0
1500.0 39.813938 28.182649 18.154746 -0.312309 0.433328 429.774 0 0
1500.0 52.818360 62.083372 17.800936 -0.042744 0.961818 429.997 0 0
1500.0 42.441901 -64.880584 17.892808 -0.262607 -1.014201 429.939 0 0
1500.0 2.302849 -37.260019 17.892797 -0.853327 -0.608111 429.917 0 0
1500.0 37.321979 42.523507 17.834409 -0.317459 0.670833 430.111 0 0
1500.0 31.420032 -51.434237 17.902295 -0.438235 -0.813112 430.338 0 0
1500.0 83.354377 10.716194 18.088642 0.427198 0.200410 430.381 0 0
1500.0 45.410957 33.591216 18.234352 -0.152917 0.613228 430.414 0 0
1500.0 116.591754 -24.931710 17.915331 0.931357 -0.365587 430.812 0 0
1500.0 107.492671 6.649216 18.033861 0.836074 0.168702 430.845 0 0
1500.0 54.640213 65.586337 17.833241 -0.054752 1.034174 431.079 0 0
1500.0 44.388404 -51.174018 17.884065 -0.277934 -0.777760 431.078 0 0
1500.0 74.230336 12.693784 17.851694 0.286019 0.215964 431.203 0 0
1500.0 17.686484 49.294418 17.923559 -0.601839 0.810689 431.195 0 0
1500.0 9.367984 45.438777 17.833683 -0.716517 0.737127 431.243 0 0
1500.0 68.188842 -41.986423 17.983980 0.245984 -0.699771 431.248 0 0
1500.0 92.661685 -26.993008 17.971756 0.519018 -0.484279 431.281 0 0
1500.0 133.465025 26.918063 18.222970 1.331771 0.455811 431.276 0 0
1500.0 106.079779 -23.260668 18.078465 0.783477 -0.420397 431.399 0 0
1500.0 63.740786 -60.843068 17.802342 0.117086 -0.986268 431.384 0 0
1500.0 50.944102 -58.584975 17.808723 -0.070278 -0.953840 431.643 0 0
1500.0 117.077539 25.101208 18.337743 1.104794 0.505792 431.667 0 0
1500.0 29.623272 57.143413 17.835630 -0.417352 0.901717 431.739 0 0
1500.0 102.050075 -1.862503 18.570910 0.819483 -0.032616 431.886 0 0
1500.0 32.327788 -32.238552 17.955313 -0.366972 -0.571476 431.979 0 0
1500.0 15.467403 44.562582 17.876269 -0.709443 0.676486 432.088 0 0
1500.0 82.842098 23.000348 18.046987 0.486606 0.354597 432.062 0 0
1500.0 20.071595 -79.911288 17.872878 -0.697032 -1.313195 432.163 0 0
1500.0 15.781472 21.602542 18.029568 -0.783623 0.359369 432.292 0 0
1500.0 57.255383 -8.569864 18.445721 0.046744 -0.203716 432.368 0 0
1500.0 68.074781 -24.409560 17.995282 0.239402 -0.420387 432.341 0 0
1500.0 90.826610 36.767468 17.921180 0.575234 0.604381 432.414 0 0
1500.0 102.016505 -14.844578 17.928182 0.703213 -0.214378 432.508 0 0
1500.0 101.133486 46.499243 17.871375 0.658238 0.771246 432.647 0 0
1500.0 78.879381 2.503257 17.864060 0.388210 -0.009399 432.611 0 0
1500.0 66.685138 -15.522612 17.864820 0.198629 -0.290124 432.558 0 0
1500.0 13.523758 -36.292716 18.019653 -0.743746 -0.585011 432.757 0 0
1500.0 62.893405 -35.505889 17.977538 0.072175 -0.551943 432.948 0 0
1500.0 72.003408 1.173819 18.291018 0.312210 0.002213 433.063 0 0
1500.0 123.479487 -5.160256 17.828159 1.045037 -0.076540 433.212 0 0
1500.0 68.144238 -56.469531 17.943364 0.180140 -0.926156 433.230 0 0
1500.0 75.127705 10.920705 18.591682 0.370785 0.197839 433.297 0 0
1500.0 84.492870 -13.176889 18.097420 0.436988 -0.245493 433.363 0 0
1500.0 64.932819 -27.147027 18.327316 0.147155 -0.506373 433.356 0 0
1500.0 119.288465 -20.334892 18.124653 1.048909 -0.404992 433.409 0 0
1500.0 114.279954 12.609349 17.889026 0.914575 0.137379 433.462 0 0
1500.0 34.646764 -7.358616 17.923707 -0.405471 -0.057099 433.512 0 0
1500.0 118.026854 32.280851 17.903020 1.051060 0.491936 433.512 0 0
1500.0 94.565531 26.240341 17.850498 0.511716 0.441441 433.567 0 0
1500.0 119.785358 1.721993 17.912636 0.998829 0.068453 433.609 0 0
1500.0 92.774276 2.387612 18.345627 0.615393 0.026009 433.646 0 0
1500.0 59.402524 -45.183123 17.809961 0.083568 -0.730398 433.837 0 0
1500.0 113.531746 30.990107 17.910968 0.899141 0.503635 434.054 0 0
1500.0 84.616479 -55.280937 17.885183 0.460501 -0.883590 434.084 0 0
1500.0 100.037132 -9.731392 19.041984 0.807032 -0.224542 434.089 0 0
1500.0 79.787816 34.933909 18.249743 0.407397 0.679185 434.181 0 0
1500.0 118.907678 -17.867582 18.259717 1.189305 -0.327145 434.163 0 0
1500.0 67.422953 -9.601381 18.295322 0.221724 -0.187493 434.626 0 0
1500.0 95.279580 54.284563 17.909977 0.622043 0.843000 434.640 0 0
1500.0 103.248676 14.109811 18.573529 0.837481 0.287267 434.574 0 0
1500.0 71.705095 43.556556 18.336802 0.256898 0.801403 434.640 0 0
1500.0 97.894487 -8.512641 19.133208 0.809741 -0.131196 434.755 0 0
1500.0 43.063880 -60.488140 17.808883 -0.180859 -0.936128 434.923 0 0
1500.0 65.871065 10.439919 18.415391 0.120461 0.164275 434.893 0 0
1500.0 90.857609 -58.874666 17.872561 0.467680 -0.938070 435.054 0 0
1500.0 66.101053 55.690370 18.045775 0.170452 0.909208 434.956 0 0
1500.0 68.913440 -11.507933 18.460768 0.221982 -0.244776 435.037 0 0
1500.0 44.468758 -8.731796 18.290438 -0.212552 -0.094580 435.140 0 0
1500.0 62.760408 -6.330380 18.027429 0.036104 -0.051261 435.128 0 0
1500.0 12.361535 -73.669880 18.064150 -0.803719 -1.264503 435.462 0 0
1500.0 3.792587 -23.203933 17.880330 -0.841700 -0.327534 435.529 0 0
1500.0 41.162617 20.178014 18.021520 -0.297560 0.358308 435.512 0 0
1500.0 87.863491 2.152247 18.067740 0.539845 0.090547 435.565 0 0
1500.0 97.423625 56.078308 17.831375 0.545997 0.894014 435.675 0 0
1500.0 122.675115 34.523513 17.973319 1.098731 0.560126 435.652 0 0
1500.0 2.173563 -0.874825 17.882372 -0.861767 -0.007668 435.782 0 0
1500.0 49.836795 -63.906914 17.852323 -0.134354 -1.025876 435.892 0 0
1500.0 90.211187 -11.608818 18.448764 0.632222 -0.132117 435.906 0 0
1500.0 82.952479 61.885026 17.920838 0.366679 0.979520 436.081 0 0
1500.0 81.871843 71.871266 17.857823 0.444983 1.199267 436.036 0 0
1500.0 35.096913 1.440489 18.063372 -0.468867 -0.021432 436.078 0 0
1500.0 134.268285 1.062072 18.747952 1.508327 -0.024451 436.160 0 0
1500.0 98.047416 16.036098 17.860873 0.639115 0.225929 436.291 0 0
1500.0 85.466718 5.041359 18.245243 0.503998 0.047138 436.329 0 0
1500.0 65.607132 65.635312 17.821202 0.056469 1.030119 436.372 0 0
1500.0 2.933599 32.840849 17.821143 -0.880536 0.539506 436.393 0 0
1500.0 79.402413 32.097304 18.265820 0.422677 0.546808 436.389 0 0
1500.0 95.454961 -5.279944 18.344753 0.636351 -0.107824 436.662 0 0
1500.0 98.835288 51.107204 17.876862 0.685626 0.780472 436.557 0 0
1500.0 73.682672 -3.964699 18.343236 0.376824 -0.085720 436.559 0 0
1500.0 69.279392 15.367600 18.320963 0.188705 0.293613 436.645 0 0
1500.0 74.403239 -3.104398 18.074976 0.351939 -0.011323 436.597 0 0
1500.0 108.322819 -36.844761 17.974542 0.806598 -0.573973 436.663 0 0
1500.0 80.220114 -25.103651 18.369071 0.407179 -0.400796 436.813 0 0
1500.0 82.005985 -54.071587 17.944540 0.368974 -0.843724 436.865 0 0
1500.0 51.978572 14.202880 18.118673 -0.102534 0.280379 436.882 0 0
1500.0 80.457453 -13.022307 17.876813 0.328884 -0.276792 436.883 0 0
1500.0 56.662874 16.492401 18.622143 0.035187 0.275225 436.904 0 0
1500.0 70.491883 20.316385 17.869773 0.247174 0.283571 437.003 0 0
1500.0 97.252368 -31.261791 18.262356 0.664100 -0.538793 436.966 0 0
1500.0 24.024680 -47.999179 18.005856 -0.509596 -0.841131 436.963 0 0
1500.0 82.756970 -1.831092 18.372498 0.440284 -0.081608 437.087 0 0
1500.0 -13.081345 10.784895 17.875369 -1.155124 0.098969 437.133 0 0
1500.0 88.184053 38.456135 17.957922 0.424554 0.642839 437.247 0 0
1500.0 105.286615 -27.846244 17.827811 0.781866 -0.377556 437.324 0 0
1500.0 95.839843 -37.082621 17.999143 0.670922 -0.560676 437.447 0 0
1500.0 22.617126 12.536834 17.969900 -0.555354 0.265029 437.382 0 0
1500.0 56.404977 -37.848845 17.869793 -0.045648 -0.658510 437.394 0 0
1500.0 74.943458 6.835590 18.258277 0.265851 0.160172 437.696 0 0
1500.0 21.246899 2.234727 18.308950 -0.619563 0.010187 437.782 0 0
1500.0 97.553170 -14.113469 18.256993 0.645118 -0.287934 437.906 0 0
1500.0 48.493078 29.143532 18.086163 -0.166845 0.502200 437.905 0 0
1500.0 80.649596 -4.941990 17.849608 0.431653 -0.078501 437.907 0 0
1500.0 52.162917 -49.920101 17.862082 -0.110058 -0.836151 438.092 0 0
1500.0 79.960190 -23.065230 17.960813 0.297211 -0.418771 438.098 0 0
1500.0 135.764728 -39.964516 18.109989 1.387507 -0.704371 438.088 0 0
1500.0 92.486607 -8.557255 17.931931 0.551635 -0.080028 438.227 0 0
1500.0 109.967491 5.105973 18.324884 0.905369 0.050757 438.190 0 0
1500.0 70.358069 33.779456 17.845288 0.269739 0.523371 438.212 0 0
1500.0 7.336101 -18.663579 17.860526 -0.791773 -0.374060 438.226 0 0
1500.0 95.502597 39.268699 17.882884 0.588228 0.719624 438.176 0 0
1500.0 69.255934 -5.254015 17.848213 0.136875 -0.140398 438.254 0 0
1500.0 49.551501 -59.859002 17.857495 -0.182793 -0.951368 438.254 0 0
1500.0 8.021170 -1.019780 17.942700 -0.822121 -0.032132 438.233 0 0
1500.0 127.665946 -7.166566 17.949822 1.117901 -0.103389 438.340 0 0
1500.0 96.269738 2.871311 18.176043 0.701084 0.049756 438.302 0 0
1500.0 93.401813 6.030994 18.077446 0.645022 0.026403 438.573 0 0
1500.0 66.339296 8.640391 17.938939 0.183856 0.159798 438.753 0 0
1500.0 83.719402 4.438428 18.687684 0.567508 0.057715 438.696 0 0
1500.0 59.544500 95.869126 18.038915 0.050922 1.689778 438.715 0 0
1500.0 100.424843 -20.272692 18.491611 0.782062 -0.325937 438.794 0 0
1500.0 49.108359 52.698680 17.804583 -0.173349 0.874179 438.819 0 0
1500.0 65.218257 -11.895560 18.529773 0.114519 -0.270664 438.827 0 0
1500.0 60.643481 27.471169 18.297038 0.101095 0.492815 439.015 0 0
1500.0 99.345067 -31.308448 17.979322 0.696229 -0.584943 439.192 0 0
1500.0 97.772353 14.399989 18.704948 0.769936 0.215872 439.303 0 0
1500.0 80.036014 -52.589747 17.898184 0.335398 -0.860749 439.250 0 0
1500.0 64.337710 54.508297 17.900603 0.115467 0.902379 439.382 0 0
1500.0 59.695933 -50.289168 17.851765 -0.041006 -0.805161 439.369 0 0
1500.0 74.808245 9.479616 17.998888 0.309337 0.092350 439.456 0 0
1500.0 2.799642 -29.979271 17.933704 -0.885092 -0.465037 439.467 0 0
1500.0 106.333469 28.634895 17.831245 0.811750 0.434446 439.546 0 0
1500.0 67.427280 -30.764281 17.961307 0.190692 -0.483633 439.680 0 0
1500.0 70.544040 41.676746 18.056400 0.220906 0.650628 439.868 0 0
1500.0 105.985351 7.561194 18.675296 0.881924 0.102185 439.871 0 0
1500.0 43.828345 41.844319 17.895410 -0.282748 0.670067 439.842 0 0
1500.0 6.211379 -27.780750 17.822642 -0.849701 -0.366300 439.743 0 0
1500.0 76.795173 -32.007185 17.828899 0.363480 -0.520889 439.860 0 0
1500.0 75.354435 61.882889 17.797582 0.223851 0.996691 439.993 0 0
1500.0 149.580019 53.294346 17.824864 1.502135 0.798364 439.959 0 0
1500.0 58.509058 42.014821 18.055546 0.057815 0.714248 440.197 0 0
1500.0 45.538771 -58.893654 17.927347 -0.227239 -1.051818 440.218 0 0
1500.0 37.449512 -59.519077 17.891096 -0.269758 -0.961991 440.376 0 0
1500.0 99.982733 -38.001977 17.824611 0.649830 -0.653723 440.311 0 0
1500.0 33.693202 60.840934 17.822244 -0.383393 0.973994 440.536 0 0
1500.0 139.546560 21.203146 17.867642 1.297469 0.338729 440.508 0 0
1500.0 90.535028 57.306108 17.825546 0.562353 0.857109 440.594 0 0
1500.0 42.707462 12.477211 17.989911 -0.294950 0.183292 440.568 0 0
1500.0 83.518595 15.347292 19.019222 0.556137 0.288688 440.779 0 0
1500.0 48.299802 14.124889 17.902595 -0.222106 0.225630 440.760 0 0
1500.0 79.248867 -8.287651 18.963088 0.478412 -0.134494 440.967 0 0
1500.0 100.558349 -52.860988 17.851858 0.603620 -0.843825 440.982 0 0
1500.0 119.689378 -22.628195 17.858567 0.980913 -0.370713 440.947 0 0
1500.0 107.950503 7.776053 18.000878 0.814514 0.186182 440.876 0 0
1500.0 99.829023 -1.292847 18.332626 0.744196 0.035691 441.137 0 0
1500.0 52.992437 20.485873 18.345061 -0.028198 0.384386 441.158 0 0
1500.0 53.894937 43.367247 17.966184 -0.037326 0.679682 441.358 0 0
1500.0 94.573467 -21.199679 18.145568 0.668921 -0.301072 441.297 0 0
1500.0 -2.444044 -0.730811 17.827636 -0.953526 -0.077120 441.311 0 0
1500.0 83.302640 -9.885761 18.299365 0.509032 -0.108884 441.421 0 0
1500.0 82.107252 64.180942 17.896883 0.464366 1.031919 441.339 0 0
1500.0 1.156582 -32.651439 17.853712 -0.845633 -0.543228 441.550 0 0
1500.0 120.315273 21.257404 17.934232 0.979859 0.370208 441.524 0 0
1500.0 95.763408 -50.445738 17.826127 0.533073 -0.827534 441.564 0 0
1500.0 102.794703 -22.462474 17.886323 0.740707 -0.401529 441.592 0 0
1500.0 108.292388 -4.780262 17.841088 0.805464 -0.139337 441.699 0 0
1500.0 138.108061 -8.846494 18.149998 1.393399 -0.186934 441.672 0 0
1500.0 54.281839 64.437951 17.824293 -0.076303 1.008368 441.807 0 0
1500.0 108.588151 -37.412092 18.309625 0.998882 -0.769921 441.832 0 0
1500.0 71.861088 -55.334028 17.905369 0.151436 -0.913506 441.864 0 0
1500.0 99.053880 1.350460 17.907143 0.711736 -0.009381 442.168 0 0
1500.0 33.153021 22.828706 17.876137 -0.381324 0.437204 442.155 0 0
1500.0 72.001651 -37.852916 17.867784 0.274415 -0.660418 442.116 0 0
1500.0 68.007671 -66.143764 17.825855 0.113210 -1.040098 442.196 0 0
1500.0 69.678657 -2.084610 18.070302 0.287508 -0.039593 442.208 0 0
1500.0 98.502528 2.390961 17.923844 0.699233 -0.004744 442.447 0 0
1500.0 46.504313 41.780004 18.605787 -0.222804 0.896203 442.454 0 0
1500.0 147.605465 78.642370 17.810061 1.370780 1.168804 442.574 0 0
1500.0 -2.317717 78.438013 18.019247 -1.118817 1.307386 442.543 0 0
1500.0 111.222663 32.873310 17.828820 0.842190 0.474194 442.977 0 0
1500.0 93.368645 26.865108 18.026627 0.640772 0.406015 442.796 0 0
1500.0 119.127380 -14.689747 18.148638 1.059291 -0.316504 443.027 0 0
1500.0 53.458675 -49.563008 17.828818 -0.129903 -0.734556 443.117 0 0
1500.0 98.789525 51.160285 17.978803 0.661850 0.820737 443.327 0 0
1500.0 34.003395 -11.947850 17.878316 -0.387248 -0.210954 443.458 0 0
1500.0 93.361384 18.430597 17.873787 0.573625 0.264225 443.556 0 0
1500.0 63.695524 -68.056988 17.820627 0.120631 -1.080201 443.391 0 0
1500.0 138.084632 1.228320 18.433840 1.481060 -0.008659 443.482 0 0
1500.0 12.576163 3.667379 17.948072 -0.694832 0.036329 443.689 0 0
1500.0 162.226041 -99.630025 17.818646 1.608491 -1.491216 443.803 0 0
1500.0 103.536202 28.019750 17.965999 0.782368 0.409431 443.827 0 0
1500.0 94.873892 -33.161759 17.871352 0.641498 -0.536181 443.829 0 0
1500.0 49.981000 3.037879 18.305615 -0.202854 0.032509 443.793 0 0
1500.0 68.472154 -70.591187 17.875790 0.173439 -1.153891 444.010 0 0
1500.0 45.368415 -4.023460 17.982919 -0.237694 -0.012268 444.007 0 0
1500.0 69.537766 0.582057 18.056786 0.202848 0.072898 444.140 0 0
1500.0 64.074537 64.883541 17.815130 0.134907 1.000641 444.260 0 0
1500.0 98.776908 -18.132900 18.668660 0.747189 -0.327068 444.317 0 0
1500.0 91.995833 -15.303879 18.065885 0.613895 -0.275550 444.264 0 0
1500.0 1.552096 35.957292 17.874691 -0.900690 0.536038 444.376 0 0
1500.0 76.969170 -21.122486 18.350106 0.402806 -0.377483 444.395 0 0
1500.0 93.831198 -6.627465 18.219599 0.684803 -0.130513 444.423 0 0
1500.0 44.877347 22.889487 18.409013 -0.236151 0.466478 444.410 0 0
1500.0 89.374165 53.630133 17.822531 0.520833 0.797492 444.558 0 0
1500.0 67.657269 -59.876243 17.834277 0.177990 -0.937812 444.608 0 0
1500.0 115.208360 26.057632 18.013610 0.947513 0.383137 444.606 0 0
1500.0 82.828186 37.979039 18.023059 0.363312 0.644257 444.593 0 0
1500.0 53.281439 -1.320012 17.926201 -0.032793 0.043507 444.834 0 0
1500.0 102.409358 18.730753 18.001444 0.771420 0.300767 444.677 0 0
1500.0 84.423587 42.501104 18.020105 0.386041 0.710292 444.869 0 0
1500.0 124.804623 21.748018 18.530685 1.239445 0.367256 444.727 0 0
1500.0 130.663709 31.089781 18.229496 1.368003 0.549818 444.771 0 0
1500.0 77.116788 -49.816074 17.887709 0.306570 -0.833725 444.901 0 0
1500.0 80.456781 3.147722 18.092247 0.393735 0.124046 444.969 0 0
1500.0 65.398790 -10.787256 18.259602 0.125844 -0.211154 445.022 0 0
1500.0 100.271105 -40.817225 17.835908 0.650369 -0.655745 445.006 0 0
1500.0 120.011133 -18.961117 17.877652 0.954212 -0.330864 444.989 0 0
1500.0 82.291687 -59.789526 17.877699 0.406305 -0.923705 445.001 0 0
1500.0 94.873323 5.823335 18.684259 0.669550 0.071484 445.064 0 0
1500.0 87.825420 10.063963 18.835009 0.613870 0.192411 445.086 0 0
1500.0 52.236912 68.127478 17.954007 -0.058806 1.186442 445.126 0 0
1500.0 35.062564 64.059366 17.835628 -0.291954 1.006504 445.208 0 0
1500.0 44.891732 7.270845 18.010654 -0.202023 0.187613 445.134 0 0
1500.0 95.648486 -33.999124 18.337443 0.673239 -0.562196 445.549 0 0
1500.0 115.877289 6.833052 18.119922 0.974405 0.119296 445.476 0 0
1500.0 86.495176 -1.604796 18.491691 0.570007 -0.073527 445.453 0 0
1500.0 91.486182 40.153802 17.931647 0.597965 0.621790 445.457 0 0
1500.0 79.557579 -6.534063 18.160402 0.445826 -0.076588 445.344 0 0
1500.0 69.782546 -21.036489 18.382469 0.301021 -0.384520 445.402 0 0
1500.0 87.583531 -6.981042 18.585102 0.546569 -0.055901 445.717 0 0
1500.0 51.949349 -59.436463 18.256829 -0.053227 -1.083336 445.676 0 0
1500.0 12.842730 -9.693653 17.839425 -0.674592 -0.199049 445.928 0 0
1500.0 69.789491 12.683948 18.930683 0.221182 0.236251 445.927 0 0
1500.0 122.361922 -1.304337 17.892764 1.009548 -0.047379 446.086 0 0
1500.0 65.840938 25.763045 18.282233 0.190377 0.425131 446.464 0 0
1500.0 90.477738 -22.585382 19.429747 0.773092 -0.443991 446.465 0 0
1500.0 61.327205 22.429457 17.845370 0.126036 0.380527 446.506 0 0
1500.0 52.844634 8.999713 18.123712 -0.012944 0.183262 446.623 0 0
1500.0 51.507471 39.893655 18.401262 -0.079855 0.743178 446.654 0 0
1500.0 120.879182 0.895268 18.014795 1.000909 0.009612 446.675 0 0
1500.0 108.110710 -11.870806 18.144755 0.865233 -0.155115 446.705 0 0
1500.0 74.193212 -55.431930 17.815531 0.313722 -0.875077 446.752 0 0
1500.0 61.898345 13.490144 17.846317 0.120014 0.210751 446.855 0 0
1500.0 115.546411 1.424096 17.938681 0.953849 -0.000429 446.966 0 0
1500.0 19.713366 -11.343747 17.985044 -0.596035 -0.246312 447.025 0 0
1500.0 24.215170 55.882033 17.950875 -0.507605 0.974916 446.899 0 0
1500.0 -8.154453 11.820366 18.026928 -1.113856 0.240960 446.943 0 0
1500.0 64.065515 -61.742837 17.812929 0.158642 -0.965263 447.150 0 0
1500.0 72.118752 -36.715284 17.984159 0.209235 -0.635596 447.095 0 0
1500.0 101.097090 -35.799554 17.915965 0.685358 -0.549188 447.548 0 0
1500.0 97.256551 -12.491259 18.674621 0.717460 -0.250761 447.456 0 0
1500.0 109.808227 4.051166 18.239668 0.899929 0.050211 447.263 0 0
1500.0 97.092297 -23.656068 17.981675 0.590785 -0.433700 447.304 0 0
1500.0 55.233280 -47.151554 17.848139 -0.089669 -0.784216 447.515 0 0
1500.0 75.752993 6.035324 17.891812 0.237396 0.157801 447.382 0 0
1500.0 89.971978 36.108371 17.868076 0.444100 0.612343 447.586 0 0
1500.0 84.664692 15.034540 18.636103 0.458074 0.261080 447.778 0 0
1500.0 117.055802 24.792068 17.842004 0.960130 0.361865 447.718 0 0
1500.0 78.796221 18.185556 17.888476 0.283965 0.346421 447.601 0 0
1500.0 76.699213 23.895113 17.818763 0.363134 0.352186 447.776 0 0
1500.0 -79.267570 2.282044 18.026034 -2.382684 0.076022 447.801 0 0
1500.0 74.251264 -11.950554 18.353900 0.321843 -0.256775 447.923 0 0
1500.0 53.287959 19.509436 18.348919 -0.063862 0.342741 447.920 0 0
1500.0 21.918835 -31.451743 17.841633 -0.582401 -0.554297 447.847 0 0
1500.0 117.337752 24.120827 18.012166 0.953558 0.407962 448.109 0 0
1500.0 88.195348 -47.613897 17.836755 0.432160 -0.796070 448.379 0 0
1500.0 90.749711 9.403196 17.959838 0.556345 0.213603 448.310 0 0
1500.0 36.627792 32.720493 17.813414 -0.382782 0.567994 448.349 0 0
1500.0 105.275718 45.104717 18.011524 0.769250 0.712103 448.654 0 0
1500.0 -3.934631 6.959894 17.838560 -0.981162 0.046664 448.706 0 0
1500.0 83.173466 -38.394641 18.103657 0.389356 -0.652871 448.743 0 0
1500.0 56.041418 -17.818786 18.481198 -0.029458 -0.280710 448.884 0 0
1500.0 103.153941 114.311100 18.508843 0.933545 2.263895 448.731 0 0
1500.0 11.557170 18.890224 17.884344 -0.704361 0.313925 448.922 0 0
1500.0 108.069568 -22.530792 17.860387 0.789450 -0.317416 449.243 0 0
1500.0 6.822260 -39.447041 17.835530 -0.809435 -0.646349 449.472 0 0
1500.0 3.763362 18.825825 17.869953 -0.861603 0.347296 449.282 0 0
1500.0 36.416771 -47.350374 17.951615 -0.307838 -0.795969 449.186 0 0
1500.0 -3.540162 -33.513217 17.854806 -1.021631 -0.537677 449.367 0 0
1500.0 97.124807 -24.220317 18.341546 0.644359 -0.455678 449.083 0 0
1500.0 70.523292 21.461116 18.932926 0.295111 0.419891 448.941 0 0
1500.0 179.910263 -24.779584 18.048991 2.081983 -0.387178 449.321 0 0
1500.0 89.517168 -0.793089 18.032964 0.587379 0.043936 449.439 0 0
1500.0 42.961826 -15.708725 18.146958 -0.217673 -0.313042 449.591 0 0
1500.0 100.578311 45.628687 17.914421 0.677636 0.707528 449.710 0 0
1500.0 101.774933 -7.555975 18.246166 0.778495 -0.076917 450.162 0 0
1500.0 -3.131147 11.077203 17.798585 -0.972597 0.226493 450.093 0 0
1500.0 0.976606 19.083054 17.799739 -0.913642 0.348439 449.874 0 0
1500.0 107.720043 3.989382 18.084860 0.855452 0.036257 450.111 0 0
1500.0 121.719558 12.458963 17.953336 1.041412 0.142682 449.903 0 0
1500.0 28.146619 14.331588 18.124690 -0.494869 0.228891 450.130 0 0
1500.0 2.481821 -78.416371 17.835212 -0.928183 -1.312650 449.945 0 0
1500.0 154.633857 -90.769766 18.019387 1.628376 -1.546068 449.866 0 0
1500.0 75.701047 34.934680 18.342738 0.343536 0.676055 450.380 0 0
1500.0 102.025095 -15.122855 17.937446 0.703453 -0.203294 450.581 0 0
1500.0 68.870586 -62.386663 17.821230 0.237146 -0.957964 450.558 0 0
1500.0 16.754330 -74.483079 18.288893 -0.823029 -1.388990 450.507 0 0
1500.0 97.149760 -49.445216 17.820071 0.661730 -0.759825 450.797 0 0
1500.0 89.285774 -3.525891 18.357229 0.533147 -0.128262 450.781 0 0
1500.0 100.825831 -9.655364 17.934066 0.740763 -0.175318 450.813 0 0
1500.0 41.039873 19.991645 18.021894 -0.243288 0.385771 450.788 0 0
1500.0 65.300528 3.629501 18.079238 0.112933 -0.014668 450.793 0 0
1500.0 32.932096 59.269825 17.976267 -0.408667 0.990255 450.798 0 0
1500.0 125.062462 -102.541497 17.962051 1.190019 -1.770769 450.859 0 0
1500.0 73.862064 14.892659 18.164455 0.219290 0.262687 451.105 0 0
1500.0 111.375886 -0.523174 17.944359 0.839804 -0.028059 451.013 0 0
1500.0 58.856321 -65.448067 17.941634 0.032491 -1.041883 451.035 0 0
1500.0 93.485023 8.829342 17.951811 0.547226 0.211972 450.971 0 0
1500.0 125.330203 -6.031272 17.996058 1.155626 -0.158429 451.055 0 0
1500.0 72.821393 39.656659 17.928896 0.270634 0.606392 451.427 0 0
1500.0 64.318287 66.940676 17.863552 0.055282 1.043396 451.421 0 0
1500.0 103.552434 -47.109945 17.818230 0.751489 -0.718418 451.377 0 0
1500.0 121.415036 7.986613 17.844416 1.019014 0.085993 451.414 0 0
1500.0 45.246245 -22.414431 17.913987 -0.249040 -0.397563 451.622 0 0
1500.0 63.041615 8.903558 17.827583 0.003448 0.108732 451.340 0 0
1500.0 -69.884117 5.490462 17.945548 -2.100970 0.054179 451.349 0 0
1500.0 92.069460 -11.951128 18.156294 0.577020 -0.144437 452.187 0 0
1500.0 91.890234 -49.702309 17.892397 0.515221 -0.757357 451.724 0 0
1500.0 80.877036 -9.386497 17.936960 0.380549 -0.083059 452.072 0 0
1500.0 122.995187 -8.870648 17.973349 1.038096 -0.109151 451.689 0 0
1500.0 66.523308 -29.354660 17.983695 0.213434 -0.497700 451.980 0 0
1500.0 44.595321 21.952497 17.937010 -0.159776 0.409537 451.846 0 0
1500.0 75.867507 6.927396 18.040327 0.363380 0.154278 452.182 0 0
1500.0 92.420748 22.312733 18.151556 0.580364 0.434760 451.698 0 0
1500.0 115.906640 -6.869285 17.957884 1.015338 -0.088953 452.049 0 0
1500.0 47.124980 -35.182849 18.018046 -0.157703 -0.677152 451.757 0 0
1500.0 71.607121 -22.534835 17.958878 0.270032 -0.334463 452.317 0 0
1500.0 63.172860 54.742062 17.944054 0.097898 0.848534 452.262 0 0
1500.0 1.104589 31.020689 17.797517 -0.879988 0.510746 452.255 0 0
1500.0 71.876005 64.987903 17.797419 0.154154 1.007457 452.228 0 0
1500.0 67.564250 17.193863 18.082264 0.102212 0.267202 452.241 0 0
1500.0 38.101453 3.775990 18.080993 -0.352446 0.059861 452.323 0 0
1500.0 26.217252 2.944591 17.863466 -0.498957 0.123326 452.264 0 0
1500.0 199.346266 3.409911 17.977418 2.372141 0.109888 452.417 0 0
1500.0 112.661044 20.081325 17.937253 0.909625 0.321953 452.835 0 0
1500.0 57.223804 -24.846284 18.401507 -0.002773 -0.412597 452.620 0 0
1500.0 5.573949 4.402449 17.899956 -0.849845 0.018705 452.798 0 0
1500.0 66.161277 9.312911 17.967154 0.183045 0.211412 452.842 0 0
1500.0 87.493478 -30.356916 18.334204 0.619850 -0.526724 452.757 0 0
1500.0 43.327315 -50.211718 17.841063 -0.235319 -0.781926 452.888 0 0
1500.0 6.004680 32.009309 17.801020 -0.800180 0.519857 452.957 0 0
1500.0 25.605053 23.049124 18.072982 -0.540428 0.354046 452.899 0 0
1500.0 36.950230 4.067484 18.002074 -0.365273 0.111832 453.058 0 0
1500.0 62.287293 20.211942 18.002465 0.027217 0.362060 453.033 0 0
1500.0 2.062816 22.023171 17.802116 -0.855132 0.374523 453.124 0 0
1500.0 68.642100 -29.729179 18.067325 0.191924 -0.532957 453.078 0 0
1500.0 89.573786 -45.207212 17.860642 0.562708 -0.723684 453.186 0 0
1500.0 86.927056 -3.326547 17.962269 0.503468 0.014751 453.168 0 0
1500.0 114.550539 -34.198731 17.867436 0.852943 -0.603927 453.079 0 0
1500.0 104.140268 17.549490 18.073137 0.841053 0.235142 453.206 0 0
1500.0 86.152300 24.129737 18.140075 0.430083 0.385685 453.482 0 0
1500.0 98.166048 10.994084 18.271320 0.678112 0.159537 453.333 0 0
1500.0 87.177471 51.304154 17.805091 0.370838 0.792516 453.516 0 0
1500.0 -0.076873 -16.796319 17.803725 -0.883187 -0.184990 453.345 0 0
1500.0 107.276454 -24.148881 17.968321 0.824192 -0.408282 453.418 0 0
1500.0 -0.776453 7.275160 17.895415 -0.938772 0.062007 453.353 0 0
1500.0 0.958265 -12.322513 17.801882 -0.938337 -0.216991 453.627 0 0
1500.0 90.007254 -8.439099 18.076285 0.567623 -0.067477 453.607 0 0
1500.0 20.227242 -6.267728 17.995394 -0.619753 -0.047911 453.534 0 0
1500.0 30.956169 34.115231 17.811604 -0.370746 0.585721 453.384 0 0
1500.0 0.706387 0.766458 17.960748 -0.944099 0.028892 453.633 0 0
1500.0 75.045663 42.308406 18.030600 0.231198 0.760695 453.665 0 0
1500.0 64.220400 -103.761592 18.089318 0.187727 -1.860665 453.399 0 0
1500.0 71.751971 1.109572 18.687408 0.312584 -0.046467 454.032 0 0
1500.0 36.973142 -9.235670 17.993080 -0.299020 -0.193392 453.927 0 0
1500.0 89.444599 34.654231 18.025110 0.486072 0.548891 454.114 0 0
1500.0 74.948628 49.563609 17.951112 0.287241 0.765502 454.034 0 0
1500.0 67.277590 -37.500885 18.034474 0.095573 -0.599799 453.819 0 0
1500.0 64.164935 -21.421437 18.078894 0.165610 -0.396285 454.037 0 0
1500.0 122.861957 21.318296 17.912307 1.087633 0.420101 454.031 0 0
1500.0 26.403664 -57.984423 17.832023 -0.490364 -0.926338 454.458 0 0
1500.0 55.944844 -64.891449 17.891064 -0.079672 -1.017102 454.176 0 0
1500.0 68.616937 -46.075289 17.896465 0.176539 -0.769732 454.562 0 0
1500.0 94.744388 -19.337030 17.994733 0.642141 -0.252014 454.406 0 0
1500.0 84.029588 46.812419 17.947017 0.449178 0.774348 454.528 0 0
1500.0 12.909082 -11.276465 18.028715 -0.733675 -0.195785 454.297 0 0
1500.0 116.178642 3.280350 17.800361 0.932544 0.106139 454.552 0 0
1500.0 91.905800 -21.579058 18.070157 0.586939 -0.394706 454.696 0 0
1500.0 93.737056 0.145552 18.000640 0.646897 0.007797 454.514 0 0
1500.0 160.410692 -21.743687 17.899199 1.664078 -0.427526 454.651 0 0
1500.0 160.310620 -32.019940 18.271741 1.902632 -0.614072 454.454 0 0
1500.0 86.062639 -39.905900 18.596049 0.592772 -0.832187 454.337 0 0
1500.0 51.064124 11.449647 17.892285 -0.132388 0.216406 455.065 0 0
1500.0 115.451765 -9.657461 18.157383 0.961519 -0.177788 455.139 0 0
1500.0 92.593043 -0.020825 17.833652 0.594833 0.050553 454.911 0 0
1500.0 91.173360 18.706286 17.836612 0.568105 0.234692 455.143 0 0
1500.0 73.635455 30.469297 18.570888 0.309897 0.550963 455.028 0 0
1500.0 37.717186 -1.728823 18.454678 -0.338844 0.024203 454.762 0 0
1500.0 158.534578 -109.900523 18.563511 2.040538 -2.105235 455.050 0 0
1500.0 98.991609 -44.157900 17.925722 0.666880 -0.658732 455.294 0 0
1500.0 122.362572 -1.283333 17.916562 1.007258 0.016686 455.288 0 0
1500.0 35.780846 62.383288 17.849076 -0.319110 0.987324 455.412 0 0
1500.0 12.777952 34.674693 17.922252 -0.747554 0.509514 455.397 0 0
1500.0 107.075723 16.420392 17.809928 0.803454 0.196545 455.411 0 0
1500.0 40.398981 -68.702840 17.996176 -0.345758 -1.156301 455.251 0 0
1500.0 91.980696 -17.545864 18.507715 0.659602 -0.296304 456.068 0 0
1500.0 79.909331 -31.349001 18.398449 0.455306 -0.523103 455.878 0 0
1500.0 86.159228 -34.210369 18.263191 0.466153 -0.588425 456.035 0 0
1500.0 60.852288 -10.925553 18.343794 0.040227 -0.195766 455.814 0 0
1500.0 57.379391 51.480309 17.922903 -0.045524 0.843849 455.901 0 0
1500.0 120.482561 -29.369985 18.042422 1.133521 -0.465829 455.871 0 0
1500.0 50.519414 17.854181 18.717961 -0.123660 0.270280 455.969 0 0
1500.0 32.219473 -58.652453 17.892896 -0.420042 -0.893777 456.430 0 0
1500.0 103.262644 -26.297536 18.147905 0.784351 -0.432945 456.335 0 0
1500.0 75.289786 -14.203965 17.937715 0.320772 -0.209120 456.596 0 0
1500.0 -0.848866 -5.188471 17.861315 -0.952501 -0.113739 456.619 0 0
1500.0 104.371120 38.378334 18.050532 0.768493 0.609233 456.711 0 0
1500.0 89.091547 7.120295 18.714585 0.594185 0.092105 458.454 0 0
1500.0 64.557238 -3.660955 18.031858 0.151857 -0.107670 457.500 0 0
1500.0 112.330850 11.685913 17.896209 0.817573 0.176739 457.921 0 0
1500.0 83.582768 10.178670 18.022588 0.372253 0.210762 457.998 0 0
1500.0 10.367187 -23.383087 17.815376 -0.730214 -0.387693 457.239 0 0
1500.0 89.028008 30.252848 18.031278 0.514096 0.466886 458.807 0 0
1500.0 94.101689 -25.928516 17.938278 0.587386 -0.389058 458.700 0 0
1500.0 120.142683 5.510671 17.925487 0.975739 0.055212 457.146 0 0
1500.0 80.175885 12.774768 18.753356 0.520968 0.204554 457.094 0 0
1500.0 -7.035362 -16.445803 17.914454 -1.015687 -0.257469 457.495 0 0
1500.0 90.253125 -57.064828 17.799320 0.519981 -0.889682 458.542 0 0
1500.0 65.894943 -66.340768 17.798318 0.164352 -1.034681 457.947 0 0
1500.0 118.267211 30.799452 17.799149 0.950082 0.406628 457.145 0 0
1500.0 72.387411 -23.758045 18.052554 0.260094 -0.429049 457.539 0 0
1500.0 58.710043 -38.147346 18.048252 0.054568 -0.635650 458.467 0 0
1500.0 101.639905 -12.879122 18.450672 0.796684 -0.219435 458.598 0 0
1500.0 94.522358 -41.236434 18.073980 0.632779 -0.672529 457.748 0 0
1500.0 98.858795 35.266581 18.020927 0.698163 0.581004 457.484 0 0
1500.0 61.683171 24.444875 18.362221 0.126941 0.445729 457.339 0 0
1500.0 95.065427 15.659364 18.418541 0.704322 0.220860 458.418 0 0
1500.0 106.586634 -34.669401 17.847300 0.812197 -0.530645 457.751 0 0
1500.0 14.621516 18.555393 17.880546 -0.736274 0.283007 457.013 0 0
1500.0 18.092838 29.845422 17.879157 -0.681605 0.455280 457.148 0 0
1500.0 76.755435 4.950610 18.184030 0.409537 0.077732 457.217 0 0
1500.0 105.190729 -33.032113 17.855861 0.790878 -0.522859 457.990 0 0
1500.0 92.353817 1.563339 18.031418 0.616307 -0.006416 458.107 0 0
1500.0 84.320445 23.652008 18.262507 0.496459 0.420809 458.339 0 0
1500.0 77.061705 39.306969 17.932603 0.292549 0.678754 457.466 0 0
1500.0 42.337902 30.271079 18.064651 -0.201172 0.540620 457.612 0 0
1500.0 90.557750 29.077034 18.032301 0.597495 0.432962 458.237 0 0
1500.0 25.894868 -21.274627 17.974324 -0.552679 -0.329897 457.636 0 0
1500.0 25.827969 21.443401 17.974342 -0.553721 0.327156 457.635 0 0
1500.0 42.483530 44.019498 17.970866 -0.296227 0.671438 457.922 0 0
1500.0 8.968858 32.380095 17.961596 -0.797301 0.485789 458.918 0 0
1500.0 60.112213 3.526642 17.985749 -0.026707 0.052204 456.848 0 0
1500.0 100.551263 6.105722 18.200047 0.704764 0.166857 458.931 0 0
1500.0 79.185897 55.147237 17.807985 0.250350 0.872291 458.442 0 0
1500.0 36.711137 -29.547060 17.821337 -0.405509 -0.428255 457.196 0 0
1500.0 70.144021 24.464320 17.946557 0.272751 0.410169 457.525 0 0
1500.0 107.232345 -23.002707 17.931283 0.830113 -0.318669 458.871 0 0
1500.0 25.269700 50.331292 17.925349 -0.487538 0.849263 458.209 0 0
1500.0 30.059246 -3.380348 17.976436 -0.491723 -0.054173 457.757 0 0
1500.0 66.931887 13.446467 18.170295 0.231944 0.263687 458.657 0 0
1500.0 82.824747 30.905139 17.891937 0.398455 0.553432 458.583 0 0
1500.0 4.305727 0.369291 17.874721 -0.876807 0.075849 457.524 0 0
1500.0 134.313136 -15.109800 17.962291 1.280911 -0.224770 458.525 0 0
1500.0 96.034779 -16.555169 18.004044 0.689233 -0.235675 458.930 0 0
1500.0 109.748086 -40.958099 18.338434 0.954377 -0.704271 457.338 0 0
1500.0 96.788994 -5.400883 17.848612 0.688661 -0.093430 458.530 0 0
1500.0 61.267033 38.365593 18.129021 0.008756 0.624941 458.593 0 0
1500.0 116.845498 -26.970049 18.036825 0.996057 -0.502991 458.096 0 0
1500.0 50.569968 -62.723018 18.406367 -0.131729 -1.151819 457.934 0 0
1500.0 59.306904 -23.485198 18.243459 -0.046778 -0.387701 457.018 0 0
1500.0 128.769391 23.668616 18.192596 1.335057 0.472622 457.617 0 0
1500.0 76.475875 -19.896005 18.753026 0.362551 -0.440697 458.313 0 0
1500.0 79.411081 7.264768 18.591558 0.394281 0.163787 459.548 0 0
1500.0 81.685251 13.167164 17.946747 0.408384 0.160324 459.398 0 0
1500.0 91.149267 -3.280504 17.943785 0.542193 -0.069429 459.169 0 0
1500.0 120.765169 0.980974 17.803526 0.954309 -0.038280 459.467 0 0
1500.0 108.857804 -1.048876 18.286190 0.884441 0.016355 459.151 0 0
1500.0 65.118672 61.982288 17.919567 0.106588 1.001135 459.128 0 0
1500.0 103.129169 -16.286459 18.206950 0.793560 -0.278713 459.534 0 0
1500.0 90.956790 -19.428492 18.446978 0.607871 -0.356116 459.873 0 0
1500.0 -4.038322 13.706114 17.801398 -1.001303 0.235604 459.640 0 0
1500.0 48.039761 -95.851346 17.793601 -0.082563 -1.471125 459.831 0 0
1500.0 114.409698 9.498341 17.803947 0.930447 0.143886 459.626 0 0
1500.0 101.771671 -32.565810 18.490023 0.803530 -0.565783 458.993 0 0
1500.0 128.924376 -127.768008 17.870343 1.110307 -2.033317 459.768 0 0
1500.0 57.434667 37.347815 17.933057 0.061383 0.631142 459.792 0 0
1500.0 154.162657 -16.175597 17.921316 1.631570 -0.296144 459.212 0 0
1500.0 122.290760 -59.045422 18.227955 1.228166 -1.040848 459.415 0 0
1500.0 64.088887 -36.259667 18.158826 0.086342 -0.743706 459.813 0 0
1500.0 57.364688 23.639448 18.135474 0.021465 0.395154 459.976 0 0
1500.0 50.824800 25.598855 18.067999 -0.136576 0.380960 459.983 0 0
1500.0 113.015250 7.262229 18.194108 0.924124 0.155785 460.149 0 0
1500.0 88.448584 -44.094511 18.210878 0.520820 -0.731105 459.971 0 0
1500.0 94.919085 -3.518501 18.705363 0.664048 -0.079983 460.599 0 0
1500.0 104.335999 -3.677934 17.871496 0.729666 -0.038160 460.233 0 0
1500.0 77.327680 -7.271175 18.492085 0.440668 -0.080055 460.292 0 0
1500.0 100.445525 19.566980 18.566781 0.781213 0.329245 460.850 0 0
1500.0 13.453601 50.436221 17.848463 -0.696472 0.799955 461.178 0 0
1500.0 118.429647 22.057270 18.020809 0.987630 0.336955 461.466 0 0
1500.0 112.046991 30.682248 17.877701 0.828483 0.536535 460.209 0 0
1500.0 116.923481 9.862783 18.016556 0.977949 0.159805 460.821 0 0
1500.0 108.353614 29.493680 18.060719 0.813346 0.509640 460.758 0 0
1500.0 88.997397 8.781247 18.475704 0.557263 0.205946 460.733 0 0
1500.0 103.147206 37.974707 17.871350 0.762131 0.587689 460.442 0 0
1500.0 105.581955 -34.312979 17.872189 0.800466 -0.505470 460.314 0 0
1500.0 114.328415 29.231319 17.867858 0.920869 0.450598 461.175 0 0
1500.0 -4.927538 -15.627415 17.919606 -0.981762 -0.282509 461.429 0 0
1500.0 69.983649 -56.658342 17.925193 0.137473 -0.908017 460.425 0 0
1500.0 83.010204 39.734048 18.160786 0.431913 0.673988 460.965 0 0
1500.0 110.403425 3.496140 18.175623 0.910878 0.084043 460.714 0 0
1500.0 67.346808 -59.126943 17.794573 0.177390 -0.959752 461.339 0 0
1500.0 17.778958 19.533018 17.983433 -0.670269 0.279849 460.667 0 0
1500.0 20.753014 -27.726155 17.939088 -0.618526 -0.467471 460.801 0 0
1500.0 96.283933 10.033504 17.989358 0.679760 0.129121 461.017 0 0
1500.0 92.030645 -28.739692 18.360975 0.665141 -0.469265 460.935 0 0
1500.0 93.712107 16.405270 17.844672 0.610217 0.201158 461.353 0 0
1500.0 81.890968 7.803145 17.847517 0.342569 0.193899 460.849 0 0
1500.0 69.518258 -17.778083 17.841511 0.103517 -0.299195 461.396 0 0
1500.0 99.702096 -51.927219 18.160840 0.746384 -0.931175 461.033 0 0
1500.0 27.272992 2.001433 18.296820 -0.563918 -0.032877 460.327 0 0
1500.0 54.884759 35.820444 17.835143 0.008033 0.550570 461.566 0 0
1500.0 139.783151 18.671528 18.689824 1.635141 0.317940 461.562 0 0
1500.0 62.125172 2.254412 17.993683 0.071091 0.098948 461.678 0 0
1500.0 69.248534 -0.126223 18.238011 0.266413 0.019768 462.819 0 0
1500.0 53.034401 4.820504 17.843274 -0.017875 0.113041 462.166 0 0
1500.0 95.026545 -12.065282 18.086458 0.594867 -0.218168 462.843 0 0
1500.0 88.272847 3.668934 17.866673 0.497276 0.045311 462.825 0 0
1500.0 141.408200 -2.453338 17.831596 1.262882 -0.063726 462.335 0 0
1500.0 103.928727 -49.188388 17.798521 0.745513 -0.723763 461.879 0 0
1500.0 117.923834 46.662698 17.891056 0.944685 0.753710 462.558 0 0
1500.0 132.781063 52.784322 17.871163 1.189069 0.823019 462.583 0 0
1500.0 119.280281 5.511045 17.974524 1.004411 0.058166 462.830 0 0
1500.0 97.104990 39.159022 17.943569 0.669860 0.633108 462.170 0 0
1500.0 108.878215 -26.164558 17.966127 0.859788 -0.392838 462.696 0 0
1500.0 8.818309 5.192012 17.830520 -0.829392 0.060774 461.780 0 0
1500.0 37.146362 56.900068 17.825530 -0.391317 0.846399 462.365 0 0
1500.0 13.912061 -15.178270 17.832220 -0.753185 -0.252361 461.612 0 0
1500.0 94.868028 -23.947553 17.840319 0.624630 -0.421903 461.715 0 0
1500.0 91.460576 0.814990 18.087223 0.571090 -0.059849 462.089 0 0
1500.0 73.540564 -17.031877 18.090792 0.297639 -0.334648 461.834 0 0
1500.0 95.169678 36.324903 17.949751 0.652887 0.574005 462.793 0 0
1500.0 87.081196 17.730913 18.034104 0.438233 0.341284 462.003 0 0
1500.0 85.758912 13.762084 17.933359 0.467892 0.285811 461.644 0 0
1500.0 95.388695 13.446082 17.910617 0.606887 0.281542 462.211 0 0
1500.0 125.843359 -85.845539 17.952439 1.125823 -1.386857 461.727 0 0
1500.0 22.563334 17.037718 17.933920 -0.550285 0.337944 462.365 0 0
1500.0 74.620374 -53.794433 17.823454 0.179306 -0.843857 462.858 0 0
1500.0 88.701199 8.536924 17.931116 0.457838 0.203963 462.873 0 0
1500.0 98.572206 63.674680 17.903936 0.721776 1.025991 461.819 0 0
1500.0 45.169466 19.082619 17.842392 -0.256025 0.242083 462.576 0 0
1500.0 38.446531 -71.229987 17.931816 -0.283878 -1.209583 462.628 0 0
1500.0 69.148334 8.272337 17.995390 0.262114 0.171548 462.802 0 0
1500.0 74.765283 -42.114808 18.387037 0.319202 -0.773726 462.528 0 0
1500.0 64.996990 36.182574 17.988563 0.050818 0.668991 462.490 0 0
1500.0 97.959656 13.893194 18.129127 0.678189 0.321054 462.234 0 0
1500.0 116.745229 -16.872790 18.612968 1.167421 -0.330920 462.817 0 0
1500.0 121.354258 26.203267 18.173961 1.186940 0.531145 462.051 0 0
1500.0 62.032602 8.647323 18.663907 0.090090 0.268559 461.817 0 0
1500.0 65.780336 -6.907577 18.281808 0.171735 -0.143862 462.943 0 0
1500.0 9.379401 -2.658985 17.814897 -0.759754 -0.009147 463.196 0 0
1500.0 114.330650 7.194913 17.931172 0.881695 0.131311 463.067 0 0
1500.0 118.454744 21.891266 18.021641 0.970444 0.342356 463.329 0 0
1500.0 78.353577 -62.855762 17.790587 0.335528 -0.990896 463.027 0 0
1500.0 118.772926 -13.959032 17.827976 0.969530 -0.261605 463.290 0 0
1500.0 50.432468 54.941978 18.019989 -0.123050 0.895698 463.309 0 0
1500.0 52.547425 23.054112 18.444043 -0.060241 0.395433 463.409 0 0
1500.0 13.079850 -32.399195 17.964719 -0.737948 -0.477865 463.372 0 0
1500.0 34.074161 -52.034127 17.820413 -0.438951 -0.812372 463.223 0 0
1500.0 36.615103 -54.360097 17.819743 -0.399714 -0.846608 463.314 0 0
1500.0 33.217960 -52.452982 17.819852 -0.451463 -0.817803 463.299 0 0
1500.0 26.239090 -18.384186 17.902100 -0.557632 -0.259133 463.164 0 0
1500.0 61.819973 -39.122081 17.860986 0.113598 -0.591673 463.579 0 0
1500.0 78.038001 54.602124 18.018428 0.292326 0.887812 463.515 0 0
1500.0 4.329025 34.083519 17.803461 -0.880878 0.483958 463.520 0 0
1500.0 23.361206 -48.086065 17.818504 -0.599542 -0.749147 463.497 0 0
1500.0 75.567872 7.864079 17.998749 0.348599 0.068168 463.619 0 0
1500.0 125.159300 25.265452 18.032561 1.160502 0.379942 463.445 0 0
1500.0 46.508780 19.432130 18.123497 -0.178182 0.428789 463.498 0 0
1500.0 87.433931 21.037475 18.040315 0.480438 0.346342 463.708 0 0
1500.0 96.815717 -24.078965 18.415124 0.682990 -0.451906 463.806 0 0
1500.0 91.567512 52.848802 17.913023 0.538521 0.859998 463.956 0 0
1500.0 95.168208 23.926164 18.373692 0.614743 0.431331 463.971 0 0
1500.0 80.370122 32.808906 17.877580 0.302860 0.568169 463.886 0 0
1500.0 66.355135 26.235421 18.002292 0.097849 0.407432 464.393 0 0
1500.0 79.859253 9.506330 18.363426 0.362460 0.197943 464.562 0 0
1500.0 43.837746 11.022002 17.980864 -0.250221 0.151397 465.095 0 0
1500.0 81.189713 24.152044 18.238001 0.425242 0.386446 464.731 0 0
1500.0 96.231816 49.169718 17.922217 0.576259 0.778317 464.694 0 0
1500.0 122.154674 -15.212639 17.814436 1.023104 -0.228205 464.106 0 0
1500.0 4.019403 -34.186572 17.814597 -0.881587 -0.531678 464.334 0 0
1500.0 96.532095 45.831691 17.913054 0.564157 0.761813 464.598 0 0
1500.0 108.070107 -11.353731 18.616328 0.906836 -0.234050 464.773 0 0
1500.0 68.638789 12.074565 18.076623 0.256230 0.233649 464.359 0 0
1500.0 69.468235 -3.759763 17.876553 0.109878 -0.087430 464.038 0 0
1500.0 28.718602 7.768382 17.869172 -0.524400 0.092434 464.525 0 0
1500.0 109.211500 25.264827 18.324539 0.891723 0.491329 464.370 0 0
1500.0 78.571390 -31.918142 17.960135 0.320216 -0.614363 464.142 0 0
1500.0 80.320446 -6.674014 18.510821 0.454042 -0.202486 464.319 0 0
1500.0 86.932039 12.300206 18.747883 0.639060 0.331856 464.185 0 0
1500.0 34.573315 4.192602 18.117645 -0.342297 0.098443 466.182 0 0
1500.0 59.402804 -10.487949 18.231596 0.080091 -0.210588 465.984 0 0
1500.0 83.823673 -14.469244 18.435971 0.472504 -0.249633 466.404 0 0
1500.0 29.526079 -9.061036 17.942516 -0.438340 -0.172905 465.958 0 0
1500.0 62.565832 23.641485 18.173800 0.112841 0.393955 467.239 0 0
1500.0 85.484473 0.020901 18.551624 0.516929 0.034776 468.521 0 0
1500.0 79.693933 42.943680 17.932544 0.332099 0.676232 465.976 0 0
1500.0 24.348045 -6.036502 17.910143 -0.534020 -0.084171 466.730 0 0
1500.0 5.883325 -18.770912 17.898193 -0.805560 -0.266920 465.613 0 0
1500.0 85.911649 -37.151074 17.922849 0.470680 -0.548912 466.583 0 0
1500.0 58.550518 37.369208 17.930167 -0.027665 0.577030 467.220 0 0
1500.0 35.652784 7.574970 17.935419 -0.346829 0.158269 467.626 0 0
1500.0 82.348563 45.595564 17.853942 0.417603 0.664278 466.440 0 0
1500.0 73.347630 -12.718103 17.842078 0.283757 -0.180801 468.010 0 0
1500.0 96.595264 -37.386949 17.826373 0.621028 -0.536371 466.659 0 0
1500.0 36.069009 17.741821 18.069698 -0.346014 0.248565 468.851 0 0
1500.0 104.589642 -42.775275 17.828730 0.729309 -0.670568 465.732 0 0
1500.0 115.619741 -12.276069 17.947233 0.906782 -0.154517 466.911 0 0
1500.0 104.425930 -30.803523 17.900022 0.721202 -0.490257 467.092 0 0
1500.0 99.130772 19.986894 17.927819 0.614875 0.348189 467.947 0 0
1500.0 55.285470 -18.782977 17.829131 -0.105211 -0.290526 468.545 0 0
1500.0 113.821559 33.468692 17.991075 0.914786 0.508236 465.497 0 0
1500.0 13.516525 9.309278 17.830215 -0.700258 0.113151 468.068 0 0
1500.0 21.739356 -0.944631 17.834849 -0.580395 -0.032046 468.467 0 0
1500.0 33.353539 56.058749 17.913099 -0.370821 0.871493 467.999 0 0
1500.0 12.223570 49.035840 17.907615 -0.688600 0.786959 466.554 0 0
1500.0 85.594299 -22.670095 18.185214 0.442413 -0.380273 470.845 0 0
1500.0 96.270542 2.675681 18.104784 0.623662 0.075116 470.449 0 0
1500.0 122.049001 0.492092 17.986202 1.019411 0.001838 467.762 0 0
1500.0 64.635999 9.031436 18.013760 0.180811 0.120049 470.829 0 0
1500.0 121.438676 15.883058 17.984557 1.023091 0.227274 466.917 0 0
1500.0 90.787149 -13.523743 18.005695 0.547696 -0.194032 470.218 0 0
1500.0 22.974244 59.578479 17.818205 -0.555396 0.933114 466.923 0 0
1500.0 66.539609 54.663152 18.056294 0.154827 0.897187 465.249 0 0
1500.0 90.410607 -32.028242 18.220973 0.609799 -0.507396 465.309 0 0
1500.0 88.285626 58.129979 17.882028 0.452647 0.922537 467.641 0 0
1500.0 -0.447992 -14.753744 17.864333 -0.927936 -0.164120 465.231 0 0
1500.0 63.175068 -23.227773 18.549650 0.130782 -0.376822 473.330 0 0
1500.0 54.554986 -15.987398 18.551336 0.015915 -0.310292 465.864 0 0
1500.0 114.605311 20.725343 18.026377 0.914527 0.370077 466.649 0 0
1500.0 74.941982 -3.238754 17.871640 0.268039 -0.107552 471.781 0 0
1500.0 60.043550 -65.461483 17.818273 0.039395 -1.045820 467.255 0 0
1500.0 96.931332 -25.928130 17.834805 0.560510 -0.437815 470.466 0 0
1500.0 23.091564 -18.492724 17.863686 -0.559758 -0.267188 470.881 0 0
1500.0 101.701591 26.497027 18.101199 0.768940 0.406023 466.486 0 0
1500.0 4.165498 13.365053 17.856964 -0.832177 0.164800 470.237 0 0
1500.0 30.261228 45.574153 17.857736 -0.493046 0.670096 465.487 0 0
1500.0 35.202937 -40.221909 18.024682 -0.381489 -0.660736 465.943 0 0
1500.0 63.344772 43.691338 17.884464 0.024938 0.716685 465.481 0 0
1500.0 74.618610 -59.195411 17.917370 0.252403 -0.948416 468.258 0 0
1500.0 58.162969 -42.830137 17.929362 0.009546 -0.730222 466.068 0 0
1500.0 75.863908 -24.745277 18.391641 0.310283 -0.406326 473.867 0 0
1500.0 99.902989 -15.746449 17.899350 0.727569 -0.230803 465.873 0 0
1500.0 107.966315 7.666203 17.984007 0.795522 0.109297 471.544 0 0
1500.0 53.203928 15.981615 18.025487 -0.093609 0.270876 473.053 0 0
1500.0 65.024364 48.806863 18.009979 0.077062 0.796906 466.605 0 0
1500.0 98.036819 28.854839 18.090930 0.714337 0.442333 467.276 0 0
1500.0 50.968095 43.505433 18.087585 -0.140742 0.698269 466.752 0 0
1500.0 69.162357 -9.175290 17.970954 0.119054 -0.174691 465.469 0 0
1500.0 60.631715 -2.775237 17.972035 -0.013739 -0.075152 465.402 0 0
1500.0 -6.911428 14.759781 17.860451 -1.011180 0.253781 469.431 0 0
1500.0 77.735525 -10.335293 18.303115 0.329172 -0.225975 467.024 0 0
1500.0 40.597927 -6.097050 18.279332 -0.251745 -0.089212 475.932 0 0
1500.0 108.442942 39.160597 18.037958 0.821629 0.632106 469.219 0 0
1500.0 60.769763 13.811399 18.065267 0.124228 0.270684 466.102 0 0
1500.0 69.029346 -28.494740 18.456045 0.258004 -0.502030 468.092 0 0
1500.0 82.271332 -14.733745 17.995825 0.468190 -0.202320 466.268 0 0
1500.0 67.852306 13.158614 18.559931 0.246534 0.239188 475.745 0 0
1500.0 51.484033 17.416593 18.231949 -0.055758 0.306136 474.626 0 0
1500.0 93.906023 10.290290 18.223857 0.581938 0.230595 467.611 0 0
1500.0 -10.642117 -27.301254 17.992976 -1.110174 -0.466737 466.238 0 0
1500.0 4.024137 34.474298 17.797604 -0.882454 0.538754 468.832 0 0
1500.0 82.733830 4.058105 17.918463 0.423845 0.051508 473.591 0 0
1500.0 104.707385 -15.290527 17.863992 0.696110 -0.280895 472.662 0 0
1500.0 47.810037 -60.011290 17.852848 -0.117905 -0.973445 468.440 0 0
1500.0 58.770064 -66.438172 17.849016 0.046400 -1.046975 469.923 0 0
1500.0 27.948272 -17.984253 17.847462 -0.419727 -0.323204 473.256 0 0
1500.0 87.190662 35.153329 18.208393 0.476732 0.604089 468.506 0 0
1500.0 91.148007 -62.285304 17.797498 0.485155 -1.014734 468.429 0 0
1500.0 66.697726 38.718384 17.911345 0.158445 0.671945 467.184 0 0
1500.0 64.329685 37.426301 17.912336 0.122122 0.652851 467.104 0 0
1500.0 33.213469 52.803401 17.899942 -0.350857 0.872842 468.378 0 0
1500.0 71.468555 30.264809 17.914872 0.232921 0.544051 466.908 0 0
1500.0 76.581913 26.581792 18.060172 0.281734 0.439022 474.268 0 0
1500.0 83.355123 -46.598141 18.003968 0.464186 -0.765943 467.795 0 0
1500.0 63.883325 -5.719177 18.246224 0.166284 -0.135422 475.546 0 0
1500.0 111.204735 -10.355444 18.243483 0.900824 -0.208480 469.579 0 0
1500.0 151.064722 -55.725272 17.837201 1.526474 -0.843705 466.602 0 0
1500.0 36.617496 12.822172 18.010629 -0.330870 0.261160 469.019 0 0
1500.0 46.316671 -23.437024 17.877249 -0.115710 -0.382073 474.206 0 0
1500.0 94.251438 -12.285506 17.869439 0.613327 -0.249735 467.420 0 0
1500.0 106.618477 14.883384 18.105729 0.809741 0.287612 469.122 0 0
1500.0 59.318236 1.484349 18.383526 0.030566 0.066876 468.599 0 0
1500.0 62.223193 67.939461 17.802010 0.128371 1.017237 471.195 0 0
1500.0 110.381775 71.028594 17.821617 0.850784 1.059210 470.444 0 0
1500.0 113.158309 -36.066446 17.804452 0.867571 -0.574661 471.111 0 0
1500.0 79.205293 -61.535894 17.806259 0.364941 -0.940944 471.713 0 0
1500.0 49.401629 -60.192249 17.808921 -0.072375 -0.958402 469.061 0 0
1500.0 -10.412462 22.651930 17.912920 -1.083739 0.421074 467.790 0 0
1500.0 41.969791 -34.919109 18.112869 -0.283209 -0.547837 468.779 0 0
1500.0 60.191054 -20.258391 18.120422 -0.004908 -0.326550 468.245 0 0
1500.0 56.281378 -52.725341 17.888581 0.039384 -0.853981 468.869 0 0
1500.0 78.423927 -21.040873 18.044549 0.412801 -0.351929 468.396 0 0
1500.0 48.417021 51.645132 17.930833 -0.126728 0.803480 473.976 0 0
1500.0 70.497414 17.831157 18.359863 0.274662 0.344213 469.678 0 0
1500.0 44.340567 -0.806069 18.054197 -0.216160 0.060887 467.336 0 0
1500.0 64.541691 12.364470 18.233072 0.095267 0.224266 476.784 0 0
1500.0 80.782572 31.936647 18.192777 0.443304 0.540152 469.925 0 0
1500.0 72.066602 -8.107283 18.156502 0.334609 -0.119262 469.090 0 0
1500.0 83.527825 -21.347229 18.851849 0.531140 -0.381471 472.379 0 0
1500.0 28.341022 0.718626 17.843327 -0.449383 0.072347 475.366 0 0
1500.0 85.213390 38.389588 17.832812 0.383104 0.659950 469.020 0 0
1500.0 123.551702 -6.665724 17.803751 1.019350 -0.136725 472.418 0 0
1500.0 80.311705 -59.689969 17.804393 0.396039 -0.937040 470.693 0 0
1500.0 81.167315 -45.812983 17.840549 0.387916 -0.694182 474.422 0 0
1500.0 77.665367 -57.987394 17.830978 0.358295 -0.919456 470.455 0 0
1500.0 13.131347 -42.993164 17.835808 -0.735386 -0.688336 470.881 0 0
1500.0 44.864936 42.335205 18.113585 -0.203841 0.706503 470.206 0 0
1500.0 116.151813 -21.902314 17.847051 0.912061 -0.339645 473.582 0 0
1500.0 67.084773 -54.372588 17.851881 0.213630 -0.853897 469.965 0 0
1500.0 52.769307 56.301790 17.817272 -0.126905 0.917929 470.227 0 0
1500.0 90.044751 44.288315 17.872102 0.475631 0.748681 470.380 0 0
1500.0 55.878805 23.818204 17.848359 -0.090363 0.369958 475.982 0 0
1500.0 72.647660 -80.032529 17.875350 0.297083 -1.276378 469.694 0 0
1500.0 93.542061 45.780890 17.888953 0.581193 0.684341 474.928 0 0
1500.0 93.615962 -29.987714 17.904507 0.595949 -0.523835 470.342 0 0
1500.0 15.849662 -47.386508 17.805680 -0.631289 -0.788184 471.529 0 0
1500.0 79.755570 61.741254 17.821138 0.342451 0.988662 472.482 0 0
1500.0 70.994630 9.099003 18.132744 0.223435 0.215530 470.121 0 0
1500.0 4.796229 -37.608612 17.818481 -0.849103 -0.564423 473.800 0 0
1500.0 88.399019 3.683441 17.846856 0.474485 -0.020529 469.442 0 0
1500.0 55.896483 -51.856118 17.834738 -0.029594 -0.810593 475.458 0 0
1500.0 36.660973 43.469070 17.812005 -0.294094 0.688117 475.652 0 0
1500.0 45.858030 62.997404 17.799450 -0.167309 0.989490 473.970 0 0
1500.0 22.039639 52.151480 17.801151 -0.511805 0.827407 474.308 0 0
1500.0 93.358202 16.329940 17.815899 0.558993 0.329807 469.762 0 0
1500.0 105.102948 22.696412 17.901662 0.747980 0.314239 475.735 0 0
1500.0 128.822233 -29.934563 17.999167 1.226750 -0.472539 468.027 0 0
1500.0 56.730228 -28.102876 18.297766 -0.003818 -0.478890 472.250 0 0
1500.0 -36.527620 68.017317 17.809221 -1.527336 1.026731 470.649 0 0
1500.0 114.266550 7.330559 17.829629 0.905807 0.169256 471.455 0 0
1500.0 19.747681 -23.317675 17.892126 -0.670568 -0.438458 467.642 0 0
1500.0 93.649132 -23.423138 18.132709 0.612565 -0.423705 471.827 0 0
1500.0 83.746549 -39.650719 18.129887 0.460569 -0.667051 472.093 0 0
1500.0 91.057193 -5.053226 18.139954 0.523788 -0.132657 478.058 0 0
1500.0 60.012854 -10.802885 18.146167 0.104173 -0.235956 470.823 0 0
1500.0 84.060443 -55.167469 17.965585 0.492810 -0.962472 466.876 0 0
1500.0 44.412123 -56.538676 17.975047 -0.217771 -0.918893 472.392 0 0
1500.0 47.494978 12.476873 18.396201 -0.119930 0.256669 471.907 0 0
1500.0 58.145431 5.888516 18.397666 0.041683 0.156958 471.812 0 0
1500.0 24.452050 -52.238057 17.804291 -0.561033 -0.839434 472.493 0 0
1500.0 73.744561 -3.846718 17.968811 0.251410 0.013552 478.070 0 0
1500.0 65.172958 32.190261 17.960899 0.146993 0.571046 470.895 0 0
1500.0 65.674253 150.073980 17.871230 0.161297 2.399055 470.509 0 0
1500.0 105.645885 7.284175 17.996201 0.803397 0.184255 469.907 0 0
1500.0 82.350124 4.628576 18.338549 0.510935 0.067848 472.366 0 0
1500.0 120.915169 -100.004743 17.905204 1.022402 -1.728388 467.027 0 0
1500.0 33.282180 -23.866459 17.832025 -0.418922 -0.440310 470.766 0 0
1500.0 79.198222 50.429095 17.874016 0.272089 0.839833 469.982 0 0
1500.0 63.287757 -46.419347 17.940771 0.046164 -0.814844 468.603 0 0
1500.0 91.898299 54.226498 17.861413 0.525271 0.883413 473.636 0 0
1500.0 94.709134 -1.282549 17.998857 0.677365 -0.039687 469.793 0 0
1500.0 122.173316 -15.368556 17.818825 1.019100 -0.240604 474.771 0 0
1500.0 72.252472 -40.271565 17.842271 0.289226 -0.656981 471.912 0 0
1500.0 107.517427 -28.286663 17.831845 0.819731 -0.463931 473.025 0 0
1500.0 104.035271 -10.632629 18.491875 0.826747 -0.199334 474.989 0 0
1500.0 119.013681 16.385607 18.023622 1.011045 0.341034 469.788 0 0
1500.0 92.446134 -63.636841 17.878907 0.594878 -1.026528 472.428 0 0
1500.0 86.282168 -38.454663 18.328654 0.513122 -0.643830 474.428 0 0
1500.0 97.885389 9.761920 18.116597 0.718711 0.139617 473.249 0 0
1500.0 104.868017 -4.978504 18.042266 0.787992 -0.016608 473.346 0 0
1500.0 34.579796 53.178792 17.832168 -0.359612 0.881957 473.604 0 0
1500.0 61.313176 -81.484282 18.000560 0.005242 -1.379704 469.179 0 0
1500.0 48.873578 -64.964551 17.819237 -0.147190 -1.037074 475.239 0 0
1500.0 75.549672 -51.778868 17.829963 0.239501 -0.810819 477.787 0 0
1500.0 44.139020 -41.400557 17.836726 -0.207510 -0.656141 478.461 0 0
1500.0 14.239669 -39.545182 17.827060 -0.640142 -0.639161 477.434 0 0
1500.0 76.757352 -61.766719 17.821645 0.261473 -0.971080 476.527 0 0
1500.0 71.355870 5.001842 18.127562 0.317855 0.097012 472.799 0 0
1500.0 97.714880 -1.990162 18.377451 0.722231 0.020506 474.794 0 0
1500.0 118.409604 -6.009961 17.855159 0.964760 -0.147915 474.260 0 0
1500.0 85.228430 21.001822 17.960346 0.433635 0.432672 467.909 0 0
1500.0 40.075586 -95.476076 17.829395 -0.322630 -1.542950 472.806 0 0
1500.0 98.080745 -22.813534 17.833234 0.619647 -0.371957 478.859 0 0
1500.0 88.516867 -56.321974 17.818152 0.510670 -0.893994 475.175 0 0
1500.0 92.857465 -33.472817 17.829103 0.590621 -0.566375 473.480 0 0
1500.0 54.843847 -67.036153 17.817169 0.006629 -1.046407 475.682 0 0
1500.0 99.051657 -25.148442 17.974760 0.647468 -0.459819 473.983 0 0
1500.0 20.815229 13.709231 17.841285 -0.573668 0.289972 472.965 0 0
1500.0 63.965042 54.541539 17.829561 0.093589 0.907000 474.100 0 0
1500.0 120.289133 5.417012 18.078618 1.025540 0.087263 476.349 0 0
1500.0 82.487685 36.570643 18.062468 0.448927 0.616543 474.328 0 0
1500.0 60.216306 -66.825810 17.897848 0.003933 -1.039989 476.998 0 0
1500.0 123.059603 -10.092545 17.938264 1.038597 -0.127840 476.890 0 0
1500.0 80.929329 43.598555 18.157426 0.385949 0.815319 468.150 0 0
1500.0 25.604983 -1.474941 17.858250 -0.566470 0.019626 473.267 0 0
1500.0 19.470802 -4.153455 17.857146 -0.600248 -0.019942 479.864 0 0
1500.0 90.279450 -54.188189 18.049317 0.522305 -0.875294 476.443 0 0
1500.0 24.621565 -57.472155 17.931035 -0.546330 -0.885291 476.506 0 0
1500.0 -7.239611 -9.880699 17.931285 -1.020120 -0.180532 476.390 0 0
1500.0 23.572441 46.350216 17.808757 -0.557511 0.706297 478.717 0 0
1500.0 94.837314 55.023069 17.792253 0.600391 0.847276 477.288 0 0
1500.0 85.515947 -56.330104 17.936643 0.434654 -0.879361 478.809 0 0
1500.0 65.640483 -13.185109 18.259407 0.176387 -0.247237 482.066 0 0
1500.0 115.755950 57.647393 17.838234 0.845509 0.941899 475.517 0 0
1500.0 10.276581 -40.142018 17.914434 -0.719074 -0.676584 476.076 0 0
1500.0 89.843264 -67.478638 18.049188 0.591598 -1.207602 468.866 0 0
1500.0 39.782982 62.255854 17.855547 -0.261769 0.978630 478.233 0 0
1500.0 54.525829 -37.203304 17.844179 -0.045540 -0.594938 480.450 0 0
1500.0 112.787730 -35.258376 17.824869 0.825016 -0.603448 476.227 0 0
1500.0 65.545015 -25.712363 17.848620 0.109282 -0.430811 480.799 0 0
1500.0 85.016709 -44.163573 17.860701 0.382533 -0.777439 471.403 0 0
1500.0 89.622444 18.387576 18.241264 0.581676 0.335482 475.663 0 0
1500.0 24.839603 6.457368 17.971992 -0.542476 0.137353 476.133 0 0
1500.0 59.270095 -49.355550 18.071345 0.041830 -0.822256 475.667 0 0
1500.0 72.233896 39.554391 18.105717 0.208500 0.740988 468.569 0 0
1500.0 151.007670 1.299281 18.069833 1.580061 0.025090 472.845 0 0
1500.0 39.894491 -45.591498 17.861254 -0.245954 -0.770578 475.111 0 0
1500.0 103.579258 26.759077 17.920691 0.694399 0.483155 475.844 0 0
1500.0 83.006414 9.217918 18.620742 0.502896 0.206642 477.449 0 0
1500.0 129.263284 39.457264 18.374707 1.292886 0.704460 471.132 0 0
1500.0 80.087039 16.624247 18.188329 0.351428 0.297939 482.935 0 0
1500.0 28.368389 18.922434 17.835485 -0.477865 0.228732 481.466 0 0
1500.0 -5.829714 18.006310 17.812939 -1.015939 0.228618 477.494 0 0
1500.0 55.690311 -2.386589 17.842871 -0.104116 -0.079363 474.121 0 0
1500.0 68.733345 -66.818879 17.812982 0.095581 -1.036205 477.471 0 0
1500.0 9.468072 -41.221514 17.813668 -0.791481 -0.657245 477.191 0 0
1500.0 -6.150439 -10.991093 17.812959 -1.020886 -0.203669 477.483 0 0
1500.0 92.152590 -13.234635 18.147518 0.587708 -0.272909 476.203 0 0
1500.0 64.150716 2.570417 18.158475 0.145657 -0.029139 483.303 0 0
1500.0 75.375332 -15.520653 18.154446 0.301081 -0.278812 483.011 0 0
1500.0 73.323812 -9.271495 18.155278 0.303656 -0.214410 475.640 0 0
1500.0 36.366586 33.454699 18.001863 -0.350743 0.577806 475.740 0 0
1500.0 79.479520 -28.677457 18.426276 0.386306 -0.592545 466.688 0 0
1500.0 115.142728 -3.147845 17.815513 0.889706 -0.037179 480.242 0 0
1500.0 61.846484 9.544055 18.355326 0.100364 0.216403 476.517 0 0
1500.0 102.186175 35.270663 17.865688 0.672283 0.566340 480.711 0 0
1500.0 97.426022 -7.021451 17.875325 0.653089 -0.041771 475.477 0 0
1500.0 78.881392 62.130286 17.856690 0.351281 0.985257 478.249 0 0
1500.0 64.195639 -4.662945 18.217331 0.115053 -0.130754 483.950 0 0
1500.0 44.934977 -43.675876 18.019354 -0.236270 -0.711517 476.506 0 0
1500.0 31.423192 14.515688 17.978278 -0.420273 0.179704 482.708 0 0
1500.0 26.311649 -12.432767 17.974560 -0.543724 -0.216721 475.820 0 0
1500.0 60.354338 -47.448422 18.167262 0.038935 -0.801113 475.548 0 0
1500.0 135.938323 -24.457508 18.386602 1.424958 -0.495052 469.403 0 0
1500.0 20.148134 -19.195378 17.842104 -0.642473 -0.244801 475.793 0 0
1500.0 13.383073 47.661956 17.824757 -0.718155 0.758735 478.400 0 0
1500.0 63.942006 5.181728 18.106650 0.020461 0.065872 467.774 0 0
1500.0 60.151231 -49.982026 17.816720 0.065448 -0.835343 476.419 0 0
1500.0 78.424316 -60.163166 17.808634 0.327709 -0.939554 480.027 0 0
1500.0 50.335438 34.443685 18.035278 -0.141803 0.517539 483.057 0 0
1500.0 125.523551 -7.029311 18.109175 1.147032 -0.103963 476.594 0 0
1500.0 105.580849 -33.477592 17.858384 0.740826 -0.526871 481.327 0 0
1500.0 91.888999 -11.470627 17.922038 0.578809 -0.113891 476.355 0 0
1500.0 108.698235 25.019455 17.907523 0.820853 0.440768 477.764 0 0
1500.0 99.271874 49.530760 17.901668 0.665627 0.796669 479.012 0 0
1500.0 52.416933 -14.727930 17.967174 -0.069712 -0.259724 487.785 0 0
1500.0 99.477492 42.217119 17.912054 0.692595 0.684400 478.322 0 0
1500.0 121.189475 8.967483 18.002725 1.004986 0.148705 481.370 0 0
1500.0 66.441087 53.239165 17.988734 0.079559 0.924637 472.801 0 0
1500.0 66.816408 -33.929356 17.900193 0.220117 -0.540533 476.704 0 0
1500.0 102.402404 -20.983287 17.824943 0.637308 -0.368486 482.645 0 0
1500.0 53.571872 -51.610315 17.821786 -0.056402 -0.807029 482.331 0 0
1500.0 24.176906 -17.594082 17.829184 -0.517746 -0.350219 476.640 0 0
1500.0 71.609567 -35.322502 17.978682 0.169382 -0.593683 477.225 0 0
1500.0 64.407073 -26.315837 17.983367 0.058808 -0.457416 476.886 0 0
1500.0 108.661226 24.227251 18.216704 0.918397 0.463913 473.520 0 0
1500.0 120.047801 23.192351 18.553969 1.186086 0.414178 473.226 0 0
1500.0 92.824367 -45.123911 18.139416 0.594070 -0.739122 480.026 0 0
1500.0 29.146073 -40.353589 18.013641 -0.451210 -0.679704 478.973 0 0
1500.0 37.490330 -9.247653 18.228283 -0.342168 -0.102802 476.629 0 0
1500.0 75.633025 -63.572511 17.921985 0.296711 -0.996824 481.809 0 0
1500.0 99.366147 16.924941 18.544728 0.795728 0.240315 479.343 0 0
1500.0 60.424610 -21.925129 17.976809 0.038009 -0.415428 478.056 0 0
1500.0 56.872504 -60.530462 17.954865 -0.016496 -0.980930 480.219 0 0
1500.0 66.060829 -42.304773 17.996160 0.083774 -0.694559 478.871 0 0
1500.0 79.828174 -17.699158 18.004440 0.297515 -0.320657 478.250 0 0
1500.0 11.466752 -20.603947 17.990674 -0.746810 -0.359327 479.376 0 0
1500.0 45.704953 7.980472 18.008106 -0.231119 0.076810 478.010 0 0
1500.0 62.975927 5.460657 18.009675 0.037059 0.037748 477.913 0 0
1500.0 34.544206 -53.721944 17.985206 -0.392089 -0.854298 480.030 0 0
1500.0 20.160835 -50.462759 17.981921 -0.603463 -0.798450 480.595 0 0
1500.0 90.865420 24.732187 17.889468 0.543036 0.452132 478.590 0 0
1500.0 81.689393 15.520145 18.331316 0.462774 0.299682 479.854 0 0
1500.0 92.852423 -44.816378 18.004667 0.589086 -0.736077 480.270 0 0
1500.0 65.795423 45.815621 18.087755 0.150408 0.770514 479.870 0 0
1500.0 84.070885 -48.574402 17.832684 0.379644 -0.765935 483.874 0 0
1500.0 101.803283 -28.078947 17.887570 0.676586 -0.505265 479.599 0 0
1500.0 113.715335 30.529731 17.795655 0.867338 0.483909 482.956 0 0
1500.0 109.515959 -24.137597 18.354815 1.010915 -0.485095 470.742 0 0
1500.0 7.106416 -7.383763 18.046153 -0.813713 -0.139063 480.242 0 0
1500.0 41.025476 8.248129 18.253878 -0.261140 0.177286 479.823 0 0
1500.0 108.077266 -42.729031 17.811578 0.786508 -0.679570 482.454 0 0
1500.0 110.122292 -10.656443 17.820315 0.849775 -0.216740 479.794 0 0
1500.0 138.230263 21.386132 17.885907 1.293692 0.298495 480.513 0 0
1500.0 2.825619 16.983498 17.814324 -0.865112 0.229436 484.239 0 0
1500.0 27.898953 20.535116 17.827785 -0.495508 0.275214 485.564 0 0
1500.0 32.019764 2.364347 17.830207 -0.484238 0.021115 478.705 0 0
1500.0 34.718840 -45.965732 17.816929 -0.434630 -0.720661 479.809 0 0
1500.0 77.365750 -63.050484 17.882068 0.314195 -1.000047 482.543 0 0
1500.0 111.742878 -38.446721 17.882267 0.825294 -0.640743 482.185 0 0
1500.0 11.353160 -14.237795 17.886671 -0.781643 -0.235410 480.052 0 0
1500.0 39.456877 19.982162 17.899331 -0.357050 0.293022 479.026 0 0
1500.0 44.060428 9.101208 17.902568 -0.286409 0.124214 478.812 0 0
1500.0 28.242920 -55.669746 17.877555 -0.513495 -0.853671 481.274 0 0
1500.0 102.840912 15.063282 17.935881 0.738163 0.295862 480.205 0 0
1500.0 122.970034 54.755170 17.920933 1.142384 0.916916 475.959 0 0
1500.0 54.695997 -5.517390 18.037991 -0.006740 -0.160769 479.416 0 0
1500.0 91.089017 -44.418404 17.897054 0.540158 -0.767299 479.286 0 0
1500.0 52.431926 -26.073225 17.939221 -0.021037 -0.461349 479.551 0 0
1500.0 108.983371 -40.181088 17.915861 0.802705 -0.637597 483.862 0 0
1500.0 107.464839 -18.101892 17.926314 0.762072 -0.308980 485.536 0 0
1500.0 25.305191 -29.702944 17.883752 -0.575397 -0.467235 479.996 0 0
1500.0 116.089942 -44.607093 17.845574 0.959666 -0.768410 478.693 0 0
1500.0 80.079574 15.386967 18.305737 0.318436 0.271455 468.447 0 0
1500.0 137.092823 -15.012219 18.252260 1.516515 -0.288296 471.229 0 0
1500.0 69.546065 -29.614700 17.836090 0.256244 -0.464650 479.606 0 0
1500.0 92.161938 -30.075280 18.119579 0.610857 -0.505902 481.534 0 0
1500.0 79.403924 -53.170082 17.822808 0.368432 -0.869145 481.332 0 0
1500.0 47.515294 -63.249631 17.820734 -0.110611 -0.976152 484.439 0 0
1500.0 70.296591 31.490852 17.882044 0.165058 0.559404 480.013 0 0
1500.0 42.203227 -58.027848 17.890381 -0.287603 -1.013116 477.339 0 0
1500.0 85.508883 -6.401764 18.179088 0.541097 -0.104146 481.096 0 0
1500.0 41.981715 23.233671 17.889448 -0.203936 0.393566 487.040 0 0
1500.0 96.836197 19.591927 18.043403 0.637202 0.417337 473.577 0 0
1500.0 79.492621 8.584772 18.068706 0.441330 0.166892 478.542 0 0
1500.0 95.807091 29.824643 18.343890 0.675225 0.503541 482.883 0 0
1500.0 102.602507 -10.479701 18.003066 0.723738 -0.233385 481.349 0 0
1500.0 92.687389 -16.292957 18.037307 0.631451 -0.241131 481.455 0 0
1500.0 96.932083 -82.159105 17.852105 0.556151 -1.298778 482.644 0 0
1500.0 85.461986 -16.302411 18.252676 0.490077 -0.255496 488.683 0 0
1500.0 118.996438 -64.792161 18.014348 1.045662 -1.131137 477.520 0 0
1500.0 76.523333 21.238106 18.165161 0.344413 0.398826 481.781 0 0
1500.0 79.512703 11.063873 18.179516 0.321573 0.229066 478.030 0 0
1500.0 69.315284 83.143825 17.849010 0.181802 1.296435 484.321 0 0
1500.0 64.062038 -14.983304 17.937668 0.098980 -0.270043 490.272 0 0
1500.0 107.660054 -8.046478 18.591146 0.901317 -0.186373 481.983 0 0
1500.0 14.389150 -47.856552 17.951850 -0.672586 -0.840294 479.503 0 0
1500.0 78.616596 -9.929743 18.152003 0.311153 -0.249704 471.953 0 0
1500.0 28.847523 15.618169 18.126028 -0.546414 0.203310 474.694 0 0
1500.0 113.818024 -34.242735 17.948798 0.888587 -0.545731 485.257 0 0
1500.0 58.182592 -3.402384 18.241305 0.010604 -0.113992 482.021 0 0
1500.0 107.909844 -4.085722 18.298456 0.897342 -0.013886 480.931 0 0
1500.0 87.357381 44.153757 17.927329 0.486973 0.738141 482.941 0 0
1500.0 106.708302 -65.198425 17.947236 0.857967 -1.032449 480.369 0 0
1500.0 102.231382 40.199510 17.838605 0.754954 0.614543 482.251 0 0
1500.0 61.484505 41.067255 18.131202 0.059530 0.778366 476.359 0 0
1500.0 82.401868 -33.262104 17.831151 0.452877 -0.525361 481.987 0 0
1500.0 77.070651 -31.463672 17.883555 0.370647 -0.519294 482.041 0 0
1500.0 81.636616 -13.784173 18.584123 0.524731 -0.219115 484.574 0 0
1500.0 98.389861 -72.299771 17.974824 0.669792 -1.185067 482.429 0 0
1500.0 104.344441 34.070747 17.889142 0.779106 0.483384 483.467 0 0
1500.0 87.970819 -16.560581 17.903959 0.490811 -0.263498 488.817 0 0
1500.0 96.422854 -26.603559 17.865023 0.563568 -0.422181 490.467 0 0
1500.0 30.165939 -5.894073 17.983672 -0.554285 -0.054284 475.943 0 0
1500.0 73.181314 2.440721 17.861296 0.293774 0.093857 481.690 0 0
1500.0 62.398205 -60.287123 17.893791 0.073689 -0.937999 487.422 0 0
1500.0 51.414354 21.021487 18.165515 -0.102195 0.384923 483.042 0 0
1500.0 96.452527 19.568088 18.076111 0.615644 0.374191 483.508 0 0
1500.0 102.159821 23.486017 18.248258 0.773891 0.396368 484.864 0 0
1500.0 54.458857 -46.881548 17.812323 0.013351 -0.752717 482.771 0 0
1500.0 94.631863 -52.636560 17.798797 0.615854 -0.818037 484.634 0 0
1500.0 122.308344 19.175109 17.797452 1.015363 0.255655 485.673 0 0
1500.0 32.008264 21.673479 17.977386 -0.433777 0.391720 482.884 0 0
1500.0 70.153043 18.155618 17.983774 0.139086 0.304229 489.975 0 0
1500.0 83.945827 12.616418 18.120335 0.378383 0.257083 474.433 0 0
1500.0 8.582806 -32.557035 17.984519 -0.774474 -0.576602 483.031 0 0
1500.0 139.342485 -159.003909 17.896748 1.400365 -2.634375 479.693 0 0
1500.0 -11.927615 9.238094 17.808294 -1.072286 0.214444 484.610 0 0
1500.0 52.333259 15.762669 17.998341 -0.035429 0.315114 482.981 0 0
1500.0 85.827353 49.520702 17.979204 0.444077 0.769314 488.808 0 0
1500.0 88.331696 15.872872 18.340229 0.504942 0.312319 484.804 0 0
1500.0 52.157931 24.498838 18.344405 -0.041149 0.444538 484.499 0 0
1500.0 28.044560 40.156184 17.813680 -0.463484 0.635037 488.888 0 0
1500.0 33.691448 -11.939391 17.825681 -0.420119 -0.117754 482.690 0 0
1500.0 21.170081 -0.093846 17.822265 -0.555382 0.060788 489.654 0 0
1500.0 98.210071 54.836550 17.801359 0.551332 0.867722 486.989 0 0
1500.0 -0.034379 -14.406768 17.806507 -0.922186 -0.152179 484.432 0 0
1500.0 106.537979 31.180534 17.808861 0.702714 0.543997 484.132 0 0
1500.0 17.424619 21.310543 17.814200 -0.665122 0.396457 483.581 0 0
1500.0 19.365182 -38.397041 18.238180 -0.744184 -0.787778 473.301 0 0
1500.0 80.889734 16.741151 18.356104 0.416303 0.327962 485.205 0 0
1500.0 95.545294 -44.324602 17.900848 0.591625 -0.689946 488.789 0 0
1500.0 30.620538 60.261297 17.816353 -0.407715 0.965730 486.622 0 0
1500.0 105.212466 46.189659 17.818346 0.685998 0.746492 487.618 0 0
1500.0 11.520261 48.085817 17.816996 -0.684748 0.779164 487.177 0 0
1500.0 30.864156 49.943330 17.825475 -0.391512 0.787697 488.797 0 0
1500.0 46.937144 58.718886 17.903647 -0.147115 0.913458 488.973 0 0
1500.0 83.966937 3.431613 18.337735 0.492055 -0.015459 485.639 0 0
1500.0 78.759191 58.461684 17.829359 0.362587 0.936097 485.734 0 0
1500.0 123.151477 9.146506 17.827340 1.021155 0.192278 486.346 0 0
1500.0 67.916766 55.691725 17.916193 0.127330 0.910966 485.404 0 0
1500.0 62.493799 41.782908 17.838994 0.003915 0.688056 484.116 0 0
1500.0 47.058970 -20.898257 18.432201 -0.138199 -0.367878 486.065 0 0
1500.0 15.756213 23.632485 17.839341 -0.724923 0.364774 484.836 0 0
1500.0 50.853906 -50.519392 17.840011 -0.186178 -0.774609 484.771 0 0
1500.0 46.978073 2.894167 17.848559 -0.182604 -0.032496 483.538 0 0
1500.0 90.716005 -55.828798 17.919808 0.513917 -0.877507 488.713 0 0
1500.0 51.962406 -42.149059 17.934175 -0.051282 -0.718597 484.916 0 0
1500.0 71.881833 -26.478366 17.940345 0.256543 -0.481502 484.432 0 0
1500.0 102.475725 -64.921975 17.983373 0.795650 -1.059292 482.865 0 0
1500.0 98.677032 16.232191 18.093853 0.713831 0.289922 485.844 0 0
1500.0 74.175727 28.765469 18.284559 0.263326 0.499408 485.915 0 0
1500.0 124.514181 -9.053655 17.894942 1.130352 -0.201973 482.032 0 0
1500.0 118.845463 -22.594143 18.268754 1.119209 -0.368062 481.416 0 0
1500.0 70.752464 -39.962965 17.818366 0.267156 -0.645029 484.681 0 0
1500.0 69.649771 -59.889099 17.808453 0.232606 -0.886854 489.535 0 0
1500.0 77.991252 -52.078693 17.809200 0.373971 -0.821069 485.587 0 0
1500.0 85.794481 -59.932589 17.803062 0.471663 -0.900064 488.564 0 0
1500.0 59.474337 -0.049105 17.944945 0.041760 -0.078550 484.340 0 0
1500.0 87.765213 -56.313443 17.917719 0.447358 -0.885530 489.481 0 0
1500.0 8.972963 -33.772763 17.800340 -0.812160 -0.547135 486.342 0 0
1500.0 42.107953 -33.296199 17.915222 -0.288932 -0.569643 485.185 0 0
1500.0 21.448548 -45.983009 17.903693 -0.563442 -0.709556 490.292 0 0
1500.0 97.149620 5.329389 17.851053 0.665845 0.032067 485.045 0 0
1500.0 67.766643 -65.895902 17.833682 0.199669 -1.012119 488.753 0 0
1500.0 90.735475 -51.845377 18.023706 0.509828 -0.889616 484.100 0 0
1500.0 109.127772 34.806850 17.922039 0.771391 0.567865 490.160 0 0
1500.0 86.111052 -24.491774 18.500121 0.466142 -0.443589 481.451 0 0
1500.0 121.133807 23.440879 17.867352 0.997659 0.309473 488.913 0 0
1500.0 85.045041 -57.391475 17.871080 0.460127 -0.863811 490.016 0 0
1500.0 138.458693 -12.130121 17.821156 1.268095 -0.264578 485.336 0 0
1500.0 91.903320 -16.738838 18.048732 0.558327 -0.332014 486.673 0 0
1500.0 86.137271 -47.053066 18.037516 0.462269 -0.782963 487.772 0 0
1500.0 111.256895 -26.810911 17.812971 0.880343 -0.400121 487.440 0 0
1500.0 73.716136 -39.700072 17.825976 0.318444 -0.608474 486.021 0 0
1500.0 113.142841 35.176743 17.810088 0.876249 0.519625 489.901 0 0
1500.0 84.464054 -35.932003 17.826599 0.443257 -0.502936 492.082 0 0
1500.0 65.734334 -55.266139 18.014007 0.110111 -0.902021 487.787 0 0
1500.0 60.219430 -13.110285 18.071652 0.078267 -0.243492 494.923 0 0
1500.0 66.744532 -5.080391 17.964778 0.189929 -0.091467 496.036 0 0
1500.0 60.593136 -46.106723 18.087624 0.108711 -0.766639 487.831 0 0
1500.0 14.902925 -28.541098 17.856059 -0.717467 -0.480590 487.533 0 0
1500.0 5.888328 -30.754890 17.852167 -0.806021 -0.484833 491.527 0 0
1500.0 91.513873 23.552036 17.863234 0.540855 0.359323 492.941 0 0
1500.0 95.999342 -30.946773 17.792959 0.641605 -0.487387 488.388 0 0
1500.0 80.465280 -46.493989 17.793246 0.392686 -0.696252 490.838 0 0
1500.0 48.841588 -56.851184 17.790317 -0.068482 -0.859378 489.846 0 0
1500.0 97.578950 -30.532792 18.070176 0.616213 -0.536688 488.325 0 0
1500.0 33.251631 -23.726747 18.079682 -0.362511 -0.439004 487.513 0 0
1500.0 83.884933 -14.719635 18.081377 0.414682 -0.301458 487.390 0 0
1500.0 142.044201 4.975208 17.850228 1.293392 0.138600 489.452 0 0
1500.0 112.518846 -38.894624 17.859422 0.808377 -0.652875 489.731 0 0
1500.0 101.493137 72.987766 17.814133 0.713759 1.136465 489.257 0 0
1500.0 47.623746 44.712956 17.872257 -0.137442 0.703284 493.313 0 0
1500.0 33.355755 -32.902504 17.872465 -0.340828 -0.529938 494.221 0 0
1500.0 82.564838 6.047359 17.841522 0.410744 0.105306 494.081 0 0
1500.0 66.670415 23.503944 17.841079 0.209000 0.389784 486.841 0 0
1500.0 112.716478 -10.058407 17.823096 0.905430 -0.131007 488.436 0 0
1500.0 92.669878 50.436891 17.821809 0.568019 0.748465 492.134 0 0
1500.0 43.836713 16.362993 18.372737 -0.269059 0.360507 479.347 0 0
1500.0 25.916392 2.494530 17.816727 -0.524037 0.018484 493.952 0 0
1500.0 155.219680 8.627437 17.876843 1.547622 0.103041 489.103 0 0
1500.0 87.363303 8.422894 17.877931 0.536252 0.092799 485.911 0 0
1500.0 29.062812 0.885995 18.017118 -0.500168 0.016935 487.913 0 0
1500.0 17.552639 -27.868869 18.006721 -0.669034 -0.421183 488.756 0 0
1500.0 21.993808 -54.695753 17.795645 -0.588935 -0.849022 491.346 0 0
1500.0 7.610481 -32.899382 17.798216 -0.824050 -0.545075 489.357 0 0
1500.0 44.786266 -60.984065 17.799639 -0.251061 -0.928708 492.270 0 0
1500.0 12.406511 -43.311973 17.796297 -0.746629 -0.697864 489.794 0 0
1500.0 110.340433 36.529410 17.808820 0.783401 0.571579 493.880 0 0
1500.0 114.758633 -93.941431 17.828038 0.894767 -1.489673 489.391 0 0
1500.0 71.263571 3.731281 18.053566 0.167774 0.099403 488.049 0 0
1500.0 96.478119 -53.645075 17.827339 0.599890 -0.856341 491.494 0 0
1500.0 48.685741 -34.340603 17.849333 -0.099518 -0.546458 494.662 0 0
1500.0 40.286192 61.811611 17.911913 -0.283616 0.955110 492.780 0 0
1500.0 67.101995 8.969114 17.938069 0.112303 0.205875 487.769 0 0
1500.0 51.326187 62.458168 17.881637 -0.054868 1.001861 490.369 0 0
1500.0 102.449665 -8.758405 17.815870 0.751428 -0.108347 489.174 0 0
1500.0 77.382726 69.161227 17.915743 0.328688 1.237087 484.051 0 0
1500.0 -24.527966 -36.354387 17.851881 -1.356089 -0.532167 488.310 0 0
1500.0 107.278410 -35.493630 18.072427 0.797222 -0.594666 491.475 0 0
1500.0 56.763707 -22.515911 18.094930 0.047923 -0.415982 489.172 0 0
1500.0 80.363429 -67.013385 17.862271 0.301970 -1.120663 487.392 0 0
1500.0 54.955282 64.042103 17.816416 -0.040842 1.032157 491.111 0 0
1500.0 118.312852 9.961584 17.821145 0.920329 0.226900 490.109 0 0
1500.0 95.220079 -4.814321 17.836795 0.583460 0.002658 488.564 0 0
1500.0 125.414352 13.367274 17.815762 1.007845 0.273102 491.435 0 0
1500.0 101.799941 0.104473 18.051739 0.767238 -0.022910 489.982 0 0
1500.0 73.605717 4.684703 18.168586 0.318534 0.087748 496.915 0 0
1500.0 96.174989 -7.710600 18.158111 0.693798 -0.091356 490.143 0 0
1500.0 19.708710 53.690695 17.954984 -0.704478 0.966022 483.645 0 0
1500.0 130.160475 -83.838414 17.915136 1.150404 -1.335465 490.254 0 0
1500.0 40.208215 49.746768 17.962851 -0.274089 0.827588 490.345 0 0
1500.0 92.352463 -22.023461 17.860768 0.525335 -0.370055 495.398 0 0
1500.0 91.667048 -44.579776 17.851036 0.522831 -0.697935 494.427 0 0
1500.0 111.993682 31.971525 18.212034 0.923130 0.589205 487.279 0 0
1500.0 125.244973 11.868860 17.865920 1.126201 0.216602 488.640 0 0
1500.0 95.105835 -53.165952 17.962565 0.600428 -0.827646 493.853 0 0
1500.0 38.483941 -43.532906 17.809548 -0.374266 -0.702234 489.893 0 0
1500.0 13.427680 36.896502 17.803519 -0.752396 0.530841 490.558 0 0
1500.0 48.082782 -33.689561 17.988547 -0.094290 -0.585431 489.910 0 0
1500.0 65.045770 56.615894 18.029359 0.082163 0.998916 485.803 0 0
1500.0 86.753948 -24.816386 18.151334 0.455138 -0.411491 497.102 0 0
1500.0 75.814216 1.429964 18.158524 0.335706 -0.052238 490.146 0 0
1500.0 36.169336 3.373614 17.911614 -0.337122 -0.006680 498.504 0 0
1500.0 97.661157 -29.288215 18.187187 0.645740 -0.515475 491.783 0 0
1500.0 72.980435 -6.259311 18.037297 0.284820 -0.169235 489.922 0 0
1500.0 77.093394 16.244832 17.941440 0.283442 0.325465 489.788 0 0
1500.0 32.533394 5.751093 17.941248 -0.408340 0.162501 489.800 0 0
1500.0 51.111387 25.049810 17.989728 -0.116814 0.406749 497.234 0 0
1500.0 83.132478 52.549995 17.970809 0.356472 0.855776 491.670 0 0
1500.0 20.076123 49.722978 17.967006 -0.589276 0.805524 492.296 0 0
1500.0 45.960110 59.748518 17.968029 -0.203022 0.958184 492.099 0 0
1500.0 93.230302 13.830086 17.849915 0.598412 0.270627 490.106 0 0
1500.0 104.604273 -15.667997 17.844503 0.768530 -0.184098 490.589 0 0
1500.0 66.846271 61.941922 17.835735 0.178636 0.951549 494.387 0 0
1500.0 72.432889 12.886277 17.858727 0.250774 0.231926 496.828 0 0
1500.0 135.153693 20.588751 18.117529 1.385832 0.292199 484.564 0 0
1500.0 39.267312 -115.852100 17.986816 -0.310726 -2.038536 484.828 0 0
1500.0 51.254085 20.635945 18.016068 -0.155514 0.295931 490.185 0 0
1500.0 79.035213 3.992975 18.591248 0.446072 -0.008159 492.536 0 0
1500.0 110.635978 60.156117 18.111746 0.949856 1.050524 486.509 0 0
1500.0 69.957466 64.170740 17.862022 0.211768 1.021361 493.217 0 0
1500.0 52.025617 47.591346 17.874458 -0.056324 0.800273 491.102 0 0
1500.0 128.259999 -9.651187 18.458599 1.387297 -0.155059 481.686 0 0
1500.0 98.888147 -37.005687 18.003917 0.770708 -0.649483 485.529 0 0
1500.0 109.916950 -28.371078 17.908969 0.885863 -0.394258 489.200 0 0
1500.0 82.199530 27.405805 18.225689 0.430287 0.427937 498.644 0 0
1500.0 39.842350 -57.915665 17.914103 -0.256637 -0.902363 496.121 0 0
1500.0 139.498293 49.336196 17.849694 1.294888 0.725656 493.360 0 0
1500.0 73.652499 -1.368822 17.843027 0.307891 0.023749 490.327 0 0
1500.0 122.368195 17.423675 17.913902 1.020495 0.222993 494.898 0 0
1500.0 119.667090 -16.621951 17.873539 1.000873 -0.244562 493.800 0 0
1500.0 65.614870 14.367317 17.901130 0.181894 0.203512 498.475 0 0
1500.0 100.341669 -9.509590 18.120073 0.758560 -0.254388 483.673 0 0
1500.0 75.643439 53.249212 18.209441 0.348289 1.026290 483.836 0 0
1500.0 75.766125 48.094220 17.915750 0.266067 0.750663 497.989 0 0
1500.0 56.639736 30.700508 17.842392 -0.042969 0.495473 498.914 0 0
1500.0 53.496478 -1.385171 17.923817 -0.105060 -0.094196 489.394 0 0
1500.0 69.182800 -10.331801 17.931397 0.233962 -0.221653 491.669 0 0
1500.0 119.701318 1.109045 17.907180 0.984891 -0.041941 494.008 0 0
1500.0 23.119275 -32.333947 17.943944 -0.595088 -0.502722 492.938 0 0
1500.0 7.202222 -40.305709 17.931897 -0.817463 -0.608947 494.624 0 0
1500.0 117.760170 27.970624 17.805669 0.959982 0.417157 495.143 0 0
1500.0 82.356228 -32.610958 18.326819 0.467616 -0.595026 490.825 0 0
1500.0 105.701802 36.428745 17.951691 0.722633 0.633636 492.787 0 0
1500.0 122.124334 -1.466388 17.832807 0.987433 -0.088891 495.150 0 0
1500.0 29.267352 -57.412364 17.832943 -0.388987 -0.909268 496.037 0 0
1500.0 50.310136 -61.827754 17.832849 -0.081073 -0.987345 495.124 0 0
1500.0 50.771522 49.268891 17.952348 -0.164179 0.783609 493.501 0 0
1500.0 39.901791 23.936986 17.962581 -0.334410 0.402041 492.661 0 0
1500.0 72.775564 2.465165 17.908935 0.256004 0.114697 492.117 0 0
1500.0 64.345365 -67.257204 17.810538 0.033563 -1.045183 495.714 0 0
1500.0 86.574692 -38.347281 17.855571 0.518520 -0.629467 492.594 0 0
1500.0 71.463285 24.838501 17.863018 0.275741 0.423601 493.577 0 0
1500.0 81.369994 -6.870218 18.338396 0.376025 -0.165961 489.941 0 0
1500.0 47.963874 -54.029775 17.837649 -0.132316 -0.890335 495.115 0 0
1500.0 47.888156 20.697877 18.362395 -0.199974 0.420599 486.406 0 0
1500.0 56.904626 -2.934939 18.505038 0.025768 0.015347 495.265 0 0
1500.0 30.828141 17.584814 18.427070 -0.445276 0.381161 487.410 0 0
1500.0 102.913877 5.439249 18.198671 0.787118 0.124289 495.582 0 0
1500.0 74.471556 -22.842594 18.330712 0.245002 -0.374577 495.208 0 0
1500.0 111.513304 -31.412571 17.810048 0.879306 -0.478275 495.677 0 0
1500.0 88.949976 60.505600 17.808699 0.523894 0.880631 497.635 0 0
1500.0 41.455054 3.281219 17.988270 -0.254782 -0.009744 501.377 0 0
1500.0 35.131217 -39.514439 17.973831 -0.377249 -0.664792 494.746 0 0
1500.0 85.280950 -9.539548 18.253028 0.466094 -0.221025 495.159 0 0
1500.0 68.902990 19.280049 18.255456 0.141662 0.428802 483.452 0 0
1500.0 77.700801 -16.852767 18.073191 0.301685 -0.329348 494.826 0 0
1500.0 141.007686 -66.669329 17.810574 1.317140 -1.083195 495.316 0 0
1500.0 7.974510 -40.536651 17.799585 -0.744303 -0.655363 499.430 0 0
1500.0 71.568178 -14.537032 17.934250 0.265568 -0.181175 501.982 0 0
1500.0 57.838814 23.038124 18.156858 -0.029337 0.387397 495.383 0 0
1500.0 98.896373 66.510130 17.901851 0.723455 1.161735 491.263 0 0
1500.0 94.756203 70.620093 18.215215 0.659609 1.235098 492.006 0 0
1500.0 37.194576 -4.323252 18.089983 -0.364090 -0.055480 495.883 0 0
1500.0 94.231646 -1.968979 18.094061 0.623197 -0.101042 495.967 0 0
1500.0 80.168582 -40.461128 18.044791 0.311993 -0.661732 498.161 0 0
1500.0 109.114336 -26.967074 17.942717 0.869647 -0.489302 494.387 0 0
1500.0 51.047267 8.912995 18.079121 -0.153655 0.141012 496.134 0 0
1500.0 96.255718 27.059396 17.814314 0.664142 0.406583 496.296 0 0
1500.0 1.665660 -35.294591 17.803754 -0.893281 -0.487920 500.219 0 0
1500.0 59.957840 -8.673248 18.032606 0.068850 -0.186759 504.184 0 0
1500.0 101.969999 -6.715531 18.018656 0.715377 -0.175369 497.707 0 0
1500.0 97.273199 3.697556 18.258208 0.652138 0.013212 504.601 0 0
1500.0 85.699926 21.851502 17.976737 0.425848 0.411424 497.158 0 0
1500.0 16.201418 38.953056 17.963168 -0.632699 0.661816 498.451 0 0
1500.0 62.826410 -57.838406 17.917309 0.023439 -0.937099 497.427 0 0
1500.0 14.551237 14.435240 17.808843 -0.709204 0.291504 497.534 0 0
1500.0 23.925234 -1.467883 17.817843 -0.515270 0.042112 503.736 0 0
1500.0 100.880410 -6.767669 17.930253 0.710128 -0.037680 497.802 0 0
1500.0 93.930531 -113.166808 17.982530 0.608634 -1.914421 494.919 0 0
1500.0 107.879088 14.844530 18.153578 0.830448 0.281783 500.462 0 0
1500.0 134.034820 -64.543225 17.804101 1.173323 -1.028569 500.362 0 0
1500.0 85.580944 -4.537971 17.834620 0.504494 -0.091194 497.468 0 0
1500.0 73.497160 6.097233 18.335654 0.247685 0.146191 499.335 0 0
1500.0 74.857327 -6.580658 18.168165 0.319155 -0.175330 499.545 0 0
1500.0 100.817977 40.461073 17.848613 0.718362 0.644753 500.501 0 0
1500.0 65.453307 16.307975 18.061102 0.184920 0.266421 506.675 0 0
1500.0 104.569097 44.627297 17.951499 0.729987 0.707290 503.892 0 0
1500.0 79.725589 37.348712 17.877648 0.354464 0.650350 499.831 0 0
1500.0 65.576114 63.050504 17.865405 0.128690 0.984709 503.870 0 0
1500.0 45.600000 -37.166451 17.810623 -0.167058 -0.648178 499.650 0 0
1500.0 118.659321 -8.787217 17.796984 0.944637 -0.203381 501.116 0 0
1500.0 93.065485 1.620046 17.815652 0.516787 -0.042300 506.183 0 0
1500.0 24.959227 -52.342697 17.796010 -0.475165 -0.861733 501.284 0 0
1500.0 7.009055 -42.745359 17.793622 -0.740519 -0.710623 501.836 0 0
1500.0 92.988824 -52.508146 17.794002 0.550256 -0.858512 501.725 0 0
1500.0 106.157559 17.374546 17.805600 0.767036 0.196447 500.085 0 0
1500.0 -31.900319 13.583821 17.979252 -1.525185 0.222647 497.030 0 0
1500.0 109.357283 -12.308694 17.974004 0.919626 -0.169991 496.888 0 0
1500.0 87.310894 -52.708723 17.809453 0.502404 -0.819959 502.361 0 0
1500.0 89.937499 -49.587392 17.810181 0.543846 -0.776566 502.086 0 0
1500.0 68.160271 12.131424 18.051712 0.130878 0.227913 507.746 0 0
1500.0 114.282847 21.353263 17.910122 0.914493 0.368759 502.021 0 0
1500.0 77.722894 51.222887 17.914442 0.368793 0.825531 501.376 0 0
1500.0 117.107726 40.156933 18.212531 1.074314 0.687714 497.301 0 0
1500.0 85.942568 44.643964 17.972499 0.479543 0.835918 495.218 0 0
1500.0 63.014883 -87.920272 17.887328 0.146013 -1.460296 498.087 0 0
1500.0 93.870229 -54.182244 17.933808 0.577199 -0.868330 503.495 0 0
1500.0 99.056581 -53.911539 17.839014 0.676850 -0.785448 504.413 0 0
1500.0 80.514763 -42.440640 17.888135 0.423333 -0.672586 501.982 0 0
1500.0 86.553703 14.847852 17.897004 0.521891 0.204571 501.184 0 0
1500.0 115.725129 -6.682945 17.985709 0.934918 -0.159964 503.261 0 0
1500.0 36.270870 -1.895474 18.048257 -0.349369 -0.094966 501.853 0 0
1500.0 106.538880 -1.852258 17.842730 0.733845 -0.081433 508.074 0 0
1500.0 110.916077 33.447352 17.841118 0.863905 0.463686 504.120 0 0
1500.0 82.149930 -16.301376 17.861578 0.399395 -0.267109 509.136 0 0
1500.0 56.498723 67.648909 17.792665 -0.092703 1.021039 506.210 0 0
1500.0 54.722299 3.680183 17.821494 -0.127388 0.090518 501.560 0 0
1500.0 39.317737 28.084120 17.812240 -0.365853 0.469374 502.183 0 0
1500.0 84.839701 -10.715163 17.911299 0.472217 -0.246265 499.684 0 0
1500.0 33.104891 4.900244 17.964949 -0.403506 0.159934 499.664 0 0
1500.0 -2.803383 25.442290 17.804135 -0.926212 0.436949 506.587 0 0
1500.0 79.897555 -54.237681 17.798111 0.361565 -0.831840 507.709 0 0
1500.0 119.779359 29.734784 17.790587 0.968636 0.390101 505.339 0 0
1500.0 101.718509 80.746020 17.973470 0.782313 1.335991 500.603 0 0
1500.0 57.646498 20.236531 18.002760 -0.024997 0.338538 510.576 0 0
1500.0 88.184830 -29.476365 18.029328 0.448844 -0.482439 510.008 0 0
1500.0 97.309734 -7.699374 18.029275 0.631122 -0.194479 503.829 0 0
1500.0 105.822330 10.016308 17.858400 0.707159 0.207627 509.216 0 0
1500.0 28.736017 35.798491 17.946438 -0.471651 0.613613 504.130 0 0
1500.0 44.489967 13.361063 17.878393 -0.182758 0.256461 510.481 0 0
1500.0 72.449240 -3.149248 18.172529 0.282867 0.024942 505.941 0 0
1500.0 65.521172 36.987015 18.064631 0.075035 0.681289 498.643 0 0
1500.0 84.358422 -21.389323 17.991561 0.423754 -0.389428 507.191 0 0
1500.0 110.826558 39.392849 18.221730 0.951839 0.708310 501.269 0 0
1500.0 67.375945 -64.947225 17.801604 0.160694 -1.021638 508.753 0 0
1500.0 54.452144 -62.296388 17.803067 -0.029703 -1.008272 507.027 0 0
1500.0 42.251886 2.105267 17.894312 -0.240768 0.111011 504.734 0 0
1500.0 64.890194 16.486245 18.265794 0.180660 0.325474 506.331 0 0
1500.0 41.749819 -29.987004 17.894018 -0.296085 -0.522208 505.730 0 0
1500.0 21.297213 46.102158 17.808943 -0.595188 0.764716 507.182 0 0
1500.0 47.396148 29.985534 17.827764 -0.185626 0.483614 512.225 0 0
1500.0 45.551323 20.623697 17.830590 -0.210954 0.350796 512.439 0 0
1500.0 27.664205 26.145538 17.823996 -0.465339 0.431427 511.919 0 0
1500.0 35.070641 43.484310 17.818570 -0.363194 0.681284 511.423 0 0
1500.0 50.843622 33.373855 17.824993 -0.151403 0.586704 505.515 0 0
1500.0 84.030568 33.380357 17.822005 0.363059 0.584679 505.749 0 0
1500.0 83.737767 58.939427 17.852409 0.357087 0.952101 507.875 0 0
1500.0 58.531924 21.071247 18.038564 0.080975 0.339593 513.632 0 0
1500.0 79.515150 -36.566940 18.162066 0.370587 -0.629660 507.519 0 0
1500.0 88.791073 7.516910 18.012453 0.494746 0.157922 513.389 0 0
1500.0 133.778720 -55.010747 17.910165 1.237985 -0.855704 507.385 0 0
1500.0 99.613558 48.482755 17.866515 0.667548 0.785619 508.814 0 0
1500.0 85.900620 59.467081 17.824098 0.477910 0.926145 509.076 0 0
1500.0 75.689794 12.275427 17.849731 0.341767 0.234321 505.951 0 0
1500.0 49.263126 58.039642 17.830469 -0.069104 0.924224 507.672 0 0
1500.0 117.451161 27.040014 17.823949 0.946319 0.442616 509.176 0 0
1500.0 86.750984 -13.306827 17.847924 0.462732 -0.148590 513.117 0 0
1500.0 -17.794738 3.376095 17.839639 -1.238839 0.055216 507.120 0 0
1500.0 49.793942 -4.858251 17.965488 -0.141065 -0.003262 506.225 0 0
1500.0 93.190294 -73.697804 17.809998 0.570502 -1.200358 507.841 0 0
1500.0 64.426969 -7.972654 17.904317 0.182733 -0.137820 508.272 0 0
1500.0 44.570656 -58.181972 18.219495 -0.183690 -1.052418 503.196 0 0
1500.0 101.065056 -19.578524 17.823296 0.721605 -0.347977 508.351 0 0
1500.0 62.785548 -13.070518 17.878176 0.136781 -0.162596 515.630 0 0
1500.0 79.601429 24.794007 17.870039 0.413069 0.406694 508.395 0 0
1500.0 70.793271 17.244915 17.956731 0.258679 0.223301 516.005 0 0
1500.0 34.648960 -83.703010 17.989869 -0.436385 -1.387629 506.996 0 0
1500.0 75.671134 59.500260 17.906887 0.284193 0.926541 515.018 0 0
1500.0 48.379403 48.533356 17.914196 -0.115567 0.814904 511.069 0 0
1500.0 105.392125 75.795942 17.822349 0.780429 1.127739 512.988 0 0
1500.0 110.832970 10.571476 17.897757 0.836015 0.233900 512.131 0 0
1500.0 39.811658 19.389390 17.913101 -0.251035 0.375693 510.831 0 0
1500.0 50.633460 39.330742 17.907896 -0.074949 0.620481 517.589 0 0
1500.0 142.931018 26.289798 18.061658 1.424575 0.450902 510.540 0 0
1500.0 17.297446 -28.054767 17.871757 -0.627034 -0.506402 512.800 0 0
1500.0 111.204198 -29.166270 18.010467 0.949380 -0.461150 510.424 0 0
1500.0 115.692074 -8.270930 18.088191 0.964723 -0.146419 515.235 0 0
1500.0 133.707424 -49.070532 17.868735 1.187142 -0.790054 515.142 0 0
1500.0 33.099302 22.661180 17.866504 -0.425344 0.424117 512.213 0 0
1500.0 114.438351 -56.177194 17.945756 0.934915 -1.001692 509.528 0 0
1500.0 44.370431 -130.234946 17.831279 -0.200156 -2.016573 515.565 0 0
1500.0 6.930525 14.890734 17.807958 -0.784081 0.303000 515.197 0 0
1500.0 76.146991 57.144101 17.801619 0.265265 0.928418 516.495 0 0
1500.0 3.854920 -69.348481 17.820316 -0.920171 -1.117847 513.723 0 0
1500.0 83.361720 32.408259 17.829040 0.467449 0.512539 515.063 0 0
1500.0 112.503938 -16.501528 17.907555 0.901341 -0.283757 516.649 0 0
1500.0 93.625215 -43.338369 17.908525 0.617340 -0.690696 516.513 0 0
1500.0 58.470697 -23.143749 18.037841 -0.036080 -0.392043 515.345 0 0
1500.0 34.795012 -9.795237 18.109812 -0.448836 -0.251766 508.261 0 0
1500.0 115.469302 30.661564 17.872598 0.885841 0.528345 519.256 0 0
1500.0 75.784202 44.111966 17.857428 0.293073 0.759761 517.012 0 0
1500.0 62.995201 -74.847302 17.876771 0.140941 -1.229034 516.147 0 0
1500.0 89.772320 14.314383 17.942086 0.573347 0.182566 517.387 0 0
1500.0 93.656036 -41.486176 17.991570 0.583661 -0.765264 515.903 0 0
1500.0 109.863078 5.033137 17.941604 0.819750 0.078351 526.076 0 0
1500.0 65.617381 -23.934995 17.928504 0.086755 -0.397414 528.178 0 0
1500.0 35.979129 -47.175569 17.912270 -0.356681 -0.787466 522.205 0 0
1500.0 49.668147 -4.292488 17.931946 -0.151869 -0.137753 520.630 0 0
1500.0 38.416037 -46.793028 17.915890 -0.297414 -0.727446 527.098 0 0
1500.0 51.191405 -64.301941 17.904974 -0.118945 -0.997244 525.565 0 0
1500.0 75.071286 -53.387007 17.922440 0.260060 -0.883150 522.749 0 0
1500.0 18.168792 -15.349329 17.897093 -0.621995 -0.237217 530.833 0 0
1500.0 79.009801 -0.195744 17.866284 0.369070 0.064746 527.445 0 0
1500.0 99.179309 48.735770 17.842239 0.636185 0.770911 532.264 0 0
