Total number of secondary electrons: 1782
1500.0 96.563785 2.798868 15.144674 0.712237 -0.017161 262.736 0 0
1500.0 94.965796 3.942086 16.817562 0.878550 0.030636 263.892 0 0
1500.0 98.124239 -3.096061 15.489180 0.769764 0.004160 264.889 0 0
1500.0 89.737495 -11.309150 15.623214 0.654499 -0.175514 269.202 0 0
1500.0 94.797417 -4.988455 15.630049 0.710274 -0.103567 269.405 0 0
1500.0 118.315651 -9.600697 15.639004 1.156364 -0.134631 271.196 0 0
1500.0 99.263262 -7.787045 16.321914 0.823905 -0.114078 273.986 0 0
1500.0 85.947967 5.122075 15.121945 0.516337 0.112622 278.479 0 0
1500.0 93.159716 2.377779 16.333990 0.757238 0.057404 278.492 0 0
1500.0 92.664073 0.261699 15.564859 0.632345 -0.033989 279.488 0 0
1500.0 143.600721 -69.936272 16.128412 1.843542 -1.418391 281.501 0 0
1500.0 108.872117 -1.715732 15.308199 0.861981 -0.071129 281.717 0 0
1500.0 95.545775 9.504805 15.584268 0.709614 0.160878 286.745 0 0
1500.0 82.984724 11.900964 14.683122 0.477074 0.184187 289.316 0 0
1500.0 91.711100 -2.425322 15.491471 0.668617 -0.045877 291.639 0 0
1500.0 131.471278 7.391974 14.982847 1.404894 0.132863 291.906 0 0
1500.0 88.610321 6.315633 14.428885 0.525271 0.066509 292.219 0 0
1500.0 85.786748 0.491944 15.049588 0.524228 -0.000099 292.267 0 0
1500.0 89.652335 -10.960909 15.924065 0.669317 -0.157080 294.465 0 0
1500.0 91.538130 7.102057 15.717465 0.654146 0.116922 297.929 0 0
1500.0 56.644466 10.484352 14.370914 -0.023289 0.190771 299.942 0 0
1500.0 97.686932 -0.864167 14.927605 0.622621 -0.020266 300.493 0 0
1500.0 80.878869 93.611081 14.063238 0.315503 1.118978 303.511 0 0
1500.0 102.789043 -12.713790 15.908900 0.860768 -0.149577 303.800 0 0
1500.0 40.987715 -8.145496 14.331110 -0.220812 -0.139935 305.245 0 0
1500.0 130.929556 29.167957 14.302954 0.939599 0.414718 305.395 0 0
1500.0 89.033535 8.723254 15.173052 0.481817 0.142416 305.627 0 0
1500.0 93.976565 2.902493 16.439188 0.732596 0.057814 306.538 0 0
1500.0 86.760084 -29.238604 14.679222 0.394633 -0.395776 306.831 0 0
1500.0 128.132566 18.391442 16.340847 1.400652 0.303120 308.099 0 0
1500.0 83.838784 17.300653 15.462329 0.473257 0.261522 308.636 0 0
1500.0 8.696375 10.638914 14.442978 -0.694889 0.117894 308.578 0 0
1500.0 85.065617 15.810347 15.064290 0.425951 0.228520 311.689 0 0
1500.0 76.532538 -84.207067 14.258982 0.263602 -1.005611 312.289 0 0
1500.0 97.325739 2.497708 15.559934 0.624761 0.074214 313.384 0 0
1500.0 86.681160 24.482451 15.024424 0.436296 0.342989 313.471 0 0
1500.0 88.310185 -13.834162 16.129305 0.615288 -0.226374 313.552 0 0
1500.0 79.952627 -9.376828 14.633514 0.287707 -0.122149 314.628 0 0
1500.0 83.896265 12.347897 16.137083 0.542921 0.232591 316.344 0 0
1500.0 136.861776 21.980447 14.582985 1.037642 0.256754 316.846 0 0
1500.0 97.340175 20.344382 14.992554 0.591865 0.244770 317.048 0 0
1500.0 107.601436 10.141427 15.001397 0.710107 0.123393 317.436 0 0
1500.0 97.879473 11.921396 15.600313 0.668863 0.241432 317.972 0 0
1500.0 77.249292 16.829538 14.547059 0.300797 0.193099 317.990 0 0
1500.0 79.323530 -1.125575 14.951916 0.318291 -0.073597 318.151 0 0
1500.0 121.470089 24.936487 14.631452 0.850855 0.301324 318.572 0 0
1500.0 98.376658 -9.452765 14.944890 0.543177 -0.172391 318.800 0 0
1500.0 152.183942 -52.728506 14.541191 1.207951 -0.696345 319.996 0 0
1500.0 111.040479 -1.544618 15.035910 0.751110 -0.027294 320.384 0 0
1500.0 57.875242 -2.171799 14.950859 0.020387 -0.076144 320.392 0 0
1500.0 100.727843 19.993132 17.093237 0.977875 0.463401 320.715 0 0
1500.0 83.759841 -9.442564 15.465544 0.481206 -0.098614 321.424 0 0
1500.0 129.659069 -39.602862 14.521561 0.899922 -0.477636 322.220 0 0
1500.0 92.034443 12.301899 15.566318 0.525156 0.197814 322.431 0 0
1500.0 108.686831 12.481337 16.434566 0.976737 0.221045 322.664 0 0
1500.0 95.746457 0.474281 14.988312 0.565285 0.009920 323.022 0 0
1500.0 144.359249 -10.883714 14.510763 1.030624 -0.166014 323.250 0 0
1500.0 60.665289 -6.753757 15.800325 0.099357 -0.108673 323.438 0 0
1500.0 115.720795 -63.460759 14.522791 0.699045 -0.768322 323.522 0 0
1500.0 47.327975 -9.159913 15.192582 -0.169067 -0.100250 324.487 0 0
1500.0 92.185978 73.699136 14.862121 0.458922 0.970283 324.755 0 0
1500.0 102.784759 -2.594145 15.871303 0.748254 -0.008065 325.533 0 0
1500.0 98.610619 14.736951 15.546212 0.622278 0.209435 325.688 0 0
1500.0 110.063380 -56.138061 14.629443 0.617811 -0.666700 325.833 0 0
1500.0 110.183799 -20.890399 15.000151 0.713435 -0.254382 326.088 0 0
1500.0 100.331510 65.210772 14.748816 0.526284 0.814768 327.088 0 0
1500.0 108.843728 -25.942077 14.954970 0.690010 -0.300575 327.231 0 0
1500.0 72.100718 -15.572831 15.236616 0.221247 -0.242802 327.821 0 0
1500.0 104.806421 3.049400 16.483864 0.932726 0.048823 328.105 0 0
1500.0 81.238604 -20.661023 15.394894 0.309339 -0.308013 328.244 0 0
1500.0 113.112240 -15.392735 15.103448 0.735445 -0.160297 328.842 0 0
1500.0 97.525536 -27.998825 14.911815 0.484960 -0.316562 328.994 0 0
1500.0 93.490681 1.286999 14.961164 0.438859 0.001319 329.477 0 0
1500.0 19.458651 -9.445536 15.130209 -0.484958 -0.153146 329.687 0 0
1500.0 65.694876 -47.170583 15.158600 0.070496 -0.604080 330.033 0 0
1500.0 29.528271 -38.024063 15.160175 -0.362334 -0.494483 330.052 0 0
1500.0 99.559558 -0.465585 16.058071 0.755213 -0.027556 330.515 0 0
1500.0 81.607465 -6.714011 15.713798 0.355925 -0.109451 332.057 0 0
1500.0 73.517995 -6.764363 16.989230 0.344890 -0.130419 333.314 0 0
1500.0 70.844514 -21.220232 15.432057 0.140731 -0.296948 334.472 0 0
1500.0 78.899034 36.756518 15.810267 0.367288 0.632498 335.123 0 0
1500.0 32.258376 22.955442 15.733113 -0.446051 0.366585 335.488 0 0
1500.0 55.956686 -16.262611 15.481456 -0.003117 -0.263588 335.625 0 0
1500.0 94.480440 0.672493 15.691128 0.548927 0.039288 335.819 0 0
1500.0 62.228385 -16.915172 16.057959 0.115874 -0.274993 335.826 0 0
1500.0 35.632301 70.662564 15.505659 -0.314112 0.967080 336.142 0 0
1500.0 88.757054 -50.586539 15.384485 0.359421 -0.681616 336.797 0 0
1500.0 94.476176 10.326767 15.591824 0.466876 0.114164 336.970 0 0
1500.0 117.591329 52.996536 15.589466 0.913979 0.762551 337.238 0 0
1500.0 81.243601 13.664188 15.848501 0.406525 0.155606 337.253 0 0
1500.0 93.607959 -6.946412 15.660593 0.457591 -0.077138 337.757 0 0
1500.0 90.742171 20.799237 16.437594 0.540709 0.285336 338.029 0 0
1500.0 144.008093 -31.835328 15.690149 1.216837 -0.451578 338.628 0 0
1500.0 87.108417 -15.520527 16.725800 0.531746 -0.216816 339.022 0 0
1500.0 78.033026 -63.317576 15.549019 0.222061 -0.873209 339.024 0 0
1500.0 96.191100 -21.143409 16.727411 0.629339 -0.321942 339.103 0 0
1500.0 84.120932 -5.438463 17.496750 0.604104 -0.125081 339.414 0 0
1500.0 44.394369 3.065784 16.105915 -0.155536 0.015983 339.631 0 0
1500.0 77.693948 -7.195551 17.849386 0.507845 -0.127127 340.257 0 0
1500.0 63.163183 3.055472 15.712942 0.033518 0.065600 340.706 0 0
1500.0 69.714514 -22.824993 15.750659 0.167037 -0.291678 340.822 0 0
1500.0 103.691514 -14.393794 15.689338 0.650077 -0.147738 340.990 0 0
1500.0 111.061986 -7.931142 16.931223 1.012854 -0.107844 340.987 0 0
1500.0 84.670747 9.089359 16.910593 0.467518 0.116838 341.091 0 0
1500.0 79.835798 5.632305 15.692603 0.280802 0.017290 341.458 0 0
1500.0 56.706171 52.124810 15.513014 0.035096 0.696086 341.451 0 0
1500.0 51.450514 -67.133793 15.796665 -0.061283 -0.932680 341.797 0 0
1500.0 55.141276 -8.972998 16.088620 -0.014187 -0.076394 342.079 0 0
1500.0 73.378269 -5.602855 16.067189 0.306730 -0.111256 342.177 0 0
1500.0 81.679926 -38.318949 15.564778 0.366625 -0.490326 342.574 0 0
1500.0 79.554048 19.058665 16.817899 0.375118 0.286627 343.053 0 0
1500.0 96.837341 -1.574384 16.497939 0.608197 -0.049364 343.129 0 0
1500.0 11.382908 60.968928 15.685831 -0.690937 0.801036 343.158 0 0
1500.0 18.335794 26.564421 15.810030 -0.522095 0.368653 343.299 0 0
1500.0 50.843087 -20.865756 16.163238 -0.141766 -0.331758 344.364 0 0
1500.0 129.607891 -20.650539 16.100370 1.150134 -0.307492 344.648 0 0
1500.0 69.198310 3.862538 16.676237 0.231269 0.096376 344.672 0 0
1500.0 76.176251 -0.894707 15.916180 0.291094 0.043917 344.692 0 0
1500.0 86.178526 -51.589904 16.137925 0.377406 -0.767826 344.705 0 0
1500.0 54.888951 22.831851 15.921209 0.019879 0.345823 344.774 0 0
1500.0 82.320058 -53.476577 15.835665 0.349811 -0.726527 344.942 0 0
1500.0 67.036304 -12.328907 16.066183 0.175624 -0.162848 345.086 0 0
1500.0 2.429376 -21.671697 15.719862 -0.694713 -0.336865 345.347 0 0
1500.0 17.998434 70.688131 15.808312 -0.528266 0.894970 345.711 0 0
1500.0 65.820655 13.966447 16.929527 0.215733 0.223047 345.747 0 0
1500.0 72.064870 -30.599920 15.902217 0.202543 -0.381442 345.790 0 0
1500.0 77.222123 -49.888563 16.082327 0.282689 -0.683599 345.791 0 0
1500.0 7.116693 -47.351438 15.780125 -0.627855 -0.655016 346.273 0 0
1500.0 82.487378 -3.096350 15.896665 0.299525 0.016247 346.310 0 0
1500.0 119.213931 -33.645235 15.784635 0.777357 -0.482704 346.342 0 0
1500.0 126.208692 -26.679843 15.805631 0.861583 -0.393856 346.659 0 0
1500.0 71.409402 -70.797891 15.814583 0.177322 -0.942922 346.793 0 0
1500.0 120.494659 -40.204095 15.820827 0.788023 -0.561059 346.887 0 0
1500.0 19.212707 -70.712955 15.906398 -0.465212 -0.926226 348.148 0 0
1500.0 60.308655 78.248485 15.947559 0.085501 0.991298 348.285 0 0
1500.0 52.152343 -80.083426 15.917614 -0.061465 -1.038976 348.311 0 0
1500.0 104.373077 -18.062344 16.263471 0.620470 -0.287447 348.379 0 0
1500.0 72.180379 -7.550681 17.438104 0.354891 -0.146880 348.542 0 0
1500.0 78.759041 -8.624216 17.546707 0.479057 -0.148225 348.603 0 0
1500.0 96.545094 7.751665 17.140585 0.639637 0.141887 348.819 0 0
1500.0 75.101240 -3.452224 17.368813 0.355275 -0.072443 349.311 0 0
1500.0 10.193287 23.722252 16.350884 -0.654525 0.368195 349.579 0 0
1500.0 59.124179 -34.387532 16.293143 -0.018888 -0.480239 349.610 0 0
1500.0 87.864788 -50.084942 16.189046 0.480379 -0.678897 349.601 0 0
1500.0 103.616514 -22.223494 17.634004 0.895715 -0.393478 349.618 0 0
1500.0 63.297149 6.683667 17.049899 0.155292 0.133108 350.725 0 0
1500.0 3.258233 -57.549611 16.103271 -0.638969 -0.739760 350.925 0 0
1500.0 119.819935 -48.394979 16.106796 0.741893 -0.630914 350.973 0 0
1500.0 132.857435 128.070938 16.140990 1.008061 1.606627 351.240 0 0
1500.0 120.962605 -50.606740 16.346766 0.863324 -0.761925 351.304 0 0
1500.0 51.321118 -74.930569 16.133143 -0.069077 -0.941177 351.333 0 0
1500.0 83.032405 4.214098 17.119409 0.456128 0.103560 351.556 0 0
1500.0 -13.123112 20.981844 16.255287 -0.917957 0.290331 351.568 0 0
1500.0 17.582849 13.465534 16.345785 -0.527866 0.222540 351.675 0 0
1500.0 34.168421 -68.141511 16.165821 -0.269953 -0.856638 351.776 0 0
1500.0 35.135403 -68.279221 16.167101 -0.258556 -0.858079 351.793 0 0
1500.0 31.108179 -14.262144 16.332063 -0.314585 -0.214623 352.329 0 0
1500.0 82.750707 -8.365888 16.772065 0.375279 -0.129109 352.445 0 0
1500.0 65.264224 11.633717 17.060224 0.163821 0.193312 352.476 0 0
1500.0 59.616799 -54.737124 16.447284 0.024905 -0.797943 352.482 0 0
1500.0 138.762646 -8.436077 16.274908 1.040622 -0.084604 352.666 0 0
1500.0 50.387775 -1.215857 16.285356 -0.139186 0.032858 352.586 0 0
1500.0 116.524235 -7.582889 16.791834 0.914349 -0.164264 352.706 0 0
1500.0 106.299774 -42.067372 16.413178 0.663048 -0.567000 353.020 0 0
1500.0 79.456449 -50.387880 16.265124 0.257364 -0.638431 353.101 0 0
1500.0 94.019465 -5.761932 17.062065 0.573747 -0.119732 353.194 0 0
1500.0 30.096028 22.450397 16.320322 -0.397876 0.335639 353.232 0 0
1500.0 34.178580 11.084249 16.532121 -0.328181 0.167647 353.321 0 0
1500.0 29.306494 4.342619 16.535491 -0.389465 0.082364 353.383 0 0
1500.0 73.246624 14.953797 16.687280 0.289289 0.226508 353.789 0 0
1500.0 80.863886 -14.391532 16.702225 0.380052 -0.225978 353.946 0 0
1500.0 82.833531 -4.801597 18.413040 0.548205 -0.082285 354.036 0 0
1500.0 51.832627 12.887000 16.852863 -0.072340 0.158400 354.186 0 0
1500.0 57.985745 1.419232 16.334753 0.009180 -0.039310 354.475 0 0
1500.0 112.709426 49.118925 16.477119 0.735453 0.646204 354.537 0 0
1500.0 16.974373 63.055582 16.383525 -0.528947 0.835171 354.966 0 0
1500.0 88.612077 -3.204775 17.641753 0.588044 -0.035339 355.201 0 0
1500.0 60.991942 -2.205934 17.015469 0.056334 -0.024869 355.187 0 0
1500.0 112.650678 7.383733 16.796857 0.835321 0.087290 355.236 0 0
1500.0 62.688956 -7.866381 16.377035 0.105575 -0.066624 355.440 0 0
1500.0 81.260587 -33.260739 16.556037 0.301043 -0.485219 355.593 0 0
1500.0 87.733029 11.562138 17.815934 0.576690 0.176871 355.681 0 0
1500.0 79.108005 13.700646 16.424687 0.290343 0.243889 355.732 0 0
1500.0 87.455558 -21.865959 16.517559 0.454125 -0.303069 355.996 0 0
1500.0 70.522963 -30.929799 16.821201 0.187035 -0.443390 356.039 0 0
1500.0 78.995342 4.904740 16.693963 0.375883 0.058335 356.158 0 0
1500.0 88.134038 3.734548 17.030357 0.504250 0.005240 356.393 0 0
1500.0 82.119501 9.467375 16.831417 0.375785 0.118920 357.095 0 0
1500.0 109.922104 22.498458 16.605054 0.723971 0.334584 357.220 0 0
1500.0 77.238139 65.386158 16.470093 0.226426 0.956536 357.355 0 0
1500.0 50.292749 34.410313 16.516222 -0.116557 0.506352 357.532 0 0
1500.0 41.630612 28.964419 16.529599 -0.261980 0.389377 357.671 0 0
1500.0 26.176300 -9.946397 16.529018 -0.464089 -0.119817 357.695 0 0
1500.0 1.918007 -39.089882 16.473223 -0.745970 -0.545142 357.963 0 0
1500.0 70.583875 33.967345 16.481842 0.245574 0.500696 358.053 0 0
1500.0 71.910658 -4.264505 16.512513 0.167249 -0.104418 358.069 0 0
1500.0 99.419568 -1.043168 18.117432 0.822571 0.032408 358.243 0 0
1500.0 95.761755 -13.912069 16.709246 0.584929 -0.153046 358.601 0 0
1500.0 4.177746 -10.034072 16.527060 -0.742649 -0.119476 358.647 0 0
1500.0 108.094554 -62.337858 16.562007 0.710074 -0.887792 358.686 0 0
1500.0 93.352219 74.682311 16.394352 0.517097 1.009717 358.937 0 0
1500.0 94.100359 -11.982104 16.889447 0.554392 -0.203699 359.259 0 0
1500.0 62.729880 -9.814389 17.002758 0.102955 -0.184212 359.726 0 0
1500.0 80.666560 65.880411 16.804956 0.369239 0.992640 359.702 0 0
1500.0 94.941812 70.636480 16.507236 0.470421 0.934783 360.115 0 0
1500.0 68.128578 18.051861 17.417146 0.202630 0.265004 360.183 0 0
1500.0 105.554715 -11.585552 17.081797 0.779055 -0.264795 360.167 0 0
1500.0 42.995931 10.707692 17.009978 -0.181861 0.178490 360.410 0 0
1500.0 62.600352 -47.169856 16.684773 0.030603 -0.664718 360.440 0 0
1500.0 112.222766 -17.912288 16.658250 0.758539 -0.286296 360.636 0 0
1500.0 87.141938 8.400706 16.787916 0.410974 0.112275 360.704 0 0
1500.0 79.502735 3.659931 17.351890 0.436139 0.018696 360.699 0 0
1500.0 80.361415 -4.602046 17.353717 0.446661 -0.084606 360.738 0 0
1500.0 70.017645 -16.275707 17.562144 0.257334 -0.260484 360.736 0 0
1500.0 86.645818 -3.409716 16.639995 0.387479 -0.113038 360.835 0 0
1500.0 82.461531 -28.419779 17.150028 0.396098 -0.426305 361.007 0 0
1500.0 77.572127 -6.077003 17.793729 0.396658 -0.098415 361.090 0 0
1500.0 56.544927 -5.553324 16.566675 -0.089522 -0.055235 361.248 0 0
1500.0 49.820119 -37.659754 16.656512 -0.113237 -0.575929 361.273 0 0
1500.0 92.077957 -16.849339 16.967004 0.565962 -0.220724 361.408 0 0
1500.0 118.708741 46.895830 16.587597 0.861528 0.714642 361.459 0 0
1500.0 33.450046 -2.801019 16.701195 -0.366191 0.013375 361.546 0 0
1500.0 15.208180 -23.891139 16.671185 -0.578732 -0.387591 361.652 0 0
1500.0 38.953371 20.390057 16.580936 -0.332082 0.303566 361.667 0 0
1500.0 90.621389 -21.386293 17.492956 0.635672 -0.367496 361.888 0 0
1500.0 73.509927 25.684956 16.952732 0.285626 0.401347 362.086 0 0
1500.0 36.725600 -66.309896 16.617289 -0.275707 -0.938030 362.548 0 0
1500.0 85.314512 24.828225 17.187370 0.440592 0.389244 362.733 0 0
1500.0 71.326082 -1.810590 17.071680 0.262670 -0.086435 363.079 0 0
1500.0 -14.554358 -18.114719 16.840961 -1.094700 -0.305581 363.723 0 0
1500.0 74.299798 2.246827 17.156009 0.294644 0.018621 363.740 0 0
1500.0 86.322339 -5.244534 17.982175 0.563688 -0.037363 364.055 0 0
1500.0 63.976721 -7.563989 16.657219 0.095486 -0.175751 364.189 0 0
1500.0 103.219438 18.735632 17.490085 0.824325 0.359099 364.248 0 0
1500.0 123.322066 -18.632636 18.053464 1.363861 -0.372183 364.445 0 0
1500.0 66.733961 0.846107 16.808290 0.171222 -0.012180 364.573 0 0
1500.0 73.697116 -28.601098 16.645638 0.230532 -0.468242 364.703 0 0
1500.0 80.345510 -6.076958 17.519611 0.470048 -0.095888 364.779 0 0
1500.0 57.720789 17.912283 17.285192 -0.015859 0.233044 364.936 0 0
1500.0 66.942606 -48.089893 16.924504 0.164428 -0.728869 364.993 0 0
1500.0 123.367882 -35.890571 16.674122 0.936595 -0.558844 365.074 0 0
1500.0 52.104723 10.413562 17.073190 -0.079900 0.185667 365.206 0 0
1500.0 104.649830 -13.439417 17.838146 0.956196 -0.299786 365.194 0 0
1500.0 18.324143 -33.660075 16.632080 -0.536721 -0.532977 365.496 0 0
1500.0 88.147527 -31.070548 17.053404 0.505518 -0.467899 365.567 0 0
1500.0 81.985780 12.254227 18.364851 0.565632 0.184383 365.692 0 0
1500.0 74.720857 9.810048 18.037635 0.394281 0.183693 365.773 0 0
1500.0 91.715282 6.239025 16.930039 0.587392 0.054238 365.777 0 0
1500.0 34.251967 30.784771 16.938150 -0.394436 0.477158 366.233 0 0
1500.0 35.488391 -9.700634 16.671498 -0.309573 -0.207185 366.384 0 0
1500.0 64.049605 -61.741039 16.613814 0.093566 -0.909103 366.427 0 0
1500.0 88.867989 35.138663 16.771597 0.442552 0.552285 366.674 0 0
1500.0 50.608559 -9.423145 16.736451 -0.160047 -0.133507 366.689 0 0
1500.0 113.220881 -9.610781 16.889249 0.838203 -0.094253 366.780 0 0
1500.0 63.730493 0.537689 16.932471 0.131027 0.076677 367.014 0 0
1500.0 80.403219 20.306494 16.850964 0.374856 0.341465 367.025 0 0
1500.0 46.972245 48.360510 16.677815 -0.128714 0.736894 367.155 0 0
1500.0 104.601953 3.319058 17.489301 0.780449 0.060971 367.300 0 0
1500.0 86.842150 -3.499447 18.301606 0.616041 -0.079985 367.412 0 0
1500.0 95.494317 23.165600 16.608742 0.552808 0.382602 367.653 0 0
1500.0 43.643535 43.340972 16.610295 -0.166892 0.662253 367.699 0 0
1500.0 45.802439 -64.519661 16.590118 -0.107375 -0.911869 367.850 0 0
1500.0 81.566171 35.899353 16.735807 0.398115 0.539686 367.953 0 0
1500.0 38.977483 -55.097820 16.688427 -0.294650 -0.855364 368.000 0 0
1500.0 117.020244 -200.688476 16.698845 0.920987 -3.016349 367.977 0 0
1500.0 101.894140 30.507055 16.631335 0.635799 0.480098 368.316 0 0
1500.0 30.718253 -0.640569 16.833832 -0.366143 -0.003122 368.575 0 0
1500.0 87.079864 47.451603 16.736450 0.487067 0.716538 368.723 0 0
1500.0 -27.487839 -29.246921 16.647617 -1.224505 -0.366201 369.426 0 0
1500.0 68.468501 -85.169117 16.850342 0.161511 -1.255414 369.503 0 0
1500.0 78.958761 14.797437 17.329555 0.320620 0.226063 369.603 0 0
1500.0 85.376757 -68.456902 16.687829 0.367890 -0.957782 369.711 0 0
1500.0 126.738041 38.699489 16.774984 1.038510 0.576878 369.730 0 0
1500.0 72.708706 4.491787 17.043617 0.271926 0.127724 369.889 0 0
1500.0 118.583062 25.986368 16.691017 0.846613 0.408856 369.926 0 0
1500.0 111.998974 14.768437 17.410825 0.945442 0.220350 370.117 0 0
1500.0 119.605225 -10.177828 18.464621 1.216726 -0.188263 370.212 0 0
1500.0 54.240681 -30.509907 17.033490 -0.040984 -0.537483 370.341 0 0
1500.0 34.513541 70.952660 16.743066 -0.357907 0.968367 370.502 0 0
1500.0 60.746693 -33.790753 17.687596 0.118845 -0.615225 370.522 0 0
1500.0 112.008898 -34.254266 17.670258 0.976000 -0.593589 370.751 0 0
1500.0 100.223317 61.069445 16.791764 0.579128 0.868728 370.824 0 0
1500.0 75.500530 -9.541023 17.062495 0.299513 -0.094533 370.891 0 0
1500.0 71.352776 65.393617 16.739532 0.207667 0.924312 371.122 0 0
1500.0 108.578383 23.268478 17.303747 0.801500 0.371812 371.260 0 0
1500.0 83.493011 3.133003 17.107034 0.351739 0.098699 371.316 0 0
1500.0 52.222165 57.283907 16.762057 -0.019201 0.827725 371.344 0 0
1500.0 -11.319185 15.053670 16.774509 -0.988420 0.250447 371.808 0 0
1500.0 49.538464 33.154415 17.086451 -0.117852 0.516339 371.864 0 0
1500.0 99.038800 3.985519 17.650342 0.692635 0.109744 371.892 0 0
1500.0 65.507112 62.776642 16.779257 0.164141 0.897256 371.888 0 0
1500.0 82.034028 -38.029419 17.030007 0.354534 -0.594020 372.080 0 0
1500.0 118.557159 20.434615 16.789615 0.820323 0.323901 372.276 0 0
1500.0 91.477086 -24.505553 17.575126 0.588728 -0.380370 372.509 0 0
1500.0 97.626907 13.909391 18.045004 0.716969 0.226776 372.562 0 0
1500.0 103.916581 -5.695514 17.582760 0.752228 -0.128748 372.768 0 0
1500.0 64.091940 59.983852 17.010597 0.123437 0.921793 372.928 0 0
1500.0 105.577501 -42.925794 17.310361 0.803110 -0.681722 373.278 0 0
1500.0 105.315540 28.192554 16.920241 0.725079 0.399315 373.291 0 0
1500.0 99.579224 15.193834 17.001880 0.661614 0.236617 373.365 0 0
1500.0 117.526325 -40.719946 16.937818 0.945006 -0.583324 373.470 0 0
1500.0 73.920085 -22.987217 17.306392 0.284089 -0.324582 373.564 0 0
1500.0 136.163936 6.620344 17.090243 1.183816 0.144246 373.543 0 0
1500.0 105.283177 -10.292082 17.294111 0.775229 -0.109943 373.606 0 0
1500.0 110.695299 -30.066402 17.428824 0.910080 -0.545678 373.646 0 0
1500.0 -12.160753 38.761449 16.906725 -1.052712 0.502147 373.775 0 0
1500.0 33.184916 18.899902 16.961590 -0.333476 0.333199 373.776 0 0
1500.0 108.776979 11.439831 17.479169 0.978334 0.166045 373.976 0 0
1500.0 85.190098 -9.328244 17.633806 0.469847 -0.106500 374.016 0 0
1500.0 86.755492 55.170047 17.037888 0.417239 0.821051 374.313 0 0
1500.0 128.664116 -11.846093 16.989487 1.001485 -0.164617 374.642 0 0
1500.0 55.184775 17.034856 16.924480 -0.099074 0.279996 374.865 0 0
1500.0 42.655973 70.227053 16.874326 -0.184972 1.013861 374.965 0 0
1500.0 84.648730 -6.843642 16.925826 0.440733 -0.066762 375.047 0 0
1500.0 121.530849 -16.927977 17.000460 0.918323 -0.211140 375.560 0 0
1500.0 42.513788 40.080700 16.944465 -0.275613 0.599963 375.665 0 0
1500.0 95.701141 4.640149 17.074289 0.551367 0.053038 375.789 0 0
1500.0 103.158435 12.445809 17.388627 0.704834 0.255861 375.738 0 0
1500.0 118.171304 68.272729 16.987581 0.887798 0.956589 375.826 0 0
1500.0 72.308114 -15.189777 17.911349 0.330494 -0.268721 375.985 0 0
1500.0 43.019848 10.753024 17.276321 -0.234187 0.161227 376.027 0 0
1500.0 90.805304 -42.515903 16.951407 0.520506 -0.563101 376.031 0 0
1500.0 66.979814 -29.050237 17.351143 0.206148 -0.442191 376.054 0 0
1500.0 8.115798 -13.815508 16.955992 -0.753340 -0.154742 376.095 0 0
1500.0 89.742004 54.821384 17.036125 0.440111 0.806685 376.205 0 0
1500.0 62.336790 18.227612 17.601925 0.058329 0.242119 376.295 0 0
1500.0 87.559090 15.153471 18.721376 0.705558 0.270011 376.324 0 0
1500.0 74.320892 33.265423 17.260759 0.298381 0.519695 376.378 0 0
1500.0 67.735075 53.267482 16.997155 0.206366 0.760101 376.399 0 0
1500.0 74.817003 -38.780107 17.346976 0.275331 -0.599168 376.443 0 0
1500.0 93.932516 -5.468355 17.685330 0.601563 -0.136538 376.552 0 0
1500.0 99.712451 28.923933 17.329913 0.678463 0.419207 376.571 0 0
1500.0 105.662062 13.684773 17.145613 0.682044 0.194720 376.735 0 0
1500.0 77.850922 -15.107278 17.145491 0.280915 -0.279585 376.774 0 0
1500.0 134.549379 -20.001509 17.168419 1.257391 -0.271047 376.799 0 0
1500.0 111.474861 -63.000718 17.103639 0.841596 -0.992204 376.805 0 0
1500.0 71.118708 -13.210189 18.119525 0.293374 -0.253521 376.922 0 0
1500.0 117.136260 -29.911776 17.180817 0.880341 -0.439195 377.021 0 0
1500.0 101.754104 10.030582 17.084112 0.684564 0.126695 377.039 0 0
1500.0 84.364335 2.824568 18.606964 0.526907 0.091766 377.073 0 0
1500.0 10.697987 -48.171764 16.987371 -0.706692 -0.624123 377.178 0 0
1500.0 98.503851 50.578316 16.985338 0.617783 0.722846 377.197 0 0
1500.0 -2.819477 -25.859817 16.988432 -0.891849 -0.317649 377.213 0 0
1500.0 58.841597 -64.537222 17.102243 -0.039088 -1.016343 377.223 0 0
1500.0 110.106407 -44.786305 16.991229 0.774913 -0.583720 377.387 0 0
1500.0 176.214245 42.522029 17.130646 1.787656 0.689584 377.403 0 0
1500.0 27.953671 -25.833449 17.206873 -0.471793 -0.372774 377.489 0 0
1500.0 91.937299 -5.277737 17.584994 0.545571 -0.054238 377.560 0 0
1500.0 102.480129 11.719129 17.633888 0.747224 0.160625 377.579 0 0
1500.0 104.888613 40.450274 17.133430 0.673913 0.619312 377.575 0 0
1500.0 49.528591 -73.688164 17.119420 -0.062079 -1.131495 377.591 0 0
1500.0 28.913315 25.090161 17.101741 -0.510750 0.356052 377.538 0 0
1500.0 90.063757 -7.565581 18.281281 0.609679 -0.159112 377.656 0 0
1500.0 104.610674 -40.476323 17.154535 0.720070 -0.589375 377.686 0 0
1500.0 98.942851 1.180234 17.490587 0.652668 -0.041967 377.742 0 0
1500.0 79.335017 16.411994 17.597722 0.389880 0.210885 377.822 0 0
1500.0 99.365903 24.440883 17.351775 0.642855 0.450053 377.894 0 0
1500.0 0.043386 39.577151 17.016440 -0.842389 0.573388 378.093 0 0
1500.0 70.339335 -98.358269 17.070347 0.187950 -1.530254 378.133 0 0
1500.0 50.276063 -10.471870 17.316529 -0.165557 -0.126754 378.362 0 0
1500.0 256.290782 -170.190708 17.127947 3.067353 -2.571520 378.464 0 0
1500.0 35.483588 91.432820 17.070973 -0.322101 1.378629 378.647 0 0
1500.0 62.701563 51.392543 17.211806 0.021319 0.751990 378.791 0 0
1500.0 115.108520 -1.436421 18.528978 1.106090 -0.036344 378.811 0 0
1500.0 63.376107 -26.569184 17.192352 0.116641 -0.440670 378.881 0 0
1500.0 88.405880 9.906503 17.882532 0.572943 0.095810 378.931 0 0
1500.0 -12.966346 -3.504808 17.071805 -1.020693 -0.070355 378.969 0 0
1500.0 90.866947 6.377812 17.110879 0.538483 0.108707 378.913 0 0
1500.0 99.274880 -51.019140 17.116419 0.592886 -0.761854 378.980 0 0
1500.0 58.156662 39.212921 17.451673 -0.017959 0.670654 379.082 0 0
1500.0 91.392836 13.477217 17.158414 0.545694 0.160183 379.121 0 0
1500.0 61.692151 27.372483 17.310255 0.069434 0.451411 379.193 0 0
1500.0 93.055978 15.547924 17.774393 0.570959 0.276636 379.429 0 0
1500.0 109.215400 -1.003585 17.394815 0.803351 0.013536 380.020 0 0
1500.0 78.346937 -6.739231 17.734774 0.403226 -0.145326 380.116 0 0
1500.0 61.531490 -6.848615 17.701187 0.067503 -0.156069 380.235 0 0
1500.0 128.067451 -21.665248 17.092361 0.981926 -0.257257 380.268 0 0
1500.0 36.924958 19.235398 17.412304 -0.296261 0.367117 380.266 0 0
1500.0 111.517676 20.595591 17.191080 0.818660 0.262620 380.346 0 0
1500.0 82.895191 -21.368868 17.223318 0.322889 -0.331816 380.366 0 0
1500.0 70.928212 -13.710110 17.386961 0.286042 -0.210662 380.390 0 0
1500.0 55.674085 -16.900199 17.112539 -0.054289 -0.314012 380.481 0 0
1500.0 36.998929 -8.371722 17.196922 -0.381306 -0.087686 380.435 0 0
1500.0 90.335048 -6.787618 17.743430 0.563385 -0.145244 380.491 0 0
1500.0 90.226945 -50.518927 17.196078 0.522270 -0.720764 380.540 0 0
1500.0 103.509976 24.649145 17.203245 0.714816 0.329030 380.516 0 0
1500.0 114.373168 28.381124 17.197912 0.850051 0.361871 380.731 0 0
1500.0 61.351776 2.920092 17.258109 0.083224 0.109997 380.796 0 0
1500.0 62.736695 -9.059523 17.872301 0.131230 -0.168168 380.836 0 0
1500.0 127.482261 -1.636230 17.117997 0.965982 0.006313 380.917 0 0
1500.0 118.620700 -19.512536 17.209493 0.908350 -0.290303 381.039 0 0
1500.0 76.946036 19.889151 17.693880 0.317186 0.340119 381.165 0 0
1500.0 100.160678 52.482022 17.130609 0.606960 0.709729 381.226 0 0
1500.0 76.933585 -59.246004 17.420997 0.309031 -0.951866 381.333 0 0
1500.0 96.059624 -15.248886 18.244935 0.668695 -0.260703 381.363 0 0
1500.0 117.864755 -10.418725 17.230386 0.878224 -0.213497 381.415 0 0
1500.0 61.144815 -7.385089 17.894382 0.139456 -0.169269 381.546 0 0
1500.0 95.824451 -33.295427 17.716792 0.689816 -0.681713 381.545 0 0
1500.0 97.249392 17.381921 17.515187 0.611170 0.307362 381.690 0 0
1500.0 97.300299 19.114494 17.516052 0.611529 0.331176 381.731 0 0
1500.0 -5.285958 -38.895940 17.118147 -0.868342 -0.585600 381.863 0 0
1500.0 52.172081 0.053453 17.453583 -0.102070 0.044132 381.886 0 0
1500.0 37.881691 56.252722 17.433467 -0.305024 0.926803 382.038 0 0
1500.0 86.340837 -1.144254 18.256987 0.568884 0.028122 382.124 0 0
1500.0 35.595056 -9.011148 17.563054 -0.329638 -0.102995 382.112 0 0
1500.0 113.527397 -30.320158 17.489962 0.938407 -0.542957 382.174 0 0
1500.0 80.089990 -42.407974 17.537673 0.356625 -0.693618 382.306 0 0
1500.0 82.309003 20.839408 17.409603 0.394370 0.280738 382.341 0 0
1500.0 80.698059 22.835279 17.657903 0.402643 0.381935 382.356 0 0
1500.0 140.326392 8.300480 17.155655 1.159490 0.096048 382.488 0 0
1500.0 126.890836 31.158913 17.161919 0.971380 0.375670 382.878 0 0
1500.0 74.170889 -40.311442 17.205080 0.196530 -0.640979 383.186 0 0
1500.0 127.729777 -20.427437 17.542722 1.257234 -0.374461 383.177 0 0
1500.0 129.219038 -14.908448 17.275582 1.018726 -0.226320 383.281 0 0
1500.0 112.436893 -47.838013 17.170184 0.694942 -0.692076 383.296 0 0
1500.0 130.217503 59.487476 17.235200 1.104199 0.956772 383.522 0 0
1500.0 71.917705 8.937318 18.127090 0.283018 0.166206 383.684 0 0
1500.0 60.627598 -1.376743 17.717792 0.087938 -0.088181 383.567 0 0
1500.0 59.141521 6.570608 17.420578 -0.009378 0.043827 383.652 0 0
1500.0 100.240399 -23.556694 17.388995 0.641134 -0.399643 383.872 0 0
1500.0 38.108096 18.500514 17.339029 -0.344716 0.269474 383.941 0 0
1500.0 90.387369 -59.940883 17.268292 0.509663 -0.869129 384.052 0 0
1500.0 87.858739 -11.218637 18.421202 0.558603 -0.213462 384.077 0 0
1500.0 72.194798 45.653563 17.218027 0.269557 0.645845 384.094 0 0
1500.0 65.530708 -28.737281 17.377671 0.183050 -0.455652 384.183 0 0
1500.0 72.011907 21.090375 17.284241 0.252684 0.361342 384.208 0 0
1500.0 19.538535 1.419858 17.430271 -0.573670 -0.030003 384.335 0 0
1500.0 63.038261 -39.052297 17.382495 0.146629 -0.600827 384.504 0 0
1500.0 92.887957 5.111999 17.888709 0.565343 0.065826 384.603 0 0
1500.0 30.870558 65.515813 17.277216 -0.417705 0.946006 384.637 0 0
1500.0 50.002044 69.740283 17.354687 -0.118202 1.066351 384.862 0 0
1500.0 103.980774 -5.811441 17.294999 0.707612 -0.027363 384.924 0 0
1500.0 77.978069 5.740176 17.397108 0.324458 0.092050 385.071 0 0
1500.0 82.976620 -68.488871 17.223273 0.318561 -0.992415 385.112 0 0
1500.0 9.659931 21.946932 17.357325 -0.742016 0.313935 385.079 0 0
1500.0 49.134513 -26.038948 17.366732 -0.206688 -0.428540 385.209 0 0
1500.0 101.273255 -27.798877 17.394967 0.685222 -0.435553 385.246 0 0
1500.0 106.397960 -46.005822 17.423706 0.711305 -0.700178 385.544 0 0
1500.0 116.286135 9.948034 17.404140 0.891155 0.097014 385.735 0 0
1500.0 86.001648 38.240784 17.455177 0.457010 0.580064 385.787 0 0
1500.0 90.470803 -18.518462 17.515446 0.562801 -0.270608 386.017 0 0
1500.0 94.130705 9.042835 17.823444 0.612235 0.184530 386.095 0 0
1500.0 112.944565 -27.662107 17.470693 0.828844 -0.487534 386.110 0 0
1500.0 108.673975 11.372569 18.382359 0.964968 0.239948 386.161 0 0
1500.0 45.215155 36.185334 17.976656 -0.256220 0.672366 386.239 0 0
1500.0 34.399464 -64.614914 17.282152 -0.374509 -0.882834 386.319 0 0
1500.0 34.206762 -9.331180 17.376072 -0.370378 -0.198859 386.369 0 0
1500.0 -8.463130 -12.157273 17.385079 -0.979524 -0.165780 386.459 0 0
1500.0 85.936973 27.671695 17.640303 0.418901 0.452011 386.495 0 0
1500.0 89.209091 -44.086753 17.431985 0.443680 -0.691547 386.462 0 0
1500.0 108.154983 24.383468 17.532387 0.802464 0.334569 387.053 0 0
1500.0 80.411169 -9.822523 17.774334 0.444725 -0.159487 387.133 0 0
1500.0 90.710513 -2.478335 17.767746 0.639798 -0.104037 387.125 0 0
1500.0 -14.327221 -11.058824 17.298881 -1.014050 -0.209342 387.218 0 0
1500.0 65.992776 1.404674 17.653797 0.193269 0.042248 387.305 0 0
1500.0 90.668756 7.911982 18.366067 0.637399 0.140398 387.312 0 0
1500.0 87.997766 -36.737602 17.638598 0.449938 -0.622615 387.341 0 0
1500.0 65.362204 6.895725 17.442000 0.163024 0.066247 387.490 0 0
1500.0 96.023498 38.789253 17.496347 0.582224 0.574610 387.428 0 0
1500.0 89.272861 24.877577 17.679397 0.493038 0.410094 387.415 0 0
1500.0 120.144129 -15.683745 17.475562 0.953330 -0.204012 387.472 0 0
1500.0 112.710263 -25.313683 17.540638 0.860987 -0.359689 387.494 0 0
1500.0 130.167791 -0.146533 17.351391 1.041548 0.051683 387.664 0 0
1500.0 103.216071 18.482255 17.903991 0.764460 0.277511 387.772 0 0
1500.0 87.646301 32.881918 17.457050 0.415959 0.487769 387.773 0 0
1500.0 47.914431 35.349003 17.358286 -0.186954 0.573960 387.789 0 0
1500.0 57.415740 5.613689 17.598520 0.008583 0.131245 387.807 0 0
1500.0 113.379479 8.211988 17.614790 0.882224 0.132717 387.827 0 0
1500.0 46.612611 -7.555450 17.603241 -0.170199 -0.122268 388.042 0 0
1500.0 150.680784 -7.987552 17.508774 1.470106 -0.146848 388.273 0 0
1500.0 110.359889 48.732696 17.371409 0.760672 0.717189 388.436 0 0
1500.0 50.382399 18.667042 17.355573 -0.182581 0.243998 388.505 0 0
1500.0 -13.794437 93.832897 17.346570 -0.996389 1.384115 388.537 0 0
1500.0 42.412722 -55.797312 17.480663 -0.235884 -0.851742 388.625 0 0
1500.0 82.712790 -40.048361 17.417647 0.435270 -0.592669 388.660 0 0
1500.0 85.310305 -7.612322 17.641795 0.437467 -0.111753 388.683 0 0
1500.0 70.787272 -9.686857 18.781507 0.348532 -0.201497 388.804 0 0
1500.0 73.270986 43.802548 17.498041 0.180264 0.675659 388.964 0 0
1500.0 69.000151 70.564624 17.388142 0.195486 1.006449 389.036 0 0
1500.0 70.491306 8.621119 18.571241 0.331371 0.142863 389.048 0 0
1500.0 49.416843 -15.240520 17.817596 -0.093513 -0.283379 389.093 0 0
1500.0 68.382072 -57.721693 17.475857 0.098636 -0.903354 389.122 0 0
1500.0 87.404743 20.357937 17.364755 0.451234 0.269619 389.245 0 0
1500.0 110.500030 -18.635413 17.426651 0.828545 -0.280625 389.336 0 0
1500.0 113.346548 -4.439577 17.426484 0.869408 -0.077570 389.325 0 0
1500.0 21.880837 -61.606744 17.357464 -0.502675 -0.919409 389.465 0 0
1500.0 67.472392 15.807330 18.158415 0.185182 0.249800 389.508 0 0
1500.0 65.216561 1.293407 17.767858 0.150915 0.076159 389.583 0 0
1500.0 43.980753 -8.218258 17.710927 -0.232289 -0.131210 389.548 0 0
1500.0 94.575550 -21.831376 17.710742 0.600648 -0.372133 389.647 0 0
1500.0 57.258852 -5.703556 18.025075 0.007527 -0.057163 389.740 0 0
1500.0 81.322250 2.496964 18.512397 0.531141 0.046750 389.992 0 0
1500.0 84.368863 -4.338064 18.371648 0.506596 -0.126030 389.935 0 0
1500.0 95.315401 5.821645 17.534202 0.611830 0.138201 390.100 0 0
1500.0 94.879922 35.705480 17.600532 0.544470 0.617083 390.138 0 0
1500.0 37.675610 30.338109 17.717627 -0.283900 0.502292 390.366 0 0
1500.0 66.196175 -36.010111 17.831548 0.129221 -0.575099 390.494 0 0
1500.0 61.877209 -6.526984 17.831478 0.040429 -0.107054 390.596 0 0
1500.0 100.517022 -55.877875 17.423423 0.595441 -0.821158 390.760 0 0
1500.0 74.326753 -18.593480 17.857100 0.276681 -0.293922 390.963 0 0
1500.0 61.747307 4.519795 17.784833 0.010518 0.023024 390.981 0 0
1500.0 101.594099 -36.902824 18.325083 0.906656 -0.723428 390.975 0 0
1500.0 92.204789 25.751454 17.658723 0.595574 0.394074 391.077 0 0
1500.0 81.437205 15.359330 17.874731 0.464182 0.247283 391.138 0 0
1500.0 106.897702 -18.785804 17.557627 0.767233 -0.258491 391.292 0 0
1500.0 47.691178 -15.711500 17.768662 -0.115511 -0.301746 391.281 0 0
1500.0 20.985909 -40.137600 17.438890 -0.511000 -0.653162 391.360 0 0
1500.0 74.547025 -3.719487 18.652661 0.381874 -0.114629 391.442 0 0
1500.0 103.213146 -14.742877 17.745125 0.745193 -0.270592 391.438 0 0
1500.0 93.877634 5.530435 17.735049 0.558301 0.059130 391.526 0 0
1500.0 71.257020 -19.034594 17.629812 0.251911 -0.346894 391.509 0 0
1500.0 101.543544 11.306390 17.481264 0.663902 0.237253 391.537 0 0
1500.0 56.151958 49.270496 17.439800 -0.092289 0.745387 391.796 0 0
1500.0 135.156693 -8.558771 17.606757 1.269726 -0.182884 391.870 0 0
1500.0 105.382248 43.882557 17.449782 0.753516 0.615627 392.005 0 0
1500.0 84.400138 -10.504521 17.586884 0.407468 -0.174383 392.090 0 0
1500.0 94.601796 54.075646 17.559182 0.583294 0.816635 392.231 0 0
1500.0 90.181397 2.904502 17.865573 0.592846 0.043774 392.191 0 0
1500.0 27.117192 -6.468998 17.496170 -0.525722 -0.107155 392.250 0 0
1500.0 59.593845 17.375101 17.562539 0.087601 0.313734 392.194 0 0
1500.0 62.481137 3.819756 18.040888 0.075700 0.031306 392.346 0 0
1500.0 89.892675 47.642155 17.419530 0.531459 0.670067 392.320 0 0
1500.0 57.062322 -11.287162 17.600302 0.055070 -0.183621 392.447 0 0
1500.0 76.535768 -18.218788 18.665254 0.402337 -0.316797 392.382 0 0
1500.0 58.899874 -40.493238 17.700785 0.047160 -0.661662 392.384 0 0
1500.0 118.701204 -24.936889 17.452909 0.897997 -0.424019 392.571 0 0
1500.0 47.472814 -12.440825 17.793967 -0.246813 -0.167846 392.544 0 0
1500.0 76.167539 49.833295 18.322603 0.369796 0.925181 392.638 0 0
1500.0 28.093313 -61.082088 17.450781 -0.407186 -0.938648 392.734 0 0
1500.0 92.079022 5.811276 18.251029 0.653261 0.085863 392.799 0 0
1500.0 105.218872 51.705413 17.419355 0.659559 0.802710 392.769 0 0
1500.0 60.975149 -15.453441 18.110648 0.084443 -0.277170 392.811 0 0
1500.0 92.814126 5.552119 18.251280 0.663270 0.082200 392.830 0 0
1500.0 45.627878 -48.091866 17.446240 -0.146441 -0.771137 392.893 0 0
1500.0 119.137184 2.198282 17.426127 0.949996 0.005756 392.963 0 0
1500.0 66.622874 -53.466646 18.088315 0.218355 -0.960593 393.000 0 0
1500.0 62.120884 -42.807883 18.337102 0.162564 -0.822292 392.995 0 0
1500.0 18.690972 31.574532 17.500697 -0.643092 0.451926 393.052 0 0
1500.0 87.558408 -0.565252 18.567583 0.619832 0.000907 393.247 0 0
1500.0 75.101182 -55.900644 17.710609 0.278062 -0.870927 393.554 0 0
1500.0 6.997382 -29.540313 17.506902 -0.805881 -0.439455 393.786 0 0
1500.0 71.225406 5.750904 18.017042 0.210101 0.140371 393.865 0 0
1500.0 90.298270 29.471789 17.960585 0.583496 0.465179 394.011 0 0
1500.0 7.076366 70.227405 17.502432 -0.814050 1.055886 393.988 0 0
1500.0 75.636278 -45.230381 17.512216 0.260687 -0.739022 394.174 0 0
1500.0 75.350895 17.800542 18.516501 0.411970 0.310088 394.234 0 0
1500.0 42.738973 -64.448728 17.451426 -0.272303 -0.909638 394.356 0 0
1500.0 77.543916 57.701690 17.576844 0.343469 0.884952 394.340 0 0
1500.0 48.182648 12.311634 17.946606 -0.099342 0.212536 394.505 0 0
1500.0 81.492096 5.208996 18.229497 0.447597 0.141722 394.481 0 0
1500.0 -5.366735 144.800897 17.466743 -0.980517 2.106455 394.529 0 0
1500.0 46.162740 31.801993 17.973959 -0.151929 0.523019 394.786 0 0
1500.0 68.996531 -7.919071 18.582987 0.254437 -0.157321 394.816 0 0
1500.0 55.276872 22.273752 17.950460 -0.024611 0.381816 394.898 0 0
1500.0 81.981592 13.440570 17.800802 0.462914 0.174644 394.966 0 0
1500.0 69.605279 25.102461 17.540223 0.102415 0.375014 394.971 0 0
1500.0 1.686473 -38.758241 17.522615 -0.866518 -0.562525 395.091 0 0
1500.0 80.422237 12.441475 17.516281 0.333098 0.215221 395.197 0 0
1500.0 90.176975 -42.210659 17.622604 0.559438 -0.623428 395.128 0 0
1500.0 122.196975 0.356631 17.617759 1.084901 0.027890 395.173 0 0
1500.0 103.454977 41.964865 18.703528 0.961806 0.806173 395.217 0 0
1500.0 64.274725 -2.374597 18.802815 0.160120 -0.123259 395.500 0 0
1500.0 57.708536 17.736870 18.405500 0.056927 0.291828 395.605 0 0
1500.0 42.072860 9.740181 17.879332 -0.291766 0.127775 395.630 0 0
1500.0 10.248350 -44.151708 17.593136 -0.694752 -0.707719 395.782 0 0
1500.0 36.079571 38.678683 17.520081 -0.392615 0.545309 395.878 0 0
1500.0 93.778616 29.444471 17.793834 0.597863 0.489176 395.959 0 0
1500.0 110.212565 -32.473935 17.486796 0.814066 -0.423950 395.972 0 0
1500.0 61.374126 -51.139780 17.587182 0.071475 -0.824836 395.985 0 0
1500.0 77.079879 -48.358224 17.704894 0.341956 -0.765723 396.219 0 0
1500.0 44.910223 -53.021951 17.623961 -0.209557 -0.917763 396.212 0 0
1500.0 88.180211 -4.412248 18.838906 0.640986 -0.117348 396.275 0 0
1500.0 113.707700 40.976163 17.936015 0.948754 0.673543 396.284 0 0
1500.0 50.105974 14.545732 17.670018 -0.138903 0.229061 396.420 0 0
1500.0 40.525183 11.555402 18.451827 -0.277158 0.262849 396.384 0 0
1500.0 7.466958 -5.940444 17.524820 -0.748773 -0.053931 396.537 0 0
1500.0 56.453197 -4.849913 18.050171 -0.023326 -0.054770 396.540 0 0
1500.0 69.454628 -57.989711 17.525077 0.101501 -0.877791 396.809 0 0
1500.0 110.423546 -14.883152 18.988109 1.091194 -0.241120 396.964 0 0
1500.0 89.550809 -55.138068 17.596774 0.519611 -0.842307 397.104 0 0
1500.0 36.285620 19.323675 17.895514 -0.335001 0.315375 397.152 0 0
1500.0 0.791689 11.189206 17.801256 -0.954094 0.203834 397.118 0 0
1500.0 114.351109 39.572864 17.568024 0.860548 0.598280 397.226 0 0
1500.0 57.821049 9.487997 17.558710 -0.068505 0.160664 397.305 0 0
1500.0 63.844895 8.465695 17.550533 0.018285 0.156559 397.704 0 0
1500.0 50.865109 23.534625 18.068658 -0.065932 0.397471 397.817 0 0
1500.0 93.333464 -44.932885 18.081936 0.626962 -0.760573 397.961 0 0
1500.0 94.592661 15.515321 18.102040 0.753567 0.301208 397.914 0 0
1500.0 65.974932 26.625600 18.069766 0.149188 0.440459 397.991 0 0
1500.0 51.935175 27.570603 18.069599 -0.050563 0.454065 397.966 0 0
1500.0 125.485171 -7.964177 17.593791 0.996793 -0.157782 398.337 0 0
1500.0 57.897837 60.958935 17.565733 -0.034910 0.892013 398.363 0 0
1500.0 111.640455 11.224002 17.950414 0.898484 0.226766 398.452 0 0
1500.0 47.347748 -18.229293 17.816992 -0.225387 -0.262226 398.501 0 0
1500.0 42.654443 -133.391752 17.688471 -0.303452 -2.152276 398.547 0 0
1500.0 60.445057 14.849279 17.803052 -0.033775 0.248031 398.585 0 0
1500.0 138.896101 -2.512376 17.625596 1.235050 0.012143 398.858 0 0
1500.0 91.386647 45.799676 17.557677 0.523095 0.733102 398.936 0 0
1500.0 76.539776 -43.156496 17.594298 0.252390 -0.705789 398.883 0 0
1500.0 77.151757 47.874063 17.552783 0.214714 0.736421 398.933 0 0
1500.0 68.269716 -4.180696 18.450549 0.293969 -0.058384 399.157 0 0
1500.0 78.984455 1.206216 17.985572 0.358065 -0.038569 399.069 0 0
1500.0 70.167679 -10.303956 17.987868 0.243319 -0.187870 399.145 0 0
1500.0 68.078728 -33.413687 17.906243 0.240883 -0.542965 399.015 0 0
1500.0 35.997047 -5.928077 17.882016 -0.340403 -0.131798 399.173 0 0
1500.0 32.161256 14.276504 17.581390 -0.429196 0.274822 399.205 0 0
1500.0 105.413181 -29.487004 18.030731 0.842545 -0.522836 399.144 0 0
1500.0 83.162678 0.428977 18.881777 0.512787 -0.026992 399.411 0 0
1500.0 74.180156 -4.293943 17.986892 0.311966 -0.094591 399.305 0 0
1500.0 78.946079 -28.090675 17.616012 0.273184 -0.435195 399.261 0 0
1500.0 72.748361 23.310269 18.176093 0.252347 0.370535 399.358 0 0
1500.0 65.913550 21.795992 17.707841 0.140068 0.352357 399.249 0 0
1500.0 96.408163 22.391235 18.266029 0.675273 0.378096 399.274 0 0
1500.0 101.594820 4.135709 18.267048 0.777733 0.032277 399.390 0 0
1500.0 18.239878 -2.795666 17.632494 -0.645108 -0.004685 399.246 0 0
1500.0 34.008997 10.164032 17.576232 -0.423672 0.111168 399.509 0 0
1500.0 112.882504 5.999202 17.709777 0.887417 0.098553 399.563 0 0
1500.0 96.025551 -24.793120 17.869092 0.659426 -0.388051 399.687 0 0
1500.0 80.525553 -18.417271 18.486590 0.397080 -0.296314 400.167 0 0
1500.0 84.700991 -11.998993 18.165759 0.480047 -0.144095 399.769 0 0
1500.0 0.892899 -24.906839 17.592402 -0.838903 -0.382406 399.800 0 0
1500.0 85.817476 50.695187 17.575562 0.470922 0.756413 399.955 0 0
1500.0 88.718386 -50.882507 17.677558 0.517082 -0.781067 400.157 0 0
1500.0 6.473990 -32.323075 17.558123 -0.819362 -0.443455 399.840 0 0
1500.0 0.900822 9.764138 17.557388 -0.901991 0.170872 399.740 0 0
1500.0 92.675566 9.264314 17.700219 0.578737 0.080094 399.769 0 0
1500.0 9.063504 -16.205699 17.583065 -0.765511 -0.179606 400.056 0 0
1500.0 75.753094 45.689669 17.582816 0.221361 0.736886 399.985 0 0
1500.0 90.588366 -26.207285 17.616927 0.440071 -0.420314 400.447 0 0
1500.0 58.102610 66.366630 17.562743 -0.065550 0.988674 400.382 0 0
1500.0 22.582723 -31.678543 17.577360 -0.587156 -0.511006 400.462 0 0
1500.0 43.505442 -44.602513 17.577100 -0.277208 -0.703643 400.371 0 0
1500.0 76.204451 -3.725396 18.627804 0.400126 -0.008666 400.542 0 0
1500.0 99.933920 11.504418 17.636724 0.628022 0.193228 400.505 0 0
1500.0 129.297181 -1.477735 17.552346 1.046311 0.041249 400.625 0 0
1500.0 103.105549 -49.687185 17.606318 0.628880 -0.782745 400.565 0 0
1500.0 34.994764 -44.234610 17.577728 -0.402387 -0.696067 400.575 0 0
1500.0 26.154209 -1.910540 17.738576 -0.503428 0.027468 400.611 0 0
1500.0 89.010393 18.171091 17.691141 0.576602 0.290612 400.596 0 0
1500.0 12.031007 28.629880 17.578259 -0.740851 0.382032 400.717 0 0
1500.0 0.374828 -35.458703 17.609548 -0.846980 -0.575323 400.867 0 0
1500.0 -4.824336 -25.680163 17.608808 -0.922416 -0.435516 400.801 0 0
1500.0 76.483640 -53.523453 17.578775 0.211113 -0.830358 400.839 0 0
1500.0 78.273570 -1.346065 18.088317 0.374177 0.022307 400.999 0 0
1500.0 19.132877 38.754673 17.614277 -0.543362 0.627171 401.004 0 0
1500.0 45.160865 16.238031 18.020729 -0.186735 0.286832 400.998 0 0
1500.0 35.054691 31.912074 17.605320 -0.381835 0.464432 401.045 0 0
1500.0 110.189668 -36.797677 17.593702 0.805819 -0.494944 401.376 0 0
1500.0 52.585798 -68.386113 17.615931 -0.097549 -1.039646 401.394 0 0
1500.0 52.445574 -67.634182 17.550102 -0.065097 -1.038228 401.249 0 0
1500.0 100.720109 19.545380 17.925237 0.685811 0.359666 401.251 0 0
1500.0 102.962436 15.593288 17.578782 0.698679 0.164107 401.242 0 0
1500.0 59.305468 -2.360741 17.877317 0.024071 0.032205 401.062 0 0
1500.0 73.601924 49.394904 17.834000 0.307146 0.807206 401.280 0 0
1500.0 79.931289 -52.268988 17.637026 0.375584 -0.892506 401.166 0 0
1500.0 71.782736 44.080181 17.866503 0.191503 0.701495 401.479 0 0
1500.0 56.152009 55.522557 17.622911 -0.012177 0.859036 401.708 0 0
1500.0 84.506609 -3.746655 17.886652 0.497851 -0.086643 401.638 0 0
1500.0 91.805131 20.644686 17.595000 0.580984 0.304870 401.564 0 0
1500.0 83.316444 -40.776001 17.937800 0.419056 -0.686550 401.726 0 0
1500.0 94.646612 10.999000 17.983172 0.667207 0.243158 401.893 0 0
1500.0 90.003448 54.321603 18.204320 0.634764 0.981982 401.741 0 0
1500.0 130.155590 12.873831 18.056991 1.340068 0.258664 401.525 0 0
1500.0 48.684765 -43.787143 17.589878 -0.151794 -0.728390 402.064 0 0
1500.0 121.797302 31.868943 17.958367 1.106317 0.529049 402.103 0 0
1500.0 -0.839535 -39.827624 17.584753 -0.896022 -0.535009 402.139 0 0
1500.0 -11.737987 -6.322593 17.599820 -1.039515 -0.032341 402.250 0 0
1500.0 40.508445 -66.736646 17.630598 -0.265662 -1.001929 402.393 0 0
1500.0 -1.809512 -36.912103 17.591257 -0.904571 -0.491058 402.541 0 0
1500.0 72.868307 17.271436 18.361169 0.352927 0.309248 402.563 0 0
1500.0 74.630073 -4.344847 18.681982 0.341744 -0.117536 402.711 0 0
1500.0 87.095569 29.193006 17.627962 0.496852 0.516307 402.997 0 0
1500.0 75.414160 49.141417 17.674808 0.282906 0.722746 403.081 0 0
1500.0 28.197073 -51.455766 17.593060 -0.450692 -0.829558 403.148 0 0
1500.0 99.290709 -6.067611 17.718749 0.693826 -0.054963 403.070 0 0
1500.0 130.462099 21.939992 17.649768 1.215882 0.357412 403.285 0 0
1500.0 99.411597 -10.409604 18.383149 0.791706 -0.135033 403.469 0 0
1500.0 35.924403 12.786326 17.946311 -0.401369 0.250896 403.449 0 0
1500.0 126.011858 -1.942710 17.694408 1.031561 -0.046136 403.589 0 0
1500.0 85.792503 73.795360 17.657262 0.489048 1.192461 403.678 0 0
1500.0 120.227218 26.372770 17.587833 0.932076 0.445092 403.799 0 0
1500.0 112.644412 -41.209584 17.827503 0.903580 -0.714637 403.805 0 0
1500.0 52.301283 -27.426237 17.835751 -0.050651 -0.523739 404.029 0 0
1500.0 50.507877 23.067323 18.138691 -0.081978 0.400300 404.097 0 0
1500.0 -5.887430 -22.443681 17.613560 -0.956754 -0.354521 404.173 0 0
1500.0 114.827978 37.693810 17.608319 0.890479 0.538901 404.242 0 0
1500.0 56.788415 -82.602764 17.595041 0.038227 -1.262342 404.123 0 0
1500.0 62.072403 44.616635 17.819205 0.112684 0.727722 404.243 0 0
1500.0 91.699168 -1.083986 18.247169 0.625289 0.032393 404.291 0 0
1500.0 59.305478 -55.314755 17.670540 -0.001833 -0.818187 404.436 0 0
1500.0 -23.611056 54.524946 17.654230 -1.222713 0.859964 404.466 0 0
1500.0 108.540989 57.612332 17.995008 0.881605 0.981827 404.455 0 0
1500.0 -10.998126 -14.329292 17.603702 -1.006321 -0.277780 404.555 0 0
1500.0 94.344124 -87.941198 17.797653 0.546954 -1.458906 404.557 0 0
1500.0 41.819675 15.670955 17.912021 -0.324502 0.352785 404.521 0 0
1500.0 86.620977 17.478218 17.878607 0.446931 0.332779 404.598 0 0
1500.0 55.191703 -12.599872 18.358459 -0.047470 -0.219824 404.579 0 0
1500.0 73.465070 -43.562429 17.618626 0.224041 -0.658291 404.974 0 0
1500.0 -56.811410 55.923715 17.596061 -1.689975 0.894039 405.033 0 0
1500.0 60.784613 -13.525377 17.672713 -0.024328 -0.174261 404.931 0 0
1500.0 85.877107 -20.714509 17.951854 0.423422 -0.305802 405.215 0 0
1500.0 3.960352 -29.313465 17.632460 -0.806296 -0.444471 405.233 0 0
1500.0 69.881140 0.299131 18.421446 0.275312 -0.068296 405.284 0 0
1500.0 16.614948 107.526580 18.014429 -0.705286 1.868626 405.256 0 0
1500.0 100.750501 52.188696 17.695122 0.719375 0.775773 405.471 0 0
1500.0 69.931972 1.162019 17.819819 0.220220 0.090456 405.466 0 0
1500.0 57.669541 -30.657184 17.633906 -0.050308 -0.526172 405.460 0 0
1500.0 108.522936 47.388937 17.623675 0.785176 0.666454 405.514 0 0
1500.0 108.610956 -34.223280 17.793264 0.828088 -0.500228 405.622 0 0
1500.0 69.654546 19.867401 17.818866 0.215267 0.370644 405.706 0 0
1500.0 72.517243 -18.775664 18.717201 0.316445 -0.438477 405.719 0 0
1500.0 64.432365 13.822388 17.821726 0.169602 0.194048 405.923 0 0
1500.0 51.418193 61.377992 17.678088 -0.133548 0.955906 406.050 0 0
1500.0 104.186147 -41.736677 17.628637 0.667751 -0.644806 406.175 0 0
1500.0 119.693973 22.910188 17.633316 0.934974 0.317060 406.145 0 0
1500.0 -6.229499 2.840836 17.663982 -0.961638 0.024680 406.327 0 0
1500.0 101.393247 47.379933 17.640914 0.673954 0.656312 406.592 0 0
1500.0 49.379461 -17.343767 17.686331 -0.091321 -0.334249 406.567 0 0
1500.0 95.903385 15.937623 18.496175 0.649536 0.300529 406.727 0 0
1500.0 53.340441 -36.339731 17.668423 -0.119597 -0.529793 406.869 0 0
1500.0 25.487709 3.730301 17.739220 -0.481166 0.093210 406.973 0 0
1500.0 33.418582 58.398088 17.791293 -0.360696 0.914102 406.923 0 0
1500.0 40.671226 -61.000809 17.712596 -0.292555 -0.942230 407.087 0 0
1500.0 65.083925 -47.199762 17.769071 0.172641 -0.753704 407.015 0 0
1500.0 26.514725 -24.899439 17.744730 -0.457812 -0.448702 406.970 0 0
1500.0 70.727631 -46.799083 18.272755 0.305604 -0.885940 407.033 0 0
1500.0 94.885060 -35.518771 17.758258 0.594440 -0.590468 407.102 0 0
1500.0 51.222158 -0.482698 17.712942 -0.095101 -0.083690 407.182 0 0
1500.0 84.316451 3.499839 17.772121 0.454311 -0.009090 407.243 0 0
1500.0 67.698319 1.139071 17.737970 0.128418 -0.053931 407.248 0 0
1500.0 64.264150 -18.120764 17.696217 0.167897 -0.306029 407.403 0 0
1500.0 127.569787 11.837814 17.916346 1.158716 0.263525 407.313 0 0
1500.0 56.149518 9.058462 17.962113 -0.020127 0.178858 407.521 0 0
1500.0 -8.098454 -11.945132 17.715679 -0.995901 -0.226540 407.547 0 0
1500.0 108.897111 -15.979134 17.907372 0.808007 -0.300222 407.473 0 0
1500.0 86.568305 -40.624749 17.664556 0.459503 -0.561463 407.796 0 0
1500.0 78.965672 26.789865 18.167382 0.407908 0.456475 407.600 0 0
1500.0 90.841599 -18.947702 17.977360 0.495822 -0.347678 407.643 0 0
1500.0 58.021880 -4.347571 17.695213 0.051163 -0.124539 407.734 0 0
1500.0 38.533171 -0.827859 18.217778 -0.352775 0.039765 407.727 0 0
1500.0 66.299622 -23.874613 18.234844 0.206848 -0.422926 408.060 0 0
1500.0 95.489869 -49.840802 17.761556 0.593943 -0.789790 408.176 0 0
1500.0 73.218651 31.295759 18.313782 0.315299 0.526436 408.354 0 0
1500.0 100.689613 36.294731 17.719539 0.712628 0.524342 408.337 0 0
1500.0 93.946386 -28.363981 17.707663 0.548623 -0.501318 408.304 0 0
1500.0 71.700215 -34.894115 17.691236 0.256798 -0.583635 408.567 0 0
1500.0 46.784193 35.998999 17.834922 -0.202231 0.649606 408.524 0 0
1500.0 59.305699 50.975874 18.206417 0.062549 0.925328 408.581 0 0
1500.0 59.938521 65.903356 17.676502 0.022758 1.029478 408.746 0 0
1500.0 81.748321 32.101985 18.223332 0.396899 0.537706 408.723 0 0
1500.0 97.363748 -59.011214 17.646236 0.523137 -0.908230 408.869 0 0
1500.0 -16.631393 61.317175 17.685736 -1.128617 0.990887 408.921 0 0
1500.0 101.155007 -23.239080 17.805435 0.700098 -0.408668 409.235 0 0
1500.0 41.286641 -43.528535 17.690388 -0.200750 -0.709934 408.933 0 0
1500.0 28.889185 0.187555 18.110242 -0.513180 -0.051138 408.975 0 0
1500.0 42.754487 4.831266 18.090593 -0.309792 0.097058 409.219 0 0
1500.0 47.261648 16.037410 18.191487 -0.226577 0.253564 409.187 0 0
1500.0 48.226648 21.011908 18.191023 -0.206858 0.344128 409.261 0 0
1500.0 76.537658 -65.757113 17.772456 0.311496 -1.000828 409.600 0 0
1500.0 99.485626 -16.973385 18.615344 0.751269 -0.295505 409.505 0 0
1500.0 101.022022 -46.434816 17.833418 0.727089 -0.738240 409.344 0 0
1500.0 92.473216 1.677619 17.856010 0.601883 0.069568 409.374 0 0
1500.0 101.013583 28.169008 17.936940 0.683367 0.516651 409.500 0 0
1500.0 28.473338 -56.679825 17.708920 -0.425091 -0.904945 409.917 0 0
1500.0 102.811217 33.772195 17.729649 0.647709 0.573878 409.883 0 0
1500.0 71.622612 -3.617394 17.821994 0.281809 -0.103955 409.637 0 0
1500.0 51.801603 30.488241 17.963279 -0.152092 0.501189 409.849 0 0
1500.0 130.060409 -13.112517 18.152996 1.264561 -0.267010 409.765 0 0
1500.0 61.690290 -41.818674 17.664299 0.061185 -0.708418 410.021 0 0
1500.0 91.459950 -49.238501 17.783843 0.478065 -0.817878 410.126 0 0
1500.0 82.411927 54.043705 18.199457 0.447124 0.946450 409.988 0 0
1500.0 81.312073 22.574128 18.055879 0.415099 0.330428 410.267 0 0
1500.0 71.202681 4.931110 18.065718 0.278490 0.094236 410.691 0 0
1500.0 16.691172 26.016399 17.741045 -0.600067 0.411394 410.701 0 0
1500.0 66.743005 65.407415 17.697767 0.118129 0.993207 410.761 0 0
1500.0 185.222069 -1.865303 17.685428 2.023994 -0.072737 410.414 0 0
1500.0 63.487333 0.900540 18.114689 0.108115 0.076746 410.950 0 0
1500.0 68.656463 -19.534280 17.714111 0.205826 -0.296850 410.799 0 0
1500.0 113.944471 34.817116 17.728023 0.855190 0.526784 411.003 0 0
1500.0 114.475603 -40.546873 17.734019 0.883953 -0.598280 411.089 0 0
1500.0 86.408493 -19.336862 18.053934 0.520670 -0.333741 411.175 0 0
1500.0 118.185356 36.891106 17.846961 1.008997 0.646498 410.851 0 0
1500.0 90.700119 22.034002 17.802422 0.601140 0.318997 410.864 0 0
1500.0 105.513717 31.901787 18.166820 0.913496 0.507134 410.877 0 0
1500.0 77.686961 -65.919724 17.743251 0.264171 -1.013340 411.387 0 0
1500.0 68.892087 17.690027 18.446960 0.204749 0.290966 412.055 0 0
1500.0 77.630222 -4.164878 18.187553 0.354914 -0.115470 411.890 0 0
1500.0 95.613406 59.003807 17.656557 0.610507 0.849804 411.421 0 0
1500.0 73.997665 20.327726 18.177000 0.367797 0.331791 411.876 0 0
1500.0 10.412091 22.885025 17.848881 -0.758677 0.315210 411.859 0 0
1500.0 94.251232 30.923121 17.731626 0.523483 0.536202 411.632 0 0
1500.0 36.152901 -0.498621 17.709746 -0.365464 -0.016926 412.149 0 0
1500.0 119.552507 15.393096 17.750188 0.938925 0.202789 412.176 0 0
1500.0 114.336005 -31.034003 17.732739 0.867134 -0.431778 412.355 0 0
1500.0 71.032481 -53.829082 17.739896 0.157955 -0.834148 412.582 0 0
1500.0 124.313546 -16.042756 17.665187 0.978355 -0.308250 412.125 0 0
1500.0 84.398475 -17.291913 17.835690 0.483474 -0.242393 412.163 0 0
1500.0 78.438902 -36.006697 17.945246 0.298712 -0.601920 412.272 0 0
1500.0 72.990037 26.224711 17.732844 0.187556 0.462150 412.259 0 0
1500.0 105.876381 53.563805 17.899950 0.871859 0.877397 412.517 0 0
1500.0 77.491104 -4.218835 18.509466 0.461146 -0.077922 412.636 0 0
1500.0 96.397091 -8.163933 17.702966 0.655332 -0.123198 412.702 0 0
1500.0 93.119298 -27.209183 17.978781 0.634037 -0.478130 412.721 0 0
1500.0 49.129941 -19.518363 17.970986 -0.088176 -0.327829 413.120 0 0
1500.0 92.347160 -10.254225 17.829366 0.511176 -0.198913 413.147 0 0
1500.0 16.897377 46.423803 17.731019 -0.627931 0.753905 413.010 0 0
1500.0 78.535323 -26.278032 17.830515 0.323385 -0.416210 413.200 0 0
1500.0 -8.645480 12.166128 17.680061 -1.037151 0.147394 413.246 0 0
1500.0 83.513280 -67.944421 17.675306 0.320165 -1.050010 413.351 0 0
1500.0 47.747714 25.526455 18.207874 -0.135455 0.434453 413.312 0 0
1500.0 66.856506 -22.700605 18.130832 0.208943 -0.359829 413.796 0 0
1500.0 101.089218 54.532383 17.723744 0.648723 0.821658 413.811 0 0
1500.0 101.680540 22.185628 17.808634 0.736787 0.348824 413.583 0 0
1500.0 154.005151 13.268298 17.736207 1.504159 0.245707 413.870 0 0
1500.0 83.564486 59.383367 17.756327 0.348552 0.907149 414.273 0 0
1500.0 65.715889 -47.065136 17.924851 0.093709 -0.756783 414.138 0 0
1500.0 102.856241 -34.186558 17.729043 0.743465 -0.513071 414.241 0 0
1500.0 75.750759 -36.133904 17.905852 0.299690 -0.614577 414.293 0 0
1500.0 64.813891 -46.972544 17.881477 0.105239 -0.712611 414.614 0 0
1500.0 77.959373 23.147867 17.771150 0.344555 0.321019 414.532 0 0
1500.0 97.655283 38.011933 18.410399 0.851325 0.760963 414.492 0 0
1500.0 80.709982 9.297873 17.773860 0.381455 0.131642 414.660 0 0
1500.0 85.562810 4.868264 18.416764 0.557178 0.042983 414.729 0 0
1500.0 91.987475 -33.094865 17.904640 0.539628 -0.566061 414.655 0 0
1500.0 118.164157 -16.449716 17.841116 0.912932 -0.275930 415.167 0 0
1500.0 121.129916 -17.172854 17.939235 0.997568 -0.288076 414.903 0 0
1500.0 64.952128 -23.122831 18.015111 0.199034 -0.394960 415.203 0 0
1500.0 30.583877 14.420572 17.827963 -0.463401 0.176634 415.042 0 0
1500.0 78.442128 -0.788207 18.018777 0.397363 -0.065114 415.227 0 0
1500.0 58.856907 -100.504714 17.711504 0.038081 -1.594316 414.825 0 0
1500.0 88.428650 10.608654 18.510301 0.636187 0.140304 415.169 0 0
1500.0 86.493542 -46.820604 17.700828 0.403253 -0.723941 415.514 0 0
1500.0 80.893626 41.344318 17.933713 0.359890 0.664722 415.383 0 0
1500.0 110.977085 4.663612 17.974390 0.883525 0.084910 415.507 0 0
1500.0 84.540489 -17.225138 17.967630 0.527167 -0.263240 415.363 0 0
1500.0 160.913653 114.584209 18.132239 1.912303 2.010913 415.639 0 0
1500.0 59.616553 12.752091 18.094099 0.033749 0.227736 416.033 0 0
1500.0 97.730744 17.441610 17.951159 0.638129 0.233076 416.004 0 0
1500.0 96.044547 33.668733 17.853178 0.623801 0.490363 415.723 0 0
1500.0 51.870550 63.498027 17.754288 -0.107405 0.963043 416.014 0 0
1500.0 96.047812 -28.533375 18.038301 0.634382 -0.471515 415.869 0 0
1500.0 53.256548 19.550508 18.340885 -0.040196 0.342312 415.929 0 0
1500.0 85.519094 -30.369884 18.011762 0.502502 -0.498709 415.863 0 0
1500.0 6.368883 1.156689 17.712285 -0.802191 -0.054346 415.875 0 0
1500.0 55.767996 4.838797 17.791117 -0.071966 0.136653 415.774 0 0
1500.0 92.001872 -44.579876 17.909226 0.494482 -0.756510 416.015 0 0
1500.0 113.817526 -0.211495 17.732852 0.845445 -0.025914 416.404 0 0
1500.0 23.497185 50.626360 17.759130 -0.505551 0.777364 416.370 0 0
1500.0 96.357002 -16.366095 18.549438 0.728895 -0.249515 416.396 0 0
1500.0 120.029320 26.778846 17.720922 0.959471 0.390820 416.412 0 0
1500.0 47.026035 15.882614 18.214700 -0.222981 0.274167 416.428 0 0
1500.0 78.441114 -34.224125 17.861214 0.304735 -0.537182 416.665 0 0
1500.0 50.634355 64.726726 17.755894 -0.114651 0.986724 416.517 0 0
1500.0 81.560722 59.579051 17.773654 0.370750 0.942138 416.598 0 0
1500.0 77.083392 26.452302 18.140310 0.286119 0.444862 416.541 0 0
1500.0 100.473246 21.663141 17.943953 0.680731 0.392052 416.553 0 0
1500.0 70.530640 -7.090515 17.958639 0.194581 -0.179121 416.534 0 0
1500.0 48.439841 -4.999620 17.883756 -0.132077 -0.151649 416.731 0 0
1500.0 56.355608 -26.287415 17.765205 0.033582 -0.450246 416.668 0 0
1500.0 59.755944 -0.859933 18.333944 0.091793 -0.077336 417.000 0 0
1500.0 2.451190 -31.727991 17.761617 -0.848754 -0.466600 416.955 0 0
1500.0 108.230208 43.066639 17.774890 0.757745 0.697514 416.892 0 0
1500.0 75.333421 64.084923 17.753220 0.314082 0.979287 416.849 0 0
1500.0 101.754291 5.383098 18.522876 0.802952 0.071355 417.077 0 0
1500.0 104.215878 -12.811905 18.416678 0.826807 -0.184252 417.102 0 0
1500.0 63.160116 -44.781990 17.924068 0.080780 -0.681453 417.160 0 0
1500.0 73.926271 64.903936 17.776720 0.256654 1.010678 417.232 0 0
1500.0 82.708392 45.877445 17.946099 0.410596 0.747930 417.244 0 0
1500.0 52.540948 29.905442 17.992750 -0.115943 0.482955 417.182 0 0
1500.0 97.459268 33.534558 18.035122 0.653753 0.605971 417.132 0 0
1500.0 109.766893 34.802601 17.835629 0.767812 0.551414 417.432 0 0
1500.0 108.070506 -6.970765 18.416471 0.879613 -0.099861 417.314 0 0
1500.0 124.457387 11.379142 17.706272 1.016427 0.217506 417.493 0 0
1500.0 84.819973 4.896768 18.280427 0.539427 0.074851 417.579 0 0
1500.0 78.037930 30.864685 18.211797 0.417262 0.496659 417.607 0 0
1500.0 71.256311 35.871278 18.037036 0.291797 0.582073 417.519 0 0
1500.0 100.073667 -51.769889 17.727059 0.654351 -0.783391 417.628 0 0
1500.0 64.148895 0.608263 18.118743 0.119588 -0.062810 417.668 0 0
1500.0 147.990268 -4.279336 17.726569 1.347105 -0.133613 417.819 0 0
1500.0 61.132143 10.567783 18.212618 0.036917 0.180331 417.690 0 0
1500.0 66.961680 -18.379849 17.844569 0.197580 -0.248136 418.198 0 0
1500.0 30.555474 5.461526 17.792210 -0.395728 0.139000 418.284 0 0
1500.0 100.466090 -46.259109 17.776888 0.650354 -0.703079 418.062 0 0
1500.0 32.974610 64.243815 17.782030 -0.333569 0.990679 417.958 0 0
1500.0 3.478800 -24.037701 17.814766 -0.859427 -0.390064 418.012 0 0
1500.0 83.399883 42.201392 18.035045 0.468058 0.670034 418.137 0 0
1500.0 25.517441 -45.458245 17.812639 -0.498978 -0.743310 418.062 0 0
1500.0 43.794951 -22.029654 18.116432 -0.184503 -0.400071 417.994 0 0
1500.0 43.839818 53.857551 17.766129 -0.248511 0.862721 418.240 0 0
1500.0 88.179719 50.602175 17.789409 0.413234 0.837644 418.139 0 0
1500.0 147.365657 23.110844 18.024203 1.477574 0.430541 418.768 0 0
1500.0 82.215597 14.239515 18.513549 0.461040 0.232100 418.416 0 0
1500.0 91.432019 20.950145 18.222292 0.569072 0.309774 418.675 0 0
1500.0 107.425574 19.075941 18.034600 0.818017 0.327694 418.472 0 0
1500.0 67.894181 -61.199704 17.760606 0.202648 -0.951070 418.753 0 0
1500.0 79.582809 -0.424937 18.052962 0.416143 0.045468 418.597 0 0
1500.0 97.696237 10.313956 17.733397 0.663205 0.121281 418.722 0 0
1500.0 109.388407 3.549207 17.770640 0.784581 0.045370 419.046 0 0
1500.0 1.174693 35.324267 17.756985 -0.870062 0.539675 418.945 0 0
1500.0 95.544350 -22.353727 18.309622 0.692391 -0.333444 419.053 0 0
1500.0 90.743032 -27.800874 18.178662 0.522881 -0.481006 419.186 0 0
1500.0 84.017554 6.168480 18.167828 0.508988 0.063237 418.875 0 0
1500.0 26.859420 20.995573 17.771866 -0.541031 0.333116 418.959 0 0
1500.0 75.222908 11.630298 17.988416 0.269614 0.247791 419.159 0 0
1500.0 73.690866 -3.343943 18.559577 0.250577 -0.057086 418.900 0 0
1500.0 73.727214 7.540420 18.338204 0.340753 0.120461 419.878 0 0
1500.0 34.340749 7.583304 18.076984 -0.348986 0.105798 419.631 0 0
1500.0 106.777714 28.076819 17.809073 0.703240 0.457420 420.146 0 0
1500.0 55.800758 56.773609 17.807402 -0.005897 0.857873 420.040 0 0
1500.0 67.996377 53.757763 17.809797 0.163659 0.814151 420.191 0 0
1500.0 -2.281353 20.865493 17.765285 -0.910228 0.330290 419.646 0 0
1500.0 119.411523 -9.360834 17.734884 0.890138 -0.069267 420.439 0 0
1500.0 76.773498 -54.052237 17.771685 0.334195 -0.825273 419.437 0 0
1500.0 65.248025 66.874779 17.769796 0.068166 1.033757 419.699 0 0
1500.0 70.734425 65.019051 17.806868 0.168236 1.014646 419.679 0 0
1500.0 64.744243 -40.142952 17.801521 0.123923 -0.649058 420.455 0 0
1500.0 -4.577866 11.306658 17.759332 -0.990353 0.164252 419.488 0 0
1500.0 78.288911 53.524024 17.962648 0.339986 0.856638 419.741 0 0
1500.0 76.904381 23.068157 17.986823 0.293817 0.418333 419.407 0 0
1500.0 64.944117 -30.853082 18.148851 0.095660 -0.504652 420.171 0 0
1500.0 101.889006 -14.306320 17.891855 0.743108 -0.195055 419.968 0 0
1500.0 61.818606 -10.226709 18.352748 0.123326 -0.224175 420.577 0 0
1500.0 94.868408 -14.359122 17.801267 0.617023 -0.166878 419.569 0 0
1500.0 13.469684 26.277968 17.799083 -0.679194 0.464422 420.423 0 0
1500.0 38.801405 40.092961 17.798496 -0.352402 0.636212 420.621 0 0
1500.0 36.528561 -14.431371 17.767754 -0.333160 -0.295897 419.970 0 0
1500.0 106.575610 -22.621357 18.055112 0.792816 -0.421081 420.043 0 0
1500.0 69.978723 15.711451 17.756659 0.250422 0.211923 420.270 0 0
1500.0 70.796067 -3.544894 17.785654 0.271679 -0.045767 420.356 0 0
1500.0 65.563319 -0.078018 17.838136 0.128257 -0.077480 420.487 0 0
1500.0 87.760849 15.343388 18.267587 0.597919 0.229964 420.326 0 0
1500.0 32.485377 -14.949036 18.169342 -0.435461 -0.208963 420.087 0 0
1500.0 50.438728 -35.036132 18.045653 -0.178842 -0.596832 419.420 0 0
1500.0 79.589441 23.026165 18.449427 0.419585 0.473962 419.526 0 0
1500.0 82.887409 43.322034 18.370599 0.504127 0.861712 419.583 0 0
1500.0 47.402558 13.201344 18.267763 -0.126235 0.226012 420.971 0 0
1500.0 45.171918 31.739547 17.881195 -0.148862 0.500278 420.838 0 0
1500.0 101.095506 -15.154409 17.756474 0.637246 -0.263135 420.900 0 0
1500.0 77.485470 2.372459 17.778307 0.275007 0.109877 420.870 0 0
1500.0 132.002223 6.217269 18.029234 1.241969 0.045595 420.699 0 0
1500.0 76.012353 -48.793749 18.257678 0.401137 -0.896450 420.792 0 0
1500.0 67.857031 -5.960422 18.469062 0.275317 -0.108149 421.123 0 0
1500.0 63.692149 -13.193620 18.206419 0.112894 -0.241514 421.058 0 0
1500.0 85.737917 -13.123339 18.349909 0.473487 -0.265219 421.020 0 0
1500.0 31.063239 7.532653 17.992432 -0.450252 0.131175 421.117 0 0
1500.0 50.693250 49.878353 18.020629 -0.078239 0.804762 421.382 0 0
1500.0 80.180931 4.179826 17.887684 0.327798 0.123356 421.162 0 0
1500.0 72.348940 -1.897753 17.890749 0.220865 0.040640 421.310 0 0
1500.0 80.968701 -6.167090 17.771263 0.355102 -0.137372 421.665 0 0
1500.0 31.360635 -2.058704 17.802998 -0.422011 0.006567 421.905 0 0
1500.0 60.460368 44.440014 17.751711 0.062505 0.675675 421.450 0 0
1500.0 118.548246 27.384600 17.824342 0.933658 0.380627 422.159 0 0
1500.0 126.286404 8.068007 17.740864 1.042955 0.083169 422.041 0 0
1500.0 26.896007 -37.475717 18.017381 -0.482285 -0.604031 421.229 0 0
1500.0 71.126621 42.007664 18.070247 0.193359 0.683818 421.359 0 0
1500.0 105.232467 -73.767486 17.764483 0.770654 -1.095894 421.784 0 0
1500.0 51.516291 16.466835 18.420074 -0.067565 0.289332 422.094 0 0
1500.0 72.400063 38.312289 17.759658 0.262566 0.626067 421.367 0 0
1500.0 87.028106 -48.830236 17.761933 0.425909 -0.800649 421.552 0 0
1500.0 81.505963 -1.623456 18.201750 0.479198 -0.027829 421.948 0 0
1500.0 95.054511 -29.494321 17.983721 0.599413 -0.508827 422.093 0 0
1500.0 56.792362 -9.034068 18.298046 -0.024310 -0.132741 422.047 0 0
1500.0 74.937126 -25.520704 18.037187 0.330721 -0.443396 421.703 0 0
1500.0 52.912994 43.223863 18.038523 -0.044968 0.717054 422.199 0 0
1500.0 -51.271289 -95.851281 17.786671 -1.687448 -1.495164 421.619 0 0
1500.0 86.777989 -46.250860 17.748942 0.495926 -0.719969 421.822 0 0
1500.0 94.053062 -6.545429 17.817012 0.533150 -0.171803 422.071 0 0
1500.0 37.846865 28.636251 17.774007 -0.330173 0.508398 421.424 0 0
1500.0 72.688088 -18.773387 17.899031 0.217577 -0.358518 421.532 0 0
1500.0 38.176611 1.986280 17.876759 -0.322500 0.099619 421.362 0 0
1500.0 71.549857 25.007477 17.874829 0.185558 0.448940 421.596 0 0
1500.0 84.152373 -11.610333 17.806611 0.477845 -0.167155 421.405 0 0
1500.0 98.968232 -11.483990 17.762075 0.634448 -0.248733 422.006 0 0
1500.0 34.689460 -34.796317 17.899008 -0.415042 -0.561090 421.558 0 0
1500.0 9.092384 -16.001796 17.772038 -0.780485 -0.316764 421.763 0 0
1500.0 82.307444 31.348591 18.164563 0.479440 0.548606 421.914 0 0
1500.0 41.751681 26.150348 18.203500 -0.268122 0.468466 422.189 0 0
1500.0 117.835391 -31.102651 18.312585 1.097056 -0.648008 421.662 0 0
1500.0 97.605633 -25.185822 18.519714 0.682711 -0.467200 422.649 0 0
1500.0 95.188001 18.207309 17.994222 0.553175 0.312975 422.536 0 0
1500.0 83.396350 27.380883 17.996884 0.391691 0.437164 422.679 0 0
1500.0 72.745660 49.342942 17.769960 0.198093 0.813022 422.257 0 0
1500.0 74.031580 -8.401260 18.074696 0.222105 -0.176271 422.619 0 0
1500.0 77.173057 2.450411 18.046391 0.366252 -0.025139 422.715 0 0
1500.0 96.516089 29.774206 17.990605 0.590524 0.524566 422.697 0 0
1500.0 70.070872 -75.256695 17.879297 0.129877 -1.196289 422.656 0 0
1500.0 152.425394 -61.603167 17.835084 1.475867 -1.050585 422.681 0 0
1500.0 61.872875 -11.918293 18.075783 0.137035 -0.203441 422.901 0 0
1500.0 82.548698 -1.049415 17.827679 0.368249 -0.081511 422.872 0 0
1500.0 52.600894 -79.140735 17.751378 -0.014066 -1.161829 422.948 0 0
1500.0 124.198266 -5.222996 17.863224 1.032673 -0.037657 423.082 0 0
1500.0 94.711847 47.846057 17.768769 0.522951 0.782988 422.900 0 0
1500.0 71.055946 19.247597 18.195031 0.302953 0.345658 422.973 0 0
1500.0 19.459025 0.836881 17.856632 -0.649902 0.033579 423.033 0 0
1500.0 84.810190 -63.275783 17.991002 0.399510 -1.047121 422.892 0 0
1500.0 -48.975103 -96.973528 17.873666 -1.817182 -1.592814 422.909 0 0
1500.0 31.697115 54.617108 17.768752 -0.412801 0.880288 423.161 0 0
1500.0 31.763682 -50.668589 17.784889 -0.402652 -0.823944 423.225 0 0
1500.0 69.688308 -6.928311 18.173342 0.183705 -0.166737 423.290 0 0
1500.0 72.508395 -9.958855 18.562131 0.339588 -0.154416 423.526 0 0
1500.0 72.062581 32.325388 18.008079 0.230920 0.505367 423.765 0 0
1500.0 111.705693 32.444146 17.761114 0.812532 0.423218 423.803 0 0
1500.0 119.296179 -32.854779 17.759589 0.945958 -0.430545 423.884 0 0
1500.0 64.377399 0.145318 17.929261 0.096359 -0.072635 423.579 0 0
1500.0 29.076793 57.531471 17.944314 -0.420758 1.000192 423.693 0 0
1500.0 -16.964471 -51.196815 17.894530 -1.277815 -0.882638 423.695 0 0
1500.0 113.188540 -2.304257 18.185832 1.011983 0.003957 423.515 0 0
1500.0 87.005017 -29.524268 18.094989 0.581720 -0.478752 423.663 0 0
1500.0 76.744451 -46.807916 18.142197 0.284982 -0.834339 423.470 0 0
1500.0 100.049410 -26.582786 17.950694 0.648203 -0.411536 423.975 0 0
1500.0 40.673092 -33.026108 17.970917 -0.251591 -0.507166 424.098 0 0
1500.0 82.361627 62.212673 17.817500 0.330906 0.948846 424.087 0 0
1500.0 97.760246 -27.760618 18.053942 0.686671 -0.453104 424.180 0 0
1500.0 70.589185 41.567077 18.351934 0.241199 0.741018 424.076 0 0
1500.0 47.895205 43.937214 17.894201 -0.181227 0.646064 424.930 0 0
1500.0 61.376721 15.364137 18.499406 0.097997 0.261098 424.812 0 0
1500.0 73.022001 -4.775153 18.017890 0.207352 -0.128732 424.471 0 0
1500.0 71.265400 -17.547728 17.979872 0.163836 -0.294654 424.550 0 0
1500.0 65.290543 -3.322943 17.828059 0.151619 -0.090336 424.412 0 0
1500.0 92.908781 -38.061132 17.773207 0.542868 -0.560236 424.572 0 0
1500.0 82.016711 57.676054 17.825713 0.393614 0.854876 424.562 0 0
1500.0 159.692829 -57.691040 17.764785 1.555044 -0.901005 424.898 0 0
1500.0 78.726093 -45.762750 17.937373 0.314463 -0.758747 424.283 0 0
1500.0 48.761481 -30.825191 18.055603 -0.182270 -0.460204 424.477 0 0
1500.0 84.214647 -35.905269 17.796648 0.350948 -0.607623 424.754 0 0
1500.0 72.531597 -30.272222 17.796903 0.165797 -0.518395 424.463 0 0
1500.0 122.948617 -5.805366 17.932127 1.126447 -0.069166 424.590 0 0
1500.0 99.871131 47.818209 18.028993 0.722128 0.873661 424.592 0 0
1500.0 104.936787 -31.930339 18.194275 0.901008 -0.523760 424.558 0 0
1500.0 147.913309 45.365219 17.782137 1.352709 0.632004 424.953 0 0
1500.0 117.841771 24.540458 18.196268 1.002411 0.459387 425.133 0 0
1500.0 68.655790 52.336079 17.839153 0.203747 0.770465 425.445 0 0
1500.0 60.450813 54.370469 17.837192 0.020441 0.821471 425.498 0 0
1500.0 67.963142 67.651191 17.872484 0.124409 1.040868 425.125 0 0
1500.0 104.131636 -47.471232 17.793893 0.649383 -0.752467 425.383 0 0
1500.0 40.342837 -52.377250 17.914821 -0.265559 -0.855782 425.409 0 0
1500.0 56.028324 -53.955465 17.915199 -0.031125 -0.880547 425.320 0 0
1500.0 68.872286 -34.502600 18.160973 0.194030 -0.590864 425.503 0 0
1500.0 89.258644 -4.035863 18.009160 0.573426 -0.039731 424.976 0 0
1500.0 5.884323 3.347447 17.792958 -0.837546 -0.008461 425.302 0 0
1500.0 37.414069 18.531258 18.237544 -0.362693 0.356662 425.147 0 0
1500.0 89.055538 -89.334478 18.140528 0.514190 -1.546132 425.353 0 0
1500.0 105.145702 -36.297372 17.913980 0.700696 -0.613266 425.644 0 0
1500.0 6.322849 -19.012689 17.895056 -0.800411 -0.350338 425.751 0 0
1500.0 112.186231 -16.748346 17.804923 0.849986 -0.318274 425.891 0 0
1500.0 88.985796 19.538821 17.912303 0.510519 0.368850 425.566 0 0
1500.0 34.650306 24.064369 17.966551 -0.344346 0.441362 425.720 0 0
1500.0 56.607227 -18.574076 17.937511 -0.029478 -0.357264 425.694 0 0
1500.0 119.444721 -38.678479 17.828790 1.032418 -0.562287 425.670 0 0
1500.0 63.317376 104.584005 17.842133 0.141415 1.731594 425.858 0 0
1500.0 39.592271 16.563107 18.553992 -0.300162 0.303002 425.752 0 0
1500.0 79.099487 -63.360325 17.913444 0.306376 -0.995846 427.029 0 0
1500.0 119.346596 -19.337764 18.039473 0.986440 -0.323321 426.853 0 0
1500.0 94.488364 -20.070780 18.520879 0.697123 -0.306600 426.337 0 0
1500.0 68.486098 -1.338396 18.504431 0.285861 -0.012279 426.512 0 0
1500.0 81.353451 19.562990 18.041835 0.325197 0.329955 426.651 0 0
1500.0 82.619712 28.218187 18.057976 0.421400 0.417477 426.488 0 0
1500.0 46.340601 -0.504274 17.866329 -0.171615 0.058875 427.055 0 0
1500.0 81.660859 34.048445 17.851147 0.311268 0.533632 426.294 0 0
1500.0 80.115440 -11.084247 17.806642 0.349908 -0.101748 426.660 0 0
1500.0 31.012065 -56.170314 17.835029 -0.463175 -0.868470 426.244 0 0
1500.0 87.744309 15.452808 18.244918 0.568387 0.264601 426.559 0 0
1500.0 115.258107 21.644473 17.793132 0.897589 0.261293 426.467 0 0
1500.0 112.081911 -27.773435 17.792352 0.846083 -0.477851 426.771 0 0
1500.0 113.233864 3.543515 17.794725 0.872442 -0.010303 426.068 0 0
1500.0 72.803054 47.241359 17.907190 0.261538 0.781915 426.270 0 0
1500.0 61.068109 -41.090457 17.930544 0.038432 -0.694408 426.429 0 0
1500.0 33.354213 -27.051510 17.794067 -0.419726 -0.479776 425.917 0 0
1500.0 108.652934 -31.148492 17.787135 0.721380 -0.533728 426.992 0 0
1500.0 5.413764 7.216700 17.788705 -0.837897 0.044428 426.670 0 0
1500.0 42.610229 -34.621357 17.793587 -0.277761 -0.595178 425.973 0 0
1500.0 87.738987 -46.082162 17.788045 0.407539 -0.760951 426.795 0 0
1500.0 87.604562 -28.356988 17.964370 0.479516 -0.503473 426.810 0 0
1500.0 53.244741 22.390247 17.853177 -0.114109 0.398777 426.615 0 0
1500.0 59.713011 -24.230520 17.882316 -0.027367 -0.417211 426.244 0 0
1500.0 70.866563 -9.314404 17.884749 0.144303 -0.188902 426.027 0 0
1500.0 95.724897 -56.878142 17.874842 0.672423 -0.937211 426.491 0 0
1500.0 48.183572 23.646051 17.860468 -0.114054 0.441906 426.979 0 0
1500.0 113.112376 26.531464 18.188318 1.014062 0.444065 426.421 0 0
1500.0 43.873801 -19.385289 18.076921 -0.296124 -0.313994 426.815 0 0
1500.0 37.895591 9.202114 18.079007 -0.279499 0.178936 427.594 0 0
1500.0 53.267608 -44.660900 17.821651 -0.078672 -0.689350 427.680 0 0
1500.0 120.525747 20.850380 17.820078 0.953114 0.360051 427.122 0 0
1500.0 12.827924 -48.997055 17.892678 -0.685707 -0.780740 427.414 0 0
1500.0 124.070766 -2.459397 17.791886 1.016183 -0.098967 427.360 0 0
1500.0 120.638978 -3.619244 17.876469 0.977767 -0.116718 427.531 0 0
1500.0 199.135688 -64.922080 17.779814 2.153664 -1.024011 427.200 0 0
1500.0 88.078847 42.722484 18.031518 0.501362 0.707018 427.678 0 0
1500.0 60.609588 -60.868242 17.785395 -0.002333 -0.973080 427.561 0 0
1500.0 19.303868 -40.183256 17.786700 -0.623566 -0.668731 427.101 0 0
1500.0 76.887612 21.083105 18.213565 0.410256 0.330918 427.268 0 0
1500.0 20.683796 -19.605402 17.849161 -0.601435 -0.235661 427.336 0 0
1500.0 75.599352 -40.661890 17.952685 0.244690 -0.676179 427.557 0 0
1500.0 126.421201 43.530667 17.859916 1.125711 0.627662 427.553 0 0
1500.0 14.121405 -35.560149 17.975307 -0.822267 -0.583825 427.629 0 0
1500.0 69.702852 13.487115 18.124005 0.257551 0.195260 428.083 0 0
1500.0 64.387787 -2.891537 17.811353 0.146984 -0.065111 428.180 0 0
1500.0 63.096712 -35.157091 17.938837 0.064785 -0.547747 428.706 0 0
1500.0 63.868194 -40.538441 17.836730 0.050678 -0.621845 428.386 0 0
1500.0 47.559706 -66.800590 17.807743 -0.117093 -1.031007 428.455 0 0
1500.0 -7.017412 6.628961 17.784959 -1.006744 0.034861 427.938 0 0
1500.0 -8.426236 22.060227 17.786174 -1.014031 0.260549 428.844 0 0
1500.0 8.896799 -10.305936 17.847181 -0.769001 -0.094980 428.141 0 0
1500.0 106.121225 12.004278 18.057259 0.821400 0.157498 428.344 0 0
1500.0 75.201908 -44.256836 18.033080 0.323767 -0.727688 428.368 0 0
1500.0 96.693320 -33.234296 18.031547 0.642987 -0.560398 428.636 0 0
1500.0 103.937056 24.230971 17.833620 0.760425 0.402752 428.180 0 0
1500.0 109.643023 -21.917249 17.790085 0.820837 -0.397886 427.808 0 0
1500.0 130.442562 -3.844530 17.873056 1.175875 -0.063633 428.376 0 0
1500.0 90.355952 3.484254 18.075791 0.596846 0.063301 428.727 0 0
1500.0 67.655815 33.759405 17.889275 0.145608 0.590228 428.047 0 0
1500.0 73.798759 21.237739 18.078236 0.286304 0.396420 428.792 0 0
1500.0 75.216144 -5.515201 17.981369 0.343030 -0.035865 428.202 0 0
1500.0 82.843823 1.477472 17.982324 0.394616 -0.053599 428.322 0 0
1500.0 81.384268 36.807700 17.872914 0.295677 0.596680 428.621 0 0
1500.0 92.071673 10.104048 17.963625 0.600299 0.112459 428.812 0 0
1500.0 80.314163 5.064873 18.015879 0.441070 0.068632 428.820 0 0
1500.0 117.726428 -122.680770 17.870259 1.032386 -1.951673 428.069 0 0
1500.0 9.139352 -2.063538 18.072823 -0.819896 0.028924 427.946 0 0
1500.0 80.639266 -53.658169 18.124304 0.417385 -0.949263 428.633 0 0
1500.0 35.724767 -29.113387 18.088454 -0.367697 -0.556294 428.159 0 0
1500.0 79.156290 -3.669553 18.009665 0.291160 -0.107173 427.840 0 0
1500.0 42.658509 29.886133 18.257837 -0.296219 0.487036 427.893 0 0
1500.0 29.440975 18.062049 18.106675 -0.514314 0.362414 428.149 0 0
1500.0 41.269520 -14.031898 18.117290 -0.315069 -0.301648 428.587 0 0
1500.0 141.640446 -9.157931 18.845281 1.780688 -0.167972 428.176 0 0
1500.0 3.210551 6.840063 17.907322 -0.853738 0.168437 430.968 0 0
1500.0 116.525264 -14.715400 18.066164 0.964451 -0.205505 430.601 0 0
1500.0 52.963450 -35.545723 18.222142 -0.089887 -0.569930 430.647 0 0
1500.0 55.905960 9.801245 18.185769 0.008066 0.197813 428.991 0 0
1500.0 68.797100 -11.938150 18.415677 0.180697 -0.216555 429.897 0 0
1500.0 67.284428 2.079937 18.257350 0.240609 0.024447 429.560 0 0
1500.0 78.307587 26.133817 17.948615 0.295833 0.426094 429.023 0 0
1500.0 91.879786 14.074820 17.902878 0.508597 0.254196 429.436 0 0
1500.0 36.122613 -7.474087 18.060084 -0.338591 -0.093342 430.718 0 0
1500.0 67.990132 -28.116068 17.946472 0.207694 -0.424490 430.592 0 0
1500.0 69.238394 -74.426744 17.806276 0.196977 -1.115876 428.950 0 0
1500.0 42.577016 -43.991578 17.833458 -0.182642 -0.676456 430.944 0 0
1500.0 78.184021 46.269224 17.813889 0.345259 0.705832 430.004 0 0
1500.0 9.265027 -41.219259 17.795874 -0.737397 -0.651492 430.450 0 0
1500.0 79.061263 47.331108 17.856293 0.261794 0.733134 430.568 0 0
1500.0 46.439010 -64.649978 17.869244 -0.145968 -0.995858 430.761 0 0
1500.0 111.687837 39.338791 17.934990 0.835930 0.631650 430.022 0 0
1500.0 110.335875 -23.165323 18.054431 0.875288 -0.363194 429.030 0 0
1500.0 1.898481 -34.912787 17.815279 -0.880712 -0.557874 430.206 0 0
1500.0 2.411899 -31.948122 17.814641 -0.879519 -0.518094 429.715 0 0
1500.0 32.181233 -56.241169 17.814851 -0.442191 -0.882866 429.286 0 0
1500.0 -3.327729 -24.118403 17.815055 -0.958978 -0.400080 430.096 0 0
1500.0 118.068154 -18.075750 17.999031 0.975215 -0.283209 430.624 0 0
1500.0 90.151390 48.397796 17.880869 0.478614 0.796796 429.415 0 0
1500.0 49.179266 55.195754 17.971892 -0.122933 0.895747 429.713 0 0
1500.0 70.430002 -62.717130 17.967986 0.197109 -0.994567 430.935 0 0
1500.0 70.441821 -56.215914 17.969442 0.199653 -0.909864 430.127 0 0
1500.0 -6.738165 -0.936971 17.863988 -1.015389 0.020878 430.672 0 0
1500.0 22.855020 48.749624 17.864861 -0.583390 0.761937 430.060 0 0
1500.0 110.688519 -24.796625 17.847966 0.807470 -0.445744 429.866 0 0
1500.0 21.095731 38.002594 17.827499 -0.579295 0.645441 429.462 0 0
1500.0 93.370632 -44.172290 17.825091 0.599688 -0.694880 429.894 0 0
1500.0 58.228581 16.398455 18.440528 0.015364 0.272814 430.493 0 0
1500.0 78.024454 -19.208515 18.062847 0.347304 -0.367132 429.547 0 0
1500.0 108.720939 9.679833 17.892521 0.825308 0.201843 430.061 0 0
1500.0 61.098781 -27.037035 18.225106 0.032649 -0.443707 430.378 0 0
1500.0 59.936578 -0.819359 18.274451 0.013066 -0.009021 430.610 0 0
1500.0 58.346980 26.863432 17.837282 -0.060072 0.455938 429.098 0 0
1500.0 26.589130 47.099790 17.823615 -0.537297 0.749759 430.729 0 0
1500.0 64.980150 29.593639 17.836415 0.042385 0.497563 429.171 0 0
1500.0 13.652559 20.567125 17.827176 -0.752389 0.300795 429.947 0 0
1500.0 52.442454 -36.119940 17.805472 -0.076990 -0.627867 429.980 0 0
1500.0 96.200163 -6.856428 18.172424 0.677238 -0.151747 431.132 0 0
1500.0 33.749763 -28.383730 18.053797 -0.412654 -0.448966 430.507 0 0
1500.0 11.152484 29.038075 17.906665 -0.732735 0.502612 431.073 0 0
1500.0 102.455659 -16.195393 17.832776 0.736101 -0.296679 430.354 0 0
1500.0 100.482523 -8.375856 18.020865 0.723033 -0.177793 431.074 0 0
1500.0 90.702999 20.292835 17.955910 0.591213 0.298394 430.599 0 0
1500.0 85.535294 23.345895 18.088918 0.419696 0.425119 430.443 0 0
1500.0 64.935828 39.519837 17.973695 0.089116 0.670357 430.895 0 0
1500.0 85.005668 1.384953 17.927607 0.498541 -0.009484 430.325 0 0
1500.0 63.427161 34.355022 17.934496 0.054691 0.590656 430.673 0 0
1500.0 85.958539 31.685536 17.899854 0.459168 0.557200 430.857 0 0
1500.0 83.969606 2.093150 18.004789 0.488738 0.068799 431.100 0 0
1500.0 109.394196 10.174127 17.969775 0.868833 0.108372 431.103 0 0
1500.0 39.467162 -18.419370 17.813071 -0.351180 -0.337838 430.687 0 0
1500.0 23.672259 36.382494 17.854705 -0.509006 0.640191 430.703 0 0
1500.0 -51.242279 -26.924417 17.912930 -1.801664 -0.395308 429.625 0 0
1500.0 71.230335 8.503116 17.831175 0.271322 0.092559 430.767 0 0
1500.0 102.705962 -63.212440 18.041669 0.794791 -1.093611 429.672 0 0
1500.0 73.339663 26.948436 18.558891 0.306406 0.591883 428.999 0 0
1500.0 80.671992 -61.364821 18.005379 0.379035 -0.980755 431.169 0 0
1500.0 111.117933 -33.718173 18.054389 0.866534 -0.538239 432.120 0 0
1500.0 75.184470 -0.180946 18.953859 0.391757 0.050803 432.795 0 0
1500.0 61.733822 16.407163 17.891143 0.101263 0.278377 432.263 0 0
1500.0 67.704173 4.344520 18.054733 0.224733 0.065024 433.063 0 0
1500.0 59.093677 -46.292553 17.821945 0.051334 -0.706566 431.305 0 0
1500.0 70.066271 11.941046 17.835203 0.223396 0.209310 431.792 0 0
1500.0 1.120763 -31.434955 17.806713 -0.824969 -0.520002 431.739 0 0
1500.0 -7.578345 -7.166298 17.823098 -0.997351 -0.147288 431.741 0 0
1500.0 -8.487936 -12.559521 17.864528 -1.032254 -0.149555 431.261 0 0
1500.0 94.070470 -51.762324 17.833696 0.581461 -0.770706 433.186 0 0
1500.0 77.671408 -63.198172 17.830121 0.349202 -0.940337 432.734 0 0
1500.0 45.740310 -66.488376 17.872859 -0.218438 -1.025270 432.154 0 0
1500.0 147.710043 -0.053911 17.874600 1.416768 -0.003468 431.213 0 0
1500.0 27.642463 -50.391954 17.948668 -0.474275 -0.816555 431.333 0 0
1500.0 0.825942 -25.675604 17.796932 -0.836506 -0.452166 432.297 0 0
1500.0 92.245457 48.860168 17.986375 0.596792 0.760963 431.936 0 0
1500.0 99.265482 -44.209365 17.826138 0.675438 -0.711100 431.522 0 0
1500.0 78.499375 -70.317546 17.887670 0.297686 -1.106799 432.807 0 0
1500.0 99.059001 44.269484 17.846597 0.649184 0.731839 431.937 0 0
1500.0 78.724130 -24.352234 18.125261 0.380913 -0.440599 431.293 0 0
1500.0 0.469516 30.623777 17.847876 -0.869185 0.533057 432.267 0 0
1500.0 73.476208 -17.129235 18.491034 0.277438 -0.319673 432.414 0 0
1500.0 102.440636 10.543287 17.995436 0.762609 0.196079 431.947 0 0
1500.0 -22.577903 37.278738 17.877968 -1.290823 0.594661 431.782 0 0
1500.0 44.878694 -10.764046 18.114693 -0.240536 -0.153443 431.285 0 0
1500.0 62.075315 1.886936 18.116709 0.023420 0.040791 431.147 0 0
1500.0 30.316064 -88.037366 17.852582 -0.437030 -1.404033 432.348 0 0
1500.0 15.018380 28.405626 17.801971 -0.720566 0.384893 431.674 0 0
1500.0 76.296584 21.876642 18.200354 0.364951 0.397763 432.299 0 0
1500.0 110.559636 -4.493711 17.966754 0.866740 -0.014459 432.644 0 0
1500.0 76.575320 -17.250826 18.652329 0.352433 -0.332291 431.323 0 0
1500.0 107.312809 102.834469 17.893380 0.822275 1.642977 431.667 0 0
1500.0 78.135491 45.751357 17.863146 0.349278 0.762484 432.576 0 0
1500.0 78.234323 53.486320 17.875818 0.342584 0.877796 433.223 0 0
1500.0 72.442970 12.921096 17.895786 0.262533 0.272335 431.333 0 0
1500.0 96.855981 5.191450 18.091388 0.639321 0.154314 432.815 0 0
1500.0 73.105252 38.079132 18.089456 0.276470 0.654158 432.979 0 0
1500.0 41.553652 -6.479967 17.840457 -0.325680 -0.061219 431.248 0 0
1500.0 55.497535 40.612987 17.830892 -0.106435 0.668021 431.946 0 0
1500.0 66.882732 9.301010 17.861298 0.064225 0.164309 431.343 0 0
1500.0 57.441236 -55.430246 17.802265 0.022814 -0.913032 433.100 0 0
1500.0 86.761053 -38.205860 17.807253 0.473994 -0.655911 432.544 0 0
1500.0 80.025338 -32.410182 17.812542 0.373097 -0.570908 432.072 0 0
1500.0 30.134088 7.340575 18.055561 -0.457013 0.060214 432.548 0 0
1500.0 66.179726 4.154664 17.904257 0.069705 0.108112 431.680 0 0
1500.0 87.047756 -10.626543 18.010980 0.546235 -0.130922 431.497 0 0
1500.0 78.554702 -11.741837 18.081619 0.425073 -0.164609 432.710 0 0
1500.0 119.509909 -9.852598 18.537578 1.140522 -0.147147 431.301 0 0
1500.0 64.800172 -1.297726 17.861338 0.180982 0.007377 432.026 0 0
1500.0 -14.750642 56.885419 17.851637 -1.195017 0.966907 431.434 0 0
1500.0 70.963281 31.643912 17.909354 0.145076 0.533224 432.860 0 0
1500.0 72.962194 27.102740 17.860478 0.301983 0.459954 433.287 0 0
1500.0 78.196916 27.215441 17.980198 0.287190 0.491637 432.600 0 0
1500.0 130.876067 16.455611 18.014495 1.243301 0.324045 431.419 0 0
1500.0 107.658701 20.508858 17.992989 0.806009 0.413287 431.632 0 0
1500.0 75.721313 43.142361 18.002536 0.261809 0.775639 431.595 0 0
1500.0 83.882361 -58.110380 18.189474 0.530174 -1.038425 431.655 0 0
1500.0 124.105357 13.181167 18.345473 1.244968 0.191589 432.772 0 0
1500.0 58.902232 19.728495 18.090416 -0.036758 0.397585 432.836 0 0
1500.0 57.893740 45.712426 17.944996 -0.018673 0.697632 434.366 0 0
1500.0 95.611279 0.296794 18.087750 0.612304 -0.015725 434.082 0 0
1500.0 88.688551 -6.667225 18.091230 0.515640 -0.111042 434.304 0 0
1500.0 91.899099 -15.126412 18.088057 0.561160 -0.227512 434.102 0 0
1500.0 92.314644 20.437801 17.864492 0.539891 0.318800 433.753 0 0
1500.0 15.588054 29.106721 17.888652 -0.649852 0.440638 434.384 0 0
1500.0 97.064305 39.810915 17.815979 0.612934 0.597000 434.324 0 0
1500.0 27.139937 -57.607846 17.832945 -0.478045 -0.900880 434.522 0 0
1500.0 -1.538725 -29.838689 17.898835 -0.928152 -0.479201 433.546 0 0
1500.0 -1.277104 -27.266257 17.792113 -0.940163 -0.453768 433.765 0 0
1500.0 120.657803 5.658353 17.942747 1.017762 0.102534 434.025 0 0
1500.0 100.992904 -49.261180 17.805173 0.700713 -0.771087 434.053 0 0
1500.0 30.889882 58.890797 17.919577 -0.420845 0.941460 434.285 0 0
1500.0 118.539299 4.750747 17.857466 0.951769 0.136275 433.458 0 0
1500.0 -1.159530 4.256591 17.930781 -0.942145 0.024999 433.413 0 0
1500.0 0.430161 14.659760 17.835910 -0.942373 0.239496 433.679 0 0
1500.0 101.972864 -37.356686 17.800632 0.699577 -0.635222 433.324 0 0
1500.0 0.746492 -27.697111 17.911775 -0.906243 -0.455450 434.517 0 0
1500.0 27.052732 -44.644260 17.917106 -0.517726 -0.725616 433.617 0 0
1500.0 24.862838 -50.348520 17.912874 -0.546059 -0.804988 434.211 0 0
1500.0 65.223524 55.082737 17.895381 0.079279 0.901635 433.708 0 0
1500.0 40.712665 48.658926 17.897842 -0.318813 0.784832 433.853 0 0
1500.0 95.993665 23.071063 18.057196 0.681526 0.332453 434.304 0 0
1500.0 92.080784 9.662082 17.995696 0.567605 0.222199 433.749 0 0
1500.0 42.155575 31.995199 17.913763 -0.312073 0.481897 434.005 0 0
1500.0 83.087698 5.972900 17.832626 0.466547 0.105068 433.975 0 0
1500.0 60.987225 4.858061 17.862111 0.054707 0.154227 433.878 0 0
1500.0 17.046786 -8.249354 17.949854 -0.696446 -0.180398 433.402 0 0
1500.0 111.609614 -10.546189 17.975354 0.973384 -0.152766 433.827 0 0
1500.0 89.424198 -12.027425 17.980828 0.510001 -0.134212 434.893 0 0
1500.0 52.759370 36.169320 17.858373 -0.093340 0.569070 435.131 0 0
1500.0 45.457398 -64.487961 17.795017 -0.241317 -0.986634 435.121 0 0
1500.0 106.037306 -44.515247 17.795230 0.746345 -0.729360 434.647 0 0
1500.0 20.713808 -56.732501 17.795001 -0.522952 -0.907953 434.901 0 0
1500.0 -6.624009 -10.214819 17.875265 -1.020520 -0.111338 434.710 0 0
1500.0 44.185438 63.198339 17.875607 -0.262254 0.986328 434.608 0 0
1500.0 3.594809 33.393479 17.875467 -0.868735 0.540297 434.648 0 0
1500.0 22.744318 -54.022499 17.909889 -0.572269 -0.851836 434.870 0 0
1500.0 86.664029 54.751697 17.944534 0.509731 0.856609 434.958 0 0
1500.0 3.472563 25.688210 17.891331 -0.875730 0.428644 434.709 0 0
1500.0 108.685332 23.313873 17.846001 0.848248 0.362441 434.924 0 0
1500.0 30.529948 28.565016 17.850436 -0.417355 0.519189 434.691 0 0
1500.0 81.033911 26.478635 17.933112 0.387558 0.483282 434.996 0 0
1500.0 68.022001 24.193927 17.882441 0.216918 0.430200 434.899 0 0
1500.0 36.685537 -2.185189 17.873827 -0.341598 0.043069 434.990 0 0
1500.0 25.867287 45.500169 17.881594 -0.586339 0.695513 434.901 0 0
1500.0 139.466101 -31.431798 18.258910 1.442533 -0.542584 434.964 0 0
1500.0 64.039378 30.570843 17.861494 0.063336 0.489870 435.330 0 0
1500.0 -4.944596 0.154651 17.922111 -0.998011 0.034420 435.354 0 0
1500.0 74.896534 20.991810 18.051028 0.341518 0.378419 435.335 0 0
1500.0 87.760711 -1.261390 17.885415 0.501373 0.048986 435.334 0 0
1500.0 28.022577 48.938043 17.906706 -0.472032 0.738595 436.168 0 0
1500.0 114.244515 25.409438 17.947503 0.890798 0.382146 436.425 0 0
1500.0 101.026971 3.083276 18.014505 0.675555 0.002222 436.684 0 0
1500.0 73.580768 13.335684 19.355525 0.409412 0.219845 440.838 0 0
1500.0 78.863544 30.136799 17.920063 0.345015 0.469806 435.797 0 0
1500.0 47.041807 31.722703 18.002447 -0.170201 0.495602 436.362 0 0
1500.0 43.247437 39.664910 17.848334 -0.265754 0.592137 435.833 0 0
1500.0 59.014851 15.119951 18.022782 0.094894 0.239600 437.461 0 0
1500.0 67.782074 -45.827441 17.848377 0.191277 -0.689957 435.913 0 0
1500.0 74.149122 4.745070 17.983466 0.271850 0.126532 438.410 0 0
1500.0 74.888401 28.426473 17.977460 0.283720 0.456723 437.990 0 0
1500.0 21.512493 7.586529 17.816984 -0.569730 0.060388 437.550 0 0
1500.0 46.634289 -48.137005 17.809358 -0.218452 -0.729475 436.924 0 0
1500.0 30.585116 -18.657995 17.818133 -0.441640 -0.308224 437.636 0 0
1500.0 101.584172 -1.076609 17.961341 0.694208 0.002405 437.942 0 0
1500.0 120.291577 -16.935774 17.808222 0.965263 -0.283709 435.619 0 0
1500.0 88.775682 -10.255994 17.830457 0.490001 -0.180295 438.034 0 0
1500.0 73.602639 15.307286 17.884585 0.289688 0.229654 438.674 0 0
1500.0 87.382783 56.984564 17.873716 0.460834 0.891875 436.101 0 0
1500.0 45.046310 19.297228 17.929328 -0.180633 0.337761 438.887 0 0
1500.0 3.348080 31.039701 17.835825 -0.860454 0.466548 436.588 0 0
1500.0 75.642348 -28.524729 17.817890 0.277484 -0.464349 438.515 0 0
1500.0 93.709482 -47.925038 17.801648 0.544583 -0.755090 436.876 0 0
1500.0 41.567694 -31.661681 17.931935 -0.277755 -0.482612 438.965 0 0
1500.0 97.844304 -30.984537 17.893776 0.610666 -0.496407 438.309 0 0
1500.0 52.057231 -11.849553 17.937609 -0.126388 -0.208443 439.652 0 0
1500.0 61.877196 -11.922524 18.126976 0.145618 -0.225113 436.770 0 0
1500.0 54.433165 66.691864 17.887599 -0.081963 1.044484 435.817 0 0
1500.0 123.861804 -3.797011 17.942091 1.039673 -0.019250 436.682 0 0
1500.0 112.515638 38.404246 17.879853 0.884526 0.562449 436.034 0 0
1500.0 43.326390 -49.432183 17.932817 -0.239591 -0.755863 438.937 0 0
1500.0 39.338005 54.047140 17.803323 -0.325683 0.823518 438.491 0 0
1500.0 122.798836 5.424784 17.840048 1.009356 0.115332 437.573 0 0
1500.0 109.366711 -42.815328 17.839967 0.826555 -0.618901 437.474 0 0
1500.0 28.198189 -38.158276 17.837272 -0.488250 -0.571000 439.583 0 0
1500.0 111.254641 -40.965095 17.876645 0.862123 -0.591804 437.938 0 0
1500.0 89.329455 48.064878 17.838154 0.483259 0.805314 435.948 0 0
1500.0 62.702532 63.897847 17.834588 0.075710 1.001770 438.835 0 0
1500.0 48.629611 38.834672 17.851717 -0.125134 0.618334 440.939 0 0
1500.0 42.431988 12.108129 17.860019 -0.210680 0.239000 441.583 0 0
1500.0 106.764065 12.043886 17.831249 0.804377 0.235729 435.509 0 0
1500.0 83.047069 57.850274 17.822047 0.431735 0.918848 436.871 0 0
1500.0 42.520010 44.559412 17.872801 -0.177765 0.738393 435.653 0 0
1500.0 51.350845 -10.429455 17.873306 -0.151338 -0.179334 442.349 0 0
1500.0 78.582981 -40.277632 17.981812 0.394280 -0.667226 435.939 0 0
1500.0 77.229085 11.929877 18.098070 0.355870 0.200819 443.109 0 0
1500.0 106.095903 -24.274253 18.091786 0.785385 -0.434579 437.391 0 0
1500.0 89.318546 47.262253 17.856138 0.439859 0.746395 440.915 0 0
1500.0 46.488175 3.856248 17.875929 -0.168337 0.122757 442.647 0 0
1500.0 10.940561 46.174685 17.846867 -0.708842 0.761005 438.143 0 0
1500.0 89.852530 -53.163494 17.944260 0.546336 -0.845226 437.944 0 0
1500.0 1.641275 -28.955986 17.858956 -0.882474 -0.433814 440.114 0 0
1500.0 -0.406715 11.769431 17.862438 -0.904839 0.154377 440.669 0 0
1500.0 -10.068600 -15.973350 17.808616 -1.069584 -0.233292 439.507 0 0
1500.0 83.503427 12.495719 18.189550 0.396312 0.256626 436.054 0 0
1500.0 68.575057 40.346419 18.217126 0.153167 0.659820 437.223 0 0
1500.0 120.422836 0.838763 17.842891 1.002652 -0.030331 437.720 0 0
1500.0 114.059431 -5.299199 17.847113 0.916614 -0.123936 437.020 0 0
1500.0 66.292437 14.190049 17.976416 0.126821 0.295663 435.637 0 0
1500.0 28.194357 -43.606990 17.820984 -0.425600 -0.737472 436.916 0 0
1500.0 107.134878 -37.240798 17.813487 0.771732 -0.629763 437.968 0 0
1500.0 65.760889 49.054742 18.055154 0.090029 0.794263 437.558 0 0
1500.0 57.556036 19.325784 18.069436 -0.035095 0.348989 436.438 0 0
1500.0 79.072231 17.561908 18.067554 0.296535 0.321132 436.564 0 0
1500.0 -3.223211 -2.523261 17.803203 -0.994817 -0.070679 437.967 0 0
1500.0 -4.874207 1.064035 17.802140 -1.015997 -0.016495 438.211 0 0
1500.0 46.250630 -20.522038 17.931003 -0.246889 -0.299868 436.224 0 0
1500.0 21.599903 45.451947 17.910814 -0.612940 0.706241 438.043 0 0
1500.0 1.248507 15.926125 17.909791 -0.918682 0.259077 438.192 0 0
1500.0 99.467656 19.293789 17.984647 0.714179 0.338795 437.544 0 0
1500.0 30.659821 85.395103 17.812435 -0.380481 1.280048 442.631 0 0
1500.0 83.371362 -53.188156 17.816255 0.460190 -0.810572 438.043 0 0
1500.0 68.528915 -14.019989 17.838303 0.167470 -0.262818 443.775 0 0
1500.0 41.247428 -38.011559 17.937577 -0.205779 -0.656562 436.621 0 0
1500.0 121.414028 -11.191713 17.905021 1.025062 -0.176383 439.800 0 0
1500.0 111.557305 -17.532413 17.913379 0.845447 -0.260198 442.459 0 0
1500.0 119.131086 -21.400116 17.904871 0.989947 -0.327444 439.884 0 0
1500.0 123.081838 -7.943984 17.904597 1.039671 -0.126956 440.457 0 0
1500.0 49.217255 14.794565 17.912490 -0.180235 0.230610 444.163 0 0
1500.0 61.163570 57.419561 17.892294 -0.014937 0.899214 438.227 0 0
1500.0 20.049283 31.852205 17.895939 -0.643721 0.513795 437.824 0 0
1500.0 121.590968 17.195849 17.998331 1.090125 0.240773 436.131 0 0
1500.0 55.123824 -15.827741 18.229804 -0.039561 -0.302493 437.788 0 0
1500.0 121.613512 18.433359 17.802139 1.014771 0.253561 439.707 0 0
1500.0 103.748670 24.803360 18.167656 0.801773 0.391570 439.326 0 0
1500.0 98.793107 14.732452 18.173118 0.733933 0.242907 438.748 0 0
1500.0 103.806266 -0.429870 17.976495 0.782478 0.034301 438.162 0 0
1500.0 99.976677 39.648205 17.970703 0.676373 0.603483 442.778 0 0
1500.0 95.775246 29.302445 17.977559 0.609744 0.450997 443.552 0 0
1500.0 121.788092 -20.281178 18.080722 1.047748 -0.328924 440.139 0 0
1500.0 85.172759 -12.725518 18.206166 0.502959 -0.258392 438.509 0 0
1500.0 38.975060 -63.625640 17.926834 -0.301497 -0.989888 441.534 0 0
1500.0 58.791211 -11.767109 17.954929 -0.013533 -0.250020 437.144 0 0
1500.0 121.608063 22.919704 17.856338 0.961105 0.412718 440.457 0 0
1500.0 88.575537 54.708474 17.858232 0.476608 0.894012 439.707 0 0
1500.0 105.294176 46.981203 17.901017 0.779436 0.700865 440.956 0 0
1500.0 83.305139 -36.769602 17.867888 0.340283 -0.622423 437.921 0 0
1500.0 62.012380 -17.810472 17.879466 0.010687 -0.298703 444.701 0 0
1500.0 53.493002 -66.825494 17.851230 -0.114728 -1.041662 440.686 0 0
1500.0 -9.404068 1.625005 17.851280 -1.046713 -0.028926 440.597 0 0
1500.0 50.857419 0.468990 18.231374 -0.113226 -0.046125 438.245 0 0
1500.0 30.585068 -12.232419 18.088559 -0.454433 -0.226433 438.623 0 0
1500.0 123.172463 4.347620 17.896727 1.033758 0.073704 442.229 0 0
1500.0 78.445864 -12.820618 18.020874 0.367449 -0.269967 438.546 0 0
1500.0 65.124465 53.506384 17.859610 0.044595 0.853220 439.242 0 0
1500.0 32.202465 20.942718 17.870338 -0.465409 0.360625 438.297 0 0
1500.0 81.803808 60.128400 17.866409 0.368251 0.969304 441.030 0 0
1500.0 103.851642 -17.698407 17.914954 0.764830 -0.324139 439.383 0 0
1500.0 33.462863 -16.309213 18.122678 -0.414863 -0.259173 439.206 0 0
1500.0 117.555780 -26.480793 17.958395 0.967542 -0.400429 442.100 0 0
1500.0 45.255621 64.085967 17.825582 -0.237030 1.012755 441.544 0 0
1500.0 87.413724 59.633848 17.901411 0.501269 0.917122 442.680 0 0
1500.0 21.798671 -11.116392 17.837175 -0.575538 -0.186634 445.380 0 0
1500.0 33.698199 61.861358 17.906224 -0.373212 0.972830 442.866 0 0
1500.0 57.532889 54.033940 17.917112 -0.023698 0.833714 444.880 0 0
1500.0 94.638245 53.566847 17.902108 0.614902 0.834011 442.202 0 0
1500.0 71.041238 -34.506390 17.907618 0.247916 -0.600044 439.545 0 0
1500.0 83.413548 60.603790 17.905968 0.425782 0.941715 443.332 0 0
1500.0 132.952670 21.866746 17.819175 1.115735 0.386356 443.789 0 0
1500.0 101.590629 -52.099514 17.839034 0.750557 -0.807214 439.829 0 0
1500.0 117.678175 5.865043 18.147620 0.993324 0.101889 443.051 0 0
1500.0 72.978319 12.717873 18.272915 0.254611 0.263419 440.733 0 0
1500.0 55.526760 11.493962 18.274938 -0.011602 0.245246 440.600 0 0
1500.0 52.424804 26.928728 17.872296 -0.085277 0.491572 440.258 0 0
1500.0 82.423183 16.184503 17.872315 0.376680 0.326128 440.256 0 0
1500.0 32.138960 50.065894 17.856777 -0.380612 0.811512 443.166 0 0
1500.0 -4.824055 -4.324574 17.813755 -1.013707 -0.094863 441.917 0 0
1500.0 66.604462 59.408373 17.893697 0.155161 0.967591 441.788 0 0
1500.0 100.056557 -10.527608 18.068831 0.690005 -0.163056 446.469 0 0
1500.0 29.514245 -27.461696 17.993332 -0.490487 -0.398485 440.504 0 0
1500.0 53.275344 -23.058863 18.000893 -0.126275 -0.333561 439.966 0 0
1500.0 78.708155 37.259387 17.864449 0.296964 0.596835 446.271 0 0
1500.0 0.327972 -9.249746 17.921273 -0.904771 -0.201178 441.618 0 0
1500.0 66.038224 -27.272221 17.938423 0.091608 -0.485488 440.034 0 0
1500.0 44.728847 -43.323566 17.931484 -0.217075 -0.667741 446.465 0 0
1500.0 27.663626 19.370673 17.878488 -0.428341 0.342120 446.790 0 0
1500.0 62.532597 -60.545777 17.830053 0.015301 -0.969460 441.709 0 0
1500.0 184.817247 -27.139050 17.806063 1.926548 -0.465073 442.904 0 0
1500.0 108.156256 12.310265 17.839720 0.810675 0.268749 439.441 0 0
1500.0 80.408685 -20.402683 18.571352 0.451707 -0.309080 449.722 0 0
1500.0 76.770878 43.119435 17.822601 0.352052 0.705045 441.080 0 0
1500.0 62.631809 -10.655336 18.159748 0.147937 -0.234508 440.683 0 0
1500.0 46.455165 32.933659 17.950669 -0.163051 0.585181 441.041 0 0
1500.0 71.350707 61.629268 17.934070 0.206458 0.960223 445.607 0 0
1500.0 92.142167 21.927807 17.948048 0.540022 0.414084 441.247 0 0
1500.0 69.698180 57.880637 17.861899 0.250513 0.908756 442.501 0 0
1500.0 38.853724 -38.863064 18.000281 -0.348268 -0.596926 441.920 0 0
1500.0 80.775713 11.868649 18.039753 0.454296 0.187056 441.584 0 0
1500.0 52.321531 -30.792464 18.014917 -0.136322 -0.502749 441.629 0 0
1500.0 67.896759 64.660713 17.822280 0.094482 0.993781 445.572 0 0
1500.0 98.635531 17.078366 18.176598 0.654637 0.289118 448.649 0 0
1500.0 31.421010 -39.022507 17.854551 -0.363427 -0.622792 447.458 0 0
1500.0 51.923399 -20.043828 17.864670 -0.080387 -0.389951 440.935 0 0
1500.0 36.193669 -49.768315 17.941999 -0.305905 -0.810447 444.513 0 0
1500.0 96.347031 -14.326620 17.950516 0.598949 -0.293183 442.854 0 0
1500.0 52.070022 -49.366900 17.945727 -0.069001 -0.782210 446.440 0 0
1500.0 55.697940 -31.327914 17.955555 -0.016503 -0.513350 447.701 0 0
1500.0 53.187454 -16.705376 18.100464 -0.056538 -0.332797 441.979 0 0
1500.0 77.575374 -41.896571 18.086961 0.314382 -0.709757 443.020 0 0
1500.0 56.117603 -31.654550 18.089582 -0.052541 -0.479358 449.297 0 0
1500.0 65.309126 -25.403494 18.091612 0.074749 -0.391843 449.451 0 0
1500.0 53.764158 -8.467111 18.094905 -0.094929 -0.175918 441.886 0 0
1500.0 34.004300 -21.803600 18.093242 -0.453562 -0.442145 435.549 0 0
1500.0 77.455694 -15.462584 18.539763 0.398912 -0.304934 444.051 0 0
1500.0 64.492994 2.412117 18.065200 0.064994 -0.008269 440.483 0 0
1500.0 116.088391 -50.148372 17.896064 1.010655 -0.821363 439.772 0 0
1500.0 154.879273 -49.949535 17.894725 1.612595 -0.753680 440.319 0 0
1500.0 62.911718 -24.034808 17.946704 0.128791 -0.385461 449.176 0 0
1500.0 80.058551 -25.329943 17.940831 0.386967 -0.376777 448.898 0 0
1500.0 93.410910 -13.605837 17.887334 0.524692 -0.258244 448.634 0 0
1500.0 30.340271 40.204658 18.208014 -0.464520 0.693531 439.953 0 0
1500.0 115.443235 -28.688960 17.792361 0.913465 -0.478329 444.550 0 0
1500.0 8.359683 35.207030 17.935541 -0.807445 0.517014 444.240 0 0
1500.0 3.343882 2.368576 17.939100 -0.889434 0.022613 443.759 0 0
1500.0 62.493107 -31.576336 17.872338 0.080747 -0.568599 442.336 0 0
1500.0 102.496198 5.412883 17.861625 0.666963 0.133752 449.350 0 0
1500.0 71.105887 -25.971071 17.853810 0.134018 -0.436993 442.309 0 0
1500.0 106.174278 2.393134 17.821906 0.748527 0.113671 443.089 0 0
1500.0 99.281231 30.381474 18.081244 0.729547 0.472629 444.635 0 0
1500.0 -7.705638 28.815332 17.884066 -1.114157 0.467439 441.559 0 0
1500.0 55.527059 -37.524895 18.008973 -0.092447 -0.580149 443.456 0 0
1500.0 107.004315 40.721345 17.933794 0.769747 0.643607 447.725 0 0
1500.0 139.334964 -1.569894 17.836222 1.320676 -0.045969 443.923 0 0
1500.0 93.957827 52.822929 17.796246 0.600483 0.830605 445.347 0 0
1500.0 22.280837 101.341444 17.913011 -0.618688 1.720179 440.297 0 0
1500.0 93.107319 28.180606 17.986057 0.634772 0.413737 443.705 0 0
1500.0 30.381542 -70.658973 17.869364 -0.421751 -1.161959 443.993 0 0
1500.0 71.586329 42.687879 18.025748 0.287426 0.703475 444.650 0 0
1500.0 98.601949 5.758235 18.029876 0.641880 0.129082 450.507 0 0
1500.0 89.001351 -9.612287 18.032887 0.557801 -0.094503 444.068 0 0
1500.0 80.427204 -17.026550 18.192708 0.490848 -0.288805 438.389 0 0
1500.0 48.091332 54.924606 17.887685 -0.098555 0.888828 445.536 0 0
1500.0 39.509023 5.087872 18.132046 -0.315172 0.111958 444.302 0 0
1500.0 51.982105 8.135062 17.985850 -0.085995 0.179561 451.454 0 0
1500.0 103.198438 -66.755281 17.904325 0.805835 -1.108120 441.414 0 0
1500.0 38.659257 -63.866974 17.919465 -0.334176 -0.988189 447.087 0 0
1500.0 65.248139 -58.465206 17.925709 0.060705 -0.927728 445.667 0 0
1500.0 139.990921 -32.338285 17.861530 1.248119 -0.503082 449.100 0 0
1500.0 116.248129 -72.896760 17.795293 0.921332 -1.136031 447.016 0 0
1500.0 19.820148 11.123665 17.880999 -0.597330 0.248344 444.652 0 0
1500.0 107.128434 -25.763328 17.938184 0.781747 -0.384916 450.335 0 0
1500.0 119.041711 -18.127369 17.931089 0.966956 -0.280699 449.205 0 0
1500.0 95.056918 9.452892 17.948917 0.600790 0.114827 451.394 0 0
1500.0 122.919388 -4.354089 17.928814 1.043308 -0.082969 447.865 0 0
1500.0 -8.417697 -7.523163 17.839999 -1.040556 -0.061462 447.444 0 0
1500.0 38.021665 -7.341511 17.999728 -0.372288 -0.112395 444.047 0 0
1500.0 94.035916 5.886153 18.303248 0.679606 0.077156 446.750 0 0
1500.0 74.539694 -13.334206 18.043925 0.319353 -0.205736 452.755 0 0
1500.0 115.176656 -19.342589 18.052861 1.005767 -0.260717 442.644 0 0
1500.0 95.749649 -41.446387 18.120684 0.615380 -0.693772 447.525 0 0
1500.0 95.827941 14.005742 18.060915 0.646231 0.279243 446.348 0 0
1500.0 135.078377 16.240324 17.856876 1.196326 0.260960 449.639 0 0
1500.0 95.700427 -71.280092 18.293686 0.775090 -1.334971 436.534 0 0
1500.0 123.755731 -16.504845 17.791975 1.000674 -0.311308 448.980 0 0
1500.0 34.242418 -26.338558 18.015390 -0.352375 -0.423054 453.153 0 0
1500.0 66.091918 16.697643 17.889143 0.171940 0.327185 445.785 0 0
1500.0 7.393987 -33.838563 17.813867 -0.749158 -0.557920 451.079 0 0
1500.0 60.947276 29.945993 17.847481 0.120564 0.491178 445.838 0 0
1500.0 67.133300 64.881989 18.053857 0.190459 1.064351 447.436 0 0
1500.0 92.597969 35.413989 17.969820 0.603812 0.683538 441.087 0 0
1500.0 10.346953 38.833539 17.845960 -0.775273 0.645942 447.899 0 0
1500.0 89.258031 11.417083 18.016730 0.526694 0.165263 453.861 0 0
1500.0 98.635996 48.742755 17.814878 0.658632 0.703910 451.308 0 0
1500.0 111.675053 24.979365 17.817433 0.842622 0.358070 451.692 0 0
1500.0 104.315398 48.510416 17.810206 0.760550 0.719214 449.514 0 0
1500.0 -55.870454 63.854650 18.013489 -1.990269 1.038763 441.617 0 0
1500.0 50.655735 -9.849636 17.993173 -0.147224 -0.213685 446.212 0 0
1500.0 63.129646 7.591074 17.901397 0.061046 0.203237 443.493 0 0
1500.0 46.809700 23.313462 18.116062 -0.264894 0.401584 440.727 0 0
1500.0 50.391514 56.867088 17.855612 -0.186105 0.885166 448.320 0 0
1500.0 -3.565267 -26.865787 17.848141 -0.971512 -0.375543 450.750 0 0
1500.0 94.854711 43.737608 17.995758 0.625608 0.713748 449.487 0 0
1500.0 64.593870 -63.267445 17.821826 0.137397 -1.012747 450.010 0 0
1500.0 44.587671 10.452059 17.921381 -0.182124 0.238944 447.648 0 0
1500.0 87.968454 44.214792 17.901865 0.481972 0.746399 449.273 0 0
1500.0 20.729867 -51.319676 17.844182 -0.524968 -0.813085 452.697 0 0
1500.0 93.036685 13.782294 18.621391 0.695250 0.197852 451.246 0 0
1500.0 78.018282 1.241782 18.630408 0.431839 0.011574 457.780 0 0
1500.0 45.219995 -66.007213 17.869172 -0.147003 -1.034015 451.650 0 0
1500.0 114.468002 -33.302487 17.869272 0.879621 -0.559908 450.899 0 0
1500.0 95.003966 -51.176209 17.870468 0.594753 -0.831118 450.429 0 0
1500.0 97.262743 -0.429243 17.887725 0.649480 -0.074688 448.272 0 0
1500.0 63.561141 56.527258 18.085441 0.088577 0.916979 450.379 0 0
1500.0 91.794995 20.010318 18.097475 0.521380 0.376066 449.182 0 0
1500.0 39.041588 -19.173747 17.836073 -0.366466 -0.262321 447.929 0 0
1500.0 50.372044 63.989105 17.812928 -0.182436 0.997464 450.422 0 0
1500.0 14.467570 8.362760 17.825609 -0.740851 0.165581 448.737 0 0
1500.0 46.564192 64.019560 17.801622 -0.238650 0.950119 452.925 0 0
1500.0 9.174739 44.553191 17.797988 -0.793322 0.677987 451.873 0 0
1500.0 1.569275 -29.666422 17.801529 -0.891800 -0.409474 452.908 0 0
1500.0 -0.411915 16.158025 17.800834 -0.957596 0.265944 450.243 0 0
1500.0 102.902907 26.999811 18.198325 0.834677 0.450479 446.847 0 0
1500.0 89.525843 10.577414 18.409156 0.510995 0.178596 461.857 0 0
1500.0 90.766419 10.512134 17.880391 0.528980 0.119826 455.737 0 0
1500.0 102.417659 -4.597577 17.872258 0.758116 -0.101132 449.587 0 0
1500.0 56.896627 18.465438 18.202984 0.038442 0.321532 457.370 0 0
1500.0 78.331824 -11.353185 18.126563 0.382852 -0.170348 457.022 0 0
1500.0 107.874706 -14.430834 18.109519 0.860029 -0.231433 451.218 0 0
1500.0 102.321751 -6.437444 18.116705 0.722595 -0.103611 456.194 0 0
1500.0 75.069108 25.467281 17.815671 0.325890 0.426108 450.105 0 0
1500.0 92.615197 -37.454767 17.806726 0.578166 -0.521687 451.921 0 0
1500.0 123.506800 -15.827175 18.119489 1.137466 -0.330512 446.137 0 0
1500.0 30.277824 46.355252 17.916978 -0.454061 0.765698 450.982 0 0
1500.0 58.734660 -1.228069 17.939011 -0.022434 0.044145 449.194 0 0
1500.0 36.201036 63.020852 17.908430 -0.352736 0.987057 453.102 0 0
1500.0 35.500655 26.812504 17.928695 -0.381030 0.476741 449.894 0 0
1500.0 25.447464 55.706465 17.911174 -0.502497 0.864823 454.249 0 0
1500.0 114.807283 21.356128 18.254679 0.979725 0.425920 447.080 0 0
1500.0 87.913860 22.951927 17.911571 0.482793 0.367564 456.565 0 0
1500.0 97.698636 -13.582678 17.897356 0.637079 -0.190546 456.473 0 0
1500.0 46.457887 -0.210513 18.214818 -0.203684 -0.012243 450.759 0 0
1500.0 108.029024 -2.094764 17.928643 0.839616 -0.072637 451.416 0 0
1500.0 120.478092 -18.094609 17.814896 0.984811 -0.323025 453.518 0 0
1500.0 26.944499 -47.702370 17.822868 -0.421533 -0.782557 452.038 0 0
1500.0 41.591108 -24.635875 17.838465 -0.202020 -0.439371 450.677 0 0
1500.0 50.039722 -48.805542 17.829409 -0.063969 -0.743497 456.961 0 0
1500.0 103.844021 -47.397628 17.814476 0.725859 -0.749843 454.487 0 0
1500.0 70.369456 -12.480539 17.841541 0.247657 -0.250576 450.472 0 0
1500.0 88.821824 58.691511 18.113565 0.464266 1.043720 445.070 0 0
1500.0 16.288351 8.830507 18.018327 -0.673454 0.183350 452.076 0 0
1500.0 10.321074 11.997046 17.929453 -0.811532 0.267512 448.229 0 0
1500.0 90.394504 14.880051 17.938487 0.469293 0.293396 451.570 0 0
1500.0 39.003867 64.339216 17.884480 -0.327099 0.989053 455.210 0 0
1500.0 -7.879626 -3.423023 17.885080 -1.031387 -0.003785 454.058 0 0
1500.0 119.235307 -25.308777 17.849546 0.974706 -0.329083 453.975 0 0
1500.0 86.776864 45.914692 17.859256 0.467563 0.702131 457.135 0 0
1500.0 82.249055 53.570624 17.853354 0.427182 0.860177 453.160 0 0
1500.0 121.071049 20.765696 17.887833 1.009014 0.276354 454.740 0 0
1500.0 77.247962 1.303940 17.915174 0.339786 -0.010989 458.856 0 0
1500.0 117.832900 -144.100145 17.887372 0.906471 -2.397853 448.457 0 0
1500.0 105.322160 -24.038025 17.809665 0.744155 -0.346256 457.595 0 0
1500.0 91.578558 -55.134919 17.801805 0.556218 -0.802610 456.538 0 0
1500.0 49.867284 9.932459 17.934439 -0.184558 0.109261 450.422 0 0
1500.0 67.920095 -9.622099 17.891243 0.106392 -0.193449 459.600 0 0
1500.0 114.271922 36.604224 17.877617 0.909082 0.521925 455.855 0 0
1500.0 89.439989 55.901242 17.852554 0.518718 0.853625 457.156 0 0
1500.0 4.815455 -41.887681 17.858544 -0.854102 -0.607771 456.022 0 0
1500.0 68.267930 47.810789 17.807375 0.140872 0.810628 453.477 0 0
1500.0 26.245858 6.889049 17.957592 -0.498795 0.084286 459.997 0 0
1500.0 11.667644 16.447402 17.916246 -0.761881 0.291899 453.954 0 0
1500.0 105.736418 43.767048 17.804828 0.761780 0.663988 457.122 0 0
1500.0 111.927775 28.672871 17.808813 0.896779 0.401553 453.061 0 0
1500.0 50.395793 -61.634890 17.923912 -0.084775 -0.996255 455.427 0 0
1500.0 -65.904948 119.210381 17.875682 -1.987520 1.937622 452.477 0 0
1500.0 122.942452 -10.692059 17.889175 1.022372 -0.210032 456.435 0 0
1500.0 27.795504 -62.336028 17.871536 -0.431351 -1.012230 455.480 0 0
1500.0 123.365220 2.718412 17.851069 1.023317 0.009355 457.662 0 0
1500.0 92.117553 -47.947223 17.854654 0.588538 -0.756892 455.207 0 0
1500.0 121.240461 22.418498 17.849628 1.004249 0.300318 456.848 0 0
1500.0 52.824756 -2.409152 17.827056 -0.161561 -0.020563 452.934 0 0
1500.0 -4.131134 -21.246433 17.797143 -1.001088 -0.299937 456.435 0 0
1500.0 -0.190796 9.438342 17.803786 -0.912442 0.151901 458.643 0 0
1500.0 -2.157233 23.753102 17.797335 -0.973581 0.370724 456.306 0 0
1500.0 42.435713 4.945721 18.052944 -0.255013 0.043309 461.572 0 0
1500.0 116.713252 -1.183198 17.894562 0.923807 -0.016592 458.933 0 0
1500.0 88.183247 59.821545 17.809596 0.510610 0.912926 457.139 0 0
1500.0 59.821102 93.369166 17.809835 0.005234 1.502813 454.788 0 0
1500.0 63.340902 -29.625106 18.168514 0.143129 -0.542580 453.073 0 0
1500.0 88.189139 76.613900 17.965676 0.584010 1.287821 449.954 0 0
1500.0 4.969754 20.121954 17.804937 -0.798043 0.356287 458.929 0 0
1500.0 79.848181 -4.813247 17.833942 0.414595 -0.096268 453.754 0 0
1500.0 84.808287 -40.471189 17.820846 0.484264 -0.643107 454.791 0 0
1500.0 14.160853 2.494201 17.847984 -0.683534 0.115539 454.535 0 0
1500.0 76.812594 33.775032 17.878059 0.326851 0.510736 461.219 0 0
1500.0 79.281719 34.308295 18.022693 0.335559 0.548727 461.436 0 0
1500.0 58.107187 38.086855 18.022107 0.042750 0.658046 455.313 0 0
1500.0 74.896260 60.381430 17.851893 0.248471 0.980547 456.726 0 0
1500.0 77.302377 -50.615429 17.932430 0.341894 -0.834162 456.297 0 0
1500.0 102.540831 6.905320 17.940060 0.733164 0.038274 455.517 0 0
1500.0 48.828454 59.298177 17.798160 -0.080508 0.943861 456.152 0 0
1500.0 53.602471 31.500465 18.075451 -0.050690 0.504506 462.589 0 0
1500.0 69.265015 61.490699 17.908301 0.175959 0.994693 457.460 0 0
1500.0 99.331937 39.907332 17.912708 0.633033 0.679552 456.696 0 0
1500.0 105.139044 46.588436 17.906522 0.706391 0.764933 458.055 0 0
1500.0 42.485039 26.707589 17.928540 -0.232564 0.490898 455.200 0 0
1500.0 51.839507 10.775221 17.935253 -0.078804 0.219389 462.500 0 0
1500.0 67.834228 16.378071 17.932965 0.160718 0.332511 454.896 0 0
1500.0 62.002658 -8.883471 18.081754 0.071687 -0.224297 452.112 0 0
1500.0 114.470078 -15.702305 17.871350 0.904666 -0.321505 454.630 0 0
1500.0 27.272230 33.042264 18.005356 -0.521975 0.626182 451.188 0 0
1500.0 100.293944 -19.615819 18.239941 0.720448 -0.362615 457.410 0 0
1500.0 44.794278 -22.741802 17.853811 -0.286234 -0.334200 454.059 0 0
1500.0 95.539004 25.997768 17.869063 0.540632 0.465432 456.046 0 0
1500.0 5.049691 35.003778 17.856284 -0.802343 0.567158 460.295 0 0
1500.0 83.206862 18.741618 17.876249 0.353437 0.356547 455.497 0 0
1500.0 101.062498 14.424217 18.217798 0.765389 0.251100 457.865 0 0
1500.0 112.809691 16.299650 18.209882 0.928157 0.275198 458.854 0 0
1500.0 112.992295 13.950677 18.210198 0.931579 0.240594 458.802 0 0
1500.0 47.708002 11.014409 17.921722 -0.155369 0.217878 463.947 0 0
1500.0 78.384566 24.101704 18.031886 0.328770 0.447030 456.624 0 0
1500.0 72.943004 29.891053 18.032527 0.221857 0.485354 463.420 0 0
1500.0 114.948196 -37.318448 17.829745 0.909899 -0.520527 459.371 0 0
1500.0 115.157600 32.839744 17.829765 0.911934 0.516292 459.450 0 0
1500.0 114.758947 -1.234096 17.836189 0.932138 0.013408 457.555 0 0
1500.0 82.461879 55.060764 17.840701 0.340739 0.863133 461.424 0 0
1500.0 52.799724 65.785003 17.834050 -0.088357 1.044300 459.637 0 0
1500.0 27.564019 1.722638 17.857902 -0.486176 0.103490 456.141 0 0
1500.0 -4.691698 24.455711 17.834442 -0.945033 0.437400 459.095 0 0
1500.0 89.304854 -55.062172 18.279020 0.594834 -1.027233 450.249 0 0
1500.0 69.987837 -64.268703 17.840884 0.132171 -0.991550 460.877 0 0
1500.0 66.889216 -54.106213 17.916671 0.167577 -0.834394 462.751 0 0
1500.0 119.594654 -24.457650 17.907285 0.939357 -0.422073 461.137 0 0
1500.0 66.454822 -27.298722 17.929237 0.175691 -0.492932 457.033 0 0
1500.0 103.399726 22.723719 18.609835 0.859025 0.463511 452.178 0 0
1500.0 45.295614 -22.969805 17.825388 -0.236345 -0.366253 464.012 0 0
1500.0 32.124417 -21.767749 17.822257 -0.422758 -0.350557 463.771 0 0
1500.0 26.062345 40.295794 18.000778 -0.546749 0.762187 452.397 0 0
1500.0 103.356168 8.136859 18.041445 0.787548 0.150465 459.038 0 0
1500.0 15.308431 -36.260030 17.957207 -0.708946 -0.564397 458.923 0 0
1500.0 10.693150 -19.689727 17.944413 -0.814127 -0.257380 454.889 0 0
1500.0 14.315776 -20.825083 17.848906 -0.717077 -0.379117 458.441 0 0
1500.0 51.122071 47.198992 17.896902 -0.185712 0.740717 455.982 0 0
1500.0 -12.575761 2.995817 17.800692 -1.076020 -0.016115 461.899 0 0
1500.0 -19.168991 -49.686393 17.834472 -1.170661 -0.831523 459.222 0 0
1500.0 -12.118105 -25.449742 17.794650 -1.038699 -0.441598 463.142 0 0
1500.0 34.873625 -41.258089 18.107735 -0.386323 -0.759065 455.002 0 0
1500.0 63.823698 -48.487920 17.856455 0.067713 -0.757178 465.010 0 0
1500.0 67.650608 41.185359 18.371444 0.178547 0.757992 454.865 0 0
1500.0 75.254189 2.875292 18.339006 0.392027 -0.008961 458.046 0 0
1500.0 44.230444 13.023692 17.934667 -0.245890 0.154894 466.553 0 0
1500.0 26.702947 -49.353451 17.912388 -0.531886 -0.774717 460.888 0 0
1500.0 52.731257 0.109934 17.936430 -0.142952 -0.027923 458.805 0 0
1500.0 89.715193 34.616856 18.180558 0.529539 0.678130 452.565 0 0
1500.0 19.787478 -25.506393 17.928956 -0.646833 -0.367285 460.723 0 0
1500.0 49.761032 18.146366 17.941477 -0.169712 0.274520 467.353 0 0
1500.0 67.025275 25.842062 17.939158 0.078841 0.425609 459.942 0 0
1500.0 87.600897 9.118966 17.925368 0.476833 0.133883 468.924 0 0
1500.0 40.508495 -20.345248 17.848010 -0.296221 -0.391337 460.037 0 0
1500.0 82.256809 48.025630 17.879889 0.420079 0.811766 460.408 0 0
1500.0 124.522718 -4.445696 17.899898 1.042153 -0.020670 464.489 0 0
1500.0 157.764522 14.297518 17.805215 1.594034 0.212577 462.320 0 0
1500.0 82.888603 0.445930 18.242462 0.509728 -0.002097 462.863 0 0
1500.0 16.248709 5.145905 17.900878 -0.709711 0.081557 462.581 0 0
1500.0 35.751850 39.713968 17.899990 -0.409580 0.611874 462.661 0 0
1500.0 89.877683 39.875407 17.843972 0.510779 0.611650 467.777 0 0
1500.0 69.371574 63.199097 17.832600 0.230454 0.993790 464.237 0 0
1500.0 81.620719 -2.887783 18.242177 0.390447 -0.105914 470.530 0 0
1500.0 23.921953 11.865692 17.887550 -0.595797 0.203471 462.734 0 0
1500.0 12.549999 32.737387 17.840775 -0.689612 0.575273 463.701 0 0
1500.0 44.666309 -17.121585 18.247020 -0.214942 -0.300839 463.866 0 0
1500.0 94.155139 57.651807 17.796266 0.491316 0.910396 466.595 0 0
1500.0 0.294325 15.613809 17.802752 -0.869783 0.287725 467.910 0 0
1500.0 15.237742 -47.182195 17.797789 -0.640523 -0.784863 465.180 0 0
1500.0 97.081369 13.929869 17.928347 0.678446 0.173791 463.827 0 0
1500.0 47.352428 -6.659161 18.072450 -0.211689 -0.106066 463.871 0 0
1500.0 55.739692 -10.157582 17.883816 -0.035691 -0.236920 463.450 0 0
1500.0 15.689310 -50.153402 17.855385 -0.630911 -0.821858 466.607 0 0
1500.0 122.084153 10.355619 17.908394 1.032163 0.164768 467.291 0 0
1500.0 121.928153 -16.107727 17.908415 1.020440 -0.224632 467.915 0 0
1500.0 113.907203 -81.869005 18.007048 0.908324 -1.356612 464.274 0 0
1500.0 45.107434 -10.314152 18.525889 -0.222304 -0.213740 459.753 0 0
1500.0 84.616750 11.488096 17.990408 0.488416 0.231201 465.266 0 0
1500.0 82.058313 -61.711483 17.871431 0.356776 -0.985480 469.766 0 0
1500.0 41.442925 0.771968 18.046096 -0.288045 -0.035832 467.077 0 0
1500.0 107.077552 33.725838 17.838375 0.808472 0.468195 468.023 0 0
1500.0 65.408760 -5.273201 17.861730 0.161337 -0.114139 473.818 0 0
1500.0 99.873901 -6.406842 17.850494 0.650388 -0.131562 472.949 0 0
1500.0 11.414560 -30.336795 17.918272 -0.778195 -0.575074 463.509 0 0
1500.0 119.387995 44.248757 18.040819 1.122279 0.746619 462.057 0 0
1500.0 56.035544 8.358312 18.175146 -0.037340 0.067133 464.840 0 0
1500.0 64.204467 17.947890 18.241684 0.157931 0.310043 475.953 0 0
1500.0 15.897800 -52.354363 17.910636 -0.679124 -0.797744 471.051 0 0
1500.0 109.529539 -38.832718 17.803941 0.841815 -0.596863 470.305 0 0
1500.0 56.796685 -11.412383 17.832905 0.049022 -0.174113 475.030 0 0
1500.0 112.022879 -13.902993 17.812652 0.841875 -0.214224 473.262 0 0
1500.0 121.663383 9.707875 17.803955 1.023515 0.129721 470.300 0 0
1500.0 104.558544 -41.856736 17.797101 0.718690 -0.703188 469.893 0 0
1500.0 49.371843 -65.208899 17.795507 -0.110016 -1.027426 471.681 0 0
1500.0 102.551226 10.884695 18.124920 0.787479 0.158034 469.759 0 0
1500.0 112.600803 -16.219515 18.117338 0.926457 -0.248130 470.681 0 0
1500.0 53.528718 16.449959 17.933875 -0.095439 0.324412 467.998 0 0
1500.0 129.099184 -24.568331 17.919226 1.224013 -0.441913 465.566 0 0
1500.0 27.899646 -38.721481 17.874172 -0.458400 -0.610381 474.403 0 0
1500.0 41.163450 29.622054 17.881935 -0.360631 0.497345 465.208 0 0
1500.0 -43.290114 -43.846465 17.920802 -1.696576 -0.745811 466.791 0 0
1500.0 100.257605 7.696259 18.217877 0.762199 0.103916 471.065 0 0
1500.0 53.313563 23.100025 17.925741 -0.110961 0.365320 477.407 0 0
1500.0 44.468758 56.601212 17.863209 -0.221368 0.928999 473.015 0 0
1500.0 75.589662 26.155849 17.915971 0.287162 0.482312 471.731 0 0
1500.0 29.144682 60.228823 17.894121 -0.412076 0.963200 474.866 0 0
1500.0 69.213025 37.247088 17.911957 0.187519 0.650963 472.039 0 0
1500.0 67.773111 65.092230 17.894134 0.158475 1.035366 474.844 0 0
1500.0 144.858528 -25.727321 18.003037 1.536517 -0.446417 467.566 0 0
1500.0 33.126720 -35.398531 17.891000 -0.366528 -0.566517 478.855 0 0
1500.0 19.751572 -33.084621 17.831657 -0.550618 -0.541511 478.394 0 0
1500.0 97.189148 -39.318710 17.828550 0.553492 -0.633131 478.068 0 0
1500.0 89.139619 -39.153337 18.119869 0.500316 -0.700787 471.182 0 0
1500.0 70.406618 -156.947197 17.845885 0.242443 -2.513835 472.776 0 0
1500.0 61.013896 4.812775 17.938815 0.097498 0.142843 475.368 0 0
1500.0 68.755421 50.017182 17.919259 0.213131 0.828100 476.915 0 0
1500.0 112.728045 32.306931 17.912268 0.837435 0.529506 480.486 0 0
1500.0 78.289272 62.938450 17.963298 0.332340 0.993632 480.879 0 0
1500.0 47.288519 -58.874396 17.924275 -0.152871 -0.913909 482.679 0 0
1500.0 3.763086 38.003310 17.844844 -0.857906 0.536768 481.572 0 0
1500.0 41.666843 -38.860945 17.862146 -0.296731 -0.564158 483.756 0 0
1500.0 77.865667 5.642031 17.972792 0.370340 0.150483 477.691 0 0
1500.0 35.479865 20.436750 17.813032 -0.314004 0.383635 478.040 0 0
1500.0 103.292502 28.784457 17.800108 0.689385 0.480417 482.405 0 0
1500.0 121.178837 71.011527 17.814785 0.953910 1.078516 483.714 0 0
1500.0 74.204310 1.232019 17.962153 0.349715 0.021258 477.036 0 0
1500.0 61.446411 14.104810 17.827162 0.049600 0.299487 478.227 0 0
1500.0 53.901785 65.698764 17.799152 -0.064568 1.042050 482.283 0 0
1500.0 47.296562 -64.967166 17.910690 -0.137461 -1.018038 483.499 0 0
1500.0 28.904628 -31.272065 17.926351 -0.428101 -0.557463 479.818 0 0
1500.0 105.334266 -32.366221 17.916137 0.735386 -0.565101 480.875 0 0
1500.0 35.917105 -20.563960 17.932855 -0.322722 -0.395808 479.320 0 0
1500.0 42.424803 38.064152 17.948957 -0.264474 0.572385 487.641 0 0
1500.0 10.861980 44.003355 17.930833 -0.750796 0.695821 483.540 0 0
1500.0 36.798287 17.003744 17.953433 -0.378998 0.305356 480.962 0 0
1500.0 51.361127 -2.654864 17.959366 -0.154333 0.000827 480.573 0 0
1500.0 23.538481 -23.784705 18.086106 -0.534450 -0.426359 482.407 0 0
1500.0 132.537562 73.105025 17.896850 1.257260 1.228825 479.535 0 0
1500.0 16.875105 1.950940 17.864046 -0.685817 0.085515 482.356 0 0
1500.0 98.751400 -39.785956 17.967857 0.687091 -0.738652 479.436 0 0
1500.0 13.675538 -31.943199 18.013496 -0.707424 -0.526520 488.380 0 0
1500.0 138.610877 90.007707 17.834534 1.237351 1.383230 490.681 0 0
1500.0 113.449633 25.037385 17.849791 0.932591 0.353972 487.427 0 0
1500.0 34.847760 18.424696 17.972664 -0.381139 0.350621 489.636 0 0
1500.0 63.078383 22.682768 17.975189 0.055406 0.417569 489.461 0 0
1500.0 164.985043 18.444858 17.803121 1.665004 0.252962 491.976 0 0
1500.0 92.467971 35.681175 17.836813 0.611010 0.610494 488.763 0 0
1500.0 89.134336 19.163241 17.926382 0.558882 0.299385 500.697 0 0
1500.0 76.730007 -10.946204 17.932967 0.375410 -0.157812 499.964 0 0
1500.0 71.421098 -5.176547 17.935028 0.295053 -0.069760 499.776 0 0
