Total number of secondary electrons: 2019
1500.0 128.144316 -14.523640 17.750457 1.683765 -0.466236 238.221 0 0
1500.0 93.312491 -2.060142 15.273893 0.697528 -0.030215 275.666 0 0
1500.0 112.783298 22.397734 15.913007 1.149348 0.515366 278.974 0 0
1500.0 92.812984 -3.582937 16.649174 0.760532 -0.064304 282.586 0 0
1500.0 88.999653 7.959300 16.063214 0.580148 0.127129 293.968 0 0
1500.0 127.993222 -9.498918 15.621441 1.295281 -0.197876 295.063 0 0
1500.0 127.221692 5.160234 16.258451 1.403956 0.152351 297.695 0 0
1500.0 97.119302 9.277657 16.225703 0.744942 0.136797 299.329 0 0
1500.0 89.598624 3.597507 16.401639 0.642190 0.028583 299.842 0 0
1500.0 121.117395 5.209417 16.684116 1.283628 0.083321 299.992 0 0
1500.0 15.035639 129.710222 14.510865 -0.627555 1.824245 301.134 0 0
1500.0 102.186249 -14.774137 14.363326 0.601435 -0.211712 302.048 0 0
1500.0 110.719324 -5.550028 14.346593 0.698831 -0.102982 302.390 0 0
1500.0 80.906314 -22.872079 14.257830 0.342780 -0.304092 303.972 0 0
1500.0 107.665331 -5.174859 15.502461 0.830779 -0.106462 306.714 0 0
1500.0 90.595958 -6.960713 14.648705 0.529833 -0.105602 306.881 0 0
1500.0 87.757292 -0.846108 15.391300 0.567387 0.018411 307.807 0 0
1500.0 15.072006 15.929338 14.065164 -0.547519 0.225368 309.627 0 0
1500.0 59.454453 3.683830 14.503048 0.015209 0.090182 310.123 0 0
1500.0 13.625528 8.019584 13.960349 -0.556081 0.110166 311.150 0 0
1500.0 84.819184 -9.942560 14.017105 0.356763 -0.142581 311.541 0 0
1500.0 108.425604 -10.679595 15.627132 0.932335 -0.180425 311.800 0 0
1500.0 90.336625 -9.892620 15.597923 0.592913 -0.155345 312.332 0 0
1500.0 97.017671 -8.375039 14.035423 0.477478 -0.120591 313.331 0 0
1500.0 52.854256 57.885687 13.911344 -0.090352 0.708160 316.181 0 0
1500.0 83.791233 2.974041 14.681453 0.344359 0.071779 317.901 0 0
1500.0 90.820444 -15.797819 14.822508 0.542187 -0.204598 319.558 0 0
1500.0 76.726423 -5.953909 14.732850 0.303555 -0.127926 321.043 0 0
1500.0 92.306330 -5.480175 16.292421 0.689937 -0.058887 321.937 0 0
1500.0 94.726870 5.378233 16.132556 0.675886 0.082413 322.527 0 0
1500.0 89.077856 9.156801 15.480529 0.544263 0.158203 322.667 0 0
1500.0 89.870695 -7.974924 15.848224 0.613278 -0.093613 322.722 0 0
1500.0 79.055625 3.675400 16.219309 0.465399 0.058759 323.244 0 0
1500.0 88.396758 -2.410485 15.995458 0.599765 0.005410 323.819 0 0
1500.0 82.368086 -5.393299 15.093626 0.415151 -0.035074 325.417 0 0
1500.0 80.828971 2.490186 15.641912 0.452142 0.050479 326.010 0 0
1500.0 92.344231 6.134247 15.681662 0.575024 0.089793 326.436 0 0
1500.0 79.160929 -4.773604 15.985728 0.452731 -0.074632 327.668 0 0
1500.0 96.597667 8.819147 15.784042 0.709202 0.097463 327.942 0 0
1500.0 90.826412 23.546613 14.790161 0.458314 0.265585 328.052 0 0
1500.0 77.859195 -39.540194 14.897430 0.257354 -0.525590 328.404 0 0
1500.0 84.779782 43.067676 14.961289 0.380516 0.546714 328.760 0 0
1500.0 104.514988 -27.791939 14.936533 0.568930 -0.384939 328.848 0 0
1500.0 57.491522 -12.295644 15.395839 0.016783 -0.124163 329.266 0 0
1500.0 80.233762 -6.970862 15.255926 0.375599 -0.074999 329.281 0 0
1500.0 80.234648 -0.226180 16.211762 0.439015 -0.052455 329.579 0 0
1500.0 76.710549 12.469406 15.080283 0.308693 0.164550 329.767 0 0
1500.0 80.082356 -34.494443 14.989529 0.333465 -0.414417 330.642 0 0
1500.0 69.169988 42.398736 14.997972 0.199514 0.526966 330.747 0 0
1500.0 68.963640 -11.967115 15.236383 0.099254 -0.164573 331.588 0 0
1500.0 76.278773 -1.316354 15.814597 0.341073 -0.082348 331.818 0 0
1500.0 92.444983 20.054536 15.294480 0.490029 0.285051 332.598 0 0
1500.0 107.369151 -1.305583 15.178271 0.666102 0.016319 332.914 0 0
1500.0 73.313877 7.428870 16.680457 0.378983 0.130144 333.259 0 0
1500.0 65.396253 56.804339 15.208644 0.143333 0.735385 333.317 0 0
1500.0 109.597112 22.240378 16.548485 0.946292 0.356691 333.615 0 0
1500.0 128.705813 46.259802 15.338114 0.883518 0.546696 334.860 0 0
1500.0 95.876468 0.359548 15.827884 0.538470 0.062598 335.357 0 0
1500.0 65.118498 20.681628 16.089650 0.125606 0.278244 335.525 0 0
1500.0 80.930185 4.860409 16.269831 0.420863 0.162116 335.623 0 0
1500.0 104.874701 44.285386 15.576336 0.640855 0.571663 335.703 0 0
1500.0 109.504678 8.687988 15.511594 0.647955 0.125734 335.889 0 0
1500.0 93.154680 16.448613 16.778334 0.605175 0.229175 336.500 0 0
1500.0 95.372855 13.561094 16.591457 0.736098 0.291179 336.701 0 0
1500.0 142.520579 -9.527067 15.438246 1.044791 -0.081380 337.417 0 0
1500.0 106.271976 64.286048 15.495710 0.645358 0.794890 337.696 0 0
1500.0 94.638602 42.060709 15.738346 0.525143 0.572930 337.961 0 0
1500.0 83.474596 23.730571 16.089531 0.377566 0.349902 338.045 0 0
1500.0 60.985304 -6.229155 16.418733 0.104747 -0.048835 338.030 0 0
1500.0 87.059115 2.687228 15.620443 0.368430 0.016694 338.443 0 0
1500.0 99.115814 10.431018 16.357869 0.694646 0.211580 338.850 0 0
1500.0 132.888888 32.902986 15.485613 0.914666 0.410872 338.965 0 0
1500.0 111.833614 32.847625 16.688664 0.920561 0.527227 339.741 0 0
1500.0 66.581456 33.288886 16.014970 0.146912 0.462050 339.997 0 0
1500.0 117.770070 14.114856 16.820373 1.130053 0.262060 341.436 0 0
1500.0 99.970540 -25.950120 16.221923 0.641675 -0.434195 342.284 0 0
1500.0 62.676933 -52.046389 15.832546 0.103458 -0.724399 342.458 0 0
1500.0 68.571269 14.439204 16.492305 0.242443 0.240360 343.164 0 0
1500.0 124.844957 -74.054526 15.741388 0.962448 -1.000952 343.357 0 0
1500.0 60.613531 -20.976248 16.400127 0.116179 -0.323543 344.061 0 0
1500.0 38.660483 23.362665 15.720067 -0.249276 0.371318 344.416 0 0
1500.0 -8.939636 32.983686 15.713773 -0.896467 0.391859 344.529 0 0
1500.0 108.178800 -16.531204 17.044332 0.905389 -0.288521 345.072 0 0
1500.0 114.335076 0.455823 16.789874 1.094953 0.002027 346.069 0 0
1500.0 94.798265 9.278684 16.931407 0.611053 0.147295 346.654 0 0
1500.0 17.436232 58.392297 15.744404 -0.510361 0.803503 346.928 0 0
1500.0 72.369551 15.849233 16.055007 0.197926 0.233498 346.959 0 0
1500.0 45.511528 69.704940 15.749130 -0.154356 0.946011 347.002 0 0
1500.0 -88.935152 -277.061829 16.199745 -2.299761 -4.375954 347.022 0 0
1500.0 109.831745 48.420401 15.777719 0.666942 0.676539 347.421 0 0
1500.0 78.326496 9.593014 16.021688 0.349275 0.159124 347.414 0 0
1500.0 21.433597 11.488145 15.809584 -0.505432 0.205440 347.641 0 0
1500.0 64.623959 76.293717 15.790882 0.086640 1.017326 347.943 0 0
1500.0 103.683760 -6.692839 16.034977 0.669138 -0.050357 348.241 0 0
1500.0 85.342568 9.753008 17.207365 0.568692 0.127324 348.357 0 0
1500.0 110.027439 -5.011529 16.036991 0.746801 -0.028778 348.585 0 0
1500.0 77.429350 41.460654 15.779792 0.267180 0.588788 348.659 0 0
1500.0 70.377422 23.294563 15.789228 0.213863 0.340915 348.885 0 0
1500.0 114.369818 6.078301 16.039874 0.798703 0.111650 348.907 0 0
1500.0 89.796130 13.086897 16.322365 0.469359 0.228235 349.165 0 0
1500.0 99.170061 -15.117908 15.793044 0.586923 -0.161310 349.440 0 0
1500.0 90.047244 -2.336242 16.394385 0.540231 -0.009581 349.454 0 0
1500.0 140.448734 -76.978700 16.405911 1.408230 -1.269093 349.984 0 0
1500.0 49.886148 30.814140 16.071346 -0.176852 0.464910 350.065 0 0
1500.0 85.755238 -30.112831 16.098158 0.357597 -0.438989 350.274 0 0
1500.0 80.186141 75.972187 15.830878 0.273008 0.983118 350.396 0 0
1500.0 71.994058 77.220643 15.834607 0.173138 0.995946 350.589 0 0
1500.0 90.686377 -0.818715 16.128210 0.521020 -0.003984 350.804 0 0
1500.0 79.644491 73.290256 15.844783 0.264175 0.942504 351.100 0 0
1500.0 75.027878 22.448412 16.282840 0.261501 0.306074 351.663 0 0
1500.0 130.689284 -7.836124 15.812540 0.968536 -0.064670 351.699 0 0
1500.0 110.550931 -56.637037 15.813262 0.712367 -0.679897 351.881 0 0
1500.0 47.296763 69.517262 15.863284 -0.123925 0.887594 351.988 0 0
1500.0 111.267424 -13.717647 16.197751 0.775490 -0.191460 352.096 0 0
1500.0 38.289169 64.306649 15.871385 -0.230281 0.822186 352.329 0 0
1500.0 115.906853 -20.211551 16.137551 0.827308 -0.247173 352.346 0 0
1500.0 115.804933 19.378577 16.135978 0.844796 0.338824 352.369 0 0
1500.0 58.532217 37.528132 16.094030 0.051958 0.545984 352.416 0 0
1500.0 72.308035 -5.079851 16.628808 0.285244 -0.093940 352.903 0 0
1500.0 61.009538 28.342912 16.097968 0.000971 0.368127 352.972 0 0
1500.0 95.943071 -5.138595 16.695563 0.635192 -0.068712 353.069 0 0
1500.0 98.987062 68.095676 15.855879 0.557990 0.879485 353.098 0 0
1500.0 100.523433 30.659396 16.404099 0.719699 0.461479 353.538 0 0
1500.0 116.005991 -60.771174 15.888615 0.764730 -0.716637 353.585 0 0
1500.0 74.166887 68.734034 15.902527 0.264298 0.880512 353.653 0 0
1500.0 91.501198 26.621634 15.967332 0.393720 0.368331 353.884 0 0
1500.0 8.400876 -18.996097 16.141519 -0.673937 -0.244077 354.012 0 0
1500.0 38.561568 49.550383 15.952130 -0.203459 0.687563 354.108 0 0
1500.0 57.730749 82.212428 15.908304 0.044867 1.037652 354.429 0 0
1500.0 41.476302 49.797845 16.155289 -0.234611 0.679532 354.633 0 0
1500.0 74.710277 38.305547 15.937362 0.216021 0.509646 354.649 0 0
1500.0 41.741501 -17.710931 16.336593 -0.223732 -0.227986 355.026 0 0
1500.0 89.719774 14.050599 15.946927 0.391870 0.221310 355.061 0 0
1500.0 65.960192 69.233799 15.961968 0.150080 0.926164 355.554 0 0
1500.0 133.937122 2.427530 15.934321 0.959110 0.061799 355.863 0 0
1500.0 65.644400 15.351671 17.043340 0.193267 0.218764 355.945 0 0
1500.0 73.852572 0.092901 16.153114 0.191362 0.054241 355.995 0 0
1500.0 130.331518 -6.023190 15.945029 0.910078 -0.039421 356.388 0 0
1500.0 33.469475 -87.337975 16.372983 -0.435550 -1.322479 356.656 0 0
1500.0 117.420689 31.670717 15.953985 0.751914 0.408103 356.847 0 0
1500.0 78.858096 24.150993 16.242350 0.315994 0.307770 357.263 0 0
1500.0 133.699745 -28.302292 15.977288 0.993182 -0.312209 357.265 0 0
1500.0 110.702382 0.180978 16.055056 0.732841 0.070000 357.363 0 0
1500.0 79.977443 19.385317 16.985605 0.394182 0.300029 357.675 0 0
1500.0 39.532986 14.257116 16.134594 -0.252009 0.147236 357.920 0 0
1500.0 38.543996 8.340825 16.136308 -0.263279 0.079332 357.946 0 0
1500.0 133.416249 9.477935 16.830028 1.301089 0.144386 358.274 0 0
1500.0 98.337355 -16.638793 15.990449 0.515928 -0.162185 358.403 0 0
1500.0 38.784172 12.550067 16.261304 -0.278955 0.174222 358.606 0 0
1500.0 -5.939509 -40.521246 16.167644 -0.889006 -0.639275 358.634 0 0
1500.0 90.624105 2.322251 15.999162 0.424494 0.058529 358.718 0 0
1500.0 5.002861 -2.390312 16.065868 -0.754183 -0.078731 358.782 0 0
1500.0 88.506179 58.237816 16.120656 0.405998 0.861190 358.808 0 0
1500.0 85.643601 -2.766667 16.009921 0.366089 -0.000548 358.856 0 0
1500.0 46.999461 15.504521 16.154991 -0.115217 0.274285 359.330 0 0
1500.0 136.722639 2.190617 16.039617 1.004574 0.066997 359.366 0 0
1500.0 84.266866 9.362137 17.433286 0.547119 0.144330 359.495 0 0
1500.0 112.385758 13.087907 16.422757 0.770503 0.222002 359.730 0 0
1500.0 93.346376 6.570113 17.451698 0.653476 0.110368 359.831 0 0
1500.0 52.201315 44.583406 16.202792 -0.120516 0.669895 359.854 0 0
1500.0 71.835504 33.926342 16.359382 0.226887 0.586362 359.851 0 0
1500.0 77.686006 12.946814 16.296744 0.330549 0.211172 360.068 0 0
1500.0 97.706535 56.120609 16.067666 0.554160 0.753981 360.077 0 0
1500.0 92.880336 -18.301914 16.396154 0.516801 -0.308794 360.119 0 0
1500.0 93.866931 -18.318538 16.443640 0.553196 -0.271554 360.343 0 0
1500.0 91.585354 17.378988 16.320354 0.508153 0.267191 360.518 0 0
1500.0 89.222424 -33.264907 16.455453 0.492595 -0.460892 360.561 0 0
1500.0 76.349586 44.299905 16.215399 0.311336 0.585265 360.860 0 0
1500.0 94.728700 -0.530384 17.963770 0.717370 0.001222 360.947 0 0
1500.0 94.615512 7.745163 16.255709 0.551675 0.123789 361.008 0 0
1500.0 92.652200 -5.202268 17.257909 0.648432 -0.144028 361.056 0 0
1500.0 104.696389 13.074705 16.351571 0.669442 0.258205 361.093 0 0
1500.0 65.090484 6.256398 17.131353 0.186457 0.132753 361.349 0 0
1500.0 107.953251 13.170678 17.133024 0.851693 0.250734 361.376 0 0
1500.0 106.113736 61.991851 16.166212 0.647839 0.811937 361.707 0 0
1500.0 88.187314 52.876021 16.387750 0.456924 0.714201 361.761 0 0
1500.0 16.132010 2.969829 16.246487 -0.592946 -0.005968 361.879 0 0
1500.0 81.046970 -43.231188 16.486656 0.314678 -0.615605 362.035 0 0
1500.0 81.959133 -39.548212 17.004749 0.462525 -0.639247 362.058 0 0
1500.0 63.818989 39.017433 16.297436 0.138263 0.545713 362.468 0 0
1500.0 62.737045 40.732498 16.265444 0.099995 0.516173 362.554 0 0
1500.0 96.857412 -16.404932 16.303115 0.571285 -0.181848 362.582 0 0
1500.0 132.498580 -0.989175 16.242206 0.967768 0.031432 362.836 0 0
1500.0 129.486650 -16.162968 16.292775 1.001406 -0.228093 363.120 0 0
1500.0 36.185710 44.328705 16.478623 -0.306143 0.616278 363.252 0 0
1500.0 65.685092 -15.812380 16.559366 0.103248 -0.264445 363.293 0 0
1500.0 76.489763 -19.663045 16.567962 0.243916 -0.314040 363.474 0 0
1500.0 43.767930 -30.677306 16.577733 -0.182348 -0.456470 363.678 0 0
1500.0 129.725570 -27.869190 16.376418 0.968401 -0.339392 363.737 0 0
1500.0 90.853178 2.652706 16.929150 0.557735 0.030318 363.924 0 0
1500.0 32.337174 -47.453640 16.371221 -0.399367 -0.612249 364.313 0 0
1500.0 80.890007 -15.734479 17.606985 0.450402 -0.268925 364.338 0 0
1500.0 118.402988 -34.763930 16.395542 0.834299 -0.412931 364.366 0 0
1500.0 102.215635 66.291071 16.412916 0.572420 0.878153 364.386 0 0
1500.0 135.517247 -13.761000 16.414823 1.032540 -0.161445 364.385 0 0
1500.0 124.745880 43.008394 16.427683 0.896382 0.542162 364.599 0 0
1500.0 -9.901303 49.211935 16.396035 -0.901146 0.704142 365.003 0 0
1500.0 92.231321 -11.008465 16.600564 0.468406 -0.099080 365.174 0 0
1500.0 135.621631 -17.448871 16.474335 1.021407 -0.204755 365.365 0 0
1500.0 107.359582 -52.627238 16.472255 0.668168 -0.782818 365.317 0 0
1500.0 111.233891 27.642995 16.524065 0.748197 0.340269 365.959 0 0
1500.0 130.397628 -41.893019 16.858136 1.209122 -0.637258 366.022 0 0
1500.0 67.476759 5.331895 17.518139 0.259348 0.101778 366.308 0 0
1500.0 98.037048 -18.917552 16.996064 0.613439 -0.291951 366.467 0 0
1500.0 98.886886 12.102103 16.875115 0.586429 0.191548 366.635 0 0
1500.0 42.256032 -19.480944 16.492249 -0.277701 -0.257317 366.629 0 0
1500.0 68.342096 -35.537056 16.605842 0.173618 -0.452729 366.723 0 0
1500.0 43.238931 76.605992 16.537611 -0.206403 0.986846 366.923 0 0
1500.0 60.187273 70.529178 16.637131 0.014741 0.952920 366.934 0 0
1500.0 30.027486 -6.919226 16.733021 -0.356778 -0.084982 367.124 0 0
1500.0 92.503246 -11.609135 16.736802 0.540212 -0.160093 367.167 0 0
1500.0 131.236479 29.730338 16.554563 0.963905 0.399029 367.186 0 0
1500.0 211.654621 9.890331 16.510883 1.930936 0.097230 367.441 0 0
1500.0 104.129812 -14.851579 17.055265 0.705048 -0.228373 367.629 0 0
1500.0 66.976913 -11.191552 18.018334 0.196685 -0.272845 367.748 0 0
1500.0 93.766262 0.564527 17.815245 0.645200 -0.030909 367.857 0 0
1500.0 83.129296 3.121305 16.580170 0.310101 0.103824 367.881 0 0
1500.0 118.533015 -13.825260 16.733758 0.847398 -0.215534 368.011 0 0
1500.0 123.087917 -22.185467 16.580409 0.897750 -0.300193 368.046 0 0
1500.0 61.602319 -44.919749 16.657054 0.053982 -0.651394 368.025 0 0
1500.0 68.677204 -2.427557 16.720882 0.218069 -0.005913 368.075 0 0
1500.0 78.785589 -0.923751 16.949168 0.380821 -0.024187 368.131 0 0
1500.0 24.277183 72.319568 16.607554 -0.405497 0.965471 368.279 0 0
1500.0 116.011301 -9.836475 16.668471 0.752813 -0.107360 368.393 0 0
1500.0 66.210512 2.420672 17.193867 0.159291 -0.029334 368.832 0 0
1500.0 92.701042 -32.760194 16.833505 0.513190 -0.520505 369.052 0 0
1500.0 -9.381906 -19.826408 16.618108 -0.929855 -0.253108 369.248 0 0
1500.0 66.584035 33.540334 16.812137 0.099686 0.538525 369.307 0 0
1500.0 68.309825 -65.358057 16.724317 0.138970 -0.901597 369.429 0 0
1500.0 95.590964 -3.641825 17.339544 0.626733 -0.038737 369.454 0 0
1500.0 75.094644 -1.623709 18.054770 0.399077 -0.000265 369.671 0 0
1500.0 113.334366 -36.780822 16.704068 0.764207 -0.559618 369.722 0 0
1500.0 64.201085 77.540122 16.692816 0.091950 1.011974 369.763 0 0
1500.0 136.341066 8.051601 16.658171 1.042739 0.094169 369.851 0 0
1500.0 102.560122 -17.108886 16.961263 0.672187 -0.213960 370.453 0 0
1500.0 17.608238 19.948259 16.940192 -0.544227 0.305140 370.682 0 0
1500.0 75.458584 -54.415557 16.757232 0.276448 -0.778007 370.763 0 0
1500.0 60.528441 -2.331234 16.865737 0.058594 0.028659 370.822 0 0
1500.0 98.292238 -7.672869 17.259694 0.660325 -0.147054 370.882 0 0
1500.0 64.071974 -14.309802 17.870952 0.185061 -0.224918 370.966 0 0
1500.0 58.632947 68.949046 16.779805 0.023189 0.890696 371.210 0 0
1500.0 57.243283 29.508855 16.747713 -0.075836 0.405865 371.180 0 0
1500.0 70.544173 -27.048500 17.208139 0.183575 -0.439207 371.473 0 0
1500.0 41.069677 13.301261 17.198677 -0.214170 0.214536 371.541 0 0
1500.0 -20.362177 8.849220 16.741993 -1.039507 0.110913 371.577 0 0
1500.0 86.703033 11.863082 17.188525 0.489582 0.152562 371.717 0 0
1500.0 115.488236 44.895055 17.018606 0.851889 0.658020 371.924 0 0
1500.0 76.309783 -4.647279 17.437528 0.323197 -0.014844 371.929 0 0
1500.0 78.748436 3.982926 16.910219 0.354254 0.041576 372.066 0 0
1500.0 75.589750 -1.929406 17.606194 0.305985 0.030394 372.106 0 0
1500.0 59.824328 -20.874276 16.919848 0.040919 -0.344664 372.097 0 0
1500.0 99.767342 8.227665 17.207860 0.654681 0.104906 372.178 0 0
1500.0 67.837011 50.541308 16.790635 0.063122 0.674663 372.158 0 0
1500.0 86.954650 18.064622 16.821555 0.452934 0.246784 372.206 0 0
1500.0 85.867886 47.428454 16.846525 0.347174 0.623090 372.281 0 0
1500.0 104.727046 79.530923 17.462976 0.886924 1.369800 372.279 0 0
1500.0 89.052455 -10.619995 17.985275 0.557257 -0.187044 372.355 0 0
1500.0 81.912211 -23.617792 17.769140 0.427574 -0.366268 372.368 0 0
1500.0 97.272242 -8.018571 16.922275 0.595506 -0.120949 372.404 0 0
1500.0 59.206888 57.924011 16.868492 0.075499 0.795295 372.492 0 0
1500.0 84.239753 41.301570 16.866655 0.326554 0.548067 372.599 0 0
1500.0 83.643476 52.747506 16.875081 0.394710 0.726052 372.646 0 0
1500.0 120.799648 11.721846 16.961231 0.881043 0.184840 372.730 0 0
1500.0 121.496377 15.681027 17.591910 1.153042 0.309097 372.848 0 0
1500.0 119.849178 32.031917 16.873772 0.794511 0.478909 373.058 0 0
1500.0 84.590455 23.587690 16.900447 0.328658 0.335845 373.126 0 0
1500.0 65.420411 65.317070 16.895913 0.155585 0.884816 373.122 0 0
1500.0 68.976849 -41.426390 17.131203 0.193729 -0.676403 373.105 0 0
1500.0 37.853500 9.207257 17.096406 -0.301502 0.101762 373.185 0 0
1500.0 126.260971 -7.679384 16.912831 0.941167 -0.062964 373.500 0 0
1500.0 9.862987 -41.724166 16.863785 -0.678221 -0.516651 373.722 0 0
1500.0 106.327798 28.984291 17.500304 0.885880 0.521145 374.170 0 0
1500.0 60.374792 21.034571 17.450371 0.092708 0.332593 374.261 0 0
1500.0 109.108022 -28.693636 17.675723 0.872633 -0.485345 374.311 0 0
1500.0 128.717941 1.834104 17.276043 1.134441 -0.005209 374.361 0 0
1500.0 100.641826 -38.474939 17.512369 0.773414 -0.631335 374.347 0 0
1500.0 81.485019 1.106596 18.209794 0.432072 0.072596 374.444 0 0
1500.0 64.362939 14.402965 17.475296 0.154627 0.253755 374.825 0 0
1500.0 90.905521 27.178889 17.214059 0.501047 0.415540 374.825 0 0
1500.0 76.903147 -6.342495 17.475835 0.301326 -0.150669 375.002 0 0
1500.0 73.975137 -70.936645 17.045760 0.220632 -0.972752 375.102 0 0
1500.0 64.049979 18.851606 17.712440 0.183659 0.304759 375.156 0 0
1500.0 94.934887 -1.469757 16.989951 0.560125 -0.054207 375.311 0 0
1500.0 88.719220 0.552230 17.728620 0.640786 -0.013974 375.450 0 0
1500.0 0.735814 -2.911129 17.024615 -0.869633 0.002258 375.811 0 0
1500.0 72.834858 15.707435 17.166178 0.233854 0.282349 376.005 0 0
1500.0 78.482685 56.514100 17.031702 0.333373 0.776940 376.141 0 0
1500.0 14.999245 3.422759 17.044597 -0.657749 0.056505 376.398 0 0
1500.0 84.179057 9.806714 17.047510 0.406040 0.081189 376.397 0 0
1500.0 86.781855 21.194565 17.304766 0.385655 0.342582 376.644 0 0
1500.0 82.038018 -18.090734 17.772122 0.441695 -0.287229 376.548 0 0
1500.0 85.321973 27.861915 17.126929 0.453148 0.383133 376.705 0 0
1500.0 50.762355 51.422932 17.043274 -0.045998 0.722707 376.761 0 0
1500.0 -10.215091 41.681338 17.071668 -1.031612 0.606317 376.789 0 0
1500.0 90.843091 32.573006 17.191400 0.474916 0.507391 376.848 0 0
1500.0 57.555513 -21.749720 17.817592 0.010845 -0.398213 376.860 0 0
1500.0 51.855538 6.840343 17.674660 -0.056569 0.057816 376.959 0 0
1500.0 72.482287 -33.686770 17.812778 0.274320 -0.587232 376.989 0 0
1500.0 79.553279 2.135562 17.751949 0.382924 0.025777 377.128 0 0
1500.0 60.761083 -30.143671 17.550256 0.071127 -0.459333 377.123 0 0
1500.0 62.642274 -33.963035 17.300444 0.116152 -0.526750 377.136 0 0
1500.0 -6.204179 -7.449158 17.087699 -0.925016 -0.105020 377.571 0 0
1500.0 45.234604 -56.392293 17.086482 -0.135544 -0.827607 377.811 0 0
1500.0 42.158368 -21.257284 17.428448 -0.243005 -0.284161 377.840 0 0
1500.0 86.336097 -67.255196 17.194141 0.414227 -1.057226 377.892 0 0
1500.0 44.170632 11.084466 17.336495 -0.213873 0.110008 377.975 0 0
1500.0 79.077492 -8.222085 17.805012 0.377684 -0.086954 378.095 0 0
1500.0 107.310529 -35.068837 17.096020 0.712074 -0.533059 378.129 0 0
1500.0 38.541792 1.330104 17.301682 -0.317482 0.048099 378.328 0 0
1500.0 78.503052 -3.274834 18.401619 0.411528 -0.078907 378.369 0 0
1500.0 124.366236 20.987459 17.735296 1.142945 0.330544 378.400 0 0
1500.0 106.959524 36.846815 18.385322 1.034624 0.736183 378.387 0 0
1500.0 84.555594 6.413978 17.543080 0.453210 0.144867 378.456 0 0
1500.0 94.337257 21.716907 17.500077 0.541618 0.360774 378.477 0 0
1500.0 80.215125 -11.738232 17.278727 0.311818 -0.197798 378.705 0 0
1500.0 -6.442146 -3.568094 17.152242 -0.938423 -0.013877 379.117 0 0
1500.0 79.548349 -18.996933 17.908600 0.441950 -0.281265 379.156 0 0
1500.0 81.023958 -51.180208 17.580154 0.428898 -0.936084 379.257 0 0
1500.0 95.738196 48.630365 17.270811 0.570759 0.710288 379.357 0 0
1500.0 82.889681 -27.882885 17.286465 0.369387 -0.464618 379.380 0 0
1500.0 43.920660 -14.311273 17.492486 -0.282584 -0.295612 379.369 0 0
1500.0 113.334051 5.631423 17.271985 0.825187 0.024818 379.543 0 0
1500.0 58.993401 15.167116 17.445164 -0.021350 0.226992 379.544 0 0
1500.0 23.873373 21.835760 17.254172 -0.595585 0.354765 379.736 0 0
1500.0 74.382273 -2.879897 17.473285 0.284635 -0.109593 379.764 0 0
1500.0 110.256714 -9.998845 18.321301 1.010390 -0.161721 379.878 0 0
1500.0 79.199288 3.619214 17.812491 0.375241 0.117200 379.906 0 0
1500.0 93.291986 -6.737725 17.482163 0.547992 -0.162957 380.269 0 0
1500.0 73.785039 11.815961 17.851691 0.370337 0.177728 380.279 0 0
1500.0 61.210040 -2.520602 17.444032 0.018438 0.007475 380.408 0 0
1500.0 -19.051594 -37.868149 17.438602 -1.278730 -0.617408 380.535 0 0
1500.0 100.818701 -60.966168 17.180161 0.603005 -0.857303 380.619 0 0
1500.0 110.543222 19.390393 17.310408 0.808716 0.302478 380.748 0 0
1500.0 49.138235 44.144642 17.691887 -0.142103 0.706242 380.796 0 0
1500.0 72.687511 -18.248817 17.511991 0.273586 -0.322580 380.864 0 0
1500.0 96.837467 -38.941628 17.339851 0.547137 -0.616809 381.151 0 0
1500.0 41.168666 -33.130662 17.425490 -0.222797 -0.544239 381.213 0 0
1500.0 83.652302 -71.812921 17.207680 0.418582 -0.992618 381.501 0 0
1500.0 11.204973 22.620559 17.428157 -0.742569 0.313944 381.552 0 0
1500.0 -92.881694 -32.310635 17.514745 -2.570866 -0.628756 381.601 0 0
1500.0 82.506307 46.253102 17.347086 0.318164 0.713992 381.615 0 0
1500.0 94.281269 -11.454821 17.402599 0.595394 -0.117407 381.638 0 0
1500.0 136.778755 -6.842717 17.401390 1.222339 -0.142781 381.982 0 0
1500.0 79.401245 6.511902 18.085828 0.355356 0.127572 382.033 0 0
1500.0 71.623847 -17.411173 18.290756 0.318995 -0.307596 382.116 0 0
1500.0 73.335769 44.710401 17.409331 0.292216 0.685606 382.109 0 0
1500.0 55.413727 59.871714 17.359139 -0.066550 0.899169 382.282 0 0
1500.0 78.860025 30.860690 17.314804 0.312609 0.404157 382.367 0 0
1500.0 70.710536 -15.855599 17.699265 0.204925 -0.242919 382.696 0 0
1500.0 133.404578 -0.688863 17.302417 1.142270 0.001293 382.795 0 0
1500.0 101.490878 29.209967 17.424983 0.664719 0.533242 382.890 0 0
1500.0 104.744377 -46.828370 17.269595 0.642582 -0.650340 383.033 0 0
1500.0 96.573794 44.729997 17.424515 0.616073 0.677031 383.025 0 0
1500.0 89.716907 48.224476 17.514025 0.525395 0.728570 383.396 0 0
1500.0 27.554572 5.100837 17.901085 -0.547747 0.091542 383.430 0 0
1500.0 125.807835 26.855596 17.316601 0.956723 0.428423 383.600 0 0
1500.0 100.462212 -56.372565 17.323038 0.677842 -0.848395 383.724 0 0
1500.0 54.408285 36.808951 17.447201 -0.090320 0.585595 383.872 0 0
1500.0 21.836850 14.999773 17.448033 -0.565143 0.266807 383.963 0 0
1500.0 49.496622 37.599370 17.447848 -0.161867 0.596518 383.944 0 0
1500.0 108.124669 28.056881 18.108230 0.995934 0.483180 384.080 0 0
1500.0 53.691641 -11.896865 17.766617 -0.075664 -0.178074 384.239 0 0
1500.0 63.388805 -33.542504 17.579851 0.085091 -0.554209 384.303 0 0
1500.0 85.218126 43.423070 17.985055 0.465345 0.756031 384.433 0 0
1500.0 97.985820 -14.618834 17.339366 0.538413 -0.233854 384.448 0 0
1500.0 85.821240 -4.674561 18.003322 0.605958 -0.102751 384.518 0 0
1500.0 101.978714 61.785211 17.335639 0.708384 0.891897 384.641 0 0
1500.0 48.131814 1.285587 17.619495 -0.160557 -0.032979 384.713 0 0
1500.0 84.801251 -19.645460 17.708054 0.457985 -0.352315 384.961 0 0
1500.0 74.558953 -9.236799 18.235206 0.316085 -0.189583 385.022 0 0
1500.0 80.983626 -12.111634 18.662969 0.491489 -0.220372 385.324 0 0
1500.0 69.368818 5.854088 18.107418 0.219299 0.126352 385.777 0 0
1500.0 41.424601 -1.602324 17.571608 -0.272563 -0.102440 385.905 0 0
1500.0 90.163442 11.524279 18.450662 0.649015 0.153220 386.037 0 0
1500.0 100.772117 5.177446 18.257276 0.803197 0.088186 386.231 0 0
1500.0 19.536238 62.009056 17.464803 -0.582000 1.036154 386.299 0 0
1500.0 112.878408 -9.510347 17.372637 0.835673 -0.204137 386.317 0 0
1500.0 119.230416 10.348781 17.343906 0.953014 0.131255 386.470 0 0
1500.0 67.868114 -37.721992 17.486132 0.131530 -0.623797 386.380 0 0
1500.0 31.275552 9.052993 17.485899 -0.437894 0.084301 386.368 0 0
1500.0 76.320974 -21.253950 17.485810 0.231451 -0.366111 386.346 0 0
1500.0 58.514960 -25.242516 17.485768 -0.033199 -0.425461 386.335 0 0
1500.0 99.365907 -10.760801 17.506045 0.690654 -0.187732 386.731 0 0
1500.0 15.780695 7.119009 17.477979 -0.682052 0.168709 386.708 0 0
1500.0 171.622709 -116.594626 17.842897 2.055219 -2.184580 386.693 0 0
1500.0 83.663271 18.112719 18.197748 0.432682 0.300607 386.785 0 0
1500.0 44.393027 8.252190 17.468219 -0.259689 0.158326 386.762 0 0
1500.0 90.817351 -35.384309 17.501011 0.553899 -0.531411 386.920 0 0
1500.0 89.839485 -40.314274 17.490314 0.451416 -0.656319 386.968 0 0
1500.0 32.674889 -21.359682 17.618720 -0.407699 -0.346082 386.975 0 0
1500.0 88.103515 6.160898 17.620137 0.540556 0.060518 387.049 0 0
1500.0 102.041506 -15.902651 17.851876 0.780323 -0.206801 387.379 0 0
1500.0 110.201700 11.444804 17.899218 0.871929 0.179179 387.515 0 0
1500.0 52.304435 -54.117306 17.494059 -0.123101 -0.838225 387.656 0 0
1500.0 4.691450 -29.396649 17.424096 -0.820896 -0.474578 387.753 0 0
1500.0 47.447720 24.521189 17.527139 -0.123245 0.373258 387.847 0 0
1500.0 76.401381 -56.116041 17.496543 0.227306 -0.863956 387.926 0 0
1500.0 41.707415 -1.091201 17.487332 -0.239540 -0.091376 388.003 0 0
1500.0 68.968027 -17.531116 18.064780 0.173706 -0.269763 388.194 0 0
1500.0 27.478624 43.784321 17.475894 -0.501697 0.674986 388.222 0 0
1500.0 116.042357 26.480763 17.416760 0.831083 0.455666 388.252 0 0
1500.0 50.315420 -151.464284 17.382537 -0.057752 -2.261016 388.341 0 0
1500.0 73.689524 -5.291245 17.724333 0.245092 -0.128122 388.353 0 0
1500.0 70.888573 -1.927022 17.726574 0.209643 -0.085660 388.408 0 0
1500.0 103.229063 28.909917 17.824963 0.755075 0.457245 388.450 0 0
1500.0 55.609928 26.966580 17.739474 -0.039638 0.385714 388.476 0 0
1500.0 134.066130 -2.020892 17.679326 1.346849 -0.066035 388.507 0 0
1500.0 81.548120 13.122512 17.807332 0.420988 0.258179 388.572 0 0
1500.0 110.441644 48.754212 17.379540 0.800805 0.665955 388.634 0 0
1500.0 59.687264 -15.621805 17.818649 0.006244 -0.245759 388.644 0 0
1500.0 133.383219 -36.295866 17.785382 1.260184 -0.603425 388.649 0 0
1500.0 85.611117 -65.307240 17.383558 0.451270 -0.931316 388.833 0 0
1500.0 40.207053 -1.959929 17.548797 -0.256919 0.025601 388.881 0 0
1500.0 41.672211 -32.490516 18.006660 -0.253232 -0.549626 388.961 0 0
1500.0 28.737607 -62.701214 17.444411 -0.462813 -0.937073 389.217 0 0
1500.0 102.519749 -23.966792 17.491691 0.661416 -0.426952 389.249 0 0
1500.0 30.406467 -40.917786 17.481889 -0.408637 -0.589378 389.302 0 0
1500.0 110.586310 45.399370 17.395792 0.794276 0.612303 389.403 0 0
1500.0 54.577614 -12.474388 17.487704 -0.088372 -0.206829 389.422 0 0
1500.0 119.703876 15.783509 17.459650 0.907719 0.248022 389.622 0 0
1500.0 60.088286 -71.003045 17.455587 -0.018012 -1.045279 389.860 0 0
1500.0 124.065310 40.234423 18.100071 1.234714 0.708341 389.886 0 0
1500.0 -21.842810 -11.964772 17.442137 -1.213169 -0.118306 389.948 0 0
1500.0 98.517899 -0.945580 17.489041 0.648058 -0.077547 390.011 0 0
1500.0 55.960250 26.680066 17.476556 -0.040521 0.473567 389.997 0 0
1500.0 40.654396 38.779377 17.421131 -0.218348 0.639248 390.110 0 0
1500.0 73.114015 -64.163016 17.526577 0.256555 -0.984830 390.181 0 0
1500.0 51.338112 36.643213 18.031176 -0.086165 0.619883 390.213 0 0
1500.0 85.693900 -37.761167 17.490830 0.454375 -0.621551 390.430 0 0
1500.0 79.329722 0.589723 19.073515 0.542898 -0.029916 390.594 0 0
1500.0 18.076071 -3.260997 17.820111 -0.662022 0.006625 390.598 0 0
1500.0 53.242690 2.882070 17.599167 -0.120748 0.073980 390.626 0 0
1500.0 101.611856 -16.154487 17.534863 0.667123 -0.311881 390.683 0 0
1500.0 72.972381 -20.596876 17.832310 0.227251 -0.376943 390.676 0 0
1500.0 20.560584 -48.955106 17.552465 -0.532874 -0.782906 390.701 0 0
1500.0 111.319846 -59.576458 17.784624 0.952247 -0.972738 390.821 0 0
1500.0 43.349620 14.268894 17.564909 -0.257356 0.262652 390.843 0 0
1500.0 5.349534 33.515902 17.562929 -0.799815 0.585638 390.988 0 0
1500.0 157.137412 -13.909528 17.533549 1.553173 -0.272441 391.151 0 0
1500.0 49.591569 36.515968 17.567146 -0.163221 0.588129 391.421 0 0
1500.0 23.439210 58.501144 17.426605 -0.453255 0.899872 391.461 0 0
1500.0 47.880080 -19.210051 17.643661 -0.147419 -0.361677 391.505 0 0
1500.0 85.071069 -12.083918 19.051997 0.613418 -0.215681 391.598 0 0
1500.0 70.188981 16.425227 17.523553 0.231858 0.307781 391.620 0 0
1500.0 115.122684 -14.048489 17.860148 1.021650 -0.307746 391.661 0 0
1500.0 74.702422 41.423377 17.568752 0.205789 0.657592 391.712 0 0
1500.0 111.832115 6.183738 17.628524 0.811097 0.097942 391.783 0 0
1500.0 50.649754 68.442291 17.449359 -0.106087 1.039830 391.889 0 0
1500.0 101.005223 40.890809 17.468781 0.701302 0.578782 392.020 0 0
1500.0 96.535681 -21.216683 18.271344 0.694037 -0.355938 392.205 0 0
1500.0 117.517625 -9.030988 17.512551 0.917359 -0.072093 392.177 0 0
1500.0 107.285788 51.691293 17.560939 0.823045 0.879507 392.350 0 0
1500.0 41.618170 -21.910482 17.582990 -0.224669 -0.400856 392.460 0 0
1500.0 61.777999 -3.885006 18.536953 0.161435 -0.108757 392.487 0 0
1500.0 10.828984 -22.636308 17.514530 -0.685042 -0.352500 392.486 0 0
1500.0 7.800487 27.781042 17.606345 -0.779246 0.434574 392.505 0 0
1500.0 126.859321 0.240076 17.509340 1.031317 -0.057745 392.520 0 0
1500.0 106.511245 -17.595579 17.581322 0.721633 -0.278257 392.683 0 0
1500.0 82.895260 -13.339024 17.686493 0.469126 -0.204752 392.679 0 0
1500.0 55.884490 68.265586 17.443296 0.008602 1.039013 392.707 0 0
1500.0 143.961277 -16.149576 17.471352 1.297720 -0.314913 392.872 0 0
1500.0 190.972983 87.943538 17.574510 2.154623 1.442975 392.908 0 0
1500.0 121.094678 16.577504 17.442197 0.975367 0.205512 392.920 0 0
1500.0 -68.943935 -8.312384 17.454043 -1.897841 -0.054060 392.956 0 0
1500.0 45.517998 -66.792616 17.593687 -0.180173 -1.023564 393.010 0 0
1500.0 94.488278 -35.577175 18.130750 0.610472 -0.623961 393.121 0 0
1500.0 72.092504 -67.487994 17.518489 0.243291 -1.019597 393.189 0 0
1500.0 71.527916 -67.737568 17.520195 0.234888 -1.021492 393.303 0 0
1500.0 34.161310 -12.677545 17.702360 -0.342951 -0.208408 393.324 0 0
1500.0 57.270531 7.354097 17.540808 0.013203 0.183081 393.324 0 0
1500.0 35.900074 -21.022435 17.617298 -0.306903 -0.341345 393.606 0 0
1500.0 132.896587 -22.063722 17.958894 1.400592 -0.423090 393.726 0 0
1500.0 91.383119 -12.734466 17.700124 0.592321 -0.185826 393.801 0 0
1500.0 76.916167 58.862093 17.515856 0.218742 0.924722 393.840 0 0
1500.0 71.963718 45.303777 17.563192 0.196565 0.738916 393.859 0 0
1500.0 70.767922 -37.793232 17.514070 0.253479 -0.585246 393.897 0 0
1500.0 72.003850 -67.469555 17.564961 0.226416 -1.018321 394.059 0 0
1500.0 52.043115 44.991999 17.558266 -0.091473 0.673766 394.245 0 0
1500.0 51.745527 51.598233 17.564951 -0.100868 0.827791 394.177 0 0
1500.0 70.688829 25.432448 17.901245 0.190094 0.427121 394.291 0 0
1500.0 91.311495 10.703168 17.699045 0.504967 0.227559 394.379 0 0
1500.0 55.505146 -41.856449 17.551344 -0.065181 -0.685329 394.383 0 0
1500.0 100.551614 -86.207386 17.484775 0.661585 -1.280490 394.418 0 0
1500.0 104.589639 10.886783 17.543702 0.711618 0.232153 394.465 0 0
1500.0 125.407197 -7.940515 18.693496 1.352577 -0.224166 394.600 0 0
1500.0 2.710322 -19.356425 17.601632 -0.863149 -0.270767 394.667 0 0
1500.0 43.392115 60.712613 17.562613 -0.178767 1.006086 394.648 0 0
1500.0 88.100940 -40.737616 17.683860 0.521943 -0.636438 394.742 0 0
1500.0 108.304268 13.700270 17.545099 0.763442 0.272614 394.733 0 0
1500.0 54.919962 74.029710 17.518534 0.012337 1.155033 394.795 0 0
1500.0 55.364914 25.572114 17.780090 -0.008304 0.450626 394.873 0 0
1500.0 3.390188 0.580336 17.554280 -0.829523 -0.056560 394.971 0 0
1500.0 56.932050 -49.669682 17.582588 -0.009845 -0.742667 395.023 0 0
1500.0 91.129805 -35.981877 17.526368 0.541016 -0.549560 395.057 0 0
1500.0 10.490410 -30.927610 17.556380 -0.721973 -0.516622 395.286 0 0
1500.0 62.637566 -28.028666 17.977684 0.117800 -0.480272 395.306 0 0
1500.0 78.936651 10.501098 18.237053 0.467606 0.157897 395.376 0 0
1500.0 82.813797 -31.630533 17.797790 0.497125 -0.571860 395.404 0 0
1500.0 26.585757 14.481826 17.790230 -0.552959 0.235903 395.483 0 0
1500.0 89.413199 -42.435517 17.504623 0.478608 -0.627833 395.655 0 0
1500.0 6.276952 -31.177845 17.558998 -0.779729 -0.517753 395.620 0 0
1500.0 71.674718 15.372627 17.718766 0.204095 0.298197 395.731 0 0
1500.0 44.115901 60.931950 17.552972 -0.177818 0.952711 395.768 0 0
1500.0 116.215912 -18.864312 17.572753 0.886726 -0.337318 395.798 0 0
1500.0 40.086012 69.532800 17.642769 -0.229067 1.128939 395.909 0 0
1500.0 100.866346 31.424347 17.540849 0.670802 0.410312 396.069 0 0
1500.0 113.258424 55.272347 17.630319 0.819707 0.919236 396.095 0 0
1500.0 80.413446 -16.478352 18.258486 0.457585 -0.295510 396.166 0 0
1500.0 83.644792 -39.607165 17.582178 0.389719 -0.596293 396.390 0 0
1500.0 102.994828 -51.318853 17.963055 0.840120 -0.846694 396.425 0 0
1500.0 53.790255 -66.409109 17.784781 -0.095870 -1.066738 396.457 0 0
1500.0 63.886914 -33.175272 18.024447 0.102080 -0.603751 396.519 0 0
1500.0 57.881223 -30.078533 17.920127 -0.019459 -0.465217 396.532 0 0
1500.0 123.143847 -17.926892 17.582140 0.974471 -0.319535 396.701 0 0
1500.0 80.428032 10.497751 18.266921 0.410518 0.176406 396.773 0 0
1500.0 118.376525 10.058840 18.051403 1.147307 0.144234 396.768 0 0
1500.0 38.983787 -68.445730 17.559820 -0.255198 -1.039758 396.837 0 0
1500.0 94.523002 -28.612273 17.932955 0.650962 -0.418733 397.133 0 0
1500.0 50.922227 29.374969 18.333688 -0.069099 0.531997 397.130 0 0
1500.0 85.465157 46.671156 17.516475 0.470644 0.664114 397.144 0 0
1500.0 94.789310 -12.429907 18.100424 0.616331 -0.177437 397.224 0 0
1500.0 51.412576 -55.445909 17.517215 -0.030771 -0.838179 397.268 0 0
1500.0 49.692001 -1.917306 17.762405 -0.224342 -0.031016 397.379 0 0
1500.0 97.129929 0.223333 18.336348 0.709569 0.052559 397.442 0 0
1500.0 31.945605 65.181786 17.576165 -0.344944 0.988009 397.603 0 0
1500.0 99.136005 -6.720198 18.102820 0.725814 -0.047201 397.597 0 0
1500.0 63.414187 -7.250549 17.886275 0.050017 -0.100364 397.614 0 0
1500.0 71.923143 -26.840274 17.574483 0.253112 -0.380399 397.976 0 0
1500.0 87.758169 36.600558 17.821523 0.483401 0.602226 397.972 0 0
1500.0 15.263904 -54.495619 17.590589 -0.626489 -0.826960 398.099 0 0
1500.0 93.131143 21.583353 17.824198 0.595871 0.368745 398.196 0 0
1500.0 94.292805 19.702686 17.824207 0.612779 0.341326 398.198 0 0
1500.0 32.003116 -11.246219 17.729552 -0.455656 -0.230432 398.372 0 0
1500.0 100.947811 20.693916 17.825817 0.706187 0.353981 398.545 0 0
1500.0 103.557503 20.355560 17.826595 0.742512 0.348365 398.686 0 0
1500.0 65.356391 -24.817813 18.073080 0.112835 -0.410751 398.696 0 0
1500.0 86.485572 15.104684 17.741325 0.497932 0.270032 398.780 0 0
1500.0 76.989470 4.633066 17.813948 0.365398 0.018388 399.084 0 0
1500.0 63.530249 -31.823155 18.353178 0.117524 -0.593037 399.096 0 0
1500.0 59.284196 57.465491 17.879452 0.079571 1.044762 399.190 0 0
1500.0 41.421639 4.303321 18.297303 -0.274404 0.072363 399.217 0 0
1500.0 62.311168 62.697118 17.607265 0.081589 0.930782 399.291 0 0
1500.0 92.990073 30.883807 17.957351 0.535090 0.544465 399.284 0 0
1500.0 114.008088 55.186137 17.588962 0.916029 0.822853 399.441 0 0
1500.0 85.070523 -23.453091 17.800373 0.406182 -0.414218 399.521 0 0
1500.0 95.424590 28.405574 17.571240 0.623257 0.399166 399.505 0 0
1500.0 53.338313 -22.493016 17.740741 -0.122341 -0.346724 399.917 0 0
1500.0 74.911975 27.313779 17.970795 0.306816 0.416262 399.976 0 0
1500.0 67.109594 -53.575749 17.864216 0.179071 -0.842505 400.011 0 0
1500.0 42.841592 39.706296 17.660881 -0.212943 0.601133 400.104 0 0
1500.0 98.247499 -22.942382 17.817093 0.668618 -0.382383 400.125 0 0
1500.0 69.753387 23.677517 17.975287 0.238033 0.367325 400.147 0 0
1500.0 32.111976 34.654865 17.703377 -0.365543 0.582150 400.159 0 0
1500.0 126.289917 1.603384 17.705657 1.036943 0.069399 400.310 0 0
1500.0 76.612286 16.427613 18.098657 0.406292 0.256347 400.493 0 0
1500.0 48.885368 35.813554 17.861647 -0.130959 0.588137 400.491 0 0
1500.0 -16.592444 -21.656319 17.736831 -1.233639 -0.434493 400.521 0 0
1500.0 99.936981 5.852711 17.815254 0.648065 0.108672 400.703 0 0
1500.0 75.483367 -21.763262 17.945302 0.280929 -0.387878 400.749 0 0
1500.0 105.564371 -21.476617 17.810631 0.786998 -0.294521 400.832 0 0
1500.0 72.897978 35.611617 17.645614 0.222497 0.545219 400.923 0 0
1500.0 84.612308 -7.652633 17.811186 0.445372 -0.100344 401.003 0 0
1500.0 78.472486 -31.190797 18.251182 0.352235 -0.512026 401.160 0 0
1500.0 62.706557 5.407702 18.181377 0.119575 0.146364 401.180 0 0
1500.0 93.738709 32.243108 18.492527 0.631218 0.569894 401.205 0 0
1500.0 128.529117 24.998219 17.845046 1.126357 0.379613 401.273 0 0
1500.0 118.370993 -7.352883 17.650974 0.998858 -0.076850 401.265 0 0
1500.0 114.160344 9.536994 17.813926 0.905160 0.152944 401.301 0 0
1500.0 -9.205711 -14.857496 17.635562 -1.018927 -0.220653 401.317 0 0
1500.0 87.593352 53.992615 17.705214 0.525583 0.877244 401.400 0 0
1500.0 99.065637 -9.632849 17.943716 0.680064 -0.199026 401.446 0 0
1500.0 48.853730 18.922725 18.256473 -0.114409 0.295391 401.585 0 0
1500.0 84.778633 10.646563 17.638891 0.426862 0.090435 401.580 0 0
1500.0 50.312103 -1.788819 17.604413 -0.130496 0.047066 401.605 0 0
1500.0 0.207643 -15.127444 17.609435 -0.914001 -0.185833 401.708 0 0
1500.0 79.282081 48.512776 17.869617 0.302058 0.804021 401.710 0 0
1500.0 79.490650 33.988654 17.971854 0.421507 0.528053 401.771 0 0
1500.0 94.511920 -5.386291 17.891800 0.639744 -0.063635 401.777 0 0
1500.0 107.140274 -41.102887 17.579032 0.777978 -0.599340 401.817 0 0
1500.0 43.859586 -49.513721 17.646311 -0.274914 -0.710389 401.847 0 0
1500.0 48.759494 -34.935888 17.956775 -0.205204 -0.568296 401.896 0 0
1500.0 89.607167 9.401716 17.604910 0.454641 0.213136 402.058 0 0
1500.0 43.275147 24.852798 17.654500 -0.262068 0.425658 402.114 0 0
1500.0 108.979845 43.715055 17.719099 0.740457 0.694109 402.224 0 0
1500.0 36.426416 13.159292 17.658799 -0.352503 0.260422 402.185 0 0
1500.0 104.113877 49.059662 17.720094 0.670292 0.769305 402.312 0 0
1500.0 50.827306 -45.973753 18.114935 -0.047778 -0.830937 402.601 0 0
1500.0 82.375544 19.691528 18.345709 0.455517 0.309386 402.678 0 0
1500.0 97.015259 -8.099201 18.257265 0.653847 -0.110023 402.721 0 0
1500.0 90.025018 -3.276021 18.857694 0.672531 -0.051318 402.720 0 0
1500.0 45.864934 -14.349692 18.290955 -0.176710 -0.302400 402.781 0 0
1500.0 77.614244 -65.617850 17.589627 0.249426 -0.981785 402.918 0 0
1500.0 74.722361 59.637313 17.730523 0.248197 0.928028 403.028 0 0
1500.0 95.193561 9.227089 17.970224 0.649021 0.164284 403.068 0 0
1500.0 58.955823 -1.034002 17.966917 0.036102 0.054994 403.076 0 0
1500.0 73.295101 44.921940 17.635515 0.240299 0.667869 403.130 0 0
1500.0 53.950179 -17.419119 18.091878 -0.033549 -0.283308 403.183 0 0
1500.0 33.585889 -3.218884 17.628271 -0.354549 0.019136 403.157 0 0
1500.0 32.282078 44.647030 17.658618 -0.418583 0.708187 403.159 0 0
1500.0 81.706750 11.848541 17.725560 0.429607 0.147784 403.611 0 0
1500.0 153.860615 -45.635672 17.647796 1.385417 -0.695376 403.779 0 0
1500.0 99.177067 -8.443500 17.850818 0.699327 -0.126692 403.693 0 0
1500.0 84.351137 -31.255607 17.669238 0.406268 -0.498989 404.026 0 0
1500.0 122.701382 86.703130 17.776751 0.990295 1.377293 404.162 0 0
1500.0 65.795638 14.148600 17.930056 0.080221 0.228643 404.223 0 0
1500.0 53.385260 19.151806 17.844610 -0.037699 0.356219 404.236 0 0
1500.0 129.156899 73.347997 17.658504 1.075939 1.133027 404.475 0 0
1500.0 112.368275 1.137320 17.644267 0.861538 0.038019 404.657 0 0
1500.0 77.334758 -28.738316 17.926426 0.277093 -0.487878 404.671 0 0
1500.0 92.527406 -12.818692 18.237590 0.587925 -0.172119 404.851 0 0
1500.0 63.896959 -21.912875 17.956479 0.112651 -0.355080 404.860 0 0
1500.0 -9.910502 10.032857 17.674389 -1.008922 0.197718 404.907 0 0
1500.0 22.003812 57.548143 17.675832 -0.553588 0.872798 405.024 0 0
1500.0 102.740914 -23.767353 17.772901 0.794035 -0.363074 405.002 0 0
1500.0 -8.035639 19.941650 17.676683 -0.979645 0.337913 405.092 0 0
1500.0 -4.345253 31.389885 17.628114 -0.901427 0.516646 405.106 0 0
1500.0 78.470341 -2.020175 18.553337 0.430629 -0.044385 405.333 0 0
1500.0 74.616861 54.848517 17.898615 0.272548 0.857159 405.295 0 0
1500.0 65.724064 -56.723174 17.685230 0.071377 -0.883024 405.302 0 0
1500.0 57.205621 -55.161020 17.735013 0.044343 -0.857893 405.351 0 0
1500.0 47.681912 29.752531 17.916160 -0.243296 0.479198 405.365 0 0
1500.0 74.744986 13.290455 18.116192 0.286328 0.237939 405.497 0 0
1500.0 -3.499641 -33.802386 17.688642 -0.919653 -0.455190 405.550 0 0
1500.0 102.370682 107.720133 17.654132 0.642272 1.578970 405.512 0 0
1500.0 112.046178 23.544155 17.868478 0.871759 0.336941 405.445 0 0
1500.0 52.049772 51.906163 17.848320 -0.056327 0.823810 405.537 0 0
1500.0 82.348233 34.885253 17.775019 0.323632 0.575828 405.456 0 0
1500.0 89.574278 -4.015685 18.187247 0.550562 0.007741 405.586 0 0
1500.0 104.809096 12.287971 17.958296 0.784793 0.173924 405.606 0 0
1500.0 64.091984 1.930192 17.817158 0.074791 0.095644 405.694 0 0
1500.0 82.298125 24.345898 18.187812 0.445355 0.412961 405.745 0 0
1500.0 118.334182 -26.118943 17.653262 0.933788 -0.354006 405.742 0 0
1500.0 60.355760 -21.412753 18.181226 0.053672 -0.365058 405.788 0 0
1500.0 76.674681 8.346947 17.908032 0.365485 0.080046 405.925 0 0
1500.0 85.539581 15.437674 17.682823 0.478239 0.261085 405.974 0 0
1500.0 61.245515 -48.287138 17.785104 0.082392 -0.776246 406.003 0 0
1500.0 -22.789864 54.733551 17.693251 -1.324435 0.844341 405.987 0 0
1500.0 70.427186 -63.449876 17.691005 0.138302 -0.970448 406.041 0 0
1500.0 78.634107 58.571754 17.675352 0.372676 0.849074 406.043 0 0
1500.0 96.729059 -15.661869 17.764292 0.634200 -0.282292 406.057 0 0
1500.0 78.018487 24.319038 17.843502 0.370621 0.409328 406.172 0 0
1500.0 95.612420 0.591623 17.705324 0.632687 0.027633 406.138 0 0
1500.0 68.933006 -2.411126 17.867508 0.142029 -0.096094 406.190 0 0
1500.0 118.055391 17.097106 17.753121 0.939816 0.270339 406.345 0 0
1500.0 123.691263 -16.929910 17.828973 1.011064 -0.256570 406.406 0 0
1500.0 81.846404 -49.719861 17.844704 0.331161 -0.776811 406.407 0 0
1500.0 86.477288 -50.847459 17.808843 0.478833 -0.784931 406.412 0 0
1500.0 69.769278 47.183194 18.516735 0.220012 0.857404 406.418 0 0
1500.0 123.630541 -8.398278 17.859004 1.019488 -0.103224 406.490 0 0
1500.0 84.136271 -44.725772 17.867032 0.392742 -0.770923 406.568 0 0
1500.0 128.184361 -38.511719 18.606689 1.448226 -0.793241 406.588 0 0
1500.0 79.962746 -17.434513 18.750091 0.499637 -0.272306 406.614 0 0
1500.0 70.207701 -26.569261 17.925044 0.238290 -0.396624 406.797 0 0
1500.0 100.831834 12.623431 17.736277 0.665437 0.255669 406.792 0 0
1500.0 87.186207 15.345102 17.821182 0.497175 0.281890 406.898 0 0
1500.0 75.533500 -57.306570 17.790049 0.287453 -0.896074 406.923 0 0
1500.0 172.187339 62.233010 17.738484 1.840751 0.923559 406.928 0 0
1500.0 31.312704 5.020018 18.227809 -0.455429 0.132426 406.942 0 0
1500.0 123.889693 -13.562929 17.759918 1.013774 -0.168077 407.017 0 0
1500.0 39.788623 8.041690 18.016527 -0.298998 0.106119 406.984 0 0
1500.0 15.330041 36.161476 17.716927 -0.640076 0.620825 407.002 0 0
1500.0 111.729172 44.620815 17.670487 0.822734 0.649119 407.113 0 0
1500.0 87.476133 -2.188514 17.915747 0.481509 -0.014283 407.137 0 0
1500.0 -5.363862 13.957561 17.689841 -0.933478 0.272241 407.139 0 0
1500.0 72.792977 35.516508 17.839463 0.202958 0.590464 407.230 0 0
1500.0 78.345114 12.642869 17.919840 0.359759 0.181906 407.291 0 0
1500.0 76.762076 23.343241 18.917699 0.401454 0.389130 407.386 0 0
1500.0 118.986769 -28.898931 17.750024 0.945977 -0.389339 407.406 0 0
1500.0 50.652249 63.541998 17.691722 -0.122544 0.986424 407.369 0 0
1500.0 18.932204 23.433195 17.846728 -0.623615 0.368803 407.374 0 0
1500.0 47.363820 49.045898 17.767863 -0.221260 0.730466 407.508 0 0
1500.0 24.242325 56.495241 17.714269 -0.466456 0.903580 407.611 0 0
1500.0 94.114496 6.678209 18.012389 0.641359 0.089290 407.642 0 0
1500.0 78.504882 4.013980 18.520642 0.469475 0.040710 407.691 0 0
1500.0 64.735587 -36.049740 17.876341 0.160655 -0.595476 407.677 0 0
1500.0 76.202221 -9.419139 17.861732 0.276706 -0.188611 407.822 0 0
1500.0 -10.477039 -17.687780 17.712328 -1.000759 -0.304198 407.794 0 0
1500.0 79.997052 -21.821529 18.561335 0.475529 -0.356921 408.095 0 0
1500.0 74.726837 7.663174 17.791497 0.327432 0.081934 408.090 0 0
1500.0 92.142349 5.427512 18.567207 0.609965 0.142659 408.172 0 0
1500.0 82.217465 39.338055 17.963489 0.474977 0.665647 408.180 0 0
1500.0 40.032100 37.690001 17.941384 -0.319874 0.680480 408.219 0 0
1500.0 103.561175 -31.618116 17.850140 0.735438 -0.507405 408.228 0 0
1500.0 78.244362 1.734380 17.770406 0.326471 0.065379 408.312 0 0
1500.0 71.191333 4.301212 18.310229 0.181158 0.084967 408.384 0 0
1500.0 63.231257 3.168638 18.556368 0.067432 0.048956 408.416 0 0
1500.0 124.462703 -13.566788 17.779970 1.006875 -0.242751 408.481 0 0
1500.0 43.042620 -38.599586 17.808081 -0.319411 -0.594410 408.491 0 0
1500.0 44.220650 -22.059888 18.357405 -0.229715 -0.418613 408.559 0 0
1500.0 77.819913 -18.108693 18.313609 0.399673 -0.325518 408.687 0 0
1500.0 90.391166 -14.029179 17.893437 0.473969 -0.248742 408.868 0 0
1500.0 85.684448 6.049447 18.386719 0.519774 0.149837 408.780 0 0
1500.0 106.434962 -26.407118 17.906677 0.891386 -0.460808 409.014 0 0
1500.0 65.081235 -19.901700 18.253518 0.106788 -0.319201 409.036 0 0
1500.0 70.584371 -0.894272 18.047587 0.221992 0.051014 409.097 0 0
1500.0 85.742138 -10.909872 17.853533 0.418924 -0.236281 409.100 0 0
1500.0 115.798913 -4.470255 18.045435 0.942119 -0.124699 409.136 0 0
1500.0 102.137325 -4.419893 18.212663 0.810154 -0.027841 409.126 0 0
1500.0 56.368997 42.154180 17.726859 -0.051983 0.696147 409.234 0 0
1500.0 87.098552 -15.852027 18.079821 0.454577 -0.303315 409.391 0 0
1500.0 86.812294 8.239950 18.075526 0.480408 0.080964 409.417 0 0
1500.0 79.721766 67.008299 17.704663 0.372032 0.980047 409.458 0 0
1500.0 108.102698 42.286904 17.815494 0.860285 0.689831 409.515 0 0
1500.0 75.571318 12.317103 17.906235 0.327089 0.244706 409.639 0 0
1500.0 65.594924 16.350908 18.182465 0.195348 0.317281 409.587 0 0
1500.0 102.105019 -2.282982 18.251308 0.772929 -0.015047 409.658 0 0
1500.0 37.507458 -32.970415 18.016173 -0.351105 -0.633584 409.649 0 0
1500.0 44.028459 16.346798 17.771606 -0.225236 0.268895 409.797 0 0
1500.0 98.887348 -19.536257 17.905617 0.644813 -0.343828 409.856 0 0
1500.0 77.340951 -20.459367 18.277087 0.388038 -0.360989 409.845 0 0
1500.0 83.431322 -4.709475 18.518379 0.539672 -0.066271 410.041 0 0
1500.0 73.017922 38.314820 18.320636 0.287649 0.744158 410.045 0 0
1500.0 71.572864 -28.461540 18.184782 0.183211 -0.535396 409.990 0 0
1500.0 211.483605 53.288653 17.697542 2.301331 0.745497 410.116 0 0
1500.0 52.951944 36.224496 18.007389 -0.105044 0.564580 410.120 0 0
1500.0 66.346135 -43.644493 17.898791 0.159702 -0.714324 410.155 0 0
1500.0 88.303542 59.576857 17.729455 0.404042 0.892985 410.184 0 0
1500.0 13.407862 31.102686 17.875127 -0.685227 0.504637 410.329 0 0
1500.0 67.878168 -23.165983 17.737413 0.099185 -0.408586 410.356 0 0
1500.0 123.666887 17.561628 17.718269 0.982225 0.274557 410.423 0 0
1500.0 140.840860 30.964905 17.994905 1.420239 0.520045 410.453 0 0
1500.0 96.334776 37.535399 17.821905 0.591707 0.531030 410.628 0 0
1500.0 96.757207 -27.619511 18.138557 0.683450 -0.418234 410.545 0 0
1500.0 97.428362 -27.036550 18.082433 0.688835 -0.406170 410.590 0 0
1500.0 39.772931 -41.060092 17.757075 -0.223428 -0.670416 410.541 0 0
1500.0 40.688614 -11.969059 18.470712 -0.287682 -0.226667 410.621 0 0
1500.0 73.118303 -13.321350 18.168778 0.291667 -0.222153 410.712 0 0
1500.0 86.431720 -74.046131 17.843977 0.471032 -1.204742 410.698 0 0
1500.0 77.284032 1.810335 19.789912 0.534207 0.040054 410.772 0 0
1500.0 78.504449 3.272836 18.168971 0.361942 -0.005538 410.719 0 0
1500.0 86.516201 -38.273882 17.955052 0.491592 -0.617240 410.788 0 0
1500.0 84.850082 25.228864 17.800755 0.482396 0.365363 410.747 0 0
1500.0 41.095475 30.114338 18.243987 -0.289218 0.499728 410.738 0 0
1500.0 54.261255 4.169290 18.194305 -0.050570 0.111198 411.030 0 0
1500.0 86.937425 -29.047161 17.800295 0.511986 -0.445222 410.961 0 0
1500.0 95.503142 -1.003397 18.029422 0.670051 -0.070051 410.964 0 0
1500.0 107.353338 32.561023 17.749891 0.759924 0.540669 411.132 0 0
1500.0 118.628095 -36.732192 17.928095 0.961885 -0.640510 411.375 0 0
1500.0 95.580325 -73.145656 18.015643 0.705905 -1.211558 411.360 0 0
1500.0 66.788990 -11.274253 18.016068 0.091421 -0.179633 411.589 0 0
1500.0 56.375731 -3.842274 18.129115 -0.000982 -0.111042 411.614 0 0
1500.0 91.501878 -33.014970 17.723844 0.489916 -0.568510 411.689 0 0
1500.0 77.150326 12.665869 19.109133 0.488826 0.226453 411.729 0 0
1500.0 42.841594 66.658104 17.775265 -0.215102 1.022490 411.774 0 0
1500.0 44.358607 -28.076733 17.743388 -0.262748 -0.478294 411.801 0 0
1500.0 112.994683 35.853555 17.774137 0.831849 0.528931 411.917 0 0
1500.0 109.486270 -24.582542 17.981719 0.848715 -0.360186 412.012 0 0
1500.0 262.357620 -12.364982 17.713730 2.981793 -0.249869 412.036 0 0
1500.0 88.983386 16.292743 17.879411 0.534414 0.193185 412.072 0 0
1500.0 91.982498 -21.443315 17.875165 0.487306 -0.351577 412.254 0 0
1500.0 9.285759 -26.936398 17.723652 -0.733989 -0.473468 412.266 0 0
1500.0 130.045210 88.905280 17.859894 1.176156 1.390331 412.341 0 0
1500.0 116.347816 17.765969 17.740762 0.859997 0.286527 412.467 0 0
1500.0 101.586876 -54.314205 17.779116 0.689465 -0.786950 412.450 0 0
1500.0 36.521359 25.102324 18.092623 -0.326334 0.423874 412.491 0 0
1500.0 13.182600 14.129641 17.845991 -0.710888 0.259604 412.485 0 0
1500.0 27.974905 37.983041 17.823981 -0.513753 0.570659 412.715 0 0
1500.0 95.925272 7.221745 18.120329 0.648307 0.157011 412.822 0 0
1500.0 105.852677 -32.575833 18.349190 0.849793 -0.611005 412.813 0 0
1500.0 108.336006 38.524026 17.918759 0.759120 0.658800 412.886 0 0
1500.0 68.665750 62.062898 17.812986 0.227215 0.941029 412.939 0 0
1500.0 55.278447 -8.365873 17.893689 -0.004412 -0.174651 412.987 0 0
1500.0 61.519375 68.633811 17.725924 0.106641 0.995713 412.986 0 0
1500.0 123.639349 14.366455 17.780167 1.006740 0.248334 413.063 0 0
1500.0 69.743542 -6.195575 18.501872 0.302747 -0.153516 413.080 0 0
1500.0 94.246990 7.540181 17.952994 0.637174 0.096729 413.057 0 0
1500.0 59.142667 -45.579685 17.752505 0.022654 -0.758521 413.142 0 0
1500.0 103.558923 -33.070981 17.914346 0.703814 -0.572601 413.155 0 0
1500.0 68.595410 -17.285491 17.866342 0.198796 -0.277127 413.181 0 0
1500.0 119.667223 25.236473 17.806507 0.966963 0.352245 413.258 0 0
1500.0 76.706409 3.475644 17.867937 0.313692 -0.021399 413.279 0 0
1500.0 127.202480 -21.550969 17.862916 1.114669 -0.414513 413.353 0 0
1500.0 97.026173 -4.079670 18.823247 0.891827 -0.095248 413.547 0 0
1500.0 68.794009 -20.352037 18.288833 0.157966 -0.313860 413.661 0 0
1500.0 26.429571 -1.969885 17.955094 -0.579519 0.004753 413.627 0 0
1500.0 78.876136 21.530263 17.823476 0.256669 0.365728 413.679 0 0
1500.0 121.800325 5.288765 17.920011 1.008868 0.054090 413.734 0 0
1500.0 9.496543 -42.161704 17.893945 -0.850536 -0.669827 413.796 0 0
1500.0 88.954046 16.910383 18.280539 0.522248 0.256358 413.840 0 0
1500.0 95.995572 47.190896 17.751272 0.629998 0.674130 413.840 0 0
1500.0 61.055696 -55.321249 17.764298 0.099156 -0.872970 413.816 0 0
1500.0 118.311381 -9.627942 17.878531 0.948103 -0.189928 413.873 0 0
1500.0 82.884714 6.518707 18.247842 0.493998 0.037421 413.900 0 0
1500.0 66.883276 2.647661 18.829348 0.249628 0.084084 413.913 0 0
1500.0 83.164440 13.055453 18.308198 0.448094 0.203100 413.912 0 0
1500.0 74.691286 3.550178 18.338056 0.316019 -0.009313 413.931 0 0
1500.0 63.122113 1.001549 18.595851 0.116994 0.044363 413.967 0 0
1500.0 20.273700 6.724995 17.820988 -0.627577 0.140307 414.127 0 0
1500.0 34.855495 34.853560 17.775884 -0.421478 0.500091 414.119 0 0
1500.0 51.155787 -10.833829 18.172729 -0.077318 -0.200635 414.136 0 0
1500.0 84.470386 -5.034808 18.429546 0.479524 -0.038914 414.164 0 0
1500.0 46.183561 -18.684638 18.040709 -0.213967 -0.305067 414.273 0 0
1500.0 92.389360 14.948718 18.042734 0.537845 0.248015 414.440 0 0
1500.0 75.038023 -58.901636 17.764810 0.304215 -0.917578 414.449 0 0
1500.0 -17.979487 -83.115225 17.904204 -1.245796 -1.384591 414.436 0 0
1500.0 97.932454 11.358750 17.876121 0.683947 0.157959 414.484 0 0
1500.0 39.492266 41.708950 18.054417 -0.291907 0.666903 414.568 0 0
1500.0 113.408513 34.481872 17.837191 0.907433 0.553562 414.636 0 0
1500.0 65.499966 71.588936 17.903265 0.183086 1.140502 414.552 0 0
1500.0 107.681549 2.492808 17.975631 0.800105 0.099487 414.723 0 0
1500.0 131.406831 -8.671741 17.824854 1.187625 -0.085528 414.752 0 0
1500.0 204.102128 46.004747 17.812018 2.361905 0.681184 414.802 0 0
1500.0 59.318835 -28.537599 17.887014 -0.022344 -0.426750 414.884 0 0
1500.0 86.830691 19.480237 17.921924 0.536636 0.312102 414.829 0 0
1500.0 101.450326 6.172411 18.288173 0.748503 0.179502 414.984 0 0
1500.0 72.971989 36.308927 17.994260 0.306005 0.591298 415.025 0 0
1500.0 77.155013 8.658385 18.032036 0.281633 0.195081 415.006 0 0
1500.0 72.819912 -95.580414 17.741984 0.248547 -1.409687 415.089 0 0
1500.0 -10.859017 7.958811 17.749496 -1.045818 0.063539 415.090 0 0
1500.0 90.489043 40.929462 18.002934 0.575077 0.655454 415.232 0 0
1500.0 54.132379 -12.276057 17.812012 -0.124653 -0.143736 415.161 0 0
1500.0 81.716590 -49.397087 17.864705 0.306405 -0.782647 415.269 0 0
1500.0 81.336793 21.433923 18.029960 0.343106 0.385767 415.295 0 0
1500.0 92.762869 -22.514486 17.936541 0.607085 -0.303963 415.440 0 0
1500.0 94.270956 16.218270 17.936411 0.629422 0.276094 415.467 0 0
1500.0 40.962329 -3.552997 18.043911 -0.291686 -0.020082 415.331 0 0
1500.0 41.240827 9.593401 18.043474 -0.287257 0.178028 415.384 0 0
1500.0 123.518881 -4.638868 18.119622 1.123768 -0.129119 415.334 0 0
1500.0 89.620360 -4.458895 18.566513 0.711597 -0.086194 415.339 0 0
1500.0 111.425865 -21.370755 17.960871 0.877300 -0.328456 415.542 0 0
1500.0 48.265520 52.855488 17.922490 -0.138877 0.854271 415.621 0 0
1500.0 65.783553 -22.433569 18.678479 0.112371 -0.378731 415.593 0 0
1500.0 126.297824 -3.795614 17.770330 1.040097 -0.103850 415.706 0 0
1500.0 60.368467 -15.078228 18.001495 0.081916 -0.301519 415.792 0 0
1500.0 88.758832 -13.865917 18.395886 0.505607 -0.239525 415.821 0 0
1500.0 117.225951 32.917837 17.841941 0.927986 0.487044 415.826 0 0
1500.0 83.476129 -28.669622 17.972450 0.459864 -0.480615 415.912 0 0
1500.0 124.490966 22.809372 17.761729 0.968222 0.400655 415.937 0 0
1500.0 113.312824 136.310839 17.838669 0.823355 2.180827 415.981 0 0
1500.0 48.602846 -54.326920 17.845391 -0.079827 -0.861379 416.021 0 0
1500.0 40.640755 -31.269837 17.976989 -0.313969 -0.585041 416.041 0 0
1500.0 63.362431 22.068994 18.128341 0.088489 0.397066 416.252 0 0
1500.0 1.544093 -12.716031 17.780322 -0.827571 -0.229494 416.439 0 0
1500.0 90.276073 -35.050198 18.057189 0.521196 -0.591873 416.390 0 0
1500.0 120.011881 -17.380197 18.099778 1.055635 -0.320398 416.513 0 0
1500.0 25.803106 -25.621955 18.132392 -0.537881 -0.508055 416.469 0 0
1500.0 37.093262 34.981844 17.936721 -0.277600 0.598266 416.637 0 0
1500.0 111.449436 44.625304 18.064701 0.928483 0.767641 416.669 0 0
1500.0 115.203140 -20.055806 17.933585 0.923571 -0.261572 416.860 0 0
1500.0 69.236926 -4.559045 18.248983 0.227169 -0.142963 416.884 0 0
1500.0 102.574303 -18.600844 18.037295 0.721935 -0.355171 416.920 0 0
1500.0 28.707964 -39.351993 17.790672 -0.448004 -0.593660 417.000 0 0
1500.0 104.384898 9.772376 17.934898 0.729099 0.218392 417.007 0 0
1500.0 83.390390 -5.355777 17.992193 0.388047 -0.132508 417.059 0 0
1500.0 36.088054 -62.249966 17.772689 -0.304876 -0.951220 417.167 0 0
1500.0 89.983279 -40.574384 17.992997 0.519173 -0.673048 417.228 0 0
1500.0 107.345523 -31.119275 17.934627 0.805376 -0.530684 417.217 0 0
1500.0 87.593909 -0.934100 18.061573 0.473250 -0.058143 417.326 0 0
1500.0 2.386687 11.776328 17.852285 -0.881957 0.262764 417.256 0 0
1500.0 108.986177 -46.957495 17.899268 0.879450 -0.798236 417.243 0 0
1500.0 81.335952 13.379897 17.976361 0.397247 0.206676 417.393 0 0
1500.0 22.679685 -47.307572 17.777196 -0.544521 -0.709111 417.398 0 0
1500.0 80.538405 -22.748759 18.149753 0.403210 -0.323181 417.425 0 0
1500.0 62.326034 -65.826497 17.787474 0.111985 -0.976347 417.455 0 0
1500.0 72.005285 4.643869 18.326040 0.258701 0.139400 417.527 0 0
1500.0 137.402974 21.871451 17.848723 1.327633 0.342041 417.494 0 0
1500.0 115.270960 23.429881 17.818310 0.881454 0.389649 417.603 0 0
1500.0 65.153733 16.204065 18.325670 0.158211 0.308234 417.612 0 0
1500.0 102.578201 33.487780 17.946225 0.780412 0.516929 417.635 0 0
1500.0 74.562436 -40.038711 17.947891 0.278870 -0.715072 417.677 0 0
1500.0 -49.404263 -12.083798 17.931381 -1.770322 -0.266010 417.658 0 0
1500.0 104.965342 49.067563 17.867429 0.758469 0.720009 417.696 0 0
1500.0 108.090156 16.380714 17.953439 0.812891 0.300422 417.775 0 0
1500.0 103.386925 -31.759759 17.919861 0.689637 -0.484068 417.930 0 0
1500.0 114.700385 33.099125 17.936299 0.902635 0.510374 417.884 0 0
1500.0 127.846159 10.603508 17.926268 1.168773 0.113019 417.855 0 0
1500.0 123.811740 8.453083 17.937209 1.031525 0.153833 418.070 0 0
1500.0 98.680459 -5.842441 17.918694 0.617385 -0.087475 418.102 0 0
1500.0 94.891391 -48.996630 17.991915 0.584024 -0.787241 418.141 0 0
1500.0 68.506853 -30.400126 17.911799 0.203782 -0.533087 418.141 0 0
1500.0 80.855763 -52.820184 18.067777 0.461240 -0.968373 418.141 0 0
1500.0 101.102953 -39.986446 17.798157 0.652023 -0.605343 418.214 0 0
1500.0 99.167965 -35.588222 17.908025 0.700901 -0.512310 418.323 0 0
1500.0 98.779492 -33.842875 18.004836 0.675941 -0.668718 418.370 0 0
1500.0 112.812544 -30.299865 18.386292 0.977100 -0.524930 418.384 0 0
1500.0 113.291551 -38.843439 17.852811 0.851101 -0.607829 418.564 0 0
1500.0 61.030585 -40.494100 17.799701 -0.009608 -0.603506 418.658 0 0
1500.0 81.679867 -7.438767 18.464848 0.488226 -0.067489 418.887 0 0
1500.0 72.657566 -65.596640 17.870548 0.220718 -1.022464 418.888 0 0
1500.0 72.786391 23.135403 17.888247 0.225099 0.430203 418.854 0 0
1500.0 69.569293 17.319497 17.817492 0.246721 0.300148 418.907 0 0
1500.0 57.223408 -39.663367 17.967478 -0.022596 -0.599370 419.060 0 0
1500.0 81.689981 -7.537031 18.503193 0.488223 -0.166266 419.055 0 0
1500.0 25.563542 -42.010885 17.900579 -0.526948 -0.684228 419.066 0 0
1500.0 29.817394 57.507230 17.913324 -0.457897 0.890014 419.092 0 0
1500.0 75.233310 -15.193028 18.071160 0.278360 -0.304770 419.095 0 0
1500.0 119.979194 -25.602900 17.857457 0.939741 -0.414660 419.106 0 0
1500.0 45.961969 36.192844 18.015567 -0.184120 0.616947 419.235 0 0
1500.0 99.577921 53.409113 17.891607 0.667979 0.803160 419.246 0 0
1500.0 65.353021 -45.945980 18.156969 0.067715 -0.815567 419.293 0 0
1500.0 68.752488 -12.737245 18.159911 0.242318 -0.259839 419.325 0 0
1500.0 103.446805 -14.276199 18.671409 0.924331 -0.291459 419.373 0 0
1500.0 80.105251 -38.321490 18.195494 0.316600 -0.674971 419.385 0 0
1500.0 91.334198 -2.822578 17.811619 0.518285 -0.061397 419.402 0 0
1500.0 91.278017 38.176150 17.898654 0.477820 0.642581 419.574 0 0
1500.0 56.932005 13.242039 17.846364 0.045143 0.253613 419.452 0 0
1500.0 70.186314 -35.045894 17.988926 0.266860 -0.574888 419.621 0 0
1500.0 93.873803 -8.812179 17.995503 0.570071 -0.209228 419.688 0 0
1500.0 99.986097 -68.301970 17.949218 0.746136 -1.130865 419.689 0 0
1500.0 67.020505 2.696649 18.017420 0.202250 0.066970 419.830 0 0
1500.0 42.669658 50.030984 17.897132 -0.254295 0.818069 419.843 0 0
1500.0 42.291596 12.954633 18.246942 -0.252559 0.215577 419.985 0 0
1500.0 -9.193689 -28.902835 17.843733 -1.025731 -0.469365 420.088 0 0
1500.0 25.367024 40.471589 17.893241 -0.545521 0.646482 420.096 0 0
1500.0 55.767069 -3.200856 17.882418 -0.041868 -0.126109 420.085 0 0
1500.0 87.962109 37.665227 17.917988 0.419476 0.651243 420.159 0 0
1500.0 62.941869 0.984837 18.278220 0.128078 -0.052308 420.241 0 0
1500.0 49.331348 -67.514179 17.823022 -0.172650 -1.023227 420.268 0 0
1500.0 88.339640 8.433661 18.112222 0.560228 0.166365 420.193 0 0
1500.0 95.803480 33.904532 17.806598 0.639134 0.545448 420.181 0 0
1500.0 69.620486 -31.056241 17.928072 0.161025 -0.546991 420.324 0 0
1500.0 61.962297 -13.487130 17.807226 0.030045 -0.282371 420.264 0 0
1500.0 82.952166 8.025110 18.676978 0.507624 0.071885 420.349 0 0
1500.0 71.338507 40.687617 17.836583 0.264442 0.669030 420.376 0 0
1500.0 115.098292 43.001912 17.987150 0.974397 0.765903 420.466 0 0
1500.0 16.925936 -92.568367 17.910384 -0.681383 -1.604765 420.469 0 0
1500.0 96.381614 18.676540 17.852515 0.583656 0.307821 420.566 0 0
1500.0 37.214095 36.309422 17.869852 -0.339282 0.533640 420.621 0 0
1500.0 75.712295 34.564845 18.300303 0.358460 0.580147 420.669 0 0
1500.0 107.697719 -50.801768 17.827916 0.770205 -0.828348 420.771 0 0
1500.0 80.823713 -0.798400 18.183663 0.460224 -0.044853 420.717 0 0
1500.0 87.709895 -38.280881 18.026851 0.507303 -0.702258 420.744 0 0
1500.0 45.541209 45.857283 17.921326 -0.205219 0.757069 420.820 0 0
1500.0 108.424807 17.041601 18.069640 0.837042 0.302046 420.845 0 0
1500.0 62.190507 7.401943 17.899460 0.011284 0.067175 420.873 0 0
1500.0 63.792525 60.855025 17.803433 0.152821 0.943061 420.909 0 0
1500.0 106.694564 -6.639335 18.109772 0.836640 -0.101632 421.076 0 0
1500.0 69.860165 61.580779 17.802875 0.242828 0.950596 421.144 0 0
1500.0 39.739418 10.853369 18.374089 -0.266284 0.199251 421.249 0 0
1500.0 110.441463 20.541379 17.830280 0.848888 0.356215 421.342 0 0
1500.0 60.466603 8.990039 18.097910 0.083055 0.206603 421.547 0 0
1500.0 89.846465 54.422556 17.922936 0.462703 0.875665 421.621 0 0
1500.0 37.090310 -5.795329 17.876463 -0.371761 -0.166791 421.558 0 0
1500.0 88.387779 -3.656188 18.186630 0.522868 0.018648 421.802 0 0
1500.0 102.903641 2.338467 18.638756 0.827721 0.023789 421.773 0 0
1500.0 74.534633 65.725231 17.894932 0.217794 1.022918 421.854 0 0
1500.0 77.059779 -0.679280 18.097029 0.327725 0.063170 421.775 0 0
1500.0 104.070728 23.363439 18.075153 0.782451 0.383984 421.766 0 0
1500.0 82.052659 24.831003 17.918938 0.452609 0.407364 421.693 0 0
1500.0 87.429194 48.036673 18.339203 0.546195 0.840138 421.744 0 0
1500.0 108.230451 -47.539534 18.527668 0.999863 -0.870588 421.777 0 0
1500.0 48.088372 64.304728 17.922696 -0.154027 1.014534 422.110 0 0
1500.0 148.057067 -42.165584 17.817496 1.404758 -0.634634 422.043 0 0
1500.0 118.794258 15.365922 17.828065 0.963953 0.275324 422.073 0 0
1500.0 71.768206 -57.640453 17.896157 0.255594 -0.923804 422.051 0 0
1500.0 92.154942 -0.468976 18.212014 0.632692 -0.039384 422.256 0 0
1500.0 105.297318 -21.884550 17.804546 0.778483 -0.377513 422.194 0 0
1500.0 139.144189 -8.682371 17.907546 1.383954 -0.180885 422.045 0 0
1500.0 91.434016 -30.051137 17.854069 0.510434 -0.537572 422.395 0 0
1500.0 89.483382 -17.092258 18.027059 0.462875 -0.299731 422.419 0 0
1500.0 71.271723 9.911055 17.993848 0.257945 0.164379 422.487 0 0
1500.0 76.766705 0.616848 18.303479 0.365040 0.033893 422.497 0 0
1500.0 84.830225 27.680026 17.984722 0.459353 0.493128 422.503 0 0
1500.0 73.798827 27.636033 17.934941 0.285071 0.414195 422.566 0 0
1500.0 49.658609 30.159913 18.095563 -0.075881 0.512401 422.571 0 0
1500.0 82.967620 12.546314 18.039508 0.486369 0.190921 422.600 0 0
1500.0 46.796697 35.225672 18.093621 -0.164562 0.605687 422.634 0 0
1500.0 119.213509 -30.157683 17.827892 0.960730 -0.398190 422.735 0 0
1500.0 97.429953 -1.081900 18.259955 0.676965 -0.085229 422.740 0 0
1500.0 121.662040 -25.098125 17.804939 0.991653 -0.334668 422.776 0 0
1500.0 94.606350 -14.671160 18.259507 0.634231 -0.288581 422.786 0 0
1500.0 98.565468 21.770170 17.981060 0.665438 0.400664 422.865 0 0
1500.0 115.394371 -0.139818 18.083961 1.018365 0.033740 422.784 0 0
1500.0 97.541170 -12.523493 18.273571 0.758340 -0.170185 422.939 0 0
1500.0 80.803828 -38.595692 18.257057 0.425894 -0.644074 423.058 0 0
1500.0 28.436258 -21.151152 17.881197 -0.499363 -0.387508 422.992 0 0
1500.0 -23.634037 -38.166812 17.900920 -1.384936 -0.558151 423.021 0 0
1500.0 105.183554 -33.892607 18.088000 0.801257 -0.528837 423.082 0 0
1500.0 100.840370 -27.043560 18.204413 0.753023 -0.433239 423.168 0 0
1500.0 90.193309 15.721337 17.940397 0.580402 0.212102 423.197 0 0
1500.0 109.968876 -58.347171 17.896404 0.914750 -0.949928 423.236 0 0
1500.0 37.047021 7.600937 18.148419 -0.352806 0.091246 423.361 0 0
1500.0 36.610709 -6.036671 18.137153 -0.365338 -0.086503 423.385 0 0
1500.0 46.237242 -11.575938 17.856125 -0.260994 -0.190490 423.363 0 0
1500.0 82.956680 0.382565 17.842603 0.456515 0.044530 423.577 0 0
1500.0 -6.129361 -0.580962 17.875982 -1.006988 -0.054545 423.665 0 0
1500.0 91.650740 19.550641 17.992986 0.549521 0.271356 423.771 0 0
1500.0 15.867994 44.535677 17.874313 -0.661075 0.732329 423.774 0 0
1500.0 17.064809 -13.547577 17.969975 -0.670703 -0.253383 423.767 0 0
1500.0 61.764056 21.035493 18.021066 0.035185 0.387187 423.832 0 0
1500.0 50.558649 40.498526 18.327354 -0.103892 0.772936 423.821 0 0
1500.0 95.610740 -53.844065 17.938885 0.632817 -0.824944 423.883 0 0
1500.0 68.283779 9.527215 18.498380 0.275275 0.165078 423.903 0 0
1500.0 42.814926 -67.044746 17.793872 -0.220729 -1.064810 423.901 0 0
1500.0 113.521029 -23.974389 17.812602 0.849758 -0.437528 423.874 0 0
1500.0 100.939430 -63.911884 18.095058 0.702450 -1.089128 423.915 0 0
1500.0 92.266533 39.693491 17.965737 0.544950 0.601672 423.978 0 0
1500.0 9.245065 -6.888342 17.876947 -0.802142 -0.056475 423.943 0 0
1500.0 51.151260 61.214765 17.890457 -0.098270 0.937660 424.123 0 0
1500.0 122.058192 -16.898039 17.880641 0.991351 -0.286386 424.270 0 0
1500.0 40.661974 61.883332 17.872798 -0.287498 0.984538 424.290 0 0
1500.0 64.858669 44.582362 18.261018 0.090252 0.770652 424.274 0 0
1500.0 88.250839 -20.723445 17.960523 0.549574 -0.346211 424.421 0 0
1500.0 122.647465 -4.961713 17.984672 1.081262 -0.024716 424.513 0 0
1500.0 113.916351 -16.141051 17.980554 1.012836 -0.321902 424.419 0 0
1500.0 96.441611 -52.846757 17.902002 0.629920 -0.831185 424.871 0 0
1500.0 110.007374 -5.342501 17.975579 0.853952 -0.125107 424.661 0 0
1500.0 53.098465 28.247654 17.971056 -0.062288 0.455958 424.909 0 0
1500.0 73.824676 6.115959 18.284695 0.366122 0.131700 424.907 0 0
1500.0 68.122833 -17.761890 17.940376 0.112494 -0.301507 425.072 0 0
1500.0 86.451489 0.541474 17.982515 0.456704 0.054720 425.098 0 0
1500.0 86.460331 36.417341 17.850107 0.498201 0.609137 424.964 0 0
1500.0 45.159228 23.095616 18.196207 -0.228999 0.384327 425.076 0 0
1500.0 65.006050 -64.321995 17.863898 0.063589 -1.019726 425.208 0 0
1500.0 117.692195 -11.035548 17.842239 0.904774 -0.112248 425.251 0 0
1500.0 113.873394 -23.595424 17.935197 0.926028 -0.357386 425.241 0 0
1500.0 61.472239 22.017383 17.985277 0.113399 0.348882 425.261 0 0
1500.0 41.909362 64.825558 17.872905 -0.264929 1.012859 425.314 0 0
1500.0 122.370566 -14.652972 17.870540 1.023275 -0.226634 425.311 0 0
1500.0 84.163430 39.399713 17.825991 0.471905 0.575238 425.505 0 0
1500.0 39.793933 -25.243513 18.000253 -0.372484 -0.402393 425.619 0 0
1500.0 46.972857 -65.570470 17.871792 -0.170299 -1.029570 425.659 0 0
1500.0 70.296236 14.078665 17.930823 0.137335 0.248678 425.678 0 0
1500.0 98.978040 -51.488136 17.903827 0.657087 -0.798696 425.928 0 0
1500.0 78.321250 -38.552457 18.017344 0.304983 -0.601846 426.053 0 0
1500.0 28.292404 -38.305942 17.839870 -0.478090 -0.573827 426.100 0 0
1500.0 121.588852 -10.277736 17.932591 1.029238 -0.156059 426.042 0 0
1500.0 49.324387 -65.120996 17.830533 -0.204375 -0.987897 425.967 0 0
1500.0 97.250627 -50.045535 17.796975 0.661915 -0.735742 426.034 0 0
1500.0 24.209343 -30.603567 17.857666 -0.590877 -0.512511 426.012 0 0
1500.0 69.814161 -24.319772 18.205414 0.240423 -0.387476 426.237 0 0
1500.0 4.706640 -3.257342 17.805243 -0.784683 -0.112684 426.403 0 0
1500.0 108.323957 -11.790939 17.942974 0.788704 -0.161528 426.374 0 0
1500.0 90.265918 -38.851808 17.916560 0.499544 -0.604220 426.376 0 0
1500.0 109.836895 -19.772150 17.817805 0.856790 -0.333618 426.365 0 0
1500.0 49.671010 4.048775 18.143271 -0.104019 0.138152 426.335 0 0
1500.0 59.824448 7.521935 18.386466 0.110345 0.152149 426.456 0 0
1500.0 103.386367 33.562460 17.905198 0.780169 0.629704 426.488 0 0
1500.0 121.760922 -12.798289 17.819808 1.003571 -0.245927 426.708 0 0
1500.0 -31.732053 7.846881 17.966538 -1.483528 0.131652 426.735 0 0
1500.0 133.124296 -34.103934 17.879485 1.252734 -0.486309 426.589 0 0
1500.0 86.789181 18.758767 17.873555 0.536134 0.336148 426.566 0 0
1500.0 55.448949 -29.515525 18.083912 -0.054837 -0.513196 427.011 0 0
1500.0 73.909817 2.897519 17.915139 0.315102 -0.009811 426.998 0 0
1500.0 56.256477 -11.012603 17.942349 -0.019953 -0.219790 427.211 0 0
1500.0 36.575913 -15.376063 17.954724 -0.293699 -0.280036 427.190 0 0
1500.0 68.519371 -3.462519 17.870161 0.200249 -0.004511 427.296 0 0
1500.0 52.616604 -37.154105 18.255441 -0.073460 -0.621429 427.490 0 0
1500.0 52.712397 -1.517598 18.179981 -0.105914 0.007150 427.206 0 0
1500.0 57.803530 -32.509386 18.315936 0.000066 -0.549348 427.355 0 0
1500.0 52.831584 16.993061 18.014554 -0.125171 0.225164 427.478 0 0
1500.0 59.163109 17.291324 17.944236 -0.044282 0.289535 427.401 0 0
1500.0 90.926515 -28.013343 18.108627 0.537486 -0.518657 427.323 0 0
1500.0 -58.565030 -79.780570 17.838539 -1.851855 -1.339789 427.460 0 0
1500.0 112.288518 -12.640932 17.909039 0.939775 -0.166759 427.163 0 0
1500.0 57.854443 11.163357 18.308834 0.051341 0.259792 427.084 0 0
1500.0 39.645256 -22.055648 18.085275 -0.264323 -0.434894 427.157 0 0
1500.0 38.896483 -58.328829 17.960283 -0.285947 -1.024525 427.278 0 0
1500.0 117.088593 99.652411 17.933713 1.056656 1.653758 427.332 0 0
1500.0 124.289538 13.673374 17.832589 1.110854 0.258080 427.617 0 0
1500.0 66.518783 49.222713 18.045788 0.083432 0.826287 427.570 0 0
1500.0 46.350324 -24.245583 18.039174 -0.148966 -0.401210 427.929 0 0
1500.0 -7.404037 -0.639763 17.829390 -1.028660 -0.018147 427.805 0 0
1500.0 90.116266 49.012724 18.130629 0.551361 0.798092 427.993 0 0
1500.0 120.151951 4.447862 17.935359 1.012777 0.041805 427.980 0 0
1500.0 168.214758 35.140822 17.850240 1.698524 0.587351 427.924 0 0
1500.0 88.568193 27.828793 18.216595 0.542578 0.489506 427.876 0 0
1500.0 1.076595 15.399147 17.907712 -0.897005 0.291753 427.888 0 0
1500.0 103.858756 -21.144973 18.018501 0.792225 -0.297766 427.869 0 0
1500.0 76.320958 51.332056 17.868895 0.217716 0.821288 427.846 0 0
1500.0 94.451671 -5.521065 17.831365 0.640314 -0.097863 427.755 0 0
1500.0 80.762448 14.542182 17.910613 0.439759 0.225195 427.811 0 0
1500.0 86.009698 -14.050964 17.909595 0.544237 -0.235922 427.841 0 0
1500.0 122.422756 -45.089857 18.010548 1.179852 -0.754077 427.880 0 0
1500.0 95.568244 54.073484 17.886501 0.594537 0.863376 428.077 0 0
1500.0 115.645042 2.958495 17.948872 0.916550 0.014906 428.113 0 0
1500.0 27.740642 -33.609465 17.932047 -0.526243 -0.496140 428.294 0 0
1500.0 71.412285 -42.982263 18.467209 0.336721 -0.798074 428.280 0 0
1500.0 106.508666 -46.620090 17.939328 0.786114 -0.725734 428.421 0 0
1500.0 21.588606 11.808867 17.898110 -0.537272 0.226117 428.511 0 0
1500.0 81.110006 5.276063 18.283173 0.408098 0.155340 428.554 0 0
1500.0 103.371419 7.572143 18.075603 0.770029 0.056829 428.608 0 0
1500.0 21.445562 37.387151 17.894149 -0.649147 0.549857 428.558 0 0
1500.0 87.647757 49.339535 17.972613 0.577000 0.832092 428.695 0 0
1500.0 104.370761 -43.588350 17.828667 0.719339 -0.690012 428.898 0 0
1500.0 47.571062 44.427846 17.876030 -0.179193 0.755223 428.768 0 0
1500.0 65.663430 36.807961 17.819859 0.131449 0.646805 428.746 0 0
1500.0 112.830919 39.696578 18.040808 0.875403 0.697673 428.836 0 0
1500.0 52.024170 -37.558887 17.836212 -0.034946 -0.633355 428.982 0 0
1500.0 62.369548 -66.330849 17.813178 0.127871 -0.996945 429.385 0 0
1500.0 104.796705 -46.397342 17.866067 0.759266 -0.722747 429.153 0 0
1500.0 88.816840 -43.922462 18.069643 0.543765 -0.718280 429.242 0 0
1500.0 111.174631 12.294709 17.894265 0.891535 0.186037 429.286 0 0
1500.0 70.797682 39.359245 18.103490 0.269017 0.664219 429.196 0 0
1500.0 65.546035 20.861307 18.046255 0.187639 0.385258 429.048 0 0
1500.0 75.845092 -33.151647 17.949875 0.362252 -0.535798 429.252 0 0
1500.0 82.709697 -4.243135 17.879944 0.472663 -0.075335 429.077 0 0
1500.0 117.233847 -9.619934 17.844141 0.907597 -0.092068 429.526 0 0
1500.0 -4.505004 -25.500632 17.806554 -0.991799 -0.339257 429.436 0 0
1500.0 103.716440 -31.174401 18.068244 0.765784 -0.525089 429.424 0 0
1500.0 60.208415 58.244481 17.808304 -0.041438 0.913032 429.568 0 0
1500.0 115.154854 1.565167 18.045581 0.994423 -0.023407 429.452 0 0
1500.0 78.858704 11.066724 18.054401 0.436648 0.191323 429.538 0 0
1500.0 128.825306 -21.912534 18.180787 1.339899 -0.442871 429.439 0 0
1500.0 119.778410 -22.023450 18.496090 1.134850 -0.390375 429.589 0 0
1500.0 71.944286 1.002011 17.961935 0.262467 0.094612 429.587 0 0
1500.0 20.814066 -35.646848 17.830232 -0.630214 -0.497279 429.626 0 0
1500.0 13.713293 49.855905 17.901882 -0.687454 0.791149 429.675 0 0
1500.0 22.745638 56.151739 17.806678 -0.585301 0.867043 429.738 0 0
1500.0 53.738072 39.151891 18.059872 -0.021377 0.673470 429.830 0 0
1500.0 70.986516 39.804075 18.063628 0.190673 0.767202 430.003 0 0
1500.0 112.119083 -29.771199 17.889448 0.895424 -0.447260 430.055 0 0
1500.0 81.188673 -3.678036 17.996138 0.405418 -0.074953 430.255 0 0
1500.0 62.984289 -3.725590 17.855081 0.118238 -0.002021 430.124 0 0
1500.0 44.127651 13.637453 17.919012 -0.239402 0.233618 430.223 0 0
1500.0 34.984124 12.006196 17.914933 -0.379712 0.145872 430.244 0 0
1500.0 149.313165 40.382338 17.884457 1.452628 0.597743 430.277 0 0
1500.0 29.931771 54.529268 17.865211 -0.440809 0.891550 430.143 0 0
1500.0 109.732029 -19.826049 17.816756 0.853171 -0.262838 430.175 0 0
1500.0 121.296752 49.739051 17.845339 1.060356 0.833048 430.358 0 0
1500.0 87.834998 57.147316 17.863759 0.427962 0.926215 430.481 0 0
1500.0 100.136782 -36.520393 17.937696 0.722882 -0.576921 430.463 0 0
1500.0 4.468044 -29.505290 17.822673 -0.869510 -0.397388 430.523 0 0
1500.0 78.347899 36.608459 18.427504 0.405757 0.616808 430.553 0 0
1500.0 110.428919 -14.489420 17.933213 0.825219 -0.183553 430.622 0 0
1500.0 62.259366 7.642036 18.136550 0.147504 0.181801 430.666 0 0
1500.0 64.422667 -1.921126 18.053815 0.078002 -0.089711 430.752 0 0
1500.0 54.402513 12.799023 18.019486 -0.039076 0.275725 430.764 0 0
1500.0 118.552088 -25.093396 17.886841 0.978180 -0.371842 430.992 0 0
1500.0 68.881911 11.024095 17.916240 0.256224 0.164340 430.992 0 0
1500.0 73.171952 1.507592 17.881958 0.265384 0.055999 431.110 0 0
1500.0 25.695348 10.151975 17.906378 -0.502167 0.183662 431.100 0 0
1500.0 46.841653 43.532542 17.862526 -0.195737 0.673795 431.096 0 0
1500.0 72.760507 11.460946 18.037588 0.182350 0.206436 431.327 0 0
1500.0 33.033670 61.430771 17.832796 -0.368914 1.038185 431.234 0 0
1500.0 83.510388 18.428515 18.005270 0.444890 0.260522 431.800 0 0
1500.0 22.364834 -48.369175 17.828963 -0.584269 -0.697987 431.794 0 0
1500.0 5.958229 42.352340 17.862308 -0.783270 0.692360 431.682 0 0
1500.0 152.387297 82.923302 17.808835 1.414058 1.286803 431.747 0 0
1500.0 95.061938 -26.539060 17.884093 0.549475 -0.475040 431.427 0 0
1500.0 104.613744 32.499601 17.916308 0.776588 0.535736 431.791 0 0
1500.0 23.955224 -36.824328 17.923848 -0.558679 -0.618185 431.692 0 0
1500.0 23.286371 -22.984518 18.041095 -0.552005 -0.410511 431.654 0 0
1500.0 98.811935 -23.776204 17.871290 0.665767 -0.433228 431.457 0 0
1500.0 131.207746 77.178192 17.823564 1.169080 1.166559 432.005 0 0
1500.0 -17.013038 41.869612 17.906620 -1.221416 0.631316 431.889 0 0
1500.0 41.802278 -38.182878 17.886820 -0.212214 -0.659373 431.935 0 0
1500.0 -7.697616 197.814589 18.271506 -1.263691 3.661504 431.883 0 0
1500.0 71.018389 -46.900634 18.036839 0.176748 -0.771707 432.032 0 0
1500.0 106.666719 -3.082435 17.830575 0.822455 -0.037019 432.045 0 0
1500.0 55.520911 25.790954 18.101299 -0.066627 0.380295 432.120 0 0
1500.0 30.437523 -75.062549 17.838671 -0.422029 -1.128636 432.135 0 0
1500.0 27.048100 58.907223 17.801867 -0.526058 0.887616 432.193 0 0
1500.0 94.708668 -53.464890 18.153338 0.670903 -0.897612 432.061 0 0
1500.0 45.207444 33.442282 18.502435 -0.199869 0.644804 432.190 0 0
1500.0 90.412481 -9.932260 17.954049 0.546501 -0.240902 432.474 0 0
1500.0 87.255858 13.983486 18.163218 0.564130 0.221652 432.588 0 0
1500.0 80.488740 18.267166 17.919099 0.433990 0.301164 432.707 0 0
1500.0 112.072424 19.329360 18.113016 0.886062 0.350411 432.794 0 0
1500.0 93.569271 17.399833 17.986366 0.546037 0.341558 432.888 0 0
1500.0 115.846048 -25.592764 17.860287 0.906092 -0.450628 432.972 0 0
1500.0 56.293053 31.023288 18.219420 -0.002753 0.543267 432.991 0 0
1500.0 107.344515 42.885857 17.809471 0.782792 0.666149 433.011 0 0
1500.0 58.022612 59.787570 17.868832 -0.017461 0.927081 433.267 0 0
1500.0 64.609795 83.881552 17.822881 0.027815 1.293782 433.325 0 0
1500.0 55.416400 51.223667 17.987816 0.004011 0.850044 433.178 0 0
1500.0 39.303867 -2.545822 17.888214 -0.297604 -0.091972 433.526 0 0
1500.0 63.101014 -8.800421 17.889997 0.034599 -0.178986 433.652 0 0
1500.0 33.655236 -43.790347 17.939789 -0.381934 -0.668703 433.771 0 0
1500.0 27.415647 44.383875 17.812380 -0.507558 0.657678 433.954 0 0
1500.0 104.270564 -34.575902 17.820544 0.696696 -0.559801 433.828 0 0
1500.0 83.266356 -60.913426 17.906466 0.432896 -0.937237 433.465 0 0
1500.0 94.193045 -41.236145 17.878578 0.518938 -0.674916 433.640 0 0
1500.0 -6.736372 -18.443556 17.881700 -1.015094 -0.253436 433.544 0 0
1500.0 84.513527 -55.193317 17.872393 0.435050 -0.898033 433.646 0 0
1500.0 55.184015 -5.578959 18.511581 -0.023649 -0.057523 433.607 0 0
1500.0 80.174613 -36.424572 18.213159 0.352549 -0.618659 433.672 0 0
1500.0 57.674979 58.575246 17.834239 -0.078858 0.908498 433.677 0 0
1500.0 56.776977 49.732695 17.835542 -0.092973 0.785771 433.506 0 0
1500.0 98.669561 -28.515930 18.073666 0.629834 -0.519128 433.473 0 0
1500.0 84.129463 21.420023 18.288575 0.481529 0.427187 433.728 0 0
1500.0 106.124037 -17.668159 18.057903 0.807776 -0.322156 434.105 0 0
1500.0 117.365107 32.282253 18.114253 1.034400 0.591398 434.250 0 0
1500.0 102.387582 27.594620 17.821350 0.741625 0.372030 434.376 0 0
1500.0 89.788619 -40.025453 17.986305 0.578095 -0.620107 434.561 0 0
1500.0 85.330030 -40.711809 17.940261 0.375858 -0.675354 434.481 0 0
1500.0 98.466444 24.996787 17.865125 0.698771 0.361459 434.668 0 0
1500.0 100.947480 -11.714785 18.207915 0.766893 -0.126309 434.527 0 0
1500.0 77.243514 29.717684 17.884470 0.234995 0.495432 434.660 0 0
1500.0 60.242942 -26.179059 18.087008 0.104928 -0.415597 434.967 0 0
1500.0 97.324495 26.019255 18.102106 0.619125 0.424678 434.865 0 0
1500.0 37.459443 32.400369 17.821644 -0.359527 0.480419 434.825 0 0
1500.0 52.800275 37.489959 18.048319 -0.060889 0.649886 434.982 0 0
1500.0 90.741316 -21.160568 17.837198 0.572338 -0.367724 434.789 0 0
1500.0 74.695125 -26.670369 17.893921 0.342135 -0.400356 434.789 0 0
1500.0 31.992938 13.491099 17.886980 -0.381613 0.255407 435.055 0 0
1500.0 74.932555 -37.028397 17.836016 0.291842 -0.569374 435.294 0 0
1500.0 116.854759 -20.881279 17.986678 0.936358 -0.319840 435.016 0 0
1500.0 118.133370 -10.873483 17.844966 0.958450 -0.222422 435.126 0 0
1500.0 -6.496003 8.260458 17.848099 -1.053248 0.170564 435.080 0 0
1500.0 80.331493 -69.182036 18.077656 0.363597 -1.148407 435.124 0 0
1500.0 76.462717 35.706723 18.297048 0.273667 0.609342 435.297 0 0
1500.0 56.424474 -27.966148 18.333285 -0.037851 -0.599913 435.022 0 0
1500.0 64.496319 -60.749648 17.876193 0.058747 -0.932387 435.618 0 0
1500.0 92.393090 -42.175419 17.871318 0.575414 -0.700973 435.436 0 0
1500.0 97.395479 -30.039191 17.861459 0.679177 -0.484679 435.470 0 0
1500.0 74.176179 -5.463164 18.033347 0.292777 -0.159986 435.345 0 0
1500.0 117.540788 -48.090506 17.855101 1.022787 -0.753269 435.552 0 0
1500.0 85.501656 6.246985 17.862834 0.455955 0.072220 435.940 0 0
1500.0 96.198877 -10.974094 17.873756 0.597700 -0.111893 435.748 0 0
1500.0 86.095934 21.196922 17.875069 0.454734 0.340646 435.855 0 0
1500.0 97.758325 13.631495 18.015155 0.707294 0.212061 435.800 0 0
1500.0 25.786008 -41.158781 17.894801 -0.512245 -0.743258 436.124 0 0
1500.0 55.120038 0.527063 17.847443 0.011768 -0.038287 436.160 0 0
1500.0 120.616047 -3.218321 17.988545 0.993403 -0.057080 436.175 0 0
1500.0 117.461178 -44.458119 17.880380 0.949464 -0.692440 436.229 0 0
1500.0 137.410742 59.207599 17.823218 1.231151 0.952632 436.168 0 0
1500.0 94.186754 -44.590486 17.817631 0.612754 -0.717387 436.293 0 0
1500.0 180.422130 30.226922 18.028026 2.079491 0.563884 436.427 0 0
1500.0 124.035601 11.360133 18.607598 1.349791 0.257216 436.443 0 0
1500.0 33.297369 29.258781 17.864231 -0.444318 0.493842 436.594 0 0
1500.0 59.304243 -3.809188 17.934748 0.097170 -0.050737 436.630 0 0
1500.0 23.826260 55.085018 17.829913 -0.566589 0.815372 436.896 0 0
1500.0 122.853080 -8.411291 17.851797 1.036106 -0.146374 437.005 0 0
1500.0 50.739196 -63.233317 17.860869 -0.047219 -0.999046 436.853 0 0
1500.0 130.709714 35.800284 17.915617 1.150306 0.600983 436.735 0 0
1500.0 71.444625 -14.699560 18.375943 0.306663 -0.291458 436.646 0 0
1500.0 15.828217 -12.793227 17.826422 -0.697741 -0.259980 436.881 0 0
1500.0 129.641345 -4.061282 18.606080 1.393860 -0.041338 436.975 0 0
1500.0 83.770199 -14.364682 18.287481 0.452742 -0.249735 437.110 0 0
1500.0 58.069554 -43.034837 17.876326 0.037333 -0.670466 437.123 0 0
1500.0 120.724144 22.221556 17.851698 1.002116 0.307042 437.169 0 0
1500.0 50.286019 -13.465410 17.837589 -0.180770 -0.262908 437.188 0 0
1500.0 116.041837 29.055992 18.070593 1.040554 0.468646 437.067 0 0
1500.0 66.471239 7.756408 18.212034 0.187637 0.169262 438.110 0 0
1500.0 94.509664 -13.331869 17.908004 0.591559 -0.194336 437.962 0 0
1500.0 105.916125 -6.009889 17.902582 0.757227 -0.091989 437.470 0 0
1500.0 94.959121 39.154931 17.971560 0.572734 0.619037 437.571 0 0
1500.0 28.434874 -59.643992 17.866179 -0.434241 -0.954114 438.225 0 0
1500.0 115.316401 -9.263112 17.890976 0.933491 -0.187170 437.577 0 0
1500.0 66.871433 -58.485172 17.961031 0.138859 -0.953181 438.164 0 0
1500.0 72.168630 14.237410 18.429095 0.327536 0.281767 437.997 0 0
1500.0 59.659317 11.236880 18.212563 0.093726 0.246634 437.997 0 0
1500.0 24.560676 -3.343590 17.849435 -0.546072 0.021144 437.636 0 0
1500.0 45.677024 -35.001986 17.919098 -0.255066 -0.521068 438.005 0 0
1500.0 49.860118 -4.171403 17.888062 -0.196915 -0.089096 437.500 0 0
1500.0 92.788113 -15.774259 18.595930 0.685660 -0.311385 438.088 0 0
1500.0 148.807149 90.535193 17.847358 1.393837 1.498027 438.092 0 0
1500.0 95.306509 9.419006 18.162002 0.626888 0.136261 438.654 0 0
1500.0 76.828234 26.218094 17.911950 0.341342 0.360319 438.280 0 0
1500.0 41.147102 62.309761 17.847341 -0.312639 0.972996 438.720 0 0
1500.0 131.850886 -26.006667 17.840181 1.132536 -0.471085 438.311 0 0
1500.0 101.909718 -1.327158 17.950334 0.757410 0.010931 438.283 0 0
1500.0 107.298394 23.378975 17.846182 0.805488 0.299563 438.732 0 0
1500.0 66.453884 -47.157542 17.873576 0.061596 -0.748970 438.563 0 0
1500.0 75.548406 -4.667705 17.941379 0.326477 -0.138703 438.286 0 0
1500.0 54.995667 18.598758 17.970232 -0.000252 0.360426 438.600 0 0
1500.0 53.959581 35.902475 17.868330 -0.001451 0.608127 438.816 0 0
1500.0 6.444350 19.749722 17.835429 -0.811955 0.373051 438.896 0 0
1500.0 5.186433 -4.654597 17.884021 -0.829120 -0.141917 438.961 0 0
1500.0 66.482009 -20.033220 18.135265 0.237671 -0.363554 439.093 0 0
1500.0 84.714846 0.788873 18.928741 0.524253 0.065156 439.355 0 0
1500.0 79.449799 -11.245710 18.457419 0.375188 -0.220080 439.670 0 0
1500.0 68.759787 1.770849 18.121487 0.226191 0.076633 439.438 0 0
1500.0 109.250074 -14.851048 17.862907 0.802531 -0.232604 439.686 0 0
1500.0 4.854991 -24.517605 17.822083 -0.849935 -0.434333 439.627 0 0
1500.0 11.923959 -31.724339 17.823708 -0.745321 -0.545543 439.397 0 0
1500.0 5.229936 15.564711 17.907639 -0.864088 0.213124 439.574 0 0
1500.0 114.495193 24.432343 17.938005 0.927234 0.395571 439.894 0 0
1500.0 73.199721 -19.990448 18.164901 0.324216 -0.365177 439.876 0 0
1500.0 93.038069 38.085435 17.815626 0.600834 0.544240 439.912 0 0
1500.0 21.697187 5.340650 17.931538 -0.633864 0.158643 439.786 0 0
1500.0 2.583651 25.220576 17.873824 -0.891349 0.420585 440.038 0 0
1500.0 76.571467 -36.548985 17.887514 0.259318 -0.633376 440.213 0 0
1500.0 116.126750 -29.900480 17.924817 1.008481 -0.465928 440.199 0 0
1500.0 127.318802 -34.344460 17.849538 1.184303 -0.539157 440.292 0 0
1500.0 70.725090 -44.786833 17.879563 0.228932 -0.689415 440.326 0 0
1500.0 114.734169 5.196162 18.260866 0.962144 0.107522 440.371 0 0
1500.0 35.446840 -16.903040 17.908752 -0.346320 -0.293614 440.673 0 0
1500.0 91.014100 -36.753568 17.814782 0.537198 -0.524508 440.652 0 0
1500.0 98.876031 -40.224379 17.801861 0.606621 -0.645647 440.490 0 0
1500.0 84.812827 -50.960250 17.874970 0.394750 -0.803321 440.665 0 0
1500.0 70.353324 23.263327 18.994484 0.321051 0.411177 440.589 0 0
1500.0 74.654669 19.844439 18.866886 0.395782 0.363156 440.550 0 0
1500.0 69.123237 -63.011119 17.874620 0.144736 -1.011348 440.407 0 0
1500.0 119.158893 -7.276531 17.851598 0.981798 -0.059518 440.616 0 0
1500.0 52.359610 14.948879 18.463890 -0.069538 0.259876 440.644 0 0
1500.0 14.811371 -27.877760 17.854498 -0.669054 -0.502740 440.533 0 0
1500.0 27.616682 46.761169 17.922599 -0.550643 0.756217 440.494 0 0
1500.0 117.116107 34.550588 18.342979 1.109815 0.571626 440.455 0 0
1500.0 62.570872 -40.071070 17.933131 0.021590 -0.607736 440.888 0 0
1500.0 72.088067 -20.389488 17.889397 0.245394 -0.340211 441.140 0 0
1500.0 80.243821 2.960224 17.838757 0.369857 0.004596 441.825 0 0
1500.0 67.139688 -66.083927 17.873105 0.113379 -1.041665 441.410 0 0
1500.0 119.076062 22.086570 17.848431 0.968157 0.378435 441.465 0 0
1500.0 54.465969 67.509414 17.847929 0.006107 1.048045 441.895 0 0
1500.0 72.184027 -60.618977 17.991824 0.196623 -0.970666 441.326 0 0
1500.0 19.336203 -50.549217 17.801206 -0.656577 -0.779029 441.809 0 0
1500.0 68.296150 26.897494 17.989239 0.157577 0.489748 441.431 0 0
1500.0 73.787425 25.048562 17.989054 0.242340 0.461098 441.444 0 0
1500.0 63.804257 6.105801 17.924748 0.154506 0.151644 441.120 0 0
1500.0 53.231777 -8.839972 17.879963 -0.147270 -0.121155 441.876 0 0
1500.0 69.560536 5.440929 18.028362 0.250954 0.078893 442.519 0 0
1500.0 74.434006 -3.556831 17.898672 0.278518 0.004867 442.198 0 0
1500.0 75.096615 -16.459945 17.819528 0.259033 -0.297379 442.114 0 0
1500.0 68.392834 -11.765564 17.913893 0.206977 -0.207529 443.143 0 0
1500.0 116.863211 5.354205 17.856519 0.921174 0.077597 442.256 0 0
1500.0 23.026929 -44.366197 17.818546 -0.557674 -0.685424 442.877 0 0
1500.0 0.130288 -24.782336 17.862608 -0.901111 -0.380391 442.723 0 0
1500.0 123.210033 9.974988 17.937194 1.041640 0.116362 442.176 0 0
1500.0 16.837280 51.772900 17.810204 -0.631770 0.835769 441.997 0 0
1500.0 31.521494 -60.732016 17.866251 -0.403837 -0.967321 442.467 0 0
1500.0 122.234072 -16.248636 17.803246 1.009783 -0.280171 442.488 0 0
1500.0 39.827270 -65.393322 17.799514 -0.344433 -0.989727 442.638 0 0
1500.0 104.337654 -36.553193 18.005656 0.768487 -0.601480 442.183 0 0
1500.0 76.712682 -62.737473 17.870743 0.252603 -1.002156 442.495 0 0
1500.0 -8.186231 -6.686039 17.847489 -1.044997 -0.079789 443.227 0 0
1500.0 -4.082092 8.586460 17.850866 -0.968759 0.195360 442.506 0 0
1500.0 95.336165 -12.786365 18.382515 0.699883 -0.221193 443.213 0 0
1500.0 105.637044 17.137602 17.905887 0.789003 0.316445 442.612 0 0
1500.0 66.260604 -45.247601 17.825649 0.178426 -0.753222 442.808 0 0
1500.0 65.667614 19.038195 17.878149 0.047301 0.314653 441.990 0 0
1500.0 95.883317 2.779548 18.017872 0.659322 0.112288 442.132 0 0
1500.0 44.659086 -25.486325 17.852723 -0.281146 -0.372150 443.183 0 0
1500.0 -13.176483 67.458376 18.191997 -1.304363 1.159862 442.422 0 0
1500.0 54.428333 -10.443958 17.915291 0.012305 -0.188847 443.242 0 0
1500.0 79.454549 62.340597 17.858550 0.313913 0.984698 443.317 0 0
1500.0 104.052791 -74.685278 17.934936 0.706776 -1.215435 443.483 0 0
1500.0 57.893426 -23.330532 18.098346 0.071634 -0.425180 443.361 0 0
1500.0 67.826063 61.476128 17.898221 0.208866 0.976482 443.699 0 0
1500.0 112.342920 -14.834079 17.979445 0.992852 -0.302539 443.680 0 0
1500.0 91.718190 -24.088150 18.239673 0.554256 -0.391717 443.820 0 0
1500.0 63.166201 -61.150984 17.833056 0.091894 -0.953557 443.711 0 0
1500.0 71.230908 37.129213 17.912273 0.152727 0.602945 443.898 0 0
1500.0 70.203307 35.302516 18.132033 0.251979 0.608961 443.811 0 0
1500.0 43.864871 -6.713510 18.017931 -0.252478 -0.050527 443.816 0 0
1500.0 28.034304 -45.499446 17.819759 -0.492143 -0.686822 444.182 0 0
1500.0 36.942119 57.845819 17.854580 -0.388169 0.890369 444.193 0 0
1500.0 1.206602 19.053228 17.854326 -0.927344 0.304211 444.236 0 0
1500.0 95.949660 -1.835756 17.955947 0.610101 0.002880 444.284 0 0
1500.0 109.638971 -4.446027 18.214488 0.888318 -0.100456 444.286 0 0
1500.0 99.449848 -19.884675 18.086205 0.700539 -0.366709 444.329 0 0
1500.0 78.929921 -0.348035 18.345345 0.395881 0.042385 444.403 0 0
1500.0 2.562827 -30.691665 17.852661 -0.902426 -0.444500 444.563 0 0
1500.0 55.909090 -23.454393 17.959479 -0.056797 -0.430434 444.382 0 0
1500.0 93.169223 -6.750029 17.838537 0.597951 -0.047548 444.650 0 0
1500.0 69.649612 49.263595 17.882912 0.232512 0.876244 444.496 0 0
1500.0 79.456343 10.276658 18.460855 0.368983 0.219757 444.804 0 0
1500.0 52.758957 -6.572265 18.524747 -0.019546 -0.167469 444.836 0 0
1500.0 91.331123 -3.854417 17.949769 0.597615 -0.024444 444.824 0 0
1500.0 96.439465 11.809594 17.835305 0.646212 0.239802 444.903 0 0
1500.0 64.681868 -48.175118 17.881008 0.082030 -0.751353 445.238 0 0
1500.0 58.705976 -60.007877 17.883007 0.014677 -0.979138 444.992 0 0
1500.0 51.442136 46.600369 18.003111 -0.132635 0.763245 444.935 0 0
1500.0 104.940166 -19.725942 17.961266 0.747523 -0.377237 445.125 0 0
1500.0 60.810039 16.783046 18.256915 0.025104 0.278459 445.193 0 0
1500.0 33.582881 -13.881655 18.101043 -0.410720 -0.244232 445.212 0 0
1500.0 27.171601 6.089765 18.023304 -0.522364 0.065363 445.232 0 0
1500.0 41.687584 -45.961407 17.973564 -0.295654 -0.860813 445.135 0 0
1500.0 53.952102 -23.454224 17.925992 -0.113461 -0.348645 445.468 0 0
1500.0 48.174713 -48.281047 17.865555 -0.191468 -0.728920 445.757 0 0
1500.0 134.576888 2.432314 17.824871 1.187600 0.021972 445.548 0 0
1500.0 17.783828 32.359454 17.825777 -0.658539 0.451650 445.732 0 0
1500.0 91.584894 -49.569665 18.076695 0.570863 -0.802023 445.536 0 0
1500.0 43.742194 -61.072758 17.881205 -0.209556 -0.989668 445.361 0 0
1500.0 8.985843 20.739761 17.999338 -0.775508 0.366811 445.314 0 0
1500.0 57.270273 44.174265 17.814527 0.019619 0.741628 445.414 0 0
1500.0 17.388556 5.918142 18.095392 -0.655250 0.059548 445.634 0 0
1500.0 53.281790 35.096078 18.036117 -0.123379 0.536612 445.741 0 0
1500.0 96.422688 -7.590278 18.142593 0.652933 -0.210764 445.360 0 0
1500.0 24.008556 -13.558383 17.879287 -0.516197 -0.246604 445.975 0 0
1500.0 86.101611 25.856990 17.878793 0.395479 0.433976 446.022 0 0
1500.0 39.747446 -25.587256 17.823309 -0.327705 -0.378354 446.321 0 0
1500.0 81.481515 35.974770 18.095775 0.362095 0.577950 446.324 0 0
1500.0 120.250245 8.643448 17.899636 0.956687 0.176703 446.395 0 0
1500.0 99.658374 47.083518 17.877924 0.642830 0.744594 446.303 0 0
1500.0 -4.983747 19.864877 17.850875 -0.990658 0.307122 446.251 0 0
1500.0 100.255817 9.660212 18.416476 0.780191 0.148599 446.409 0 0
1500.0 96.735135 2.336818 18.419071 0.730465 0.039820 446.166 0 0
1500.0 39.392402 59.058094 17.992824 -0.310309 0.934952 446.215 0 0
1500.0 -5.374346 11.961382 17.852622 -0.988580 0.189842 446.790 0 0
1500.0 103.649927 27.129511 17.933986 0.753491 0.471318 446.460 0 0
1500.0 106.506054 23.417820 17.933541 0.796190 0.414651 446.513 0 0
1500.0 80.990689 9.857623 18.814277 0.491422 0.114773 447.500 0 0
1500.0 90.727614 25.270332 18.265787 0.539458 0.409684 447.008 0 0
1500.0 34.990747 -11.522771 17.873473 -0.386841 -0.143412 446.894 0 0
1500.0 81.363826 -5.946846 17.921928 0.383239 -0.032602 448.696 0 0
1500.0 79.245311 52.226211 17.806651 0.355853 0.795660 447.159 0 0
1500.0 23.183483 -2.873150 17.872358 -0.554656 -0.024928 449.127 0 0
1500.0 26.137763 9.027586 17.873062 -0.512724 0.142252 449.183 0 0
1500.0 -3.936090 15.454534 17.853271 -0.965658 0.240113 446.934 0 0
1500.0 29.366862 -57.807807 17.884921 -0.468017 -0.875556 447.092 0 0
1500.0 96.115610 64.934242 17.845199 0.615190 0.986290 448.323 0 0
1500.0 79.020958 -3.729252 18.703647 0.500955 -0.054773 447.197 0 0
1500.0 83.369486 -10.648650 18.497617 0.529139 -0.202357 447.011 0 0
1500.0 101.378623 48.726246 17.926357 0.689787 0.766588 449.252 0 0
1500.0 57.086132 -39.833230 18.077451 0.049380 -0.677617 447.012 0 0
1500.0 118.427568 6.933248 18.110389 1.003467 0.118622 449.524 0 0
1500.0 102.906921 6.041581 17.925933 0.773279 0.071179 447.478 0 0
1500.0 117.782387 -1.669423 17.798349 0.908050 -0.101765 447.888 0 0
1500.0 52.099671 -62.577975 17.792588 -0.092746 -1.015554 448.894 0 0
1500.0 53.905281 62.777777 17.839856 -0.125222 0.983747 448.738 0 0
1500.0 144.538008 67.344774 17.932277 1.374710 1.105064 448.201 0 0
1500.0 28.077903 -40.519185 18.029334 -0.472664 -0.675961 449.135 0 0
1500.0 53.264786 26.726489 18.212953 -0.073661 0.464642 448.841 0 0
1500.0 75.893649 -47.777585 17.896967 0.350259 -0.753937 449.477 0 0
1500.0 90.018998 -35.203586 18.046925 0.496477 -0.608735 449.450 0 0
1500.0 6.010679 -15.573160 17.885320 -0.825847 -0.301367 449.413 0 0
1500.0 31.252566 -41.295063 17.887887 -0.443221 -0.696100 449.136 0 0
1500.0 54.980390 4.578290 17.896059 -0.104750 0.025717 448.482 0 0
1500.0 62.094833 -4.580894 18.162499 0.081789 0.002711 449.562 0 0
1500.0 112.023146 20.134966 18.244863 0.925537 0.387908 448.964 0 0
1500.0 39.223280 -7.916322 17.902137 -0.361644 -0.160368 448.712 0 0
1500.0 139.959746 121.503181 17.999391 1.432470 2.027237 448.511 0 0
1500.0 126.713568 24.736012 17.950793 1.227316 0.374319 448.056 0 0
1500.0 51.199499 20.704556 18.423734 -0.138459 0.413942 448.424 0 0
1500.0 79.055086 17.464541 17.979980 0.378733 0.266708 449.990 0 0
1500.0 87.126170 -58.292305 17.821368 0.461813 -0.915669 450.317 0 0
1500.0 80.171392 6.383286 18.427446 0.469516 0.078285 451.189 0 0
1500.0 109.008030 -15.698021 18.039143 0.838781 -0.243467 450.953 0 0
1500.0 41.617900 -62.440387 17.792882 -0.243244 -0.985055 450.814 0 0
1500.0 126.834939 -12.735480 17.791131 1.011603 -0.261673 450.128 0 0
1500.0 22.717638 54.978583 17.838461 -0.575675 0.837740 450.993 0 0
1500.0 87.835350 -6.123271 18.575659 0.615682 -0.080298 450.169 0 0
1500.0 98.917416 9.087231 18.612983 0.766376 0.174961 451.109 0 0
1500.0 94.312556 -40.349648 18.005430 0.637549 -0.644814 449.740 0 0
1500.0 54.320463 -57.669288 17.882165 -0.089431 -0.936846 449.815 0 0
1500.0 29.244593 37.946352 18.001161 -0.487860 0.600464 450.434 0 0
1500.0 54.565573 -1.834895 18.445483 -0.015840 -0.089189 451.149 0 0
1500.0 29.926279 14.098450 17.926055 -0.493342 0.251774 449.877 0 0
1500.0 76.954770 -32.386797 18.097584 0.300552 -0.567242 450.782 0 0
1500.0 10.563666 -1.832602 17.838764 -0.750776 0.046297 450.259 0 0
1500.0 57.204494 50.333760 17.834572 -0.031593 0.845195 450.663 0 0
1500.0 19.982087 -19.559966 18.018223 -0.601869 -0.361483 450.973 0 0
1500.0 67.002982 -11.724742 18.029842 0.118997 -0.244775 450.130 0 0
1500.0 25.442085 -4.956528 17.971542 -0.549706 -0.118929 451.034 0 0
1500.0 52.530675 -20.312746 17.976294 -0.132267 -0.357775 450.704 0 0
1500.0 101.049975 11.267368 18.635532 0.776688 0.266075 451.079 0 0
1500.0 -52.391484 -3.797279 18.313323 -2.060917 -0.037221 451.198 0 0
1500.0 71.403200 -9.058868 18.282938 0.302005 -0.105250 451.489 0 0
1500.0 100.075468 0.751672 17.944194 0.647531 0.065747 451.722 0 0
1500.0 114.326436 28.346460 17.825331 0.921122 0.417592 451.576 0 0
1500.0 67.160373 -17.213072 18.442084 0.174464 -0.321185 451.370 0 0
1500.0 79.029357 -18.185993 18.187280 0.426040 -0.326150 451.512 0 0
1500.0 133.941106 -14.870162 18.153758 1.384384 -0.224845 451.371 0 0
1500.0 87.757578 5.792701 18.476658 0.548131 0.097630 452.312 0 0
1500.0 104.643686 11.257947 18.043553 0.763272 0.145372 452.053 0 0
1500.0 -82.081413 92.628937 17.809579 -2.197178 1.374620 452.054 0 0
1500.0 67.390175 -4.890811 18.173056 0.254799 -0.108489 452.344 0 0
1500.0 46.295636 36.415731 17.951213 -0.241770 0.547594 452.155 0 0
1500.0 105.191439 3.001621 17.835551 0.752569 -0.026516 452.278 0 0
1500.0 45.064985 8.936530 18.058972 -0.202026 0.214317 452.345 0 0
1500.0 91.472812 6.823321 18.649457 0.614399 0.067627 452.395 0 0
1500.0 10.261031 -11.268280 17.869317 -0.736897 -0.143087 452.574 0 0
1500.0 76.814375 -4.903825 17.939309 0.340025 -0.087751 453.944 0 0
1500.0 79.385778 -16.076234 18.107385 0.338655 -0.290858 455.237 0 0
1500.0 86.778017 20.163491 18.619114 0.541149 0.311204 456.955 0 0
1500.0 75.344060 -45.732115 18.069949 0.258652 -0.733691 452.486 0 0
1500.0 76.681992 -16.662136 18.223967 0.348474 -0.280963 456.485 0 0
1500.0 89.573412 -20.113434 18.218796 0.528860 -0.330343 456.067 0 0
1500.0 118.340574 -2.994160 17.829063 0.941903 -0.051246 454.370 0 0
1500.0 81.738526 -34.803500 18.039171 0.383073 -0.551982 456.503 0 0
1500.0 71.090170 -39.530126 18.039587 0.233920 -0.617818 456.540 0 0
1500.0 97.460940 -52.436844 17.881313 0.649952 -0.789299 453.984 0 0
1500.0 26.654461 58.135496 17.823829 -0.481983 0.930667 453.051 0 0
1500.0 91.447878 58.403820 17.823869 0.475022 0.933473 453.135 0 0
1500.0 46.909101 52.390041 17.835029 -0.176482 0.817256 455.411 0 0
1500.0 77.903510 13.138613 18.562546 0.417448 0.267470 452.691 0 0
1500.0 37.937769 -5.732769 17.977080 -0.321449 -0.117929 458.166 0 0
1500.0 89.693386 -33.093846 18.158587 0.575767 -0.520453 454.281 0 0
1500.0 101.792057 7.838029 18.482974 0.807134 0.103066 454.176 0 0
1500.0 92.388228 -10.851801 17.956311 0.527970 -0.213860 458.070 0 0
1500.0 100.424219 15.257797 18.059931 0.733513 0.279474 452.533 0 0
1500.0 93.972571 26.470469 18.060194 0.635767 0.449938 452.508 0 0
1500.0 118.710835 7.837837 18.049134 0.989632 0.163217 453.971 0 0
1500.0 76.518568 48.180508 18.056580 0.368531 0.775474 452.874 0 0
1500.0 82.981137 -11.041053 18.380853 0.524567 -0.168042 453.156 0 0
1500.0 96.206581 -22.896943 18.465351 0.702389 -0.392042 454.407 0 0
1500.0 41.949088 -54.342378 17.939045 -0.303567 -0.838374 453.281 0 0
1500.0 48.568404 -51.790351 17.832893 -0.111382 -0.805896 457.540 0 0
1500.0 23.555241 -57.880401 17.821282 -0.481651 -0.918614 455.565 0 0
1500.0 100.374357 13.684243 18.423596 0.734327 0.273477 454.685 0 0
1500.0 73.774759 31.303056 18.007713 0.193894 0.511428 452.591 0 0
1500.0 86.091792 -60.303010 17.816873 0.408887 -0.964711 455.515 0 0
1500.0 24.482521 -45.342295 17.826463 -0.486112 -0.720923 457.649 0 0
1500.0 88.620336 1.375578 18.201321 0.538188 0.093552 453.548 0 0
1500.0 89.175714 34.290154 18.194478 0.538646 0.588636 454.551 0 0
1500.0 70.862809 7.408693 18.209039 0.267496 0.187074 453.407 0 0
1500.0 96.071970 -53.385502 17.892228 0.567251 -0.867745 455.604 0 0
1500.0 85.824596 -6.883557 18.509687 0.572068 -0.125656 456.268 0 0
1500.0 80.527268 5.156605 18.107218 0.429604 0.141134 453.593 0 0
1500.0 73.288760 -3.016106 18.060085 0.342139 -0.051944 453.628 0 0
1500.0 22.751388 -18.902560 18.019412 -0.592561 -0.282423 454.179 0 0
1500.0 111.472509 3.854547 18.073933 0.901561 0.020269 455.944 0 0
1500.0 77.427702 7.420689 18.091857 0.399056 0.075678 454.374 0 0
1500.0 100.564673 -23.507626 18.076947 0.741376 -0.393203 455.600 0 0
1500.0 88.429275 -13.627281 18.085916 0.564772 -0.246844 454.801 0 0
1500.0 77.891641 -1.340884 18.091760 0.406160 -0.059246 454.381 0 0
1500.0 107.233436 -13.278192 18.117561 0.853449 -0.195130 456.120 0 0
1500.0 98.412261 31.666379 18.078375 0.625750 0.552176 455.841 0 0
1500.0 60.430440 33.164688 18.088179 0.052177 0.582370 454.985 0 0
1500.0 42.222446 -13.220895 18.226947 -0.252709 -0.257446 454.336 0 0
1500.0 51.233868 -13.195488 18.162450 -0.053443 -0.279343 455.135 0 0
1500.0 35.946116 53.116835 17.915753 -0.299335 0.876095 456.207 0 0
1500.0 82.444640 19.430700 18.383960 0.511770 0.317416 456.754 0 0
1500.0 98.338349 46.592824 17.876111 0.661400 0.755631 457.068 0 0
1500.0 97.912597 11.963580 18.141257 0.721537 0.180116 456.528 0 0
1500.0 93.234957 24.873622 18.234524 0.582336 0.450479 456.904 0 0
1500.0 93.112578 33.597401 18.231041 0.577613 0.579155 457.234 0 0
1500.0 63.473101 -4.860657 17.900847 0.126001 -0.146450 454.724 0 0
1500.0 87.196248 -11.314438 18.014772 0.547062 -0.192833 456.133 0 0
1500.0 62.825324 70.553646 17.909420 0.033558 1.126233 457.347 0 0
1500.0 73.038667 -23.366567 18.435432 0.251393 -0.417815 455.065 0 0
1500.0 66.357923 -35.885405 18.059909 0.103464 -0.604197 456.984 0 0
1500.0 71.531811 -11.965690 18.067780 0.184312 -0.239653 456.432 0 0
1500.0 109.708965 -31.760445 17.866659 0.834430 -0.592771 453.914 0 0
1500.0 18.940261 -10.187328 17.954973 -0.661279 -0.147165 457.138 0 0
1500.0 34.824679 51.329791 17.989684 -0.426278 0.865617 454.454 0 0
1500.0 87.392896 -21.338524 17.906606 0.534649 -0.357409 457.135 0 0
1500.0 13.853501 0.963511 17.911681 -0.739910 0.042224 457.563 0 0
1500.0 39.062467 81.461117 17.966218 -0.347545 1.322430 456.244 0 0
1500.0 48.620478 11.594374 18.192552 -0.153251 0.125267 457.614 0 0
1500.0 125.291738 -35.009054 17.918500 1.175293 -0.547382 454.109 0 0
1500.0 137.275323 38.854152 17.951795 1.391101 0.662017 453.501 0 0
1500.0 90.491012 4.868725 17.895603 0.591484 0.029649 454.511 0 0
1500.0 71.122606 7.742613 17.949324 0.256929 0.187202 457.372 0 0
1500.0 95.697285 21.819917 17.865608 0.545940 0.404950 457.014 0 0
1500.0 81.317874 31.817264 17.995936 0.342732 0.560906 457.628 0 0
1500.0 101.732945 -13.823764 17.969026 0.722238 -0.316945 452.613 0 0
1500.0 26.169755 16.072267 17.810848 -0.537100 0.317642 458.073 0 0
1500.0 41.691082 -31.428209 17.812969 -0.325037 -0.448978 457.994 0 0
1500.0 102.076305 9.166549 18.079358 0.781588 0.078621 455.205 0 0
1500.0 143.757115 10.157212 17.965531 1.532085 0.204176 453.146 0 0
1500.0 57.598639 52.401436 18.279281 0.048419 0.981200 453.034 0 0
1500.0 118.484639 4.048939 18.185137 1.092576 -0.003430 454.288 0 0
1500.0 117.288703 9.402900 18.589817 1.132861 0.191476 456.574 0 0
1500.0 104.248585 -45.926876 18.107436 0.741360 -0.822973 457.165 0 0
1500.0 161.265746 5.707377 17.892613 1.748179 0.065252 457.882 0 0
1500.0 -94.567958 71.955311 18.101752 -2.747610 1.262130 453.462 0 0
1500.0 120.804730 -15.270940 18.505225 1.201675 -0.222978 456.049 0 0
1500.0 87.168870 -34.037032 18.148688 0.446256 -0.617615 456.728 0 0
1500.0 52.955233 -17.733857 18.205374 -0.137244 -0.267488 455.470 0 0
1500.0 156.005049 -25.933623 18.202436 1.715385 -0.487072 457.285 0 0
1500.0 139.983040 -17.630375 18.036715 1.444578 -0.337968 458.199 0 0
1500.0 54.713511 -12.885631 18.219420 -0.103498 -0.310702 456.608 0 0
1500.0 86.109159 30.034412 18.064799 0.474782 0.463555 458.263 0 0
1500.0 65.585525 -13.689475 18.443642 0.135222 -0.240477 458.936 0 0
1500.0 81.750370 18.112513 18.472125 0.465430 0.265461 458.689 0 0
1500.0 78.814049 4.240084 18.474867 0.424202 0.076382 458.907 0 0
1500.0 80.892998 -3.601229 18.190327 0.410243 -0.093550 458.579 0 0
1500.0 80.764003 -9.356507 18.154675 0.410332 -0.087540 459.008 0 0
1500.0 84.456827 -30.317790 17.836909 0.367564 -0.498382 458.675 0 0
1500.0 67.188986 63.849238 17.890208 0.161825 1.022562 459.247 0 0
1500.0 102.872542 -5.189094 18.173946 0.757348 -0.145609 458.886 0 0
1500.0 80.146446 -52.130989 17.908106 0.418928 -0.811776 458.972 0 0
1500.0 86.552232 -15.193847 17.991112 0.509490 -0.292882 458.439 0 0
1500.0 63.907217 -53.183681 17.812986 0.022833 -0.855851 458.779 0 0
1500.0 32.804792 -41.716480 17.805443 -0.459219 -0.603655 458.596 0 0
1500.0 57.076684 28.211662 18.064170 0.054997 0.533659 458.643 0 0
1500.0 89.545927 -54.719793 18.263380 0.606512 -1.034118 459.255 0 0
1500.0 85.489561 -7.154854 18.343261 0.470439 -0.157769 460.618 0 0
1500.0 85.716105 28.862605 18.198000 0.449379 0.466208 460.054 0 0
1500.0 86.383314 18.648083 18.200905 0.457074 0.323488 460.299 0 0
1500.0 51.203337 9.329894 18.082637 -0.130261 0.152767 460.718 0 0
1500.0 90.373506 -14.717188 18.424293 0.544358 -0.262691 461.745 0 0
1500.0 87.209310 9.614383 18.510502 0.548441 0.109887 461.701 0 0
1500.0 86.685185 1.309204 18.132044 0.464098 0.079244 461.836 0 0
1500.0 55.317521 31.387822 18.090625 -0.023675 0.502820 461.780 0 0
1500.0 85.029984 8.830065 17.898244 0.430759 0.176300 461.854 0 0
1500.0 55.177267 -53.924893 17.882540 -0.003359 -0.832107 460.979 0 0
1500.0 11.967239 73.528824 17.825403 -0.695445 1.109713 461.474 0 0
1500.0 89.442386 -52.840401 18.025354 0.544561 -0.841488 459.674 0 0
1500.0 74.854140 -54.599057 17.865593 0.326982 -0.831563 459.998 0 0
1500.0 106.018710 -0.882643 18.347847 0.837054 0.038332 459.888 0 0
1500.0 123.582335 -3.545818 17.900744 1.045368 -0.072858 461.001 0 0
1500.0 -2.982467 16.750402 17.834644 -0.980028 0.284272 459.957 0 0
1500.0 10.408649 45.385915 17.833998 -0.760903 0.696664 461.570 0 0
1500.0 0.742916 -26.935902 17.835807 -0.928067 -0.372126 459.678 0 0
1500.0 -6.852546 12.905083 17.833448 -1.017152 0.222072 461.327 0 0
1500.0 81.832966 -58.704064 17.806909 0.293943 -0.929001 459.584 0 0
1500.0 5.014727 -38.676413 17.802713 -0.850671 -0.612555 461.011 0 0
1500.0 14.176099 48.872381 17.791262 -0.711570 0.757455 461.806 0 0
1500.0 80.575497 65.885229 17.790834 0.266352 1.012115 461.511 0 0
1500.0 63.308342 -36.480225 18.330043 0.141233 -0.624979 460.191 0 0
1500.0 82.893684 30.517879 17.999930 0.420752 0.542330 459.497 0 0
1500.0 103.996303 -6.260652 18.224466 0.815985 -0.078311 461.148 0 0
1500.0 22.066691 19.059752 18.025208 -0.593011 0.327269 460.246 0 0
1500.0 32.988858 54.987064 17.834936 -0.339148 0.897857 461.037 0 0
1500.0 33.350537 -4.753943 17.932504 -0.435261 -0.117598 459.663 0 0
1500.0 93.107899 31.359751 17.829162 0.528307 0.559360 460.251 0 0
1500.0 106.689916 36.747517 17.819808 0.725447 0.631811 461.336 0 0
1500.0 44.707041 15.614562 18.088492 -0.246831 0.260510 460.590 0 0
1500.0 134.244227 30.095694 17.894748 1.241797 0.489931 461.333 0 0
1500.0 114.841582 0.125708 17.908607 0.920556 -0.068630 461.043 0 0
1500.0 78.401608 25.887847 18.103050 0.292483 0.449879 462.005 0 0
1500.0 0.211398 76.904427 17.894440 -0.918225 1.274616 461.141 0 0
1500.0 110.393750 3.903020 18.060930 0.888519 0.125705 461.596 0 0
1500.0 56.347305 -16.132167 18.256072 -0.020406 -0.270298 462.027 0 0
1500.0 93.923208 -22.043201 18.011405 0.592791 -0.326121 462.467 0 0
1500.0 -6.521397 12.418783 17.855039 -1.001685 0.179860 462.545 0 0
1500.0 60.306258 -65.889383 17.805613 -0.030716 -0.997324 462.263 0 0
1500.0 -6.788267 -3.960318 17.792807 -1.012288 -0.019589 462.321 0 0
1500.0 -6.101281 2.527340 17.909733 -1.009668 -0.004379 462.096 0 0
1500.0 112.216552 -22.991688 17.873930 0.885788 -0.391120 462.579 0 0
1500.0 101.089284 -38.195609 17.874858 0.719410 -0.621985 462.433 0 0
1500.0 99.128742 -26.849932 17.994290 0.709680 -0.449310 462.297 0 0
1500.0 74.782271 -11.319572 17.963302 0.344379 -0.212450 462.236 0 0
1500.0 147.010849 1.004494 17.893237 1.510647 0.046395 462.399 0 0
1500.0 26.823049 25.690968 18.094641 -0.543709 0.523383 462.516 0 0
1500.0 87.617467 -23.241174 18.307705 0.637211 -0.451097 462.056 0 0
1500.0 59.297530 -15.299307 18.151052 0.082508 -0.255450 463.112 0 0
1500.0 76.170018 -22.158933 18.116388 0.341898 -0.346029 463.645 0 0
1500.0 78.791714 -38.378160 17.872032 0.342564 -0.596948 462.608 0 0
1500.0 60.673102 60.547666 17.798353 -0.026989 0.909391 463.287 0 0
1500.0 118.080938 8.685524 18.001148 0.985213 0.092211 463.466 0 0
1500.0 96.321022 -10.121832 18.424170 0.716722 -0.184406 463.734 0 0
1500.0 40.276772 57.084518 17.817893 -0.255117 0.938235 463.049 0 0
1500.0 110.949240 -0.912119 18.037901 0.888094 -0.057043 463.415 0 0
1500.0 30.464676 32.165262 17.866360 -0.425241 0.573145 462.669 0 0
1500.0 98.765654 -5.637364 17.850393 0.656138 -0.013617 463.140 0 0
1500.0 58.196669 26.356517 17.885772 0.060265 0.467980 463.498 0 0
1500.0 198.715645 94.006162 17.851812 2.284808 1.449933 463.014 0 0
1500.0 59.856359 119.061077 17.923375 -0.006716 1.940869 463.113 0 0
1500.0 202.397931 20.000059 17.903455 2.376017 0.389240 462.971 0 0
1500.0 71.875828 27.325236 18.296029 0.224301 0.440179 464.120 0 0
1500.0 48.614390 -21.755272 17.964382 -0.185620 -0.294171 463.956 0 0
1500.0 84.950839 26.344115 18.066985 0.443368 0.432283 463.890 0 0
1500.0 61.579015 -65.997898 17.954425 0.078293 -1.044649 463.898 0 0
1500.0 119.592693 22.287803 17.913326 0.989020 0.347337 464.036 0 0
1500.0 84.567411 -60.484977 17.795839 0.433800 -0.953595 463.872 0 0
1500.0 93.740860 -13.823412 18.352813 0.677448 -0.186748 464.242 0 0
1500.0 93.439579 -46.139860 17.942451 0.615271 -0.730656 464.186 0 0
1500.0 23.757955 50.739197 17.853392 -0.516621 0.840018 464.184 0 0
1500.0 103.317080 1.964813 17.875915 0.753335 0.087402 464.266 0 0
1500.0 69.153753 8.933910 18.007748 0.116954 0.140279 464.332 0 0
1500.0 97.671554 24.972105 17.949621 0.730875 0.451068 463.890 0 0
1500.0 32.045574 27.964108 17.973456 -0.507056 0.439572 464.315 0 0
1500.0 16.284068 -18.328838 18.092843 -0.715661 -0.381096 464.341 0 0
1500.0 74.960050 5.405167 17.928576 0.312715 0.055709 464.787 0 0
1500.0 69.562115 7.497804 17.929620 0.237255 0.084780 464.861 0 0
1500.0 37.765876 -1.462491 17.860485 -0.344626 0.010517 464.719 0 0
1500.0 46.260262 -4.016097 17.831871 -0.226045 -0.093378 465.009 0 0
1500.0 43.005259 44.636479 17.836741 -0.224504 0.703626 464.560 0 0
1500.0 45.911795 -64.195644 17.798434 -0.135820 -0.993341 464.902 0 0
1500.0 -24.702765 -35.667913 17.833719 -1.264925 -0.551919 465.406 0 0
1500.0 99.377163 -46.600671 18.031254 0.701966 -0.734134 464.508 0 0
1500.0 94.576471 -50.937624 17.964299 0.632780 -0.787910 464.814 0 0
1500.0 110.936870 37.157017 17.851814 0.793329 0.632075 464.522 0 0
1500.0 33.455619 39.318310 17.883412 -0.348601 0.677671 464.498 0 0
1500.0 82.317546 -40.102784 18.025876 0.348887 -0.671158 465.160 0 0
1500.0 31.684552 35.036485 17.994793 -0.458554 0.538043 465.262 0 0
1500.0 75.886906 35.904820 17.852600 0.355177 0.546020 465.379 0 0
1500.0 60.219277 3.878370 18.334234 0.057957 -0.005972 465.227 0 0
1500.0 36.399973 49.695576 17.981927 -0.355373 0.904284 464.687 0 0
1500.0 33.989674 -47.482773 17.988749 -0.386037 -0.880368 464.593 0 0
1500.0 134.061453 -40.801234 17.985036 1.364174 -0.733716 464.933 0 0
1500.0 108.823321 -39.617463 17.832273 0.755938 -0.664504 465.485 0 0
1500.0 114.539475 -18.513469 18.062052 0.935712 -0.315996 465.535 0 0
1500.0 41.795423 39.161410 17.881473 -0.225608 0.610280 467.151 0 0
1500.0 37.854202 9.805935 17.842143 -0.293688 0.206626 466.734 0 0
1500.0 69.288228 -33.507609 18.025777 0.224972 -0.520576 467.371 0 0
1500.0 102.732376 -30.358431 18.014531 0.701986 -0.483891 466.298 0 0
1500.0 75.130789 -44.126687 17.969675 0.265984 -0.691987 466.912 0 0
1500.0 42.778689 -19.430332 17.822765 -0.174723 -0.328558 467.550 0 0
1500.0 105.963428 -38.943710 17.867228 0.761183 -0.595566 465.746 0 0
1500.0 71.139159 -49.708151 17.869614 0.237336 -0.758587 467.022 0 0
1500.0 115.459372 -16.988441 17.875833 0.899593 -0.270222 466.849 0 0
1500.0 41.510589 64.109473 17.849890 -0.243640 1.018935 465.656 0 0
1500.0 72.513384 -62.833765 17.951149 0.258521 -1.001313 465.612 0 0
1500.0 110.617050 -39.866836 17.950987 0.808948 -0.648768 466.844 0 0
1500.0 114.132790 0.288797 18.131183 0.943227 -0.031447 466.099 0 0
1500.0 87.407522 58.461812 17.869074 0.463386 0.937362 466.891 0 0
1500.0 75.934707 46.761783 18.015802 0.332572 0.765921 466.127 0 0
1500.0 92.250002 -20.049095 17.948959 0.539779 -0.379006 465.757 0 0
1500.0 119.777810 -29.760954 17.799007 0.965194 -0.393775 467.948 0 0
1500.0 106.345607 3.587804 18.193349 0.808711 0.121219 466.959 0 0
1500.0 77.217442 -14.282120 18.054165 0.350402 -0.286665 466.457 0 0
1500.0 96.134735 37.592868 17.843350 0.659996 0.564693 466.232 0 0
1500.0 77.241092 -1.638855 18.078663 0.377184 -0.084708 465.768 0 0
1500.0 47.913987 -51.746512 17.806246 -0.214183 -0.844459 466.350 0 0
1500.0 93.192284 17.868808 18.003315 0.608044 0.334305 466.356 0 0
1500.0 73.131267 55.302276 17.992177 0.295444 0.891687 467.529 0 0
1500.0 106.406026 -15.530682 18.150096 0.843637 -0.224446 467.805 0 0
1500.0 81.565887 20.361712 18.225275 0.404470 0.385571 466.973 0 0
1500.0 88.161825 -40.481733 17.935832 0.438421 -0.685547 466.778 0 0
1500.0 89.597789 -4.156758 18.167674 0.596054 -0.034482 467.062 0 0
1500.0 77.362022 -31.108174 17.845431 0.368935 -0.518679 466.194 0 0
1500.0 85.105029 -12.520242 18.172488 0.532435 -0.173940 467.594 0 0
1500.0 42.489263 35.971559 17.924483 -0.304970 0.561878 467.471 0 0
1500.0 104.399913 -1.590880 17.825378 0.762680 -0.083846 467.676 0 0
1500.0 78.190531 -4.913984 18.054939 0.395519 -0.132842 467.344 0 0
1500.0 73.609662 -14.859633 17.877604 0.270729 -0.307411 467.484 0 0
1500.0 127.899162 -17.688748 18.047537 1.201880 -0.234586 466.638 0 0
1500.0 68.785193 -49.743216 18.186855 0.258764 -0.890131 465.600 0 0
1500.0 104.973971 -8.488587 17.960980 0.830515 -0.204582 466.511 0 0
1500.0 79.861813 -73.145908 17.937624 0.288056 -1.249446 466.444 0 0
1500.0 81.311625 -45.693615 18.180629 0.402972 -0.850930 467.677 0 0
1500.0 70.820605 31.036435 18.365219 0.202643 0.598682 467.204 0 0
1500.0 134.885959 -31.928488 18.245103 1.448528 -0.612663 466.241 0 0
1500.0 99.246622 3.479591 18.295021 0.683465 0.090473 468.257 0 0
1500.0 73.171310 11.558066 17.895440 0.278605 0.128243 468.337 0 0
1500.0 71.457813 -5.466741 18.001581 0.271273 -0.103889 469.352 0 0
1500.0 97.707583 -8.941833 17.955975 0.633765 -0.158916 468.983 0 0
1500.0 97.125462 -36.705956 17.841955 0.558518 -0.596376 468.273 0 0
1500.0 51.331620 -59.449417 17.851081 -0.054546 -0.914480 468.754 0 0
1500.0 120.971381 -6.992105 17.848518 0.951059 -0.161871 468.367 0 0
1500.0 77.886411 61.089955 17.801791 0.343967 0.932333 468.804 0 0
1500.0 84.509972 -62.899991 17.833706 0.466206 -0.938706 468.496 0 0
1500.0 34.318686 -60.285653 17.900075 -0.330771 -0.972301 468.772 0 0
1500.0 25.729795 -53.626297 17.901985 -0.462045 -0.879154 468.304 0 0
1500.0 113.613803 27.545265 17.816051 0.889961 0.359286 468.750 0 0
1500.0 101.100500 -12.833824 17.994858 0.725221 -0.256575 468.337 0 0
1500.0 9.698530 51.262405 17.896332 -0.819448 0.780379 467.961 0 0
1500.0 91.041759 -28.100227 17.881530 0.590433 -0.443595 469.003 0 0
1500.0 70.261562 12.133249 17.819936 0.254606 0.149046 469.129 0 0
1500.0 191.509810 -15.825692 17.871018 2.182131 -0.313964 469.159 0 0
1500.0 81.789253 -40.698810 18.346157 0.429935 -0.743812 468.785 0 0
1500.0 91.313067 -11.161669 17.908035 0.526824 -0.264666 468.382 0 0
1500.0 69.260404 44.840663 18.364731 0.176346 0.786479 469.164 0 0
1500.0 38.910891 -52.588487 17.977478 -0.323117 -0.973442 468.549 0 0
1500.0 87.481314 20.298194 18.400295 0.531955 0.312142 469.704 0 0
1500.0 75.483303 5.678607 17.989702 0.324227 0.052520 469.742 0 0
1500.0 42.706909 -4.521731 17.926257 -0.244629 -0.119382 470.090 0 0
1500.0 86.027417 -36.195050 17.848038 0.434284 -0.565774 469.482 0 0
1500.0 106.516912 -7.527032 18.072055 0.770240 -0.143804 469.546 0 0
1500.0 93.567224 19.428327 18.192638 0.598855 0.301719 470.705 0 0
1500.0 64.065794 48.032637 17.876428 0.138044 0.733311 469.804 0 0
1500.0 94.089548 36.354318 17.881976 0.539080 0.584403 469.813 0 0
1500.0 -1.936325 -27.157688 17.843381 -0.946236 -0.409276 469.507 0 0
1500.0 122.904581 -1.043678 18.025788 1.041756 -0.025160 470.341 0 0
1500.0 63.784461 -62.569930 17.902724 0.105050 -0.974117 470.992 0 0
1500.0 80.169384 -79.248700 17.823230 0.392788 -1.186544 470.328 0 0
1500.0 121.525397 24.823208 17.811480 0.993077 0.312711 469.869 0 0
1500.0 88.228335 -6.519823 18.596172 0.624785 -0.093822 470.255 0 0
1500.0 110.698598 30.731965 17.830125 0.849266 0.515456 469.456 0 0
1500.0 83.699694 -45.838868 18.012469 0.379075 -0.762240 469.856 0 0
1500.0 108.313744 -1.401448 17.961765 0.829754 0.038880 469.602 0 0
1500.0 71.558138 -61.141171 17.810050 0.278498 -0.930793 470.512 0 0
1500.0 105.126895 -39.044567 17.809300 0.785261 -0.594996 470.644 0 0
1500.0 109.308134 26.759779 17.811582 0.853211 0.401734 470.275 0 0
1500.0 87.565672 -11.044766 18.139972 0.562474 -0.139721 469.988 0 0
1500.0 94.692157 -25.927918 17.955897 0.554596 -0.470407 469.741 0 0
1500.0 86.608213 -39.465519 17.952813 0.428798 -0.675063 470.022 0 0
1500.0 95.918024 30.897159 18.050999 0.672741 0.497764 470.817 0 0
1500.0 82.063626 -27.060383 18.204541 0.450697 -0.478867 470.620 0 0
1500.0 6.768043 -20.025130 17.939359 -0.835526 -0.280333 470.784 0 0
1500.0 34.162598 -5.047239 18.015989 -0.417134 -0.048494 469.590 0 0
1500.0 45.549664 -38.000909 17.885081 -0.162617 -0.660028 470.050 0 0
1500.0 59.504160 47.504227 17.909432 0.070552 0.793860 470.882 0 0
1500.0 88.919471 -15.783931 17.872347 0.559569 -0.255982 470.634 0 0
1500.0 105.563161 50.080281 17.995405 0.827896 0.797536 471.023 0 0
1500.0 101.203322 90.169657 17.952774 0.767878 1.457863 469.815 0 0
1500.0 71.454434 -24.731262 17.972799 0.298683 -0.450006 470.439 0 0
1500.0 95.019350 -24.053127 18.341889 0.746577 -0.401938 470.764 0 0
1500.0 66.500100 -0.080339 18.283527 0.192359 0.064122 471.953 0 0
1500.0 37.568452 29.840266 17.864976 -0.354137 0.407809 472.276 0 0
1500.0 31.923961 10.499001 17.875272 -0.397207 0.199457 474.161 0 0
1500.0 65.529858 -29.810732 17.947709 0.085018 -0.478289 472.851 0 0
1500.0 67.041789 -54.836668 17.837050 0.192506 -0.816780 471.702 0 0
1500.0 75.695088 -7.622271 17.853547 0.309726 -0.139555 473.143 0 0
1500.0 34.306805 -19.979745 17.972153 -0.381346 -0.297852 473.837 0 0
1500.0 92.717812 11.611363 18.519468 0.624343 0.152769 475.460 0 0
1500.0 30.881780 18.763500 17.908988 -0.386152 0.331515 473.558 0 0
1500.0 66.629836 1.237290 18.229780 0.223039 -0.018425 475.349 0 0
1500.0 54.582204 -17.679287 18.104832 -0.069635 -0.287446 474.807 0 0
1500.0 84.696419 -35.376054 17.828228 0.422010 -0.555876 473.361 0 0
1500.0 -8.942704 -7.671978 17.803491 -1.044207 -0.062607 471.619 0 0
1500.0 34.978795 -62.426366 17.947588 -0.366956 -0.979950 472.069 0 0
1500.0 122.516750 14.874238 17.805951 1.021750 0.214347 472.348 0 0
1500.0 109.929352 39.788189 17.806536 0.848954 0.590211 471.336 0 0
1500.0 70.032582 15.408858 17.833716 0.236186 0.211224 475.883 0 0
1500.0 95.251031 -55.189759 17.806205 0.628062 -0.828511 471.481 0 0
1500.0 102.877406 23.990388 17.893056 0.698379 0.386811 475.266 0 0
1500.0 39.554489 -20.461040 17.956385 -0.310084 -0.263434 476.664 0 0
1500.0 55.539412 18.624304 18.018467 -0.077616 0.284685 477.056 0 0
1500.0 47.509758 -65.789160 17.867592 -0.125824 -1.035138 473.417 0 0
1500.0 41.713885 58.865874 17.900748 -0.198541 0.952230 471.950 0 0
1500.0 85.122028 58.560160 17.897119 0.449220 0.935019 472.845 0 0
1500.0 84.000527 59.548069 17.898048 0.423278 0.929338 474.319 0 0
1500.0 104.936427 45.808276 17.804730 0.782440 0.709405 471.743 0 0
1500.0 -7.463120 11.673321 17.790760 -1.022254 0.226783 473.483 0 0
1500.0 92.390058 -54.779277 17.853773 0.592723 -0.831204 472.879 0 0
1500.0 119.055322 -20.656081 17.854211 0.964171 -0.311353 474.803 0 0
1500.0 106.850342 -41.059553 17.853678 0.808891 -0.625543 472.906 0 0
1500.0 106.048970 45.637736 17.823645 0.740030 0.742223 473.889 0 0
1500.0 25.254125 51.279157 17.828327 -0.465254 0.845675 472.284 0 0
1500.0 83.916206 57.934350 17.826720 0.405702 0.907918 475.086 0 0
1500.0 110.664326 -27.573273 17.811775 0.871485 -0.419246 472.328 0 0
1500.0 118.058763 -27.354916 17.808033 0.952069 -0.402637 474.508 0 0
1500.0 90.724337 -15.368872 17.871695 0.585142 -0.244015 471.382 0 0
1500.0 96.229064 40.604612 17.904373 0.607814 0.678456 473.259 0 0
1500.0 16.421076 -52.853748 17.836251 -0.683700 -0.792754 474.306 0 0
1500.0 42.994871 9.963481 18.068782 -0.245772 0.114301 478.833 0 0
1500.0 44.394203 -29.883885 18.006254 -0.190329 -0.483292 478.264 0 0
1500.0 89.510545 -32.188457 17.925977 0.563761 -0.526293 471.852 0 0
1500.0 99.393176 -50.814065 17.913097 0.679507 -0.771165 475.277 0 0
1500.0 66.949683 45.710485 17.912821 0.185996 0.695818 477.657 0 0
1500.0 83.234351 -48.096358 17.820210 0.374755 -0.810283 472.565 0 0
1500.0 13.968898 -49.227964 17.812880 -0.654774 -0.793391 475.386 0 0
1500.0 38.871257 -18.274823 17.837409 -0.278166 -0.326124 478.341 0 0
1500.0 27.318156 -57.221394 17.812264 -0.468157 -0.927892 474.100 0 0
1500.0 24.140032 -55.238161 17.813825 -0.503857 -0.877878 475.659 0 0
1500.0 68.266681 -15.595803 18.065713 0.205470 -0.274372 479.359 0 0
1500.0 145.736830 55.851325 17.895714 1.426984 0.860843 472.494 0 0
1500.0 121.678606 17.508454 17.821995 1.005735 0.289735 474.976 0 0
1500.0 119.096646 -4.357947 17.827554 0.946693 -0.032078 476.477 0 0
1500.0 108.510556 -6.491834 18.090636 0.812748 -0.086757 478.536 0 0
1500.0 100.394287 27.238328 18.088818 0.749002 0.415761 473.749 0 0
1500.0 102.038825 -33.525746 17.870434 0.750290 -0.497114 473.238 0 0
1500.0 92.657083 -32.260944 17.858945 0.495308 -0.561872 472.454 0 0
1500.0 2.039201 3.455711 17.852414 -0.891121 -0.011710 473.117 0 0
1500.0 66.016551 -20.830670 18.055474 0.079277 -0.347836 472.263 0 0
1500.0 10.783287 -26.562579 18.038069 -0.757148 -0.426838 473.713 0 0
1500.0 64.969461 -1.238069 18.058830 0.063308 -0.045270 472.050 0 0
1500.0 60.823707 55.722255 17.807664 0.115994 0.861085 472.840 0 0
1500.0 111.516497 17.534492 18.146014 0.888937 0.346485 472.092 0 0
1500.0 62.462872 59.313254 17.832375 0.012390 0.901372 477.282 0 0
1500.0 24.533159 34.910585 17.836356 -0.568962 0.588992 472.787 0 0
1500.0 20.688667 -13.019935 17.845322 -0.576677 -0.134739 478.582 0 0
1500.0 128.149879 3.796152 18.131546 1.204457 0.013863 471.574 0 0
1500.0 46.373562 -5.632396 18.218762 -0.180008 -0.057098 481.150 0 0
1500.0 57.169584 21.024276 18.216452 -0.035864 0.344298 473.480 0 0
1500.0 53.435824 -66.099483 17.883635 -0.075438 -1.041019 476.529 0 0
1500.0 105.467353 3.435385 18.184732 0.804280 0.113532 474.918 0 0
1500.0 141.632358 -79.517935 17.805781 1.216742 -1.232568 477.463 0 0
1500.0 63.296542 -13.886216 18.133238 0.056037 -0.256550 473.809 0 0
1500.0 46.651896 10.344423 17.849614 -0.237636 0.212396 472.861 0 0
1500.0 103.811319 44.811206 17.881861 0.718241 0.706366 478.023 0 0
1500.0 108.692759 8.439013 17.889991 0.829923 0.187715 474.633 0 0
1500.0 64.081408 -66.764802 17.914411 0.059186 -1.045687 476.906 0 0
1500.0 52.738346 -21.945603 17.941040 -0.102219 -0.362934 480.883 0 0
1500.0 83.674695 -22.936259 17.938120 0.486912 -0.361954 473.944 0 0
1500.0 85.045007 -55.775999 17.892853 0.458297 -0.841791 478.791 0 0
1500.0 74.022569 -46.962350 17.940469 0.227354 -0.786105 474.893 0 0
1500.0 20.560090 41.322445 17.915672 -0.580010 0.698674 475.349 0 0
1500.0 73.422638 65.738084 17.809725 0.180281 1.032407 476.902 0 0
1500.0 91.268051 30.056142 17.847883 0.590855 0.457831 474.392 0 0
1500.0 66.698326 15.305934 17.860699 0.215358 0.233941 473.440 0 0
1500.0 105.933876 -43.562250 18.009094 0.755194 -0.713031 477.252 0 0
1500.0 95.038229 -17.129421 18.198765 0.611536 -0.282340 481.561 0 0
1500.0 95.341319 -36.998844 18.189218 0.663154 -0.601090 476.410 0 0
1500.0 45.730917 -12.977840 18.053877 -0.211828 -0.162174 482.078 0 0
1500.0 119.074215 -18.894394 17.802056 0.955031 -0.306113 478.440 0 0
1500.0 122.972998 -5.685900 17.800160 1.029567 -0.115257 477.268 0 0
1500.0 54.286775 -62.131366 17.811593 -0.007948 -0.993945 476.478 0 0
1500.0 111.134841 -28.538721 17.812287 0.851524 -0.488026 476.347 0 0
1500.0 107.521395 -43.026250 17.809360 0.772861 -0.685741 478.404 0 0
1500.0 26.430558 -61.236914 17.808567 -0.419022 -0.959270 477.941 0 0
1500.0 60.145910 -49.497587 17.823070 0.075838 -0.757155 480.518 0 0
1500.0 108.015631 -0.579839 17.823150 0.756563 -0.061434 480.526 0 0
1500.0 124.959468 2.627621 17.808713 1.044172 -0.016562 477.384 0 0
1500.0 70.394439 -36.808635 18.010964 0.204787 -0.578467 483.017 0 0
1500.0 36.224155 40.794257 18.264172 -0.329247 0.752783 471.795 0 0
1500.0 85.328516 56.680061 17.864006 0.455263 0.865920 480.242 0 0
1500.0 39.009950 -50.630785 17.834276 -0.315601 -0.843463 476.731 0 0
1500.0 69.334518 -22.858555 18.091810 0.272789 -0.392088 476.356 0 0
1500.0 75.914111 -37.297910 18.084086 0.370542 -0.608480 476.949 0 0
1500.0 66.798354 -22.112470 18.092591 0.234001 -0.380937 476.302 0 0
1500.0 62.969041 -38.387854 17.866039 0.106797 -0.602618 482.476 0 0
1500.0 48.272612 -0.582738 17.872349 -0.159254 -0.072890 483.257 0 0
1500.0 94.797196 -16.866962 17.869104 0.649912 -0.286968 475.813 0 0
1500.0 122.334930 -24.367973 17.914000 1.134554 -0.397039 472.828 0 0
1500.0 94.926251 -44.078859 18.073203 0.602562 -0.732261 478.591 0 0
1500.0 59.807811 -21.194571 18.093444 0.079343 -0.401193 476.702 0 0
1500.0 59.660562 -13.269399 18.175660 0.097037 -0.275699 476.926 0 0
1500.0 90.941361 -14.603090 17.946976 0.555669 -0.294462 476.756 0 0
1500.0 105.897169 -27.131808 17.934972 0.772474 -0.479073 477.911 0 0
1500.0 111.905006 -37.519807 17.928378 0.829831 -0.611618 480.587 0 0
1500.0 37.247255 -47.612991 18.159342 -0.373164 -0.834356 472.778 0 0
1500.0 81.584164 1.667935 17.920193 0.429447 -0.036963 474.819 0 0
1500.0 109.386133 16.498176 17.800674 0.844319 0.295367 477.487 0 0
1500.0 57.394118 43.656615 17.808550 0.050198 0.719107 476.704 0 0
1500.0 44.063711 66.895940 17.793100 -0.148071 1.023601 480.179 0 0
1500.0 124.823998 -0.560015 17.792279 1.047745 0.033582 479.520 0 0
1500.0 60.079586 36.049835 17.814506 0.083618 0.548155 482.986 0 0
1500.0 37.231811 65.875875 17.792281 -0.250642 1.017839 479.563 0 0
1500.0 67.088040 46.829480 17.790841 0.191902 0.728672 480.195 0 0
1500.0 38.173263 35.365003 17.854568 -0.341152 0.531071 483.221 0 0
1500.0 31.650980 61.600156 17.834941 -0.454116 0.944803 479.954 0 0
1500.0 16.851754 51.148816 17.836296 -0.664587 0.780302 480.812 0 0
1500.0 62.122598 29.226511 17.860737 0.043562 0.529001 476.849 0 0
1500.0 110.424425 30.400890 17.843808 0.775351 0.533860 478.464 0 0
1500.0 86.684508 44.663143 17.850493 0.389613 0.704087 482.785 0 0
1500.0 108.919971 -21.758864 17.803175 0.795503 -0.279721 481.936 0 0
1500.0 67.432597 -70.505421 17.917216 0.188390 -1.239021 473.523 0 0
1500.0 55.199133 -52.261290 17.827491 -0.119620 -0.815659 478.336 0 0
1500.0 1.507634 33.674063 17.816243 -0.917126 0.489306 480.235 0 0
1500.0 -6.001834 -10.342465 17.816118 -1.028130 -0.167107 480.301 0 0
1500.0 24.709612 11.310328 17.837789 -0.539195 0.147034 484.193 0 0
1500.0 52.988626 -1.260188 18.038357 -0.055509 -0.097076 477.889 0 0
1500.0 31.103797 -25.577035 18.050747 -0.499891 -0.514771 471.870 0 0
1500.0 78.989274 -37.220205 17.846795 0.387397 -0.619364 478.712 0 0
1500.0 105.203028 -16.280340 17.998812 0.879750 -0.259937 473.572 0 0
1500.0 66.106096 6.970387 18.264979 0.171769 0.162892 487.280 0 0
1500.0 67.763194 -49.042880 18.086982 0.160959 -0.814109 480.375 0 0
1500.0 84.697302 -45.715293 17.872316 0.373093 -0.763651 479.865 0 0
1500.0 5.562184 -39.649008 17.863267 -0.797605 -0.639982 483.031 0 0
1500.0 47.269780 -61.083981 17.864490 -0.195513 -0.981748 480.982 0 0
1500.0 121.813888 2.822032 17.994518 1.038156 0.050151 482.204 0 0
1500.0 95.001441 9.587906 18.011526 0.666081 0.155659 479.774 0 0
1500.0 118.302656 21.809003 17.994484 0.986050 0.330475 482.221 0 0
1500.0 110.583027 -22.434776 18.154282 0.878731 -0.385419 482.276 0 0
1500.0 47.404283 25.583751 18.013914 -0.200593 0.443636 479.912 0 0
1500.0 115.578954 -13.507206 18.156178 1.009940 -0.173338 479.378 0 0
1500.0 92.318266 -68.223465 17.941251 0.639707 -1.117329 477.486 0 0
1500.0 22.606315 -45.145175 17.833763 -0.503425 -0.719990 485.182 0 0
1500.0 94.739032 -45.995678 17.832287 0.534030 -0.734347 484.979 0 0
1500.0 77.793590 -5.488900 18.250029 0.407574 -0.140380 481.204 0 0
1500.0 120.417804 -0.802182 17.900610 0.982606 -0.017497 485.262 0 0
1500.0 68.228938 -3.648028 17.926119 0.220778 -0.056474 487.856 0 0
1500.0 109.097844 -29.972262 17.901322 0.854833 -0.457793 482.372 0 0
1500.0 104.422191 6.360995 17.909628 0.796612 0.091074 481.353 0 0
1500.0 90.892192 -56.373570 17.957894 0.521322 -0.886193 484.878 0 0
1500.0 106.509476 62.111734 18.029129 0.895009 1.026625 476.724 0 0
1500.0 45.729900 34.042702 17.950447 -0.141918 0.594904 481.406 0 0
1500.0 60.664868 -11.826464 18.018512 0.065396 -0.232624 488.773 0 0
1500.0 104.908367 -48.025420 18.137439 0.869797 -0.827314 477.570 0 0
1500.0 -6.450777 -2.912271 17.895660 -1.022198 -0.069790 483.782 0 0
1500.0 -22.053087 -65.264604 17.889941 -1.292960 -1.054102 481.619 0 0
1500.0 48.026377 -35.884568 17.840800 -0.172689 -0.569001 487.851 0 0
1500.0 136.472650 22.280647 17.806650 1.245538 0.292060 483.290 0 0
1500.0 86.987604 -9.478842 18.192683 0.563360 -0.158955 483.021 0 0
1500.0 57.776219 41.168208 17.980337 -0.027257 0.694778 483.171 0 0
1500.0 64.609648 37.888247 18.087316 0.150198 0.687827 480.243 0 0
1500.0 112.954576 -35.388920 17.997587 0.881250 -0.561499 486.755 0 0
1500.0 83.192791 55.381756 18.073909 0.425439 0.895758 485.533 0 0
1500.0 77.237253 -48.209719 18.002576 0.248718 -0.800741 480.789 0 0
1500.0 6.738886 7.603234 18.007981 -0.845936 0.188719 481.174 0 0
1500.0 45.395825 40.750075 17.838621 -0.203145 0.705530 483.749 0 0
1500.0 97.689151 -54.226380 17.878182 0.578023 -0.873766 486.770 0 0
1500.0 26.349170 -56.778930 17.878875 -0.479866 -0.917901 486.298 0 0
1500.0 48.427871 -57.092738 17.883650 -0.153613 -0.937247 485.247 0 0
1500.0 27.301012 -46.703369 17.885422 -0.474866 -0.783038 485.001 0 0
1500.0 83.187777 27.821134 18.010982 0.486146 0.422310 484.422 0 0
1500.0 135.391520 -0.397645 18.049107 1.329815 0.035712 481.840 0 0
1500.0 26.514017 6.004689 17.901000 -0.540047 0.043087 484.339 0 0
1500.0 33.531423 -51.847099 17.884795 -0.421138 -0.834293 485.880 0 0
1500.0 75.572383 -25.802551 17.881454 0.317676 -0.370006 492.522 0 0
1500.0 39.719007 -17.466472 18.367434 -0.332922 -0.363970 478.967 0 0
1500.0 14.096081 19.321474 17.895174 -0.675774 0.308492 492.565 0 0
1500.0 62.212330 23.096695 17.864373 0.130309 0.329293 493.862 0 0
1500.0 114.974831 -25.243393 18.029627 0.943610 -0.390964 489.960 0 0
1500.0 74.404888 29.970946 17.980784 0.327661 0.476531 490.506 0 0
1500.0 89.119259 8.332500 17.981099 0.546085 0.157819 490.330 0 0
1500.0 97.738344 -19.056201 17.941654 0.655780 -0.361362 488.015 0 0
1500.0 40.790040 35.227374 17.932115 -0.336671 0.552501 486.888 0 0
1500.0 97.150730 -25.611075 17.820684 0.619445 -0.475922 487.157 0 0
1500.0 92.000746 21.526461 18.081805 0.529672 0.430132 481.175 0 0
1500.0 39.042516 28.898440 17.948758 -0.308586 0.446307 494.787 0 0
1500.0 103.343615 28.736431 17.907857 0.724142 0.422757 493.962 0 0
1500.0 98.602812 23.296288 17.912315 0.652445 0.343124 494.419 0 0
1500.0 104.214867 -21.930693 17.944456 0.724916 -0.431535 485.154 0 0
1500.0 106.875990 12.353979 17.810593 0.766131 0.264860 488.931 0 0
1500.0 46.217570 39.485234 17.817327 -0.153506 0.627409 494.607 0 0
1500.0 89.635694 54.245373 17.822144 0.469219 0.891032 490.528 0 0
1500.0 47.512968 61.846570 17.821594 -0.164146 1.003365 490.662 0 0
1500.0 19.327421 22.967230 17.881647 -0.654665 0.390979 489.182 0 0
1500.0 113.705676 -8.910725 17.947187 0.863321 -0.158250 494.903 0 0
1500.0 -18.403029 39.244149 17.874796 -1.292841 0.593413 486.867 0 0
1500.0 89.448154 57.831896 17.862926 0.507399 0.908311 492.535 0 0
1500.0 24.482049 -13.659663 17.913681 -0.584576 -0.198383 489.270 0 0
1500.0 43.164970 3.514031 18.263767 -0.316503 0.011745 481.531 0 0
1500.0 187.091122 -33.482954 17.797549 2.024444 -0.487529 491.369 0 0
1500.0 105.623815 43.732763 17.983054 0.739354 0.758647 489.551 0 0
1500.0 36.656237 25.563580 17.908773 -0.387514 0.354208 490.107 0 0
1500.0 97.639163 27.109170 18.020967 0.634820 0.426716 496.904 0 0
1500.0 81.810073 -2.805171 18.032614 0.406361 0.005591 497.894 0 0
1500.0 42.669833 -64.513021 17.810488 -0.279236 -0.998423 494.284 0 0
1500.0 6.557546 -40.878096 17.809812 -0.816611 -0.657294 493.679 0 0
1500.0 10.049607 -39.950759 17.811776 -0.776177 -0.653057 492.697 0 0
1500.0 86.466425 1.630015 17.875980 0.469467 0.002052 497.660 0 0
1500.0 85.741988 13.128419 17.958222 0.409441 0.252600 498.379 0 0
1500.0 70.629598 35.423440 17.954637 0.199238 0.566145 498.093 0 0
1500.0 98.240291 49.030544 17.935776 0.623638 0.805112 493.820 0 0
1500.0 48.120264 -1.769753 17.923328 -0.187628 0.013398 498.166 0 0
1500.0 136.322612 -9.843090 17.900340 1.326107 -0.106853 489.529 0 0
1500.0 126.683044 -6.988641 17.801202 1.033305 -0.034943 495.838 0 0
1500.0 100.722428 -51.574682 17.799153 0.702979 -0.777620 495.201 0 0
1500.0 94.098261 -32.045929 17.814403 0.580097 -0.468231 498.074 0 0
1500.0 94.026133 58.855620 17.799372 0.600553 0.854643 495.558 0 0
1500.0 116.959080 -16.599204 17.802133 0.960776 -0.263927 493.998 0 0
1500.0 101.953217 49.069359 17.886999 0.693638 0.785695 495.637 0 0
1500.0 56.285926 63.509360 17.888928 0.021430 1.014378 494.564 0 0
1500.0 68.936469 -45.363438 17.866933 0.228522 -0.701101 496.366 0 0
1500.0 80.496806 -29.130488 17.982100 0.316510 -0.522000 490.684 0 0
1500.0 69.566254 -4.191367 17.877219 0.126748 -0.118581 492.592 0 0
1500.0 96.058721 52.325267 17.793286 0.553845 0.835160 497.650 0 0
1500.0 79.914061 -3.005237 17.818161 0.342715 0.031171 492.823 0 0
1500.0 57.798321 12.502020 18.076013 -0.004578 0.238444 500.559 0 0
1500.0 56.571598 -3.405730 18.384880 0.034732 -0.113279 503.228 0 0
1500.0 15.436124 24.491402 17.965336 -0.701269 0.340188 495.090 0 0
1500.0 29.326623 -15.230035 17.813574 -0.525866 -0.256777 494.775 0 0
1500.0 65.491418 14.998194 17.842648 0.170457 0.209623 502.795 0 0
1500.0 89.960628 -47.832716 18.023599 0.608005 -0.823431 492.994 0 0
1500.0 8.441017 72.940477 17.856977 -0.874075 1.152220 494.543 0 0
1500.0 97.558906 53.910139 17.865877 0.586077 0.866101 500.564 0 0
1500.0 31.511699 18.958434 17.887982 -0.406311 0.371768 496.991 0 0
1500.0 82.028958 51.772973 17.874637 0.348046 0.812032 502.461 0 0
1500.0 90.725664 52.114386 17.823356 0.567248 0.804429 498.799 0 0
1500.0 114.827308 -10.981305 17.827995 0.885185 -0.141146 502.245 0 0
1500.0 -62.060814 43.081236 17.875340 -1.991629 0.652726 496.578 0 0
1500.0 53.605134 -23.251983 18.093916 -0.147894 -0.434649 492.667 0 0
1500.0 2.362984 28.970416 17.841137 -0.856578 0.468444 504.088 0 0
1500.0 29.186670 -1.889108 17.936024 -0.510902 -0.040058 500.269 0 0
1500.0 13.323295 32.595977 17.921450 -0.741882 0.484588 501.557 0 0
1500.0 60.343792 28.683118 17.938058 -0.028207 0.434581 500.128 0 0
1500.0 34.402480 -23.374656 17.934345 -0.429283 -0.372264 500.390 0 0
1500.0 13.331904 -67.573996 17.923914 -0.787134 -1.176025 496.797 0 0
1500.0 100.365156 21.515044 17.814375 0.725571 0.338614 501.377 0 0
1500.0 81.798210 -28.362403 17.823477 0.402926 -0.392958 507.331 0 0
1500.0 77.759039 -19.850835 18.379286 0.313036 -0.348890 502.692 0 0
1500.0 34.551305 -38.017000 17.928546 -0.447429 -0.574985 501.155 0 0
1500.0 94.859178 -21.830027 17.890633 0.651009 -0.331396 504.905 0 0
1500.0 107.208765 -20.705830 17.883504 0.831937 -0.310694 505.617 0 0
1500.0 101.680291 50.981049 17.836714 0.644084 0.825059 508.036 0 0
1500.0 87.547511 -14.148374 17.918449 0.562214 -0.215013 502.240 0 0
1500.0 54.119722 21.407212 17.877072 0.004903 0.340647 514.848 0 0
1500.0 43.827133 -59.028075 17.912974 -0.195727 -1.025006 505.821 0 0
1500.0 114.695612 -9.785338 17.872183 0.968518 -0.223911 505.678 0 0
1500.0 63.049972 -46.615479 17.824220 0.135759 -0.686088 520.249 0 0
1500.0 86.858445 23.686249 18.038090 0.545221 0.359265 523.524 0 0
1500.0 118.518820 -24.307384 17.943935 0.947153 -0.425595 526.986 0 0
1500.0 64.783342 -53.786486 17.951642 0.154396 -0.881883 525.493 0 0
1500.0 88.322780 38.246210 17.876151 0.440589 0.657427 527.779 0 0
1500.0 78.749780 2.199112 17.890850 0.298870 0.106171 526.653 0 0
1500.0 35.629128 26.682962 17.883247 -0.371326 0.484451 527.181 0 0
1500.0 102.152486 39.803362 17.869341 0.645206 0.673408 528.545 0 0
1500.0 69.696681 -27.366499 17.966579 0.193442 -0.477102 531.655 0 0
1500.0 113.695473 5.112544 18.022068 0.988923 0.161669 524.474 0 0
