Total number of secondary electrons: 2010
1500.0 91.066902 1.263114 15.878428 0.722960 -0.015782 274.561 0 0
1500.0 113.239483 1.520421 16.433145 1.161914 -0.006039 280.030 0 0
1500.0 92.508974 -4.885300 15.960528 0.737587 -0.043431 286.270 0 0
1500.0 97.415043 7.805548 15.934936 0.783960 0.113207 286.713 0 0
1500.0 97.092154 1.232841 14.469552 0.590471 0.011772 288.260 0 0
1500.0 94.529262 -1.936825 15.100408 0.642554 -0.100034 289.825 0 0
1500.0 123.136799 0.610273 15.540275 1.264354 0.033103 292.852 0 0
1500.0 86.057690 -1.015133 15.639032 0.571861 -0.048897 298.010 0 0
1500.0 94.374730 -0.952084 16.599590 0.762301 0.020318 299.265 0 0
1500.0 89.629692 12.561368 16.635382 0.652740 0.167277 305.759 0 0
1500.0 92.540743 -18.667528 14.698251 0.508073 -0.218830 308.100 0 0
1500.0 81.308738 19.745752 14.717275 0.332992 0.282772 308.158 0 0
1500.0 115.702503 20.111528 14.698565 0.872518 0.262904 308.683 0 0
1500.0 109.105874 -15.367207 16.592410 1.086425 -0.273461 310.275 0 0
1500.0 77.708620 -8.283315 15.005465 0.344949 -0.141853 310.300 0 0
1500.0 88.435650 -11.479521 14.906914 0.477594 -0.148227 311.380 0 0
1500.0 108.551378 -4.280541 15.979188 0.991871 -0.086387 311.720 0 0
1500.0 123.980570 -14.019860 16.057876 1.197879 -0.218025 311.883 0 0
1500.0 87.979740 -2.515991 15.998723 0.583634 -0.008106 312.065 0 0
1500.0 88.937771 -9.533574 16.070944 0.619460 -0.180173 313.641 0 0
1500.0 80.540829 -0.287412 16.139681 0.477253 -0.052026 314.767 0 0
1500.0 69.110207 -18.807537 14.881967 0.188965 -0.278576 315.365 0 0
1500.0 88.649652 8.286810 16.594029 0.632069 0.092260 315.841 0 0
1500.0 104.229018 -1.591740 16.145536 0.777638 -0.029771 319.434 0 0
1500.0 91.156188 5.364195 15.748998 0.538572 0.110220 319.998 0 0
1500.0 95.297828 -33.928048 15.032556 0.543956 -0.464131 320.236 0 0
1500.0 101.561181 35.791456 14.697067 0.574842 0.473930 320.452 0 0
1500.0 112.902328 -3.824746 16.350894 0.968508 -0.043356 320.935 0 0
1500.0 81.356091 21.080465 14.988124 0.289355 0.293395 320.988 0 0
1500.0 92.536286 -43.226827 14.718770 0.422745 -0.630607 321.779 0 0
1500.0 108.089824 56.400115 14.689181 0.639767 0.705996 322.177 0 0
1500.0 139.311339 8.344796 15.167984 1.258387 0.119683 322.220 0 0
1500.0 85.396530 26.503594 14.986811 0.425781 0.355742 322.303 0 0
1500.0 84.169685 16.454851 15.523111 0.460010 0.231009 322.633 0 0
1500.0 72.936358 4.881284 15.694318 0.328575 0.109702 322.872 0 0
1500.0 99.904154 16.693464 15.395397 0.638589 0.206865 322.988 0 0
1500.0 65.589062 5.138194 15.520764 0.170434 0.098556 323.259 0 0
1500.0 79.469692 36.074956 14.817540 0.241573 0.479146 323.479 0 0
1500.0 146.988259 49.617290 14.963334 1.248200 0.696540 323.840 0 0
1500.0 76.892276 19.853237 15.428500 0.292590 0.280525 323.991 0 0
1500.0 79.519728 5.777772 16.392677 0.496078 0.094042 324.349 0 0
1500.0 46.973288 -33.558676 14.856820 -0.097525 -0.464490 324.378 0 0
1500.0 90.285784 9.385087 16.225646 0.558587 0.161972 325.997 0 0
1500.0 22.209799 -65.245993 14.978121 -0.448450 -0.892543 327.692 0 0
1500.0 79.507184 -43.082301 14.921062 0.208631 -0.548342 328.396 0 0
1500.0 84.153664 17.441284 15.432177 0.396786 0.263209 329.314 0 0
1500.0 79.914571 33.649906 15.474993 0.318634 0.444519 329.673 0 0
1500.0 88.581893 41.351870 15.031756 0.436176 0.490182 329.701 0 0
1500.0 56.441935 -33.705577 15.065488 -0.075361 -0.416343 329.697 0 0
1500.0 76.006815 -58.298296 15.081867 0.279767 -0.726583 330.330 0 0
1500.0 6.247145 -13.083011 15.142943 -0.687497 -0.159432 330.688 0 0
1500.0 69.314039 -66.649619 15.118801 0.197195 -0.823638 330.789 0 0
1500.0 23.163645 65.114209 15.256161 -0.472688 0.782051 332.108 0 0
1500.0 128.843735 36.577979 15.245453 0.900894 0.418092 332.340 0 0
1500.0 18.914134 -66.046442 15.283630 -0.521575 -0.789321 332.448 0 0
1500.0 85.237889 -16.294399 16.004648 0.472135 -0.191909 333.221 0 0
1500.0 11.596073 21.566780 15.443693 -0.613085 0.247139 333.524 0 0
1500.0 83.307718 13.827748 15.643994 0.350568 0.229143 333.559 0 0
1500.0 37.459189 -77.873508 15.379803 -0.299112 -0.961099 333.620 0 0
1500.0 19.809311 7.107932 15.742951 -0.629480 0.157762 333.740 0 0
1500.0 83.154146 -22.155274 15.672299 0.392208 -0.285077 333.796 0 0
1500.0 142.480136 -6.401398 15.378291 1.043203 -0.090872 333.930 0 0
1500.0 83.702811 -4.675220 16.755213 0.479395 -0.110249 334.128 0 0
1500.0 141.736495 17.626861 15.402021 1.031157 0.188718 334.211 0 0
1500.0 -27.044699 -7.975806 15.467698 -1.043184 -0.092539 334.684 0 0
1500.0 80.386168 -33.889020 15.850911 0.293603 -0.460848 334.810 0 0
1500.0 112.190983 24.999405 17.797639 1.203897 0.533355 335.117 0 0
1500.0 83.055430 52.441295 15.593915 0.319949 0.698282 335.170 0 0
1500.0 127.057278 -0.007759 16.666945 1.239757 0.060723 336.164 0 0
1500.0 134.120147 -28.567770 15.578995 0.920561 -0.340076 336.273 0 0
1500.0 116.510669 -41.170530 15.706696 0.772960 -0.603003 336.412 0 0
1500.0 45.036653 -63.329300 15.610555 -0.110303 -0.835968 336.421 0 0
1500.0 114.917153 -7.976450 15.677957 0.763984 -0.164503 336.635 0 0
1500.0 29.284092 30.711405 15.607535 -0.422954 0.365313 336.707 0 0
1500.0 110.183573 2.674066 17.510534 1.064113 0.080174 336.707 0 0
1500.0 107.855131 15.649745 15.713433 0.669522 0.236280 337.216 0 0
1500.0 91.781687 2.031823 17.553732 0.699490 0.077581 337.213 0 0
1500.0 74.209011 2.366816 15.881936 0.262612 0.080022 337.965 0 0
1500.0 67.928304 -10.710992 16.519637 0.217755 -0.186283 338.062 0 0
1500.0 72.255915 -4.293009 16.342416 0.240265 -0.109001 338.186 0 0
1500.0 103.817372 -5.336683 16.446986 0.690093 -0.076599 338.366 0 0
1500.0 116.123723 -21.009987 17.853703 1.190768 -0.352338 338.789 0 0
1500.0 30.288826 -58.842719 15.817580 -0.325088 -0.791286 338.811 0 0
1500.0 109.133957 4.706490 15.819100 0.617848 0.036507 338.994 0 0
1500.0 44.273341 -8.122974 15.840802 -0.198567 -0.104748 339.060 0 0
1500.0 87.461699 40.248932 15.954883 0.423819 0.550304 339.101 0 0
1500.0 90.793836 -5.753516 17.678908 0.632718 -0.064569 339.283 0 0
1500.0 14.428738 37.739623 15.815560 -0.609438 0.454485 339.260 0 0
1500.0 89.240639 16.122486 16.180500 0.425302 0.261703 339.523 0 0
1500.0 72.313399 -19.811290 16.839783 0.313292 -0.292412 339.935 0 0
1500.0 87.491359 7.424372 17.777493 0.610485 0.109869 340.408 0 0
1500.0 77.115263 -10.066883 17.252271 0.365042 -0.145680 340.645 0 0
1500.0 75.822784 0.435622 16.893681 0.339082 -0.053955 340.669 0 0
1500.0 55.439711 -38.918218 16.086307 -0.103862 -0.586858 341.005 0 0
1500.0 96.633871 3.489907 16.614635 0.600963 0.004191 341.009 0 0
1500.0 83.285262 -1.321321 17.350680 0.501180 -0.043249 341.094 0 0
1500.0 118.091291 3.681008 16.097866 0.820170 0.007874 341.357 0 0
1500.0 -17.198961 69.501073 16.007251 -0.981107 0.915713 341.741 0 0
1500.0 69.344353 -34.626381 16.342880 0.229643 -0.483937 342.170 0 0
1500.0 60.459326 -2.570269 16.134853 0.002580 0.019691 342.249 0 0
1500.0 50.458520 -46.689602 16.053627 -0.044808 -0.637394 342.378 0 0
1500.0 119.810726 19.920661 17.034997 1.072493 0.329779 342.449 0 0
1500.0 74.227167 18.955935 16.243965 0.217798 0.324273 342.533 0 0
1500.0 86.337162 -44.653970 16.718207 0.511053 -0.749715 342.900 0 0
1500.0 116.840407 -45.881131 16.196960 0.788889 -0.602437 342.930 0 0
1500.0 79.596829 62.706370 16.077907 0.316142 0.836058 342.928 0 0
1500.0 86.663043 -13.783496 16.970266 0.521426 -0.162033 342.999 0 0
1500.0 77.360236 0.568502 17.610815 0.441353 -0.045155 343.153 0 0
1500.0 17.409527 5.451272 16.350015 -0.553268 0.059521 343.201 0 0
1500.0 5.008911 -0.328736 16.266377 -0.756141 -0.028471 343.297 0 0
1500.0 59.239346 16.710140 16.150644 -0.008788 0.239158 343.462 0 0
1500.0 88.103351 -10.634489 17.430302 0.573851 -0.134187 343.566 0 0
1500.0 75.303555 -56.024362 16.229237 0.293377 -0.747336 343.779 0 0
1500.0 88.479365 -12.423721 17.718430 0.650165 -0.194267 343.924 0 0
1500.0 67.681338 -45.497987 16.460977 0.104023 -0.681266 343.985 0 0
1500.0 106.024146 -6.507280 17.569050 0.931274 -0.142523 344.704 0 0
1500.0 66.899249 -46.071924 16.329276 0.138697 -0.661505 344.837 0 0
1500.0 38.151912 27.810344 16.486441 -0.289966 0.344459 345.414 0 0
1500.0 101.008836 -45.782018 16.455052 0.703835 -0.677057 345.719 0 0
1500.0 82.837164 -3.842624 18.362069 0.606943 -0.109430 345.950 0 0
1500.0 83.082606 38.623120 16.723272 0.354827 0.551812 346.065 0 0
1500.0 69.249575 18.392470 16.536683 0.213001 0.295304 346.158 0 0
1500.0 86.920570 9.413077 17.550248 0.554617 0.148734 346.164 0 0
1500.0 -2.441012 30.301474 16.293156 -0.744843 0.393766 346.310 0 0
1500.0 61.584888 52.615859 16.484051 0.019359 0.707087 346.441 0 0
1500.0 43.825465 -25.552343 16.346435 -0.213768 -0.303715 346.588 0 0
1500.0 77.893097 -30.897848 16.558479 0.274564 -0.466341 346.663 0 0
1500.0 79.317214 -9.118685 17.668613 0.419424 -0.087165 346.664 0 0
1500.0 64.753753 -47.475414 16.582129 0.102701 -0.678045 347.150 0 0
1500.0 54.633506 -38.554533 16.668870 -0.012027 -0.563786 347.191 0 0
1500.0 67.991048 40.949089 16.544212 0.200918 0.576725 347.740 0 0
1500.0 83.116719 -7.407825 16.703412 0.431241 -0.095506 347.918 0 0
1500.0 101.815074 -32.404630 16.580441 0.615595 -0.481663 348.177 0 0
1500.0 76.339620 8.270823 17.590412 0.324932 0.170304 348.273 0 0
1500.0 103.528047 2.257635 16.697626 0.688290 0.031809 348.451 0 0
1500.0 78.198100 -18.334335 17.016067 0.358039 -0.293837 348.729 0 0
1500.0 86.179321 -8.740050 18.207193 0.605185 -0.116786 348.864 0 0
1500.0 100.277466 -19.798705 16.746412 0.617408 -0.316319 349.214 0 0
1500.0 89.553740 -24.779076 16.639871 0.419907 -0.317644 349.324 0 0
1500.0 85.307720 36.733302 16.722026 0.377094 0.543702 349.625 0 0
1500.0 93.133570 18.815703 17.078099 0.584739 0.242113 350.129 0 0
1500.0 86.423946 17.132882 17.214666 0.510703 0.300511 350.232 0 0
1500.0 129.005052 4.125952 17.309972 1.163985 0.027090 350.326 0 0
1500.0 55.963826 28.152833 17.088661 -0.040764 0.482463 350.321 0 0
1500.0 80.331623 0.590270 16.969058 0.398711 0.043941 350.414 0 0
1500.0 83.436915 0.074544 16.972421 0.438626 0.037201 350.492 0 0
1500.0 58.911964 -32.086347 16.800808 0.078882 -0.475011 350.640 0 0
1500.0 98.098175 3.509590 18.002011 0.859346 0.080106 350.888 0 0
1500.0 104.998399 7.650722 16.724642 0.696391 0.090476 351.039 0 0
1500.0 97.088681 -9.375593 17.735890 0.738036 -0.164987 351.038 0 0
1500.0 62.961509 19.229816 16.840212 0.002028 0.306663 351.035 0 0
1500.0 59.464030 2.828766 17.554279 0.101022 0.080216 351.113 0 0
1500.0 78.307403 -18.172487 16.946052 0.306883 -0.245682 351.558 0 0
1500.0 47.367626 -12.428938 16.973941 -0.137432 -0.149768 351.597 0 0
1500.0 121.705369 -2.821308 17.106232 0.966605 -0.059066 351.696 0 0
1500.0 106.241361 -10.547935 16.827584 0.715007 -0.143256 352.321 0 0
1500.0 63.647272 12.532312 17.741620 0.112993 0.201790 352.467 0 0
1500.0 99.198125 -13.523776 17.332254 0.671433 -0.157654 352.522 0 0
1500.0 105.892182 -43.659334 16.782583 0.673531 -0.610432 353.045 0 0
1500.0 123.927820 -2.460215 16.782802 0.906136 -0.078960 353.049 0 0
1500.0 68.281182 30.914954 16.810879 0.183383 0.464585 353.081 0 0
1500.0 30.701902 -4.594186 16.804058 -0.398230 -0.015009 353.126 0 0
1500.0 72.601864 -8.247903 16.742628 0.236030 -0.164182 353.423 0 0
1500.0 16.877981 19.454233 16.886973 -0.583549 0.248938 353.659 0 0
1500.0 105.447924 -1.021742 16.833118 0.669472 0.042618 353.605 0 0
1500.0 91.032009 -22.203882 18.122131 0.658997 -0.405721 353.718 0 0
1500.0 117.718625 -66.739383 16.783890 0.876249 -0.886090 354.219 0 0
1500.0 80.679179 -50.841824 16.927260 0.299025 -0.796961 354.244 0 0
1500.0 61.241751 14.062105 17.111809 0.034755 0.223658 354.299 0 0
1500.0 49.598025 -7.829924 16.958595 -0.119757 -0.162654 354.354 0 0
1500.0 78.194761 3.593723 17.469407 0.366117 -0.018713 354.395 0 0
1500.0 71.861248 -4.445717 17.954866 0.322839 -0.013704 354.449 0 0
1500.0 32.942908 -1.177142 17.326393 -0.382275 0.032506 354.512 0 0
1500.0 58.616237 25.061334 16.896547 0.045050 0.395887 354.772 0 0
1500.0 49.541476 -5.019457 17.052338 -0.090675 -0.112116 354.916 0 0
1500.0 126.000073 -36.702797 16.877381 0.910337 -0.508088 354.968 0 0
1500.0 98.474189 24.757443 18.465106 0.859669 0.493407 355.013 0 0
1500.0 45.910529 29.132371 17.026673 -0.191324 0.413312 355.094 0 0
1500.0 82.108839 14.710699 17.266894 0.407880 0.244842 355.113 0 0
1500.0 91.202619 10.108906 18.228842 0.620982 0.188826 355.406 0 0
1500.0 109.725062 3.881052 16.949790 0.711855 0.114312 355.462 0 0
1500.0 -4.282095 6.273220 16.831175 -0.877600 0.078482 355.471 0 0
1500.0 21.947510 -27.607273 16.985816 -0.510520 -0.397037 355.469 0 0
1500.0 64.430523 61.910325 17.404149 0.106288 0.984651 355.693 0 0
1500.0 61.668137 -20.336943 17.210942 0.103972 -0.288501 355.867 0 0
1500.0 102.728337 3.549143 17.318570 0.696490 0.066359 355.900 0 0
1500.0 74.707795 -18.084260 17.229787 0.229034 -0.265940 355.946 0 0
1500.0 103.602142 -8.969253 17.320932 0.707180 -0.094073 355.956 0 0
1500.0 39.739826 20.008218 17.528738 -0.308320 0.414248 355.988 0 0
1500.0 50.637650 -62.115520 16.985426 -0.063413 -0.868713 356.051 0 0
1500.0 88.717788 47.540068 16.951536 0.438344 0.683090 356.141 0 0
1500.0 120.903908 35.363695 16.848070 0.856379 0.499104 356.271 0 0
1500.0 46.447049 58.500433 16.956702 -0.114897 0.825258 356.264 0 0
1500.0 69.954372 35.504906 17.373697 0.233435 0.548337 356.732 0 0
1500.0 72.000146 -20.402289 16.930383 0.167668 -0.339555 356.779 0 0
1500.0 96.789617 17.043882 16.970301 0.591197 0.187442 356.778 0 0
1500.0 94.714014 -4.891117 18.387501 0.693212 -0.097754 356.876 0 0
1500.0 56.690332 -60.380563 17.000393 -0.039913 -0.934475 356.989 0 0
1500.0 93.190808 68.559720 16.894081 0.493134 0.915485 357.236 0 0
1500.0 80.627250 -27.079619 17.327826 0.328057 -0.416719 357.517 0 0
1500.0 91.768353 3.310766 17.279062 0.558043 0.062884 357.632 0 0
1500.0 77.540324 17.702815 17.686349 0.383637 0.279380 357.835 0 0
1500.0 45.549903 -78.469950 16.946669 -0.119167 -1.041452 357.985 0 0
1500.0 1.965726 -4.271829 17.105605 -0.780724 -0.077682 358.105 0 0
1500.0 113.565436 3.310292 17.056675 0.784912 0.025727 358.167 0 0
1500.0 -19.226450 -14.419148 16.953625 -1.028969 -0.162920 358.313 0 0
1500.0 75.629572 61.652767 16.979641 0.173549 0.845512 358.466 0 0
1500.0 88.780979 34.154190 17.145209 0.423159 0.513019 358.492 0 0
1500.0 88.053782 -0.719305 17.533335 0.469150 -0.006830 358.579 0 0
1500.0 38.126427 -17.996047 17.006163 -0.315244 -0.304725 358.881 0 0
1500.0 88.248444 -2.023061 17.696856 0.555596 0.005727 359.029 0 0
1500.0 123.136039 49.284271 17.034194 0.851364 0.686046 359.117 0 0
1500.0 -17.899641 -0.057716 17.001725 -1.000779 0.016872 359.235 0 0
1500.0 95.889657 48.534967 17.095799 0.556566 0.687297 359.379 0 0
1500.0 79.008280 -6.618454 17.916467 0.378371 -0.147693 359.433 0 0
1500.0 29.983024 -5.256084 17.075870 -0.427595 -0.019363 359.475 0 0
1500.0 53.658483 59.697843 17.412555 -0.030113 0.946448 359.641 0 0
1500.0 69.244262 0.170017 17.208322 0.160301 -0.065204 359.739 0 0
1500.0 29.953717 7.949317 17.221378 -0.415694 0.064382 359.965 0 0
1500.0 55.367917 -19.916239 17.182272 0.019890 -0.277882 360.372 0 0
1500.0 42.552313 -65.190174 17.089959 -0.283311 -0.905776 360.608 0 0
1500.0 -7.806971 27.249653 17.084370 -0.923873 0.381357 360.703 0 0
1500.0 71.134958 -17.230450 17.402558 0.230050 -0.301029 360.813 0 0
1500.0 138.270728 35.034812 17.084501 1.148556 0.472229 360.945 0 0
1500.0 75.830912 40.311323 17.314134 0.289952 0.608888 361.077 0 0
1500.0 119.008789 5.826107 17.098705 0.782995 0.111508 361.124 0 0
1500.0 75.060635 -6.715810 17.894355 0.367038 -0.137657 361.156 0 0
1500.0 81.857703 3.220410 18.047050 0.430519 0.105427 361.442 0 0
1500.0 -18.051164 2.662472 17.127862 -1.043699 0.057977 361.767 0 0
1500.0 81.241544 34.101453 17.933299 0.418257 0.535804 361.938 0 0
1500.0 66.021198 -66.464381 17.158741 0.172358 -0.916913 362.202 0 0
1500.0 93.793678 23.914806 17.260815 0.565159 0.292760 362.269 0 0
1500.0 101.182891 38.693635 17.392001 0.729658 0.560821 362.353 0 0
1500.0 94.667107 36.442682 17.286887 0.578357 0.516890 362.385 0 0
1500.0 44.057829 10.200959 17.637760 -0.192021 0.168784 362.465 0 0
1500.0 76.446703 -20.149871 17.728176 0.263254 -0.288312 362.562 0 0
1500.0 66.933273 2.747333 17.207712 0.095483 -0.024398 362.590 0 0
1500.0 46.098124 3.967178 17.208974 -0.197734 -0.007215 362.649 0 0
1500.0 19.541224 -32.492469 17.182671 -0.589483 -0.411488 362.703 0 0
1500.0 113.533615 -1.484848 18.060346 0.951802 0.018098 362.785 0 0
1500.0 67.885445 -44.357552 17.240859 0.155453 -0.678440 362.811 0 0
1500.0 81.285930 44.284392 17.951486 0.431798 0.740589 362.846 0 0
1500.0 0.586150 50.325323 17.173462 -0.791443 0.635277 363.038 0 0
1500.0 81.736306 -29.363969 17.343142 0.311487 -0.406835 363.086 0 0
1500.0 88.710824 13.391840 17.685647 0.530177 0.221037 363.060 0 0
1500.0 51.919837 48.035863 17.302510 -0.074216 0.728246 363.470 0 0
1500.0 75.922966 16.660160 17.453090 0.264720 0.302957 363.798 0 0
1500.0 59.519078 -34.527726 17.568578 0.059568 -0.538836 363.851 0 0
1500.0 79.309041 -21.312728 17.691328 0.333249 -0.296365 363.897 0 0
1500.0 104.511407 40.404939 17.412446 0.710096 0.569975 363.941 0 0
1500.0 110.302465 -8.552299 17.526497 0.806048 -0.154493 363.950 0 0
1500.0 85.198697 -84.898462 17.298870 0.406807 -1.213911 364.021 0 0
1500.0 124.794935 -34.923354 17.215558 0.940550 -0.462464 364.071 0 0
1500.0 33.304942 -29.544176 17.546874 -0.356106 -0.438931 364.189 0 0
1500.0 90.811049 -6.343323 17.979481 0.519375 -0.068740 364.281 0 0
1500.0 83.654037 -47.294970 17.811647 0.505322 -0.809999 364.294 0 0
1500.0 90.042905 -53.822739 17.345435 0.432044 -0.795041 364.335 0 0
1500.0 38.633095 29.510771 17.445481 -0.241382 0.477430 364.340 0 0
1500.0 68.105129 35.232446 17.367445 0.155337 0.476997 364.402 0 0
1500.0 78.085752 61.876508 17.367858 0.279861 0.898822 364.450 0 0
1500.0 125.272247 -0.347273 17.432276 0.980102 0.023330 364.578 0 0
1500.0 82.472222 -16.666565 17.942324 0.450514 -0.277041 364.580 0 0
1500.0 88.262967 1.966227 17.992581 0.527174 -0.026543 364.595 0 0
1500.0 11.110130 51.573791 17.239692 -0.687412 0.729022 364.644 0 0
1500.0 87.706448 -7.050867 17.554738 0.492938 -0.142896 364.659 0 0
1500.0 114.323122 -13.490180 17.284469 0.833587 -0.127678 364.774 0 0
1500.0 61.308829 15.660788 18.116408 0.109088 0.253520 364.871 0 0
1500.0 92.026299 -8.348018 18.479253 0.653386 -0.091421 365.168 0 0
1500.0 50.119058 16.124395 17.543766 -0.122467 0.204195 365.283 0 0
1500.0 136.581948 35.729905 17.413650 1.173726 0.604272 365.323 0 0
1500.0 123.497881 -32.875773 17.274023 0.906132 -0.427411 365.537 0 0
1500.0 36.399438 72.124639 17.345157 -0.292223 1.005748 365.773 0 0
1500.0 115.693270 1.860805 18.362421 1.091934 -0.007208 365.775 0 0
1500.0 71.909783 19.327178 17.635265 0.226909 0.280995 365.857 0 0
1500.0 90.233744 -4.408338 17.744530 0.485723 -0.127234 365.948 0 0
1500.0 69.080565 0.261170 17.563034 0.198392 -0.040177 365.970 0 0
1500.0 81.372710 -4.102754 18.184519 0.482255 -0.027254 366.340 0 0
1500.0 86.130176 -0.566324 18.509353 0.501670 -0.031442 366.631 0 0
1500.0 150.163864 -39.836011 17.319767 1.363119 -0.574974 366.663 0 0
1500.0 98.516294 -3.924421 18.052965 0.674004 -0.106698 367.327 0 0
1500.0 107.593169 36.955287 17.471956 0.752663 0.550324 367.428 0 0
1500.0 64.071467 -2.186584 17.502477 0.126542 -0.097239 367.426 0 0
1500.0 -74.633937 -63.328311 17.541781 -2.127016 -0.964442 367.798 0 0
1500.0 78.515650 -38.275653 17.488557 0.367825 -0.548617 368.032 0 0
1500.0 108.929619 -0.942068 18.253090 0.924813 -0.035052 368.086 0 0
1500.0 91.535369 -63.468339 17.441785 0.515719 -1.007078 368.065 0 0
1500.0 40.518405 46.019949 17.377641 -0.271388 0.608741 368.459 0 0
1500.0 105.677583 21.165799 17.499567 0.740177 0.275867 368.547 0 0
1500.0 78.295038 -21.390953 17.550563 0.253759 -0.322279 368.615 0 0
1500.0 57.437302 -24.856011 17.554700 -0.001789 -0.364354 368.700 0 0
1500.0 94.807844 -25.022404 17.464545 0.598292 -0.406963 368.716 0 0
1500.0 121.131147 -26.317467 17.474802 0.906523 -0.431907 368.808 0 0
1500.0 78.789425 -11.725443 18.009445 0.431153 -0.162023 369.021 0 0
1500.0 56.952142 -10.582826 17.582840 -0.070920 -0.176527 369.014 0 0
1500.0 79.603348 41.954790 18.104482 0.344258 0.750589 369.033 0 0
1500.0 91.935166 6.262972 19.033254 0.696624 0.060665 369.391 0 0
1500.0 70.929458 -22.000045 17.958815 0.175349 -0.405360 369.395 0 0
1500.0 58.132063 -20.838117 17.968783 -0.005744 -0.331491 369.501 0 0
1500.0 109.792457 43.748691 17.438068 0.719520 0.609656 369.510 0 0
1500.0 68.302372 -5.458516 18.150964 0.252324 -0.139936 369.557 0 0
1500.0 117.565954 -12.156825 17.686548 0.929504 -0.190041 369.709 0 0
1500.0 125.628579 -29.772803 18.098175 1.259748 -0.560609 369.693 0 0
1500.0 88.557957 29.575223 19.140942 0.700204 0.678522 369.671 0 0
1500.0 79.767804 -30.483403 17.621282 0.273077 -0.524547 370.021 0 0
1500.0 44.039784 1.023105 17.464120 -0.261615 -0.026314 370.064 0 0
1500.0 114.528688 -21.132050 18.613373 1.052618 -0.419552 370.056 0 0
1500.0 66.821748 -4.376190 18.280956 0.246378 -0.071478 370.279 0 0
1500.0 63.913362 -23.378126 17.449468 0.055447 -0.401371 370.341 0 0
1500.0 62.665260 -4.690004 17.512569 0.043484 -0.001678 370.337 0 0
1500.0 35.152637 -9.163168 17.466415 -0.338054 -0.080944 370.422 0 0
1500.0 96.502809 3.568117 17.710409 0.626216 0.109266 370.509 0 0
1500.0 93.803915 -12.261639 17.453316 0.481798 -0.241177 370.612 0 0
1500.0 56.011578 -16.979088 17.972033 0.010938 -0.259500 370.745 0 0
1500.0 75.427293 -33.112382 17.454901 0.219212 -0.537917 370.719 0 0
1500.0 58.816707 9.052399 18.066815 0.041257 0.171045 370.792 0 0
1500.0 66.720373 31.398235 17.702754 0.106654 0.492506 370.824 0 0
1500.0 78.773378 45.887549 17.840259 0.401244 0.748583 370.977 0 0
1500.0 87.689320 -15.801314 17.907550 0.466192 -0.286573 370.988 0 0
1500.0 71.980895 18.754622 17.987835 0.275625 0.264016 371.233 0 0
1500.0 68.765226 -15.014919 17.499566 0.209032 -0.264080 371.252 0 0
1500.0 80.281062 16.159857 17.501035 0.374224 0.184586 371.375 0 0
1500.0 82.101336 4.351978 18.505473 0.456852 0.056097 371.468 0 0
1500.0 57.996004 20.013759 18.003279 0.030321 0.294029 371.442 0 0
1500.0 85.724663 20.539189 18.438405 0.554125 0.334121 371.619 0 0
1500.0 83.555422 -51.015283 17.570623 0.412057 -0.743876 371.849 0 0
1500.0 76.263566 1.411606 17.749016 0.360799 0.007253 371.902 0 0
1500.0 85.780169 25.880383 18.159044 0.455257 0.409328 371.988 0 0
1500.0 87.833828 4.271880 17.752935 0.522434 0.047564 372.207 0 0
1500.0 87.627810 -68.486867 17.497577 0.463023 -0.939483 372.351 0 0
1500.0 81.369524 -10.421429 17.788607 0.428952 -0.179489 372.484 0 0
1500.0 129.078895 -18.314240 17.512667 1.018216 -0.246073 372.719 0 0
1500.0 103.927208 -8.600827 17.803068 0.728776 -0.072866 372.718 0 0
1500.0 72.274765 -13.018263 17.835966 0.299627 -0.226638 372.812 0 0
1500.0 69.477988 33.584727 17.934536 0.222968 0.536939 372.911 0 0
1500.0 101.220921 -60.417331 17.514349 0.640753 -0.824744 372.921 0 0
1500.0 32.822339 57.885874 17.605756 -0.369686 0.862289 372.926 0 0
1500.0 125.300673 12.517344 18.104831 1.256084 0.212550 373.238 0 0
1500.0 62.834286 1.908864 17.612114 0.040657 -0.039137 373.344 0 0
1500.0 72.775243 -61.273975 17.531931 0.258879 -0.902751 373.373 0 0
1500.0 107.996663 -52.573430 17.566866 0.736767 -0.744016 373.408 0 0
1500.0 81.193027 7.564271 17.914498 0.446626 0.104654 373.427 0 0
1500.0 104.677275 -56.304539 17.548222 0.648939 -0.823133 373.457 0 0
1500.0 153.862975 44.117278 17.520934 1.355360 0.623435 373.456 0 0
1500.0 51.710236 111.829013 17.646723 -0.143775 1.719283 373.458 0 0
1500.0 98.764643 26.844831 17.849952 0.644852 0.387130 373.578 0 0
1500.0 116.494213 43.711118 17.540166 0.839958 0.576244 373.611 0 0
1500.0 16.635153 -18.506275 17.749973 -0.606989 -0.330505 373.879 0 0
1500.0 126.926731 -19.151763 17.612769 1.069998 -0.239385 373.909 0 0
1500.0 115.699573 -21.267571 17.782602 0.892560 -0.304830 374.026 0 0
1500.0 69.830219 -25.713153 18.006398 0.186140 -0.376642 374.072 0 0
1500.0 58.442096 -11.134269 17.640220 -0.041430 -0.116132 374.069 0 0
1500.0 57.625728 9.943540 17.645644 -0.026676 0.179285 374.141 0 0
1500.0 91.743373 2.634724 18.358852 0.552408 0.066206 374.258 0 0
1500.0 135.843121 21.114820 17.520823 1.104205 0.244365 374.268 0 0
1500.0 99.869280 65.195554 18.228810 0.825296 1.228947 374.273 0 0
1500.0 100.066101 21.244375 17.925919 0.703703 0.293708 374.316 0 0
1500.0 113.535458 -26.786772 17.819559 0.859424 -0.399559 374.466 0 0
1500.0 60.215778 -71.084656 17.553691 0.082128 -1.024573 374.441 0 0
1500.0 85.675825 4.815994 17.661346 0.455021 0.124276 374.764 0 0
1500.0 104.937292 7.387517 17.649573 0.724735 0.142073 374.838 0 0
1500.0 98.464270 12.509833 18.741688 0.781007 0.180070 374.876 0 0
1500.0 16.444917 -26.405805 17.781357 -0.632532 -0.457481 374.952 0 0
1500.0 92.329953 -9.468907 18.627061 0.659308 -0.144587 375.002 0 0
1500.0 84.838177 31.690282 17.644327 0.391235 0.470687 375.034 0 0
1500.0 90.675740 14.083561 17.954187 0.568811 0.224197 375.476 0 0
1500.0 81.273329 23.670357 18.256289 0.396208 0.395019 375.591 0 0
1500.0 79.016776 -33.931509 18.013199 0.335019 -0.571361 375.966 0 0
1500.0 89.940746 -0.548492 18.155556 0.514863 -0.029714 376.040 0 0
1500.0 66.143807 12.779633 17.685427 0.144935 0.220402 376.213 0 0
1500.0 153.870785 55.774005 17.746126 1.490530 0.837626 376.212 0 0
1500.0 50.632717 -59.698157 17.665775 -0.134135 -0.957705 376.239 0 0
1500.0 66.200169 -18.571008 17.686936 0.200185 -0.292691 376.377 0 0
1500.0 24.543229 6.759542 17.907598 -0.563175 0.086879 376.334 0 0
1500.0 185.363167 -61.312845 18.028721 2.155028 -1.085261 376.414 0 0
1500.0 112.451927 -15.202105 17.664896 0.764488 -0.230628 376.545 0 0
1500.0 85.118263 -15.425384 19.270614 0.572505 -0.260076 376.549 0 0
1500.0 -7.903697 -14.747197 17.668969 -0.973231 -0.228594 376.726 0 0
1500.0 71.368747 -16.249022 17.861490 0.293921 -0.241187 376.742 0 0
1500.0 88.949808 2.693845 17.949240 0.492613 0.062632 376.850 0 0
1500.0 131.210406 -11.031816 17.708435 1.125235 -0.216134 376.990 0 0
1500.0 62.392897 7.681999 17.707202 0.103705 0.150097 377.105 0 0
1500.0 86.397166 -13.518498 17.772663 0.435197 -0.184391 377.187 0 0
1500.0 99.766020 -11.412382 17.694641 0.674848 -0.185884 377.213 0 0
1500.0 33.200679 -5.816337 17.666542 -0.426506 -0.114352 377.282 0 0
1500.0 123.250425 -10.914424 17.641536 0.970922 -0.193708 377.398 0 0
1500.0 98.982461 4.655777 17.938098 0.687940 0.080766 377.362 0 0
1500.0 128.659168 14.154813 17.682263 1.019035 0.235364 377.454 0 0
1500.0 106.820123 2.301016 17.697641 0.772831 0.010693 377.498 0 0
1500.0 16.388797 17.859188 17.871644 -0.741155 0.354464 377.457 0 0
1500.0 65.085178 -60.614073 17.630078 0.165191 -0.902746 377.605 0 0
1500.0 61.989039 -30.947160 17.865747 0.089797 -0.512609 377.832 0 0
1500.0 73.655352 -8.960726 17.963229 0.231218 -0.173892 377.926 0 0
1500.0 73.801662 43.016009 17.680682 0.292370 0.658487 377.925 0 0
1500.0 89.451112 -10.645750 19.135685 0.627795 -0.204960 377.988 0 0
1500.0 98.794799 -9.457424 17.656631 0.584584 -0.099367 378.059 0 0
1500.0 58.333504 -12.929078 17.722134 0.063478 -0.197314 378.083 0 0
1500.0 71.660090 -13.610206 17.894166 0.300405 -0.199724 378.072 0 0
1500.0 106.431391 -30.759678 17.704852 0.760778 -0.457488 378.097 0 0
1500.0 45.287765 34.218819 18.044369 -0.214849 0.531920 378.105 0 0
1500.0 108.533283 -47.399382 17.704043 0.736047 -0.718558 378.217 0 0
1500.0 36.820497 -66.851367 17.753694 -0.369149 -0.993695 378.189 0 0
1500.0 94.566354 39.111803 18.094212 0.654790 0.633226 378.261 0 0
1500.0 43.586453 11.595614 17.690907 -0.161586 0.206169 378.307 0 0
1500.0 63.175426 -1.340348 18.227884 0.154582 0.040694 378.377 0 0
1500.0 128.642592 24.114774 17.688854 1.009860 0.361666 378.427 0 0
1500.0 70.030302 51.261774 17.954417 0.196181 0.851506 378.384 0 0
1500.0 85.679968 -4.459867 18.194552 0.509744 -0.021106 378.579 0 0
1500.0 101.951783 30.522156 18.101182 0.761245 0.518501 378.660 0 0
1500.0 35.129665 -32.420475 17.871265 -0.335958 -0.565791 378.668 0 0
1500.0 80.618003 -41.294500 17.674180 0.342852 -0.580149 378.723 0 0
1500.0 75.432982 -7.162077 17.692893 0.322418 -0.142345 378.800 0 0
1500.0 -94.450275 -75.675498 17.879105 -2.544193 -1.214928 378.817 0 0
1500.0 76.121626 29.239854 17.962614 0.365511 0.443025 378.868 0 0
1500.0 71.164652 -46.612070 18.039531 0.223397 -0.833988 378.840 0 0
1500.0 68.039100 1.604545 17.788932 0.185186 -0.022847 378.951 0 0
1500.0 90.022441 -4.458624 17.936973 0.471145 -0.108336 378.971 0 0
1500.0 118.352613 -26.596695 17.718760 0.917226 -0.393256 379.047 0 0
1500.0 80.856000 20.433818 17.731490 0.304522 0.326246 379.107 0 0
1500.0 -21.246345 5.240801 17.676933 -1.159059 0.105283 379.082 0 0
1500.0 -3.556078 1.302113 17.684078 -0.920921 0.071219 379.078 0 0
1500.0 35.288886 3.503652 17.785837 -0.308875 0.100699 379.162 0 0
1500.0 64.993940 -144.612135 17.716286 0.135035 -2.183226 379.344 0 0
1500.0 74.023246 -70.541818 17.684140 0.274648 -0.998141 379.491 0 0
1500.0 1.596957 -32.142273 17.703665 -0.829632 -0.513882 379.578 0 0
1500.0 121.499752 43.453871 18.175649 1.091475 0.731166 379.524 0 0
1500.0 100.274157 74.856350 17.708673 0.602212 1.089482 379.659 0 0
1500.0 40.601497 64.977317 17.766990 -0.249119 0.974056 379.674 0 0
1500.0 101.220877 1.151931 17.892473 0.669478 0.087019 379.730 0 0
1500.0 68.421296 -2.488068 18.625576 0.262241 -0.082800 379.809 0 0
1500.0 94.101853 0.834015 19.000847 0.711362 0.039235 379.832 0 0
1500.0 82.316758 6.195811 18.283534 0.491551 0.075834 379.811 0 0
1500.0 122.511965 42.362184 18.344842 1.200224 0.753034 379.800 0 0
1500.0 72.002403 4.057152 19.240177 0.399391 0.034567 379.919 0 0
1500.0 -2.914501 -27.789956 17.694509 -0.918182 -0.418880 379.918 0 0
1500.0 45.051663 -89.537703 17.670215 -0.173548 -1.366077 379.973 0 0
1500.0 90.190826 22.997481 18.158794 0.559263 0.381597 380.074 0 0
1500.0 67.335714 -55.339981 18.062633 0.167057 -0.938839 380.142 0 0
1500.0 75.199817 0.435826 18.001603 0.304600 0.076648 380.155 0 0
1500.0 79.497145 -1.883309 17.976721 0.326659 0.023579 380.527 0 0
1500.0 91.750571 -47.718031 17.716457 0.500979 -0.757360 380.589 0 0
1500.0 98.435787 25.288312 18.229899 0.654783 0.449042 380.717 0 0
1500.0 47.674293 -12.803420 18.032280 -0.106583 -0.224185 381.040 0 0
1500.0 78.104395 -0.449855 18.132545 0.428730 -0.002906 381.176 0 0
1500.0 86.943164 56.908147 17.764304 0.403004 0.884110 381.209 0 0
1500.0 91.341248 7.377660 17.873475 0.564954 0.148702 381.272 0 0
1500.0 79.847951 8.287550 18.173012 0.385693 0.098808 381.396 0 0
1500.0 82.834772 39.923303 17.903478 0.444934 0.597944 381.473 0 0
1500.0 -11.924625 -6.323070 17.722347 -1.036870 -0.121371 381.510 0 0
1500.0 89.122189 2.083354 18.791675 0.560081 0.005261 381.531 0 0
1500.0 47.409705 -62.847140 17.724632 -0.224041 -0.917401 381.594 0 0
1500.0 56.440060 -8.981607 18.153992 -0.031827 -0.162768 381.604 0 0
1500.0 90.461904 -19.265966 18.222845 0.537441 -0.377138 381.817 0 0
1500.0 72.672963 7.096284 18.034415 0.323995 0.079450 381.888 0 0
1500.0 49.488558 0.589619 18.001620 -0.164050 0.014336 381.890 0 0
1500.0 35.565629 -64.833895 17.710472 -0.372190 -0.953032 382.012 0 0
1500.0 47.667447 -16.958096 17.868187 -0.210704 -0.257447 381.961 0 0
1500.0 43.896121 -123.253034 17.804218 -0.213930 -2.027516 382.109 0 0
1500.0 113.826183 -8.039231 17.896235 0.897110 -0.101449 382.482 0 0
1500.0 109.062100 -19.439362 17.783283 0.751662 -0.356676 382.527 0 0
1500.0 86.326971 -26.402758 18.211163 0.490675 -0.472394 382.497 0 0
1500.0 114.740913 -23.324085 17.797615 0.825014 -0.330794 382.669 0 0
1500.0 30.837091 37.622470 17.828093 -0.462520 0.540554 382.658 0 0
1500.0 0.428394 38.362679 17.732858 -0.840644 0.569150 382.751 0 0
1500.0 62.129444 28.153362 18.329064 0.131854 0.501501 382.768 0 0
1500.0 37.633051 -46.484098 17.810066 -0.301321 -0.683752 382.922 0 0
1500.0 -3.599183 -13.181745 17.862746 -1.000087 -0.258961 382.919 0 0
1500.0 52.532354 7.633109 17.844637 -0.019717 0.147464 382.943 0 0
1500.0 129.658213 -16.591212 17.972201 1.215761 -0.225592 382.948 0 0
1500.0 9.372665 -0.735058 17.773771 -0.696743 -0.021346 382.975 0 0
1500.0 50.457042 -23.318297 17.858394 -0.143935 -0.406065 383.081 0 0
1500.0 64.479483 67.253077 18.077043 0.126304 1.129785 383.367 0 0
1500.0 67.943137 -0.485065 18.686879 0.289410 0.011806 383.494 0 0
1500.0 127.364724 -39.361078 18.293376 1.273972 -0.769660 383.448 0 0
1500.0 3.612221 -19.419934 17.773771 -0.784820 -0.286085 383.694 0 0
1500.0 7.739624 -44.503726 17.814487 -0.732193 -0.728585 383.874 0 0
1500.0 93.597923 6.828001 17.820738 0.535158 0.089355 384.089 0 0
1500.0 102.345749 18.507426 18.273023 0.778926 0.278148 384.143 0 0
1500.0 53.538912 -21.463265 17.927567 -0.118952 -0.322941 384.129 0 0
1500.0 112.015722 -5.922928 18.173171 1.006262 -0.088209 384.387 0 0
1500.0 75.641038 11.838630 17.945883 0.333970 0.231900 384.434 0 0
1500.0 27.131883 33.489108 17.901825 -0.519888 0.479807 384.454 0 0
1500.0 72.871700 15.808993 18.063671 0.331816 0.234380 384.480 0 0
1500.0 62.571442 37.537180 17.881649 0.053789 0.553052 384.604 0 0
1500.0 83.308808 -25.134352 17.810173 0.399946 -0.329506 384.612 0 0
1500.0 76.632955 -50.758461 17.859265 0.245264 -0.804443 384.552 0 0
1500.0 21.957810 -18.233094 17.904899 -0.591478 -0.352243 384.569 0 0
1500.0 17.131618 -18.412092 17.906580 -0.663996 -0.370676 384.769 0 0
1500.0 50.566809 67.947734 17.871916 -0.077684 1.143478 384.837 0 0
1500.0 25.045313 -4.401969 17.808484 -0.490789 -0.084313 384.922 0 0
1500.0 93.995312 -49.883692 17.785347 0.502151 -0.742495 384.897 0 0
1500.0 95.502005 -8.145072 17.944371 0.628957 -0.054218 384.891 0 0
1500.0 142.637506 110.680753 17.921651 1.379707 1.898734 384.928 0 0
1500.0 6.631441 56.797486 18.238168 -0.980281 1.015031 384.872 0 0
1500.0 130.085095 14.902832 17.728156 1.007756 0.281725 384.997 0 0
1500.0 113.288303 -26.248299 18.070182 0.960352 -0.426177 385.014 0 0
1500.0 71.306547 -51.689515 18.240031 0.254387 -0.868296 385.159 0 0
1500.0 55.442818 -23.530349 17.856995 -0.088984 -0.325288 385.143 0 0
1500.0 69.831646 -19.182882 18.014110 0.182129 -0.311470 385.184 0 0
1500.0 50.285195 9.530533 17.899957 -0.105822 0.185925 385.195 0 0
1500.0 42.410813 54.804953 17.938531 -0.211262 0.865372 385.269 0 0
1500.0 119.108502 17.557714 17.822898 0.894703 0.279583 385.319 0 0
1500.0 68.454431 13.758677 17.798222 0.178748 0.282358 385.303 0 0
1500.0 47.452084 -8.027446 17.836310 -0.168322 -0.160203 385.408 0 0
1500.0 78.088854 -3.543486 19.087616 0.515788 -0.063659 385.411 0 0
1500.0 6.422650 -1.460757 17.928577 -0.800980 -0.026057 385.481 0 0
1500.0 68.966552 -23.352022 18.092481 0.164506 -0.408109 385.490 0 0
1500.0 112.973413 54.599501 17.765996 0.886756 0.780229 385.519 0 0
1500.0 44.729403 16.563913 17.780184 -0.160801 0.314117 385.501 0 0
1500.0 113.835024 19.212759 18.212482 0.939718 0.391883 385.761 0 0
1500.0 34.527505 -108.384613 17.801086 -0.405217 -1.740343 385.818 0 0
1500.0 101.707379 56.794763 17.785375 0.725896 0.844084 385.825 0 0
1500.0 77.410138 -62.078056 18.117889 0.401950 -1.092173 385.825 0 0
1500.0 78.120268 58.735383 17.941432 0.303210 0.914715 385.840 0 0
1500.0 109.483411 -23.721033 17.798821 0.768960 -0.421893 385.843 0 0
1500.0 16.962273 21.637890 17.768843 -0.581157 0.350529 385.899 0 0
1500.0 82.412509 65.006037 17.741055 0.325798 0.980370 385.959 0 0
1500.0 79.060505 1.035886 18.054620 0.409459 -0.027143 385.915 0 0
1500.0 75.053053 -28.823293 17.833080 0.263980 -0.503361 385.977 0 0
1500.0 54.173659 -9.652205 17.893348 -0.122269 -0.137450 385.946 0 0
1500.0 111.573876 18.440266 17.946175 0.847227 0.322070 386.102 0 0
1500.0 79.361707 -29.997562 18.022671 0.353967 -0.556269 386.065 0 0
1500.0 87.011042 -40.357096 18.538453 0.581152 -0.768645 386.029 0 0
1500.0 93.427019 4.099862 17.918414 0.613784 0.093206 386.292 0 0
1500.0 67.491732 46.330032 17.887664 0.136070 0.750914 386.363 0 0
1500.0 21.712520 34.679634 17.774972 -0.503731 0.581148 386.523 0 0
1500.0 56.680654 39.070446 18.001884 0.041436 0.711031 386.528 0 0
1500.0 54.414669 16.971621 17.945678 -0.057948 0.281331 386.579 0 0
1500.0 40.863236 -5.259111 17.802209 -0.271835 -0.123264 386.604 0 0
1500.0 83.541212 -7.897705 18.599729 0.530262 -0.072185 386.654 0 0
1500.0 93.943571 16.125721 17.949019 0.630545 0.238298 386.680 0 0
1500.0 97.983167 -22.911254 17.789527 0.628341 -0.414675 386.886 0 0
1500.0 78.606163 -19.229612 18.955804 0.482475 -0.322497 386.913 0 0
1500.0 39.848033 52.760538 17.804525 -0.297493 0.848044 386.957 0 0
1500.0 81.501478 44.503604 17.916363 0.430899 0.690602 386.983 0 0
1500.0 69.292545 -11.065841 17.949795 0.146900 -0.231651 386.996 0 0
1500.0 99.112077 2.765316 19.222324 0.800146 0.047538 387.170 0 0
1500.0 106.961487 -17.025237 17.788436 0.759904 -0.324513 387.202 0 0
1500.0 60.956819 -50.183634 17.788460 0.070554 -0.821482 387.194 0 0
1500.0 81.211547 62.708996 17.824745 0.300394 0.967368 387.287 0 0
1500.0 111.871752 -0.765637 17.916054 0.876454 0.020102 387.307 0 0
1500.0 81.111323 -33.451346 18.067420 0.469429 -0.590276 387.353 0 0
1500.0 77.314797 -48.524167 17.892563 0.261820 -0.842723 387.499 0 0
1500.0 66.188735 2.179227 17.851977 0.115778 -0.043784 387.669 0 0
1500.0 11.973958 29.016209 17.824083 -0.744552 0.415555 387.838 0 0
1500.0 114.553096 52.956518 17.895665 0.952845 0.852168 387.890 0 0
1500.0 121.554999 -27.263807 17.814784 0.929715 -0.463990 388.076 0 0
1500.0 79.312587 -3.629678 18.344558 0.446360 -0.011544 388.141 0 0
1500.0 67.601305 -7.814077 18.051070 0.112550 -0.160902 388.124 0 0
1500.0 43.535098 -56.797891 17.838553 -0.198709 -0.890718 388.170 0 0
1500.0 52.390076 38.912213 18.080686 -0.078191 0.650274 388.185 0 0
1500.0 60.174570 -11.596090 17.994991 0.112017 -0.229224 388.206 0 0
1500.0 118.916797 -23.718264 18.277391 1.095466 -0.496146 388.187 0 0
1500.0 104.756393 -45.631240 17.905787 0.749744 -0.696551 388.233 0 0
1500.0 101.375535 -52.790412 17.816537 0.636786 -0.829002 388.311 0 0
1500.0 119.502945 -1.866896 17.987644 0.977394 -0.067992 388.333 0 0
1500.0 101.071571 -26.252597 18.462126 0.766791 -0.499788 388.373 0 0
1500.0 18.608564 54.191581 17.809560 -0.598070 0.849823 388.499 0 0
1500.0 111.031694 41.837724 17.797182 0.787475 0.676162 388.509 0 0
1500.0 59.784523 -21.474046 18.276601 0.018015 -0.406263 388.498 0 0
1500.0 12.898504 -15.641089 18.013059 -0.748944 -0.245350 388.625 0 0
1500.0 46.486997 -53.866841 17.939423 -0.195612 -0.861957 388.656 0 0
1500.0 105.133000 -35.204225 17.991418 0.745587 -0.634343 388.720 0 0
1500.0 121.304335 -2.831841 18.810730 1.260308 -0.021312 388.718 0 0
1500.0 75.853224 -10.456224 17.994545 0.360022 -0.219590 388.736 0 0
1500.0 116.131608 30.094365 17.919653 0.919452 0.464927 388.767 0 0
1500.0 87.586904 30.227754 17.794430 0.523601 0.445734 388.886 0 0
1500.0 46.967284 -16.265557 17.932257 -0.236351 -0.284495 388.860 0 0
1500.0 96.112213 22.873428 18.339618 0.685121 0.374781 389.067 0 0
1500.0 130.506864 3.693460 17.958312 1.186421 0.006724 389.145 0 0
1500.0 103.717035 0.475663 18.374949 0.807467 -0.013690 389.275 0 0
1500.0 106.867707 5.442055 17.996687 0.816526 0.037433 389.347 0 0
1500.0 19.397823 58.001466 17.803439 -0.533906 0.899318 389.360 0 0
1500.0 47.433537 -33.319115 17.906420 -0.184989 -0.578441 389.359 0 0
1500.0 28.467698 -36.790967 17.920183 -0.533718 -0.645464 389.355 0 0
1500.0 17.746701 -48.508172 17.784969 -0.602967 -0.731788 389.460 0 0
1500.0 94.038851 -41.171421 17.931743 0.612641 -0.660016 389.402 0 0
1500.0 109.892771 -16.213325 18.020258 0.849105 -0.344518 389.503 0 0
1500.0 88.852893 -11.042047 18.236644 0.533848 -0.236106 389.549 0 0
1500.0 96.823339 -52.648512 17.894516 0.667630 -0.933415 389.585 0 0
1500.0 64.880539 -56.765096 18.311329 0.158469 -0.987514 389.706 0 0
1500.0 84.595156 7.051862 18.729580 0.492315 0.129234 389.696 0 0
1500.0 136.345588 -17.369015 17.795155 1.205606 -0.323950 389.720 0 0
1500.0 50.430699 23.695460 17.915384 -0.090499 0.440664 389.725 0 0
1500.0 33.402193 -61.058398 17.874731 -0.354417 -1.043368 389.900 0 0
1500.0 82.046432 13.088602 18.451402 0.421681 0.222507 389.946 0 0
1500.0 118.666662 30.516942 17.788070 0.903670 0.492772 390.027 0 0
1500.0 104.529176 -49.654515 17.795690 0.694386 -0.780762 389.996 0 0
1500.0 95.117950 -0.681142 17.932386 0.596531 0.059787 390.018 0 0
1500.0 112.263468 21.354917 17.786796 0.885673 0.304238 390.071 0 0
1500.0 38.521756 33.031778 17.932076 -0.249535 0.563317 390.091 0 0
1500.0 23.615991 -42.803665 17.799264 -0.515567 -0.645224 390.267 0 0
1500.0 87.563113 -52.897442 17.786139 0.512497 -0.811118 390.254 0 0
1500.0 30.964122 -47.148857 17.800109 -0.414270 -0.704545 390.312 0 0
1500.0 35.853078 36.537040 17.908513 -0.312180 0.632509 390.349 0 0
1500.0 28.464980 -25.396244 18.537705 -0.542957 -0.475871 390.337 0 0
1500.0 123.486166 14.832954 17.792640 0.966583 0.267567 390.448 0 0
1500.0 91.071027 -52.472637 17.785590 0.563516 -0.802414 390.447 0 0
1500.0 18.624440 -33.576536 17.882024 -0.620211 -0.579802 390.446 0 0
1500.0 77.947482 -23.836663 18.304698 0.350479 -0.368372 390.497 0 0
1500.0 65.212512 -28.346529 17.946525 0.067897 -0.432194 390.651 0 0
1500.0 103.205766 16.596100 17.887231 0.769786 0.239849 390.733 0 0
1500.0 112.216776 -38.898674 17.803007 0.795845 -0.618983 390.792 0 0
1500.0 88.200215 -9.129793 18.075823 0.553241 -0.093445 390.789 0 0
1500.0 55.957123 35.024178 18.094990 -0.056736 0.577871 390.820 0 0
1500.0 70.343331 20.551672 18.059292 0.196655 0.338545 390.859 0 0
1500.0 59.430675 -17.600167 18.208301 0.020328 -0.324052 390.928 0 0
1500.0 127.251108 -1.005978 17.956863 1.199423 -0.015470 390.932 0 0
1500.0 117.792923 39.758514 17.804417 0.992752 0.599184 390.990 0 0
1500.0 72.212943 -92.555930 17.837944 0.268413 -1.465262 391.030 0 0
1500.0 73.504400 -38.360036 17.961283 0.264621 -0.660359 391.147 0 0
1500.0 77.321337 -1.594759 18.376346 0.388643 -0.094444 391.301 0 0
1500.0 79.428989 -22.533581 18.204554 0.323108 -0.397311 391.225 0 0
1500.0 90.141412 29.270431 18.288759 0.639600 0.471747 391.328 0 0
1500.0 102.088994 -50.153088 17.931981 0.710910 -0.770359 391.466 0 0
1500.0 33.733153 53.883068 17.803877 -0.375238 0.885915 391.442 0 0
1500.0 23.933689 -26.008769 17.988098 -0.532148 -0.464814 391.456 0 0
1500.0 86.860135 3.149988 18.273475 0.508259 0.114626 391.479 0 0
1500.0 103.213600 -28.269906 17.982217 0.775189 -0.420292 391.505 0 0
1500.0 86.604995 -5.152406 18.011108 0.535486 -0.055688 391.545 0 0
1500.0 71.104129 -46.005616 17.822008 0.138620 -0.764875 391.612 0 0
1500.0 73.659493 53.260342 18.097235 0.239981 0.877814 391.635 0 0
1500.0 73.721162 52.828842 17.811060 0.256486 0.791084 391.781 0 0
1500.0 110.201706 31.565242 17.847985 0.904139 0.476086 391.771 0 0
1500.0 72.267299 42.905017 17.913946 0.244086 0.730420 391.908 0 0
1500.0 122.853168 -20.156538 17.817523 1.028773 -0.240477 391.899 0 0
1500.0 86.619297 45.917955 18.127007 0.456545 0.790681 391.896 0 0
1500.0 31.750061 -61.872586 17.878291 -0.399493 -0.960223 392.044 0 0
1500.0 69.078523 43.546232 17.881164 0.101466 0.683822 392.113 0 0
1500.0 21.037283 30.067973 17.853919 -0.535128 0.476146 392.093 0 0
1500.0 24.491498 -35.491253 17.993926 -0.539673 -0.592264 392.114 0 0
1500.0 92.126789 36.038606 17.911579 0.545449 0.623116 392.159 0 0
1500.0 110.160435 -11.569334 17.928930 0.875904 -0.160967 392.279 0 0
1500.0 101.370577 -18.524996 18.002268 0.753134 -0.257957 392.336 0 0
1500.0 61.616687 -11.686578 18.486995 0.156141 -0.251018 392.653 0 0
1500.0 115.857705 20.377084 19.256388 1.313417 0.407026 392.637 0 0
1500.0 113.099544 -31.515961 17.977442 0.907615 -0.460883 392.687 0 0
1500.0 85.225358 60.959168 17.801900 0.391433 0.971651 392.862 0 0
1500.0 83.681201 26.108333 18.261383 0.490366 0.452394 392.858 0 0
1500.0 83.270674 4.372153 18.853546 0.562992 0.023809 393.010 0 0
1500.0 114.535034 -2.791609 17.814475 0.923201 -0.081028 392.956 0 0
1500.0 80.526435 13.003102 17.976797 0.352616 0.295566 393.022 0 0
1500.0 21.013719 39.645434 17.873752 -0.623834 0.614895 393.102 0 0
1500.0 135.244984 -2.685030 18.025650 1.280893 0.006246 393.051 0 0
1500.0 104.430873 -12.387886 18.240297 0.794924 -0.282197 393.170 0 0
1500.0 90.574033 -56.259081 17.802408 0.458740 -0.911947 393.191 0 0
1500.0 66.707602 -22.589285 18.209384 0.216516 -0.413204 393.224 0 0
1500.0 203.511067 -30.545774 17.897352 2.338545 -0.541191 393.229 0 0
1500.0 70.432944 -62.359881 17.976218 0.171898 -0.991908 393.238 0 0
1500.0 61.461827 -30.903697 17.841087 0.071518 -0.487520 393.356 0 0
1500.0 100.603736 51.553082 17.898025 0.647137 0.824577 393.301 0 0
1500.0 122.363059 11.869403 17.977341 1.032306 0.177553 393.479 0 0
1500.0 80.712023 10.532521 18.433334 0.473525 0.211479 393.416 0 0
1500.0 69.825094 -21.396004 18.209163 0.264060 -0.394889 393.239 0 0
1500.0 53.307089 18.996758 18.179817 -0.102539 0.305152 393.359 0 0
1500.0 62.298590 6.466147 18.005509 0.124104 0.168902 393.265 0 0
1500.0 110.968611 56.944006 17.998562 0.953761 1.030692 393.411 0 0
1500.0 83.060906 9.223525 17.950345 0.391442 0.219796 393.557 0 0
1500.0 49.902046 -40.830780 17.989747 -0.174435 -0.656763 393.746 0 0
1500.0 60.010632 -0.211792 17.983703 -0.014811 0.040985 393.705 0 0
1500.0 101.338283 42.894397 18.236484 0.756996 0.779876 393.713 0 0
1500.0 111.939220 -43.182553 17.801551 0.770368 -0.708908 393.887 0 0
1500.0 25.157885 50.136974 17.870792 -0.554993 0.764024 393.872 0 0
1500.0 138.500919 -30.930243 17.842609 1.253174 -0.538390 393.873 0 0
1500.0 30.677096 54.115784 17.870631 -0.472306 0.822333 393.947 0 0
1500.0 81.834747 52.104995 17.907093 0.320687 0.865375 394.049 0 0
1500.0 117.443269 -24.557586 17.808950 0.950586 -0.404844 394.121 0 0
1500.0 37.407502 -17.878273 18.523302 -0.352073 -0.286519 394.154 0 0
1500.0 35.708885 -14.457854 17.920171 -0.324171 -0.301404 394.165 0 0
1500.0 23.421956 -21.896438 17.868248 -0.591958 -0.383431 394.283 0 0
1500.0 65.339407 -38.084178 17.832847 0.044811 -0.628936 394.320 0 0
1500.0 121.704652 9.715868 17.991562 1.028775 0.165321 394.446 0 0
1500.0 75.798432 -36.197118 18.150048 0.260367 -0.675178 394.574 0 0
1500.0 115.158052 -39.746434 17.855826 0.927999 -0.618898 394.691 0 0
1500.0 39.702095 -31.799423 17.882200 -0.255763 -0.566391 394.684 0 0
1500.0 60.891377 -16.228606 18.370895 0.040461 -0.230327 394.704 0 0
1500.0 80.261350 53.400645 18.061016 0.390149 0.869250 394.867 0 0
1500.0 163.071323 21.596439 18.299591 1.941733 0.463665 394.887 0 0
1500.0 86.587688 -29.570178 17.812464 0.493316 -0.512354 395.000 0 0
1500.0 108.923407 40.399882 18.330905 0.985111 0.679806 395.131 0 0
1500.0 34.543545 -60.005115 17.804884 -0.368653 -0.940147 395.170 0 0
1500.0 102.047377 -36.196454 17.984586 0.720982 -0.660105 395.160 0 0
1500.0 104.194786 -6.716307 18.321491 0.785589 -0.168695 395.205 0 0
1500.0 87.860749 12.114963 17.929516 0.519218 0.124809 395.257 0 0
1500.0 118.852506 2.234820 17.986009 0.955730 0.036003 395.296 0 0
1500.0 61.395242 14.203067 17.938532 0.074097 0.261260 395.458 0 0
1500.0 80.246779 27.381355 17.819792 0.373659 0.365476 395.428 0 0
1500.0 65.622677 -30.918927 17.821357 0.169736 -0.445922 395.527 0 0
1500.0 100.856870 40.905332 17.930888 0.649096 0.691631 395.382 0 0
1500.0 94.491862 -18.865415 17.961202 0.591890 -0.358208 395.355 0 0
1500.0 78.079382 55.163708 17.925290 0.257222 0.904384 395.741 0 0
1500.0 79.941102 8.005675 18.688549 0.440279 0.090090 395.922 0 0
1500.0 74.590129 11.842986 18.444866 0.352014 0.181779 395.918 0 0
1500.0 79.760066 31.882155 18.198516 0.413855 0.540524 395.906 0 0
1500.0 67.386869 61.430617 17.927893 0.143088 0.993265 395.914 0 0
1500.0 16.910992 29.441736 17.878954 -0.697076 0.408568 395.856 0 0
1500.0 107.858065 19.526883 17.892563 0.820042 0.385226 395.873 0 0
1500.0 105.481970 -25.120147 17.871313 0.736009 -0.483495 395.886 0 0
1500.0 64.705235 -65.359352 17.815371 0.130280 -1.022608 395.968 0 0
1500.0 115.965880 -30.892913 17.844465 0.915608 -0.490616 395.985 0 0
1500.0 85.894993 -5.759253 18.732466 0.572513 -0.165593 396.000 0 0
1500.0 80.492629 -45.747753 17.940461 0.404058 -0.755394 396.150 0 0
1500.0 77.128718 -21.801406 18.103873 0.259782 -0.368492 396.146 0 0
1500.0 63.307845 -19.413562 17.868488 0.028518 -0.356802 396.177 0 0
1500.0 52.310924 29.427047 17.963228 -0.026365 0.532647 396.168 0 0
1500.0 50.997023 -34.103508 18.107675 -0.177450 -0.535050 396.206 0 0
1500.0 86.738236 -37.606578 17.928750 0.499709 -0.634064 396.317 0 0
1500.0 74.616094 10.541867 18.310787 0.256123 0.205380 396.432 0 0
1500.0 124.209136 12.880250 18.015175 1.063511 0.242519 396.536 0 0
1500.0 -2.107412 -24.404612 17.852122 -0.952441 -0.407818 396.558 0 0
1500.0 102.458855 -37.723395 17.803096 0.673818 -0.650117 396.500 0 0
1500.0 48.131213 -4.508093 18.378743 -0.151517 -0.047876 396.550 0 0
1500.0 78.467072 -50.720493 17.815329 0.264278 -0.789295 396.560 0 0
1500.0 92.087516 -40.747144 17.924810 0.577709 -0.677669 396.740 0 0
1500.0 75.941158 -26.720319 18.015695 0.251522 -0.471906 396.733 0 0
1500.0 69.950398 -38.977193 17.892619 0.262224 -0.631680 396.712 0 0
1500.0 96.615367 -20.777476 18.001216 0.678913 -0.309816 396.789 0 0
1500.0 107.587644 -22.593435 17.924047 0.811883 -0.401493 396.834 0 0
1500.0 110.576157 -16.500475 17.934468 0.828767 -0.226231 396.957 0 0
1500.0 66.430496 -39.762419 17.899063 0.136205 -0.624653 396.967 0 0
1500.0 70.354550 -17.993441 18.006264 0.245271 -0.366424 396.920 0 0
1500.0 108.840138 18.134588 18.003877 0.806486 0.277712 397.239 0 0
1500.0 53.130530 -48.889273 17.889088 -0.102394 -0.815873 397.332 0 0
1500.0 -7.840147 10.971172 17.813173 -1.040657 0.126228 397.424 0 0
1500.0 81.486974 -43.813003 18.005916 0.332841 -0.726268 397.541 0 0
1500.0 77.083988 31.893882 18.085418 0.397255 0.511092 397.440 0 0
1500.0 106.042377 -45.498219 17.862307 0.737208 -0.744187 397.658 0 0
1500.0 75.303954 -10.544801 17.903172 0.348755 -0.193544 397.630 0 0
1500.0 43.058531 -32.646694 18.001549 -0.219435 -0.516075 397.801 0 0
1500.0 85.351921 1.309442 17.900528 0.503674 -0.009056 397.813 0 0
1500.0 75.471630 -47.739226 17.918087 0.258064 -0.857009 397.809 0 0
1500.0 56.326196 13.357211 18.683177 0.011829 0.241875 397.933 0 0
1500.0 122.437770 -12.740028 17.984702 1.021666 -0.197842 398.087 0 0
1500.0 54.217207 43.896262 18.217945 -0.000398 0.804281 398.069 0 0
1500.0 93.895287 14.343470 18.013872 0.587843 0.221320 398.148 0 0
1500.0 64.703928 26.299071 17.930168 0.117155 0.434534 398.256 0 0
1500.0 69.134780 -52.185284 17.954427 0.199015 -0.826060 398.293 0 0
1500.0 8.086375 -40.695753 17.853866 -0.780313 -0.634264 398.292 0 0
1500.0 15.091236 -10.077161 17.952511 -0.751797 -0.251452 398.241 0 0
1500.0 101.751109 -8.823186 18.156300 0.777392 -0.149019 398.423 0 0
1500.0 119.658556 -26.537946 18.183848 1.115247 -0.435482 398.391 0 0
1500.0 108.404452 -56.186772 17.972480 0.931398 -0.986770 398.425 0 0
1500.0 108.489271 -6.229057 17.846415 0.774992 -0.133027 398.539 0 0
1500.0 58.414145 14.120852 18.486186 0.042598 0.243922 398.787 0 0
1500.0 103.266327 -9.650376 18.023858 0.781932 -0.179746 398.569 0 0
1500.0 -0.789478 -15.826417 17.844331 -0.939191 -0.329824 398.644 0 0
1500.0 75.174454 -31.256100 18.056920 0.307463 -0.489593 398.809 0 0
1500.0 108.018212 8.873448 18.021348 0.850822 0.101447 398.827 0 0
1500.0 99.742472 -20.285390 18.019474 0.755739 -0.320822 398.928 0 0
1500.0 76.277263 -60.605553 17.865544 0.290450 -0.947242 399.121 0 0
1500.0 105.891384 -6.922361 18.221760 0.831775 -0.094150 399.032 0 0
1500.0 23.390513 -53.734965 17.842521 -0.569702 -0.854922 399.025 0 0
1500.0 83.772019 4.320527 17.946947 0.484039 0.097815 399.087 0 0
1500.0 86.737780 -0.878301 18.116273 0.567804 -0.062929 399.117 0 0
1500.0 23.071607 -8.747861 17.972868 -0.537341 -0.096270 399.171 0 0
1500.0 74.841130 27.124068 17.879273 0.308106 0.459977 399.237 0 0
1500.0 64.711999 -3.535173 17.844389 0.124345 -0.111627 399.281 0 0
1500.0 81.714232 -17.945628 19.031820 0.489357 -0.288223 399.363 0 0
1500.0 47.753028 4.590733 18.131154 -0.174467 0.050776 399.365 0 0
1500.0 111.524690 28.705523 18.069159 0.897244 0.449235 399.355 0 0
1500.0 104.950551 -46.889302 18.216286 0.787794 -0.863303 399.378 0 0
1500.0 79.716873 -10.557121 18.434339 0.392979 -0.204300 399.465 0 0
1500.0 49.238771 -22.022678 17.980623 -0.188512 -0.372717 399.509 0 0
1500.0 55.221931 9.226711 18.544296 -0.020620 0.118986 399.542 0 0
1500.0 100.801796 -48.654239 17.917788 0.679538 -0.763479 399.694 0 0
1500.0 64.454535 -33.963635 17.841924 0.177501 -0.533553 399.675 0 0
1500.0 77.821051 31.838031 17.839947 0.384511 0.488744 399.822 0 0
1500.0 24.389579 -21.764992 18.093234 -0.552593 -0.337050 399.915 0 0
1500.0 78.763232 9.142564 18.006676 0.419996 0.137816 399.865 0 0
1500.0 37.227915 19.935603 18.261037 -0.317393 0.337142 400.035 0 0
1500.0 81.347896 -35.071671 17.837014 0.437654 -0.547547 400.055 0 0
1500.0 65.813621 4.995688 17.878969 0.076118 0.138668 400.131 0 0
1500.0 83.205032 8.875802 17.945180 0.426635 0.093773 400.278 0 0
1500.0 105.377205 39.040757 17.919154 0.725736 0.625083 400.245 0 0
1500.0 121.096087 13.174043 18.066676 1.024748 0.215598 400.314 0 0
1500.0 48.330530 35.275069 17.878477 -0.085823 0.572365 400.310 0 0
1500.0 88.364356 -84.458520 17.947791 0.578794 -1.471931 400.264 0 0
1500.0 74.769960 -15.161185 17.973465 0.316607 -0.301506 400.490 0 0
1500.0 93.701424 -0.796646 18.863618 0.770015 0.027903 400.432 0 0
1500.0 78.423694 125.007566 17.796343 0.315984 1.879500 400.567 0 0
1500.0 98.618103 25.529034 17.904765 0.605876 0.474120 400.528 0 0
1500.0 16.438380 45.924467 17.849637 -0.659575 0.699593 400.690 0 0
1500.0 -8.658578 3.951944 17.842720 -1.023862 0.007658 400.668 0 0
1500.0 52.544331 16.322770 17.991475 -0.107706 0.318205 400.707 0 0
1500.0 112.104045 -26.332867 17.876370 0.819338 -0.443354 400.731 0 0
1500.0 87.319910 -26.368298 17.914737 0.415521 -0.466915 400.732 0 0
1500.0 53.529299 17.716709 17.991166 -0.092396 0.339727 400.727 0 0
1500.0 108.961163 39.403094 17.927242 0.768637 0.662724 400.873 0 0
1500.0 54.029503 6.930597 18.006040 -0.003731 0.157413 400.920 0 0
1500.0 49.926262 10.031115 18.181525 -0.138132 0.149851 401.047 0 0
1500.0 30.722136 -27.597059 17.929387 -0.388088 -0.455726 401.019 0 0
1500.0 78.193900 -58.935576 17.962728 0.363865 -1.000871 401.032 0 0
1500.0 101.971308 7.176258 17.826973 0.656711 0.049410 401.098 0 0
1500.0 96.521010 42.940283 17.826746 0.661477 0.648080 401.109 0 0
1500.0 94.532771 -9.334479 18.442003 0.635768 -0.157592 401.173 0 0
1500.0 93.011945 -39.354331 17.991168 0.627539 -0.599864 401.182 0 0
1500.0 51.820536 29.257976 17.881437 -0.034129 0.477431 401.255 0 0
1500.0 46.915639 48.992845 17.874999 -0.106752 0.801189 401.326 0 0
1500.0 88.200307 -19.101429 17.996450 0.500718 -0.369011 401.423 0 0
1500.0 64.511091 -27.924378 17.886746 0.116104 -0.458401 401.450 0 0
1500.0 85.004370 -38.803670 17.858880 0.441746 -0.593146 401.454 0 0
1500.0 92.347268 -14.378585 17.898244 0.531742 -0.299496 401.478 0 0
1500.0 58.533463 64.361678 17.884745 -0.024495 1.023911 401.548 0 0
1500.0 63.913013 63.289747 17.850360 0.023252 1.015924 401.538 0 0
1500.0 83.244025 -5.933077 18.925764 0.474777 -0.144484 401.574 0 0
1500.0 97.227103 -20.969453 17.859149 0.630864 -0.273062 401.620 0 0
1500.0 6.020582 4.308784 17.859484 -0.840100 0.124928 401.657 0 0
1500.0 8.751488 -2.044940 17.875428 -0.820316 -0.004175 401.627 0 0
1500.0 88.006760 11.693583 19.113896 0.670762 0.249438 401.793 0 0
1500.0 106.846891 -42.019352 18.002793 0.806369 -0.658862 401.899 0 0
1500.0 109.763868 -36.547875 17.821845 0.851733 -0.553932 401.974 0 0
1500.0 57.108835 -31.812603 17.828637 0.010126 -0.568298 401.907 0 0
1500.0 1.215766 -29.214482 17.957008 -0.897747 -0.466021 402.021 0 0
1500.0 79.953796 53.006595 17.856396 0.289012 0.864950 402.015 0 0
1500.0 109.916330 23.156590 17.870880 0.860987 0.315970 402.104 0 0
1500.0 116.665767 21.192477 17.798948 0.916073 0.290500 402.168 0 0
1500.0 84.888551 3.975068 18.890960 0.559535 0.126470 402.204 0 0
1500.0 82.095794 -1.272208 18.698148 0.480013 0.024470 402.215 0 0
1500.0 45.855166 21.089027 17.893516 -0.239797 0.275270 402.228 0 0
1500.0 65.256520 -29.609280 17.836688 0.033637 -0.461439 402.209 0 0
1500.0 64.588812 0.052413 17.868852 0.135537 0.073122 402.272 0 0
1500.0 69.530047 34.498194 17.834298 0.100083 0.537835 402.376 0 0
1500.0 34.744929 26.416739 17.908644 -0.426149 0.426206 402.434 0 0
1500.0 13.978028 31.013134 17.895531 -0.737753 0.476181 402.480 0 0
1500.0 -4.614251 6.644212 17.851748 -0.986245 0.158001 402.751 0 0
1500.0 119.264202 -7.982888 17.864165 0.987180 -0.074634 402.830 0 0
1500.0 76.559898 11.352424 17.864880 0.321830 0.249189 402.525 0 0
1500.0 37.105947 16.710066 17.864009 -0.293651 0.332502 402.583 0 0
1500.0 57.083230 -47.983808 17.967643 -0.076843 -0.766615 402.700 0 0
1500.0 148.472279 -9.643976 18.131317 1.587362 -0.170130 402.653 0 0
1500.0 33.580865 61.389138 17.890678 -0.369974 0.979411 402.888 0 0
1500.0 58.408191 10.046653 17.884916 -0.038552 0.217805 402.945 0 0
1500.0 116.469504 25.065576 17.863790 0.935152 0.423527 403.010 0 0
1500.0 74.045418 59.838492 17.967708 0.218104 0.959129 403.008 0 0
1500.0 111.408060 -18.198344 18.370884 1.076316 -0.312130 403.010 0 0
1500.0 18.716404 34.054011 17.871449 -0.615400 0.520805 403.237 0 0
1500.0 85.130093 20.535516 18.385085 0.545928 0.345569 403.326 0 0
1500.0 89.602077 -5.044590 18.386149 0.613875 -0.038680 403.241 0 0
1500.0 4.271409 27.164810 17.890807 -0.876960 0.413548 403.122 0 0
1500.0 59.063563 44.013293 17.853746 0.048133 0.749031 403.371 0 0
1500.0 56.606974 -62.699472 17.978969 0.014490 -1.007757 403.464 0 0
1500.0 49.970654 55.249987 17.933489 -0.067751 0.901530 403.537 0 0
1500.0 21.154842 32.682240 17.852310 -0.534713 0.573340 403.502 0 0
1500.0 99.623324 23.704100 17.851622 0.670868 0.434888 403.567 0 0
1500.0 109.405301 -15.725965 17.971283 0.847809 -0.340856 403.499 0 0
1500.0 74.654122 9.869689 19.215697 0.391328 0.196424 404.111 0 0
1500.0 49.115922 7.241094 18.222358 -0.134630 0.135378 404.511 0 0
1500.0 63.175491 -19.731441 18.020582 0.049319 -0.327793 403.941 0 0
1500.0 73.790095 17.280448 18.092393 0.314213 0.260668 404.254 0 0
1500.0 112.638803 -3.803545 17.915249 0.855427 -0.078720 403.865 0 0
1500.0 103.240921 21.595196 17.845302 0.727422 0.306312 404.046 0 0
1500.0 120.959317 -1.912965 17.823541 0.985274 -0.032709 404.311 0 0
1500.0 13.881501 48.799048 17.848996 -0.697665 0.780485 403.739 0 0
1500.0 97.275113 -51.639460 17.977230 0.615801 -0.836113 404.006 0 0
1500.0 110.722457 24.893343 17.854343 0.876910 0.381998 403.930 0 0
1500.0 89.396323 39.958962 17.849163 0.511852 0.681906 403.816 0 0
1500.0 -37.768134 -17.578144 17.844036 -1.542060 -0.309878 403.657 0 0
1500.0 89.144659 25.095057 17.875300 0.437706 0.448551 403.608 0 0
1500.0 98.886463 -24.787580 17.876122 0.708879 -0.379989 404.433 0 0
1500.0 57.095750 26.237700 17.915405 -0.048620 0.471599 403.874 0 0
1500.0 96.897397 -61.300864 17.938652 0.703806 -0.972633 403.639 0 0
1500.0 53.703297 -19.116968 17.844580 0.000105 -0.337478 404.571 0 0
1500.0 76.498877 58.308936 18.369251 0.323741 1.037706 403.943 0 0
1500.0 68.362212 -129.078798 17.838183 0.184307 -2.130569 404.661 0 0
1500.0 57.370126 40.672747 17.909886 -0.029821 0.727372 404.727 0 0
1500.0 65.447615 53.031961 17.895401 0.074973 0.813689 404.925 0 0
1500.0 188.137385 55.611493 17.865456 2.131438 0.830244 404.816 0 0
1500.0 39.682266 29.768124 18.435250 -0.299203 0.577818 404.888 0 0
1500.0 102.452909 18.845813 18.724144 0.963927 0.337516 404.779 0 0
1500.0 62.825153 2.149340 19.062930 0.180972 0.083357 405.157 0 0
1500.0 12.452787 37.516569 17.860341 -0.731972 0.625757 405.167 0 0
1500.0 111.318942 38.528580 18.280162 0.947444 0.710939 405.134 0 0
1500.0 80.755877 -3.730957 18.400224 0.488476 -0.057199 405.267 0 0
1500.0 -3.832959 -19.933621 17.812290 -0.997946 -0.296487 405.218 0 0
1500.0 89.205794 24.719468 18.737093 0.614353 0.424889 405.326 0 0
1500.0 71.780437 -10.543300 17.886330 0.294397 -0.188095 405.382 0 0
1500.0 69.958162 25.339099 17.950111 0.174205 0.423310 405.531 0 0
1500.0 90.062652 -42.912101 17.832312 0.527897 -0.616778 405.507 0 0
1500.0 108.718205 43.556771 17.871365 0.824015 0.640737 405.439 0 0
1500.0 77.928086 55.065288 17.839132 0.243167 0.883183 405.420 0 0
1500.0 56.957722 8.116849 18.291201 -0.036840 0.148640 405.589 0 0
1500.0 20.676259 -35.226165 17.960133 -0.657516 -0.603237 405.510 0 0
1500.0 111.713705 -38.020896 17.872013 0.852031 -0.610107 405.616 0 0
1500.0 72.972973 8.893420 18.696314 0.328857 0.181229 405.951 0 0
1500.0 -5.649544 12.213017 17.849007 -0.990104 0.206183 405.917 0 0
1500.0 74.514888 -63.625427 17.807446 0.265287 -1.003922 405.711 0 0
1500.0 61.616702 22.460870 18.724165 0.126787 0.392841 405.718 0 0
1500.0 50.326244 -65.916051 17.798444 -0.168961 -1.033171 405.844 0 0
1500.0 91.758304 -53.230043 17.866598 0.588361 -0.800714 405.680 0 0
1500.0 42.957791 59.766456 17.835260 -0.286449 0.946156 406.016 0 0
1500.0 -1.530163 -50.335226 17.931340 -0.938576 -0.832205 405.846 0 0
1500.0 34.881589 -3.454853 18.043970 -0.391564 -0.100420 405.739 0 0
1500.0 106.301248 -21.815194 18.312077 0.899792 -0.324567 405.748 0 0
1500.0 85.635777 -2.375625 18.258547 0.532726 0.014465 406.056 0 0
1500.0 81.857117 17.242008 18.257483 0.474740 0.312198 406.135 0 0
1500.0 68.689446 -35.409361 18.038374 0.129772 -0.590297 406.138 0 0
1500.0 70.110071 -17.967535 17.984100 0.276758 -0.310324 406.144 0 0
1500.0 78.513450 -13.632121 17.907754 0.395981 -0.247727 406.099 0 0
1500.0 42.584613 -15.444287 17.830536 -0.318883 -0.219388 406.098 0 0
1500.0 96.931079 -30.396141 17.828782 0.672002 -0.481084 406.179 0 0
1500.0 75.503634 -34.268817 17.841309 0.316561 -0.487779 406.334 0 0
1500.0 -8.137228 6.877119 17.888823 -1.029104 0.117111 406.224 0 0
1500.0 75.513372 -49.687715 17.827759 0.342729 -0.775909 406.284 0 0
1500.0 40.388699 12.620001 17.946862 -0.247527 0.271590 406.404 0 0
1500.0 82.250810 23.278718 17.843139 0.410806 0.322595 406.480 0 0
1500.0 77.030736 -14.350897 17.846428 0.336211 -0.205922 406.729 0 0
1500.0 84.800141 -54.334672 17.884211 0.385317 -0.852119 406.452 0 0
1500.0 6.188913 33.009627 17.852123 -0.810680 0.504341 406.524 0 0
1500.0 16.859198 44.057100 17.853369 -0.654988 0.661880 406.713 0 0
1500.0 79.498352 -59.908149 18.009277 0.373104 -0.955642 406.651 0 0
1500.0 123.954280 -36.090600 17.801035 1.047234 -0.537625 406.935 0 0
1500.0 89.090447 -45.150985 17.929322 0.556032 -0.709821 406.572 0 0
1500.0 93.015601 39.617540 17.869738 0.613041 0.582643 406.718 0 0
1500.0 -94.649296 -25.153838 17.824290 -2.386794 -0.462910 406.576 0 0
1500.0 137.274491 -66.568769 17.956338 1.260994 -1.133338 406.544 0 0
1500.0 142.818132 -3.768208 18.212138 1.516275 -0.081013 406.565 0 0
1500.0 17.226981 61.141316 18.109591 -0.679145 1.090160 406.579 0 0
1500.0 50.902666 12.380033 18.344571 -0.110092 0.312948 406.624 0 0
1500.0 41.801959 -16.202589 17.915515 -0.234172 -0.290149 407.110 0 0
1500.0 111.958321 38.754820 17.837461 0.817325 0.636887 407.010 0 0
1500.0 25.861889 -1.649746 17.857882 -0.559777 -0.070461 406.960 0 0
1500.0 64.008575 61.124883 17.895307 0.023428 0.971558 407.140 0 0
1500.0 80.740765 21.267057 18.578007 0.401181 0.473674 407.234 0 0
1500.0 102.981180 -13.969789 18.048796 0.721278 -0.207468 407.297 0 0
1500.0 57.394301 36.527807 17.884450 0.049371 0.559358 407.249 0 0
1500.0 72.324402 11.806454 18.184469 0.214282 0.237040 407.275 0 0
1500.0 66.880061 13.821689 18.230850 0.205808 0.238635 407.324 0 0
1500.0 105.424370 5.331026 18.387944 0.829448 0.075302 407.389 0 0
1500.0 29.840968 43.966789 17.813950 -0.507452 0.695341 407.460 0 0
1500.0 109.966963 7.397320 18.043460 0.946851 0.063787 407.469 0 0
1500.0 144.692841 23.022827 18.416690 1.628097 0.365478 407.454 0 0
1500.0 64.609472 -37.665273 18.599285 0.159836 -0.736832 407.387 0 0
1500.0 9.961542 44.759829 17.856709 -0.743425 0.710217 407.499 0 0
1500.0 32.462666 59.972851 17.918506 -0.409179 0.951706 407.552 0 0
1500.0 104.190677 20.061393 17.905186 0.748512 0.374770 407.552 0 0
1500.0 20.463562 -21.862009 17.851334 -0.638114 -0.380736 407.505 0 0
1500.0 22.490935 -21.192522 18.034504 -0.644290 -0.299656 407.507 0 0
1500.0 11.988214 46.259967 17.857147 -0.712424 0.730680 407.634 0 0
1500.0 20.904481 29.769941 17.850882 -0.634686 0.406753 407.600 0 0
1500.0 91.913624 -11.600389 17.998594 0.506592 -0.230382 407.999 0 0
1500.0 97.406038 -24.366586 17.887300 0.633974 -0.343250 408.018 0 0
1500.0 101.540072 27.534401 17.883994 0.695627 0.392565 407.694 0 0
1500.0 88.335737 52.056745 17.844756 0.466695 0.816374 407.868 0 0
1500.0 45.584473 -57.772214 17.805794 -0.231914 -0.883465 408.027 0 0
1500.0 28.892961 59.751094 17.832236 -0.485713 0.921515 407.772 0 0
1500.0 113.156704 -35.752303 17.795314 0.892358 -0.541090 407.901 0 0
1500.0 109.563673 -6.585043 18.046666 0.881332 -0.090212 407.881 0 0
1500.0 78.363678 53.020085 17.949487 0.308325 0.874795 407.846 0 0
1500.0 97.860966 43.319923 17.901725 0.635430 0.724566 408.023 0 0
1500.0 89.769747 3.342263 18.164488 0.518299 0.126732 407.992 0 0
1500.0 67.122962 32.651335 17.965422 0.153585 0.578046 407.679 0 0
1500.0 84.804495 31.701236 18.072200 0.550544 0.564562 407.819 0 0
1500.0 4.025663 37.993867 17.939522 -0.838903 0.613173 408.093 0 0
1500.0 72.623359 -26.000740 18.000491 0.236728 -0.430566 408.149 0 0
1500.0 47.110508 -10.295854 18.470870 -0.128713 -0.213697 408.174 0 0
1500.0 58.693942 48.778066 17.866198 0.023657 0.762398 408.231 0 0
1500.0 112.828546 17.852523 17.848054 0.814345 0.321600 408.310 0 0
1500.0 110.379975 -38.404117 17.834622 0.828756 -0.597383 408.427 0 0
1500.0 101.328206 17.836512 18.268598 0.766779 0.311098 408.251 0 0
1500.0 10.361496 14.909617 17.824919 -0.805285 0.204767 408.236 0 0
1500.0 75.728920 -6.135376 17.906264 0.247510 -0.154981 408.557 0 0
1500.0 66.385140 26.968701 18.168654 0.144475 0.486822 408.634 0 0
1500.0 80.834743 6.064217 17.974881 0.458861 0.079390 408.545 0 0
1500.0 81.421179 52.808335 18.462469 0.461278 0.942962 408.676 0 0
1500.0 61.460950 33.743837 18.488494 0.084222 0.630300 408.601 0 0
1500.0 81.632503 -32.333988 18.461888 0.414367 -0.619611 408.850 0 0
1500.0 45.683879 11.744811 18.612346 -0.242892 0.153146 408.580 0 0
1500.0 27.527140 -0.202544 17.890894 -0.473867 -0.050513 409.153 0 0
1500.0 106.048291 80.853832 17.817824 0.729517 1.282581 409.030 0 0
1500.0 81.090186 54.905362 17.847281 0.420446 0.863181 408.968 0 0
1500.0 108.236828 14.221155 17.858842 0.845409 0.229473 408.961 0 0
1500.0 100.922686 9.454617 17.967839 0.748608 0.160361 408.950 0 0
1500.0 53.599000 45.025406 17.931302 0.004417 0.754699 409.158 0 0
1500.0 89.889535 69.309680 18.219928 0.527837 1.234409 408.965 0 0
1500.0 59.109092 -51.600274 18.286426 0.101795 -0.952533 408.987 0 0
1500.0 8.604744 17.092175 17.868342 -0.743339 0.298221 409.332 0 0
1500.0 95.296604 26.932113 18.135989 0.658126 0.459135 409.326 0 0
1500.0 36.830174 -9.942505 17.878418 -0.354964 -0.082450 409.319 0 0
1500.0 119.146678 -27.364509 18.162393 1.135060 -0.500444 409.274 0 0
1500.0 68.382740 -7.242489 18.153510 0.235079 -0.058754 409.644 0 0
1500.0 43.001204 10.668088 17.867326 -0.180748 0.213508 410.028 0 0
1500.0 51.893625 13.211863 17.867692 -0.056493 0.248957 410.054 0 0
1500.0 81.461083 -32.687866 18.017630 0.410149 -0.493291 409.941 0 0
1500.0 38.556322 29.173366 17.877498 -0.313679 0.464558 410.161 0 0
1500.0 72.229425 -28.111630 18.010448 0.253722 -0.466371 410.119 0 0
1500.0 120.032374 -1.478994 17.865513 0.948380 0.030268 410.204 0 0
1500.0 115.300488 6.850450 18.211444 0.989275 0.099729 410.018 0 0
1500.0 49.504117 8.830147 18.262425 -0.148853 0.150534 410.044 0 0
1500.0 44.221826 16.717317 18.260209 -0.229176 0.270624 410.188 0 0
1500.0 76.236011 41.594326 17.808961 0.354858 0.636321 409.722 0 0
1500.0 64.146152 -47.333817 18.201097 0.105848 -0.803667 409.862 0 0
1500.0 54.025711 -20.918455 17.830174 -0.059497 -0.405129 410.179 0 0
1500.0 120.926590 -1.782072 18.042314 1.077618 -0.073843 409.846 0 0
1500.0 84.429275 -79.281280 17.835365 0.491687 -1.237775 409.826 0 0
1500.0 78.205631 41.643252 18.110234 0.316824 0.759722 409.520 0 0
1500.0 71.999291 -0.453333 18.848505 0.243377 -0.038378 409.901 0 0
1500.0 111.768320 -21.551623 18.174756 0.891352 -0.380859 410.387 0 0
1500.0 2.175438 -33.632629 17.803103 -0.886066 -0.553538 410.494 0 0
1500.0 85.191699 -22.942953 18.182289 0.524208 -0.387779 410.341 0 0
1500.0 14.833019 -16.608977 17.840796 -0.739298 -0.267796 410.291 0 0
1500.0 67.395465 16.128345 17.894374 0.075431 0.239998 410.357 0 0
1500.0 -0.193175 29.810947 18.173124 -1.027142 0.492204 410.458 0 0
1500.0 -4.720310 21.501573 17.837815 -0.979722 0.273436 410.539 0 0
1500.0 116.238937 -14.807244 18.008769 0.961293 -0.304921 410.598 0 0
1500.0 41.092860 31.098102 17.853787 -0.293557 0.479443 410.763 0 0
1500.0 96.868106 -16.994366 17.985590 0.604277 -0.295676 410.770 0 0
1500.0 91.637202 -14.456317 18.734657 0.686690 -0.205691 410.807 0 0
1500.0 59.353631 -0.989964 17.893958 0.093420 -0.013780 411.009 0 0
1500.0 -6.334013 -1.369178 17.838828 -0.997297 -0.062250 410.958 0 0
1500.0 100.664943 51.312250 17.807374 0.707836 0.744164 411.042 0 0
1500.0 72.526723 41.409711 17.907858 0.184882 0.648294 411.156 0 0
1500.0 -4.416840 23.436243 17.814013 -0.987874 0.321245 411.152 0 0
1500.0 105.340401 -30.927097 17.887283 0.799651 -0.480611 411.348 0 0
1500.0 83.624103 6.177414 18.077080 0.395738 0.165986 411.188 0 0
1500.0 78.147725 19.864898 18.075585 0.310884 0.376238 411.291 0 0
1500.0 86.552096 9.352853 17.933592 0.503262 0.084804 411.267 0 0
1500.0 104.997301 -53.951149 18.141107 0.860821 -0.967591 411.413 0 0
1500.0 70.970020 36.838768 18.175598 0.249375 0.727129 411.255 0 0
1500.0 100.774347 28.790389 17.932956 0.633793 0.481964 411.714 0 0
1500.0 42.071899 87.017935 17.830919 -0.274504 1.338508 411.710 0 0
1500.0 6.297565 -6.278722 17.893002 -0.850010 -0.127091 411.617 0 0
1500.0 108.369726 -25.873958 18.168827 0.857631 -0.423092 411.774 0 0
1500.0 33.740042 30.835740 18.003438 -0.348096 0.550036 411.759 0 0
1500.0 64.240719 -2.711924 17.822853 0.156719 -0.089575 411.753 0 0
1500.0 94.460985 -11.774465 17.941283 0.590221 -0.188669 411.851 0 0
1500.0 45.100576 26.572165 17.875018 -0.232284 0.407262 411.885 0 0
1500.0 92.597426 23.545804 18.001380 0.553924 0.437010 411.927 0 0
1500.0 47.160770 43.032271 17.914967 -0.219078 0.705410 411.928 0 0
1500.0 35.659911 -6.943517 17.894551 -0.413024 -0.076933 411.964 0 0
1500.0 62.884618 10.947174 18.035616 0.159185 0.154992 412.632 0 0
1500.0 5.197533 -22.768840 17.844322 -0.816231 -0.369057 412.020 0 0
1500.0 28.238783 57.744971 17.903033 -0.428155 0.924608 412.410 0 0
1500.0 36.792627 -65.292881 17.809921 -0.391014 -0.971180 412.324 0 0
1500.0 67.991054 48.141184 18.111577 0.211890 0.792984 412.642 0 0
1500.0 73.811698 52.169181 18.003546 0.208223 0.842933 412.259 0 0
1500.0 4.091629 0.102542 17.873976 -0.890402 -0.010173 412.040 0 0
1500.0 62.529964 57.005904 17.799269 0.140299 0.883687 412.236 0 0
1500.0 71.385649 33.677509 17.982763 0.158892 0.558363 412.269 0 0
1500.0 38.039179 16.237464 17.986251 -0.356487 0.290653 412.020 0 0
1500.0 57.532744 -49.374101 17.806272 0.053572 -0.801545 412.434 0 0
1500.0 109.307444 5.368411 17.804163 0.847794 0.041007 412.647 0 0
1500.0 -25.823369 75.691626 18.105803 -1.492524 1.330927 412.095 0 0
1500.0 55.021165 -4.501466 18.272693 0.008352 -0.129716 412.914 0 0
1500.0 43.228246 -17.633406 18.066338 -0.219493 -0.299527 412.922 0 0
1500.0 38.505582 -59.945849 17.892194 -0.278061 -0.937339 412.923 0 0
1500.0 112.955061 40.014438 17.829556 0.874545 0.558626 412.697 0 0
1500.0 -3.095103 1.302984 17.868822 -0.988471 0.008013 412.795 0 0
1500.0 5.936848 32.899175 17.814171 -0.854777 0.458656 412.829 0 0
1500.0 41.767910 -13.579466 18.082652 -0.279735 -0.256007 412.803 0 0
1500.0 69.549211 125.826752 17.938484 0.220342 2.047099 412.684 0 0
1500.0 35.201083 57.459352 17.993038 -0.326393 1.012726 412.829 0 0
1500.0 75.177685 -5.548726 17.969458 0.248244 -0.145077 413.208 0 0
1500.0 75.324384 9.550231 17.947523 0.264810 0.202956 413.158 0 0
1500.0 18.416884 111.942902 17.815094 -0.572547 1.745098 413.166 0 0
1500.0 101.788849 44.009256 17.793874 0.731320 0.676594 413.050 0 0
1500.0 102.798840 -39.302050 17.797130 0.743608 -0.626981 413.049 0 0
1500.0 31.017756 41.800188 17.973618 -0.457846 0.675449 413.049 0 0
1500.0 113.263526 -18.326732 17.798820 0.899286 -0.319287 413.314 0 0
1500.0 112.482523 30.082721 17.994280 0.863430 0.542040 413.170 0 0
1500.0 38.160521 29.466762 17.862389 -0.381105 0.439723 413.348 0 0
1500.0 65.209313 -17.273878 17.985999 0.180076 -0.268624 413.581 0 0
1500.0 103.068587 40.590956 17.983911 0.714106 0.633498 413.616 0 0
1500.0 40.334374 53.695783 17.969286 -0.313641 0.850392 413.531 0 0
1500.0 37.806123 -5.827654 18.517578 -0.355694 -0.070101 413.457 0 0
1500.0 86.422125 21.134796 18.290717 0.493664 0.336996 413.798 0 0
1500.0 123.189429 -7.223053 17.836904 1.030132 -0.109674 413.731 0 0
1500.0 82.479682 -12.788565 18.108271 0.485173 -0.175933 413.783 0 0
1500.0 43.634272 -1.912343 17.991215 -0.243325 -0.059349 413.846 0 0
1500.0 17.927395 21.445229 17.951881 -0.664344 0.366426 413.828 0 0
1500.0 75.427551 -9.936678 17.901684 0.356501 -0.151705 413.827 0 0
1500.0 84.959262 4.530291 18.350356 0.491427 0.023658 413.883 0 0
1500.0 68.491616 66.327767 17.913783 0.131634 1.038832 413.958 0 0
1500.0 86.011883 60.753043 17.842134 0.485343 0.928639 414.267 0 0
1500.0 16.497036 46.149906 17.964960 -0.667440 0.729058 414.187 0 0
1500.0 27.792430 -60.420617 17.794850 -0.393996 -0.946971 414.123 0 0
1500.0 54.921237 34.743172 18.276961 -0.034542 0.586111 414.001 0 0
1500.0 47.563723 50.295428 17.989263 -0.195458 0.813552 414.337 0 0
1500.0 87.588254 -45.558613 17.874903 0.520501 -0.733347 414.424 0 0
1500.0 36.334383 18.741256 18.082292 -0.351911 0.345557 414.518 0 0
1500.0 14.885878 30.946700 17.821940 -0.688409 0.440337 415.060 0 0
1500.0 88.233844 -61.981393 17.791731 0.512086 -0.898131 414.935 0 0
1500.0 124.444185 6.670568 17.793580 1.045791 0.059052 414.781 0 0
1500.0 110.307818 -30.287438 17.797998 0.844462 -0.489714 414.698 0 0
1500.0 111.088269 28.604475 17.878830 0.810471 0.507886 415.024 0 0
1500.0 77.606325 15.272248 18.218712 0.425783 0.227558 414.639 0 0
1500.0 52.931684 42.245496 18.075175 -0.095975 0.700959 415.065 0 0
1500.0 24.016382 27.912046 18.074634 -0.536364 0.482127 415.111 0 0
1500.0 -42.535778 -20.903942 17.860419 -1.606322 -0.290354 415.089 0 0
1500.0 32.703016 23.743166 17.871595 -0.459402 0.335832 414.687 0 0
1500.0 80.622455 -11.666512 17.993740 0.387941 -0.120294 415.868 0 0
1500.0 -3.345325 -12.616331 17.887571 -0.942460 -0.211492 415.417 0 0
1500.0 122.010375 7.757203 17.844266 1.000919 0.141433 415.446 0 0
1500.0 109.722518 -41.283037 17.792908 0.823150 -0.591107 415.299 0 0
1500.0 99.816480 -49.942700 17.795184 0.669132 -0.769649 415.865 0 0
1500.0 94.732317 -12.046936 18.623362 0.712818 -0.144946 415.452 0 0
1500.0 119.249706 -28.510305 17.854119 0.973681 -0.380775 415.239 0 0
1500.0 108.728211 4.030889 18.218323 0.852289 0.122591 415.765 0 0
1500.0 98.390961 -30.461746 18.058697 0.716338 -0.461351 415.368 0 0
1500.0 47.710423 -28.669819 18.146262 -0.178936 -0.469434 415.550 0 0
1500.0 73.318901 -2.478437 18.216051 0.357704 -0.060089 415.690 0 0
1500.0 49.724415 -1.516773 18.165311 -0.109400 0.049553 415.513 0 0
1500.0 41.882747 -32.407060 17.811381 -0.310035 -0.557803 415.439 0 0
1500.0 102.571175 13.205338 18.681689 0.893444 0.173971 415.703 0 0
1500.0 50.866198 26.119756 18.024110 -0.108703 0.503808 415.492 0 0
1500.0 131.240407 -5.118015 17.926977 1.255701 -0.029016 415.297 0 0
1500.0 91.872739 8.435515 18.209918 0.577759 0.091563 416.096 0 0
1500.0 71.247471 1.306732 17.857975 0.250196 -0.008778 416.102 0 0
1500.0 28.808047 29.931546 17.846892 -0.481276 0.411208 416.111 0 0
1500.0 109.350652 4.260110 18.360936 0.903037 0.072385 416.144 0 0
1500.0 17.121456 -46.609573 17.815233 -0.644658 -0.771622 415.940 0 0
1500.0 58.449629 -41.345183 17.884073 0.055378 -0.691086 416.124 0 0
1500.0 30.590152 -51.795993 17.855529 -0.480438 -0.816691 416.264 0 0
1500.0 72.666584 21.327658 18.217487 0.331478 0.375413 416.230 0 0
1500.0 -11.673879 38.230582 18.097544 -1.225434 0.729611 416.062 0 0
1500.0 92.583241 -2.977497 18.382673 0.584460 -0.006633 417.488 0 0
1500.0 71.924965 8.153687 18.216635 0.299864 0.087040 416.617 0 0
1500.0 83.834839 4.819460 18.164219 0.463239 0.052616 416.875 0 0
1500.0 95.668662 7.607604 18.159035 0.630295 0.091644 416.452 0 0
1500.0 47.116542 -14.065458 17.855540 -0.220733 -0.207923 416.780 0 0
1500.0 58.368311 59.130728 17.870897 0.048407 0.908718 416.624 0 0
1500.0 58.783936 -60.537976 17.800983 0.068127 -0.910519 416.920 0 0
1500.0 57.619411 63.163946 17.795297 -0.005296 0.991080 416.893 0 0
1500.0 17.966676 -53.801837 17.854769 -0.572802 -0.871545 416.614 0 0
1500.0 49.476384 -63.436209 17.852462 -0.192711 -0.984976 416.805 0 0
1500.0 93.084672 34.916376 18.147618 0.546955 0.598146 416.874 0 0
1500.0 96.011709 -17.313318 18.152028 0.679117 -0.306907 416.691 0 0
1500.0 102.091774 19.221722 18.071206 0.771570 0.267743 417.031 0 0
1500.0 12.855303 3.524914 17.949759 -0.720969 0.117070 416.648 0 0
1500.0 30.343808 -28.820810 18.019864 -0.461105 -0.487009 416.814 0 0
1500.0 27.867778 24.406505 17.892631 -0.470756 0.453293 416.539 0 0
1500.0 58.344937 15.144704 18.179937 0.020488 0.303276 417.336 0 0
1500.0 79.018100 -15.541881 17.876176 0.406706 -0.223157 416.517 0 0
1500.0 92.734541 31.439471 17.864699 0.611620 0.501337 417.429 0 0
1500.0 52.684460 -30.253059 17.875229 -0.012216 -0.510675 417.024 0 0
1500.0 39.276854 -6.435029 17.907460 -0.328611 -0.036273 416.853 0 0
1500.0 16.420281 -2.142858 17.814025 -0.672373 -0.106819 417.251 0 0
1500.0 117.190090 -21.116644 17.868773 0.925486 -0.413684 416.923 0 0
1500.0 126.301421 -8.132983 17.847298 1.139902 -0.192881 417.216 0 0
1500.0 116.540715 -50.378823 17.920515 1.057347 -0.832388 416.439 0 0
1500.0 194.093680 -50.238464 18.111928 2.456537 -0.942039 416.852 0 0
1500.0 106.028791 -21.687635 17.865475 0.722191 -0.369761 417.640 0 0
1500.0 85.734345 47.976062 17.812214 0.472845 0.786267 417.557 0 0
1500.0 49.591914 -41.746554 18.002156 -0.144568 -0.637225 417.764 0 0
1500.0 91.497652 11.438274 17.812781 0.538115 0.172687 417.706 0 0
1500.0 -3.304873 -18.799469 17.843754 -0.959189 -0.289693 417.752 0 0
1500.0 71.776974 64.662916 17.938751 0.224976 1.016873 417.757 0 0
1500.0 9.899981 -9.157339 17.953480 -0.815423 -0.219864 417.654 0 0
1500.0 21.765675 -147.158192 17.926898 -0.553255 -2.512288 417.682 0 0
1500.0 41.208914 19.077934 17.891820 -0.298635 0.255959 417.890 0 0
1500.0 74.587962 -37.299701 17.929183 0.288424 -0.579117 417.849 0 0
1500.0 81.428034 -30.803905 17.930120 0.384184 -0.487221 417.929 0 0
1500.0 99.561427 24.203404 17.810054 0.646084 0.305341 417.910 0 0
1500.0 52.091238 -65.440729 17.792447 -0.145637 -1.029641 418.018 0 0
1500.0 47.734659 5.823005 17.912614 -0.221471 0.055276 418.069 0 0
1500.0 116.405141 9.407638 18.001867 1.068218 0.110533 418.020 0 0
1500.0 70.183539 -10.785818 17.979179 0.174383 -0.218441 418.551 0 0
1500.0 95.959133 -3.886624 18.222836 0.686674 -0.013645 418.753 0 0
1500.0 2.237504 -1.700767 17.888619 -0.884522 0.036655 418.425 0 0
1500.0 84.135847 3.826943 18.365411 0.510441 -0.002807 419.036 0 0
1500.0 75.993539 40.392908 17.989052 0.311585 0.691641 418.816 0 0
1500.0 56.449056 -23.780290 18.182178 -0.032071 -0.418612 418.734 0 0
1500.0 24.841322 -26.899098 17.899356 -0.570396 -0.448953 419.031 0 0
1500.0 35.479370 -30.853539 17.919962 -0.346325 -0.583511 418.318 0 0
1500.0 93.939090 38.933637 18.054913 0.593754 0.714195 419.064 0 0
1500.0 110.945699 -68.900660 17.937403 0.952050 -1.159566 418.448 0 0
1500.0 53.174213 35.559910 18.228143 -0.118856 0.607772 418.886 0 0
1500.0 50.808219 -16.553651 18.787216 -0.134128 -0.263872 418.402 0 0
1500.0 26.966167 -35.841110 17.856995 -0.506571 -0.524060 419.490 0 0
1500.0 74.204377 55.792073 17.850026 0.197100 0.860192 419.889 0 0
1500.0 28.097357 43.597162 17.852843 -0.461063 0.682374 420.214 0 0
1500.0 27.337920 35.346834 17.856839 -0.469200 0.561549 420.616 0 0
1500.0 80.219770 61.891371 17.900792 0.367583 0.968946 419.771 0 0
1500.0 -8.575438 3.037994 17.866537 -1.040566 0.090636 419.235 0 0
1500.0 71.132332 -15.202962 18.579332 0.345492 -0.282720 419.113 0 0
1500.0 -3.612935 19.903864 17.925881 -0.972845 0.325247 419.588 0 0
1500.0 80.595471 63.242231 17.880098 0.300343 0.999147 420.134 0 0
1500.0 9.408350 43.374757 17.880504 -0.758074 0.706619 419.924 0 0
1500.0 -1.296591 24.654120 17.881578 -0.922201 0.430282 419.572 0 0
1500.0 2.791166 -36.273031 17.796349 -0.848590 -0.610591 419.914 0 0
1500.0 106.878536 2.242243 18.070272 0.811669 -0.004329 421.234 0 0
1500.0 122.593255 10.848162 17.835731 1.034354 0.147734 420.379 0 0
1500.0 106.117492 19.407306 17.802504 0.778915 0.336021 419.955 0 0
1500.0 109.674406 -16.517271 18.079492 0.828801 -0.321661 419.774 0 0
1500.0 93.349187 -10.675430 18.177665 0.583852 -0.238981 419.399 0 0
1500.0 88.285466 48.362679 17.852494 0.533784 0.761555 419.842 0 0
1500.0 81.495563 47.212488 17.855762 0.433306 0.748624 419.443 0 0
1500.0 107.367076 -13.882575 18.002605 0.844550 -0.223740 420.255 0 0
1500.0 9.897315 -66.597277 17.853505 -0.752246 -1.066602 421.117 0 0
1500.0 75.380909 23.542976 17.996498 0.357198 0.398771 419.360 0 0
1500.0 54.099641 -16.379193 18.184562 -0.020895 -0.327730 419.997 0 0
1500.0 79.804983 -25.567219 18.034597 0.428714 -0.429315 420.047 0 0
1500.0 63.976992 -33.643901 18.187178 0.129274 -0.587685 420.706 0 0
1500.0 104.524530 19.450398 18.362198 0.788447 0.371956 420.656 0 0
1500.0 53.369414 36.894145 18.115485 -0.029455 0.639111 420.765 0 0
1500.0 34.878147 -35.718436 17.891659 -0.358399 -0.626270 420.573 0 0
1500.0 85.791757 29.690417 17.958919 0.496530 0.510096 421.321 0 0
1500.0 87.585971 18.493837 17.962108 0.526138 0.339650 421.064 0 0
1500.0 -11.799467 -104.916878 17.851512 -1.202802 -1.683996 419.490 0 0
1500.0 126.860910 35.465215 17.853053 1.079173 0.644818 419.753 0 0
1500.0 119.731444 19.538289 17.869419 1.077577 0.300091 420.107 0 0
1500.0 75.467758 -4.498525 17.947752 0.346079 -0.136709 420.067 0 0
1500.0 54.212323 -41.997424 18.164199 0.000628 -0.767492 421.272 0 0
1500.0 117.680883 -32.451321 18.099974 1.040566 -0.613321 421.284 0 0
1500.0 122.486266 -21.014186 18.059138 1.126447 -0.441712 421.158 0 0
1500.0 114.059091 24.858601 18.066582 0.983200 0.511657 421.108 0 0
1500.0 71.803251 -2.790683 18.248407 0.242023 -0.106518 421.637 0 0
1500.0 80.825662 -30.773922 18.085787 0.397781 -0.477569 421.817 0 0
1500.0 34.016886 -2.691973 17.876144 -0.395833 -0.067166 421.714 0 0
1500.0 37.206477 60.313813 17.883100 -0.334886 0.932207 421.833 0 0
1500.0 108.035890 -23.496042 17.956964 0.810045 -0.364800 421.766 0 0
1500.0 84.891354 -4.866372 18.186928 0.522201 -0.113432 421.480 0 0
1500.0 91.980841 20.400811 18.122335 0.629792 0.322576 421.762 0 0
1500.0 84.232128 25.712234 18.124369 0.513305 0.404351 421.594 0 0
1500.0 97.314720 -44.783562 17.797442 0.575928 -0.754625 422.144 0 0
1500.0 81.593669 45.616666 18.106087 0.417761 0.775703 421.585 0 0
1500.0 15.381666 -5.422041 17.922495 -0.682482 -0.150354 421.544 0 0
1500.0 121.865655 20.166839 18.012319 1.058473 0.385855 422.076 0 0
1500.0 89.169316 2.422289 18.445373 0.683130 0.082860 421.869 0 0
1500.0 82.967573 -0.898935 18.591055 0.481967 -0.052842 423.702 0 0
1500.0 42.041819 -9.004889 17.880030 -0.273514 -0.169972 422.336 0 0
1500.0 72.356248 -16.315844 17.889735 0.270846 -0.231535 423.221 0 0
1500.0 30.945589 51.308103 17.887996 -0.420797 0.793062 422.603 0 0
1500.0 63.862512 51.380055 17.893121 0.049854 0.787509 423.187 0 0
1500.0 21.161339 32.076002 17.894572 -0.555030 0.512492 423.331 0 0
1500.0 104.762717 -11.163776 17.962260 0.751913 -0.183521 422.749 0 0
1500.0 98.105555 -4.494591 18.076059 0.663036 -0.100037 423.298 0 0
1500.0 88.737463 -11.862004 17.815473 0.491688 -0.126227 423.551 0 0
1500.0 84.480135 -43.851028 17.844130 0.426720 -0.676359 423.540 0 0
1500.0 72.342196 62.004616 17.935382 0.231597 0.966529 422.691 0 0
1500.0 66.546149 63.236223 17.935284 0.147966 0.984602 422.671 0 0
1500.0 125.840423 24.569878 17.855645 1.056404 0.325889 422.857 0 0
1500.0 33.344724 61.476926 17.850513 -0.372422 0.979371 422.998 0 0
1500.0 103.677563 33.339812 18.111585 0.793613 0.510278 422.922 0 0
1500.0 119.844737 4.044942 17.945181 0.993500 0.113700 422.995 0 0
1500.0 102.615599 46.023800 17.943149 0.729509 0.735349 423.568 0 0
1500.0 112.086376 -41.411761 17.792109 0.784600 -0.689463 423.472 0 0
1500.0 52.903840 -40.206731 18.190042 -0.095830 -0.648545 422.754 0 0
1500.0 14.147066 16.404430 17.863295 -0.735480 0.210336 422.216 0 0
1500.0 11.994903 5.366233 17.863103 -0.768376 0.040543 422.233 0 0
1500.0 77.828597 31.708037 17.969102 0.391152 0.521842 422.321 0 0
1500.0 21.385154 -38.569389 17.951185 -0.603479 -0.627522 423.391 0 0
1500.0 81.006475 30.884449 17.843872 0.413109 0.530690 422.256 0 0
1500.0 15.948140 -12.235089 17.822349 -0.630028 -0.262253 423.695 0 0
1500.0 76.467636 -4.649902 17.905269 0.359089 -0.117218 422.592 0 0
1500.0 52.376961 8.960441 17.854378 -0.097064 0.218177 423.509 0 0
1500.0 129.878314 -33.211963 18.202588 1.265812 -0.580774 423.071 0 0
1500.0 197.300958 44.496866 17.988230 2.327887 0.787755 423.616 0 0
1500.0 108.556026 -113.312842 17.967803 0.936800 -1.901494 423.631 0 0
1500.0 105.493707 34.011168 17.954959 0.798029 0.544568 423.837 0 0
1500.0 98.344151 12.537803 18.250662 0.691543 0.258700 423.992 0 0
1500.0 103.019001 -13.324622 18.134775 0.782940 -0.241802 424.042 0 0
1500.0 71.126563 -28.897062 18.211563 0.250000 -0.515746 423.852 0 0
1500.0 96.969103 -7.192103 18.113718 0.705607 -0.110183 424.088 0 0
1500.0 13.210223 21.608106 17.900927 -0.684038 0.407249 423.967 0 0
1500.0 73.997324 -19.104292 17.870515 0.202872 -0.325934 425.353 0 0
1500.0 83.509509 4.173022 18.229878 0.453099 0.098476 425.347 0 0
1500.0 76.054128 26.217665 17.992359 0.255696 0.437044 424.644 0 0
1500.0 96.549662 2.746833 17.866112 0.611850 0.063944 424.946 0 0
1500.0 50.762551 -3.015169 17.913244 -0.155270 -0.073750 425.872 0 0
1500.0 56.663288 10.467777 18.066898 0.051841 0.197802 426.502 0 0
1500.0 85.975040 26.261032 17.993817 0.472426 0.399893 425.975 0 0
1500.0 9.959734 33.077997 17.863675 -0.711422 0.515879 426.647 0 0
1500.0 121.270528 18.823899 17.942551 0.993456 0.327727 424.433 0 0
1500.0 122.827858 13.365586 17.942485 1.017441 0.248084 424.354 0 0
1500.0 38.770139 -59.078083 17.910337 -0.301723 -0.912693 426.046 0 0
1500.0 113.067945 -15.264508 17.908459 0.853092 -0.261703 426.751 0 0
1500.0 22.430703 -49.395009 17.854831 -0.569286 -0.750612 426.645 0 0
1500.0 -7.277524 -5.131396 17.850857 -1.008107 -0.114452 425.886 0 0
1500.0 120.199450 10.460661 17.953380 0.978075 0.182957 426.624 0 0
1500.0 122.857848 4.365573 17.951525 1.023489 0.095696 426.146 0 0
1500.0 57.394039 61.248595 17.890341 -0.062891 0.954043 424.889 0 0
1500.0 89.201762 -5.201860 18.447585 0.592372 -0.016556 424.756 0 0
1500.0 123.689680 -1.161532 17.878804 1.042164 -0.059844 425.835 0 0
1500.0 53.467946 65.529418 17.888075 -0.065164 1.043777 426.232 0 0
1500.0 57.075293 22.509748 18.348785 0.017098 0.407833 424.662 0 0
1500.0 50.601416 18.191832 18.544648 -0.079574 0.315298 425.442 0 0
1500.0 72.667976 64.224269 17.835883 0.270002 1.009014 426.216 0 0
1500.0 81.395866 61.383693 17.877650 0.409418 0.960006 426.620 0 0
1500.0 38.301164 49.702653 17.876888 -0.361962 0.793364 424.812 0 0
1500.0 102.787635 -81.301267 17.807921 0.742414 -1.276176 425.032 0 0
1500.0 50.245332 25.226127 18.227275 -0.101223 0.452818 424.842 0 0
1500.0 98.145786 2.038136 18.126168 0.695988 -0.028958 425.298 0 0
1500.0 144.717457 -29.915598 17.884017 1.386977 -0.421606 425.813 0 0
1500.0 69.680874 57.758599 17.829909 0.168190 0.949677 425.729 0 0
1500.0 0.740971 30.372602 17.826982 -0.867920 0.530343 426.314 0 0
1500.0 44.397072 61.750434 17.826683 -0.212477 1.000024 426.396 0 0
1500.0 50.702567 -42.029932 18.132345 -0.136287 -0.678738 425.583 0 0
1500.0 47.322879 -21.399663 17.964259 -0.227480 -0.332071 424.295 0 0
1500.0 10.990870 28.101581 17.947041 -0.773669 0.426361 425.760 0 0
1500.0 34.573789 8.611871 18.149382 -0.381720 0.088447 425.061 0 0
1500.0 50.329079 -43.540097 18.139423 -0.138219 -0.704168 425.812 0 0
1500.0 25.758854 24.128602 18.002111 -0.548623 0.380811 425.205 0 0
1500.0 100.361763 -25.974484 18.025215 0.698789 -0.463042 426.041 0 0
1500.0 48.478413 -34.809288 18.034353 -0.088901 -0.604397 425.232 0 0
1500.0 96.835114 9.927216 18.283416 0.659448 0.224894 426.205 0 0
1500.0 46.339054 -33.803090 17.840676 -0.165928 -0.600534 424.986 0 0
1500.0 42.820826 -20.789034 18.100639 -0.214505 -0.394894 425.862 0 0
1500.0 41.786844 -8.645865 18.103538 -0.231090 -0.208814 425.669 0 0
1500.0 92.177752 -17.311689 18.406008 0.579808 -0.338445 426.416 0 0
1500.0 83.048076 -39.794781 17.987771 0.449988 -0.665354 426.499 0 0
1500.0 103.549901 8.416355 17.989347 0.764012 0.069173 426.350 0 0
1500.0 63.342922 17.798216 18.012285 0.134039 0.347375 426.717 0 0
1500.0 18.723554 -34.876891 17.885019 -0.648454 -0.628374 425.219 0 0
1500.0 189.566200 -93.116493 17.928360 2.134258 -1.558399 424.989 0 0
1500.0 57.463800 3.706447 17.834223 0.018984 0.130722 426.109 0 0
1500.0 60.957330 31.090481 17.825895 0.073210 0.555930 426.662 0 0
1500.0 55.879700 -26.081721 17.880760 -0.101265 -0.377964 426.546 0 0
1500.0 44.537565 -3.960886 17.882838 -0.278764 -0.032990 426.412 0 0
1500.0 -22.868885 24.360194 18.007854 -1.321342 0.432777 426.397 0 0
1500.0 135.253284 -17.719874 18.074139 1.338585 -0.337347 425.143 0 0
1500.0 34.901945 -40.236062 17.899780 -0.440591 -0.606693 426.310 0 0
1500.0 91.515895 -8.294580 18.797767 0.629739 -0.088029 428.984 0 0
1500.0 90.766909 3.817500 18.798169 0.619380 0.074655 429.019 0 0
1500.0 66.530125 -11.820436 18.163098 0.199396 -0.215670 427.251 0 0
1500.0 64.451104 24.731792 18.121679 0.126509 0.410921 427.562 0 0
1500.0 47.659444 -32.121438 17.984221 -0.178549 -0.495838 426.913 0 0
1500.0 69.214280 9.393946 18.121829 0.248156 0.096409 428.161 0 0
1500.0 69.394277 27.631902 18.082675 0.235231 0.433432 427.894 0 0
1500.0 97.544868 -6.761361 18.182669 0.650911 -0.129538 427.960 0 0
1500.0 61.230782 -36.657080 18.089048 0.051154 -0.564890 429.518 0 0
1500.0 44.849777 -4.867325 18.063741 -0.215088 -0.102672 428.707 0 0
1500.0 82.850983 21.065739 18.088523 0.368751 0.359441 429.746 0 0
1500.0 52.233655 32.271313 17.897592 -0.133889 0.489652 428.581 0 0
1500.0 86.158613 -5.677917 18.146440 0.484556 -0.115908 430.062 0 0
1500.0 69.451473 8.111219 18.186870 0.264996 0.094494 430.719 0 0
1500.0 95.995266 -59.237847 17.876703 0.610874 -0.907147 427.295 0 0
1500.0 71.753607 -29.736455 17.827394 0.207974 -0.492523 428.673 0 0
1500.0 61.667254 -14.434251 17.907259 0.114955 -0.241251 430.151 0 0
1500.0 73.848941 -31.081907 17.900613 0.286751 -0.476620 429.651 0 0
1500.0 96.672684 -40.440212 17.812125 0.571637 -0.648233 428.278 0 0
1500.0 117.071950 29.864539 17.835872 0.920781 0.493521 426.881 0 0
1500.0 92.499659 17.954838 17.855800 0.535836 0.304973 429.842 0 0
1500.0 85.634850 57.496603 17.838623 0.452088 0.888186 427.795 0 0
1500.0 -2.733562 18.062767 17.871188 -0.936633 0.294806 428.388 0 0
1500.0 18.222313 48.819555 17.871702 -0.632740 0.738568 428.481 0 0
1500.0 60.217786 25.621851 17.893862 -0.025440 0.390662 430.769 0 0
1500.0 120.979152 5.195110 17.955354 0.988696 0.108357 428.892 0 0
1500.0 110.780878 13.737365 17.962308 0.829127 0.228122 429.936 0 0
1500.0 -4.137210 -19.280677 17.939505 -0.984090 -0.286969 427.039 0 0
1500.0 57.801204 -65.644142 17.821578 0.011260 -1.033986 428.763 0 0
1500.0 24.762382 44.425978 17.993535 -0.530586 0.727643 426.866 0 0
1500.0 75.965803 34.423432 18.395383 0.375771 0.583217 427.525 0 0
1500.0 122.440515 -8.676352 17.825700 0.977973 -0.185365 430.048 0 0
1500.0 94.724926 29.402251 18.312322 0.642568 0.507444 428.241 0 0
1500.0 61.528079 18.171401 18.372286 0.129669 0.351181 427.556 0 0
1500.0 60.107431 16.110524 18.372992 0.108205 0.320161 427.509 0 0
1500.0 106.217712 13.195153 18.382697 0.858513 0.213281 429.333 0 0
1500.0 60.408625 54.365181 17.811861 0.063400 0.900300 427.945 0 0
1500.0 97.585461 35.253683 17.813064 0.632232 0.609913 427.803 0 0
1500.0 40.935575 58.328386 17.858963 -0.323972 0.909498 428.602 0 0
1500.0 13.385588 40.590406 17.956805 -0.701722 0.667061 429.005 0 0
1500.0 47.521339 -60.480610 17.881182 -0.217296 -0.947724 428.781 0 0
1500.0 108.775520 -1.721768 17.879371 0.854028 -0.049889 428.351 0 0
1500.0 41.215405 7.380247 18.159293 -0.291928 0.123364 428.045 0 0
1500.0 107.769092 3.710099 18.140584 0.854436 0.093651 429.732 0 0
1500.0 75.044713 -88.868141 17.879510 0.257991 -1.423190 429.204 0 0
1500.0 64.049547 6.145548 17.832125 0.125900 0.167240 427.021 0 0
1500.0 123.435558 1.737687 17.848381 1.027789 -0.032478 430.395 0 0
1500.0 53.882877 -65.689817 17.847859 -0.011785 -1.037263 430.592 0 0
1500.0 116.302529 15.972502 17.852657 0.933479 0.182700 429.513 0 0
1500.0 58.457705 47.435302 18.032640 0.033476 0.796953 429.420 0 0
1500.0 72.895614 19.565919 17.819499 0.176484 0.364257 427.532 0 0
1500.0 2.678214 -33.047356 17.796343 -0.890091 -0.443044 429.851 0 0
1500.0 61.928015 -17.183673 18.074159 0.129120 -0.332494 428.715 0 0
1500.0 91.603315 31.415254 17.815027 0.573368 0.533937 429.004 0 0
1500.0 23.958911 -192.049125 17.798054 -0.512926 -2.965911 430.671 0 0
1500.0 80.811815 17.761846 18.355178 0.400643 0.342882 430.428 0 0
1500.0 66.651504 -29.488366 17.874845 0.153894 -0.533921 428.732 0 0
1500.0 76.657441 -24.700956 18.064472 0.389052 -0.403923 429.575 0 0
1500.0 34.976711 49.125663 17.950586 -0.353831 0.817585 430.430 0 0
1500.0 81.794482 -3.569681 17.860500 0.361418 -0.132973 428.609 0 0
1500.0 85.421027 12.934141 18.194366 0.525324 0.243498 430.403 0 0
1500.0 78.111182 24.289596 18.127883 0.296941 0.430451 430.215 0 0
1500.0 112.408247 -22.620826 18.445874 0.984438 -0.423055 428.053 0 0
1500.0 12.985532 22.141210 18.007823 -0.736806 0.344121 430.787 0 0
1500.0 55.423235 34.586698 18.017839 -0.092763 0.540259 429.945 0 0
1500.0 89.624736 15.136976 18.174465 0.581589 0.281733 430.884 0 0
1500.0 28.675711 12.676059 17.852220 -0.483399 0.124510 429.383 0 0
1500.0 84.729793 -15.233985 17.884942 0.397249 -0.310906 430.066 0 0
1500.0 93.930464 -3.156072 17.883585 0.596383 0.020577 430.381 0 0
1500.0 136.013918 20.746476 17.913471 1.328045 0.351880 429.109 0 0
1500.0 32.923455 38.061930 17.999804 -0.479619 0.596078 427.377 0 0
1500.0 68.495332 51.081132 17.993253 0.256623 0.870645 427.724 0 0
1500.0 100.764216 45.595075 18.049965 0.703666 0.797035 430.657 0 0
1500.0 151.291359 -66.131592 17.934985 1.522069 -1.131600 430.073 0 0
1500.0 88.478652 48.045059 17.991751 0.447702 0.823102 430.518 0 0
1500.0 60.261925 -60.214100 18.062886 0.056683 -1.099177 426.953 0 0
1500.0 52.763751 -21.010524 17.936386 -0.143667 -0.287078 427.504 0 0
1500.0 71.720895 -51.949743 17.947057 0.285626 -0.908057 429.131 0 0
1500.0 108.275740 8.622799 18.380010 0.912395 0.221032 429.296 0 0
1500.0 52.429409 43.848123 18.125420 -0.090181 0.820361 428.230 0 0
1500.0 56.590832 -35.128049 18.129133 -0.076251 -0.609865 429.240 0 0
1500.0 11.329115 5.691901 18.046047 -0.830458 0.067840 430.788 0 0
1500.0 45.323456 -23.132136 18.141523 -0.203307 -0.494595 427.450 0 0
1500.0 50.915849 -36.567816 18.342292 -0.118068 -0.704782 429.566 0 0
1500.0 54.956152 -23.050490 18.055931 -0.131879 -0.443848 430.073 0 0
1500.0 28.361989 22.762068 17.931355 -0.458791 0.347463 432.371 0 0
1500.0 90.681161 -2.952268 17.997972 0.518637 -0.095396 432.527 0 0
1500.0 88.574349 -51.028296 17.895428 0.484745 -0.765164 433.215 0 0
1500.0 36.758058 18.057343 17.870090 -0.325764 0.316123 433.365 0 0
1500.0 76.496223 43.808937 18.000603 0.307016 0.681958 433.174 0 0
1500.0 79.628560 5.603373 18.012242 0.346374 0.142191 434.145 0 0
1500.0 14.795203 46.701805 17.857952 -0.688699 0.702820 431.517 0 0
1500.0 5.021737 20.035248 17.863471 -0.820422 0.313084 432.339 0 0
1500.0 43.388929 -6.302551 17.882970 -0.264959 -0.062144 434.080 0 0
1500.0 31.707865 46.250623 17.906174 -0.369647 0.727945 432.996 0 0
1500.0 80.975396 -35.235324 17.868606 0.381226 -0.543537 433.559 0 0
1500.0 82.630003 -25.105084 17.894396 0.399371 -0.404609 434.623 0 0
1500.0 103.813608 -29.753948 17.883072 0.707618 -0.477112 433.549 0 0
1500.0 73.824508 -62.728146 17.847581 0.239818 -0.986001 432.327 0 0
1500.0 83.681256 -18.781536 18.053485 0.444004 -0.311149 435.001 0 0
1500.0 106.435986 -12.122898 18.042926 0.790458 -0.224203 432.757 0 0
1500.0 82.840001 -37.968852 17.869376 0.369278 -0.606515 435.006 0 0
1500.0 20.677031 -55.588442 17.852916 -0.535195 -0.897666 431.710 0 0
1500.0 104.866114 43.099399 17.834736 0.772694 0.672907 431.213 0 0
1500.0 116.276187 -12.480400 18.046023 0.967807 -0.209912 431.559 0 0
1500.0 53.098603 63.792541 17.943482 -0.077688 1.021071 431.648 0 0
1500.0 103.158893 33.781673 18.178746 0.776755 0.547780 431.980 0 0
1500.0 111.994978 -24.754521 17.938071 0.825606 -0.413851 434.776 0 0
1500.0 100.738169 22.572196 18.170537 0.722203 0.343489 435.230 0 0
1500.0 34.532974 -61.397102 17.828431 -0.373039 -0.979194 432.673 0 0
1500.0 55.126793 -64.706142 17.830425 -0.066746 -1.011142 433.813 0 0
1500.0 80.714152 2.103277 18.755987 0.477152 0.102947 432.832 0 0
1500.0 46.055316 -65.113926 17.851373 -0.198684 -1.026649 433.550 0 0
1500.0 95.943552 -50.879837 17.854066 0.547234 -0.835376 432.073 0 0
1500.0 7.843980 -37.237533 17.827559 -0.779474 -0.631492 432.080 0 0
1500.0 67.881807 -55.237255 17.868347 0.132221 -0.911207 431.587 0 0
1500.0 54.943028 52.153243 17.898421 -0.077526 0.859925 431.435 0 0
1500.0 45.674020 58.768515 17.867408 -0.147493 0.955340 432.050 0 0
1500.0 88.941400 47.675194 17.868861 0.507690 0.790424 431.829 0 0
1500.0 50.025244 12.204300 18.305762 -0.101412 0.249919 431.433 0 0
1500.0 16.800214 -35.617213 17.943762 -0.636741 -0.596031 433.213 0 0
1500.0 55.929748 -55.782745 17.942675 -0.052532 -0.892725 433.533 0 0
1500.0 22.015012 -44.745623 17.942424 -0.545627 -0.714851 434.845 0 0
1500.0 36.642737 11.787676 17.926469 -0.356141 0.249857 431.015 0 0
1500.0 32.159353 54.564548 17.906647 -0.401317 0.859358 434.903 0 0
1500.0 96.929520 21.688306 18.149108 0.636388 0.403876 432.709 0 0
1500.0 52.517064 9.501556 18.163347 -0.036579 0.222971 431.644 0 0
1500.0 37.916588 45.323634 17.857871 -0.374282 0.727397 432.004 0 0
1500.0 37.450285 57.694716 17.849831 -0.375541 0.902902 433.027 0 0
1500.0 124.643246 21.274966 17.931396 1.103630 0.278381 431.259 0 0
1500.0 50.718620 -23.412259 17.849325 -0.136866 -0.431875 432.001 0 0
1500.0 100.825181 -31.233193 17.836503 0.613638 -0.535017 434.075 0 0
1500.0 17.779719 -5.305605 17.843082 -0.636376 -0.151999 432.687 0 0
1500.0 98.175597 -14.551414 17.843048 0.586254 -0.292590 432.692 0 0
1500.0 89.111459 23.432799 18.116001 0.498048 0.432233 432.626 0 0
1500.0 47.157214 42.486778 18.005696 -0.161779 0.723086 432.715 0 0
1500.0 74.299212 25.986884 18.012864 0.255076 0.475159 432.145 0 0
1500.0 15.785999 -74.869880 17.797662 -0.664950 -1.171282 434.892 0 0
1500.0 31.819973 -31.051310 17.923593 -0.464549 -0.450897 432.167 0 0
1500.0 2.529156 -33.446776 17.822227 -0.878680 -0.603015 431.132 0 0
1500.0 119.400421 3.150955 17.801665 0.974259 0.105670 433.484 0 0
1500.0 87.992805 14.873113 18.104460 0.564029 0.196263 432.859 0 0
1500.0 78.008865 21.294141 17.829404 0.378140 0.298369 432.456 0 0
1500.0 62.953543 -50.970590 17.817621 0.142805 -0.794762 434.056 0 0
1500.0 101.455807 -12.885568 18.466228 0.762885 -0.256417 434.984 0 0
1500.0 14.656347 -3.874801 18.066246 -0.699068 -0.092395 433.162 0 0
1500.0 88.694172 45.211759 17.805376 0.499246 0.758176 433.158 0 0
1500.0 72.703377 63.775378 17.797815 0.248845 1.015541 434.832 0 0
1500.0 55.029546 14.089329 18.053275 -0.076155 0.166450 432.033 0 0
1500.0 55.151840 -28.538735 17.850741 -0.118942 -0.466190 432.052 0 0
1500.0 90.287247 30.149407 18.226494 0.609856 0.477462 434.551 0 0
1500.0 -1.621697 7.656562 18.016122 -0.985171 0.114845 432.346 0 0
1500.0 86.964187 -8.828321 18.517720 0.505184 -0.204524 435.021 0 0
1500.0 114.514517 -19.333576 17.806010 0.928057 -0.299509 434.314 0 0
1500.0 64.927093 -55.841079 17.810989 0.179232 -0.861117 433.628 0 0
1500.0 25.394487 -25.153578 17.844211 -0.578864 -0.404412 433.067 0 0
1500.0 59.008422 68.112436 17.887783 0.074068 1.098820 433.866 0 0
1500.0 61.544526 -4.642970 18.463682 0.085447 -0.130607 433.312 0 0
1500.0 92.947007 -10.491453 17.877512 0.619998 -0.141439 433.442 0 0
1500.0 97.089845 -26.368712 17.871797 0.679023 -0.384245 433.925 0 0
1500.0 84.778536 -18.073566 17.880083 0.495079 -0.259537 433.249 0 0
1500.0 109.459892 -52.197800 17.882309 0.768282 -0.892356 431.417 0 0
1500.0 121.756962 -14.543042 17.833471 1.022032 -0.155396 433.253 0 0
1500.0 153.973294 5.997318 17.982422 1.584677 0.160632 432.191 0 0
1500.0 39.078618 39.151832 18.102763 -0.308227 0.646995 434.998 0 0
1500.0 90.496788 -41.996841 17.815177 0.568126 -0.645266 435.044 0 0
1500.0 93.811065 6.943831 17.931989 0.563600 0.184541 434.055 0 0
1500.0 68.090095 38.113248 17.928753 0.165501 0.663592 434.308 0 0
1500.0 55.917334 33.484642 17.931923 -0.021950 0.594617 434.060 0 0
1500.0 96.745641 32.148201 17.922739 0.601527 0.567017 434.853 0 0
1500.0 58.060876 -32.789569 17.933666 0.012095 -0.608241 431.493 0 0
1500.0 71.506687 -28.140320 17.932851 0.228577 -0.512333 434.121 0 0
1500.0 6.427916 9.161959 17.992825 -0.872406 0.175544 432.819 0 0
1500.0 14.627784 -9.370402 17.945391 -0.698828 -0.203699 434.844 0 0
1500.0 36.664496 1.320771 18.041435 -0.347545 -0.043288 434.644 0 0
1500.0 44.509541 -13.192677 18.041429 -0.226217 -0.267742 434.644 0 0
1500.0 32.082714 40.322058 17.840918 -0.479700 0.593251 432.910 0 0
1500.0 43.015598 -33.022574 17.933312 -0.176240 -0.574241 435.093 0 0
1500.0 34.571953 26.440596 17.848696 -0.435729 0.382323 434.953 0 0
1500.0 95.662917 -15.019278 17.992139 0.660145 -0.305008 433.759 0 0
1500.0 81.160542 14.605567 18.313961 0.508938 0.235942 433.556 0 0
1500.0 54.047088 -36.154526 18.581109 -0.017214 -0.673317 433.966 0 0
1500.0 119.933262 -47.185730 17.913489 1.101949 -0.794936 434.583 0 0
1500.0 95.440187 -42.968247 18.173002 0.665200 -0.818368 432.859 0 0
1500.0 137.061818 22.516824 17.900486 1.357413 0.313404 435.119 0 0
1500.0 62.119333 14.711778 18.414890 0.048338 0.301026 432.781 0 0
1500.0 116.870040 11.004651 18.115132 1.093281 0.141798 434.165 0 0
1500.0 100.476737 -53.479024 18.121727 0.766616 -0.986682 435.020 0 0
1500.0 106.214419 10.029571 18.815380 1.075786 0.232936 433.142 0 0
1500.0 44.015822 2.652328 18.149460 -0.182680 0.095349 438.256 0 0
1500.0 85.567357 8.067451 17.831285 0.408253 0.179546 435.373 0 0
1500.0 42.059976 -3.899366 17.900437 -0.256009 0.002924 435.930 0 0
1500.0 69.077138 -41.723460 17.851853 0.147360 -0.659833 435.311 0 0
1500.0 76.245484 -35.331195 17.932864 0.258614 -0.565940 436.194 0 0
1500.0 58.764477 -46.827579 17.834818 -0.014650 -0.730901 435.571 0 0
1500.0 76.020794 12.240308 18.183553 0.360312 0.191203 436.981 0 0
1500.0 65.066233 -34.647865 17.850456 0.075430 -0.553599 436.235 0 0
1500.0 33.525667 -21.971890 17.851470 -0.368099 -0.374756 436.315 0 0
1500.0 57.018659 -57.851462 17.859479 -0.036407 -0.895925 435.361 0 0
1500.0 67.367927 50.968308 17.875346 0.169641 0.788620 436.156 0 0
1500.0 74.487409 1.975826 18.679349 0.348248 -0.035072 440.645 0 0
1500.0 64.330154 -22.749249 17.960797 0.068271 -0.379989 437.446 0 0
1500.0 33.422318 -12.919874 17.959579 -0.366129 -0.242376 437.340 0 0
1500.0 68.093424 -24.059323 17.960112 0.121197 -0.398711 437.387 0 0
1500.0 65.946944 19.940859 18.307796 0.163539 0.343048 439.295 0 0
1500.0 76.988556 17.597818 18.159519 0.304878 0.311672 439.126 0 0
1500.0 77.197710 35.573148 17.827460 0.309005 0.561456 437.402 0 0
1500.0 32.036475 43.113175 17.883519 -0.360695 0.673269 438.181 0 0
1500.0 76.798269 8.221097 17.998614 0.299869 0.180553 438.745 0 0
1500.0 66.181638 40.767052 17.990026 0.153855 0.638683 438.063 0 0
1500.0 86.099424 -5.277764 17.864552 0.398600 -0.143939 438.817 0 0
1500.0 97.956281 15.928329 18.226622 0.663426 0.254725 439.521 0 0
1500.0 74.945948 -46.671608 17.819246 0.311849 -0.704907 436.440 0 0
1500.0 29.439686 60.805678 17.798484 -0.389536 0.957970 435.770 0 0
1500.0 21.697194 55.548533 17.799998 -0.499870 0.875041 436.220 0 0
1500.0 74.848550 -6.915177 18.145700 0.322687 -0.052937 440.377 0 0
1500.0 30.673872 -57.693514 17.830692 -0.464756 -0.854900 436.986 0 0
1500.0 -6.277663 13.046098 17.827896 -1.008689 0.170562 436.364 0 0
1500.0 25.469401 -33.767661 17.842426 -0.529134 -0.498268 438.416 0 0
1500.0 102.979062 -21.066491 17.815979 0.708534 -0.306334 438.499 0 0
1500.0 100.975224 45.849492 17.807234 0.690457 0.656254 437.436 0 0
1500.0 122.411584 15.714203 17.801899 1.022963 0.225630 435.905 0 0
1500.0 65.599521 -34.947953 17.968812 0.174474 -0.534713 439.796 0 0
1500.0 -1.554794 -30.278467 17.813101 -0.955421 -0.418631 435.681 0 0
1500.0 67.536785 -25.963873 17.924425 0.207633 -0.388355 440.354 0 0
1500.0 89.722073 37.053240 17.926100 0.457753 0.594408 440.087 0 0
1500.0 121.007576 -21.786265 17.816883 0.974638 -0.384715 436.910 0 0
1500.0 116.192287 21.970774 17.907081 0.917038 0.396362 436.271 0 0
1500.0 91.285358 15.154944 17.942486 0.542495 0.183720 441.114 0 0
1500.0 112.022487 -34.672874 17.923024 0.861827 -0.532279 438.735 0 0
1500.0 104.531527 -39.414569 17.923961 0.778709 -0.621346 436.478 0 0
1500.0 -7.730219 19.833224 17.805750 -1.072941 0.271784 435.509 0 0
1500.0 80.647986 7.413968 17.914719 0.390491 0.081160 441.512 0 0
1500.0 99.096758 -51.623247 17.889543 0.676766 -0.776176 438.484 0 0
1500.0 1.308767 -19.277254 17.857716 -0.922959 -0.261347 436.038 0 0
1500.0 37.083429 -1.099364 18.042104 -0.305442 -0.072286 442.185 0 0
1500.0 79.695641 -41.701234 18.028607 0.313197 -0.698052 435.624 0 0
1500.0 112.281290 -36.330580 18.001382 0.872376 -0.572923 438.762 0 0
1500.0 82.693115 15.073914 18.229154 0.487400 0.276296 436.002 0 0
1500.0 99.184189 16.074594 18.223338 0.674507 0.266369 442.209 0 0
1500.0 87.661827 -14.449439 17.935444 0.465319 -0.260447 441.780 0 0
1500.0 87.498860 6.761554 18.092919 0.504851 0.070040 442.487 0 0
1500.0 42.728771 66.267185 17.810165 -0.172871 1.032966 437.791 0 0
1500.0 119.957997 22.117392 17.810253 0.975099 0.378111 437.689 0 0
1500.0 61.570270 67.229648 17.810253 0.106145 1.040444 438.231 0 0
1500.0 91.095663 54.434646 17.811420 0.550427 0.865594 437.146 0 0
1500.0 57.344888 42.997789 17.828854 0.042028 0.655047 441.130 0 0
1500.0 20.502077 39.125589 17.868968 -0.639362 0.570364 435.927 0 0
1500.0 50.677504 -49.128992 17.839994 -0.183429 -0.782901 435.681 0 0
1500.0 80.957903 -7.705765 17.975062 0.391845 -0.147981 442.657 0 0
1500.0 70.267508 -35.066374 17.968435 0.268400 -0.584468 435.850 0 0
1500.0 78.197928 -0.908321 18.287443 0.393042 -0.085480 436.582 0 0
1500.0 75.316728 -22.315402 18.295376 0.331732 -0.362584 443.839 0 0
1500.0 68.962499 -70.807235 17.818308 0.226718 -1.070043 439.117 0 0
1500.0 56.379751 14.420929 17.859844 -0.046160 0.264964 443.182 0 0
1500.0 103.886804 31.341734 17.983674 0.777861 0.509207 437.350 0 0
1500.0 43.930427 57.449704 17.818264 -0.152222 0.916175 436.778 0 0
1500.0 125.702090 7.705401 17.815438 1.030400 0.184014 438.410 0 0
1500.0 75.647202 -55.988291 17.843353 0.345343 -0.860487 437.025 0 0
1500.0 105.231620 43.237185 17.840727 0.757080 0.616624 440.316 0 0
1500.0 64.498035 -49.638510 17.823541 0.139841 -0.757793 441.543 0 0
1500.0 14.821334 -25.631678 17.877964 -0.722283 -0.426853 436.683 0 0
1500.0 101.562848 8.532794 18.116330 0.772786 0.124044 437.452 0 0
1500.0 120.786574 -28.259814 17.855830 1.018459 -0.376693 436.653 0 0
1500.0 137.486088 -6.477580 18.058881 1.334524 -0.069579 436.106 0 0
1500.0 103.807838 -21.180074 17.851652 0.765450 -0.368604 437.147 0 0
1500.0 117.877927 -21.772751 17.844018 0.930525 -0.358341 440.672 0 0
1500.0 93.812042 -37.836402 17.853679 0.622068 -0.602994 437.247 0 0
1500.0 118.124383 -11.272562 17.930801 0.944370 -0.138525 441.453 0 0
1500.0 75.075736 -3.825856 17.953380 0.316010 -0.030600 443.684 0 0
1500.0 67.664439 67.717685 17.800450 0.215340 1.058375 437.411 0 0
1500.0 72.895707 -34.247271 18.112569 0.326601 -0.565746 437.437 0 0
1500.0 108.488975 44.324166 17.859515 0.866608 0.682231 436.007 0 0
1500.0 89.366071 6.253983 18.237868 0.575623 0.088566 441.660 0 0
1500.0 113.611695 -15.561694 17.894931 0.871909 -0.296097 439.474 0 0
1500.0 72.247301 -50.250928 17.897888 0.260313 -0.821159 438.687 0 0
1500.0 89.539245 -13.150514 18.308650 0.545036 -0.274020 438.389 0 0
1500.0 122.624851 -17.459573 18.166613 1.107695 -0.342622 435.313 0 0
1500.0 68.270473 9.216533 18.112858 0.139409 0.196449 437.057 0 0
1500.0 45.758883 -55.065501 17.900902 -0.153294 -0.907009 438.297 0 0
1500.0 78.588343 -61.491467 17.895585 0.330183 -0.963058 441.130 0 0
1500.0 94.322312 -19.902108 17.965678 0.640865 -0.266753 437.507 0 0
1500.0 112.180211 27.500192 17.951346 0.891580 0.449129 439.218 0 0
1500.0 76.518936 35.244195 17.927012 0.228145 0.572937 438.260 0 0
1500.0 62.010409 34.099071 17.909941 0.142250 0.558260 437.009 0 0
1500.0 121.934777 -10.171554 17.939826 1.032957 -0.131179 440.114 0 0
1500.0 103.319835 -19.301007 17.997164 0.785097 -0.279599 438.541 0 0
1500.0 111.118411 15.512732 17.995127 0.844731 0.233029 443.126 0 0
1500.0 98.923223 21.201232 18.001486 0.665115 0.310816 443.806 0 0
1500.0 88.733155 3.244700 18.008935 0.517114 0.057716 444.448 0 0
1500.0 109.238545 5.308555 17.995089 0.872013 0.093924 438.767 0 0
1500.0 99.181380 26.000286 17.999992 0.670117 0.379095 443.661 0 0
1500.0 99.806865 51.827904 17.955047 0.634085 0.834765 440.874 0 0
1500.0 31.104722 41.129255 17.967643 -0.389445 0.703384 438.378 0 0
1500.0 15.713730 129.516976 17.895773 -0.707081 2.064153 437.309 0 0
1500.0 46.075992 0.894570 17.995555 -0.209549 0.077970 437.285 0 0
1500.0 114.685531 -0.476479 18.003739 0.949658 -0.002681 439.566 0 0
1500.0 119.186873 20.665471 17.998500 0.997563 0.308758 440.881 0 0
1500.0 62.281345 -27.691020 17.849056 0.002094 -0.427825 444.307 0 0
1500.0 24.954644 41.166625 17.835348 -0.570653 0.588668 438.149 0 0
1500.0 -3.713937 -7.691940 17.828131 -0.952101 -0.151934 442.159 0 0
1500.0 17.481446 -15.114174 17.838750 -0.688717 -0.276560 437.832 0 0
1500.0 114.748264 -15.859589 18.051751 0.969601 -0.320532 435.762 0 0
1500.0 37.358914 -1.294458 17.852722 -0.358682 -0.015689 444.446 0 0
1500.0 96.733674 -44.134228 17.842309 0.625747 -0.656135 442.669 0 0
1500.0 104.807419 -40.201815 17.969383 0.762182 -0.659194 440.287 0 0
1500.0 61.880524 -13.543275 17.995112 0.126798 -0.272152 437.671 0 0
1500.0 88.630960 6.057614 17.989520 0.538852 0.031912 438.051 0 0
1500.0 108.222439 24.982721 17.920492 0.766764 0.397843 444.659 0 0
1500.0 116.950027 1.940563 17.922547 0.968414 0.059957 439.940 0 0
1500.0 114.714394 -25.333449 17.881918 0.889904 -0.449135 440.134 0 0
1500.0 80.716788 8.993354 18.184979 0.357294 0.192629 446.504 0 0
1500.0 95.285721 23.251712 18.174166 0.612724 0.427187 440.009 0 0
1500.0 20.040885 0.354714 17.860540 -0.649659 0.048079 438.754 0 0
1500.0 69.722640 2.669065 17.871806 0.120779 0.084924 437.975 0 0
1500.0 87.178869 -59.180790 17.920582 0.445472 -0.936038 442.689 0 0
1500.0 59.170705 14.311364 17.948104 -0.030636 0.269805 438.377 0 0
1500.0 6.582309 24.386097 17.926375 -0.825455 0.414576 440.255 0 0
1500.0 36.101860 38.251902 17.937295 -0.352427 0.580889 445.202 0 0
1500.0 29.573712 -37.704368 17.860192 -0.509411 -0.562862 439.178 0 0
1500.0 47.068325 25.775210 17.871006 -0.218650 0.376954 445.575 0 0
1500.0 28.373389 -15.729609 17.866953 -0.532372 -0.226589 438.630 0 0
1500.0 94.383683 4.180155 17.944927 0.624772 0.117888 439.653 0 0
1500.0 0.000263 10.396363 17.968798 -0.929286 0.142994 440.599 0 0
1500.0 3.191820 -38.885441 17.907314 -0.866021 -0.589741 442.327 0 0
1500.0 120.428026 -22.634367 17.868588 0.995100 -0.318736 442.439 0 0
1500.0 135.692137 49.811713 17.988190 1.326051 0.789651 437.640 0 0
1500.0 125.371988 2.902835 18.047092 1.103403 0.033847 441.908 0 0
1500.0 76.702625 4.253810 18.030355 0.368768 0.120719 439.225 0 0
1500.0 71.322150 -39.220836 18.168523 0.298419 -0.649489 440.692 0 0
1500.0 39.823923 -60.659687 17.892774 -0.289131 -1.079113 435.531 0 0
1500.0 32.841947 -25.444430 18.017051 -0.387007 -0.394612 446.544 0 0
1500.0 90.582976 -14.202457 18.001143 0.591465 -0.184506 440.055 0 0
1500.0 122.819078 2.357850 17.981494 1.042294 0.067195 442.847 0 0
1500.0 78.989716 -2.938543 18.006996 0.415924 -0.011417 439.635 0 0
1500.0 18.789533 -33.719075 17.811763 -0.598848 -0.593852 440.194 0 0
1500.0 70.705191 -7.741601 18.281284 0.258065 -0.166491 448.173 0 0
1500.0 121.365475 18.236530 17.854649 0.997485 0.319447 442.644 0 0
1500.0 26.209039 -37.922117 17.879702 -0.450034 -0.608289 445.711 0 0
1500.0 19.600326 37.743475 17.804772 -0.542495 0.609896 445.212 0 0
1500.0 69.768218 8.732347 17.825206 0.242772 0.184960 439.112 0 0
1500.0 115.234279 18.848600 17.803305 0.879469 0.316196 444.632 0 0
1500.0 101.103400 -10.862441 18.150881 0.783001 -0.140362 439.869 0 0
1500.0 79.859956 0.696994 18.312753 0.460828 0.048506 441.510 0 0
1500.0 22.975385 17.167412 18.126891 -0.611468 0.236869 437.042 0 0
1500.0 81.762437 -2.095009 18.209905 0.389585 -0.097343 447.975 0 0
1500.0 107.290552 0.595804 17.810705 0.824764 0.039142 441.158 0 0
1500.0 110.574968 38.115926 17.800783 0.832153 0.585336 444.527 0 0
1500.0 69.619164 -54.236904 17.943574 0.134946 -0.873824 442.015 0 0
1500.0 46.468497 9.052171 17.862012 -0.228367 0.140415 447.700 0 0
1500.0 101.429881 35.319891 18.123364 0.697193 0.656491 436.049 0 0
1500.0 72.641362 -12.900556 17.989629 0.187912 -0.240533 448.255 0 0
1500.0 53.712596 -17.766097 17.989423 -0.074955 -0.308161 448.240 0 0
1500.0 33.781850 -57.766671 17.827125 -0.437829 -0.890967 442.575 0 0
1500.0 2.415202 32.484871 17.827510 -0.876061 0.452002 445.205 0 0
1500.0 32.201870 28.268003 18.073103 -0.439977 0.425139 441.712 0 0
1500.0 105.346175 38.321011 18.073549 0.826097 0.593235 442.416 0 0
1500.0 21.806775 31.496744 17.863623 -0.544897 0.499704 447.963 0 0
1500.0 111.066652 29.975082 17.934404 0.871910 0.488819 443.486 0 0
1500.0 159.251672 49.584453 18.038254 1.722194 0.828852 438.985 0 0
1500.0 94.064280 -32.330700 17.953869 0.537422 -0.564648 442.263 0 0
1500.0 8.372715 -24.806742 17.948890 -0.766414 -0.446094 442.782 0 0
1500.0 100.574534 39.004018 17.959467 0.705566 0.645119 443.461 0 0
1500.0 46.147651 39.886415 17.927943 -0.271933 0.650266 438.384 0 0
1500.0 47.280304 12.470157 17.877148 -0.131615 0.266042 441.029 0 0
1500.0 122.993604 5.085340 17.850578 1.008248 0.144352 443.800 0 0
1500.0 116.511270 -28.836543 17.806104 0.915004 -0.461735 445.536 0 0
1500.0 50.973366 -59.070764 17.810759 -0.045575 -0.939437 442.964 0 0
1500.0 86.236872 -0.543383 17.997664 0.446735 -0.085019 441.869 0 0
1500.0 87.154985 -46.439082 17.980980 0.450689 -0.777155 443.338 0 0
1500.0 32.368470 -29.995772 17.991320 -0.383593 -0.536632 442.337 0 0
1500.0 89.269183 -39.506930 17.984167 0.485280 -0.675978 442.981 0 0
1500.0 95.220261 1.487456 18.166616 0.657482 0.081677 443.122 0 0
1500.0 111.003766 28.033009 17.997859 0.829813 0.494221 444.322 0 0
1500.0 109.727238 37.131403 17.994977 0.803596 0.625129 444.910 0 0
1500.0 104.832535 -44.717447 17.833103 0.775610 -0.677762 444.623 0 0
1500.0 96.602561 -54.355044 17.833368 0.637627 -0.803070 446.188 0 0
1500.0 120.723975 -0.413417 18.008674 1.027066 0.003745 445.423 0 0
1500.0 46.062201 -28.745800 17.826222 -0.180238 -0.474159 449.047 0 0
1500.0 90.077978 11.736780 17.906226 0.533266 0.147350 448.331 0 0
1500.0 72.063938 113.253362 17.937263 0.209551 1.899122 440.299 0 0
1500.0 26.844359 37.632800 17.849890 -0.511388 0.644881 443.493 0 0
1500.0 65.137922 62.927217 17.840084 0.074161 1.010861 444.904 0 0
1500.0 73.212829 -20.804477 17.922325 0.322463 -0.306819 442.639 0 0
1500.0 101.288315 -45.595235 17.965590 0.690644 -0.709133 448.037 0 0
1500.0 9.042389 12.225170 17.837585 -0.808385 0.125083 442.622 0 0
1500.0 65.431905 -26.427052 18.105418 0.147065 -0.482235 443.976 0 0
1500.0 93.767561 37.800563 18.187497 0.622135 0.613916 446.655 0 0
1500.0 75.075315 13.798592 18.203034 0.356405 0.267443 444.779 0 0
1500.0 106.258542 27.005367 17.953750 0.792216 0.531701 439.069 0 0
1500.0 56.218520 16.580975 17.917544 0.036777 0.313307 443.122 0 0
1500.0 114.721183 18.183605 17.800633 0.887465 0.205737 444.504 0 0
1500.0 87.446634 -58.891904 17.793546 0.454383 -0.935789 446.934 0 0
1500.0 97.137165 9.615396 17.902225 0.688548 0.116147 443.041 0 0
1500.0 105.623138 9.516938 18.176100 0.828279 0.096204 444.890 0 0
1500.0 44.970608 18.179796 17.871899 -0.247652 0.358008 441.990 0 0
1500.0 53.999765 -13.624309 17.970813 -0.018168 -0.284512 443.605 0 0
1500.0 127.762378 25.150773 18.260654 1.270918 0.414163 440.307 0 0
1500.0 91.048718 40.357791 17.933711 0.515438 0.735517 440.892 0 0
1500.0 69.638004 -66.239924 17.801220 0.125985 -1.040599 447.163 0 0
1500.0 98.440248 18.174021 18.103042 0.722794 0.257300 445.637 0 0
1500.0 107.315479 12.680716 17.867127 0.760806 0.269174 445.428 0 0
1500.0 100.663308 -8.396709 17.946384 0.743237 -0.112989 445.072 0 0
1500.0 72.616636 -47.745636 17.817978 0.171182 -0.751936 448.951 0 0
1500.0 54.293524 8.274331 17.834261 -0.100941 0.063193 444.209 0 0
1500.0 103.106882 50.993916 18.140970 0.806802 0.934363 439.599 0 0
1500.0 43.430575 57.364301 17.817057 -0.229925 0.928963 447.049 0 0
1500.0 60.085034 32.447533 17.833367 0.019083 0.577944 444.669 0 0
1500.0 120.138071 -12.182353 17.866841 0.978029 -0.181598 449.101 0 0
1500.0 104.964265 41.365123 18.484314 0.931039 0.816281 436.040 0 0
1500.0 108.428691 -56.648501 17.940486 0.787823 -0.982469 442.595 0 0
1500.0 85.545676 -44.834553 17.996168 0.488356 -0.736809 446.485 0 0
1500.0 50.996527 -81.213356 17.809873 -0.119760 -1.223338 450.929 0 0
1500.0 35.854929 20.683928 17.987588 -0.367097 0.382341 445.351 0 0
1500.0 60.439564 56.298104 17.800660 0.082454 0.916496 446.333 0 0
1500.0 103.205332 -31.505909 17.804039 0.738944 -0.424751 445.936 0 0
1500.0 74.947267 -58.795522 17.847133 0.210076 -0.897496 451.379 0 0
1500.0 73.903028 66.603079 17.811460 0.170919 1.029357 448.028 0 0
1500.0 111.318344 17.046855 17.992081 0.866785 0.355220 443.043 0 0
1500.0 99.503069 -15.580219 17.969899 0.725739 -0.215913 446.446 0 0
1500.0 57.691870 17.687700 18.241871 0.047825 0.310839 454.124 0 0
1500.0 50.021319 19.043118 18.240774 -0.063887 0.367221 446.613 0 0
1500.0 95.779533 -64.888548 18.065837 0.683626 -1.136592 441.990 0 0
1500.0 122.138919 -3.650446 17.937550 1.029490 -0.058629 449.392 0 0
1500.0 106.580578 8.881278 18.280638 0.925633 0.235820 437.650 0 0
1500.0 89.842557 -37.088710 17.847222 0.565458 -0.551520 446.384 0 0
1500.0 57.767444 54.059112 17.947195 0.000447 0.837666 451.941 0 0
1500.0 58.412042 41.502758 17.954879 0.009497 0.652460 452.691 0 0
1500.0 140.715795 31.808318 18.028692 1.375095 0.517275 446.304 0 0
1500.0 90.235841 -6.439356 18.113729 0.550401 -0.077170 453.466 0 0
1500.0 94.310438 23.687056 18.106413 0.660059 0.371767 447.697 0 0
1500.0 110.624230 -1.369829 18.100053 0.896719 -0.007145 448.441 0 0
1500.0 72.851684 -42.588053 18.279691 0.253441 -0.725395 446.578 0 0
1500.0 123.605417 -7.455182 18.281375 1.167226 -0.087883 444.764 0 0
1500.0 77.840077 -53.266784 17.842281 0.323870 -0.823920 451.595 0 0
1500.0 96.502308 -16.230999 17.852385 0.582736 -0.288922 452.622 0 0
1500.0 95.360890 -12.038369 17.908280 0.645068 -0.123754 443.737 0 0
1500.0 100.634605 -46.881858 18.076373 0.719244 -0.879432 440.970 0 0
1500.0 54.245265 -9.488233 17.892778 -0.011437 -0.185256 455.581 0 0
1500.0 82.257672 -4.547082 17.967227 0.469567 -0.072474 446.780 0 0
1500.0 74.060429 -54.994933 17.871761 0.304335 -0.885426 448.286 0 0
1500.0 106.279946 -35.723124 17.869193 0.787814 -0.589675 448.694 0 0
1500.0 1.608146 67.448515 17.813643 -0.884399 0.994119 451.756 0 0
1500.0 42.372534 38.190062 17.904377 -0.194382 0.655799 447.489 0 0
1500.0 53.601580 66.742007 17.887135 -0.020237 1.041413 450.884 0 0
1500.0 65.778625 48.086450 17.922588 0.111107 0.747181 453.651 0 0
1500.0 87.771575 -72.768048 17.998535 0.582898 -1.266588 441.765 0 0
1500.0 77.151685 63.251303 17.795211 0.324286 0.996864 450.183 0 0
1500.0 101.737008 -9.847516 18.022647 0.732406 -0.214477 448.551 0 0
1500.0 -37.871068 20.327700 17.856556 -1.536196 0.279931 448.217 0 0
1500.0 147.473447 23.123762 17.832558 1.446125 0.361191 448.345 0 0
1500.0 -0.812721 5.273379 17.927476 -0.949079 0.077500 449.443 0 0
1500.0 74.219249 59.018219 17.817784 0.242088 0.965406 449.515 0 0
1500.0 39.789061 -44.836745 17.953355 -0.358813 -0.705237 445.993 0 0
1500.0 75.580372 -36.437467 18.001149 0.267797 -0.692386 442.609 0 0
1500.0 87.918659 -30.146118 17.821875 0.535173 -0.449608 448.349 0 0
1500.0 132.173104 -54.547586 18.371793 1.383496 -1.009371 441.383 0 0
1500.0 123.692936 5.496474 17.808556 1.036239 0.094469 451.627 0 0
1500.0 115.856440 32.250553 17.808133 0.925875 0.490453 451.269 0 0
1500.0 49.686347 40.348850 17.985169 -0.182551 0.638504 448.763 0 0
1500.0 36.539430 -31.591006 17.987227 -0.385394 -0.467405 448.602 0 0
1500.0 107.713121 31.615037 17.804276 0.821162 0.511408 449.519 0 0
1500.0 13.068092 35.805979 17.955684 -0.733047 0.565551 449.943 0 0
1500.0 143.493191 34.878355 17.854590 1.407349 0.491699 446.542 0 0
1500.0 77.971239 0.086811 18.342690 0.439554 0.031614 449.829 0 0
1500.0 75.718468 13.883524 18.341933 0.405066 0.240643 449.882 0 0
1500.0 43.178198 -69.623546 17.803715 -0.167166 -1.109919 449.116 0 0
1500.0 111.053492 34.948834 17.809861 0.804711 0.570082 452.827 0 0
1500.0 63.789169 62.539978 17.808365 0.122733 1.005383 450.449 0 0
1500.0 70.328876 45.811739 17.979139 0.139401 0.735121 449.505 0 0
1500.0 52.624206 -11.478984 18.233249 -0.151395 -0.189199 442.291 0 0
1500.0 84.401615 -17.353481 18.398730 0.543175 -0.284095 450.808 0 0
1500.0 113.613476 19.149745 18.104696 0.935923 0.301349 451.624 0 0
1500.0 98.537791 29.730016 18.111063 0.721259 0.464720 450.743 0 0
1500.0 48.967551 -24.766454 18.005031 -0.192887 -0.362327 448.973 0 0
1500.0 78.296830 61.186357 17.948423 0.345643 0.975923 451.820 0 0
1500.0 105.154205 44.413032 17.882483 0.739559 0.728199 451.643 0 0
1500.0 122.233717 11.225321 17.883225 0.997573 0.235625 451.371 0 0
1500.0 117.910363 -17.795407 18.003062 0.959138 -0.324223 451.644 0 0
1500.0 36.412277 24.172636 17.880022 -0.358661 0.375986 455.928 0 0
1500.0 12.983142 46.791692 17.857511 -0.729806 0.736127 451.798 0 0
1500.0 62.365301 -15.424198 18.058897 0.039680 -0.264794 457.035 0 0
1500.0 108.110374 -24.998134 18.001399 0.792417 -0.451241 451.111 0 0
1500.0 94.534835 -53.886532 17.994395 0.574931 -0.867812 452.577 0 0
1500.0 64.507978 -12.279807 17.895165 0.162819 -0.191263 456.542 0 0
1500.0 26.199995 21.692057 18.182428 -0.499905 0.373542 450.591 0 0
1500.0 43.881005 4.872632 17.957187 -0.254543 0.135929 449.196 0 0
1500.0 97.292429 42.449263 17.926574 0.639260 0.773538 446.294 0 0
1500.0 99.517835 -22.571264 17.803478 0.703284 -0.382903 449.997 0 0
1500.0 107.933173 45.216881 17.791474 0.809697 0.642569 451.856 0 0
1500.0 51.701758 -49.172374 18.029885 -0.059095 -0.909480 443.880 0 0
1500.0 69.530795 29.063599 18.023503 0.212927 0.467380 456.977 0 0
1500.0 84.697140 -24.398441 18.170301 0.498825 -0.425760 451.446 0 0
1500.0 83.117080 -1.889577 18.175643 0.478108 -0.085796 451.006 0 0
1500.0 18.993455 -33.261229 17.929024 -0.591055 -0.583150 450.943 0 0
1500.0 62.853641 46.215955 17.895894 0.153390 0.739280 450.542 0 0
1500.0 86.075817 63.360836 17.806529 0.499753 0.951402 451.016 0 0
1500.0 104.474209 -39.105477 17.866382 0.693490 -0.682021 449.366 0 0
1500.0 44.452365 28.917540 18.238881 -0.185553 0.508333 451.373 0 0
1500.0 84.664206 -60.235693 17.892916 0.436503 -0.944531 454.068 0 0
1500.0 104.744461 6.000199 17.906766 0.765614 0.026064 450.924 0 0
1500.0 75.991796 -62.939333 17.892694 0.313381 -0.996191 453.238 0 0
1500.0 72.713764 -50.465049 17.857993 0.223300 -0.846337 451.335 0 0
1500.0 134.619766 1.786046 17.943001 1.328730 0.055643 447.293 0 0
1500.0 0.501261 34.037967 17.858447 -0.876121 0.604406 450.780 0 0
1500.0 85.222027 8.438369 17.903460 0.498302 0.093317 450.842 0 0
1500.0 98.046452 -0.442785 18.180588 0.750721 0.008564 450.064 0 0
1500.0 69.733200 -66.136866 17.805675 0.118392 -1.020960 455.064 0 0
1500.0 -7.053857 17.656836 17.804721 -1.022970 0.209461 453.928 0 0
1500.0 4.671118 -31.676749 17.808876 -0.825443 -0.510920 455.794 0 0
1500.0 10.964085 -38.472453 17.807592 -0.764936 -0.634819 453.027 0 0
1500.0 39.989300 -58.808055 17.807458 -0.326743 -0.941349 453.054 0 0
1500.0 44.878698 -1.264760 17.843166 -0.274467 -0.059293 450.782 0 0
1500.0 5.968048 -6.605237 17.823951 -0.862972 -0.139548 452.345 0 0
1500.0 -7.413604 -9.634520 17.814566 -1.032645 -0.179786 454.560 0 0
1500.0 101.918020 13.384378 17.815791 0.691216 0.186512 457.416 0 0
1500.0 120.405826 -2.907623 17.801425 1.010930 -0.047416 453.422 0 0
1500.0 72.904538 -31.531725 17.820680 0.306335 -0.494456 451.224 0 0
1500.0 56.139678 -57.969433 17.908682 -0.053436 -0.942451 453.211 0 0
1500.0 95.976328 -21.635030 18.220170 0.636028 -0.333429 459.056 0 0
1500.0 72.017138 -9.803292 18.230316 0.333564 -0.186003 452.498 0 0
1500.0 70.520039 3.723784 18.232179 0.278575 0.018619 460.038 0 0
1500.0 7.581042 8.366721 17.896873 -0.777826 0.107969 457.793 0 0
1500.0 121.041386 -26.836279 17.983469 1.096007 -0.499370 448.480 0 0
1500.0 77.412556 -9.062053 17.911226 0.356165 -0.077837 451.644 0 0
1500.0 14.606050 31.111657 17.859978 -0.671045 0.550446 452.963 0 0
1500.0 96.388281 -10.108207 18.105790 0.690912 -0.108585 451.969 0 0
1500.0 30.887191 0.921122 17.833797 -0.466414 -0.052325 451.673 0 0
1500.0 83.482261 58.767420 17.948452 0.433411 0.935990 455.039 0 0
1500.0 117.939342 -24.609550 18.170831 1.068144 -0.478491 448.132 0 0
1500.0 72.991852 -65.640210 17.800272 0.299355 -0.987756 453.636 0 0
1500.0 13.351980 45.234861 17.840086 -0.704570 0.699242 456.769 0 0
1500.0 79.023383 63.381778 17.838232 0.256117 0.992940 454.659 0 0
1500.0 31.694374 3.129081 17.861228 -0.470746 0.094826 452.039 0 0
1500.0 68.084330 -13.276526 17.873469 0.082519 -0.204442 452.028 0 0
1500.0 -0.536112 -4.210600 17.933180 -0.935605 -0.104817 454.298 0 0
1500.0 93.477619 -18.211842 17.923581 0.570830 -0.250321 460.237 0 0
1500.0 83.037501 28.778768 18.241825 0.478270 0.495105 454.736 0 0
1500.0 86.270092 27.962669 18.240845 0.526460 0.482165 454.819 0 0
1500.0 111.959194 5.932490 17.845958 0.843321 0.092794 458.690 0 0
1500.0 110.632422 -32.346823 17.840821 0.832409 -0.458479 458.014 0 0
1500.0 86.127950 48.792871 17.843127 0.505693 0.751739 454.345 0 0
1500.0 90.450539 29.435476 18.026536 0.524400 0.465648 460.040 0 0
1500.0 32.586519 -10.376731 17.848333 -0.457445 -0.113480 453.130 0 0
1500.0 115.037713 -0.456079 17.848285 0.889027 -0.023729 458.794 0 0
1500.0 60.288062 -0.316616 17.916923 0.103998 -0.025460 461.545 0 0
1500.0 3.712164 -1.889724 17.826845 -0.899634 -0.056632 454.805 0 0
1500.0 28.685690 17.270730 17.840175 -0.528650 0.240110 453.575 0 0
1500.0 37.973966 -53.715586 17.828366 -0.354125 -0.795549 459.053 0 0
1500.0 67.709457 -79.895795 18.228120 0.259905 -1.461901 445.981 0 0
1500.0 14.662315 -42.079434 17.810636 -0.698001 -0.626473 458.716 0 0
1500.0 -15.201552 12.338219 18.150910 -1.298228 0.174546 448.518 0 0
1500.0 68.566894 8.879910 17.935940 0.206550 0.172873 461.713 0 0
1500.0 86.738126 39.300776 18.040948 0.537140 0.762335 447.308 0 0
1500.0 43.718481 7.304840 17.903858 -0.284259 0.150828 454.006 0 0
1500.0 52.581599 28.520083 17.901055 -0.130960 0.432171 461.365 0 0
1500.0 6.730032 -13.686323 17.886093 -0.842331 -0.172748 455.448 0 0
1500.0 85.940399 -4.561667 17.837382 0.417060 0.000926 461.257 0 0
1500.0 98.271191 29.410635 17.822920 0.645540 0.522437 455.130 0 0
1500.0 132.018656 6.171729 18.321898 1.332955 0.100948 451.872 0 0
1500.0 86.495690 51.093757 17.989265 0.442401 0.917468 450.692 0 0
1500.0 78.770941 -35.334355 18.049408 0.278594 -0.625505 449.049 0 0
1500.0 -71.424632 -58.348157 17.832674 -2.123948 -0.960646 453.475 0 0
1500.0 122.719953 -9.551271 17.912344 1.045561 -0.123689 457.617 0 0
1500.0 25.372085 -3.417163 17.985596 -0.580654 -0.124261 450.834 0 0
1500.0 25.462847 53.175673 17.881084 -0.558441 0.802576 456.807 0 0
1500.0 23.227076 10.548429 17.898664 -0.551947 0.149392 461.638 0 0
1500.0 116.622609 22.566322 17.924194 0.908765 0.376575 459.834 0 0
1500.0 66.640021 -6.416171 17.829943 0.172339 -0.168197 454.240 0 0
1500.0 110.665304 -40.353501 17.800942 0.811045 -0.658419 458.329 0 0
1500.0 32.080768 -61.312178 17.802442 -0.344475 -0.958781 458.941 0 0
1500.0 24.515580 1.328668 17.873610 -0.572854 0.072918 455.059 0 0
1500.0 7.026354 20.113165 17.860169 -0.828245 0.357474 456.300 0 0
1500.0 125.072855 -44.893972 17.809996 0.988613 -0.757795 455.111 0 0
1500.0 2.198376 24.407058 17.924620 -0.871352 0.433730 457.071 0 0
1500.0 16.341657 -50.215859 17.845657 -0.695476 -0.752246 457.847 0 0
1500.0 113.205660 -37.535675 17.984143 0.946441 -0.691887 452.005 0 0
1500.0 3.184319 -3.030997 17.862745 -0.900002 -0.127525 453.371 0 0
1500.0 104.254522 -43.590473 17.813198 0.701047 -0.698806 460.354 0 0
1500.0 -13.390938 20.134912 17.879274 -1.186886 0.267198 454.875 0 0
1500.0 117.304185 13.857143 17.959956 1.054610 0.283284 451.705 0 0
1500.0 115.600517 -22.764952 17.933880 0.945987 -0.361215 458.890 0 0
1500.0 37.490367 -63.264921 17.842978 -0.290758 -1.004133 460.041 0 0
1500.0 44.649504 7.777592 18.007879 -0.187200 0.178701 462.589 0 0
1500.0 79.615972 21.296218 18.031840 0.392634 0.304953 464.147 0 0
1500.0 82.697441 4.753485 18.032045 0.482601 0.082863 457.134 0 0
1500.0 107.428424 -56.946310 18.038749 0.883550 -0.945667 454.964 0 0
1500.0 86.977847 28.840309 18.064046 0.480986 0.453160 464.081 0 0
1500.0 105.410012 -5.728841 18.160125 0.849577 -0.039529 455.734 0 0
1500.0 110.126556 53.773146 17.962605 0.953072 0.904951 452.587 0 0
1500.0 26.617242 -32.901291 17.851751 -0.496549 -0.512416 463.639 0 0
1500.0 78.856320 -60.852120 17.838036 0.258641 -0.965260 459.475 0 0
1500.0 13.311538 -26.764618 17.844813 -0.738984 -0.459016 458.483 0 0
1500.0 46.223403 -30.968132 17.856480 -0.239896 -0.531701 457.443 0 0
1500.0 -5.041408 -16.252473 17.837299 -0.971606 -0.284391 461.704 0 0
1500.0 3.271155 -24.656926 17.958848 -0.880545 -0.378914 459.996 0 0
1500.0 85.805934 -7.395333 17.875110 0.510930 -0.135878 457.885 0 0
1500.0 52.758361 -60.747033 17.808221 -0.148296 -0.957125 459.593 0 0
1500.0 18.597169 5.356684 17.821483 -0.680794 0.045408 458.146 0 0
1500.0 137.955777 33.426322 18.183948 1.398743 0.545603 456.148 0 0
1500.0 31.062411 -27.671177 17.956677 -0.403582 -0.438398 465.810 0 0
1500.0 5.934210 -29.159844 17.859110 -0.768989 -0.482959 463.818 0 0
1500.0 60.063544 47.975098 17.854076 0.102552 0.757414 460.291 0 0
1500.0 110.697505 -44.947115 17.886558 0.852339 -0.746536 459.844 0 0
1500.0 26.421487 -38.575160 17.820547 -0.532220 -0.652927 459.435 0 0
1500.0 4.420344 -27.478825 17.815915 -0.817674 -0.453900 463.579 0 0
1500.0 42.485932 -33.467739 17.828636 -0.289060 -0.581057 458.710 0 0
1500.0 79.857640 -35.913161 17.827376 0.290085 -0.618020 458.810 0 0
1500.0 42.231213 -14.096878 17.835756 -0.295353 -0.282878 458.199 0 0
1500.0 6.602677 -16.048586 17.885359 -0.875262 -0.192264 456.805 0 0
1500.0 107.492289 -28.506452 17.845977 0.827609 -0.446862 461.058 0 0
1500.0 121.792627 16.924444 17.840025 1.020284 0.236779 462.628 0 0
1500.0 94.287760 -56.007224 17.841110 0.604342 -0.832520 463.559 0 0
1500.0 84.423689 -14.733606 18.174283 0.433194 -0.312576 457.144 0 0
1500.0 90.836815 -38.381544 18.044206 0.524999 -0.600885 466.589 0 0
1500.0 96.539795 -3.870227 17.861214 0.632919 -0.052973 465.071 0 0
1500.0 102.865864 7.563221 17.856949 0.736686 0.114051 463.904 0 0
1500.0 102.657486 42.903750 17.923496 0.684593 0.718398 462.502 0 0
1500.0 51.115721 -0.840077 17.950667 -0.081837 0.057737 467.842 0 0
1500.0 79.743515 62.403431 17.920876 0.331934 0.984121 464.312 0 0
1500.0 26.398329 52.712010 17.924099 -0.459870 0.866975 462.388 0 0
1500.0 83.081317 67.633013 17.951620 0.475790 1.102478 459.811 0 0
1500.0 44.490255 -25.144921 17.950102 -0.244837 -0.361853 467.936 0 0
1500.0 41.350407 -54.614932 18.214939 -0.235786 -1.034673 453.508 0 0
1500.0 75.205495 19.758805 18.125784 0.261298 0.368351 461.487 0 0
1500.0 28.134648 21.378512 18.121372 -0.459061 0.391297 461.806 0 0
1500.0 -3.814658 -16.585763 18.114048 -1.048215 -0.335532 457.330 0 0
1500.0 119.518467 -51.678278 17.919040 1.086743 -0.850026 458.302 0 0
1500.0 28.536837 -28.897883 17.828868 -0.485523 -0.430694 468.067 0 0
1500.0 42.819584 64.884515 17.875340 -0.268311 1.012837 465.396 0 0
1500.0 107.328176 24.919761 17.837716 0.759750 0.403878 467.754 0 0
1500.0 82.573902 -9.914097 18.147178 0.431209 -0.095272 470.381 0 0
1500.0 35.367017 -10.547922 18.009749 -0.362866 -0.160201 470.521 0 0
1500.0 4.149650 -22.794596 17.989857 -0.863281 -0.358009 464.966 0 0
1500.0 43.424155 51.636916 17.819971 -0.276236 0.844836 464.376 0 0
1500.0 23.562281 3.816723 17.833811 -0.534306 0.105370 469.932 0 0
1500.0 31.078693 53.906295 17.814970 -0.459790 0.869966 465.093 0 0
1500.0 43.212723 62.774682 17.833119 -0.205520 1.011385 466.073 0 0
1500.0 74.747949 -53.500285 17.894783 0.258021 -0.886641 465.249 0 0
1500.0 143.776357 93.932601 17.938286 1.482260 1.514533 460.617 0 0
1500.0 75.822703 30.737270 17.983656 0.367096 0.490775 464.711 0 0
1500.0 103.477260 -28.709482 17.972525 0.777555 -0.413840 465.866 0 0
1500.0 66.855001 -31.740021 17.892418 0.212856 -0.527233 464.042 0 0
1500.0 79.143645 -8.105898 17.954934 0.377301 -0.112763 471.342 0 0
1500.0 107.080687 -11.248566 17.944887 0.837001 -0.180226 465.454 0 0
1500.0 118.504343 25.601183 17.935509 0.967941 0.364141 468.362 0 0
1500.0 85.358667 -41.201535 17.843402 0.458006 -0.705523 464.534 0 0
1500.0 37.787609 -6.581439 17.879387 -0.329468 -0.140395 471.461 0 0
1500.0 20.573437 -55.911690 17.928788 -0.554474 -0.955210 463.824 0 0
1500.0 107.178414 23.808177 17.836995 0.815503 0.321359 465.950 0 0
1500.0 124.516868 0.885550 17.827743 1.047607 -0.027986 467.999 0 0
1500.0 -54.770718 -25.217744 17.812983 -1.806177 -0.366754 465.794 0 0
1500.0 115.674354 24.367266 17.979875 0.939397 0.403193 468.406 0 0
1500.0 90.301614 22.284348 17.995481 0.579888 0.383848 466.371 0 0
1500.0 114.059803 -9.008952 17.987552 0.892848 -0.103181 470.781 0 0
1500.0 70.748678 -32.104117 17.889429 0.151708 -0.559211 465.313 0 0
1500.0 73.426253 63.680809 17.813394 0.160532 0.999316 466.636 0 0
1500.0 45.878450 -12.235238 18.198125 -0.279208 -0.202412 459.016 0 0
1500.0 73.948021 91.960313 17.836829 0.243982 1.499804 466.262 0 0
1500.0 151.641721 20.846360 17.899443 1.589115 0.357333 464.119 0 0
1500.0 68.775918 71.942679 18.162109 0.275105 1.304174 459.334 0 0
1500.0 85.904278 34.000546 17.963601 0.431858 0.529115 474.739 0 0
1500.0 5.109166 -13.062149 17.880699 -0.888419 -0.145180 465.338 0 0
1500.0 5.955144 23.684788 17.929407 -0.850380 0.458511 464.742 0 0
1500.0 25.001060 -38.469580 17.987680 -0.565635 -0.732019 462.402 0 0
1500.0 100.967822 -49.627036 17.824192 0.655558 -0.794522 471.816 0 0
1500.0 109.663591 -39.122040 17.951327 0.848842 -0.605799 472.239 0 0
1500.0 84.487805 23.408629 17.900644 0.485440 0.398386 469.269 0 0
1500.0 98.463247 -49.138906 17.830116 0.691000 -0.732245 470.285 0 0
1500.0 52.475953 -8.282917 17.954991 -0.143767 -0.159194 468.880 0 0
1500.0 16.532919 23.789697 17.939830 -0.691564 0.334583 470.009 0 0
1500.0 104.685936 18.843382 17.916358 0.791240 0.252083 471.697 0 0
1500.0 141.601556 -18.906838 17.936383 1.334620 -0.351001 471.884 0 0
1500.0 88.132739 -20.861218 17.831138 0.528115 -0.369694 471.798 0 0
1500.0 149.435520 -20.024226 18.388309 1.771920 -0.417872 462.075 0 0
1500.0 65.797888 52.329551 17.952769 0.092041 0.858053 473.394 0 0
1500.0 74.501682 48.032207 17.838796 0.295248 0.720972 477.881 0 0
1500.0 102.823072 -37.498752 17.860787 0.745006 -0.608719 473.786 0 0
1500.0 70.499330 -32.906676 17.954646 0.277481 -0.562052 471.197 0 0
1500.0 111.172299 30.786789 17.853934 0.785573 0.538356 474.250 0 0
1500.0 45.802151 -14.611486 17.897804 -0.161484 -0.302662 473.535 0 0
1500.0 71.218848 -11.942406 18.094853 0.256195 -0.253279 476.616 0 0
1500.0 115.213936 25.386347 17.940192 0.942842 0.365490 477.745 0 0
1500.0 97.599682 -46.943815 17.864215 0.630998 -0.774216 477.619 0 0
1500.0 117.968377 -10.483644 17.867934 0.923642 -0.196664 481.197 0 0
1500.0 106.166941 -11.336135 17.986860 0.757959 -0.249154 477.292 0 0
1500.0 77.747679 18.786572 17.821602 0.285058 0.334104 482.848 0 0
1500.0 78.198033 9.023125 17.822746 0.323282 0.218181 475.842 0 0
1500.0 72.685206 64.334560 17.873378 0.251849 1.009037 480.239 0 0
1500.0 100.085845 45.175795 17.877688 0.642973 0.716981 481.326 0 0
1500.0 51.125663 -27.519984 18.023529 -0.100469 -0.449936 484.451 0 0
1500.0 81.236486 -66.541128 17.838276 0.366049 -1.096002 478.630 0 0
1500.0 104.245683 44.688205 17.850840 0.705589 0.715374 482.640 0 0
1500.0 73.381507 -16.333136 17.882207 0.287447 -0.242877 486.715 0 0
1500.0 87.792899 -21.877840 17.924183 0.466953 -0.437139 476.990 0 0
1500.0 20.772110 -42.552220 17.951275 -0.601234 -0.695394 482.553 0 0
1500.0 74.514900 51.385560 17.803309 0.295381 0.767399 487.621 0 0
1500.0 62.922055 40.381654 17.811609 0.128267 0.603407 488.401 0 0
1500.0 94.684065 -4.037386 18.042020 0.610717 -0.151932 476.733 0 0
1500.0 133.679077 -2.986055 17.925983 1.323370 -0.033974 487.799 0 0
