Total number of secondary electrons: 2457
1500.0 87.891034 4.244177 20.753715 0.813937 0.226445 224.411 0 0
1500.0 74.369049 -36.191907 17.418104 0.348339 -0.607328 249.161 0 0
1500.0 66.770034 19.893156 17.666783 0.193362 0.358041 253.446 0 0
1500.0 94.942718 -38.247790 17.306466 0.791895 -0.812623 253.974 0 0
1500.0 54.293460 -37.322337 16.904856 -0.079157 -0.632394 254.474 0 0
1500.0 13.576318 7.126990 16.188066 -0.696647 0.169406 262.107 0 0
1500.0 53.471071 66.981268 16.017694 -0.093916 1.029788 264.603 0 0
1500.0 68.302509 20.027429 15.851336 0.221818 0.352518 266.932 0 0
1500.0 121.650135 -3.858773 16.187876 1.132759 -0.037324 267.129 0 0
1500.0 71.054482 46.025005 15.955662 0.209293 0.694685 267.700 0 0
1500.0 -52.455682 64.688976 15.819303 -1.750252 1.027146 267.803 0 0
1500.0 52.180418 35.453814 15.950980 -0.047561 0.545884 268.332 0 0
1500.0 85.793944 6.241711 15.949847 0.405130 0.150532 268.618 0 0
1500.0 93.925339 -37.986860 16.528396 0.754444 -0.751133 269.021 0 0
1500.0 21.935782 -23.743361 15.886270 -0.571482 -0.399253 269.742 0 0
1500.0 68.308885 21.909253 15.858783 0.112431 0.350888 269.800 0 0
1500.0 56.431683 8.371828 15.759519 -0.016284 0.178564 272.895 0 0
1500.0 73.503835 2.206655 16.044374 0.349461 0.020574 273.291 0 0
1500.0 91.198940 30.296615 17.624881 0.758392 0.575614 273.296 0 0
1500.0 120.730471 8.645127 15.577018 0.944326 0.136388 274.970 0 0
1500.0 119.461757 -4.780683 15.550918 0.919545 -0.050340 275.524 0 0
1500.0 68.669751 -14.530408 16.096671 0.215805 -0.279123 276.082 0 0
1500.0 113.181127 6.501543 17.325069 1.267785 0.123160 276.824 0 0
1500.0 101.026550 -9.304510 15.487154 0.647642 -0.110029 277.415 0 0
1500.0 104.880189 13.699180 16.477156 0.934346 0.312501 278.679 0 0
1500.0 97.565507 11.347035 15.962166 0.650071 0.227312 279.551 0 0
1500.0 136.427777 -41.793887 15.645580 1.290126 -0.702789 279.752 0 0
1500.0 122.915399 11.659683 15.446978 0.986022 0.140159 279.962 0 0
1500.0 66.520764 -74.492446 15.510227 0.121195 -1.147699 280.964 0 0
1500.0 79.876319 -25.212670 15.824611 0.343396 -0.466964 280.954 0 0
1500.0 67.028957 11.031404 16.187026 0.232679 0.236494 281.058 0 0
1500.0 77.015771 36.808248 16.249229 0.360364 0.633692 285.076 0 0
1500.0 108.321483 -46.610421 15.607660 0.748520 -0.699480 285.588 0 0
1500.0 83.990428 3.889478 16.534652 0.501989 0.022389 286.527 0 0
1500.0 49.719511 75.292396 15.539578 -0.143885 1.063492 286.705 0 0
1500.0 -7.997188 -21.190889 15.668172 -1.030494 -0.313914 287.508 0 0
1500.0 65.016520 11.053289 16.023497 0.169395 0.199322 288.005 0 0
1500.0 76.092927 14.373754 16.560575 0.346036 0.239147 288.117 0 0
1500.0 103.250070 47.315920 15.621044 0.681599 0.759408 288.440 0 0
1500.0 117.134577 -53.943620 16.252508 1.003097 -0.938538 290.062 0 0
1500.0 90.582390 -4.172869 15.938234 0.568304 -0.067855 290.520 0 0
1500.0 80.711942 -2.389861 16.276478 0.471166 -0.041239 290.814 0 0
1500.0 76.526049 -0.550297 16.949323 0.436827 0.026689 291.722 0 0
1500.0 91.932115 -10.248979 16.979118 0.666780 -0.184628 292.157 0 0
1500.0 72.850777 -40.399890 15.788189 0.173468 -0.599263 292.310 0 0
1500.0 65.523845 -16.757934 15.711945 0.165490 -0.290577 292.475 0 0
1500.0 113.604208 -6.932039 16.441685 1.067536 -0.095591 292.855 0 0
1500.0 90.068875 -3.198563 17.060716 0.672718 -0.054927 292.908 0 0
1500.0 113.185931 -34.181825 16.092212 0.867027 -0.572251 293.413 0 0
1500.0 103.200685 -3.538339 16.455217 0.767214 -0.089723 293.613 0 0
1500.0 17.530124 11.215275 15.786580 -0.647003 0.239567 293.633 0 0
1500.0 116.140351 -24.457056 15.669566 0.845771 -0.389417 294.528 0 0
1500.0 67.754301 -67.293608 15.717377 0.189217 -0.963354 295.362 0 0
1500.0 97.695333 -7.890470 15.831381 0.576898 -0.177792 295.836 0 0
1500.0 93.931391 9.080671 16.428243 0.651482 0.084787 295.992 0 0
1500.0 124.530883 -25.412219 15.755155 0.948465 -0.392500 296.092 0 0
1500.0 69.637013 3.829715 15.877482 0.200857 0.133850 296.321 0 0
1500.0 80.739248 1.601375 16.433298 0.404545 0.088537 297.505 0 0
1500.0 90.052973 -51.052344 15.859981 0.423449 -0.787350 297.996 0 0
1500.0 121.335136 -26.881260 15.859530 0.869493 -0.395747 299.192 0 0
1500.0 103.714517 44.352816 15.749256 0.686230 0.602643 299.629 0 0
1500.0 126.577684 -16.788074 15.765918 0.949072 -0.286694 299.685 0 0
1500.0 111.431793 -46.385152 15.860011 0.809158 -0.619951 300.469 0 0
1500.0 60.421128 -31.437481 15.963357 0.000327 -0.423513 300.946 0 0
1500.0 154.158536 4.916958 15.828827 1.352888 0.078973 301.557 0 0
1500.0 109.195759 18.805742 15.782670 0.751810 0.293388 301.780 0 0
1500.0 60.224539 30.213894 16.555272 0.057247 0.506977 301.908 0 0
1500.0 96.825784 8.170426 16.125369 0.614699 0.158664 301.949 0 0
1500.0 77.200661 -4.400546 16.393839 0.367317 -0.040449 302.249 0 0
1500.0 106.620913 19.917721 15.812042 0.691469 0.330795 302.881 0 0
1500.0 107.784859 -52.459811 15.782210 0.667384 -0.733085 302.975 0 0
1500.0 87.929906 61.634372 15.790531 0.455382 0.858940 303.086 0 0
1500.0 107.289096 66.630821 16.120005 0.816607 0.993107 303.788 0 0
1500.0 62.302453 -15.719262 15.986421 0.068379 -0.254696 303.846 0 0
1500.0 207.880292 -13.523343 15.799827 2.079314 -0.122987 303.892 0 0
1500.0 94.296604 8.201065 16.476200 0.625068 0.137777 303.982 0 0
1500.0 53.792822 20.106092 16.162916 -0.064257 0.269099 304.101 0 0
1500.0 46.801915 -0.056152 16.124887 -0.149238 -0.034350 304.199 0 0
1500.0 105.202704 139.271839 15.881093 0.627006 1.989930 304.639 0 0
1500.0 48.456913 23.455546 15.966372 -0.167208 0.351694 304.692 0 0
1500.0 104.800882 -27.444382 16.489637 0.797843 -0.506140 304.845 0 0
1500.0 92.915430 -2.164762 17.019117 0.714880 -0.010964 304.999 0 0
1500.0 78.793990 -15.602441 16.686599 0.429428 -0.250203 306.402 0 0
1500.0 85.221877 -14.687886 15.928368 0.413583 -0.255478 307.441 0 0
1500.0 122.845842 -21.214094 15.828864 0.867856 -0.230910 307.648 0 0
1500.0 73.646922 71.408251 15.851338 0.229341 0.960533 308.031 0 0
1500.0 43.602627 42.902917 15.890093 -0.150045 0.630471 308.367 0 0
1500.0 109.729649 -2.201793 16.134264 0.725474 -0.058954 308.703 0 0
1500.0 108.140612 30.110375 15.886945 0.670475 0.342177 309.436 0 0
1500.0 80.787749 -1.420950 16.279938 0.342775 -0.074894 309.557 0 0
1500.0 -11.340391 -23.884073 15.993810 -0.951195 -0.302736 309.635 0 0
1500.0 102.218111 -51.893949 16.012160 0.621935 -0.731978 309.852 0 0
1500.0 112.893009 -43.428858 16.019276 0.758715 -0.619914 310.078 0 0
1500.0 108.054911 12.711970 15.970006 0.646187 0.212071 310.279 0 0
1500.0 -13.249152 -15.170964 15.992850 -0.974180 -0.171649 310.810 0 0
1500.0 97.154956 48.646130 16.046008 0.549252 0.745094 311.269 0 0
1500.0 144.281558 16.136292 16.010241 1.267789 0.279819 311.443 0 0
1500.0 115.290633 8.144349 16.938102 1.132221 0.139013 311.681 0 0
1500.0 -28.848291 -27.914139 16.521478 -1.426046 -0.409776 311.754 0 0
1500.0 62.322312 -12.108577 16.735753 0.148388 -0.219095 311.842 0 0
1500.0 88.229025 5.541513 16.560987 0.476966 0.105845 311.922 0 0
1500.0 70.814367 4.653051 16.789143 0.285393 0.132005 311.910 0 0
1500.0 94.795813 -55.552499 16.034726 0.468841 -0.814629 311.954 0 0
1500.0 97.175620 -11.896118 16.707515 0.748997 -0.189267 312.099 0 0
1500.0 88.847920 8.748439 16.719871 0.548988 0.074388 312.337 0 0
1500.0 51.320743 -1.119652 16.134774 -0.125486 0.012297 312.339 0 0
1500.0 58.093226 15.881629 16.025116 -0.043687 0.251834 312.453 0 0
1500.0 107.948735 59.164540 15.990958 0.670973 0.800990 312.746 0 0
1500.0 48.161224 -3.019139 16.317480 -0.117066 -0.094431 312.840 0 0
1500.0 129.694864 -3.907069 15.946147 0.958137 0.007655 313.031 0 0
1500.0 45.436343 34.626260 16.561921 -0.172121 0.565579 313.121 0 0
1500.0 93.624263 68.268244 15.995884 0.487102 0.910465 313.225 0 0
1500.0 56.860368 -166.643297 16.145469 0.013285 -2.469546 313.214 0 0
1500.0 62.039224 -8.446111 16.313105 0.080601 -0.171361 313.247 0 0
1500.0 108.396544 -29.209573 16.621341 0.838910 -0.470305 313.414 0 0
1500.0 67.390396 -11.660648 16.736703 0.118668 -0.186031 313.463 0 0
1500.0 49.939155 60.367612 16.023636 -0.134729 0.886623 313.675 0 0
1500.0 109.248996 -10.607290 16.129787 0.732557 -0.186573 314.394 0 0
1500.0 118.012080 -3.784936 16.130236 0.840964 -0.097123 314.910 0 0
1500.0 93.911682 26.354805 16.911226 0.628551 0.426464 314.978 0 0
1500.0 86.358422 -17.120032 15.985005 0.409945 -0.286058 315.374 0 0
1500.0 115.363658 43.279499 16.573464 0.989994 0.694900 315.504 0 0
1500.0 98.291744 10.364428 15.980836 0.566869 0.078682 315.577 0 0
1500.0 59.172098 10.341945 16.049076 0.008647 0.201382 315.687 0 0
1500.0 60.943123 -10.545411 16.696267 0.106736 -0.177281 315.829 0 0
1500.0 85.692227 33.430929 16.205521 0.435107 0.486289 316.276 0 0
1500.0 88.515730 -2.308568 16.577392 0.581699 0.006732 316.637 0 0
1500.0 68.673073 -29.639156 16.019252 0.169921 -0.405923 316.708 0 0
1500.0 67.617269 75.226866 15.903581 0.146267 0.986163 316.743 0 0
1500.0 86.015828 2.645727 17.040405 0.514620 0.022242 316.936 0 0
1500.0 90.037005 -0.619787 16.573959 0.559049 0.001876 316.950 0 0
1500.0 55.642065 -6.860890 16.008886 0.014055 -0.132868 317.170 0 0
1500.0 68.410157 14.154368 16.908949 0.268802 0.239976 317.280 0 0
1500.0 89.209085 0.373622 18.741452 0.789253 -0.016797 317.468 0 0
1500.0 127.192236 12.533913 15.900149 0.926139 0.104759 317.489 0 0
1500.0 87.912408 51.268354 15.973699 0.381852 0.728408 317.486 0 0
1500.0 126.448935 -9.503242 15.942763 0.948568 -0.101151 317.671 0 0
1500.0 143.567541 -36.713175 15.893486 1.097259 -0.495475 317.758 0 0
1500.0 100.469379 -14.183233 16.647685 0.690522 -0.207321 317.847 0 0
1500.0 79.197030 -8.891559 16.867966 0.379575 -0.171591 317.896 0 0
1500.0 75.535152 2.286703 15.997297 0.307465 0.058526 318.039 0 0
1500.0 58.121167 68.648618 15.940054 -0.005147 0.942820 318.417 0 0
1500.0 55.164492 46.139244 15.893312 0.019809 0.647405 318.555 0 0
1500.0 96.623565 -14.634357 15.970169 0.581947 -0.164456 318.722 0 0
1500.0 90.793138 54.696942 15.934555 0.396707 0.784101 318.723 0 0
1500.0 9.773524 47.077306 15.911118 -0.637665 0.664789 318.952 0 0
1500.0 74.991413 -39.880776 16.523670 0.309959 -0.622483 319.061 0 0
1500.0 -19.806718 -15.586525 16.184283 -1.180350 -0.277633 319.183 0 0
1500.0 137.585577 23.116090 15.805555 1.057432 0.246926 319.273 0 0
1500.0 117.238355 5.138676 16.024774 0.847707 0.089325 319.278 0 0
1500.0 78.057193 8.704321 16.899792 0.451976 0.118368 319.347 0 0
1500.0 58.275941 28.892000 16.523991 0.025080 0.440380 319.359 0 0
1500.0 86.826367 -8.333193 16.955569 0.556173 -0.142608 319.488 0 0
1500.0 118.431110 -15.606075 16.362819 1.020426 -0.183876 319.514 0 0
1500.0 66.964396 -2.797849 16.617297 0.224755 -0.098548 319.607 0 0
1500.0 76.613179 19.789805 15.843652 0.302055 0.226223 319.610 0 0
1500.0 92.836826 28.230150 16.022053 0.545484 0.371055 319.624 0 0
1500.0 73.990532 27.254085 15.900420 0.287971 0.363221 319.827 0 0
1500.0 50.371102 -17.705939 16.194968 -0.104488 -0.268184 319.854 0 0
1500.0 60.528940 3.168134 16.647424 0.025879 0.025295 320.046 0 0
1500.0 121.836128 23.058228 15.991007 0.897256 0.316404 320.108 0 0
1500.0 90.152675 11.544043 16.194827 0.516750 0.223082 320.106 0 0
1500.0 57.013246 -26.946696 16.117853 0.008572 -0.371450 320.156 0 0
1500.0 86.440447 -13.344770 16.599866 0.585203 -0.217663 320.307 0 0
1500.0 52.800419 3.292796 16.182964 -0.145300 0.083343 320.397 0 0
1500.0 55.687945 -28.618954 15.984896 -0.041160 -0.433819 320.429 0 0
1500.0 115.402462 21.130570 15.959584 0.826458 0.255142 320.672 0 0
1500.0 94.752872 43.367429 15.812992 0.484978 0.628691 320.684 0 0
1500.0 90.750077 -22.075003 15.775759 0.486359 -0.250986 320.675 0 0
1500.0 39.861156 -23.696912 15.967025 -0.240612 -0.386960 320.726 0 0
1500.0 -9.536071 -22.934591 15.742875 -0.934467 -0.288636 320.775 0 0
1500.0 53.843265 -9.271124 15.917697 -0.064729 -0.183421 321.068 0 0
1500.0 89.296187 64.864669 15.706216 0.386328 0.898910 321.207 0 0
1500.0 81.834069 20.512746 16.476667 0.443988 0.381105 321.425 0 0
1500.0 72.095874 -22.559032 16.224611 0.236977 -0.355453 321.531 0 0
1500.0 12.523474 33.206772 15.809612 -0.664817 0.532832 321.499 0 0
1500.0 35.005485 1.135508 16.266785 -0.344720 -0.042564 321.570 0 0
1500.0 71.082499 55.098118 15.698223 0.220490 0.769528 321.715 0 0
1500.0 85.008533 -65.267217 15.670497 0.358261 -0.845691 322.470 0 0
1500.0 83.066735 -13.244750 16.166776 0.443519 -0.210166 322.529 0 0
1500.0 43.792208 -4.021645 15.799351 -0.192509 -0.118725 322.644 0 0
1500.0 79.351731 34.653549 16.245525 0.355599 0.541727 322.674 0 0
1500.0 68.872702 -5.056308 16.111396 0.206165 -0.109884 322.713 0 0
1500.0 96.316418 -4.965795 16.017613 0.585843 -0.117507 322.769 0 0
1500.0 83.748196 -3.481883 17.818469 0.614832 0.005286 322.810 0 0
1500.0 40.903403 -47.980497 15.757702 -0.194503 -0.696144 323.207 0 0
1500.0 5.187072 -58.129886 15.585642 -0.688365 -0.790559 323.243 0 0
1500.0 93.813861 -31.574524 15.853735 0.549618 -0.449202 323.280 0 0
1500.0 109.865627 8.497759 15.593747 0.698291 0.074997 323.707 0 0
1500.0 59.705495 -55.272782 15.898513 0.048972 -0.898067 323.709 0 0
1500.0 126.550803 -7.044664 16.597215 1.259406 -0.122403 323.833 0 0
1500.0 101.177009 -25.161209 15.707850 0.653174 -0.341142 323.911 0 0
1500.0 69.639100 26.973544 15.580623 0.195984 0.351203 324.016 0 0
1500.0 112.712436 53.792686 15.575436 0.725498 0.697034 324.137 0 0
1500.0 110.093878 21.811319 15.718940 0.715224 0.350710 324.259 0 0
1500.0 50.716259 -5.526956 16.011647 -0.078753 -0.118329 324.862 0 0
1500.0 64.003296 -7.859074 15.672669 0.139601 -0.163379 324.866 0 0
1500.0 71.095587 -0.022346 16.579711 0.302802 -0.062852 325.015 0 0
1500.0 76.545718 4.663467 15.542188 0.247291 0.002825 325.227 0 0
1500.0 92.297583 20.810632 17.186416 0.705349 0.357568 325.405 0 0
1500.0 78.567612 2.655284 15.782894 0.305756 0.077328 325.552 0 0
1500.0 35.266826 -29.093026 15.602557 -0.364110 -0.389922 325.565 0 0
1500.0 37.109362 1.259969 15.508273 -0.328662 0.074141 325.650 0 0
1500.0 65.266020 -29.698050 16.008277 0.153404 -0.565797 325.731 0 0
1500.0 18.140460 -23.604682 15.480149 -0.583980 -0.265840 326.421 0 0
1500.0 55.090819 -25.997916 15.597213 -0.011064 -0.407387 326.549 0 0
1500.0 113.485689 -89.151590 15.426953 0.779839 -1.150234 326.653 0 0
1500.0 128.356076 22.599268 15.441725 0.959225 0.338799 326.660 0 0
1500.0 29.019563 -7.129653 15.718004 -0.507254 -0.135799 326.681 0 0
1500.0 98.037389 78.819142 15.656735 0.622803 1.164625 326.691 0 0
1500.0 35.674476 -65.072754 15.475992 -0.272212 -0.919949 326.789 0 0
1500.0 51.585803 8.587408 15.715017 -0.123274 0.111980 326.806 0 0
1500.0 7.507126 -27.716237 15.600518 -0.719785 -0.378460 326.915 0 0
1500.0 51.823169 27.561568 15.699531 -0.030703 0.436842 326.957 0 0
1500.0 76.659666 -17.708849 15.867845 0.378605 -0.262952 326.907 0 0
1500.0 77.105722 23.988773 16.312206 0.367138 0.394381 327.099 0 0
1500.0 82.295004 51.914688 15.492456 0.292700 0.752948 327.125 0 0
1500.0 60.201140 -45.856100 15.881730 -0.005772 -0.726013 327.480 0 0
1500.0 33.298642 -53.909465 15.439547 -0.397160 -0.744344 327.516 0 0
1500.0 80.433295 56.192922 15.912237 0.359412 0.869307 327.516 0 0
1500.0 77.738733 -14.127787 15.493982 0.290561 -0.262118 327.549 0 0
1500.0 80.986431 -13.911220 16.350242 0.436826 -0.236931 327.719 0 0
1500.0 78.649444 -59.105735 15.443573 0.345263 -0.799810 327.952 0 0
1500.0 95.896247 17.997501 16.032897 0.634884 0.253554 328.019 0 0
1500.0 62.223853 -37.840152 15.812484 0.116459 -0.570273 328.193 0 0
1500.0 121.671112 -68.077795 15.402185 0.810131 -0.967595 328.215 0 0
1500.0 105.096427 3.111961 15.612369 0.717444 0.010559 328.439 0 0
1500.0 86.764738 21.604294 16.146004 0.513763 0.362518 328.478 0 0
1500.0 98.047948 -26.792111 15.452238 0.563099 -0.431024 328.495 0 0
1500.0 100.347950 -16.794953 15.798378 0.621337 -0.288434 328.566 0 0
1500.0 -11.565085 -26.921666 15.414060 -0.966196 -0.320445 328.672 0 0
1500.0 86.911032 -40.398386 15.446345 0.410822 -0.614959 328.634 0 0
1500.0 73.885007 21.346018 16.107356 0.299582 0.368877 328.688 0 0
1500.0 78.236207 60.179996 15.450887 0.241005 0.859202 328.843 0 0
1500.0 97.012103 -10.145915 16.008893 0.634476 -0.180617 328.855 0 0
1500.0 -1.262285 49.295718 15.390389 -0.761837 0.705744 328.938 0 0
1500.0 70.680691 -3.065013 16.035175 0.250409 0.016236 329.196 0 0
1500.0 105.653098 25.785839 15.394756 0.615726 0.348998 329.155 0 0
1500.0 117.950295 -37.153010 15.395566 0.858664 -0.497374 329.147 0 0
1500.0 87.523360 -2.030542 15.841419 0.502601 0.018886 329.430 0 0
1500.0 77.427951 -22.359889 15.671376 0.275074 -0.365941 329.472 0 0
1500.0 51.309205 -30.714572 15.835762 -0.087565 -0.444330 329.510 0 0
1500.0 89.194754 -10.189816 15.453685 0.502543 -0.158966 329.511 0 0
1500.0 140.582640 66.795552 15.346390 1.107804 0.844425 329.593 0 0
1500.0 86.680060 20.659337 16.007339 0.558065 0.310426 329.610 0 0
1500.0 89.972291 19.888931 16.003779 0.625392 0.361572 329.648 0 0
1500.0 89.283924 6.514294 17.405426 0.679534 0.091919 329.798 0 0
1500.0 122.342541 1.236429 15.417075 0.926547 0.028314 329.901 0 0
1500.0 85.760344 11.562321 15.866374 0.501039 0.161559 329.894 0 0
1500.0 138.283005 10.939399 15.561599 1.242038 0.124277 329.928 0 0
1500.0 -13.479366 27.951851 15.391916 -0.958627 0.414828 329.968 0 0
1500.0 17.332454 -17.731683 15.581478 -0.589182 -0.254972 330.168 0 0
1500.0 129.282329 -23.275190 15.371669 0.994142 -0.309758 330.223 0 0
1500.0 85.134160 0.411083 15.417465 0.440037 -0.008811 330.270 0 0
1500.0 2.301391 45.679798 15.343758 -0.701860 0.629297 330.326 0 0
1500.0 73.290299 18.971111 16.151999 0.257427 0.296459 331.050 0 0
1500.0 32.641149 -34.420567 15.418876 -0.429157 -0.483302 331.142 0 0
1500.0 72.350577 18.458258 15.787014 0.193931 0.296490 331.177 0 0
1500.0 45.265835 10.163195 15.552585 -0.226432 0.212482 331.191 0 0
1500.0 85.079534 15.957297 16.120197 0.415605 0.261438 331.299 0 0
1500.0 99.253648 33.795401 15.527198 0.583098 0.524823 331.399 0 0
1500.0 77.909093 -28.917616 15.558594 0.262414 -0.399455 331.922 0 0
1500.0 45.435362 8.812192 15.519704 -0.210125 0.166930 332.062 0 0
1500.0 130.813306 3.366523 15.419421 1.027047 0.040782 332.273 0 0
1500.0 95.486110 -38.826348 15.426343 0.565188 -0.527005 332.270 0 0
1500.0 61.572949 -14.229854 15.541463 0.068799 -0.233893 332.584 0 0
1500.0 47.466792 24.398159 15.774618 -0.148890 0.367753 332.531 0 0
1500.0 131.247525 -18.891950 15.410421 1.014914 -0.262348 332.629 0 0
1500.0 60.508831 63.003180 15.501068 -0.003749 0.887449 332.708 0 0
1500.0 85.618627 9.708558 15.601932 0.354731 0.172748 332.787 0 0
1500.0 12.631617 -8.633332 15.517941 -0.653711 -0.072492 332.990 0 0
1500.0 88.694131 -2.197010 15.998052 0.544338 -0.033521 333.175 0 0
1500.0 97.346967 12.296596 15.441858 0.541593 0.237198 333.275 0 0
1500.0 72.177803 10.976010 16.800206 0.329849 0.192678 333.312 0 0
1500.0 41.034377 -74.001427 15.429158 -0.199329 -1.006761 333.349 0 0
1500.0 148.650296 18.402064 15.644231 1.385265 0.248757 333.365 0 0
1500.0 74.442220 -18.755549 15.494752 0.300875 -0.312247 333.388 0 0
1500.0 75.684640 -11.088925 15.717339 0.346495 -0.140983 333.812 0 0
1500.0 34.807286 -13.381071 15.818213 -0.342520 -0.200236 333.792 0 0
1500.0 46.281627 20.049928 15.721181 -0.158052 0.378664 333.918 0 0
1500.0 42.553511 3.238360 15.429035 -0.283293 0.061773 334.084 0 0
1500.0 -41.269838 -10.200233 15.418607 -1.354657 -0.181097 334.319 0 0
1500.0 87.297504 -25.276544 15.637937 0.430871 -0.409694 334.416 0 0
1500.0 103.661593 37.170569 15.405134 0.681709 0.486068 334.436 0 0
1500.0 111.154395 25.586112 15.464866 0.718934 0.334892 334.506 0 0
1500.0 107.955047 -25.343615 15.441073 0.677858 -0.318513 334.605 0 0
1500.0 115.951366 22.332987 15.636451 0.843211 0.343367 334.689 0 0
1500.0 48.858894 -19.366537 15.706303 -0.137811 -0.309152 334.854 0 0
1500.0 148.869969 13.003721 15.470805 1.253055 0.218627 335.221 0 0
1500.0 32.684706 -7.779294 15.681329 -0.383078 -0.110392 335.398 0 0
1500.0 96.476795 -47.772629 15.489344 0.491941 -0.662997 335.460 0 0
1500.0 96.949691 16.589250 15.512582 0.537226 0.221249 335.491 0 0
1500.0 72.073754 20.013617 16.281508 0.282716 0.326982 335.610 0 0
1500.0 70.973198 -46.181626 15.531945 0.153707 -0.734351 335.916 0 0
1500.0 48.318030 29.401571 15.617237 -0.171715 0.444350 335.984 0 0
1500.0 121.897929 -7.432642 15.622782 0.930265 -0.114356 336.056 0 0
1500.0 65.027968 37.056461 15.562888 0.059079 0.502125 336.096 0 0
1500.0 45.133153 21.447593 15.727240 -0.216108 0.298361 336.276 0 0
1500.0 97.395177 -10.572903 15.865087 0.635488 -0.114629 336.308 0 0
1500.0 107.450786 25.574164 16.025089 0.809534 0.376897 336.303 0 0
1500.0 45.919641 37.161016 15.575818 -0.125143 0.576032 336.353 0 0
1500.0 90.946033 -26.192984 15.585816 0.419085 -0.379903 336.810 0 0
1500.0 102.868603 19.684672 15.890818 0.704032 0.288084 336.802 0 0
1500.0 118.327762 -16.093490 15.652433 0.893887 -0.186276 336.806 0 0
1500.0 110.375526 10.587012 15.907205 0.800468 0.166540 337.111 0 0
1500.0 101.019362 7.179971 15.695246 0.658466 0.063729 337.139 0 0
1500.0 91.788327 -22.593851 15.854257 0.560329 -0.302936 337.225 0 0
1500.0 73.697260 75.287076 15.612430 0.260430 1.048909 337.379 0 0
1500.0 82.650672 -20.164954 16.211999 0.401128 -0.279518 337.603 0 0
1500.0 84.176426 19.793443 15.982924 0.370783 0.293345 337.590 0 0
1500.0 57.935397 -2.680983 15.648672 0.015492 -0.091604 337.661 0 0
1500.0 68.105521 48.977522 15.593961 0.205773 0.675589 337.729 0 0
1500.0 77.062025 63.691397 15.683874 0.329146 0.935886 337.746 0 0
1500.0 87.485850 3.819561 16.717057 0.551329 0.102141 337.828 0 0
1500.0 97.076938 -45.461890 15.725255 0.564631 -0.671191 337.944 0 0
1500.0 106.357228 -23.636899 15.822464 0.686256 -0.398411 338.006 0 0
1500.0 95.279509 -26.075542 16.122110 0.605242 -0.428319 338.074 0 0
1500.0 128.315658 -24.642305 15.634545 0.976949 -0.357419 338.147 0 0
1500.0 122.386106 -25.166517 16.588168 1.262935 -0.452250 338.230 0 0
1500.0 116.342079 61.254393 15.676156 0.790282 0.888712 338.284 0 0
1500.0 40.646800 2.568032 15.646719 -0.244107 -0.034086 338.286 0 0
1500.0 47.466899 -36.301042 15.869587 -0.101496 -0.545636 338.363 0 0
1500.0 66.233069 30.204395 15.998711 0.112201 0.460044 338.578 0 0
1500.0 89.957110 0.304947 15.937137 0.550093 -0.005008 338.593 0 0
1500.0 93.221373 -8.993021 15.843495 0.514931 -0.191055 338.704 0 0
1500.0 102.801951 64.907241 15.829283 0.734080 1.025713 338.717 0 0
1500.0 102.963439 22.576252 15.784659 0.685700 0.372348 338.931 0 0
1500.0 48.722875 55.032588 16.095709 -0.114692 0.873134 338.956 0 0
1500.0 80.839045 -39.802327 15.805523 0.309707 -0.609545 338.986 0 0
1500.0 88.915668 -10.632587 16.067583 0.466673 -0.156565 339.163 0 0
1500.0 53.636917 -16.464677 16.332334 -0.025015 -0.261419 339.211 0 0
1500.0 88.747834 95.569412 15.697281 0.393331 1.361665 339.225 0 0
1500.0 79.621044 3.176106 16.263766 0.352962 0.003989 339.292 0 0
1500.0 132.855695 -13.824055 15.705724 1.020593 -0.212790 339.323 0 0
1500.0 76.996665 -3.314310 15.910339 0.326791 0.010367 339.695 0 0
1500.0 137.112617 -52.421920 15.697391 1.047001 -0.727809 339.879 0 0
1500.0 73.777297 21.551228 16.569863 0.311629 0.347414 339.937 0 0
1500.0 79.838047 10.527740 16.756660 0.387936 0.193692 340.042 0 0
1500.0 87.122911 -57.959792 15.856510 0.379535 -0.869236 340.050 0 0
1500.0 77.663647 19.780089 16.761161 0.359366 0.312982 340.138 0 0
1500.0 82.212434 -49.288240 15.941165 0.339374 -0.798868 340.151 0 0
1500.0 13.207125 -47.699367 15.796141 -0.647117 -0.706513 340.225 0 0
1500.0 77.710635 43.311003 16.116889 0.308943 0.647970 340.237 0 0
1500.0 100.165868 -50.428473 15.853934 0.695009 -0.723982 340.325 0 0
1500.0 45.452691 13.257594 16.278514 -0.170902 0.273346 340.742 0 0
1500.0 -12.480038 -11.345908 15.871210 -1.019538 -0.111968 340.922 0 0
1500.0 126.756936 -13.185963 16.023927 1.014931 -0.210377 340.980 0 0
1500.0 15.095859 -55.001669 15.854102 -0.634698 -0.738042 341.262 0 0
1500.0 28.292498 26.425015 15.991023 -0.497806 0.464055 341.314 0 0
1500.0 87.904709 11.005870 16.225819 0.454494 0.216828 341.433 0 0
1500.0 70.301268 -47.886508 15.926747 0.209950 -0.779618 341.479 0 0
1500.0 93.457573 63.799278 16.196017 0.597274 1.005863 341.515 0 0
1500.0 35.482352 -56.543452 15.829112 -0.298123 -0.764285 341.678 0 0
1500.0 118.292882 5.570235 16.026336 0.877723 0.127624 341.685 0 0
1500.0 52.290969 9.274969 16.264588 -0.023315 0.169501 341.776 0 0
1500.0 26.201267 -63.705827 15.814854 -0.425884 -0.918405 341.755 0 0
1500.0 125.586799 46.858675 15.877958 1.001504 0.635577 341.976 0 0
1500.0 11.107277 47.434547 15.857951 -0.693470 0.612123 341.990 0 0
1500.0 68.958347 0.629771 16.030319 0.243269 0.006986 342.002 0 0
1500.0 121.623111 18.001998 15.870734 0.917920 0.308250 342.047 0 0
1500.0 56.806056 -118.420585 16.082476 0.031215 -1.862462 342.224 0 0
1500.0 64.300814 -36.453599 16.044341 0.042142 -0.519088 342.400 0 0
1500.0 56.964623 59.966345 15.875859 0.036897 0.862690 342.454 0 0
1500.0 113.727696 37.701596 16.044042 0.803070 0.555592 342.533 0 0
1500.0 64.202887 51.220935 15.996902 0.159280 0.763815 342.716 0 0
1500.0 86.889891 24.054373 15.903434 0.396429 0.328827 342.786 0 0
1500.0 24.330857 -27.909201 16.060654 -0.505026 -0.399503 342.775 0 0
1500.0 88.664569 -16.583439 16.703347 0.486818 -0.243026 343.159 0 0
1500.0 5.598062 137.086010 15.875884 -0.671794 1.821228 343.132 0 0
1500.0 89.741313 23.904459 16.510266 0.519267 0.382508 343.173 0 0
1500.0 63.935337 26.837953 16.119406 0.095492 0.436782 343.122 0 0
1500.0 26.465319 38.711708 16.097454 -0.491912 0.634912 343.313 0 0
1500.0 51.389107 -25.166603 15.910954 -0.164410 -0.367715 343.332 0 0
1500.0 1.152832 5.318608 15.946844 -0.762137 0.099245 343.669 0 0
1500.0 63.134069 -28.177764 16.160580 0.043200 -0.428323 343.680 0 0
1500.0 76.469349 11.309899 16.699426 0.321368 0.208160 343.824 0 0
1500.0 2.922815 -0.873943 15.957312 -0.738574 0.021955 343.831 0 0
1500.0 72.157804 13.820614 17.107730 0.315476 0.240667 343.879 0 0
1500.0 68.394604 -37.283640 16.174087 0.115034 -0.551105 344.003 0 0
1500.0 92.845364 8.950842 16.479517 0.576904 0.173127 344.017 0 0
1500.0 65.565154 41.544415 16.546858 0.117324 0.669591 344.038 0 0
1500.0 58.526379 8.321370 16.097558 0.013952 0.160755 344.107 0 0
1500.0 93.239107 -1.283185 16.000292 0.509785 0.049227 344.240 0 0
1500.0 95.662509 -11.215387 16.560520 0.633720 -0.187606 344.269 0 0
1500.0 92.874877 11.246957 16.229854 0.510352 0.143951 344.272 0 0
1500.0 133.826713 -2.637449 15.951494 1.029008 -0.097092 344.432 0 0
1500.0 142.383551 -36.745371 16.113481 1.333288 -0.562595 344.530 0 0
1500.0 76.772660 -43.414785 16.167611 0.274493 -0.659205 344.543 0 0
1500.0 134.213131 31.150712 16.233289 1.179793 0.519838 344.633 0 0
1500.0 67.774542 -100.187444 16.050005 0.203313 -1.466553 344.694 0 0
1500.0 32.239381 18.021123 16.471674 -0.390266 0.281515 344.724 0 0
1500.0 16.071705 46.866499 16.045270 -0.605104 0.684574 344.836 0 0
1500.0 107.989703 7.823141 16.516093 0.796278 0.107573 345.008 0 0
1500.0 81.303060 -2.868937 16.160008 0.393457 0.010736 345.034 0 0
1500.0 76.905644 -17.585882 16.164131 0.337622 -0.281051 345.092 0 0
1500.0 85.370869 7.898459 17.227564 0.569101 0.128599 345.103 0 0
1500.0 75.811681 35.571312 16.230444 0.274206 0.554215 345.174 0 0
1500.0 92.003713 -60.514705 16.011836 0.433308 -0.836361 345.278 0 0
1500.0 70.468910 59.964634 16.051173 0.205048 0.872557 345.307 0 0
1500.0 107.431818 25.864808 16.049222 0.695965 0.419838 345.384 0 0
1500.0 92.297010 27.429755 16.372928 0.610806 0.421729 345.405 0 0
1500.0 67.550075 -14.734643 16.672477 0.152740 -0.222378 345.503 0 0
1500.0 33.805221 -24.376040 16.051320 -0.317625 -0.407134 345.581 0 0
1500.0 58.494664 11.071990 16.651872 0.046621 0.182088 345.707 0 0
1500.0 30.748357 -16.576410 16.241670 -0.448344 -0.214830 345.717 0 0
1500.0 60.111180 72.001466 16.096992 -0.009630 1.009663 345.913 0 0
1500.0 115.275187 -19.695204 16.064200 0.843044 -0.241378 346.017 0 0
1500.0 61.378189 37.445762 16.697981 0.065587 0.630630 346.128 0 0
1500.0 76.168179 -16.175274 16.177178 0.209561 -0.254319 346.152 0 0
1500.0 84.795500 0.471939 16.440086 0.479330 0.010933 346.580 0 0
1500.0 115.414183 5.085333 16.171203 0.836207 0.121235 346.711 0 0
1500.0 77.106596 41.866383 16.434078 0.264090 0.623897 346.826 0 0
1500.0 104.930177 27.676402 16.274564 0.726423 0.365890 346.859 0 0
1500.0 111.341202 42.038039 16.106380 0.779627 0.592785 346.938 0 0
1500.0 66.930327 -2.772306 16.836980 0.182047 -0.095606 346.998 0 0
1500.0 61.295211 -1.655538 16.184538 -0.010851 0.010441 347.052 0 0
1500.0 116.740917 -258.486785 16.370504 0.895031 -4.157636 347.144 0 0
1500.0 113.684608 -3.293934 16.503424 0.856477 -0.029106 347.211 0 0
1500.0 130.229301 -10.140778 16.104126 0.946038 -0.189769 347.228 0 0
1500.0 107.140748 -17.979381 16.343594 0.714446 -0.308190 347.312 0 0
1500.0 129.119794 19.975771 16.140551 0.966670 0.330396 347.349 0 0
1500.0 121.617329 12.422388 16.201795 0.912162 0.219222 347.406 0 0
1500.0 53.352882 -40.556500 16.519265 -0.036603 -0.671756 347.504 0 0
1500.0 111.142777 -16.795276 16.170699 0.797987 -0.252466 347.632 0 0
1500.0 86.513826 -0.192768 16.928151 0.509758 0.056760 347.634 0 0
1500.0 79.414134 -4.371381 16.272591 0.316430 -0.133877 347.662 0 0
1500.0 21.364192 59.570416 16.187595 -0.490959 0.865475 347.692 0 0
1500.0 128.402299 -36.823036 16.137584 0.990763 -0.476551 347.766 0 0
1500.0 103.499873 58.578785 16.169858 0.620460 0.838029 347.942 0 0
1500.0 95.132590 -17.993024 16.591806 0.600055 -0.297302 347.951 0 0
1500.0 46.421780 15.997377 16.215605 -0.130399 0.284682 347.945 0 0
1500.0 97.892360 2.687928 16.424075 0.628614 0.017681 347.975 0 0
1500.0 120.752531 22.365146 16.327637 0.926222 0.289008 348.063 0 0
1500.0 138.376701 2.375611 16.315061 1.200942 0.090383 348.119 0 0
1500.0 98.630598 72.184981 16.222006 0.649004 1.055450 348.155 0 0
1500.0 52.404527 -55.844940 16.371499 -0.036974 -0.826485 348.292 0 0
1500.0 95.035620 11.412037 17.132852 0.636312 0.206586 348.256 0 0
1500.0 23.906249 71.667758 16.231289 -0.570121 1.051491 348.234 0 0
1500.0 138.988665 -14.063202 16.403060 1.297110 -0.295485 348.266 0 0
1500.0 95.509686 24.279115 16.957229 0.622918 0.377107 348.352 0 0
1500.0 91.795566 62.269693 16.245033 0.502867 0.881464 348.347 0 0
1500.0 99.639712 2.559225 16.266300 0.675727 0.030507 348.391 0 0
1500.0 112.635076 31.287184 16.358207 0.789087 0.473740 348.451 0 0
1500.0 121.469684 -34.526542 16.180744 0.871484 -0.526906 348.589 0 0
1500.0 87.286046 -17.082175 17.128808 0.529480 -0.284070 348.699 0 0
1500.0 79.432038 4.588723 16.867956 0.404409 -0.001249 348.881 0 0
1500.0 79.074747 172.620463 16.200707 0.227826 2.428702 348.969 0 0
1500.0 87.761463 -10.952027 17.121090 0.494609 -0.169853 349.058 0 0
1500.0 99.079470 -7.336215 16.259247 0.552950 -0.138409 349.064 0 0
1500.0 104.749724 -59.998060 16.215017 0.717111 -0.870303 349.105 0 0
1500.0 115.577409 -35.773385 16.371923 0.901473 -0.502322 349.100 0 0
1500.0 66.695074 6.794558 16.831536 0.208213 0.159624 349.248 0 0
1500.0 117.637147 24.255986 16.261152 0.881002 0.350692 349.283 0 0
1500.0 72.804499 32.920645 16.247684 0.197223 0.532650 349.276 0 0
1500.0 37.372952 -30.267171 16.362973 -0.371876 -0.470680 349.336 0 0
1500.0 46.294117 43.242766 16.286204 -0.129231 0.644525 349.591 0 0
1500.0 47.690759 -47.130105 16.401185 -0.224515 -0.709279 349.659 0 0
1500.0 90.336382 33.825546 16.263330 0.441137 0.542044 349.713 0 0
1500.0 50.912612 8.765141 16.604829 -0.094862 0.178499 349.844 0 0
1500.0 82.020901 67.590270 16.273421 0.342822 0.937693 350.162 0 0
1500.0 77.809464 -42.974107 16.684891 0.323840 -0.686313 350.234 0 0
1500.0 78.724474 -17.293976 17.305341 0.394924 -0.248735 350.305 0 0
1500.0 78.909103 56.123009 16.250840 0.343382 0.814212 350.418 0 0
1500.0 53.614774 73.909570 16.274342 -0.063255 1.025441 350.471 0 0
1500.0 116.111979 14.091257 16.313432 0.865306 0.206035 350.531 0 0
1500.0 103.781697 39.295697 16.260426 0.621478 0.611010 350.593 0 0
1500.0 111.739894 -36.233920 16.362199 0.867711 -0.506612 350.694 0 0
1500.0 106.271269 21.180709 16.350451 0.742292 0.318209 351.109 0 0
1500.0 99.449851 45.198352 16.248226 0.634572 0.597068 351.106 0 0
1500.0 78.854198 -9.368155 17.552999 0.473562 -0.174546 351.155 0 0
1500.0 95.655182 -62.982981 16.235940 0.531772 -0.870633 351.236 0 0
1500.0 58.683672 -0.613792 16.733877 0.004329 -0.025452 351.394 0 0
1500.0 31.083467 31.972666 16.320853 -0.369133 0.443538 351.457 0 0
1500.0 116.273605 -67.887123 16.721453 1.019261 -1.122571 351.449 0 0
1500.0 124.336096 -24.722844 16.294213 0.957240 -0.293055 351.495 0 0
1500.0 80.708429 -11.190901 16.350947 0.340653 -0.105934 351.741 0 0
1500.0 85.755959 -11.568741 17.068902 0.515404 -0.210477 351.850 0 0
1500.0 57.314779 35.211436 16.560682 0.008044 0.552105 351.894 0 0
1500.0 12.654224 53.352718 16.246153 -0.625652 0.790648 351.922 0 0
1500.0 3.450044 22.031058 16.343251 -0.774581 0.361983 351.908 0 0
1500.0 59.226521 4.047613 16.437146 0.086872 0.079173 352.015 0 0
1500.0 126.051368 -27.011246 16.235973 0.903299 -0.411662 352.023 0 0
1500.0 56.954702 -0.333024 16.477343 -0.047290 -0.040843 352.098 0 0
1500.0 35.496381 34.902528 16.304758 -0.281239 0.552881 352.199 0 0
1500.0 122.355867 53.467070 16.279743 0.907679 0.790661 352.234 0 0
1500.0 -35.503789 84.165908 16.268832 -1.405305 1.202805 352.261 0 0
1500.0 82.394056 56.732504 16.454818 0.384268 0.903834 352.413 0 0
1500.0 102.519293 40.693622 16.454235 0.739394 0.705589 352.447 0 0
1500.0 84.715085 11.850082 16.303924 0.362890 0.200569 352.489 0 0
1500.0 99.731835 23.873013 16.266762 0.579387 0.323670 352.570 0 0
1500.0 103.892033 -11.632440 16.266899 0.630789 -0.120552 352.654 0 0
1500.0 52.196625 38.172600 16.399817 -0.123196 0.555396 352.719 0 0
1500.0 85.328106 -32.351553 17.485105 0.565251 -0.594155 352.770 0 0
1500.0 96.296756 7.163324 17.215669 0.673296 0.144940 352.889 0 0
1500.0 47.850452 -13.208814 16.582718 -0.111435 -0.251959 353.322 0 0
1500.0 74.070112 -4.820481 16.292844 0.215888 0.000061 353.407 0 0
1500.0 -10.806044 32.089995 16.235527 -0.923950 0.491687 353.509 0 0
1500.0 43.138970 42.246342 16.319577 -0.165839 0.651209 353.538 0 0
1500.0 -1.001892 -6.740359 16.356793 -0.859652 -0.067362 353.700 0 0
1500.0 130.775440 7.584513 16.244481 1.041107 0.103794 353.911 0 0
1500.0 28.240656 -5.333154 16.256573 -0.487979 -0.092535 353.890 0 0
1500.0 77.118314 -31.796872 16.255836 0.200520 -0.465189 353.914 0 0
1500.0 80.116809 -26.199897 16.425932 0.292659 -0.428696 353.935 0 0
1500.0 74.562902 -43.217655 16.536501 0.298653 -0.731786 353.947 0 0
1500.0 92.366145 -6.140963 16.797994 0.534544 -0.096413 353.962 0 0
1500.0 113.963039 33.156710 16.279108 0.798230 0.515527 353.983 0 0
1500.0 66.446377 -38.315720 16.254507 0.124150 -0.538600 354.006 0 0
1500.0 83.262232 -1.307450 16.497160 0.421792 0.040376 354.003 0 0
1500.0 20.815122 -35.095733 16.340355 -0.571434 -0.556227 354.034 0 0
1500.0 50.341326 66.888130 16.277550 -0.071193 0.973070 354.250 0 0
1500.0 29.002049 31.770082 16.296083 -0.395193 0.513412 354.376 0 0
1500.0 59.693431 60.313514 16.477261 0.070159 0.916341 354.354 0 0
1500.0 120.576444 40.314320 16.239281 0.896015 0.536297 354.637 0 0
1500.0 -5.621830 24.099155 16.345298 -0.911056 0.351630 354.664 0 0
1500.0 102.223967 3.877940 17.693291 0.802948 0.079934 354.685 0 0
1500.0 91.196463 -135.853455 16.231333 0.533997 -1.929328 354.776 0 0
1500.0 34.207666 39.143217 16.297919 -0.383981 0.511042 355.150 0 0
1500.0 90.255359 -8.310843 16.552886 0.517624 -0.175583 355.138 0 0
1500.0 107.558965 50.702220 16.244958 0.633357 0.722584 355.199 0 0
1500.0 108.282703 41.435422 16.311698 0.726469 0.625154 355.226 0 0
1500.0 100.387689 31.352953 16.494797 0.648674 0.486595 355.297 0 0
1500.0 101.866935 17.708423 16.760890 0.701473 0.292165 355.318 0 0
1500.0 87.503851 -23.978137 16.560260 0.478259 -0.390788 355.346 0 0
1500.0 126.495819 26.454961 16.345609 0.975800 0.379218 355.414 0 0
1500.0 58.463548 -29.176305 16.343054 -0.029422 -0.462920 355.472 0 0
1500.0 55.985900 -21.814440 16.467471 -0.015800 -0.385962 355.641 0 0
1500.0 69.167289 11.360413 16.975614 0.171372 0.232327 355.694 0 0
1500.0 44.165233 10.153735 16.569149 -0.201179 0.192331 355.732 0 0
1500.0 57.574886 -0.210767 16.512426 -0.004866 0.061180 355.842 0 0
1500.0 54.699209 19.465444 16.699185 -0.048119 0.307380 355.920 0 0
1500.0 80.633279 -27.535870 17.238268 0.445075 -0.510461 355.893 0 0
1500.0 86.289437 10.730758 16.621913 0.426466 0.175968 355.976 0 0
1500.0 63.767030 14.703924 16.342274 0.114429 0.271743 356.032 0 0
1500.0 85.448789 21.957843 16.745029 0.473592 0.355636 356.052 0 0
1500.0 106.418989 55.683445 16.352854 0.651288 0.794985 356.117 0 0
1500.0 39.512799 18.525378 16.696175 -0.323053 0.317954 356.120 0 0
1500.0 82.374649 -28.972161 17.585010 0.475195 -0.487134 356.136 0 0
1500.0 57.687062 35.621098 16.586174 -0.013368 0.542158 356.227 0 0
1500.0 135.043158 7.934708 16.414751 1.187050 0.096485 356.227 0 0
1500.0 59.205991 -31.084835 16.370518 0.046940 -0.445456 356.259 0 0
1500.0 106.350790 31.446865 16.921174 0.861704 0.530483 356.279 0 0
1500.0 51.830512 -70.177492 16.297995 -0.150383 -0.971949 356.379 0 0
1500.0 0.712055 -36.900359 16.302139 -0.844985 -0.518343 356.478 0 0
1500.0 5.236093 -46.116277 16.313821 -0.780578 -0.641210 356.753 0 0
1500.0 84.192323 -8.016321 16.890592 0.441984 -0.093655 356.775 0 0
1500.0 202.619684 47.380839 16.316938 1.969925 0.659765 356.946 0 0
1500.0 87.862137 3.559543 18.014303 0.654577 0.023170 357.011 0 0
1500.0 98.857949 56.446098 16.401305 0.545299 0.794964 357.078 0 0
1500.0 92.548201 -18.558418 17.288003 0.589465 -0.310914 357.081 0 0
1500.0 41.696483 41.736123 16.354964 -0.216262 0.590755 357.206 0 0
1500.0 148.344511 -36.812854 16.336109 1.218939 -0.557992 357.214 0 0
1500.0 98.779583 33.549643 16.627366 0.606771 0.522789 357.278 0 0
1500.0 118.519981 28.371798 16.443422 0.848487 0.394335 357.372 0 0
1500.0 97.945104 8.641792 16.529561 0.630604 0.160493 357.457 0 0
1500.0 87.999152 -21.482302 16.400611 0.374368 -0.350311 357.461 0 0
1500.0 59.993257 28.300450 16.839333 0.017966 0.476193 357.502 0 0
1500.0 50.233977 44.977924 16.415302 -0.125550 0.690782 357.621 0 0
1500.0 79.237895 69.407600 16.462709 0.279583 1.032123 357.665 0 0
1500.0 68.773040 33.087778 16.824193 0.167484 0.507078 357.685 0 0
1500.0 86.501886 41.830087 16.572873 0.425638 0.641444 357.827 0 0
1500.0 37.812434 -54.545212 16.470496 -0.327335 -0.775306 357.810 0 0
1500.0 84.681123 -19.630051 16.866498 0.427921 -0.281758 357.974 0 0
1500.0 32.860923 45.752647 16.429015 -0.365140 0.697860 358.002 0 0
1500.0 106.351232 -29.459265 16.606524 0.736561 -0.446456 358.103 0 0
1500.0 -39.426771 49.562982 16.385150 -1.398693 0.717639 358.129 0 0
1500.0 134.782307 -26.199421 16.598242 1.191330 -0.444671 358.146 0 0
1500.0 74.841824 -78.037813 16.529770 0.307679 -1.196473 358.431 0 0
1500.0 22.089023 47.503878 16.449061 -0.510305 0.716743 358.540 0 0
1500.0 70.204761 28.984999 18.082887 0.340170 0.603315 358.541 0 0
1500.0 113.774492 -1.515143 16.757138 0.853969 0.018035 358.718 0 0
1500.0 86.905453 24.361834 16.570818 0.439639 0.318828 358.785 0 0
1500.0 50.200318 57.993999 16.455245 -0.074547 0.860529 358.796 0 0
1500.0 182.288065 164.804685 16.653589 2.019415 2.620956 358.852 0 0
1500.0 52.266287 -25.196742 16.671609 -0.039866 -0.419087 358.869 0 0
1500.0 56.813447 -24.170154 16.461225 -0.014822 -0.411158 358.913 0 0
1500.0 78.894485 5.155822 16.452916 0.325459 0.066832 358.925 0 0
1500.0 111.936371 9.887493 16.470764 0.786772 0.195064 359.134 0 0
1500.0 45.144049 0.298527 16.736662 -0.173193 -0.034856 359.316 0 0
1500.0 94.173198 42.452914 16.484530 0.491926 0.599027 359.305 0 0
1500.0 160.677093 22.103628 16.467728 1.489039 0.267302 359.388 0 0
1500.0 50.825181 9.143552 16.559793 -0.111100 0.167130 359.534 0 0
1500.0 96.337426 -5.983562 16.458783 0.606315 -0.087515 359.618 0 0
1500.0 79.340881 56.541646 16.567918 0.383810 0.874823 359.736 0 0
1500.0 95.967552 13.280887 16.607029 0.583782 0.173518 359.869 0 0
1500.0 133.312368 -4.444874 16.441849 1.046247 -0.016293 359.911 0 0
1500.0 65.941661 40.370826 16.527826 0.130856 0.566755 360.100 0 0
1500.0 37.949647 38.075059 16.733075 -0.282460 0.592012 360.148 0 0
1500.0 -9.145775 -21.095496 16.529024 -0.948927 -0.331742 360.361 0 0
1500.0 83.920775 31.678653 16.793014 0.342473 0.497273 360.371 0 0
1500.0 74.905238 -17.467767 17.501072 0.361043 -0.338354 360.396 0 0
1500.0 96.817513 -30.641761 17.028583 0.608973 -0.476583 360.512 0 0
1500.0 -12.235970 11.347764 16.567085 -1.017543 0.193664 360.647 0 0
1500.0 52.151019 17.863241 16.868208 -0.030443 0.316285 360.674 0 0
1500.0 66.121532 -9.913471 16.655729 0.162041 -0.202045 360.755 0 0
1500.0 39.460182 42.091816 16.495466 -0.209353 0.632634 360.778 0 0
1500.0 111.625261 60.291746 16.667671 0.831231 0.893826 360.800 0 0
1500.0 116.913227 16.425013 16.693310 0.861158 0.274384 361.051 0 0
1500.0 39.633263 47.109035 16.505325 -0.206132 0.699643 361.062 0 0
1500.0 101.056224 0.070633 17.093308 0.689372 -0.057400 361.106 0 0
1500.0 7.504968 -55.214588 16.536515 -0.743277 -0.826123 361.151 0 0
1500.0 114.638179 -18.795702 16.613739 0.869296 -0.248912 361.114 0 0
1500.0 61.645232 -25.252631 16.682613 0.000339 -0.361261 361.250 0 0
1500.0 60.115969 -74.215676 16.511824 -0.002795 -1.048141 361.303 0 0
1500.0 115.538644 -28.702536 16.519168 0.855064 -0.396630 361.333 0 0
1500.0 103.794182 -47.082814 16.521441 0.693630 -0.647839 361.393 0 0
1500.0 70.625543 37.289718 16.805333 0.194262 0.606901 361.540 0 0
1500.0 136.073607 39.951288 16.733189 1.257056 0.603808 361.562 0 0
1500.0 75.262585 -51.283707 16.651506 0.234616 -0.830462 361.611 0 0
1500.0 57.058399 -22.698832 16.948903 -0.030403 -0.308661 361.842 0 0
1500.0 76.106854 -27.199757 16.905167 0.347041 -0.439483 362.139 0 0
1500.0 68.696104 -13.938554 17.859888 0.297170 -0.245834 362.189 0 0
1500.0 78.680750 -4.712099 18.053025 0.511612 -0.095767 362.456 0 0
1500.0 92.049727 16.770042 16.826688 0.486903 0.261441 362.452 0 0
1500.0 -12.704930 -10.584459 16.661903 -1.112764 -0.187827 362.453 0 0
1500.0 99.999505 4.274211 16.966550 0.680412 0.094472 362.567 0 0
1500.0 -0.966077 -43.551289 16.607262 -0.815300 -0.615599 362.602 0 0
1500.0 89.532048 3.435561 16.957456 0.529327 0.095666 362.596 0 0
1500.0 109.900739 -75.748471 16.684777 0.729551 -1.175505 362.618 0 0
1500.0 118.402847 -4.918537 16.576381 0.818861 -0.021775 362.662 0 0
1500.0 126.163763 107.915873 16.751121 1.084614 1.722372 362.741 0 0
1500.0 80.700829 43.314782 16.698741 0.369694 0.650859 362.760 0 0
1500.0 75.723809 12.620521 16.778048 0.283086 0.202734 362.904 0 0
1500.0 72.344380 2.454973 16.785869 0.240564 0.075976 363.046 0 0
1500.0 3.950443 -47.656836 16.652602 -0.743847 -0.665087 363.175 0 0
1500.0 101.242890 -29.702371 16.978000 0.657968 -0.477617 363.285 0 0
1500.0 82.136874 5.118326 17.355752 0.489850 0.151660 363.309 0 0
1500.0 70.786247 -13.309299 17.192998 0.148056 -0.181026 363.333 0 0
1500.0 89.059407 66.117716 16.701484 0.439064 0.946303 363.407 0 0
1500.0 80.362678 -29.617489 17.248699 0.431094 -0.447183 363.404 0 0
1500.0 86.787826 29.111593 16.812927 0.404932 0.421107 363.442 0 0
1500.0 79.882862 12.257260 16.779004 0.394043 0.170918 363.427 0 0
1500.0 20.661640 -18.126209 16.767583 -0.570478 -0.254334 363.591 0 0
1500.0 94.315415 -16.403515 16.782804 0.543052 -0.198651 363.862 0 0
1500.0 28.574549 -65.123078 16.812233 -0.443304 -0.963114 363.948 0 0
1500.0 78.797122 -35.450869 16.832936 0.396588 -0.567979 363.992 0 0
1500.0 90.449787 -9.383928 16.781153 0.512870 -0.182727 364.371 0 0
1500.0 -16.944792 -61.003449 16.685204 -1.081843 -0.841087 364.414 0 0
1500.0 115.871372 -56.697660 16.633956 0.759701 -0.816124 364.494 0 0
1500.0 70.933786 46.866058 16.774998 0.229127 0.693869 364.497 0 0
1500.0 46.469969 29.501308 16.968498 -0.150467 0.409937 364.692 0 0
1500.0 124.878583 37.453220 16.702267 1.024147 0.534292 364.694 0 0
1500.0 59.118762 -20.182920 17.314128 -0.011499 -0.325201 364.767 0 0
1500.0 104.937366 -4.215713 16.798472 0.709200 -0.109833 364.936 0 0
1500.0 126.932314 6.773396 16.685967 0.959325 0.084694 365.275 0 0
1500.0 104.423391 -30.764942 16.690405 0.706576 -0.443051 365.326 0 0
1500.0 49.272671 59.473406 16.815375 -0.073526 0.873539 365.444 0 0
1500.0 108.109194 1.869951 16.815210 0.703156 0.046644 365.502 0 0
1500.0 43.787321 -27.422605 16.897998 -0.182604 -0.451006 365.654 0 0
1500.0 121.336854 8.817211 16.827544 0.907022 0.180323 365.798 0 0
1500.0 73.389714 -42.176690 16.718652 0.282296 -0.599739 365.802 0 0
1500.0 104.169705 20.185790 18.266993 0.950642 0.394417 365.874 0 0
1500.0 52.379378 -38.619357 16.733847 -0.047756 -0.604704 365.907 0 0
1500.0 131.356818 6.016023 16.718220 1.042444 0.057593 365.961 0 0
1500.0 7.063330 48.266398 16.749929 -0.736294 0.693340 366.003 0 0
1500.0 118.028219 -20.892276 16.714617 0.885954 -0.303537 366.040 0 0
1500.0 111.386717 3.606100 16.740931 0.803678 0.076184 366.048 0 0
1500.0 70.981912 -44.889861 16.747437 0.213734 -0.686870 366.118 0 0
1500.0 126.269315 29.204518 16.833924 0.951410 0.435032 366.309 0 0
1500.0 115.988165 44.436404 16.863182 0.804894 0.655317 366.440 0 0
1500.0 120.333432 43.661832 16.745201 0.887412 0.555653 366.616 0 0
1500.0 37.370197 8.433764 17.049110 -0.293107 0.171590 366.732 0 0
1500.0 126.052148 -29.286867 16.751288 0.961309 -0.409654 366.761 0 0
1500.0 99.426333 60.911943 16.853401 0.595038 0.846759 366.762 0 0
1500.0 104.857032 38.855420 16.752446 0.711723 0.525761 366.878 0 0
1500.0 75.076304 -16.057520 17.003502 0.206090 -0.264942 366.900 0 0
1500.0 25.491987 -60.222869 16.751264 -0.409001 -0.882368 366.953 0 0
1500.0 66.994100 51.656343 16.784475 0.124812 0.720196 367.003 0 0
1500.0 85.116074 -56.238191 16.790834 0.408424 -0.829059 366.995 0 0
1500.0 86.372956 65.530505 16.873368 0.424207 0.935734 367.054 0 0
1500.0 123.280064 37.594502 16.768972 0.919645 0.471817 367.174 0 0
1500.0 90.269168 56.991961 16.762368 0.508617 0.772507 367.176 0 0
1500.0 104.072192 -13.191608 16.781430 0.642730 -0.145893 367.319 0 0
1500.0 108.172864 17.378040 17.249035 0.802003 0.239890 367.334 0 0
1500.0 96.794983 64.835385 16.764011 0.584423 0.854525 367.389 0 0
1500.0 64.669467 69.094178 16.895417 0.061749 0.984876 367.478 0 0
1500.0 41.926943 10.504565 17.086727 -0.313172 0.111693 367.665 0 0
1500.0 65.746013 47.822546 16.913712 0.171914 0.775155 367.714 0 0
1500.0 146.272439 -28.377337 16.844920 1.307058 -0.459583 367.732 0 0
1500.0 103.957226 -10.095963 17.197193 0.774862 -0.185488 367.878 0 0
1500.0 90.273335 33.512426 16.894958 0.434359 0.524946 367.914 0 0
1500.0 122.994444 -24.079352 16.791885 0.946709 -0.336161 368.024 0 0
1500.0 72.392969 -77.017085 16.924426 0.258901 -1.169192 368.000 0 0
1500.0 112.466538 45.832422 16.794543 0.803088 0.611627 368.098 0 0
1500.0 41.845616 -73.491699 16.783170 -0.179063 -1.032864 368.184 0 0
1500.0 96.402850 -60.736735 16.798606 0.584504 -0.831348 368.210 0 0
1500.0 80.243220 -53.828200 16.863931 0.283824 -0.755358 368.340 0 0
1500.0 69.804940 16.350486 16.914669 0.242538 0.218714 368.406 0 0
1500.0 102.629690 -57.167185 16.806124 0.666913 -0.780881 368.414 0 0
1500.0 26.500727 -67.267396 16.842998 -0.386351 -0.960875 368.453 0 0
1500.0 26.980458 -13.455560 16.895819 -0.429403 -0.261580 368.471 0 0
1500.0 85.755554 -20.629545 16.856995 0.405162 -0.367567 368.467 0 0
1500.0 17.206686 -62.632803 16.838737 -0.516112 -0.900438 368.796 0 0
1500.0 90.480039 -5.302951 17.712454 0.536561 -0.105736 368.837 0 0
1500.0 94.511011 51.640686 17.051622 0.600016 0.790541 368.842 0 0
1500.0 78.488466 -40.542628 17.232388 0.330959 -0.670695 369.038 0 0
1500.0 123.339018 -31.871806 16.964501 0.907745 -0.463702 369.391 0 0
1500.0 90.049536 -68.935490 16.847823 0.489961 -0.926088 369.502 0 0
1500.0 -0.213625 -44.690578 16.937205 -0.838632 -0.597388 369.510 0 0
1500.0 32.154067 -70.874652 16.880295 -0.310924 -0.996832 369.864 0 0
1500.0 109.765040 43.133309 16.917922 0.731773 0.579522 369.973 0 0
1500.0 5.570648 -28.945658 17.057248 -0.751057 -0.426395 369.976 0 0
1500.0 80.626492 -0.296665 18.417455 0.551848 -0.011505 370.068 0 0
1500.0 58.447203 -54.549071 17.191114 0.015431 -0.882314 370.179 0 0
1500.0 81.112878 26.123300 17.750768 0.417144 0.414532 370.301 0 0
1500.0 62.261812 -57.005661 17.007226 0.010416 -0.812854 370.536 0 0
1500.0 52.620097 -56.640022 16.904664 -0.103197 -0.840620 370.558 0 0
1500.0 124.758173 28.522895 16.896363 0.936835 0.364280 370.683 0 0
1500.0 65.273160 7.826452 17.498077 0.154068 0.171065 370.671 0 0
1500.0 72.683951 -7.667644 17.311950 0.277406 -0.061451 370.705 0 0
1500.0 76.189680 -24.001876 17.549399 0.361787 -0.381133 371.095 0 0
1500.0 118.849390 -10.492695 17.021804 0.850536 -0.124373 371.283 0 0
1500.0 104.756342 -4.564978 16.934511 0.668911 -0.015449 371.413 0 0
1500.0 24.833137 -57.262498 17.036537 -0.495878 -0.806294 371.449 0 0
1500.0 86.026617 40.491182 16.987859 0.417491 0.535175 371.459 0 0
1500.0 68.113526 24.288909 17.313599 0.195807 0.400619 371.478 0 0
1500.0 41.071992 -9.923430 17.102347 -0.212253 -0.207894 371.578 0 0
1500.0 78.517893 18.529723 17.972616 0.384241 0.307443 371.627 0 0
1500.0 50.575513 -64.182046 16.979356 -0.060538 -0.880734 371.729 0 0
1500.0 144.616407 37.502637 17.048708 1.254275 0.614326 371.791 0 0
1500.0 85.889850 45.781895 17.105477 0.453129 0.667361 371.893 0 0
1500.0 0.937337 -33.140966 16.975232 -0.840889 -0.443028 371.972 0 0
1500.0 55.728830 -5.706034 17.088387 -0.069146 -0.031134 372.027 0 0
1500.0 113.125211 12.893964 16.982111 0.763496 0.188896 372.126 0 0
1500.0 69.669464 -12.630949 17.110603 0.133701 -0.233584 372.128 0 0
1500.0 74.497426 -28.993091 17.753494 0.323422 -0.453199 372.323 0 0
1500.0 33.256683 -9.231504 17.097543 -0.386764 -0.066163 372.375 0 0
1500.0 80.637597 -9.786228 18.107066 0.447092 -0.194983 372.435 0 0
1500.0 54.933190 3.722191 17.129086 0.003489 0.101407 372.769 0 0
1500.0 116.527646 -49.456764 16.979605 0.752066 -0.720454 372.732 0 0
1500.0 64.427724 -60.695435 17.041021 0.127559 -0.897418 372.765 0 0
1500.0 91.179547 -17.317214 17.177923 0.549275 -0.245647 372.772 0 0
1500.0 93.331331 -40.302101 17.008208 0.480399 -0.569966 372.793 0 0
1500.0 71.038045 -30.178353 16.993158 0.144112 -0.484031 372.810 0 0
1500.0 103.618788 -44.364539 17.547286 0.754786 -0.834925 372.829 0 0
1500.0 80.295144 15.844729 17.103291 0.350257 0.207691 372.980 0 0
1500.0 94.015153 -19.164035 17.181695 0.587277 -0.270615 372.912 0 0
1500.0 94.133706 -15.754176 17.573503 0.542658 -0.244570 373.011 0 0
1500.0 91.344690 -35.265132 17.002172 0.484483 -0.456899 373.026 0 0
1500.0 52.150079 -50.204788 17.055781 -0.035176 -0.749502 373.005 0 0
1500.0 105.949637 -53.308161 16.994123 0.675634 -0.733285 373.194 0 0
1500.0 70.675388 41.149635 17.123788 0.132252 0.614334 373.240 0 0
1500.0 82.505253 14.604742 18.524701 0.496634 0.284582 373.227 0 0
1500.0 97.409349 -11.464469 17.716771 0.638830 -0.186022 373.369 0 0
1500.0 63.858142 49.879997 17.430842 0.090646 0.805528 373.527 0 0
1500.0 69.798853 -32.460901 17.031081 0.209185 -0.418102 373.624 0 0
1500.0 103.649217 49.276743 17.084504 0.653262 0.726229 373.606 0 0
1500.0 63.747958 -52.570828 17.387864 0.100321 -0.890253 373.832 0 0
1500.0 75.316206 65.212168 17.101027 0.294697 1.005104 373.842 0 0
1500.0 84.051664 -146.725833 17.117871 0.403486 -2.183186 373.936 0 0
1500.0 67.386848 42.465146 17.055675 0.160573 0.653998 374.049 0 0
1500.0 13.724758 55.725638 17.075843 -0.612576 0.848522 374.051 0 0
1500.0 20.127306 -62.992762 17.036980 -0.523291 -0.883682 374.199 0 0
1500.0 50.984754 -67.313873 17.098433 -0.050288 -0.966913 374.419 0 0
1500.0 77.404425 -65.390356 17.105262 0.306728 -0.938178 374.630 0 0
1500.0 84.633199 -28.415680 17.557901 0.436063 -0.552497 374.775 0 0
1500.0 111.803124 -20.638459 17.142079 0.808165 -0.361869 375.299 0 0
1500.0 52.074034 -22.292599 17.423036 -0.089122 -0.356641 375.398 0 0
1500.0 77.820753 -17.128216 18.081038 0.359255 -0.284168 375.410 0 0
1500.0 139.328243 20.572405 17.293302 1.263429 0.268087 375.518 0 0
1500.0 83.954472 42.549625 17.191150 0.329972 0.637151 375.717 0 0
1500.0 113.956975 -27.220363 17.477931 0.889139 -0.482194 375.755 0 0
1500.0 97.525465 21.374331 17.501668 0.628063 0.344811 375.779 0 0
1500.0 14.257775 -0.164195 17.330481 -0.639399 -0.026957 375.918 0 0
1500.0 34.015898 -3.946855 17.164069 -0.398651 -0.081848 375.937 0 0
1500.0 92.637697 6.220998 17.951563 0.632901 0.099236 376.000 0 0
1500.0 121.308838 61.712035 17.124251 0.832738 0.878614 376.075 0 0
1500.0 57.408845 53.315214 17.205715 -0.030514 0.778425 376.189 0 0
1500.0 14.641444 -47.684361 17.119832 -0.598962 -0.719659 376.140 0 0
1500.0 74.456745 11.734125 18.073446 0.366600 0.152667 376.298 0 0
1500.0 114.707872 -24.932866 18.794680 1.203428 -0.453698 376.377 0 0
1500.0 69.051278 -27.614967 17.497905 0.185149 -0.402324 376.427 0 0
1500.0 139.332786 -15.814697 17.369394 1.271655 -0.305786 376.455 0 0
1500.0 98.948861 -61.823850 17.169594 0.583297 -0.868488 376.464 0 0
1500.0 110.470328 23.403849 17.196354 0.704151 0.351030 376.487 0 0
1500.0 52.350875 41.409115 17.434544 -0.026502 0.635361 376.693 0 0
1500.0 66.244784 -4.464970 17.333848 0.074202 -0.090099 376.689 0 0
1500.0 23.082335 3.042277 17.146673 -0.518579 -0.023549 376.699 0 0
1500.0 102.622279 9.134971 17.439032 0.661532 0.192115 376.874 0 0
1500.0 67.309575 45.840746 17.480223 0.166075 0.685174 377.115 0 0
1500.0 58.643027 -38.349170 17.176681 -0.018732 -0.539191 377.340 0 0
1500.0 78.108013 -20.813980 17.874206 0.370346 -0.346805 377.394 0 0
1500.0 33.101485 -22.254691 17.184361 -0.338955 -0.336306 377.499 0 0
1500.0 53.185896 -31.069024 17.215810 -0.043230 -0.502942 377.468 0 0
1500.0 82.578349 12.220260 18.396756 0.501281 0.230950 377.593 0 0
1500.0 80.834203 -30.850722 17.218635 0.392263 -0.435593 377.719 0 0
1500.0 48.514293 22.628607 17.771650 -0.123429 0.401797 377.810 0 0
1500.0 3.836697 -25.526206 17.222682 -0.747713 -0.341081 377.879 0 0
1500.0 93.226794 22.480129 17.222636 0.564351 0.310138 377.893 0 0
1500.0 20.944272 3.214164 17.221510 -0.526096 0.046715 378.016 0 0
1500.0 60.458128 -46.809940 17.317788 -0.007518 -0.688740 378.142 0 0
1500.0 91.603944 -96.998008 17.178735 0.433771 -1.411654 378.229 0 0
1500.0 107.355698 25.081772 17.547234 0.747749 0.396206 378.356 0 0
1500.0 73.606397 44.280026 17.426840 0.237087 0.722128 378.467 0 0
1500.0 67.914442 -20.099888 17.733074 0.208088 -0.342737 378.536 0 0
1500.0 127.349888 26.005256 17.460340 1.065028 0.394593 378.787 0 0
1500.0 25.865628 8.747435 17.451716 -0.476480 0.084983 378.824 0 0
1500.0 85.179472 47.377196 17.313399 0.421776 0.710489 378.878 0 0
1500.0 29.770128 -47.383195 17.316454 -0.448375 -0.648606 379.146 0 0
1500.0 104.528386 -24.901974 17.377619 0.726342 -0.346343 379.309 0 0
1500.0 45.750186 27.906355 17.384990 -0.134953 0.457476 379.342 0 0
1500.0 98.363611 -6.921371 18.438671 0.712799 -0.128827 379.433 0 0
1500.0 65.770160 -3.351597 17.678762 0.190072 -0.109892 379.554 0 0
1500.0 121.079984 -25.645366 17.733577 1.098387 -0.390421 379.563 0 0
1500.0 75.632376 -14.418389 18.796629 0.446704 -0.245546 379.632 0 0
1500.0 101.098488 -25.132025 17.804200 0.712842 -0.362055 379.611 0 0
1500.0 114.906668 -33.373167 17.267416 0.846572 -0.458650 379.628 0 0
1500.0 107.567150 10.502003 17.479371 0.768856 0.176335 379.669 0 0
1500.0 90.365170 35.357246 17.246136 0.511212 0.526184 379.687 0 0
1500.0 79.083005 148.461912 17.225134 0.341536 2.048144 379.820 0 0
1500.0 90.175158 25.999759 17.700245 0.538808 0.406649 379.822 0 0
1500.0 50.688417 -3.443689 17.260444 -0.118231 0.021054 379.825 0 0
1500.0 31.518788 -25.332570 17.541327 -0.385840 -0.390862 379.899 0 0
1500.0 29.707916 23.342345 17.320061 -0.399107 0.396519 379.865 0 0
1500.0 30.034097 26.410402 17.321636 -0.394126 0.439048 379.940 0 0
1500.0 48.615502 -68.060891 17.263478 -0.160891 -0.982876 380.026 0 0
1500.0 155.078875 14.766070 17.275452 1.349295 0.174302 380.035 0 0
1500.0 72.905506 -5.893143 17.381427 0.275001 -0.129795 380.040 0 0
1500.0 97.597050 -10.028031 17.322990 0.539374 -0.177176 380.135 0 0
1500.0 73.792129 54.114654 17.256979 0.278136 0.782979 380.144 0 0
1500.0 85.017401 -24.324408 17.473401 0.483584 -0.380621 380.188 0 0
1500.0 -7.769656 4.025966 17.344771 -0.952655 0.060611 380.230 0 0
1500.0 95.899808 -4.257028 17.328176 0.517303 -0.104470 380.248 0 0
1500.0 97.243377 46.479666 17.271830 0.530303 0.653174 380.285 0 0
1500.0 72.104358 -1.462870 17.646524 0.288255 -0.073286 380.285 0 0
1500.0 54.356131 -15.183396 17.910122 -0.021009 -0.248312 380.470 0 0
1500.0 21.718949 34.571665 17.333650 -0.506659 0.549104 380.483 0 0
1500.0 31.005293 42.167561 17.334460 -0.377479 0.654298 380.518 0 0
1500.0 71.231377 48.972106 17.335918 0.180867 0.748119 380.581 0 0
1500.0 110.813590 15.605650 17.337350 0.729331 0.285017 380.642 0 0
1500.0 119.568624 -40.724855 17.273215 0.871952 -0.566292 380.953 0 0
1500.0 87.194241 43.016459 17.773936 0.562576 0.693723 380.935 0 0
1500.0 115.063898 -27.618788 17.541855 0.864464 -0.397988 380.967 0 0
1500.0 64.295877 10.302908 17.490618 0.159786 0.121608 381.113 0 0
1500.0 124.818428 -0.251700 17.533450 0.993438 -0.011866 381.083 0 0
1500.0 51.718150 1.804502 17.404481 -0.103363 -0.039899 381.155 0 0
1500.0 57.531513 44.196025 17.432349 0.026167 0.732631 381.107 0 0
1500.0 133.969628 -14.892537 17.591563 1.230041 -0.193124 381.372 0 0
1500.0 113.769145 24.345826 17.377230 0.822100 0.382034 381.422 0 0
1500.0 99.447712 -13.114414 17.362586 0.611549 -0.259104 381.415 0 0
1500.0 103.129486 -62.511321 17.554353 0.766760 -0.994796 381.429 0 0
1500.0 -11.533275 23.767453 17.381539 -0.987090 0.323775 381.479 0 0
1500.0 131.620944 2.186807 17.325065 1.047786 0.025495 381.493 0 0
1500.0 77.875437 68.031278 17.297440 0.327856 0.955838 381.663 0 0
1500.0 55.688903 30.931782 17.718256 -0.060943 0.473830 381.696 0 0
1500.0 56.188710 60.471595 17.575373 -0.003908 1.011181 381.559 0 0
1500.0 36.001732 -25.589248 17.587770 -0.281303 -0.422386 381.754 0 0
1500.0 90.484428 -18.992098 17.708201 0.535790 -0.352581 381.760 0 0
1500.0 76.859858 38.044695 17.423280 0.260895 0.643082 381.807 0 0
1500.0 87.844107 66.028811 17.309378 0.460707 0.923541 382.069 0 0
1500.0 -9.593698 12.412952 17.356031 -0.931045 0.136261 382.079 0 0
1500.0 111.087816 -38.774764 17.399140 0.745111 -0.533947 382.245 0 0
1500.0 85.879009 -15.252211 18.108959 0.448220 -0.266188 382.310 0 0
1500.0 179.036309 -46.678955 17.354572 1.743020 -0.724000 382.627 0 0
1500.0 57.470463 71.837690 17.395661 -0.009721 1.033054 382.832 0 0
1500.0 180.748396 -16.681101 17.360069 1.731251 -0.292739 383.071 0 0
1500.0 -19.222529 -93.604698 17.468927 -1.159839 -1.367169 383.169 0 0
1500.0 111.284072 2.909819 17.916673 0.916435 0.129075 383.163 0 0
1500.0 125.146646 -42.569469 17.590653 1.054891 -0.645870 383.459 0 0
1500.0 76.814638 3.593787 17.845482 0.377363 0.012975 383.560 0 0
1500.0 84.513507 -20.736240 17.408242 0.380898 -0.361507 383.541 0 0
1500.0 98.972693 -10.518210 17.390268 0.580840 -0.140519 383.593 0 0
1500.0 84.408268 -52.638797 17.448299 0.369284 -0.791321 383.687 0 0
1500.0 25.370818 -26.869528 17.549129 -0.515942 -0.351912 383.824 0 0
1500.0 75.943081 -12.485647 18.604679 0.404624 -0.175845 384.069 0 0
1500.0 42.028843 71.648426 17.370069 -0.227158 1.023192 384.115 0 0
1500.0 76.659589 -58.282037 17.534050 0.279715 -0.861889 384.097 0 0
1500.0 29.567023 -10.690309 17.650616 -0.431306 -0.137048 384.081 0 0
1500.0 167.438860 13.622645 17.505252 1.695950 0.144770 384.043 0 0
1500.0 63.771144 73.507663 17.377510 0.131836 0.996533 384.152 0 0
1500.0 77.891195 11.363047 18.199896 0.439286 0.151059 384.283 0 0
1500.0 -52.975204 -71.389483 17.638780 -1.823123 -1.143844 384.345 0 0
1500.0 69.980148 20.440134 17.701006 0.142159 0.312991 384.358 0 0
1500.0 62.748295 53.337717 17.577392 0.103948 0.799265 384.618 0 0
1500.0 5.801611 52.929844 17.413246 -0.754045 0.718152 384.646 0 0
1500.0 59.022045 -61.979339 17.585777 0.017223 -1.021028 384.816 0 0
1500.0 70.007057 21.801959 18.034797 0.153691 0.364509 384.827 0 0
1500.0 93.316797 62.736579 17.466602 0.459058 0.884752 385.006 0 0
1500.0 -10.130998 30.259164 17.406455 -0.910714 0.463362 385.215 0 0
1500.0 98.292317 -19.042788 17.522120 0.625827 -0.269863 385.260 0 0
1500.0 82.935878 22.713030 17.481241 0.379999 0.283101 385.556 0 0
1500.0 88.368630 3.846799 17.714276 0.474067 0.051747 385.691 0 0
1500.0 87.149718 -26.114958 17.605154 0.419073 -0.380202 385.732 0 0
1500.0 66.243059 73.430378 17.458001 0.121259 1.039986 385.729 0 0
1500.0 110.395492 -4.285472 17.857145 0.828626 -0.070547 385.840 0 0
1500.0 75.631550 -13.394723 18.262307 0.395185 -0.238931 385.936 0 0
1500.0 60.237799 -6.051071 17.503911 0.049787 -0.135641 385.981 0 0
1500.0 87.276121 14.753431 17.606219 0.464059 0.173182 385.977 0 0
1500.0 38.488355 22.647788 17.761795 -0.295930 0.309226 386.242 0 0
1500.0 64.946950 55.498344 17.593797 0.080669 0.825697 386.281 0 0
1500.0 61.515268 5.223040 17.475236 -0.023032 0.060119 386.349 0 0
1500.0 121.702650 -16.250297 17.604973 0.934149 -0.263518 386.474 0 0
1500.0 62.149600 -13.439591 17.607162 0.029358 -0.245996 386.591 0 0
1500.0 92.377602 -16.919918 17.518953 0.545881 -0.197871 386.646 0 0
1500.0 27.518119 55.128281 17.489384 -0.453811 0.726851 386.767 0 0
1500.0 70.703642 -44.442681 17.573695 0.129516 -0.658633 386.759 0 0
1500.0 44.002619 10.968985 17.591806 -0.214599 0.221003 386.776 0 0
1500.0 12.486824 75.541017 17.464621 -0.647197 1.082828 386.846 0 0
1500.0 118.948258 -30.638958 17.770437 1.038577 -0.548857 386.929 0 0
1500.0 86.609378 3.513303 18.372639 0.557094 0.015430 387.112 0 0
1500.0 117.229612 17.564156 17.595254 0.890806 0.256080 387.072 0 0
1500.0 93.302741 -31.733067 17.877732 0.559129 -0.496015 387.149 0 0
1500.0 105.675408 -33.890865 17.570543 0.687190 -0.533358 387.141 0 0
1500.0 82.752037 2.533042 18.096658 0.453604 -0.022886 387.283 0 0
1500.0 49.814216 48.470349 17.535333 -0.181906 0.679456 387.318 0 0
1500.0 18.622313 -28.310059 17.641361 -0.641553 -0.441101 387.399 0 0
1500.0 88.274763 27.589902 17.562455 0.380767 0.411985 387.496 0 0
1500.0 65.747029 51.407904 17.492883 0.085842 0.719943 387.526 0 0
1500.0 105.976387 52.429400 17.537634 0.638418 0.777310 387.537 0 0
1500.0 56.327258 25.593403 17.838018 -0.021367 0.365542 387.629 0 0
1500.0 50.510126 12.547309 17.846140 -0.093254 0.203352 387.819 0 0
1500.0 66.189230 46.365199 17.503327 0.091192 0.653348 387.783 0 0
1500.0 115.903066 4.480837 17.540541 0.863540 0.102389 387.817 0 0
1500.0 87.070251 -33.271432 17.668992 0.419763 -0.472664 387.822 0 0
1500.0 125.645995 -10.521805 17.638152 0.991127 -0.172377 387.875 0 0
1500.0 112.602187 22.973753 17.543382 0.816153 0.358382 387.956 0 0
1500.0 44.303824 57.067066 17.501158 -0.263620 0.785027 387.977 0 0
1500.0 96.491037 -58.093391 17.604695 0.526599 -0.854339 387.980 0 0
1500.0 79.184398 56.563781 17.544009 0.353056 0.823372 387.986 0 0
1500.0 78.722877 -5.788328 18.818134 0.495213 -0.111187 388.065 0 0
1500.0 70.607065 -26.086250 17.786371 0.179277 -0.426440 388.006 0 0
1500.0 44.389327 -48.442888 17.667758 -0.250498 -0.707932 388.080 0 0
1500.0 90.827201 15.418232 17.547737 0.451840 0.289435 388.148 0 0
1500.0 69.242356 -33.420999 17.683627 0.193848 -0.472428 388.178 0 0
1500.0 93.442744 24.975580 17.690769 0.512996 0.421226 388.187 0 0
1500.0 67.737701 1.829196 17.553995 0.080162 -0.014033 388.192 0 0
1500.0 64.743033 11.710146 17.743624 0.087213 0.228250 388.274 0 0
1500.0 26.566026 -21.763357 17.527193 -0.458734 -0.301111 388.377 0 0
1500.0 -11.173885 9.614234 17.503358 -0.964851 0.156652 388.349 0 0
1500.0 108.835635 52.622784 17.570954 0.738932 0.743046 388.320 0 0
1500.0 74.398538 -8.444228 18.156768 0.375277 -0.117269 388.407 0 0
1500.0 54.952075 40.538536 17.551933 -0.060140 0.645292 388.455 0 0
1500.0 116.118532 12.757185 17.662965 0.844724 0.240818 388.669 0 0
1500.0 60.106691 25.727269 18.054822 0.037615 0.391532 388.674 0 0
1500.0 64.825566 -8.326626 18.203432 0.113804 -0.132043 388.651 0 0
1500.0 58.963724 45.398990 17.555135 -0.003100 0.712167 388.674 0 0
1500.0 121.410344 -8.967117 17.545991 0.945194 -0.117030 388.773 0 0
1500.0 20.413357 -51.154289 17.564065 -0.600572 -0.696868 388.682 0 0
1500.0 0.961842 -32.409826 17.522425 -0.858145 -0.461643 389.030 0 0
1500.0 109.770619 -45.498576 17.555798 0.779679 -0.617726 389.217 0 0
1500.0 114.545991 116.791124 17.538910 0.739363 1.666975 389.105 0 0
1500.0 60.068282 20.405275 18.030143 0.034224 0.324116 389.086 0 0
1500.0 67.145891 -64.455654 17.663266 0.094128 -1.032444 389.194 0 0
1500.0 125.864250 -0.806775 17.557256 0.999696 -0.004310 389.281 0 0
1500.0 60.491241 15.557639 17.669618 -0.021556 0.245243 389.301 0 0
1500.0 80.170554 2.485892 18.829999 0.478669 -0.029379 389.428 0 0
1500.0 85.340736 -41.240997 17.740110 0.469756 -0.603374 389.396 0 0
1500.0 78.423842 17.757657 17.979578 0.295129 0.301791 389.404 0 0
1500.0 58.399622 -14.006537 18.101881 0.079369 -0.264373 389.559 0 0
1500.0 45.581105 32.804009 17.599799 -0.145490 0.476629 389.569 0 0
1500.0 80.267722 -11.342714 18.554856 0.413689 -0.188291 389.599 0 0
1500.0 87.202179 15.269018 17.576005 0.460483 0.279563 389.615 0 0
1500.0 20.028784 62.325633 17.538124 -0.589331 0.838273 389.716 0 0
1500.0 97.915324 14.792052 18.409483 0.700541 0.229412 389.819 0 0
1500.0 45.665598 36.647173 17.577721 -0.138447 0.586601 389.779 0 0
1500.0 128.015785 -94.196419 17.789273 1.212614 -1.555388 389.773 0 0
1500.0 100.311075 49.308139 17.577147 0.572402 0.753772 389.966 0 0
1500.0 73.728942 -3.841594 18.360518 0.368071 -0.126647 390.089 0 0
1500.0 43.357518 -2.104416 17.983783 -0.225404 -0.023785 390.133 0 0
1500.0 -22.837019 24.153318 17.610500 -1.170114 0.363190 390.177 0 0
1500.0 74.876736 -4.887126 17.652817 0.242860 -0.115347 390.343 0 0
1500.0 30.379497 45.760136 17.577633 -0.467030 0.643866 390.391 0 0
1500.0 9.417801 28.704572 17.587782 -0.678605 0.477354 390.533 0 0
1500.0 76.319803 3.066133 18.788439 0.466413 0.039182 390.675 0 0
1500.0 11.570280 59.035479 17.561005 -0.696365 0.783553 390.624 0 0
1500.0 86.529600 11.170850 17.622616 0.371763 0.221024 390.665 0 0
1500.0 88.838193 15.024038 18.562461 0.618375 0.337794 390.791 0 0
1500.0 107.049131 -77.701053 17.630002 0.759058 -1.118863 390.832 0 0
1500.0 119.229934 25.524196 17.604281 0.869606 0.424312 391.092 0 0
1500.0 53.053505 38.289184 17.625413 -0.117993 0.614405 391.107 0 0
1500.0 96.637316 61.281169 17.626767 0.569216 0.850562 391.224 0 0
1500.0 81.613056 7.716325 19.303077 0.575388 0.079059 391.274 0 0
1500.0 109.247762 -9.755926 17.750647 0.811785 -0.132949 391.315 0 0
1500.0 95.231816 -61.168249 17.646652 0.509459 -0.969375 391.249 0 0
1500.0 23.807858 -54.236998 17.591767 -0.553175 -0.770398 391.340 0 0
1500.0 103.942965 -25.012630 17.758598 0.739070 -0.357132 391.556 0 0
1500.0 -12.416361 18.603382 17.642614 -1.001079 0.301565 391.620 0 0
1500.0 77.736225 -5.730116 17.749335 0.285704 -0.129117 391.643 0 0
1500.0 43.720878 -35.769708 17.877218 -0.231675 -0.530955 391.779 0 0
1500.0 91.256726 -41.661917 17.754095 0.511641 -0.659714 391.994 0 0
1500.0 64.203197 8.522222 17.747191 0.150818 0.114175 392.081 0 0
1500.0 49.298529 71.926657 17.624588 -0.133610 1.037894 392.089 0 0
1500.0 -9.936878 -35.943947 17.631525 -0.985538 -0.580631 392.018 0 0
1500.0 105.977854 -13.404155 17.709840 0.755993 -0.237007 392.099 0 0
1500.0 89.094659 -12.435265 17.909802 0.482595 -0.153639 392.133 0 0
1500.0 81.332115 -8.108416 18.015020 0.419009 -0.166560 392.155 0 0
1500.0 98.565343 43.954259 17.676375 0.564807 0.708798 392.162 0 0
1500.0 90.758046 78.825998 17.647079 0.502900 1.134509 392.223 0 0
1500.0 77.685986 50.382606 17.994309 0.336728 0.818111 392.332 0 0
1500.0 44.422391 -46.364597 17.697193 -0.249537 -0.718403 392.501 0 0
1500.0 38.190883 64.190932 17.703145 -0.279308 0.963687 392.698 0 0
1500.0 -3.562089 12.932805 17.641151 -0.921014 0.239730 392.689 0 0
1500.0 73.233728 1.720699 17.899764 0.276771 -0.041765 392.661 0 0
1500.0 78.708465 -0.694212 18.350598 0.404666 0.056385 392.717 0 0
1500.0 110.971220 30.923020 17.677929 0.743540 0.438976 392.812 0 0
1500.0 131.653748 -7.076761 17.634136 1.047455 -0.040712 393.211 0 0
1500.0 61.209611 -8.486953 18.178715 0.106154 -0.193881 393.217 0 0
1500.0 114.765565 -5.035186 17.697212 0.847356 -0.142801 393.273 0 0
1500.0 -9.168887 -25.599260 17.635796 -0.975950 -0.337646 393.295 0 0
1500.0 73.476484 -2.657925 18.659111 0.275529 0.016083 393.423 0 0
1500.0 79.887007 16.850502 17.711205 0.366146 0.297581 393.504 0 0
1500.0 74.039123 31.947279 17.712733 0.199860 0.538011 393.571 0 0
1500.0 101.879637 24.530578 17.897788 0.770613 0.340237 393.580 0 0
1500.0 122.172394 -2.828594 17.637330 0.901168 -0.077186 393.599 0 0
1500.0 0.633341 37.028141 17.654093 -0.850293 0.575171 393.600 0 0
1500.0 45.328068 65.834311 17.668540 -0.183352 0.935488 393.674 0 0
1500.0 76.381849 9.320595 18.500127 0.330052 0.189641 393.714 0 0
1500.0 79.867016 54.885688 17.761026 0.397334 0.873801 393.638 0 0
1500.0 63.110451 44.652115 18.191435 0.095189 0.772960 393.767 0 0
1500.0 -6.862021 15.409666 17.710608 -0.974239 0.175991 393.980 0 0
1500.0 26.145933 -27.018386 17.697028 -0.445250 -0.383312 394.025 0 0
1500.0 61.429146 9.545837 18.380576 0.072562 0.141979 394.043 0 0
1500.0 21.353550 26.983272 18.053076 -0.586256 0.474064 394.109 0 0
1500.0 74.704747 1.460599 18.639648 0.356537 -0.022940 394.137 0 0
1500.0 74.182305 30.037818 17.735627 0.257719 0.425223 394.573 0 0
1500.0 108.144310 40.716688 17.757175 0.811985 0.599611 394.238 0 0
1500.0 11.946600 -8.928851 17.691278 -0.719361 -0.197184 394.234 0 0
1500.0 114.095240 -21.453733 17.968450 0.987795 -0.309697 394.599 0 0
1500.0 65.096137 -60.603547 17.700174 0.104357 -0.862094 394.775 0 0
1500.0 105.096302 49.562333 17.671685 0.668946 0.720771 394.765 0 0
1500.0 47.259795 67.549057 17.691909 -0.209550 1.003689 394.860 0 0
1500.0 60.607271 39.613760 17.743005 -0.012314 0.579462 395.111 0 0
1500.0 56.045253 2.682590 18.714599 0.052393 0.081508 395.201 0 0
1500.0 84.799152 -29.271324 17.691058 0.396486 -0.418671 395.280 0 0
1500.0 105.062557 2.084023 18.107409 0.783189 -0.019943 395.365 0 0
1500.0 -3.819462 -33.869466 17.729992 -0.912914 -0.515254 395.367 0 0
1500.0 68.528700 24.285527 17.852362 0.195802 0.437571 395.494 0 0
1500.0 72.252443 18.618256 17.760962 0.210468 0.358371 395.545 0 0
1500.0 -10.158719 -20.692966 17.701054 -1.017073 -0.250513 395.566 0 0
1500.0 65.968154 31.038613 17.739576 0.087298 0.461738 395.843 0 0
1500.0 22.787062 -97.784974 17.729619 -0.601276 -1.565070 395.845 0 0
1500.0 30.738176 17.027242 17.836923 -0.511542 0.310558 396.058 0 0
1500.0 63.286564 -3.934684 18.245061 0.074175 -0.062707 396.124 0 0
1500.0 134.310500 -4.510939 18.283798 1.410406 -0.083262 396.154 0 0
1500.0 39.390745 12.185921 17.780037 -0.279169 0.201763 396.184 0 0
1500.0 70.088405 5.849562 17.776995 0.143685 0.147362 396.198 0 0
1500.0 100.733839 52.448317 17.735186 0.610278 0.777799 396.240 0 0
1500.0 86.676627 -12.483048 18.308074 0.560113 -0.159001 396.259 0 0
1500.0 29.166493 -2.351594 17.961477 -0.532941 -0.046494 396.332 0 0
1500.0 103.443091 6.316434 18.723743 0.848023 0.135482 396.438 0 0
1500.0 84.017780 1.887196 18.538071 0.538603 -0.012488 396.411 0 0
1500.0 32.650344 -3.282927 17.776665 -0.412905 0.010979 396.564 0 0
1500.0 34.774125 -34.501951 17.989755 -0.337770 -0.580510 396.729 0 0
1500.0 90.218549 16.888189 17.955779 0.585220 0.243245 396.718 0 0
1500.0 81.303654 26.598011 17.979706 0.466028 0.431741 396.762 0 0
1500.0 109.765414 -86.499643 18.096270 0.874943 -1.566288 396.855 0 0
1500.0 13.642139 -14.543718 17.751911 -0.713888 -0.276016 397.159 0 0
1500.0 90.633490 12.450983 18.233938 0.582391 0.305270 397.243 0 0
1500.0 65.615008 16.437170 18.272570 0.193761 0.316065 397.319 0 0
1500.0 52.560554 -2.988850 17.724604 -0.164827 -0.036911 397.386 0 0
1500.0 9.719271 37.760166 17.756493 -0.718482 0.630257 397.544 0 0
1500.0 36.349957 1.479865 17.773565 -0.347279 0.097332 397.649 0 0
1500.0 55.822821 5.584521 17.741602 -0.054515 0.011284 397.732 0 0
1500.0 131.052964 60.456127 17.875838 1.208287 1.067305 397.800 0 0
1500.0 82.252676 50.222278 17.781140 0.388217 0.864186 397.826 0 0
1500.0 112.458138 12.158887 18.615227 1.082404 0.223833 397.844 0 0
1500.0 105.144478 21.082257 18.274216 0.811044 0.369489 397.932 0 0
1500.0 76.012986 -6.430197 17.739917 0.256918 -0.173988 397.898 0 0
1500.0 131.988983 14.802256 17.689860 1.113447 0.171392 397.954 0 0
1500.0 27.591018 27.719899 17.753408 -0.444041 0.418456 398.013 0 0
1500.0 94.463602 -9.548821 18.271624 0.687567 -0.103813 398.057 0 0
1500.0 41.337741 27.571339 17.770529 -0.269211 0.494944 398.018 0 0
1500.0 106.631059 17.889931 18.579760 1.055771 0.388198 398.044 0 0
1500.0 56.037638 -16.563312 18.017804 -0.053793 -0.239722 398.103 0 0
1500.0 38.483891 29.589980 17.921563 -0.350744 0.454899 398.143 0 0
1500.0 88.252177 -11.834407 18.411700 0.511437 -0.193713 398.343 0 0
1500.0 81.223944 31.411910 18.413332 0.455860 0.521294 398.510 0 0
1500.0 35.598274 -29.753568 18.217184 -0.370806 -0.490736 398.500 0 0
1500.0 75.371004 -2.149883 17.997252 0.302969 -0.106223 398.630 0 0
1500.0 94.595510 32.360521 18.216019 0.603577 0.546821 398.744 0 0
1500.0 58.705084 29.406744 17.785224 -0.027585 0.500377 398.751 0 0
1500.0 118.288752 -24.466769 17.841778 0.951482 -0.391831 398.785 0 0
1500.0 11.809803 3.401663 17.732902 -0.723012 -0.022096 398.791 0 0
1500.0 67.045877 -41.182617 17.853397 0.177220 -0.692227 398.922 0 0
1500.0 40.558752 -28.723727 18.060953 -0.312136 -0.448241 398.918 0 0
1500.0 73.212874 5.344848 17.786212 0.290084 0.138928 398.939 0 0
1500.0 45.612864 68.273885 17.828259 -0.200906 1.195937 399.059 0 0
1500.0 3.216498 87.274345 17.757133 -0.823241 1.379978 399.193 0 0
1500.0 93.613910 17.143926 17.941601 0.541578 0.269028 399.369 0 0
1500.0 79.202263 -27.394537 17.883599 0.353997 -0.387869 399.311 0 0
1500.0 60.806591 -20.177287 18.159656 0.098266 -0.318413 399.317 0 0
1500.0 87.684459 -5.451275 17.780837 0.451677 -0.033441 399.388 0 0
1500.0 15.002717 68.956004 17.723658 -0.652278 1.020527 399.446 0 0
1500.0 102.569421 70.952736 17.757078 0.681174 1.077340 399.431 0 0
1500.0 52.629743 7.793182 18.105317 -0.037455 0.193434 399.248 0 0
1500.0 -2.002920 23.681708 17.732994 -0.944384 0.387848 399.539 0 0
1500.0 57.708070 -8.960918 17.831744 0.034371 -0.209294 399.533 0 0
1500.0 76.251924 -17.492908 17.890646 0.313992 -0.256264 399.563 0 0
1500.0 39.057467 0.525130 18.126074 -0.341282 -0.029709 399.564 0 0
1500.0 95.895589 34.244450 17.916309 0.644036 0.558443 399.616 0 0
1500.0 59.917528 -18.979442 18.171633 0.015897 -0.296669 399.669 0 0
1500.0 84.110016 44.514589 18.065050 0.478361 0.709793 399.744 0 0
1500.0 74.302531 48.748918 17.732296 0.263474 0.809215 399.737 0 0
1500.0 126.649175 68.788684 18.188662 1.301636 1.262055 400.029 0 0
1500.0 76.032324 23.585540 17.967073 0.231140 0.387227 400.068 0 0
1500.0 81.988779 6.930635 17.901819 0.365296 0.149304 400.218 0 0
1500.0 42.998982 29.364358 17.876868 -0.220879 0.449051 400.111 0 0
1500.0 52.742433 60.430860 17.759100 -0.025180 0.954594 400.102 0 0
1500.0 95.121641 -5.853424 18.058515 0.636266 -0.151778 400.092 0 0
1500.0 58.466108 -13.687711 18.271946 0.076460 -0.279899 400.251 0 0
1500.0 58.855429 -46.542633 17.772262 0.026080 -0.789593 400.201 0 0
1500.0 102.736121 -44.929077 17.728577 0.645393 -0.740551 400.264 0 0
1500.0 101.936669 -20.445104 18.273822 0.776223 -0.329106 400.293 0 0
1500.0 -6.870879 1.043116 17.728581 -0.984481 -0.056663 400.303 0 0
1500.0 77.526522 -41.378908 17.796999 0.373335 -0.655003 400.487 0 0
1500.0 67.909628 -11.561938 17.962056 0.168350 -0.215971 400.540 0 0
1500.0 47.846004 26.934480 17.939078 -0.141224 0.387673 400.621 0 0
1500.0 104.776961 6.984987 17.821794 0.748688 0.036312 400.609 0 0
1500.0 83.025794 -0.753165 18.630211 0.471408 -0.023157 400.810 0 0
1500.0 138.489541 11.237728 17.728782 1.204624 0.123027 400.865 0 0
1500.0 93.321195 57.660903 17.766105 0.501779 0.913544 400.928 0 0
1500.0 72.047720 -27.665381 18.113402 0.194697 -0.457439 400.891 0 0
1500.0 51.632847 13.287493 17.969050 -0.050266 0.277628 401.003 0 0
1500.0 58.233170 -34.784287 18.112060 -0.013786 -0.563669 401.034 0 0
1500.0 118.256252 21.664620 17.915810 0.956561 0.363189 401.063 0 0
1500.0 62.623659 -78.275667 18.144548 0.151257 -1.411168 401.109 0 0
1500.0 36.164167 63.992350 17.744113 -0.373736 0.955677 401.295 0 0
1500.0 109.719702 -45.680072 17.730804 0.737540 -0.739948 401.334 0 0
1500.0 39.733978 -63.794090 17.730881 -0.287141 -1.004909 401.352 0 0
1500.0 69.233585 -37.698485 17.868114 0.189215 -0.572639 401.410 0 0
1500.0 63.696246 -35.363084 17.810316 0.122232 -0.533332 401.449 0 0
1500.0 25.184237 -61.011533 17.735884 -0.434435 -0.937782 401.466 0 0
1500.0 119.086720 9.116897 17.729203 0.936641 0.208052 401.529 0 0
1500.0 72.175946 47.180421 17.793963 0.166900 0.735218 401.576 0 0
1500.0 -5.067975 -27.432215 17.733340 -0.936339 -0.469303 401.836 0 0
1500.0 61.604109 66.601134 17.732682 0.069426 1.044963 401.885 0 0
1500.0 85.489896 57.818677 17.859559 0.490717 0.934306 401.971 0 0
1500.0 45.015435 -61.196021 17.816069 -0.155540 -0.977687 402.059 0 0
1500.0 124.277108 7.090969 17.836189 1.037189 0.056548 402.256 0 0
1500.0 74.941779 -65.191603 17.736329 0.225197 -1.011668 402.277 0 0
1500.0 113.221860 -17.026232 17.849134 0.843177 -0.269493 402.328 0 0
1500.0 87.910075 -40.381871 17.765339 0.512505 -0.659810 402.418 0 0
1500.0 71.270594 -21.163259 17.762279 0.246497 -0.390162 402.531 0 0
1500.0 137.801747 50.944213 17.966798 1.401619 0.871420 402.615 0 0
1500.0 88.739885 12.691905 17.760879 0.515056 0.132146 402.669 0 0
1500.0 46.986811 -31.409765 17.760237 -0.127945 -0.546603 402.735 0 0
1500.0 78.388886 7.370598 18.626558 0.422280 0.084939 402.908 0 0
1500.0 112.271964 -1.253326 18.053804 0.912069 -0.044885 402.843 0 0
1500.0 83.556283 38.731073 18.300724 0.442122 0.645238 403.115 0 0
1500.0 85.980068 55.799181 17.784731 0.381897 0.857992 403.189 0 0
1500.0 45.526705 17.752667 17.921928 -0.194869 0.345027 403.169 0 0
1500.0 23.039035 9.009377 18.007671 -0.573080 0.146300 403.273 0 0
1500.0 71.709904 32.541958 17.776988 0.286822 0.491622 403.388 0 0
1500.0 86.642647 -60.604576 17.841779 0.478003 -0.918827 403.426 0 0
1500.0 62.348503 -64.460849 17.761520 0.122492 -1.004344 403.764 0 0
1500.0 110.250289 6.852446 17.753236 0.833649 0.041565 403.660 0 0
1500.0 9.645041 -15.408601 17.743555 -0.778784 -0.169819 403.642 0 0
1500.0 118.197834 3.157502 17.902309 0.984241 0.110195 403.648 0 0
1500.0 83.306531 22.540649 18.964810 0.597867 0.483985 403.649 0 0
1500.0 68.164584 47.921146 18.367296 0.151250 0.874311 403.817 0 0
1500.0 121.000948 -19.192547 17.889600 0.991496 -0.285018 403.851 0 0
1500.0 19.141597 -38.618157 17.743649 -0.618920 -0.533673 403.870 0 0
1500.0 104.379698 -47.942573 17.797295 0.742600 -0.717142 403.940 0 0
1500.0 24.031213 15.654463 17.992051 -0.558128 0.213730 403.974 0 0
1500.0 77.315073 22.998697 18.077757 0.355866 0.341840 404.092 0 0
1500.0 40.865332 -12.233849 18.075990 -0.363178 -0.184924 404.202 0 0
1500.0 83.648232 15.674681 17.886921 0.481310 0.253991 404.281 0 0
1500.0 85.953496 60.950698 17.855041 0.477206 0.933061 404.353 0 0
1500.0 95.264996 37.673380 17.769722 0.639099 0.561937 404.377 0 0
1500.0 90.866130 -25.270098 17.883357 0.587979 -0.369517 404.687 0 0
1500.0 53.459090 38.621051 17.807840 -0.076387 0.601720 404.753 0 0
1500.0 67.689920 10.290706 18.342912 0.217473 0.231500 404.799 0 0
1500.0 47.543921 -62.372662 17.749481 -0.115641 -0.991063 404.832 0 0
1500.0 114.093566 8.303651 18.111696 0.929080 0.126042 404.889 0 0
1500.0 24.753250 -55.967329 17.749431 -0.454888 -0.894635 404.903 0 0
1500.0 59.182694 -62.924211 17.749456 0.057825 -0.998807 404.864 0 0
1500.0 75.415026 3.644809 18.436049 0.412800 0.020501 405.057 0 0
1500.0 81.063260 72.232105 17.849928 0.436253 1.155774 404.898 0 0
1500.0 47.818497 58.792826 17.780779 -0.088537 0.923907 405.185 0 0
1500.0 106.376943 2.799743 17.880011 0.817547 0.056440 405.173 0 0
1500.0 40.279595 -14.613196 18.565781 -0.283721 -0.244868 405.189 0 0
1500.0 64.234784 0.547067 17.939477 0.165757 -0.014949 405.291 0 0
1500.0 17.485909 14.504740 18.007476 -0.646892 0.288166 405.346 0 0
1500.0 25.277232 -34.507705 17.801467 -0.568492 -0.507122 405.384 0 0
1500.0 107.503175 26.802041 17.865809 0.742898 0.437238 405.443 0 0
1500.0 20.261583 -56.864100 17.815373 -0.620769 -0.837227 405.504 0 0
1500.0 52.143081 -67.805336 17.768031 -0.028334 -1.025322 405.649 0 0
1500.0 122.315111 -16.648559 17.767900 0.986063 -0.286081 405.630 0 0
1500.0 77.221093 37.061203 17.999705 0.372342 0.611972 405.667 0 0
1500.0 76.679231 37.977433 17.898450 0.329116 0.638559 405.805 0 0
1500.0 102.681054 -6.921651 17.998655 0.754412 -0.050803 405.811 0 0
1500.0 81.737698 -36.019954 17.844715 0.321737 -0.620784 405.803 0 0
1500.0 74.188409 9.097615 18.966629 0.422104 0.128184 405.901 0 0
1500.0 -33.729774 58.056814 17.870830 -1.583936 1.018209 405.881 0 0
1500.0 94.881694 -25.963020 17.763474 0.519613 -0.461267 406.017 0 0
1500.0 122.145405 14.948504 17.766823 1.018110 0.212118 406.188 0 0
1500.0 91.150502 -59.034834 17.766916 0.561051 -0.877366 406.234 0 0
1500.0 116.596419 -8.656831 17.876360 0.958424 -0.114724 406.088 0 0
1500.0 97.257413 31.463540 17.996147 0.668701 0.523212 406.224 0 0
1500.0 116.522574 -19.747392 18.331588 1.083242 -0.282566 406.076 0 0
1500.0 55.304004 22.424552 18.084206 -0.103129 0.329983 406.136 0 0
1500.0 33.005381 18.842343 17.916737 -0.440702 0.288386 406.262 0 0
1500.0 93.153124 -11.986889 18.467098 0.617603 -0.171339 406.404 0 0
1500.0 84.207165 -7.544629 18.648948 0.516830 -0.097562 406.504 0 0
1500.0 49.178779 37.780782 17.867485 -0.116086 0.593115 406.496 0 0
1500.0 -3.859323 21.071285 17.803083 -0.976812 0.276197 406.559 0 0
1500.0 35.311704 -33.881694 17.913840 -0.403533 -0.514051 406.580 0 0
1500.0 48.681984 59.677363 17.874498 -0.147770 0.909236 406.707 0 0
1500.0 45.392292 -15.819915 18.200592 -0.163888 -0.264902 406.744 0 0
1500.0 42.631754 -21.364341 18.230961 -0.247061 -0.326547 406.923 0 0
1500.0 55.881369 49.777251 17.798863 -0.003395 0.758003 406.952 0 0
1500.0 31.513386 7.147147 18.230676 -0.414160 0.102347 406.950 0 0
1500.0 34.882095 56.338025 17.756329 -0.327338 0.873142 406.982 0 0
1500.0 75.914396 13.535739 17.871494 0.298226 0.283605 406.969 0 0
1500.0 83.569071 -39.649658 17.856455 0.420829 -0.671414 407.016 0 0
1500.0 68.212419 4.222513 18.666116 0.284556 0.099822 407.119 0 0
1500.0 67.461458 -25.108887 17.858082 0.165551 -0.410483 407.129 0 0
1500.0 98.959475 -38.716837 18.768877 0.782420 -0.746445 407.096 0 0
1500.0 48.790030 -0.200378 17.785995 -0.196108 -0.061134 407.157 0 0
1500.0 4.895413 -38.952342 17.795665 -0.854790 -0.559262 407.199 0 0
1500.0 72.993900 -17.342976 18.346007 0.280421 -0.328005 407.311 0 0
1500.0 81.439182 -54.168618 17.752858 0.421422 -0.795047 407.305 0 0
1500.0 -8.688548 67.518537 17.864586 -1.137456 1.156648 407.355 0 0
1500.0 121.924021 16.317092 17.877140 1.016704 0.251535 407.474 0 0
1500.0 85.169106 -32.909114 18.669083 0.576322 -0.585932 407.469 0 0
1500.0 55.587330 32.684246 17.894776 -0.030460 0.520571 407.567 0 0
1500.0 150.818307 137.340273 17.862755 1.550166 2.196753 407.550 0 0
1500.0 -0.958006 -18.482092 17.829552 -0.902655 -0.265157 407.736 0 0
1500.0 117.772905 1.502708 18.400586 1.057607 0.033220 407.696 0 0
1500.0 69.929115 -18.718407 18.105013 0.149429 -0.303994 407.753 0 0
1500.0 63.640423 -2.091446 18.019190 0.109712 0.044462 407.811 0 0
1500.0 44.968642 30.291178 18.116393 -0.194502 0.517238 407.843 0 0
1500.0 52.146577 -26.006852 18.103586 -0.120210 -0.413776 407.885 0 0
1500.0 20.397797 4.801992 17.778864 -0.629246 0.016195 407.849 0 0
1500.0 63.655300 -56.508780 17.775838 0.138270 -0.831375 407.973 0 0
1500.0 56.296267 23.857552 17.918366 -0.046821 0.382977 408.115 0 0
1500.0 105.126801 -33.348110 18.164355 0.791955 -0.617716 408.147 0 0
1500.0 72.905846 -64.193697 17.755952 0.177603 -1.012440 408.184 0 0
1500.0 82.895113 8.256478 17.953631 0.365134 0.193450 408.160 0 0
1500.0 63.053394 15.032451 19.020693 0.181504 0.251263 408.262 0 0
1500.0 99.574347 -32.231837 18.083927 0.754092 -0.490148 408.270 0 0
1500.0 70.141952 5.864680 18.786963 0.321444 0.123055 408.355 0 0
1500.0 31.021357 14.402469 18.032876 -0.405006 0.289407 408.321 0 0
1500.0 121.165101 45.271617 17.828985 1.055174 0.682251 408.405 0 0
1500.0 8.910165 -42.642910 17.778683 -0.705542 -0.682439 408.525 0 0
1500.0 35.513506 15.416519 17.899890 -0.325664 0.275836 408.537 0 0
1500.0 46.824273 9.494982 18.311429 -0.128660 0.211587 408.536 0 0
1500.0 12.018611 26.839335 17.773655 -0.749450 0.350151 408.566 0 0
1500.0 119.480429 -21.592050 17.889909 0.956632 -0.346007 408.630 0 0
1500.0 22.860971 -52.120497 17.780753 -0.504119 -0.815643 408.745 0 0
1500.0 63.059991 12.018816 18.442769 0.066528 0.238276 408.681 0 0
1500.0 94.315636 -11.548728 18.125327 0.663699 -0.177193 408.824 0 0
1500.0 70.787047 42.677658 18.233337 0.222175 0.703234 408.876 0 0
1500.0 97.985627 21.210539 17.928973 0.682399 0.364505 408.886 0 0
1500.0 146.388696 46.724412 17.900207 1.431028 0.722027 408.982 0 0
1500.0 99.822426 -4.567849 18.123765 0.743893 -0.072346 409.033 0 0
1500.0 -105.452460 -10.899855 17.769159 -2.543583 -0.191069 409.053 0 0
1500.0 98.690153 -44.651519 17.771233 0.560273 -0.728082 409.084 0 0
1500.0 119.818052 5.864445 17.888368 0.961489 0.096742 409.224 0 0
1500.0 108.762557 -42.267305 17.908569 0.775198 -0.670798 409.190 0 0
1500.0 60.552205 65.957780 17.753440 0.035450 1.043822 409.191 0 0
1500.0 50.209546 -23.152177 18.220994 -0.139715 -0.394768 409.250 0 0
1500.0 80.600620 4.152439 18.144134 0.383431 -0.002161 409.409 0 0
1500.0 101.420601 -21.466658 18.121571 0.763802 -0.323131 409.381 0 0
1500.0 56.764024 23.267995 17.832979 0.012795 0.429636 409.327 0 0
1500.0 82.969632 -21.768099 17.821084 0.355679 -0.371229 409.493 0 0
1500.0 42.345662 -58.421721 17.770066 -0.285553 -0.929323 409.507 0 0
1500.0 58.401510 -0.539458 17.968695 0.055412 0.043538 409.554 0 0
1500.0 52.516434 49.297359 18.098882 -0.067346 0.888195 409.559 0 0
1500.0 36.016722 20.573117 17.923591 -0.386643 0.349769 409.693 0 0
1500.0 25.297831 -0.892036 17.922983 -0.549726 0.022113 409.756 0 0
1500.0 114.909705 -7.555905 17.894567 0.884354 -0.093189 409.812 0 0
1500.0 114.256701 0.487124 17.910129 0.906406 -0.032119 410.132 0 0
1500.0 100.425617 2.888098 17.865186 0.719192 0.061076 410.272 0 0
1500.0 52.931845 26.010009 17.865443 -0.068590 0.475526 410.280 0 0
1500.0 101.125261 24.654591 17.865188 0.681599 0.343515 410.652 0 0
1500.0 112.398795 36.914983 17.881624 0.829052 0.590572 410.664 0 0
1500.0 118.470445 5.381935 18.117716 0.998758 0.074530 410.624 0 0
1500.0 32.989026 -22.226213 17.806411 -0.349740 -0.378211 410.697 0 0
1500.0 64.935782 -61.794617 17.838945 0.069818 -0.939964 410.839 0 0
1500.0 83.039956 11.897688 18.681161 0.502682 0.177190 410.928 0 0
1500.0 77.192675 -28.430124 18.080874 0.342557 -0.502375 410.873 0 0
1500.0 87.617513 0.477814 18.334844 0.589283 -0.071189 410.927 0 0
1500.0 82.940203 52.160721 17.769013 0.420207 0.759158 411.070 0 0
1500.0 61.264073 56.644242 17.821092 0.079949 0.919204 411.021 0 0
1500.0 61.786581 -45.667540 18.010829 0.051121 -0.845527 411.048 0 0
1500.0 63.598878 -40.061353 18.078902 0.137106 -0.675355 411.108 0 0
1500.0 95.265699 5.564659 17.928615 0.582348 0.159462 411.123 0 0
1500.0 141.825977 25.159955 18.070258 1.506530 0.383428 411.142 0 0
1500.0 -0.386181 -32.776261 17.772631 -0.900970 -0.532151 411.243 0 0
1500.0 19.143245 -8.852957 18.037446 -0.682705 -0.210558 411.297 0 0
1500.0 98.062008 -43.710016 17.913060 0.656713 -0.670715 411.315 0 0
1500.0 85.757805 -33.319913 18.251236 0.539848 -0.536042 411.316 0 0
1500.0 62.760807 -16.113257 17.934540 0.029815 -0.268136 411.425 0 0
1500.0 96.580146 40.583551 18.015400 0.666953 0.637016 411.431 0 0
1500.0 107.131296 -3.256212 17.798181 0.777168 -0.118466 411.383 0 0
1500.0 77.514613 56.185200 17.769742 0.275418 0.869867 411.551 0 0
1500.0 106.433771 -3.410656 18.245089 0.844656 -0.030709 411.525 0 0
1500.0 93.125436 -32.096095 18.015309 0.613961 -0.616362 411.547 0 0
1500.0 92.437715 -29.218582 18.241067 0.555877 -0.506398 411.630 0 0
1500.0 41.905437 -49.223275 17.796690 -0.212414 -0.813352 411.632 0 0
1500.0 92.826227 -12.506393 18.102379 0.597174 -0.277815 411.702 0 0
1500.0 62.285651 -40.720354 18.034760 0.055458 -0.742227 411.701 0 0
1500.0 74.339589 40.178824 17.999809 0.332270 0.649105 411.814 0 0
1500.0 70.147006 -49.229684 17.840406 0.216506 -0.812895 411.822 0 0
1500.0 103.685981 5.123644 18.252880 0.804535 0.049454 411.852 0 0
1500.0 112.835804 23.661193 17.907905 0.901989 0.361220 411.934 0 0
1500.0 4.052679 7.555824 17.780076 -0.859281 0.050749 411.924 0 0
1500.0 79.766225 1.101999 18.382770 0.414558 -0.027258 411.989 0 0
1500.0 47.191329 -8.971558 18.321193 -0.125963 -0.202551 412.008 0 0
1500.0 112.923704 -24.556190 18.118295 0.913333 -0.386408 412.092 0 0
1500.0 82.087083 43.814031 17.928856 0.435632 0.707603 412.056 0 0
1500.0 87.040823 -20.213660 18.962407 0.585793 -0.375815 412.133 0 0
1500.0 135.861291 43.511084 18.059622 1.353560 0.739257 412.114 0 0
1500.0 58.776380 65.624549 17.819849 0.041857 1.034377 412.277 0 0
1500.0 79.091755 -9.771712 18.177739 0.442455 -0.145013 412.259 0 0
1500.0 66.835508 3.992040 18.377384 0.230280 0.131147 412.386 0 0
1500.0 80.184994 -8.615215 18.121735 0.444251 -0.095501 412.429 0 0
1500.0 95.479109 -15.053123 17.809874 0.617917 -0.290781 412.388 0 0
1500.0 87.572620 3.151486 17.911597 0.540709 0.054265 412.485 0 0
1500.0 101.097001 21.909462 18.844537 0.938177 0.376500 412.488 0 0
1500.0 94.453781 -41.407949 17.921489 0.594039 -0.626358 412.536 0 0
1500.0 18.758686 -48.719108 17.782238 -0.610150 -0.749870 412.577 0 0
1500.0 -4.878600 -9.025205 17.782375 -0.947801 -0.182493 412.591 0 0
1500.0 69.873520 19.113517 18.374762 0.274725 0.356078 412.631 0 0
1500.0 78.962587 36.520301 18.125825 0.349522 0.662307 412.588 0 0
1500.0 34.296094 52.023482 17.922713 -0.329801 0.839606 412.802 0 0
1500.0 -22.216252 96.634947 17.926240 -1.269013 1.607164 412.771 0 0
1500.0 90.049228 -46.449380 18.103491 0.546749 -0.851808 412.784 0 0
1500.0 84.081582 -1.380717 18.393046 0.505131 -0.058531 412.950 0 0
1500.0 87.065507 23.146688 18.039265 0.544305 0.356483 413.034 0 0
1500.0 40.806056 -0.983592 18.127563 -0.366699 -0.073435 413.029 0 0
1500.0 63.988151 -24.448302 18.174249 0.132040 -0.443554 413.107 0 0
1500.0 64.611247 8.984703 17.947230 0.087242 0.207939 413.117 0 0
1500.0 103.401621 -16.751475 17.928534 0.714217 -0.273317 413.223 0 0
1500.0 26.112876 61.582045 17.884221 -0.462362 1.035260 413.176 0 0
1500.0 96.309507 -52.700832 17.892851 0.571361 -0.848628 413.301 0 0
1500.0 0.241918 -0.189483 17.799442 -0.927228 0.041910 413.304 0 0
1500.0 88.375565 -10.631757 18.172504 0.498272 -0.234681 413.285 0 0
1500.0 77.673974 17.778450 17.922674 0.324938 0.347526 413.373 0 0
1500.0 102.117695 -49.993396 17.891961 0.714399 -0.767009 413.492 0 0
1500.0 75.166750 -35.497013 17.936863 0.224301 -0.638428 413.439 0 0
1500.0 90.270989 -43.999174 18.246045 0.561343 -0.804759 413.498 0 0
1500.0 35.561488 -47.581519 17.793956 -0.364611 -0.722947 413.609 0 0
1500.0 102.094279 -28.933430 17.903494 0.749610 -0.428160 413.598 0 0
1500.0 69.043247 -32.270311 17.888419 0.249954 -0.518404 413.813 0 0
1500.0 -3.567633 -133.742505 17.824877 -0.923809 -2.149905 413.724 0 0
1500.0 90.689442 38.057932 18.135592 0.546367 0.687720 413.653 0 0
1500.0 28.758003 36.572380 18.017780 -0.453228 0.611535 413.853 0 0
1500.0 150.313433 30.620040 18.004287 1.565558 0.487262 413.862 0 0
1500.0 36.557229 64.054880 17.855620 -0.302728 1.002746 413.934 0 0
1500.0 101.815566 -31.376538 17.856364 0.740135 -0.474580 413.977 0 0
1500.0 71.792754 1.452523 17.814801 0.204697 -0.054570 414.229 0 0
1500.0 104.423825 8.497003 17.974915 0.781866 0.223495 414.088 0 0
1500.0 101.725575 -11.622812 18.072133 0.695813 -0.194864 414.265 0 0
1500.0 117.949461 -18.151819 17.794220 0.926470 -0.336483 414.252 0 0
1500.0 110.368250 22.688507 18.109852 0.876056 0.367524 414.285 0 0
1500.0 83.038163 4.455807 18.207312 0.499827 0.090551 414.290 0 0
1500.0 88.404580 -12.302130 18.368978 0.506401 -0.240957 414.357 0 0
1500.0 1.742980 32.558549 17.798242 -0.889330 0.524222 414.456 0 0
1500.0 85.659378 13.418424 18.205732 0.537855 0.224635 414.458 0 0
1500.0 93.669409 -27.905337 18.020672 0.597039 -0.485807 414.371 0 0
1500.0 94.329096 23.016865 17.997589 0.577410 0.422152 414.479 0 0
1500.0 40.010669 -3.394492 17.798771 -0.353967 -0.025311 414.331 0 0
1500.0 87.426660 33.166147 17.934048 0.477136 0.628075 414.319 0 0
1500.0 102.710271 49.780116 17.860050 0.650723 0.786795 414.692 0 0
1500.0 173.193588 11.269257 17.845991 1.774444 0.215169 414.682 0 0
1500.0 106.065614 11.044788 18.001107 0.818085 0.177583 414.634 0 0
1500.0 51.848530 -26.414632 17.810734 -0.103165 -0.482789 414.600 0 0
1500.0 22.589128 -28.944780 17.863830 -0.601937 -0.392062 414.853 0 0
1500.0 80.566394 -16.725699 18.116999 0.390786 -0.283307 414.943 0 0
1500.0 59.707204 -49.897908 17.789434 -0.000819 -0.827852 414.898 0 0
1500.0 23.573164 -4.161509 17.806814 -0.571377 0.000980 414.919 0 0
1500.0 106.213218 -23.167891 17.880424 0.803092 -0.372830 414.977 0 0
1500.0 89.118785 3.230876 17.984717 0.524984 -0.027627 415.007 0 0
1500.0 51.275163 -13.919054 18.024071 -0.114040 -0.240735 415.096 0 0
1500.0 87.200083 53.956056 17.848581 0.512262 0.822579 415.045 0 0
1500.0 52.855276 137.572290 17.784944 -0.032064 2.118679 415.137 0 0
1500.0 69.449736 10.713430 18.103793 0.235575 0.249283 415.151 0 0
1500.0 57.159462 13.352851 18.292653 0.007047 0.235539 415.449 0 0
1500.0 113.373789 -33.424991 17.853786 0.896228 -0.495631 415.284 0 0
1500.0 103.997615 45.256853 17.792818 0.755080 0.666630 415.386 0 0
1500.0 68.359543 -39.099448 17.913187 0.174164 -0.668694 415.423 0 0
1500.0 41.888320 39.788915 17.811945 -0.311689 0.645512 415.253 0 0
1500.0 75.157891 -27.491736 17.957521 0.317493 -0.483469 415.481 0 0
1500.0 80.083876 57.477017 17.910375 0.350182 0.923780 415.539 0 0
1500.0 33.426418 50.212845 17.858644 -0.426571 0.791824 415.627 0 0
1500.0 9.606154 -13.343311 17.788190 -0.807860 -0.175554 415.587 0 0
1500.0 41.017060 -4.035677 17.971024 -0.281280 -0.127074 415.536 0 0
1500.0 52.065865 29.961982 17.853372 -0.155627 0.499453 415.639 0 0
1500.0 51.931407 7.867131 18.046400 -0.135138 0.146766 415.668 0 0
1500.0 162.532943 53.307490 17.944006 1.763738 0.875385 415.780 0 0
1500.0 30.424330 -124.557268 17.825475 -0.499490 -1.952135 415.819 0 0
1500.0 52.694035 -0.298308 17.987643 -0.086277 0.056063 415.898 0 0
1500.0 86.551504 -57.102343 17.878009 0.500934 -0.869210 415.943 0 0
1500.0 59.545692 61.269973 17.857377 -0.034639 0.952231 416.007 0 0
1500.0 117.458074 23.039181 17.795556 0.949246 0.364821 416.027 0 0
1500.0 112.682529 -9.874391 18.200255 0.955161 -0.252439 416.014 0 0
1500.0 84.029162 49.930312 17.856231 0.456899 0.791003 416.054 0 0
1500.0 100.304248 20.439429 18.041763 0.674312 0.315819 416.218 0 0
1500.0 122.176627 -9.276271 17.795597 1.017467 -0.113642 416.138 0 0
1500.0 44.672341 -39.437624 18.028705 -0.160300 -0.668548 416.120 0 0
1500.0 111.698458 15.836300 17.850260 0.805394 0.313263 416.210 0 0
1500.0 57.056044 -27.763009 17.804705 -0.095476 -0.440869 416.170 0 0
1500.0 60.286642 9.203761 18.353539 0.037996 0.103965 416.332 0 0
1500.0 47.523255 -16.779741 18.351672 -0.153147 -0.285228 416.497 0 0
1500.0 38.546159 -52.764342 17.823723 -0.352811 -0.835182 416.507 0 0
1500.0 59.584413 28.634216 17.812127 -0.056348 0.446102 416.486 0 0
1500.0 57.431990 65.205911 17.856576 -0.065645 1.003058 416.533 0 0
1500.0 76.091134 -7.958418 18.198515 0.287184 -0.175611 416.786 0 0
1500.0 125.196840 1.401371 17.803765 0.995539 -0.043469 416.876 0 0
1500.0 100.644523 -53.618582 17.795606 0.691889 -0.785849 416.693 0 0
1500.0 111.285487 -40.382377 17.848512 0.830820 -0.638400 416.896 0 0
1500.0 101.619559 -51.181959 17.879709 0.712103 -0.769145 417.045 0 0
1500.0 0.053698 -34.472478 17.831025 -0.917472 -0.478370 416.977 0 0
1500.0 85.085349 -53.574048 17.906114 0.418866 -0.869605 416.834 0 0
1500.0 -5.333600 -9.436975 17.804932 -1.003675 -0.101645 417.046 0 0
1500.0 88.469290 23.799217 18.261122 0.585630 0.361293 417.058 0 0
1500.0 57.884979 -59.520977 17.823009 -0.062188 -0.933823 416.709 0 0
1500.0 76.230106 -17.298699 18.216858 0.327452 -0.335920 416.986 0 0
1500.0 86.406614 -86.948131 17.881642 0.475815 -1.394705 417.115 0 0
1500.0 125.530113 2.230893 17.876436 1.082885 -0.036336 416.812 0 0
1500.0 71.920955 8.898378 18.071682 0.250312 0.181736 417.143 0 0
1500.0 70.468298 -22.732172 18.158882 0.206520 -0.415165 417.156 0 0
1500.0 66.726780 -59.743447 17.947728 0.184443 -0.948710 417.220 0 0
1500.0 73.001565 44.044714 18.348288 0.250337 0.779141 417.195 0 0
1500.0 49.678631 -5.655647 17.900548 -0.126061 -0.143670 417.270 0 0
1500.0 30.981677 19.537744 17.840227 -0.458260 0.236336 417.254 0 0
1500.0 58.685782 -51.775083 17.802511 -0.069255 -0.788181 417.432 0 0
1500.0 32.566004 62.382288 17.789205 -0.436575 0.952577 417.550 0 0
1500.0 3.709673 -40.224402 17.788727 -0.815279 -0.654221 417.633 0 0
1500.0 73.975713 37.272621 18.046985 0.270323 0.647258 417.626 0 0
1500.0 120.995732 -20.215071 17.924127 1.031572 -0.397820 417.659 0 0
1500.0 118.042828 -27.589808 17.984919 0.959848 -0.421049 417.824 0 0
1500.0 119.671084 10.412434 17.866406 0.954670 0.145222 417.727 0 0
1500.0 68.708028 -67.357659 17.822134 0.098088 -1.032474 417.917 0 0
1500.0 75.143535 -5.526548 18.537197 0.312509 -0.146775 417.941 0 0
1500.0 101.642143 5.201644 18.187591 0.755710 0.028577 417.843 0 0
1500.0 106.316741 -26.598499 17.798246 0.775209 -0.460840 417.709 0 0
1500.0 -17.146983 -48.581811 18.058356 -1.356759 -0.800532 417.847 0 0
1500.0 83.277590 -17.004915 18.274174 0.383449 -0.296905 418.049 0 0
1500.0 79.991136 15.166180 17.878325 0.288836 0.288008 417.998 0 0
1500.0 79.436373 -31.191763 18.065022 0.413779 -0.561258 417.985 0 0
1500.0 50.153482 -15.179312 18.116201 -0.058754 -0.272939 418.076 0 0
1500.0 79.073227 64.599492 17.857590 0.370382 0.978301 418.267 0 0
1500.0 97.990692 2.982476 18.116806 0.708641 0.077264 418.151 0 0
1500.0 139.449327 -10.425148 17.861071 1.305517 -0.125700 418.154 0 0
1500.0 105.971211 -56.021862 17.901402 0.849778 -0.885155 418.279 0 0
1500.0 127.333771 -42.995282 17.904142 1.191053 -0.733831 418.119 0 0
1500.0 73.537567 -3.902977 18.037250 0.291285 -0.012374 418.420 0 0
1500.0 37.060470 -64.362096 17.823232 -0.364961 -0.982016 418.361 0 0
1500.0 21.141428 47.507771 17.796665 -0.633251 0.717315 418.394 0 0
1500.0 27.507836 -18.997156 17.874029 -0.523614 -0.241349 418.324 0 0
1500.0 72.455220 -65.650591 17.908134 0.225594 -1.022920 418.546 0 0
1500.0 45.321387 -132.658743 17.859253 -0.278119 -2.147824 418.601 0 0
1500.0 55.329278 13.467056 18.428777 -0.025273 0.298258 418.620 0 0
1500.0 55.616834 -29.387374 18.199375 0.009134 -0.578023 418.715 0 0
1500.0 76.563785 23.761003 18.499521 0.400872 0.415936 418.891 0 0
1500.0 89.840486 -32.509543 18.292346 0.583054 -0.537758 418.984 0 0
1500.0 6.564683 -37.114924 17.795037 -0.845639 -0.551607 418.942 0 0
1500.0 70.507002 -56.537557 17.911871 0.194214 -0.922016 418.866 0 0
1500.0 70.938568 13.334474 17.946108 0.290019 0.227482 418.867 0 0
1500.0 28.584353 19.721880 18.085216 -0.555590 0.272815 418.779 0 0
1500.0 97.799566 -42.871066 17.896395 0.636213 -0.628181 419.240 0 0
1500.0 91.473790 -13.937008 18.213704 0.562490 -0.223320 419.370 0 0
1500.0 48.784151 -14.722692 17.847717 -0.085649 -0.258164 419.386 0 0
1500.0 87.199362 14.472716 17.938762 0.483762 0.205306 419.426 0 0
1500.0 92.448559 -12.435645 18.142639 0.636306 -0.206894 419.432 0 0
1500.0 43.439235 4.675078 18.282659 -0.301626 0.084042 419.418 0 0
1500.0 133.468784 6.927957 18.338172 1.427602 0.157456 419.263 0 0
1500.0 35.162495 -46.659361 18.060639 -0.354656 -0.764591 419.666 0 0
1500.0 93.779023 9.691319 18.074560 0.575281 0.149399 419.552 0 0
1500.0 67.766482 -5.805948 18.015534 0.154494 -0.147612 419.612 0 0
1500.0 99.069613 -5.947169 18.063587 0.665852 -0.066834 419.591 0 0
1500.0 0.891591 26.087774 17.809658 -0.854282 0.432111 419.881 0 0
1500.0 74.236376 -65.492380 17.864520 0.295597 -1.005513 419.794 0 0
1500.0 111.115963 32.703342 17.980927 0.849216 0.543640 419.810 0 0
1500.0 71.428271 -0.180001 17.976716 0.284657 0.034074 419.537 0 0
1500.0 61.394393 49.667878 18.048223 0.071867 0.824035 419.659 0 0
1500.0 84.308949 31.282305 17.883385 0.448107 0.549840 419.775 0 0
1500.0 113.434978 26.050030 18.024557 0.957112 0.484770 419.860 0 0
1500.0 108.601329 -19.636775 17.948429 0.792827 -0.273972 420.112 0 0
1500.0 91.154805 -19.946416 17.883808 0.532082 -0.258761 419.975 0 0
1500.0 3.079357 -8.131729 17.853096 -0.834853 -0.086897 420.080 0 0
1500.0 81.281465 52.856528 18.011373 0.347179 0.861763 420.075 0 0
1500.0 103.587955 9.454743 17.880774 0.742593 0.212695 420.005 0 0
1500.0 119.624500 10.713135 17.912581 1.022100 0.101292 419.910 0 0
1500.0 104.993976 6.014098 17.880277 0.762829 0.180533 420.060 0 0
1500.0 54.687006 -3.250541 18.361533 -0.026113 0.010012 420.433 0 0
1500.0 101.155358 -37.671001 17.904682 0.638863 -0.642326 420.385 0 0
1500.0 71.441007 32.602574 17.892567 0.291795 0.513414 420.264 0 0
1500.0 79.950210 48.969253 17.878297 0.370662 0.727285 420.581 0 0
1500.0 93.138526 4.237889 17.914932 0.559828 0.035252 420.593 0 0
1500.0 26.067371 33.723314 17.886533 -0.499002 0.506042 420.696 0 0
1500.0 19.354838 26.044338 17.919734 -0.652822 0.358018 420.644 0 0
1500.0 83.637821 12.644655 17.900915 0.429727 0.184711 420.724 0 0
1500.0 102.942843 -40.803561 17.894947 0.712139 -0.597883 420.764 0 0
1500.0 116.885839 -8.147514 17.936291 0.930960 -0.192237 421.147 0 0
1500.0 96.139189 6.207570 18.228455 0.632941 0.106181 420.990 0 0
1500.0 69.959065 10.057278 17.923674 0.237462 0.114924 421.116 0 0
1500.0 10.822560 45.682739 17.800328 -0.757147 0.662388 421.149 0 0
1500.0 47.276054 58.874207 17.871538 -0.120187 0.955721 421.089 0 0
1500.0 66.822906 -0.765966 18.248651 0.166039 -0.084690 420.768 0 0
1500.0 91.320615 -31.990236 17.885908 0.594697 -0.483031 420.810 0 0
1500.0 182.025477 36.145373 17.968242 2.068664 0.566151 421.154 0 0
1500.0 85.572672 -63.543269 18.029440 0.539951 -1.058816 421.062 0 0
1500.0 74.660637 -63.523032 17.913640 0.246435 -0.986569 421.580 0 0
1500.0 54.423224 -18.713329 18.377976 -0.001159 -0.316146 421.244 0 0
1500.0 90.070483 -5.401287 18.232351 0.548204 -0.052094 421.244 0 0
1500.0 81.123174 4.797174 18.033698 0.343336 0.133858 421.243 0 0
1500.0 4.867754 37.540862 17.800556 -0.842771 0.544468 421.183 0 0
1500.0 55.978956 39.238273 18.114593 -0.020380 0.669281 421.461 0 0
1500.0 69.163010 39.111691 18.237683 0.229557 0.672752 421.500 0 0
1500.0 71.130359 -46.342074 18.239747 0.278070 -0.779829 421.543 0 0
1500.0 107.137948 17.636702 17.809043 0.812166 0.329533 421.337 0 0
1500.0 24.985730 13.964093 17.994607 -0.553671 0.303138 421.212 0 0
1500.0 100.796336 44.720995 18.061734 0.713797 0.716160 421.626 0 0
1500.0 100.367700 3.883655 18.084422 0.678250 0.076798 421.621 0 0
1500.0 100.526152 4.855789 18.084224 0.680560 0.090207 421.607 0 0
1500.0 -0.066788 29.666454 17.870451 -0.933418 0.426580 421.652 0 0
1500.0 52.081720 -2.028704 18.268729 -0.110186 -0.027129 421.903 0 0
1500.0 70.092910 71.108298 17.878440 0.258142 1.153133 421.916 0 0
1500.0 23.817794 38.746057 17.945033 -0.608897 0.581783 421.805 0 0
1500.0 140.341484 -23.068426 18.024594 1.385608 -0.448415 421.795 0 0
1500.0 53.234548 6.096108 17.852210 -0.125502 0.119521 422.226 0 0
1500.0 42.150346 -28.803211 17.860481 -0.275548 -0.438513 422.097 0 0
1500.0 17.831544 48.186521 17.801918 -0.659725 0.711177 422.238 0 0
1500.0 116.578004 -19.441849 18.027073 0.962670 -0.321152 422.187 0 0
1500.0 54.578777 2.365427 18.027603 -0.057765 0.108877 421.997 0 0
1500.0 66.658170 1.249064 18.027325 0.129747 0.091519 422.014 0 0
1500.0 38.954829 18.911586 17.937304 -0.354842 0.322634 422.259 0 0
1500.0 94.272812 43.234583 17.895695 0.544480 0.763800 422.253 0 0
1500.0 64.494201 30.434040 18.159919 0.068499 0.537414 422.240 0 0
1500.0 94.032283 -57.881403 17.870994 0.570875 -0.867068 422.802 0 0
1500.0 88.638159 -22.702979 18.056256 0.458187 -0.379872 422.497 0 0
1500.0 15.461442 31.419586 17.813572 -0.675911 0.446897 422.603 0 0
1500.0 123.615780 -7.152356 17.854073 1.041568 -0.100604 422.396 0 0
1500.0 60.013459 65.256738 17.917201 0.082177 1.032038 422.530 0 0
1500.0 100.280765 -29.979416 18.150850 0.742988 -0.484041 422.701 0 0
1500.0 101.875683 -41.201073 17.833879 0.705634 -0.684475 422.798 0 0
1500.0 89.662413 -41.910122 17.834302 0.548276 -0.681985 422.660 0 0
1500.0 92.295514 -9.342432 17.995452 0.621060 -0.119988 422.364 0 0
1500.0 69.518783 -11.881684 18.016004 0.210156 -0.261030 422.388 0 0
1500.0 97.977903 43.412001 18.199942 0.812647 0.782796 422.754 0 0
1500.0 97.499624 -28.036174 17.895098 0.619795 -0.431964 422.992 0 0
1500.0 121.511497 15.096973 17.871701 1.020465 0.231608 423.232 0 0
1500.0 2.061641 3.369922 17.963934 -0.896086 0.015709 423.202 0 0
1500.0 62.710376 31.598467 18.183523 0.043004 0.498031 423.209 0 0
1500.0 86.844961 24.442615 17.897156 0.519272 0.339280 423.154 0 0
1500.0 68.861130 24.742441 17.841300 0.245326 0.372130 423.157 0 0
1500.0 49.655407 -44.253164 18.344666 -0.096087 -0.837953 423.265 0 0
1500.0 -18.759189 -3.934157 18.064954 -1.411092 -0.001052 423.081 0 0
1500.0 76.013879 34.121723 18.460975 0.390893 0.691720 423.148 0 0
1500.0 40.654675 46.091150 18.003170 -0.328845 0.714742 423.307 0 0
1500.0 52.852869 61.802787 17.852132 -0.066372 0.926056 423.869 0 0
1500.0 65.366437 -17.877302 18.540674 0.217519 -0.293921 423.870 0 0
1500.0 65.420629 -4.786821 17.890969 0.128871 -0.131142 423.695 0 0
1500.0 30.098368 -29.341532 17.941302 -0.411712 -0.470017 424.021 0 0
1500.0 59.592207 -35.792942 17.851156 -0.014178 -0.560124 424.116 0 0
1500.0 -1.978717 -21.990957 17.872917 -0.932418 -0.333827 423.775 0 0
1500.0 115.393544 -33.693966 17.871593 0.926992 -0.489421 423.441 0 0
1500.0 66.449580 -91.859952 17.858353 0.160030 -1.425014 423.829 0 0
1500.0 63.745792 -93.606663 17.813284 0.105183 -1.458810 423.780 0 0
1500.0 111.175057 31.678471 17.791595 0.813726 0.539749 423.719 0 0
1500.0 80.806481 61.101362 17.839171 0.382035 0.970707 423.987 0 0
1500.0 -9.596084 -1.693933 17.825490 -1.040652 -0.090341 424.154 0 0
1500.0 11.542436 35.186330 17.827219 -0.773511 0.497424 423.666 0 0
1500.0 15.061446 30.603268 17.830913 -0.714252 0.415886 423.702 0 0
1500.0 10.403158 -5.989386 17.832097 -0.787146 -0.145922 423.586 0 0
1500.0 73.864398 -26.964306 17.995254 0.334873 -0.448347 423.620 0 0
1500.0 78.585791 14.589713 18.080463 0.386322 0.291270 424.017 0 0
1500.0 99.816695 -20.163337 17.829462 0.718181 -0.324253 424.088 0 0
1500.0 87.574079 -5.082802 17.929374 0.546419 -0.072340 423.769 0 0
1500.0 83.772896 -1.740041 17.844013 0.445867 -0.091418 423.723 0 0
1500.0 77.452886 6.675146 17.939536 0.367090 0.046234 423.957 0 0
1500.0 70.287508 32.405470 18.183830 0.207291 0.622287 423.416 0 0
1500.0 82.431637 24.464718 18.130336 0.435513 0.507349 423.800 0 0
1500.0 101.488727 35.417886 17.864826 0.695297 0.509523 424.461 0 0
1500.0 3.526165 -34.766793 17.957261 -0.859095 -0.552146 424.341 0 0
1500.0 110.069864 1.858054 18.214661 0.894144 -0.007503 424.487 0 0
1500.0 47.013262 75.944248 17.797766 -0.232097 1.176057 424.450 0 0
1500.0 3.975871 -16.263468 17.814647 -0.900477 -0.237657 424.228 0 0
1500.0 80.224710 -45.174372 17.827987 0.415768 -0.707589 424.231 0 0
1500.0 63.739827 -51.298981 17.828106 0.162670 -0.801778 424.219 0 0
1500.0 82.909674 34.793886 17.899699 0.425022 0.603922 424.214 0 0
1500.0 42.381001 -18.487385 17.860013 -0.240632 -0.366355 424.279 0 0
1500.0 111.820248 -4.558309 17.824205 0.895219 -0.083393 424.646 0 0
1500.0 62.939946 -0.625340 18.014259 0.044343 0.045612 424.685 0 0
1500.0 32.521896 -12.266070 17.964404 -0.471297 -0.186697 424.648 0 0
1500.0 76.996903 15.578644 18.402246 0.364968 0.243022 424.751 0 0
1500.0 72.514299 15.590392 18.142951 0.295202 0.242574 424.865 0 0
1500.0 117.320417 1.915327 17.844025 0.926496 0.036644 425.314 0 0
1500.0 90.156199 60.763004 17.835406 0.509453 0.968567 424.926 0 0
1500.0 204.350726 -74.041451 17.805841 2.245829 -1.096579 424.999 0 0
1500.0 112.183144 9.619028 17.892713 0.865655 0.214579 424.919 0 0
1500.0 95.988042 -11.336900 17.915131 0.626040 -0.245528 424.715 0 0
1500.0 58.824969 -25.387298 18.094859 -0.030385 -0.383952 424.912 0 0
1500.0 74.539507 -34.277787 17.853166 0.258977 -0.607930 424.778 0 0
1500.0 36.799474 1.961990 18.010558 -0.360645 0.085514 424.920 0 0
1500.0 84.501980 -22.539300 17.907120 0.379863 -0.416003 425.302 0 0
1500.0 78.574222 -5.040344 18.329433 0.385266 -0.159915 425.085 0 0
1500.0 84.203209 40.915438 18.089403 0.445521 0.659989 425.499 0 0
1500.0 118.358428 -27.771251 17.829479 0.932813 -0.467096 425.330 0 0
1500.0 115.359003 -15.390306 17.824704 0.896478 -0.304768 425.420 0 0
1500.0 40.726805 -55.914316 17.825139 -0.219949 -0.912141 425.459 0 0
1500.0 20.607412 56.531015 18.002306 -0.574448 0.998843 425.496 0 0
1500.0 52.388938 -58.001561 17.824827 -0.042723 -0.943218 425.504 0 0
1500.0 69.199568 54.191528 17.797098 0.184760 0.850579 425.598 0 0
1500.0 116.818867 22.897518 17.818123 0.957019 0.330529 425.636 0 0
1500.0 73.455817 15.045976 18.074005 0.311148 0.296293 425.643 0 0
1500.0 79.311033 -29.814327 17.875361 0.404984 -0.492680 425.774 0 0
1500.0 89.249674 -14.716948 17.876108 0.559276 -0.259288 425.717 0 0
1500.0 109.292927 -2.903806 18.027705 0.858325 -0.115229 425.558 0 0
1500.0 53.302504 -14.858189 17.886186 -0.106536 -0.300265 425.615 0 0
1500.0 24.229341 -9.496072 17.969201 -0.522796 -0.110261 426.405 0 0
1500.0 53.513919 23.485547 18.185110 -0.084059 0.348732 426.623 0 0
1500.0 99.737433 -12.005630 17.889209 0.665368 -0.161816 426.545 0 0
1500.0 96.166277 -24.523428 17.888517 0.615497 -0.338820 426.483 0 0
1500.0 115.652603 28.034624 17.931456 0.910381 0.414961 426.849 0 0
1500.0 48.229988 -62.048051 17.836019 -0.179603 -0.958982 426.634 0 0
1500.0 87.158584 -32.793800 17.887896 0.506066 -0.540301 426.241 0 0
1500.0 96.093833 -41.359008 17.841945 0.582646 -0.705486 425.881 0 0
1500.0 9.988811 1.211307 17.899483 -0.767186 -0.047581 425.923 0 0
1500.0 85.109595 -16.847518 18.036262 0.482255 -0.324755 426.078 0 0
1500.0 7.597438 12.863975 17.848470 -0.809907 0.261633 426.914 0 0
1500.0 87.302738 -55.530652 17.873998 0.481456 -0.937221 426.627 0 0
1500.0 79.058073 4.235283 17.825264 0.287159 0.134196 426.134 0 0
1500.0 94.855119 82.222389 17.824469 0.533422 1.361189 426.085 0 0
1500.0 68.368617 63.938026 18.022826 0.238829 1.075534 425.805 0 0
1500.0 37.966566 -19.024147 17.891675 -0.319018 -0.382042 426.300 0 0
1500.0 126.238109 -96.817607 18.028079 1.154582 -1.637917 425.951 0 0
1500.0 14.226514 7.066629 18.086484 -0.777177 0.121879 426.384 0 0
1500.0 95.710087 -15.066611 17.967844 0.581451 -0.317736 426.090 0 0
1500.0 68.684626 -25.134108 18.156493 0.202010 -0.414145 427.575 0 0
1500.0 105.738572 -28.579478 17.834633 0.743757 -0.448012 427.077 0 0
1500.0 82.228854 -54.177432 17.840367 0.309650 -0.837212 427.281 0 0
1500.0 100.870801 -48.206168 17.913233 0.697678 -0.770170 427.054 0 0
1500.0 88.731835 -57.179211 17.835319 0.461403 -0.927728 427.193 0 0
1500.0 46.835340 -57.407907 18.032058 -0.173597 -0.928650 427.252 0 0
1500.0 88.596059 52.402241 17.923968 0.485734 0.860230 427.407 0 0
1500.0 47.062861 18.330240 18.399422 -0.121814 0.346674 427.571 0 0
1500.0 55.629227 38.673401 18.097756 -0.071669 0.621501 427.550 0 0
1500.0 -20.458113 -88.797807 17.835377 -1.234057 -1.434421 427.485 0 0
1500.0 106.757616 19.056601 18.002525 0.807703 0.377421 427.685 0 0
1500.0 122.603713 -20.169346 17.852159 1.092206 -0.276565 427.261 0 0
1500.0 125.881535 -30.816082 18.081772 1.208440 -0.585969 427.497 0 0
1500.0 74.071304 -2.854931 18.631555 0.253254 -0.100008 427.620 0 0
1500.0 48.588687 47.848320 17.920769 -0.208312 0.746293 427.841 0 0
1500.0 16.581052 -20.746012 17.921287 -0.699190 -0.304823 427.794 0 0
1500.0 37.947438 -23.387935 18.112078 -0.347994 -0.353357 427.795 0 0
1500.0 34.366586 -54.124268 18.070273 -0.455913 -0.917624 427.903 0 0
1500.0 -2.544626 4.748208 17.826149 -0.923399 0.017932 428.009 0 0
1500.0 120.711314 -16.887071 17.800613 0.935465 -0.330124 428.048 0 0
1500.0 12.201661 24.343641 17.837582 -0.759024 0.417312 428.039 0 0
1500.0 15.242757 26.488282 17.838627 -0.713931 0.450863 427.919 0 0
1500.0 60.938287 -30.381406 18.288937 0.069657 -0.554016 427.983 0 0
1500.0 80.071658 -20.124565 18.269159 0.423622 -0.284941 429.055 0 0
1500.0 37.418909 -16.289755 17.976769 -0.277316 -0.296099 428.500 0 0
1500.0 74.764769 -26.059527 18.038975 0.273336 -0.430218 428.742 0 0
1500.0 75.259119 36.537065 18.017263 0.237159 0.575900 429.102 0 0
1500.0 58.406524 -5.220951 17.845527 0.074106 -0.079935 429.278 0 0
1500.0 105.395794 -23.501119 17.996063 0.749812 -0.372733 428.334 0 0
1500.0 26.767468 25.124120 17.932939 -0.492540 0.379451 428.977 0 0
1500.0 18.785367 -30.470456 17.833987 -0.619842 -0.469255 428.265 0 0
1500.0 58.323243 -30.113554 18.110739 0.022194 -0.484791 430.445 0 0
1500.0 69.398122 -20.264804 17.842948 0.227698 -0.296661 430.474 0 0
1500.0 47.109265 22.985225 17.910452 -0.113899 0.383825 430.749 0 0
1500.0 93.446210 -55.137489 17.913514 0.577497 -0.858121 428.223 0 0
1500.0 108.137552 42.918941 17.817887 0.805103 0.630359 428.584 0 0
1500.0 62.455810 -66.843624 17.885469 0.036293 -1.044513 428.880 0 0
1500.0 91.162521 -47.753013 17.864221 0.487133 -0.754418 430.708 0 0
1500.0 110.886273 34.738028 17.894608 0.868577 0.543780 428.646 0 0
1500.0 99.337471 52.098732 17.893476 0.684214 0.788977 429.824 0 0
1500.0 94.233832 -54.745304 17.864753 0.576278 -0.862216 429.970 0 0
1500.0 97.395910 -43.102984 17.985248 0.622652 -0.722250 428.532 0 0
1500.0 28.010337 57.495062 17.797557 -0.487906 0.921644 429.413 0 0
1500.0 13.931867 39.872125 17.801408 -0.708796 0.669310 428.371 0 0
1500.0 95.808254 53.495422 17.799071 0.527227 0.869251 428.854 0 0
1500.0 6.266665 37.968360 17.798162 -0.815480 0.633188 429.132 0 0
1500.0 -0.515737 11.233755 17.832431 -0.942256 0.214809 428.792 0 0
1500.0 1.045453 -18.482760 17.833306 -0.920877 -0.234026 428.635 0 0
1500.0 69.082021 -53.818570 18.071205 0.228682 -0.876171 429.327 0 0
1500.0 89.572548 53.339866 17.942678 0.462064 0.870031 429.462 0 0
1500.0 67.320860 -57.661721 18.061269 0.175036 -0.937458 430.475 0 0
1500.0 74.174358 -18.191694 18.080656 0.285502 -0.356767 428.622 0 0
1500.0 70.711304 -47.623981 17.905594 0.189970 -0.802896 429.406 0 0
1500.0 39.570747 33.229386 17.829536 -0.250125 0.583307 428.502 0 0
1500.0 83.561498 -50.470096 18.040036 0.415855 -0.833089 430.877 0 0
1500.0 20.453318 14.736323 17.869388 -0.577000 0.305304 429.329 0 0
1500.0 108.581672 -28.706020 17.978056 0.807457 -0.529001 428.401 0 0
1500.0 80.751176 -46.327212 17.877380 0.429890 -0.715785 430.412 0 0
1500.0 80.201764 24.179915 17.881480 0.302294 0.437119 429.747 0 0
1500.0 14.178113 -16.830322 17.873917 -0.716692 -0.198105 430.342 0 0
1500.0 97.141698 37.924384 18.324834 0.665292 0.665309 430.125 0 0
1500.0 124.609306 73.198391 17.895422 1.120810 1.152238 429.925 0 0
1500.0 97.851084 -38.160995 18.367349 0.709698 -0.690118 428.250 0 0
1500.0 69.255493 -2.314033 18.008696 0.255169 0.014611 430.204 0 0
1500.0 65.191218 6.667580 18.008826 0.192111 0.154036 430.196 0 0
1500.0 104.961842 -11.638580 17.861108 0.778505 -0.124018 430.895 0 0
1500.0 79.177867 69.844127 17.883056 0.411074 1.117889 430.030 0 0
1500.0 60.733390 19.759121 17.923313 0.122616 0.341665 430.694 0 0
1500.0 96.786538 117.316155 17.914663 0.671548 1.890381 430.791 0 0
1500.0 67.199765 69.534573 17.903261 0.093394 1.185337 428.674 0 0
1500.0 9.461501 69.091142 18.054022 -0.804090 1.149583 430.529 0 0
1500.0 70.180297 80.203411 17.893836 0.248139 1.359683 430.824 0 0
1500.0 122.396026 50.301302 17.913436 1.143848 0.842950 430.260 0 0
1500.0 113.436254 -31.770998 17.990343 1.001396 -0.595338 429.396 0 0
1500.0 76.588478 -1.298076 17.982884 0.330851 -0.103600 430.371 0 0
1500.0 126.842040 20.396313 18.045196 1.258712 0.418298 428.814 0 0
1500.0 74.103210 -57.514757 17.804085 0.221000 -0.900896 431.197 0 0
1500.0 105.208382 -5.225208 18.065076 0.798889 -0.040823 431.334 0 0
1500.0 118.068443 26.322625 17.852292 0.903660 0.469286 431.429 0 0
1500.0 99.324360 -46.053507 17.869376 0.702323 -0.699998 431.496 0 0
1500.0 92.122858 31.885883 17.913658 0.577470 0.550027 431.125 0 0
1500.0 52.322782 33.305659 18.057966 -0.131336 0.535197 431.322 0 0
1500.0 59.063693 -4.714270 17.884614 0.076564 -0.128888 431.295 0 0
1500.0 114.496098 -36.583577 18.215322 1.003857 -0.659267 431.473 0 0
1500.0 120.208372 41.931585 17.931711 1.081273 0.752249 431.604 0 0
1500.0 96.049790 20.041599 18.066027 0.598446 0.338832 432.238 0 0
1500.0 86.130362 38.856083 17.922289 0.449911 0.606713 431.787 0 0
1500.0 95.351702 36.633094 18.062151 0.644109 0.575074 432.174 0 0
1500.0 124.389350 -14.990446 17.851843 1.006605 -0.292382 432.061 0 0
1500.0 96.703238 -53.692002 17.851920 0.595064 -0.861327 432.314 0 0
1500.0 14.950302 50.209658 17.851047 -0.637123 0.821795 431.866 0 0
1500.0 79.203803 59.047944 18.018165 0.374968 0.942859 432.392 0 0
1500.0 55.514015 -61.715789 17.884427 -0.078426 -0.985492 431.919 0 0
1500.0 116.861031 8.375647 17.984076 0.959720 0.174291 432.510 0 0
1500.0 114.052952 -6.135493 17.908505 0.905327 -0.031577 431.685 0 0
1500.0 114.378482 20.595245 17.851745 0.907118 0.364656 432.045 0 0
1500.0 70.052881 60.085864 17.824097 0.257572 0.919229 432.360 0 0
1500.0 0.628500 -11.476340 17.809617 -0.941525 -0.204741 432.388 0 0
1500.0 -18.725305 -57.307710 17.853298 -1.215632 -0.918583 432.458 0 0
1500.0 95.825200 -23.355913 18.143113 0.619363 -0.429180 432.514 0 0
1500.0 50.101499 28.802809 18.089058 -0.079263 0.518370 431.908 0 0
1500.0 72.263274 26.606860 18.088298 0.260703 0.484253 431.963 0 0
1500.0 88.570133 -9.772873 18.089255 0.577905 -0.151989 432.255 0 0
1500.0 77.216055 -40.367795 17.978580 0.329176 -0.691322 432.536 0 0
1500.0 28.759864 -23.377907 18.091661 -0.466692 -0.412161 432.487 0 0
1500.0 59.096080 4.701309 18.180152 -0.013063 0.091303 432.176 0 0
1500.0 47.507905 27.403273 17.944161 -0.136304 0.500660 432.538 0 0
1500.0 49.341722 -43.293132 18.077325 -0.198080 -0.713860 431.668 0 0
1500.0 60.714371 -3.450802 18.247779 0.093988 -0.115021 432.595 0 0
1500.0 65.520122 18.467440 18.330821 0.196995 0.311216 433.327 0 0
1500.0 82.421877 -3.485964 18.061448 0.364411 -0.117124 433.053 0 0
1500.0 51.453693 15.155355 18.016876 -0.121096 0.257366 432.846 0 0
1500.0 91.721015 -9.087324 18.154392 0.552931 -0.176677 433.034 0 0
1500.0 60.086245 -20.938102 17.824522 0.018388 -0.363307 433.151 0 0
1500.0 71.235087 -58.129931 17.842933 0.236428 -0.872995 434.087 0 0
1500.0 111.464892 22.982068 17.898305 0.844678 0.341708 434.227 0 0
1500.0 103.339003 -42.886828 17.856412 0.679349 -0.688542 433.659 0 0
1500.0 83.966499 -61.662492 17.878397 0.459154 -0.941240 432.725 0 0
1500.0 -3.228079 25.502879 17.858831 -0.949130 0.437137 432.770 0 0
1500.0 34.683472 62.167326 17.858871 -0.382861 0.971568 433.434 0 0
1500.0 113.594114 -13.553659 18.262054 0.947936 -0.222457 433.630 0 0
1500.0 106.963670 -4.172982 18.305331 0.861527 -0.088547 433.556 0 0
1500.0 3.250275 -110.929644 17.828480 -0.883206 -1.712398 433.602 0 0
1500.0 120.254287 -16.054576 17.877676 0.995754 -0.191356 434.092 0 0
1500.0 70.018064 -11.792083 18.568380 0.251346 -0.247205 434.103 0 0
1500.0 128.395156 20.186632 17.806859 1.104897 0.364433 433.769 0 0
1500.0 83.802903 -8.325739 18.080530 0.504714 -0.135495 432.967 0 0
1500.0 86.153191 31.727189 17.916890 0.482399 0.553354 433.086 0 0
1500.0 71.952405 26.237346 17.923705 0.266451 0.472923 432.549 0 0
1500.0 85.396311 27.040679 17.838763 0.496776 0.391637 432.665 0 0
1500.0 106.806581 -7.425051 17.830583 0.819727 -0.141393 433.385 0 0
1500.0 21.520291 -45.758240 17.837793 -0.637864 -0.678805 432.801 0 0
1500.0 88.266014 -17.764642 17.936107 0.445050 -0.343460 433.165 0 0
1500.0 43.730352 7.699009 18.016003 -0.270804 0.147335 433.482 0 0
1500.0 88.134724 67.270402 17.840214 0.546303 1.081419 433.732 0 0
1500.0 -57.767152 66.032234 17.892683 -1.923988 1.033354 433.755 0 0
1500.0 114.069008 49.777888 18.168469 1.062809 0.834091 433.094 0 0
1500.0 89.513992 -51.005175 18.013026 0.547055 -0.956806 433.192 0 0
1500.0 2.790323 35.042686 18.057179 -0.959139 0.677772 434.070 0 0
1500.0 5.295830 -42.980161 17.875589 -0.800278 -0.698557 434.610 0 0
1500.0 65.080179 24.489063 18.709980 0.190310 0.430952 434.486 0 0
1500.0 97.563843 0.448964 18.482177 0.748192 0.002152 434.786 0 0
1500.0 58.994813 -63.474809 17.822572 0.084901 -0.985066 434.453 0 0
1500.0 56.316330 48.756416 18.077578 -0.020624 0.809019 434.342 0 0
1500.0 111.363668 14.174472 17.819817 0.885292 0.192469 434.642 0 0
1500.0 92.766879 -31.039399 17.882937 0.572172 -0.545502 434.717 0 0
1500.0 30.721946 11.246333 18.052476 -0.419153 0.245303 434.604 0 0
1500.0 39.269719 -28.842438 17.883501 -0.328435 -0.510572 434.641 0 0
1500.0 75.215245 52.133724 18.338890 0.332914 0.954299 434.866 0 0
1500.0 53.251899 24.235325 18.199589 -0.132599 0.464404 434.750 0 0
1500.0 89.226648 -8.476320 18.075469 0.531922 -0.114055 435.082 0 0
1500.0 88.154865 14.807281 18.073791 0.515462 0.243410 435.188 0 0
1500.0 89.324592 -13.031365 18.074357 0.531478 -0.148377 435.248 0 0
1500.0 74.037373 25.070633 18.075885 0.315753 0.386718 435.405 0 0
1500.0 47.483620 56.888166 17.867137 -0.189847 0.871295 435.208 0 0
1500.0 117.832221 5.967504 17.908819 0.937498 0.064434 435.105 0 0
1500.0 104.044006 44.867466 17.922254 0.710731 0.741496 435.114 0 0
1500.0 116.518396 -12.424374 17.816331 0.956306 -0.208047 435.012 0 0
1500.0 16.546927 40.274420 17.897122 -0.673372 0.660349 435.287 0 0
1500.0 96.367055 -11.835140 17.825567 0.630405 -0.115670 435.411 0 0
1500.0 56.168906 -8.685464 17.884151 -0.091326 -0.176341 435.346 0 0
1500.0 69.083351 11.856006 17.860539 0.252528 0.178349 435.378 0 0
1500.0 93.198270 -16.465431 18.574514 0.772141 -0.385909 435.368 0 0
1500.0 63.446255 16.397164 18.563671 0.127139 0.244388 436.438 0 0
1500.0 75.266081 22.734878 18.216773 0.316138 0.373787 435.500 0 0
1500.0 78.237363 2.696125 18.015563 0.355142 0.053088 437.547 0 0
1500.0 86.881224 -32.376202 18.051269 0.433818 -0.522862 435.772 0 0
1500.0 46.325444 -9.984424 17.880860 -0.139227 -0.206124 436.081 0 0
1500.0 52.933570 5.688935 17.880560 -0.067200 0.149030 436.407 0 0
1500.0 65.676038 27.179453 18.321720 0.163104 0.440676 438.043 0 0
1500.0 76.151298 19.636806 18.322079 0.306439 0.337256 438.071 0 0
1500.0 87.839383 27.122765 17.886068 0.495577 0.375264 436.049 0 0
1500.0 71.506267 35.869135 17.879964 0.151389 0.560135 436.477 0 0
1500.0 104.632680 -3.350262 17.852045 0.706421 -0.015687 437.860 0 0
1500.0 104.457879 -51.283274 17.849440 0.724844 -0.776170 436.595 0 0
1500.0 57.099551 2.615518 17.871440 0.058540 0.046752 438.733 0 0
1500.0 97.946829 52.319157 17.941176 0.603258 0.832731 435.866 0 0
1500.0 107.382889 -23.582917 17.898131 0.772885 -0.373538 437.349 0 0
1500.0 79.720186 61.831635 17.877315 0.377892 0.947757 436.011 0 0
1500.0 108.721189 36.706938 17.879435 0.794474 0.577967 436.493 0 0
1500.0 120.353504 23.718562 17.819265 0.994693 0.325601 435.537 0 0
1500.0 77.216670 -54.153901 17.828705 0.341593 -0.801389 438.007 0 0
1500.0 -6.648003 -18.856978 17.895741 -0.994493 -0.326684 436.292 0 0
1500.0 107.491350 -28.480033 18.054665 0.826484 -0.438334 436.404 0 0
1500.0 88.516518 -43.644361 17.863757 0.423955 -0.703762 437.052 0 0
1500.0 24.227979 -56.603001 17.915599 -0.512879 -0.887815 437.270 0 0
1500.0 111.824042 40.763465 17.812417 0.868825 0.585145 436.267 0 0
1500.0 112.485495 28.516826 17.838902 0.892897 0.452839 435.958 0 0
1500.0 98.790093 -47.848043 17.840013 0.689079 -0.698461 435.741 0 0
1500.0 119.135132 26.852243 17.836619 0.916212 0.462172 437.955 0 0
1500.0 112.995764 31.437136 17.837590 0.849904 0.544138 436.071 0 0
1500.0 13.626062 -46.326489 17.930650 -0.720074 -0.713391 436.720 0 0
1500.0 45.425294 63.759518 17.902049 -0.160159 1.021086 437.128 0 0
1500.0 107.425314 33.468294 17.905895 0.772338 0.577970 436.251 0 0
1500.0 54.815635 64.212379 17.818621 -0.073984 1.002547 438.637 0 0
1500.0 -29.490611 151.614671 17.795498 -1.313414 2.281083 438.470 0 0
1500.0 31.011840 58.740326 17.820031 -0.390726 0.928124 438.913 0 0
1500.0 53.379955 46.288644 17.864822 -0.050279 0.785804 435.487 0 0
1500.0 79.468986 44.415902 17.862816 0.349335 0.754762 435.684 0 0
1500.0 50.017188 63.497106 17.852654 -0.099212 1.022147 437.267 0 0
1500.0 16.822688 53.861904 17.851415 -0.588325 0.867616 438.076 0 0
1500.0 106.182941 -6.883270 17.876305 0.819474 -0.109134 435.785 0 0
1500.0 125.378360 6.652182 17.791631 1.034974 0.158258 438.121 0 0
1500.0 45.295709 -38.062118 18.218646 -0.202734 -0.621696 436.541 0 0
1500.0 73.274113 44.264029 17.924798 0.293772 0.736626 435.945 0 0
1500.0 61.075756 -7.690208 18.325914 0.108640 -0.193390 436.301 0 0
1500.0 97.023206 -17.934232 18.312601 0.646831 -0.344339 437.293 0 0
1500.0 91.714573 -56.435171 17.790362 0.546602 -0.893550 438.109 0 0
1500.0 -19.180471 19.401758 17.840217 -1.266794 0.280862 435.713 0 0
1500.0 125.492692 -9.460932 17.806603 1.039597 -0.075713 438.062 0 0
1500.0 90.867320 -41.644683 17.884194 0.454304 -0.690090 436.566 0 0
1500.0 87.354823 -31.693517 17.890483 0.404067 -0.542548 436.000 0 0
1500.0 66.879489 -38.134274 18.283282 0.148309 -0.636227 437.591 0 0
1500.0 37.022307 -7.311406 17.922504 -0.393660 -0.120195 435.712 0 0
1500.0 61.881934 11.043816 17.926460 -0.007072 0.165920 435.458 0 0
1500.0 45.489569 -13.582389 17.881615 -0.257781 -0.252329 435.507 0 0
1500.0 -1.585326 -16.528288 17.857358 -0.956264 -0.287409 437.937 0 0
1500.0 102.560122 40.712289 17.837037 0.750725 0.609076 437.550 0 0
1500.0 91.154924 -31.227380 17.846857 0.588370 -0.487810 436.404 0 0
1500.0 107.130396 8.612013 17.889021 0.761682 0.205485 437.824 0 0
1500.0 -39.712354 32.872747 17.884116 -1.577367 0.548460 436.497 0 0
1500.0 64.913676 11.091007 17.990699 0.048812 0.169261 436.337 0 0
1500.0 117.183969 26.079441 17.810733 0.937205 0.333967 438.747 0 0
1500.0 81.542856 -14.195521 17.831476 0.412942 -0.282905 436.586 0 0
1500.0 39.332977 16.498666 18.363039 -0.283604 0.278308 438.455 0 0
1500.0 39.363832 -55.485482 17.892648 -0.309765 -0.903958 438.768 0 0
1500.0 79.937317 32.588042 18.619775 0.396662 0.563860 437.998 0 0
1500.0 44.742498 -38.208831 18.037260 -0.170864 -0.660764 438.801 0 0
1500.0 107.163840 42.092270 17.833144 0.832698 0.616461 437.872 0 0
1500.0 101.226742 -3.401321 17.917898 0.717261 -0.116414 439.023 0 0
1500.0 82.516562 1.126736 17.925331 0.400981 0.094707 438.634 0 0
1500.0 73.339060 1.436534 17.952666 0.328744 0.006662 438.749 0 0
1500.0 102.904951 -10.358216 18.058557 0.810350 -0.214241 436.675 0 0
1500.0 128.919753 -25.664481 18.191944 1.226106 -0.436903 438.714 0 0
1500.0 41.479758 -18.281542 17.815262 -0.329316 -0.326624 438.944 0 0
1500.0 160.924463 29.569316 17.897271 1.746223 0.441865 436.439 0 0
1500.0 101.445279 -3.682405 18.547747 0.786785 -0.137333 438.227 0 0
1500.0 49.910059 10.585778 18.020141 -0.105543 0.246524 438.442 0 0
1500.0 113.061662 -25.476813 17.919653 0.974980 -0.376103 436.531 0 0
1500.0 17.620712 -67.142750 17.887726 -0.733471 -1.054325 436.738 0 0
1500.0 115.016573 -20.003077 17.914928 0.897871 -0.397131 438.448 0 0
1500.0 128.981908 -1.600513 18.020270 1.289351 -0.035253 438.678 0 0
1500.0 115.569517 18.915866 18.654284 1.216695 0.355680 436.436 0 0
1500.0 84.551568 -6.344818 18.319024 0.485980 -0.111292 439.344 0 0
1500.0 63.055492 2.530380 18.098306 0.168666 0.032737 439.476 0 0
1500.0 86.158144 21.271839 17.852931 0.454989 0.327185 439.449 0 0
1500.0 63.239789 9.077255 17.950347 0.096299 0.194703 439.903 0 0
1500.0 65.339922 -32.622409 17.832569 0.160409 -0.497642 439.767 0 0
1500.0 15.137318 -16.837705 17.832485 -0.624639 -0.307455 439.390 0 0
1500.0 59.738237 63.877072 17.854249 0.044765 0.997842 439.277 0 0
1500.0 121.316454 5.350987 17.922365 0.995957 0.053985 439.707 0 0
1500.0 111.817202 -34.604924 17.793169 0.828381 -0.557776 439.484 0 0
1500.0 81.725305 22.852081 18.642776 0.479872 0.409409 439.559 0 0
1500.0 72.497226 63.915594 17.818621 0.282832 0.990463 439.478 0 0
1500.0 95.671945 45.242162 17.916758 0.646889 0.714862 439.093 0 0
1500.0 102.718252 -20.107475 18.053448 0.742413 -0.370740 439.208 0 0
1500.0 77.515435 -42.566443 18.032694 0.328416 -0.722946 439.206 0 0
1500.0 104.468760 35.491233 17.797955 0.767714 0.575351 439.436 0 0
1500.0 112.988560 -6.727018 17.999923 0.884769 -0.175323 439.941 0 0
1500.0 60.669865 68.032998 17.849218 0.111558 1.079287 439.650 0 0
1500.0 21.967509 -2.330722 17.941633 -0.589121 0.026121 439.513 0 0
1500.0 76.392998 -23.876603 17.974008 0.308707 -0.447866 439.600 0 0
1500.0 35.635295 -23.292489 17.837988 -0.426813 -0.358053 439.466 0 0
1500.0 35.609168 17.761481 17.827422 -0.408307 0.222729 439.645 0 0
1500.0 92.657123 5.863906 17.988436 0.649378 0.080622 439.513 0 0
1500.0 76.899502 -10.324362 18.120630 0.332875 -0.122670 442.920 0 0
1500.0 54.428949 -9.861452 18.434680 -0.020220 -0.186454 440.839 0 0
1500.0 67.291842 -17.046644 18.186892 0.128902 -0.290205 441.302 0 0
1500.0 100.167385 16.235359 17.852774 0.665991 0.252301 440.105 0 0
1500.0 80.373881 -13.828936 17.895166 0.348529 -0.256798 440.994 0 0
1500.0 42.326188 38.834605 17.920254 -0.195049 0.614898 440.994 0 0
1500.0 45.596777 49.931218 17.830433 -0.174542 0.782809 440.408 0 0
1500.0 69.881991 7.490561 17.880381 0.184612 0.172613 442.027 0 0
1500.0 107.869409 28.078301 17.860950 0.732327 0.471237 440.309 0 0
1500.0 68.764024 16.345381 17.878905 0.169258 0.296626 441.922 0 0
1500.0 43.980409 52.192192 17.803537 -0.162549 0.803746 440.446 0 0
1500.0 61.889527 14.217216 17.940234 0.108795 0.251923 442.439 0 0
1500.0 85.671831 52.337044 17.813147 0.431146 0.817026 440.388 0 0
1500.0 72.290929 -3.376885 18.406010 0.276394 -0.112242 444.931 0 0
1500.0 33.096418 -7.590216 17.880105 -0.404763 -0.142454 442.860 0 0
1500.0 90.413250 -26.677677 17.851257 0.529316 -0.383268 442.249 0 0
1500.0 115.838774 -28.512378 17.834769 0.915293 -0.421541 440.174 0 0
1500.0 79.642017 24.354911 17.856122 0.375063 0.335710 442.646 0 0
1500.0 86.626136 -33.989403 17.981974 0.485051 -0.504500 442.673 0 0
1500.0 66.815923 40.680521 17.958497 0.190834 0.631776 441.720 0 0
1500.0 29.384677 45.024280 17.842042 -0.477998 0.642619 441.959 0 0
1500.0 74.504783 30.731095 17.936306 0.280946 0.497997 442.353 0 0
1500.0 26.666902 18.605294 17.983034 -0.490612 0.257087 443.601 0 0
1500.0 73.544586 -18.123716 18.283015 0.300604 -0.322273 443.385 0 0
1500.0 66.669786 -30.276491 18.279970 0.210686 -0.511062 440.992 0 0
1500.0 23.598938 -52.528174 17.891685 -0.523326 -0.820789 441.874 0 0
1500.0 50.219480 -61.420717 17.892561 -0.138972 -0.947047 442.023 0 0
1500.0 19.536472 -54.323457 17.887617 -0.592206 -0.861633 440.672 0 0
1500.0 6.617722 -42.920880 17.887534 -0.782874 -0.695112 440.585 0 0
1500.0 60.263037 50.723514 17.912319 0.017093 0.785504 443.157 0 0
1500.0 81.671726 30.692757 17.837907 0.396168 0.465166 443.519 0 0
1500.0 119.216869 -8.376342 17.822975 0.947645 -0.088166 441.899 0 0
1500.0 99.913926 29.822802 17.867886 0.670743 0.429994 443.156 0 0
1500.0 91.735789 -52.724740 18.043943 0.563414 -0.845145 440.709 0 0
1500.0 77.356705 11.475362 17.895575 0.345841 0.165542 445.419 0 0
1500.0 110.629432 -35.406232 17.870875 0.868957 -0.524747 440.634 0 0
1500.0 79.858645 62.445313 17.799028 0.381866 0.970135 441.591 0 0
1500.0 99.209351 2.576377 18.206002 0.682573 0.012407 446.398 0 0
1500.0 105.165041 28.867893 17.932769 0.802466 0.422115 440.453 0 0
1500.0 84.031330 28.467760 17.917320 0.446986 0.415488 445.581 0 0
1500.0 105.543470 14.199669 17.829387 0.801837 0.239750 440.027 0 0
1500.0 103.407158 45.393605 17.819418 0.751015 0.701249 441.595 0 0
1500.0 68.517069 31.755688 18.336121 0.174940 0.536080 441.300 0 0
1500.0 72.011787 44.416454 17.851607 0.225819 0.758823 440.648 0 0
1500.0 61.619081 -66.836129 17.802784 -0.002014 -1.046019 442.852 0 0
1500.0 94.605678 16.053786 18.328261 0.690003 0.236940 442.618 0 0
1500.0 2.950758 -32.070573 17.888771 -0.890920 -0.472896 442.750 0 0
1500.0 92.903945 11.650567 18.101133 0.625635 0.227195 441.875 0 0
1500.0 68.076350 16.333137 17.899157 0.206436 0.262605 448.171 0 0
1500.0 5.263721 -10.561934 17.818980 -0.815441 -0.112564 446.529 0 0
1500.0 41.491544 29.417027 18.066849 -0.293721 0.481561 441.713 0 0
1500.0 105.381633 -18.665118 17.844525 0.782538 -0.234532 442.122 0 0
1500.0 122.300434 -10.334326 17.887030 1.011445 -0.181136 445.311 0 0
1500.0 123.509027 -6.494424 17.885828 1.040582 -0.126569 444.552 0 0
1500.0 123.301501 -6.161696 17.886559 1.028656 -0.120625 445.137 0 0
1500.0 30.213400 -42.867044 17.876615 -0.383506 -0.723798 442.055 0 0
1500.0 119.069474 -26.951998 17.864881 0.937198 -0.460434 444.841 0 0
1500.0 109.158541 8.023086 18.043348 0.815238 0.134950 447.621 0 0
1500.0 109.081995 8.754784 18.040600 0.870557 0.155339 443.030 0 0
1500.0 114.678866 27.972863 17.910334 0.901639 0.408132 446.070 0 0
1500.0 64.254773 34.762614 18.072333 0.084102 0.545596 448.821 0 0
1500.0 36.047050 -18.549543 17.915544 -0.372695 -0.353209 441.660 0 0
1500.0 12.126357 16.125252 17.880559 -0.715605 0.228024 447.895 0 0
1500.0 37.172770 0.468432 17.891927 -0.396717 0.006778 441.486 0 0
1500.0 60.260148 19.794105 18.438450 0.045809 0.324172 444.631 0 0
1500.0 120.443804 8.810863 17.949914 0.988456 0.194952 444.379 0 0
1500.0 95.834664 37.836219 17.958558 0.590008 0.597099 447.891 0 0
1500.0 102.992902 20.021641 17.918228 0.761287 0.261591 442.822 0 0
1500.0 73.586385 -55.633453 17.911790 0.308107 -0.885276 443.564 0 0
1500.0 38.757410 -9.970077 17.866031 -0.272128 -0.229301 441.626 0 0
1500.0 94.549460 -0.457308 18.143094 0.606754 0.024261 449.729 0 0
1500.0 45.579898 -44.097977 17.879310 -0.144006 -0.735514 443.536 0 0
1500.0 58.215344 -49.294433 17.878374 0.045317 -0.770152 447.323 0 0
1500.0 118.340634 30.056930 17.814451 0.879718 0.495835 447.887 0 0
1500.0 105.921201 -42.893051 17.876167 0.750695 -0.677830 446.564 0 0
1500.0 88.745958 -45.860614 17.881244 0.523581 -0.753223 443.615 0 0
1500.0 28.965222 -59.471214 17.838595 -0.395717 -0.970798 443.068 0 0
1500.0 72.859108 16.426453 18.042651 0.249398 0.341941 440.531 0 0
1500.0 99.970589 26.264785 17.896681 0.726191 0.396383 443.574 0 0
1500.0 37.665360 -25.735973 17.850316 -0.354781 -0.351204 449.406 0 0
1500.0 60.233149 14.898691 18.205565 0.078581 0.304903 443.488 0 0
1500.0 71.498945 70.866866 17.861225 0.198881 1.111509 446.630 0 0
1500.0 18.690705 -14.019629 17.884313 -0.627129 -0.191140 448.247 0 0
1500.0 24.248821 55.399882 17.845728 -0.488639 0.902274 445.290 0 0
1500.0 85.685143 -12.124195 18.485165 0.485931 -0.225482 451.969 0 0
1500.0 82.174160 -41.875693 17.807966 0.375695 -0.657609 448.762 0 0
1500.0 77.350403 5.872982 17.821487 0.302282 0.021554 449.870 0 0
1500.0 47.238135 -1.997531 18.193445 -0.169849 -0.087993 443.765 0 0
1500.0 38.140269 -29.844010 18.184681 -0.306800 -0.511148 444.370 0 0
1500.0 40.112582 77.438414 17.853296 -0.267368 1.303800 441.969 0 0
1500.0 90.219469 6.278957 18.030614 0.594676 0.115264 444.110 0 0
1500.0 102.506110 -26.718392 18.106188 0.781314 -0.399571 445.851 0 0
1500.0 80.270234 45.035646 17.834390 0.271195 0.722522 444.632 0 0
1500.0 36.488198 0.901445 17.847273 -0.366608 0.038950 451.092 0 0
1500.0 19.023978 -50.109210 17.824020 -0.659197 -0.728580 445.898 0 0
1500.0 29.062939 59.565712 17.821726 -0.490935 0.897835 448.137 0 0
1500.0 9.758019 -34.588183 17.826085 -0.803205 -0.496607 445.565 0 0
1500.0 122.805489 12.890666 17.807377 1.014538 0.133088 446.401 0 0
1500.0 14.396274 19.583318 17.874614 -0.658741 0.334773 450.145 0 0
1500.0 76.843490 -34.207369 17.846463 0.340565 -0.589518 444.500 0 0
1500.0 31.086755 -31.969237 17.823022 -0.417523 -0.571847 444.599 0 0
1500.0 36.924874 1.519090 17.833921 -0.331280 -0.054505 443.806 0 0
1500.0 51.550471 -62.988893 17.809437 -0.094881 -0.988134 448.756 0 0
1500.0 75.589877 6.777122 18.238973 0.335368 0.143574 452.911 0 0
1500.0 50.944094 12.909971 18.314089 -0.090287 0.220127 454.207 0 0
1500.0 125.082857 47.987357 17.898441 1.130511 0.776844 444.079 0 0
1500.0 125.159239 11.224114 17.919371 1.113659 0.249513 443.202 0 0
1500.0 106.947151 18.659326 18.151982 0.834008 0.326802 447.272 0 0
1500.0 97.885909 -5.687071 18.160268 0.707121 -0.038355 446.437 0 0
1500.0 66.282895 24.770802 18.168806 0.207102 0.385219 453.013 0 0
1500.0 66.143391 -14.448007 17.882508 0.070309 -0.274425 444.582 0 0
1500.0 22.011301 -55.871231 17.854231 -0.582513 -0.866854 448.644 0 0
1500.0 23.168330 -31.561846 17.869697 -0.545037 -0.491124 451.199 0 0
1500.0 99.054524 12.019643 18.519180 0.747398 0.233399 448.263 0 0
1500.0 73.693995 -58.727942 17.914621 0.286584 -0.945784 447.300 0 0
1500.0 39.990566 -40.496186 17.927273 -0.224538 -0.687555 445.796 0 0
1500.0 65.875753 -59.263516 17.915556 0.169619 -0.956225 447.132 0 0
1500.0 67.986277 -41.383527 18.172279 0.133490 -0.725318 442.158 0 0
1500.0 74.416847 65.648194 17.821000 0.309950 0.982081 449.192 0 0
1500.0 90.113889 41.818238 17.968688 0.525561 0.638759 451.859 0 0
1500.0 89.722474 -14.894266 17.977930 0.565562 -0.179280 446.175 0 0
1500.0 105.670213 10.702819 17.971279 0.743146 0.197108 452.129 0 0
1500.0 78.333883 31.482100 18.033673 0.350717 0.494374 453.460 0 0
1500.0 74.411092 16.316629 18.515883 0.355879 0.317201 448.644 0 0
1500.0 123.891834 5.453247 17.856124 1.032772 0.083631 450.870 0 0
1500.0 104.341299 14.025843 17.815811 0.783536 0.236269 447.053 0 0
1500.0 102.175968 -45.994095 17.806662 0.736328 -0.673414 448.284 0 0
1500.0 115.297611 -3.085234 17.812389 0.889417 -0.024951 451.625 0 0
1500.0 84.796973 -107.104406 17.916267 0.406145 -1.786789 444.583 0 0
1500.0 77.808103 -41.501141 18.172480 0.415958 -0.732673 443.644 0 0
1500.0 43.995161 16.775521 17.885430 -0.185241 0.334314 446.411 0 0
1500.0 97.219163 54.551830 17.852093 0.551697 0.877927 449.414 0 0
1500.0 55.146062 64.727832 17.852287 -0.075371 1.030784 449.335 0 0
1500.0 63.584862 27.393917 17.875276 0.052694 0.494032 446.587 0 0
1500.0 43.945858 54.732178 17.860672 -0.232502 0.845392 452.210 0 0
1500.0 54.562068 -6.254385 17.881937 -0.088275 -0.029656 446.153 0 0
1500.0 26.135844 50.209635 17.855766 -0.514449 0.824198 448.520 0 0
1500.0 33.824745 -14.339304 17.899372 -0.444903 -0.235523 446.799 0 0
1500.0 -2.663712 11.506623 17.878930 -0.979282 0.160615 448.927 0 0
1500.0 24.630846 32.293593 17.870729 -0.499527 0.559774 449.030 0 0
1500.0 68.090594 40.866940 17.872424 0.153704 0.691854 448.706 0 0
1500.0 115.588995 -16.472532 17.953130 0.912075 -0.242942 452.250 0 0
1500.0 131.408606 40.841498 17.985387 1.252863 0.740574 443.531 0 0
1500.0 56.577564 -60.640040 17.839803 0.022523 -0.978295 448.741 0 0
1500.0 103.373171 -36.052017 17.807233 0.760204 -0.521703 448.087 0 0
1500.0 69.658722 42.626233 18.155979 0.210137 0.720328 448.846 0 0
1500.0 56.699648 23.935466 18.166079 0.014152 0.442700 448.057 0 0
1500.0 72.180016 -1.577896 18.285076 0.237994 -0.090470 448.592 0 0
1500.0 93.743527 4.217035 17.844597 0.632648 0.021687 445.886 0 0
1500.0 104.924664 -40.962984 17.818113 0.737725 -0.635046 452.446 0 0
1500.0 50.565701 -66.984409 17.815385 -0.050118 -1.020892 451.843 0 0
1500.0 119.628439 9.000598 18.089223 1.065310 0.186596 447.022 0 0
1500.0 5.739293 -4.069373 17.880539 -0.871103 -0.139674 445.828 0 0
1500.0 1.808134 32.890121 17.825011 -0.835413 0.548481 452.506 0 0
1500.0 38.597921 55.271798 17.827024 -0.313158 0.910450 449.742 0 0
1500.0 43.772025 28.546845 17.843833 -0.240974 0.518982 448.047 0 0
1500.0 88.720595 47.071191 17.829829 0.448704 0.790966 449.347 0 0
1500.0 23.820530 54.578817 17.824562 -0.516167 0.865067 452.404 0 0
1500.0 37.496404 61.820574 17.822480 -0.324063 0.991952 450.919 0 0
1500.0 33.820969 7.739348 17.847505 -0.397260 0.196307 447.789 0 0
1500.0 62.907837 5.763740 17.852139 0.056994 0.166246 447.491 0 0
1500.0 50.829123 26.959051 18.158146 -0.143905 0.419916 449.049 0 0
1500.0 98.417781 29.219296 18.180453 0.680322 0.529559 448.731 0 0
1500.0 35.406283 -31.895024 18.012218 -0.378247 -0.542526 449.464 0 0
1500.0 133.372495 45.524753 18.010981 1.321832 0.765849 445.734 0 0
1500.0 113.645000 51.969258 18.313916 1.056221 0.894212 444.325 0 0
1500.0 50.919570 14.359596 18.261174 -0.109159 0.270470 450.054 0 0
1500.0 145.131493 7.210889 18.300193 1.551644 0.100218 445.971 0 0
1500.0 -13.315381 0.697172 17.853966 -1.099062 0.013184 453.863 0 0
1500.0 43.003687 -11.485799 17.856452 -0.211331 -0.249414 450.670 0 0
1500.0 55.921912 -12.188124 18.130658 0.019032 -0.235355 457.610 0 0
1500.0 56.183713 39.353056 18.034310 -0.041261 0.755318 443.909 0 0
1500.0 92.216983 23.190386 18.356938 0.646654 0.383888 452.483 0 0
1500.0 157.444926 -97.410071 17.823329 1.568831 -1.595777 449.962 0 0
1500.0 47.971179 -61.644153 17.802846 -0.126001 -0.962184 454.945 0 0
1500.0 106.906375 -28.661491 17.940221 0.785085 -0.422016 455.775 0 0
1500.0 85.451844 8.063652 17.954621 0.514832 0.111973 450.757 0 0
1500.0 68.411349 -19.846361 18.177608 0.216166 -0.377318 451.673 0 0
1500.0 43.290124 12.495409 17.970197 -0.254649 0.198948 458.103 0 0
1500.0 103.909980 -37.240922 17.911658 0.732446 -0.630343 452.837 0 0
1500.0 104.675135 -11.340355 17.920125 0.755614 -0.243881 451.814 0 0
1500.0 112.829794 -27.329247 17.910464 0.864099 -0.479496 453.047 0 0
1500.0 105.278795 5.891634 17.921326 0.766165 0.019833 451.702 0 0
1500.0 74.223060 -17.578019 17.931994 0.293893 -0.344306 450.869 0 0
1500.0 91.019964 -31.378893 17.923432 0.504139 -0.507681 457.327 0 0
1500.0 94.817705 -29.482447 17.922547 0.558384 -0.481483 457.244 0 0
1500.0 75.757071 -34.835591 18.272082 0.297178 -0.595698 452.722 0 0
1500.0 94.504647 -17.256839 18.084990 0.627641 -0.328721 452.182 0 0
1500.0 67.333697 -65.296018 17.805454 0.130066 -1.035072 454.550 0 0
1500.0 86.438815 -54.801443 17.808174 0.421502 -0.902085 452.927 0 0
1500.0 27.851235 -9.383858 17.828183 -0.477692 -0.223993 450.811 0 0
1500.0 65.840942 -57.454737 17.813067 0.105517 -0.897765 456.201 0 0
1500.0 83.574480 -66.050145 17.819352 0.443091 -0.982613 455.184 0 0
1500.0 77.812392 -18.650171 17.852052 0.300853 -0.328047 457.978 0 0
1500.0 51.441216 -30.428096 17.849060 -0.076581 -0.546876 450.989 0 0
1500.0 88.045952 -9.161817 17.850990 0.444909 -0.195168 457.897 0 0
1500.0 90.969179 50.259702 17.829108 0.442080 0.810712 452.880 0 0
1500.0 119.653669 7.424773 18.055011 1.014653 0.089789 454.497 0 0
1500.0 118.463446 -17.332843 18.054290 0.993724 -0.275967 454.721 0 0
1500.0 85.528630 -11.631320 18.076517 0.477476 -0.180437 458.989 0 0
1500.0 82.395836 -20.476884 18.074275 0.479077 -0.334792 452.209 0 0
1500.0 101.801687 -9.245900 18.066645 0.769028 -0.161043 452.848 0 0
1500.0 67.079698 -11.348752 18.081530 0.220134 -0.175596 459.365 0 0
1500.0 111.171709 -18.622323 18.016343 0.891208 -0.312167 453.628 0 0
1500.0 100.799124 5.464747 18.025536 0.746890 0.050350 452.607 0 0
1500.0 35.265491 58.550451 17.806332 -0.284927 0.929845 453.099 0 0
1500.0 53.572648 27.025982 17.826764 -0.007920 0.466552 451.101 0 0
1500.0 75.415261 -5.231365 17.829699 0.334204 -0.037316 450.907 0 0
1500.0 45.257015 66.911005 17.802174 -0.131231 1.037618 454.298 0 0
1500.0 110.907564 38.577496 17.803057 0.832916 0.607184 455.295 0 0
1500.0 68.544290 3.199881 17.831174 0.226908 0.094893 450.813 0 0
1500.0 73.018339 63.822767 17.804192 0.276237 0.972476 455.626 0 0
1500.0 122.259113 -20.461813 17.802941 0.999922 -0.258308 455.252 0 0
1500.0 107.145097 -46.130554 17.803294 0.795573 -0.648890 453.768 0 0
1500.0 101.523241 -45.033835 17.806865 0.719442 -0.639697 453.012 0 0
1500.0 38.524830 62.025568 17.921009 -0.324069 0.979728 454.666 0 0
1500.0 27.846311 54.696231 17.922681 -0.486156 0.876696 454.209 0 0
1500.0 114.949984 -58.913068 18.071813 1.045963 -1.030238 446.859 0 0
1500.0 63.056206 -22.489229 18.291699 0.044681 -0.341954 444.102 0 0
1500.0 129.636408 26.118723 18.050168 1.292228 0.417401 447.647 0 0
1500.0 110.580373 16.288179 17.852336 0.852069 0.306414 453.624 0 0
1500.0 78.031798 -16.173415 18.673831 0.366103 -0.307809 452.274 0 0
1500.0 107.381729 -46.378734 17.822553 0.799897 -0.672023 456.072 0 0
1500.0 110.729488 4.322470 17.831242 0.880715 0.077401 453.642 0 0
1500.0 100.618712 -50.194343 17.823572 0.712010 -0.740390 454.956 0 0
1500.0 123.377893 7.228760 17.822886 1.032408 0.117085 456.273 0 0
1500.0 103.212720 -12.461664 17.838191 0.711446 -0.166220 458.655 0 0
1500.0 94.630237 49.032601 17.828677 0.598903 0.717240 457.570 0 0
1500.0 109.367342 39.568794 17.823149 0.841120 0.602268 455.105 0 0
1500.0 64.866164 -7.800811 17.852114 0.164826 -0.098544 459.764 0 0
1500.0 111.630986 -3.958521 18.186755 0.897825 -0.115128 455.242 0 0
1500.0 110.368874 -19.937088 17.829738 0.814565 -0.392393 451.912 0 0
1500.0 65.849652 -21.001864 17.994430 0.090993 -0.384096 453.068 0 0
1500.0 18.605386 -10.146894 17.986278 -0.635093 -0.213952 453.663 0 0
1500.0 174.561510 -6.426162 17.802240 1.789950 -0.023016 454.096 0 0
1500.0 121.563325 18.277396 17.943454 1.050713 0.366372 451.320 0 0
1500.0 -2.819494 26.531857 17.934085 -0.959519 0.403279 456.203 0 0
1500.0 24.999046 9.614498 17.954492 -0.570610 0.159183 453.475 0 0
1500.0 21.302064 20.119293 17.950550 -0.624661 0.319761 453.786 0 0
1500.0 26.983429 -10.784056 18.113011 -0.508901 -0.133874 454.082 0 0
1500.0 58.031782 -10.911441 18.364835 -0.049021 -0.177943 445.881 0 0
1500.0 115.787225 -10.683985 17.940980 0.935817 -0.147474 457.494 0 0
1500.0 57.238132 -59.630839 18.000278 -0.009728 -0.951598 457.067 0 0
1500.0 118.400133 11.888581 17.993649 0.993342 0.194868 456.690 0 0
1500.0 115.189377 -19.031915 17.995077 0.949878 -0.266518 456.385 0 0
1500.0 1.086015 -24.405297 17.871323 -0.889434 -0.442639 455.531 0 0
1500.0 1.175449 33.672789 18.083592 -1.024696 0.511328 447.954 0 0
1500.0 25.565061 -56.661792 17.817665 -0.492335 -0.899714 458.423 0 0
1500.0 41.978353 -38.234532 17.832738 -0.266591 -0.665911 454.760 0 0
1500.0 116.307607 -12.832363 17.906890 0.917620 -0.175818 459.812 0 0
1500.0 95.628545 -14.354061 17.919865 0.608719 -0.193763 461.210 0 0
1500.0 95.570393 -26.608439 17.914564 0.662455 -0.398980 455.355 0 0
1500.0 93.956439 -13.612998 17.888651 0.626473 -0.167750 454.901 0 0
1500.0 59.594108 43.533901 17.983975 0.045907 0.753311 454.862 0 0
1500.0 79.629653 11.191052 18.460190 0.457358 0.233432 455.860 0 0
1500.0 119.060165 8.917509 17.805763 0.974510 0.128062 458.310 0 0
1500.0 111.365218 36.563493 17.932630 0.879029 0.552155 458.298 0 0
1500.0 55.406182 25.258735 17.850725 0.014952 0.401670 462.305 0 0
1500.0 105.283308 -26.315090 17.813916 0.777723 -0.350631 456.411 0 0
1500.0 110.418735 -38.799374 18.007447 0.929410 -0.590231 453.934 0 0
1500.0 115.416408 -19.041523 17.845578 0.887444 -0.234723 461.178 0 0
1500.0 121.428575 -22.209326 17.838514 1.005498 -0.289356 458.987 0 0
1500.0 73.507066 67.774981 17.868304 0.321304 1.095560 454.971 0 0
1500.0 88.060732 10.815945 18.039476 0.538769 0.107840 456.815 0 0
1500.0 67.604250 8.003900 18.086980 0.225169 0.186661 456.718 0 0
1500.0 113.203409 -21.789400 18.367476 1.017502 -0.446202 451.218 0 0
1500.0 54.342289 13.073547 18.210597 -0.030797 0.273343 457.419 0 0
1500.0 61.300742 -68.918338 17.793996 0.118930 -1.037688 459.523 0 0
1500.0 87.003150 57.378908 17.954131 0.447573 0.900429 461.901 0 0
1500.0 81.446187 -0.386473 18.326547 0.463508 -0.068445 458.751 0 0
1500.0 118.711382 0.409738 17.900863 0.995771 -0.000659 459.478 0 0
1500.0 99.022232 -13.882956 17.912869 0.716316 -0.220089 457.987 0 0
1500.0 69.642511 1.682372 18.263015 0.208997 0.097922 458.304 0 0
1500.0 71.965652 18.222591 18.260449 0.219166 0.314537 465.871 0 0
1500.0 81.461408 20.425792 18.257841 0.350317 0.345691 465.671 0 0
1500.0 73.581510 -50.458957 17.854864 0.230646 -0.845760 458.537 0 0
1500.0 62.537813 -14.937442 17.887524 0.085028 -0.310783 457.342 0 0
1500.0 88.936115 39.654738 17.814621 0.549743 0.590183 457.850 0 0
1500.0 37.315899 134.958197 17.858024 -0.270604 2.144303 458.273 0 0
1500.0 -5.459954 76.823474 17.932881 -1.123167 1.236776 454.125 0 0
1500.0 21.969550 51.785274 17.835016 -0.506880 0.853793 459.098 0 0
1500.0 61.139624 -26.609613 18.323104 0.042717 -0.519424 452.348 0 0
1500.0 9.768930 -3.137662 17.968084 -0.776732 -0.072310 460.187 0 0
1500.0 96.180991 -58.018873 17.795529 0.632380 -0.836060 461.335 0 0
1500.0 58.862269 64.243513 17.798471 0.080769 0.993806 460.117 0 0
1500.0 63.223397 7.285796 17.825427 0.135842 0.124344 465.360 0 0
1500.0 109.603217 41.503573 17.795932 0.825737 0.634598 461.789 0 0
1500.0 92.606071 -19.355479 17.813935 0.606368 -0.275310 458.333 0 0
1500.0 45.164631 12.123727 18.153410 -0.171799 0.261629 459.132 0 0
1500.0 5.264372 24.056986 17.833780 -0.803410 0.399680 463.849 0 0
1500.0 102.268253 0.233610 17.946096 0.761036 0.066688 457.202 0 0
1500.0 117.087088 19.972755 18.278891 1.070268 0.378650 456.263 0 0
1500.0 130.889589 -2.958869 18.156480 1.295916 0.016487 454.704 0 0
1500.0 120.774156 -12.337132 18.180073 1.088258 -0.152083 459.114 0 0
1500.0 107.806894 2.273732 18.061931 0.886408 -0.044051 452.956 0 0
1500.0 86.134328 -59.155278 17.859383 0.431328 -0.935478 463.693 0 0
1500.0 103.241579 2.083258 17.863002 0.759905 -0.015587 460.258 0 0
1500.0 99.598616 -51.065364 17.848410 0.676375 -0.800810 462.898 0 0
1500.0 99.913225 -20.540900 17.864109 0.652651 -0.334927 465.839 0 0
1500.0 86.610509 61.620285 17.913732 0.529136 1.022583 458.125 0 0
1500.0 71.895618 0.989481 18.258990 0.288694 0.092081 459.309 0 0
1500.0 59.574392 -6.429881 17.933549 0.045804 -0.186102 456.630 0 0
1500.0 112.776230 18.117279 18.010744 0.942952 0.334609 459.720 0 0
1500.0 101.581162 -21.163914 17.817626 0.679536 -0.335477 466.464 0 0
1500.0 15.872722 -49.501446 17.883237 -0.647429 -0.777577 465.065 0 0
1500.0 107.382574 45.637094 17.865018 0.735330 0.745310 464.201 0 0
1500.0 83.212171 33.178918 17.881580 0.397437 0.588417 461.143 0 0
1500.0 94.758168 24.093202 17.883209 0.526738 0.410449 467.137 0 0
1500.0 55.187680 38.267990 17.885281 -0.031528 0.608936 467.314 0 0
1500.0 59.697918 44.170720 17.882156 0.032076 0.694664 467.043 0 0
1500.0 70.510746 64.351860 17.865081 0.193903 1.027798 463.738 0 0
1500.0 108.665950 18.400154 17.875000 0.782230 0.357175 461.769 0 0
1500.0 89.623671 0.864519 17.994210 0.521976 -0.019003 468.144 0 0
1500.0 98.052589 52.892481 17.854544 0.658015 0.808989 464.620 0 0
1500.0 95.324868 -19.108501 17.871272 0.649446 -0.260874 461.318 0 0
1500.0 102.463206 1.469667 17.868848 0.757155 0.056494 461.528 0 0
1500.0 119.705945 -5.512000 17.988744 1.083724 -0.163545 456.089 0 0
1500.0 114.387497 30.379064 18.004991 0.924073 0.540351 461.280 0 0
1500.0 106.894003 32.389400 17.858619 0.752344 0.585409 460.411 0 0
1500.0 109.828282 -25.972613 17.889842 0.815332 -0.400965 466.855 0 0
1500.0 112.567240 15.274331 17.888927 0.904383 0.200907 463.009 0 0
1500.0 95.008613 -51.399727 17.807565 0.571079 -0.810217 465.866 0 0
1500.0 80.360687 -2.475695 17.881725 0.363732 0.016901 468.584 0 0
1500.0 113.596072 -16.784273 17.861663 0.900050 -0.198985 462.888 0 0
1500.0 60.422305 55.108964 17.862784 0.092539 0.895011 462.746 0 0
1500.0 42.489725 -3.178530 17.991058 -0.254314 -0.003431 469.217 0 0
1500.0 30.634402 -18.689769 17.985170 -0.466129 -0.243355 461.901 0 0
1500.0 65.444698 35.291792 17.840646 0.125615 0.564530 468.283 0 0
1500.0 -72.792791 89.424218 17.840232 -2.094906 1.475303 461.031 0 0
1500.0 61.011912 59.960146 17.830641 -0.034909 0.957053 461.058 0 0
1500.0 116.810399 -7.901118 18.191074 0.984045 -0.146421 465.591 0 0
1500.0 107.155340 33.585545 17.814919 0.724263 0.587024 463.168 0 0
1500.0 39.865239 -20.273079 17.865263 -0.341537 -0.362969 462.390 0 0
1500.0 61.036967 -37.001257 17.861429 -0.011925 -0.620661 462.669 0 0
1500.0 124.149423 -1.597830 17.849064 1.032373 -0.098349 463.872 0 0
1500.0 58.635290 -6.175957 18.323952 0.051898 -0.167181 464.343 0 0
1500.0 11.028939 -47.992508 17.869659 -0.761712 -0.719481 466.560 0 0
1500.0 11.943015 9.271079 17.885615 -0.715918 0.121708 469.609 0 0
1500.0 21.115696 -21.818382 17.887998 -0.584364 -0.317170 469.825 0 0
1500.0 -3.108686 21.794362 17.857364 -0.951825 0.345608 467.694 0 0
1500.0 21.745118 49.745162 17.837037 -0.561012 0.779808 468.188 0 0
1500.0 62.097046 -26.865504 17.989334 0.006034 -0.401860 462.752 0 0
1500.0 32.844045 -10.929678 18.020983 -0.430074 -0.127375 463.749 0 0
1500.0 99.622192 51.917267 17.851498 0.648842 0.818687 467.831 0 0
1500.0 53.395551 -16.089376 18.147964 -0.143619 -0.317188 457.304 0 0
1500.0 29.860713 -4.727474 18.053103 -0.548866 -0.031569 457.844 0 0
1500.0 77.059877 4.649456 17.890365 0.326936 -0.000482 464.812 0 0
1500.0 40.778857 -46.160635 17.876583 -0.219166 -0.742832 468.164 0 0
1500.0 83.295898 65.661876 17.977207 0.413340 1.069289 465.840 0 0
1500.0 111.675752 -32.371237 18.002475 0.894977 -0.485189 467.387 0 0
1500.0 26.937168 44.049776 17.827362 -0.468657 0.749064 465.742 0 0
1500.0 32.219993 20.831057 17.840358 -0.394976 0.401487 464.578 0 0
1500.0 111.136868 -61.526991 17.870437 0.790086 -0.972426 468.685 0 0
1500.0 19.247219 -5.174015 17.871281 -0.600443 -0.019291 469.582 0 0
1500.0 76.552723 -62.603030 17.932465 0.296066 -0.981039 469.214 0 0
1500.0 40.192086 -28.011175 17.859397 -0.250130 -0.463933 471.836 0 0
1500.0 72.727210 8.809713 17.821213 0.259832 0.209083 464.643 0 0
1500.0 58.319719 51.855579 17.806126 0.030986 0.804839 470.898 0 0
1500.0 99.724112 -5.320067 17.811520 0.675620 -0.012241 465.336 0 0
1500.0 4.064842 43.165983 17.793494 -0.772932 0.707821 468.225 0 0
1500.0 26.514428 58.891043 17.793764 -0.441729 0.945358 467.927 0 0
1500.0 35.774736 59.107733 17.798012 -0.295249 0.922203 469.846 0 0
1500.0 4.895678 43.660879 17.793591 -0.762351 0.716810 468.070 0 0
1500.0 55.706119 25.143778 17.818300 -0.006919 0.463688 464.836 0 0
1500.0 111.473979 38.476080 17.794766 0.810236 0.629833 469.122 0 0
1500.0 101.906931 -40.659973 17.997827 0.735314 -0.657050 467.901 0 0
1500.0 113.481308 -17.446809 17.802369 0.914249 -0.274363 466.894 0 0
1500.0 100.966037 -22.210691 17.809381 0.733551 -0.351169 466.056 0 0
1500.0 93.264899 54.188570 17.801610 0.579470 0.776124 470.054 0 0
1500.0 83.752412 21.608286 17.952477 0.359137 0.370573 472.626 0 0
1500.0 75.638018 7.040823 17.957461 0.244423 0.166051 472.999 0 0
1500.0 82.680418 -37.412407 18.219262 0.468305 -0.623320 467.601 0 0
1500.0 74.105486 -25.625969 18.041586 0.228358 -0.422928 473.346 0 0
1500.0 68.073335 42.131619 17.860275 0.223391 0.690761 466.284 0 0
1500.0 123.990445 5.871974 17.844688 1.033381 0.125322 469.561 0 0
1500.0 113.540673 -32.340420 17.846731 0.901001 -0.445943 467.973 0 0
1500.0 115.917599 27.927124 17.844998 0.929682 0.456302 468.477 0 0
1500.0 78.690606 -82.974692 17.831405 0.339354 -1.331541 467.392 0 0
1500.0 87.310021 12.027954 17.959069 0.493202 0.175222 473.116 0 0
1500.0 107.537732 -11.046930 18.002600 0.823508 -0.224778 467.633 0 0
1500.0 56.096187 17.245740 17.822251 -0.110972 0.284897 465.628 0 0
1500.0 26.675170 -61.549888 17.794025 -0.540641 -0.898052 469.363 0 0
1500.0 141.701807 -6.566946 18.404838 1.583926 -0.143391 459.377 0 0
1500.0 75.044680 39.264390 17.817986 0.287684 0.606941 472.631 0 0
1500.0 123.246195 -19.451309 17.800811 1.004414 -0.232483 470.234 0 0
1500.0 92.682519 38.518602 17.809494 0.581191 0.644891 467.319 0 0
1500.0 93.052655 37.564953 18.188518 0.586280 0.746049 458.179 0 0
1500.0 84.292232 59.699182 17.951266 0.416798 0.955531 469.773 0 0
1500.0 100.810808 41.339014 17.955490 0.671917 0.695437 468.672 0 0
1500.0 66.459051 13.743116 17.979061 0.143953 0.259550 474.108 0 0
1500.0 90.391462 20.368975 17.816212 0.526194 0.292361 472.771 0 0
1500.0 124.299374 -2.338942 17.903792 1.047700 0.010161 470.015 0 0
1500.0 124.428918 -5.741257 17.903761 1.047520 -0.039971 470.150 0 0
1500.0 83.658573 2.330222 17.928045 0.470971 0.083142 466.697 0 0
1500.0 57.147394 120.779832 17.852602 -0.025899 1.972754 466.020 0 0
1500.0 64.720591 65.220334 17.831884 0.119225 1.025271 470.665 0 0
1500.0 25.827348 58.934359 17.831519 -0.451176 0.935337 470.512 0 0
1500.0 101.958791 -108.238862 17.857090 0.714987 -1.791046 465.504 0 0
1500.0 100.968501 -33.116192 18.050193 0.737089 -0.541175 468.972 0 0
1500.0 97.132556 -30.543787 17.812831 0.630703 -0.426788 472.246 0 0
1500.0 79.621881 -46.856712 17.921863 0.326844 -0.788561 468.351 0 0
1500.0 102.756219 45.150595 17.913867 0.743008 0.709649 470.069 0 0
1500.0 106.480767 37.928335 18.069056 0.774871 0.633972 470.313 0 0
1500.0 1.801457 -8.409108 17.819946 -0.872945 -0.091462 472.786 0 0
1500.0 100.137520 -3.363854 17.814408 0.713519 -0.032573 468.907 0 0
1500.0 128.980944 92.383711 17.793032 1.034654 1.450394 470.349 0 0
1500.0 45.626827 23.966071 18.100393 -0.188385 0.437629 468.477 0 0
1500.0 66.720846 25.878651 18.101360 0.122250 0.420761 475.632 0 0
1500.0 66.725991 31.257580 18.220760 0.136032 0.534914 469.230 0 0
1500.0 26.910033 -20.324161 17.971105 -0.489051 -0.289624 475.033 0 0
1500.0 20.534581 -37.785311 17.959751 -0.628183 -0.580013 469.350 0 0
1500.0 48.058807 8.726081 17.978340 -0.214725 0.129810 467.861 0 0
1500.0 105.896442 -15.299795 17.810830 0.771572 -0.210005 471.911 0 0
1500.0 -4.688293 -15.703683 17.843368 -0.965093 -0.185686 473.048 0 0
1500.0 23.482901 55.328680 17.841462 -0.560483 0.848392 472.624 0 0
1500.0 11.438499 33.117458 17.848298 -0.723710 0.515912 473.791 0 0
1500.0 45.282689 -47.912262 17.881909 -0.154968 -0.800774 469.496 0 0
1500.0 117.546757 -19.947253 17.872690 0.928052 -0.365476 470.958 0 0
1500.0 99.768956 1.574653 17.887419 0.682706 -0.045280 468.972 0 0
1500.0 106.882394 -33.153389 17.874758 0.774329 -0.566879 470.474 0 0
1500.0 114.925179 14.785090 18.002118 0.981929 0.175189 466.316 0 0
1500.0 89.508280 57.859699 17.827927 0.491049 0.926142 471.900 0 0
1500.0 86.484958 -5.583537 17.852523 0.470227 -0.013382 468.463 0 0
1500.0 59.923043 59.148875 17.832465 0.054439 0.966481 470.413 0 0
1500.0 93.742062 49.293051 17.831206 0.564244 0.814593 470.637 0 0
1500.0 35.549906 58.889490 17.830339 -0.312436 0.956690 470.818 0 0
1500.0 23.494219 56.778418 17.920568 -0.523158 0.906907 472.330 0 0
1500.0 38.452225 3.765967 17.947819 -0.318615 0.131126 468.877 0 0
1500.0 31.596196 59.690823 17.922471 -0.396462 0.933158 473.545 0 0
1500.0 68.386644 0.915313 18.060578 0.147008 -0.050608 469.134 0 0
1500.0 -47.555019 -55.375622 17.886236 -1.776857 -0.924634 467.160 0 0
1500.0 47.537744 30.940166 18.089433 -0.145445 0.548579 470.409 0 0
1500.0 86.825627 42.364091 17.914096 0.431141 0.720128 470.713 0 0
1500.0 57.671774 -19.618024 17.954958 -0.022411 -0.375664 469.570 0 0
1500.0 34.379665 0.091267 17.954658 -0.384143 -0.069452 469.590 0 0
1500.0 95.961464 -0.754570 18.229755 0.672458 -0.072034 471.328 0 0
1500.0 32.218487 74.819293 18.048226 -0.394784 1.365968 463.274 0 0
1500.0 -4.072455 -25.070051 17.797620 -0.988495 -0.328464 472.639 0 0
1500.0 34.177691 -13.159512 17.822004 -0.437634 -0.157909 469.616 0 0
1500.0 29.330483 59.163306 17.797342 -0.488708 0.925237 472.845 0 0
1500.0 -8.331576 -0.460897 17.797908 -1.035999 0.038052 473.676 0 0
1500.0 82.059921 -68.769302 17.945834 0.437570 -1.224098 465.509 0 0
1500.0 21.648639 55.834259 17.834069 -0.601237 0.858467 473.394 0 0
1500.0 63.775794 -37.198541 17.881007 0.072016 -0.648957 470.749 0 0
1500.0 80.782992 -60.917487 17.863138 0.323210 -0.980099 473.094 0 0
1500.0 89.450025 -5.341824 17.886016 0.471605 -0.157402 470.379 0 0
1500.0 46.927390 -18.195452 18.084742 -0.210493 -0.308191 471.104 0 0
1500.0 116.980117 -0.510351 17.967693 0.926936 -0.032984 476.848 0 0
1500.0 120.153229 -11.072930 18.075226 1.021972 -0.159352 474.766 0 0
1500.0 87.943153 53.491168 17.796710 0.483008 0.821898 476.096 0 0
1500.0 99.917586 -38.982468 18.002640 0.682727 -0.714126 468.777 0 0
1500.0 78.740906 25.566946 17.877885 0.398790 0.368663 471.850 0 0
1500.0 118.911158 1.559918 17.860959 0.948611 -0.003887 476.877 0 0
1500.0 93.669838 8.055695 18.226964 0.713286 0.205856 463.563 0 0
1500.0 39.073392 -65.151095 17.817317 -0.231144 -1.012634 475.745 0 0
1500.0 63.892926 -15.252905 17.964079 0.030401 -0.247300 472.145 0 0
1500.0 68.469005 -60.761413 17.898017 0.130656 -0.979131 474.377 0 0
1500.0 49.723367 -54.023777 18.035475 -0.089388 -0.890995 474.196 0 0
1500.0 127.949133 -26.930146 17.903019 1.088993 -0.450106 476.012 0 0
1500.0 -8.589710 12.647446 17.951336 -1.076727 0.266490 471.738 0 0
1500.0 32.350755 59.224417 17.898203 -0.371908 0.929581 477.507 0 0
1500.0 110.168840 27.949343 17.853053 0.784966 0.441346 479.736 0 0
1500.0 -24.488829 -55.117943 17.897641 -1.313105 -0.875516 474.539 0 0
1500.0 58.867536 49.486727 17.869763 -0.052953 0.789308 474.240 0 0
1500.0 -6.545205 -19.611094 17.856599 -1.014087 -0.260298 476.998 0 0
1500.0 5.798284 10.206580 17.868305 -0.804991 0.172934 479.303 0 0
1500.0 0.218284 -25.473846 17.839425 -0.895517 -0.410241 478.433 0 0
1500.0 86.846625 -35.428597 17.852703 0.383588 -0.590933 474.180 0 0
1500.0 56.460371 -9.688739 17.865576 -0.077456 -0.174770 481.080 0 0
1500.0 -6.849191 5.167640 17.836885 -1.029404 0.034897 476.324 0 0
1500.0 4.045439 -28.695356 17.841218 -0.836284 -0.454880 478.744 0 0
1500.0 92.784689 -17.005718 18.151743 0.564522 -0.290740 481.537 0 0
1500.0 82.536275 -33.186801 18.150586 0.422754 -0.516242 481.436 0 0
1500.0 249.637070 -11.382301 17.881348 3.172308 -0.181617 472.265 0 0
1500.0 120.597280 16.080190 17.991701 0.989030 0.272214 479.483 0 0
1500.0 122.431053 30.386104 18.065297 1.070713 0.561820 473.231 0 0
1500.0 67.271780 -15.148770 18.230712 0.154166 -0.297208 476.063 0 0
1500.0 83.450649 -71.297687 18.014221 0.496153 -1.204302 472.283 0 0
1500.0 75.960489 61.337214 17.859181 0.301824 0.952389 479.991 0 0
1500.0 92.464833 23.800908 17.872611 0.575019 0.433153 475.949 0 0
1500.0 111.268925 14.335181 17.864451 0.854065 0.283667 476.769 0 0
1500.0 87.030680 19.083008 17.876620 0.493707 0.362230 475.627 0 0
1500.0 92.901742 -40.437186 18.371561 0.606472 -0.735476 472.666 0 0
1500.0 57.790309 -60.455370 17.834123 -0.076767 -0.934361 477.141 0 0
1500.0 64.247307 53.280771 18.080829 0.072999 0.900108 475.054 0 0
1500.0 22.515773 12.720911 17.902655 -0.567096 0.269116 476.576 0 0
1500.0 105.771619 28.035111 18.046603 0.825838 0.532703 473.490 0 0
1500.0 39.236195 38.340702 17.945761 -0.310361 0.576195 483.298 0 0
1500.0 162.184057 22.069258 17.916873 1.710215 0.346419 476.359 0 0
1500.0 68.261830 -32.618765 17.855806 0.219433 -0.550250 477.650 0 0
1500.0 115.370784 -2.765692 17.842584 0.902920 -0.087593 480.563 0 0
1500.0 53.614052 -50.806456 17.846963 -0.005562 -0.816471 478.707 0 0
1500.0 55.388862 -38.281152 17.854299 0.021572 -0.635835 477.796 0 0
1500.0 -5.342382 8.616107 17.807504 -0.964851 0.205586 478.836 0 0
1500.0 57.492526 22.030409 17.830778 -0.014232 0.378875 483.974 0 0
1500.0 100.165702 7.349172 17.822095 0.645575 0.191199 477.189 0 0
1500.0 62.625339 23.019653 17.829322 0.064343 0.437635 476.660 0 0
1500.0 92.579777 -25.848952 17.984146 0.543660 -0.420781 484.122 0 0
1500.0 100.381750 6.196494 17.983144 0.712475 0.032016 478.204 0 0
1500.0 50.891558 -33.916746 17.987687 -0.045982 -0.585772 477.843 0 0
1500.0 17.584448 -10.529416 17.891251 -0.626468 -0.180085 484.034 0 0
1500.0 27.207682 21.788587 18.086307 -0.572675 0.327442 472.953 0 0
1500.0 46.596286 -27.223046 18.071572 -0.132262 -0.494351 478.402 0 0
1500.0 70.938386 -54.632973 18.055124 0.236342 -0.894551 479.940 0 0
1500.0 -7.376563 -19.476063 17.869665 -1.028352 -0.328911 480.853 0 0
1500.0 14.229770 38.030435 17.827412 -0.722199 0.624913 479.849 0 0
1500.0 99.068409 48.716636 17.889670 0.658875 0.790455 481.350 0 0
1500.0 111.562605 -34.957008 17.864169 0.824837 -0.565712 483.677 0 0
1500.0 82.937762 -39.545411 17.877033 0.399722 -0.617136 485.369 0 0
1500.0 77.726156 -60.092190 17.863062 0.344490 -0.959837 481.562 0 0
1500.0 108.839373 -21.437914 18.132866 0.865389 -0.326258 482.418 0 0
1500.0 105.327693 22.316357 17.969851 0.779792 0.409053 480.120 0 0
1500.0 56.950648 -23.679815 17.860654 0.050875 -0.418553 477.180 0 0
1500.0 99.653457 -58.234185 17.948545 0.676526 -0.908765 483.130 0 0
1500.0 104.635343 35.449133 18.040390 0.808693 0.539503 481.277 0 0
1500.0 89.461293 -16.283308 18.004730 0.511911 -0.327047 480.201 0 0
1500.0 53.298386 27.263460 17.818494 -0.067966 0.453522 486.662 0 0
1500.0 30.180965 29.934981 17.810913 -0.433025 0.541173 480.077 0 0
1500.0 -2.813565 23.084609 17.797812 -0.883777 0.407225 484.488 0 0
1500.0 9.892977 23.949607 17.806302 -0.688446 0.413122 485.597 0 0
1500.0 80.703176 -7.009529 17.869521 0.320788 -0.167995 487.373 0 0
1500.0 57.736787 -9.821629 17.871993 -0.000485 -0.206824 487.549 0 0
1500.0 52.101612 15.464831 17.964536 -0.156923 0.250249 479.642 0 0
1500.0 96.650074 28.158895 17.805930 0.617947 0.505761 480.998 0 0
1500.0 110.321049 41.069568 17.792986 0.798390 0.678994 483.444 0 0
1500.0 120.010870 -1.926394 17.797738 0.963108 0.041843 481.980 0 0
1500.0 53.808192 49.296160 17.826085 -0.142495 0.768238 481.251 0 0
1500.0 66.553270 -10.078076 17.836976 0.205102 -0.186162 480.145 0 0
1500.0 124.232652 0.616468 17.808736 1.040688 -0.017387 484.345 0 0
1500.0 117.385402 -4.255463 17.815136 0.920730 -0.087211 485.767 0 0
1500.0 120.473383 20.115440 17.808933 1.000740 0.273564 483.303 0 0
1500.0 100.753340 -40.997194 17.815488 0.680665 -0.616043 485.816 0 0
1500.0 42.611169 -5.211876 18.060175 -0.251522 -0.046795 488.709 0 0
1500.0 18.000085 -25.549538 17.918877 -0.654438 -0.492670 478.407 0 0
1500.0 196.333397 37.975404 17.799025 2.076764 0.641421 483.530 0 0
1500.0 105.365442 -27.836752 17.873287 0.789488 -0.463293 482.481 0 0
1500.0 71.991979 -12.871844 17.935424 0.258292 -0.272395 481.429 0 0
1500.0 -2.007320 -16.296046 17.820205 -0.936033 -0.209651 486.330 0 0
1500.0 50.657284 -29.559280 17.815211 -0.101008 -0.486123 488.321 0 0
1500.0 79.602889 -28.944753 17.919670 0.396889 -0.502786 482.301 0 0
1500.0 91.609342 -56.509399 17.873906 0.544832 -0.883593 486.306 0 0
1500.0 68.386338 -6.463426 18.105816 0.242778 -0.080188 490.560 0 0
1500.0 111.419556 4.566482 17.833907 0.882937 0.105669 483.606 0 0
1500.0 76.918678 18.955358 17.849267 0.363801 0.332116 482.260 0 0
1500.0 88.042537 2.764895 17.924020 0.531416 0.116019 479.537 0 0
1500.0 103.765974 21.619996 17.818479 0.775373 0.317144 483.493 0 0
1500.0 98.247094 55.546550 17.807787 0.661931 0.802829 486.325 0 0
1500.0 75.696234 46.866511 17.820789 0.345878 0.706990 483.266 0 0
1500.0 79.496381 5.683639 17.906819 0.323962 0.147054 490.398 0 0
1500.0 113.152169 -23.025940 17.848536 0.878790 -0.410471 485.668 0 0
1500.0 64.325379 -65.942408 17.897226 0.096252 -1.043461 488.668 0 0
1500.0 76.017347 48.587057 18.166653 0.342062 0.962255 476.339 0 0
1500.0 67.535184 -67.371218 17.792391 0.204321 -1.018037 490.347 0 0
1500.0 99.650235 -34.697800 17.800024 0.703083 -0.558704 487.779 0 0
1500.0 117.795470 52.618637 17.962847 1.044501 0.841702 485.542 0 0
1500.0 124.670661 34.999350 17.980680 1.156710 0.556484 485.994 0 0
1500.0 64.897262 66.458984 17.827425 0.041937 1.034629 490.288 0 0
1500.0 103.426584 3.388750 17.866251 0.769005 0.013869 490.545 0 0
1500.0 125.383099 13.564683 17.799658 1.037114 0.141773 493.239 0 0
1500.0 113.951171 -17.037426 17.807823 0.844900 -0.301873 495.111 0 0
1500.0 113.430995 35.100400 17.802523 0.879194 0.469801 491.806 0 0
1500.0 76.352661 -9.574972 17.826069 0.331533 -0.211888 489.440 0 0
1500.0 127.201356 -3.489719 18.162203 1.247037 -0.081608 488.561 0 0
1500.0 42.828848 81.108697 17.862196 -0.204904 1.352468 491.479 0 0
1500.0 116.205682 27.922825 17.959856 1.032174 0.449275 493.370 0 0
1500.0 119.576636 10.362969 18.053712 1.033877 0.119944 498.135 0 0
1500.0 -29.185728 -58.619491 17.905344 -1.419814 -0.941285 499.743 0 0
1500.0 8.979896 22.344348 17.840928 -0.811379 0.298137 504.478 0 0
1500.0 68.847152 -49.757924 17.843293 0.104440 -0.807414 504.231 0 0
1500.0 16.692518 -24.011019 17.846182 -0.643712 -0.381225 509.530 0 0
