Total number of secondary electrons: 2203
1500.0 125.923598 -18.568840 17.632489 1.672126 -0.379143 246.122 0 0
1500.0 89.543994 1.733431 15.943142 0.736909 -0.002319 268.652 0 0
1500.0 96.714572 6.432072 15.111782 0.692958 0.032450 275.901 0 0
1500.0 282.346601 -109.080698 14.138051 3.464116 -1.605816 277.052 0 0
1500.0 133.993429 5.307632 16.125034 1.631866 0.127626 277.154 0 0
1500.0 83.045167 49.396202 14.905057 0.475838 0.804920 277.473 0 0
1500.0 102.231902 0.065013 15.606823 0.804011 -0.010135 277.506 0 0
1500.0 99.803851 -1.763499 16.502442 0.852996 -0.007763 279.258 0 0
1500.0 97.627733 -11.273652 15.802433 0.738707 -0.130774 289.588 0 0
1500.0 95.881147 2.298552 15.823830 0.780127 -0.008583 292.852 0 0
1500.0 65.768572 -39.539419 13.961908 0.152266 -0.503089 293.391 0 0
1500.0 89.439712 1.794525 14.552428 0.496915 -0.019120 294.621 0 0
1500.0 81.237899 -8.442426 15.665575 0.509125 -0.135224 296.006 0 0
1500.0 90.716887 -60.126358 13.661781 0.432370 -0.725308 299.100 0 0
1500.0 138.428827 -34.066923 13.688337 0.952407 -0.409120 302.085 0 0
1500.0 145.383680 -12.389605 13.690778 1.027787 -0.165869 302.305 0 0
1500.0 132.567953 46.669278 13.701683 0.915011 0.621954 303.218 0 0
1500.0 83.676293 19.597130 15.137959 0.447686 0.262535 305.955 0 0
1500.0 86.151206 -9.805533 14.207089 0.428682 -0.085830 306.489 0 0
1500.0 75.884106 -8.376587 15.616777 0.403438 -0.138146 307.727 0 0
1500.0 77.976351 -6.098082 15.795897 0.447209 -0.114848 308.210 0 0
1500.0 83.652097 -10.142765 15.469675 0.465944 -0.166150 308.648 0 0
1500.0 83.095214 -9.599679 15.129304 0.408723 -0.158390 309.463 0 0
1500.0 130.038861 -26.043399 14.391073 0.885176 -0.341594 317.881 0 0
1500.0 82.431762 5.499655 16.503368 0.563686 0.094695 318.202 0 0
1500.0 100.442088 7.526182 15.643326 0.702223 0.064524 319.280 0 0
1500.0 86.552024 -0.748730 14.740125 0.441006 -0.036447 319.433 0 0
1500.0 86.930409 -25.753693 14.747769 0.443654 -0.326820 319.774 0 0
1500.0 97.571354 4.330591 14.750407 0.566890 0.022695 319.834 0 0
1500.0 107.169773 3.134177 14.768526 0.674698 0.008757 320.297 0 0
1500.0 77.963525 13.626996 15.528303 0.369155 0.155093 321.451 0 0
1500.0 78.432550 -0.291582 15.522773 0.421905 0.025318 321.633 0 0
1500.0 168.601324 -29.503761 14.679620 1.505107 -0.410392 322.675 0 0
1500.0 99.985331 -2.646361 16.129715 0.720286 -0.058852 322.927 0 0
1500.0 90.541604 15.853434 16.029515 0.642758 0.326344 322.929 0 0
1500.0 84.940895 -12.762933 16.008965 0.525144 -0.240804 323.065 0 0
1500.0 74.965412 -38.433186 14.770253 0.263835 -0.506053 324.368 0 0
1500.0 116.280325 2.998673 16.112255 1.143475 0.044575 324.973 0 0
1500.0 16.676291 29.792349 14.745998 -0.499174 0.424560 325.528 0 0
1500.0 82.541720 7.657019 15.779450 0.447374 0.085611 325.818 0 0
1500.0 11.355120 0.140498 14.741482 -0.597975 -0.041116 326.500 0 0
1500.0 64.915302 -37.204527 15.098681 0.094061 -0.481672 326.641 0 0
1500.0 78.611205 9.439474 16.554247 0.449695 0.153759 327.110 0 0
1500.0 88.376016 -7.059363 15.967710 0.530408 -0.122014 327.578 0 0
1500.0 95.480448 0.994626 15.704704 0.568618 0.060981 329.724 0 0
1500.0 100.257366 -3.607368 16.371696 0.834935 -0.060156 330.072 0 0
1500.0 95.765334 -12.961444 16.146812 0.606814 -0.193501 330.208 0 0
1500.0 70.088515 1.216918 15.477118 0.219234 0.072436 330.205 0 0
1500.0 77.204417 7.739159 16.011460 0.346941 0.117490 330.563 0 0
1500.0 100.361372 14.158671 15.477483 0.619407 0.180584 331.136 0 0
1500.0 74.039834 -7.226554 16.165676 0.333204 -0.105458 331.259 0 0
1500.0 88.859655 12.913108 17.056082 0.612102 0.178747 331.967 0 0
1500.0 88.831586 -9.933201 16.124800 0.543988 -0.092513 332.128 0 0
1500.0 15.638751 14.708391 15.222500 -0.551776 0.165077 332.833 0 0
1500.0 59.437253 19.834055 15.642771 0.055018 0.247371 333.530 0 0
1500.0 8.311638 -37.464217 15.124948 -0.634208 -0.434214 333.548 0 0
1500.0 77.007703 -19.250308 16.268900 0.354579 -0.269724 333.807 0 0
1500.0 74.900455 24.636257 15.641975 0.297025 0.344443 334.159 0 0
1500.0 113.126475 -9.484945 15.192310 0.733276 -0.084703 334.249 0 0
1500.0 44.924919 -36.124265 15.297797 -0.231032 -0.549834 334.256 0 0
1500.0 66.575093 9.868983 16.279991 0.229213 0.206694 335.130 0 0
1500.0 71.431436 -18.058136 15.563905 0.228334 -0.204685 336.344 0 0
1500.0 101.342657 -4.476831 17.237107 0.849640 -0.043527 336.962 0 0
1500.0 52.518831 20.918283 15.244943 -0.046826 0.325424 337.295 0 0
1500.0 45.597868 -129.978660 15.275984 -0.103155 -1.677338 337.793 0 0
1500.0 23.467834 75.675197 15.275993 -0.398942 0.954652 337.897 0 0
1500.0 118.400107 57.908396 15.321741 0.725105 0.744585 338.413 0 0
1500.0 123.924663 1.640682 16.645916 1.169198 0.031117 339.127 0 0
1500.0 63.557612 16.966755 16.062048 0.152055 0.266272 339.398 0 0
1500.0 109.208684 6.245950 16.298699 0.866841 0.060738 339.434 0 0
1500.0 69.048732 -1.775838 15.741166 0.184061 0.041656 339.571 0 0
1500.0 80.138749 35.959392 16.175951 0.398758 0.616149 339.629 0 0
1500.0 76.681173 17.926860 16.174949 0.293382 0.267683 339.768 0 0
1500.0 135.534206 -16.443561 15.697065 1.140012 -0.236307 339.803 0 0
1500.0 82.044040 -13.928625 16.242247 0.448833 -0.177112 340.306 0 0
1500.0 30.481639 -73.738325 15.507054 -0.336753 -0.988438 340.329 0 0
1500.0 92.768264 -47.747674 15.587930 0.477880 -0.660692 340.348 0 0
1500.0 15.167105 -8.072691 15.626802 -0.546943 -0.145038 340.577 0 0
1500.0 145.609010 -3.882778 16.095109 1.440977 -0.006991 341.736 0 0
1500.0 140.055517 25.471081 15.588811 1.075861 0.295210 341.788 0 0
1500.0 35.220837 -20.454170 15.942745 -0.404168 -0.269160 341.865 0 0
1500.0 81.845404 -18.338991 15.817853 0.327501 -0.293845 341.899 0 0
1500.0 125.668215 48.681214 15.617215 0.831402 0.637881 342.375 0 0
1500.0 71.512210 -43.991464 15.858253 0.195873 -0.612035 342.520 0 0
1500.0 90.221180 10.016812 16.702887 0.573956 0.118854 342.878 0 0
1500.0 71.633831 -15.062869 16.727035 0.256737 -0.228807 343.503 0 0
1500.0 81.341016 51.594129 15.787202 0.305423 0.710466 343.828 0 0
1500.0 67.103707 -4.691829 16.189244 0.190204 -0.032098 344.014 0 0
1500.0 113.099078 38.490065 15.834905 0.698038 0.540939 344.551 0 0
1500.0 124.996287 19.520311 15.843031 0.844868 0.304319 344.673 0 0
1500.0 72.102461 67.258210 15.853193 0.187025 0.896027 344.825 0 0
1500.0 58.080706 22.478121 16.129456 0.024557 0.294375 344.872 0 0
1500.0 97.152943 31.390433 16.203748 0.546312 0.450317 345.214 0 0
1500.0 95.728506 20.357127 17.410540 0.745283 0.362052 345.981 0 0
1500.0 102.178716 5.544684 15.923858 0.598910 0.013737 346.004 0 0
1500.0 92.738907 -6.189440 16.371302 0.572410 -0.059569 346.179 0 0
1500.0 115.631350 4.653968 16.185422 0.873639 0.057629 346.174 0 0
1500.0 102.459161 -16.301126 16.486487 0.673849 -0.219342 346.277 0 0
1500.0 93.439023 -14.676374 16.051390 0.525337 -0.161081 346.598 0 0
1500.0 67.726977 56.013034 15.965788 0.131143 0.689483 346.755 0 0
1500.0 83.620047 -38.360740 16.261715 0.413169 -0.516408 346.867 0 0
1500.0 35.066735 -63.274206 16.011691 -0.287105 -0.861754 347.457 0 0
1500.0 21.308842 48.400294 16.054245 -0.550816 0.637821 347.503 0 0
1500.0 79.571836 2.716936 16.858174 0.385101 0.085794 347.670 0 0
1500.0 27.943086 -25.343514 16.174832 -0.434538 -0.325998 347.685 0 0
1500.0 63.709566 37.830396 16.417496 0.084424 0.520025 347.936 0 0
1500.0 90.997371 3.162404 16.801751 0.618911 0.086780 347.944 0 0
1500.0 75.737623 -37.601822 16.340189 0.216823 -0.587147 347.970 0 0
1500.0 81.894975 -3.605345 16.275297 0.396734 -0.046726 348.480 0 0
1500.0 76.726356 -21.718027 16.641243 0.345704 -0.321710 348.618 0 0
1500.0 88.211303 -10.723563 17.912364 0.677017 -0.252000 348.562 0 0
1500.0 95.150698 14.844868 17.082985 0.621595 0.211838 348.727 0 0
1500.0 92.868105 -75.048414 16.094599 0.472176 -0.930823 348.826 0 0
1500.0 107.920860 -69.728543 16.170537 0.742013 -0.960874 348.874 0 0
1500.0 101.713616 -3.371163 16.982373 0.690955 -0.005434 348.960 0 0
1500.0 82.736587 5.979534 17.314149 0.491799 0.030172 349.248 0 0
1500.0 107.866777 8.415474 17.311659 0.923258 0.178392 349.509 0 0
1500.0 91.072639 -0.313476 17.480735 0.589220 -0.054042 349.656 0 0
1500.0 82.397911 -11.540577 16.231248 0.389355 -0.156108 349.816 0 0
1500.0 22.053656 30.791348 16.242046 -0.533182 0.392039 350.070 0 0
1500.0 138.044715 10.319489 16.254422 1.085806 0.104507 350.712 0 0
1500.0 131.991734 -0.837523 16.209645 0.988586 -0.032832 350.811 0 0
1500.0 93.981257 -27.370347 16.457003 0.494433 -0.359571 351.320 0 0
1500.0 116.769958 8.437987 16.396123 0.808889 0.059526 351.325 0 0
1500.0 98.219019 -19.909701 16.769173 0.563027 -0.312924 351.378 0 0
1500.0 105.797383 -50.411386 16.279882 0.608857 -0.615393 351.400 0 0
1500.0 91.678255 -12.687393 17.601602 0.626092 -0.160424 351.714 0 0
1500.0 75.677027 -2.048710 16.687398 0.246905 -0.083934 351.973 0 0
1500.0 85.585262 -12.334781 17.928228 0.571836 -0.190307 351.994 0 0
1500.0 92.090416 30.866917 16.562114 0.510260 0.444331 352.045 0 0
1500.0 104.997646 -36.617265 16.337021 0.594193 -0.450398 352.169 0 0
1500.0 22.545814 -7.537222 16.700624 -0.521634 -0.100956 352.167 0 0
1500.0 124.329006 -18.753394 16.448369 0.894657 -0.284530 352.273 0 0
1500.0 55.714218 1.140576 16.564620 -0.015772 -0.048723 352.308 0 0
1500.0 114.455616 61.108066 16.350574 0.745889 0.727177 353.107 0 0
1500.0 36.316608 40.536233 16.925537 -0.334478 0.653755 353.116 0 0
1500.0 117.277972 -19.044417 16.455541 0.801532 -0.298162 353.318 0 0
1500.0 38.926470 -42.671430 16.616481 -0.231417 -0.611400 353.368 0 0
1500.0 71.038937 11.986214 17.077854 0.250971 0.173375 353.441 0 0
1500.0 70.458416 7.092578 16.708286 0.258954 0.118607 353.429 0 0
1500.0 107.347351 -29.106205 16.658529 0.717674 -0.396405 353.494 0 0
1500.0 71.713259 -53.804393 16.823525 0.248226 -0.801230 354.307 0 0
1500.0 127.002078 -31.456983 16.613006 0.929925 -0.427209 354.453 0 0
1500.0 79.499126 -3.013937 17.663005 0.455499 -0.082802 354.912 0 0
1500.0 122.587430 -28.601435 16.562266 0.889476 -0.372756 355.297 0 0
1500.0 73.146160 -22.725856 16.642027 0.264572 -0.333228 355.476 0 0
1500.0 86.180345 -52.031140 16.703997 0.374137 -0.754879 355.555 0 0
1500.0 67.871303 -9.099424 17.378151 0.203070 -0.172470 355.721 0 0
1500.0 134.236529 11.161011 16.588291 0.987576 0.130522 356.050 0 0
1500.0 45.043466 31.945842 16.877114 -0.153697 0.468182 356.071 0 0
1500.0 70.356425 -53.338712 16.875212 0.153750 -0.815113 356.351 0 0
1500.0 94.241905 -22.360098 17.176194 0.584807 -0.315252 356.574 0 0
1500.0 130.127564 -8.267380 16.634880 0.929573 -0.103775 356.784 0 0
1500.0 96.979826 -19.298952 17.550757 0.694736 -0.274277 356.827 0 0
1500.0 49.096273 44.811578 17.036854 -0.167837 0.662576 356.961 0 0
1500.0 113.496145 -0.696051 17.055936 0.831969 0.026454 357.056 0 0
1500.0 45.949600 -18.108689 16.782440 -0.180350 -0.207295 357.224 0 0
1500.0 64.696805 38.064150 17.389635 0.115597 0.626169 357.181 0 0
1500.0 121.638831 -64.189018 16.769200 0.952603 -0.922427 357.233 0 0
1500.0 65.080166 22.636777 17.457429 0.173589 0.336688 357.639 0 0
1500.0 116.349658 -43.757295 16.806235 0.793879 -0.593912 357.682 0 0
1500.0 94.490087 89.335849 16.882454 0.563579 1.369899 357.695 0 0
1500.0 133.687262 -58.328268 16.771053 1.114288 -0.860229 357.761 0 0
1500.0 82.056635 -48.458975 16.769053 0.294543 -0.744484 357.852 0 0
1500.0 80.598633 -17.273919 18.141474 0.451114 -0.271262 357.902 0 0
1500.0 65.083471 10.878221 16.973114 0.064911 0.134647 358.022 0 0
1500.0 109.296882 2.839525 18.047386 1.001936 0.031348 358.199 0 0
1500.0 -3.710312 16.309216 16.663725 -0.794931 0.218985 358.234 0 0
1500.0 106.339927 25.323347 16.736845 0.632275 0.293825 358.344 0 0
1500.0 56.587368 -20.205325 17.249680 0.005801 -0.301119 358.676 0 0
1500.0 103.922981 -3.514544 17.752943 0.783991 -0.026211 358.673 0 0
1500.0 87.782958 -51.233740 16.901874 0.455218 -0.689590 358.895 0 0
1500.0 17.840319 -38.433676 16.728905 -0.563867 -0.548435 358.905 0 0
1500.0 86.169513 -23.607614 17.345517 0.466206 -0.347802 359.311 0 0
1500.0 76.577135 11.133771 17.446810 0.373154 0.181659 359.343 0 0
1500.0 -42.985744 -23.216019 16.830906 -1.416561 -0.285941 359.349 0 0
1500.0 116.839379 -40.316372 16.749661 0.731737 -0.578028 359.728 0 0
1500.0 28.198777 -69.456901 16.747237 -0.384963 -0.939676 359.782 0 0
1500.0 141.652878 2.598428 16.858251 1.177208 0.099333 359.891 0 0
1500.0 51.177602 -29.213728 16.968411 -0.117267 -0.425598 360.018 0 0
1500.0 89.565896 -14.073486 16.925459 0.437593 -0.230646 360.199 0 0
1500.0 54.520421 13.876144 17.115616 -0.024507 0.243569 360.269 0 0
1500.0 100.036292 -58.533847 16.785217 0.595227 -0.723630 360.280 0 0
1500.0 103.181439 22.577227 17.095082 0.658973 0.394356 360.305 0 0
1500.0 61.585985 -22.955241 17.526482 0.071488 -0.423447 360.325 0 0
1500.0 103.112518 32.713681 17.097750 0.667293 0.449823 360.391 0 0
1500.0 92.244072 7.422042 17.647741 0.588863 0.180798 360.644 0 0
1500.0 177.852618 -199.308052 16.985662 1.816562 -2.922461 360.639 0 0
1500.0 116.215964 18.422864 17.827958 1.099437 0.391312 360.623 0 0
1500.0 3.357172 -52.814477 16.804769 -0.713787 -0.728055 360.829 0 0
1500.0 54.388051 -54.975476 17.011766 -0.074198 -0.753178 361.037 0 0
1500.0 -11.331420 -42.311579 16.832812 -0.866624 -0.585253 361.370 0 0
1500.0 96.580838 -14.824069 18.744379 0.882544 -0.269862 361.418 0 0
1500.0 -21.354636 0.106150 16.856234 -1.037897 -0.046577 361.486 0 0
1500.0 71.867473 -26.878712 17.691066 0.271258 -0.399962 361.978 0 0
1500.0 78.379109 -167.222185 16.966576 0.308227 -2.324757 362.128 0 0
1500.0 50.430753 -39.135170 17.139375 -0.100098 -0.571309 362.177 0 0
1500.0 73.541776 -19.483236 17.072256 0.222173 -0.326774 362.322 0 0
1500.0 93.876830 -0.796214 17.881548 0.637167 -0.052399 362.436 0 0
1500.0 72.972441 22.212711 17.056999 0.180976 0.364849 362.416 0 0
1500.0 69.404361 -1.687363 17.715028 0.151170 -0.016952 362.478 0 0
1500.0 60.439346 -43.154518 16.985538 -0.023399 -0.607038 362.718 0 0
1500.0 35.329140 -16.706201 17.141292 -0.368264 -0.221488 362.969 0 0
1500.0 46.665140 -38.078468 17.276866 -0.230367 -0.616873 363.207 0 0
1500.0 84.538179 29.018206 16.993234 0.425450 0.382307 363.286 0 0
1500.0 67.447381 28.176814 17.358508 0.117946 0.403855 363.364 0 0
1500.0 123.734467 38.483663 17.367858 1.057540 0.565123 363.487 0 0
1500.0 25.998798 -63.358727 16.955550 -0.394188 -0.823924 363.509 0 0
1500.0 76.398036 -0.902205 17.256298 0.277707 -0.078996 363.690 0 0
1500.0 76.121631 -5.834830 17.257192 0.273906 -0.144982 363.718 0 0
1500.0 94.816446 -9.687334 17.459343 0.621698 -0.120751 363.921 0 0
1500.0 77.205801 14.932881 18.016487 0.415384 0.231109 364.054 0 0
1500.0 76.666180 21.263979 17.078004 0.207490 0.331288 364.038 0 0
1500.0 42.183606 10.014459 17.466105 -0.214330 0.117386 364.167 0 0
1500.0 79.133721 45.867509 17.112475 0.298587 0.677887 364.304 0 0
1500.0 88.236817 -55.277001 17.059402 0.417367 -0.791505 364.381 0 0
1500.0 -1.425163 -11.113472 17.070524 -0.840396 -0.119536 364.358 0 0
1500.0 123.659372 19.138251 17.269854 1.070266 0.270305 364.451 0 0
1500.0 83.920879 12.022785 17.223600 0.357171 0.183609 364.824 0 0
1500.0 110.252943 -20.778940 17.190520 0.774657 -0.269631 364.839 0 0
1500.0 102.163896 -38.570895 17.213341 0.663190 -0.531564 365.042 0 0
1500.0 104.371654 -86.336711 17.175811 0.694208 -1.228777 365.096 0 0
1500.0 105.453808 55.638932 17.089433 0.650116 0.774045 365.169 0 0
1500.0 69.243892 -29.555487 17.576988 0.222437 -0.452931 365.272 0 0
1500.0 76.955126 -6.079623 18.064362 0.420053 -0.106840 365.366 0 0
1500.0 80.569719 -23.124152 17.487662 0.331735 -0.369276 365.491 0 0
1500.0 67.971317 23.948921 17.916414 0.197444 0.355299 365.499 0 0
1500.0 79.309769 8.568761 18.544374 0.499735 0.121074 365.555 0 0
1500.0 88.049339 32.252636 17.966721 0.523052 0.528607 365.657 0 0
1500.0 78.190330 -4.396031 18.146991 0.392800 -0.112611 365.833 0 0
1500.0 41.816164 -7.092765 17.292763 -0.186677 -0.136883 366.389 0 0
1500.0 78.166008 -0.644443 17.763314 0.336794 -0.072316 366.446 0 0
1500.0 90.911129 9.748239 17.495142 0.487302 0.194033 366.458 0 0
1500.0 61.544899 -4.454836 17.370650 0.069541 -0.134677 366.786 0 0
1500.0 73.821255 13.726017 17.429559 0.248525 0.299850 366.809 0 0
1500.0 93.863726 -9.798327 17.509467 0.657224 -0.108863 367.328 0 0
1500.0 101.436330 -2.214428 17.395443 0.672552 0.037805 367.613 0 0
1500.0 92.819374 23.028085 17.571038 0.552887 0.361839 367.644 0 0
1500.0 55.017909 -12.500973 17.457117 0.015641 -0.235981 367.654 0 0
1500.0 86.210323 26.294829 18.090602 0.481789 0.466576 367.662 0 0
1500.0 70.609334 -11.394830 17.203359 0.153262 -0.191717 368.002 0 0
1500.0 82.655516 6.992701 18.480938 0.539586 0.056434 368.097 0 0
1500.0 1.614561 -20.004331 17.095280 -0.816686 -0.232229 368.469 0 0
1500.0 25.412851 -50.393306 17.084224 -0.509366 -0.675826 368.544 0 0
1500.0 77.876287 -1.076893 17.297212 0.355142 -0.059709 369.610 0 0
1500.0 85.472559 -25.912136 18.160997 0.578157 -0.445442 369.652 0 0
1500.0 46.625091 71.672787 17.062273 -0.218815 0.961637 369.692 0 0
1500.0 61.446877 11.327177 17.453598 0.062130 0.215062 369.738 0 0
1500.0 80.410127 4.575407 17.807583 0.424737 0.002804 369.785 0 0
1500.0 87.605503 -23.996943 17.089208 0.464362 -0.384099 370.123 0 0
1500.0 87.191487 7.789292 17.529368 0.488292 0.163569 370.182 0 0
1500.0 94.145399 -18.329220 17.575813 0.565883 -0.308795 370.249 0 0
1500.0 85.435189 -2.222111 18.097602 0.555321 -0.108949 370.370 0 0
1500.0 96.054694 16.648599 17.775013 0.730186 0.226460 370.391 0 0
1500.0 66.143347 -2.291355 17.647103 0.162675 0.032223 370.783 0 0
1500.0 26.073279 -61.984919 17.166686 -0.468005 -0.909722 370.993 0 0
1500.0 154.672846 29.017174 17.163463 1.453495 0.383740 371.045 0 0
1500.0 48.497970 46.963128 17.147587 -0.126591 0.735040 371.109 0 0
1500.0 77.965934 -1.604969 17.506022 0.330570 -0.000214 371.190 0 0
1500.0 69.112941 6.819509 17.139920 0.167653 0.133198 371.298 0 0
1500.0 21.941321 8.303987 17.143561 -0.485689 0.125568 371.451 0 0
1500.0 34.952970 15.779462 17.485822 -0.329000 0.243491 371.474 0 0
1500.0 63.088611 -54.814315 17.458167 0.119658 -0.862164 371.493 0 0
1500.0 117.555576 6.559514 17.384586 1.003293 0.054972 371.649 0 0
1500.0 62.415939 -47.563993 17.641595 0.077978 -0.809080 371.651 0 0
1500.0 84.112288 32.234952 17.686474 0.396032 0.524074 372.049 0 0
1500.0 70.087786 -6.429036 17.659539 0.246378 -0.039355 372.393 0 0
1500.0 -21.465778 -21.173421 17.107343 -1.133137 -0.340085 372.709 0 0
1500.0 92.132254 -91.261131 17.108595 0.514120 -1.346675 372.752 0 0
1500.0 93.017118 1.756614 17.763386 0.617758 -0.050197 372.830 0 0
1500.0 133.711930 -62.193764 17.281457 1.201818 -0.932886 372.913 0 0
1500.0 77.555198 -36.880657 17.735831 0.338239 -0.577625 373.058 0 0
1500.0 115.975989 -11.465492 19.029198 1.229793 -0.256199 373.336 0 0
1500.0 109.889221 -41.255336 17.430483 0.774931 -0.674772 373.725 0 0
1500.0 52.045319 -25.796794 17.209618 -0.034820 -0.424392 374.027 0 0
1500.0 92.452637 -14.971122 17.796335 0.629987 -0.356830 374.024 0 0
1500.0 66.226589 -13.826912 18.392819 0.214615 -0.207758 374.090 0 0
1500.0 61.822515 21.100820 17.188832 0.041240 0.376493 374.222 0 0
1500.0 27.782517 10.628388 17.192426 -0.449551 0.224288 374.453 0 0
1500.0 77.493578 -19.270755 18.080104 0.327928 -0.301462 374.489 0 0
1500.0 92.958826 -9.506757 17.507171 0.515182 -0.131015 374.546 0 0
1500.0 127.991967 -14.632248 17.239137 1.000538 -0.249601 374.547 0 0
1500.0 131.273146 -17.124831 17.216061 1.087452 -0.198999 374.799 0 0
1500.0 82.837638 -8.660348 17.537994 0.462464 -0.106483 374.839 0 0
1500.0 41.959519 1.286766 17.453099 -0.204107 0.064050 374.870 0 0
1500.0 26.966408 29.647387 17.200383 -0.458170 0.495031 374.929 0 0
1500.0 12.186415 16.591500 17.218646 -0.633315 0.212463 374.971 0 0
1500.0 39.671597 12.101545 17.285425 -0.274994 0.126992 375.024 0 0
1500.0 98.420093 -43.611531 17.888143 0.726451 -0.720926 375.037 0 0
1500.0 66.400521 -16.250047 18.393121 0.208695 -0.246096 375.136 0 0
1500.0 79.508995 -18.353595 17.954752 0.476057 -0.361593 375.192 0 0
1500.0 95.695165 50.984025 17.457676 0.550839 0.809532 375.420 0 0
1500.0 110.802596 -17.183167 17.848717 0.931211 -0.262647 375.642 0 0
1500.0 95.777669 -47.561021 17.350404 0.602537 -0.695148 375.707 0 0
1500.0 37.835447 18.565083 17.257407 -0.310897 0.234779 375.745 0 0
1500.0 -27.157986 -60.415153 17.624008 -1.432109 -1.009725 375.748 0 0
1500.0 60.042796 15.406898 17.972939 0.067256 0.223022 375.854 0 0
1500.0 96.893008 17.938088 17.431322 0.554712 0.327767 375.914 0 0
1500.0 77.265715 11.109362 17.807285 0.392957 0.203683 376.038 0 0
1500.0 98.006216 -30.610952 17.436014 0.604267 -0.551398 376.091 0 0
1500.0 78.898466 17.848568 17.809510 0.414891 0.296959 376.178 0 0
1500.0 18.542581 47.038871 17.225246 -0.568412 0.730698 376.201 0 0
1500.0 70.682503 35.765067 17.789394 0.206461 0.573044 376.383 0 0
1500.0 -7.396660 8.647053 17.229601 -0.930505 0.190385 376.401 0 0
1500.0 104.975123 -23.581943 17.537288 0.848236 -0.400317 376.427 0 0
1500.0 98.473037 -53.584174 17.368237 0.633375 -0.770807 376.460 0 0
1500.0 87.950339 -38.186936 18.113116 0.536850 -0.649476 376.495 0 0
1500.0 66.767417 67.360679 17.245275 0.108285 1.004067 377.076 0 0
1500.0 40.926608 1.749713 17.717077 -0.242513 -0.014783 377.306 0 0
1500.0 97.738844 45.723814 17.374738 0.590861 0.706018 377.355 0 0
1500.0 66.172901 -15.688214 17.507221 0.064044 -0.264722 377.349 0 0
1500.0 73.349873 -14.150451 17.718252 0.215962 -0.239449 377.395 0 0
1500.0 82.067427 -47.517350 17.285405 0.418076 -0.684070 377.568 0 0
1500.0 53.541126 -10.820177 17.358908 -0.005089 -0.176117 377.747 0 0
1500.0 120.172902 -33.736003 17.575386 1.040430 -0.501266 377.939 0 0
1500.0 99.632212 -56.949640 17.374826 0.593094 -0.848753 378.091 0 0
1500.0 72.228583 94.063928 17.547996 0.182113 1.530506 378.103 0 0
1500.0 113.604789 -23.716650 17.553506 0.864616 -0.360569 378.318 0 0
1500.0 110.131506 -26.505208 17.541551 0.815678 -0.404781 378.525 0 0
1500.0 34.347525 -14.885799 17.707814 -0.332270 -0.261870 378.594 0 0
1500.0 87.037096 -29.514171 17.860023 0.508966 -0.469828 378.676 0 0
1500.0 64.637674 9.023072 17.820754 0.088944 0.119198 379.014 0 0
1500.0 78.819985 10.383910 17.383915 0.361348 0.101674 379.046 0 0
1500.0 57.944088 -47.456488 17.523822 -0.045729 -0.758991 379.040 0 0
1500.0 87.860604 34.938789 17.472413 0.517130 0.547206 379.178 0 0
1500.0 66.204216 49.696262 17.651561 0.111607 0.809096 379.144 0 0
1500.0 9.709352 38.341442 17.371000 -0.717952 0.593148 379.215 0 0
1500.0 141.274552 14.954356 17.431680 1.300456 0.163844 379.345 0 0
1500.0 93.969074 -17.056929 17.545883 0.607955 -0.225247 379.662 0 0
1500.0 87.724477 14.575729 18.159001 0.546079 0.261266 379.703 0 0
1500.0 66.397253 34.097080 18.002153 0.191230 0.583535 379.863 0 0
1500.0 85.258691 -60.501399 17.444809 0.378623 -0.911167 380.345 0 0
1500.0 97.340835 -14.641436 18.666689 0.878016 -0.304035 380.374 0 0
1500.0 104.682076 -6.960048 17.946417 0.898572 -0.077542 380.427 0 0
1500.0 102.965197 -12.250924 18.042435 0.774279 -0.175577 380.440 0 0
1500.0 102.171777 -5.076153 17.499754 0.660189 -0.120123 380.485 0 0
1500.0 42.006778 -65.122143 17.447904 -0.223455 -0.973534 380.493 0 0
1500.0 103.131822 -54.544580 17.447222 0.713116 -0.906503 380.581 0 0
1500.0 101.201964 -1.338495 17.904358 0.728777 -0.044521 380.906 0 0
1500.0 -1.200730 -37.224098 17.429451 -0.864535 -0.557593 380.898 0 0
1500.0 60.653110 42.625108 17.725824 0.038185 0.655772 380.911 0 0
1500.0 119.337281 -18.879712 17.719444 1.116601 -0.303210 380.933 0 0
1500.0 26.730597 45.959462 17.508607 -0.466703 0.707464 381.086 0 0
1500.0 44.640893 53.777705 17.369527 -0.188224 0.771146 381.209 0 0
1500.0 18.376388 40.843989 17.367619 -0.533582 0.601688 381.156 0 0
1500.0 104.106497 -9.981191 17.909580 0.765660 -0.162755 381.198 0 0
1500.0 38.983898 20.569898 17.485422 -0.291051 0.259588 381.392 0 0
1500.0 66.057247 -18.364946 18.310581 0.191984 -0.307899 381.396 0 0
1500.0 95.093690 45.702277 17.644664 0.661838 0.749747 381.396 0 0
1500.0 85.089957 -14.449878 17.561714 0.379166 -0.245814 381.510 0 0
1500.0 129.929619 -37.795286 17.521671 1.090519 -0.594691 381.601 0 0
1500.0 86.731077 -11.788790 18.974052 0.605416 -0.215124 381.652 0 0
1500.0 53.188162 64.417666 17.425915 -0.049563 0.973621 381.736 0 0
1500.0 77.711571 48.860372 17.551085 0.303350 0.824795 381.777 0 0
1500.0 148.286401 53.590015 17.455872 1.346845 0.821305 381.809 0 0
1500.0 129.793163 51.478200 17.513581 1.161942 0.818804 381.836 0 0
1500.0 -3.092811 43.193768 17.438782 -0.886765 0.632334 382.273 0 0
1500.0 61.329982 30.390404 17.411669 0.030529 0.457119 382.348 0 0
1500.0 61.543241 -12.837025 17.447355 0.091031 -0.211923 382.438 0 0
1500.0 -23.882229 -60.990637 17.446782 -1.267116 -0.901453 382.618 0 0
1500.0 58.672675 -17.536682 17.638077 0.082063 -0.262601 382.780 0 0
1500.0 88.082732 -18.388531 17.631966 0.538352 -0.254224 382.900 0 0
1500.0 60.555694 5.706091 17.970926 0.085374 0.132262 383.041 0 0
1500.0 125.094137 47.551213 17.789603 1.093181 0.826642 383.035 0 0
1500.0 67.459358 32.085584 17.636575 0.128203 0.473311 383.308 0 0
1500.0 77.192425 -1.308643 18.561173 0.440363 -0.091724 383.339 0 0
1500.0 84.849847 14.045739 17.557775 0.377896 0.242026 383.542 0 0
1500.0 73.901713 22.411655 18.014952 0.310948 0.385258 383.517 0 0
1500.0 30.112221 -7.316198 17.673122 -0.413929 -0.165445 383.681 0 0
1500.0 75.002204 -17.179296 18.524547 0.316325 -0.265684 383.823 0 0
1500.0 29.621331 -63.692714 17.457555 -0.369972 -0.926670 384.441 0 0
1500.0 15.080300 6.469764 17.560032 -0.648276 0.155731 384.504 0 0
1500.0 40.304487 -53.341295 17.604108 -0.286663 -0.804885 384.542 0 0
1500.0 62.406812 39.257080 18.084601 0.105062 0.727253 384.662 0 0
1500.0 97.983947 -53.946455 17.468604 0.550536 -0.790880 384.829 0 0
1500.0 77.178742 -15.629785 17.607180 0.356128 -0.272856 384.798 0 0
1500.0 87.212718 24.301290 17.931840 0.542953 0.360025 384.880 0 0
1500.0 77.466990 13.209098 18.243261 0.353860 0.251327 384.949 0 0
1500.0 85.255901 -91.443421 17.782629 0.511212 -1.559512 384.976 0 0
1500.0 89.423965 18.775614 17.734483 0.556988 0.255432 385.051 0 0
1500.0 59.031809 -40.191812 17.523130 -0.011461 -0.582719 385.411 0 0
1500.0 49.137397 -2.805342 17.524604 -0.122260 -0.116170 385.354 0 0
1500.0 66.766017 -8.304353 17.882926 0.160590 -0.190514 385.576 0 0
1500.0 49.697307 8.290020 17.555607 -0.142750 0.156440 385.632 0 0
1500.0 0.385614 -82.367670 17.467776 -0.870596 -1.226625 385.628 0 0
1500.0 73.076280 24.060378 18.186593 0.284334 0.404946 385.733 0 0
1500.0 61.837803 -55.491758 17.502951 0.063880 -0.799562 385.954 0 0
1500.0 106.279688 -29.211468 17.772120 0.744597 -0.529618 386.042 0 0
1500.0 156.865895 49.482112 17.540718 1.524348 0.815873 386.178 0 0
1500.0 96.286450 25.833132 17.527202 0.628790 0.411718 386.239 0 0
1500.0 100.512133 11.905643 17.835596 0.723369 0.169754 386.318 0 0
1500.0 121.103596 -7.802073 17.760851 1.067307 -0.144997 386.382 0 0
1500.0 96.616306 36.816847 17.760799 0.582689 0.635518 386.577 0 0
1500.0 148.101988 -31.213233 17.656806 1.421469 -0.456434 386.879 0 0
1500.0 55.598038 39.340083 18.326536 0.029126 0.728822 386.904 0 0
1500.0 67.746927 16.838994 18.069572 0.210077 0.270542 387.019 0 0
1500.0 80.099492 -35.096594 17.804360 0.419202 -0.546769 387.159 0 0
1500.0 57.428543 50.405074 18.098749 0.059192 0.909008 387.216 0 0
1500.0 25.486290 58.216352 17.567335 -0.513737 0.864845 387.294 0 0
1500.0 95.013422 -12.054698 17.894881 0.596811 -0.245299 387.414 0 0
1500.0 34.619261 -51.509210 17.638000 -0.417574 -0.776689 387.486 0 0
1500.0 29.820991 -33.889107 17.713217 -0.440980 -0.563345 387.627 0 0
1500.0 123.039982 29.822227 17.671558 1.034471 0.519985 387.626 0 0
1500.0 71.932637 12.554316 17.771502 0.264646 0.136108 387.668 0 0
1500.0 42.816892 -19.201912 18.026075 -0.223087 -0.303488 387.650 0 0
1500.0 2.902520 9.068810 17.550312 -0.873858 0.149402 387.906 0 0
1500.0 67.672309 -16.278441 18.897159 0.252326 -0.256920 388.108 0 0
1500.0 83.828565 -29.499163 17.887725 0.480401 -0.470467 388.185 0 0
1500.0 67.422592 -10.547647 18.056490 0.146154 -0.196647 388.214 0 0
1500.0 21.824929 6.050731 17.565600 -0.600315 0.048387 388.287 0 0
1500.0 49.333802 -20.107532 17.550110 -0.179507 -0.361444 388.300 0 0
1500.0 -4.820738 -33.062920 17.531469 -0.944928 -0.451322 388.323 0 0
1500.0 103.320571 12.493762 17.808996 0.741729 0.235662 388.419 0 0
1500.0 72.389493 -7.271741 18.218623 0.294421 -0.176434 388.464 0 0
1500.0 92.618984 57.380993 17.693789 0.531333 0.913255 388.501 0 0
1500.0 96.146967 20.889159 18.001301 0.629495 0.350520 388.644 0 0
1500.0 107.045335 -6.997183 17.740645 0.812378 -0.097401 388.791 0 0
1500.0 40.204764 26.287931 18.045004 -0.289936 0.423186 388.774 0 0
1500.0 20.505092 18.250548 17.550377 -0.608737 0.214486 388.838 0 0
1500.0 72.247962 -2.776311 17.744497 0.260212 -0.112180 389.026 0 0
1500.0 66.001876 -52.144928 17.643345 0.122218 -0.836358 389.060 0 0
1500.0 30.300782 35.219766 17.877388 -0.470668 0.564359 389.220 0 0
1500.0 62.408551 -31.969688 17.796917 0.051049 -0.531364 389.259 0 0
1500.0 76.471427 -4.451565 17.709777 0.359145 -0.104088 389.311 0 0
1500.0 4.947855 -44.352902 17.564986 -0.826228 -0.617719 389.377 0 0
1500.0 93.920920 50.224483 17.621905 0.590893 0.763637 389.391 0 0
1500.0 87.573945 -7.390416 18.185386 0.466051 -0.120933 389.391 0 0
1500.0 1.431812 -9.877528 17.570713 -0.887745 -0.185808 389.567 0 0
1500.0 27.790028 -42.137789 17.552694 -0.494254 -0.679874 389.604 0 0
1500.0 73.039583 5.872804 18.114287 0.346946 0.132823 389.643 0 0
1500.0 138.774722 -11.655064 17.813247 1.318908 -0.199670 389.753 0 0
1500.0 78.265079 -42.849965 17.798038 0.282888 -0.685955 389.876 0 0
1500.0 82.437293 -59.263754 17.573095 0.297199 -0.904629 389.907 0 0
1500.0 95.168955 26.097704 17.815879 0.559787 0.456184 389.933 0 0
1500.0 254.059920 9.352757 18.253770 3.717205 0.159760 390.149 0 0
1500.0 27.829257 -9.764904 17.745939 -0.478615 -0.223497 390.327 0 0
1500.0 -6.345115 25.993712 17.579589 -0.973474 0.382698 390.401 0 0
1500.0 83.923253 -6.080514 17.624384 0.469989 -0.094499 390.525 0 0
1500.0 95.200825 -54.025909 17.558738 0.494366 -0.843455 390.567 0 0
1500.0 66.830095 -32.289103 17.594192 0.106034 -0.549598 390.563 0 0
1500.0 -8.700436 18.102655 17.584682 -1.002301 0.270299 390.710 0 0
1500.0 44.159333 -65.976278 17.657808 -0.192776 -1.013593 390.763 0 0
1500.0 106.107707 51.335690 17.553850 0.755701 0.722241 391.023 0 0
1500.0 65.309232 26.704991 18.291181 0.173095 0.451985 391.038 0 0
1500.0 47.229025 29.624041 17.649571 -0.152690 0.453099 391.098 0 0
1500.0 107.414914 28.607429 17.577311 0.699295 0.436406 391.118 0 0
1500.0 73.422110 18.500724 18.448250 0.308363 0.330623 391.164 0 0
1500.0 22.578459 22.042010 17.774976 -0.605257 0.317431 391.133 0 0
1500.0 119.740868 32.054613 17.556113 0.948251 0.445505 391.196 0 0
1500.0 117.775446 35.923451 17.556068 0.920268 0.500700 391.193 0 0
1500.0 120.040858 26.670122 17.708896 0.976489 0.485993 391.190 0 0
1500.0 39.798240 51.202683 17.786355 -0.251547 0.819266 391.247 0 0
1500.0 73.652459 8.080856 17.706424 0.267994 0.191734 391.300 0 0
1500.0 76.480314 -32.455004 18.184218 0.303913 -0.594658 391.326 0 0
1500.0 104.552393 8.533363 17.624314 0.770602 0.124059 391.406 0 0
1500.0 71.270693 4.512636 18.141821 0.219793 0.122119 391.481 0 0
1500.0 124.302357 37.807147 17.621723 1.091857 0.595173 391.460 0 0
1500.0 77.102842 -31.523249 17.579716 0.275894 -0.549323 391.486 0 0
1500.0 40.236476 -47.148176 17.657402 -0.220439 -0.764535 391.493 0 0
1500.0 90.385902 -3.152409 18.486175 0.643896 -0.023074 391.607 0 0
1500.0 6.011671 -38.578852 17.581247 -0.808597 -0.606817 391.630 0 0
1500.0 12.590585 15.807957 17.677947 -0.727834 0.269940 391.651 0 0
1500.0 64.795162 -24.205376 17.621901 0.169181 -0.404441 391.635 0 0
1500.0 57.324650 -52.773524 17.657995 0.032742 -0.844906 391.734 0 0
1500.0 100.705348 17.511329 17.734025 0.715584 0.234748 391.795 0 0
1500.0 98.391231 4.562884 18.207259 0.715665 0.090847 391.870 0 0
1500.0 11.068500 -11.355419 17.824419 -0.783581 -0.127498 391.852 0 0
1500.0 13.127038 -13.576270 17.759625 -0.755253 -0.253543 391.900 0 0
1500.0 111.916014 -9.449841 17.625716 0.873262 -0.142251 391.933 0 0
1500.0 46.758479 53.592668 17.678778 -0.219802 0.825845 392.024 0 0
1500.0 33.880331 11.963214 17.845068 -0.349532 0.175817 392.202 0 0
1500.0 74.191593 -13.512608 18.173952 0.337985 -0.265927 392.266 0 0
1500.0 -1.943934 -23.134427 17.623760 -0.931237 -0.368506 392.293 0 0
1500.0 40.211482 39.196003 17.617505 -0.214736 0.636334 392.340 0 0
1500.0 74.378714 -9.020065 18.439442 0.350625 -0.201381 392.500 0 0
1500.0 85.468862 -30.770125 18.081721 0.525146 -0.484293 392.558 0 0
1500.0 119.861134 -8.940454 17.661602 0.945104 -0.195142 392.545 0 0
1500.0 63.254952 25.268074 17.687127 0.020689 0.369525 392.586 0 0
1500.0 108.456229 -9.451756 17.898863 0.846535 -0.135039 392.610 0 0
1500.0 127.709940 -55.102104 17.680960 1.114009 -0.900926 392.621 0 0
1500.0 -2.239644 -93.742774 17.746071 -0.977461 -1.553204 392.890 0 0
1500.0 87.745115 -16.156250 18.210921 0.591697 -0.346101 392.985 0 0
1500.0 104.793479 40.042905 17.676649 0.710606 0.585373 393.046 0 0
1500.0 100.841262 -48.073542 17.588784 0.660220 -0.678133 393.163 0 0
1500.0 38.282940 -53.952442 17.685573 -0.295972 -0.863855 393.380 0 0
1500.0 63.961283 5.154155 18.077503 0.138973 0.129374 393.426 0 0
1500.0 49.061833 -21.337694 17.611109 -0.090211 -0.383082 393.492 0 0
1500.0 57.951799 30.675103 17.799686 0.068912 0.517780 393.501 0 0
1500.0 44.237733 -22.352983 17.610844 -0.163573 -0.398195 393.551 0 0
1500.0 86.182591 35.846246 17.727113 0.402495 0.548352 393.565 0 0
1500.0 78.631581 24.590236 17.799421 0.377811 0.426021 393.609 0 0
1500.0 62.523895 -31.708543 17.797568 0.038423 -0.529550 393.867 0 0
1500.0 72.332158 -1.748471 17.866028 0.258995 0.024738 393.881 0 0
1500.0 28.138843 -6.469006 17.656768 -0.463999 -0.071250 393.985 0 0
1500.0 89.409804 -31.403887 17.700733 0.535272 -0.456826 394.044 0 0
1500.0 85.407125 32.450875 17.798821 0.475891 0.539890 394.054 0 0
1500.0 33.311606 -17.382664 17.861961 -0.407307 -0.288010 394.004 0 0
1500.0 86.404318 19.478520 18.550605 0.615784 0.439476 394.004 0 0
1500.0 -10.287323 -12.856546 17.590302 -1.000601 -0.258244 394.078 0 0
1500.0 89.791168 6.009805 18.142624 0.592014 0.040489 394.109 0 0
1500.0 95.168521 -29.622453 17.643287 0.597514 -0.505934 394.236 0 0
1500.0 85.121928 -62.200045 17.592481 0.380423 -0.969854 394.312 0 0
1500.0 68.389896 -43.027939 17.608686 0.201746 -0.704649 394.325 0 0
1500.0 93.571289 3.122302 17.889143 0.571787 0.120410 394.404 0 0
1500.0 44.985852 -45.765877 17.608582 -0.150179 -0.744699 394.427 0 0
1500.0 102.993558 -6.798071 17.619888 0.676755 -0.103549 394.582 0 0
1500.0 81.962163 -42.286914 17.608502 0.404301 -0.690654 394.599 0 0
1500.0 115.599286 -2.799136 17.840931 1.010304 -0.113646 394.595 0 0
1500.0 67.967637 18.254994 18.123594 0.151060 0.356142 394.733 0 0
1500.0 53.957936 -44.969420 18.474516 -0.128511 -0.894172 395.012 0 0
1500.0 -10.159944 -19.683434 17.600462 -0.985040 -0.352249 395.039 0 0
1500.0 75.398641 -11.288704 17.757212 0.307520 -0.241152 395.047 0 0
1500.0 70.381180 2.810253 17.811821 0.281874 0.063150 395.150 0 0
1500.0 114.585982 35.230676 17.712817 0.871683 0.511481 395.158 0 0
1500.0 89.412190 11.572315 18.079627 0.508935 0.239789 395.235 0 0
1500.0 9.338855 18.415205 17.755266 -0.740745 0.339610 395.286 0 0
1500.0 93.614097 53.176133 17.707438 0.534875 0.845244 395.397 0 0
1500.0 114.991842 -3.813768 17.740112 0.908951 -0.010247 395.472 0 0
1500.0 52.058509 -67.415456 17.606590 -0.095340 -1.027407 395.509 0 0
1500.0 67.184918 28.250133 18.588934 0.207893 0.554010 395.543 0 0
1500.0 52.908649 -65.430071 17.660429 -0.073865 -1.022313 395.638 0 0
1500.0 75.221460 -10.887283 17.718590 0.203924 -0.203583 395.723 0 0
1500.0 26.947688 -26.254268 17.624205 -0.484673 -0.473341 395.736 0 0
1500.0 10.518956 18.161422 17.634169 -0.723751 0.347569 395.879 0 0
1500.0 -7.696491 -21.328620 17.612374 -0.938187 -0.371149 395.908 0 0
1500.0 228.143051 -103.834294 17.712026 2.699658 -1.663875 395.973 0 0
1500.0 130.659008 15.080057 17.845728 1.227033 0.267377 395.944 0 0
1500.0 94.433541 -10.731568 18.246128 0.680091 -0.168077 396.047 0 0
1500.0 18.796444 3.530409 17.707151 -0.656147 0.079703 396.051 0 0
1500.0 78.584084 -22.654265 18.416716 0.393343 -0.399330 396.078 0 0
1500.0 79.324032 21.519391 18.042375 0.429908 0.360670 396.102 0 0
1500.0 62.707388 6.423998 17.666331 0.143804 0.125649 396.157 0 0
1500.0 96.012676 -13.505554 17.712030 0.634482 -0.257317 396.297 0 0
1500.0 75.750238 -65.884189 17.841611 0.267317 -1.139548 396.327 0 0
1500.0 42.489819 -7.511944 17.812602 -0.289527 -0.134822 396.444 0 0
1500.0 43.327574 46.805238 17.705895 -0.283675 0.728729 396.484 0 0
1500.0 68.631931 -5.132203 17.649464 0.157172 -0.155743 396.496 0 0
1500.0 96.558017 25.305030 17.742466 0.633249 0.440210 396.575 0 0
1500.0 -35.013529 168.311508 17.648482 -1.437797 2.630529 396.588 0 0
1500.0 127.621640 4.692138 17.654104 1.045345 0.006795 396.623 0 0
1500.0 63.424022 -16.251245 17.735075 0.029756 -0.293333 396.648 0 0
1500.0 85.023530 -20.613971 17.732603 0.390194 -0.386884 396.691 0 0
1500.0 104.831515 25.120837 17.807180 0.784592 0.391589 396.775 0 0
1500.0 27.437220 -13.068437 17.822291 -0.480994 -0.261333 396.790 0 0
1500.0 17.297761 29.960098 17.873435 -0.627054 0.496389 396.806 0 0
1500.0 67.844456 -53.521430 17.792168 0.175430 -0.878847 396.852 0 0
1500.0 66.630363 -19.561405 18.381729 0.158198 -0.332759 396.835 0 0
1500.0 82.311602 -12.151900 18.320795 0.483120 -0.238766 396.980 0 0
1500.0 -28.407180 5.817797 17.680159 -1.305656 0.128847 397.070 0 0
1500.0 -4.991624 2.279644 17.690220 -0.942396 0.049074 397.019 0 0
1500.0 101.850293 -24.896183 18.246902 0.777140 -0.486067 397.065 0 0
1500.0 65.030406 20.787320 18.307912 0.172980 0.377074 397.171 0 0
1500.0 87.737928 -6.482880 17.680473 0.453000 -0.034885 397.323 0 0
1500.0 127.708085 7.596988 17.623554 1.045153 0.054532 397.450 0 0
1500.0 74.827890 1.648264 18.456735 0.328501 0.093445 397.473 0 0
1500.0 90.791553 -54.183437 17.624153 0.471003 -0.873654 397.490 0 0
1500.0 119.108272 58.283054 17.774442 1.052250 0.962297 397.501 0 0
1500.0 68.815451 6.570778 18.022652 0.241168 0.053874 397.568 0 0
1500.0 39.794881 -7.267808 17.720641 -0.293045 -0.055782 397.573 0 0
1500.0 72.989320 -46.672437 17.661193 0.169787 -0.755045 397.661 0 0
1500.0 96.998117 22.034471 17.730377 0.590188 0.328407 397.695 0 0
1500.0 51.992271 -49.592261 17.644734 -0.093374 -0.751044 397.702 0 0
1500.0 95.202783 -21.607977 17.818932 0.589938 -0.334932 397.748 0 0
1500.0 10.130485 0.853100 17.729521 -0.771765 -0.031370 397.754 0 0
1500.0 121.099198 -8.537488 18.006973 1.070290 -0.205598 397.749 0 0
1500.0 118.712270 -16.300475 17.809435 0.975599 -0.217812 397.765 0 0
1500.0 113.608457 8.351118 17.821701 0.894775 0.167735 397.824 0 0
1500.0 119.591306 31.394964 17.661264 0.949495 0.426878 397.863 0 0
1500.0 109.847921 -33.786693 17.671326 0.840014 -0.470489 397.923 0 0
1500.0 125.095168 -13.194438 17.630065 0.999437 -0.242284 398.019 0 0
1500.0 54.875076 63.868777 17.666726 0.021988 0.976465 398.061 0 0
1500.0 70.012382 -23.974080 17.757963 0.122357 -0.369980 398.068 0 0
1500.0 31.551021 61.636892 17.641317 -0.394259 0.967830 398.150 0 0
1500.0 38.461885 18.878630 17.765543 -0.313244 0.287214 398.288 0 0
1500.0 8.206061 -39.517509 17.713866 -0.788996 -0.616550 398.351 0 0
1500.0 92.355796 13.513038 17.923083 0.621405 0.189621 398.318 0 0
1500.0 97.886282 -27.895360 19.238279 0.881307 -0.537053 398.318 0 0
1500.0 33.786765 -50.682193 17.728584 -0.412258 -0.798336 398.390 0 0
1500.0 124.433071 12.943688 17.637510 0.982200 0.129279 398.576 0 0
1500.0 77.986411 15.061857 17.796062 0.379176 0.275331 398.720 0 0
1500.0 74.050933 6.421033 18.843796 0.326780 0.194562 398.767 0 0
1500.0 37.815937 -10.955880 17.668978 -0.284296 -0.215989 398.781 0 0
1500.0 66.249298 -55.069723 17.685143 0.196901 -0.846296 398.776 0 0
1500.0 44.321534 33.655561 17.666211 -0.262781 0.568560 398.787 0 0
1500.0 64.080887 -60.216511 17.700163 0.017792 -0.943944 398.837 0 0
1500.0 88.518967 -30.733382 18.069628 0.466246 -0.538589 398.912 0 0
1500.0 87.641989 9.566904 17.794868 0.524466 0.191257 398.907 0 0
1500.0 120.409113 -6.324751 17.829260 0.992731 -0.135366 398.933 0 0
1500.0 95.577049 -50.487929 17.829300 0.629806 -0.780477 398.945 0 0
1500.0 75.047569 -13.276737 18.321674 0.371362 -0.260787 398.938 0 0
1500.0 40.443282 24.524974 17.696278 -0.306489 0.440482 399.007 0 0
1500.0 92.255244 9.414782 17.941720 0.558817 0.134606 399.071 0 0
1500.0 100.430585 6.122894 17.829735 0.726304 0.117919 399.099 0 0
1500.0 75.120300 17.125810 18.090791 0.373149 0.343885 399.114 0 0
1500.0 118.973034 -28.364854 17.717789 0.940275 -0.461593 399.171 0 0
1500.0 54.596190 -34.400343 17.747037 -0.099139 -0.575108 399.196 0 0
1500.0 126.471805 -0.614008 17.718905 1.046559 -0.059981 399.317 0 0
1500.0 81.111806 -63.942859 17.698792 0.291678 -0.987992 399.320 0 0
1500.0 23.289914 13.129315 17.874215 -0.562435 0.235126 399.339 0 0
1500.0 71.262704 -45.764414 17.987637 0.272539 -0.814979 399.372 0 0
1500.0 60.554192 15.850368 17.730040 0.084723 0.254650 399.489 0 0
1500.0 55.936097 12.707827 18.238382 -0.004596 0.216557 399.595 0 0
1500.0 118.529187 12.868767 17.685749 0.967178 0.168243 399.608 0 0
1500.0 8.010407 -44.714555 17.701084 -0.772967 -0.702538 399.729 0 0
1500.0 35.073468 28.542360 17.777135 -0.374892 0.498967 399.910 0 0
1500.0 44.447339 -49.522915 17.663969 -0.145749 -0.737765 400.145 0 0
1500.0 66.441139 27.745197 18.157465 0.144560 0.430088 400.261 0 0
1500.0 61.572361 1.215243 17.813617 0.098039 0.072160 400.329 0 0
1500.0 67.239487 1.278524 18.120863 0.173317 -0.050822 400.719 0 0
1500.0 79.795180 63.792480 17.670777 0.329187 0.989424 400.750 0 0
1500.0 72.411632 -23.730661 18.036806 0.245803 -0.430310 400.773 0 0
1500.0 75.932884 -50.495570 18.094631 0.328331 -0.891173 400.792 0 0
1500.0 37.090640 -11.592980 18.009903 -0.324624 -0.232190 400.901 0 0
1500.0 96.713346 28.613099 17.811809 0.627316 0.507712 400.934 0 0
1500.0 47.262548 -12.637732 17.726292 -0.107667 -0.228725 401.051 0 0
1500.0 79.579100 -22.792736 17.809279 0.298707 -0.376812 401.056 0 0
1500.0 5.854605 -44.187354 17.656136 -0.755287 -0.706809 401.051 0 0
1500.0 42.703695 85.772716 17.650663 -0.227603 1.308625 401.139 0 0
1500.0 63.656456 -56.108903 17.873688 0.073252 -0.897040 401.153 0 0
1500.0 7.577564 8.189874 17.733946 -0.818651 0.082239 401.140 0 0
1500.0 90.411082 -12.488147 17.727823 0.532408 -0.261158 401.120 0 0
1500.0 89.873633 -6.174298 17.674031 0.547487 -0.046938 401.192 0 0
1500.0 75.201147 -7.344394 18.687693 0.364999 -0.188541 401.261 0 0
1500.0 28.689180 -7.548808 17.867711 -0.436721 -0.133581 401.303 0 0
1500.0 97.010735 -21.940620 18.032840 0.610039 -0.399582 401.405 0 0
1500.0 66.382953 22.236917 18.682221 0.240631 0.392373 401.465 0 0
1500.0 87.482630 -20.451724 18.260874 0.487567 -0.372174 401.526 0 0
1500.0 24.752140 -6.274961 17.844022 -0.549104 -0.142269 401.664 0 0
1500.0 73.800911 4.102336 18.696779 0.358596 0.095660 401.710 0 0
1500.0 56.755360 62.579411 17.772595 -0.044371 0.987983 401.768 0 0
1500.0 21.429131 26.184625 17.751974 -0.605021 0.497311 401.800 0 0
1500.0 2.217892 -33.801754 17.671810 -0.891720 -0.461415 401.809 0 0
1500.0 77.054029 -20.223521 17.960115 0.395401 -0.330567 401.816 0 0
1500.0 97.386484 12.260549 18.239072 0.757007 0.314756 401.812 0 0
1500.0 121.009027 4.730822 18.134894 1.081048 0.083068 401.889 0 0
1500.0 59.462013 22.020606 18.037186 0.000121 0.371124 401.999 0 0
1500.0 66.693387 -46.795797 17.726516 0.179915 -0.772414 401.970 0 0
1500.0 85.515117 7.268096 18.466854 0.495963 0.228712 402.004 0 0
1500.0 115.963616 17.488748 17.688692 0.882550 0.271203 402.032 0 0
1500.0 71.500373 -13.591605 18.058141 0.321555 -0.234455 402.047 0 0
1500.0 95.776483 -41.515335 17.787234 0.640522 -0.659150 402.144 0 0
1500.0 92.618524 -26.186269 18.107850 0.622366 -0.438920 402.176 0 0
1500.0 58.565163 -14.351647 18.359403 -0.056568 -0.317992 402.195 0 0
1500.0 93.129157 -17.545786 17.813313 0.520031 -0.303161 402.202 0 0
1500.0 71.948065 8.316410 17.987881 0.246757 0.203167 402.249 0 0
1500.0 86.951536 29.153389 17.864754 0.480672 0.416971 402.330 0 0
1500.0 46.053298 -57.506719 17.729367 -0.211833 -0.856278 402.320 0 0
1500.0 54.674099 -8.341233 18.213094 -0.035486 -0.179140 402.331 0 0
1500.0 109.949763 -35.586340 17.710451 0.803679 -0.524000 402.698 0 0
1500.0 24.849344 59.636342 17.656880 -0.467549 0.937342 402.663 0 0
1500.0 101.881195 41.795983 17.808504 0.728400 0.759826 402.674 0 0
1500.0 71.260474 -38.874347 17.799349 0.143608 -0.623023 402.750 0 0
1500.0 -0.709211 31.662733 17.675631 -0.894677 0.507325 402.778 0 0
1500.0 31.560988 -19.698680 17.875545 -0.409462 -0.271318 402.810 0 0
1500.0 95.196678 -4.885350 17.954149 0.650925 -0.125750 402.866 0 0
1500.0 67.673621 14.234963 17.754095 0.125195 0.292382 402.860 0 0
1500.0 110.885174 2.150023 17.753168 0.900280 0.086709 402.878 0 0
1500.0 68.769149 20.838271 17.876914 0.230315 0.300892 402.924 0 0
1500.0 37.384504 63.364805 17.676890 -0.346750 0.961058 402.904 0 0
1500.0 33.211524 -7.568466 17.752702 -0.408112 -0.045442 402.985 0 0
1500.0 123.906278 7.232396 17.861828 1.073875 0.124604 403.087 0 0
1500.0 66.116851 2.606955 17.881525 0.193801 0.053585 403.136 0 0
1500.0 25.978671 22.161627 17.712838 -0.481189 0.417003 403.114 0 0
1500.0 99.282858 -32.367433 17.835898 0.726156 -0.540827 403.118 0 0
1500.0 65.261752 -0.325698 17.993619 0.193495 -0.026023 403.193 0 0
1500.0 115.510215 12.118845 17.910635 0.932089 0.230253 403.320 0 0
1500.0 108.854327 -57.171517 17.797347 0.803273 -0.921517 403.357 0 0
1500.0 107.981485 -27.509632 18.239095 0.874651 -0.523404 403.373 0 0
1500.0 103.630538 -14.598206 18.070042 0.774469 -0.253445 403.417 0 0
1500.0 52.831435 -18.977847 17.954884 -0.130323 -0.317869 403.512 0 0
1500.0 42.769352 -7.039696 18.027471 -0.265547 -0.123030 403.538 0 0
1500.0 91.566753 11.872954 18.028192 0.600064 0.235275 403.566 0 0
1500.0 97.323410 5.053709 18.388409 0.738399 0.087124 403.676 0 0
1500.0 111.334307 29.498305 17.862188 0.878838 0.461104 403.696 0 0
1500.0 118.540011 15.094219 17.910563 0.969797 0.272259 403.815 0 0
1500.0 77.014757 61.829378 17.667043 0.286233 0.953609 403.789 0 0
1500.0 33.570716 30.515718 17.910515 -0.455757 0.502580 403.904 0 0
1500.0 122.593597 -6.947468 17.735245 1.030362 -0.092026 403.998 0 0
1500.0 28.181544 2.860219 17.866932 -0.454774 0.020565 404.016 0 0
1500.0 116.028867 -6.853868 18.046880 0.964352 -0.128250 404.201 0 0
1500.0 77.513378 -0.188121 17.784078 0.320638 -0.051854 404.189 0 0
1500.0 94.846954 -55.288789 17.722197 0.573407 -0.876233 404.194 0 0
1500.0 117.575397 -50.152000 17.834472 1.031676 -0.769026 404.175 0 0
1500.0 42.555673 62.868460 17.902255 -0.292112 1.100190 404.188 0 0
1500.0 57.406199 67.760335 17.665922 0.044350 1.044592 404.258 0 0
1500.0 47.505506 -66.908970 17.724685 -0.107688 -1.040773 404.319 0 0
1500.0 35.575440 -4.616849 18.346762 -0.393584 -0.009574 404.347 0 0
1500.0 111.737367 -16.211983 17.844505 0.830809 -0.247865 404.417 0 0
1500.0 108.178658 37.936091 17.697524 0.747976 0.586427 404.767 0 0
1500.0 80.933179 60.491383 17.694305 0.360416 0.911432 404.992 0 0
1500.0 57.589811 6.810846 18.518917 0.030064 0.125023 405.050 0 0
1500.0 57.139824 -19.553184 17.751314 0.055374 -0.287739 405.067 0 0
1500.0 87.270020 17.172862 18.437615 0.601616 0.253079 405.078 0 0
1500.0 106.890448 9.168153 18.261706 0.948666 0.091942 405.162 0 0
1500.0 15.019878 43.995961 17.739048 -0.666260 0.726808 405.240 0 0
1500.0 -3.466394 15.996611 17.738979 -0.941824 0.308067 405.293 0 0
1500.0 78.903780 -11.599416 17.917900 0.422243 -0.172903 405.373 0 0
1500.0 31.385826 -24.491377 17.772822 -0.400675 -0.452762 405.342 0 0
1500.0 69.622740 62.648703 17.738803 0.149178 1.000936 405.552 0 0
1500.0 80.582098 -11.877814 17.963684 0.401171 -0.256041 405.573 0 0
1500.0 85.177108 15.124029 18.306048 0.553770 0.248473 405.621 0 0
1500.0 89.425540 24.459287 17.840164 0.500517 0.378451 405.627 0 0
1500.0 71.279811 9.238836 17.720180 0.256396 0.201151 405.799 0 0
1500.0 92.075172 -4.687991 17.953387 0.608070 -0.114007 405.846 0 0
1500.0 81.437601 -43.026091 17.878448 0.329015 -0.760032 405.930 0 0
1500.0 97.798296 -23.079652 18.268679 0.708975 -0.363481 405.952 0 0
1500.0 63.229468 73.743766 17.749875 0.026716 1.145262 405.962 0 0
1500.0 47.384444 -9.551118 17.718506 -0.220232 -0.205045 406.092 0 0
1500.0 43.979191 40.560089 17.741359 -0.273586 0.665723 406.217 0 0
1500.0 66.729374 -59.046793 17.739981 0.156606 -0.902412 406.377 0 0
1500.0 102.544180 52.167196 17.739965 0.631273 0.834833 406.371 0 0
1500.0 81.354419 30.590245 18.242244 0.416608 0.563315 406.324 0 0
1500.0 68.233474 -45.275918 17.692612 0.229096 -0.687402 406.416 0 0
1500.0 47.612605 -13.501990 17.971629 -0.245561 -0.274125 406.423 0 0
1500.0 32.762837 61.571126 17.740378 -0.393656 0.971231 406.499 0 0
1500.0 90.216539 -2.110097 18.268748 0.581616 -0.100865 406.463 0 0
1500.0 65.153058 -16.475795 17.853929 0.049725 -0.246700 406.587 0 0
1500.0 97.845894 24.287352 17.806742 0.667465 0.458794 406.585 0 0
1500.0 99.116828 -51.070188 17.870135 0.652076 -0.814103 406.657 0 0
1500.0 158.563928 101.554301 17.698101 1.548637 1.504370 406.782 0 0
1500.0 73.831474 9.576236 18.321758 0.329377 0.165893 406.983 0 0
1500.0 55.892133 -53.195207 17.747898 0.002785 -0.812352 406.986 0 0
1500.0 -11.258230 -57.594366 17.828966 -1.102460 -0.947005 407.078 0 0
1500.0 89.110167 -29.571199 18.212533 0.571348 -0.499463 407.115 0 0
1500.0 50.093743 35.798825 17.848313 -0.181063 0.555029 407.123 0 0
1500.0 120.573245 -19.152327 17.829441 1.004732 -0.256712 407.151 0 0
1500.0 97.244481 -46.780189 17.741148 0.605090 -0.716414 407.212 0 0
1500.0 108.126525 13.417075 17.708408 0.810700 0.260308 407.214 0 0
1500.0 63.486831 -65.008842 17.974001 0.154977 -1.149020 407.220 0 0
1500.0 92.993574 58.149479 17.744611 0.484005 0.909811 407.340 0 0
1500.0 57.773314 -35.318878 17.708762 0.066230 -0.569991 407.304 0 0
1500.0 -21.429342 -71.201177 17.706095 -1.248493 -1.165543 407.427 0 0
1500.0 85.753599 -9.443226 17.940083 0.492354 -0.239422 407.420 0 0
1500.0 -7.247994 20.640146 17.722401 -1.011474 0.250221 407.480 0 0
1500.0 96.502238 8.789620 17.706430 0.661113 0.110115 407.565 0 0
1500.0 141.634878 24.026617 17.824471 1.429683 0.399664 407.701 0 0
1500.0 40.368829 -19.335019 17.903203 -0.275856 -0.367084 407.744 0 0
1500.0 105.438071 -39.952309 17.903310 0.757505 -0.656522 407.788 0 0
1500.0 112.204979 -26.311653 17.791313 0.847323 -0.462838 407.878 0 0
1500.0 62.678133 45.222696 17.903837 0.115700 0.756093 407.883 0 0
1500.0 -42.721778 17.022604 17.738382 -1.582256 0.318797 407.986 0 0
1500.0 80.062146 -43.977066 17.815874 0.379850 -0.651325 408.088 0 0
1500.0 86.530194 -12.094318 18.508782 0.536207 -0.171454 408.115 0 0
1500.0 81.047183 -12.469292 17.897329 0.370791 -0.272091 408.121 0 0
1500.0 67.831346 44.006351 18.123599 0.147349 0.757229 408.107 0 0
1500.0 11.535930 47.835333 17.758395 -0.697590 0.775261 408.156 0 0
1500.0 43.967277 53.439781 17.895882 -0.254843 0.834684 408.170 0 0
1500.0 -46.865189 63.830191 17.770546 -1.634398 1.055718 408.261 0 0
1500.0 42.664827 -16.828177 17.815384 -0.299573 -0.235415 408.400 0 0
1500.0 69.109241 -21.012493 18.571527 0.216900 -0.392215 408.304 0 0
1500.0 144.170173 -87.136326 18.002042 1.447557 -1.590764 408.323 0 0
1500.0 -3.367010 46.233573 17.886732 -0.993389 0.739850 408.495 0 0
1500.0 21.930882 47.695277 17.755431 -0.536259 0.745003 408.572 0 0
1500.0 75.343976 -4.343839 18.175492 0.384022 -0.023893 408.543 0 0
1500.0 123.817802 -7.128006 17.704417 1.031269 -0.035929 408.634 0 0
1500.0 89.692373 10.973233 18.090184 0.568791 0.227128 408.659 0 0
1500.0 45.380548 -65.951095 17.697981 -0.161577 -1.035142 408.718 0 0
1500.0 53.794734 29.813318 17.820212 -0.034134 0.531977 408.772 0 0
1500.0 103.199846 -20.147535 17.755423 0.668080 -0.347415 408.946 0 0
1500.0 117.735964 29.965614 17.825564 0.920545 0.501338 409.015 0 0
1500.0 84.020380 10.619824 18.046027 0.466994 0.180596 409.130 0 0
1500.0 52.312084 -164.307480 17.793794 -0.099072 -2.660548 409.172 0 0
1500.0 31.361970 63.511173 17.706309 -0.344364 0.989150 409.359 0 0
1500.0 73.642615 -7.398777 18.590589 0.372657 -0.101272 409.420 0 0
1500.0 79.688047 63.187743 17.706806 0.365912 0.982328 409.502 0 0
1500.0 94.293057 -54.664153 17.802522 0.563123 -0.874892 409.495 0 0
1500.0 20.943367 -54.164655 17.703671 -0.599703 -0.853582 409.452 0 0
1500.0 116.110105 9.370836 17.778446 0.889364 0.174796 409.658 0 0
1500.0 -0.642428 -108.019546 17.694541 -0.843552 -1.675610 409.848 0 0
1500.0 88.555404 9.920099 18.806883 0.560957 0.186659 409.970 0 0
1500.0 44.416490 33.314208 17.775521 -0.211617 0.529004 410.065 0 0
1500.0 102.257218 -15.573725 17.886316 0.750726 -0.190942 410.086 0 0
1500.0 47.154208 -9.559143 17.853362 -0.204457 -0.089877 410.044 0 0
1500.0 100.794618 -10.163634 18.208716 0.724208 -0.221111 410.173 0 0
1500.0 85.883620 18.367273 18.889556 0.530266 0.298514 410.263 0 0
1500.0 73.782151 56.842963 17.799511 0.266042 0.869436 410.214 0 0
1500.0 37.395928 -58.879960 17.776337 -0.286873 -0.912251 410.230 0 0
1500.0 49.742649 36.367467 17.888322 -0.105833 0.567475 410.355 0 0
1500.0 121.052086 22.424332 17.695547 0.976489 0.371811 410.352 0 0
1500.0 103.556625 -26.274067 17.730660 0.745011 -0.450118 410.321 0 0
1500.0 100.045227 -43.896705 17.779159 0.605454 -0.695569 410.503 0 0
1500.0 12.530546 -45.523640 17.778312 -0.678805 -0.733794 410.421 0 0
1500.0 59.105630 -26.456408 18.489243 0.079273 -0.455802 410.473 0 0
1500.0 106.040837 -31.102011 17.728988 0.777749 -0.519986 410.737 0 0
1500.0 98.772487 22.258893 17.919482 0.672955 0.403317 410.805 0 0
1500.0 82.439880 -5.776273 17.911223 0.380148 -0.163390 410.816 0 0
1500.0 56.591217 62.433129 17.808779 0.008512 0.999318 410.951 0 0
1500.0 54.843492 -67.260129 17.795330 -0.008698 -1.044799 411.001 0 0
1500.0 106.519583 10.058197 17.899489 0.828925 0.144351 411.010 0 0
1500.0 104.889199 -45.153409 17.810975 0.701746 -0.717483 411.160 0 0
1500.0 9.790105 43.104944 17.801054 -0.774289 0.661317 411.104 0 0
1500.0 93.574431 59.267311 17.777421 0.504874 0.949705 411.110 0 0
1500.0 74.220501 48.519826 17.917670 0.301255 0.795707 411.112 0 0
1500.0 16.844066 -51.337718 17.708892 -0.653950 -0.792801 411.282 0 0
1500.0 100.863069 -5.259365 18.307774 0.755593 -0.135035 411.294 0 0
1500.0 82.221170 7.950639 18.026936 0.458242 0.065670 411.305 0 0
1500.0 -129.790626 104.793432 17.939292 -3.285097 1.760111 411.275 0 0
1500.0 119.928959 0.414382 17.720435 0.930926 0.059012 411.391 0 0
1500.0 35.595304 34.757148 17.885171 -0.419540 0.529725 411.402 0 0
1500.0 89.055001 13.186485 18.490053 0.524995 0.242194 411.682 0 0
1500.0 35.667662 -39.439095 17.793813 -0.305359 -0.622000 411.651 0 0
1500.0 60.023586 -44.020405 17.726894 0.050805 -0.683865 411.699 0 0
1500.0 118.849275 12.592400 17.880832 0.978916 0.229626 411.619 0 0
1500.0 91.090614 -31.967977 18.250616 0.597823 -0.534635 411.705 0 0
1500.0 108.865176 25.522150 17.915615 0.815488 0.447220 411.592 0 0
1500.0 99.002247 -41.914387 17.723478 0.691202 -0.621899 411.587 0 0
1500.0 91.061656 -8.446986 18.353007 0.633857 -0.165137 411.901 0 0
1500.0 84.132643 -22.295947 18.101568 0.529826 -0.343387 411.876 0 0
1500.0 70.193993 32.513986 17.903170 0.258329 0.585426 411.970 0 0
1500.0 45.681699 -27.382349 17.803021 -0.163843 -0.449538 412.240 0 0
1500.0 78.339589 -25.533664 17.734233 0.305976 -0.421485 412.170 0 0
1500.0 39.298561 -34.208715 18.269943 -0.364542 -0.607747 412.179 0 0
1500.0 62.526159 -49.012567 17.935030 0.098759 -0.811938 412.263 0 0
1500.0 64.359930 -27.397931 17.736385 0.110761 -0.446682 412.300 0 0
1500.0 71.529088 55.440372 17.712706 0.245444 0.830334 412.337 0 0
1500.0 87.610591 -21.729497 17.820624 0.431206 -0.402526 412.449 0 0
1500.0 64.620313 13.075211 18.624648 0.196012 0.264116 412.509 0 0
1500.0 97.643216 37.234918 17.780009 0.573820 0.632274 412.776 0 0
1500.0 90.512989 33.434449 18.031960 0.545061 0.629634 412.949 0 0
1500.0 95.026051 -52.611182 17.999476 0.685599 -0.869234 412.982 0 0
1500.0 111.127406 -17.706561 17.802633 0.825124 -0.228077 413.030 0 0
1500.0 61.816146 15.130749 18.044892 0.046753 0.287889 413.096 0 0
1500.0 119.639952 25.039370 17.723509 0.977262 0.377424 413.280 0 0
1500.0 78.174740 62.317474 17.738062 0.335305 0.957255 413.397 0 0
1500.0 113.927610 -38.158441 17.723846 0.892051 -0.550449 413.377 0 0
1500.0 98.066725 -11.069071 18.098564 0.673850 -0.236174 413.337 0 0
1500.0 63.651097 61.061610 17.728687 0.151058 0.948976 413.394 0 0
1500.0 62.060697 -49.123934 17.731283 0.002028 -0.737937 413.407 0 0
1500.0 95.301451 45.105652 17.819242 0.601645 0.670294 413.477 0 0
1500.0 123.897867 9.846811 17.724221 1.036869 0.153739 413.475 0 0
1500.0 72.049063 -56.970335 17.745124 0.287086 -0.867623 413.518 0 0
1500.0 92.061579 -6.983410 17.913662 0.624575 -0.168355 413.507 0 0
1500.0 68.594916 64.387306 17.769401 0.182551 1.010089 413.528 0 0
1500.0 91.882635 -10.605352 18.130440 0.552801 -0.155859 413.763 0 0
1500.0 70.993780 7.784931 17.848769 0.194474 0.175838 413.837 0 0
1500.0 91.861934 3.993523 17.730413 0.524985 0.097772 413.584 0 0
1500.0 68.407733 -23.275940 18.041263 0.258256 -0.397709 413.615 0 0
1500.0 -48.586488 29.400776 17.787303 -1.686947 0.421078 413.658 0 0
1500.0 51.044681 -33.291378 17.837883 -0.044870 -0.566095 413.821 0 0
1500.0 48.868185 23.869438 17.735461 -0.074821 0.373633 413.886 0 0
1500.0 82.990013 -49.443010 17.849243 0.401069 -0.815358 413.915 0 0
1500.0 34.087753 23.184206 17.876942 -0.385304 0.327519 414.015 0 0
1500.0 37.226717 12.016008 18.117412 -0.323061 0.232107 414.042 0 0
1500.0 73.584366 -7.706581 18.128106 0.254832 -0.172790 414.160 0 0
1500.0 88.552142 -1.389081 17.737935 0.488713 -0.041986 414.253 0 0
1500.0 74.794408 13.584227 18.486544 0.381297 0.266532 414.222 0 0
1500.0 83.013025 95.326882 17.838820 0.373791 1.509761 414.180 0 0
1500.0 45.124330 6.158949 17.883831 -0.231268 0.091391 414.420 0 0
1500.0 104.964268 -49.485272 17.708155 0.768584 -0.760647 414.377 0 0
1500.0 107.933512 -19.886486 17.789651 0.831969 -0.279634 414.488 0 0
1500.0 170.332976 -37.251355 17.928905 1.911240 -0.713018 414.494 0 0
1500.0 68.118920 64.531951 17.779150 0.220918 0.991429 414.570 0 0
1500.0 87.212483 18.427829 17.740358 0.470778 0.234509 414.606 0 0
1500.0 77.583441 15.181365 17.955919 0.400054 0.246957 414.591 0 0
1500.0 100.263436 10.302752 18.778122 0.789481 0.201334 414.778 0 0
1500.0 55.284768 11.616281 18.125237 -0.042052 0.233781 414.713 0 0
1500.0 19.341636 3.970003 17.742852 -0.657759 0.016445 414.786 0 0
1500.0 116.895161 11.212386 17.948620 0.970213 0.176274 414.892 0 0
1500.0 37.379845 -36.444687 17.812743 -0.383693 -0.555892 414.903 0 0
1500.0 112.450494 -25.210223 18.146898 1.042461 -0.499215 414.953 0 0
1500.0 94.790901 3.061996 17.959396 0.590976 0.004808 414.989 0 0
1500.0 126.311914 -19.530063 17.742475 1.015031 -0.267381 415.189 0 0
1500.0 116.848772 2.894801 17.916171 0.978825 0.122380 415.250 0 0
1500.0 125.088865 35.404141 18.076629 1.172785 0.617881 415.224 0 0
1500.0 54.292220 24.989157 18.056067 -0.106145 0.487130 415.223 0 0
1500.0 67.924260 38.093152 17.843088 0.165699 0.597500 415.486 0 0
1500.0 74.649206 64.790431 17.769878 0.282639 1.007754 415.437 0 0
1500.0 123.745977 12.015065 17.745682 1.034528 0.167243 415.566 0 0
1500.0 55.835060 -13.632877 17.744943 -0.112292 -0.231910 415.802 0 0
1500.0 82.894334 -47.566708 17.743850 0.425389 -0.775737 415.827 0 0
1500.0 69.374367 -44.224849 18.214105 0.173624 -0.761029 415.828 0 0
1500.0 124.412198 -4.658571 17.747394 1.038930 -0.076208 415.917 0 0
1500.0 88.342655 -20.140252 18.241671 0.581984 -0.336141 416.080 0 0
1500.0 77.681601 0.015389 18.134012 0.408327 -0.044625 416.147 0 0
1500.0 44.648527 -22.333474 17.739515 -0.275690 -0.303246 416.133 0 0
1500.0 98.791635 -29.003493 17.863423 0.616776 -0.500959 416.226 0 0
1500.0 65.597781 6.131435 17.957517 0.097672 0.156890 416.333 0 0
1500.0 149.731014 17.722835 17.806161 1.485306 0.315411 416.272 0 0
1500.0 49.515779 26.916205 17.737850 -0.199853 0.458040 416.291 0 0
1500.0 83.850796 -37.514130 17.754133 0.430439 -0.516654 416.588 0 0
1500.0 94.940592 -28.274049 18.237976 0.674982 -0.453768 416.609 0 0
1500.0 74.236516 -8.080501 17.888468 0.332408 -0.161427 416.597 0 0
1500.0 61.425855 62.120417 18.181070 0.045084 1.125369 416.621 0 0
1500.0 114.379104 -77.946919 17.761893 0.867523 -1.271425 416.665 0 0
1500.0 82.861104 -14.618382 17.763050 0.413313 -0.194277 417.150 0 0
1500.0 103.616349 -44.903881 17.755119 0.725349 -0.651872 416.961 0 0
1500.0 78.184308 29.922146 18.004476 0.307227 0.522463 416.887 0 0
1500.0 58.598287 -13.047004 17.904474 0.068973 -0.264814 417.210 0 0
1500.0 100.104257 -23.781027 17.899618 0.673811 -0.431391 417.446 0 0
1500.0 119.923430 21.713588 17.922253 0.976356 0.344355 417.565 0 0
1500.0 68.152471 34.502609 18.386135 0.206427 0.580225 417.595 0 0
1500.0 69.319311 24.846318 17.879132 0.123076 0.394558 417.678 0 0
1500.0 57.552638 8.810978 17.978556 -0.045620 0.173994 417.855 0 0
1500.0 30.135429 40.955843 17.803737 -0.415228 0.639018 417.902 0 0
1500.0 66.794448 -68.605915 17.736815 0.067008 -1.045279 418.018 0 0
1500.0 125.103621 -17.785193 17.907966 1.054676 -0.322882 418.047 0 0
1500.0 113.556221 6.142643 17.734329 0.883967 0.033717 417.955 0 0
1500.0 72.794176 15.322075 18.060988 0.337169 0.251016 418.136 0 0
1500.0 98.551992 -4.029786 17.919956 0.685022 -0.118209 418.169 0 0
1500.0 7.016722 0.645910 17.744615 -0.850344 -0.002561 418.166 0 0
1500.0 75.835627 19.487356 18.246049 0.415773 0.376960 418.310 0 0
1500.0 122.779016 11.191975 17.946881 1.028636 0.175628 418.488 0 0
1500.0 92.515114 41.850714 18.061933 0.606399 0.671752 418.494 0 0
1500.0 106.322293 36.858530 17.774714 0.760644 0.524902 418.518 0 0
1500.0 82.115942 6.731765 18.891072 0.550056 0.048744 418.892 0 0
1500.0 88.640166 -10.084012 17.782120 0.495777 -0.148360 419.062 0 0
1500.0 88.013027 -12.713629 17.781987 0.487107 -0.184967 419.054 0 0
1500.0 89.604001 8.162961 18.888696 0.655555 0.069134 419.171 0 0
1500.0 95.403399 53.709171 17.843774 0.590657 0.855199 418.927 0 0
1500.0 20.720681 -58.898492 17.725857 -0.617586 -0.830920 419.116 0 0
1500.0 116.696331 -22.896790 17.731848 0.918277 -0.399840 418.905 0 0
1500.0 108.533501 -25.545560 17.845796 0.756029 -0.457772 419.116 0 0
1500.0 82.743571 7.082586 17.893179 0.462771 0.073826 419.136 0 0
1500.0 101.637739 -6.793999 18.389020 0.789618 -0.068296 419.221 0 0
1500.0 67.889811 -12.958070 17.788930 0.205924 -0.187302 419.463 0 0
1500.0 89.160575 63.380239 17.727022 0.392291 0.971426 419.605 0 0
1500.0 53.809040 -59.375604 17.843938 -0.066091 -0.958536 419.657 0 0
1500.0 111.060265 14.858581 17.810804 0.816733 0.178686 419.704 0 0
1500.0 55.668975 56.616341 17.953622 -0.059468 0.900015 419.700 0 0
1500.0 79.541851 62.634800 17.912170 0.358990 0.981518 419.726 0 0
1500.0 18.767644 42.818550 17.953116 -0.608672 0.692827 419.833 0 0
1500.0 89.034307 57.608519 18.058236 0.608044 1.030784 419.791 0 0
1500.0 -7.179712 14.027135 17.728465 -1.017621 0.245087 419.967 0 0
1500.0 58.463551 -45.525352 18.118934 0.004083 -0.737065 419.997 0 0
1500.0 78.680746 -26.450974 18.252439 0.429906 -0.442757 420.053 0 0
1500.0 130.273658 -21.590116 18.026244 1.260955 -0.383868 420.112 0 0
1500.0 49.655830 59.038806 17.829344 -0.075683 0.945208 420.305 0 0
1500.0 65.129436 76.857930 17.791065 0.121511 1.255076 420.317 0 0
1500.0 108.519879 30.382375 17.829195 0.803496 0.516439 420.361 0 0
1500.0 92.237064 12.245604 18.258831 0.642147 0.212687 420.506 0 0
1500.0 33.254442 -33.214809 17.975229 -0.470590 -0.511990 420.577 0 0
1500.0 80.373660 -11.678781 17.798296 0.397221 -0.121983 420.632 0 0
1500.0 91.796729 -57.165389 17.900140 0.522986 -0.891476 420.680 0 0
1500.0 68.096493 28.118317 18.398962 0.191498 0.479466 420.712 0 0
1500.0 83.811204 -13.055782 18.640711 0.545930 -0.259983 420.696 0 0
1500.0 57.982463 -4.251487 18.018465 0.047273 -0.139729 420.739 0 0
1500.0 -64.256524 16.464197 17.954590 -2.127301 0.354504 420.731 0 0
1500.0 66.144227 62.568041 17.828427 0.169379 0.989813 420.856 0 0
1500.0 75.683656 -60.672650 17.784378 0.316932 -0.954777 420.847 0 0
1500.0 73.043515 2.434960 18.017299 0.277215 -0.037399 420.839 0 0
1500.0 65.554286 -25.257084 17.927805 0.117350 -0.460443 420.859 0 0
1500.0 85.931125 11.024481 18.060598 0.521969 0.217717 420.918 0 0
1500.0 66.459570 31.512055 18.239880 0.121014 0.505348 421.092 0 0
1500.0 72.110587 31.324700 17.934007 0.269951 0.543975 421.074 0 0
1500.0 57.482343 -28.290439 18.101168 0.054171 -0.500844 421.145 0 0
1500.0 49.382392 -20.713951 18.006779 -0.173874 -0.340784 421.266 0 0
1500.0 71.933036 -31.942844 18.011339 0.257943 -0.557425 421.426 0 0
1500.0 91.837199 -2.678690 17.779858 0.516036 -0.089344 421.539 0 0
1500.0 89.946784 12.579481 18.398126 0.625608 0.164206 421.565 0 0
1500.0 11.398656 27.697068 17.766726 -0.765056 0.462237 421.581 0 0
1500.0 61.955431 -26.333416 18.072654 0.068833 -0.425412 421.626 0 0
1500.0 90.881196 0.980316 17.980524 0.544491 0.027294 421.632 0 0
1500.0 127.772289 -30.472225 17.854733 1.087150 -0.555603 421.624 0 0
1500.0 67.097426 -5.871903 17.839069 0.110106 -0.158820 421.714 0 0
1500.0 26.314869 9.693647 17.765682 -0.548966 0.198346 421.727 0 0
1500.0 76.880650 2.859185 18.442389 0.398184 0.025069 421.770 0 0
1500.0 100.845482 -6.534573 18.096037 0.703494 -0.170392 421.737 0 0
1500.0 108.770667 -23.219999 18.340537 0.977467 -0.455985 421.787 0 0
1500.0 2.488054 5.574641 17.744960 -0.860357 0.158957 421.874 0 0
1500.0 193.382282 -19.375455 17.820567 2.184208 -0.313254 421.862 0 0
1500.0 127.334819 -50.973882 17.825121 1.155964 -0.818974 421.842 0 0
1500.0 62.653496 43.285718 18.272830 0.145902 0.815778 421.986 0 0
1500.0 45.602294 -11.955027 18.150179 -0.219299 -0.289526 421.899 0 0
1500.0 41.911538 -51.114707 17.960491 -0.241118 -0.834792 422.070 0 0
1500.0 59.007881 -49.281405 18.006175 0.061653 -0.811330 422.122 0 0
1500.0 78.231516 63.546201 17.984439 0.368274 1.080060 422.051 0 0
1500.0 66.666296 66.607726 17.885892 0.162989 1.032915 422.243 0 0
1500.0 95.448633 -5.651586 18.266367 0.628866 -0.109932 422.377 0 0
1500.0 119.726622 -8.079420 17.801168 0.986243 -0.052408 422.412 0 0
1500.0 13.510185 43.604512 17.764493 -0.723418 0.692862 422.477 0 0
1500.0 76.732421 53.785134 17.907356 0.326573 0.870521 422.506 0 0
1500.0 98.041985 49.364820 17.808427 0.640508 0.738191 422.585 0 0
1500.0 101.678596 39.517615 17.785283 0.704359 0.647952 422.611 0 0
1500.0 6.344298 16.149065 18.033671 -0.932553 0.206665 422.664 0 0
1500.0 97.829818 60.623939 17.792410 0.595457 0.900429 422.953 0 0
1500.0 124.598266 8.434897 17.749201 0.973939 0.190287 422.981 0 0
1500.0 32.229615 -10.371859 17.771229 -0.421869 -0.235367 422.902 0 0
1500.0 110.188259 2.356779 18.059494 0.906031 -0.034896 422.958 0 0
1500.0 33.415509 -38.762700 18.167948 -0.382908 -0.710289 422.797 0 0
1500.0 125.035234 -4.874782 17.802212 1.041729 -0.110782 423.034 0 0
1500.0 97.084412 14.094386 17.948933 0.633594 0.315155 423.017 0 0
1500.0 89.143103 -11.862140 18.504346 0.580866 -0.242917 423.176 0 0
1500.0 109.078887 14.796602 17.897375 0.853483 0.329218 423.182 0 0
1500.0 90.349705 -32.558776 18.370920 0.569165 -0.550317 423.276 0 0
1500.0 86.577661 -18.525060 18.207457 0.522990 -0.340903 423.348 0 0
1500.0 89.496213 -10.768480 18.029342 0.579018 -0.134842 423.461 0 0
1500.0 103.380699 -24.155675 17.779393 0.752743 -0.327597 423.419 0 0
1500.0 25.384693 33.747403 17.789359 -0.512648 0.586980 423.291 0 0
1500.0 71.079585 -0.800081 17.943958 0.211836 0.063991 423.409 0 0
1500.0 91.172850 19.193472 18.150048 0.619767 0.430308 423.351 0 0
1500.0 109.410560 -2.754087 17.778789 0.842838 -0.003009 423.525 0 0
1500.0 -8.079308 11.880665 17.766730 -1.025402 0.216539 423.747 0 0
1500.0 114.219742 20.912387 17.896382 0.916127 0.342920 423.790 0 0
1500.0 103.390466 -8.353151 17.918715 0.685676 -0.174358 424.034 0 0
1500.0 34.260223 64.061749 17.859647 -0.396936 0.970203 423.934 0 0
1500.0 34.530510 -42.331096 17.935169 -0.383416 -0.689300 424.057 0 0
1500.0 112.839090 -20.115251 17.776586 0.888091 -0.263912 424.021 0 0
1500.0 115.028971 1.420538 17.776664 0.921316 0.059775 423.998 0 0
1500.0 22.784803 44.157094 17.785630 -0.546180 0.737133 424.012 0 0
1500.0 45.255256 10.184395 18.281786 -0.257528 0.171160 424.042 0 0
1500.0 75.545168 41.427152 17.933837 0.275806 0.700559 424.490 0 0
1500.0 106.679730 70.929318 17.820743 0.815147 1.077041 424.525 0 0
1500.0 152.918728 51.141019 17.882893 1.512448 0.903353 424.486 0 0
1500.0 111.939417 24.925123 18.210214 0.928022 0.482758 424.509 0 0
1500.0 57.619153 -96.404234 17.784422 -0.032987 -1.453264 424.615 0 0
1500.0 63.955791 -17.608827 17.862933 0.025191 -0.290719 424.564 0 0
1500.0 60.712193 -37.928519 18.296057 0.006443 -0.630784 424.644 0 0
1500.0 58.554922 -22.347620 18.414919 0.079615 -0.406266 424.720 0 0
1500.0 92.217639 -47.576979 17.811010 0.575851 -0.755993 424.742 0 0
1500.0 64.942922 49.223354 17.931934 0.115203 0.814644 424.785 0 0
1500.0 31.025809 -39.189155 17.890046 -0.470436 -0.596908 424.765 0 0
1500.0 125.850954 7.335056 17.830719 1.099709 0.047109 424.759 0 0
1500.0 114.620546 33.141042 17.808874 0.871841 0.525736 424.868 0 0
1500.0 88.126458 -59.550702 17.822649 0.415061 -0.942851 424.823 0 0
1500.0 104.877976 26.099044 18.139855 0.801187 0.424461 424.826 0 0
1500.0 77.628767 -10.146019 17.955020 0.333433 -0.191201 424.975 0 0
1500.0 68.089130 -1.789506 17.935174 0.191748 -0.081862 425.058 0 0
1500.0 65.123615 63.947795 17.783969 0.089023 1.018734 425.054 0 0
1500.0 27.236356 22.055726 18.030211 -0.505088 0.307456 425.044 0 0
1500.0 36.947544 28.299079 17.999705 -0.324538 0.424438 425.271 0 0
1500.0 121.378570 -20.002385 17.847040 0.995528 -0.328123 425.121 0 0
1500.0 114.600614 -35.494801 17.835473 0.903001 -0.532384 425.188 0 0
1500.0 109.803713 -44.806090 17.775400 0.827053 -0.623375 425.261 0 0
1500.0 96.861003 44.503111 17.862179 0.570197 0.766945 425.171 0 0
1500.0 59.880782 -9.127206 18.093749 0.112224 -0.154578 425.328 0 0
1500.0 89.203710 -16.267262 18.249406 0.542917 -0.247577 425.551 0 0
1500.0 29.368737 -59.081158 17.909461 -0.450469 -0.923774 425.538 0 0
1500.0 43.163099 16.512320 18.102567 -0.216092 0.319415 425.635 0 0
1500.0 50.056055 36.417886 17.923394 -0.087252 0.627714 425.619 0 0
1500.0 84.718503 -7.199547 18.915770 0.534741 -0.138725 425.743 0 0
1500.0 100.951592 -23.053881 17.827067 0.664678 -0.361412 425.736 0 0
1500.0 82.004738 -21.607334 18.327414 0.379289 -0.377922 425.777 0 0
1500.0 11.722077 -12.134196 17.979198 -0.743406 -0.159196 425.800 0 0
1500.0 81.803892 27.786188 17.937887 0.343851 0.490051 425.827 0 0
1500.0 58.422474 63.020372 17.798149 0.054196 0.952444 425.929 0 0
1500.0 66.320010 68.118363 17.777449 0.183536 1.031772 425.981 0 0
1500.0 106.483633 31.809915 18.051971 0.808258 0.514076 426.025 0 0
1500.0 110.719339 -11.262419 18.116554 0.878085 -0.215147 425.987 0 0
1500.0 84.788971 2.841032 17.794125 0.487664 0.047901 425.946 0 0
1500.0 106.422567 49.294084 18.085836 0.844022 0.874714 425.926 0 0
1500.0 73.627719 23.893849 17.824949 0.246419 0.394764 426.150 0 0
1500.0 81.801248 -10.669335 18.421528 0.435640 -0.244549 426.149 0 0
1500.0 81.618024 16.304947 17.905625 0.363091 0.282993 426.565 0 0
1500.0 82.017659 -10.213797 17.841226 0.394175 -0.179110 426.659 0 0
1500.0 53.922659 -68.290176 17.755210 -0.010400 -1.046339 426.500 0 0
1500.0 27.186756 -80.407872 17.812764 -0.530302 -1.225210 426.313 0 0
1500.0 63.608176 51.053186 18.007524 0.139294 0.832653 426.473 0 0
1500.0 2.853242 -45.126137 17.811793 -0.854823 -0.764810 426.252 0 0
1500.0 88.785454 6.191667 18.127470 0.602907 0.047339 426.386 0 0
1500.0 96.258602 -9.591568 18.414601 0.767055 -0.132082 426.853 0 0
1500.0 32.621879 30.668667 17.798737 -0.411395 0.468921 426.973 0 0
1500.0 53.671967 19.464494 18.245630 -0.112910 0.365294 426.960 0 0
1500.0 2.660093 34.984721 17.794242 -0.809141 0.571240 427.269 0 0
1500.0 104.220511 3.197141 18.185637 0.811320 0.045144 427.227 0 0
1500.0 73.090770 42.490087 18.262367 0.257538 0.766004 427.217 0 0
1500.0 72.296093 12.055308 17.970631 0.257468 0.135475 427.350 0 0
1500.0 95.229142 -31.556185 17.891399 0.646097 -0.452559 427.353 0 0
1500.0 51.248018 52.980610 17.779687 -0.151929 0.791992 427.621 0 0
1500.0 118.314090 16.112845 17.788277 0.921829 0.266533 427.525 0 0
1500.0 72.879296 8.487169 18.081740 0.300004 0.195077 427.515 0 0
1500.0 46.179184 -31.949650 17.891621 -0.144571 -0.586333 427.486 0 0
1500.0 0.109146 -32.073381 17.799693 -0.879470 -0.541642 427.629 0 0
1500.0 67.711755 12.966239 17.966938 0.199326 0.268801 427.654 0 0
1500.0 88.272191 11.790698 18.287246 0.605211 0.156186 427.642 0 0
1500.0 112.321096 -34.933997 18.013590 0.943307 -0.531715 427.775 0 0
1500.0 70.679239 8.515381 18.416841 0.295323 0.156377 427.819 0 0
1500.0 65.066913 18.727352 17.888480 0.051093 0.324899 427.883 0 0
1500.0 64.712732 19.558146 17.888318 0.045638 0.337597 427.898 0 0
1500.0 39.973207 -51.895676 17.871176 -0.307477 -0.837011 427.926 0 0
1500.0 -0.159572 -33.474423 17.848361 -0.913755 -0.507990 428.036 0 0
1500.0 64.930559 32.609026 17.859319 0.149368 0.565499 428.021 0 0
1500.0 -65.617115 36.209762 17.878437 -2.051500 0.587814 427.965 0 0
1500.0 46.846902 -92.353205 17.962692 -0.123295 -1.542874 427.992 0 0
1500.0 116.729251 -31.812572 17.885393 0.941604 -0.455513 428.079 0 0
1500.0 93.430628 -3.598742 17.927539 0.614413 -0.007451 428.112 0 0
1500.0 72.244746 13.335108 18.363054 0.249654 0.248934 428.350 0 0
1500.0 92.644559 43.761534 17.796356 0.549589 0.654439 428.257 0 0
1500.0 40.364397 -30.132472 17.884869 -0.326947 -0.424013 428.226 0 0
1500.0 62.172757 -0.105054 17.971533 0.106898 0.059364 428.404 0 0
1500.0 63.300825 -8.461697 17.844953 0.091312 -0.183819 428.421 0 0
1500.0 36.911673 20.118442 17.908560 -0.327022 0.382005 428.410 0 0
1500.0 99.642656 34.264608 17.850148 0.704523 0.535476 428.807 0 0
1500.0 81.196237 -15.356741 18.502747 0.455393 -0.234348 428.975 0 0
1500.0 97.191631 -15.279780 18.675148 0.742013 -0.260688 428.853 0 0
1500.0 117.107948 -22.757856 17.857731 0.945403 -0.294529 428.921 0 0
1500.0 78.319674 -0.061985 17.923409 0.401214 -0.012561 428.968 0 0
1500.0 81.426929 -34.837617 18.445974 0.452758 -0.581028 429.044 0 0
1500.0 99.587617 52.736121 17.917471 0.632565 0.832226 429.061 0 0
1500.0 96.723354 56.955337 17.782916 0.537312 0.900098 429.025 0 0
1500.0 38.080413 -63.551388 17.793597 -0.279050 -1.005574 429.051 0 0
1500.0 108.356206 17.448804 17.871501 0.840313 0.263980 429.073 0 0
1500.0 114.133241 -24.610200 18.606649 1.120285 -0.543747 429.103 0 0
1500.0 73.278354 3.233161 18.431495 0.313284 -0.014199 429.137 0 0
1500.0 71.351393 65.673269 17.918391 0.224126 1.016525 429.236 0 0
1500.0 49.137598 -32.014643 18.199289 -0.152831 -0.503705 429.238 0 0
1500.0 78.219589 -7.428700 18.174561 0.426860 -0.095059 429.264 0 0
1500.0 133.169935 -23.117187 18.017321 1.295470 -0.325800 429.249 0 0
1500.0 126.755373 0.602688 18.022793 1.253716 0.058279 429.239 0 0
1500.0 119.246885 -19.909195 17.969315 0.968355 -0.345098 429.371 0 0
1500.0 108.127753 -16.275373 18.171308 0.832288 -0.304298 429.366 0 0
1500.0 68.989029 9.096135 18.014299 0.166950 0.210355 429.306 0 0
1500.0 85.713634 -60.587976 17.800651 0.442368 -0.936482 429.687 0 0
1500.0 63.205455 -31.070855 17.805961 0.007308 -0.507814 429.724 0 0
1500.0 125.284113 24.609785 18.050032 1.193342 0.371957 429.812 0 0
1500.0 75.935401 -27.671961 18.153569 0.362045 -0.474391 429.853 0 0
1500.0 106.869879 -31.803961 17.947146 0.768217 -0.543341 430.008 0 0
1500.0 62.302048 20.448842 17.940679 0.144430 0.357271 429.874 0 0
1500.0 57.272776 -17.326484 18.046906 -0.003475 -0.336561 430.157 0 0
1500.0 133.007720 19.710085 17.944660 1.239249 0.264742 430.276 0 0
1500.0 24.263316 32.975802 18.004490 -0.508046 0.565931 430.375 0 0
1500.0 55.841589 46.706617 17.880226 0.008045 0.775163 430.409 0 0
1500.0 72.951328 -49.051417 17.795353 0.244279 -0.814434 430.452 0 0
1500.0 164.306817 -97.899622 17.846368 1.688385 -1.525438 430.506 0 0
1500.0 79.944833 2.573289 18.061394 0.392466 0.060573 430.535 0 0
1500.0 78.063507 45.729825 18.131926 0.334287 0.830492 430.541 0 0
1500.0 135.317555 -0.095822 18.645365 1.463994 -0.021124 430.757 0 0
1500.0 56.169561 6.311217 17.855675 -0.032240 0.157398 430.675 0 0
1500.0 23.424559 46.377002 17.777034 -0.491859 0.765896 430.718 0 0
1500.0 113.270754 -13.119156 17.794212 0.850813 -0.270216 430.688 0 0
1500.0 86.999437 19.963450 18.073002 0.545226 0.284064 430.686 0 0
1500.0 99.772464 -10.946896 17.919268 0.709021 -0.123243 430.783 0 0
1500.0 43.657714 19.071492 17.936355 -0.253347 0.350208 430.585 0 0
1500.0 85.831725 12.729522 17.896206 0.524246 0.187668 430.661 0 0
1500.0 67.512564 -65.330855 17.879818 0.178481 -1.142895 430.820 0 0
1500.0 88.818435 -37.522910 18.634314 0.633189 -0.691920 430.578 0 0
1500.0 180.862810 -10.289271 18.135456 2.139090 -0.141137 431.055 0 0
1500.0 117.445773 -17.616393 17.944010 0.955419 -0.300904 431.205 0 0
1500.0 68.731399 -9.274810 18.320922 0.255042 -0.208966 431.119 0 0
1500.0 109.205541 14.397603 17.835335 0.847022 0.196678 430.915 0 0
1500.0 15.817007 -37.309180 17.795556 -0.704856 -0.589897 431.250 0 0
1500.0 76.506310 5.360357 18.110695 0.388817 0.110727 431.265 0 0
1500.0 90.780724 -7.539728 18.163427 0.650596 -0.098951 431.231 0 0
1500.0 20.161224 5.810045 18.337186 -0.788952 0.055306 431.291 0 0
1500.0 53.898305 -26.704595 18.077395 -0.007206 -0.477492 431.367 0 0
1500.0 123.042005 -5.242126 17.867266 0.995322 -0.033373 431.503 0 0
1500.0 109.867214 28.860925 17.804274 0.801824 0.433962 431.582 0 0
1500.0 42.796897 -50.416142 18.035487 -0.219264 -0.822945 431.561 0 0
1500.0 106.197977 21.985725 17.935294 0.758573 0.400953 431.591 0 0
1500.0 85.274613 18.600817 17.893040 0.450470 0.281125 432.015 0 0
1500.0 63.955174 23.953187 17.956138 0.112179 0.396395 432.565 0 0
1500.0 91.497395 31.006023 17.993692 0.544787 0.466197 432.507 0 0
1500.0 109.267148 13.319261 17.805656 0.790718 0.191363 432.011 0 0
1500.0 121.618037 -0.664408 17.823956 0.976075 0.018658 431.785 0 0
1500.0 124.201177 -0.714190 17.884892 1.042143 0.023331 431.955 0 0
1500.0 -6.508536 20.153687 17.842376 -0.990247 0.334167 432.614 0 0
1500.0 116.201642 16.663896 17.832922 0.942437 0.228398 431.616 0 0
1500.0 21.932886 -49.977853 17.794184 -0.608049 -0.773979 431.788 0 0
1500.0 55.329748 60.135098 17.932928 -0.002738 0.961328 432.328 0 0
1500.0 98.939726 -33.250147 18.067790 0.662308 -0.565614 432.657 0 0
1500.0 82.577691 -15.823658 18.150456 0.485222 -0.262526 431.845 0 0
1500.0 107.820391 6.694978 17.813697 0.823209 0.067439 432.068 0 0
1500.0 37.604492 43.985023 17.914011 -0.306268 0.737716 432.518 0 0
1500.0 -10.234943 -61.834202 17.800417 -1.115031 -0.967994 432.153 0 0
1500.0 85.071209 -23.797662 17.888530 0.425100 -0.440605 432.659 0 0
1500.0 83.833307 6.635269 18.462632 0.549821 0.064947 431.850 0 0
1500.0 60.027389 20.358943 17.822847 0.014770 0.391179 432.152 0 0
1500.0 76.442276 16.133531 18.671034 0.366126 0.338909 431.899 0 0
1500.0 59.826605 -31.474563 18.590247 0.044552 -0.579402 431.680 0 0
1500.0 44.275938 -15.059152 18.143207 -0.296525 -0.284696 432.390 0 0
1500.0 108.682953 4.518741 18.216356 0.869745 0.090130 432.796 0 0
1500.0 46.109973 -3.730794 18.340795 -0.181984 -0.035113 432.786 0 0
1500.0 39.393510 -25.888053 17.840521 -0.252941 -0.468794 432.775 0 0
1500.0 31.712797 -15.425185 18.118417 -0.416738 -0.341623 432.702 0 0
1500.0 50.120559 57.494638 17.928664 -0.192277 0.902904 433.141 0 0
1500.0 75.020324 -53.561362 18.409226 0.348595 -0.944129 432.929 0 0
1500.0 81.627917 -30.175222 18.191003 0.406134 -0.468842 433.131 0 0
1500.0 66.719507 -4.192974 17.842425 0.159533 -0.114644 433.135 0 0
1500.0 69.502795 -28.352806 17.832436 0.172265 -0.461271 433.084 0 0
1500.0 10.115694 14.189031 17.817194 -0.743003 0.202321 433.059 0 0
1500.0 68.342830 -10.179030 18.484472 0.258552 -0.223453 433.265 0 0
1500.0 90.470652 -33.623163 18.068802 0.500895 -0.576246 432.987 0 0
1500.0 113.996055 -14.820336 17.909032 0.890153 -0.282053 433.319 0 0
1500.0 66.250073 -5.330168 18.080878 0.136451 -0.151081 433.295 0 0
1500.0 92.432786 9.761188 18.661213 0.675016 0.220105 433.203 0 0
1500.0 44.727469 14.960624 18.012765 -0.234282 0.303986 433.113 0 0
1500.0 53.538187 32.024271 17.984542 -0.144621 0.538016 433.278 0 0
1500.0 96.208860 -30.761019 18.070923 0.735369 -0.536175 433.114 0 0
1500.0 63.895697 22.290555 18.514282 0.078233 0.413623 433.301 0 0
1500.0 82.817806 -12.339639 18.196621 0.420340 -0.223998 433.489 0 0
1500.0 80.016743 54.016182 17.867138 0.351080 0.824817 433.410 0 0
1500.0 93.165521 41.800085 17.809734 0.516214 0.707235 433.604 0 0
1500.0 156.459367 -97.908263 17.807772 1.500416 -1.567928 433.471 0 0
1500.0 60.575579 37.309348 18.088723 0.103197 0.689838 433.609 0 0
1500.0 107.227910 -16.862071 18.102931 0.839829 -0.229925 433.752 0 0
1500.0 93.545321 -52.993134 17.793431 0.592358 -0.818427 433.758 0 0
1500.0 84.174099 -29.706564 18.054270 0.377314 -0.507757 433.693 0 0
1500.0 87.901941 -16.168595 17.850896 0.480130 -0.196829 433.893 0 0
1500.0 96.567892 12.728620 18.933046 0.777912 0.210157 433.857 0 0
1500.0 65.732369 -26.225052 18.077933 0.127602 -0.459012 433.883 0 0
1500.0 74.584147 0.630555 18.435804 0.340389 0.083065 433.823 0 0
1500.0 6.756031 -14.305091 17.850471 -0.827680 -0.158668 433.874 0 0
1500.0 87.617580 12.666710 18.864356 0.582466 0.167724 433.942 0 0
1500.0 67.076806 -20.514668 17.984115 0.185316 -0.319146 434.011 0 0
1500.0 120.923581 20.988209 17.931384 0.978175 0.343188 434.127 0 0
1500.0 113.902303 38.333685 17.877512 0.829621 0.623271 434.143 0 0
1500.0 82.187413 21.064748 17.878113 0.454107 0.341307 434.202 0 0
1500.0 39.353509 53.062694 18.079257 -0.336545 0.860903 434.134 0 0
1500.0 80.271697 41.239924 18.714519 0.509932 0.840205 434.023 0 0
1500.0 103.233117 -15.537223 18.367240 0.776749 -0.288434 434.218 0 0
1500.0 116.576169 7.695082 18.025248 0.958054 0.146725 434.237 0 0
1500.0 98.337499 2.832661 18.050170 0.709719 0.014033 434.242 0 0
1500.0 69.016200 -0.383838 17.858786 0.216913 0.021862 434.357 0 0
1500.0 85.066925 50.527018 17.811654 0.372791 0.784299 434.448 0 0
1500.0 105.281406 8.588863 18.433155 0.843085 0.165859 434.561 0 0
1500.0 113.827165 29.940494 17.812350 0.880045 0.499033 434.409 0 0
1500.0 88.806264 24.580924 18.066649 0.573754 0.378266 434.556 0 0
1500.0 91.449151 -24.072341 17.811272 0.567490 -0.316956 434.362 0 0
1500.0 83.971729 -11.878914 18.156016 0.469012 -0.256374 434.405 0 0
1500.0 67.558523 24.796338 18.000128 0.142484 0.469314 434.386 0 0
1500.0 37.250641 -29.336589 18.086258 -0.408566 -0.479011 434.311 0 0
1500.0 8.636476 39.604281 17.805825 -0.752122 0.663768 434.621 0 0
1500.0 106.446184 14.277563 18.010642 0.779571 0.285514 434.583 0 0
1500.0 88.331959 -44.835321 17.902339 0.432271 -0.744194 434.593 0 0
1500.0 43.876113 -30.804145 18.134815 -0.193075 -0.540822 434.598 0 0
1500.0 87.732172 50.444864 18.009433 0.431807 0.839205 434.691 0 0
1500.0 55.480329 -66.424237 17.892213 -0.011004 -1.042757 434.714 0 0
1500.0 171.919830 115.914292 17.783695 1.720036 1.745417 434.670 0 0
1500.0 95.861493 -41.050176 17.901751 0.545418 -0.686058 434.680 0 0
1500.0 85.550236 -6.019824 18.884466 0.599238 -0.050716 434.768 0 0
1500.0 68.656120 -38.033942 17.873366 0.098920 -0.619134 434.733 0 0
1500.0 121.757475 10.688847 17.921587 0.981072 0.192409 434.878 0 0
1500.0 122.504129 -19.831156 17.909822 0.988871 -0.346899 435.228 0 0
1500.0 81.748134 35.293308 17.832914 0.361527 0.537842 435.326 0 0
1500.0 48.685774 -4.463354 17.905522 -0.138701 -0.127588 435.013 0 0
1500.0 112.727163 26.964140 17.848668 0.846931 0.363154 435.081 0 0
1500.0 119.119491 -3.925215 17.846959 0.939682 -0.074764 434.918 0 0
1500.0 59.816994 60.807198 17.805217 0.003201 0.932907 435.140 0 0
1500.0 93.480823 -32.803247 18.098944 0.630396 -0.533778 435.202 0 0
1500.0 105.168395 -14.445550 18.061356 0.814145 -0.211075 435.165 0 0
1500.0 53.130798 53.971351 17.807530 -0.066566 0.895410 435.166 0 0
1500.0 4.966954 15.345662 17.809153 -0.801131 0.309519 434.944 0 0
1500.0 69.659891 33.023955 18.028426 0.237021 0.573290 434.982 0 0
1500.0 91.849431 40.082108 17.975058 0.615480 0.617209 434.852 0 0
1500.0 47.373681 33.060146 18.010172 -0.160404 0.580464 435.230 0 0
1500.0 55.942670 42.571581 17.835367 -0.098740 0.695358 435.062 0 0
1500.0 115.622837 8.565400 18.101465 1.056729 0.092802 434.980 0 0
1500.0 54.942079 -44.455064 18.440137 -0.075297 -0.810947 434.877 0 0
1500.0 113.423470 -1.789046 17.998294 0.897233 0.034752 435.400 0 0
1500.0 112.069954 -23.801184 18.147265 0.905412 -0.374306 435.457 0 0
1500.0 51.807599 37.719552 17.879380 -0.127463 0.574772 435.357 0 0
1500.0 91.896350 -39.917866 17.816705 0.493570 -0.629021 435.428 0 0
1500.0 94.010176 -45.192026 17.852109 0.579188 -0.656570 435.385 0 0
1500.0 110.349827 -26.477610 17.800964 0.844869 -0.348049 435.493 0 0
1500.0 71.071631 39.783127 17.841836 0.276347 0.636066 435.453 0 0
1500.0 56.183111 10.558547 18.029363 0.013731 0.239156 435.447 0 0
1500.0 198.182464 -38.171825 17.934417 2.321795 -0.595629 435.361 0 0
1500.0 38.118587 28.940259 17.931512 -0.356814 0.409703 435.574 0 0
1500.0 85.921497 -36.743265 17.839918 0.504428 -0.544610 435.619 0 0
1500.0 96.953276 22.548683 18.808284 0.723185 0.410833 435.742 0 0
1500.0 63.461703 26.388926 17.945546 0.119225 0.418732 435.714 0 0
1500.0 156.589505 22.727898 17.831979 1.540394 0.314264 435.760 0 0
1500.0 57.804765 14.782439 17.860602 0.043691 0.294793 435.689 0 0
1500.0 123.471320 15.979189 17.815420 1.000405 0.284991 435.954 0 0
1500.0 119.805475 -19.885933 17.927247 0.996071 -0.280267 435.930 0 0
1500.0 106.201921 17.438764 18.020025 0.784981 0.330882 435.838 0 0
1500.0 98.503615 22.519127 17.859283 0.685626 0.392489 435.979 0 0
1500.0 19.905443 86.179020 18.133449 -0.646519 1.477995 435.812 0 0
1500.0 49.512276 -31.023468 18.165203 -0.186209 -0.538085 435.814 0 0
1500.0 33.892713 12.519961 18.052768 -0.440960 0.275821 435.973 0 0
1500.0 82.300060 62.846487 17.807349 0.339013 0.988926 436.074 0 0
1500.0 101.872447 -44.906281 17.948426 0.701767 -0.730105 436.103 0 0
1500.0 60.301709 0.067552 18.586448 0.071459 -0.039715 436.229 0 0
1500.0 107.520366 36.094701 17.862262 0.820087 0.556305 436.186 0 0
1500.0 87.561048 46.590040 18.017356 0.501099 0.766180 436.208 0 0
1500.0 64.470270 61.282159 17.794313 0.133630 0.985251 436.180 0 0
1500.0 52.377795 -46.481382 18.110936 -0.079096 -0.770796 436.206 0 0
1500.0 72.300085 56.730293 17.826481 0.151274 0.900332 436.026 0 0
1500.0 -6.567989 -33.131629 17.856790 -1.004983 -0.588752 436.161 0 0
1500.0 55.487789 38.543940 17.847797 -0.004115 0.666172 436.196 0 0
1500.0 95.629954 33.152812 17.957748 0.559519 0.529407 436.473 0 0
1500.0 117.127254 -16.505735 18.055391 0.975914 -0.237678 436.377 0 0
1500.0 40.539672 16.569095 18.003676 -0.275432 0.264579 436.382 0 0
1500.0 22.885340 -51.196909 17.858437 -0.590326 -0.799263 436.595 0 0
1500.0 15.514799 -45.441543 17.824232 -0.707868 -0.648821 436.376 0 0
1500.0 12.674693 -42.674382 17.824008 -0.750344 -0.606626 436.416 0 0
1500.0 71.022697 21.495869 18.069731 0.287350 0.383025 436.401 0 0
1500.0 41.390789 30.788411 18.000711 -0.231763 0.550666 436.436 0 0
1500.0 119.538890 37.443769 17.864764 1.020295 0.544953 436.624 0 0
1500.0 65.421479 40.587410 17.846025 0.149312 0.696238 436.341 0 0
1500.0 85.485415 40.644098 17.967037 0.515937 0.646894 436.509 0 0
1500.0 84.294390 -59.851813 18.108291 0.470749 -1.048210 436.470 0 0
1500.0 60.845148 -30.509517 18.180839 0.048231 -0.606260 436.315 0 0
1500.0 42.274061 -14.744476 18.293884 -0.340966 -0.266208 436.513 0 0
1500.0 55.683545 4.293672 17.869079 -0.023746 0.126485 436.706 0 0
1500.0 119.289752 -5.297400 17.874334 0.940893 -0.103979 436.742 0 0
1500.0 94.809688 -33.956117 18.274871 0.737274 -0.601399 436.735 0 0
1500.0 122.154972 -5.070712 17.860701 1.030189 -0.059805 436.777 0 0
1500.0 110.561379 15.940959 17.860172 0.862712 0.284216 436.900 0 0
1500.0 -0.861798 51.514938 17.931061 -0.935569 0.884742 436.891 0 0
1500.0 154.272372 20.117545 17.895666 1.597853 0.269078 436.874 0 0
1500.0 107.040165 -9.149425 17.949439 0.846124 -0.209429 436.952 0 0
1500.0 85.865558 16.207278 17.964595 0.454840 0.263219 437.101 0 0
1500.0 74.044815 -28.336697 18.419317 0.293134 -0.495964 437.169 0 0
1500.0 110.754508 27.662823 18.005425 0.831059 0.487542 437.660 0 0
1500.0 67.564383 6.362898 17.977512 0.165103 0.153000 437.760 0 0
1500.0 89.893287 -32.379778 17.974682 0.481262 -0.514835 437.198 0 0
1500.0 88.897218 -46.012456 17.912477 0.458817 -0.714864 437.525 0 0
1500.0 18.566407 42.004448 17.901418 -0.663611 0.624718 437.606 0 0
1500.0 68.236352 -1.081184 18.571062 0.247955 -0.092787 437.240 0 0
1500.0 -63.102270 -133.775742 17.824494 -1.919374 -2.048016 437.718 0 0
1500.0 116.768260 -20.899754 18.397068 1.128365 -0.438589 437.320 0 0
1500.0 56.021738 -50.911194 17.916838 -0.002950 -0.779914 437.869 0 0
1500.0 80.786484 -51.508694 18.102371 0.396295 -0.843066 437.805 0 0
1500.0 83.896649 9.676065 18.955710 0.505238 0.184153 438.220 0 0
1500.0 64.087384 -12.197021 18.064383 0.107770 -0.234478 437.971 0 0
1500.0 56.544525 -27.786614 18.105459 0.029637 -0.445053 438.609 0 0
1500.0 83.973259 -23.453479 17.941687 0.438448 -0.361193 438.300 0 0
1500.0 108.445861 -32.808568 17.944220 0.832247 -0.535667 437.833 0 0
1500.0 119.009490 -14.291079 17.942628 0.985268 -0.256785 438.192 0 0
1500.0 77.915080 -18.729614 18.477452 0.448517 -0.319077 438.645 0 0
1500.0 69.583056 44.605845 17.904064 0.226081 0.749403 438.083 0 0
1500.0 107.730126 7.681311 17.971078 0.819689 0.186645 437.814 0 0
1500.0 88.588754 -10.069781 17.974894 0.546880 -0.103404 437.839 0 0
1500.0 74.055916 31.732754 17.866732 0.286456 0.553075 438.439 0 0
1500.0 22.806408 -8.463312 18.096806 -0.560787 -0.181185 438.657 0 0
1500.0 24.013457 -48.015575 17.879096 -0.555297 -0.815951 437.978 0 0
1500.0 90.852278 22.910895 17.914979 0.584015 0.388235 438.622 0 0
1500.0 116.208693 -31.584342 17.957767 0.964447 -0.550012 438.270 0 0
1500.0 85.052078 49.181577 17.862699 0.473647 0.815042 438.613 0 0
1500.0 54.863330 -8.519750 17.953876 -0.078453 -0.197341 438.645 0 0
1500.0 157.237721 -24.277880 17.944527 1.648608 -0.345455 438.153 0 0
1500.0 48.600646 44.771162 18.060237 -0.207288 0.732248 438.097 0 0
1500.0 121.419556 44.235065 18.282753 1.207898 0.898156 437.955 0 0
1500.0 85.661463 13.355693 18.177853 0.481209 0.159933 438.808 0 0
1500.0 46.946253 -12.266029 18.278894 -0.138858 -0.216593 438.985 0 0
1500.0 62.684079 -1.462369 18.111703 0.112902 -0.085206 438.974 0 0
1500.0 87.407744 13.158935 17.847536 0.455934 0.233510 439.051 0 0
1500.0 85.056223 20.824478 18.661206 0.481879 0.376792 438.926 0 0
1500.0 110.607495 -3.402902 17.806060 0.844097 0.012932 439.027 0 0
1500.0 90.869677 -8.039424 17.972269 0.558104 -0.193214 439.052 0 0
1500.0 82.072905 -11.227307 17.986379 0.383827 -0.250724 438.938 0 0
1500.0 76.821406 77.331404 18.220978 0.328673 1.440463 438.891 0 0
1500.0 109.830025 -31.027927 17.870061 0.815311 -0.428470 439.410 0 0
1500.0 110.746509 32.126472 17.847806 0.825494 0.495788 439.416 0 0
1500.0 81.620006 61.854374 17.847532 0.406111 0.948682 439.246 0 0
1500.0 88.894207 -22.049208 17.856166 0.551160 -0.371444 439.242 0 0
1500.0 113.075596 10.296296 18.141538 1.025532 0.255699 439.332 0 0
1500.0 63.661901 -1.599372 18.035655 0.165081 -0.036856 439.550 0 0
1500.0 86.051433 -14.967556 17.858325 0.421198 -0.271195 439.757 0 0
1500.0 121.521780 9.104143 17.828111 0.993356 0.152609 439.511 0 0
1500.0 114.490039 35.324068 17.829669 0.864400 0.585977 439.542 0 0
1500.0 100.237667 -7.615919 18.059908 0.724137 -0.058990 439.516 0 0
1500.0 37.400580 -28.299684 18.191494 -0.303123 -0.503176 439.655 0 0
1500.0 116.573682 24.077355 17.939977 0.963674 0.425448 439.768 0 0
1500.0 98.575414 21.618894 17.852348 0.697468 0.302697 439.565 0 0
1500.0 40.603802 -17.324950 18.021453 -0.233905 -0.344300 439.533 0 0
1500.0 103.448590 -22.854814 17.954809 0.779589 -0.306154 439.798 0 0
1500.0 75.947610 -41.438730 18.019507 0.334437 -0.800540 439.703 0 0
1500.0 71.532647 -3.372775 18.143243 0.283830 -0.027173 439.943 0 0
1500.0 87.733601 -8.293311 17.859044 0.444324 -0.178161 439.805 0 0
1500.0 77.577298 62.462842 17.830468 0.319362 0.979822 439.927 0 0
1500.0 104.996245 -48.833020 17.834325 0.761534 -0.700522 439.892 0 0
1500.0 69.460137 1.263825 18.022917 0.223992 0.067341 440.422 0 0
1500.0 61.104879 -11.956830 17.924406 0.024643 -0.228643 440.131 0 0
1500.0 74.301128 2.590740 17.864374 0.256244 -0.026613 440.142 0 0
1500.0 124.304306 -5.995648 17.834410 1.011394 -0.028119 440.253 0 0
1500.0 122.008182 9.441814 17.850022 0.999012 0.206517 440.168 0 0
1500.0 65.687950 -53.526075 18.007753 0.143939 -0.883792 440.386 0 0
1500.0 96.775654 -19.548652 18.011458 0.627150 -0.374287 440.292 0 0
1500.0 49.282415 -36.359677 18.033229 -0.092266 -0.636920 440.359 0 0
1500.0 136.034943 -49.396083 17.890784 1.302762 -0.773811 440.321 0 0
1500.0 72.741724 39.925261 18.067754 0.241174 0.622576 440.562 0 0
1500.0 91.101748 28.234682 17.813687 0.501323 0.458122 440.541 0 0
1500.0 119.870892 -11.705752 17.944309 0.965311 -0.211077 440.471 0 0
1500.0 99.020156 -7.014264 18.496953 0.713446 -0.176796 440.486 0 0
1500.0 -26.023452 -47.270838 17.995803 -1.396308 -0.857070 440.473 0 0
1500.0 43.661272 -54.531741 17.869956 -0.254424 -0.825082 440.998 0 0
1500.0 83.099826 -23.183899 18.332690 0.437372 -0.372207 441.108 0 0
1500.0 66.310434 2.468235 18.347249 0.230894 0.064169 441.470 0 0
1500.0 77.894795 10.145227 18.181149 0.379507 0.141187 441.075 0 0
1500.0 78.558326 3.052130 18.056118 0.342506 -0.016705 440.930 0 0
1500.0 86.092554 -13.324547 18.084794 0.484691 -0.178391 441.085 0 0
1500.0 28.287380 46.630261 17.803694 -0.466611 0.730100 441.075 0 0
1500.0 -6.467249 -2.641737 17.896873 -0.995414 -0.050217 440.785 0 0
1500.0 106.126015 39.002509 17.836847 0.740149 0.623678 440.801 0 0
1500.0 61.007425 64.362539 17.913680 0.040864 1.002894 441.067 0 0
1500.0 43.981894 63.351563 17.920981 -0.240147 0.985521 441.547 0 0
1500.0 126.211140 -1.659475 17.848391 1.047529 0.039699 441.088 0 0
1500.0 125.989694 -8.203090 17.795266 1.045700 -0.058800 441.175 0 0
1500.0 104.849758 -40.168147 17.840426 0.775900 -0.633712 441.085 0 0
1500.0 120.737490 0.579824 17.839799 1.012706 -0.020681 441.230 0 0
1500.0 90.829240 47.327060 17.971105 0.540625 0.781992 441.086 0 0
1500.0 37.040915 -56.836820 17.835483 -0.310173 -0.933220 441.290 0 0
1500.0 10.925462 5.524137 18.045379 -0.757038 0.086642 441.472 0 0
1500.0 106.121579 36.565059 17.925811 0.809870 0.530419 441.683 0 0
1500.0 114.086679 -23.438437 17.833848 0.908705 -0.306793 441.643 0 0
1500.0 34.860082 2.303058 18.021361 -0.371930 -0.032122 440.889 0 0
1500.0 33.207197 -29.011374 18.013633 -0.394120 -0.512333 441.445 0 0
1500.0 60.402447 19.953130 17.841923 -0.035938 0.282202 441.137 0 0
1500.0 79.790522 18.830591 17.823866 0.329101 0.371500 441.488 0 0
1500.0 82.375094 37.825984 18.404797 0.536597 0.690123 441.178 0 0
1500.0 54.902138 25.011330 18.128682 -0.108246 0.482401 440.701 0 0
1500.0 56.563306 18.176604 17.851097 -0.080683 0.288773 441.881 0 0
1500.0 101.531860 -49.006015 17.838033 0.717525 -0.757727 441.869 0 0
1500.0 116.483067 26.308854 17.891044 0.934217 0.442065 442.141 0 0
1500.0 102.083586 -4.425483 18.168298 0.793116 -0.080785 441.984 0 0
1500.0 19.773001 18.935989 17.816753 -0.602416 0.370030 442.027 0 0
1500.0 90.117817 1.045516 17.927780 0.569891 0.062768 442.063 0 0
1500.0 104.443272 37.384587 17.895593 0.699540 0.653169 441.832 0 0
1500.0 73.901545 60.167868 17.843777 0.327276 0.961450 441.895 0 0
1500.0 93.590369 -30.440377 18.122790 0.654654 -0.545173 442.063 0 0
1500.0 73.539812 -40.961572 18.183452 0.214246 -0.729498 441.929 0 0
1500.0 143.009606 14.425517 18.334241 1.569790 0.256646 441.836 0 0
1500.0 76.256550 42.107826 18.152492 0.298729 0.793186 441.995 0 0
1500.0 90.688991 2.187545 18.074913 0.515944 -0.014950 442.311 0 0
1500.0 27.750205 59.046903 17.797507 -0.406285 0.923083 442.435 0 0
1500.0 114.453286 30.007701 17.922891 0.926776 0.427811 442.291 0 0
1500.0 117.819640 20.939981 17.830391 0.955182 0.361635 442.339 0 0
1500.0 56.914398 -54.193117 18.003434 -0.029916 -0.885584 442.411 0 0
1500.0 99.393991 -9.886256 18.077829 0.736056 -0.165759 442.323 0 0
1500.0 81.918180 -4.463596 18.298907 0.459637 -0.000315 442.438 0 0
1500.0 141.390619 -4.614807 17.957644 1.437231 -0.083458 442.306 0 0
1500.0 22.032623 28.344969 17.935303 -0.638096 0.551821 442.583 0 0
1500.0 80.885045 12.629700 18.365248 0.377687 0.239450 442.862 0 0
1500.0 90.420128 -1.176477 18.262623 0.553022 -0.055333 443.051 0 0
1500.0 97.123877 -8.773726 18.214242 0.654345 -0.097828 443.503 0 0
1500.0 102.691661 38.379841 17.817207 0.674811 0.600857 442.856 0 0
1500.0 116.004212 -14.757269 18.002980 0.918650 -0.234681 443.286 0 0
1500.0 122.058975 3.475688 18.065039 1.043512 0.036615 443.044 0 0
1500.0 111.081654 -30.348645 18.034328 0.889514 -0.467291 442.692 0 0
1500.0 78.914799 63.208351 17.828828 0.367028 0.981925 443.243 0 0
1500.0 99.607093 9.834399 18.282992 0.710870 0.218504 442.702 0 0
1500.0 81.571241 -53.529051 18.000923 0.341223 -0.871295 442.734 0 0
1500.0 92.206251 43.575851 17.904786 0.586368 0.709157 442.801 0 0
1500.0 118.138668 20.285225 17.813352 0.974106 0.283015 443.502 0 0
1500.0 60.889075 37.848739 18.231435 0.049642 0.633370 443.265 0 0
1500.0 89.371851 -42.631254 17.806986 0.498430 -0.725556 443.297 0 0
1500.0 72.996760 -36.828726 17.965237 0.190193 -0.617996 442.938 0 0
1500.0 69.943860 52.476628 17.818858 0.154759 0.873682 443.558 0 0
1500.0 60.193843 17.453478 18.158444 0.118975 0.331637 443.572 0 0
1500.0 34.830201 -20.968727 17.826939 -0.406587 -0.261566 443.461 0 0
1500.0 77.418269 -74.967306 18.075439 0.397180 -1.270751 442.720 0 0
1500.0 15.675454 27.319188 18.085470 -0.695935 0.522614 442.608 0 0
1500.0 67.402601 68.469237 17.909957 0.148878 1.210893 443.145 0 0
1500.0 99.903431 -36.250104 18.006852 0.784982 -0.586022 443.355 0 0
1500.0 60.984808 18.593393 18.648407 0.132550 0.418235 443.462 0 0
1500.0 55.197257 15.572720 18.267160 -0.122136 0.252700 442.822 0 0
1500.0 108.294230 18.577271 17.908898 0.788205 0.297299 443.919 0 0
1500.0 113.002835 10.106410 17.805931 0.821615 0.205448 443.725 0 0
1500.0 119.096012 8.239670 17.843039 0.949823 0.090649 443.912 0 0
1500.0 199.725436 -26.750791 17.832874 2.181742 -0.430467 443.612 0 0
1500.0 121.596293 -0.484871 17.812794 1.023726 -0.029065 443.655 0 0
1500.0 95.567993 -34.410368 18.012728 0.652654 -0.567439 443.614 0 0
1500.0 42.858045 -19.005010 17.879858 -0.187274 -0.358517 443.772 0 0
1500.0 84.353124 7.304809 18.026069 0.442453 0.188989 443.850 0 0
1500.0 43.425619 -66.401544 17.890588 -0.183131 -1.130325 443.842 0 0
1500.0 60.878906 -35.581227 18.295560 0.016544 -0.639008 443.924 0 0
1500.0 76.317923 47.472843 17.808344 0.295371 0.737611 443.985 0 0
1500.0 41.527074 49.028318 17.808749 -0.200701 0.759349 444.026 0 0
1500.0 53.369134 -23.119952 18.486393 -0.062360 -0.461073 444.020 0 0
1500.0 69.841052 34.502433 17.816539 0.200869 0.546833 444.728 0 0
1500.0 85.120956 35.711610 18.049937 0.462573 0.558770 445.183 0 0
1500.0 -25.627115 0.069990 17.833424 -1.270744 0.017990 445.013 0 0
1500.0 6.061332 22.839845 17.805719 -0.822046 0.285707 444.806 0 0
1500.0 4.429511 15.717312 17.806155 -0.842346 0.179736 445.111 0 0
1500.0 -7.717099 1.728064 17.813489 -1.046290 -0.003172 444.610 0 0
1500.0 113.825567 -29.375546 18.004128 0.909190 -0.480704 445.058 0 0
1500.0 89.660427 -52.500689 18.005875 0.554843 -0.828811 444.611 0 0
1500.0 63.056483 -13.893600 18.527899 0.152799 -0.282727 444.305 0 0
1500.0 98.288387 -8.590593 17.916765 0.651041 -0.062747 444.840 0 0
1500.0 83.588359 26.986745 18.149516 0.473560 0.473327 444.223 0 0
1500.0 95.134215 15.773264 18.158680 0.644675 0.304614 444.580 0 0
1500.0 32.908075 53.744199 17.983716 -0.353175 0.901402 444.139 0 0
1500.0 90.889376 -32.259491 18.091997 0.608465 -0.496326 445.082 0 0
1500.0 96.086504 20.797012 17.925852 0.668901 0.293494 444.257 0 0
1500.0 69.837276 -52.229348 17.839015 0.213630 -0.865969 444.984 0 0
1500.0 83.543927 23.769655 18.101615 0.437408 0.438784 444.875 0 0
1500.0 107.616354 17.179369 17.812226 0.811719 0.208349 444.776 0 0
1500.0 14.908163 -3.452368 17.969466 -0.696792 0.002437 444.960 0 0
1500.0 64.985426 -2.574426 17.848842 0.145163 0.029184 444.334 0 0
1500.0 137.660859 -10.060105 17.923111 1.366651 -0.149842 444.221 0 0
1500.0 122.632559 -46.129979 17.899262 1.114808 -0.739677 444.913 0 0
1500.0 67.425559 -10.221912 18.335391 0.242052 -0.180588 446.757 0 0
1500.0 70.604791 6.595053 18.268291 0.203557 0.155658 446.552 0 0
1500.0 76.030743 -3.259967 17.920546 0.318461 -0.007643 445.765 0 0
1500.0 61.771516 -29.261273 17.975533 0.099054 -0.470841 445.880 0 0
1500.0 81.966488 -15.480443 18.020327 0.364882 -0.284111 446.744 0 0
1500.0 87.225335 14.065846 17.917371 0.486768 0.212217 446.449 0 0
1500.0 102.456139 -34.661585 17.930359 0.714869 -0.512974 445.385 0 0
1500.0 97.226316 -39.499511 17.960928 0.591706 -0.630221 446.789 0 0
1500.0 122.813133 11.523761 17.812588 1.017102 0.147392 445.285 0 0
1500.0 -6.527684 -11.208521 17.814280 -1.014601 -0.192738 445.540 0 0
1500.0 65.745416 63.580764 17.802487 0.102616 0.998714 446.052 0 0
1500.0 7.070592 -43.954889 17.799685 -0.726425 -0.712136 446.388 0 0
1500.0 55.742513 65.551817 17.810241 -0.060543 1.044325 445.384 0 0
1500.0 118.003590 7.128000 18.108617 0.986899 0.149257 445.798 0 0
1500.0 83.611177 -0.375501 18.551805 0.486517 0.068746 445.708 0 0
1500.0 86.800075 -57.925540 17.831042 0.461587 -0.931052 446.519 0 0
1500.0 101.208182 84.827991 17.809175 0.695547 1.330606 446.045 0 0
1500.0 108.653035 26.089747 17.861064 0.830429 0.344847 445.361 0 0
1500.0 65.276706 59.488859 17.957713 0.074698 0.949844 446.227 0 0
1500.0 48.920049 54.234753 17.960783 -0.172590 0.876193 445.815 0 0
1500.0 11.969828 40.241608 17.956297 -0.725195 0.657816 446.459 0 0
1500.0 4.232421 24.013179 17.958270 -0.845249 0.416346 446.144 0 0
1500.0 -1.982890 4.639423 17.931832 -0.958398 0.099404 446.699 0 0
1500.0 73.678286 66.659911 17.885566 0.288583 1.064969 446.753 0 0
1500.0 97.842665 -15.126359 17.809420 0.683305 -0.211108 445.548 0 0
1500.0 105.520631 14.494217 18.356159 0.875206 0.231805 445.778 0 0
1500.0 6.930941 -4.905479 17.847435 -0.854793 -0.063452 446.677 0 0
1500.0 -0.926118 1.489889 17.883726 -0.980257 0.056488 445.731 0 0
1500.0 96.687915 -2.452726 17.922171 0.618406 0.038675 446.238 0 0
1500.0 22.512531 39.095792 17.829642 -0.506952 0.670795 445.787 0 0
1500.0 74.864720 45.457701 18.207955 0.276271 0.773483 446.643 0 0
1500.0 71.750042 18.636106 17.992557 0.301307 0.323923 446.707 0 0
1500.0 54.730269 20.283377 18.142930 -0.091816 0.326594 446.472 0 0
1500.0 79.384356 -59.757925 17.885072 0.419229 -0.988209 445.396 0 0
1500.0 121.186365 23.315461 18.097977 1.125265 0.339526 445.619 0 0
1500.0 43.156824 26.197684 17.947388 -0.216091 0.502212 446.247 0 0
1500.0 53.931522 25.675614 18.168835 -0.145588 0.431630 446.078 0 0
1500.0 63.261919 1.036999 18.025878 0.104129 -0.054061 447.147 0 0
1500.0 114.269427 -2.254079 17.862907 0.871982 -0.095524 446.910 0 0
1500.0 107.391856 -27.245976 17.976043 0.831785 -0.441544 446.829 0 0
1500.0 93.149087 45.437509 17.939888 0.598639 0.737506 446.934 0 0
1500.0 77.468019 -48.236321 18.026609 0.326178 -0.804870 447.163 0 0
1500.0 9.577619 -18.793046 17.913256 -0.798288 -0.283360 447.084 0 0
1500.0 108.945348 11.433315 17.909199 0.791582 0.249095 447.209 0 0
1500.0 57.141812 37.950422 17.857752 0.054038 0.629685 447.024 0 0
1500.0 92.017327 -52.292294 17.862867 0.570609 -0.826474 447.359 0 0
1500.0 113.944731 -27.393070 17.939152 0.924418 -0.393282 447.447 0 0
1500.0 88.875658 46.452153 18.251023 0.580935 0.849694 447.424 0 0
1500.0 65.347751 16.385498 18.301509 0.186991 0.284726 449.779 0 0
1500.0 89.774067 -25.719544 17.830634 0.515238 -0.384082 447.711 0 0
1500.0 12.803113 -18.737828 17.827645 -0.709708 -0.294156 447.613 0 0
1500.0 11.301540 -16.379673 17.827287 -0.731437 -0.260744 447.577 0 0
1500.0 77.598515 -37.665615 18.021006 0.352171 -0.570650 448.947 0 0
1500.0 85.024187 -11.481766 18.264365 0.427419 -0.233897 448.026 0 0
1500.0 71.102807 24.793372 18.130007 0.271976 0.383598 450.647 0 0
1500.0 89.853912 9.426720 18.164373 0.515207 0.190137 450.901 0 0
1500.0 75.143829 33.397342 18.162460 0.312315 0.523014 450.743 0 0
1500.0 74.130943 9.357139 18.029584 0.255834 0.198248 451.175 0 0
1500.0 98.807898 7.035882 18.096373 0.670704 0.091485 450.767 0 0
1500.0 17.701283 49.465100 17.805162 -0.644156 0.768466 447.851 0 0
1500.0 33.165656 10.844552 17.827686 -0.404152 0.198778 450.367 0 0
1500.0 82.053061 38.547699 17.820686 0.299878 0.605571 450.003 0 0
1500.0 -5.507051 -7.864950 17.807516 -0.960760 -0.052882 448.491 0 0
1500.0 84.299502 -13.226160 18.348707 0.488105 -0.198870 452.430 0 0
1500.0 75.405797 -56.720550 17.837317 0.281609 -0.881371 448.934 0 0
1500.0 46.675096 -26.312506 17.966160 -0.160038 -0.434792 451.253 0 0
1500.0 121.391597 -18.548847 17.802208 0.976591 -0.324573 447.882 0 0
1500.0 108.357654 42.506021 17.909667 0.778413 0.686594 448.265 0 0
1500.0 73.306141 62.021417 17.858176 0.261522 0.963123 448.973 0 0
1500.0 108.038144 -27.149144 17.996013 0.829486 -0.405035 448.240 0 0
1500.0 108.420702 3.413485 18.001204 0.814534 0.042206 449.961 0 0
1500.0 113.406038 3.632660 17.810008 0.825628 0.113368 450.052 0 0
1500.0 19.036279 -44.691971 17.816977 -0.592570 -0.695874 450.639 0 0
1500.0 104.420410 -0.558992 17.808887 0.728217 0.012113 450.573 0 0
1500.0 93.307086 -9.419608 17.957610 0.577082 -0.116713 451.941 0 0
1500.0 33.462830 61.760368 17.819078 -0.331916 0.986599 447.686 0 0
1500.0 91.415533 56.383620 17.818730 0.529765 0.902933 447.949 0 0
1500.0 81.976659 -30.718420 17.928552 0.318158 -0.495030 451.937 0 0
1500.0 30.686460 -59.152990 17.909560 -0.415173 -0.924412 449.593 0 0
1500.0 112.142477 39.889473 17.881815 0.804438 0.665368 448.209 0 0
1500.0 101.645421 51.169063 17.881733 0.642524 0.824579 448.867 0 0
1500.0 118.962052 -21.801382 18.015164 0.972369 -0.350307 449.934 0 0
1500.0 68.316764 -23.218219 17.818608 0.117677 -0.392211 452.475 0 0
1500.0 101.724380 -35.313003 17.819488 0.687132 -0.542312 451.017 0 0
1500.0 108.497787 -40.625659 17.810666 0.816226 -0.643703 448.283 0 0
1500.0 113.879553 27.897948 17.813739 0.907776 0.383502 447.453 0 0
1500.0 24.104923 -20.123159 17.857584 -0.545731 -0.272989 452.236 0 0
1500.0 14.845603 28.844026 17.849972 -0.683027 0.421436 451.532 0 0
1500.0 -4.891563 9.405191 17.840359 -0.982584 0.147464 450.206 0 0
1500.0 5.345732 30.023164 17.843308 -0.827902 0.443377 450.716 0 0
1500.0 119.972685 -11.113179 18.110210 1.021557 -0.167968 449.451 0 0
1500.0 122.833419 -11.925394 17.900473 1.035571 -0.159990 449.587 0 0
1500.0 36.008699 -1.252107 17.863726 -0.346330 -0.072165 454.238 0 0
1500.0 60.453192 -21.255848 18.543465 0.060967 -0.323917 456.038 0 0
1500.0 91.307117 -16.575884 18.799489 0.614783 -0.315929 450.281 0 0
1500.0 121.492781 15.760690 17.967605 1.011603 0.263903 450.508 0 0
1500.0 59.901615 13.253897 17.996393 0.105699 0.215645 454.194 0 0
1500.0 94.158470 24.806171 18.063158 0.608363 0.448154 447.854 0 0
1500.0 85.861816 29.499926 18.067247 0.442516 0.476851 453.741 0 0
1500.0 89.209415 51.248144 18.052176 0.522432 0.833430 449.193 0 0
1500.0 113.136599 35.845769 17.838623 0.873104 0.565630 450.612 0 0
1500.0 87.646132 7.463991 17.861989 0.477252 0.142552 453.708 0 0
1500.0 119.078856 -20.030034 17.840058 0.981525 -0.260155 449.140 0 0
1500.0 54.994599 64.768583 17.840207 0.020120 1.012595 449.103 0 0
1500.0 112.556889 -0.640579 17.849112 0.840881 0.029245 452.533 0 0
1500.0 79.277555 10.431299 18.368200 0.412641 0.177762 455.774 0 0
1500.0 85.107096 -43.682150 17.859477 0.494938 -0.663171 447.824 0 0
1500.0 99.778388 -33.081065 17.857280 0.717111 -0.498973 448.058 0 0
1500.0 121.562433 3.578233 17.848988 1.027505 0.059330 449.469 0 0
1500.0 -7.060219 -5.048869 17.846356 -1.013984 -0.150402 448.400 0 0
1500.0 85.428715 55.483128 17.977338 0.473758 0.887324 450.097 0 0
1500.0 101.974414 42.342504 17.979873 0.692355 0.664281 452.827 0 0
1500.0 62.387373 26.542916 18.000027 0.121382 0.425174 454.906 0 0
1500.0 110.566637 24.651362 17.979992 0.854957 0.430609 449.607 0 0
1500.0 66.678207 50.052490 17.985640 0.197637 0.821071 448.893 0 0
1500.0 94.278437 20.494931 17.993162 0.569639 0.343673 454.348 0 0
1500.0 133.450961 27.165825 17.825278 1.125655 0.475404 450.678 0 0
1500.0 48.437603 29.544538 18.005087 -0.141632 0.475473 454.881 0 0
1500.0 51.331007 17.927618 18.008929 -0.100912 0.312358 455.169 0 0
1500.0 80.189845 5.713409 17.880258 0.383744 0.045378 453.311 0 0
1500.0 112.441724 20.933274 17.840536 0.839633 0.320683 453.783 0 0
1500.0 95.087819 20.181232 17.831389 0.649077 0.314382 448.157 0 0
1500.0 69.615870 17.494099 17.995486 0.223472 0.296848 455.422 0 0
1500.0 10.296785 -27.289699 17.820302 -0.800380 -0.386476 448.935 0 0
1500.0 40.230962 42.069320 17.826155 -0.346263 0.679275 448.336 0 0
1500.0 28.796341 13.040999 17.834824 -0.476905 0.211499 454.545 0 0
1500.0 84.910894 -10.967483 18.136378 0.422475 -0.219240 455.900 0 0
1500.0 48.049769 -53.639362 17.957194 -0.200337 -0.851278 449.557 0 0
1500.0 29.377412 -24.739035 18.066059 -0.465320 -0.429057 449.018 0 0
1500.0 100.006945 40.260912 17.950339 0.697495 0.662347 450.179 0 0
1500.0 112.922394 34.400029 17.946947 0.860301 0.553929 452.610 0 0
1500.0 114.207452 33.985199 17.945828 0.884816 0.551567 452.153 0 0
1500.0 95.152506 15.347542 17.962398 0.637200 0.293466 448.851 0 0
1500.0 102.448800 -36.784519 18.074191 0.752448 -0.599010 450.653 0 0
1500.0 81.199456 45.691942 17.806358 0.417810 0.667812 450.602 0 0
1500.0 88.133904 6.945996 17.865489 0.543655 0.080513 448.778 0 0
1500.0 73.744896 -0.803366 17.870996 0.321938 -0.040135 448.404 0 0
1500.0 9.764307 -34.405945 17.865945 -0.730830 -0.551194 454.121 0 0
1500.0 61.623796 -64.816502 17.859814 0.013985 -1.028006 451.385 0 0
1500.0 36.307745 -45.290034 17.869599 -0.372877 -0.753874 449.826 0 0
1500.0 101.779130 17.477479 17.834434 0.747506 0.248995 449.461 0 0
1500.0 108.639143 0.239341 17.831605 0.849355 -0.016136 449.744 0 0
1500.0 108.546269 13.585787 18.098191 0.810731 0.249313 454.015 0 0
1500.0 78.892464 31.987210 18.229337 0.319968 0.542743 450.509 0 0
1500.0 62.245052 22.784489 18.235576 0.067985 0.405988 450.054 0 0
1500.0 84.641184 -56.360604 17.873952 0.434660 -0.871170 453.832 0 0
1500.0 47.626651 29.604795 18.182755 -0.141473 0.532530 449.169 0 0
1500.0 82.805180 32.877227 17.988770 0.462080 0.548328 450.056 0 0
1500.0 75.140078 -38.366583 17.860167 0.242212 -0.612385 456.108 0 0
1500.0 36.840811 63.319256 17.793745 -0.261304 0.994327 452.026 0 0
1500.0 43.078288 63.942937 17.794223 -0.168136 1.005825 451.884 0 0
1500.0 112.422091 -5.363641 17.801186 0.889267 -0.036236 450.731 0 0
1500.0 103.819574 10.681209 17.808447 0.704117 0.194319 455.709 0 0
1500.0 74.494623 52.524531 17.800556 0.308943 0.847976 450.806 0 0
1500.0 58.649030 16.014896 17.821327 0.061356 0.266193 456.744 0 0
1500.0 106.571888 28.008704 17.799326 0.796966 0.472390 450.964 0 0
1500.0 66.232312 60.173820 17.796789 0.181257 0.956949 451.344 0 0
1500.0 122.742415 -19.688885 17.792622 1.017533 -0.248086 452.629 0 0
1500.0 106.406728 39.094576 17.796925 0.755932 0.610214 454.308 0 0
1500.0 72.723458 -38.669727 17.956605 0.287605 -0.654802 450.646 0 0
1500.0 57.407813 -18.244175 17.824758 -0.052985 -0.312130 456.848 0 0
1500.0 23.016646 -46.513675 17.801647 -0.579165 -0.766916 451.384 0 0
1500.0 41.442604 -58.739517 17.802165 -0.285489 -0.907539 454.643 0 0
1500.0 113.175940 32.852896 17.863081 0.859933 0.559307 452.540 0 0
1500.0 100.732340 0.594152 17.878808 0.695589 0.079680 450.459 0 0
1500.0 98.335159 6.562846 17.881715 0.601380 0.156819 456.629 0 0
1500.0 108.756080 -40.871732 17.821339 0.778945 -0.682084 452.591 0 0
1500.0 21.651531 -37.356512 17.831642 -0.535845 -0.646177 450.871 0 0
1500.0 57.405356 -51.471744 17.830605 0.012245 -0.861107 450.982 0 0
1500.0 108.150893 -35.459174 17.824070 0.778091 -0.607632 451.886 0 0
1500.0 51.178813 -59.993968 17.826773 -0.078220 -0.933896 455.014 0 0
1500.0 82.471125 10.121620 18.043443 0.420417 0.181151 457.715 0 0
1500.0 73.595598 2.246462 18.085266 0.328125 0.095910 448.647 0 0
1500.0 55.641117 34.977412 18.144211 0.030504 0.619109 449.758 0 0
1500.0 122.769994 5.999339 18.002790 1.045267 0.079282 454.041 0 0
1500.0 48.023155 26.326730 17.840589 -0.123103 0.437482 457.194 0 0
1500.0 62.896670 26.584634 17.839400 0.095178 0.489803 450.112 0 0
1500.0 50.714899 -19.090051 18.007553 -0.150356 -0.275706 458.043 0 0
1500.0 16.100652 3.554186 17.847559 -0.703946 0.105942 450.790 0 0
1500.0 86.042104 31.668334 17.849558 0.377110 0.541473 450.627 0 0
1500.0 121.159148 11.520362 17.970802 1.057569 0.115995 449.313 0 0
1500.0 41.846641 45.889804 17.913214 -0.193707 0.765837 451.542 0 0
1500.0 115.188641 27.926252 17.901359 0.905495 0.478203 453.259 0 0
1500.0 37.751584 57.438626 17.859061 -0.271118 0.896472 455.863 0 0
1500.0 105.876811 45.208515 17.854187 0.719189 0.730767 454.886 0 0
1500.0 106.084654 6.017098 17.866646 0.760417 0.167236 451.444 0 0
1500.0 78.364885 20.309122 17.852107 0.355939 0.277675 457.668 0 0
1500.0 69.223856 -42.977150 18.016574 0.210855 -0.665665 457.808 0 0
1500.0 87.918416 -32.938895 18.013744 0.514113 -0.570288 452.127 0 0
1500.0 112.701911 28.621463 17.941664 0.849523 0.502807 453.301 0 0
1500.0 85.430491 42.489892 17.819760 0.485070 0.690034 451.821 0 0
1500.0 -17.655081 30.155596 17.885564 -1.206645 0.539498 450.956 0 0
1500.0 106.377763 15.008936 18.334257 0.856360 0.240602 454.289 0 0
1500.0 119.785238 22.752159 17.930812 0.974196 0.382662 455.092 0 0
1500.0 97.393390 4.239917 17.948182 0.677261 0.116658 451.935 0 0
1500.0 89.676034 25.701799 17.949433 0.510640 0.408214 458.049 0 0
1500.0 122.401031 -3.749879 17.835775 0.970121 -0.116749 456.011 0 0
1500.0 97.999626 35.338163 17.826941 0.662527 0.489714 453.804 0 0
1500.0 100.140584 19.375720 18.502938 0.775450 0.321050 454.775 0 0
1500.0 108.278720 3.008515 17.971349 0.785184 0.002062 457.788 0 0
1500.0 82.079700 -24.029412 17.928141 0.351744 -0.406503 458.442 0 0
1500.0 108.006926 7.944848 17.856044 0.835295 0.083527 452.370 0 0
1500.0 60.285300 53.614740 18.106215 0.038045 0.874277 453.582 0 0
1500.0 84.044972 -21.819138 18.299646 0.406237 -0.387452 453.375 0 0
1500.0 82.537000 21.821116 18.184045 0.447225 0.403129 453.052 0 0
1500.0 89.229655 -17.682484 18.352725 0.582866 -0.326373 454.098 0 0
1500.0 43.111427 26.235459 17.839727 -0.240651 0.432094 459.058 0 0
1500.0 79.811882 11.719721 17.889393 0.421949 0.194337 452.184 0 0
1500.0 86.356005 56.940801 17.867280 0.505475 0.866602 454.511 0 0
1500.0 76.019457 27.106437 17.886540 0.361805 0.432399 452.386 0 0
1500.0 93.077851 -26.047862 17.913680 0.600963 -0.455799 453.137 0 0
1500.0 58.676592 -36.220979 17.873189 -0.049002 -0.605685 452.752 0 0
1500.0 38.658361 2.583083 18.213788 -0.303945 -0.011434 453.522 0 0
1500.0 186.444174 91.135167 18.087879 2.211814 1.568022 448.590 0 0
1500.0 -40.674386 -21.320524 17.877209 -1.600729 -0.330192 452.912 0 0
1500.0 95.729028 -39.652477 18.244673 0.632416 -0.708804 451.169 0 0
1500.0 78.392917 47.379966 17.833436 0.386354 0.753744 453.399 0 0
1500.0 76.944259 -6.567893 18.085178 0.354565 -0.171825 453.531 0 0
1500.0 88.934909 -29.057620 18.007934 0.506964 -0.454194 460.292 0 0
1500.0 61.261463 -14.138093 18.275362 0.126977 -0.254549 462.129 0 0
1500.0 80.641674 1.348394 17.932774 0.414707 0.079231 453.400 0 0
1500.0 92.044687 45.236690 17.913195 0.575871 0.740581 455.190 0 0
1500.0 -102.635356 -27.649540 17.800612 -2.461097 -0.368543 456.080 0 0
1500.0 -3.041552 18.160829 17.795925 -0.993536 0.266298 456.131 0 0
1500.0 -0.987475 8.581379 17.801127 -0.926778 0.118115 458.720 0 0
1500.0 -5.702293 14.866791 17.794851 -1.024698 0.215088 456.699 0 0
1500.0 6.251739 -3.360223 17.806956 -0.813903 -0.053651 459.436 0 0
1500.0 124.942977 8.657480 17.836836 1.025885 0.188878 457.570 0 0
1500.0 120.212302 -10.333621 17.840101 0.981357 -0.092662 455.836 0 0
1500.0 -63.481937 109.668820 17.792555 -1.852625 1.707601 456.418 0 0
1500.0 77.135360 31.154458 18.133910 0.297220 0.501598 461.633 0 0
1500.0 10.445136 -31.803904 17.860102 -0.729069 -0.491750 460.160 0 0
1500.0 51.645735 14.472606 18.042423 -0.106002 0.255721 461.889 0 0
1500.0 40.049221 49.828459 18.023803 -0.291318 0.814442 455.739 0 0
1500.0 54.526853 42.489617 18.058071 -0.026473 0.723893 455.399 0 0
1500.0 37.578808 63.125403 17.837055 -0.259964 0.983575 458.423 0 0
1500.0 110.916580 40.664000 17.864531 0.869816 0.589488 456.722 0 0
1500.0 120.591436 -18.303200 17.951044 1.000640 -0.280552 458.540 0 0
1500.0 98.343321 -48.424802 17.885530 0.577781 -0.794350 456.408 0 0
1500.0 123.714898 -14.888750 17.923857 1.030441 -0.271222 458.024 0 0
1500.0 86.832045 -57.249877 18.282207 0.492475 -1.035674 449.718 0 0
1500.0 111.681764 -52.378880 17.878023 0.866003 -0.865234 455.611 0 0
1500.0 32.174409 -57.029320 17.905514 -0.434231 -0.902596 457.086 0 0
1500.0 60.088698 -26.201335 17.981616 0.105741 -0.459747 455.039 0 0
1500.0 109.642222 15.949095 17.932744 0.813384 0.225446 461.089 0 0
1500.0 67.108785 0.725968 18.107958 0.196449 0.066415 463.083 0 0
1500.0 100.749036 -31.233335 17.940953 0.657346 -0.566974 454.012 0 0
1500.0 79.860709 55.740119 17.797619 0.401579 0.826820 456.281 0 0
1500.0 77.503807 55.809467 17.798285 0.366108 0.828947 456.196 0 0
1500.0 39.402394 -49.758681 17.854079 -0.315359 -0.757056 460.930 0 0
1500.0 7.660968 -2.804098 17.853587 -0.825347 -0.094527 456.028 0 0
1500.0 41.784779 22.081919 17.867866 -0.307997 0.291918 454.872 0 0
1500.0 61.916324 -21.863091 17.889574 -0.011128 -0.332756 454.930 0 0
1500.0 50.855694 21.462584 17.889274 -0.164484 0.307474 462.446 0 0
1500.0 33.857090 -1.189131 17.888143 -0.402430 -0.008996 462.363 0 0
1500.0 -5.474888 19.939996 17.862054 -1.001951 0.301390 458.839 0 0
1500.0 8.715374 2.656734 17.876261 -0.764804 0.045432 461.361 0 0
1500.0 -8.043085 2.774085 17.861995 -1.046149 0.049146 458.422 0 0
1500.0 1.979793 -37.484479 17.862328 -0.889604 -0.541814 459.043 0 0
1500.0 116.763803 -19.275543 17.880013 0.963487 -0.289444 457.711 0 0
1500.0 85.956664 -23.361990 17.899120 0.469637 -0.328475 462.228 0 0
1500.0 75.602860 -3.144757 17.865349 0.260201 0.024335 463.219 0 0
1500.0 70.285694 38.770872 17.967601 0.148622 0.647125 456.442 0 0
1500.0 60.774833 32.593639 17.971310 0.002427 0.554579 456.159 0 0
1500.0 -49.207711 45.197704 17.983304 -1.925093 0.791810 449.798 0 0
1500.0 79.548155 38.306596 17.853934 0.362030 0.575673 462.748 0 0
1500.0 28.951459 -61.346653 17.801380 -0.503331 -0.910795 459.536 0 0
1500.0 54.937636 56.158234 17.810968 -0.126077 0.851774 456.826 0 0
1500.0 23.232662 30.391217 17.815197 -0.615817 0.459933 456.406 0 0
1500.0 104.064652 0.028528 17.910482 0.791873 -0.002958 456.885 0 0
1500.0 115.420122 18.054914 17.900881 0.948164 0.268098 458.096 0 0
1500.0 40.096369 -26.552614 17.959715 -0.259859 -0.487522 456.343 0 0
1500.0 -5.478560 -5.589677 17.823144 -1.025151 -0.082041 458.711 0 0
1500.0 19.936457 24.331797 17.836476 -0.663664 0.376558 456.806 0 0
1500.0 67.797041 18.709639 18.158550 0.098614 0.332513 449.728 0 0
1500.0 51.301607 -61.765491 17.942389 -0.086321 -0.998480 458.952 0 0
1500.0 86.812636 -14.312756 18.168605 0.595758 -0.253292 451.319 0 0
1500.0 20.990401 -73.131337 17.890612 -0.573070 -1.236224 455.462 0 0
1500.0 102.344138 -22.174768 18.156606 0.881552 -0.386057 448.499 0 0
1500.0 83.955979 64.184777 17.889545 0.487540 1.054734 455.218 0 0
1500.0 81.371038 -52.576935 17.886522 0.442919 -0.864763 455.855 0 0
1500.0 87.355020 43.297171 18.123249 0.460867 0.724305 459.043 0 0
1500.0 7.035787 81.533138 17.905897 -0.852838 1.296555 457.106 0 0
1500.0 37.300155 -57.005805 17.825755 -0.314508 -0.893161 462.034 0 0
1500.0 62.086674 3.508872 17.850813 0.046973 -0.021604 456.454 0 0
1500.0 77.735436 -31.473216 17.839636 0.289126 -0.563911 457.215 0 0
1500.0 33.828112 -33.807633 17.836602 -0.390384 -0.597849 457.460 0 0
1500.0 110.928912 35.997452 17.838349 0.868816 0.521226 459.371 0 0
1500.0 112.789550 -33.000769 17.839052 0.867997 -0.498025 461.577 0 0
1500.0 122.573483 10.976110 17.836590 1.033664 0.144237 460.012 0 0
1500.0 110.005075 -17.460604 17.846532 0.814131 -0.267817 462.711 0 0
1500.0 81.922571 38.870149 18.022143 0.397187 0.667680 458.480 0 0
1500.0 18.906673 0.817236 17.914627 -0.663276 0.043974 457.742 0 0
1500.0 48.293988 -8.195488 17.945535 -0.177025 -0.195239 457.206 0 0
1500.0 57.282385 -2.533677 18.543413 0.013783 -0.068189 459.522 0 0
1500.0 43.071584 -66.116048 17.823674 -0.286821 -1.006506 461.219 0 0
1500.0 1.793054 38.793468 17.823599 -0.897062 0.541540 461.106 0 0
1500.0 38.634999 20.857322 17.848101 -0.372468 0.291979 457.538 0 0
1500.0 12.293899 23.525046 17.834748 -0.769992 0.327942 458.640 0 0
1500.0 5.340662 -22.300048 17.832072 -0.820364 -0.350550 463.111 0 0
1500.0 30.667410 -39.791888 17.836045 -0.489296 -0.644017 458.510 0 0
1500.0 60.608342 -68.028094 17.823822 -0.028443 -1.043674 460.636 0 0
1500.0 33.111185 -13.948025 17.846744 -0.457932 -0.250405 457.632 0 0
1500.0 48.909259 43.583289 17.860006 -0.172594 0.738933 458.418 0 0
1500.0 50.884123 4.032705 18.182514 -0.091018 0.140870 456.669 0 0
1500.0 111.988786 -16.122911 18.098295 0.913123 -0.213988 460.902 0 0
1500.0 100.919617 35.420944 18.098557 0.747947 0.557392 460.865 0 0
1500.0 107.928802 31.671320 18.095898 0.847492 0.498113 461.288 0 0
1500.0 105.920350 -14.327067 18.102627 0.828957 -0.188628 460.368 0 0
1500.0 64.892966 -39.289714 17.980266 0.110333 -0.620651 465.559 0 0
1500.0 25.605029 11.777332 18.107527 -0.536136 0.169867 459.621 0 0
1500.0 23.459604 -23.370101 17.996530 -0.538449 -0.453376 457.117 0 0
1500.0 9.713426 -20.676421 18.017373 -0.782305 -0.323844 460.601 0 0
1500.0 70.643572 -43.173371 18.025371 0.245913 -0.728562 460.297 0 0
1500.0 66.130916 0.782491 18.292359 0.117029 0.058113 456.818 0 0
1500.0 48.967597 30.079553 17.866636 -0.184336 0.529029 459.287 0 0
1500.0 95.365529 22.353591 17.862803 0.533873 0.407183 459.580 0 0
1500.0 80.639795 26.245066 18.083792 0.450393 0.429188 460.293 0 0
1500.0 107.477331 50.539580 17.825822 0.724229 0.804955 463.906 0 0
1500.0 122.680356 -13.337855 17.887708 1.031001 -0.181157 462.996 0 0
1500.0 60.033706 -55.346699 17.962773 0.053526 -0.911970 461.150 0 0
1500.0 92.525761 8.868982 18.148688 0.622681 0.212592 457.795 0 0
1500.0 53.232718 -23.540885 18.056683 -0.047805 -0.439974 459.970 0 0
1500.0 147.886934 -26.946975 18.034907 1.531797 -0.520619 455.919 0 0
1500.0 41.718340 -1.775726 17.860538 -0.258386 0.050722 458.933 0 0
1500.0 16.227609 -24.306062 17.853201 -0.692871 -0.426877 460.620 0 0
1500.0 103.872162 40.168073 17.825224 0.724796 0.615266 464.753 0 0
1500.0 87.026950 58.238892 17.867861 0.390242 0.934669 461.681 0 0
1500.0 68.796689 -20.196868 18.466844 0.243247 -0.379231 462.109 0 0
1500.0 76.393678 -41.569609 17.821212 0.223287 -0.692882 460.437 0 0
1500.0 41.614332 12.396962 18.128262 -0.271180 0.242086 460.775 0 0
1500.0 11.890680 30.491622 17.854038 -0.709964 0.509709 463.994 0 0
1500.0 90.582622 -19.987008 17.905432 0.613888 -0.302940 456.171 0 0
1500.0 98.667356 -2.560192 17.816908 0.623571 -0.084164 466.643 0 0
1500.0 103.545446 -9.516651 17.810909 0.755019 -0.198977 460.789 0 0
1500.0 108.792849 -29.422786 17.804647 0.780728 -0.472406 465.373 0 0
1500.0 123.529903 7.177223 17.799553 1.005485 0.055166 464.502 0 0
1500.0 14.895838 20.879291 18.197443 -0.714180 0.421409 456.273 0 0
1500.0 65.579485 15.490573 17.977786 0.065460 0.275109 460.347 0 0
1500.0 163.915108 -11.644183 17.875776 1.735976 -0.123833 458.932 0 0
1500.0 78.755451 -1.765298 17.847937 0.359387 -0.036440 467.471 0 0
1500.0 100.679484 -9.066280 17.835851 0.733799 -0.152708 460.915 0 0
1500.0 62.827351 -0.988643 17.851057 0.135899 -0.025484 467.691 0 0
1500.0 54.461953 45.848370 17.848634 -0.009625 0.757718 462.201 0 0
1500.0 40.970743 28.523055 17.821901 -0.255803 0.471026 467.637 0 0
1500.0 5.732473 38.764544 17.801597 -0.778118 0.636508 465.271 0 0
1500.0 71.007664 32.340098 17.892390 0.157305 0.516853 467.947 0 0
1500.0 57.772662 7.820266 18.071933 0.011407 0.196885 461.493 0 0
1500.0 87.643487 51.594719 18.047427 0.457899 0.845202 463.719 0 0
1500.0 51.129681 -10.098233 18.141231 -0.181903 -0.131998 454.711 0 0
1500.0 97.896607 -26.903063 17.986170 0.604789 -0.445259 468.257 0 0
1500.0 68.909600 32.086672 17.983200 0.185896 0.571181 462.304 0 0
1500.0 95.931127 53.090608 17.963327 0.578904 0.860252 464.902 0 0
1500.0 78.859770 60.302203 17.964042 0.327337 0.970730 464.646 0 0
1500.0 66.829308 -18.361155 17.861949 0.192478 -0.274649 468.903 0 0
1500.0 115.228665 35.166606 17.834873 0.911986 0.497256 465.570 0 0
1500.0 66.837534 -16.269837 17.976518 0.177337 -0.317656 463.728 0 0
1500.0 76.934692 1.339432 17.995030 0.293137 0.097077 460.395 0 0
1500.0 1.067886 -39.201765 18.049576 -0.932750 -0.734794 457.849 0 0
1500.0 180.270626 29.512933 17.848774 1.984563 0.400977 460.595 0 0
1500.0 97.478314 -4.866332 18.313709 0.672013 -0.064768 470.499 0 0
1500.0 42.062241 -130.164681 17.842189 -0.180904 -2.074616 461.898 0 0
1500.0 109.488743 31.494569 17.934200 0.805601 0.499703 467.828 0 0
1500.0 90.682356 56.259826 17.930200 0.542059 0.865066 467.019 0 0
1500.0 124.260629 4.733601 17.928680 1.040508 0.118354 466.290 0 0
1500.0 71.881482 -5.244587 17.956896 0.288496 -0.029740 462.398 0 0
1500.0 113.918157 1.254437 17.973373 0.922968 -0.026844 464.404 0 0
1500.0 92.634237 16.220783 17.985494 0.612920 0.202687 463.201 0 0
1500.0 115.918712 35.627875 18.234381 1.055363 0.680700 457.140 0 0
1500.0 112.680306 -32.783877 17.909651 0.871117 -0.497925 467.678 0 0
1500.0 113.176704 -30.105823 17.908916 0.888701 -0.500973 465.677 0 0
1500.0 103.346170 -46.463719 17.908654 0.723063 -0.726182 467.427 0 0
1500.0 107.085747 -37.669111 17.911619 0.769996 -0.592496 468.094 0 0
1500.0 116.838530 -0.564378 17.912490 0.953442 -0.060634 464.969 0 0
1500.0 80.368849 -18.240950 18.016786 0.444667 -0.271667 463.633 0 0
1500.0 115.955551 -22.549169 17.835764 0.938212 -0.297859 465.133 0 0
1500.0 73.587806 51.881304 17.840840 0.302122 0.834620 464.404 0 0
1500.0 120.999466 3.534557 17.836143 0.973150 0.091906 467.937 0 0
1500.0 117.937633 -36.008577 17.866556 0.913079 -0.573641 468.418 0 0
1500.0 33.206100 -5.946807 17.987717 -0.435725 -0.061229 463.599 0 0
1500.0 113.516773 28.350902 18.027380 0.911953 0.460319 466.509 0 0
1500.0 171.006589 -14.801589 17.941114 1.923828 -0.192545 459.943 0 0
1500.0 98.718117 -26.915097 18.020828 0.717299 -0.390992 464.935 0 0
1500.0 105.953016 24.458440 17.825747 0.753774 0.336737 469.186 0 0
1500.0 69.279243 13.116588 17.842039 0.252412 0.191706 463.010 0 0
1500.0 71.648116 -46.854965 17.827457 0.284555 -0.734588 464.121 0 0
1500.0 83.308488 49.789842 17.823218 0.460916 0.747829 464.558 0 0
1500.0 73.440675 -55.454583 17.821513 0.309087 -0.858453 464.764 0 0
1500.0 90.092257 -59.086993 17.814998 0.541138 -0.878546 467.397 0 0
1500.0 99.386444 -24.822309 17.829021 0.656886 -0.365143 469.520 0 0
1500.0 118.821149 0.361851 17.817316 0.990951 -0.007726 465.409 0 0
1500.0 97.509590 -54.372639 17.814388 0.652491 -0.812802 467.118 0 0
1500.0 20.058677 27.883798 17.843808 -0.657859 0.411458 464.136 0 0
1500.0 -5.839794 17.794264 17.830641 -1.006124 0.244009 467.382 0 0
1500.0 74.055144 -49.470615 17.920460 0.279929 -0.804610 466.453 0 0
1500.0 57.017535 -59.062110 17.887759 -0.027692 -0.915227 469.009 0 0
1500.0 99.974550 -50.879306 17.916407 0.659505 -0.812938 467.425 0 0
1500.0 19.135880 29.931444 17.819493 -0.623316 0.446859 469.574 0 0
1500.0 50.428382 6.651075 17.834455 -0.196261 0.127420 463.046 0 0
1500.0 -4.248962 -18.244894 17.807390 -0.979584 -0.244548 467.887 0 0
1500.0 96.689861 0.346375 18.074813 0.674724 0.060880 464.810 0 0
1500.0 110.721520 30.473529 17.930223 0.869958 0.490472 466.111 0 0
1500.0 120.843031 2.974586 17.930878 0.983937 0.075776 468.662 0 0
1500.0 121.071704 16.154465 17.928326 0.996673 0.268425 468.006 0 0
1500.0 84.145914 -12.993498 17.950619 0.487883 -0.165857 463.935 0 0
1500.0 105.523459 -18.101149 17.938307 0.805797 -0.241033 464.977 0 0
1500.0 83.492144 46.496720 17.941627 0.429563 0.705218 469.857 0 0
1500.0 116.786373 23.281174 17.933071 0.917902 0.382451 468.634 0 0
1500.0 122.422797 38.814400 18.277506 1.231755 0.694442 457.029 0 0
1500.0 68.099187 -15.242691 18.244092 0.149004 -0.281532 464.838 0 0
1500.0 51.023374 -48.542645 18.065895 -0.094015 -0.875278 460.654 0 0
1500.0 83.244684 17.437938 18.440331 0.506878 0.319474 466.181 0 0
1500.0 61.738485 -38.284478 18.009060 0.101845 -0.682869 462.670 0 0
1500.0 72.221394 45.831682 18.022048 0.159430 0.798727 457.981 0 0
1500.0 90.832761 43.467542 17.879459 0.458047 0.737990 462.477 0 0
1500.0 87.084332 -43.581945 18.039933 0.491641 -0.729277 466.180 0 0
1500.0 81.428681 73.258407 17.996768 0.443888 1.262944 461.100 0 0
1500.0 68.688080 31.798047 18.304127 0.238532 0.673616 454.006 0 0
1500.0 57.411314 -1.359012 18.288327 0.007971 -0.084340 465.577 0 0
1500.0 -12.448037 49.399501 17.907563 -1.147663 0.767637 465.427 0 0
1500.0 137.738979 -23.464396 18.150593 1.454571 -0.442286 458.853 0 0
1500.0 37.247855 61.724385 17.941105 -0.319527 0.984813 467.685 0 0
1500.0 67.182217 14.886476 18.076231 0.193054 0.263369 472.651 0 0
1500.0 95.872427 -7.895892 18.004869 0.595898 -0.178825 470.001 0 0
1500.0 28.356207 -65.296615 18.040617 -0.505423 -1.127356 462.098 0 0
1500.0 52.742693 62.670599 17.953044 -0.107777 0.995701 467.445 0 0
1500.0 89.568819 11.888824 17.974445 0.517340 0.202149 472.135 0 0
1500.0 64.225976 9.617593 17.817213 0.143356 0.174637 471.466 0 0
1500.0 102.193216 -38.320596 17.797024 0.705720 -0.521551 468.808 0 0
1500.0 102.418249 2.478294 17.803211 0.737167 0.079796 466.204 0 0
1500.0 139.669289 11.165653 17.899514 1.409754 0.150502 461.814 0 0
1500.0 147.599036 79.991025 17.899244 1.490670 1.346343 463.014 0 0
1500.0 154.016621 25.910178 17.904325 1.596349 0.412074 464.298 0 0
1500.0 104.537825 -44.166057 17.799095 0.760397 -0.696636 467.536 0 0
1500.0 131.621955 28.384866 17.849092 1.154001 0.519987 464.976 0 0
1500.0 130.582482 13.244030 18.167763 1.283305 0.202369 463.295 0 0
1500.0 -82.600360 16.215149 17.795050 -2.191174 0.194656 467.097 0 0
1500.0 33.534748 -3.246750 18.040247 -0.420883 -0.016309 466.023 0 0
1500.0 47.752400 21.677075 17.962318 -0.096254 0.363361 473.160 0 0
1500.0 107.684461 3.678742 17.891970 0.781196 0.067257 471.937 0 0
1500.0 108.359580 -6.648694 17.891475 0.791343 -0.079333 471.887 0 0
1500.0 110.376250 37.351661 17.801556 0.809920 0.597820 470.099 0 0
1500.0 112.814812 -34.897212 17.833053 0.859603 -0.553430 470.147 0 0
1500.0 99.607357 17.193751 17.849528 0.645841 0.200567 472.368 0 0
1500.0 99.071115 26.153094 17.854175 0.651567 0.348320 472.259 0 0
1500.0 143.363097 10.690966 17.947127 1.392590 0.165458 467.479 0 0
1500.0 76.578278 49.715691 17.799863 0.298869 0.809864 469.302 0 0
1500.0 83.506838 45.990315 17.800927 0.395489 0.742217 470.406 0 0
1500.0 51.146192 51.749796 17.801532 -0.078158 0.824414 470.583 0 0
1500.0 116.936033 -0.484483 17.887748 0.969360 0.013061 468.461 0 0
1500.0 97.588677 -33.696010 17.932365 0.640643 -0.619390 464.742 0 0
1500.0 22.356440 -2.674443 17.811523 -0.625745 -0.079822 466.639 0 0
1500.0 12.959348 -10.154077 17.805187 -0.765372 -0.194416 467.175 0 0
1500.0 53.773881 -2.497415 17.822125 -0.123837 -0.069363 473.792 0 0
1500.0 32.001609 -29.024393 17.809676 -0.474810 -0.488127 466.784 0 0
1500.0 76.834333 73.428064 17.854925 0.365340 1.223798 464.697 0 0
1500.0 39.937750 -26.512068 18.289810 -0.343372 -0.542747 459.061 0 0
1500.0 76.206715 20.289042 18.446309 0.394420 0.310414 474.610 0 0
1500.0 81.286531 -0.800290 18.447288 0.464264 0.016734 474.747 0 0
1500.0 89.727125 17.981006 18.440930 0.605553 0.289201 471.897 0 0
1500.0 105.101221 9.598927 17.983799 0.802726 0.183760 468.570 0 0
1500.0 68.919390 -35.753266 18.224188 0.202094 -0.613147 469.160 0 0
1500.0 118.131296 21.377661 18.058483 0.987278 0.328611 470.883 0 0
1500.0 127.756918 -138.184510 17.790819 1.033592 -2.132787 470.030 0 0
1500.0 118.536679 -21.240007 18.075407 1.021235 -0.385491 467.496 0 0
1500.0 141.593203 32.831609 17.967368 1.477941 0.576167 462.853 0 0
1500.0 85.854664 52.587397 17.882998 0.452544 0.810135 472.819 0 0
1500.0 123.350726 11.183512 17.876478 1.022132 0.222534 470.688 0 0
1500.0 100.392306 48.310186 17.878513 0.669043 0.757551 472.008 0 0
1500.0 45.357105 34.310530 17.896782 -0.138903 0.590455 467.781 0 0
1500.0 92.175403 12.035639 17.895818 0.584981 0.245452 467.855 0 0
1500.0 105.513427 -9.511785 18.102182 0.831316 -0.218645 465.900 0 0
1500.0 51.299145 -9.018200 17.872392 -0.092285 -0.195624 475.070 0 0
1500.0 50.617898 -30.466022 17.872889 -0.132863 -0.547381 467.859 0 0
1500.0 101.664956 26.743262 17.976184 0.763308 0.523354 463.413 0 0
1500.0 100.383312 -19.543770 18.397291 0.849626 -0.307640 463.011 0 0
1500.0 88.337870 -59.667453 18.309929 0.605620 -1.102985 461.416 0 0
1500.0 106.506460 -36.432797 17.890853 0.771588 -0.546969 473.319 0 0
1500.0 118.340144 21.116683 17.961618 0.982694 0.332969 471.191 0 0
1500.0 91.462913 1.330173 17.882166 0.600279 0.009140 468.251 0 0
1500.0 28.626548 6.322468 17.864472 -0.508567 0.153937 468.046 0 0
1500.0 -6.314420 15.861298 17.841786 -1.004508 0.288648 471.080 0 0
1500.0 -8.982844 -0.880219 17.842761 -1.027633 0.039415 472.161 0 0
1500.0 33.873627 37.855164 17.855998 -0.422535 0.637559 468.722 0 0
1500.0 61.373880 33.409466 17.864819 0.000582 0.519551 474.926 0 0
1500.0 71.608969 38.476381 18.161515 0.223640 0.770355 460.044 0 0
1500.0 24.604486 -20.328125 17.905304 -0.524993 -0.388816 468.627 0 0
1500.0 70.344737 25.251770 18.191496 0.232668 0.414155 476.523 0 0
1500.0 87.011869 0.114035 18.190341 0.511946 0.074739 469.519 0 0
1500.0 98.858618 -43.124345 17.989750 0.705816 -0.667647 470.728 0 0
1500.0 24.671003 24.729143 17.957065 -0.516223 0.482198 465.343 0 0
1500.0 -26.655495 27.132552 17.837887 -1.318939 0.493465 469.023 0 0
1500.0 68.730306 -47.127627 17.889010 0.115745 -0.775411 469.447 0 0
1500.0 42.759120 4.843277 17.969352 -0.276941 0.128887 468.602 0 0
1500.0 18.030740 16.218826 17.947441 -0.603190 0.272455 475.531 0 0
1500.0 123.596039 -52.172046 18.119738 1.182350 -0.906326 464.768 0 0
1500.0 -3.880029 17.850429 17.840506 -0.979608 0.315654 471.389 0 0
1500.0 82.048215 -15.098652 18.171910 0.426533 -0.251089 476.965 0 0
1500.0 85.005361 -37.599920 18.161112 0.510532 -0.613738 470.844 0 0
1500.0 32.633217 16.923922 17.957538 -0.370455 0.300643 476.117 0 0
1500.0 117.309199 -5.750345 17.796022 0.943790 -0.027057 470.751 0 0
1500.0 121.771885 13.951005 17.791150 0.996378 0.268466 471.760 0 0
1500.0 119.098987 -0.315324 17.972826 1.042862 -0.013346 469.589 0 0
1500.0 79.715214 -59.887356 17.878532 0.371946 -0.956691 472.259 0 0
1500.0 63.733559 -4.019818 17.872084 0.159207 -0.103715 469.174 0 0
1500.0 116.598251 -22.006038 17.846122 0.914306 -0.356994 474.223 0 0
1500.0 71.242724 -38.086800 17.862124 0.249512 -0.574240 476.144 0 0
1500.0 86.866459 38.286998 17.845920 0.519883 0.627512 469.587 0 0
1500.0 120.961794 8.857642 17.797427 1.012121 0.104222 471.846 0 0
1500.0 120.039367 -9.813114 17.797602 0.998930 -0.176553 471.801 0 0
1500.0 124.225123 1.343302 17.795661 1.047878 -0.008623 472.690 0 0
1500.0 60.921717 -103.141165 17.819372 0.024247 -1.642363 471.376 0 0
1500.0 48.178713 -76.151753 17.808089 -0.091998 -1.154222 474.745 0 0
1500.0 111.692495 -30.387620 17.884530 0.903838 -0.422673 469.534 0 0
1500.0 113.096296 4.187653 17.846040 0.915834 0.056566 471.691 0 0
1500.0 113.051484 -31.793330 18.032628 0.966862 -0.526692 469.275 0 0
1500.0 62.682523 -10.092083 17.905207 0.026932 -0.193670 478.284 0 0
1500.0 86.420387 11.577659 17.846728 0.508305 0.150109 471.545 0 0
1500.0 90.005007 24.933505 17.842386 0.558707 0.351729 472.067 0 0
1500.0 98.962807 -36.614626 17.860356 0.595490 -0.640722 469.130 0 0
1500.0 11.152017 -102.495571 17.866479 -0.733628 -1.643235 471.852 0 0
1500.0 -1.354766 -24.906686 17.806268 -0.933098 -0.335877 475.716 0 0
1500.0 71.581690 16.290694 18.307134 0.314052 0.308588 472.849 0 0
1500.0 11.821662 -43.934225 17.824680 -0.673701 -0.734079 473.394 0 0
1500.0 123.492003 -18.315983 17.822120 0.984303 -0.339334 475.082 0 0
1500.0 60.163480 -31.300827 17.843600 0.056633 -0.560952 471.350 0 0
1500.0 102.002393 -19.177746 17.910159 0.751208 -0.326843 472.500 0 0
1500.0 97.572266 25.898064 18.073743 0.768298 0.455398 465.719 0 0
1500.0 117.956104 -17.158898 17.828041 0.976483 -0.260032 474.078 0 0
1500.0 105.905040 -45.866463 17.827226 0.773396 -0.672354 475.969 0 0
1500.0 35.695173 -59.316624 17.837865 -0.361244 -0.921378 476.656 0 0
1500.0 23.918818 20.748422 17.854403 -0.568691 0.256418 472.213 0 0
1500.0 -7.222571 -7.077052 17.858247 -1.038384 -0.099984 475.134 0 0
1500.0 91.894651 -20.046294 17.959715 0.498869 -0.350514 479.241 0 0
1500.0 117.072928 27.937495 17.801948 0.920172 0.452904 476.233 0 0
1500.0 110.382672 37.567965 17.913576 0.865628 0.559930 475.121 0 0
1500.0 80.933876 -51.650555 17.841115 0.313605 -0.854977 473.485 0 0
1500.0 83.975930 16.549562 17.860773 0.429884 0.272759 478.663 0 0
1500.0 92.082040 41.359895 17.846446 0.577295 0.661446 474.671 0 0
1500.0 110.479549 16.995180 17.846560 0.827342 0.286758 476.769 0 0
1500.0 78.401935 -39.078884 18.273594 0.393305 -0.723745 469.005 0 0
1500.0 77.093009 17.534394 17.902952 0.335420 0.278219 479.793 0 0
1500.0 80.345513 -5.590010 17.904156 0.380436 -0.045157 479.882 0 0
1500.0 63.242750 4.478907 17.952534 0.146730 0.128482 472.665 0 0
1500.0 87.800452 -11.385417 17.872745 0.414066 -0.229425 480.066 0 0
1500.0 155.882839 30.188892 17.913477 1.641677 0.425525 470.245 0 0
1500.0 63.071075 -59.151017 17.962061 0.118733 -1.049687 469.633 0 0
1500.0 67.483263 -49.338380 17.905755 0.185916 -0.854147 472.458 0 0
1500.0 108.285224 63.901390 17.970854 0.891978 1.056007 471.672 0 0
1500.0 101.597509 37.488545 17.948918 0.705795 0.606490 477.600 0 0
1500.0 89.445195 9.397184 17.964973 0.504982 0.185344 480.582 0 0
1500.0 96.437837 42.902234 17.948915 0.629408 0.685512 477.656 0 0
1500.0 67.793549 -6.624701 18.231677 0.141402 -0.153405 473.444 0 0
1500.0 69.057386 -4.746907 18.135283 0.221302 -0.107929 485.508 0 0
1500.0 64.542263 -4.698584 18.034348 0.129399 -0.150363 474.569 0 0
1500.0 57.253102 6.102705 18.283189 0.056547 0.169205 475.673 0 0
1500.0 125.785295 -2.018006 17.858515 1.045988 0.029367 478.520 0 0
1500.0 126.557114 -31.650571 18.112507 1.150787 -0.571447 473.897 0 0
1500.0 97.457940 20.419483 18.118011 0.629751 0.387492 476.130 0 0
1500.0 98.315780 -28.855899 17.954383 0.624600 -0.466262 481.560 0 0
1500.0 72.182177 49.961819 17.928768 0.304793 0.808941 474.850 0 0
1500.0 66.314913 -7.697949 18.144451 0.232319 -0.160964 475.927 0 0
1500.0 103.512739 46.482718 17.866573 0.752686 0.716546 478.214 0 0
1500.0 80.089763 31.362923 17.884559 0.419829 0.510575 475.719 0 0
1500.0 91.294719 0.028621 17.888643 0.538763 0.024059 482.228 0 0
1500.0 66.288114 -38.192889 18.254072 0.137363 -0.639440 477.343 0 0
1500.0 30.925296 -59.819236 17.870294 -0.445890 -0.942870 478.630 0 0
1500.0 110.115690 -42.538338 17.852768 0.771421 -0.696941 479.579 0 0
1500.0 67.751213 18.183742 18.207141 0.186851 0.353874 476.797 0 0
1500.0 48.274260 -72.148433 17.895026 -0.119834 -1.259427 472.381 0 0
1500.0 110.709830 19.624328 17.872049 0.815067 0.311104 482.293 0 0
1500.0 68.479883 -36.930654 17.871488 0.166219 -0.630500 478.526 0 0
1500.0 124.549510 -6.770821 17.795460 0.976347 -0.170055 481.124 0 0
1500.0 7.908723 -42.338619 17.795184 -0.720351 -0.687823 481.067 0 0
1500.0 58.724032 -66.287421 17.877457 0.037600 -1.047196 480.324 0 0
1500.0 105.484631 -40.692732 17.881966 0.711296 -0.656388 481.756 0 0
1500.0 114.660399 6.718161 17.844372 0.901097 0.181167 476.506 0 0
1500.0 44.061234 -28.634684 17.866462 -0.160881 -0.477521 481.712 0 0
1500.0 94.390660 4.848438 17.863992 0.584903 0.007534 479.703 0 0
1500.0 91.843404 14.356113 17.908640 0.584553 0.277705 477.504 0 0
1500.0 123.114486 9.956127 17.889884 1.024550 0.201376 480.208 0 0
1500.0 40.918881 -22.215211 17.979558 -0.380719 -0.365849 471.285 0 0
1500.0 112.368027 -23.650344 17.975953 0.858252 -0.372866 483.108 0 0
1500.0 77.632878 -39.426697 17.910449 0.315337 -0.620230 484.125 0 0
1500.0 34.635384 62.316777 17.865052 -0.398291 0.946820 481.780 0 0
1500.0 106.065409 -136.995442 17.804002 0.776761 -2.096187 480.111 0 0
1500.0 101.038169 -9.031764 18.057776 0.714122 -0.226648 475.302 0 0
1500.0 17.931206 10.157180 17.850462 -0.655372 0.088858 478.020 0 0
1500.0 -0.520133 -19.520570 17.835489 -0.917217 -0.361191 479.695 0 0
1500.0 49.606092 -21.364450 17.858436 -0.149318 -0.361077 484.822 0 0
1500.0 97.326813 -4.319935 17.815709 0.665020 -0.117308 478.032 0 0
1500.0 79.467457 35.533229 17.857230 0.357285 0.572578 482.945 0 0
1500.0 81.501641 -1.641335 18.113277 0.468830 0.002366 478.986 0 0
1500.0 70.440503 24.710410 18.112319 0.298675 0.406583 479.053 0 0
1500.0 79.213776 -16.124258 17.909627 0.325698 -0.327319 478.250 0 0
1500.0 91.053395 -15.512210 17.991498 0.487955 -0.303957 478.912 0 0
1500.0 96.952586 -2.461920 17.860996 0.595570 -0.073237 486.603 0 0
1500.0 62.620606 -28.659516 17.928047 0.072730 -0.470619 485.889 0 0
1500.0 -8.740659 19.878046 17.792026 -0.981915 0.369276 481.314 0 0
1500.0 102.875646 12.211885 17.860777 0.696928 0.133967 485.278 0 0
1500.0 101.785288 32.362916 17.853991 0.735681 0.452531 480.075 0 0
1500.0 84.792641 14.686019 17.955472 0.455494 0.222765 486.606 0 0
1500.0 93.931512 18.881655 18.240314 0.612235 0.284936 487.365 0 0
1500.0 34.346172 22.285651 17.852940 -0.328119 0.383266 486.709 0 0
1500.0 105.251608 14.290093 17.842632 0.731147 0.296511 480.569 0 0
1500.0 35.893749 -123.646622 17.801332 -0.325347 -1.890770 483.687 0 0
1500.0 101.149889 -6.969061 17.813801 0.658820 -0.147943 486.357 0 0
1500.0 69.673800 -14.808085 18.509305 0.222393 -0.348705 472.356 0 0
1500.0 99.422279 36.472549 17.885192 0.693615 0.577485 483.560 0 0
1500.0 115.112894 2.759677 17.884072 0.921556 0.073532 484.023 0 0
1500.0 24.690510 -29.980455 17.963969 -0.569948 -0.460615 482.543 0 0
1500.0 48.478497 -31.578794 18.096364 -0.095697 -0.558738 482.568 0 0
1500.0 32.639846 -22.921226 17.968109 -0.403079 -0.425074 482.435 0 0
1500.0 30.070223 -15.598514 17.970973 -0.400572 -0.282415 489.256 0 0
1500.0 45.884720 -47.293579 18.122394 -0.175091 -0.897742 475.910 0 0
1500.0 -7.873353 0.432818 17.815265 -1.045162 -0.001153 485.756 0 0
1500.0 56.814839 3.911449 18.266970 -0.031245 0.028184 483.344 0 0
1500.0 98.205966 12.032695 17.931587 0.670238 0.250460 483.214 0 0
1500.0 119.611687 18.660037 17.863536 0.994459 0.296638 485.323 0 0
1500.0 127.089839 -24.843333 18.024259 1.212900 -0.369202 479.717 0 0
1500.0 15.149693 51.567083 17.879205 -0.635974 0.833315 486.054 0 0
1500.0 115.395445 3.956386 17.824356 0.900274 0.008840 486.144 0 0
1500.0 106.067143 -21.319806 17.827670 0.751171 -0.357974 487.199 0 0
1500.0 57.951071 -48.157435 17.831632 0.052672 -0.740512 487.832 0 0
1500.0 39.739795 -24.347977 17.950712 -0.233745 -0.409291 490.109 0 0
1500.0 90.792675 -54.156440 17.927937 0.511753 -0.881704 485.546 0 0
1500.0 110.809116 3.443288 17.997126 0.890824 0.079256 484.867 0 0
1500.0 108.900257 -22.037344 17.996188 0.860454 -0.305308 484.984 0 0
1500.0 31.921454 7.545620 17.822374 -0.480366 0.082822 483.252 0 0
1500.0 59.924332 6.180342 18.168481 0.027839 0.157528 484.170 0 0
1500.0 47.813051 -62.319854 17.962955 -0.144769 -1.002633 486.363 0 0
1500.0 109.586967 -81.777860 18.001863 0.906158 -1.370506 481.591 0 0
1500.0 29.994996 36.055461 17.907291 -0.497536 0.556405 484.690 0 0
1500.0 60.208819 42.600991 17.910659 -0.033622 0.659800 484.408 0 0
1500.0 119.151693 -97.074151 17.801906 0.988978 -1.531044 485.120 0 0
1500.0 133.923855 24.068501 18.091786 1.332883 0.410460 481.483 0 0
1500.0 108.642248 -17.321130 17.881231 0.826685 -0.204264 485.514 0 0
1500.0 111.939987 14.186933 17.878115 0.872195 0.275379 485.878 0 0
1500.0 73.021354 64.540751 17.871332 0.271049 1.002778 488.329 0 0
1500.0 97.058310 -3.749507 17.891490 0.598417 0.002758 491.135 0 0
1500.0 89.177928 -5.547322 17.893391 0.538029 -0.024858 484.469 0 0
1500.0 86.067707 60.141046 18.143579 0.515153 1.088274 479.843 0 0
1500.0 134.118806 -37.945071 17.942063 1.271637 -0.615437 485.328 0 0
1500.0 68.754228 -4.769030 17.887285 0.171611 0.000980 492.934 0 0
1500.0 92.672650 11.162285 18.012988 0.574639 0.245867 486.563 0 0
1500.0 49.920408 59.053445 18.100742 -0.083085 1.042984 483.345 0 0
1500.0 99.116420 1.790488 17.854397 0.692654 -0.026132 486.953 0 0
1500.0 105.070759 -8.402786 17.849888 0.779838 -0.182511 487.354 0 0
1500.0 80.533415 -45.459973 17.850374 0.373323 -0.696229 492.533 0 0
1500.0 43.043199 13.055201 18.182203 -0.231394 0.260577 487.885 0 0
1500.0 91.100012 16.812605 17.868850 0.520560 0.333236 488.040 0 0
1500.0 41.541834 -10.247565 18.110320 -0.259093 -0.184348 492.850 0 0
1500.0 123.844018 4.027796 17.892146 1.044618 0.035501 490.907 0 0
1500.0 75.188003 -63.167110 17.853020 0.279896 -0.991922 491.474 0 0
1500.0 93.941060 -19.670976 17.869211 0.585102 -0.376190 487.836 0 0
1500.0 123.646816 -1.095711 17.853810 1.013169 -0.086835 489.786 0 0
1500.0 64.456564 -12.484269 17.880245 0.131570 -0.268542 487.042 0 0
1500.0 41.870310 -44.490224 17.868049 -0.200614 -0.696519 493.677 0 0
1500.0 109.685902 -31.027898 17.858732 0.771089 -0.513504 492.630 0 0
1500.0 35.072910 -70.895317 17.907566 -0.347240 -1.234354 484.842 0 0
1500.0 101.778967 30.542240 17.904332 0.668118 0.495346 493.946 0 0
1500.0 90.165586 9.262520 17.937705 0.495496 0.216717 489.516 0 0
1500.0 113.139150 5.199363 17.900378 0.865031 0.060605 494.265 0 0
1500.0 110.444795 -2.800392 17.899580 0.881628 -0.057067 489.889 0 0
1500.0 79.779804 -30.257482 17.818166 0.307864 -0.497472 495.079 0 0
1500.0 75.239763 5.178537 18.131909 0.372239 0.044816 489.700 0 0
1500.0 45.680512 21.410966 18.074586 -0.191199 0.399592 489.604 0 0
1500.0 0.441885 0.825173 17.870953 -0.915401 -0.000040 492.696 0 0
1500.0 74.561518 63.962527 17.807941 0.228556 1.011557 493.087 0 0
1500.0 15.959287 10.357668 17.824117 -0.665729 0.236427 489.632 0 0
1500.0 32.289775 47.273548 17.818405 -0.381806 0.746268 494.933 0 0
1500.0 39.366399 24.100653 17.840055 -0.249621 0.407590 497.255 0 0
1500.0 102.108672 24.498442 17.827381 0.690390 0.451477 491.217 0 0
1500.0 62.815720 32.773153 17.838394 0.079955 0.530387 497.126 0 0
1500.0 69.706702 20.000420 17.841134 0.196337 0.389059 490.107 0 0
1500.0 80.265556 -71.042925 17.878886 0.327189 -1.169583 491.096 0 0
1500.0 118.065208 -74.803187 18.142747 1.064998 -1.297908 487.866 0 0
1500.0 32.959185 35.008726 18.043417 -0.474571 0.543033 487.624 0 0
1500.0 47.889398 -25.111815 17.910603 -0.226360 -0.389930 491.786 0 0
1500.0 -6.801729 14.736804 17.886405 -1.011414 0.215676 495.933 0 0
1500.0 99.295418 13.449762 17.960800 0.725148 0.207346 492.968 0 0
1500.0 119.646813 -22.685912 17.799874 0.961435 -0.299891 496.351 0 0
1500.0 81.042116 -2.312346 18.060863 0.437071 -0.108273 489.028 0 0
1500.0 68.931778 24.324126 17.956604 0.224105 0.377571 499.566 0 0
1500.0 121.849670 -143.465749 18.072950 1.119840 -2.527012 486.585 0 0
1500.0 71.691758 -6.315885 17.827447 0.214583 -0.023499 499.416 0 0
1500.0 52.644854 -40.504863 17.934795 -0.065035 -0.639621 499.195 0 0
1500.0 110.961691 37.818456 17.854596 0.816659 0.555287 499.955 0 0
1500.0 102.604491 -31.104041 17.813492 0.741908 -0.430422 494.472 0 0
1500.0 85.949075 49.549644 17.809634 0.483211 0.799759 494.941 0 0
1500.0 113.796620 2.789961 17.813495 0.853627 0.083142 499.043 0 0
1500.0 108.005799 43.023537 17.803607 0.792518 0.677987 497.120 0 0
1500.0 90.708585 -13.110950 17.832441 0.506711 -0.135857 500.651 0 0
1500.0 64.204640 -71.279150 17.905536 0.117571 -1.107051 498.073 0 0
1500.0 83.645561 13.778874 17.938598 0.481565 0.184120 494.287 0 0
1500.0 55.649341 -102.446897 17.880034 -0.093126 -1.675487 493.219 0 0
1500.0 100.097920 35.050548 17.889336 0.662396 0.545385 500.402 0 0
1500.0 75.000931 20.962211 17.991504 0.289767 0.352017 503.027 0 0
1500.0 123.793282 -23.432069 17.901264 1.018149 -0.428433 497.454 0 0
1500.0 32.692289 9.643394 18.106228 -0.439277 0.237424 491.230 0 0
1500.0 75.629275 -58.059117 17.888351 0.292164 -0.953084 497.565 0 0
1500.0 41.140426 -21.287365 17.986996 -0.218924 -0.365946 505.224 0 0
1500.0 84.703309 -31.205683 18.039485 0.474450 -0.541525 500.152 0 0
1500.0 116.420018 -25.272201 17.844129 0.932853 -0.427300 502.398 0 0
1500.0 92.126410 -45.213719 17.849091 0.577703 -0.736181 501.440 0 0
1500.0 9.033867 -91.219708 17.911740 -0.834307 -1.441779 499.526 0 0
1500.0 56.257370 -7.749364 17.903095 -0.047618 -0.047878 499.687 0 0
1500.0 30.096091 -7.624600 17.820498 -0.463690 -0.089041 507.366 0 0
1500.0 10.676135 8.269578 17.810635 -0.745563 0.136056 506.525 0 0
1500.0 104.836587 -61.239006 17.926211 0.798432 -0.946476 502.520 0 0
1500.0 63.278026 -8.036540 17.983717 0.029618 -0.092118 502.988 0 0
1500.0 27.413260 37.800883 17.966194 -0.518103 0.608998 504.309 0 0
1500.0 40.760596 4.980715 17.981427 -0.286380 0.098638 510.742 0 0
1500.0 4.835625 9.367617 17.818750 -0.822633 0.172037 509.738 0 0
1500.0 -4.727576 -5.268370 17.812008 -0.972177 -0.037729 508.816 0 0
1500.0 21.917419 53.764639 17.809786 -0.590069 0.823127 508.354 0 0
1500.0 59.979757 35.302864 17.828751 -0.037151 0.590296 504.118 0 0
1500.0 -4.483438 -7.353860 17.810023 -1.006118 -0.070575 506.245 0 0
1500.0 84.840769 39.411392 17.814492 0.425593 0.613654 510.805 0 0
1500.0 93.603070 0.309482 17.827401 0.609946 -0.045643 504.997 0 0
1500.0 41.912185 -66.545654 17.807236 -0.183288 -1.029125 508.448 0 0
1500.0 46.770998 -18.688116 17.834193 -0.118501 -0.343318 504.522 0 0
1500.0 51.175788 -67.052864 17.808052 -0.046407 -1.030277 508.864 0 0
1500.0 72.210089 -62.687480 17.808448 0.267957 -0.988807 507.311 0 0
1500.0 51.384459 -42.278405 17.924089 -0.163090 -0.675825 507.582 0 0
1500.0 61.785315 15.213546 17.852270 0.085063 0.311947 507.515 0 0
1500.0 68.742474 12.137080 17.852196 0.193909 0.263789 507.520 0 0
1500.0 53.885638 64.572010 17.826614 -0.035879 1.009270 512.264 0 0
1500.0 29.570312 -32.861200 17.827401 -0.490807 -0.565203 511.633 0 0
1500.0 48.755574 16.568981 18.049060 -0.216592 0.354836 504.828 0 0
1500.0 116.464166 55.609873 17.893474 0.989763 0.903609 511.424 0 0
