Total number of secondary electrons: 2095
1500.0 90.895656 -14.088423 17.697002 0.754651 -0.278411 246.902 0 0
1500.0 124.122305 -4.896569 17.190331 1.453577 -0.105147 258.963 0 0
1500.0 92.933014 -5.762259 17.286607 0.833068 -0.061813 259.393 0 0
1500.0 93.443533 5.759359 17.083512 0.813159 0.090929 267.708 0 0
1500.0 78.464243 13.411857 16.073978 0.444333 0.235872 272.929 0 0
1500.0 100.080391 3.315648 16.288065 0.794104 0.079149 275.211 0 0
1500.0 112.808231 -9.335802 17.330418 1.140595 -0.150648 276.014 0 0
1500.0 96.462446 0.480452 16.401823 0.708247 0.002256 282.886 0 0
1500.0 80.000306 0.087591 16.341240 0.457050 0.084054 284.376 0 0
1500.0 70.669978 18.657046 15.008914 0.182553 0.299649 284.434 0 0
1500.0 99.375402 -0.658375 16.183863 0.715643 -0.020481 285.257 0 0
1500.0 90.063345 6.153832 16.043337 0.635895 0.050402 288.263 0 0
1500.0 77.488346 -9.793899 16.608058 0.477835 -0.173201 288.369 0 0
1500.0 82.778363 -11.732705 16.587627 0.564656 -0.186789 293.171 0 0
1500.0 72.239764 26.923112 15.070500 0.178166 0.357526 295.134 0 0
1500.0 78.344253 -16.304094 16.375950 0.451799 -0.254290 295.160 0 0
1500.0 99.746134 11.943479 16.517995 0.770968 0.154361 295.905 0 0
1500.0 104.968533 -79.462675 14.918689 0.612284 -1.053749 300.116 0 0
1500.0 83.069042 -14.124155 16.067600 0.478394 -0.218473 302.175 0 0
1500.0 81.463240 -5.906885 15.682506 0.451972 -0.070669 302.467 0 0
1500.0 6.101944 -14.259285 15.022361 -0.669088 -0.199807 304.630 0 0
1500.0 95.849381 -4.551320 16.079606 0.630432 -0.012321 305.001 0 0
1500.0 136.688868 -29.827511 14.886821 0.964569 -0.395463 305.054 0 0
1500.0 106.445183 -69.275763 14.904325 0.604828 -0.855713 305.517 0 0
1500.0 76.347038 -15.981575 15.895044 0.285001 -0.275690 305.871 0 0
1500.0 101.653950 -19.059666 15.220209 0.545526 -0.253253 307.108 0 0
1500.0 138.507838 -6.654442 15.005156 0.951387 -0.118058 308.142 0 0
1500.0 40.015805 -42.543547 15.258111 -0.223692 -0.562135 308.394 0 0
1500.0 17.539336 -61.022322 15.141279 -0.491802 -0.814523 309.122 0 0
1500.0 88.320337 -22.119974 15.834734 0.457523 -0.348319 309.165 0 0
1500.0 89.360422 -5.680899 16.351931 0.560899 -0.036224 311.099 0 0
1500.0 63.352716 -71.553438 15.297310 0.061112 -0.997794 312.382 0 0
1500.0 81.496417 15.280497 16.390074 0.471223 0.201871 312.542 0 0
1500.0 58.717799 10.922839 15.885520 0.052465 0.170764 312.558 0 0
1500.0 94.006116 -4.345248 16.394695 0.623332 0.002134 312.794 0 0
1500.0 87.334472 -9.450715 17.432055 0.648038 -0.111370 313.047 0 0
1500.0 75.006185 -1.100059 16.110127 0.332433 -0.012219 313.440 0 0
1500.0 72.756949 -14.464797 16.391146 0.333718 -0.221343 313.527 0 0
1500.0 63.976545 6.415768 15.309213 0.047652 0.137612 313.724 0 0
1500.0 110.130037 36.604668 15.269946 0.615102 0.505721 313.733 0 0
1500.0 97.924519 -19.449783 16.198680 0.623240 -0.302257 314.125 0 0
1500.0 81.806648 72.668904 15.312469 0.245546 0.915380 314.473 0 0
1500.0 77.128808 1.975078 16.476604 0.429038 0.007367 314.707 0 0
1500.0 -7.978713 39.173297 15.329799 -0.831807 0.509988 314.825 0 0
1500.0 96.034657 -0.367192 16.097503 0.596053 0.044883 315.043 0 0
1500.0 75.075544 -46.471216 15.693593 0.207231 -0.634074 316.938 0 0
1500.0 65.109990 -8.303365 15.964600 0.091948 -0.123399 317.544 0 0
1500.0 70.323871 -25.415937 16.213624 0.215738 -0.358020 317.668 0 0
1500.0 26.550180 78.275637 15.483910 -0.390388 0.965992 318.066 0 0
1500.0 111.939120 -32.462814 15.956483 0.796196 -0.488986 318.685 0 0
1500.0 103.498683 -35.832338 15.744661 0.653020 -0.465867 318.769 0 0
1500.0 115.699308 -1.601934 15.744960 0.804295 -0.040891 318.788 0 0
1500.0 81.114791 6.008336 16.052533 0.417596 0.066216 319.150 0 0
1500.0 85.240179 -7.001498 17.328340 0.544347 -0.129884 319.330 0 0
1500.0 81.688570 -13.551037 16.592953 0.455004 -0.202790 319.457 0 0
1500.0 74.143537 -5.532982 15.983311 0.263760 -0.139252 319.544 0 0
1500.0 85.249542 58.111454 16.145332 0.421802 0.928153 319.647 0 0
1500.0 107.674538 20.688353 16.967989 0.963397 0.317331 319.742 0 0
1500.0 87.662416 16.647788 16.164685 0.445551 0.267269 320.251 0 0
1500.0 74.343917 -64.330794 15.558106 0.168159 -0.866509 320.577 0 0
1500.0 89.243640 22.985280 15.830495 0.450729 0.354620 321.154 0 0
1500.0 104.316150 29.041396 16.227353 0.815475 0.443812 321.668 0 0
1500.0 84.931067 1.459167 16.411306 0.465471 -0.037232 321.760 0 0
1500.0 91.825449 -5.138131 16.866492 0.613266 -0.082312 322.051 0 0
1500.0 72.928513 2.627732 15.883186 0.278481 0.079449 322.272 0 0
1500.0 85.042293 -23.278614 16.269986 0.468597 -0.335050 323.088 0 0
1500.0 99.780058 -0.528004 15.923098 0.645454 -0.016008 323.136 0 0
1500.0 95.179225 -24.215832 16.256145 0.590899 -0.344897 323.495 0 0
1500.0 16.526752 1.235347 15.792857 -0.630824 -0.015881 323.639 0 0
1500.0 77.042150 1.597972 16.267995 0.377694 -0.020091 323.659 0 0
1500.0 95.028624 13.749837 15.690791 0.558255 0.148909 324.517 0 0
1500.0 89.928746 -10.908957 17.241008 0.633536 -0.147479 324.893 0 0
1500.0 73.143678 0.304442 16.750512 0.340446 -0.013873 325.111 0 0
1500.0 89.634655 -2.165458 16.867986 0.600285 0.004582 325.160 0 0
1500.0 80.532285 -21.493611 16.354305 0.384454 -0.417235 325.618 0 0
1500.0 81.551126 0.722595 17.184309 0.525462 0.053841 325.854 0 0
1500.0 54.364117 -6.645419 16.147314 -0.006814 -0.125939 326.857 0 0
1500.0 83.696798 18.017858 16.917529 0.534647 0.385739 327.059 0 0
1500.0 78.703397 -4.541443 16.575401 0.448820 -0.085861 327.125 0 0
1500.0 92.188154 4.392031 15.751906 0.462662 0.030249 327.463 0 0
1500.0 40.600341 30.689887 15.609317 -0.203211 0.471943 328.170 0 0
1500.0 85.392874 -12.299129 15.767158 0.404863 -0.226871 328.297 0 0
1500.0 77.192282 5.620675 16.309352 0.325335 0.129806 328.377 0 0
1500.0 117.522588 -48.796562 15.495000 0.761876 -0.677894 328.397 0 0
1500.0 73.031010 -3.275614 16.220072 0.330699 -0.083071 328.624 0 0
1500.0 64.441898 2.600521 16.273877 0.172491 0.095870 329.129 0 0
1500.0 40.182654 -23.970452 15.760004 -0.216083 -0.383373 329.283 0 0
1500.0 79.793506 -11.499058 15.795543 0.311911 -0.155217 329.506 0 0
1500.0 73.253488 -19.500951 16.149657 0.228764 -0.268088 329.666 0 0
1500.0 83.056811 -11.331416 16.741449 0.520335 -0.150475 330.134 0 0
1500.0 103.163203 33.097757 16.244883 0.794305 0.590487 330.495 0 0
1500.0 92.975484 31.644672 15.693277 0.468469 0.483634 330.570 0 0
1500.0 129.172690 -16.375417 16.074654 1.099856 -0.280654 330.560 0 0
1500.0 90.607916 -0.527805 16.346728 0.525326 0.052396 330.943 0 0
1500.0 119.415938 53.173684 15.616920 0.922404 0.734936 331.142 0 0
1500.0 71.000863 -16.259387 16.059433 0.248289 -0.276083 331.280 0 0
1500.0 89.469512 -11.258915 15.871807 0.508121 -0.110856 331.279 0 0
1500.0 62.102779 55.062252 15.729060 0.047044 0.812461 331.294 0 0
1500.0 29.793807 -29.257761 15.788164 -0.465086 -0.401590 331.507 0 0
1500.0 87.610129 11.714482 17.383197 0.624817 0.166261 331.805 0 0
1500.0 53.303730 16.781791 16.220988 -0.033463 0.254759 332.057 0 0
1500.0 100.837963 52.073725 15.729129 0.561051 0.738773 332.104 0 0
1500.0 115.176312 -17.855838 16.341628 1.041867 -0.335991 332.594 0 0
1500.0 55.767193 10.637443 15.917608 -0.062527 0.142043 332.634 0 0
1500.0 258.774039 124.633169 15.729427 2.824598 1.786895 332.695 0 0
1500.0 118.055655 -8.909625 16.762065 1.096286 -0.137684 332.732 0 0
1500.0 52.003314 -28.453151 15.933466 -0.112425 -0.379459 332.944 0 0
1500.0 66.540481 7.050640 16.161088 0.145840 0.150257 333.084 0 0
1500.0 80.727746 -66.981051 15.736363 0.323357 -1.019457 333.111 0 0
1500.0 84.417885 49.123585 15.852271 0.392841 0.705911 333.246 0 0
1500.0 34.529867 31.687790 15.749596 -0.380075 0.421178 333.238 0 0
1500.0 66.329034 0.346950 16.291997 0.191902 0.053648 333.645 0 0
1500.0 80.701180 -24.259666 15.915879 0.331879 -0.305815 334.008 0 0
1500.0 102.903963 18.598795 17.060918 0.815964 0.278469 334.432 0 0
1500.0 10.000445 10.077792 15.826519 -0.675944 0.103215 334.824 0 0
1500.0 11.981174 23.733408 15.839785 -0.648306 0.279747 335.052 0 0
1500.0 127.456411 13.296124 15.876891 0.960523 0.214680 335.449 0 0
1500.0 67.642114 -7.615227 16.166353 0.194167 -0.163815 335.615 0 0
1500.0 62.252759 -1.994367 16.206406 0.037397 -0.031491 335.705 0 0
1500.0 65.833233 21.756292 16.436982 0.193377 0.348063 335.895 0 0
1500.0 101.256710 27.236732 16.003597 0.616468 0.421564 335.994 0 0
1500.0 59.686727 -25.553961 16.219161 0.003230 -0.343877 335.969 0 0
1500.0 72.026873 13.882092 16.012019 0.206778 0.185195 336.029 0 0
1500.0 25.032215 -29.367347 15.913286 -0.517267 -0.367578 336.185 0 0
1500.0 106.764542 -24.102518 16.041709 0.666616 -0.383874 336.200 0 0
1500.0 90.440939 47.866952 15.900324 0.493408 0.661416 336.300 0 0
1500.0 95.873865 19.628225 16.473361 0.580318 0.317230 336.626 0 0
1500.0 69.566865 17.296315 16.103091 0.243505 0.252072 336.729 0 0
1500.0 62.863249 20.899352 16.411314 0.155123 0.334973 336.894 0 0
1500.0 36.124596 53.168580 16.005025 -0.252861 0.764196 336.874 0 0
1500.0 80.594040 -16.306107 16.111000 0.390342 -0.197551 336.893 0 0
1500.0 112.548138 53.977885 16.103629 0.804713 0.797721 336.897 0 0
1500.0 93.253514 10.100640 16.459508 0.516054 0.195102 336.996 0 0
1500.0 102.018242 -21.423350 16.243905 0.664347 -0.326408 337.185 0 0
1500.0 91.471488 -5.806533 16.054723 0.454125 -0.033205 337.723 0 0
1500.0 84.087552 -1.383219 17.471006 0.610111 -0.000004 337.926 0 0
1500.0 99.502926 17.848310 16.653212 0.660998 0.278689 338.082 0 0
1500.0 81.940014 -1.135239 16.231537 0.370110 0.048665 338.061 0 0
1500.0 91.580711 11.261296 16.773674 0.541740 0.207876 338.453 0 0
1500.0 30.169810 -4.511122 16.345853 -0.391768 -0.055036 338.533 0 0
1500.0 86.576558 -40.403767 16.327247 0.445553 -0.586554 338.733 0 0
1500.0 55.158420 3.544797 16.265371 -0.012714 0.114558 338.842 0 0
1500.0 109.417832 53.797229 16.121464 0.696144 0.751250 339.014 0 0
1500.0 77.817435 -9.989354 17.351848 0.423514 -0.186653 339.266 0 0
1500.0 77.168281 -1.407844 16.699861 0.399635 -0.012060 339.500 0 0
1500.0 156.447440 -101.581216 16.365349 1.514379 -1.672939 339.606 0 0
1500.0 85.458857 3.597735 16.847507 0.477720 0.107309 339.640 0 0
1500.0 5.512918 -41.203623 16.154126 -0.709750 -0.589805 339.770 0 0
1500.0 98.307242 65.397354 16.129387 0.547877 0.891462 339.790 0 0
1500.0 31.817418 5.238145 16.103879 -0.368038 0.037834 339.960 0 0
1500.0 67.906656 -68.933480 16.158686 0.103967 -0.947978 340.065 0 0
1500.0 113.570572 -3.752032 16.124056 0.806848 -0.026584 340.020 0 0
1500.0 83.822492 53.584230 16.250251 0.339257 0.762112 340.353 0 0
1500.0 79.485740 -13.747620 16.069124 0.332630 -0.241703 340.360 0 0
1500.0 76.540573 -11.250130 16.481921 0.366490 -0.144763 340.512 0 0
1500.0 97.163265 32.022565 16.334200 0.536501 0.485224 340.855 0 0
1500.0 52.194485 -50.490835 16.104769 -0.138377 -0.691809 340.857 0 0
1500.0 78.875867 64.223236 16.195294 0.361102 0.947862 340.907 0 0
1500.0 86.128461 -7.534418 16.435315 0.478332 -0.065882 341.576 0 0
1500.0 73.998008 16.810149 16.589478 0.292423 0.229147 341.891 0 0
1500.0 61.605524 23.888950 16.248810 0.004270 0.344192 341.970 0 0
1500.0 50.799470 -24.064397 16.131298 -0.044806 -0.335679 342.437 0 0
1500.0 104.717534 36.722398 16.061806 0.600033 0.554759 342.544 0 0
1500.0 75.565898 65.415585 16.663634 0.357311 1.080094 342.979 0 0
1500.0 126.848742 30.507003 16.325284 1.054048 0.432960 343.214 0 0
1500.0 132.008995 53.067931 16.234579 1.107351 0.737819 343.622 0 0
1500.0 -14.117351 23.864731 16.103953 -0.990227 0.294201 343.674 0 0
1500.0 81.777693 3.152991 16.621665 0.435148 -0.019824 343.640 0 0
1500.0 93.531452 49.101870 16.067784 0.461790 0.721738 343.851 0 0
1500.0 77.131252 -2.753396 16.666441 0.332678 0.004611 344.100 0 0
1500.0 76.062629 33.163682 16.156906 0.194955 0.485960 344.237 0 0
1500.0 84.393540 -12.151141 16.208662 0.436434 -0.185319 344.265 0 0
1500.0 102.916529 23.040252 16.499592 0.717235 0.333869 344.452 0 0
1500.0 70.230416 -31.707152 16.739564 0.236360 -0.479057 344.486 0 0
1500.0 154.584749 18.671901 16.210618 1.444088 0.269687 344.637 0 0
1500.0 90.091908 19.226880 16.219374 0.417190 0.285967 344.713 0 0
1500.0 83.341599 -3.886874 17.456293 0.523490 0.003886 344.779 0 0
1500.0 6.318800 17.451756 16.363834 -0.746688 0.270830 344.781 0 0
1500.0 83.724553 -14.240070 17.948180 0.565097 -0.227687 344.838 0 0
1500.0 87.774783 9.548374 16.760487 0.473272 0.093275 344.917 0 0
1500.0 55.190134 -52.792881 16.476488 -0.063266 -0.778989 344.912 0 0
1500.0 89.163362 -81.432888 16.315706 0.504054 -1.193551 344.930 0 0
1500.0 158.558663 40.970819 16.311631 1.488429 0.586082 345.284 0 0
1500.0 107.585109 32.684285 16.326579 0.745070 0.427067 345.332 0 0
1500.0 105.486566 41.066899 16.298260 0.750979 0.630829 345.413 0 0
1500.0 107.247935 -38.219988 16.288530 0.661560 -0.571516 345.441 0 0
1500.0 59.521668 -10.080566 16.893852 0.050131 -0.140944 345.459 0 0
1500.0 106.517894 14.633315 16.467607 0.776465 0.304702 345.451 0 0
1500.0 91.985693 70.028383 16.134850 0.412951 0.963033 345.505 0 0
1500.0 59.106419 -18.978794 16.261062 -0.041324 -0.241146 345.730 0 0
1500.0 76.015221 2.798200 16.445832 0.344410 0.030235 345.746 0 0
1500.0 36.676752 18.785412 16.189746 -0.316369 0.320210 345.843 0 0
1500.0 70.853943 9.531500 17.772308 0.344988 0.174961 345.899 0 0
1500.0 29.329376 -18.459315 16.280021 -0.445036 -0.232633 346.177 0 0
1500.0 80.620070 14.573422 16.708203 0.345315 0.223915 346.394 0 0
1500.0 56.535691 5.862815 16.764009 0.033469 0.124505 346.473 0 0
1500.0 62.986029 -11.347734 16.766451 0.160594 -0.174429 346.572 0 0
1500.0 120.686874 82.225918 16.376747 0.905277 1.234967 346.626 0 0
1500.0 2.371611 -2.802302 16.328657 -0.798824 -0.019929 347.278 0 0
1500.0 87.167951 -41.522848 16.306069 0.448179 -0.601783 347.311 0 0
1500.0 84.528567 -21.751954 16.592547 0.373335 -0.311626 347.384 0 0
1500.0 78.773972 -10.497120 16.695665 0.286242 -0.187856 347.450 0 0
1500.0 139.067965 15.267214 16.909625 1.327075 0.254152 347.506 0 0
1500.0 90.202805 -52.724901 16.442551 0.464543 -0.758852 347.879 0 0
1500.0 84.998604 53.911103 16.387392 0.408387 0.846016 347.845 0 0
1500.0 102.932401 122.497544 16.306338 0.679848 1.677379 347.949 0 0
1500.0 118.332672 14.169759 16.337099 0.858941 0.145002 347.993 0 0
1500.0 90.498561 9.456980 16.509692 0.527865 0.144489 348.144 0 0
1500.0 121.384110 1.786001 16.345982 0.897277 -0.019787 348.184 0 0
1500.0 88.198896 -12.091651 17.930800 0.596947 -0.206153 348.257 0 0
1500.0 7.891464 58.467255 16.355300 -0.692329 0.786203 348.288 0 0
1500.0 114.251556 -43.379431 16.390016 0.750052 -0.650020 348.310 0 0
1500.0 121.447086 25.658169 16.363479 0.893707 0.295710 348.555 0 0
1500.0 72.405939 -29.218313 17.199556 0.310706 -0.491300 348.651 0 0
1500.0 104.973722 4.671952 16.845781 0.744742 0.051777 348.882 0 0
1500.0 63.856664 10.577001 16.607942 0.055686 0.179959 348.875 0 0
1500.0 126.953364 15.777423 16.380853 0.961851 0.164378 348.917 0 0
1500.0 67.025335 -70.553557 16.432153 0.140050 -1.033053 349.076 0 0
1500.0 83.632138 30.650733 16.451263 0.385058 0.477704 349.132 0 0
1500.0 93.034530 -63.833531 16.625604 0.584540 -1.033301 349.127 0 0
1500.0 89.782637 16.214278 16.783898 0.534640 0.244890 349.321 0 0
1500.0 71.220010 22.137591 16.664244 0.175628 0.319483 349.356 0 0
1500.0 102.180117 -59.204572 16.366693 0.644859 -0.767190 349.412 0 0
1500.0 70.719307 -54.196394 16.398126 0.191932 -0.716752 349.552 0 0
1500.0 111.043227 50.690320 16.376580 0.759144 0.672872 349.613 0 0
1500.0 75.870680 -10.121164 16.892465 0.324835 -0.197310 349.629 0 0
1500.0 88.004920 -3.395063 17.538911 0.511360 -0.038956 349.824 0 0
1500.0 90.720314 -12.409729 16.564171 0.471080 -0.145682 349.815 0 0
1500.0 97.377252 9.111338 17.533299 0.677978 0.192838 350.439 0 0
1500.0 106.272786 39.103289 16.509330 0.679306 0.581476 350.501 0 0
1500.0 74.836668 -9.244585 17.020541 0.315773 -0.096756 350.628 0 0
1500.0 52.149936 -31.877361 16.570251 -0.139305 -0.437262 350.644 0 0
1500.0 136.240495 43.553250 16.465867 1.157255 0.620170 350.806 0 0
1500.0 115.738437 50.574310 16.480092 0.776805 0.737161 350.866 0 0
1500.0 120.611447 -43.837700 16.493213 0.853591 -0.601967 351.133 0 0
1500.0 115.484912 17.978616 16.540892 0.789282 0.312498 351.179 0 0
1500.0 83.495600 19.397235 16.623962 0.334014 0.325615 351.350 0 0
1500.0 23.007826 18.859486 16.630246 -0.527033 0.261053 351.551 0 0
1500.0 126.912382 17.759725 16.467001 0.891590 0.276765 351.725 0 0
1500.0 7.662466 -31.660783 16.547724 -0.715220 -0.475616 351.751 0 0
1500.0 123.058225 33.655830 16.501320 0.946634 0.530912 351.747 0 0
1500.0 131.068887 -22.209966 16.488624 0.993037 -0.273326 351.780 0 0
1500.0 29.165372 68.716760 16.560072 -0.369721 1.011603 351.970 0 0
1500.0 92.890885 7.806152 17.080783 0.582609 0.151295 352.052 0 0
1500.0 19.670649 8.457122 16.535449 -0.576819 0.064339 352.250 0 0
1500.0 63.535103 -20.435959 17.293160 0.141453 -0.375751 352.358 0 0
1500.0 41.000815 61.163811 16.591844 -0.222194 0.886181 352.498 0 0
1500.0 77.876388 -37.211322 17.227553 0.370002 -0.692786 352.583 0 0
1500.0 0.979107 -33.838572 16.622434 -0.787648 -0.504245 352.620 0 0
1500.0 74.699122 22.039159 16.637294 0.308791 0.313426 352.654 0 0
1500.0 89.899621 -27.331793 16.878468 0.511599 -0.421108 352.786 0 0
1500.0 123.913584 31.595071 16.559706 0.911372 0.501260 352.808 0 0
1500.0 68.181904 -2.111156 16.933796 0.224957 -0.037819 353.100 0 0
1500.0 66.177068 10.141610 17.238090 0.194474 0.201540 353.360 0 0
1500.0 72.381579 47.448083 16.660355 0.218338 0.711859 353.442 0 0
1500.0 100.057644 7.287520 17.220586 0.685678 0.138088 353.720 0 0
1500.0 81.566712 29.629747 17.140026 0.390129 0.460593 353.877 0 0
1500.0 104.367722 58.941522 16.573520 0.657607 0.811698 354.036 0 0
1500.0 102.774926 19.875664 17.233972 0.718039 0.301955 354.071 0 0
1500.0 71.419998 40.364776 17.105642 0.257184 0.746312 354.258 0 0
1500.0 91.282912 -4.229275 18.377279 0.686747 -0.077184 354.324 0 0
1500.0 97.469402 18.066425 18.375858 0.818172 0.327364 354.475 0 0
1500.0 192.337017 -6.833834 16.853670 2.066714 -0.041172 354.609 0 0
1500.0 110.313173 -6.250509 16.734184 0.763053 -0.029620 354.555 0 0
1500.0 84.071960 0.812134 18.606612 0.627862 0.010576 354.666 0 0
1500.0 30.241692 -20.917844 16.754676 -0.419308 -0.329632 354.770 0 0
1500.0 63.655527 -38.588452 16.726258 0.151173 -0.554773 354.763 0 0
1500.0 20.147594 -19.731547 16.938250 -0.564831 -0.334670 354.942 0 0
1500.0 73.849695 -22.375130 17.222777 0.270206 -0.392691 354.977 0 0
1500.0 116.434327 -35.571654 16.715266 0.906853 -0.548099 355.093 0 0
1500.0 83.424744 -4.583457 16.841605 0.341960 -0.112737 355.227 0 0
1500.0 97.500734 0.565589 17.595913 0.666074 0.063105 355.286 0 0
1500.0 91.933834 14.345355 17.059982 0.488142 0.216789 355.652 0 0
1500.0 9.266576 37.873777 16.786704 -0.710725 0.498968 355.954 0 0
1500.0 84.016192 -19.640830 17.377195 0.488881 -0.295296 356.147 0 0
1500.0 77.567462 -11.616736 17.320803 0.304743 -0.210371 356.192 0 0
1500.0 36.794864 35.465913 17.033541 -0.340773 0.569339 356.273 0 0
1500.0 93.625624 14.138919 16.939200 0.511996 0.186331 356.558 0 0
1500.0 36.216219 65.586164 16.847611 -0.303613 1.016312 357.032 0 0
1500.0 129.449937 2.959560 16.784365 1.018689 0.016243 357.245 0 0
1500.0 112.924964 46.211179 17.043678 0.854401 0.707756 357.322 0 0
1500.0 91.753779 13.167444 17.156637 0.484197 0.241370 357.558 0 0
1500.0 81.459864 -13.450945 16.974140 0.361171 -0.183383 357.607 0 0
1500.0 89.089227 -39.357542 16.777427 0.488679 -0.567998 357.793 0 0
1500.0 60.059957 -56.115290 17.115635 -0.001658 -0.848971 357.850 0 0
1500.0 90.579413 -32.936152 17.009285 0.537963 -0.453724 357.879 0 0
1500.0 80.323205 4.417449 16.854167 0.316759 0.131478 357.959 0 0
1500.0 96.434807 4.108621 17.678318 0.664269 0.097830 358.121 0 0
1500.0 79.488909 -8.034044 17.601257 0.414765 -0.166811 358.294 0 0
1500.0 65.189424 -65.533851 16.890305 0.097826 -0.941974 358.257 0 0
1500.0 82.248277 -23.130862 17.030710 0.376041 -0.383853 358.400 0 0
1500.0 125.596088 -25.028690 16.817158 0.959505 -0.423261 358.414 0 0
1500.0 121.232142 -20.704443 16.948254 0.964153 -0.272519 358.520 0 0
1500.0 42.759545 32.114609 16.834536 -0.201694 0.516549 358.629 0 0
1500.0 83.464508 -4.643482 16.912549 0.393906 -0.000200 358.663 0 0
1500.0 73.328503 5.375726 17.904506 0.344854 0.023647 358.794 0 0
1500.0 92.925459 66.953195 16.868363 0.513025 0.914169 358.842 0 0
1500.0 54.273360 -18.768856 17.236569 -0.037043 -0.269126 358.932 0 0
1500.0 56.977686 31.370917 17.091017 -0.012801 0.472580 358.955 0 0
1500.0 6.857677 17.017420 16.820827 -0.744052 0.175808 358.962 0 0
1500.0 109.478512 26.818966 17.001393 0.779505 0.374449 359.054 0 0
1500.0 96.987551 -41.615653 16.826999 0.498074 -0.631425 359.155 0 0
1500.0 -13.094202 -37.335900 17.344835 -1.248937 -0.577171 359.167 0 0
1500.0 23.178462 45.101247 16.858396 -0.556980 0.659602 359.346 0 0
1500.0 99.643490 24.001208 16.851286 0.581726 0.401990 359.360 0 0
1500.0 118.276382 23.309806 17.113257 0.891666 0.339164 359.834 0 0
1500.0 68.052072 -6.446636 17.638762 0.229819 -0.127937 359.892 0 0
1500.0 11.914217 38.820079 16.873508 -0.620771 0.599464 359.894 0 0
1500.0 94.879161 72.015967 17.051291 0.562043 1.086395 360.009 0 0
1500.0 95.915801 17.660937 17.236781 0.622508 0.252653 360.300 0 0
1500.0 73.148425 37.357084 17.110963 0.263682 0.592563 360.340 0 0
1500.0 25.187392 14.626669 17.016114 -0.552356 0.263787 360.334 0 0
1500.0 0.167343 -46.023050 16.859836 -0.825500 -0.640271 360.395 0 0
1500.0 92.964337 13.820703 17.125021 0.578077 0.177481 360.644 0 0
1500.0 79.887397 0.119004 17.500363 0.400889 -0.060106 360.906 0 0
1500.0 62.745844 -0.875553 17.008137 0.053152 -0.079063 360.927 0 0
1500.0 90.520799 -11.058734 17.275370 0.454609 -0.191642 361.012 0 0
1500.0 98.815937 -54.910385 16.893697 0.550988 -0.811383 360.979 0 0
1500.0 99.256350 -22.213269 17.040136 0.554658 -0.328096 361.100 0 0
1500.0 -2.219595 -2.384308 16.995197 -0.865925 0.025873 361.162 0 0
1500.0 28.580891 18.792479 16.930059 -0.394944 0.331526 361.213 0 0
1500.0 120.442616 -41.567204 16.908732 0.877480 -0.571062 361.272 0 0
1500.0 76.115494 9.869538 17.569835 0.393237 0.208908 361.275 0 0
1500.0 22.651951 66.012594 16.917602 -0.437289 0.912144 361.292 0 0
1500.0 58.744909 9.019851 16.965908 -0.056473 0.146367 361.296 0 0
1500.0 59.227600 -36.760478 17.028160 0.051416 -0.508569 361.344 0 0
1500.0 91.433578 -5.463888 17.804523 0.616408 -0.091310 361.425 0 0
1500.0 119.368844 -25.587082 17.091573 0.910088 -0.327989 361.820 0 0
1500.0 119.763588 18.628763 17.401611 0.981059 0.340861 361.907 0 0
1500.0 83.203274 -13.574417 17.651968 0.439177 -0.163406 362.108 0 0
1500.0 93.518065 -15.701488 16.995104 0.561730 -0.251757 362.133 0 0
1500.0 73.077464 -38.993948 16.997056 0.275336 -0.577171 362.208 0 0
1500.0 126.853053 -7.899767 17.108978 1.003951 -0.089446 362.325 0 0
1500.0 126.429265 8.643713 17.108533 0.998457 0.131624 362.312 0 0
1500.0 66.685094 -20.244873 17.123523 0.073084 -0.314995 362.403 0 0
1500.0 83.668716 -16.699498 18.326062 0.555832 -0.247540 362.485 0 0
1500.0 127.949649 -25.835600 16.981902 0.969969 -0.394987 362.567 0 0
1500.0 100.536416 61.011846 16.989334 0.591178 0.865605 362.634 0 0
1500.0 77.814365 5.843749 17.410138 0.363595 0.134293 362.640 0 0
1500.0 87.391337 -23.140927 17.031517 0.425159 -0.307782 362.696 0 0
1500.0 107.390468 -55.723521 16.975538 0.695886 -0.775567 362.697 0 0
1500.0 95.745446 38.848534 17.011406 0.587892 0.507444 362.742 0 0
1500.0 78.689223 1.658156 17.976706 0.377305 0.073251 362.824 0 0
1500.0 -10.501030 -13.758732 16.993649 -0.971756 -0.237606 362.861 0 0
1500.0 65.959013 47.454514 17.287699 0.166547 0.714687 362.826 0 0
1500.0 33.350361 -53.185323 17.059717 -0.351952 -0.795339 362.862 0 0
1500.0 125.101359 -10.264880 17.197032 0.989387 -0.149837 362.979 0 0
1500.0 38.946258 -58.477891 17.074582 -0.328664 -0.819381 363.246 0 0
1500.0 57.500313 29.077789 17.112274 -0.032726 0.407237 363.302 0 0
1500.0 82.059775 -18.325741 17.438494 0.454297 -0.245717 363.354 0 0
1500.0 81.434597 15.816088 18.364428 0.465067 0.221489 363.396 0 0
1500.0 82.142803 -2.387895 17.641133 0.412145 0.003171 363.394 0 0
1500.0 -4.392611 38.252247 17.025112 -0.860151 0.575518 363.390 0 0
1500.0 118.218241 -50.512246 16.989103 0.823313 -0.738373 363.418 0 0
1500.0 43.070598 19.080925 17.330321 -0.302321 0.283294 363.601 0 0
1500.0 59.112565 15.245655 17.432540 0.082043 0.278391 363.760 0 0
1500.0 77.223696 -16.844494 17.497297 0.275590 -0.355453 363.831 0 0
1500.0 131.785147 -33.690486 17.134099 1.129355 -0.501812 363.898 0 0
1500.0 -4.165882 28.562761 17.039909 -0.868196 0.452974 363.987 0 0
1500.0 111.466477 26.264440 17.037674 0.801143 0.368509 364.030 0 0
1500.0 20.444284 61.988146 17.031531 -0.476708 0.867361 364.059 0 0
1500.0 39.269139 -66.844849 17.097199 -0.266264 -0.966933 364.066 0 0
1500.0 82.865138 23.771941 17.128908 0.371423 0.318315 364.164 0 0
1500.0 53.198840 -67.820173 17.025641 -0.097561 -0.926657 364.279 0 0
1500.0 71.691151 17.523017 17.104205 0.220015 0.255004 364.300 0 0
1500.0 94.436461 -12.217111 17.209608 0.542903 -0.237952 364.294 0 0
1500.0 49.114440 -45.316172 17.035532 -0.191995 -0.662469 364.324 0 0
1500.0 -3.243932 -27.750569 17.030611 -0.821875 -0.411044 364.389 0 0
1500.0 130.504125 -31.090984 17.052771 1.046333 -0.460435 364.449 0 0
1500.0 108.651837 68.888569 17.196353 0.807147 1.001142 364.457 0 0
1500.0 37.738872 48.286284 17.040113 -0.350498 0.647423 364.505 0 0
1500.0 59.691281 -24.995401 17.146884 0.069000 -0.412906 364.494 0 0
1500.0 84.907263 -33.565987 17.215771 0.408840 -0.533243 364.545 0 0
1500.0 82.242075 -32.918664 17.474514 0.388169 -0.541265 364.568 0 0
1500.0 45.472317 22.019318 17.408066 -0.213093 0.294582 364.606 0 0
1500.0 50.129743 -44.997811 17.182909 -0.161378 -0.741058 364.687 0 0
1500.0 33.844891 -46.272476 17.045609 -0.403723 -0.672165 364.717 0 0
1500.0 10.122525 -40.874996 17.048419 -0.647069 -0.576606 364.780 0 0
1500.0 95.080701 -51.799006 17.103190 0.569231 -0.746816 364.949 0 0
1500.0 62.813060 70.719419 17.148890 0.086751 1.017475 365.007 0 0
1500.0 65.250262 31.726230 17.232185 0.073797 0.509771 365.057 0 0
1500.0 119.975711 -6.114503 17.219278 0.923423 -0.113860 365.122 0 0
1500.0 75.347996 -72.101522 17.088627 0.294657 -0.998000 365.224 0 0
1500.0 121.265009 12.573932 17.224121 0.938880 0.140119 365.286 0 0
1500.0 94.376073 44.476762 17.976624 0.732175 0.771666 365.377 0 0
1500.0 27.464494 4.458832 17.375098 -0.482761 0.025185 365.391 0 0
1500.0 97.092584 63.471360 17.111745 0.583674 0.870377 365.457 0 0
1500.0 77.876332 59.580574 17.175926 0.332921 0.861745 365.682 0 0
1500.0 25.791025 -6.084848 17.603300 -0.495763 -0.090358 365.765 0 0
1500.0 89.300063 -1.852896 18.011409 0.529673 0.002965 365.911 0 0
1500.0 57.663560 16.059629 17.486478 -0.024287 0.190662 365.930 0 0
1500.0 114.999683 22.977037 17.267437 0.864296 0.326733 366.014 0 0
1500.0 74.596756 12.390217 17.522830 0.226462 0.206896 366.152 0 0
1500.0 19.379809 -3.916653 17.117798 -0.519175 -0.102695 366.238 0 0
1500.0 121.444464 33.285927 17.150428 0.936160 0.422722 366.302 0 0
1500.0 35.103411 43.305910 17.126352 -0.272503 0.658160 366.366 0 0
1500.0 62.168652 11.434615 18.091130 0.141132 0.188854 366.433 0 0
1500.0 83.988397 -27.490995 17.356410 0.360111 -0.399485 366.459 0 0
1500.0 56.827825 -12.803164 17.769956 0.002913 -0.194625 366.577 0 0
1500.0 28.985118 3.746479 17.291820 -0.457685 0.070096 366.548 0 0
1500.0 91.616077 -10.743327 17.535544 0.624826 -0.184115 366.573 0 0
1500.0 77.026068 39.289924 17.359011 0.231774 0.655697 366.692 0 0
1500.0 79.304023 -27.042435 17.251433 0.354490 -0.441048 366.778 0 0
1500.0 19.274121 -9.699092 17.143099 -0.593147 -0.195646 366.931 0 0
1500.0 39.464374 -41.616057 17.409682 -0.263631 -0.630778 366.955 0 0
1500.0 111.692573 29.803658 17.121365 0.795457 0.454342 366.956 0 0
1500.0 30.956310 -30.198971 17.144535 -0.426838 -0.486251 367.002 0 0
1500.0 57.822805 25.404833 17.251827 -0.059871 0.345186 367.112 0 0
1500.0 76.155785 -88.349489 17.367725 0.268068 -1.432251 367.147 0 0
1500.0 75.535899 -32.154160 17.427617 0.264896 -0.515793 367.154 0 0
1500.0 98.490157 -11.109557 17.474925 0.655129 -0.109984 367.349 0 0
1500.0 51.443630 -58.744870 17.282247 -0.126903 -0.854505 367.354 0 0
1500.0 69.602180 -12.631284 18.699952 0.334055 -0.225015 367.370 0 0
1500.0 99.654207 48.325460 17.207372 0.584850 0.723083 367.410 0 0
1500.0 139.962224 -9.897727 17.281417 1.286684 -0.112294 367.515 0 0
1500.0 0.634493 4.597610 17.541378 -0.977858 0.008659 367.459 0 0
1500.0 86.688838 -68.546507 17.189747 0.438714 -0.942381 367.558 0 0
1500.0 18.911108 -33.069959 17.184017 -0.538025 -0.468679 367.682 0 0
1500.0 102.554405 -18.697911 17.263506 0.675425 -0.320200 367.723 0 0
1500.0 60.039104 62.779622 17.181291 -0.046059 0.917740 367.932 0 0
1500.0 30.302577 35.881808 17.270176 -0.442905 0.487191 367.961 0 0
1500.0 111.762508 45.313016 17.267405 0.764736 0.673589 367.979 0 0
1500.0 -15.614802 0.564404 17.152101 -1.043058 -0.018605 368.149 0 0
1500.0 19.227279 25.139848 17.336230 -0.594731 0.337006 368.211 0 0
1500.0 46.003877 -55.308907 17.313550 -0.165342 -0.799109 368.347 0 0
1500.0 86.241073 -16.064821 17.423913 0.437672 -0.211589 368.545 0 0
1500.0 62.818127 -19.539009 17.885540 0.116780 -0.279787 368.590 0 0
1500.0 1.284805 124.378486 17.179882 -0.848473 1.768955 368.608 0 0
1500.0 42.542700 -15.011127 17.468941 -0.214869 -0.215377 368.655 0 0
1500.0 -24.767619 80.035801 17.167727 -1.176377 1.065801 368.692 0 0
1500.0 128.112097 -49.081082 17.182591 1.034062 -0.731688 368.730 0 0
1500.0 -12.087376 -22.278587 17.215300 -0.979955 -0.356937 368.839 0 0
1500.0 92.019280 20.408697 18.724021 0.729014 0.343307 368.848 0 0
1500.0 23.997557 64.402506 17.265806 -0.492862 0.917667 368.934 0 0
1500.0 98.029297 -13.192458 17.656011 0.647944 -0.238903 368.912 0 0
1500.0 48.594815 31.135152 17.820097 -0.121547 0.509831 369.150 0 0
1500.0 6.155668 52.084504 17.273673 -0.730510 0.749414 369.181 0 0
1500.0 83.491309 -16.556664 17.813777 0.395874 -0.282336 369.207 0 0
1500.0 111.286097 11.508629 17.417234 0.876054 0.219033 369.348 0 0
1500.0 121.909330 -0.461446 17.717655 1.079877 -0.060000 369.344 0 0
1500.0 54.151712 8.935281 17.691401 -0.044200 0.076584 369.422 0 0
1500.0 66.396372 -40.191479 17.561857 0.169210 -0.747929 369.444 0 0
1500.0 49.299108 22.241887 17.754996 -0.073666 0.376327 369.581 0 0
1500.0 67.082588 56.452346 17.280440 0.061041 0.836373 369.664 0 0
1500.0 87.589123 53.705060 17.291040 0.396416 0.815772 369.754 0 0
1500.0 89.781069 12.381422 17.269550 0.467982 0.249195 369.736 0 0
1500.0 73.634511 40.781114 17.805541 0.266893 0.715963 369.847 0 0
1500.0 63.833587 28.564317 17.505428 0.163178 0.457789 370.062 0 0
1500.0 107.428780 21.636035 17.546798 0.811258 0.291560 370.330 0 0
1500.0 84.163511 61.749109 17.286536 0.416090 0.901669 370.369 0 0
1500.0 103.091195 -19.446874 17.422963 0.644897 -0.274507 370.681 0 0
1500.0 142.406111 -39.219120 17.254546 1.162973 -0.596158 371.059 0 0
1500.0 81.384229 -19.550314 17.531242 0.303670 -0.311429 371.121 0 0
1500.0 46.291602 -30.296751 17.335336 -0.171603 -0.506855 371.105 0 0
1500.0 32.017253 1.734153 17.321870 -0.442146 0.008229 371.119 0 0
1500.0 4.802280 62.648938 17.462652 -0.830922 0.960315 371.130 0 0
1500.0 95.859667 -5.127979 17.473314 0.614069 -0.032844 371.147 0 0
1500.0 118.537684 -35.582794 17.351212 0.925948 -0.478623 371.323 0 0
1500.0 113.768888 1.111461 17.828228 0.942230 -0.046453 371.418 0 0
1500.0 76.885412 -27.366470 17.578382 0.313459 -0.383485 371.508 0 0
1500.0 73.249591 -9.588942 17.478090 0.313570 -0.161340 372.058 0 0
1500.0 36.863500 40.531767 17.650039 -0.359621 0.652921 372.077 0 0
1500.0 94.141802 -55.202511 17.634599 0.635792 -0.901924 372.429 0 0
1500.0 119.225571 -5.955742 17.392074 0.935362 -0.074441 372.462 0 0
1500.0 77.290318 -73.505782 17.463270 0.330684 -1.174059 372.660 0 0
1500.0 88.495044 33.671890 17.441224 0.423728 0.485533 372.705 0 0
1500.0 67.499124 -12.495520 17.757817 0.183250 -0.247120 372.739 0 0
1500.0 95.356914 2.063540 17.810126 0.653929 0.027491 372.857 0 0
1500.0 23.848449 -52.320678 17.365815 -0.482099 -0.803246 372.855 0 0
1500.0 46.557888 -65.210318 17.361035 -0.119990 -1.025517 372.900 0 0
1500.0 32.370540 23.108765 17.357229 -0.439945 0.299287 372.939 0 0
1500.0 127.101797 -18.017271 17.627045 1.109260 -0.337087 372.942 0 0
1500.0 86.971798 -30.416853 17.496531 0.424741 -0.549937 372.994 0 0
1500.0 60.172214 37.365676 17.331338 -0.043648 0.553151 373.378 0 0
1500.0 121.196894 -26.830080 17.358032 0.881786 -0.444026 373.486 0 0
1500.0 72.184569 -6.736992 18.536001 0.348809 -0.172702 373.620 0 0
1500.0 14.579529 43.272005 17.352270 -0.679298 0.628978 373.651 0 0
1500.0 51.198366 14.270366 17.636204 -0.132395 0.197736 373.653 0 0
1500.0 74.040608 -21.364891 17.909375 0.338175 -0.355873 373.721 0 0
1500.0 17.795032 -38.826272 17.578727 -0.607294 -0.639662 373.860 0 0
1500.0 120.031436 15.318914 17.398294 0.867279 0.247108 374.092 0 0
1500.0 21.581683 -44.394688 17.367688 -0.571771 -0.672479 374.129 0 0
1500.0 37.321146 -28.147333 17.466292 -0.317555 -0.373323 374.168 0 0
1500.0 98.947175 -35.751167 17.391859 0.589306 -0.579484 374.185 0 0
1500.0 15.987029 -58.635598 17.370903 -0.624354 -0.829315 374.308 0 0
1500.0 66.251953 -19.955339 17.388223 0.185648 -0.320973 374.531 0 0
1500.0 112.318421 -22.874173 17.420537 0.833884 -0.285951 374.753 0 0
1500.0 72.903958 18.219823 18.282427 0.348581 0.313482 374.806 0 0
1500.0 106.581437 22.068748 17.541436 0.829830 0.318636 374.825 0 0
1500.0 33.502541 -11.033795 17.713731 -0.423733 -0.203738 374.836 0 0
1500.0 44.535522 -21.800254 17.659013 -0.206823 -0.363704 374.948 0 0
1500.0 94.571068 -29.138546 17.800760 0.569123 -0.483328 375.024 0 0
1500.0 78.845484 -35.713085 17.441520 0.285245 -0.523068 375.179 0 0
1500.0 120.258527 -14.360838 17.430233 0.939116 -0.164259 375.288 0 0
1500.0 67.095072 1.349738 17.511198 0.161009 -0.035339 375.374 0 0
1500.0 124.052901 -24.754955 17.697897 1.028454 -0.424478 375.439 0 0
1500.0 126.938285 -18.343069 17.398448 1.017492 -0.241383 375.412 0 0
1500.0 91.011879 48.539165 17.394260 0.491306 0.667326 375.461 0 0
1500.0 8.506231 40.934434 17.381640 -0.718258 0.643507 375.470 0 0
1500.0 141.776147 53.264235 17.387084 1.169553 0.798065 375.593 0 0
1500.0 43.365743 -8.188931 17.730593 -0.196956 -0.182395 375.581 0 0
1500.0 72.280850 23.122131 17.469045 0.233680 0.341201 375.986 0 0
1500.0 59.533085 -9.435379 17.801857 0.001250 -0.127868 376.010 0 0
1500.0 69.824500 -34.308286 17.540554 0.181215 -0.565306 376.054 0 0
1500.0 89.207024 0.717743 18.169064 0.593993 0.017506 376.082 0 0
1500.0 81.842961 -44.433982 17.577283 0.366157 -0.700946 376.183 0 0
1500.0 66.231832 -19.706411 18.119801 0.145850 -0.312053 376.926 0 0
1500.0 -5.010395 5.986229 17.429809 -0.953903 0.054968 376.928 0 0
1500.0 16.505825 45.920369 17.482199 -0.650517 0.648197 376.880 0 0
1500.0 67.415244 45.002420 17.873396 0.134482 0.748786 376.879 0 0
1500.0 84.156748 11.268811 18.648474 0.538819 0.206355 377.033 0 0
1500.0 75.287655 -41.988450 17.487784 0.204703 -0.656664 377.128 0 0
1500.0 77.742697 -1.623017 17.499294 0.328808 0.039866 377.095 0 0
1500.0 40.662812 62.815062 17.417713 -0.229577 0.904375 377.177 0 0
1500.0 69.934543 -8.946807 18.960447 0.293419 -0.108229 377.283 0 0
1500.0 42.654825 -46.060479 17.519336 -0.274935 -0.693388 377.342 0 0
1500.0 64.025491 -22.607575 18.537231 0.147379 -0.407627 377.465 0 0
1500.0 42.894005 -17.521302 17.621994 -0.249314 -0.304063 377.642 0 0
1500.0 108.629873 -32.385181 17.560305 0.765349 -0.545648 377.641 0 0
1500.0 96.754471 9.986545 18.353272 0.713618 0.145419 377.734 0 0
1500.0 104.821671 46.497674 17.574522 0.736297 0.666897 377.734 0 0
1500.0 53.869817 -2.804715 18.111801 -0.022612 -0.087964 377.699 0 0
1500.0 143.730203 -28.943721 17.475158 1.360037 -0.444535 377.740 0 0
1500.0 79.269720 54.815316 17.429222 0.370849 0.771909 377.761 0 0
1500.0 81.798599 -27.113981 17.835476 0.369601 -0.403406 377.866 0 0
1500.0 38.864228 -61.863634 17.568021 -0.257183 -0.936335 377.937 0 0
1500.0 92.506810 -26.737825 17.741997 0.592368 -0.406667 378.015 0 0
1500.0 63.129188 -9.040060 17.915036 0.158690 -0.200398 378.137 0 0
1500.0 60.002281 -11.578644 18.478105 0.119160 -0.213551 378.157 0 0
1500.0 90.978661 -3.965923 17.795231 0.517115 -0.026806 378.219 0 0
1500.0 66.544199 -13.532064 18.478890 0.208914 -0.240154 378.238 0 0
1500.0 73.929260 31.011491 17.485840 0.224060 0.523161 378.325 0 0
1500.0 83.901430 -4.039377 17.521137 0.454892 -0.059366 378.365 0 0
1500.0 73.397585 -71.376380 17.455546 0.273953 -1.011852 378.495 0 0
1500.0 25.808729 -10.264793 17.617515 -0.506456 -0.106355 378.513 0 0
1500.0 67.047722 -78.620837 17.623489 0.146582 -1.235311 378.587 0 0
1500.0 86.031984 7.631911 18.315220 0.478383 0.166141 378.598 0 0
1500.0 81.502636 59.375376 17.778385 0.443977 1.029909 378.624 0 0
1500.0 129.305471 10.293693 17.462718 1.039839 0.112811 378.797 0 0
1500.0 -5.132988 -30.457564 17.461310 -0.945366 -0.391796 378.768 0 0
1500.0 226.601328 -33.066181 17.709563 2.820130 -0.493327 378.816 0 0
1500.0 24.173596 34.576625 17.472174 -0.448382 0.558093 378.910 0 0
1500.0 71.069851 35.441029 17.821546 0.215901 0.529098 379.080 0 0
1500.0 71.807689 -71.806254 17.468196 0.250236 -1.010450 379.021 0 0
1500.0 81.314573 19.004783 17.483944 0.285182 0.329731 379.055 0 0
1500.0 101.732170 -31.534457 17.577053 0.659587 -0.542059 379.129 0 0
1500.0 74.529324 49.336579 17.625821 0.195792 0.746860 379.313 0 0
1500.0 73.565062 -25.894018 18.078004 0.279409 -0.432989 379.384 0 0
1500.0 118.956270 39.117735 17.479839 0.889548 0.503557 379.478 0 0
1500.0 72.926712 60.731386 17.483437 0.178209 0.872491 379.511 0 0
1500.0 92.096817 -62.331337 17.480926 0.524166 -0.874893 379.519 0 0
1500.0 118.418348 -3.026508 17.680951 0.938614 -0.068840 379.590 0 0
1500.0 77.377710 13.229851 18.003563 0.337002 0.307957 379.696 0 0
1500.0 54.576212 26.226095 18.151292 0.004267 0.431166 379.808 0 0
1500.0 81.669405 21.012549 17.735120 0.373765 0.300938 379.797 0 0
1500.0 78.560174 21.709337 17.969229 0.365369 0.377813 379.771 0 0
1500.0 31.701754 54.052016 17.504257 -0.381517 0.839641 379.843 0 0
1500.0 59.820727 -46.119598 17.867272 0.010764 -0.750901 379.802 0 0
1500.0 54.006960 25.704985 17.494038 -0.019726 0.387926 379.867 0 0
1500.0 109.665622 29.525360 17.479958 0.748912 0.388202 379.893 0 0
1500.0 79.663473 2.004146 17.497853 0.312994 0.080069 379.971 0 0
1500.0 118.380896 22.669286 17.505895 0.850270 0.392569 379.953 0 0
1500.0 106.295106 5.854529 17.502613 0.766267 0.067957 379.922 0 0
1500.0 82.070367 47.537804 17.503524 0.416140 0.668801 380.003 0 0
1500.0 121.383169 -24.747472 17.494254 0.915866 -0.361893 380.014 0 0
1500.0 39.495028 -21.990366 17.589202 -0.291724 -0.308666 380.105 0 0
1500.0 107.815055 -13.633878 17.504968 0.785877 -0.212693 380.127 0 0
1500.0 63.646816 -3.015798 17.575479 0.039768 0.010306 380.093 0 0
1500.0 9.031688 26.141304 17.503264 -0.667063 0.408499 380.136 0 0
1500.0 -14.690439 -9.265010 18.067238 -1.282855 -0.143138 380.190 0 0
1500.0 77.298936 54.324325 17.638532 0.296674 0.840066 380.241 0 0
1500.0 56.391543 -28.700915 18.098489 -0.053459 -0.447492 380.206 0 0
1500.0 19.315309 -32.882365 17.494334 -0.577482 -0.421735 380.275 0 0
1500.0 42.281030 -16.473201 17.576637 -0.273619 -0.187040 380.299 0 0
1500.0 105.066604 49.280888 17.624564 0.755878 0.809566 380.292 0 0
1500.0 70.770265 -6.693897 18.005990 0.169960 -0.152877 380.322 0 0
1500.0 83.012191 -10.343396 17.743388 0.410315 -0.130377 380.446 0 0
1500.0 57.349572 -45.799791 17.644475 -0.082439 -0.738546 380.442 0 0
1500.0 122.636690 -11.977695 19.346505 1.528105 -0.302470 380.392 0 0
1500.0 128.136957 11.185341 17.533976 1.016742 0.191533 380.572 0 0
1500.0 83.802444 21.908504 17.884328 0.485990 0.323394 380.663 0 0
1500.0 113.379695 -13.387648 17.514077 0.862762 -0.180555 380.660 0 0
1500.0 77.673457 3.239591 17.674644 0.312308 0.119820 380.743 0 0
1500.0 119.625825 6.717593 17.519346 0.881811 0.061976 380.883 0 0
1500.0 109.060110 -11.816157 17.816826 0.822923 -0.194841 380.892 0 0
1500.0 91.752734 -25.467502 17.898680 0.580043 -0.407765 380.911 0 0
1500.0 57.582668 58.560972 17.516206 0.021651 0.911341 381.046 0 0
1500.0 51.355724 29.840544 17.676612 -0.071234 0.505574 381.046 0 0
1500.0 7.801161 -4.489686 17.757723 -0.796542 -0.027673 381.056 0 0
1500.0 102.524593 -46.784879 17.518951 0.712299 -0.649086 381.106 0 0
1500.0 72.410673 -49.786637 17.741401 0.251936 -0.775947 381.136 0 0
1500.0 107.646466 -46.776577 17.498910 0.739830 -0.647319 381.197 0 0
1500.0 166.930925 1.165440 17.493640 1.538681 -0.047442 381.286 0 0
1500.0 53.840496 -116.626835 17.553574 -0.081240 -1.735785 381.380 0 0
1500.0 34.474244 33.694602 17.531644 -0.302536 0.506380 381.407 0 0
1500.0 103.015023 51.365654 17.528867 0.607469 0.795728 381.582 0 0
1500.0 119.535108 -28.991533 17.532579 0.934420 -0.396977 381.892 0 0
1500.0 51.718389 26.220419 17.807263 -0.037940 0.448889 381.835 0 0
1500.0 113.415366 -0.478569 17.821813 0.902075 -0.041249 381.892 0 0
1500.0 103.980352 -52.194487 17.533091 0.715259 -0.723144 381.922 0 0
1500.0 57.257214 15.747037 18.150026 0.050276 0.259161 381.950 0 0
1500.0 40.158653 -12.196854 17.840146 -0.259173 -0.161808 382.099 0 0
1500.0 71.988425 -43.634372 17.554795 0.242797 -0.600613 382.006 0 0
1500.0 108.870601 -47.336605 17.534366 0.779236 -0.678682 382.074 0 0
1500.0 130.483434 53.453954 17.744606 1.185972 0.837364 382.029 0 0
1500.0 79.279176 -25.101960 17.706973 0.345029 -0.362540 382.140 0 0
1500.0 80.381133 -25.718007 17.735846 0.353136 -0.444953 382.289 0 0
1500.0 105.573473 30.707855 17.688626 0.702947 0.508665 382.332 0 0
1500.0 23.125185 -21.800101 17.558704 -0.504875 -0.391633 382.353 0 0
1500.0 87.903845 20.328352 18.086386 0.519554 0.383405 382.352 0 0
1500.0 125.545450 7.984816 17.746265 1.028274 0.107652 382.422 0 0
1500.0 68.326304 -39.565948 17.559370 0.155949 -0.650559 382.447 0 0
1500.0 81.610256 2.845082 17.667809 0.377078 0.014285 382.468 0 0
1500.0 39.780804 -6.798422 17.890787 -0.355011 -0.136555 382.481 0 0
1500.0 6.430024 49.848648 17.555352 -0.713771 0.751148 382.528 0 0
1500.0 4.984815 -27.129129 17.602690 -0.747910 -0.410161 382.648 0 0
1500.0 71.883310 -15.479912 18.383130 0.246824 -0.258275 382.661 0 0
1500.0 54.723827 -21.268533 17.972265 -0.026349 -0.355839 382.790 0 0
1500.0 133.846025 3.773187 17.613964 1.097956 0.071319 382.937 0 0
1500.0 77.671875 -15.959273 17.985514 0.329268 -0.298036 382.906 0 0
1500.0 78.905076 -52.178538 17.681089 0.346672 -0.890649 382.937 0 0
1500.0 82.799967 -8.123440 17.978123 0.446662 -0.098563 382.986 0 0
1500.0 22.481661 -42.641596 17.611651 -0.512493 -0.614535 382.953 0 0
1500.0 128.263880 -9.129255 17.551779 1.037852 -0.142079 382.959 0 0
1500.0 42.754150 52.358914 17.579281 -0.284035 0.781660 383.029 0 0
1500.0 23.753286 43.181700 17.612788 -0.560436 0.621925 383.103 0 0
1500.0 113.184697 -46.834613 17.561820 0.827544 -0.634596 383.397 0 0
1500.0 85.744170 59.605645 17.702741 0.414048 0.906952 383.388 0 0
1500.0 95.963744 2.297243 17.786580 0.573676 -0.000314 383.442 0 0
1500.0 83.091277 50.965186 17.734789 0.395880 0.903212 383.458 0 0
1500.0 39.395748 25.914159 17.627922 -0.258255 0.452557 383.499 0 0
1500.0 68.124915 13.337328 18.132270 0.256163 0.250022 383.591 0 0
1500.0 85.790569 32.980399 18.055970 0.438411 0.545359 383.549 0 0
1500.0 57.875699 67.649744 17.706943 0.022588 1.016069 383.658 0 0
1500.0 37.457750 12.810917 17.999360 -0.312588 0.200238 383.846 0 0
1500.0 62.792319 -25.584719 17.995751 0.081208 -0.427288 383.894 0 0
1500.0 70.199911 -42.280482 17.718684 0.132353 -0.667976 383.865 0 0
1500.0 74.022654 43.273844 17.852035 0.306568 0.677797 384.054 0 0
1500.0 123.364637 -24.471101 17.577733 0.958594 -0.323352 384.094 0 0
1500.0 21.958104 61.124391 17.628046 -0.540153 0.898407 384.269 0 0
1500.0 10.590062 -46.762459 17.579274 -0.668932 -0.735514 384.322 0 0
1500.0 60.438855 -8.023987 18.016429 0.033153 -0.071273 384.313 0 0
1500.0 76.343038 32.448209 17.603579 0.341028 0.470318 384.393 0 0
1500.0 77.563402 60.667944 17.699475 0.354302 1.025376 384.391 0 0
1500.0 79.813277 28.055668 17.811254 0.358730 0.476749 384.563 0 0
1500.0 82.750587 11.735851 18.217940 0.443898 0.236405 384.629 0 0
1500.0 122.309937 14.428450 17.593247 0.936195 0.205763 384.721 0 0
1500.0 54.961853 -0.145483 18.422089 -0.005515 -0.003517 384.762 0 0
1500.0 38.582538 19.266991 17.771512 -0.325004 0.384814 384.744 0 0
1500.0 63.077701 3.635563 18.422187 0.109012 0.049839 384.788 0 0
1500.0 77.476072 25.379128 17.831363 0.331248 0.365630 384.894 0 0
1500.0 71.850871 -12.945097 18.432124 0.346080 -0.233427 384.878 0 0
1500.0 33.619935 -41.321550 17.670609 -0.311596 -0.662972 384.988 0 0
1500.0 25.733175 15.733544 17.807486 -0.514779 0.227765 385.012 0 0
1500.0 115.406358 -24.120878 17.803108 0.876635 -0.438717 385.062 0 0
1500.0 109.431493 -12.213198 17.654371 0.752414 -0.162372 385.142 0 0
1500.0 119.868331 15.968287 17.601989 0.916144 0.167995 385.141 0 0
1500.0 118.161980 -24.725706 17.792679 0.939236 -0.349271 385.286 0 0
1500.0 -5.577758 31.533681 17.645567 -0.950863 0.439191 385.455 0 0
1500.0 89.017859 49.305676 17.618885 0.479542 0.669117 385.670 0 0
1500.0 68.894069 -19.092367 17.822374 0.248919 -0.350941 385.753 0 0
1500.0 119.725043 -2.710545 17.680319 0.922930 -0.101653 386.023 0 0
1500.0 15.600821 -41.391394 17.697709 -0.667436 -0.604146 385.948 0 0
1500.0 98.591328 18.224864 17.851154 0.613252 0.333993 385.975 0 0
1500.0 132.614719 -36.707742 17.716809 1.247183 -0.612051 386.072 0 0
1500.0 60.598966 10.522093 18.645388 0.064105 0.231065 386.087 0 0
1500.0 72.152028 27.103520 17.633158 0.244409 0.380555 386.095 0 0
1500.0 88.576000 -16.890726 18.598559 0.533451 -0.300650 386.125 0 0
1500.0 68.460604 13.626048 17.694219 0.172853 0.273868 386.118 0 0
1500.0 105.335084 3.405098 17.842253 0.710343 0.042078 386.361 0 0
1500.0 109.191092 -10.316247 17.664966 0.810100 -0.120232 386.387 0 0
1500.0 31.740860 17.291773 17.695066 -0.367631 0.326655 386.392 0 0
1500.0 73.597904 -9.076419 18.668501 0.322419 -0.186178 386.658 0 0
1500.0 104.318365 -5.854228 17.876759 0.734358 -0.089471 386.651 0 0
1500.0 85.174935 -20.185034 17.649688 0.420527 -0.280584 386.662 0 0
1500.0 100.840148 7.115761 17.764303 0.702287 0.072171 386.733 0 0
1500.0 16.645089 73.658887 17.661039 -0.640929 1.178304 386.811 0 0
1500.0 71.223588 13.596900 18.202019 0.233551 0.236110 386.840 0 0
1500.0 103.788550 -7.589302 17.881251 0.724778 -0.112878 386.885 0 0
1500.0 59.244589 44.370679 17.771026 0.065088 0.752802 386.878 0 0
1500.0 30.362776 -8.938392 18.063027 -0.484225 -0.203315 386.937 0 0
1500.0 43.015045 -36.665048 18.001792 -0.340314 -0.671775 386.937 0 0
1500.0 103.483912 -51.506527 17.628085 0.627611 -0.773438 387.006 0 0
1500.0 137.026309 20.560488 17.675485 1.179747 0.344315 387.027 0 0
1500.0 26.802132 46.036255 17.694163 -0.455415 0.663673 387.062 0 0
1500.0 101.524785 -31.837212 17.796685 0.713935 -0.440536 387.119 0 0
1500.0 92.871744 -11.869663 17.921480 0.592754 -0.122955 387.203 0 0
1500.0 114.505582 11.980811 17.707825 0.867791 0.120156 387.216 0 0
1500.0 60.285928 26.867337 17.950739 0.043735 0.408144 387.369 0 0
1500.0 90.637084 53.603038 17.654537 0.487375 0.769518 387.348 0 0
1500.0 91.033321 -10.148831 18.629674 0.652731 -0.156130 387.471 0 0
1500.0 93.033968 25.591366 18.132627 0.578896 0.431702 387.380 0 0
1500.0 59.327926 63.402785 17.670412 -0.033619 0.951327 387.419 0 0
1500.0 90.696666 24.193659 17.677344 0.538323 0.308357 387.401 0 0
1500.0 68.752111 -40.057612 17.716739 0.105634 -0.667761 387.379 0 0
1500.0 13.111791 -33.620794 17.667136 -0.717274 -0.501833 387.615 0 0
1500.0 30.219076 25.048411 17.655088 -0.469926 0.323495 387.628 0 0
1500.0 76.031496 1.465292 18.013018 0.360967 -0.027765 387.798 0 0
1500.0 96.112053 58.737376 17.685479 0.538344 0.876876 387.926 0 0
1500.0 116.160260 -39.713194 17.652925 0.847263 -0.605186 387.931 0 0
1500.0 106.767014 -39.406483 17.841966 0.756664 -0.611178 387.899 0 0
1500.0 115.309328 -18.824468 17.774893 0.895783 -0.298447 387.984 0 0
1500.0 45.519054 19.358008 17.860916 -0.231024 0.270690 388.023 0 0
1500.0 127.609498 -10.374962 17.648573 1.036399 -0.149072 388.064 0 0
1500.0 50.595494 69.013383 17.689075 -0.088106 1.015903 388.102 0 0
1500.0 -3.239585 0.884290 17.671840 -0.946626 -0.003483 388.112 0 0
1500.0 68.798326 17.353969 18.329021 0.171570 0.264871 388.104 0 0
1500.0 61.709575 -74.116736 17.647821 0.031303 -1.143606 388.193 0 0
1500.0 25.924472 -49.442241 17.657177 -0.427327 -0.733076 388.211 0 0
1500.0 72.089449 -45.412866 18.440261 0.323353 -0.845565 388.249 0 0
1500.0 78.111886 -0.267580 18.688020 0.419114 0.034399 388.276 0 0
1500.0 118.363855 -26.687165 17.771222 0.936174 -0.372003 388.405 0 0
1500.0 49.635518 15.392002 17.736690 -0.148000 0.250113 388.495 0 0
1500.0 112.385000 -15.064635 17.683968 0.843405 -0.264121 388.493 0 0
1500.0 93.394416 23.381638 17.675851 0.590632 0.360302 388.506 0 0
1500.0 98.494292 -51.539775 17.781315 0.651243 -0.758269 388.538 0 0
1500.0 40.548829 20.540930 17.695612 -0.329009 0.281103 388.544 0 0
1500.0 70.962098 -16.905996 17.839649 0.180303 -0.315966 388.584 0 0
1500.0 68.742812 57.419311 17.708315 0.149002 0.839739 388.690 0 0
1500.0 102.974597 0.816102 18.016840 0.741859 -0.036686 388.738 0 0
1500.0 61.761815 -36.371990 18.717985 0.128872 -0.730428 388.719 0 0
1500.0 55.753059 11.690681 18.287674 0.031904 0.210300 388.761 0 0
1500.0 84.442040 4.451456 17.729152 0.368239 0.121945 388.813 0 0
1500.0 10.250658 -12.181402 17.722464 -0.697607 -0.162484 388.813 0 0
1500.0 104.646980 -1.787256 18.139720 0.789632 -0.009761 388.813 0 0
1500.0 15.807969 49.129233 17.643367 -0.612018 0.774423 388.839 0 0
1500.0 109.567124 42.752394 17.644799 0.728326 0.681957 388.964 0 0
1500.0 107.240493 -39.983127 17.684876 0.766031 -0.636639 388.966 0 0
1500.0 26.985230 -29.639273 17.692460 -0.515122 -0.479009 389.102 0 0
1500.0 85.669158 42.917145 17.775017 0.427925 0.693086 389.120 0 0
1500.0 54.522993 -30.647514 17.830989 -0.099205 -0.566331 389.135 0 0
1500.0 76.481874 -67.848535 17.653254 0.308472 -1.000032 389.201 0 0
1500.0 59.689220 1.348216 17.771440 -0.033287 0.053686 389.239 0 0
1500.0 125.166157 21.093388 17.651406 0.988168 0.269200 389.435 0 0
1500.0 106.727395 -50.284790 17.656575 0.731014 -0.751279 389.406 0 0
1500.0 26.757551 -37.954806 17.757743 -0.459629 -0.624969 389.447 0 0
1500.0 0.961893 -1.139432 17.686135 -0.884626 -0.061566 389.506 0 0
1500.0 20.111316 -28.850210 17.698163 -0.623920 -0.446117 389.464 0 0
1500.0 97.081429 -43.055928 17.725515 0.546854 -0.691752 389.578 0 0
1500.0 69.520349 -0.850738 17.914301 0.259589 0.027489 389.590 0 0
1500.0 88.086641 16.416076 17.931559 0.541905 0.245725 389.754 0 0
1500.0 25.052671 0.650956 17.714367 -0.549830 -0.034129 389.763 0 0
1500.0 93.045587 22.722740 18.708562 0.789636 0.492073 389.995 0 0
1500.0 80.823018 -26.709841 17.733032 0.393402 -0.449198 390.008 0 0
1500.0 116.281586 25.359179 18.015995 1.000483 0.481098 390.011 0 0
1500.0 95.834463 2.381528 17.942412 0.586298 0.009984 390.109 0 0
1500.0 62.754822 -19.260361 18.139551 0.076915 -0.301274 390.231 0 0
1500.0 128.337190 13.298819 17.670989 1.021984 0.137316 390.214 0 0
1500.0 13.541368 21.701824 17.836066 -0.699693 0.295751 390.231 0 0
1500.0 77.540604 22.748958 17.948519 0.340791 0.402779 390.238 0 0
1500.0 83.526523 20.496623 18.077497 0.492784 0.357411 390.594 0 0
1500.0 38.971411 2.671686 17.773052 -0.290825 -0.034366 390.648 0 0
1500.0 68.977552 -3.974668 18.128859 0.204899 -0.139491 390.658 0 0
1500.0 17.235030 57.289582 17.670785 -0.575965 0.867645 390.736 0 0
1500.0 85.374547 -6.080643 18.293740 0.539638 -0.096626 390.752 0 0
1500.0 86.076683 -1.594601 18.293752 0.549635 -0.032470 390.757 0 0
1500.0 43.757507 49.965503 17.708412 -0.282054 0.754052 390.780 0 0
1500.0 10.585479 -21.707546 17.708733 -0.769252 -0.300595 390.879 0 0
1500.0 65.882937 20.555469 17.890929 0.203830 0.342144 390.901 0 0
1500.0 77.967343 15.748495 18.030268 0.313519 0.311515 390.932 0 0
1500.0 130.015098 -10.383019 17.808196 1.109216 -0.129036 391.165 0 0
1500.0 -4.285041 -31.587165 17.741498 -0.899727 -0.513777 391.184 0 0
1500.0 -4.991879 -22.277650 17.708369 -0.955521 -0.359680 391.208 0 0
1500.0 2.674599 3.893688 17.755135 -0.874132 0.041925 391.235 0 0
1500.0 66.547621 -8.354227 18.040513 0.228277 -0.165610 391.273 0 0
1500.0 100.085059 -56.524575 17.742778 0.576120 -0.865382 391.283 0 0
1500.0 34.899992 43.213494 17.761545 -0.375701 0.753794 391.306 0 0
1500.0 124.399867 3.917545 17.735434 1.013309 0.087982 391.383 0 0
1500.0 40.370304 1.236305 18.145572 -0.271047 -0.009273 391.309 0 0
1500.0 50.020974 -57.182285 17.738297 -0.114182 -0.905502 391.418 0 0
1500.0 -48.603605 -17.617073 17.724372 -1.657570 -0.288136 391.424 0 0
1500.0 13.031978 -49.263561 17.727214 -0.679706 -0.688524 391.560 0 0
1500.0 62.544933 -31.037060 17.848879 0.056687 -0.572814 391.581 0 0
1500.0 114.812361 23.597730 17.895804 0.893590 0.374609 391.622 0 0
1500.0 79.627654 -31.276883 17.954831 0.415312 -0.490495 391.798 0 0
1500.0 101.506318 6.317492 17.819582 0.727968 0.079135 391.802 0 0
1500.0 103.869870 27.560741 18.542560 0.825604 0.506975 391.687 0 0
1500.0 -2.429967 29.150094 17.695390 -0.835265 0.467419 391.996 0 0
1500.0 48.882751 -13.775995 18.394276 -0.118008 -0.211199 391.995 0 0
1500.0 100.960119 -55.652312 17.914648 0.734328 -0.970665 392.062 0 0
1500.0 93.976948 -8.504819 18.052216 0.569057 -0.134035 392.121 0 0
1500.0 112.792914 -18.750620 17.989799 0.886348 -0.288873 392.125 0 0
1500.0 101.460273 10.058789 17.954802 0.733287 0.117794 392.133 0 0
1500.0 73.726198 -23.303735 17.805669 0.304639 -0.396256 392.108 0 0
1500.0 93.629942 2.660297 18.102485 0.609583 0.099736 392.146 0 0
1500.0 82.706635 10.170341 18.647620 0.468969 0.167609 392.217 0 0
1500.0 61.035382 22.876371 17.761016 0.048620 0.366930 392.258 0 0
1500.0 10.955239 -51.965051 17.724628 -0.728321 -0.753927 392.249 0 0
1500.0 44.315312 -54.761344 17.968499 -0.267745 -0.928513 392.247 0 0
1500.0 66.050375 18.007626 17.783403 0.187230 0.318631 392.419 0 0
1500.0 34.595418 -5.158044 18.312844 -0.366389 -0.131436 392.425 0 0
1500.0 22.049588 -60.979069 17.727495 -0.570616 -0.878357 392.445 0 0
1500.0 37.699408 -14.417212 18.313316 -0.309807 -0.289816 392.528 0 0
1500.0 20.350401 24.141870 17.769985 -0.550394 0.363469 392.551 0 0
1500.0 75.339627 21.944282 18.618461 0.402305 0.366404 392.658 0 0
1500.0 104.353157 0.087211 17.803369 0.757509 -0.043285 392.866 0 0
1500.0 12.923950 4.152378 17.723031 -0.707382 0.134199 392.815 0 0
1500.0 61.334113 -22.651958 17.813271 0.016573 -0.393182 392.882 0 0
1500.0 17.262437 -13.245932 17.779974 -0.663851 -0.251914 393.184 0 0
1500.0 257.388000 70.955966 17.887204 3.294428 1.227948 393.166 0 0
1500.0 59.605268 -41.537848 17.911609 -0.023209 -0.746515 392.999 0 0
1500.0 52.874106 13.667853 18.132495 -0.028820 0.280588 393.329 0 0
1500.0 31.068014 24.309123 17.799635 -0.471537 0.397938 393.364 0 0
1500.0 86.680113 -4.419756 18.051868 0.505076 0.002249 393.375 0 0
1500.0 41.126118 -52.502672 17.799546 -0.263830 -0.881868 393.335 0 0
1500.0 14.428792 26.867273 17.746607 -0.718207 0.443214 393.504 0 0
1500.0 70.735518 -36.424780 17.768058 0.184716 -0.626428 393.552 0 0
1500.0 24.521677 14.060702 17.899817 -0.543560 0.161335 393.582 0 0
1500.0 22.539298 -30.111554 17.728496 -0.577447 -0.517507 393.592 0 0
1500.0 75.844020 1.041632 18.412553 0.419499 0.017834 393.654 0 0
1500.0 64.917829 -26.569271 17.804334 0.113273 -0.480263 393.680 0 0
1500.0 68.140004 -3.336153 18.215336 0.161772 -0.106681 393.691 0 0
1500.0 47.611031 -26.763893 17.967851 -0.182735 -0.455612 393.747 0 0
1500.0 100.300218 -30.570801 18.865538 0.819611 -0.555771 393.780 0 0
1500.0 74.048157 -38.033315 17.992104 0.278394 -0.639387 393.825 0 0
1500.0 89.196956 4.837174 18.550315 0.642891 0.185887 393.845 0 0
1500.0 -1.968752 -22.611239 17.752741 -0.877513 -0.350492 393.998 0 0
1500.0 135.695762 -29.824490 17.964998 1.294388 -0.492128 393.986 0 0
1500.0 78.536569 7.769029 17.897926 0.311179 0.155971 394.047 0 0
1500.0 112.748383 37.108733 17.736101 0.787032 0.571800 394.124 0 0
1500.0 64.352364 -63.166332 18.274170 0.122613 -1.216335 394.118 0 0
1500.0 -8.810215 -17.234897 17.785719 -0.997295 -0.255099 394.290 0 0
1500.0 74.903142 50.428171 17.777391 0.287765 0.818790 394.247 0 0
1500.0 55.527979 54.403777 17.808506 -0.095562 0.847372 394.292 0 0
1500.0 40.456087 4.729937 17.854425 -0.280873 0.096656 394.557 0 0
1500.0 58.418239 -47.401610 17.799700 0.014191 -0.786899 394.544 0 0
1500.0 158.420190 34.360645 17.826185 1.622366 0.482836 394.579 0 0
1500.0 75.661357 -18.643524 17.894039 0.221022 -0.339640 394.690 0 0
1500.0 45.983482 -45.865259 17.966820 -0.208114 -0.731171 394.804 0 0
1500.0 104.468832 24.851256 18.101918 0.784040 0.446335 394.785 0 0
1500.0 89.140917 50.156082 17.774902 0.483110 0.718531 395.046 0 0
1500.0 67.581609 65.120868 17.779219 0.202191 0.994919 395.132 0 0
1500.0 67.842366 -2.339221 17.806333 0.201387 -0.098621 395.112 0 0
1500.0 95.059345 19.045249 18.893737 0.747628 0.388753 395.057 0 0
1500.0 70.874784 1.478830 18.455994 0.273861 -0.051492 395.206 0 0
1500.0 33.759075 -23.737791 17.778232 -0.340138 -0.432801 395.193 0 0
1500.0 24.033516 -42.682654 17.956176 -0.580328 -0.752668 395.210 0 0
1500.0 126.185365 8.745309 17.825278 1.035061 0.094740 395.272 0 0
1500.0 75.958879 -14.208273 18.426345 0.331171 -0.240347 395.291 0 0
1500.0 77.135768 -5.257763 18.914611 0.489211 -0.100013 395.299 0 0
1500.0 62.879053 -10.498086 18.156521 0.080582 -0.195265 395.386 0 0
1500.0 78.114615 63.531612 17.795614 0.331693 0.984085 395.372 0 0
1500.0 -7.339704 18.386143 17.729164 -1.000372 0.207045 395.378 0 0
1500.0 71.381008 -27.378579 18.435808 0.210713 -0.495749 395.378 0 0
1500.0 49.405361 -40.212472 18.250812 -0.105424 -0.765032 395.341 0 0
1500.0 80.399357 -48.382572 17.834896 0.367789 -0.791622 395.405 0 0
1500.0 84.007667 47.965895 17.778194 0.452357 0.706158 395.548 0 0
1500.0 -2.686763 34.581820 17.729825 -0.929968 0.443439 395.538 0 0
1500.0 118.069962 -6.924978 17.763952 0.928877 -0.167640 395.553 0 0
1500.0 70.124065 13.263178 18.589353 0.217458 0.228200 395.586 0 0
1500.0 99.938685 -14.825473 18.945213 0.785942 -0.272949 395.633 0 0
1500.0 82.394933 -50.111478 17.796080 0.306711 -0.782466 395.642 0 0
1500.0 32.518470 7.661937 18.077816 -0.410009 0.078145 395.659 0 0
1500.0 94.219744 41.865582 17.937046 0.530278 0.689068 395.771 0 0
1500.0 100.087035 -1.270822 17.816273 0.626949 0.013189 395.836 0 0
1500.0 113.175988 9.941129 17.818716 0.815555 0.169238 395.992 0 0
1500.0 37.911003 -4.297588 17.821288 -0.317446 0.010058 396.093 0 0
1500.0 78.970296 -18.014599 18.085034 0.366490 -0.385996 396.101 0 0
1500.0 53.566931 1.452978 17.843108 -0.075905 -0.043284 396.135 0 0
1500.0 104.600850 3.609044 18.718366 0.848416 0.050581 396.145 0 0
1500.0 64.178206 67.890054 17.846293 0.102622 1.040841 396.331 0 0
1500.0 40.310139 -6.504888 18.026553 -0.311819 -0.081876 396.455 0 0
1500.0 50.136862 16.360930 17.987285 -0.116976 0.314716 396.479 0 0
1500.0 45.852382 -3.510355 17.930746 -0.234485 -0.014704 396.480 0 0
1500.0 32.075508 32.984182 17.952299 -0.492099 0.511611 396.466 0 0
1500.0 37.638886 20.386718 18.024181 -0.351183 0.326021 396.693 0 0
1500.0 44.239275 -66.247286 17.738096 -0.239290 -1.012966 396.776 0 0
1500.0 45.401743 -2.471577 17.898254 -0.253373 -0.062800 396.831 0 0
1500.0 21.616583 56.732590 17.830039 -0.562872 0.880154 396.940 0 0
1500.0 67.682613 22.132226 18.122573 0.250903 0.378769 396.961 0 0
1500.0 60.425068 67.065601 17.879896 0.035602 1.041708 397.046 0 0
1500.0 104.882601 5.057373 17.836836 0.828485 0.047151 397.039 0 0
1500.0 102.135194 -42.051775 17.770161 0.685919 -0.692888 397.085 0 0
1500.0 110.147080 -142.834166 17.768175 0.866446 -2.194063 397.116 0 0
1500.0 22.631390 -55.644127 17.797541 -0.548638 -0.837335 397.354 0 0
1500.0 -8.113043 -12.411740 17.744040 -0.982958 -0.237522 397.373 0 0
1500.0 60.251718 -24.438019 17.920803 -0.006306 -0.424975 397.242 0 0
1500.0 71.884029 -38.478104 17.838736 0.150080 -0.612563 397.440 0 0
1500.0 73.609917 -5.792809 18.859535 0.394024 -0.056571 397.569 0 0
1500.0 58.454671 -8.955148 17.838021 0.007910 -0.186275 397.663 0 0
1500.0 95.828904 31.910876 17.797254 0.605729 0.458884 397.640 0 0
1500.0 80.995931 -60.123717 17.770560 0.368490 -0.953347 397.664 0 0
1500.0 110.437055 11.049694 17.946456 0.862995 0.208245 397.631 0 0
1500.0 77.153946 -6.141213 18.711808 0.405727 -0.049070 397.821 0 0
1500.0 65.473867 -39.971901 17.841904 0.097275 -0.609984 397.811 0 0
1500.0 110.580730 -41.097409 17.771749 0.805661 -0.633597 397.868 0 0
1500.0 86.155617 -35.663572 18.112346 0.492925 -0.598792 397.855 0 0
1500.0 172.129781 1.598080 18.275544 2.092046 -0.023094 397.816 0 0
1500.0 105.258340 32.460398 17.945446 0.781681 0.524287 397.991 0 0
1500.0 47.049986 -27.912173 18.229111 -0.273288 -0.451153 398.040 0 0
1500.0 8.100401 -35.175912 17.807241 -0.746492 -0.541814 398.100 0 0
1500.0 98.964899 -31.193963 18.609816 0.809587 -0.557742 398.184 0 0
1500.0 93.244237 49.470700 17.944978 0.600835 0.772549 398.315 0 0
1500.0 10.933013 42.219323 17.783892 -0.692406 0.702021 398.321 0 0
1500.0 57.517784 4.501176 18.085685 -0.027439 0.019212 398.247 0 0
1500.0 76.971351 10.164156 19.339484 0.472556 0.216242 398.374 0 0
1500.0 57.640944 23.265102 18.511680 0.050371 0.464689 398.444 0 0
1500.0 121.706494 -21.719459 17.753908 0.988307 -0.348912 398.588 0 0
1500.0 41.840606 -25.305435 17.887564 -0.306364 -0.356857 398.599 0 0
1500.0 73.117200 3.594385 17.890440 0.211582 0.114224 398.730 0 0
1500.0 45.296621 -55.394702 17.983638 -0.179823 -0.895745 398.662 0 0
1500.0 104.847577 -22.631443 17.767541 0.770423 -0.348344 398.703 0 0
1500.0 29.356395 -17.202733 17.885988 -0.496433 -0.232154 398.757 0 0
1500.0 8.919639 -0.894500 17.771517 -0.720525 -0.071504 399.304 0 0
1500.0 31.235544 -47.058925 17.839943 -0.443829 -0.765523 399.282 0 0
1500.0 65.318424 -5.105555 18.240910 0.165851 -0.152402 399.311 0 0
1500.0 27.795472 -20.107595 17.898712 -0.492251 -0.367668 399.321 0 0
1500.0 51.482645 -52.633827 18.164026 -0.128181 -0.888299 399.268 0 0
1500.0 116.759662 -0.775782 17.877832 0.895949 0.015507 399.439 0 0
1500.0 16.748428 0.101411 17.897555 -0.659194 -0.059689 399.455 0 0
1500.0 -8.806154 160.575552 18.143330 -1.224205 2.844799 399.458 0 0
1500.0 51.826703 -55.909220 17.860269 -0.070082 -0.901846 399.569 0 0
1500.0 104.894759 -10.977954 18.103825 0.791190 -0.217028 399.526 0 0
1500.0 73.216861 -12.854705 18.061923 0.248044 -0.269423 399.609 0 0
1500.0 84.582257 -1.535943 18.232272 0.531159 -0.022296 399.698 0 0
1500.0 34.968251 -4.549991 17.787140 -0.339770 0.002730 399.707 0 0
1500.0 67.783282 -56.269488 17.860157 0.165997 -0.904864 399.742 0 0
1500.0 27.531989 -61.150367 18.315579 -0.560904 -1.211932 399.787 0 0
1500.0 114.640315 -19.190968 17.907346 0.943007 -0.330332 399.810 0 0
1500.0 88.475757 32.164033 18.022698 0.483208 0.493237 399.953 0 0
1500.0 32.598883 -27.671596 18.057153 -0.366945 -0.491143 400.091 0 0
1500.0 81.131181 12.880783 17.924465 0.386587 0.186542 400.166 0 0
1500.0 107.580113 -2.062245 17.888699 0.760131 -0.002438 400.154 0 0
1500.0 88.674331 -113.231262 18.318666 0.502097 -2.188464 400.200 0 0
1500.0 30.957565 70.003095 17.766161 -0.374690 1.104582 400.229 0 0
1500.0 85.650577 16.074305 18.101278 0.525029 0.273906 400.258 0 0
1500.0 43.073421 6.995559 17.791822 -0.243467 0.037321 400.370 0 0
1500.0 90.375283 -26.442661 18.055282 0.503572 -0.471004 400.314 0 0
1500.0 97.571710 22.138602 17.925631 0.700457 0.352266 400.390 0 0
1500.0 56.958431 2.342360 18.125153 0.005329 0.106550 400.421 0 0
1500.0 112.857650 22.314605 18.310749 0.944323 0.433616 400.423 0 0
1500.0 62.802454 -60.343257 17.861014 0.091349 -0.954507 400.492 0 0
1500.0 102.059442 17.370164 18.225105 0.782163 0.257514 400.637 0 0
1500.0 -0.325835 -19.477587 17.827405 -0.879664 -0.364618 400.633 0 0
1500.0 64.585165 -26.616505 17.790702 0.061605 -0.430759 400.663 0 0
1500.0 100.995494 -9.103045 18.721564 0.809965 -0.116882 400.724 0 0
1500.0 85.232900 -0.854296 18.941988 0.594350 -0.056720 400.749 0 0
1500.0 81.614161 21.061425 18.100715 0.405524 0.327528 400.838 0 0
1500.0 1.491934 105.714268 17.774971 -0.896609 1.634013 400.954 0 0
1500.0 -2.588172 -22.717413 17.926973 -0.941080 -0.365984 401.089 0 0
1500.0 63.891236 -16.744871 18.192892 0.164376 -0.278931 401.209 0 0
1500.0 76.960865 -44.923043 17.782843 0.345225 -0.660589 401.236 0 0
1500.0 54.880493 -67.373010 17.838440 -0.085942 -1.042084 401.124 0 0
1500.0 82.333575 23.919347 18.119935 0.380462 0.424215 401.295 0 0
1500.0 28.286726 34.973393 17.996634 -0.488893 0.559962 401.354 0 0
1500.0 60.711753 11.756677 17.859746 -0.008124 0.234895 401.262 0 0
1500.0 87.093646 -36.102711 17.785666 0.464645 -0.535030 401.561 0 0
1500.0 70.741682 -21.565456 18.503560 0.239922 -0.380511 401.672 0 0
1500.0 102.593100 -4.961795 17.896096 0.739867 -0.129131 401.571 0 0
1500.0 73.607250 -67.054967 17.840742 0.186410 -1.028490 401.718 0 0
1500.0 53.162896 51.320298 17.841441 -0.097444 0.849195 401.767 0 0
1500.0 80.596704 -35.213474 17.866289 0.326417 -0.607434 401.758 0 0
1500.0 32.391572 31.193042 17.893393 -0.363563 0.549010 401.794 0 0
1500.0 139.773284 127.127416 18.479717 1.586827 2.584874 401.705 0 0
1500.0 80.175830 -28.827583 18.500202 0.377544 -0.485415 402.031 0 0
1500.0 83.936551 -29.152698 17.811303 0.387404 -0.467382 401.942 0 0
1500.0 39.462343 43.701936 17.875232 -0.324294 0.678511 402.103 0 0
1500.0 98.685467 27.717754 18.088927 0.677848 0.479022 401.948 0 0
1500.0 72.106874 8.414114 18.907853 0.321174 0.188540 402.363 0 0
1500.0 44.253529 16.762671 18.397170 -0.256889 0.308111 402.385 0 0
1500.0 32.521852 41.107013 17.876015 -0.423909 0.637185 402.453 0 0
1500.0 83.608804 -45.889866 17.862056 0.368668 -0.762452 402.393 0 0
1500.0 85.139530 35.362180 17.816446 0.386082 0.563035 402.736 0 0
1500.0 39.301952 70.249215 17.801810 -0.269453 1.066609 402.890 0 0
1500.0 106.419889 -39.965272 17.888084 0.731141 -0.631354 402.923 0 0
1500.0 -0.349101 9.389914 17.795204 -0.909590 0.208182 403.011 0 0
1500.0 85.034930 16.858766 19.697298 0.635886 0.292891 403.089 0 0
1500.0 61.094801 -4.833652 17.878321 0.091676 -0.110059 403.157 0 0
1500.0 22.102871 11.323388 17.906440 -0.554181 0.147267 403.306 0 0
1500.0 24.523662 13.563797 17.905436 -0.517541 0.209967 403.347 0 0
1500.0 101.179017 -1.879177 17.808676 0.637314 -0.092736 403.348 0 0
1500.0 32.555068 -54.931538 17.853566 -0.399593 -0.833031 403.342 0 0
1500.0 111.043679 5.042327 18.122388 0.863847 0.102764 403.267 0 0
1500.0 114.038065 9.401599 17.870712 0.919581 0.126307 403.351 0 0
1500.0 117.637574 -12.614613 17.910936 1.030414 -0.173371 403.196 0 0
1500.0 116.459721 -6.673519 18.115158 1.032713 -0.167570 403.201 0 0
1500.0 -13.047831 -32.100365 17.985196 -1.251738 -0.608994 403.516 0 0
1500.0 41.648077 -76.574794 17.912140 -0.305598 -1.276490 403.754 0 0
1500.0 81.465480 34.410267 18.043055 0.454463 0.542747 403.803 0 0
1500.0 109.502497 -20.377538 18.032107 0.865298 -0.281897 403.993 0 0
1500.0 86.018746 -26.457759 18.932576 0.648617 -0.483766 404.025 0 0
1500.0 65.032190 5.954384 18.182871 0.173047 0.056673 404.242 0 0
1500.0 102.837763 48.546163 17.885259 0.681782 0.783007 404.307 0 0
1500.0 33.172161 -44.039078 17.862482 -0.345742 -0.749550 404.453 0 0
1500.0 84.164430 6.490845 18.016826 0.428413 0.139706 404.549 0 0
1500.0 79.507011 -4.049025 18.773233 0.493253 -0.108382 404.484 0 0
1500.0 77.141001 -12.406443 17.933854 0.375587 -0.224023 404.480 0 0
1500.0 119.120634 3.416736 18.024363 1.063368 0.061367 404.469 0 0
1500.0 96.307205 14.382055 18.277570 0.710670 0.327521 404.471 0 0
1500.0 89.926597 0.897029 18.572617 0.619256 -0.039664 404.725 0 0
1500.0 87.659479 -9.959522 18.181430 0.550806 -0.099800 404.686 0 0
1500.0 103.232524 0.417796 18.133940 0.736262 0.035928 404.790 0 0
1500.0 90.954652 8.077887 18.572228 0.633897 0.065558 404.772 0 0
1500.0 92.529964 -50.339064 17.835383 0.591694 -0.763253 404.789 0 0
1500.0 85.505111 47.968377 17.994805 0.406317 0.791675 404.875 0 0
1500.0 43.534296 3.552494 18.165795 -0.246890 0.072576 404.843 0 0
1500.0 61.776804 68.488111 17.845537 0.007841 1.048250 405.069 0 0
1500.0 114.676685 -35.184132 17.862819 0.890649 -0.545339 405.257 0 0
1500.0 101.129771 -16.366814 17.870037 0.708873 -0.256178 405.184 0 0
1500.0 43.627055 -5.958182 18.034518 -0.330520 -0.116521 405.185 0 0
1500.0 26.958740 -59.482279 17.863614 -0.463994 -0.925866 405.357 0 0
1500.0 52.815124 -17.346705 18.492979 -0.038607 -0.305279 405.344 0 0
1500.0 33.316764 -8.652749 17.941917 -0.355513 -0.181151 405.440 0 0
1500.0 58.664799 -20.250775 18.492487 0.047024 -0.347456 405.415 0 0
1500.0 113.015220 -15.101093 18.031822 0.912529 -0.197027 405.468 0 0
1500.0 97.260737 -55.036566 18.034831 0.623760 -0.919253 405.490 0 0
1500.0 81.309205 64.325347 17.835336 0.310031 1.001130 405.584 0 0
1500.0 76.389218 -0.423061 18.926825 0.395819 -0.003238 405.726 0 0
1500.0 47.022890 -53.858008 17.878598 -0.128661 -0.877657 405.807 0 0
1500.0 82.406488 -54.149759 18.485519 0.465645 -1.090855 405.804 0 0
1500.0 85.381497 29.604258 18.532046 0.577557 0.664039 405.812 0 0
1500.0 56.594565 -1.695499 17.962069 -0.082363 -0.031344 405.888 0 0
1500.0 78.390056 -4.044690 17.951634 0.330699 -0.113793 405.936 0 0
1500.0 90.103656 -35.520772 17.806689 0.484207 -0.557837 405.945 0 0
1500.0 -7.040156 14.369562 17.802887 -0.966678 0.270759 405.996 0 0
1500.0 126.243971 29.199961 17.934791 1.212762 0.452400 405.941 0 0
1500.0 108.122024 25.217177 18.070041 0.841208 0.403600 406.021 0 0
1500.0 114.984663 5.004423 18.069728 0.941103 0.104882 406.127 0 0
1500.0 33.116206 -18.233350 17.961575 -0.367494 -0.356895 406.169 0 0
1500.0 55.637918 -18.748163 17.933572 -0.061427 -0.312927 406.460 0 0
1500.0 114.232746 -36.588720 17.807831 0.887547 -0.556740 406.404 0 0
1500.0 60.656103 14.689974 18.174599 0.029716 0.274201 406.293 0 0
1500.0 28.921416 -15.447072 17.954908 -0.505398 -0.241646 406.462 0 0
1500.0 89.396091 -20.505887 18.251528 0.558945 -0.410033 406.286 0 0
1500.0 49.640398 -5.083808 18.396116 -0.114819 -0.114201 406.730 0 0
1500.0 62.741332 -34.399638 17.955519 0.032392 -0.578337 406.673 0 0
1500.0 78.701798 -43.119804 18.044067 0.413505 -0.796934 406.622 0 0
1500.0 25.610174 28.337201 17.857465 -0.473023 0.456613 406.885 0 0
1500.0 68.935605 159.513523 17.859406 0.115109 2.536081 406.845 0 0
1500.0 96.295086 15.530928 17.880475 0.622599 0.204311 406.911 0 0
1500.0 40.616769 33.916021 18.167742 -0.272321 0.561179 406.907 0 0
1500.0 96.370542 14.630228 18.081207 0.676446 0.180241 406.967 0 0
1500.0 108.801513 6.408797 17.861212 0.836875 0.053432 406.938 0 0
1500.0 18.668822 22.822838 17.949611 -0.657098 0.341626 406.989 0 0
1500.0 88.940757 -4.369998 18.419690 0.602668 -0.099373 407.034 0 0
1500.0 96.778769 -35.415844 17.860020 0.652835 -0.579101 407.116 0 0
1500.0 96.455132 9.983976 18.000711 0.661925 0.098581 407.098 0 0
1500.0 84.148220 -41.630471 17.854445 0.482375 -0.647697 407.340 0 0
1500.0 88.751640 -31.018232 17.998007 0.542385 -0.522876 407.383 0 0
1500.0 131.050711 -37.386012 17.968448 1.255084 -0.614741 407.422 0 0
1500.0 95.816762 5.629325 18.769954 0.718511 0.134708 407.709 0 0
1500.0 100.037584 -50.519738 17.920951 0.693935 -0.771539 407.480 0 0
1500.0 76.837831 -38.369680 18.065321 0.353569 -0.619057 407.550 0 0
1500.0 65.540812 -56.984785 17.987723 0.171987 -0.913583 407.495 0 0
1500.0 116.047970 4.241052 17.857728 0.938197 0.020382 407.538 0 0
1500.0 108.242233 15.031591 17.862931 0.834088 0.193067 407.567 0 0
1500.0 41.234858 24.650209 18.129044 -0.245468 0.445016 407.470 0 0
1500.0 58.830923 -2.916185 17.914347 0.002340 -0.118613 407.556 0 0
1500.0 108.471750 -5.155229 17.946799 0.787588 -0.085944 407.726 0 0
1500.0 81.969222 0.466169 18.416442 0.496155 -0.037098 407.860 0 0
1500.0 20.870709 7.037355 17.990726 -0.584173 0.175254 407.801 0 0
1500.0 34.802713 -20.116705 18.029427 -0.364019 -0.279422 407.914 0 0
1500.0 110.259831 8.220227 18.582475 0.956220 0.106472 407.927 0 0
1500.0 119.456120 11.613868 17.911235 0.952077 0.185529 408.116 0 0
1500.0 118.902737 -15.795477 17.855535 0.970921 -0.277741 408.235 0 0
1500.0 117.931186 18.991805 17.819365 0.934328 0.221473 408.212 0 0
1500.0 73.964189 -4.142436 17.846971 0.327832 -0.045726 408.187 0 0
1500.0 21.163096 -15.391127 18.384948 -0.632434 -0.290360 407.959 0 0
1500.0 108.708901 20.975406 18.766577 1.038232 0.445296 407.981 0 0
1500.0 71.536835 -31.222319 17.906478 0.194874 -0.546104 408.391 0 0
1500.0 79.180346 4.366792 18.070677 0.364368 -0.009381 408.423 0 0
1500.0 138.054622 -17.049834 17.896063 1.262220 -0.340657 408.496 0 0
1500.0 84.622721 56.905808 17.910470 0.424551 0.869324 408.551 0 0
1500.0 85.126016 -7.785758 17.899816 0.441355 -0.141781 408.617 0 0
1500.0 121.157999 -20.034740 17.925486 0.985878 -0.320255 408.653 0 0
1500.0 42.028047 -61.144760 17.941572 -0.276155 -0.958020 408.705 0 0
1500.0 68.004295 -40.886025 18.223090 0.213991 -0.687797 408.613 0 0
1500.0 30.990879 -57.733361 17.941284 -0.439276 -0.905779 408.823 0 0
1500.0 57.446991 -26.337931 17.893099 -0.069068 -0.379020 408.951 0 0
1500.0 97.580678 -24.944082 18.220535 0.655163 -0.446661 408.891 0 0
1500.0 74.953785 21.500491 17.882811 0.342042 0.308649 408.971 0 0
1500.0 89.932599 -15.683768 18.412818 0.626763 -0.229499 409.027 0 0
1500.0 58.456604 26.405961 18.115444 0.034571 0.428215 409.063 0 0
1500.0 21.661136 20.676547 18.006313 -0.594230 0.362241 409.059 0 0
1500.0 111.155629 21.256960 18.045876 0.846649 0.399602 409.256 0 0
1500.0 108.526389 -18.756473 18.192482 0.870733 -0.282853 409.218 0 0
1500.0 57.753220 13.628477 17.910585 -0.002573 0.255685 409.115 0 0
1500.0 88.631204 -3.242930 18.492234 0.603272 -0.004878 409.272 0 0
1500.0 78.421719 28.289303 18.184221 0.306208 0.487055 409.310 0 0
1500.0 -28.915547 64.710046 17.908912 -1.397840 1.076873 409.222 0 0
1500.0 45.999737 -23.518403 18.419385 -0.211529 -0.405938 409.130 0 0
1500.0 68.242152 40.380934 18.421299 0.197743 0.761724 409.150 0 0
1500.0 121.184340 -24.588732 18.194025 1.188333 -0.404711 409.186 0 0
1500.0 115.395913 -20.477023 17.978279 0.946227 -0.313778 409.365 0 0
1500.0 73.628573 -57.642315 17.841695 0.250897 -0.942099 409.399 0 0
1500.0 114.505920 -26.524196 18.071596 0.913428 -0.494963 409.481 0 0
1500.0 59.599885 41.915205 18.180309 0.019740 0.691009 409.630 0 0
1500.0 81.715128 6.902654 18.993057 0.496900 0.046165 409.844 0 0
1500.0 70.664255 -7.146987 18.706863 0.308949 -0.148677 409.852 0 0
1500.0 73.452953 9.682807 18.194746 0.298885 0.181981 409.927 0 0
1500.0 14.508628 -39.824846 17.820483 -0.647578 -0.679802 409.951 0 0
1500.0 52.053915 -18.398917 17.881651 -0.166648 -0.290402 409.857 0 0
1500.0 60.272868 38.737132 17.857947 0.087398 0.679353 409.928 0 0
1500.0 89.401676 44.844535 18.192792 0.525231 0.800716 409.972 0 0
1500.0 72.202749 2.851730 18.996790 0.371427 -0.006761 410.080 0 0
1500.0 -73.373677 42.842402 17.867488 -2.089942 0.706309 410.386 0 0
1500.0 80.049043 -8.272583 18.275982 0.405863 -0.156547 410.680 0 0
1500.0 103.431778 -31.413813 18.138688 0.771694 -0.520949 410.614 0 0
1500.0 116.614319 -3.441754 17.897408 0.932755 -0.111614 410.528 0 0
1500.0 83.448413 -105.261916 17.826946 0.408657 -1.698395 410.583 0 0
1500.0 21.675643 16.691963 17.871729 -0.633978 0.254753 410.571 0 0
1500.0 90.666342 -44.614108 18.036204 0.560319 -0.810194 410.512 0 0
1500.0 24.901715 -29.706256 17.890974 -0.515281 -0.532562 410.846 0 0
1500.0 71.103605 18.931392 18.081274 0.303787 0.323086 410.785 0 0
1500.0 80.259991 -28.490555 17.900066 0.343506 -0.517411 410.766 0 0
1500.0 73.968407 42.430648 17.910829 0.210707 0.714315 411.004 0 0
1500.0 34.960910 -35.562366 17.824300 -0.352551 -0.626799 411.115 0 0
1500.0 -80.672648 23.609422 18.119233 -2.414658 0.453688 411.111 0 0
1500.0 68.088863 19.104562 18.516080 0.229361 0.361007 411.218 0 0
1500.0 77.322516 -7.094716 18.089372 0.341678 -0.152870 411.346 0 0
1500.0 84.068289 25.111126 18.517970 0.531059 0.426623 411.429 0 0
1500.0 30.134187 -40.613862 17.892154 -0.427079 -0.697483 411.451 0 0
1500.0 92.493348 -6.151625 17.839063 0.543058 -0.173060 411.411 0 0
1500.0 72.381518 0.926170 18.075153 0.318579 0.061372 411.497 0 0
1500.0 140.752904 4.875452 18.125214 1.454394 0.048095 411.502 0 0
1500.0 94.702888 56.543656 17.930013 0.576449 0.909782 411.573 0 0
1500.0 45.112151 29.927760 18.326375 -0.184321 0.505481 411.540 0 0
1500.0 101.282208 -36.815929 18.228715 0.720635 -0.676764 411.537 0 0
1500.0 97.491163 37.838301 18.183300 0.743935 0.608754 411.720 0 0
1500.0 54.630989 -32.292598 18.438708 -0.053274 -0.564213 411.723 0 0
1500.0 33.473523 57.772506 17.975851 -0.402320 0.912824 411.854 0 0
1500.0 1.540211 -6.484433 17.820624 -0.910390 -0.156435 411.939 0 0
1500.0 52.397580 31.073904 18.195694 -0.108980 0.502047 412.087 0 0
1500.0 64.597451 5.485326 17.937712 0.139581 0.159420 412.052 0 0
1500.0 21.002615 -32.141346 17.830177 -0.562247 -0.570675 412.150 0 0
1500.0 120.684649 19.712634 17.876474 0.983432 0.350019 412.452 0 0
1500.0 15.369893 -47.644801 17.807128 -0.614805 -0.787387 412.453 0 0
1500.0 -2.611532 -15.964080 17.812511 -0.914638 -0.317361 412.438 0 0
1500.0 18.529533 -3.376747 17.963214 -0.667016 -0.049525 412.501 0 0
1500.0 91.645698 -20.905903 18.015118 0.521198 -0.349260 412.620 0 0
1500.0 -3.817374 16.547605 17.855401 -0.995180 0.244534 412.687 0 0
1500.0 95.599129 -1.650039 18.585153 0.704806 -0.092768 412.781 0 0
1500.0 80.683238 26.588350 17.961306 0.442063 0.420639 412.888 0 0
1500.0 125.998977 22.321011 18.120240 1.174292 0.428981 412.883 0 0
1500.0 25.889027 -47.233135 17.850481 -0.443068 -0.743516 413.136 0 0
1500.0 65.899104 -12.165108 18.497852 0.209924 -0.223198 413.380 0 0
1500.0 81.001297 -1.300196 17.891443 0.379718 -0.057993 413.136 0 0
1500.0 89.700308 -6.932001 17.865317 0.494402 -0.157849 413.024 0 0
1500.0 117.778244 -21.871077 17.820457 0.907964 -0.404894 413.416 0 0
1500.0 49.487196 -58.325372 17.821983 -0.122441 -0.958616 413.142 0 0
1500.0 4.432538 4.492770 17.954338 -0.872463 0.070540 413.341 0 0
1500.0 96.905927 -43.237330 17.890893 0.636746 -0.730267 413.102 0 0
1500.0 118.169600 -57.291617 18.552206 1.194185 -1.100852 413.399 0 0
1500.0 97.519945 1.068606 18.015658 0.618626 -0.033790 413.420 0 0
1500.0 41.162734 -59.611494 18.168439 -0.284960 -1.007069 413.529 0 0
1500.0 63.974798 -24.063507 18.022611 0.152097 -0.380030 413.900 0 0
1500.0 3.097920 38.885317 17.854206 -0.876982 0.569020 413.813 0 0
1500.0 118.606020 -8.925973 18.097199 1.002504 -0.154709 413.644 0 0
1500.0 96.495749 -51.997794 17.868208 0.656389 -0.781275 414.082 0 0
1500.0 78.043524 11.619566 18.039900 0.344994 0.256003 413.914 0 0
1500.0 70.329170 40.876746 17.913367 0.135432 0.722140 413.743 0 0
1500.0 82.246458 -60.506799 17.817704 0.367522 -0.975390 414.243 0 0
1500.0 52.439106 27.825733 17.983057 -0.034737 0.449948 414.447 0 0
1500.0 -2.503381 25.725612 17.855616 -0.950814 0.372123 414.425 0 0
1500.0 56.275899 -32.321858 17.891133 -0.006366 -0.577184 414.677 0 0
1500.0 136.708568 -34.406106 18.269431 1.414250 -0.610986 414.688 0 0
1500.0 29.736242 -41.368252 18.082552 -0.478933 -0.777143 414.502 0 0
1500.0 121.744850 16.605134 17.866595 1.020011 0.241754 415.008 0 0
1500.0 58.986373 57.177105 17.970797 0.046925 0.935845 414.944 0 0
1500.0 10.003823 49.874989 17.887081 -0.753271 0.835145 415.036 0 0
1500.0 64.017653 -11.749671 18.135482 0.103156 -0.252530 415.018 0 0
1500.0 103.081759 -12.033118 17.962990 0.775691 -0.211730 415.204 0 0
1500.0 93.423865 -25.366055 17.885437 0.565421 -0.466096 415.131 0 0
1500.0 23.690792 -3.716465 17.987267 -0.577348 -0.021164 415.114 0 0
1500.0 56.720741 -24.644631 18.135072 -0.000472 -0.457579 415.117 0 0
1500.0 41.468800 3.245357 18.684831 -0.324655 0.004511 415.174 0 0
1500.0 70.439789 -64.511681 17.818005 0.188842 -1.019831 415.244 0 0
1500.0 106.551306 -36.568876 17.994016 0.762693 -0.606499 415.272 0 0
1500.0 31.878827 -63.754005 18.006391 -0.374922 -1.101771 415.313 0 0
1500.0 91.134686 12.368166 18.231906 0.630287 0.186388 415.441 0 0
1500.0 49.978673 -29.841652 17.825805 -0.061384 -0.506392 415.481 0 0
1500.0 99.560122 -45.246156 17.813848 0.603245 -0.725080 415.702 0 0
1500.0 96.082868 -52.850500 17.819398 0.561469 -0.843106 415.696 0 0
1500.0 91.681798 -5.130800 18.050999 0.609470 -0.119413 415.613 0 0
1500.0 93.887602 9.369520 17.880586 0.547054 0.221429 415.496 0 0
1500.0 77.387648 -30.282942 18.155099 0.355804 -0.467938 415.793 0 0
1500.0 93.513108 -74.913111 17.877430 0.634245 -1.267889 415.802 0 0
1500.0 57.834846 -40.202618 18.033960 -0.068088 -0.694823 415.792 0 0
1500.0 79.441697 0.796515 18.164181 0.434571 -0.011134 415.948 0 0
1500.0 109.987674 28.411588 17.921687 0.842662 0.485365 415.920 0 0
1500.0 111.792571 17.113211 17.995845 0.904931 0.239902 415.906 0 0
1500.0 79.389483 -35.649509 18.047352 0.419150 -0.584536 415.910 0 0
1500.0 71.161106 45.504550 17.908597 0.134341 0.777751 415.925 0 0
1500.0 115.972824 18.310376 17.920826 0.930540 0.332622 416.075 0 0
1500.0 2.917110 -11.796287 17.843901 -0.884488 -0.115925 416.025 0 0
1500.0 69.922047 10.279283 18.727539 0.313462 0.195482 416.144 0 0
1500.0 36.623816 5.394635 18.016936 -0.346515 0.071238 416.180 0 0
1500.0 59.078968 66.474432 17.908476 0.050319 1.044196 416.128 0 0
1500.0 99.151979 -44.266273 17.798857 0.581315 -0.737796 416.134 0 0
1500.0 89.616837 -45.039464 17.818613 0.455655 -0.715713 416.320 0 0
1500.0 57.492249 -12.130623 18.139945 -0.030767 -0.223755 416.377 0 0
1500.0 10.193134 -39.654586 17.823471 -0.683183 -0.643559 416.458 0 0
1500.0 43.974688 5.045028 18.502546 -0.194795 0.081609 416.489 0 0
1500.0 72.010787 -16.491378 18.329700 0.237420 -0.314625 416.582 0 0
1500.0 49.273052 -16.901121 17.864392 -0.120423 -0.340813 416.556 0 0
1500.0 40.787158 -13.469335 17.954795 -0.245508 -0.254600 416.857 0 0
1500.0 31.331580 -62.130743 17.795052 -0.466699 -0.905110 416.661 0 0
1500.0 55.305019 -11.535396 18.227073 -0.004217 -0.252066 416.725 0 0
1500.0 61.835623 44.534979 17.812439 0.041703 0.762939 417.014 0 0
1500.0 19.314622 30.416108 17.977884 -0.686569 0.447060 416.895 0 0
1500.0 31.081459 6.761380 18.037038 -0.531604 0.072180 416.967 0 0
1500.0 19.812242 -39.738286 17.828571 -0.539453 -0.638810 417.105 0 0
1500.0 78.998050 -37.775402 18.306504 0.363483 -0.640950 417.069 0 0
1500.0 77.805536 -3.748984 18.383089 0.441224 -0.087581 417.048 0 0
1500.0 93.193960 -45.968673 17.986533 0.617853 -0.723356 417.134 0 0
1500.0 79.206673 4.082949 18.752437 0.445238 0.015125 417.430 0 0
1500.0 40.159623 -14.525502 17.880816 -0.315570 -0.205887 417.329 0 0
1500.0 101.542111 -41.831537 17.850223 0.693369 -0.636226 417.425 0 0
1500.0 79.553121 -61.193107 17.870202 0.339970 -0.982908 417.418 0 0
1500.0 121.926778 11.742403 17.865359 1.004898 0.198567 417.470 0 0
1500.0 15.798573 19.603568 17.807741 -0.708841 0.355978 417.499 0 0
1500.0 95.870497 -25.907831 17.834553 0.542527 -0.437511 417.699 0 0
1500.0 49.234737 -58.286466 17.998391 -0.120961 -0.949007 417.771 0 0
1500.0 16.913878 25.810821 17.806329 -0.690199 0.450633 417.637 0 0
1500.0 73.680856 -16.518271 17.839541 0.314715 -0.225447 417.780 0 0
1500.0 35.986150 60.893600 18.105529 -0.334760 1.081959 417.839 0 0
1500.0 0.265263 33.767562 17.968470 -1.015484 0.597514 417.864 0 0
1500.0 80.836344 10.035457 17.837655 0.425770 0.189420 417.906 0 0
1500.0 121.545708 -8.099075 18.031792 1.026450 -0.158611 418.204 0 0
1500.0 77.578174 3.120507 18.525803 0.397907 0.124595 418.156 0 0
1500.0 105.907219 157.233889 17.850131 0.824920 2.485238 418.216 0 0
1500.0 -56.455135 0.571895 17.904256 -1.974648 -0.012182 418.169 0 0
1500.0 65.235223 3.557929 19.050830 0.236270 0.111771 418.247 0 0
1500.0 74.538666 -17.798341 18.151944 0.286171 -0.311457 418.378 0 0
1500.0 70.226163 16.397886 17.946508 0.170359 0.297010 418.666 0 0
1500.0 55.947723 30.660992 17.989490 -0.073253 0.458660 418.671 0 0
1500.0 49.996949 -18.735340 17.844761 -0.106086 -0.332057 418.517 0 0
1500.0 101.014274 6.294580 18.567736 0.757094 0.109381 419.063 0 0
1500.0 96.644451 34.902079 17.914094 0.619714 0.531961 418.296 0 0
1500.0 88.525629 37.558036 17.922956 0.465008 0.598190 418.635 0 0
1500.0 100.700661 11.962418 18.318572 0.743379 0.187862 419.194 0 0
1500.0 101.907981 -1.245209 18.318424 0.770286 -0.000992 418.319 0 0
1500.0 71.212512 64.604811 17.901049 0.221845 1.015220 418.502 0 0
1500.0 110.047016 -42.000749 17.870092 0.782477 -0.688012 418.352 0 0
1500.0 112.765230 -33.327885 18.000837 0.900956 -0.571478 418.729 0 0
1500.0 100.321601 -19.408975 17.878635 0.672604 -0.373144 418.335 0 0
1500.0 84.796949 51.262493 17.844858 0.475305 0.813721 419.180 0 0
1500.0 98.170951 -0.375541 17.885371 0.702477 -0.003041 418.298 0 0
1500.0 78.550656 41.690874 17.883142 0.398814 0.643568 418.491 0 0
1500.0 101.213310 -33.017239 17.844719 0.666651 -0.580018 419.040 0 0
1500.0 26.471990 4.135735 17.960878 -0.522080 0.122519 419.168 0 0
1500.0 32.234252 -0.130687 17.836315 -0.478151 0.020898 418.873 0 0
1500.0 43.221583 -3.707743 17.840044 -0.307908 -0.035048 418.627 0 0
1500.0 87.453531 5.081400 17.828050 0.534229 0.076941 419.091 0 0
1500.0 47.515094 -6.571884 17.865825 -0.199454 -0.033832 418.719 0 0
1500.0 12.414809 24.347088 17.966262 -0.808595 0.352441 418.956 0 0
1500.0 -6.015993 -11.239360 17.806211 -1.028186 -0.141157 419.310 0 0
1500.0 44.433196 -51.038142 17.807880 -0.146526 -0.823865 419.304 0 0
1500.0 48.101791 -40.448859 17.831019 -0.229195 -0.604506 419.261 0 0
1500.0 104.928529 -4.362312 17.879557 0.735195 -0.035202 419.509 0 0
1500.0 59.265552 -5.078148 18.510156 0.050015 -0.124469 419.433 0 0
1500.0 108.885673 -31.193911 17.869363 0.791106 -0.545193 419.411 0 0
1500.0 71.322072 -21.501250 18.269671 0.327493 -0.362153 419.411 0 0
1500.0 20.478759 5.129911 17.957910 -0.612637 0.137419 419.389 0 0
1500.0 68.843311 -59.011081 17.875989 0.174729 -0.918851 419.732 0 0
1500.0 119.796719 12.069406 17.949861 0.977596 0.160845 419.933 0 0
1500.0 8.119552 44.253177 17.798161 -0.752476 0.725291 419.990 0 0
1500.0 26.020785 57.603316 17.896134 -0.491322 0.921907 419.989 0 0
1500.0 106.948704 -43.780813 17.837891 0.743103 -0.724294 419.768 0 0
1500.0 -5.867734 -19.477749 17.795099 -1.011115 -0.238572 419.519 0 0
1500.0 126.787066 -4.058770 17.808985 1.037929 -0.132541 419.945 0 0
1500.0 60.256965 -63.227821 17.846798 0.042931 -1.021298 419.846 0 0
1500.0 99.589780 -46.919498 17.871416 0.706272 -0.702606 419.958 0 0
1500.0 95.284034 -24.364586 18.032397 0.666429 -0.345761 419.643 0 0
1500.0 20.313518 22.498170 17.953931 -0.612110 0.402981 419.715 0 0
1500.0 93.191852 31.435668 17.864281 0.615452 0.452926 419.730 0 0
1500.0 3.957974 58.320818 17.874669 -0.870742 0.970912 419.728 0 0
1500.0 75.947567 -6.426423 17.931040 0.359174 -0.135499 419.964 0 0
1500.0 113.220819 -29.617155 17.839222 0.830995 -0.535188 420.008 0 0
1500.0 122.656440 40.559983 18.091475 1.141324 0.710315 419.653 0 0
1500.0 -0.324598 28.163794 17.949094 -0.948760 0.547492 419.776 0 0
1500.0 70.369293 -62.226678 17.837186 0.192194 -1.006330 420.308 0 0
1500.0 71.721906 61.455215 17.815883 0.273918 0.958326 420.153 0 0
1500.0 91.259844 -32.403168 17.917549 0.582272 -0.540337 420.248 0 0
1500.0 99.762755 25.511582 17.917649 0.712502 0.346023 420.238 0 0
1500.0 79.325096 -22.068272 17.974706 0.331943 -0.416672 420.156 0 0
1500.0 153.377427 -18.155691 17.848447 1.490625 -0.234165 420.357 0 0
1500.0 1.013908 37.168981 17.839897 -0.884130 0.560640 420.406 0 0
1500.0 92.443651 -34.833170 17.915888 0.598883 -0.576077 420.412 0 0
1500.0 15.315571 42.903953 18.015614 -0.667277 0.767290 420.449 0 0
1500.0 54.714499 -6.601022 17.905769 -0.001332 -0.148333 420.577 0 0
1500.0 106.380407 -45.541984 17.837850 0.726379 -0.742037 420.534 0 0
1500.0 86.765430 -49.605586 18.046803 0.471704 -0.817800 420.774 0 0
1500.0 108.490625 -30.351002 18.046193 0.796322 -0.528396 420.866 0 0
1500.0 88.869554 14.613631 18.374629 0.602339 0.253946 420.798 0 0
1500.0 79.050273 -49.470492 17.913177 0.392646 -0.795907 420.709 0 0
1500.0 42.241183 50.855733 17.912272 -0.299507 0.804740 420.766 0 0
1500.0 34.510657 -43.510641 17.910376 -0.419477 -0.695158 420.570 0 0
1500.0 21.578186 -25.964458 17.967795 -0.555507 -0.472898 420.699 0 0
1500.0 101.261651 -21.233552 17.826130 0.655527 -0.403662 420.767 0 0
1500.0 118.496432 9.942173 17.914248 1.020766 0.108359 420.840 0 0
1500.0 80.870143 -63.618134 18.041369 0.424142 -1.164571 420.639 0 0
1500.0 81.410340 27.773120 18.047021 0.418588 0.405944 420.916 0 0
1500.0 93.420421 0.730434 17.935208 0.559713 0.084535 420.960 0 0
1500.0 48.344422 39.648481 17.878561 -0.140476 0.688527 421.006 0 0
1500.0 103.883892 37.383095 18.016448 0.824534 0.591851 420.896 0 0
1500.0 79.369531 34.062179 18.135208 0.433205 0.550439 421.150 0 0
1500.0 71.347031 77.868332 17.988787 0.264346 1.318364 421.265 0 0
1500.0 88.710439 93.095324 18.012151 0.452715 1.586287 421.262 0 0
1500.0 88.484812 -21.930662 17.841270 0.495371 -0.334468 421.301 0 0
1500.0 76.144077 1.111052 18.042597 0.283111 0.084101 421.363 0 0
1500.0 24.038911 -22.732310 17.947293 -0.528935 -0.345479 421.721 0 0
1500.0 92.471994 57.156293 17.812949 0.575193 0.875841 421.490 0 0
1500.0 110.097517 -40.605365 17.796717 0.830053 -0.639288 421.789 0 0
1500.0 28.459308 57.322211 17.813440 -0.516378 0.881990 421.439 0 0
1500.0 1.866037 24.175897 17.902745 -0.905663 0.335060 421.508 0 0
1500.0 22.748122 49.694836 17.821264 -0.494545 0.817421 421.782 0 0
1500.0 74.900419 -50.394036 17.849380 0.327249 -0.806696 421.611 0 0
1500.0 49.157827 -36.095650 18.142589 -0.148339 -0.603899 421.806 0 0
1500.0 52.576917 15.398480 18.184200 -0.106420 0.270621 421.742 0 0
1500.0 79.592034 39.737724 17.823213 0.407651 0.623863 421.578 0 0
1500.0 38.224670 -42.845959 17.852072 -0.312308 -0.734089 421.959 0 0
1500.0 61.832369 19.814840 17.871290 -0.015149 0.317079 421.463 0 0
1500.0 85.314851 44.481253 17.816517 0.499009 0.680396 421.789 0 0
1500.0 105.353650 -74.981560 18.003743 0.841972 -1.225927 421.644 0 0
1500.0 46.975283 2.590233 18.079863 -0.188260 0.061616 422.048 0 0
1500.0 48.959138 24.074144 17.841979 -0.197630 0.329859 422.105 0 0
1500.0 36.432878 -61.853690 17.837255 -0.308044 -0.975845 422.012 0 0
1500.0 124.060104 -2.489476 17.813772 1.033741 -0.005690 422.036 0 0
1500.0 112.395221 -40.367326 17.791709 0.874271 -0.570857 422.093 0 0
1500.0 15.432450 1.150975 17.818310 -0.737305 0.010888 422.065 0 0
1500.0 79.135586 26.138694 17.886608 0.410605 0.397662 422.131 0 0
1500.0 52.951740 57.709268 17.803238 -0.127368 0.879386 422.190 0 0
1500.0 111.638606 -16.736139 18.165518 0.915797 -0.262540 422.400 0 0
1500.0 27.765228 19.694291 17.961287 -0.524064 0.281087 422.255 0 0
1500.0 69.015874 3.405286 18.060131 0.236304 0.010303 422.722 0 0
1500.0 79.528101 0.751561 18.057608 0.382566 -0.026443 422.539 0 0
1500.0 74.371467 -7.277173 18.058481 0.310837 -0.137572 422.603 0 0
1500.0 -1.881029 27.437005 17.812012 -0.955745 0.426609 422.541 0 0
1500.0 124.231379 0.968854 17.904505 1.047595 -0.028552 422.697 0 0
1500.0 67.457508 -26.515509 18.191723 0.186588 -0.480879 422.656 0 0
1500.0 38.559940 -49.817059 17.812930 -0.377024 -0.770261 422.584 0 0
1500.0 14.850091 -10.812080 17.904328 -0.721304 -0.128166 422.631 0 0
1500.0 28.471415 3.935087 17.915910 -0.508675 0.011931 422.441 0 0
1500.0 92.067685 28.613300 17.848344 0.599300 0.411724 422.694 0 0
1500.0 121.192145 31.122532 17.832471 1.048329 0.449347 422.683 0 0
1500.0 88.536589 -15.204379 18.796504 0.607780 -0.359676 422.491 0 0
1500.0 73.142955 -27.886795 18.190093 0.272870 -0.500898 422.776 0 0
1500.0 82.601055 -40.557116 17.878727 0.459732 -0.630249 422.778 0 0
1500.0 54.716600 11.231169 18.108848 -0.018778 0.223558 422.883 0 0
1500.0 98.688003 -46.053141 17.841565 0.593291 -0.735788 422.885 0 0
1500.0 14.202573 -51.897232 17.822550 -0.618807 -0.830438 423.013 0 0
1500.0 55.532505 -27.640628 17.871373 -0.112204 -0.417741 422.889 0 0
1500.0 92.746413 -0.251911 18.214006 0.636852 0.043461 423.206 0 0
1500.0 8.184906 -27.499933 17.808877 -0.836155 -0.425032 423.079 0 0
1500.0 -6.587664 17.753485 17.902343 -1.004611 0.289245 423.302 0 0
1500.0 23.374667 -53.126081 17.840864 -0.527512 -0.870734 423.548 0 0
1500.0 74.147226 -41.134653 18.183438 0.285796 -0.696946 423.321 0 0
1500.0 28.873760 33.397781 17.850935 -0.433078 0.590802 423.436 0 0
1500.0 62.931103 -1.932072 17.981376 0.094147 0.047768 423.457 0 0
1500.0 59.123825 9.449216 17.881039 0.088758 0.130194 423.615 0 0
1500.0 111.482288 12.224792 17.823301 0.828876 0.204994 423.718 0 0
1500.0 3.804811 -35.284165 17.815344 -0.857719 -0.490947 423.656 0 0
1500.0 110.223156 -36.379743 17.815377 0.805983 -0.582949 423.598 0 0
1500.0 115.433914 -30.583133 17.794908 0.896932 -0.414601 423.786 0 0
1500.0 62.985852 65.859201 17.817609 0.095235 1.043388 423.956 0 0
1500.0 107.394043 -5.350536 18.376348 0.877555 -0.072234 423.884 0 0
1500.0 24.974741 -55.462287 17.840042 -0.501609 -0.902317 423.802 0 0
1500.0 -0.425980 -2.912967 17.946521 -0.937808 -0.066141 423.714 0 0
1500.0 34.782247 -39.830268 17.874795 -0.399712 -0.671255 423.617 0 0
1500.0 105.149526 -35.164408 17.908801 0.735953 -0.634631 423.812 0 0
1500.0 30.250400 6.919698 18.080327 -0.453582 0.193006 423.810 0 0
1500.0 77.428279 19.398071 18.060195 0.365109 0.267361 424.191 0 0
1500.0 64.490847 -6.578500 17.867020 0.104806 -0.160519 424.162 0 0
1500.0 40.949357 -42.955516 17.881026 -0.220494 -0.676407 423.964 0 0
1500.0 93.697595 -2.083866 18.988372 0.737681 -0.011923 424.183 0 0
1500.0 80.219249 -58.675753 17.830589 0.322175 -0.956081 424.235 0 0
1500.0 58.399906 -60.236689 17.897511 -0.043151 -0.957053 424.233 0 0
1500.0 86.990325 5.130668 17.937351 0.481797 0.154326 424.145 0 0
1500.0 93.769372 11.393250 19.108327 0.748974 0.144317 424.371 0 0
1500.0 38.987905 65.666557 17.803288 -0.360994 0.973919 424.296 0 0
1500.0 31.622768 58.062176 17.890692 -0.451234 0.906206 424.390 0 0
1500.0 109.606023 -36.282911 17.866904 0.853065 -0.550895 424.402 0 0
1500.0 47.659099 -14.263424 18.084969 -0.183098 -0.203920 424.467 0 0
1500.0 62.593294 37.958793 17.834347 0.127408 0.564741 424.768 0 0
1500.0 113.470539 -18.090107 17.911878 0.862477 -0.300495 424.771 0 0
1500.0 88.781994 -31.654060 18.445851 0.527660 -0.544543 424.574 0 0
1500.0 47.711370 106.117166 17.842386 -0.157171 1.706127 424.555 0 0
1500.0 56.388936 -10.087663 18.195053 0.036751 -0.230326 424.686 0 0
1500.0 59.338714 -36.746684 17.856030 -0.054338 -0.558062 424.688 0 0
1500.0 54.695693 -30.915772 18.354817 -0.001379 -0.576519 424.684 0 0
1500.0 63.683003 -6.763633 18.396777 0.038148 -0.150520 424.500 0 0
1500.0 80.702821 4.459321 17.894733 0.392828 0.064836 424.961 0 0
1500.0 52.939108 -22.265778 17.862394 -0.064312 -0.381575 424.939 0 0
1500.0 83.943329 -7.449312 17.861904 0.369972 -0.174214 424.903 0 0
1500.0 14.631825 25.399604 17.878969 -0.679311 0.346054 425.035 0 0
1500.0 111.378994 -8.610863 18.365903 0.930994 -0.127241 424.893 0 0
1500.0 81.419204 -15.005904 18.534994 0.517527 -0.225490 424.980 0 0
1500.0 39.225260 2.107209 18.341830 -0.292877 0.014969 425.140 0 0
1500.0 31.022401 -36.813461 17.942045 -0.401355 -0.642247 425.035 0 0
1500.0 100.660080 -52.720137 18.269524 0.834003 -0.906985 424.910 0 0
1500.0 97.858549 -31.816867 17.917194 0.633336 -0.492542 425.398 0 0
1500.0 92.530435 -47.308619 17.820344 0.485428 -0.750513 425.520 0 0
1500.0 34.002557 -47.332563 17.823618 -0.352998 -0.746748 425.903 0 0
1500.0 116.024509 18.856882 17.824601 0.856118 0.339984 425.750 0 0
1500.0 3.824437 -37.298294 17.841584 -0.795853 -0.614312 425.624 0 0
1500.0 2.941223 38.074442 17.808136 -0.829724 0.632250 425.321 0 0
1500.0 105.943909 -46.562878 17.865029 0.785514 -0.693671 425.481 0 0
1500.0 113.073350 37.365578 17.865765 0.883754 0.539339 426.007 0 0
1500.0 59.903218 54.322063 17.959186 0.045701 0.898103 425.285 0 0
1500.0 104.303623 -42.931268 17.855578 0.773363 -0.626750 425.736 0 0
1500.0 84.135503 3.077165 18.313548 0.458706 0.122566 425.813 0 0
1500.0 39.765484 -62.221613 17.812520 -0.229421 -1.012462 425.236 0 0
1500.0 70.245251 -2.518119 17.982299 0.285400 -0.048270 425.442 0 0
1500.0 110.371837 14.367485 18.412306 0.970403 0.198718 425.567 0 0
1500.0 76.423820 28.371081 18.264324 0.332727 0.568369 425.528 0 0
1500.0 91.814023 -2.226244 18.019909 0.559691 -0.052709 426.086 0 0
1500.0 111.018139 40.077716 17.866093 0.852141 0.577959 426.131 0 0
1500.0 -6.582735 10.962052 17.846074 -1.029541 0.175393 426.071 0 0
1500.0 52.730986 36.598677 17.878123 -0.019180 0.618396 426.021 0 0
1500.0 75.389000 -33.824322 17.823429 0.306865 -0.590817 426.178 0 0
1500.0 165.385738 14.844692 17.967364 1.872600 0.307986 426.020 0 0
1500.0 62.623743 -13.582792 17.933202 0.131004 -0.229490 426.747 0 0
1500.0 77.716716 -15.432500 17.930056 0.342176 -0.256052 426.518 0 0
1500.0 108.136612 9.800334 17.832106 0.733514 0.207077 426.610 0 0
1500.0 100.329299 -43.259929 17.846367 0.600175 -0.692721 426.445 0 0
1500.0 121.973830 9.828551 17.866746 1.009144 0.135892 426.332 0 0
1500.0 -6.636360 14.534615 17.845994 -1.020941 0.226375 426.691 0 0
1500.0 95.884629 9.877209 18.371151 0.699656 0.191338 426.301 0 0
1500.0 111.869577 34.855406 17.850449 0.839500 0.589578 426.411 0 0
1500.0 100.976293 44.757488 17.813087 0.711952 0.639806 426.431 0 0
1500.0 70.146756 -24.696070 18.481429 0.306518 -0.434934 426.701 0 0
1500.0 87.534745 -32.822501 17.969076 0.545679 -0.511287 426.426 0 0
1500.0 63.937904 -26.570979 18.091880 0.129168 -0.484768 426.562 0 0
1500.0 65.260969 -31.343270 18.065729 0.193512 -0.537437 426.764 0 0
1500.0 24.860680 51.162525 17.894911 -0.529877 0.770105 427.237 0 0
1500.0 88.942196 57.535641 17.914068 0.488945 0.922816 427.194 0 0
1500.0 67.943941 -64.594904 17.831347 0.205152 -1.014169 427.226 0 0
1500.0 31.485780 -24.750851 17.866702 -0.373396 -0.447689 427.199 0 0
1500.0 88.649947 -19.600042 18.062862 0.550560 -0.356028 426.985 0 0
1500.0 48.002108 -20.935288 17.933696 -0.119254 -0.394927 427.087 0 0
1500.0 97.857032 5.679324 17.914713 0.681730 0.138058 427.219 0 0
1500.0 117.881727 -12.093763 18.360305 1.078507 -0.271175 427.185 0 0
1500.0 87.816875 -22.269760 18.289486 0.532906 -0.504102 427.138 0 0
1500.0 89.616306 -59.625649 17.855847 0.546016 -0.893277 427.310 0 0
1500.0 76.188738 13.274446 18.074485 0.282987 0.252886 428.066 0 0
1500.0 67.402834 -14.245189 18.039862 0.199976 -0.248682 428.278 0 0
1500.0 79.805956 -20.895495 17.832601 0.374088 -0.284067 427.962 0 0
1500.0 72.491880 -21.457799 17.864991 0.195182 -0.369961 428.231 0 0
1500.0 42.646509 51.366519 17.818951 -0.237964 0.803883 427.355 0 0
1500.0 97.753695 32.269537 17.878589 0.640302 0.451154 428.074 0 0
1500.0 101.181468 34.343640 17.875847 0.691841 0.482604 427.782 0 0
1500.0 104.734713 -14.817006 17.879162 0.738819 -0.217216 428.132 0 0
1500.0 48.059425 63.664172 17.837629 -0.129383 0.997376 427.350 0 0
1500.0 -5.744833 -19.181887 17.834090 -1.012002 -0.270695 428.109 0 0
1500.0 104.993659 -45.798409 17.887816 0.781304 -0.720166 427.468 0 0
1500.0 94.008439 -39.802434 18.052170 0.622569 -0.654542 428.029 0 0
1500.0 73.685813 -33.139460 18.138665 0.249358 -0.575341 427.718 0 0
1500.0 51.568010 45.588435 18.028317 -0.073464 0.770264 427.810 0 0
1500.0 95.490370 24.723058 17.819719 0.637264 0.427430 427.627 0 0
1500.0 59.441483 -7.693919 18.048775 0.054238 -0.196539 427.803 0 0
1500.0 75.983941 39.850134 17.920075 0.361724 0.631328 428.361 0 0
1500.0 79.669995 -12.368328 18.063452 0.438781 -0.204559 428.348 0 0
1500.0 -16.520051 -34.386904 17.871212 -1.202897 -0.582703 428.258 0 0
1500.0 73.235299 -76.539401 17.859913 0.317719 -1.241851 427.920 0 0
1500.0 118.026305 41.610419 18.489398 1.164348 0.720268 427.661 0 0
1500.0 38.735163 -8.080752 18.195228 -0.362177 -0.085624 428.279 0 0
1500.0 81.484115 5.014118 18.379433 0.463503 0.189408 427.594 0 0
1500.0 88.756268 -13.206327 18.388197 0.556173 -0.174364 429.390 0 0
1500.0 85.713834 20.840842 17.921557 0.464525 0.314735 428.471 0 0
1500.0 39.066416 19.684761 17.966562 -0.315840 0.253706 429.215 0 0
1500.0 28.828671 3.779306 17.917395 -0.453437 0.008575 429.505 0 0
1500.0 138.366496 -61.925361 17.797836 1.236642 -0.928798 429.116 0 0
1500.0 15.737137 50.636296 17.914424 -0.638731 0.808784 429.145 0 0
1500.0 101.812968 -37.452251 18.049293 0.735606 -0.615445 428.431 0 0
1500.0 118.133098 -15.926525 18.046297 0.971319 -0.290822 429.014 0 0
1500.0 -1.635563 29.003753 17.842072 -0.899878 0.506815 428.827 0 0
1500.0 82.883683 49.968595 18.044906 0.444432 0.813062 428.781 0 0
1500.0 120.283191 16.985857 17.859351 0.994791 0.293519 429.550 0 0
1500.0 82.475979 80.068354 17.802117 0.442983 1.212193 429.161 0 0
1500.0 61.315469 28.469607 18.127473 0.053035 0.503880 428.514 0 0
1500.0 103.087884 -28.808430 17.913381 0.770359 -0.419322 429.020 0 0
1500.0 89.589054 -38.392209 18.050748 0.581949 -0.595407 429.410 0 0
1500.0 90.187629 -13.338044 18.058738 0.597474 -0.218315 428.696 0 0
1500.0 2.394009 14.104906 17.849651 -0.901687 0.259529 429.351 0 0
1500.0 35.112958 -48.661853 17.810383 -0.300480 -0.800829 429.542 0 0
1500.0 98.407483 -29.932298 17.810886 0.670352 -0.514134 429.489 0 0
1500.0 101.534326 -5.185021 17.815715 0.723417 -0.135409 429.030 0 0
1500.0 38.527862 17.333810 17.851487 -0.347281 0.334296 428.897 0 0
1500.0 49.937556 -22.748792 17.897643 -0.117410 -0.431760 429.034 0 0
1500.0 152.954543 -79.586417 17.891811 1.552811 -1.328784 428.943 0 0
1500.0 73.106165 59.262045 18.278070 0.311358 1.053049 428.635 0 0
1500.0 61.947573 36.617875 18.525375 0.101063 0.675934 429.059 0 0
1500.0 78.662324 22.349598 18.128462 0.305572 0.422491 429.500 0 0
1500.0 135.895621 -8.770178 18.735649 1.496508 -0.177136 429.206 0 0
1500.0 116.331723 34.313116 18.033712 1.024886 0.657028 429.438 0 0
1500.0 74.392757 -40.620182 17.828723 0.214465 -0.644064 429.709 0 0
1500.0 76.117450 61.710868 17.861049 0.321183 0.943307 430.399 0 0
1500.0 118.238952 -26.611244 17.791875 0.966219 -0.369083 429.633 0 0
1500.0 113.415230 31.102870 17.899259 0.907196 0.432792 429.762 0 0
1500.0 80.149262 60.128264 17.808280 0.332756 0.975057 429.877 0 0
1500.0 67.763838 29.073437 18.326567 0.229761 0.513309 429.638 0 0
1500.0 87.948023 39.062988 17.926828 0.546278 0.592083 430.111 0 0
1500.0 84.444039 54.894554 17.839650 0.449167 0.903976 430.076 0 0
1500.0 84.454949 23.700840 17.818244 0.410571 0.446180 429.872 0 0
1500.0 25.969009 -60.151998 17.808232 -0.433065 -0.952938 430.515 0 0
1500.0 101.594523 48.385172 17.898746 0.699413 0.752655 430.920 0 0
1500.0 121.806982 13.048698 17.998354 1.028271 0.200565 430.712 0 0
1500.0 98.085825 9.043734 18.155414 0.724854 0.147948 430.881 0 0
1500.0 84.012420 -47.635573 17.817815 0.470589 -0.743996 430.983 0 0
1500.0 65.150905 -21.889157 18.097118 0.209232 -0.377607 431.011 0 0
1500.0 75.657817 -12.060108 17.880368 0.299762 -0.263414 430.912 0 0
1500.0 48.065193 -56.870233 18.160551 -0.111770 -0.999534 430.695 0 0
1500.0 119.792737 -11.132812 18.040569 1.014293 -0.178148 431.044 0 0
1500.0 89.241911 -6.778491 17.886154 0.448957 -0.164779 431.586 0 0
1500.0 34.963735 36.572050 17.852670 -0.393763 0.528520 431.125 0 0
1500.0 120.020822 -16.951510 18.039702 1.011383 -0.262516 431.464 0 0
1500.0 68.333254 37.685321 18.257477 0.179010 0.637539 431.511 0 0
1500.0 94.675884 53.689744 17.859023 0.638985 0.810589 431.241 0 0
1500.0 83.034275 -52.507269 17.797956 0.452252 -0.811933 431.362 0 0
1500.0 79.925530 57.740917 17.796623 0.403721 0.865004 431.552 0 0
1500.0 67.589985 -6.234237 17.821424 0.224581 -0.093552 431.162 0 0
1500.0 47.256097 -14.072682 17.976608 -0.242489 -0.217169 431.129 0 0
1500.0 49.492235 58.698003 18.146868 -0.135278 1.033630 431.670 0 0
1500.0 48.410989 23.845609 18.314976 -0.187115 0.371632 431.695 0 0
1500.0 65.245551 -30.449461 18.294472 0.118645 -0.584515 431.162 0 0
1500.0 29.260098 -10.931565 18.040825 -0.554481 -0.144989 431.410 0 0
1500.0 66.579973 62.092279 18.238838 0.204702 1.138182 431.442 0 0
1500.0 96.018196 8.092276 18.535672 0.654064 0.156429 432.109 0 0
1500.0 66.116446 -43.859172 17.822168 0.149186 -0.682583 432.206 0 0
1500.0 124.719016 18.464480 17.815097 1.025183 0.250605 432.011 0 0
1500.0 50.613533 63.344423 17.810311 -0.051289 0.959884 431.885 0 0
1500.0 29.658289 59.724876 17.844547 -0.470345 0.917257 431.826 0 0
1500.0 37.149508 61.876632 17.845745 -0.358970 0.943918 432.174 0 0
1500.0 61.751701 62.206252 17.811372 0.126850 0.962191 431.931 0 0
1500.0 91.586914 -35.947877 17.814475 0.580027 -0.591485 432.012 0 0
1500.0 89.204094 35.812515 17.805797 0.553672 0.556222 432.334 0 0
1500.0 23.673976 -0.111640 17.933959 -0.591264 0.023137 432.370 0 0
1500.0 21.113394 -56.435315 17.981022 -0.561066 -0.982508 432.279 0 0
1500.0 54.593333 -20.289433 18.485888 -0.071083 -0.336503 432.187 0 0
1500.0 88.141338 7.571414 17.829936 0.457283 0.046110 432.845 0 0
1500.0 12.107081 47.175752 17.899732 -0.747306 0.711114 432.759 0 0
1500.0 120.700816 2.106157 18.022100 1.027231 0.018684 433.149 0 0
1500.0 120.412327 -8.154254 17.857730 0.964355 -0.195725 433.131 0 0
1500.0 105.970409 -34.550253 17.913693 0.809142 -0.506819 433.115 0 0
1500.0 5.998199 8.083540 17.895226 -0.854979 0.150920 432.580 0 0
1500.0 71.147513 -45.205864 17.937497 0.228823 -0.765856 432.810 0 0
1500.0 27.620822 -19.866880 17.939661 -0.476893 -0.380861 433.047 0 0
1500.0 88.315488 6.838439 17.836817 0.524342 0.049847 432.588 0 0
1500.0 33.966410 -10.367516 17.898139 -0.448386 -0.186569 432.992 0 0
1500.0 103.643093 36.090203 17.973970 0.749342 0.677446 433.049 0 0
1500.0 70.687524 -8.963657 18.425481 0.215203 -0.183908 433.576 0 0
1500.0 3.084514 14.071236 17.852849 -0.840559 0.244297 433.322 0 0
1500.0 86.199841 22.043749 18.956634 0.528219 0.386923 433.261 0 0
1500.0 120.939883 17.902748 17.915062 1.002473 0.256390 433.247 0 0
1500.0 92.452654 -52.522220 17.975850 0.580861 -0.837606 433.663 0 0
1500.0 45.800411 -44.143041 17.994456 -0.158973 -0.749839 433.562 0 0
1500.0 53.601989 -16.427721 18.280459 -0.045923 -0.317170 433.673 0 0
1500.0 66.738167 -39.638690 17.943266 0.214608 -0.648624 433.188 0 0
1500.0 97.304810 19.765478 17.823401 0.578201 0.378204 433.581 0 0
1500.0 24.870706 4.091646 17.827903 -0.546157 0.136273 433.235 0 0
1500.0 42.933629 -24.193302 17.875054 -0.305383 -0.354087 433.474 0 0
1500.0 72.576728 10.558159 17.879493 0.156923 0.187905 433.183 0 0
1500.0 122.957075 12.296330 17.968751 1.065454 0.269923 433.537 0 0
1500.0 109.385838 -26.652542 18.069858 0.932121 -0.423282 433.727 0 0
1500.0 150.377489 -32.139581 18.443178 1.704762 -0.585096 433.230 0 0
1500.0 82.662306 29.700293 18.034679 0.366789 0.484492 433.754 0 0
1500.0 -6.998333 -17.003865 17.899041 -1.015390 -0.240585 433.843 0 0
1500.0 121.671565 -15.607984 17.909356 0.998469 -0.292086 433.855 0 0
1500.0 11.848509 43.795953 17.796978 -0.706375 0.732907 433.749 0 0
1500.0 96.106505 1.049308 18.326252 0.680936 0.077971 433.740 0 0
1500.0 21.899221 5.701841 18.061848 -0.602377 0.077211 433.862 0 0
1500.0 54.988624 16.495872 17.820033 0.018296 0.258295 434.238 0 0
1500.0 119.057293 8.345014 17.828633 0.936819 0.075713 434.255 0 0
1500.0 78.524429 -30.484152 17.919332 0.363474 -0.494736 434.361 0 0
1500.0 38.035979 -63.038080 17.854314 -0.273232 -1.007770 434.136 0 0
1500.0 71.913238 -53.974322 17.987247 0.236768 -0.889298 434.343 0 0
1500.0 89.377300 12.096667 18.042634 0.581642 0.162007 434.134 0 0
1500.0 14.292111 12.638048 17.864463 -0.741777 0.216637 434.305 0 0
1500.0 37.332066 4.164802 18.035980 -0.362832 0.099614 434.096 0 0
1500.0 34.680343 8.071351 17.946257 -0.415592 0.163977 434.441 0 0
1500.0 115.888804 -5.400415 17.930683 0.950723 -0.119554 434.543 0 0
1500.0 61.196930 -6.926264 18.030352 0.004939 -0.072057 434.497 0 0
1500.0 178.262499 -24.569141 17.867395 1.986122 -0.372611 434.530 0 0
1500.0 40.958324 23.583847 18.128916 -0.233618 0.387062 435.585 0 0
1500.0 72.409312 -24.742873 17.897171 0.208989 -0.416437 436.188 0 0
1500.0 19.547823 -9.298853 17.891960 -0.579668 -0.185170 436.445 0 0
1500.0 53.377605 -28.895991 18.017301 -0.107207 -0.429471 437.726 0 0
1500.0 32.985412 43.194388 17.805854 -0.379226 0.684418 436.055 0 0
1500.0 48.485962 43.926915 17.808902 -0.157636 0.691982 436.346 0 0
1500.0 52.396679 -56.541562 17.863157 -0.057806 -0.878107 436.682 0 0
1500.0 -25.128300 15.894786 17.809534 -1.289541 0.213338 435.309 0 0
1500.0 4.600850 33.707989 17.799934 -0.785610 0.560101 436.264 0 0
1500.0 58.097089 -47.109066 17.861971 0.027613 -0.734540 437.899 0 0
1500.0 103.754217 -47.564128 17.925648 0.692816 -0.764101 436.047 0 0
1500.0 77.872798 -56.916794 17.930704 0.311104 -0.886435 437.120 0 0
1500.0 89.857158 52.036410 17.799336 0.527041 0.753801 436.851 0 0
1500.0 105.759983 45.709674 17.793851 0.767448 0.672487 435.834 0 0
1500.0 118.832943 -26.825792 17.792230 0.971605 -0.393553 434.921 0 0
1500.0 40.522507 -62.421590 17.920223 -0.267410 -0.999004 435.555 0 0
1500.0 107.494127 46.649745 17.807442 0.695053 0.750278 437.382 0 0
1500.0 51.549448 42.895831 17.937624 -0.152315 0.697256 435.092 0 0
1500.0 75.567351 -48.055835 18.111428 0.342215 -0.787425 436.447 0 0
1500.0 35.788975 -8.641998 18.294339 -0.338407 -0.177494 435.743 0 0
1500.0 64.991572 -66.475714 17.821540 0.176152 -1.015088 436.999 0 0
1500.0 86.495656 -5.354673 18.440255 0.563844 -0.130815 437.208 0 0
1500.0 76.644150 -27.302183 18.134982 0.365784 -0.480737 436.269 0 0
1500.0 64.453681 59.355597 17.866201 0.171980 0.949871 436.005 0 0
1500.0 118.031513 7.933311 17.817380 0.948540 0.184098 437.250 0 0
1500.0 74.125795 3.596925 18.022185 0.331957 0.106190 435.979 0 0
1500.0 100.088567 31.129752 18.003792 0.716730 0.519999 437.531 0 0
1500.0 114.966740 0.842282 17.958402 0.940138 0.052099 437.810 0 0
1500.0 29.405881 -29.110845 17.901958 -0.492235 -0.496544 436.654 0 0
1500.0 54.071511 48.861426 17.905740 -0.051178 0.823078 437.199 0 0
1500.0 16.569781 27.773463 17.906788 -0.625249 0.501617 437.095 0 0
1500.0 62.608147 42.965835 18.016130 0.093455 0.732413 437.466 0 0
1500.0 70.685437 9.785460 18.016262 0.288626 0.186064 436.675 0 0
1500.0 90.678740 -15.352115 18.134532 0.525524 -0.309517 437.764 0 0
1500.0 49.419516 38.167878 17.824707 -0.212580 0.580754 437.492 0 0
1500.0 58.771329 -4.935449 17.843545 -0.064074 -0.101361 436.997 0 0
1500.0 32.322394 -45.984291 17.860382 -0.422849 -0.786448 437.743 0 0
1500.0 133.778080 -2.372509 17.893410 1.285707 0.011447 435.345 0 0
1500.0 92.904654 -262.400292 17.866806 0.596297 -4.334033 435.367 0 0
1500.0 122.225237 18.408647 18.168194 1.090851 0.363509 437.267 0 0
1500.0 74.725145 -67.076139 18.134412 0.263934 -1.160116 436.550 0 0
1500.0 128.748435 9.133603 18.092917 1.208807 0.209449 437.556 0 0
1500.0 127.873508 -21.466343 18.229374 1.349761 -0.382056 434.803 0 0
1500.0 38.548736 -7.214240 18.076824 -0.400849 -0.172229 437.751 0 0
1500.0 73.910158 7.644054 18.002399 0.284534 0.053465 438.512 0 0
1500.0 13.027291 34.592368 17.815189 -0.673099 0.563016 438.714 0 0
1500.0 103.681657 -42.988007 17.836277 0.711571 -0.676580 438.332 0 0
1500.0 93.841756 -55.614862 17.821994 0.593456 -0.832494 438.613 0 0
1500.0 53.111110 -59.783608 17.896614 -0.053587 -0.974735 438.656 0 0
1500.0 38.976275 56.074269 17.811726 -0.367665 0.842550 438.742 0 0
1500.0 16.795190 -20.376699 17.826668 -0.709035 -0.337117 438.248 0 0
1500.0 34.663278 50.509614 17.822965 -0.431478 0.749803 438.623 0 0
1500.0 121.975574 -1.944573 17.823198 1.000000 -0.048238 438.918 0 0
1500.0 104.494778 -15.090209 17.990331 0.768734 -0.262320 438.827 0 0
1500.0 33.362020 -51.466541 17.820048 -0.448982 -0.806708 438.974 0 0
1500.0 81.139901 -22.832211 18.043453 0.331849 -0.370628 441.235 0 0
1500.0 70.650735 -0.964331 18.035102 0.259944 -0.043565 440.574 0 0
1500.0 83.777255 -27.252145 17.834539 0.410832 -0.435787 439.278 0 0
1500.0 46.325118 38.342398 17.891222 -0.148267 0.609535 439.682 0 0
1500.0 45.704693 6.429661 17.879285 -0.235057 0.110044 440.898 0 0
1500.0 20.225637 25.584189 17.938044 -0.581143 0.395715 440.953 0 0
1500.0 32.960832 18.831289 17.944918 -0.398446 0.298134 441.530 0 0
1500.0 80.732751 20.928431 17.844998 0.386408 0.274638 441.367 0 0
1500.0 16.298047 -45.905634 17.806477 -0.633446 -0.732246 439.605 0 0
1500.0 72.772228 11.411023 18.861790 0.370248 0.239663 440.127 0 0
1500.0 118.993187 -19.509426 18.064862 0.999652 -0.297910 440.365 0 0
1500.0 -5.009093 -18.603892 17.804931 -1.002817 -0.285402 441.038 0 0
1500.0 22.915404 -56.584500 17.804885 -0.598696 -0.854574 440.244 0 0
1500.0 27.433949 -59.774876 17.805689 -0.522568 -0.887136 441.376 0 0
1500.0 -4.398152 -25.291342 17.896976 -0.955487 -0.426060 441.610 0 0
1500.0 65.121252 -64.085686 17.898713 0.066378 -1.013851 440.386 0 0
1500.0 37.192506 -63.483217 17.896862 -0.345788 -0.989441 441.428 0 0
1500.0 81.065664 -25.415319 18.243049 0.478217 -0.399572 439.610 0 0
1500.0 130.061158 6.979335 17.939464 1.166053 0.110167 440.625 0 0
1500.0 30.231748 31.422868 18.123923 -0.452127 0.512619 440.191 0 0
1500.0 60.216134 23.587609 18.132457 0.004254 0.397195 439.558 0 0
1500.0 108.914759 -13.400065 18.031563 0.827427 -0.281582 439.782 0 0
1500.0 77.869094 -41.111421 18.150494 0.384616 -0.683856 441.283 0 0
1500.0 71.390637 -14.906861 17.983396 0.248578 -0.305252 439.876 0 0
1500.0 92.769677 13.375771 18.081557 0.532568 0.274276 440.961 0 0
1500.0 89.716509 27.024948 17.974062 0.535795 0.483845 440.992 0 0
1500.0 29.833628 -36.296764 18.051576 -0.445454 -0.613355 441.519 0 0
1500.0 54.480753 38.665120 18.243784 -0.071552 0.643003 440.145 0 0
1500.0 51.699952 19.412145 17.925118 -0.159546 0.276757 441.469 0 0
1500.0 52.685029 -7.918630 18.418650 -0.036846 -0.206833 439.123 0 0
1500.0 128.733473 33.722624 18.163549 1.249610 0.582556 440.313 0 0
1500.0 110.741744 -9.354150 17.984482 0.927115 -0.103076 441.044 0 0
1500.0 197.394559 84.241354 17.936724 2.299300 1.486586 439.882 0 0
1500.0 100.731925 45.058077 18.024056 0.735473 0.837420 440.695 0 0
1500.0 78.175346 -13.089029 18.187500 0.388439 -0.178734 441.900 0 0
1500.0 37.819511 12.033394 17.947649 -0.329580 0.202527 441.736 0 0
1500.0 101.391325 17.748170 17.967607 0.688061 0.287113 442.386 0 0
1500.0 95.123215 5.388838 18.185735 0.621092 0.048573 443.839 0 0
1500.0 44.586833 13.479662 18.028681 -0.164920 0.256080 444.139 0 0
1500.0 51.837086 16.251520 18.028734 -0.064445 0.294476 444.142 0 0
1500.0 51.584952 11.678259 18.029647 -0.067878 0.230896 444.208 0 0
1500.0 81.488456 14.255346 18.025920 0.347431 0.267584 443.935 0 0
1500.0 81.646389 5.270693 18.244928 0.417509 0.019837 445.546 0 0
1500.0 57.392315 -0.817253 17.888369 -0.020111 0.056426 444.679 0 0
1500.0 86.103221 -28.099617 18.017732 0.466222 -0.440935 444.561 0 0
1500.0 101.281897 -32.351637 18.008938 0.686983 -0.506597 443.692 0 0
1500.0 29.055157 38.869100 17.820680 -0.483382 0.540714 443.556 0 0
1500.0 12.590028 43.200977 17.819059 -0.725229 0.601368 442.596 0 0
1500.0 40.687030 -61.562895 17.817679 -0.320854 -0.913145 442.374 0 0
1500.0 1.081425 34.167255 17.814734 -0.902384 0.476891 441.743 0 0
1500.0 -5.311040 -3.650130 17.816282 -0.990413 -0.075151 442.113 0 0
1500.0 -3.089349 22.777348 17.815358 -0.961006 0.309760 441.907 0 0
1500.0 73.610033 -43.005827 17.829461 0.257779 -0.661705 444.580 0 0
1500.0 36.705508 -51.053934 17.907287 -0.341459 -0.780194 443.715 0 0
1500.0 115.244147 -30.847752 17.896341 0.910995 -0.476362 442.206 0 0
1500.0 62.196129 -14.565961 17.923899 0.131988 -0.228569 445.380 0 0
1500.0 55.270863 6.217205 18.262325 0.021877 0.152673 447.241 0 0
1500.0 83.636289 6.257459 18.185361 0.455228 0.120148 446.618 0 0
1500.0 27.994946 -45.052055 17.933686 -0.464516 -0.689284 445.407 0 0
1500.0 76.978260 19.803409 18.110892 0.337339 0.329158 447.535 0 0
1500.0 93.149205 19.256818 17.811780 0.559840 0.296129 446.031 0 0
1500.0 35.283179 56.624819 17.866814 -0.352889 0.880716 445.164 0 0
1500.0 78.812401 -12.188034 18.424057 0.421257 -0.156754 449.341 0 0
1500.0 89.686379 -13.223299 17.818671 0.497939 -0.142562 446.997 0 0
1500.0 124.134834 8.368607 17.795348 1.034415 0.169917 443.467 0 0
1500.0 93.950221 40.308250 17.806349 0.566995 0.621089 445.868 0 0
1500.0 56.078735 -57.770042 17.930738 -0.043663 -0.889601 446.231 0 0
1500.0 103.497704 -1.484692 18.288537 0.809123 -0.019717 443.691 0 0
1500.0 36.496613 -36.024915 17.810254 -0.293648 -0.579120 447.109 0 0
1500.0 69.298941 -53.630024 17.798745 0.183985 -0.893088 441.984 0 0
1500.0 98.234545 75.939206 17.805923 0.636995 1.190073 443.770 0 0
1500.0 105.764407 -32.451859 17.947617 0.798187 -0.529158 443.016 0 0
1500.0 69.358039 18.644939 17.881134 0.142186 0.320040 450.546 0 0
1500.0 79.789613 -34.547136 17.961720 0.377166 -0.527485 448.121 0 0
1500.0 71.360051 -14.604773 17.953087 0.266173 -0.240025 447.634 0 0
1500.0 39.172812 -11.606909 17.906743 -0.309417 -0.117289 448.877 0 0
1500.0 67.363940 -29.989880 18.026959 0.224389 -0.514706 442.422 0 0
1500.0 110.558778 -26.300586 18.009442 0.864884 -0.445537 444.232 0 0
1500.0 64.982409 -43.899918 18.044191 0.113995 -0.684297 448.863 0 0
1500.0 12.201531 18.016343 17.827443 -0.738142 0.209459 443.385 0 0
1500.0 99.024251 0.142134 17.843937 0.632659 -0.075234 442.484 0 0
1500.0 78.566261 -14.861173 17.849794 0.317571 -0.309867 442.061 0 0
1500.0 56.032674 -65.845614 17.824510 -0.032301 -1.047764 445.593 0 0
1500.0 97.357351 -22.274825 17.842552 0.553659 -0.385738 448.677 0 0
1500.0 64.927441 -20.022245 18.102118 0.185341 -0.371150 443.035 0 0
1500.0 101.485948 49.239947 17.942223 0.686073 0.792054 445.972 0 0
1500.0 120.371629 -9.074472 17.838771 1.011384 -0.129895 444.805 0 0
1500.0 123.476890 -1.209191 17.837197 1.046799 -0.011878 445.514 0 0
1500.0 96.378119 -48.623255 17.840984 0.656462 -0.727905 444.326 0 0
1500.0 121.235758 9.546301 17.838075 1.021015 0.148723 445.022 0 0
1500.0 64.233347 12.024513 17.996671 0.113849 0.235503 450.238 0 0
1500.0 9.929743 12.856233 17.935388 -0.789618 0.227247 444.024 0 0
1500.0 100.721073 -18.868490 18.342874 0.740785 -0.346685 445.606 0 0
1500.0 75.533928 3.327794 18.014670 0.321214 0.007889 450.685 0 0
1500.0 80.772403 -54.895300 17.933512 0.337369 -0.856894 448.632 0 0
1500.0 79.130553 -29.981272 17.898078 0.348975 -0.475092 450.244 0 0
1500.0 47.980833 51.935971 17.831415 -0.184576 0.799336 449.182 0 0
1500.0 62.172993 65.508313 17.820043 0.018741 1.038320 446.123 0 0
1500.0 40.981200 63.333736 17.819649 -0.296385 1.002327 446.360 0 0
1500.0 35.237801 62.490612 17.907812 -0.341147 0.991113 447.582 0 0
1500.0 65.657147 31.626464 18.084638 0.211557 0.530549 444.938 0 0
1500.0 112.815941 -37.422553 17.815747 0.829312 -0.630824 446.980 0 0
1500.0 62.538486 -55.274597 17.822453 0.081958 -0.916518 445.537 0 0
1500.0 69.531885 -63.992911 17.816830 0.180883 -1.007162 448.283 0 0
1500.0 71.180347 57.979487 17.960161 0.297505 0.965510 441.747 0 0
1500.0 83.099337 57.748716 17.837145 0.348968 0.937971 446.474 0 0
1500.0 9.678843 14.879716 17.848801 -0.713588 0.276430 450.417 0 0
1500.0 18.130504 49.983113 17.835597 -0.624994 0.816204 446.873 0 0
1500.0 83.432937 52.964391 17.840283 0.356887 0.873064 445.934 0 0
1500.0 94.056795 -44.644369 18.003845 0.621701 -0.719422 446.723 0 0
1500.0 97.812848 -21.952727 17.849832 0.683016 -0.371735 445.257 0 0
1500.0 114.055604 -29.673483 17.839059 0.880303 -0.462861 449.138 0 0
1500.0 17.642548 48.374339 17.827591 -0.639119 0.750078 449.284 0 0
1500.0 32.369439 -12.306453 17.915504 -0.423330 -0.260313 444.783 0 0
1500.0 169.435065 66.140260 17.808025 1.753350 0.955609 445.837 0 0
1500.0 71.823374 63.819218 17.921731 0.227516 0.998989 449.409 0 0
1500.0 61.242750 56.179104 17.927040 0.076698 0.923870 446.733 0 0
1500.0 23.233632 51.121654 17.922577 -0.573872 0.804940 447.419 0 0
1500.0 12.034832 41.423528 17.818820 -0.684556 0.710703 445.713 0 0
1500.0 107.106570 4.721428 18.309542 0.860419 0.104617 448.120 0 0
1500.0 75.822448 37.567362 17.869348 0.322606 0.548511 451.911 0 0
1500.0 83.001942 0.444061 18.341777 0.502909 0.056174 447.090 0 0
1500.0 71.848907 -31.634911 18.407339 0.230172 -0.541388 445.708 0 0
1500.0 153.979394 -156.907021 17.910505 1.532977 -2.639963 442.531 0 0
1500.0 108.173738 47.051348 17.808573 0.712926 0.762679 449.414 0 0
1500.0 55.551029 28.611734 18.126675 -0.008882 0.460893 454.453 0 0
1500.0 107.856986 37.420122 17.804709 0.805709 0.610640 448.071 0 0
1500.0 117.798767 27.669610 17.802587 0.942427 0.457671 448.979 0 0
1500.0 65.049108 66.848885 17.802843 0.158173 1.031256 449.502 0 0
1500.0 96.775345 -38.807117 17.813113 0.651137 -0.546571 446.828 0 0
1500.0 122.613281 3.717481 17.803699 1.023424 0.103081 448.352 0 0
1500.0 112.828855 -23.937457 17.808395 0.889416 -0.315766 447.406 0 0
1500.0 45.479080 64.334548 17.804090 -0.132571 1.013167 448.232 0 0
1500.0 48.821568 -44.150643 17.867929 -0.178003 -0.763890 445.376 0 0
1500.0 101.696846 6.755069 18.325236 0.787126 0.130797 448.889 0 0
1500.0 81.476822 7.228302 18.213308 0.401012 0.159708 454.784 0 0
1500.0 34.344581 26.209715 17.891136 -0.421000 0.452498 446.768 0 0
1500.0 62.782408 69.608107 17.825921 0.146951 1.080787 447.591 0 0
1500.0 120.488285 20.383052 17.975997 0.984621 0.357299 450.257 0 0
1500.0 75.820223 26.919104 17.996957 0.343168 0.474766 447.199 0 0
1500.0 61.763677 56.800537 17.946810 0.102271 0.926953 448.671 0 0
1500.0 57.542947 -28.176307 17.930845 0.024103 -0.520333 445.930 0 0
1500.0 99.621696 11.004614 17.884924 0.661043 0.137118 453.417 0 0
1500.0 108.908330 11.906115 17.879211 0.798314 0.151015 452.866 0 0
1500.0 116.168214 1.637950 17.837431 0.934911 0.081400 448.523 0 0
1500.0 34.978973 55.476842 17.837028 -0.297539 0.898059 448.580 0 0
1500.0 82.896100 13.056542 18.169928 0.473727 0.257597 448.315 0 0
1500.0 7.935820 -26.471528 17.840456 -0.765515 -0.479445 448.487 0 0
1500.0 68.057188 24.349546 18.076378 0.203488 0.396804 455.080 0 0
1500.0 65.846625 17.896360 18.078454 0.172474 0.306688 455.235 0 0
1500.0 94.085931 4.859776 18.354218 0.684963 0.085641 449.628 0 0
1500.0 97.845661 1.924150 18.354563 0.680008 0.038121 455.642 0 0
1500.0 91.944160 -9.746538 17.857307 0.539859 -0.154854 454.921 0 0
1500.0 -2.371511 18.554690 17.884887 -0.926842 0.303733 452.498 0 0
1500.0 28.830746 20.271015 17.902621 -0.463265 0.319453 454.462 0 0
1500.0 -8.936606 -8.579965 17.880763 -1.044373 -0.089948 450.989 0 0
1500.0 10.693452 46.565204 17.881491 -0.747477 0.716964 451.641 0 0
1500.0 28.216393 60.258673 17.880943 -0.493570 0.921274 451.333 0 0
1500.0 111.541917 1.321202 18.318098 0.982411 0.021381 446.831 0 0
1500.0 95.046237 4.262369 17.879603 0.650934 0.015156 446.162 0 0
1500.0 38.601819 -20.292713 18.081808 -0.290534 -0.328606 455.825 0 0
1500.0 16.024798 -16.929825 18.072315 -0.663002 -0.309884 449.334 0 0
1500.0 66.210354 -13.827525 17.863292 0.159676 -0.247971 455.215 0 0
1500.0 51.184589 -15.055555 18.153885 -0.038487 -0.273530 456.398 0 0
1500.0 95.490224 21.942147 18.018517 0.598553 0.356467 455.128 0 0
1500.0 94.656426 -10.043316 18.020279 0.641606 -0.100800 449.044 0 0
1500.0 111.834742 15.821509 18.148712 0.909587 0.283461 450.479 0 0
1500.0 36.990427 18.838673 17.898144 -0.379266 0.341798 448.445 0 0
1500.0 75.105543 63.736228 17.798087 0.284362 1.003092 452.074 0 0
1500.0 114.541198 -17.425261 17.871887 0.933206 -0.275801 450.485 0 0
1500.0 62.436918 13.759756 17.896940 0.135966 0.179859 455.940 0 0
1500.0 6.809390 -32.696391 17.874757 -0.878632 -0.468871 446.757 0 0
1500.0 89.964129 29.474862 17.897889 0.474751 0.526610 449.709 0 0
1500.0 118.119770 -8.128515 17.884004 0.942245 -0.101799 454.491 0 0
1500.0 104.254183 -39.744594 17.959120 0.816213 -0.738813 444.785 0 0
1500.0 115.835737 -13.527069 18.098964 0.983539 -0.246681 450.563 0 0
1500.0 115.557558 31.299269 17.937132 0.923521 0.494279 453.745 0 0
1500.0 65.429958 25.271042 17.961480 0.198695 0.428557 450.133 0 0
1500.0 87.338381 7.811678 18.188485 0.477411 0.169827 458.039 0 0
1500.0 36.641879 58.425102 17.898146 -0.318541 0.910918 455.124 0 0
1500.0 43.478611 -26.822502 17.841325 -0.283557 -0.470369 450.472 0 0
1500.0 9.901358 19.924402 17.830286 -0.794494 0.253377 451.407 0 0
1500.0 -7.092176 5.728705 17.820035 -1.029400 0.034776 453.037 0 0
1500.0 55.964506 -2.498899 17.849310 -0.090003 -0.092629 449.943 0 0
1500.0 23.736752 36.374712 17.916831 -0.515656 0.573096 456.907 0 0
1500.0 2.176075 32.274619 17.904284 -0.865422 0.542959 453.275 0 0
1500.0 62.693630 0.327695 17.933232 0.039622 0.069176 450.312 0 0
1500.0 52.248200 -1.953810 17.852909 -0.098545 0.040117 458.305 0 0
1500.0 9.348571 44.909121 17.823331 -0.731884 0.728619 454.920 0 0
1500.0 50.185424 -41.396648 18.268124 -0.137775 -0.807168 443.846 0 0
1500.0 92.516660 14.209628 18.114176 0.635109 0.240242 452.640 0 0
1500.0 111.933179 29.442682 18.098537 0.903929 0.458603 454.595 0 0
1500.0 68.732568 -24.362418 17.833868 0.162834 -0.410844 458.264 0 0
1500.0 114.443810 -33.108045 17.811253 0.833972 -0.553096 455.758 0 0
1500.0 24.867302 -56.708914 17.809100 -0.481750 -0.919809 454.020 0 0
1500.0 106.776955 -19.769950 17.821851 0.707273 -0.351479 457.228 0 0
1500.0 69.858567 -9.855236 17.839870 0.227787 -0.219194 451.093 0 0
1500.0 24.420080 -55.721167 17.814063 -0.542143 -0.868020 455.901 0 0
1500.0 3.604736 -10.712268 17.820241 -0.882743 -0.219060 453.087 0 0
1500.0 80.752238 -60.361193 17.828240 0.394011 -0.911788 456.676 0 0
1500.0 125.871827 -11.459159 17.823744 1.042827 -0.106591 455.704 0 0
1500.0 113.751717 16.193412 17.976347 0.889763 0.312476 454.651 0 0
1500.0 49.684093 -6.966843 17.955903 -0.097050 -0.187217 450.777 0 0
1500.0 110.719012 35.010210 17.841543 0.866216 0.537224 455.150 0 0
1500.0 66.271904 -4.768652 18.526518 0.204792 -0.130875 462.660 0 0
1500.0 115.689343 28.165513 17.857678 0.972532 0.453746 453.048 0 0
1500.0 42.279234 1.063943 17.825777 -0.291061 0.032864 460.039 0 0
1500.0 44.168035 10.298825 17.824803 -0.295991 0.181429 452.469 0 0
1500.0 4.313363 33.248635 17.800643 -0.853980 0.501948 457.428 0 0
1500.0 28.576144 30.316766 17.815881 -0.488249 0.447375 459.267 0 0
1500.0 28.553018 -48.421832 17.805812 -0.527421 -0.720439 454.064 0 0
1500.0 8.216096 28.215607 17.805705 -0.788221 0.423932 458.216 0 0
1500.0 99.203270 31.564821 18.045592 0.676030 0.481195 459.113 0 0
1500.0 124.367860 10.927283 17.803569 1.023505 0.223996 456.283 0 0
1500.0 79.913573 10.619691 18.068962 0.340709 0.215663 461.451 0 0
1500.0 -6.007766 -5.837588 17.821388 -0.992711 -0.164843 454.741 0 0
1500.0 99.418358 27.248893 17.851057 0.587905 0.457538 459.880 0 0
1500.0 72.690314 37.974460 17.852814 0.227197 0.663801 454.137 0 0
1500.0 80.165180 61.803548 17.836919 0.324393 0.976874 457.783 0 0
1500.0 58.298159 30.528597 18.083348 0.028825 0.544713 455.165 0 0
1500.0 99.200767 -49.799163 17.867526 0.599094 -0.794096 459.012 0 0
1500.0 37.055374 -61.950815 17.864847 -0.309190 -0.994815 457.305 0 0
1500.0 61.779494 -40.681644 17.883522 0.055221 -0.643895 460.948 0 0
1500.0 9.989840 35.039268 17.848069 -0.775116 0.584069 456.237 0 0
1500.0 49.487697 8.962013 18.105684 -0.173763 0.134879 454.862 0 0
1500.0 119.537266 -13.306176 17.832858 1.002371 -0.165407 455.936 0 0
1500.0 38.146099 -23.154513 18.074598 -0.338546 -0.473693 449.966 0 0
1500.0 100.217014 -16.106046 17.878202 0.702881 -0.303744 456.103 0 0
1500.0 24.737259 13.274940 17.982891 -0.495257 0.236684 462.382 0 0
1500.0 104.105376 -20.847988 18.106555 0.746527 -0.389376 457.140 0 0
1500.0 157.729847 -45.370290 17.914187 1.615040 -0.716762 456.230 0 0
1500.0 44.424373 43.586331 17.918440 -0.182063 0.741139 456.544 0 0
1500.0 229.519304 -50.122637 17.953047 2.937056 -0.866098 451.143 0 0
1500.0 82.369407 34.493246 18.233123 0.519293 0.692124 445.527 0 0
1500.0 83.318713 16.271632 17.985006 0.406167 0.252125 465.978 0 0
1500.0 70.859280 1.649767 17.907694 0.229596 0.077324 463.170 0 0
1500.0 100.658521 8.627513 17.894150 0.711695 0.192655 456.426 0 0
1500.0 93.865319 50.441267 17.883103 0.569553 0.783871 460.726 0 0
1500.0 119.304841 12.389996 17.881160 0.973968 0.244374 458.061 0 0
1500.0 68.832125 52.846583 17.887160 0.219852 0.863355 457.130 0 0
1500.0 75.245510 49.113577 17.888264 0.318043 0.808124 457.003 0 0
1500.0 78.539704 -6.333592 17.906127 0.337140 -0.033969 463.058 0 0
1500.0 85.200471 1.214093 18.218312 0.484882 -0.055230 456.967 0 0
1500.0 101.695700 27.870932 17.955299 0.751738 0.396194 457.391 0 0
1500.0 66.188941 34.281953 18.024620 0.192514 0.589185 456.928 0 0
1500.0 24.357778 -38.934069 17.927303 -0.573773 -0.613835 457.405 0 0
1500.0 76.136203 6.321632 17.894731 0.355742 0.057952 456.052 0 0
1500.0 84.248541 10.173294 17.929454 0.431120 0.098366 463.684 0 0
1500.0 89.904814 12.140258 17.925471 0.564771 0.139321 456.759 0 0
1500.0 41.870109 68.873363 18.079275 -0.251646 1.242141 451.726 0 0
1500.0 56.057462 6.488276 18.146620 -0.063538 0.121982 457.636 0 0
1500.0 85.407401 57.125119 17.814556 0.416164 0.931978 459.914 0 0
1500.0 90.520042 -22.618990 17.962203 0.592575 -0.352761 458.646 0 0
1500.0 60.577354 -54.341285 17.817010 -0.018493 -0.824020 463.597 0 0
1500.0 6.034909 -22.897165 17.811371 -0.849083 -0.399127 459.347 0 0
1500.0 94.289563 -16.621083 17.963440 0.596176 -0.328965 458.709 0 0
1500.0 31.538361 20.966919 17.972024 -0.450195 0.273525 458.551 0 0
1500.0 -63.756816 50.699783 17.855752 -2.039638 0.835154 456.063 0 0
1500.0 93.741563 -18.218640 17.932089 0.579886 -0.279658 465.036 0 0
1500.0 99.621105 -9.496674 17.928248 0.723081 -0.171385 459.081 0 0
1500.0 108.350310 -9.286621 17.981600 0.858048 -0.127177 460.102 0 0
1500.0 94.256559 -104.245316 18.080005 0.692846 -1.806683 454.061 0 0
1500.0 121.399639 -8.768753 18.160621 1.110320 -0.191746 457.368 0 0
1500.0 -7.889349 10.450003 17.875624 -1.025902 0.183923 463.063 0 0
1500.0 10.951547 47.414076 17.875392 -0.751613 0.727779 462.886 0 0
1500.0 -1.145910 30.543173 17.875471 -0.928466 0.479268 462.958 0 0
1500.0 45.610212 44.888202 17.889650 -0.252963 0.721559 459.972 0 0
1500.0 3.082876 36.189475 17.876621 -0.859845 0.557949 463.474 0 0
1500.0 124.701356 22.484903 17.935580 1.087598 0.314503 461.459 0 0
1500.0 33.847188 -17.492588 17.862921 -0.449631 -0.255934 459.520 0 0
1500.0 99.097274 65.021977 18.062482 0.710249 1.162476 455.592 0 0
1500.0 55.536965 -60.904984 17.978536 -0.069111 -0.967489 462.252 0 0
1500.0 64.695022 -27.558865 17.998111 0.070318 -0.481255 460.312 0 0
1500.0 6.518635 -19.926958 17.850416 -0.804545 -0.293147 465.806 0 0
1500.0 46.847831 -56.312107 17.848249 -0.243292 -0.866840 461.469 0 0
1500.0 44.488642 27.390310 17.863795 -0.285265 0.417177 460.082 0 0
1500.0 45.525294 -39.431068 17.923358 -0.152742 -0.625139 466.907 0 0
1500.0 53.567959 -16.927790 17.902792 -0.125823 -0.219038 460.046 0 0
1500.0 20.809889 7.313605 18.039808 -0.646913 0.065193 457.736 0 0
1500.0 91.172552 -57.115629 17.935528 0.552825 -0.888871 464.492 0 0
1500.0 99.410740 55.468362 17.921293 0.711872 0.902697 461.117 0 0
1500.0 69.881046 31.069177 18.052451 0.247365 0.579639 457.767 0 0
1500.0 86.092734 -6.285525 17.917105 0.521943 -0.086255 460.885 0 0
1500.0 10.215739 -38.891999 17.816343 -0.758334 -0.593200 465.591 0 0
1500.0 45.153431 1.142840 17.840658 -0.244479 -0.013573 467.976 0 0
1500.0 84.986248 82.978812 18.021030 0.479954 1.403591 459.021 0 0
1500.0 49.913182 48.966238 17.920408 -0.171111 0.796666 462.373 0 0
1500.0 -6.488911 17.793301 17.900987 -1.006289 0.278103 465.184 0 0
1500.0 77.727023 -10.266951 18.248066 0.301804 -0.213179 460.382 0 0
1500.0 -4.885929 -87.115432 18.019111 -1.105139 -1.433735 458.232 0 0
1500.0 50.763311 61.345636 17.830341 -0.042704 0.964712 463.595 0 0
1500.0 87.610290 -19.034266 18.328983 0.570286 -0.417274 454.886 0 0
1500.0 27.582390 28.259538 17.933975 -0.475545 0.434952 468.873 0 0
1500.0 -4.094074 17.626774 17.916388 -0.976805 0.302826 464.798 0 0
1500.0 68.631004 56.604762 17.812396 0.207731 0.918881 463.730 0 0
1500.0 52.939094 15.086227 17.834793 -0.031720 0.296795 461.748 0 0
1500.0 108.385324 38.659529 17.809674 0.776357 0.617818 466.746 0 0
1500.0 86.060321 56.664182 17.809899 0.451623 0.878896 466.791 0 0
1500.0 100.240406 -0.461274 17.823451 0.700554 0.052483 462.565 0 0
1500.0 86.529134 58.726106 17.807785 0.461862 0.915642 466.280 0 0
1500.0 48.579710 -24.619773 18.041751 -0.179982 -0.426526 462.852 0 0
1500.0 111.985049 38.172745 17.817739 0.863336 0.584669 466.168 0 0
1500.0 95.409736 32.740279 17.831492 0.598955 0.488027 468.497 0 0
1500.0 111.460571 32.999526 17.819279 0.873392 0.519121 464.785 0 0
1500.0 49.154883 2.919469 18.300523 -0.121698 0.079154 471.734 0 0
1500.0 77.392643 4.612654 18.292551 0.350640 0.002248 471.716 0 0
1500.0 116.117921 -4.698183 17.812517 0.918004 -0.138747 464.630 0 0
1500.0 112.161400 13.405206 17.815311 0.862281 0.137545 464.287 0 0
1500.0 122.664208 -12.912278 17.852197 1.023011 -0.219703 466.907 0 0
1500.0 70.239361 30.140440 18.031501 0.185554 0.488887 470.794 0 0
1500.0 65.788500 0.307138 18.038517 0.122689 0.072937 471.313 0 0
1500.0 94.199673 -0.385550 17.979671 0.625356 -0.064641 464.007 0 0
1500.0 68.607341 32.797876 17.833856 0.214377 0.470604 470.811 0 0
1500.0 12.558446 17.196264 17.873092 -0.705803 0.270151 469.895 0 0
1500.0 16.844862 -14.713887 17.876615 -0.642068 -0.181491 470.219 0 0
1500.0 -0.172565 32.037719 17.858433 -0.919860 0.498783 467.324 0 0
1500.0 55.302535 58.304540 18.078478 0.013962 1.016168 461.352 0 0
1500.0 71.590674 -49.895695 17.870694 0.272479 -0.809732 465.077 0 0
1500.0 124.064158 -0.193739 17.861587 1.026158 -0.048168 468.137 0 0
1500.0 80.708265 -47.077108 17.869977 0.411277 -0.765752 465.156 0 0
1500.0 64.102181 -67.193080 17.860378 0.152619 -1.036923 467.417 0 0
1500.0 111.540094 24.360179 17.801796 0.875656 0.404441 465.730 0 0
1500.0 -25.145840 -47.703058 17.825967 -1.279462 -0.819068 463.982 0 0
1500.0 43.836072 -37.181457 17.836892 -0.155137 -0.618416 464.479 0 0
1500.0 118.473975 -25.990459 17.818061 0.948994 -0.421122 468.112 0 0
1500.0 63.741976 -59.712903 17.822560 0.150134 -0.946062 465.965 0 0
1500.0 115.026768 25.567068 17.970542 0.909390 0.443692 467.240 0 0
1500.0 79.384635 11.633504 17.893203 0.343974 0.220393 471.681 0 0
1500.0 20.121260 -55.896305 17.828156 -0.527922 -0.886808 468.586 0 0
1500.0 35.905349 50.719076 17.883941 -0.322786 0.846442 466.253 0 0
1500.0 9.808459 36.179295 17.878664 -0.748161 0.646424 464.128 0 0
1500.0 121.710797 20.566212 17.856593 1.010932 0.262905 467.972 0 0
1500.0 85.432305 20.448287 17.900209 0.405720 0.402630 462.243 0 0
1500.0 24.470678 -99.842683 17.857354 -0.604824 -1.645202 463.180 0 0
1500.0 97.174682 11.587334 17.845098 0.615401 0.198069 471.573 0 0
1500.0 67.042602 17.581662 17.852830 0.209948 0.312833 464.765 0 0
1500.0 74.324986 41.883154 17.843371 0.293254 0.627370 471.422 0 0
1500.0 96.716402 -22.431644 17.841745 0.665135 -0.308557 465.591 0 0
1500.0 24.263269 32.404190 17.873954 -0.528292 0.512748 471.076 0 0
1500.0 42.185192 -17.404019 17.885373 -0.295097 -0.215809 465.640 0 0
1500.0 27.824153 29.595935 17.874701 -0.510135 0.505018 466.586 0 0
1500.0 65.086335 -14.335557 18.021630 0.191653 -0.272888 465.818 0 0
1500.0 107.282850 -16.350209 18.003341 0.825718 -0.297077 467.343 0 0
1500.0 90.519610 67.328909 18.086168 0.546873 1.125459 465.777 0 0
1500.0 110.897308 -9.581494 17.967337 0.877046 -0.193287 467.988 0 0
1500.0 89.006409 -56.843977 17.959844 0.534069 -0.889119 469.433 0 0
1500.0 93.556641 -43.963661 17.967947 0.578061 -0.671191 472.166 0 0
1500.0 -3.143527 -27.826944 17.811921 -0.937078 -0.507746 466.583 0 0
1500.0 28.016139 0.930034 17.853421 -0.485407 0.039364 473.567 0 0
1500.0 -0.832874 17.883668 17.834266 -0.916138 0.285414 471.575 0 0
1500.0 108.431183 31.299915 17.817718 0.834747 0.447012 468.224 0 0
1500.0 85.672064 -12.764690 17.834361 0.501432 -0.227698 466.611 0 0
1500.0 82.510711 -27.755512 18.158414 0.386565 -0.492873 468.206 0 0
1500.0 89.897993 -34.203777 17.844014 0.519568 -0.509166 473.114 0 0
1500.0 75.091860 -1.590598 17.855498 0.341428 -0.051501 466.543 0 0
1500.0 89.625879 31.427565 17.825560 0.506940 0.514769 471.221 0 0
1500.0 45.740136 6.981367 18.221795 -0.276263 0.186936 458.658 0 0
1500.0 105.264145 88.586132 17.791208 0.770204 1.313317 470.539 0 0
1500.0 110.459912 41.348078 17.856914 0.855539 0.601451 470.564 0 0
1500.0 75.382172 60.378090 17.828062 0.347715 0.951193 466.879 0 0
1500.0 92.697367 -63.130355 17.963226 0.633251 -1.044053 466.239 0 0
1500.0 56.904158 -1.747519 17.938794 -0.082880 -0.036394 468.172 0 0
1500.0 36.042279 -38.134789 17.924640 -0.402204 -0.595039 469.183 0 0
1500.0 6.909889 -14.780730 17.917762 -0.841263 -0.233722 469.852 0 0
1500.0 101.503951 -41.072375 17.861548 0.691237 -0.627958 473.787 0 0
1500.0 104.896238 30.281629 17.863775 0.783949 0.421905 469.892 0 0
1500.0 115.166717 -24.126663 17.857443 0.926297 -0.400932 470.893 0 0
1500.0 100.466481 -29.444921 17.826584 0.732126 -0.432638 468.482 0 0
1500.0 59.772279 -15.717425 17.839665 0.072372 -0.268889 475.918 0 0
1500.0 63.188814 47.584045 17.934574 0.129243 0.785846 470.901 0 0
1500.0 102.956436 14.121290 17.937128 0.687970 0.263302 475.014 0 0
1500.0 114.627900 54.708014 17.990601 0.991671 0.873702 468.565 0 0
1500.0 88.192880 -75.168345 17.832416 0.494696 -1.180985 472.489 0 0
1500.0 51.656512 -20.698950 17.824063 -0.181189 -0.320492 469.484 0 0
1500.0 53.298206 55.357052 17.806862 -0.152119 0.851638 470.895 0 0
1500.0 85.636304 67.572305 17.909150 0.416762 1.068779 473.739 0 0
1500.0 68.588734 -67.332096 17.936047 0.237634 -1.110582 469.495 0 0
1500.0 65.574821 -52.206203 17.915000 0.145484 -0.867397 471.880 0 0
1500.0 89.754579 4.255776 17.869949 0.501762 -0.006123 473.934 0 0
1500.0 54.631737 -29.213631 17.870036 -0.017215 -0.498381 474.255 0 0
1500.0 122.084446 -35.798306 17.948808 1.091098 -0.530628 470.533 0 0
1500.0 98.986505 -49.767979 17.831953 0.677510 -0.781104 473.968 0 0
1500.0 90.080094 -55.965500 17.833774 0.530027 -0.850446 475.796 0 0
1500.0 80.150544 22.882956 17.854324 0.412924 0.316732 471.256 0 0
1500.0 110.843625 -2.423769 17.804795 0.821668 -0.047490 477.322 0 0
1500.0 109.754517 -41.788039 17.836441 0.792337 -0.684613 475.216 0 0
1500.0 100.731433 -11.556549 17.937920 0.722369 -0.259890 469.772 0 0
1500.0 7.474123 39.395373 17.920146 -0.801901 0.630938 474.897 0 0
1500.0 72.643748 42.488921 17.881584 0.170528 0.743961 469.152 0 0
1500.0 35.966944 44.955811 17.810500 -0.314280 0.762491 473.329 0 0
1500.0 63.011762 54.760028 17.806241 0.100558 0.906487 473.807 0 0
1500.0 82.109066 -0.554349 17.848917 0.377657 0.042577 481.544 0 0
1500.0 104.795807 1.538345 17.928456 0.737358 0.048953 479.909 0 0
1500.0 103.456975 -14.660440 17.900891 0.711047 -0.302206 474.387 0 0
1500.0 52.766843 31.478899 18.044439 -0.125207 0.512117 474.387 0 0
1500.0 128.178487 -12.272844 17.905921 1.111359 -0.264485 474.376 0 0
1500.0 123.920662 -10.010081 17.929090 1.132136 -0.110559 471.879 0 0
1500.0 27.297327 -28.290533 17.869805 -0.534558 -0.430467 476.280 0 0
1500.0 33.144579 9.377029 17.877592 -0.418997 0.130888 480.557 0 0
1500.0 23.068764 1.761630 17.963340 -0.527316 0.069557 482.007 0 0
1500.0 11.738443 -96.014529 17.810424 -0.788457 -1.534799 475.078 0 0
1500.0 67.213641 50.935765 17.856515 0.136827 0.854163 476.309 0 0
1500.0 122.006091 -42.908693 17.884071 1.074479 -0.660931 476.004 0 0
1500.0 160.138879 -32.859446 17.833536 1.653534 -0.581852 474.935 0 0
1500.0 49.443302 -33.279331 17.953874 -0.190743 -0.537798 476.329 0 0
1500.0 33.201258 27.636371 17.953005 -0.441180 0.402716 476.393 0 0
1500.0 128.374643 12.827100 18.477873 1.456431 0.249832 463.614 0 0
1500.0 39.539767 4.689164 18.030258 -0.337148 0.058544 476.647 0 0
1500.0 17.031948 40.213821 17.815539 -0.669278 0.671518 478.036 0 0
1500.0 80.881748 48.037853 17.820337 0.303016 0.797538 477.441 0 0
1500.0 50.580669 39.962322 17.829300 -0.148776 0.621469 482.935 0 0
1500.0 80.534468 22.131849 17.833521 0.302883 0.407548 476.323 0 0
1500.0 25.740701 90.432847 17.899967 -0.522632 1.461395 477.435 0 0
1500.0 -32.845805 -80.929400 17.807550 -1.379397 -1.216303 481.439 0 0
1500.0 114.765340 -26.956831 17.794655 0.914312 -0.361489 478.631 0 0
1500.0 28.894784 51.286542 17.798264 -0.388128 0.829176 478.087 0 0
1500.0 49.974851 48.693923 17.832982 -0.077754 0.824355 476.522 0 0
1500.0 113.002159 26.216804 17.808857 0.885248 0.343372 478.751 0 0
1500.0 101.993486 4.634482 17.933989 0.761785 0.054400 478.893 0 0
1500.0 62.065442 -8.030777 17.879130 0.084386 -0.177317 485.318 0 0
1500.0 19.908597 21.523092 17.983551 -0.631262 0.384407 478.664 0 0
1500.0 24.211089 51.428715 17.900086 -0.551138 0.924207 475.335 0 0
1500.0 80.819349 21.937676 17.899302 0.359890 0.365597 486.014 0 0
1500.0 120.740060 18.082347 17.855692 0.988263 0.323735 481.948 0 0
1500.0 57.972265 62.467780 17.858172 0.054840 0.994936 481.223 0 0
1500.0 70.164430 -22.137221 17.940975 0.263342 -0.390091 480.572 0 0
1500.0 77.646689 -3.746356 17.858617 0.305564 -0.136727 480.327 0 0
1500.0 87.072221 47.084451 17.810190 0.460668 0.791300 483.410 0 0
1500.0 91.192370 23.101578 17.820531 0.531853 0.432487 482.377 0 0
1500.0 -6.782515 -12.080653 17.849971 -0.994532 -0.225696 486.423 0 0
1500.0 80.228928 -1.943702 18.195708 0.463582 -0.031938 484.948 0 0
1500.0 108.683056 -68.141587 17.944110 0.903890 -1.103862 482.496 0 0
1500.0 62.909000 -41.920155 18.094920 0.031583 -0.725476 481.923 0 0
1500.0 121.425120 0.567644 18.076155 1.096681 0.057850 484.030 0 0
1500.0 97.705475 22.435810 18.144987 0.700772 0.356554 489.466 0 0
1500.0 92.229643 -2.148625 17.940299 0.588156 -0.104676 485.217 0 0
1500.0 76.911009 -50.415574 17.889556 0.338133 -0.829425 488.006 0 0
1500.0 53.082499 -44.078326 17.896608 -0.024456 -0.741152 487.289 0 0
1500.0 80.184928 -59.759637 17.884230 0.369487 -0.925356 491.286 0 0
1500.0 100.465657 -1.135761 17.900193 0.645035 -0.074210 493.232 0 0
1500.0 7.051365 -26.371465 17.926311 -0.833386 -0.402694 488.887 0 0
1500.0 82.771518 15.960820 17.887395 0.399181 0.275654 494.426 0 0
1500.0 72.080677 19.295277 17.888246 0.276915 0.358048 487.320 0 0
1500.0 117.286470 14.843470 17.866639 0.948395 0.279266 489.502 0 0
1500.0 108.036787 42.656908 17.837200 0.742790 0.693656 491.862 0 0
1500.0 115.155661 1.768242 17.905197 0.944792 -0.033673 487.868 0 0
1500.0 121.348647 -52.065103 17.844319 0.962730 -0.801327 493.925 0 0
1500.0 51.456857 52.353782 17.906646 -0.125502 0.801124 495.264 0 0
1500.0 86.755475 -12.337250 18.066737 0.479319 -0.265889 491.127 0 0
1500.0 47.662193 25.800527 17.978015 -0.218653 0.411127 491.946 0 0
1500.0 19.363004 37.161690 17.963278 -0.644176 0.575802 493.200 0 0
1500.0 29.026301 12.452407 17.906753 -0.450925 0.220860 499.767 0 0
1500.0 57.606864 63.123412 17.885921 -0.054180 0.997386 494.993 0 0
1500.0 25.100947 42.154754 17.851913 -0.521204 0.647730 499.681 0 0
1500.0 -6.775273 -1.622283 17.843664 -0.992521 0.023718 498.505 0 0
1500.0 16.053792 -12.443036 17.856850 -0.703423 -0.141735 494.381 0 0
1500.0 69.645383 -23.384158 17.939774 0.139693 -0.419129 495.451 0 0
1500.0 93.254084 -53.045857 17.811062 0.599309 -0.820203 498.314 0 0
1500.0 71.850340 10.598980 17.876697 0.282816 0.216265 495.721 0 0
1500.0 -0.020913 -23.716283 17.840299 -0.944733 -0.347679 499.703 0 0
1500.0 5.379080 -5.511824 17.812698 -0.893323 -0.105723 498.313 0 0
1500.0 55.327852 -8.847859 17.830963 -0.116808 -0.170531 497.592 0 0
1500.0 31.811307 48.353189 17.849500 -0.485982 0.735643 498.293 0 0
1500.0 118.506294 33.738652 17.807459 0.974676 0.458526 499.629 0 0
1500.0 30.801915 22.615347 18.054181 -0.539561 0.379073 497.830 0 0
1500.0 112.815637 36.068298 17.813924 0.883878 0.496189 507.909 0 0
