Total number of secondary electrons: 1464
1500.0 97.049166 -7.788375 19.740925 0.867077 -0.125311 244.044 0 0
1500.0 92.631190 16.674018 19.522087 0.921063 0.365363 250.266 0 0
1500.0 128.066674 -4.362532 17.678733 1.389361 -0.109008 267.674 0 0
1500.0 76.799917 -23.173081 17.646601 0.368993 -0.384012 268.763 0 0
1500.0 81.985694 12.967371 17.407587 0.563157 0.197053 272.482 0 0
1500.0 91.576553 -11.470519 17.382897 0.695980 -0.150045 272.857 0 0
1500.0 76.988930 31.950452 16.936465 0.369466 0.632533 277.008 0 0
1500.0 87.622450 0.227932 16.926361 0.601899 -0.002544 278.085 0 0
1500.0 26.146803 -78.366465 17.171830 -0.531602 -1.536073 283.317 0 0
1500.0 124.423107 25.384148 17.810599 1.385293 0.486265 283.841 0 0
1500.0 84.653999 29.377338 16.546463 0.432685 0.497568 287.539 0 0
1500.0 79.410911 15.141475 17.285547 0.473073 0.250434 287.910 0 0
1500.0 95.950361 -7.896866 17.387679 0.693634 -0.165321 288.433 0 0
1500.0 114.698513 8.731150 16.570004 0.859957 0.192178 288.565 0 0
1500.0 81.690106 -13.895342 17.272804 0.408702 -0.242646 289.026 0 0
1500.0 105.124525 4.481552 17.872411 0.872220 0.077354 290.983 0 0
1500.0 89.484276 6.877382 17.963956 0.620658 0.107159 291.559 0 0
1500.0 81.652874 -6.912846 17.690581 0.520660 -0.145811 291.932 0 0
1500.0 93.017357 -2.089480 17.731317 0.691758 0.001803 292.229 0 0
1500.0 87.867172 59.131853 16.694073 0.446447 0.868694 292.632 0 0
1500.0 98.417817 38.031203 16.996002 0.631444 0.606656 292.696 0 0
1500.0 67.122264 11.172913 17.576127 0.237265 0.203478 294.193 0 0
1500.0 127.621919 -14.554655 17.315836 1.240856 -0.234434 294.432 0 0
1500.0 103.039337 9.325227 16.767936 0.636681 0.184796 294.547 0 0
1500.0 94.803885 -8.502652 17.132919 0.611381 -0.186426 294.553 0 0
1500.0 87.691602 7.838094 17.007175 0.495030 0.191250 294.821 0 0
1500.0 93.266248 -18.916045 17.817674 0.660355 -0.307499 295.127 0 0
1500.0 90.024466 5.925081 17.879688 0.581305 0.126223 295.164 0 0
1500.0 132.007039 48.839446 16.886480 1.256658 0.800973 295.347 0 0
1500.0 82.215830 -13.916110 17.570072 0.500474 -0.244302 295.418 0 0
1500.0 105.378660 11.664713 16.899432 0.818626 0.241430 295.637 0 0
1500.0 84.580265 40.270724 17.233594 0.438414 0.635125 295.684 0 0
1500.0 83.386181 6.707142 18.435978 0.576071 0.154225 295.709 0 0
1500.0 92.112443 -18.435450 16.737278 0.557785 -0.308744 295.797 0 0
1500.0 130.469465 16.246248 16.772172 1.054101 0.249955 296.124 0 0
1500.0 110.156223 -9.801474 17.991804 0.970998 -0.189101 296.822 0 0
1500.0 60.537020 0.837877 17.067529 0.051974 -0.055156 297.068 0 0
1500.0 45.073848 -29.685915 17.072168 -0.148575 -0.539077 297.474 0 0
1500.0 61.241837 -23.842800 17.383118 0.033898 -0.430778 297.495 0 0
1500.0 55.741092 -33.386684 17.078899 -0.017029 -0.543855 297.678 0 0
1500.0 43.923065 44.692832 17.120887 -0.227173 0.792718 298.313 0 0
1500.0 108.570379 -22.132058 17.370087 0.817722 -0.359288 298.860 0 0
1500.0 79.485244 76.928364 17.014873 0.394859 1.189080 298.927 0 0
1500.0 96.057310 28.359933 17.113356 0.635742 0.435863 299.890 0 0
1500.0 78.900850 -3.819472 18.024745 0.443381 -0.093349 300.047 0 0
1500.0 85.768588 1.997590 17.352182 0.484818 0.093210 300.489 0 0
1500.0 49.193925 37.619349 17.266077 -0.116582 0.584299 300.476 0 0
1500.0 77.789133 13.857761 17.024585 0.376986 0.202240 300.706 0 0
1500.0 62.421913 -3.196399 17.619291 0.096098 -0.019733 300.741 0 0
1500.0 110.060875 29.510245 17.136556 0.822087 0.445899 300.876 0 0
1500.0 41.605886 10.631500 17.126065 -0.273480 0.158185 300.958 0 0
1500.0 -36.522131 -15.576894 16.868460 -1.396932 -0.257477 301.067 0 0
1500.0 66.080287 7.401306 16.884962 0.125150 0.179936 301.080 0 0
1500.0 72.047891 0.735929 17.661514 0.324990 0.075168 301.117 0 0
1500.0 79.592022 0.655360 17.664463 0.429081 0.073878 301.280 0 0
1500.0 48.443852 36.767347 16.898840 -0.130061 0.600856 301.800 0 0
1500.0 112.949489 -11.220363 16.972287 0.830180 -0.103275 302.031 0 0
1500.0 26.859679 14.615224 17.198390 -0.487272 0.207286 302.231 0 0
1500.0 90.247441 38.739983 16.911946 0.467669 0.623761 302.412 0 0
1500.0 91.314193 33.306230 17.235738 0.525226 0.489691 302.632 0 0
1500.0 -70.640408 -317.410366 16.975324 -1.888092 -4.843194 302.642 0 0
1500.0 84.195885 25.476686 17.816932 0.430230 0.417524 302.674 0 0
1500.0 107.705298 6.528772 17.005959 0.741597 0.159421 303.096 0 0
1500.0 79.489952 11.918728 18.655315 0.476436 0.203096 303.265 0 0
1500.0 53.845422 -35.717398 17.194566 -0.069948 -0.562677 303.304 0 0
1500.0 102.608097 -14.470047 17.435201 0.753711 -0.205147 303.354 0 0
1500.0 69.647531 -57.363050 17.062883 0.237378 -0.844657 303.745 0 0
1500.0 0.838784 18.838478 17.124680 -0.890397 0.371512 303.659 0 0
1500.0 24.793445 31.988746 17.199827 -0.518417 0.469458 303.759 0 0
1500.0 27.867521 4.818920 17.273536 -0.481441 0.134766 303.964 0 0
1500.0 7.080146 -5.331654 17.088995 -0.758841 -0.120255 304.086 0 0
1500.0 96.957941 4.945549 18.594715 0.778135 0.034677 304.319 0 0
1500.0 87.520339 8.511959 17.104980 0.508051 0.107618 304.327 0 0
1500.0 156.951318 -32.128573 17.171739 1.564641 -0.447950 304.539 0 0
1500.0 112.172471 -42.932790 17.156789 0.823366 -0.625643 304.611 0 0
1500.0 113.942233 40.939535 17.045616 0.813811 0.611109 304.674 0 0
1500.0 109.966352 11.632211 17.184261 0.817704 0.192743 304.785 0 0
1500.0 86.512755 -28.853895 17.194315 0.484871 -0.477845 304.779 0 0
1500.0 52.988000 -5.433049 17.221090 -0.088342 -0.132740 304.955 0 0
1500.0 83.809483 12.322458 19.083869 0.608649 0.172330 305.187 0 0
1500.0 127.345676 9.740461 17.060851 0.990035 0.184836 305.148 0 0
1500.0 129.980435 -14.470684 17.058975 1.049957 -0.155491 305.212 0 0
1500.0 106.795357 28.965279 17.132980 0.769049 0.392465 305.631 0 0
1500.0 76.651757 24.326597 17.630243 0.281447 0.364381 305.702 0 0
1500.0 122.170060 5.931286 17.288738 1.003679 0.036042 305.943 0 0
1500.0 138.403240 35.132583 17.480814 1.386339 0.584153 305.923 0 0
1500.0 113.169763 36.860948 17.217724 0.846707 0.536121 306.124 0 0
1500.0 75.797679 -17.346275 17.539902 0.279041 -0.301985 306.140 0 0
1500.0 73.484493 -47.763118 17.245682 0.200986 -0.724727 306.208 0 0
1500.0 115.004748 16.006213 17.157902 0.861100 0.255963 306.276 0 0
1500.0 100.205691 39.590999 17.117854 0.622339 0.622213 306.297 0 0
1500.0 89.596681 7.495039 17.741511 0.596010 0.093136 306.483 0 0
1500.0 116.897291 -24.945668 17.153209 0.900372 -0.359402 306.450 0 0
1500.0 13.970316 -57.007300 17.147145 -0.615792 -0.905912 306.480 0 0
1500.0 72.391421 -53.761875 17.340880 0.224667 -0.814528 306.628 0 0
1500.0 66.176779 23.424485 17.117852 0.080507 0.391831 306.735 0 0
1500.0 61.891726 69.035303 17.038100 0.059290 0.994015 306.790 0 0
1500.0 -4.391553 -0.299247 17.039530 -0.937369 -0.034843 306.832 0 0
1500.0 116.243017 10.884830 17.214202 0.849313 0.145632 307.317 0 0
1500.0 94.582407 -19.368046 17.162367 0.590700 -0.237865 307.461 0 0
1500.0 78.151186 -26.308457 17.575733 0.341813 -0.435485 307.661 0 0
1500.0 104.119437 -17.916616 17.219654 0.735796 -0.238175 307.653 0 0
1500.0 56.373373 -23.960685 17.286033 -0.067334 -0.353585 307.895 0 0
1500.0 59.317947 -24.189118 17.366316 0.006000 -0.392949 307.980 0 0
1500.0 95.162254 22.741790 17.254826 0.564691 0.297288 308.361 0 0
1500.0 21.569023 17.385709 17.317976 -0.553938 0.231155 308.444 0 0
1500.0 90.372199 47.465465 17.185405 0.523228 0.699475 308.508 0 0
1500.0 36.109031 -67.113159 17.190654 -0.305732 -0.984414 308.519 0 0
1500.0 3.267154 -46.554770 17.090682 -0.809373 -0.665261 308.666 0 0
1500.0 64.591085 -12.849891 17.133864 0.069695 -0.251195 308.705 0 0
1500.0 81.081330 39.770376 17.119004 0.308143 0.584044 308.942 0 0
1500.0 69.767124 -29.203188 17.408299 0.145609 -0.424475 309.151 0 0
1500.0 95.027267 52.149584 17.264998 0.513944 0.788021 309.134 0 0
1500.0 114.187341 -2.475251 17.590946 1.034516 -0.073403 309.153 0 0
1500.0 -164.697647 57.066668 17.126599 -3.208071 0.837398 309.356 0 0
1500.0 128.817109 -8.233551 17.273733 1.042251 -0.111345 309.401 0 0
1500.0 108.014659 -5.620330 17.245212 0.730439 -0.103259 309.475 0 0
1500.0 52.708003 -40.224114 17.148697 -0.099645 -0.636785 309.477 0 0
1500.0 91.834500 9.375161 17.845072 0.667575 0.128891 309.514 0 0
1500.0 51.379107 -32.458060 17.708656 -0.125249 -0.502560 309.568 0 0
1500.0 88.345660 17.599895 17.485117 0.536358 0.265866 309.586 0 0
1500.0 75.545217 -3.454997 18.450353 0.387327 -0.110194 309.773 0 0
1500.0 48.160392 -59.264005 17.178565 -0.086662 -0.880312 309.813 0 0
1500.0 11.529977 -53.957805 17.129955 -0.685179 -0.753729 309.888 0 0
1500.0 110.874468 10.308096 17.562816 0.861720 0.180640 309.892 0 0
1500.0 98.388546 -19.839209 17.493304 0.672758 -0.255312 309.990 0 0
1500.0 88.253621 23.093523 17.366600 0.477063 0.311470 310.057 0 0
1500.0 128.156282 -4.376043 17.226624 1.028363 -0.024362 310.097 0 0
1500.0 51.874773 -24.659154 17.557403 -0.057120 -0.369662 310.105 0 0
1500.0 64.641880 10.558616 17.404352 0.119334 0.219657 310.155 0 0
1500.0 63.977142 -63.237523 17.188627 0.133458 -0.930455 310.224 0 0
1500.0 73.440457 -39.130316 17.426770 0.212945 -0.654093 310.585 0 0
1500.0 88.636665 14.708870 17.413019 0.455530 0.276493 310.625 0 0
1500.0 121.770630 -12.755072 17.204975 0.954180 -0.119022 310.620 0 0
1500.0 95.767184 -46.070308 17.350058 0.521268 -0.744458 310.961 0 0
1500.0 -4.285358 9.966411 17.178323 -0.881383 0.102520 311.249 0 0
1500.0 -4.723820 4.869909 17.178168 -0.887212 0.035334 311.245 0 0
1500.0 -6.527636 -22.318027 17.195084 -0.914370 -0.372336 311.451 0 0
1500.0 69.289863 -79.014048 17.354619 0.239818 -1.270437 311.493 0 0
1500.0 93.802545 34.283105 17.444391 0.528564 0.545536 311.647 0 0
1500.0 34.542113 17.893670 17.294580 -0.343388 0.322740 311.735 0 0
1500.0 93.093460 -38.350051 17.347587 0.526636 -0.532188 311.799 0 0
1500.0 103.253997 -36.127381 17.565607 0.697764 -0.631471 311.760 0 0
1500.0 60.167302 16.757915 17.271225 -0.026183 0.206555 311.828 0 0
1500.0 125.120644 24.011778 17.280991 0.963545 0.355094 311.867 0 0
1500.0 139.937675 -33.562622 17.307754 1.301840 -0.559011 311.877 0 0
1500.0 94.901673 -12.803444 17.337958 0.553090 -0.177478 311.972 0 0
1500.0 86.161662 52.405118 17.456940 0.440234 0.866830 311.921 0 0
1500.0 125.598038 20.083333 17.289850 0.966499 0.301596 312.132 0 0
1500.0 101.210719 -53.486898 17.229948 0.682026 -0.750625 312.012 0 0
1500.0 100.681015 -56.747192 17.302900 0.622346 -0.837425 312.205 0 0
1500.0 5.199222 -10.491595 17.320266 -0.829782 -0.203123 312.189 0 0
1500.0 42.660119 -54.241518 17.317994 -0.205397 -0.768327 312.314 0 0
1500.0 90.441482 -3.296803 17.858269 0.563551 0.013439 312.431 0 0
1500.0 127.673682 -26.974391 17.235592 0.999742 -0.359993 312.668 0 0
1500.0 87.678645 -67.250330 17.230337 0.379125 -0.975582 312.700 0 0
1500.0 78.575317 -45.055842 17.391372 0.350025 -0.687060 312.843 0 0
1500.0 117.631571 53.721110 17.305821 0.952279 0.784020 312.956 0 0
1500.0 79.169079 2.542818 18.178012 0.404881 0.103716 312.994 0 0
1500.0 69.088580 -26.052212 17.637653 0.119839 -0.452430 313.015 0 0
1500.0 37.447376 20.684557 17.250565 -0.323413 0.238079 313.078 0 0
1500.0 43.041507 -15.544831 17.245993 -0.204135 -0.294258 313.085 0 0
1500.0 34.715739 -9.756554 17.266641 -0.399354 -0.110686 313.122 0 0
1500.0 58.234336 -29.833453 17.306710 -0.037657 -0.479713 313.129 0 0
1500.0 85.443254 -23.436137 17.861564 0.464192 -0.389117 313.176 0 0
1500.0 102.127141 -9.272442 17.451602 0.735304 -0.092411 313.252 0 0
1500.0 105.166088 2.172091 17.246605 0.719147 0.078810 313.308 0 0
1500.0 105.550502 -7.494142 17.617055 0.768891 -0.079955 313.479 0 0
1500.0 89.541397 49.564198 17.326051 0.422414 0.771450 313.482 0 0
1500.0 109.120965 32.620151 17.339632 0.733709 0.459775 313.531 0 0
1500.0 63.613212 41.259950 17.434709 0.031900 0.603757 313.536 0 0
1500.0 39.988173 -12.487821 17.554025 -0.273536 -0.218595 313.651 0 0
1500.0 54.675079 29.978159 17.914164 -0.025380 0.518110 313.972 0 0
1500.0 18.318825 -16.470708 17.511025 -0.641019 -0.310159 313.955 0 0
1500.0 19.730506 -34.236638 17.283713 -0.605919 -0.455574 314.092 0 0
1500.0 102.279601 43.917585 18.027997 0.769676 0.740470 314.161 0 0
1500.0 98.320454 -36.389385 17.477429 0.674214 -0.511002 314.270 0 0
1500.0 31.416680 27.502511 17.445429 -0.390664 0.450277 314.353 0 0
1500.0 18.521272 -9.833438 17.325902 -0.590968 -0.076735 314.294 0 0
1500.0 -6.734218 -29.639062 17.286006 -0.881093 -0.454719 314.423 0 0
1500.0 93.326533 -53.262735 17.320951 0.510751 -0.747680 314.488 0 0
1500.0 25.941952 34.370826 17.535982 -0.528164 0.497257 314.543 0 0
1500.0 118.083174 22.353516 17.275293 0.885395 0.358132 314.655 0 0
1500.0 42.617979 31.704743 17.575229 -0.261284 0.597343 314.655 0 0
1500.0 67.740654 45.622607 17.452178 0.122345 0.702720 314.735 0 0
1500.0 103.564412 -21.106344 17.376858 0.719188 -0.387735 314.721 0 0
1500.0 101.447868 -8.198028 17.975121 0.861578 -0.170817 314.786 0 0
1500.0 105.709003 26.466074 17.413868 0.746714 0.341181 314.800 0 0
1500.0 39.596641 44.874167 17.454340 -0.273059 0.691054 314.852 0 0
1500.0 85.474421 3.758593 18.394673 0.576864 0.056800 314.914 0 0
1500.0 52.394615 -65.421112 17.309446 -0.096421 -0.920979 315.084 0 0
1500.0 69.898390 -66.734414 17.298975 0.104222 -0.962141 315.282 0 0
1500.0 84.185895 -28.936000 17.568166 0.393097 -0.404136 315.393 0 0
1500.0 68.287310 19.658944 18.166828 0.264285 0.334922 315.470 0 0
1500.0 71.885367 30.272143 18.068291 0.289071 0.481467 315.547 0 0
1500.0 18.796138 53.287758 17.314403 -0.606829 0.767377 315.526 0 0
1500.0 73.331700 67.828705 17.314896 0.149491 0.968767 315.547 0 0
1500.0 128.350682 30.334286 17.364806 1.090334 0.413640 315.553 0 0
1500.0 83.853325 43.156345 17.464316 0.462076 0.671492 315.560 0 0
1500.0 100.912717 24.226418 17.508167 0.616778 0.358593 315.568 0 0
1500.0 72.446382 -72.827255 17.414298 0.223116 -1.047474 315.595 0 0
1500.0 92.565226 -48.695908 17.523708 0.541364 -0.731384 315.649 0 0
1500.0 -35.329687 -116.285755 17.346988 -1.378582 -1.773799 315.715 0 0
1500.0 85.760183 -31.754215 17.544692 0.464276 -0.499857 315.810 0 0
1500.0 130.251591 0.663804 17.405647 1.046709 0.040896 315.862 0 0
1500.0 73.865745 62.047243 17.477481 0.204892 0.917594 315.986 0 0
1500.0 50.115348 11.507454 17.492871 -0.099679 0.207308 316.229 0 0
1500.0 100.806081 -12.786122 17.780723 0.716260 -0.156641 316.253 0 0
1500.0 34.372831 62.820797 17.336995 -0.411229 0.883461 316.308 0 0
1500.0 17.776599 -24.899318 17.363602 -0.541208 -0.381345 316.508 0 0
1500.0 62.423852 -17.964447 17.960516 0.124236 -0.316246 316.379 0 0
1500.0 87.732905 -9.077532 18.804702 0.703116 -0.180279 316.471 0 0
1500.0 112.025564 14.727290 17.576680 0.829087 0.253485 316.637 0 0
1500.0 100.310786 7.188902 17.441028 0.630742 0.169668 316.542 0 0
1500.0 46.912086 -82.269346 17.337376 -0.131588 -1.162045 316.773 0 0
1500.0 103.073245 -18.526354 17.457512 0.699203 -0.300433 316.830 0 0
1500.0 101.302118 142.686564 17.385626 0.639735 2.057351 316.832 0 0
1500.0 23.446880 21.669189 17.353547 -0.531150 0.368472 316.786 0 0
1500.0 81.303387 -55.361179 17.565839 0.395397 -0.818823 316.930 0 0
1500.0 82.320115 1.877846 18.329844 0.465287 -0.041771 316.975 0 0
1500.0 87.998172 -113.005124 17.497495 0.411431 -1.789464 317.085 0 0
1500.0 105.351270 52.459219 17.440361 0.702111 0.765150 317.207 0 0
1500.0 159.970219 -92.163054 17.605657 1.700741 -1.436706 317.262 0 0
1500.0 93.316612 13.167549 17.430054 0.570993 0.152114 317.274 0 0
1500.0 85.649267 2.390613 18.381655 0.532024 0.094181 317.503 0 0
1500.0 111.231954 -64.450516 17.353345 0.785046 -0.957166 317.574 0 0
1500.0 9.493333 -58.280850 17.347649 -0.621357 -0.849508 317.846 0 0
1500.0 73.003893 -42.703241 17.542322 0.291009 -0.637870 317.889 0 0
1500.0 34.601782 70.988533 17.348955 -0.272727 1.010526 317.906 0 0
1500.0 75.704187 18.552543 17.759069 0.313217 0.274622 317.934 0 0
1500.0 89.144885 -55.065806 17.361972 0.375065 -0.811395 318.050 0 0
1500.0 67.589561 -7.217388 17.557614 0.088631 -0.124222 318.060 0 0
1500.0 102.977424 1.820809 18.011865 0.742062 0.050455 318.195 0 0
1500.0 73.502315 15.494392 18.083824 0.360617 0.253516 318.302 0 0
1500.0 93.378606 47.577079 17.741589 0.649617 0.858067 318.330 0 0
1500.0 95.271782 -50.704021 17.492183 0.577708 -0.733890 318.384 0 0
1500.0 98.631891 59.700884 17.396354 0.604045 0.837270 318.419 0 0
1500.0 103.888114 -11.034210 17.659305 0.815023 -0.213665 318.420 0 0
1500.0 96.978727 18.300756 17.579421 0.542323 0.292024 318.637 0 0
1500.0 109.349628 -31.051905 17.455857 0.783175 -0.467297 318.695 0 0
1500.0 73.019322 12.038462 17.542060 0.235358 0.207586 318.753 0 0
1500.0 117.372883 26.122074 17.462159 0.891266 0.328300 318.996 0 0
1500.0 81.861189 4.709644 17.678270 0.329044 0.122313 319.018 0 0
1500.0 97.011993 6.811959 17.756060 0.652598 0.105306 319.070 0 0
1500.0 99.096768 -60.552229 17.386506 0.506695 -0.874644 319.166 0 0
1500.0 20.174437 -15.061359 17.557474 -0.549568 -0.277444 319.124 0 0
1500.0 111.555175 -20.826637 17.656170 0.914736 -0.380683 319.157 0 0
1500.0 77.269162 -0.208582 18.708473 0.468612 0.047584 319.378 0 0
1500.0 110.940132 14.479986 17.956701 0.923209 0.302380 319.569 0 0
1500.0 95.476407 17.934618 17.723151 0.577982 0.319810 319.635 0 0
1500.0 9.460429 7.919620 17.435483 -0.751261 0.149788 319.862 0 0
1500.0 119.720142 -28.112056 17.584630 0.921009 -0.420345 319.973 0 0
1500.0 83.929773 -14.343701 17.862968 0.484744 -0.179356 319.940 0 0
1500.0 57.045616 -5.649359 17.644296 0.031932 -0.149327 319.991 0 0
1500.0 78.303122 20.437709 17.999214 0.371627 0.436974 320.037 0 0
1500.0 12.809846 12.483379 17.433572 -0.666800 0.109076 320.176 0 0
1500.0 118.668593 -16.849087 17.549425 0.872771 -0.263647 320.459 0 0
1500.0 88.239229 65.650741 17.531117 0.435518 0.944742 320.482 0 0
1500.0 69.602819 -41.630632 18.039643 0.207785 -0.679014 320.555 0 0
1500.0 133.697752 10.036104 17.594181 1.179715 0.209172 320.784 0 0
1500.0 27.797136 28.602851 17.479407 -0.448892 0.395830 320.843 0 0
1500.0 108.079619 0.413280 17.878468 0.811216 0.026708 320.941 0 0
1500.0 92.814685 35.823355 17.775704 0.555569 0.561063 320.987 0 0
1500.0 113.783974 -25.018884 17.448017 0.767490 -0.421847 321.086 0 0
1500.0 71.663021 -18.764441 18.160687 0.296098 -0.326281 321.406 0 0
1500.0 84.522891 29.887381 17.494491 0.449461 0.410426 321.550 0 0
1500.0 42.983241 36.923545 17.530018 -0.219306 0.533677 321.656 0 0
1500.0 63.114451 37.076620 17.655399 0.052070 0.529574 321.843 0 0
1500.0 70.947938 -58.187015 17.673837 0.224449 -0.876048 322.025 0 0
1500.0 61.968850 11.500118 17.634161 0.085070 0.206483 322.092 0 0
1500.0 82.294509 19.692183 17.607198 0.358441 0.305359 322.136 0 0
1500.0 69.433038 73.275312 17.487664 0.214621 1.022143 322.193 0 0
1500.0 127.894112 -8.056438 17.615129 1.032630 -0.129302 322.225 0 0
1500.0 56.888724 18.769714 17.682392 0.042409 0.336819 322.331 0 0
1500.0 64.194577 -11.174276 18.086838 0.183652 -0.229152 322.402 0 0
1500.0 62.283709 -25.501554 18.309994 0.115079 -0.447609 322.366 0 0
1500.0 13.044792 55.732569 17.489173 -0.674992 0.798852 322.507 0 0
1500.0 83.884457 54.118254 17.596285 0.366909 0.768695 322.557 0 0
1500.0 108.847115 -33.125679 18.159361 0.993913 -0.638686 322.568 0 0
1500.0 36.305721 38.845665 17.561185 -0.368935 0.582045 322.712 0 0
1500.0 38.134126 -26.282304 17.954030 -0.299192 -0.468326 322.717 0 0
1500.0 91.328727 7.076394 17.761898 0.497686 0.135300 323.034 0 0
1500.0 73.376257 73.613817 17.503070 0.149724 1.035783 323.060 0 0
1500.0 76.792467 17.947768 17.990361 0.352341 0.316270 323.167 0 0
1500.0 69.247250 0.891197 17.780692 0.214881 0.056109 323.529 0 0
1500.0 78.609877 1.612540 17.775073 0.334087 0.065367 323.383 0 0
1500.0 7.657521 51.981427 17.527985 -0.707896 0.768184 323.610 0 0
1500.0 -13.435960 -18.960599 17.496552 -0.996300 -0.325674 323.398 0 0
1500.0 -12.860326 -0.666124 17.499657 -1.026511 0.045881 323.474 0 0
1500.0 -2.391434 -23.908874 17.648722 -0.893872 -0.329025 323.475 0 0
1500.0 67.544755 -28.089630 17.565389 0.207661 -0.428348 323.519 0 0
1500.0 63.229361 -60.110419 17.641880 0.090064 -0.989528 323.508 0 0
1500.0 103.899385 -1.397560 17.620759 0.698574 0.041520 323.695 0 0
1500.0 23.914532 41.764201 17.541635 -0.489208 0.592977 323.849 0 0
1500.0 69.355984 -71.275335 17.510145 0.134757 -1.033398 323.935 0 0
1500.0 91.599463 -12.698517 18.206938 0.646932 -0.191377 324.051 0 0
1500.0 38.065808 27.216967 17.558959 -0.292314 0.404780 324.188 0 0
1500.0 3.140667 33.516150 17.585287 -0.823755 0.495528 324.213 0 0
1500.0 63.343905 43.715361 17.571784 0.020480 0.670841 324.545 0 0
1500.0 18.643941 18.694510 17.572702 -0.619534 0.311870 324.622 0 0
1500.0 25.952967 16.808933 17.572113 -0.457580 0.264630 324.694 0 0
1500.0 80.443677 -5.386311 18.544269 0.463112 -0.011213 324.733 0 0
1500.0 61.999212 -15.770807 18.559805 0.137710 -0.252029 324.958 0 0
1500.0 66.983979 16.887050 18.337231 0.233146 0.302003 325.036 0 0
1500.0 -103.273138 5.419377 17.603064 -2.366655 0.093933 325.116 0 0
1500.0 101.183413 8.379434 18.311871 0.748598 0.142831 325.190 0 0
1500.0 105.203586 -31.568346 17.626664 0.651948 -0.514104 325.317 0 0
1500.0 106.757786 -18.560911 17.598767 0.764049 -0.280305 325.277 0 0
1500.0 53.989183 -67.214235 17.605214 -0.038256 -0.959071 325.388 0 0
1500.0 51.273663 18.462332 17.847038 -0.060706 0.335257 325.387 0 0
1500.0 87.934743 -18.628830 18.471775 0.513488 -0.338555 325.635 0 0
1500.0 98.104907 -33.734433 17.740121 0.663744 -0.494728 325.717 0 0
1500.0 11.804115 55.929117 17.618604 -0.687668 0.790573 325.804 0 0
1500.0 82.502283 -17.371102 18.472848 0.561201 -0.345570 325.908 0 0
1500.0 76.774829 9.602727 18.769621 0.414471 0.152322 326.078 0 0
1500.0 74.196958 -9.133603 18.336415 0.329111 -0.158640 326.190 0 0
1500.0 83.922322 20.240319 18.317272 0.504625 0.323099 326.212 0 0
1500.0 63.673177 7.970775 18.100180 0.161973 0.181205 326.186 0 0
1500.0 55.447547 -28.218910 17.677774 -0.113003 -0.422766 326.197 0 0
1500.0 76.074990 -52.999141 17.693331 0.289356 -0.814450 326.357 0 0
1500.0 35.336968 -34.395436 17.630513 -0.396415 -0.504410 326.563 0 0
1500.0 106.749428 42.886582 17.689895 0.701039 0.696899 326.650 0 0
1500.0 54.678226 -45.407371 17.631491 -0.117674 -0.662082 326.661 0 0
1500.0 38.802084 41.241538 17.633698 -0.354750 0.577649 326.759 0 0
1500.0 135.488128 -21.636391 17.659413 1.113113 -0.298214 326.853 0 0
1500.0 96.615275 49.923432 17.651398 0.594139 0.777143 326.864 0 0
1500.0 116.104979 53.889332 17.670382 0.924827 0.776646 327.019 0 0
1500.0 114.418341 42.977128 17.629924 0.850438 0.578580 327.133 0 0
1500.0 189.209794 167.164568 17.880654 2.258063 2.812112 327.106 0 0
1500.0 -12.284069 9.220673 17.615322 -1.024297 0.169916 327.216 0 0
1500.0 71.106664 31.183146 18.205888 0.269752 0.503469 327.165 0 0
1500.0 56.378074 -11.649559 17.706613 0.006821 -0.239425 327.186 0 0
1500.0 38.193308 -0.495069 18.158530 -0.351024 0.036607 327.227 0 0
1500.0 29.733429 -16.382952 17.619831 -0.425606 -0.181845 327.271 0 0
1500.0 54.693322 -55.556975 17.660423 0.007754 -0.886810 327.280 0 0
1500.0 77.627759 -14.018241 18.368274 0.407412 -0.252240 327.352 0 0
1500.0 90.219733 19.206233 18.061317 0.578738 0.256328 327.354 0 0
1500.0 124.663501 12.624072 17.596433 0.930524 0.248088 327.513 0 0
1500.0 62.824250 -71.863059 17.673040 0.050031 -1.046978 327.861 0 0
1500.0 68.007792 19.822939 18.458986 0.227512 0.339769 327.665 0 0
1500.0 29.290776 -54.770706 17.645741 -0.474816 -0.783549 327.833 0 0
1500.0 74.507771 23.209941 18.010245 0.296806 0.398826 327.661 0 0
1500.0 55.979559 -15.028573 18.060344 -0.035484 -0.180026 327.587 0 0
1500.0 55.464689 -30.338714 17.923312 0.000535 -0.504078 327.703 0 0
1500.0 71.934309 9.176573 17.765711 0.296349 0.131641 327.850 0 0
1500.0 40.128373 3.559732 18.166600 -0.391386 0.105366 327.736 0 0
1500.0 59.669568 -26.167741 17.899355 0.051788 -0.446917 327.915 0 0
1500.0 53.544926 -21.820951 17.980952 -0.042909 -0.333207 327.924 0 0
1500.0 132.195950 -20.815642 17.689404 1.159943 -0.369742 327.935 0 0
1500.0 110.130175 -37.619410 17.804277 0.771216 -0.588142 327.994 0 0
1500.0 81.697043 -28.371892 17.833780 0.345162 -0.425672 328.030 0 0
1500.0 20.152936 -50.671595 17.648556 -0.602408 -0.723577 328.028 0 0
1500.0 32.053469 -9.569743 17.681221 -0.431073 -0.189034 328.049 0 0
1500.0 68.968310 6.023394 17.716690 0.239494 0.102539 328.070 0 0
1500.0 128.594747 -7.822647 17.650192 1.019126 -0.127678 328.177 0 0
1500.0 82.568050 -16.038660 17.713205 0.426122 -0.194147 328.178 0 0
1500.0 38.444925 -2.573410 18.018448 -0.312314 -0.047520 328.231 0 0
1500.0 72.552710 -34.840547 17.864247 0.304858 -0.561217 328.236 0 0
1500.0 36.545024 39.300998 18.041736 -0.318096 0.669985 328.240 0 0
1500.0 89.543399 -30.950861 17.904307 0.509183 -0.503852 328.440 0 0
1500.0 55.942448 -41.037853 17.903307 -0.001668 -0.655506 328.418 0 0
1500.0 91.050724 1.577230 18.069766 0.605796 -0.023102 328.391 0 0
1500.0 130.497225 -0.347350 17.679207 1.044689 -0.047888 328.627 0 0
1500.0 83.137828 17.693831 18.221272 0.421393 0.318047 328.813 0 0
1500.0 18.820917 -26.290964 17.801978 -0.645372 -0.362932 328.712 0 0
1500.0 129.323088 -11.283041 17.623949 0.990117 -0.212691 328.816 0 0
1500.0 41.150892 -8.582612 18.687108 -0.305468 -0.135224 328.875 0 0
1500.0 -10.408654 8.411699 17.664587 -1.019432 0.108337 329.006 0 0
1500.0 61.427372 -55.965477 17.658492 0.070040 -0.870102 329.097 0 0
1500.0 40.547656 -24.198796 17.793715 -0.313219 -0.343801 329.207 0 0
1500.0 22.350532 62.136352 17.630229 -0.497931 0.922075 329.315 0 0
1500.0 60.206425 -0.243484 18.033867 0.009455 0.018288 329.325 0 0
1500.0 29.201873 12.213669 18.085458 -0.478792 0.190067 329.302 0 0
1500.0 132.865484 -7.787184 18.796939 1.570710 -0.229028 329.328 0 0
1500.0 4.551288 48.101562 17.671630 -0.807022 0.657099 329.386 0 0
1500.0 89.102134 20.911977 18.104416 0.585680 0.330474 329.412 0 0
1500.0 24.254005 -24.176587 17.764579 -0.577474 -0.326190 329.430 0 0
1500.0 14.839192 -57.617324 17.673541 -0.663723 -0.805008 329.485 0 0
1500.0 91.220411 -35.804456 17.770648 0.451395 -0.565145 329.475 0 0
1500.0 36.204567 21.037385 17.728302 -0.379302 0.346915 329.506 0 0
1500.0 115.565196 -5.387306 17.811174 0.866840 -0.139753 329.520 0 0
1500.0 108.320043 24.286283 17.724148 0.785806 0.386484 329.591 0 0
1500.0 99.643955 40.439639 17.729605 0.671686 0.591781 329.901 0 0
1500.0 55.939086 32.132964 18.035543 -0.051946 0.483542 329.784 0 0
1500.0 74.074787 29.716024 17.860547 0.299219 0.489168 329.532 0 0
1500.0 78.697058 -23.586817 19.075032 0.437930 -0.421094 329.875 0 0
1500.0 64.248064 49.317347 18.532852 0.177403 0.916620 329.984 0 0
1500.0 119.972508 -30.676812 17.683658 0.901369 -0.424613 330.127 0 0
1500.0 37.571397 -39.466842 17.937548 -0.374834 -0.608286 330.053 0 0
1500.0 65.588863 -4.762228 18.252720 0.188857 -0.115490 330.169 0 0
1500.0 76.709315 -12.660062 17.911325 0.373489 -0.194804 330.204 0 0
1500.0 81.108456 -5.764921 17.911416 0.437500 -0.093954 330.250 0 0
1500.0 52.396841 0.928829 17.994461 -0.071763 0.064618 330.307 0 0
1500.0 5.095043 -2.979994 17.799932 -0.818327 -0.033045 330.312 0 0
1500.0 89.228884 4.957097 18.183100 0.515355 0.076613 330.370 0 0
1500.0 108.689812 10.460993 18.008597 0.913260 0.123443 330.383 0 0
1500.0 59.648632 -34.894619 17.934011 0.045856 -0.586909 330.571 0 0
1500.0 5.345694 23.522716 17.802748 -0.810734 0.346568 330.653 0 0
1500.0 136.363903 -53.952668 17.818080 1.248152 -0.806044 330.632 0 0
1500.0 101.501821 -54.747829 17.747539 0.632594 -0.825698 330.717 0 0
1500.0 106.847976 25.840207 17.871671 0.785838 0.365635 330.923 0 0
1500.0 70.956257 37.381664 18.060959 0.185754 0.675489 330.928 0 0
1500.0 73.303119 -44.147599 17.976137 0.228175 -0.700532 331.002 0 0
1500.0 99.588277 -3.057918 18.025430 0.668635 -0.105460 331.068 0 0
1500.0 53.528835 -47.985401 17.976585 -0.055804 -0.754801 331.081 0 0
1500.0 109.122776 2.401904 18.120361 0.983694 0.073579 331.089 0 0
1500.0 8.168644 -48.182966 17.715415 -0.736799 -0.657546 331.362 0 0
1500.0 66.465751 -50.496792 17.977707 0.129475 -0.788766 331.264 0 0
1500.0 74.395933 44.983110 17.916467 0.229883 0.713592 331.229 0 0
1500.0 30.486068 -2.339519 18.030011 -0.430757 -0.014562 331.329 0 0
1500.0 114.007880 -45.738583 17.936852 0.909359 -0.751401 331.289 0 0
1500.0 67.048418 -39.851157 18.058906 0.226749 -0.662604 331.235 0 0
1500.0 124.022300 -0.339139 17.802849 1.089320 0.014048 331.297 0 0
1500.0 66.722907 -6.883671 18.306621 0.180320 -0.166633 331.403 0 0
1500.0 93.520058 -19.995967 17.814057 0.539100 -0.253809 331.486 0 0
1500.0 81.256701 -11.802034 18.399283 0.488890 -0.156141 331.544 0 0
1500.0 131.359051 -71.732193 17.709132 1.110443 -1.028185 331.490 0 0
1500.0 110.263293 -15.127337 17.850648 0.804165 -0.282350 331.563 0 0
1500.0 69.603050 34.104197 17.807957 0.136450 0.588159 331.522 0 0
1500.0 93.890799 -32.059437 17.856070 0.530590 -0.579097 331.657 0 0
1500.0 39.046241 -44.826678 17.785745 -0.309666 -0.714260 331.720 0 0
1500.0 78.684158 -12.289139 18.176412 0.318414 -0.237758 331.832 0 0
1500.0 82.644673 -57.762131 17.771039 0.428263 -0.841936 332.128 0 0
1500.0 112.974282 1.952583 18.074684 0.887847 0.057973 332.012 0 0
1500.0 101.674601 14.978050 18.348512 0.769415 0.225979 332.147 0 0
1500.0 80.379073 -3.274184 18.378182 0.380645 -0.098413 332.276 0 0
1500.0 71.061020 36.432306 18.009012 0.259856 0.560622 332.297 0 0
1500.0 111.051798 4.203648 18.073580 0.862344 0.089956 331.875 0 0
1500.0 77.504813 -16.591144 18.182410 0.366715 -0.307606 331.883 0 0
1500.0 82.029676 -25.186553 18.089056 0.431568 -0.427421 332.184 0 0
1500.0 90.579807 25.129568 17.940531 0.491299 0.438147 331.942 0 0
1500.0 94.670413 -20.546668 17.800384 0.612596 -0.266274 332.080 0 0
1500.0 58.236404 -1.619480 18.454571 0.048382 0.030752 332.071 0 0
1500.0 42.524394 108.001935 17.910195 -0.213870 1.754804 331.902 0 0
1500.0 68.804296 -4.219608 18.056835 0.105175 -0.074198 332.419 0 0
1500.0 89.973434 9.840986 18.887243 0.694669 0.297181 332.061 0 0
1500.0 62.548080 -3.891331 18.590792 0.125581 -0.102859 332.537 0 0
1500.0 77.185635 -31.858171 17.755206 0.259121 -0.542004 332.556 0 0
1500.0 29.876386 -14.628136 17.728814 -0.442782 -0.290249 332.701 0 0
1500.0 79.814935 1.297959 17.753909 0.343057 -0.053654 332.687 0 0
1500.0 77.761163 3.982854 18.753923 0.364067 0.029940 332.948 0 0
1500.0 19.066074 58.779694 17.760248 -0.600814 0.858352 332.963 0 0
1500.0 72.504641 -6.630428 18.105016 0.317182 -0.144034 332.878 0 0
1500.0 40.023095 -16.042164 18.068504 -0.327330 -0.265612 332.843 0 0
1500.0 60.548154 -5.705054 17.774726 0.097191 -0.084865 333.181 0 0
1500.0 72.355370 57.114775 17.804552 0.279741 0.862780 333.166 0 0
1500.0 84.092942 -31.053725 17.930765 0.381459 -0.463098 333.241 0 0
1500.0 106.677207 -17.974236 17.767246 0.814060 -0.269045 333.231 0 0
1500.0 51.006705 71.138254 17.718408 -0.157156 1.034277 333.413 0 0
1500.0 -3.444155 33.006903 17.718512 -0.918107 0.501288 333.420 0 0
1500.0 17.200195 -22.233548 17.729042 -0.626113 -0.400015 333.328 0 0
1500.0 107.737320 -8.708220 17.835185 0.817810 -0.174730 333.337 0 0
1500.0 75.422989 -27.118810 18.475403 0.362372 -0.504757 333.359 0 0
1500.0 42.086195 -53.022669 17.825120 -0.214314 -0.843638 333.605 0 0
1500.0 62.581549 -26.322128 18.042436 0.105271 -0.459813 333.578 0 0
1500.0 79.021683 4.726862 18.381526 0.425832 -0.000569 333.601 0 0
1500.0 104.878521 -32.696067 17.730503 0.664918 -0.550219 333.882 0 0
1500.0 20.893421 40.872842 17.784374 -0.535595 0.689139 333.857 0 0
1500.0 63.083320 105.986646 17.954999 0.146550 1.835202 333.997 0 0
1500.0 99.810362 -1.730885 18.050379 0.688118 0.034269 334.047 0 0
1500.0 56.783805 -13.543919 18.043759 0.004735 -0.274373 334.140 0 0
1500.0 120.454145 -15.608887 17.779028 0.912295 -0.188333 334.351 0 0
1500.0 78.975186 -57.667606 17.828552 0.319396 -0.903137 334.219 0 0
1500.0 80.951761 14.361040 18.280017 0.473061 0.205251 334.301 0 0
1500.0 69.027640 -44.795214 18.042713 0.197663 -0.722818 334.349 0 0
1500.0 90.604001 -30.596606 18.042574 0.511476 -0.517335 334.267 0 0
1500.0 64.103633 14.741815 17.792351 0.159494 0.266346 334.310 0 0
1500.0 80.256070 4.207134 18.274336 0.354772 0.114733 334.428 0 0
1500.0 86.033218 -40.244228 17.766552 0.391655 -0.597565 334.617 0 0
1500.0 123.560428 40.689774 18.021922 1.137302 0.642595 334.702 0 0
1500.0 62.328844 -21.585856 18.515154 0.161706 -0.468799 334.511 0 0
1500.0 60.348933 12.460472 18.801550 0.112317 0.322939 334.647 0 0
1500.0 79.917091 25.835979 18.539297 0.382219 0.430377 334.845 0 0
1500.0 81.781646 -0.717705 17.831358 0.404367 -0.073722 334.747 0 0
1500.0 97.951525 -8.360197 17.821960 0.680487 -0.170147 334.798 0 0
1500.0 94.301575 -35.946384 18.232046 0.685007 -0.584532 334.886 0 0
1500.0 48.383668 1.486860 18.222821 -0.186171 0.076638 334.840 0 0
1500.0 119.762552 -93.416894 18.088862 1.076187 -1.657921 334.902 0 0
1500.0 88.942499 -9.804548 17.830431 0.509792 -0.209288 335.019 0 0
1500.0 92.357337 -7.998250 18.635979 0.673480 -0.079087 335.162 0 0
1500.0 40.998827 52.002775 17.849522 -0.258649 0.837582 335.159 0 0
1500.0 62.793972 -23.797718 18.155684 0.107035 -0.518191 335.173 0 0
1500.0 51.111705 10.538604 18.200653 -0.078666 0.183854 335.257 0 0
1500.0 85.446093 -28.000748 17.829762 0.455510 -0.479248 335.313 0 0
1500.0 99.542641 -24.638511 17.826001 0.671286 -0.454415 335.257 0 0
1500.0 52.384499 -11.292515 18.171294 -0.098122 -0.189815 335.381 0 0
1500.0 92.925819 -24.820014 17.901035 0.604831 -0.375501 335.384 0 0
1500.0 52.463270 -26.000910 17.947575 -0.075761 -0.460797 335.434 0 0
1500.0 65.519138 8.837902 18.058408 0.073949 0.122320 335.559 0 0
1500.0 147.731217 -16.784323 17.786593 1.412799 -0.318156 335.612 0 0
1500.0 77.183843 -3.238270 18.655448 0.401573 -0.046808 335.764 0 0
1500.0 72.928254 25.718302 17.850541 0.256709 0.373582 335.839 0 0
1500.0 50.790186 -8.599720 18.360921 -0.055255 -0.164063 336.127 0 0
1500.0 70.859855 7.139817 17.950550 0.242100 0.120902 335.984 0 0
1500.0 11.909484 -52.147505 17.779111 -0.674356 -0.801170 336.085 0 0
1500.0 110.000908 -4.396944 17.901539 0.849138 -0.073564 335.990 0 0
1500.0 85.625758 47.304791 17.788947 0.441096 0.761123 335.992 0 0
1500.0 67.065375 -28.276987 18.399679 0.209770 -0.480270 336.243 0 0
1500.0 30.783258 40.855980 17.823729 -0.382859 0.686367 336.299 0 0
1500.0 146.780328 5.804491 17.974009 1.508480 0.064686 336.268 0 0
1500.0 65.821906 2.488820 18.265971 0.156281 0.094910 336.312 0 0
1500.0 90.076407 25.687985 18.049491 0.471443 0.443755 336.624 0 0
1500.0 108.048927 37.592195 17.848678 0.761613 0.562236 336.651 0 0
1500.0 85.051524 0.627212 18.453180 0.553230 0.015274 336.671 0 0
1500.0 57.867228 -52.157471 17.895752 0.056943 -0.826955 336.561 0 0
1500.0 42.712397 15.298064 17.939513 -0.325210 0.241548 336.605 0 0
1500.0 98.656121 -36.548174 17.981939 0.621289 -0.606270 336.892 0 0
1500.0 39.565266 47.366290 18.068127 -0.301087 0.845910 336.768 0 0
1500.0 106.266212 33.393149 17.822824 0.727005 0.470105 336.944 0 0
1500.0 131.113558 33.728996 17.978952 1.216889 0.510489 336.979 0 0
1500.0 38.369895 19.663160 17.797985 -0.317524 0.299505 337.075 0 0
1500.0 118.721233 18.515339 17.853598 0.900483 0.287470 337.063 0 0
1500.0 33.087768 -10.889392 17.958022 -0.386208 -0.234283 337.081 0 0
1500.0 47.233551 14.869423 17.792284 -0.247239 0.230237 337.077 0 0
1500.0 24.631615 -46.647113 17.765665 -0.502309 -0.690285 337.229 0 0
1500.0 80.561356 -25.655220 18.013756 0.357826 -0.480604 337.218 0 0
1500.0 62.670547 20.569540 17.853562 0.008914 0.305278 337.248 0 0
1500.0 91.939014 -62.887858 18.006741 0.573708 -1.022697 337.243 0 0
1500.0 85.676608 11.104165 18.351814 0.454256 0.224623 337.419 0 0
1500.0 12.072311 -14.111803 18.051682 -0.784343 -0.208064 337.322 0 0
1500.0 83.828669 -22.254208 18.140432 0.409871 -0.359645 337.572 0 0
1500.0 105.127280 -11.662564 18.221428 0.789381 -0.226500 337.607 0 0
1500.0 7.295840 14.433825 17.771667 -0.831445 0.244696 337.603 0 0
1500.0 56.375214 -19.325803 18.117265 -0.014536 -0.310002 337.989 0 0
1500.0 64.380762 -40.925351 18.101837 0.134265 -0.679320 337.694 0 0
1500.0 73.054021 -54.174489 17.879066 0.280025 -0.858068 337.986 0 0
1500.0 81.576647 2.201169 18.059111 0.459585 0.009318 337.961 0 0
1500.0 81.463825 14.363170 18.126809 0.472023 0.208374 337.702 0 0
1500.0 85.978446 4.005007 17.927884 0.507845 0.096093 337.980 0 0
1500.0 77.216063 13.714540 18.309775 0.414557 0.258907 338.101 0 0
1500.0 101.862547 65.423180 17.859205 0.780479 1.029908 338.239 0 0
1500.0 95.154631 -26.305834 18.023364 0.560817 -0.445294 338.349 0 0
1500.0 90.436212 -24.968207 18.486800 0.613236 -0.400190 338.298 0 0
1500.0 5.266059 -29.166912 17.785244 -0.745484 -0.466786 338.508 0 0
1500.0 126.767397 -2.569578 17.773578 1.041843 -0.043315 338.362 0 0
1500.0 105.140345 -8.245850 17.960290 0.761245 -0.185505 338.286 0 0
1500.0 97.018244 26.963539 18.125218 0.709520 0.430387 338.498 0 0
1500.0 30.470671 37.794821 17.964538 -0.482194 0.700643 338.262 0 0
1500.0 118.171409 23.247533 18.078084 1.002697 0.415601 338.639 0 0
1500.0 95.370465 -20.031049 18.053927 0.660528 -0.322600 338.680 0 0
1500.0 110.268439 -29.833414 18.194140 0.942190 -0.496572 338.755 0 0
1500.0 50.490582 -30.431641 18.071549 -0.101472 -0.532519 338.787 0 0
1500.0 75.539552 -5.900942 17.953947 0.300876 -0.165902 338.899 0 0
1500.0 110.125418 -14.322149 18.622715 1.104005 -0.259162 338.786 0 0
1500.0 51.400792 10.775993 18.662631 -0.061584 0.161318 338.922 0 0
1500.0 26.696276 -41.634673 17.815579 -0.519672 -0.686108 338.935 0 0
1500.0 24.720406 15.716497 17.872323 -0.566851 0.178166 338.951 0 0
1500.0 8.859095 -20.167394 17.797034 -0.690639 -0.340471 339.087 0 0
1500.0 100.624195 -7.208087 17.999091 0.656593 -0.082762 339.177 0 0
1500.0 76.581703 -26.987602 18.187357 0.319991 -0.411438 339.245 0 0
1500.0 124.394729 70.702092 17.775219 0.931566 1.096584 339.324 0 0
1500.0 11.316939 -6.110219 17.936329 -0.763644 -0.079739 339.258 0 0
1500.0 85.223896 9.828129 17.963351 0.505225 0.176706 339.242 0 0
1500.0 57.838728 -16.510446 18.253057 -0.021259 -0.227034 339.204 0 0
1500.0 69.779803 -8.913487 18.293880 0.229371 -0.176847 339.662 0 0
1500.0 24.275318 -26.574768 17.807903 -0.477354 -0.424915 339.582 0 0
1500.0 80.217761 -11.304460 18.846180 0.499395 -0.213309 339.458 0 0
1500.0 69.966437 -67.455825 17.838234 0.161590 -1.034252 339.593 0 0
1500.0 89.290056 -14.037795 17.830052 0.520046 -0.280096 339.439 0 0
1500.0 23.411178 25.055085 18.085833 -0.595576 0.484331 339.507 0 0
1500.0 97.699021 -1.949307 19.047351 0.757648 -0.081167 339.809 0 0
1500.0 102.223419 23.866252 18.224667 0.724658 0.423160 340.266 0 0
1500.0 33.579807 -22.948191 17.815985 -0.349769 -0.374066 339.930 0 0
1500.0 90.570527 1.223909 18.150452 0.568124 -0.048926 339.846 0 0
1500.0 89.410031 31.838660 18.283995 0.525837 0.554381 340.104 0 0
1500.0 71.261070 3.890104 18.212299 0.306738 0.111014 339.999 0 0
1500.0 32.390486 11.597208 17.828138 -0.439410 0.244995 339.960 0 0
1500.0 108.225252 16.613411 17.893608 0.887020 0.327424 339.880 0 0
1500.0 80.781922 5.872335 18.089141 0.394399 0.061420 340.308 0 0
1500.0 69.404017 21.094090 18.328501 0.296881 0.361641 340.366 0 0
1500.0 77.166587 12.648981 17.870820 0.312170 0.128943 340.546 0 0
1500.0 128.511264 -3.535167 17.911790 1.155155 -0.006059 340.702 0 0
1500.0 109.342819 39.503214 18.249945 0.872301 0.692015 341.048 0 0
1500.0 8.566099 -144.444065 17.790364 -0.740566 -2.114264 340.928 0 0
1500.0 90.709656 -17.988072 18.205878 0.558745 -0.342965 340.866 0 0
1500.0 104.212168 -17.982703 18.044081 0.778913 -0.318486 341.184 0 0
1500.0 58.984020 16.557922 18.005456 0.059094 0.329625 341.195 0 0
1500.0 111.454182 33.530726 17.922358 0.885346 0.599355 341.146 0 0
1500.0 112.942218 1.112415 18.840955 1.196151 -0.011975 341.049 0 0
1500.0 73.394443 -1.638044 18.139607 0.236958 -0.087464 341.354 0 0
1500.0 84.801728 -3.038857 18.264241 0.485780 0.025816 341.460 0 0
1500.0 77.345900 -16.228661 17.959541 0.387665 -0.239490 341.410 0 0
1500.0 -6.324203 -15.921808 17.787067 -1.002721 -0.228316 341.591 0 0
1500.0 76.684623 -40.497401 17.892484 0.296972 -0.607749 341.672 0 0
1500.0 5.033293 36.230851 17.792877 -0.831091 0.518007 342.260 0 0
1500.0 46.141476 56.449319 17.811860 -0.156627 0.875548 342.305 0 0
1500.0 79.126973 12.988781 18.037127 0.299177 0.250911 342.137 0 0
1500.0 77.446092 -0.128459 18.767446 0.397768 -0.074198 341.738 0 0
1500.0 44.269441 -53.307627 17.912735 -0.231851 -0.850363 342.055 0 0
1500.0 -2.265211 12.302644 17.812165 -0.946667 0.248222 341.963 0 0
1500.0 48.405792 -60.690409 17.827418 -0.132361 -0.983107 342.221 0 0
1500.0 47.957746 -3.063618 18.160771 -0.162818 0.008393 342.037 0 0
1500.0 79.388634 -42.112723 17.841633 0.360783 -0.714901 342.118 0 0
1500.0 79.556210 22.590865 18.210232 0.378288 0.431400 341.722 0 0
1500.0 110.792677 20.202322 18.170354 0.895576 0.406615 341.748 0 0
1500.0 59.825434 -48.847472 17.949863 -0.040727 -0.820931 342.142 0 0
1500.0 66.912656 36.420873 17.993538 0.225479 0.654807 341.891 0 0
1500.0 52.910237 -14.260522 18.350101 -0.060221 -0.225010 342.368 0 0
1500.0 67.792817 -1.795303 18.681485 0.261875 -0.004206 342.700 0 0
1500.0 61.012255 -15.649585 18.426041 0.092211 -0.267465 342.684 0 0
1500.0 36.622132 -46.237787 17.988907 -0.340751 -0.740423 342.970 0 0
1500.0 96.508306 -14.258456 18.356473 0.685922 -0.273160 342.944 0 0
1500.0 68.227094 25.798763 18.431179 0.172695 0.432385 343.035 0 0
1500.0 67.792807 -3.959052 18.284387 0.182145 -0.131811 342.482 0 0
1500.0 67.765537 -31.923458 18.116349 0.240509 -0.540395 342.505 0 0
1500.0 78.216195 -40.176348 18.109982 0.396492 -0.660596 343.067 0 0
1500.0 133.894968 -21.617583 17.885469 1.228796 -0.337036 343.194 0 0
1500.0 97.507548 -3.754610 18.054019 0.704950 -0.039465 342.672 0 0
1500.0 104.499068 42.286977 18.010678 0.738776 0.725235 342.472 0 0
1500.0 29.375734 37.774089 17.850361 -0.423419 0.656104 342.682 0 0
1500.0 84.425341 4.467226 17.962209 0.479270 0.013979 342.777 0 0
1500.0 65.235944 -38.722337 17.955932 0.180778 -0.650155 343.246 0 0
1500.0 59.221353 70.680703 17.884160 0.089726 1.134100 343.137 0 0
1500.0 43.646978 -1.588720 18.158054 -0.256827 -0.052302 342.855 0 0
1500.0 73.828655 -11.760844 17.951717 0.330698 -0.223013 342.478 0 0
1500.0 24.011987 -39.482695 18.016973 -0.601672 -0.612871 342.787 0 0
1500.0 40.259459 -11.020880 18.588112 -0.295362 -0.221392 342.575 0 0
1500.0 117.980602 20.815575 18.479872 1.164296 0.333612 342.483 0 0
1500.0 83.106008 -10.852247 18.090014 0.526373 -0.168927 343.194 0 0
1500.0 79.488065 58.688036 17.969537 0.389771 0.924962 343.291 0 0
1500.0 70.819508 15.073752 18.413016 0.204156 0.255581 343.497 0 0
1500.0 24.278188 56.896544 17.810690 -0.537247 0.899886 343.299 0 0
1500.0 79.139126 22.553394 18.441618 0.360052 0.402900 343.418 0 0
1500.0 97.765432 -3.007722 17.958537 0.688664 -0.000535 343.358 0 0
1500.0 85.906210 12.567002 17.852450 0.455393 0.270680 343.448 0 0
1500.0 115.366881 30.286702 17.955795 1.012168 0.457004 343.469 0 0
1500.0 67.756945 33.576355 17.988761 0.142708 0.524334 343.697 0 0
1500.0 9.509018 -3.886472 17.810153 -0.752110 -0.053337 343.669 0 0
1500.0 86.996029 -5.289651 18.177513 0.563082 -0.086103 343.740 0 0
1500.0 95.429748 -26.071837 17.951452 0.641155 -0.452937 343.636 0 0
1500.0 49.238106 1.132477 18.052065 -0.185338 0.008856 343.785 0 0
1500.0 120.620314 -12.249590 17.934577 0.975704 -0.204326 344.496 0 0
1500.0 28.027667 -17.531114 17.961971 -0.465572 -0.232406 344.507 0 0
1500.0 96.792620 30.867967 17.946467 0.614216 0.461348 344.213 0 0
1500.0 61.010417 20.427578 17.830711 -0.025754 0.305709 343.863 0 0
1500.0 56.965370 41.245155 17.863183 -0.053232 0.619467 344.058 0 0
1500.0 27.809000 -59.262121 17.809702 -0.509430 -0.863135 344.002 0 0
1500.0 80.557092 61.951996 17.914697 0.371239 0.978972 344.319 0 0
1500.0 35.714978 60.985681 17.835732 -0.290106 0.975499 344.124 0 0
1500.0 98.234121 -47.246712 17.798839 0.676875 -0.688942 344.284 0 0
1500.0 78.982182 32.153259 18.111542 0.408249 0.545435 344.305 0 0
1500.0 80.926620 38.221806 17.955256 0.323653 0.649144 344.357 0 0
1500.0 54.315048 31.482501 17.961287 -0.085054 0.549814 343.881 0 0
1500.0 130.345879 19.755739 18.313887 1.352765 0.390261 344.089 0 0
1500.0 106.615488 16.397646 18.188823 0.806630 0.279081 344.575 0 0
1500.0 73.229574 -8.523395 18.311239 0.311951 -0.146605 344.533 0 0
1500.0 114.051842 13.871193 17.965623 0.872598 0.220078 344.706 0 0
1500.0 57.201161 -3.571952 18.410493 0.014123 -0.111429 344.726 0 0
1500.0 42.740591 -15.756041 17.873331 -0.310466 -0.264444 344.675 0 0
1500.0 80.730278 3.073315 18.224718 0.408920 0.014027 344.746 0 0
1500.0 -3.367175 18.813677 17.816559 -0.923136 0.359252 344.738 0 0
1500.0 81.132802 -2.522072 18.134293 0.375107 0.029194 345.222 0 0
1500.0 -3.400861 10.367215 17.819900 -0.919683 0.209141 345.151 0 0
1500.0 111.879528 4.082792 17.894066 0.861035 0.005524 345.247 0 0
1500.0 110.066504 20.477394 18.074216 0.887249 0.299503 344.996 0 0
1500.0 88.675983 -16.827226 17.973458 0.478502 -0.335616 344.985 0 0
1500.0 39.379562 29.921260 17.822368 -0.360425 0.501993 345.006 0 0
1500.0 57.204694 -66.793740 18.118305 0.031841 -1.136647 344.992 0 0
1500.0 72.328209 12.765612 18.101077 0.287481 0.151533 345.471 0 0
1500.0 93.510304 -37.146079 17.861094 0.560467 -0.565209 345.619 0 0
1500.0 12.351470 38.485663 17.821211 -0.692410 0.610802 345.303 0 0
1500.0 75.799465 0.719606 18.015249 0.300152 -0.066337 345.582 0 0
1500.0 74.202032 178.938519 17.913740 0.314333 3.048664 345.359 0 0
1500.0 -4.343548 5.608116 17.860371 -1.005598 0.089494 345.713 0 0
1500.0 5.776082 -28.163859 17.838966 -0.860395 -0.397353 345.797 0 0
1500.0 41.559391 47.640640 17.813604 -0.322721 0.768152 345.771 0 0
1500.0 43.376840 18.209565 17.852430 -0.261997 0.289449 346.225 0 0
1500.0 6.844188 41.916017 17.906103 -0.809157 0.660064 346.202 0 0
1500.0 45.344411 62.627732 17.909126 -0.172866 1.008576 346.262 0 0
1500.0 23.041183 36.263041 17.903153 -0.600989 0.540683 345.891 0 0
1500.0 14.311696 40.196230 17.853163 -0.732893 0.591371 346.514 0 0
1500.0 34.230269 -22.067849 18.128911 -0.400035 -0.319843 346.135 0 0
1500.0 61.020458 -36.171096 18.105051 0.050811 -0.622431 346.658 0 0
1500.0 77.574340 31.364808 17.914915 0.325285 0.560012 346.184 0 0
1500.0 21.016906 54.114683 17.902386 -0.570570 0.947612 346.097 0 0
1500.0 54.344404 -30.347401 18.527865 -0.041666 -0.623293 346.468 0 0
1500.0 35.599298 -8.181621 18.046818 -0.350459 -0.133916 347.916 0 0
1500.0 61.967894 7.065080 17.848184 0.016634 0.156646 347.453 0 0
1500.0 92.525770 -45.080513 17.812599 0.562422 -0.641091 347.297 0 0
1500.0 116.701170 19.626753 17.930292 0.927769 0.268114 347.623 0 0
1500.0 92.286805 45.682427 17.949582 0.560981 0.693627 348.408 0 0
1500.0 119.985277 19.681493 17.942267 0.974626 0.329304 347.056 0 0
1500.0 21.651364 -55.565949 17.806901 -0.604873 -0.805363 347.826 0 0
1500.0 118.191640 -23.763429 17.886196 0.928782 -0.400510 348.344 0 0
1500.0 112.534724 -36.691732 17.818479 0.864135 -0.517492 348.734 0 0
1500.0 116.145629 -25.259558 18.086230 0.951898 -0.410572 348.284 0 0
1500.0 10.714951 -36.861611 17.895411 -0.778334 -0.569995 346.837 0 0
1500.0 30.802462 -62.199748 17.847223 -0.470498 -0.936766 348.243 0 0
1500.0 87.266422 -35.112535 18.165198 0.455777 -0.600071 347.012 0 0
1500.0 71.785574 -32.029735 18.249639 0.303044 -0.537175 348.314 0 0
1500.0 54.355196 -64.997637 17.919299 -0.067784 -1.034469 348.622 0 0
1500.0 101.886424 -14.242380 18.284419 0.774544 -0.260558 348.858 0 0
1500.0 118.870862 26.249409 17.806489 0.957298 0.334130 348.576 0 0
1500.0 111.473729 -36.142103 17.856574 0.811694 -0.615864 349.027 0 0
1500.0 95.155379 -1.081237 18.101735 0.676729 -0.030075 348.158 0 0
1500.0 96.409110 29.759698 17.834526 0.628323 0.523149 347.949 0 0
1500.0 83.741965 4.582966 17.847274 0.440830 0.138816 346.917 0 0
1500.0 58.601987 6.356716 18.296142 0.072824 0.173425 348.497 0 0
1500.0 78.356942 -27.551035 18.136020 0.418688 -0.454108 348.707 0 0
1500.0 92.454064 -24.581065 18.023546 0.574083 -0.448237 348.719 0 0
1500.0 101.521487 37.456256 17.982909 0.688411 0.649124 348.814 0 0
1500.0 35.153339 42.014146 17.934270 -0.354634 0.716226 349.020 0 0
1500.0 91.325937 -6.781319 17.891722 0.599176 -0.094716 348.295 0 0
1500.0 54.733901 72.159231 18.076151 -0.025362 1.216796 347.612 0 0
1500.0 47.436137 3.585608 18.009105 -0.216684 0.078333 348.869 0 0
1500.0 69.905756 -68.812192 18.132766 0.255102 -1.166594 348.363 0 0
1500.0 85.407379 30.925545 17.909072 0.412657 0.579460 347.542 0 0
1500.0 80.557646 -52.480812 17.996670 0.354601 -0.924781 348.718 0 0
1500.0 27.868537 -55.438747 17.887525 -0.482227 -0.990109 347.741 0 0
1500.0 70.777856 -14.287456 18.377289 0.275714 -0.249057 349.561 0 0
1500.0 72.393610 -1.283482 18.059296 0.293340 -0.035780 349.628 0 0
1500.0 79.216135 5.486710 18.057422 0.388944 0.058412 349.479 0 0
1500.0 61.996942 27.353249 18.066169 0.039655 0.434005 349.880 0 0
1500.0 107.153225 -2.795619 18.007627 0.780766 -0.015834 349.114 0 0
1500.0 112.393654 -21.994442 17.824143 0.850331 -0.299307 349.683 0 0
1500.0 -4.999659 -5.778923 17.850834 -0.979693 -0.101033 349.612 0 0
1500.0 7.862333 -42.362825 17.850978 -0.798927 -0.626965 349.909 0 0
1500.0 67.744085 9.168989 18.736370 0.278244 0.209206 349.622 0 0
1500.0 93.843928 18.638291 18.407875 0.685540 0.268189 349.737 0 0
1500.0 90.907787 55.597069 17.823037 0.528467 0.893785 349.846 0 0
1500.0 29.431771 39.991544 17.933574 -0.441622 0.684600 349.088 0 0
1500.0 113.480645 -0.129707 17.878169 0.923425 0.008090 349.604 0 0
1500.0 24.168379 -17.478109 17.954940 -0.568899 -0.312642 349.701 0 0
1500.0 107.644003 11.801283 18.164945 0.846170 0.255343 349.664 0 0
1500.0 76.172866 -24.546287 17.831948 0.355804 -0.359815 349.777 0 0
1500.0 46.456498 4.798454 17.865173 -0.212628 0.145738 349.858 0 0
1500.0 84.584559 -74.562142 18.104886 0.451477 -1.274955 349.890 0 0
1500.0 153.015894 -45.545524 18.051909 1.610871 -0.803949 349.799 0 0
1500.0 16.273364 97.551418 18.023999 -0.664602 1.671308 349.614 0 0
1500.0 -45.397950 64.293479 17.988175 -1.778045 1.048999 349.296 0 0
1500.0 55.928089 -65.140278 17.791388 -0.040811 -1.044313 350.077 0 0
1500.0 69.341141 21.611113 18.341170 0.182503 0.378515 350.016 0 0
1500.0 26.763277 4.177107 17.856854 -0.502211 0.086248 351.037 0 0
1500.0 64.492940 -46.899118 17.967854 0.096507 -0.730553 351.091 0 0
1500.0 24.963392 -22.521522 17.910662 -0.525254 -0.329739 351.654 0 0
1500.0 1.403936 0.511887 17.800821 -0.870119 0.054472 351.855 0 0
1500.0 31.014102 -56.073823 17.859908 -0.378809 -0.880669 351.582 0 0
1500.0 85.028907 -3.740665 18.415538 0.506055 -0.060290 356.069 0 0
1500.0 55.227461 46.311094 17.838823 -0.003627 0.717744 353.350 0 0
1500.0 69.275320 54.895885 17.832014 0.197518 0.847978 352.641 0 0
1500.0 110.232026 40.751628 17.822739 0.805608 0.663147 350.773 0 0
1500.0 110.568991 -22.217067 17.827914 0.824216 -0.331313 352.609 0 0
1500.0 102.604704 -48.592837 17.793339 0.641288 -0.782020 351.440 0 0
1500.0 53.771924 1.363155 17.821854 -0.068449 -0.050632 354.463 0 0
1500.0 109.912778 -24.562772 17.801921 0.733727 -0.423075 352.768 0 0
1500.0 104.354435 -45.735034 18.008126 0.729411 -0.744342 351.090 0 0
1500.0 103.106270 -33.999184 17.818047 0.696446 -0.525249 353.641 0 0
1500.0 50.549934 56.900429 17.930099 -0.111368 0.880882 353.689 0 0
1500.0 63.688201 -65.893919 17.823316 0.111562 -1.037978 351.632 0 0
1500.0 101.916034 0.933675 18.994327 0.851604 0.059622 352.182 0 0
1500.0 0.082429 54.456527 17.878418 -0.887071 0.889315 350.514 0 0
1500.0 73.890279 -3.412526 18.453475 0.317930 -0.126950 350.263 0 0
1500.0 104.678779 26.049881 18.158190 0.756541 0.464050 350.940 0 0
1500.0 85.094660 -0.469060 18.448789 0.496094 0.067852 350.745 0 0
1500.0 102.657869 42.857818 17.990272 0.715073 0.707889 351.526 0 0
1500.0 110.124816 -39.460820 17.795406 0.760846 -0.647118 353.116 0 0
1500.0 96.798947 -48.483174 18.004645 0.602923 -0.797402 351.760 0 0
1500.0 18.976984 12.916716 17.831896 -0.623051 0.192589 355.761 0 0
1500.0 -5.575976 3.795950 17.814095 -1.027281 0.067369 351.832 0 0
1500.0 10.406726 -47.293028 17.881548 -0.760964 -0.713749 353.326 0 0
1500.0 86.029144 46.091438 17.927809 0.419261 0.773741 350.972 0 0
1500.0 32.933407 60.983155 17.920008 -0.370934 0.957343 353.905 0 0
1500.0 55.328677 26.972205 18.312533 -0.011060 0.466872 352.375 0 0
1500.0 66.869022 -31.773069 18.202015 0.163426 -0.556948 350.880 0 0
1500.0 84.858320 27.229927 18.119518 0.522838 0.420069 351.028 0 0
1500.0 49.961105 -6.672794 18.316202 -0.124291 -0.141811 350.933 0 0
1500.0 6.540288 25.226472 18.009336 -0.824416 0.399635 351.910 0 0
1500.0 116.381278 -32.765203 17.808428 0.936960 -0.465226 352.913 0 0
1500.0 95.829887 -6.809010 17.826782 0.658369 -0.082744 350.162 0 0
1500.0 92.614757 -28.011158 18.277986 0.645108 -0.433255 353.191 0 0
1500.0 52.359114 37.349818 17.854885 -0.118892 0.647939 350.580 0 0
1500.0 73.911428 34.479289 17.855529 0.214863 0.603982 350.529 0 0
1500.0 67.230277 35.762959 17.855784 0.111405 0.624057 350.509 0 0
1500.0 102.018693 40.206351 17.842725 0.637658 0.679284 351.803 0 0
1500.0 88.887950 -29.660225 18.178020 0.586987 -0.463171 352.215 0 0
1500.0 38.046163 29.233386 17.815582 -0.282578 0.525758 350.422 0 0
1500.0 15.817743 49.773988 17.798443 -0.586564 0.789057 355.003 0 0
1500.0 38.262139 59.217306 17.799767 -0.259768 0.923076 355.235 0 0
1500.0 -20.134934 46.080565 17.827885 -1.181707 0.762355 353.055 0 0
1500.0 45.658999 41.708413 18.167479 -0.201359 0.681549 352.165 0 0
1500.0 110.305510 -31.146883 17.934925 0.825523 -0.537612 353.039 0 0
1500.0 123.061070 -1.839875 17.808520 0.995705 -0.078271 355.191 0 0
1500.0 30.936803 38.153832 17.841345 -0.457097 0.650948 351.566 0 0
1500.0 58.488316 -29.592043 18.205209 0.045193 -0.526537 352.363 0 0
1500.0 87.048439 -20.514790 18.006710 0.437812 -0.385982 352.200 0 0
1500.0 41.275638 -16.970209 17.851812 -0.311007 -0.205021 351.361 0 0
1500.0 14.849921 37.433011 17.830828 -0.703278 0.626846 353.254 0 0
1500.0 97.251261 -48.207242 17.877675 0.566564 -0.795017 353.976 0 0
1500.0 -4.698637 -21.555684 17.874396 -0.958780 -0.388612 354.770 0 0
1500.0 35.219099 15.573518 18.204225 -0.365464 0.276440 353.156 0 0
1500.0 95.659351 11.896951 18.626643 0.733505 0.178103 355.836 0 0
1500.0 123.111856 16.091155 17.803204 1.003489 0.295872 355.798 0 0
1500.0 15.315130 54.235599 17.803144 -0.591255 0.864340 355.367 0 0
1500.0 101.294419 49.828192 17.803177 0.681785 0.794157 355.767 0 0
1500.0 100.828944 25.676640 17.814306 0.701597 0.454840 353.192 0 0
1500.0 53.811324 61.324547 17.806602 -0.019791 0.986488 354.217 0 0
1500.0 103.738085 4.426050 17.817672 0.749972 0.129295 352.868 0 0
1500.0 109.812680 -0.106008 17.814065 0.839171 0.059066 353.217 0 0
1500.0 96.872165 15.306524 18.268990 0.713221 0.255034 354.792 0 0
1500.0 54.783350 53.135484 17.829988 -0.005051 0.874452 353.814 0 0
1500.0 70.393212 48.752079 17.831518 0.234179 0.809500 353.648 0 0
1500.0 68.188510 -61.021058 17.801229 0.226810 -0.930041 354.315 0 0
1500.0 102.690390 -47.302740 17.797268 0.741179 -0.712791 355.148 0 0
1500.0 80.027956 -9.492222 17.869130 0.419159 -0.175065 352.708 0 0
1500.0 115.022962 6.201563 17.850107 0.938749 0.067640 354.468 0 0
1500.0 111.293395 -33.759471 17.845736 0.871240 -0.531781 355.296 0 0
1500.0 122.107094 -9.421978 17.844607 1.026903 -0.166204 355.706 0 0
1500.0 95.273162 -20.332663 17.907427 0.647596 -0.352636 353.756 0 0
1500.0 79.216247 -49.609647 17.900603 0.396670 -0.794176 354.441 0 0
1500.0 25.640943 0.511317 17.885582 -0.511176 0.084404 353.081 0 0
1500.0 72.247207 -43.281351 17.942432 0.289212 -0.713618 354.059 0 0
1500.0 74.051862 -0.393495 17.847239 0.313163 0.040131 352.808 0 0
1500.0 122.114203 -15.793102 18.109862 1.134400 -0.206818 350.476 0 0
1500.0 98.802031 -3.021579 17.993061 0.686421 -0.111452 354.343 0 0
1500.0 69.800502 -38.046658 17.876419 0.260451 -0.612238 353.828 0 0
1500.0 84.762462 5.620070 18.591103 0.573368 0.156816 350.654 0 0
1500.0 100.222494 29.213060 18.471636 0.771570 0.539847 352.281 0 0
1500.0 103.402940 27.993698 18.097440 0.770337 0.473326 356.079 0 0
1500.0 86.188431 50.326353 17.828049 0.382737 0.827220 355.179 0 0
1500.0 77.917825 55.073351 17.826918 0.256145 0.897501 355.328 0 0
1500.0 91.461356 -4.615093 18.163927 0.593683 -0.134926 355.323 0 0
1500.0 87.355195 -19.176551 18.223494 0.518404 -0.363573 355.710 0 0
1500.0 73.666897 -16.447839 18.243564 0.237730 -0.315412 352.558 0 0
1500.0 9.000500 41.313925 17.880533 -0.832806 0.662078 354.435 0 0
1500.0 54.121890 -49.928322 17.989714 -0.092550 -0.827955 355.222 0 0
1500.0 11.400508 49.011293 17.835519 -0.717043 0.850184 353.776 0 0
1500.0 88.813328 0.196959 18.067598 0.553874 0.060840 356.036 0 0
1500.0 145.379230 -22.770848 18.134738 1.551749 -0.385653 351.459 0 0
1500.0 23.827296 -83.650985 17.988978 -0.574504 -1.421215 353.036 0 0
1500.0 88.043053 -46.521914 17.882367 0.412202 -0.784456 353.615 0 0
1500.0 84.307966 -22.769952 17.856467 0.485460 -0.370095 355.732 0 0
1500.0 69.685155 -4.900319 17.864746 0.260969 -0.093766 355.161 0 0
1500.0 98.555578 3.575430 17.821182 0.651897 0.128490 356.040 0 0
1500.0 148.104888 39.137974 18.016418 1.571419 0.635093 353.066 0 0
1500.0 71.754662 -27.289080 17.913886 0.305891 -0.467748 353.087 0 0
1500.0 60.988126 56.054527 18.279134 0.028479 0.985391 353.584 0 0
1500.0 94.988189 -17.834537 18.020520 0.716167 -0.274106 351.982 0 0
1500.0 69.607073 38.192979 18.236589 0.184429 0.701337 354.481 0 0
1500.0 69.130039 -41.464449 18.571070 0.218715 -0.743695 355.420 0 0
1500.0 113.849846 50.200002 18.159580 1.015968 0.920716 353.458 0 0
1500.0 57.421201 -32.802641 18.043118 0.015324 -0.648049 353.668 0 0
1500.0 45.770485 -4.956304 18.751548 -0.184727 -0.095099 355.371 0 0
1500.0 74.219022 56.568170 17.999633 0.283932 1.062322 353.680 0 0
1500.0 82.381089 27.108036 18.474276 0.441295 0.558529 353.377 0 0
1500.0 68.324972 13.214582 18.837039 0.179206 0.220440 353.358 0 0
1500.0 91.264153 -7.762319 17.958097 0.511124 -0.126069 356.813 0 0
1500.0 67.727443 -13.151686 17.952383 0.150883 -0.248230 357.441 0 0
1500.0 50.685879 1.676890 18.009916 -0.148246 0.043430 356.681 0 0
1500.0 98.706959 -11.461888 18.040750 0.639851 -0.213776 356.544 0 0
1500.0 26.410643 -18.146248 17.902770 -0.503936 -0.274154 356.346 0 0
1500.0 69.743269 -14.864209 18.208300 0.186946 -0.270360 357.988 0 0
1500.0 94.846450 2.922255 18.221119 0.622266 0.061938 357.559 0 0
1500.0 92.655747 -11.687512 17.829939 0.554046 -0.144031 356.580 0 0
1500.0 59.908196 26.485687 17.861749 -0.001854 0.434490 357.315 0 0
1500.0 93.628426 35.683135 17.808364 0.533272 0.573605 356.304 0 0
1500.0 17.644709 -44.122887 17.832228 -0.647895 -0.642442 356.336 0 0
1500.0 75.595184 -44.155681 17.889644 0.225287 -0.688622 358.342 0 0
1500.0 55.403129 -61.821663 17.878660 -0.061428 -0.956069 357.041 0 0
1500.0 60.965050 -24.557167 18.025050 0.030727 -0.402572 359.811 0 0
1500.0 73.529916 2.637434 18.166725 0.321058 0.042014 360.511 0 0
1500.0 40.618467 -18.296477 17.903613 -0.246866 -0.317426 361.095 0 0
1500.0 46.585720 35.878789 17.824661 -0.120368 0.561760 358.953 0 0
1500.0 48.401340 37.807374 17.823921 -0.094844 0.589460 358.893 0 0
1500.0 69.389863 28.731600 18.017093 0.240612 0.433627 360.142 0 0
1500.0 99.767153 -52.511127 17.803073 0.682987 -0.774590 356.544 0 0
1500.0 70.157169 -47.676544 17.899578 0.146900 -0.732758 359.617 0 0
1500.0 118.359569 26.692863 17.845902 0.950631 0.363624 357.153 0 0
1500.0 58.628131 -6.684145 17.874352 0.076671 -0.117498 360.249 0 0
1500.0 106.888892 -30.823694 17.852153 0.771097 -0.467108 358.254 0 0
1500.0 116.704877 27.887438 17.847028 0.922878 0.379537 357.424 0 0
1500.0 76.066747 -7.990165 17.871507 0.320743 -0.136092 360.048 0 0
1500.0 113.890501 -2.887034 17.851313 0.868429 -0.015423 358.555 0 0
1500.0 58.569319 -0.610931 17.922386 0.075612 -0.044853 360.598 0 0
1500.0 111.839580 -33.155235 18.069175 0.885518 -0.531939 356.654 0 0
1500.0 121.952591 -7.531422 17.976592 1.043382 -0.112255 356.550 0 0
1500.0 76.040100 1.898282 17.987084 0.325336 -0.011944 361.275 0 0
1500.0 101.447567 42.878357 18.078819 0.739086 0.678382 356.851 0 0
1500.0 64.244792 -0.424536 18.105768 0.173747 0.033311 362.023 0 0
1500.0 97.249747 13.683704 18.107471 0.629794 0.240124 361.173 0 0
1500.0 109.055268 15.548355 18.117306 0.832763 0.303374 356.090 0 0
1500.0 32.677708 33.352251 17.839015 -0.401451 0.527731 360.262 0 0
1500.0 -0.012409 31.343835 17.820598 -0.906501 0.524070 356.924 0 0
1500.0 -10.335395 75.981548 17.793091 -1.102670 1.159250 356.906 0 0
1500.0 51.888626 11.261563 18.090164 -0.042574 0.223229 363.104 0 0
1500.0 90.791300 25.498960 18.051628 0.602296 0.366968 356.243 0 0
1500.0 73.903624 0.864211 18.254445 0.361002 0.056390 356.258 0 0
1500.0 77.587267 -20.986023 18.835639 0.362473 -0.344135 365.759 0 0
1500.0 53.748463 56.617929 17.845126 -0.105062 0.923127 356.856 0 0
1500.0 49.473099 -17.920284 18.549841 -0.091679 -0.316624 357.747 0 0
1500.0 76.298399 -15.846314 18.547979 0.310742 -0.284922 357.874 0 0
1500.0 75.362416 11.339320 18.429071 0.391584 0.226693 357.513 0 0
1500.0 93.385909 -36.657578 17.846849 0.618123 -0.577885 356.580 0 0
1500.0 103.170630 -45.914025 17.837288 0.750274 -0.703060 358.116 0 0
1500.0 84.352228 15.788661 17.860289 0.439965 0.206296 362.499 0 0
1500.0 87.279815 -57.340800 17.837975 0.514125 -0.876574 357.917 0 0
1500.0 114.817052 -19.196639 17.839896 0.932947 -0.306234 357.508 0 0
1500.0 106.046164 2.628766 17.851017 0.752848 0.021818 361.707 0 0
1500.0 100.627522 50.639813 17.802728 0.653371 0.819742 359.066 0 0
1500.0 75.680337 60.856165 17.801583 0.195340 0.953082 357.744 0 0
1500.0 24.460688 -48.221389 17.804655 -0.584477 -0.703947 357.296 0 0
1500.0 88.078885 19.932064 17.992457 0.486333 0.330168 363.294 0 0
1500.0 17.037236 -9.426718 17.881989 -0.639651 -0.111073 362.831 0 0
1500.0 32.988873 17.390331 17.885527 -0.456631 0.294016 356.324 0 0
1500.0 7.861775 10.997456 17.873339 -0.833088 0.191640 357.377 0 0
1500.0 79.116912 -14.298722 18.208434 0.381071 -0.248135 364.554 0 0
1500.0 91.406348 46.740697 17.841132 0.580485 0.737721 357.771 0 0
1500.0 82.313784 20.705251 18.269895 0.468266 0.376511 358.165 0 0
1500.0 75.466511 33.188253 18.267456 0.363478 0.563945 358.359 0 0
1500.0 90.055026 39.489892 17.897479 0.515167 0.676813 357.792 0 0
1500.0 79.368094 21.511622 18.094654 0.357958 0.406494 357.503 0 0
1500.0 42.268892 14.687836 17.867550 -0.192848 0.270634 363.844 0 0
1500.0 32.387271 -52.382273 17.847402 -0.394498 -0.868572 358.380 0 0
1500.0 87.732806 -7.961665 18.080811 0.489417 -0.199028 357.510 0 0
1500.0 80.503637 25.558744 18.401698 0.388324 0.455068 358.945 0 0
1500.0 71.089317 -64.490128 17.858443 0.229714 -1.008111 360.895 0 0
1500.0 105.715294 -19.339121 17.870851 0.715250 -0.337819 362.895 0 0
1500.0 43.535106 -17.816519 18.250102 -0.193705 -0.296502 365.494 0 0
1500.0 97.023461 -37.790348 17.917342 0.662201 -0.553327 360.285 0 0
1500.0 78.228592 30.273013 17.929041 0.369786 0.434258 363.010 0 0
1500.0 58.976215 -1.396408 18.367542 0.069943 0.047542 368.348 0 0
1500.0 30.644753 -8.011305 17.835099 -0.442520 -0.201695 356.688 0 0
1500.0 116.047667 8.622026 17.912589 0.955740 0.157089 358.985 0 0
1500.0 92.946593 40.719892 17.916638 0.613004 0.645963 358.423 0 0
1500.0 101.909596 11.050759 17.921766 0.755301 0.196923 357.887 0 0
1500.0 81.843148 39.012627 17.924763 0.412653 0.575799 363.481 0 0
1500.0 2.054099 32.618001 17.824208 -0.886758 0.492465 361.371 0 0
1500.0 22.232207 11.909064 17.840796 -0.629500 0.202405 357.347 0 0
1500.0 95.356773 42.403517 17.843973 0.652821 0.626508 356.802 0 0
1500.0 117.762789 6.593664 17.850293 0.934647 0.104879 362.642 0 0
1500.0 59.688758 -5.631578 17.874667 0.095166 -0.068912 364.929 0 0
1500.0 115.135353 -17.879470 17.848412 0.940379 -0.259595 359.425 0 0
1500.0 82.041596 22.349231 17.865735 0.452925 0.357610 357.627 0 0
1500.0 73.206620 -6.110403 17.872025 0.317915 -0.084723 357.195 0 0
1500.0 100.045011 27.503390 17.822445 0.713792 0.378837 357.034 0 0
1500.0 104.020005 53.113646 17.874646 0.699542 0.845923 361.922 0 0
1500.0 66.880999 34.064687 18.001098 0.100108 0.530264 365.232 0 0
1500.0 27.109973 45.654579 17.986823 -0.492818 0.749719 359.715 0 0
1500.0 82.276793 6.479516 18.689645 0.487620 0.168932 360.984 0 0
1500.0 85.452137 12.663064 18.687351 0.533349 0.259996 361.158 0 0
1500.0 105.725894 -48.639001 17.837359 0.776186 -0.700086 361.712 0 0
1500.0 97.270866 0.260455 17.956679 0.619637 0.047622 365.129 0 0
1500.0 88.184193 -4.165680 18.109319 0.548968 -0.044533 362.394 0 0
1500.0 105.272611 71.248445 17.895223 0.834299 1.162738 356.461 0 0
1500.0 88.174017 -58.128205 17.930010 0.484776 -0.912170 362.860 0 0
1500.0 115.845856 -31.318878 17.930280 0.886541 -0.520974 362.957 0 0
1500.0 110.496905 -21.311130 17.966409 0.827539 -0.405577 359.335 0 0
1500.0 55.937807 -7.285146 18.278014 -0.031999 -0.062221 359.846 0 0
1500.0 28.189099 -64.407093 17.834546 -0.411154 -0.998240 363.954 0 0
1500.0 31.940225 51.961512 18.028208 -0.412192 0.839148 361.210 0 0
1500.0 79.984565 -10.556960 18.082194 0.442007 -0.189768 359.794 0 0
1500.0 95.545750 -30.099264 18.069713 0.670597 -0.482578 360.831 0 0
1500.0 113.352440 -4.397221 18.001853 0.903655 -0.103938 362.475 0 0
1500.0 92.932561 -15.392560 18.012136 0.618277 -0.273533 360.697 0 0
1500.0 66.071622 0.133256 17.938024 0.151733 -0.060948 366.939 0 0
1500.0 149.141629 -35.205505 17.880749 1.464200 -0.575788 360.455 0 0
1500.0 106.641222 60.758877 18.024596 0.868267 1.022854 357.101 0 0
1500.0 60.419575 28.488677 18.020892 0.082938 0.460008 366.935 0 0
1500.0 67.381837 63.877684 17.805539 0.185731 1.014018 361.902 0 0
1500.0 116.350370 -0.733020 17.813546 0.880636 0.044727 364.803 0 0
1500.0 0.266803 21.264070 17.837528 -0.896712 0.277255 364.763 0 0
1500.0 101.301357 -52.792421 17.811167 0.712919 -0.768364 362.888 0 0
1500.0 2.988428 18.698627 17.844247 -0.893070 0.235911 361.371 0 0
1500.0 -2.617252 -26.063572 17.838099 -0.942870 -0.428476 363.842 0 0
1500.0 78.794999 -24.260785 17.861057 0.265588 -0.427193 359.827 0 0
1500.0 9.417027 2.257728 17.852717 -0.742111 -0.013088 366.089 0 0
1500.0 75.365540 -34.824412 18.058353 0.313654 -0.622951 359.638 0 0
1500.0 117.238301 50.238137 17.956002 0.996394 0.899868 357.214 0 0
1500.0 76.188232 -14.947929 17.937561 0.250754 -0.296413 360.521 0 0
1500.0 21.814277 -8.243628 17.931033 -0.590343 -0.190806 360.985 0 0
1500.0 88.428789 -3.736529 18.733094 0.583089 -0.034328 370.565 0 0
1500.0 43.258067 34.033947 18.036782 -0.237757 0.515988 368.154 0 0
1500.0 25.851312 48.127353 18.021892 -0.518378 0.768746 362.903 0 0
1500.0 49.670348 50.983140 18.026442 -0.161383 0.818302 362.367 0 0
1500.0 5.990477 -0.714488 17.841800 -0.861029 -0.049568 361.773 0 0
1500.0 54.940855 62.790908 17.943582 -0.038303 1.011340 363.459 0 0
1500.0 98.042352 43.031005 17.928353 0.632935 0.669385 366.393 0 0
1500.0 78.483503 23.131153 17.943146 0.381354 0.415458 361.202 0 0
1500.0 67.796619 63.117478 17.923057 0.208583 0.997510 363.545 0 0
1500.0 106.159318 -42.571236 17.819018 0.767057 -0.648077 365.445 0 0
1500.0 62.286220 -36.787776 17.838513 0.124329 -0.545679 367.739 0 0
1500.0 104.413253 43.653494 17.819635 0.768607 0.628996 363.035 0 0
1500.0 59.778371 -65.174658 17.818503 0.094966 -1.008809 363.283 0 0
1500.0 84.066003 10.326976 17.841732 0.429583 0.117510 367.988 0 0
1500.0 103.087345 -3.084171 17.830734 0.764629 -0.077633 361.645 0 0
1500.0 105.660410 -25.841517 17.827250 0.746326 -0.397403 366.685 0 0
1500.0 87.975677 -59.371375 17.816619 0.512988 -0.911430 364.026 0 0
1500.0 62.764778 64.841770 17.886355 0.115153 1.002966 365.649 0 0
1500.0 74.324035 0.992038 18.030931 0.280555 -0.062222 361.255 0 0
1500.0 4.464201 12.286358 17.804569 -0.836297 0.148214 366.803 0 0
1500.0 98.594626 -47.546804 18.000688 0.670123 -0.766423 364.389 0 0
1500.0 95.373341 -35.660096 17.940509 0.673666 -0.559669 361.156 0 0
1500.0 43.049341 -38.104585 17.884824 -0.299927 -0.610107 361.804 0 0
1500.0 96.958915 -23.971770 17.999348 0.691988 -0.360678 362.838 0 0
1500.0 61.246492 38.027074 18.214127 0.057327 0.639828 363.185 0 0
1500.0 53.140577 -28.439585 18.153637 -0.037314 -0.461435 369.738 0 0
1500.0 97.820932 11.587673 17.875694 0.630009 0.134559 368.365 0 0
1500.0 91.333970 -40.691434 18.065101 0.574848 -0.675895 363.845 0 0
1500.0 90.229154 74.567036 17.892499 0.599822 1.206868 359.665 0 0
1500.0 10.605497 -44.724916 17.865958 -0.719281 -0.739600 364.609 0 0
1500.0 81.730403 22.327960 17.965398 0.366817 0.420334 362.556 0 0
1500.0 81.027084 60.306911 17.944632 0.342674 0.969282 365.066 0 0
1500.0 34.215979 43.963170 17.954993 -0.362001 0.744263 363.442 0 0
1500.0 59.841273 55.062170 17.953847 0.026475 0.851717 368.192 0 0
1500.0 96.257350 10.430161 17.962842 0.589406 0.235893 362.749 0 0
1500.0 100.964934 -36.708408 17.932798 0.739100 -0.547923 364.013 0 0
1500.0 79.387907 -26.348245 18.221704 0.340372 -0.427005 371.410 0 0
1500.0 107.756531 -97.474344 18.004084 0.830401 -1.633917 360.728 0 0
1500.0 2.867447 1.103034 17.861523 -0.854382 0.026581 368.128 0 0
1500.0 103.616826 -16.435925 17.803373 0.773836 -0.242974 363.123 0 0
1500.0 86.408497 61.802046 17.791481 0.486733 0.918834 366.101 0 0
1500.0 71.733577 -40.353992 17.808915 0.285376 -0.615668 362.633 0 0
1500.0 116.177436 -17.801038 17.794577 0.950608 -0.259474 364.252 0 0
1500.0 85.188187 -63.598082 17.791011 0.473148 -0.934888 365.474 0 0
1500.0 106.688932 -7.424104 17.805372 0.759849 -0.096520 368.363 0 0
1500.0 76.696023 -6.639513 17.826904 0.296135 -0.182033 362.153 0 0
1500.0 24.764566 38.777311 17.939936 -0.601147 0.628854 361.010 0 0
1500.0 84.075837 -2.172017 18.457829 0.541403 -0.068942 364.916 0 0
1500.0 98.976726 6.839051 17.832208 0.699079 0.066302 363.318 0 0
1500.0 109.142387 -15.469322 18.078379 0.876578 -0.227767 365.210 0 0
1500.0 62.176876 -67.929675 17.793923 0.108380 -1.051375 367.018 0 0
1500.0 83.210029 0.263996 18.277650 0.468144 0.073248 365.428 0 0
1500.0 39.460357 -16.674988 17.932488 -0.278713 -0.295579 370.788 0 0
1500.0 33.438118 -42.213994 17.918479 -0.397164 -0.713823 364.580 0 0
1500.0 7.307867 -16.311757 17.916693 -0.794156 -0.317168 364.765 0 0
1500.0 67.604983 -26.526488 18.542507 0.240696 -0.471317 366.025 0 0
1500.0 74.895438 20.478448 17.908227 0.296231 0.391393 363.537 0 0
1500.0 92.728956 -17.026643 18.115337 0.635437 -0.316053 363.468 0 0
1500.0 90.494642 39.533841 17.901245 0.513413 0.699942 362.938 0 0
1500.0 62.068359 39.376323 17.849725 0.107401 0.673031 364.006 0 0
1500.0 129.330019 20.358278 18.132930 1.237491 0.392357 361.146 0 0
1500.0 113.597385 -1.853960 17.983629 0.878344 -0.043413 369.934 0 0
1500.0 98.323327 -26.335360 17.986328 0.707686 -0.418898 365.316 0 0
1500.0 60.943544 13.635195 17.995794 0.073757 0.288827 364.121 0 0
1500.0 18.286219 39.937031 17.990613 -0.641965 0.643392 365.979 0 0
1500.0 113.780455 18.133292 18.190811 0.935185 0.308330 367.442 0 0
1500.0 105.319762 23.756280 17.814693 0.712202 0.440498 365.018 0 0
1500.0 83.417657 40.721602 18.031706 0.405446 0.694311 365.699 0 0
1500.0 101.671514 26.373749 18.030485 0.681507 0.475438 365.822 0 0
1500.0 27.689920 -59.523074 17.906534 -0.446001 -0.944629 368.187 0 0
1500.0 104.671219 28.303778 18.009081 0.743872 0.438884 370.593 0 0
1500.0 71.977980 -8.165650 18.347782 0.264489 -0.178185 373.446 0 0
1500.0 101.612297 -38.791465 17.799936 0.735155 -0.593076 365.939 0 0
1500.0 99.978224 -36.117529 17.804834 0.668788 -0.520127 370.022 0 0
1500.0 71.675092 -55.694147 17.802283 0.281284 -0.854110 365.629 0 0
1500.0 82.677195 0.707534 18.674447 0.525585 -0.071535 358.799 0 0
1500.0 83.275637 -26.157129 18.145307 0.453729 -0.384967 372.341 0 0
1500.0 90.013292 19.822264 18.179654 0.535573 0.285418 374.282 0 0
1500.0 90.861221 12.655396 18.095725 0.625445 0.167024 362.958 0 0
1500.0 14.624759 14.272170 18.031579 -0.711132 0.210810 365.984 0 0
1500.0 78.729058 -32.392851 18.047480 0.422196 -0.518385 365.191 0 0
1500.0 42.243707 10.866784 17.934376 -0.274710 0.235118 364.732 0 0
1500.0 30.722200 26.173044 17.926243 -0.449907 0.469029 365.313 0 0
1500.0 56.248558 2.683238 17.937691 -0.050730 0.096260 372.428 0 0
1500.0 78.669844 28.470196 17.937744 0.374224 0.428016 370.987 0 0
1500.0 118.665521 -40.383022 17.813124 0.928801 -0.684079 366.982 0 0
1500.0 99.484652 49.142403 17.926618 0.648160 0.775855 369.897 0 0
1500.0 84.669806 -56.810665 17.886303 0.387585 -0.924446 367.565 0 0
1500.0 6.813023 -28.313716 17.890005 -0.787873 -0.501645 366.937 0 0
1500.0 62.794527 -41.221592 17.900243 0.060961 -0.708687 365.861 0 0
1500.0 15.744679 -19.194241 17.832384 -0.636364 -0.333226 371.646 0 0
1500.0 68.469544 -65.573386 17.816201 0.116790 -1.038880 368.397 0 0
1500.0 20.530222 -17.141943 17.943282 -0.636323 -0.242388 366.169 0 0
1500.0 21.641327 25.211664 17.971827 -0.610600 0.357580 366.499 0 0
1500.0 73.009733 -38.980947 17.927730 0.230380 -0.618377 372.415 0 0
1500.0 59.660270 -7.111917 17.808931 0.095413 -0.132483 366.202 0 0
1500.0 65.093737 -36.212031 17.800581 0.167671 -0.543964 370.684 0 0
1500.0 80.837486 -47.373884 17.815659 0.385760 -0.710508 371.572 0 0
1500.0 99.496463 12.164430 17.819361 0.706406 0.150656 366.176 0 0
1500.0 96.340619 -21.339897 17.973963 0.678047 -0.347056 366.957 0 0
1500.0 121.570209 -12.769788 17.959637 1.025470 -0.208290 369.396 0 0
1500.0 98.445419 8.717984 18.230179 0.737312 0.122337 367.981 0 0
1500.0 80.475657 -43.478643 17.852609 0.430976 -0.733759 363.797 0 0
1500.0 100.613087 41.021177 17.995271 0.807576 0.699330 360.778 0 0
1500.0 4.502826 -32.825397 17.850510 -0.868482 -0.521239 368.436 0 0
1500.0 32.913774 -58.308716 17.852952 -0.425970 -0.870232 370.987 0 0
1500.0 83.736804 10.186576 18.092016 0.465676 0.223611 366.929 0 0
1500.0 52.556840 -16.606481 17.976103 -0.076105 -0.334977 366.257 0 0
1500.0 98.434355 28.672095 17.907803 0.649996 0.425635 372.449 0 0
1500.0 114.321738 16.855924 17.898369 0.930630 0.274568 368.240 0 0
1500.0 84.700125 -12.278527 17.916925 0.498240 -0.169218 366.377 0 0
1500.0 111.474607 -40.624950 17.901804 0.802874 -0.673273 369.869 0 0
1500.0 120.853861 -26.118412 17.805584 0.988364 -0.346012 369.839 0 0
1500.0 100.823709 -42.191025 17.961722 0.702608 -0.778558 362.861 0 0
1500.0 85.141483 -29.588240 17.878413 0.494366 -0.424175 367.065 0 0
1500.0 29.632554 -29.435681 17.811236 -0.430459 -0.488428 372.401 0 0
1500.0 62.957591 -31.530611 17.907228 0.157872 -0.529508 365.521 0 0
1500.0 76.658422 24.593045 18.143534 0.410196 0.405664 365.569 0 0
1500.0 63.338759 39.982624 18.094934 0.071280 0.700497 365.725 0 0
1500.0 78.733106 9.125289 18.470133 0.422120 0.103277 376.320 0 0
1500.0 98.428433 -17.217269 18.000193 0.655740 -0.225472 374.031 0 0
1500.0 81.185682 -31.940667 18.063835 0.344663 -0.553643 368.419 0 0
1500.0 20.340468 -50.218880 17.841173 -0.594955 -0.821426 369.800 0 0
1500.0 79.253752 -52.170619 17.846728 0.293185 -0.862868 368.861 0 0
1500.0 70.553592 -12.674583 17.949506 0.251097 -0.278651 364.270 0 0
1500.0 72.332116 -3.782062 17.995279 0.193167 -0.118886 367.608 0 0
1500.0 85.954700 -26.655598 18.136263 0.522322 -0.455120 369.119 0 0
1500.0 108.699296 -31.306559 18.122447 0.847106 -0.513122 370.747 0 0
1500.0 114.408151 17.471334 17.824333 0.877810 0.227730 372.917 0 0
1500.0 92.015110 11.580294 17.836616 0.600430 0.154503 367.765 0 0
1500.0 100.096081 -28.595499 17.952887 0.703393 -0.408256 371.959 0 0
1500.0 99.443166 22.355528 17.955110 0.686690 0.331780 372.675 0 0
1500.0 72.180295 -29.565579 18.106464 0.231306 -0.594348 361.299 0 0
1500.0 26.676550 -45.697631 17.954006 -0.500739 -0.753848 369.567 0 0
1500.0 53.493720 -33.056444 17.967394 -0.096677 -0.573370 368.316 0 0
1500.0 107.486488 19.448976 18.451394 1.026408 0.323544 357.341 0 0
1500.0 43.568476 14.518696 18.361555 -0.209478 0.267041 369.607 0 0
1500.0 83.023577 -43.283731 17.958572 0.340955 -0.736011 365.777 0 0
1500.0 79.099610 73.435698 17.904199 0.278939 1.186363 368.879 0 0
1500.0 60.329095 67.031703 17.816669 0.083604 1.043960 371.903 0 0
1500.0 72.514399 -38.246557 17.950983 0.175814 -0.633651 369.148 0 0
1500.0 25.943963 -21.462445 17.953010 -0.492739 -0.341829 375.511 0 0
1500.0 63.746773 -66.760989 17.852584 0.138380 -1.038375 372.103 0 0
1500.0 120.394491 52.717703 17.920374 1.090980 0.858324 366.313 0 0
1500.0 80.735357 91.374939 18.241477 0.395557 1.677026 361.733 0 0
1500.0 120.154063 51.992338 17.919933 1.098231 0.858271 365.584 0 0
1500.0 -36.831236 -43.800099 17.966616 -1.606428 -0.674029 365.963 0 0
1500.0 94.654446 9.702402 18.307114 0.686176 0.122955 370.995 0 0
1500.0 46.494653 29.452807 17.850918 -0.198154 0.532783 368.944 0 0
1500.0 1.938086 36.931985 17.829519 -0.842453 0.613920 372.623 0 0
1500.0 15.823182 40.445380 17.834620 -0.658382 0.686476 370.551 0 0
1500.0 63.670434 16.855951 18.326900 0.181597 0.283416 377.488 0 0
1500.0 11.726454 -46.397547 17.820299 -0.763757 -0.705558 371.764 0 0
1500.0 -2.037637 -20.623141 17.821118 -0.973544 -0.322735 371.451 0 0
1500.0 3.535683 39.552660 17.820153 -0.873774 0.568191 372.694 0 0
1500.0 65.456675 -24.956782 17.951086 0.093257 -0.455298 369.464 0 0
1500.0 102.218033 40.113824 17.855988 0.688385 0.629719 374.482 0 0
1500.0 70.596526 55.375430 17.856165 0.246443 0.896308 370.833 0 0
1500.0 74.923529 10.549622 17.876931 0.287422 0.198678 376.496 0 0
1500.0 77.546040 4.595944 18.296305 0.390686 0.066083 378.066 0 0
1500.0 48.103260 -40.109013 17.941925 -0.097741 -0.681990 370.131 0 0
1500.0 84.775278 -55.739037 17.929102 0.436082 -0.862838 374.615 0 0
1500.0 64.446960 -17.862699 17.951191 0.155186 -0.343500 369.453 0 0
1500.0 54.195142 -47.717571 17.937571 -0.004045 -0.794278 370.517 0 0
1500.0 59.495447 -62.180556 17.852965 0.074852 -0.993001 371.585 0 0
1500.0 87.952811 49.086722 17.804853 0.520761 0.779988 371.001 0 0
1500.0 72.949108 62.832556 17.802332 0.279214 0.944131 374.132 0 0
1500.0 99.041252 51.824654 17.799469 0.665300 0.792864 373.386 0 0
1500.0 111.059529 13.239644 18.349275 0.922261 0.212103 373.191 0 0
1500.0 15.158418 -1.479107 17.919625 -0.713882 0.016684 370.368 0 0
1500.0 11.206693 -10.678460 17.807998 -0.695778 -0.234675 372.048 0 0
1500.0 55.217915 -63.053222 17.881614 0.012312 -1.025694 370.631 0 0
1500.0 87.187614 -44.147183 17.845272 0.485346 -0.649385 375.587 0 0
1500.0 104.385923 -16.334301 17.844312 0.785741 -0.272273 370.643 0 0
1500.0 -7.768304 -55.430007 17.991518 -1.096896 -0.901389 368.711 0 0
1500.0 104.078079 -27.925600 17.888225 0.734059 -0.398073 375.654 0 0
1500.0 106.325633 16.317147 17.887153 0.820909 0.248509 370.962 0 0
1500.0 63.144463 -4.041244 18.366397 0.162455 -0.136198 371.197 0 0
1500.0 122.395644 -13.849254 17.876882 1.030288 -0.193317 373.278 0 0
1500.0 111.878195 -15.882602 18.000965 0.857996 -0.228345 376.054 0 0
1500.0 91.035018 -56.801184 17.841057 0.444121 -0.914132 370.954 0 0
1500.0 97.565627 -10.823475 18.200024 0.709247 -0.205619 371.980 0 0
1500.0 78.334834 -16.261750 18.207778 0.422630 -0.290488 371.364 0 0
1500.0 82.021205 -32.533920 18.200964 0.474983 -0.534299 371.898 0 0
1500.0 94.525323 -7.167207 18.119549 0.667637 -0.128056 371.504 0 0
1500.0 73.608228 -22.784343 18.126477 0.317164 -0.332320 378.129 0 0
1500.0 98.433544 -13.190596 18.116505 0.724243 -0.218891 371.767 0 0
1500.0 104.274062 9.173260 18.113815 0.809655 0.119793 372.024 0 0
1500.0 24.167989 45.397971 17.912657 -0.537825 0.753490 371.892 0 0
1500.0 59.886357 -18.457343 18.212476 0.002932 -0.296583 371.152 0 0
1500.0 97.673753 -21.121260 17.813304 0.686002 -0.323097 370.786 0 0
1500.0 92.902983 32.671016 17.911026 0.535591 0.576470 371.462 0 0
1500.0 43.827819 47.241044 17.911946 -0.199747 0.739133 376.807 0 0
1500.0 10.177077 36.811469 18.534771 -0.992334 0.742810 358.330 0 0
1500.0 99.256576 0.991841 18.128476 0.738152 0.035248 372.197 0 0
1500.0 63.673714 -25.746619 17.990608 0.095706 -0.474421 371.048 0 0
1500.0 69.750486 -45.548034 17.982243 0.172715 -0.710845 377.389 0 0
1500.0 20.795967 65.890425 17.845503 -0.537782 1.043918 374.718 0 0
1500.0 113.646571 -22.223277 17.877982 0.913895 -0.300372 373.166 0 0
1500.0 103.440277 -31.020016 18.191608 0.787731 -0.501254 374.145 0 0
1500.0 36.190112 63.558357 17.845025 -0.289760 1.007407 374.620 0 0
1500.0 107.599147 40.449108 17.848015 0.751856 0.653318 375.903 0 0
1500.0 123.862100 12.264839 17.845350 1.012209 0.250359 374.244 0 0
1500.0 85.819839 7.860002 17.868631 0.467294 0.193446 371.260 0 0
1500.0 73.787228 45.789543 17.859664 0.255475 0.714773 377.449 0 0
1500.0 102.947911 45.923176 17.847566 0.685342 0.733803 375.804 0 0
1500.0 64.695568 47.643940 18.086705 0.138438 0.796955 373.072 0 0
1500.0 94.893452 43.100020 18.080823 0.589560 0.720739 373.752 0 0
1500.0 150.259010 48.637254 17.874754 1.563352 0.762945 369.052 0 0
1500.0 23.583749 -14.502068 17.980312 -0.533417 -0.297066 372.011 0 0
1500.0 97.238215 -65.652929 17.868914 0.697749 -1.067577 370.160 0 0
1500.0 54.542377 -28.239969 17.876252 0.010071 -0.501659 368.489 0 0
1500.0 113.496678 -24.822076 17.823353 0.819372 -0.426118 376.787 0 0
1500.0 84.206065 -43.335854 17.827012 0.423232 -0.737149 372.594 0 0
1500.0 64.673925 68.752334 17.805276 0.169889 1.033487 374.678 0 0
1500.0 99.629021 -8.480961 17.821246 0.717016 -0.117971 372.041 0 0
1500.0 122.989943 -3.826421 17.806845 1.019403 -0.043534 375.763 0 0
1500.0 94.440270 15.139813 17.825119 0.582195 0.225874 378.113 0 0
1500.0 101.148493 -25.212008 17.801793 0.701694 -0.450814 372.631 0 0
1500.0 67.495606 -24.504091 17.830981 0.153454 -0.410619 378.870 0 0
1500.0 52.925908 -65.517244 17.806544 -0.053356 -1.029640 375.885 0 0
1500.0 40.778630 -59.416896 17.810773 -0.228250 -0.927527 376.820 0 0
1500.0 92.327561 2.730978 18.298363 0.651832 0.019245 373.960 0 0
1500.0 112.716917 15.796875 17.800706 0.882119 0.295499 373.422 0 0
1500.0 84.438627 -29.755087 18.180923 0.446057 -0.470676 380.175 0 0
1500.0 16.459106 -19.469134 18.006262 -0.685882 -0.313411 373.752 0 0
1500.0 44.377631 -1.423890 18.020072 -0.263879 -0.038571 372.721 0 0
1500.0 38.947663 43.578694 17.832468 -0.276163 0.689689 378.717 0 0
1500.0 88.828758 26.244603 17.835160 0.471227 0.483599 372.882 0 0
1500.0 84.305290 -11.312600 17.930512 0.417528 -0.267226 369.007 0 0
1500.0 15.390371 -55.577641 17.933028 -0.702631 -0.856561 374.766 0 0
1500.0 57.314668 -33.337597 17.836965 0.055016 -0.558479 373.045 0 0
1500.0 72.585285 6.493661 17.843253 0.294554 0.061634 372.619 0 0
1500.0 63.120940 0.278388 18.162852 0.139699 -0.057243 381.612 0 0
1500.0 5.963378 40.230074 17.820333 -0.845280 0.616436 376.206 0 0
1500.0 89.796767 -8.793165 18.079296 0.491702 -0.188290 381.150 0 0
1500.0 81.510402 -55.047326 17.914642 0.353817 -0.903148 375.622 0 0
1500.0 55.587498 -52.485994 17.831438 -0.059486 -0.875154 374.772 0 0
1500.0 29.272756 11.609640 17.846469 -0.470958 0.106492 373.477 0 0
1500.0 28.032410 -1.032867 17.847359 -0.441286 -0.081558 380.600 0 0
1500.0 21.770688 39.664464 17.833564 -0.629428 0.613323 374.807 0 0
1500.0 78.236025 -26.108733 18.102932 0.357928 -0.474781 374.836 0 0
1500.0 95.065443 17.001538 18.108443 0.609153 0.273779 381.221 0 0
1500.0 3.252139 -13.251736 17.920405 -0.855786 -0.222532 377.886 0 0
1500.0 61.878775 -30.070480 17.935479 0.002068 -0.491317 374.727 0 0
1500.0 65.973898 -38.868667 17.836010 0.085851 -0.669863 374.164 0 0
1500.0 52.931862 -66.126123 17.818202 -0.110418 -1.038671 377.473 0 0
1500.0 58.925560 -54.574631 17.826091 -0.022934 -0.899611 375.128 0 0
1500.0 81.781668 -43.036816 17.833508 0.303134 -0.673390 380.015 0 0
1500.0 15.575175 -7.549161 17.834378 -0.693011 -0.184568 374.299 0 0
1500.0 90.497613 -22.700817 17.837740 0.466526 -0.420426 374.028 0 0
1500.0 50.066257 -31.026616 17.868723 -0.117126 -0.559199 374.162 0 0
1500.0 84.832800 -29.879130 17.864782 0.420577 -0.538842 374.466 0 0
1500.0 30.916810 58.642650 17.858093 -0.451851 0.928254 376.862 0 0
1500.0 -4.552735 12.091454 17.861191 -0.950731 0.226465 379.001 0 0
1500.0 10.869604 45.432067 17.857454 -0.747581 0.727854 377.165 0 0
1500.0 -0.290081 28.819986 17.859341 -0.894114 0.470985 378.613 0 0
1500.0 110.339285 40.107889 17.838992 0.836851 0.622924 378.030 0 0
1500.0 82.468309 -13.539742 17.917589 0.464245 -0.229530 374.584 0 0
1500.0 117.092905 8.560263 17.898372 0.971795 0.109877 376.536 0 0
1500.0 119.552591 -22.221897 17.894981 0.979789 -0.343303 378.504 0 0
1500.0 95.869719 -26.831119 17.910207 0.612423 -0.396987 380.865 0 0
1500.0 84.445070 -52.580945 17.900090 0.482354 -0.813823 376.261 0 0
1500.0 32.020931 -2.968263 17.929658 -0.493888 -0.036041 372.125 0 0
1500.0 32.765587 58.707319 17.863875 -0.359076 0.917098 379.640 0 0
1500.0 41.723429 -77.912711 17.871067 -0.202855 -1.264707 375.085 0 0
1500.0 116.986235 27.944372 17.845952 0.897840 0.509533 374.619 0 0
1500.0 112.663839 -18.342814 18.476596 1.083434 -0.371781 367.260 0 0
1500.0 79.589277 1.473150 18.090310 0.365137 0.106429 370.666 0 0
1500.0 34.570407 14.128473 17.988015 -0.402375 0.168354 375.091 0 0
1500.0 70.550575 40.571866 17.861416 0.147072 0.663697 377.701 0 0
1500.0 86.604134 34.313171 17.861127 0.385288 0.569238 377.849 0 0
1500.0 49.220041 -27.506472 17.884315 -0.088278 -0.503598 372.655 0 0
1500.0 93.310696 55.668909 17.807249 0.565723 0.874398 378.689 0 0
1500.0 83.104541 -15.090732 18.247305 0.504010 -0.264343 376.508 0 0
1500.0 90.079504 -41.982136 17.899587 0.585673 -0.690316 374.477 0 0
1500.0 103.668788 -1.018026 18.020712 0.753482 -0.084538 376.753 0 0
1500.0 123.204340 -7.510572 17.884679 1.043324 -0.091997 378.909 0 0
1500.0 43.629850 9.911903 17.860519 -0.168971 0.199841 383.371 0 0
1500.0 9.965341 -40.378512 17.931214 -0.730934 -0.675568 378.025 0 0
1500.0 21.762772 -47.022036 17.877869 -0.535591 -0.742732 381.010 0 0
1500.0 20.819037 21.291905 17.859347 -0.647361 0.319297 376.151 0 0
1500.0 22.327089 -19.118943 17.862649 -0.570772 -0.278020 382.208 0 0
1500.0 21.591370 -29.018081 17.856904 -0.633327 -0.455155 376.368 0 0
1500.0 22.413356 -53.266436 17.847399 -0.583937 -0.778887 380.462 0 0
1500.0 113.740608 35.065078 17.836623 0.886931 0.546411 379.398 0 0
1500.0 63.355137 0.502627 17.993733 0.125473 -0.053388 383.628 0 0
1500.0 68.653982 1.503261 17.993105 0.199019 -0.039547 383.584 0 0
1500.0 53.336950 -55.482603 17.971482 -0.014563 -0.904783 377.596 0 0
1500.0 101.597989 22.376591 18.175324 0.766563 0.371483 378.068 0 0
1500.0 99.093355 -38.479554 17.802198 0.690991 -0.618854 377.196 0 0
1500.0 84.631034 -28.923677 17.989752 0.383897 -0.506491 376.923 0 0
1500.0 104.810123 6.397338 18.078570 0.808267 0.091338 379.184 0 0
1500.0 91.637125 -43.714377 17.939398 0.509053 -0.690794 382.662 0 0
1500.0 119.390055 30.978045 17.830075 1.019731 0.469287 377.567 0 0
1500.0 96.028187 -23.188732 17.906021 0.550334 -0.388658 384.722 0 0
1500.0 101.090025 -10.504335 17.820669 0.674630 -0.238988 377.272 0 0
1500.0 77.662187 70.698813 17.843132 0.377908 1.147753 376.367 0 0
1500.0 -7.310439 20.432715 17.935982 -1.082653 0.363900 376.484 0 0
1500.0 95.225320 3.935323 17.946105 0.650893 0.016909 377.875 0 0
1500.0 93.802416 -28.141806 17.943358 0.575909 -0.436857 383.858 0 0
1500.0 129.356634 1.186653 17.961718 1.195489 -0.055635 374.879 0 0
1500.0 58.013577 52.557455 17.863115 -0.080433 0.860312 375.536 0 0
1500.0 42.285520 20.169582 18.139482 -0.212058 0.340124 385.667 0 0
1500.0 40.532521 -58.950792 17.862846 -0.310348 -0.912859 381.141 0 0
1500.0 9.326617 -25.398306 17.868295 -0.753015 -0.409746 382.653 0 0
1500.0 91.022860 52.674038 17.856538 0.505473 0.829072 382.425 0 0
1500.0 94.506241 41.756962 17.862145 0.549561 0.663773 383.212 0 0
1500.0 101.158101 11.005583 18.071868 0.706369 0.241289 378.962 0 0
1500.0 89.919237 1.531751 18.271289 0.588385 -0.036370 379.452 0 0
1500.0 58.163268 -48.565398 18.136462 0.004224 -0.798586 379.807 0 0
1500.0 43.807099 -1.003285 18.152559 -0.216723 -0.081574 378.566 0 0
1500.0 45.423252 16.289579 18.177528 -0.148988 0.326579 378.860 0 0
1500.0 36.384229 -69.582927 17.811211 -0.280056 -1.090289 381.305 0 0
1500.0 53.281194 -46.446272 17.932826 -0.073714 -0.785504 379.085 0 0
1500.0 -7.147527 -13.193904 17.813403 -0.998585 -0.252461 382.004 0 0
1500.0 29.140093 -51.422383 17.819364 -0.459202 -0.798516 383.185 0 0
1500.0 35.725224 -60.507426 17.814507 -0.368976 -0.940977 382.324 0 0
1500.0 101.097356 17.970000 18.306710 0.788947 0.362503 375.611 0 0
1500.0 29.604093 -45.421973 17.868234 -0.437348 -0.684715 385.822 0 0
1500.0 129.698670 -16.986950 17.851601 1.137826 -0.260237 381.533 0 0
1500.0 80.898292 20.458935 17.945277 0.362720 0.339697 386.679 0 0
1500.0 73.863960 -49.842919 17.951696 0.238438 -0.858595 377.729 0 0
1500.0 115.092295 47.856515 18.314247 1.025516 0.840533 376.035 0 0
1500.0 14.617569 -16.999152 17.837271 -0.714937 -0.322055 379.372 0 0
1500.0 4.741952 -14.166457 17.831685 -0.859039 -0.275953 379.965 0 0
1500.0 47.529160 -64.852306 17.825076 -0.198103 -1.005225 382.804 0 0
1500.0 38.225060 -14.105666 17.849831 -0.320427 -0.252846 385.718 0 0
1500.0 34.945286 -45.053075 17.834237 -0.400319 -0.750202 379.674 0 0
1500.0 43.179951 -36.161830 17.841563 -0.277069 -0.620443 378.999 0 0
1500.0 4.895731 -39.346270 17.823963 -0.826894 -0.636906 382.329 0 0
1500.0 104.878211 -28.587918 17.954325 0.743461 -0.442092 384.732 0 0
1500.0 142.140946 -6.853916 18.287828 1.611681 -0.108532 370.363 0 0
1500.0 107.368107 -24.149575 17.892016 0.851189 -0.331601 376.887 0 0
1500.0 102.933401 29.002470 18.043658 0.718174 0.452103 385.356 0 0
1500.0 101.630885 19.631989 18.044751 0.750481 0.342824 380.575 0 0
1500.0 90.363564 -42.989519 17.826607 0.430442 -0.679761 384.414 0 0
1500.0 159.846914 45.680352 17.829598 1.565500 0.745359 381.659 0 0
1500.0 74.310829 43.478986 18.005530 0.325955 0.715429 380.479 0 0
1500.0 82.676778 49.929442 17.999111 0.448551 0.804988 381.190 0 0
1500.0 52.650011 -42.595537 18.019600 -0.127210 -0.683417 380.237 0 0
1500.0 63.121142 8.595437 18.032688 0.033500 0.101369 379.307 0 0
1500.0 33.103775 1.568626 18.027866 -0.430383 -0.007672 379.619 0 0
1500.0 117.619806 -35.540063 17.859868 0.986588 -0.502593 379.607 0 0
1500.0 83.393155 7.331962 18.058986 0.441991 0.134467 387.259 0 0
1500.0 167.148069 69.623538 17.973661 1.818209 1.136858 378.757 0 0
1500.0 61.952381 -16.130800 17.951880 0.133266 -0.246376 387.708 0 0
1500.0 78.998968 -27.443694 18.300269 0.377016 -0.528085 377.091 0 0
1500.0 98.924569 -23.549400 17.825321 0.648855 -0.321585 386.323 0 0
1500.0 46.702131 -15.461520 17.918477 -0.141848 -0.277238 389.738 0 0
1500.0 84.037186 40.025534 18.073998 0.441370 0.749592 376.559 0 0
1500.0 86.412327 5.282518 17.896696 0.478166 0.165190 378.423 0 0
1500.0 66.190994 -23.098195 18.560552 0.182638 -0.378930 390.722 0 0
1500.0 43.113551 -65.342541 17.847682 -0.238137 -1.086929 381.814 0 0
1500.0 122.843781 8.873293 17.986384 1.030019 0.164977 385.965 0 0
1500.0 105.787677 -11.603835 18.007300 0.741864 -0.215834 388.393 0 0
1500.0 91.550599 -21.601806 18.012360 0.537685 -0.354378 388.862 0 0
1500.0 121.047153 -8.567350 17.977970 0.996212 -0.151963 386.776 0 0
1500.0 97.786201 47.050188 18.057821 0.628700 0.773805 384.966 0 0
1500.0 72.971342 52.938608 17.952813 0.201029 0.865544 383.858 0 0
1500.0 48.847948 61.612503 17.947092 -0.162555 0.984141 384.723 0 0
1500.0 50.954352 -65.580224 17.839245 -0.039710 -1.035478 384.024 0 0
1500.0 110.635768 26.398661 18.155533 0.864841 0.453893 386.198 0 0
1500.0 84.365377 -42.909961 17.934044 0.509287 -0.677617 381.208 0 0
1500.0 109.889834 -26.465188 18.002473 0.866085 -0.433225 385.692 0 0
1500.0 55.734337 14.389950 17.972355 -0.047754 0.291948 384.103 0 0
1500.0 106.859659 10.624275 18.002367 0.863262 0.108751 380.092 0 0
1500.0 38.212010 3.319951 18.032299 -0.412616 0.017511 377.710 0 0
1500.0 38.505686 23.131550 17.936170 -0.272064 0.392392 390.996 0 0
1500.0 51.161783 3.165947 18.279774 -0.059041 0.109113 393.554 0 0
1500.0 27.856817 1.299768 17.886294 -0.539820 0.026183 384.863 0 0
1500.0 71.286322 -59.029962 17.835032 0.236259 -0.907523 389.906 0 0
1500.0 93.994473 31.761342 17.855775 0.583145 0.446415 391.067 0 0
1500.0 121.441935 18.747357 17.840168 1.011084 0.272384 388.358 0 0
1500.0 132.085939 -28.348683 17.828720 1.102031 -0.485029 389.217 0 0
1500.0 165.075340 -115.490810 17.903635 1.734448 -1.988806 381.151 0 0
1500.0 76.085391 -59.673385 18.042755 0.254103 -1.028142 382.660 0 0
1500.0 88.286535 22.067699 18.012647 0.553434 0.313102 387.623 0 0
1500.0 17.506609 32.799548 17.874001 -0.641557 0.473304 391.670 0 0
1500.0 93.849944 24.924811 17.810311 0.603519 0.328954 386.022 0 0
1500.0 113.265280 34.145670 18.366858 1.055622 0.609781 381.261 0 0
1500.0 134.190853 19.242713 18.167766 1.330275 0.296144 384.666 0 0
1500.0 34.888926 -17.957940 17.885944 -0.423116 -0.313441 386.439 0 0
1500.0 49.234837 -42.725984 17.881531 -0.181895 -0.634046 392.948 0 0
1500.0 7.995991 -16.093410 17.872448 -0.825725 -0.279368 387.617 0 0
1500.0 80.969885 0.890326 18.278858 0.397052 -0.049559 395.102 0 0
1500.0 147.079112 23.726628 17.925468 1.485717 0.323512 385.041 0 0
1500.0 79.225421 3.217649 18.026735 0.427582 0.067099 387.268 0 0
1500.0 74.982146 -59.586781 17.901475 0.324360 -0.940191 389.273 0 0
1500.0 91.878918 15.465144 18.082953 0.556005 0.256868 394.890 0 0
1500.0 52.083483 -27.299095 17.822361 -0.123648 -0.498598 387.354 0 0
1500.0 73.123042 -65.371336 17.842466 0.284286 -1.007513 391.119 0 0
1500.0 59.085652 -67.152947 17.842585 0.078038 -1.041904 390.589 0 0
1500.0 20.159690 17.586601 17.857427 -0.633116 0.328852 388.156 0 0
1500.0 61.183713 -15.018866 18.379064 0.038463 -0.238138 386.494 0 0
1500.0 83.869983 -17.745610 18.184871 0.496843 -0.321150 389.299 0 0
1500.0 102.293687 34.091426 18.148636 0.882030 0.632779 379.391 0 0
1500.0 115.315148 -2.563574 17.891046 0.891789 -0.006106 393.727 0 0
1500.0 57.122419 -37.031013 17.843816 -0.088740 -0.554936 388.354 0 0
1500.0 4.441566 -40.715850 17.822862 -0.854927 -0.576451 392.346 0 0
1500.0 146.696092 32.681360 17.807447 1.405891 0.458067 390.449 0 0
1500.0 58.581319 2.352361 18.144705 0.021168 0.097274 397.144 0 0
1500.0 74.586106 4.874850 18.009925 0.343041 0.118863 389.042 0 0
1500.0 113.571749 33.545244 17.811971 0.813346 0.577725 390.941 0 0
1500.0 24.399712 32.965837 17.822190 -0.542201 0.580669 389.607 0 0
1500.0 41.664105 42.740009 17.825324 -0.254977 0.674115 395.098 0 0
1500.0 82.368788 -5.659738 17.977233 0.391928 -0.040956 399.390 0 0
1500.0 105.193207 2.542484 17.939015 0.788855 0.093305 390.232 0 0
1500.0 98.424043 70.634396 18.023831 0.648682 1.253629 384.877 0 0
1500.0 80.190389 -48.474695 17.979549 0.339217 -0.760188 395.255 0 0
1500.0 53.038190 -28.791571 17.992565 -0.046038 -0.471806 396.522 0 0
1500.0 93.044342 -48.622213 17.972734 0.547189 -0.799084 392.016 0 0
1500.0 115.524163 31.208642 17.862318 0.916685 0.470967 393.542 0 0
1500.0 88.676321 37.258626 17.876562 0.508674 0.542480 395.670 0 0
1500.0 95.644744 -40.831563 17.869829 0.652927 -0.606138 390.748 0 0
1500.0 122.740213 -0.778226 17.861742 1.040520 0.003766 392.330 0 0
1500.0 108.379802 1.504040 17.871792 0.849735 0.038745 390.527 0 0
1500.0 132.711192 -69.251254 17.867721 1.142818 -1.118768 391.680 0 0
1500.0 141.564920 100.373130 17.834223 1.271078 1.585551 392.171 0 0
1500.0 25.716924 -4.347692 17.896899 -0.533448 -0.134003 390.729 0 0
1500.0 155.863621 -16.635534 17.934099 1.601479 -0.226652 391.088 0 0
1500.0 11.862075 5.201913 17.879930 -0.745205 0.014952 391.792 0 0
1500.0 -2.785885 -26.276008 17.803526 -0.966050 -0.369094 395.020 0 0
1500.0 3.702940 -34.419978 17.823932 -0.893117 -0.473383 391.399 0 0
1500.0 93.529700 33.311046 17.965241 0.635211 0.502714 392.637 0 0
1500.0 106.387110 -0.170842 17.964327 0.830059 -0.007705 392.729 0 0
1500.0 88.336999 -2.940149 17.976227 0.509205 -0.045727 398.672 0 0
1500.0 54.751312 15.447857 17.856523 0.019414 0.273077 393.134 0 0
1500.0 57.035685 -30.184363 17.881599 0.054317 -0.513337 391.675 0 0
1500.0 23.008273 -16.358607 18.021601 -0.552554 -0.316436 393.090 0 0
1500.0 16.443059 4.890830 17.837304 -0.670981 0.003130 392.583 0 0
1500.0 67.304271 -2.076113 17.969529 0.218180 -0.047310 398.615 0 0
1500.0 92.793010 -6.139218 17.960406 0.604691 -0.109448 395.784 0 0
1500.0 28.671519 33.041614 17.834332 -0.422108 0.538318 399.125 0 0
1500.0 85.170525 60.668948 17.816965 0.392599 0.965913 396.458 0 0
1500.0 82.923629 -93.418751 17.826449 0.389832 -1.449970 396.275 0 0
1500.0 48.971554 -8.429514 17.855654 -0.219259 -0.131640 392.448 0 0
1500.0 54.515968 52.777904 17.997287 -0.054912 0.870933 394.928 0 0
1500.0 64.768598 -6.762760 18.023097 0.101870 -0.161634 401.375 0 0
1500.0 87.666938 -32.972018 18.008888 0.462161 -0.578682 394.600 0 0
1500.0 60.784352 -50.658919 18.004305 0.051210 -0.843142 395.042 0 0
1500.0 -28.714016 121.184897 17.800577 -1.341872 1.868278 396.360 0 0
1500.0 114.469210 -3.026687 17.909054 0.913604 0.013637 396.000 0 0
1500.0 98.686690 6.286647 17.920855 0.625607 0.143655 401.136 0 0
1500.0 71.459584 -61.392041 17.868183 0.138398 -0.977913 394.503 0 0
1500.0 86.808103 28.865021 18.242002 0.551372 0.477272 396.559 0 0
1500.0 93.216719 -37.872617 17.949903 0.527697 -0.605602 401.547 0 0
1500.0 58.719366 -33.698630 18.091467 0.043218 -0.527803 404.343 0 0
1500.0 22.478579 13.769542 17.880620 -0.613270 0.302633 392.246 0 0
1500.0 113.403959 -25.699779 17.826007 0.911211 -0.380812 397.430 0 0
1500.0 117.528526 -5.075255 17.814512 0.990584 -0.114374 395.984 0 0
1500.0 125.281858 -13.561781 17.807106 0.995811 -0.271164 399.966 0 0
1500.0 121.446009 -13.537486 18.018460 1.026414 -0.212714 400.089 0 0
1500.0 69.357515 3.231186 18.234495 0.266019 0.018682 405.520 0 0
1500.0 104.200328 -19.678914 17.909878 0.764486 -0.358255 398.168 0 0
1500.0 27.563342 -37.846098 17.876824 -0.570314 -0.584250 394.945 0 0
1500.0 6.521320 41.419995 17.871135 -0.793140 0.679361 401.515 0 0
1500.0 14.098285 24.066863 17.882549 -0.702185 0.435244 399.457 0 0
1500.0 19.982918 24.586273 17.885523 -0.614815 0.445122 399.173 0 0
1500.0 3.986023 -22.589710 18.198821 -0.941080 -0.434883 393.674 0 0
1500.0 55.140568 -58.971774 17.879462 -0.035151 -0.917689 404.083 0 0
1500.0 91.545903 -54.744714 17.873593 0.507091 -0.892239 401.334 0 0
1500.0 42.248534 56.114810 18.040381 -0.251457 1.028194 393.874 0 0
1500.0 64.241072 65.158038 17.835008 0.127920 1.015169 403.397 0 0
1500.0 12.434782 -29.794263 17.852070 -0.759905 -0.417299 400.582 0 0
1500.0 94.485654 48.259734 17.965247 0.641817 0.891683 395.059 0 0
1500.0 13.496202 31.078473 17.826743 -0.704970 0.424073 406.376 0 0
1500.0 -3.064181 21.536101 17.815871 -0.986557 0.301686 403.166 0 0
1500.0 9.164694 45.427233 17.815543 -0.802056 0.657807 403.296 0 0
1500.0 112.067780 -40.089892 17.828576 0.872233 -0.580816 404.467 0 0
1500.0 101.535647 -7.364520 17.842103 0.694153 -0.039417 402.359 0 0
1500.0 52.377459 11.001883 17.824307 -0.136644 0.237116 401.799 0 0
1500.0 -50.436548 -1.556246 17.804303 -1.664673 0.017143 405.916 0 0
1500.0 115.048489 15.968313 17.872203 0.867629 0.285630 407.974 0 0
1500.0 84.604335 19.206839 17.879661 0.416060 0.327496 410.028 0 0
1500.0 64.330778 -66.040154 17.867643 0.167066 -1.112638 400.740 0 0
1500.0 36.197133 -16.127336 17.859927 -0.415107 -0.261044 403.323 0 0
1500.0 36.823877 -22.511555 17.859967 -0.365348 -0.324908 410.352 0 0
1500.0 52.129114 47.383954 17.851352 -0.165261 0.720696 403.986 0 0
1500.0 111.994525 -39.097229 17.798538 0.861156 -0.566107 407.600 0 0
1500.0 97.248658 9.762519 17.816897 0.622242 0.144872 410.093 0 0
1500.0 170.627872 -35.343343 17.855737 1.837213 -0.543662 404.770 0 0
1500.0 122.754403 -19.788954 17.832162 1.018431 -0.248039 408.335 0 0
1500.0 91.394558 -38.631082 18.161260 0.602638 -0.660832 406.337 0 0
1500.0 21.311185 -23.903935 17.875855 -0.572608 -0.462662 404.490 0 0
1500.0 120.269761 -21.345973 17.797935 0.991645 -0.338848 410.924 0 0
1500.0 51.225892 -18.300051 17.876265 -0.159849 -0.268872 417.166 0 0
1500.0 63.768687 35.816134 17.879916 0.052791 0.548189 419.778 0 0
1500.0 99.408696 -89.962132 18.105084 0.681567 -1.540484 408.312 0 0
1500.0 126.944044 -18.632485 17.820868 1.062563 -0.359402 414.626 0 0
1500.0 34.832974 21.234616 17.909735 -0.408628 0.379776 414.461 0 0
1500.0 17.191043 34.776709 17.899300 -0.626043 0.541245 420.227 0 0
1500.0 49.170792 -1.314147 17.917409 -0.187981 0.030658 413.947 0 0
1500.0 15.161137 93.631791 17.831087 -0.682943 1.488839 416.007 0 0
1500.0 75.462011 85.227244 17.807335 0.253792 1.306996 425.111 0 0
