Total number of secondary electrons: 2498
1500.0 114.484143 -15.010771 17.753137 1.401887 -0.255955 253.763 0 0
1500.0 90.109659 9.014555 17.078861 0.822607 0.139122 254.032 0 0
1500.0 116.400530 16.124557 16.684042 1.264147 0.284227 268.141 0 0
1500.0 84.997007 -5.434207 16.045434 0.644919 -0.062649 275.146 0 0
1500.0 67.731738 -20.527783 14.445610 0.195290 -0.277714 286.172 0 0
1500.0 71.821747 17.111890 14.997869 0.280734 0.326056 291.146 0 0
1500.0 89.783912 -4.659531 15.890970 0.668464 -0.027399 292.005 0 0
1500.0 100.480064 15.897815 16.320656 0.841437 0.239536 292.969 0 0
1500.0 77.195265 8.382950 14.965853 0.381457 0.088894 296.414 0 0
1500.0 88.767364 -38.958104 15.084238 0.437793 -0.584106 302.322 0 0
1500.0 90.910232 0.524107 16.533373 0.660168 -0.005026 305.228 0 0
1500.0 53.429005 -10.540882 15.453368 -0.016755 -0.197566 307.839 0 0
1500.0 83.991698 8.515289 16.333181 0.549482 0.093846 308.502 0 0
1500.0 92.516582 8.378671 16.562337 0.732761 0.159837 309.374 0 0
1500.0 91.952981 -14.053314 15.839617 0.565099 -0.184867 310.007 0 0
1500.0 100.169233 -32.198989 15.150110 0.630458 -0.410453 310.891 0 0
1500.0 91.065489 -10.089700 15.229436 0.499399 -0.156113 311.120 0 0
1500.0 80.778157 -6.557425 15.077718 0.355877 -0.125064 311.648 0 0
1500.0 70.167206 -7.512430 15.837912 0.254756 -0.127331 312.251 0 0
1500.0 73.542997 -0.084313 15.583129 0.292014 0.030975 312.778 0 0
1500.0 80.924584 4.685351 16.221216 0.498860 0.047979 314.835 0 0
1500.0 83.834791 -8.645152 15.270621 0.373127 -0.086906 317.410 0 0
1500.0 112.316318 -37.937562 15.436670 0.870160 -0.565095 317.614 0 0
1500.0 77.559265 44.137245 15.092682 0.300701 0.572093 317.655 0 0
1500.0 74.622517 -3.068812 15.872769 0.327661 -0.091555 319.060 0 0
1500.0 70.910923 11.591012 15.801580 0.247294 0.158974 319.291 0 0
1500.0 42.214395 50.639458 15.178798 -0.233729 0.667326 319.681 0 0
1500.0 119.074703 39.569326 16.287250 1.111297 0.663818 320.802 0 0
1500.0 92.106855 4.599548 17.024792 0.663923 0.030856 321.794 0 0
1500.0 92.543161 -42.985186 15.284547 0.488900 -0.549018 321.860 0 0
1500.0 136.423125 -28.673190 15.334784 1.126382 -0.420522 323.139 0 0
1500.0 96.254134 -30.969497 15.492698 0.581755 -0.399938 323.265 0 0
1500.0 97.553418 -7.626156 16.219490 0.638988 -0.090825 323.917 0 0
1500.0 91.954489 -13.126191 17.059247 0.729804 -0.229512 323.990 0 0
1500.0 97.973893 -20.403810 15.891861 0.651310 -0.311665 324.313 0 0
1500.0 133.837366 2.113500 15.863841 1.164823 0.015813 325.587 0 0
1500.0 54.861776 -16.682109 16.212034 0.010076 -0.285662 325.748 0 0
1500.0 97.328834 1.148812 15.435149 0.571830 0.006536 327.135 0 0
1500.0 75.166236 -17.959141 16.492757 0.314694 -0.246387 328.623 0 0
1500.0 81.939246 21.765473 16.369984 0.441432 0.304166 328.947 0 0
1500.0 59.783015 -12.243649 16.477694 0.070552 -0.186873 329.827 0 0
1500.0 90.501178 20.698644 16.281702 0.535174 0.293498 330.261 0 0
1500.0 60.904110 5.507818 16.426800 0.111473 0.075832 330.376 0 0
1500.0 133.468728 9.592332 15.534989 0.989922 0.122210 330.495 0 0
1500.0 102.790013 -24.670825 15.636242 0.648669 -0.313550 330.550 0 0
1500.0 75.366122 -46.360812 16.097446 0.294490 -0.702273 330.740 0 0
1500.0 73.079958 -16.133702 16.060414 0.220050 -0.233843 330.989 0 0
1500.0 93.797382 -31.892424 15.917202 0.615033 -0.492420 332.560 0 0
1500.0 80.500162 19.204746 15.732791 0.313501 0.232460 332.727 0 0
1500.0 92.388411 -8.139663 17.883787 0.711268 -0.127390 333.021 0 0
1500.0 79.692697 8.732766 16.229673 0.377735 0.165547 333.608 0 0
1500.0 55.887230 14.176767 16.003509 -0.063297 0.280076 334.063 0 0
1500.0 77.446340 46.860320 15.570951 0.260008 0.655251 334.794 0 0
1500.0 97.092673 -1.996715 17.543873 0.751554 0.015536 334.800 0 0
1500.0 85.440021 2.089466 16.701688 0.562103 0.040631 334.950 0 0
1500.0 108.204432 5.862565 16.863844 0.846825 0.067870 335.268 0 0
1500.0 28.952764 -49.311411 15.597580 -0.342083 -0.679025 336.010 0 0
1500.0 91.747186 -1.104626 17.340919 0.650665 0.010690 336.457 0 0
1500.0 64.316441 8.666005 16.477054 0.149210 0.140246 336.483 0 0
1500.0 106.627345 -7.615318 17.297781 0.928084 -0.153137 336.650 0 0
1500.0 31.385745 -63.778773 15.611478 -0.307571 -0.850993 336.993 0 0
1500.0 105.056140 21.257875 16.166863 0.673573 0.313748 337.022 0 0
1500.0 91.361826 -11.071787 16.727092 0.528347 -0.189947 337.144 0 0
1500.0 119.908999 -66.850069 15.644160 0.737442 -0.849992 337.273 0 0
1500.0 18.235791 -51.274850 16.049601 -0.617347 -0.817098 337.449 0 0
1500.0 72.710746 -8.435585 15.755229 0.224435 -0.115310 337.588 0 0
1500.0 65.475726 10.872927 15.680031 0.160731 0.143795 337.681 0 0
1500.0 135.203004 8.295385 15.624794 0.976676 0.046731 337.775 0 0
1500.0 92.221771 13.008958 16.177979 0.487879 0.252297 338.108 0 0
1500.0 76.218774 11.583910 16.515058 0.388293 0.166288 338.299 0 0
1500.0 123.694205 3.321695 17.348716 1.254769 0.069072 338.510 0 0
1500.0 139.990541 17.327531 15.645394 1.022214 0.156133 338.849 0 0
1500.0 95.765407 -11.012028 17.255639 0.791356 -0.282542 338.861 0 0
1500.0 104.741064 -3.288449 16.610606 0.751746 -0.008110 338.994 0 0
1500.0 94.452455 0.149870 17.272245 0.680160 0.010292 339.192 0 0
1500.0 0.857337 -62.710134 15.665612 -0.665334 -0.810065 339.729 0 0
1500.0 103.668068 9.695445 16.405205 0.695701 0.144339 340.228 0 0
1500.0 43.328632 -14.394703 16.067592 -0.200542 -0.160953 340.530 0 0
1500.0 138.088063 -8.730916 15.963361 1.108776 -0.094439 340.638 0 0
1500.0 54.333006 19.784092 15.742774 0.001979 0.290890 340.889 0 0
1500.0 41.818533 -24.994417 15.912553 -0.247537 -0.324022 341.124 0 0
1500.0 128.653341 23.551294 15.736187 0.835804 0.330755 341.715 0 0
1500.0 99.937432 24.627655 15.754987 0.575894 0.347635 342.039 0 0
1500.0 87.196568 34.434014 16.284688 0.451916 0.499869 342.242 0 0
1500.0 81.625198 8.719271 16.425712 0.375426 0.129178 342.478 0 0
1500.0 101.729001 7.087840 17.548111 0.901592 0.129605 342.573 0 0
1500.0 71.127049 72.591452 15.756402 0.177303 0.898018 342.724 0 0
1500.0 89.495972 -19.922011 16.051614 0.414091 -0.270224 343.175 0 0
1500.0 122.601929 8.212034 17.474612 1.260428 0.114269 343.388 0 0
1500.0 64.121130 10.514295 16.054240 0.059727 0.172465 343.420 0 0
1500.0 84.494103 5.273118 17.352412 0.561289 0.082111 343.698 0 0
1500.0 92.149214 2.517990 17.403255 0.639935 0.069401 343.911 0 0
1500.0 81.716781 20.273756 16.491334 0.427277 0.285467 344.015 0 0
1500.0 91.057907 5.109120 17.782896 0.676205 0.080513 344.041 0 0
1500.0 51.570076 39.142972 16.058709 -0.098758 0.531399 344.081 0 0
1500.0 66.302001 22.213147 16.140899 0.133440 0.342736 344.604 0 0
1500.0 84.042642 -62.553064 15.868671 0.385646 -0.808955 344.990 0 0
1500.0 81.873554 -8.851600 17.169038 0.487222 -0.160562 345.237 0 0
1500.0 103.375679 -13.709318 16.243881 0.660828 -0.211054 345.283 0 0
1500.0 88.320770 -31.250625 17.018152 0.576059 -0.511484 346.083 0 0
1500.0 18.675047 25.469811 15.972667 -0.544196 0.335036 346.130 0 0
1500.0 117.696823 -46.979749 15.840267 0.794184 -0.605931 346.141 0 0
1500.0 90.851282 -25.067611 16.666091 0.590831 -0.458595 346.557 0 0
1500.0 82.369224 -11.040646 17.103602 0.544088 -0.216043 346.569 0 0
1500.0 66.954635 -16.040265 16.265190 0.177071 -0.226514 347.671 0 0
1500.0 136.134119 -23.314761 15.802294 1.001641 -0.308850 347.711 0 0
1500.0 80.657831 24.470410 16.317937 0.396262 0.352532 347.848 0 0
1500.0 103.483068 3.590231 16.278153 0.720056 -0.006559 347.942 0 0
1500.0 90.541991 -0.903003 16.797768 0.556630 -0.067618 347.973 0 0
1500.0 89.425936 21.261494 15.799190 0.412462 0.244334 348.020 0 0
1500.0 62.730804 19.206059 16.362423 0.152360 0.302052 348.079 0 0
1500.0 107.853745 -46.127825 15.785707 0.636035 -0.658075 348.189 0 0
1500.0 95.125169 25.907186 15.833640 0.535539 0.388701 348.525 0 0
1500.0 95.516471 18.911656 17.461675 0.853589 0.423837 349.000 0 0
1500.0 29.319130 -7.571729 16.086583 -0.461474 -0.081459 349.356 0 0
1500.0 89.446095 -33.053301 15.932419 0.471515 -0.483207 349.604 0 0
1500.0 86.566383 -32.839101 15.877643 0.412204 -0.493856 349.933 0 0
1500.0 90.145161 10.050139 16.619083 0.570764 0.109925 350.320 0 0
1500.0 35.426219 -61.540734 15.718558 -0.355670 -0.827057 350.377 0 0
1500.0 125.837848 -42.594718 16.215988 1.194169 -0.737748 350.385 0 0
1500.0 72.233744 1.180545 15.807671 0.183155 0.082357 350.518 0 0
1500.0 77.461039 -20.525352 16.062644 0.290564 -0.335430 350.556 0 0
1500.0 -11.528065 -11.152645 16.007080 -1.040840 -0.192780 350.549 0 0
1500.0 83.695367 18.951276 16.720056 0.479063 0.279156 350.641 0 0
1500.0 67.108351 3.859957 16.058524 0.182909 0.113191 350.677 0 0
1500.0 72.868424 18.788970 16.503167 0.312311 0.293047 350.697 0 0
1500.0 79.673345 -19.616562 15.914418 0.373892 -0.240852 351.209 0 0
1500.0 63.665446 -67.432477 15.973838 0.090096 -0.989555 351.220 0 0
1500.0 66.013781 -22.379908 16.426329 0.178078 -0.337194 351.285 0 0
1500.0 47.341578 3.358728 16.106010 -0.151304 0.081224 351.307 0 0
1500.0 92.385428 -38.964231 16.705455 0.682291 -0.673821 351.589 0 0
1500.0 22.772366 -26.113718 15.949872 -0.563891 -0.370634 351.932 0 0
1500.0 118.000648 -44.922421 15.910081 0.932679 -0.658275 352.107 0 0
1500.0 -37.491321 -94.924142 15.734884 -1.252640 -1.267608 352.155 0 0
1500.0 83.840302 5.828932 17.114176 0.468044 0.096212 352.366 0 0
1500.0 27.903119 -1.266898 15.822187 -0.485841 -0.020626 352.560 0 0
1500.0 80.971916 13.496050 17.565857 0.568845 0.290549 352.606 0 0
1500.0 133.522825 -17.551622 16.043628 1.186448 -0.234463 352.777 0 0
1500.0 93.555902 5.364784 15.837690 0.459105 0.035074 352.889 0 0
1500.0 95.861914 45.507875 15.778327 0.467994 0.663612 352.939 0 0
1500.0 80.516722 -2.690666 15.848784 0.309859 -0.056218 353.212 0 0
1500.0 66.080459 -34.330326 16.107113 0.178466 -0.516609 353.213 0 0
1500.0 108.463844 -30.010309 15.783751 0.706305 -0.456683 353.220 0 0
1500.0 75.772576 6.252290 15.847882 0.317058 0.070294 353.229 0 0
1500.0 80.504403 2.919291 16.686766 0.434533 0.092913 353.297 0 0
1500.0 63.165782 -4.050135 16.325088 0.137423 -0.119315 353.291 0 0
1500.0 126.450478 -4.970153 15.758675 0.960349 -0.044560 353.419 0 0
1500.0 90.635175 15.913186 16.035807 0.536664 0.205658 353.516 0 0
1500.0 85.291662 13.923950 17.009548 0.522560 0.221980 353.706 0 0
1500.0 87.414852 12.134580 16.175490 0.429721 0.226861 353.984 0 0
1500.0 85.239482 23.337033 15.974655 0.365168 0.308355 354.744 0 0
1500.0 26.938986 66.198393 15.786287 -0.443079 0.916378 354.916 0 0
1500.0 74.034972 -9.074602 16.490128 0.299539 -0.124485 355.172 0 0
1500.0 118.834374 10.510858 15.885650 0.882456 0.164474 355.154 0 0
1500.0 66.853867 -17.221677 16.044083 0.203271 -0.277853 355.231 0 0
1500.0 103.657708 -0.285881 16.477309 0.742316 -0.016344 355.326 0 0
1500.0 -18.118900 6.604626 15.797130 -1.025423 0.138335 355.318 0 0
1500.0 84.458762 -11.455281 16.968028 0.583955 -0.219293 355.343 0 0
1500.0 107.161136 10.989186 16.031504 0.714770 0.174183 355.490 0 0
1500.0 85.521624 55.271273 16.344579 0.477006 0.899537 355.658 0 0
1500.0 73.539196 11.011233 15.909924 0.219089 0.169665 355.856 0 0
1500.0 124.642640 47.021880 16.044619 0.968246 0.706367 356.425 0 0
1500.0 152.395508 -53.975994 15.876735 1.348980 -0.756077 356.501 0 0
1500.0 89.768247 25.527757 16.099893 0.419096 0.402050 356.687 0 0
1500.0 97.341049 27.001853 16.147202 0.582061 0.490854 356.675 0 0
1500.0 72.583284 4.879815 16.189119 0.224784 0.102673 356.818 0 0
1500.0 95.071376 12.021026 16.119263 0.585981 0.124350 356.979 0 0
1500.0 30.377403 -49.218243 16.292307 -0.386284 -0.785366 357.167 0 0
1500.0 126.626831 53.189503 15.964991 0.978961 0.717119 357.468 0 0
1500.0 75.682803 -13.142951 16.422197 0.336437 -0.233193 357.477 0 0
1500.0 62.280129 -2.933157 16.258819 0.105912 0.016116 357.933 0 0
1500.0 71.709268 -10.727216 16.549869 0.317226 -0.178420 357.904 0 0
1500.0 4.077454 5.014214 15.998730 -0.769567 0.125857 358.183 0 0
1500.0 108.977755 -16.436649 16.371798 0.789477 -0.233197 358.382 0 0
1500.0 123.773286 7.073030 16.213358 1.002891 0.122827 358.397 0 0
1500.0 71.863815 66.642082 16.137050 0.196973 0.948136 358.475 0 0
1500.0 92.511588 -5.910895 17.633258 0.687465 -0.073492 358.464 0 0
1500.0 46.050136 16.252720 16.350830 -0.138728 0.237530 358.560 0 0
1500.0 81.097826 3.177422 17.085392 0.434259 0.017263 358.580 0 0
1500.0 71.341448 2.066860 16.930651 0.294528 0.047654 358.647 0 0
1500.0 67.878052 21.412660 16.880996 0.251087 0.344328 358.750 0 0
1500.0 55.042592 -0.182341 16.216344 -0.110761 -0.003427 358.758 0 0
1500.0 94.738043 -25.202573 16.593851 0.616109 -0.366566 358.898 0 0
1500.0 93.107921 5.299797 16.736642 0.631424 0.091141 358.917 0 0
1500.0 19.326502 -48.511468 15.994897 -0.533723 -0.723812 358.976 0 0
1500.0 63.888417 -8.611079 16.544387 0.153886 -0.183169 359.000 0 0
1500.0 107.015948 -48.486361 16.002998 0.665489 -0.692812 359.235 0 0
1500.0 67.380314 34.941728 16.590653 0.203695 0.532327 359.441 0 0
1500.0 69.816438 -7.648085 16.191428 0.248354 -0.095592 359.482 0 0
1500.0 16.858147 58.986685 16.029035 -0.580611 0.765188 359.561 0 0
1500.0 87.519922 -16.864626 16.324724 0.486404 -0.273880 359.704 0 0
1500.0 105.379682 -56.803368 16.260988 0.739330 -0.831811 359.696 0 0
1500.0 51.603130 -21.346223 16.365694 -0.089448 -0.290322 359.963 0 0
1500.0 127.417441 116.957949 16.063711 0.975817 1.639473 359.949 0 0
1500.0 46.230972 11.118235 16.667158 -0.205189 0.211142 359.958 0 0
1500.0 93.998909 -19.607794 16.108091 0.473517 -0.284538 360.084 0 0
1500.0 114.160361 -8.292179 16.548188 0.864481 -0.116717 360.521 0 0
1500.0 98.941241 -39.463157 16.144547 0.573423 -0.620768 360.504 0 0
1500.0 65.367719 -2.853433 16.348282 0.167992 -0.003110 360.546 0 0
1500.0 109.275702 -7.714334 16.749142 0.837672 -0.139943 360.768 0 0
1500.0 53.310674 -24.637839 16.449732 -0.128206 -0.438817 361.139 0 0
1500.0 113.262877 8.290506 16.264743 0.828293 0.121518 361.212 0 0
1500.0 -143.619381 -168.441757 16.437413 -3.247815 -2.698368 361.669 0 0
1500.0 166.150741 67.944114 16.263418 1.570458 1.005250 361.780 0 0
1500.0 -13.830759 28.713773 16.265985 -1.056836 0.361093 361.806 0 0
1500.0 116.120826 -51.185915 16.138071 0.747484 -0.731872 361.816 0 0
1500.0 44.361371 74.609701 16.181060 -0.209805 1.023590 361.851 0 0
1500.0 -12.438002 38.108794 16.418039 -1.108463 0.566147 362.102 0 0
1500.0 127.149749 -1.939037 16.834384 1.218062 0.007596 362.121 0 0
1500.0 67.184097 7.851978 17.468715 0.256284 0.135880 362.226 0 0
1500.0 61.938530 18.583782 16.525704 0.052392 0.305054 362.227 0 0
1500.0 89.348138 -8.029403 16.306008 0.506852 -0.138304 362.187 0 0
1500.0 -94.578739 88.084145 16.461775 -2.383137 1.406021 362.655 0 0
1500.0 91.694116 -66.824725 16.185734 0.424295 -0.925100 362.694 0 0
1500.0 90.921643 48.505811 16.270891 0.421044 0.723443 362.709 0 0
1500.0 90.960857 4.549510 17.040647 0.596597 0.027250 362.823 0 0
1500.0 80.416344 19.185596 17.398798 0.413190 0.287059 362.856 0 0
1500.0 75.952117 0.807953 16.600568 0.350428 0.043901 363.077 0 0
1500.0 131.115591 -5.086285 16.373725 1.157003 -0.102444 363.101 0 0
1500.0 103.175457 -18.753450 16.897298 0.738675 -0.349353 363.251 0 0
1500.0 38.190686 -2.147090 16.373602 -0.273431 -0.098550 363.473 0 0
1500.0 2.709167 43.485326 16.274927 -0.734489 0.606068 363.548 0 0
1500.0 26.115538 -57.063645 16.262393 -0.389430 -0.823737 363.595 0 0
1500.0 98.546240 -36.980143 16.289430 0.644703 -0.518105 363.762 0 0
1500.0 39.755207 -110.341842 16.989038 -0.406071 -1.930794 363.772 0 0
1500.0 112.334090 -20.345038 16.370331 0.809590 -0.294893 363.880 0 0
1500.0 10.376787 -50.317072 16.257763 -0.599666 -0.723598 364.001 0 0
1500.0 34.616312 -13.340600 16.676075 -0.336924 -0.186156 364.237 0 0
1500.0 17.819521 50.013010 16.316302 -0.537602 0.682778 364.266 0 0
1500.0 149.435149 161.194592 16.363605 1.405404 2.352525 364.547 0 0
1500.0 92.915199 6.131225 16.332453 0.555749 0.083418 364.574 0 0
1500.0 98.289048 -0.195214 16.519974 0.574124 0.004359 364.715 0 0
1500.0 77.152962 25.185752 16.322347 0.217901 0.404907 364.732 0 0
1500.0 87.842485 68.135188 16.359555 0.430135 0.923504 364.914 0 0
1500.0 108.536722 55.282787 16.665234 0.801522 0.881293 365.042 0 0
1500.0 105.328159 -14.036414 16.683663 0.719952 -0.242525 365.241 0 0
1500.0 84.182312 44.578014 16.357280 0.430105 0.613220 365.242 0 0
1500.0 40.748927 118.060954 16.397882 -0.240619 1.672459 365.622 0 0
1500.0 62.340029 -42.863695 16.358250 0.044371 -0.593621 365.668 0 0
1500.0 98.386580 37.215365 16.367742 0.575497 0.589744 365.691 0 0
1500.0 95.755411 1.181777 17.831012 0.719925 0.039786 365.808 0 0
1500.0 71.697960 -5.517871 16.482311 0.271232 -0.064510 365.952 0 0
1500.0 99.974177 12.229588 17.618254 0.783298 0.247058 365.999 0 0
1500.0 82.711223 14.430955 17.204838 0.409017 0.231764 366.086 0 0
1500.0 95.245609 -47.195954 16.522599 0.532711 -0.739566 366.321 0 0
1500.0 73.160889 -12.692288 16.402913 0.177053 -0.217249 366.395 0 0
1500.0 81.054533 11.435502 17.307986 0.480563 0.181023 366.469 0 0
1500.0 86.559062 5.237030 16.877408 0.425188 0.134919 366.587 0 0
1500.0 7.331280 2.689964 16.509693 -0.779394 0.008943 366.579 0 0
1500.0 96.696517 -55.833340 16.413254 0.591324 -0.757762 366.649 0 0
1500.0 61.728939 -0.050447 16.710434 0.131156 0.024277 366.899 0 0
1500.0 101.313684 -22.340668 16.513822 0.694712 -0.282519 366.955 0 0
1500.0 117.236990 37.193136 16.431655 0.864271 0.498618 367.087 0 0
1500.0 106.947235 -30.875972 16.514122 0.675409 -0.491665 367.101 0 0
1500.0 81.131321 6.952481 17.039094 0.394183 0.051011 367.164 0 0
1500.0 2.537122 -38.587314 16.422482 -0.766275 -0.469031 367.331 0 0
1500.0 93.026229 -28.623402 17.942364 0.718614 -0.499944 367.323 0 0
1500.0 92.695199 0.112196 16.763941 0.571396 -0.033902 367.355 0 0
1500.0 91.027624 0.615110 17.345553 0.613273 -0.008696 367.423 0 0
1500.0 92.918546 -20.186932 16.814427 0.588336 -0.264522 367.987 0 0
1500.0 123.179132 33.767982 16.506300 1.000898 0.514508 368.019 0 0
1500.0 133.285877 -37.958132 16.604209 1.074746 -0.560294 368.737 0 0
1500.0 94.394320 34.526498 17.051143 0.584793 0.523404 369.108 0 0
1500.0 82.216755 10.753083 17.622095 0.401846 0.141001 369.138 0 0
1500.0 98.616726 -1.467962 17.409427 0.698372 -0.061716 369.159 0 0
1500.0 72.498027 36.939968 16.658133 0.234366 0.620708 369.243 0 0
1500.0 98.421775 -12.424064 16.784836 0.641932 -0.227823 369.334 0 0
1500.0 56.044699 -45.447343 16.592948 0.030627 -0.677431 369.418 0 0
1500.0 48.079480 -3.876641 16.634672 -0.161511 -0.129617 369.449 0 0
1500.0 100.180171 15.425273 17.207556 0.690336 0.288603 369.557 0 0
1500.0 59.234255 -13.955720 16.631264 -0.032770 -0.156129 369.579 0 0
1500.0 -90.060363 -14.266398 16.658789 -2.256442 -0.279895 369.596 0 0
1500.0 126.884080 26.358489 16.550152 0.960522 0.340893 369.684 0 0
1500.0 26.896898 46.423610 16.601190 -0.414255 0.716683 369.903 0 0
1500.0 14.830093 12.497830 16.732181 -0.616322 0.229037 369.925 0 0
1500.0 133.910015 -5.163626 16.610825 1.123761 -0.136031 370.090 0 0
1500.0 10.862387 115.603400 16.711453 -0.734852 1.722952 370.493 0 0
1500.0 92.544303 -17.887510 17.003890 0.523629 -0.235685 370.558 0 0
1500.0 95.682800 14.433580 16.882515 0.622183 0.190220 370.710 0 0
1500.0 85.778249 12.171799 16.776231 0.408063 0.142630 370.886 0 0
1500.0 86.797154 -1.557345 18.263692 0.613254 0.029535 370.977 0 0
1500.0 34.022155 56.707095 16.696477 -0.349149 0.834989 371.143 0 0
1500.0 58.624851 -68.634660 16.610002 0.042636 -0.989544 371.297 0 0
1500.0 107.089736 13.454671 16.901684 0.772612 0.175365 371.296 0 0
1500.0 83.650861 5.831979 17.385240 0.507576 0.060094 371.470 0 0
1500.0 93.498938 -4.285720 17.220998 0.657333 -0.011637 371.532 0 0
1500.0 120.183019 3.341202 16.800262 0.928855 0.063703 371.684 0 0
1500.0 101.134766 -134.873578 16.662632 0.653599 -1.913107 371.908 0 0
1500.0 52.120286 48.507757 16.677006 -0.150057 0.681823 371.976 0 0
1500.0 105.983162 9.474254 16.684278 0.666088 0.117353 372.300 0 0
1500.0 45.025193 45.359202 16.859914 -0.272228 0.730146 372.344 0 0
1500.0 98.269459 8.396183 18.332022 0.776418 0.110271 372.542 0 0
1500.0 70.214996 -23.090413 16.805489 0.125649 -0.361030 372.631 0 0
1500.0 61.474745 70.741082 16.733878 -0.001118 0.995438 372.650 0 0
1500.0 118.704918 11.692123 16.700981 0.854707 0.182317 372.695 0 0
1500.0 13.076345 -30.832851 16.762861 -0.675365 -0.446977 372.726 0 0
1500.0 84.627003 1.486282 16.797517 0.379927 0.092100 372.797 0 0
1500.0 100.067144 4.626765 16.910707 0.672708 0.020976 372.835 0 0
1500.0 64.671172 -4.446288 17.084499 0.180245 -0.037454 373.172 0 0
1500.0 93.731738 13.279650 16.907033 0.566474 0.235145 373.222 0 0
1500.0 68.710834 -12.755738 16.741253 0.194832 -0.160109 373.337 0 0
1500.0 59.763809 -13.944514 17.021253 0.098064 -0.254056 373.376 0 0
1500.0 110.877622 -6.076205 16.831975 0.809071 -0.069695 373.565 0 0
1500.0 84.856680 -10.831013 16.882328 0.384556 -0.221207 373.596 0 0
1500.0 97.719877 -62.211425 16.758476 0.575977 -0.859231 373.721 0 0
1500.0 53.590300 32.253161 16.925247 -0.105771 0.462680 373.760 0 0
1500.0 137.243144 -9.052397 16.857432 1.155145 -0.097691 373.786 0 0
1500.0 58.941827 1.745778 17.597629 0.060727 0.015158 373.831 0 0
1500.0 100.612570 13.619468 17.169003 0.701149 0.169091 373.898 0 0
1500.0 106.638154 19.918137 17.007051 0.764044 0.285723 374.101 0 0
1500.0 96.904525 60.147484 17.184549 0.631193 0.946246 374.103 0 0
1500.0 61.462706 -47.624153 17.269535 0.003225 -0.893072 374.126 0 0
1500.0 88.108139 7.162635 18.451486 0.621205 0.160838 374.140 0 0
1500.0 76.784218 4.937865 16.955372 0.357073 0.058606 374.169 0 0
1500.0 97.509598 26.751890 16.832967 0.568034 0.348360 374.182 0 0
1500.0 -8.248838 98.378844 16.722675 -0.912946 1.355249 374.242 0 0
1500.0 78.548101 -0.194132 16.826147 0.304164 -0.047008 374.496 0 0
1500.0 84.186752 11.708924 18.004242 0.502609 0.149162 374.836 0 0
1500.0 57.934480 -47.818648 16.876836 -0.058482 -0.672946 374.949 0 0
1500.0 118.419640 -7.039483 17.065894 0.918971 -0.097159 375.207 0 0
1500.0 107.186828 -33.966484 17.082331 0.736356 -0.517700 375.408 0 0
1500.0 97.551769 6.320227 16.988513 0.636229 0.060897 375.422 0 0
1500.0 83.689690 -16.615794 17.229832 0.476931 -0.227965 375.482 0 0
1500.0 24.216980 -34.182910 16.799272 -0.530084 -0.520913 375.514 0 0
1500.0 43.881287 17.820870 17.110025 -0.280564 0.342838 375.607 0 0
1500.0 -69.658464 -37.203778 16.939016 -1.943595 -0.628423 375.743 0 0
1500.0 3.092505 19.721378 16.901769 -0.812167 0.263737 375.778 0 0
1500.0 128.244338 -16.660376 16.911020 1.016562 -0.208880 375.818 0 0
1500.0 112.957204 -24.589794 16.857044 0.754836 -0.355398 375.857 0 0
1500.0 104.993729 -34.309800 17.006350 0.733390 -0.478123 375.907 0 0
1500.0 146.915159 -33.457111 16.917669 1.404580 -0.518141 375.966 0 0
1500.0 70.110051 57.810241 17.346129 0.162408 0.964854 376.121 0 0
1500.0 50.283129 -17.037639 17.144140 -0.133863 -0.215753 376.223 0 0
1500.0 198.446348 -55.440509 17.233160 2.359227 -0.997595 376.347 0 0
1500.0 57.967977 29.564324 17.588910 0.005224 0.486208 376.401 0 0
1500.0 47.835354 35.092570 17.103792 -0.160697 0.530650 376.500 0 0
1500.0 128.965016 18.507578 16.940971 1.015758 0.257907 376.587 0 0
1500.0 59.560846 3.064338 17.301497 0.074575 0.111321 376.746 0 0
1500.0 24.703216 30.757181 17.113360 -0.479002 0.468269 376.853 0 0
1500.0 25.440643 -3.764671 16.923710 -0.484095 -0.114659 376.946 0 0
1500.0 60.128816 -27.417031 17.149764 -0.003024 -0.462445 377.003 0 0
1500.0 66.134329 6.049126 16.998699 0.116668 0.154637 377.286 0 0
1500.0 44.807931 -21.776075 16.993063 -0.235119 -0.274286 377.420 0 0
1500.0 29.914120 -17.885145 17.078473 -0.481124 -0.316677 377.415 0 0
1500.0 130.016598 1.195620 17.710436 1.348816 0.020181 377.439 0 0
1500.0 94.126520 -62.156721 16.883449 0.504525 -0.870430 377.499 0 0
1500.0 -1.603786 -0.955434 16.982539 -0.891106 0.044599 377.494 0 0
1500.0 27.773170 -39.752060 17.259394 -0.450729 -0.660626 377.643 0 0
1500.0 35.480544 22.387366 17.009729 -0.313293 0.382458 377.729 0 0
1500.0 44.697920 15.462842 17.082312 -0.182593 0.242450 378.153 0 0
1500.0 -84.776315 -0.589091 16.878799 -1.994065 0.038082 378.164 0 0
1500.0 35.021434 39.637197 17.014345 -0.368473 0.582420 378.237 0 0
1500.0 9.899236 22.747526 17.042491 -0.714472 0.297262 378.361 0 0
1500.0 81.243607 69.247809 16.910338 0.327773 0.993080 378.430 0 0
1500.0 133.043026 -6.162645 17.148120 1.133159 -0.100529 378.499 0 0
1500.0 94.931810 -60.144160 16.902079 0.538864 -0.808856 378.667 0 0
1500.0 75.709091 7.459070 17.243185 0.299620 0.133187 378.732 0 0
1500.0 19.863331 56.575711 16.983841 -0.508898 0.799632 378.820 0 0
1500.0 84.801330 12.635679 17.058416 0.455247 0.150383 378.853 0 0
1500.0 86.710729 7.865335 17.137670 0.465233 0.057273 378.901 0 0
1500.0 67.965823 0.203007 17.151975 0.165764 0.072992 378.916 0 0
1500.0 119.076881 -18.282584 17.055022 0.867994 -0.314633 379.034 0 0
1500.0 6.261031 26.524785 17.036766 -0.759876 0.395824 379.026 0 0
1500.0 46.121448 -6.194346 17.510920 -0.219718 -0.152135 379.028 0 0
1500.0 92.968496 3.637036 17.039614 0.491830 0.000640 379.103 0 0
1500.0 93.865288 12.512731 17.065920 0.579886 0.148037 379.153 0 0
1500.0 122.305781 -55.998774 17.058149 0.999672 -0.838119 379.148 0 0
1500.0 26.265698 48.999783 17.032855 -0.421935 0.754237 379.202 0 0
1500.0 100.421174 47.992861 17.059892 0.658251 0.670260 379.445 0 0
1500.0 34.859434 31.353519 17.006294 -0.379688 0.398381 379.460 0 0
1500.0 85.790588 -7.663036 17.639601 0.477749 -0.097194 379.496 0 0
1500.0 127.036602 12.224728 17.088671 1.010534 0.173172 379.504 0 0
1500.0 48.942760 -42.084945 17.389507 -0.147892 -0.677772 379.711 0 0
1500.0 56.230651 -21.559614 17.401977 0.035766 -0.366299 379.784 0 0
1500.0 129.024915 -11.746908 17.869027 1.422820 -0.241501 379.843 0 0
1500.0 76.430203 3.804405 18.655561 0.461662 0.048579 379.971 0 0
1500.0 103.290224 -40.743666 16.997857 0.646788 -0.527739 379.978 0 0
1500.0 79.845290 17.866647 17.214543 0.315592 0.281485 379.991 0 0
1500.0 78.288755 29.235779 17.013751 0.258804 0.476015 380.101 0 0
1500.0 97.586560 -14.289227 18.322261 0.733751 -0.222949 380.278 0 0
1500.0 115.247389 43.352134 16.983118 0.764557 0.630422 380.278 0 0
1500.0 111.772231 -18.003766 17.096141 0.817169 -0.273750 380.268 0 0
1500.0 58.205647 25.303336 17.208501 -0.008524 0.415844 380.441 0 0
1500.0 23.247996 -13.907813 17.130944 -0.539176 -0.188869 380.499 0 0
1500.0 92.798491 -5.203356 17.660647 0.558584 -0.087056 380.572 0 0
1500.0 116.599127 27.480422 17.036881 0.824101 0.349499 380.576 0 0
1500.0 88.030152 -5.386035 17.288306 0.456917 -0.152387 380.770 0 0
1500.0 73.699481 21.410613 17.116765 0.162157 0.319876 380.793 0 0
1500.0 19.940362 118.594550 16.996875 -0.597934 1.708348 380.824 0 0
1500.0 69.623657 -13.675185 17.696013 0.212712 -0.243976 380.939 0 0
1500.0 69.812476 -7.609593 18.287229 0.322347 -0.180143 381.043 0 0
1500.0 96.145813 3.918703 17.330413 0.615877 0.043524 381.128 0 0
1500.0 70.975519 28.464794 17.225718 0.226291 0.400981 381.225 0 0
1500.0 99.279124 10.385260 17.311708 0.611390 0.127493 381.208 0 0
1500.0 28.222658 59.666348 17.105430 -0.421433 0.874695 381.379 0 0
1500.0 94.356447 -22.644447 17.343581 0.584531 -0.364898 381.400 0 0
1500.0 49.766950 -10.197290 17.203201 -0.165136 -0.155024 381.454 0 0
1500.0 -0.575017 28.580101 17.148434 -0.857066 0.483255 381.466 0 0
1500.0 125.367920 28.130958 17.115891 0.943348 0.436616 381.663 0 0
1500.0 89.419213 43.772272 17.278720 0.547939 0.732546 381.664 0 0
1500.0 11.519415 -42.375633 17.050404 -0.717476 -0.653516 381.682 0 0
1500.0 101.801623 -15.313348 17.944062 0.745596 -0.244813 381.753 0 0
1500.0 92.745217 20.175641 17.253821 0.521137 0.260670 381.825 0 0
1500.0 51.784750 -10.440845 17.241688 -0.092195 -0.211724 381.849 0 0
1500.0 69.871622 62.210137 17.541672 0.238830 1.022197 381.854 0 0
1500.0 58.701386 12.144743 17.183580 -0.067031 0.191392 381.915 0 0
1500.0 85.680283 -13.663702 17.407156 0.458966 -0.265732 382.148 0 0
1500.0 96.561002 -28.602405 17.104226 0.587103 -0.454207 382.192 0 0
1500.0 103.853072 -8.018178 17.254203 0.686187 -0.175822 382.231 0 0
1500.0 72.994860 31.934908 17.149353 0.260831 0.507896 382.258 0 0
1500.0 86.747606 0.627520 18.062913 0.551709 -0.068167 382.259 0 0
1500.0 23.412772 62.304495 17.128762 -0.495601 0.916271 382.338 0 0
1500.0 78.603074 14.870697 17.345654 0.292669 0.246167 382.496 0 0
1500.0 0.942393 46.479004 17.100659 -0.816233 0.655073 382.527 0 0
1500.0 32.435709 51.105343 17.185733 -0.393064 0.835264 382.492 0 0
1500.0 64.499090 51.408747 17.342693 0.093911 0.767143 382.543 0 0
1500.0 86.430768 -20.994963 17.273203 0.440229 -0.271833 382.562 0 0
1500.0 112.034545 17.810487 17.113784 0.799017 0.193007 382.568 0 0
1500.0 50.765663 28.813070 17.240059 -0.164150 0.434601 382.554 0 0
1500.0 -3.620712 40.622309 17.105549 -0.875652 0.575645 382.666 0 0
1500.0 132.509467 21.092599 17.237802 1.134245 0.361051 382.808 0 0
1500.0 82.879186 -28.112472 17.142370 0.338192 -0.479635 382.871 0 0
1500.0 99.578759 30.549921 17.168159 0.628120 0.482936 383.060 0 0
1500.0 80.679995 1.551902 18.791257 0.494818 0.063388 383.097 0 0
1500.0 151.439345 -80.410098 17.078286 1.261878 -1.157929 383.181 0 0
1500.0 78.659366 12.453905 18.277968 0.409192 0.202122 383.308 0 0
1500.0 69.302531 11.286665 17.493119 0.240685 0.163282 383.411 0 0
1500.0 66.001066 0.676111 17.208904 0.066826 0.051014 383.398 0 0
1500.0 103.559875 -6.397365 17.149897 0.707779 -0.055225 383.434 0 0
1500.0 20.677049 17.160386 17.229628 -0.626720 0.335180 383.536 0 0
1500.0 119.125368 -25.952676 17.144431 0.883886 -0.408708 383.680 0 0
1500.0 110.455431 30.200554 17.308272 0.795982 0.453775 383.743 0 0
1500.0 43.593298 -28.975298 17.515939 -0.209984 -0.432602 383.752 0 0
1500.0 47.172097 -30.315565 17.515851 -0.160307 -0.451236 383.747 0 0
1500.0 99.905167 5.208398 17.218993 0.602559 0.077318 383.941 0 0
1500.0 62.964673 -68.563093 17.151766 0.115087 -0.988355 383.928 0 0
1500.0 82.318603 -5.745704 17.824978 0.413027 -0.145320 384.061 0 0
1500.0 101.945226 29.935546 17.193701 0.700793 0.411727 384.047 0 0
1500.0 60.644755 9.393531 17.838099 0.067171 0.156834 384.226 0 0
1500.0 81.058182 38.710597 17.225727 0.279091 0.588720 384.310 0 0
1500.0 33.980092 43.397976 17.377069 -0.325260 0.671093 384.764 0 0
1500.0 43.541515 18.285793 17.635258 -0.198526 0.273107 384.903 0 0
1500.0 26.172762 -68.882110 17.438520 -0.525700 -1.169738 384.929 0 0
1500.0 123.784924 -31.277894 17.184290 0.931225 -0.473228 384.968 0 0
1500.0 76.568544 -8.349005 17.476206 0.337797 -0.113991 384.987 0 0
1500.0 54.642228 6.610984 17.366234 -0.015889 0.146819 384.997 0 0
1500.0 57.684438 2.021585 18.163741 0.068993 0.059423 385.158 0 0
1500.0 56.948064 8.852871 18.050401 -0.012018 0.094511 385.325 0 0
1500.0 40.604433 53.185358 17.250326 -0.324345 0.791270 385.494 0 0
1500.0 44.901209 -60.469842 17.231454 -0.181582 -0.854114 385.945 0 0
1500.0 63.814167 -16.108257 17.920627 0.157448 -0.302566 385.939 0 0
1500.0 79.949774 16.071500 18.034255 0.366147 0.270587 386.076 0 0
1500.0 109.076295 21.908601 17.636320 0.912136 0.355880 386.122 0 0
1500.0 110.226790 -51.408759 17.255888 0.831363 -0.793587 386.229 0 0
1500.0 74.741705 -10.379598 17.548527 0.307691 -0.139616 386.274 0 0
1500.0 17.095653 -30.638285 17.216636 -0.648488 -0.410830 386.413 0 0
1500.0 63.319633 -21.471831 17.414350 0.129931 -0.314207 386.717 0 0
1500.0 119.012896 -36.351418 17.246754 0.846752 -0.528760 386.752 0 0
1500.0 71.307705 7.537014 17.686368 0.302073 0.152277 386.751 0 0
1500.0 34.546367 37.915231 17.313392 -0.312052 0.538410 386.865 0 0
1500.0 95.019532 5.256125 17.313054 0.590509 0.023643 386.918 0 0
1500.0 13.749857 -49.747945 17.271485 -0.638364 -0.752352 387.181 0 0
1500.0 69.802979 2.397367 17.754097 0.243542 -0.036039 387.250 0 0
1500.0 25.756198 14.646826 17.506810 -0.491676 0.194344 387.284 0 0
1500.0 77.431662 0.014852 17.913353 0.400323 -0.057134 387.646 0 0
1500.0 -29.178531 -27.632318 17.281803 -1.334121 -0.411370 387.644 0 0
1500.0 111.795884 49.128750 17.264635 0.788914 0.674883 387.732 0 0
1500.0 17.834650 -58.167055 17.251105 -0.617831 -0.824420 387.884 0 0
1500.0 109.829476 -11.235803 17.616543 0.826160 -0.191252 388.010 0 0
1500.0 117.768528 7.748363 17.414573 0.908100 0.061839 388.024 0 0
1500.0 89.288827 2.377251 17.308317 0.439321 -0.014391 388.272 0 0
1500.0 80.435370 0.803976 17.663652 0.422002 -0.037387 388.206 0 0
1500.0 90.763698 7.763082 17.654147 0.570771 0.148724 388.305 0 0
1500.0 99.164787 55.975256 17.292605 0.604278 0.770399 388.320 0 0
1500.0 79.702744 -29.331638 17.357188 0.389104 -0.402866 388.354 0 0
1500.0 106.812841 -14.091078 17.570216 0.749650 -0.261680 388.471 0 0
1500.0 59.114900 -17.217196 17.583852 -0.000645 -0.250923 388.561 0 0
1500.0 99.345134 17.543871 17.832212 0.687978 0.281756 388.556 0 0
1500.0 51.259474 40.393285 17.311805 -0.055833 0.570973 388.578 0 0
1500.0 80.225015 -37.973280 17.496866 0.398222 -0.582484 388.670 0 0
1500.0 75.149489 23.530989 18.296155 0.385567 0.383055 388.958 0 0
1500.0 33.707778 -17.277112 17.440260 -0.391288 -0.209859 389.130 0 0
1500.0 89.171214 -1.075360 18.034674 0.595991 -0.023974 389.240 0 0
1500.0 63.895277 50.926479 17.321345 0.017820 0.742441 389.219 0 0
1500.0 124.977422 1.445172 19.381000 1.621185 0.045943 389.246 0 0
1500.0 73.364697 -11.506086 18.731844 0.345524 -0.193046 389.300 0 0
1500.0 63.836047 8.248694 17.308605 0.061544 0.189639 389.305 0 0
1500.0 13.044893 6.748992 17.523051 -0.699698 0.053626 389.365 0 0
1500.0 109.231225 20.201883 17.471074 0.756684 0.354074 389.784 0 0
1500.0 99.692017 14.186791 18.043872 0.735099 0.184590 389.797 0 0
1500.0 123.415281 5.939928 17.521713 1.034190 0.047056 389.894 0 0
1500.0 33.575266 4.157755 17.510475 -0.374715 0.005955 390.156 0 0
1500.0 50.030462 -25.966047 17.507374 -0.074752 -0.410750 390.233 0 0
1500.0 -6.868334 -22.006135 17.321733 -0.927621 -0.315187 390.300 0 0
1500.0 77.949871 -15.649866 17.510520 0.295395 -0.273474 390.333 0 0
1500.0 -40.298211 98.911441 17.288539 -1.409339 1.428272 390.467 0 0
1500.0 86.104871 -45.278836 17.346217 0.452549 -0.696999 390.491 0 0
1500.0 111.037751 -47.907419 17.391815 0.779150 -0.701051 390.571 0 0
1500.0 45.755907 -37.286599 17.517115 -0.197854 -0.586226 390.685 0 0
1500.0 31.620711 -23.645891 17.391846 -0.443052 -0.357141 390.657 0 0
1500.0 -92.149059 -40.329559 17.771428 -2.675787 -0.664698 390.664 0 0
1500.0 116.260595 6.982170 17.350997 0.878802 0.047633 390.772 0 0
1500.0 -4.767507 -21.340073 17.350124 -0.943567 -0.285225 390.781 0 0
1500.0 84.806590 -23.565837 18.413057 0.501553 -0.385000 390.880 0 0
1500.0 91.625396 39.087671 17.798675 0.566334 0.613957 390.874 0 0
1500.0 117.876897 12.799356 17.308622 0.912010 0.202569 390.844 0 0
1500.0 65.602215 -22.443152 17.420026 0.063679 -0.334720 391.073 0 0
1500.0 44.064843 -74.439385 17.341936 -0.239294 -1.034751 391.268 0 0
1500.0 127.587128 -13.991946 17.437673 1.030635 -0.190791 391.340 0 0
1500.0 117.676980 29.066353 17.487822 0.968330 0.482232 391.325 0 0
1500.0 107.505292 -46.603810 17.521720 0.788165 -0.797062 391.386 0 0
1500.0 31.773455 -44.422502 17.425833 -0.357039 -0.647656 391.444 0 0
1500.0 109.592514 7.750467 17.542777 0.824359 0.103505 391.463 0 0
1500.0 76.556954 29.184301 17.592644 0.286537 0.427372 391.503 0 0
1500.0 55.028706 -48.513908 17.435147 -0.089851 -0.733268 391.517 0 0
1500.0 64.452836 -2.868394 17.425489 0.126528 -0.109712 391.545 0 0
1500.0 70.194493 1.239626 17.540564 0.161279 0.077517 391.584 0 0
1500.0 122.601116 -3.396243 17.453449 0.931603 -0.072203 391.602 0 0
1500.0 23.728312 -12.322949 17.353920 -0.532437 -0.240036 391.627 0 0
1500.0 103.072623 -1.675992 17.564357 0.735806 -0.079787 391.652 0 0
1500.0 104.935266 2.138432 17.573861 0.751653 0.096268 391.805 0 0
1500.0 98.247621 4.518587 17.367452 0.648254 0.085470 391.816 0 0
1500.0 71.635991 -62.897362 17.398513 0.159983 -0.943827 392.023 0 0
1500.0 99.417284 9.890996 17.535973 0.669161 0.097672 391.988 0 0
1500.0 63.455149 46.372756 17.953617 0.119963 0.755774 392.026 0 0
1500.0 56.630884 26.656791 17.623613 0.006783 0.451800 392.242 0 0
1500.0 111.588413 22.195598 17.482002 0.834019 0.330938 392.528 0 0
1500.0 105.404257 33.623585 17.470175 0.732046 0.521491 392.773 0 0
1500.0 128.525302 7.289098 17.476072 1.114203 0.051505 392.782 0 0
1500.0 87.703465 17.549388 17.488916 0.392114 0.301553 392.819 0 0
1500.0 109.052196 36.791866 17.739082 0.811402 0.609355 392.833 0 0
1500.0 127.331355 1.122234 17.424560 1.034686 0.002207 392.904 0 0
1500.0 83.720258 -67.096714 17.405832 0.336867 -0.976036 392.936 0 0
1500.0 8.915120 66.841783 18.038575 -0.860102 1.248626 393.243 0 0
1500.0 131.439247 -27.935661 17.879362 1.223739 -0.483769 393.334 0 0
1500.0 134.613960 5.450749 17.668919 1.198572 0.125004 393.377 0 0
1500.0 80.244704 -63.803493 17.404293 0.350048 -0.898166 393.572 0 0
1500.0 81.034637 -10.871687 18.781172 0.520854 -0.204127 393.665 0 0
1500.0 22.477525 32.100817 17.734267 -0.553361 0.514117 393.789 0 0
1500.0 20.540900 12.788586 17.545942 -0.616534 0.256559 393.809 0 0
1500.0 63.460889 -26.929958 17.870863 0.152024 -0.448382 393.830 0 0
1500.0 93.338935 7.847153 17.781398 0.533008 0.179692 393.866 0 0
1500.0 79.401472 -6.864546 19.130266 0.530371 -0.148910 394.099 0 0
1500.0 91.824559 -0.535608 17.747613 0.574302 -0.055451 394.205 0 0
1500.0 81.580166 -19.928787 17.461041 0.414544 -0.267853 394.287 0 0
1500.0 115.928070 -26.347363 17.477786 0.885467 -0.343887 394.356 0 0
1500.0 88.160571 5.706402 18.026816 0.508226 0.054565 394.399 0 0
1500.0 107.528376 55.824851 17.733854 0.813405 1.015544 394.453 0 0
1500.0 120.043963 -22.754440 17.413494 0.881077 -0.349024 394.550 0 0
1500.0 115.692068 27.983152 17.481958 0.879481 0.416101 394.573 0 0
1500.0 82.183903 -32.765825 17.464578 0.421402 -0.451702 394.595 0 0
1500.0 95.998930 -25.665293 17.885479 0.657093 -0.460981 394.632 0 0
1500.0 96.051590 -14.840282 17.465752 0.620436 -0.193042 394.692 0 0
1500.0 62.078175 21.150760 17.562711 0.003006 0.291051 394.994 0 0
1500.0 47.686517 30.480897 18.183356 -0.140572 0.542051 395.023 0 0
1500.0 88.528202 60.799857 17.431910 0.388267 0.880301 395.253 0 0
1500.0 103.270201 18.479925 17.706479 0.683151 0.330222 395.198 0 0
1500.0 -30.038958 23.704687 17.479757 -1.313444 0.336551 395.235 0 0
1500.0 59.067208 16.167564 18.119375 0.076819 0.290187 395.300 0 0
1500.0 36.595469 60.625955 17.441346 -0.307940 0.874277 395.567 0 0
1500.0 101.968132 -35.889404 17.808325 0.784014 -0.696160 395.568 0 0
1500.0 96.516749 -32.090150 17.905621 0.630546 -0.505049 395.600 0 0
1500.0 73.157821 -84.458001 17.433870 0.281733 -1.205297 395.636 0 0
1500.0 94.602612 0.756323 17.763339 0.563021 -0.018417 395.646 0 0
1500.0 76.453084 9.031188 18.695012 0.375905 0.166893 395.660 0 0
1500.0 95.114710 42.891116 18.191031 0.651501 0.740487 395.715 0 0
1500.0 58.524297 -57.361400 17.689749 0.016406 -0.870001 395.822 0 0
1500.0 127.469094 13.716930 17.511268 1.024590 0.212786 395.929 0 0
1500.0 84.301379 24.716556 17.450527 0.333067 0.387293 395.996 0 0
1500.0 43.674039 -29.878410 17.508551 -0.197716 -0.451533 396.147 0 0
1500.0 72.009572 8.313948 18.679143 0.365463 0.121158 396.345 0 0
1500.0 11.199341 0.925034 17.504357 -0.728643 0.053501 396.387 0 0
1500.0 92.759067 44.543202 17.469315 0.438044 0.651478 396.450 0 0
1500.0 57.499209 54.042308 17.470571 -0.028017 0.776648 396.489 0 0
1500.0 88.090520 -45.807822 17.494568 0.495121 -0.686203 396.526 0 0
1500.0 97.557321 -35.438354 17.583390 0.605183 -0.609496 396.613 0 0
1500.0 43.086544 48.861858 17.476253 -0.217938 0.706606 396.660 0 0
1500.0 65.602471 35.422428 17.620580 0.060856 0.538446 396.660 0 0
1500.0 111.804828 13.636250 17.462643 0.832920 0.220374 396.702 0 0
1500.0 107.448810 -31.043283 17.569513 0.704324 -0.449796 396.747 0 0
1500.0 59.154842 -16.097879 17.537917 -0.046260 -0.261278 396.773 0 0
1500.0 119.893709 8.640295 17.542997 0.944886 0.095583 396.865 0 0
1500.0 20.566892 13.834939 17.622908 -0.586514 0.226445 396.890 0 0
1500.0 102.752828 -2.556832 17.609122 0.771722 -0.041149 396.968 0 0
1500.0 105.249102 44.186578 17.531576 0.701648 0.644119 397.135 0 0
1500.0 118.040842 -19.517985 17.471887 0.914116 -0.250952 397.304 0 0
1500.0 27.839252 27.909258 17.496141 -0.400122 0.462405 397.300 0 0
1500.0 83.699513 -7.718734 17.586838 0.450286 -0.071392 397.351 0 0
1500.0 101.749369 -34.467555 17.825308 0.718557 -0.508680 397.467 0 0
1500.0 82.823503 -21.181901 17.848084 0.352532 -0.355586 397.598 0 0
1500.0 51.977250 63.707518 17.521879 -0.139979 0.939334 397.621 0 0
1500.0 112.516050 -19.575158 17.494355 0.781854 -0.235448 397.701 0 0
1500.0 44.706294 49.493859 17.509658 -0.206870 0.780563 397.757 0 0
1500.0 -9.884106 -0.522869 17.601222 -0.999996 -0.022254 397.769 0 0
1500.0 39.665059 -6.701638 17.532539 -0.327548 -0.139507 397.833 0 0
1500.0 68.873327 -15.198760 17.634433 0.186692 -0.252039 397.964 0 0
1500.0 123.462194 -15.838999 17.517737 0.980012 -0.253705 397.928 0 0
1500.0 15.280647 -20.260264 17.595779 -0.601525 -0.302119 397.993 0 0
1500.0 101.318455 17.553215 17.897249 0.730324 0.246845 397.978 0 0
1500.0 80.304407 65.890932 17.486378 0.375428 0.947393 398.124 0 0
1500.0 87.754658 -7.284885 17.906102 0.493167 -0.091974 398.146 0 0
1500.0 94.129888 0.886737 18.737771 0.729417 -0.030515 398.186 0 0
1500.0 27.876018 -29.142040 17.603800 -0.435641 -0.416873 398.228 0 0
1500.0 125.819250 -13.321023 17.488057 1.011254 -0.161135 398.212 0 0
1500.0 -9.500498 -9.129157 17.531818 -1.000147 -0.088716 398.200 0 0
1500.0 -4.403372 -0.870009 17.640828 -0.926800 0.014836 398.282 0 0
1500.0 103.330953 -29.038213 17.522142 0.660070 -0.363433 398.273 0 0
1500.0 125.990978 14.091204 17.492443 1.010495 0.221389 398.435 0 0
1500.0 26.580227 63.780354 17.481548 -0.483990 0.929861 398.512 0 0
1500.0 116.595079 -7.020440 18.309007 1.114448 -0.168914 398.730 0 0
1500.0 67.163370 13.757740 18.397871 0.245517 0.225436 398.746 0 0
1500.0 79.790576 15.595646 17.624283 0.396118 0.195919 398.753 0 0
1500.0 69.845281 71.710159 17.483417 0.226977 1.019614 398.771 0 0
1500.0 98.766567 14.880908 18.325985 0.688910 0.291857 398.914 0 0
1500.0 60.678946 -15.135860 17.604702 -0.008330 -0.232271 398.949 0 0
1500.0 93.537952 -13.368783 17.682100 0.532211 -0.212268 399.013 0 0
1500.0 24.415846 17.547916 17.705137 -0.516659 0.292026 399.031 0 0
1500.0 105.684967 14.535143 18.940950 1.029462 0.219432 399.039 0 0
1500.0 61.563960 10.437512 17.505738 0.105662 0.158104 399.331 0 0
1500.0 74.972709 71.197043 17.466480 0.295626 1.004086 399.374 0 0
1500.0 83.146992 34.217215 17.856087 0.421420 0.553030 399.372 0 0
1500.0 11.909398 52.010573 17.497143 -0.625562 0.768156 399.414 0 0
1500.0 100.475429 42.016908 17.473674 0.637441 0.661593 399.439 0 0
1500.0 27.298255 -47.397167 17.500318 -0.496909 -0.718331 399.436 0 0
1500.0 71.769027 -70.855976 17.448551 0.254389 -1.009054 399.489 0 0
1500.0 128.285304 3.036451 17.448551 1.041552 0.020872 399.529 0 0
1500.0 48.136742 -75.502876 17.506691 -0.088221 -1.173603 399.523 0 0
1500.0 86.249638 -10.473889 18.653309 0.556828 -0.205946 399.683 0 0
1500.0 -89.903134 133.234507 17.567297 -2.314414 2.069222 399.672 0 0
1500.0 124.585119 -18.056470 17.531964 0.996369 -0.213633 399.718 0 0
1500.0 60.787042 -56.035253 17.601915 0.015900 -0.853641 399.742 0 0
1500.0 -5.228262 28.777277 17.496675 -0.921050 0.491873 399.749 0 0
1500.0 112.628904 9.264236 17.686141 0.889578 0.098291 399.968 0 0
1500.0 82.276559 -1.196889 18.434520 0.527570 0.001049 400.032 0 0
1500.0 3.378751 36.634240 17.604766 -0.811478 0.623642 400.144 0 0
1500.0 107.021622 4.901971 17.790966 0.800969 0.093465 400.217 0 0
1500.0 70.027632 44.340780 17.700852 0.151316 0.710122 400.264 0 0
1500.0 100.817647 0.534678 17.536894 0.694385 -0.045849 400.272 0 0
1500.0 75.317288 64.496627 17.440056 0.275342 0.969878 400.320 0 0
1500.0 113.555496 -5.586672 17.725792 0.891584 -0.034317 400.457 0 0
1500.0 50.465684 61.561990 17.466880 -0.092472 0.886656 400.477 0 0
1500.0 75.278374 -60.974422 17.609760 0.302170 -1.002905 400.544 0 0
1500.0 35.075510 -59.491455 17.568356 -0.369937 -0.917278 400.635 0 0
1500.0 75.857169 -38.543761 17.440474 0.291393 -0.625818 400.746 0 0
1500.0 -2.727886 22.566253 17.469126 -0.916609 0.280206 400.776 0 0
1500.0 100.668160 38.040721 17.479952 0.631310 0.522188 400.808 0 0
1500.0 110.941950 -19.560678 17.479099 0.766355 -0.239599 400.895 0 0
1500.0 128.090939 7.641233 17.408559 1.007927 0.067251 401.026 0 0
1500.0 53.435346 -44.502913 17.531008 -0.125893 -0.659738 401.104 0 0
1500.0 67.356878 37.779028 17.714495 0.172516 0.613537 401.138 0 0
1500.0 81.676979 -3.552619 19.307565 0.576191 -0.121658 401.241 0 0
1500.0 61.029327 -18.099032 17.603969 0.110936 -0.267647 401.304 0 0
1500.0 90.019225 -12.066654 18.423201 0.636882 -0.159843 401.300 0 0
1500.0 63.447334 2.615799 17.811410 0.063441 0.004442 401.322 0 0
1500.0 90.036163 8.258516 18.824537 0.670295 0.084012 401.401 0 0
1500.0 53.274544 -71.743045 17.428710 -0.121943 -1.037129 401.417 0 0
1500.0 74.196704 6.754725 17.652719 0.330203 0.127523 401.403 0 0
1500.0 67.208540 -54.267823 17.408831 0.163618 -0.845516 401.504 0 0
1500.0 112.051007 38.059771 17.436713 0.807414 0.592739 401.539 0 0
1500.0 93.822754 -4.248232 18.818443 0.719083 -0.082407 401.574 0 0
1500.0 84.798655 2.565726 17.551118 0.468400 -0.001317 401.628 0 0
1500.0 -56.846332 -51.476250 17.471979 -1.731524 -0.822936 401.744 0 0
1500.0 79.219026 -51.192124 17.521784 0.291240 -0.799285 401.785 0 0
1500.0 66.235783 23.557604 17.687220 0.198811 0.401918 401.825 0 0
1500.0 100.781718 16.952343 17.452799 0.676589 0.200879 401.890 0 0
1500.0 86.494132 -16.301170 18.309929 0.540634 -0.299301 402.140 0 0
1500.0 96.309341 -16.593768 17.849714 0.593674 -0.317094 402.188 0 0
1500.0 83.371818 -67.692566 17.416700 0.320657 -0.990751 402.254 0 0
1500.0 37.974762 7.839363 17.451122 -0.362030 0.097514 402.238 0 0
1500.0 100.707226 3.459452 18.562481 0.793118 0.042230 402.260 0 0
1500.0 47.514103 -39.479864 17.555951 -0.103557 -0.638357 402.342 0 0
1500.0 50.701094 -1.266579 17.567779 -0.105395 -0.089496 402.352 0 0
1500.0 70.786994 3.075455 17.400761 0.246268 0.002856 402.441 0 0
1500.0 69.475307 7.452627 17.724829 0.143998 0.139195 402.769 0 0
1500.0 28.407588 -4.236129 17.808050 -0.505122 -0.040650 402.740 0 0
1500.0 98.162687 -4.701928 17.385822 0.586699 -0.038174 402.835 0 0
1500.0 124.131722 -17.398477 17.376164 0.964643 -0.248368 402.928 0 0
1500.0 122.487761 -47.515548 17.812433 1.111285 -0.804620 403.063 0 0
1500.0 51.648091 -70.093666 17.380340 -0.141255 -0.990978 403.101 0 0
1500.0 106.994611 3.930341 17.942709 0.824831 0.074789 403.124 0 0
1500.0 21.376921 -55.956921 17.436793 -0.576117 -0.810566 403.130 0 0
1500.0 68.110784 -16.064560 17.456362 0.200032 -0.228032 403.222 0 0
1500.0 98.837761 6.354329 17.570913 0.596124 0.131258 403.232 0 0
1500.0 90.205014 45.912617 17.401664 0.539630 0.649774 403.345 0 0
1500.0 122.647633 -28.022199 17.493371 1.105947 -0.425949 403.530 0 0
1500.0 60.822719 24.376873 17.575995 0.103502 0.360940 403.560 0 0
1500.0 43.823282 -21.484968 17.430122 -0.206299 -0.339100 403.592 0 0
1500.0 51.740073 27.240993 17.873173 -0.136387 0.577578 403.656 0 0
1500.0 94.655661 -0.813373 18.614461 0.715169 -0.043313 403.657 0 0
1500.0 132.133147 -10.575667 17.797974 1.373008 -0.202924 403.822 0 0
1500.0 67.980720 -2.388688 17.544484 0.150092 -0.106400 403.827 0 0
1500.0 48.200335 -19.391747 17.612612 -0.181521 -0.257606 403.935 0 0
1500.0 114.722909 31.123557 17.577667 0.885461 0.464063 404.074 0 0
1500.0 68.030682 -8.642829 17.739869 0.227020 -0.135767 404.144 0 0
1500.0 57.964190 -56.446954 17.527792 0.001019 -0.874833 404.172 0 0
1500.0 60.441726 14.048584 17.962590 0.119436 0.271311 404.197 0 0
1500.0 29.802001 36.759519 17.491608 -0.451112 0.574722 404.200 0 0
1500.0 103.835961 -10.295304 18.037342 0.790678 -0.164352 404.231 0 0
1500.0 86.109314 -51.018196 17.529261 0.402156 -0.796124 404.279 0 0
1500.0 64.356603 -3.584286 18.160920 0.160551 -0.106283 404.432 0 0
1500.0 103.795008 -25.875000 17.448181 0.630614 -0.405352 404.509 0 0
1500.0 138.982612 15.993342 17.618663 1.318921 0.211060 404.526 0 0
1500.0 81.391130 23.142858 17.980854 0.415747 0.398079 404.536 0 0
1500.0 87.623087 9.035328 17.525757 0.529423 0.171126 404.551 0 0
1500.0 90.498735 13.249625 18.049931 0.622761 0.163537 404.814 0 0
1500.0 108.426384 -15.625327 17.599644 0.793605 -0.221627 404.848 0 0
1500.0 116.416249 14.668569 18.662280 1.156198 0.291280 404.844 0 0
1500.0 32.583211 -72.948130 17.481232 -0.360977 -1.135520 404.933 0 0
1500.0 103.933038 -50.982195 17.483833 0.777019 -0.763189 405.000 0 0
1500.0 41.310359 -18.500423 17.779067 -0.284267 -0.362090 405.007 0 0
1500.0 72.053048 27.055359 17.767314 0.189713 0.424218 405.103 0 0
1500.0 87.002962 -3.250682 17.539655 0.492480 -0.098614 405.142 0 0
1500.0 40.665851 -2.649435 17.535846 -0.292159 0.012697 405.138 0 0
1500.0 73.070645 1.592633 17.735112 0.316069 0.070234 405.210 0 0
1500.0 84.435578 3.676092 18.448618 0.563940 0.020943 405.252 0 0
1500.0 93.298030 11.074505 18.125843 0.579168 0.181332 405.350 0 0
1500.0 44.429317 2.918550 17.618757 -0.206155 -0.022601 405.338 0 0
1500.0 138.695081 27.603354 17.623631 1.331333 0.475282 405.380 0 0
1500.0 18.308933 -2.056403 17.436725 -0.575404 -0.064280 405.520 0 0
1500.0 34.555855 -3.616006 17.658307 -0.360013 -0.106407 405.540 0 0
1500.0 66.771691 -11.364721 18.258111 0.188247 -0.286922 405.625 0 0
1500.0 127.973177 37.341744 17.434007 1.083449 0.555870 405.730 0 0
1500.0 17.558779 -20.877093 17.492569 -0.581194 -0.368698 405.768 0 0
1500.0 11.937421 -27.738547 17.529308 -0.713574 -0.429439 405.921 0 0
1500.0 90.327894 -23.901212 17.623560 0.461751 -0.411413 406.043 0 0
1500.0 81.452844 -42.341896 17.497870 0.330488 -0.671996 406.139 0 0
1500.0 142.848040 -3.595508 17.688265 1.365956 -0.028795 406.135 0 0
1500.0 138.019877 35.352738 17.637011 1.342352 0.525040 406.301 0 0
1500.0 58.609492 -60.911179 17.401656 -0.066985 -0.887979 406.353 0 0
1500.0 49.726448 -45.498416 17.626854 -0.126517 -0.720769 406.419 0 0
1500.0 61.794718 -18.845162 18.090272 0.118565 -0.300290 406.555 0 0
1500.0 30.244207 45.761627 17.548092 -0.436142 0.709608 406.588 0 0
1500.0 73.952724 40.525558 17.550406 0.240538 0.661901 406.701 0 0
1500.0 80.080809 -48.422607 17.630715 0.309703 -0.758773 406.801 0 0
1500.0 17.473976 18.611194 17.475395 -0.649665 0.229959 406.847 0 0
1500.0 91.480651 -6.930285 18.330933 0.576764 -0.122824 406.911 0 0
1500.0 81.810438 11.525907 17.480089 0.354060 0.203121 406.924 0 0
1500.0 123.030931 -28.037611 17.561095 0.986630 -0.462876 406.995 0 0
1500.0 76.976865 13.600593 17.825725 0.307438 0.238039 407.068 0 0
1500.0 101.355462 -37.578225 17.643787 0.711642 -0.556323 407.423 0 0
1500.0 108.362022 24.070116 17.628341 0.814877 0.339166 407.405 0 0
1500.0 62.233327 -11.761640 17.476593 0.034768 -0.215992 407.452 0 0
1500.0 111.617106 -20.292336 17.644483 0.857178 -0.309765 407.479 0 0
1500.0 51.832891 4.687117 17.738140 -0.082087 0.131375 407.557 0 0
1500.0 4.955745 -12.051683 17.481858 -0.824419 -0.216728 407.553 0 0
1500.0 59.974349 -4.720392 17.554264 0.080966 -0.131586 407.562 0 0
1500.0 115.050099 -3.832132 17.630509 0.908150 -0.059563 407.585 0 0
1500.0 56.748388 29.416851 17.746068 0.031062 0.443887 407.721 0 0
1500.0 81.007048 17.549845 17.906904 0.487531 0.337540 407.735 0 0
1500.0 65.180243 7.550739 18.008907 0.119361 0.154309 407.887 0 0
1500.0 96.669311 2.000757 17.553628 0.608927 -0.040073 408.086 0 0
1500.0 20.630868 24.132686 17.446508 -0.531008 0.425155 408.104 0 0
1500.0 43.621246 -5.639778 17.489635 -0.257723 -0.144640 408.155 0 0
1500.0 68.415284 66.902048 17.633235 0.188651 1.136586 408.455 0 0
1500.0 107.383550 46.120513 17.675941 0.869620 0.741644 408.648 0 0
1500.0 70.845850 -41.422426 17.791785 0.151323 -0.713372 408.627 0 0
1500.0 25.756553 -62.924699 17.444463 -0.530767 -0.885502 408.683 0 0
1500.0 58.439254 16.014760 18.408301 0.029199 0.323111 408.668 0 0
1500.0 148.553904 -30.098575 17.452181 1.294529 -0.435531 408.742 0 0
1500.0 90.867942 -58.349549 17.457551 0.471178 -0.860433 408.753 0 0
1500.0 126.610952 7.583100 17.523290 1.015557 0.086456 408.757 0 0
1500.0 31.987363 -60.897247 17.497083 -0.425207 -0.908526 408.770 0 0
1500.0 58.856088 -8.590132 17.639148 0.062091 -0.194522 408.778 0 0
1500.0 70.941322 17.845137 17.899109 0.190535 0.309585 408.792 0 0
1500.0 83.284610 15.172301 18.457141 0.484196 0.220559 408.835 0 0
1500.0 12.294835 13.201465 17.463811 -0.710957 0.129399 408.896 0 0
1500.0 65.564628 -28.060670 17.640603 0.160389 -0.479728 409.200 0 0
1500.0 92.091574 4.881833 17.602302 0.551201 0.135959 409.236 0 0
1500.0 10.416327 -15.136494 17.526498 -0.694750 -0.217641 409.340 0 0
1500.0 47.465137 24.960360 18.359562 -0.141594 0.526869 409.523 0 0
1500.0 48.184531 -2.906001 17.770942 -0.174859 -0.076606 409.564 0 0
1500.0 92.344289 8.284994 18.044822 0.553827 0.149491 409.866 0 0
1500.0 44.217398 -9.944977 17.879518 -0.190975 -0.157684 409.842 0 0
1500.0 39.716509 -41.622155 17.565326 -0.348887 -0.604141 409.982 0 0
1500.0 125.348720 27.240931 17.776632 1.135479 0.496652 409.963 0 0
1500.0 67.211665 -0.789994 18.092090 0.246345 0.008186 410.062 0 0
1500.0 112.597075 10.655166 18.518621 1.138366 0.174405 410.098 0 0
1500.0 97.517867 12.951830 17.544531 0.594156 0.264652 410.155 0 0
1500.0 39.141195 -40.154052 17.583621 -0.256494 -0.606105 410.174 0 0
1500.0 119.970732 -41.466188 17.711489 1.017119 -0.710583 410.221 0 0
1500.0 98.631654 -50.378528 17.578199 0.628146 -0.776419 410.376 0 0
1500.0 75.630880 26.838611 17.741723 0.360305 0.403961 410.397 0 0
1500.0 91.519384 45.007217 17.547221 0.488830 0.660481 410.455 0 0
1500.0 106.489641 4.390241 17.546089 0.723455 0.137667 410.449 0 0
1500.0 85.785810 -46.464651 17.656983 0.502957 -0.723815 410.484 0 0
1500.0 25.165723 -29.810542 17.753580 -0.570537 -0.458045 410.506 0 0
1500.0 118.695584 6.382634 17.782929 0.964107 0.102607 410.680 0 0
1500.0 71.215336 -28.595124 17.804345 0.274708 -0.560720 410.703 0 0
1500.0 148.420902 -39.698622 17.505843 1.349752 -0.521994 410.737 0 0
1500.0 107.603234 -5.171780 17.619178 0.773331 -0.138560 410.845 0 0
1500.0 129.232168 33.920481 17.570830 1.145325 0.487849 410.915 0 0
1500.0 121.605831 27.451196 17.768894 1.017184 0.482203 411.118 0 0
1500.0 22.693659 27.986867 17.561432 -0.523013 0.485461 411.229 0 0
1500.0 95.124043 -0.419516 18.190745 0.667041 -0.064172 411.286 0 0
1500.0 -75.787097 54.904809 17.602956 -2.091604 0.819158 411.279 0 0
1500.0 38.237213 27.576838 17.674007 -0.348024 0.412192 411.410 0 0
1500.0 93.769464 -59.757980 17.605823 0.535471 -0.901164 411.466 0 0
1500.0 95.671905 -12.947162 17.746347 0.583541 -0.182585 411.485 0 0
1500.0 108.533187 -48.719539 18.433373 1.099170 -1.012803 411.588 0 0
1500.0 111.789033 5.780251 17.749505 0.873825 0.093706 411.664 0 0
1500.0 66.471454 8.885079 18.044663 0.221710 0.194352 411.863 0 0
1500.0 39.587739 -24.593605 17.636811 -0.259554 -0.372796 411.894 0 0
1500.0 109.695431 -5.712885 17.664936 0.870698 -0.107424 411.957 0 0
1500.0 62.423029 12.903749 17.822698 0.090804 0.263680 411.997 0 0
1500.0 98.573103 -15.490647 17.607662 0.677730 -0.177713 412.005 0 0
1500.0 51.886828 -8.385148 17.784726 -0.111464 -0.070565 412.103 0 0
1500.0 135.182883 17.653033 17.575017 1.183451 0.335114 412.146 0 0
1500.0 81.502148 -13.228462 17.812608 0.444216 -0.158194 412.311 0 0
1500.0 99.633951 45.952513 17.616869 0.648598 0.796676 412.271 0 0
1500.0 85.338497 217.907765 17.891021 0.512113 3.944204 412.266 0 0
1500.0 89.989053 28.788565 17.549875 0.544660 0.404211 412.382 0 0
1500.0 104.821954 56.698067 17.917232 0.886250 0.953540 412.385 0 0
1500.0 49.648989 4.260550 17.938162 -0.142039 0.039690 412.450 0 0
1500.0 128.614153 -16.573326 17.526428 1.033418 -0.174757 412.491 0 0
1500.0 77.568033 6.709391 17.627840 0.297500 0.031925 412.697 0 0
1500.0 48.355711 38.549111 17.824012 -0.115758 0.635815 412.704 0 0
1500.0 34.853883 -2.182947 17.663686 -0.384962 0.022344 412.696 0 0
1500.0 116.213703 -14.897192 17.697353 0.927353 -0.220513 412.805 0 0
1500.0 46.283017 4.100191 18.027600 -0.170151 0.019225 412.809 0 0
1500.0 66.710044 -11.482194 17.731937 0.099311 -0.205743 412.822 0 0
1500.0 118.752385 -11.975213 17.608311 0.988341 -0.231332 412.926 0 0
1500.0 101.810564 36.468023 17.676718 0.704761 0.575626 412.934 0 0
1500.0 41.122435 8.757702 17.759073 -0.283361 0.175283 413.009 0 0
1500.0 36.380383 34.362584 17.670724 -0.304521 0.514070 413.097 0 0
1500.0 84.211230 10.458054 18.496880 0.530405 0.205552 413.205 0 0
1500.0 58.655072 -1.543806 17.705288 0.069887 -0.065889 413.216 0 0
1500.0 112.684822 -7.163954 17.787351 0.927146 -0.157794 413.371 0 0
1500.0 88.276420 -49.453790 17.555093 0.511295 -0.746501 413.425 0 0
1500.0 98.486146 -27.363491 17.953675 0.711852 -0.477234 413.460 0 0
1500.0 85.641060 -32.986787 17.805662 0.393623 -0.543188 413.537 0 0
1500.0 93.455329 1.184190 17.560282 0.522508 0.092884 413.566 0 0
1500.0 48.360532 22.351864 17.829952 -0.123898 0.403618 413.584 0 0
1500.0 -0.854915 -20.613570 17.580380 -0.850360 -0.327314 413.722 0 0
1500.0 -21.804066 -1.745123 17.547277 -1.170078 -0.071381 413.728 0 0
1500.0 97.208680 -20.963269 17.800514 0.724836 -0.430847 413.815 0 0
1500.0 29.618195 -15.125001 17.612048 -0.427850 -0.239342 413.874 0 0
1500.0 68.738773 9.974884 17.640543 0.208332 0.221913 413.862 0 0
1500.0 -8.024905 17.546512 17.596304 -1.008291 0.336561 413.891 0 0
1500.0 44.205576 18.868708 17.696764 -0.173810 0.313905 413.935 0 0
1500.0 37.213037 51.935529 17.546124 -0.263825 0.767697 414.021 0 0
1500.0 75.740615 -39.753584 17.983514 0.342463 -0.717553 414.107 0 0
1500.0 59.455768 -23.982712 17.619697 -0.031647 -0.355736 414.126 0 0
1500.0 66.418208 45.991568 17.791088 0.095582 0.720785 414.133 0 0
1500.0 9.793138 -10.419132 17.559853 -0.736360 -0.081900 414.181 0 0
1500.0 57.671942 -12.712662 18.088598 -0.008776 -0.192774 414.305 0 0
1500.0 79.628023 -14.047664 17.699569 0.411351 -0.187385 414.332 0 0
1500.0 84.363724 5.468064 17.676257 0.450572 0.145604 414.337 0 0
1500.0 33.626929 64.499594 17.596341 -0.328458 0.965225 414.392 0 0
1500.0 6.428123 28.507793 17.668568 -0.789363 0.469277 414.493 0 0
1500.0 40.130444 -53.963555 17.719974 -0.287637 -0.939676 414.698 0 0
1500.0 119.427857 27.646474 17.672872 0.941136 0.437162 414.789 0 0
1500.0 70.607281 -24.170393 18.017759 0.234571 -0.496423 414.801 0 0
1500.0 83.211333 6.231025 17.629129 0.415770 0.024251 414.821 0 0
1500.0 73.084598 41.364728 17.632287 0.238767 0.694437 414.854 0 0
1500.0 11.301911 30.676011 17.688539 -0.712965 0.500934 414.888 0 0
1500.0 114.498828 16.689959 17.581994 0.826891 0.320776 414.906 0 0
1500.0 72.612736 -36.302720 18.016989 0.294921 -0.597937 414.991 0 0
1500.0 116.357968 13.318326 17.997011 1.038803 0.213458 415.000 0 0
1500.0 66.655283 12.839518 17.748106 0.132604 0.230727 415.086 0 0
1500.0 46.052353 63.956265 17.611091 -0.154281 0.948148 415.115 0 0
1500.0 81.310116 12.716772 17.623350 0.305086 0.234970 415.182 0 0
1500.0 120.256346 -2.249022 17.808539 0.990881 -0.033889 415.228 0 0
1500.0 75.804889 30.078213 18.109949 0.319854 0.510204 415.225 0 0
1500.0 36.932327 13.697185 17.735596 -0.325939 0.199623 415.248 0 0
1500.0 33.797618 3.845924 17.667053 -0.375667 0.026759 415.335 0 0
1500.0 69.737514 -31.498175 17.818567 0.195127 -0.462209 415.408 0 0
1500.0 113.349937 -77.083909 17.593569 0.911206 -1.217344 415.419 0 0
1500.0 68.523844 -42.780287 17.625944 0.189020 -0.715526 415.641 0 0
1500.0 131.951511 -2.057959 17.978545 1.264530 0.003671 415.731 0 0
1500.0 35.665059 -41.390933 17.625798 -0.306422 -0.693823 415.712 0 0
1500.0 93.972088 25.174431 17.617517 0.571021 0.451899 415.751 0 0
1500.0 86.633380 28.353428 18.118669 0.542092 0.455789 415.881 0 0
1500.0 32.422060 23.898749 17.806439 -0.389161 0.429133 415.941 0 0
1500.0 36.778867 -17.827253 17.860937 -0.364875 -0.253184 415.890 0 0
1500.0 119.501697 -13.496303 18.038187 1.147784 -0.290152 415.932 0 0
1500.0 47.591832 -18.182697 18.124405 -0.194062 -0.399214 415.867 0 0
1500.0 96.654541 -12.473944 17.869167 0.655457 -0.232239 415.966 0 0
1500.0 126.910015 -0.261173 17.587666 1.034621 -0.025857 416.188 0 0
1500.0 101.643152 -9.176356 19.553708 1.048787 -0.134453 416.223 0 0
1500.0 40.865385 -4.526649 17.735223 -0.283095 -0.137735 416.371 0 0
1500.0 135.197039 -45.871762 17.577036 1.147307 -0.616994 416.415 0 0
1500.0 115.808796 -3.240451 17.625415 0.892164 -0.127054 416.421 0 0
1500.0 79.183816 63.639385 17.570838 0.293783 0.994386 416.449 0 0
1500.0 119.463433 75.049081 17.689300 1.019831 1.243257 416.480 0 0
1500.0 53.550668 -56.526203 17.625519 -0.036425 -0.911195 416.494 0 0
1500.0 83.462616 6.694204 17.953478 0.435788 0.103708 416.609 0 0
1500.0 116.162299 34.260217 17.708161 0.905185 0.524195 416.765 0 0
1500.0 63.602835 37.132296 17.989625 0.078724 0.612319 416.902 0 0
1500.0 59.771683 43.908766 17.636609 0.060971 0.676666 417.081 0 0
1500.0 80.148440 -7.560873 17.780122 0.412457 -0.168696 417.083 0 0
1500.0 50.347193 31.149139 17.672642 -0.073028 0.547134 417.123 0 0
1500.0 118.130473 5.982454 17.710366 0.950683 0.169943 417.174 0 0
1500.0 64.892537 0.721823 17.653722 0.087077 -0.063459 417.206 0 0
1500.0 86.258196 55.405630 17.618070 0.443685 0.887994 417.335 0 0
1500.0 67.554974 -4.237835 18.178918 0.178435 -0.127246 417.278 0 0
1500.0 16.288369 41.010949 17.600130 -0.691980 0.574937 417.302 0 0
1500.0 27.522126 -70.174584 17.778596 -0.539502 -1.203966 417.348 0 0
1500.0 130.125512 -6.934886 17.734762 1.156669 -0.176299 417.365 0 0
1500.0 86.403870 54.876163 17.711504 0.478241 0.861898 417.420 0 0
1500.0 112.517777 10.731536 17.648115 0.813332 0.135342 417.576 0 0
1500.0 105.429152 -1.023645 17.782633 0.722098 -0.019885 417.663 0 0
1500.0 99.456508 -3.884032 17.776039 0.700138 -0.111468 417.738 0 0
1500.0 140.490491 50.832386 17.738938 1.389077 0.798269 417.747 0 0
1500.0 66.495968 44.168354 17.620096 0.059466 0.708973 417.836 0 0
1500.0 99.412905 -0.806316 17.912538 0.727199 0.015516 418.098 0 0
1500.0 74.310405 20.317230 17.661685 0.275878 0.307764 418.152 0 0
1500.0 57.775958 46.505860 17.655734 -0.038060 0.772614 418.156 0 0
1500.0 112.839185 -30.971568 17.720207 0.882209 -0.490920 418.201 0 0
1500.0 102.476254 -52.844498 17.605060 0.619282 -0.839651 418.406 0 0
1500.0 122.470881 5.085621 17.720925 1.020878 0.038270 418.383 0 0
1500.0 34.770044 -2.836881 17.781138 -0.381047 0.025343 418.440 0 0
1500.0 47.235487 5.138108 17.765653 -0.174421 0.005783 418.493 0 0
1500.0 66.836819 32.909605 17.696934 0.172809 0.575330 418.502 0 0
1500.0 53.970644 53.513932 17.802546 -0.153696 0.894664 418.640 0 0
1500.0 41.214982 5.973351 17.656583 -0.326992 0.139751 418.659 0 0
1500.0 41.048262 -16.598156 17.747988 -0.364215 -0.317257 418.720 0 0
1500.0 141.218136 10.767365 18.090532 1.506910 0.190962 418.811 0 0
1500.0 -9.133970 4.087493 17.682721 -1.042334 0.064086 418.898 0 0
1500.0 83.009505 -63.164928 17.673929 0.429102 -0.956312 418.978 0 0
1500.0 68.200944 3.386140 17.643424 0.105586 0.111695 419.023 0 0
1500.0 103.629514 -49.684332 17.970925 0.852261 -0.890948 419.024 0 0
1500.0 68.610395 16.869309 17.742962 0.120656 0.314961 419.118 0 0
1500.0 62.962302 -55.800969 17.641973 0.055437 -0.912650 419.172 0 0
1500.0 52.642234 15.389079 17.641658 -0.137297 0.298615 419.174 0 0
1500.0 92.290076 49.858389 17.609663 0.464855 0.763526 419.258 0 0
1500.0 112.311432 -20.281857 17.876056 0.864425 -0.367071 419.286 0 0
1500.0 81.494951 43.943172 17.651080 0.334944 0.705122 419.475 0 0
1500.0 75.225946 -64.107357 17.645622 0.274271 -0.980570 419.476 0 0
1500.0 85.532624 20.499516 17.752645 0.483440 0.345651 419.483 0 0
1500.0 93.274213 -8.983831 18.457067 0.687026 -0.101254 419.553 0 0
1500.0 88.555812 -27.099451 17.780846 0.445610 -0.479321 419.561 0 0
1500.0 60.645399 48.879895 17.652130 0.034372 0.775045 419.585 0 0
1500.0 41.886986 57.037506 17.677883 -0.212493 0.863140 419.970 0 0
1500.0 43.396781 -64.530365 17.687531 -0.232746 -0.981879 419.999 0 0
1500.0 90.131945 -55.625017 17.641810 0.458589 -0.898358 420.032 0 0
1500.0 85.697726 -5.638370 17.647285 0.464927 -0.156165 420.047 0 0
1500.0 103.896704 2.068828 18.455309 0.834265 0.058696 420.127 0 0
1500.0 128.406527 26.995225 17.739420 1.193149 0.499637 420.185 0 0
1500.0 64.001329 57.466895 17.684874 0.154528 0.944897 420.250 0 0
1500.0 105.485651 -57.254529 18.325981 0.990770 -1.057348 420.248 0 0
1500.0 82.512064 13.983940 17.928431 0.474020 0.254754 420.266 0 0
1500.0 53.825300 23.537555 17.857436 -0.085726 0.355641 420.356 0 0
1500.0 58.860377 7.838138 17.903370 -0.007064 0.151547 420.429 0 0
1500.0 23.678009 -29.762108 17.837051 -0.575473 -0.558424 420.452 0 0
1500.0 93.559575 40.028673 17.622352 0.501565 0.625172 420.494 0 0
1500.0 90.710363 14.500510 17.959262 0.494252 0.255312 420.635 0 0
1500.0 0.524743 33.131617 17.620107 -0.910329 0.518331 420.607 0 0
1500.0 93.763303 -9.758403 17.844136 0.617736 -0.209375 420.761 0 0
1500.0 117.317246 -14.091579 17.709957 0.911019 -0.217405 420.821 0 0
1500.0 85.148863 16.278280 17.643714 0.357293 0.289226 420.883 0 0
1500.0 101.387696 -28.766613 17.664013 0.638794 -0.511160 420.884 0 0
1500.0 311.109902 31.549610 18.244991 4.956872 0.642925 420.904 0 0
1500.0 22.273000 35.282868 17.708079 -0.609328 0.513437 420.934 0 0
1500.0 106.883933 -3.383982 17.885039 0.814746 -0.091518 421.074 0 0
1500.0 86.724550 -40.816275 18.458034 0.557937 -0.755918 421.187 0 0
1500.0 56.363592 3.005268 17.653738 -0.034598 0.107819 421.300 0 0
1500.0 32.416734 54.953648 17.626798 -0.436642 0.883120 421.534 0 0
1500.0 100.311894 -12.040436 17.695081 0.655910 -0.155778 421.638 0 0
1500.0 36.011024 62.562086 17.664109 -0.350059 0.964975 421.676 0 0
1500.0 105.869164 -47.220381 17.663296 0.702806 -0.754114 421.748 0 0
1500.0 16.979005 -49.534203 17.733063 -0.666191 -0.763284 421.832 0 0
1500.0 84.101144 9.140087 17.826615 0.496997 0.160392 421.803 0 0
1500.0 -4.449186 -12.910097 17.659074 -0.957172 -0.209483 421.894 0 0
1500.0 97.319328 2.041391 17.811519 0.687167 0.068332 421.915 0 0
1500.0 101.204718 -21.300744 17.803796 0.743361 -0.289170 421.963 0 0
1500.0 79.295091 9.446790 18.316797 0.395309 0.172256 422.080 0 0
1500.0 158.559296 49.176607 17.628935 1.587681 0.720947 422.152 0 0
1500.0 88.357344 -64.856236 17.632668 0.448115 -1.028660 422.290 0 0
1500.0 79.283117 -16.974560 19.073974 0.509542 -0.319808 422.356 0 0
1500.0 55.318054 14.682868 17.722111 -0.112308 0.233403 422.376 0 0
1500.0 109.618616 -17.645168 17.833682 0.872459 -0.248611 422.427 0 0
1500.0 79.247131 -62.675746 17.725248 0.316729 -0.995137 422.453 0 0
1500.0 60.930158 -20.119210 17.962257 0.090787 -0.333956 422.501 0 0
1500.0 92.101213 -14.813154 17.722110 0.533533 -0.243026 422.515 0 0
1500.0 108.869916 0.428116 18.346318 0.903080 0.014207 422.530 0 0
1500.0 110.356902 14.966305 17.800729 0.874164 0.258583 422.568 0 0
1500.0 14.318691 -27.842823 17.646823 -0.682665 -0.373404 422.802 0 0
1500.0 67.559289 -17.671700 18.538870 0.248177 -0.334485 422.769 0 0
1500.0 98.917306 -16.552947 17.937925 0.728049 -0.265957 422.761 0 0
1500.0 109.309745 5.283144 17.786128 0.842632 0.021892 422.830 0 0
1500.0 96.077709 35.004898 17.898448 0.671028 0.558528 422.891 0 0
1500.0 100.974233 -5.874106 18.449775 0.780017 -0.142291 422.927 0 0
1500.0 64.150491 14.533559 17.949705 0.128762 0.253533 422.960 0 0
1500.0 108.248692 -16.539153 17.898272 0.853121 -0.214555 422.929 0 0
1500.0 53.048070 32.885186 17.651254 -0.148755 0.475684 422.948 0 0
1500.0 79.385799 -63.426519 17.727465 0.316223 -0.998144 423.000 0 0
1500.0 49.185204 5.731750 17.916032 -0.164986 0.043180 423.205 0 0
1500.0 20.777270 54.723196 17.666696 -0.602518 0.855855 423.306 0 0
1500.0 105.233277 0.314691 17.926744 0.821297 0.010526 423.294 0 0
1500.0 92.417491 57.299890 17.734029 0.575150 0.872266 423.358 0 0
1500.0 111.874099 -20.200248 17.815967 0.900193 -0.282732 423.477 0 0
1500.0 68.692305 30.727593 17.879594 0.224439 0.538338 423.486 0 0
1500.0 72.099281 -22.834459 17.912722 0.186648 -0.394456 423.500 0 0
1500.0 11.159621 14.979642 17.652187 -0.722592 0.241530 423.607 0 0
1500.0 102.155744 -15.978428 17.673762 0.653331 -0.317596 423.786 0 0
1500.0 64.716229 5.146242 18.037986 0.105106 0.130533 424.222 0 0
1500.0 85.401275 -82.665040 17.674837 0.367482 -1.312250 424.268 0 0
1500.0 98.713310 -35.940739 17.670137 0.595271 -0.618601 424.356 0 0
1500.0 84.665396 -33.951409 17.909162 0.462968 -0.634040 424.491 0 0
1500.0 117.236331 -12.243265 17.922626 0.983348 -0.175031 424.542 0 0
1500.0 107.297371 35.434576 18.198408 0.927425 0.638842 424.543 0 0
1500.0 6.830440 -14.537207 17.728432 -0.839934 -0.237048 424.646 0 0
1500.0 38.233611 13.151697 17.707189 -0.304607 0.241667 424.725 0 0
1500.0 55.908663 44.773664 17.726978 0.004737 0.689953 424.866 0 0
1500.0 116.510721 29.422390 17.803629 0.931257 0.458441 425.097 0 0
1500.0 91.314098 -18.953912 18.607488 0.609210 -0.349175 425.095 0 0
1500.0 54.583730 -13.975369 17.696994 -0.064864 -0.259454 425.167 0 0
1500.0 79.264357 7.873285 18.184818 0.398864 0.084959 425.289 0 0
1500.0 98.418504 -11.884742 17.784070 0.693158 -0.135188 425.388 0 0
1500.0 73.839281 -1.021737 18.556184 0.347558 -0.088921 425.578 0 0
1500.0 106.237434 39.086882 17.711436 0.765076 0.647679 425.709 0 0
1500.0 91.510262 33.908597 17.661178 0.525465 0.585257 425.726 0 0
1500.0 7.048705 -43.036264 17.666167 -0.778772 -0.747179 425.731 0 0
1500.0 116.293746 7.440505 17.921664 0.971808 0.103379 425.754 0 0
1500.0 27.000417 45.991593 17.726969 -0.453221 0.808181 425.815 0 0
1500.0 122.383050 3.802763 17.716659 1.024071 0.012859 425.933 0 0
1500.0 86.463543 -2.713254 17.942572 0.589696 -0.055961 426.005 0 0
1500.0 12.541824 42.619945 17.773818 -0.712646 0.690129 426.039 0 0
1500.0 91.652239 31.536433 18.037860 0.611455 0.505554 426.166 0 0
1500.0 95.928282 -0.727543 17.904732 0.620167 0.003270 426.229 0 0
1500.0 80.621564 -23.613652 18.150683 0.470631 -0.388531 426.191 0 0
1500.0 66.736357 -36.754632 17.810601 0.079420 -0.588179 426.206 0 0
1500.0 22.371756 -56.420172 17.639057 -0.591571 -0.844209 426.306 0 0
1500.0 13.710384 -15.711930 17.690104 -0.645603 -0.287580 426.404 0 0
1500.0 32.448824 -61.125234 17.668657 -0.399555 -0.969054 426.579 0 0
1500.0 34.012828 6.145700 17.774445 -0.371196 0.133425 426.683 0 0
1500.0 69.666786 -23.038015 17.768314 0.142764 -0.415568 426.708 0 0
1500.0 132.142697 49.271895 17.657925 1.142192 0.826692 427.016 0 0
1500.0 187.984880 77.554883 17.722999 2.139773 1.271639 427.221 0 0
1500.0 33.321651 39.170530 17.934484 -0.364863 0.711548 427.237 0 0
1500.0 59.421982 -9.441684 17.706925 -0.001828 -0.196421 427.436 0 0
1500.0 75.094544 -60.641033 17.680200 0.202401 -0.926064 427.439 0 0
1500.0 -5.894704 -21.626450 17.673439 -0.951392 -0.382624 427.475 0 0
1500.0 68.650125 -65.301963 17.673413 0.131566 -1.017175 427.471 0 0
1500.0 48.879175 -24.993266 17.651981 -0.181063 -0.444022 427.438 0 0
1500.0 63.329124 -2.981003 17.804760 0.103653 0.031066 427.456 0 0
1500.0 99.401903 -50.531384 17.813424 0.661955 -0.784260 427.633 0 0
1500.0 109.632181 35.857593 17.793693 0.855775 0.542500 427.633 0 0
1500.0 113.569528 -8.701181 17.729603 0.943451 -0.091325 427.636 0 0
1500.0 51.257781 -30.654300 17.651024 -0.144389 -0.527934 427.693 0 0
1500.0 90.094723 -29.948357 17.889172 0.575477 -0.497371 427.703 0 0
1500.0 98.050838 8.865986 17.831605 0.639465 0.154848 427.742 0 0
1500.0 80.406833 -61.735229 17.675551 0.301122 -0.961369 427.757 0 0
1500.0 97.253028 0.035046 17.833014 0.627528 0.031649 427.834 0 0
1500.0 119.467037 1.665490 17.769944 0.990034 0.068547 427.848 0 0
1500.0 41.003494 50.685830 17.704199 -0.236645 0.842582 427.789 0 0
1500.0 85.262057 -16.928386 17.870452 0.467651 -0.219443 428.016 0 0
1500.0 59.067831 -5.058345 18.061931 -0.053597 -0.133408 428.131 0 0
1500.0 55.676589 40.982967 17.781060 0.008914 0.696016 428.183 0 0
1500.0 57.498687 57.501362 17.702556 0.013429 0.939922 428.212 0 0
1500.0 74.416157 -11.260435 19.199175 0.430780 -0.231344 428.263 0 0
1500.0 48.742152 -50.972579 17.691174 -0.173195 -0.777047 428.370 0 0
1500.0 50.532772 -54.834268 17.878902 -0.108226 -0.886518 428.521 0 0
1500.0 81.060842 -52.035693 17.833231 0.347591 -0.852386 428.543 0 0
1500.0 62.531529 -53.491251 17.811262 0.035719 -0.862958 428.672 0 0
1500.0 81.930836 14.285821 18.816922 0.558086 0.244108 428.741 0 0
1500.0 122.010473 -9.376515 17.785014 1.031102 -0.132118 428.738 0 0
1500.0 59.041784 -57.587472 17.684131 0.066841 -0.966636 428.746 0 0
1500.0 26.967083 -44.235488 17.810860 -0.500232 -0.722402 428.756 0 0
1500.0 1.528609 -2.116327 17.692752 -0.889564 0.034665 428.785 0 0
1500.0 91.778300 -48.023769 17.883980 0.590867 -0.757924 428.830 0 0
1500.0 77.285976 8.843338 18.236063 0.342869 0.185703 428.980 0 0
1500.0 62.534729 52.351011 17.672076 0.083582 0.822989 429.014 0 0
1500.0 102.557904 4.604561 17.846782 0.707926 0.040081 429.101 0 0
1500.0 119.330950 23.248210 17.705778 0.927818 0.419694 429.119 0 0
1500.0 33.974684 -22.803066 17.671864 -0.405682 -0.340127 429.139 0 0
1500.0 25.991950 48.935306 17.691198 -0.515336 0.802930 429.231 0 0
1500.0 113.561097 -18.879390 18.609824 1.182646 -0.350775 429.360 0 0
1500.0 93.319262 0.181187 18.204106 0.653871 0.051415 429.413 0 0
1500.0 105.708176 -8.940470 17.808486 0.774366 -0.117196 429.466 0 0
1500.0 114.796211 21.857701 17.773847 0.891960 0.394804 429.672 0 0
1500.0 69.009792 2.303883 17.968197 0.252020 0.036846 429.777 0 0
1500.0 83.884869 19.734734 17.668052 0.334000 0.350467 429.811 0 0
1500.0 21.378328 57.037498 17.702888 -0.518162 0.910596 429.839 0 0
1500.0 72.609193 13.781515 17.910137 0.181154 0.238121 429.834 0 0
1500.0 44.965043 28.239225 17.666648 -0.269162 0.481349 429.951 0 0
1500.0 93.232498 22.518013 17.683408 0.517822 0.387960 430.029 0 0
1500.0 107.378460 45.484413 17.703883 0.743923 0.737861 430.098 0 0
1500.0 104.492422 -31.081847 17.715536 0.703925 -0.542917 430.142 0 0
1500.0 59.506375 -3.299281 17.864377 0.105010 -0.069267 430.186 0 0
1500.0 103.807225 -16.819715 17.708490 0.704058 -0.333195 430.294 0 0
1500.0 80.768746 -15.718652 18.105452 0.456401 -0.286576 430.491 0 0
1500.0 35.004401 28.284507 18.037140 -0.363138 0.471454 430.516 0 0
1500.0 107.499982 -18.064845 17.706945 0.757553 -0.350867 430.545 0 0
1500.0 72.835410 -36.881989 17.872296 0.303067 -0.615371 430.573 0 0
1500.0 63.360131 -24.068768 17.892686 0.029098 -0.362477 430.523 0 0
1500.0 101.622907 -34.900684 17.963551 0.735199 -0.574030 430.753 0 0
1500.0 87.453041 34.353676 17.957192 0.477870 0.593054 430.813 0 0
1500.0 99.145819 0.840141 17.910896 0.665925 -0.005084 430.942 0 0
1500.0 20.755893 1.773188 17.679992 -0.578718 -0.019539 430.905 0 0
1500.0 38.362468 -63.725000 17.704342 -0.278519 -1.010165 430.954 0 0
1500.0 111.691295 -23.327277 17.962805 0.881098 -0.400364 431.037 0 0
1500.0 86.799229 49.623186 17.658133 0.371556 0.797684 431.139 0 0
1500.0 52.933113 -63.875106 17.810437 -0.053751 -1.018579 431.222 0 0
1500.0 47.213556 7.511438 17.987444 -0.265067 0.180787 431.506 0 0
1500.0 14.963004 -44.159549 17.656416 -0.715279 -0.623374 431.602 0 0
1500.0 17.879110 -29.034054 17.867649 -0.617319 -0.505903 431.627 0 0
1500.0 37.424167 52.884351 17.888655 -0.346965 0.844252 431.647 0 0
1500.0 141.682076 -66.715233 17.713576 1.359922 -0.995066 431.648 0 0
1500.0 111.063976 12.768500 17.867923 0.912510 0.257412 431.692 0 0
1500.0 66.240218 -19.912352 18.641175 0.221854 -0.330589 431.851 0 0
1500.0 11.509151 -46.887823 17.655498 -0.760810 -0.658838 432.177 0 0
1500.0 -3.404222 22.704039 17.680220 -0.962073 0.389516 432.431 0 0
1500.0 134.486075 141.469993 17.808323 1.265098 2.369088 432.403 0 0
1500.0 86.752561 19.925831 17.707026 0.411936 0.377745 432.571 0 0
1500.0 50.543897 -10.678538 17.913268 -0.106374 -0.211524 432.583 0 0
1500.0 96.719758 28.826645 17.705643 0.538531 0.475867 432.610 0 0
1500.0 83.244639 57.594997 17.704721 0.329627 0.887817 432.634 0 0
1500.0 100.148050 -40.491835 18.001163 0.721686 -0.643921 432.677 0 0
1500.0 41.388494 -27.917482 17.965959 -0.242293 -0.441783 432.719 0 0
1500.0 88.435420 17.284147 18.012401 0.577025 0.272274 432.698 0 0
1500.0 112.193202 16.486138 17.848881 0.901784 0.269403 432.784 0 0
1500.0 96.675172 -5.865499 17.998052 0.696218 -0.108964 432.814 0 0
1500.0 76.665488 -58.227367 17.717244 0.277008 -0.904388 432.829 0 0
1500.0 85.465152 54.728139 17.756224 0.454585 0.913518 432.824 0 0
1500.0 92.692212 7.878378 18.341172 0.596328 0.189734 432.900 0 0
1500.0 107.461856 1.006003 17.834377 0.846716 0.045371 433.036 0 0
1500.0 96.021117 -4.535933 18.951075 0.772277 -0.090930 433.177 0 0
1500.0 114.766358 19.550176 17.666010 0.833973 0.345607 433.195 0 0
1500.0 42.213338 -20.301098 17.705702 -0.197135 -0.375367 433.181 0 0
1500.0 105.722743 -20.289142 17.959404 0.764356 -0.399308 433.194 0 0
1500.0 18.635255 42.972281 17.671399 -0.671478 0.662987 433.316 0 0
1500.0 30.239881 11.119364 17.939346 -0.533789 0.143044 433.545 0 0
1500.0 52.137617 39.140904 17.736704 -0.022708 0.641635 433.662 0 0
1500.0 7.227623 -47.930951 17.659826 -0.805389 -0.658513 433.794 0 0
1500.0 109.319855 -24.968769 18.082946 0.934178 -0.383259 433.765 0 0
1500.0 61.438874 -15.354722 17.720578 -0.019519 -0.213334 433.864 0 0
1500.0 -0.789156 -34.505908 17.661788 -0.918334 -0.460281 434.105 0 0
1500.0 57.544901 -13.860341 18.329263 0.042641 -0.274884 434.077 0 0
1500.0 4.694356 -19.457687 17.773847 -0.866717 -0.297551 434.134 0 0
1500.0 71.539739 -18.957381 18.015709 0.175211 -0.313805 434.115 0 0
1500.0 93.873578 -0.054653 19.095546 0.751991 0.037696 434.202 0 0
1500.0 54.771360 -23.833180 18.327228 0.001034 -0.423287 434.265 0 0
1500.0 65.357564 -47.552440 17.800537 0.169735 -0.782432 434.420 0 0
1500.0 68.875030 -15.096493 17.687542 0.089850 -0.255530 434.540 0 0
1500.0 80.518695 -46.873258 18.476137 0.493331 -0.982902 434.541 0 0
1500.0 89.829220 -14.032050 17.871013 0.552057 -0.276003 434.557 0 0
1500.0 92.770195 38.719217 18.108971 0.698961 0.764614 434.690 0 0
1500.0 34.520985 6.786712 17.684846 -0.443391 0.084885 434.782 0 0
1500.0 89.231503 13.508450 18.301173 0.536580 0.283476 434.801 0 0
1500.0 116.205105 -74.798665 17.776522 0.972809 -1.271919 434.719 0 0
1500.0 90.371156 -12.225683 18.923021 0.687612 -0.322207 434.789 0 0
1500.0 48.738536 -29.468603 17.683375 -0.222354 -0.476454 434.925 0 0
1500.0 81.403413 -2.708360 17.817054 0.364001 0.025733 435.018 0 0
1500.0 17.746251 4.927067 17.713153 -0.689609 0.050102 435.185 0 0
1500.0 66.084696 7.427637 17.725431 0.058895 0.154765 435.312 0 0
1500.0 124.795431 65.954759 17.750406 1.081493 1.102125 435.317 0 0
1500.0 122.736071 -14.785580 17.710183 1.019840 -0.241539 435.374 0 0
1500.0 82.159605 -7.521111 18.076922 0.434067 -0.069629 435.446 0 0
1500.0 44.391529 -41.106925 17.678902 -0.287391 -0.651500 435.430 0 0
1500.0 59.050995 19.456884 17.696374 0.000112 0.339443 435.860 0 0
1500.0 49.301481 52.729474 17.679929 -0.184981 0.787788 435.908 0 0
1500.0 26.351905 1.800922 17.719602 -0.554554 0.066674 435.851 0 0
1500.0 95.120438 55.013777 17.668626 0.598565 0.838248 435.943 0 0
1500.0 67.128210 42.321305 18.146463 0.186365 0.706302 435.994 0 0
1500.0 110.860090 -49.924264 17.833055 0.901436 -0.851093 436.062 0 0
1500.0 69.659670 5.474879 18.472817 0.259701 0.154264 436.102 0 0
1500.0 105.710953 65.096629 17.683107 0.781671 0.951666 436.126 0 0
1500.0 69.666471 -38.225159 17.842887 0.236231 -0.646394 436.177 0 0
1500.0 85.173479 -31.421831 17.842099 0.471699 -0.541938 436.277 0 0
1500.0 63.066516 -15.721254 17.782122 0.076031 -0.286855 436.451 0 0
1500.0 6.945100 -44.482316 17.734207 -0.817151 -0.656534 436.590 0 0
1500.0 43.417344 5.877563 17.776104 -0.287994 0.125687 436.599 0 0
1500.0 101.054940 25.798716 18.086690 0.764653 0.386053 436.757 0 0
1500.0 70.635188 37.958183 17.985193 0.205751 0.593534 436.832 0 0
1500.0 97.630164 14.944460 18.229286 0.689241 0.289185 436.874 0 0
1500.0 13.122348 -50.518338 17.750594 -0.669423 -0.860731 436.970 0 0
1500.0 66.861568 -14.923485 18.174624 0.152744 -0.322862 436.969 0 0
1500.0 108.947316 -43.064580 17.774183 0.754545 -0.726946 436.997 0 0
1500.0 109.572826 17.326893 18.084986 0.885978 0.258607 437.157 0 0
1500.0 59.611064 -1.730240 17.919276 0.097808 -0.067830 437.218 0 0
1500.0 80.042215 54.743648 17.680923 0.371857 0.818201 437.296 0 0
1500.0 97.150840 32.494758 18.016571 0.698003 0.500170 437.274 0 0
1500.0 70.116069 23.984563 18.131615 0.299130 0.406326 437.567 0 0
1500.0 106.683870 3.706480 17.755888 0.797555 0.125740 437.519 0 0
1500.0 75.872282 -41.350723 17.838834 0.255461 -0.696798 437.623 0 0
1500.0 75.858094 25.989782 17.812034 0.303838 0.413775 437.640 0 0
1500.0 87.180959 20.383970 18.081377 0.554843 0.297192 437.657 0 0
1500.0 -3.089684 2.893144 17.708907 -0.979437 0.081096 437.791 0 0
1500.0 95.008797 -9.396576 17.736279 0.602196 -0.074211 437.799 0 0
1500.0 103.936867 -47.665898 17.863906 0.730430 -0.751226 437.865 0 0
1500.0 88.886054 22.861048 17.884546 0.562290 0.317956 437.871 0 0
1500.0 107.577847 22.796688 18.013376 0.852208 0.462642 437.894 0 0
1500.0 91.220761 26.928726 17.882219 0.508876 0.425148 437.900 0 0
1500.0 60.822702 -65.504763 17.700799 0.085151 -1.002696 437.911 0 0
1500.0 87.136659 16.858587 18.612833 0.577551 0.305542 438.052 0 0
1500.0 76.565666 -13.792936 18.105643 0.382715 -0.265202 437.957 0 0
1500.0 49.583931 -40.556337 18.004961 -0.184813 -0.660736 438.314 0 0
1500.0 83.146657 -32.537639 17.813130 0.469728 -0.514474 438.340 0 0
1500.0 121.236395 -6.112032 17.705086 0.951221 -0.143755 438.393 0 0
1500.0 -7.847574 9.311705 17.674229 -1.040992 0.117333 438.475 0 0
1500.0 110.724735 -12.591556 17.730092 0.833066 -0.121768 438.649 0 0
1500.0 43.912383 33.732417 17.937460 -0.252337 0.549172 438.682 0 0
1500.0 67.780187 -10.395054 17.968272 0.209768 -0.192375 438.743 0 0
1500.0 118.696296 15.697803 18.013478 0.997536 0.244225 438.745 0 0
1500.0 20.372922 55.884898 17.814077 -0.578182 0.874409 438.829 0 0
1500.0 18.579563 40.220973 17.729003 -0.564264 0.677941 438.865 0 0
1500.0 27.874543 -64.996775 17.674753 -0.389129 -0.999555 438.956 0 0
1500.0 -5.739764 -15.511098 17.677469 -1.001433 -0.244751 439.062 0 0
1500.0 113.645896 12.566519 17.801517 0.868659 0.167916 439.113 0 0
1500.0 36.077882 60.530000 17.716416 -0.382006 0.892262 439.240 0 0
1500.0 90.926360 -47.234349 17.876898 0.581675 -0.734524 439.189 0 0
1500.0 33.409303 56.001451 17.750544 -0.412810 0.891924 439.135 0 0
1500.0 59.972461 -5.787679 17.710999 0.083088 -0.044215 439.323 0 0
1500.0 102.584389 -17.629689 18.080590 0.764246 -0.258763 439.285 0 0
1500.0 11.680557 39.256499 17.727138 -0.730008 0.572078 439.346 0 0
1500.0 -4.495961 18.266372 17.715075 -0.968214 0.239288 439.404 0 0
1500.0 106.612041 -8.414557 18.009890 0.824827 -0.072448 439.394 0 0
1500.0 75.814559 -7.842906 17.884396 0.322157 -0.071754 439.502 0 0
1500.0 89.836402 -48.406377 17.806928 0.561906 -0.743414 439.484 0 0
1500.0 73.308162 -37.989255 17.809523 0.275278 -0.673102 439.548 0 0
1500.0 41.446217 24.797173 17.792058 -0.233260 0.457282 439.709 0 0
1500.0 86.181470 61.294780 17.750407 0.372095 0.961499 439.798 0 0
1500.0 69.161965 -8.744837 18.048402 0.257867 -0.109477 439.819 0 0
1500.0 121.940746 10.735777 17.726417 0.984074 0.227975 439.940 0 0
1500.0 160.128965 63.650320 17.718257 1.620611 0.985637 439.878 0 0
1500.0 77.657507 -1.228647 18.733424 0.446896 -0.018123 440.012 0 0
1500.0 26.916808 22.855667 17.768365 -0.498998 0.314900 440.048 0 0
1500.0 79.794466 -46.836800 17.912252 0.310148 -0.809209 439.974 0 0
1500.0 106.831766 34.100396 18.091230 0.816000 0.614845 440.191 0 0
1500.0 -19.625694 -133.254306 17.767103 -1.308816 -2.149944 440.186 0 0
1500.0 79.926801 -53.403565 17.739269 0.357428 -0.873546 440.320 0 0
1500.0 91.082485 5.867075 18.372583 0.677542 0.058584 440.325 0 0
1500.0 86.186654 0.602510 17.733766 0.435052 -0.046018 440.534 0 0
1500.0 86.470333 7.286067 19.262292 0.663318 0.068597 440.698 0 0
1500.0 78.115019 34.705530 17.700430 0.260709 0.596844 440.695 0 0
1500.0 34.832996 -9.195309 17.942564 -0.471928 -0.112747 440.732 0 0
1500.0 114.322520 -31.981287 17.806219 0.911555 -0.488092 440.745 0 0
1500.0 51.250620 -10.934631 17.738993 -0.050967 -0.205730 440.835 0 0
1500.0 115.425270 32.903421 17.806409 0.926520 0.465416 440.837 0 0
1500.0 33.084918 22.921246 17.845189 -0.433990 0.349184 440.801 0 0
1500.0 56.170867 -4.008293 17.740146 0.017212 -0.109634 440.899 0 0
1500.0 100.723742 -51.698689 17.720380 0.692749 -0.785489 440.913 0 0
1500.0 113.846945 5.899813 17.782814 0.863875 0.163345 440.975 0 0
1500.0 87.769003 52.131286 17.844335 0.472350 0.801540 441.008 0 0
1500.0 44.654643 22.819050 17.753578 -0.252549 0.328574 441.244 0 0
1500.0 85.683047 -0.090347 18.531146 0.563893 -0.055569 441.209 0 0
1500.0 60.093237 15.098519 17.922194 0.093483 0.299014 441.263 0 0
1500.0 54.780557 -3.490202 17.794282 -0.110641 -0.092438 441.368 0 0
1500.0 61.402260 -31.330475 17.900678 0.107212 -0.489049 441.374 0 0
1500.0 55.436808 52.897618 17.819328 -0.033100 0.814237 441.478 0 0
1500.0 25.004102 34.427273 17.770015 -0.505254 0.593640 441.610 0 0
1500.0 26.878275 45.622176 17.716571 -0.545804 0.707467 441.575 0 0
1500.0 42.460855 -31.905607 17.864444 -0.275641 -0.539542 441.753 0 0
1500.0 63.746251 -13.565204 18.358404 0.121483 -0.242184 441.859 0 0
1500.0 89.957331 -32.867462 18.089470 0.591147 -0.525697 441.882 0 0
1500.0 75.404248 -7.297775 18.146510 0.388710 -0.154175 441.946 0 0
1500.0 9.811335 10.219188 17.746620 -0.729875 0.189931 442.045 0 0
1500.0 10.839265 36.390917 17.692133 -0.755994 0.608019 442.272 0 0
1500.0 57.895079 3.009036 18.165542 0.031217 0.117556 442.218 0 0
1500.0 4.445794 -60.456236 17.715788 -0.832097 -1.010821 442.260 0 0
1500.0 26.931580 55.046054 17.714382 -0.538137 0.839347 442.418 0 0
1500.0 137.027438 -38.147859 18.187681 1.424654 -0.657457 442.375 0 0
1500.0 85.243123 34.332080 18.138876 0.451922 0.586819 442.493 0 0
1500.0 15.164929 15.589045 17.923137 -0.695421 0.255082 442.615 0 0
1500.0 104.249666 -6.409399 18.031756 0.797322 -0.058763 442.731 0 0
1500.0 143.833279 10.673922 19.007927 1.777145 0.181876 442.855 0 0
1500.0 32.452022 1.386053 17.750893 -0.414839 0.054303 442.978 0 0
1500.0 96.649629 11.038667 17.952038 0.717911 0.128391 443.332 0 0
1500.0 100.310285 41.788433 17.907524 0.687135 0.685136 443.497 0 0
1500.0 62.618153 45.476477 18.154795 0.101092 0.748632 443.369 0 0
1500.0 59.154571 -3.897469 17.792613 0.050695 -0.132962 443.507 0 0
1500.0 107.643998 -0.951359 18.494426 0.913670 0.051401 443.417 0 0
1500.0 114.205084 2.812817 18.028133 0.935338 0.078375 443.518 0 0
1500.0 97.787247 26.287646 18.044501 0.700116 0.430315 443.534 0 0
1500.0 1.118159 34.154955 17.693102 -0.883723 0.562787 443.650 0 0
1500.0 82.355359 -36.852820 17.988313 0.440564 -0.617873 443.608 0 0
1500.0 3.358402 -18.698699 17.743266 -0.886394 -0.242720 443.633 0 0
1500.0 77.763299 -3.166992 18.565570 0.474811 -0.051058 443.742 0 0
1500.0 116.302467 5.335204 18.027491 0.962717 0.115259 443.775 0 0
1500.0 -27.414780 78.723302 17.757079 -1.370789 1.200301 443.804 0 0
1500.0 111.929057 -44.129798 18.108766 1.039554 -0.855331 443.808 0 0
1500.0 86.000424 13.892547 18.651434 0.491378 0.262001 443.905 0 0
1500.0 94.265992 -26.073139 17.905778 0.589075 -0.390538 444.017 0 0
1500.0 119.190443 5.165554 17.771190 0.972369 0.023878 443.993 0 0
1500.0 67.338009 -6.270085 18.624273 0.151045 -0.111548 444.021 0 0
1500.0 82.535788 10.571279 17.856669 0.396809 0.199108 444.029 0 0
1500.0 63.495222 -6.324656 17.891561 0.040882 -0.052121 444.122 0 0
1500.0 90.789685 -7.551918 17.931897 0.590723 -0.150875 444.178 0 0
1500.0 55.137495 -66.245963 17.702521 -0.062668 -1.045844 444.196 0 0
1500.0 121.293131 -6.204376 17.746312 1.059743 -0.051828 444.224 0 0
1500.0 47.283390 3.134218 17.807528 -0.203577 0.074260 444.399 0 0
1500.0 45.311427 -20.757063 17.865764 -0.231546 -0.375091 444.544 0 0
1500.0 74.621734 4.786895 18.469305 0.376448 0.100426 444.642 0 0
1500.0 87.879818 -23.508965 17.767912 0.532009 -0.331709 444.647 0 0
1500.0 64.554972 23.933092 17.842506 0.186922 0.388778 444.621 0 0
1500.0 92.258932 -110.976568 17.778266 0.496434 -1.738251 444.680 0 0
1500.0 -6.814217 -6.911762 17.722522 -1.007512 -0.083383 444.727 0 0
1500.0 87.836095 25.452394 18.270427 0.637426 0.447566 444.819 0 0
1500.0 108.077485 66.475364 17.701943 0.792998 0.992483 444.905 0 0
1500.0 119.372342 11.258218 17.850432 0.981890 0.117670 444.946 0 0
1500.0 69.493352 -43.667503 18.117427 0.150563 -0.749735 444.973 0 0
1500.0 45.866201 63.418484 17.701215 -0.220745 0.973754 445.023 0 0
1500.0 74.324806 5.392282 18.597434 0.393138 0.172277 445.018 0 0
1500.0 118.467579 8.805043 17.946615 0.991925 0.116790 445.264 0 0
1500.0 109.203651 -24.013163 18.016505 0.878088 -0.344113 445.077 0 0
1500.0 99.101799 33.315843 17.902980 0.625885 0.574523 445.127 0 0
1500.0 105.047524 -3.488428 17.871052 0.741545 -0.127716 445.243 0 0
1500.0 63.302967 -42.542927 17.871687 0.109117 -0.720482 445.155 0 0
1500.0 99.115916 0.549953 18.520849 0.775770 0.011160 445.295 0 0
1500.0 24.110726 51.802361 17.704675 -0.531636 0.801787 445.405 0 0
1500.0 59.797292 -11.841572 17.867882 0.009316 -0.225727 445.589 0 0
1500.0 89.232976 -2.095042 18.240069 0.600864 -0.000951 445.765 0 0
1500.0 101.202858 -24.974224 18.025770 0.771686 -0.359102 445.592 0 0
1500.0 44.639121 23.952886 17.842289 -0.157266 0.435605 445.888 0 0
1500.0 65.831263 -12.531452 18.983302 0.233025 -0.239023 445.989 0 0
1500.0 98.319431 46.915475 17.899893 0.605998 0.768557 446.020 0 0
1500.0 40.742337 -44.833211 17.870050 -0.274233 -0.746967 446.154 0 0
1500.0 65.960166 -8.407913 18.493836 0.229323 -0.198164 446.378 0 0
1500.0 77.099294 -33.007874 18.010317 0.332305 -0.573521 446.391 0 0
1500.0 122.404466 -13.763389 17.946706 1.042939 -0.203311 446.496 0 0
1500.0 110.716743 31.342903 17.824847 0.823544 0.535465 446.512 0 0
1500.0 56.058253 44.016559 17.835978 0.017989 0.735830 446.600 0 0
1500.0 57.199143 -79.312288 17.832487 0.006445 -1.255075 446.683 0 0
1500.0 80.291555 -60.457067 17.780902 0.375195 -0.918593 446.794 0 0
1500.0 87.301067 49.591706 17.880760 0.521036 0.776154 446.782 0 0
1500.0 57.420106 33.413247 17.824441 0.040776 0.576873 446.737 0 0
1500.0 108.806056 42.039016 17.847781 0.855861 0.773566 446.796 0 0
1500.0 28.587848 17.651061 18.013953 -0.536761 0.255887 446.878 0 0
1500.0 70.977121 3.108834 17.752696 0.124760 0.070045 447.131 0 0
1500.0 89.637807 10.908877 18.573241 0.561550 0.232423 447.207 0 0
1500.0 40.679391 -22.255536 17.866517 -0.265932 -0.416388 447.209 0 0
1500.0 63.498709 -16.210070 17.752016 0.008579 -0.229861 447.188 0 0
1500.0 111.088376 -34.367223 17.919350 0.838575 -0.571213 447.298 0 0
1500.0 37.312870 20.252348 17.755078 -0.356696 0.297570 447.363 0 0
1500.0 68.867051 -70.284786 17.726627 0.166112 -1.119317 447.379 0 0
1500.0 87.999792 -33.549449 17.733230 0.401212 -0.538801 447.494 0 0
1500.0 103.669179 -9.980779 18.091229 0.800636 -0.150633 447.596 0 0
1500.0 86.121163 -66.423241 17.735884 0.393073 -1.021581 447.666 0 0
1500.0 10.953602 -13.619794 17.813060 -0.756012 -0.149128 447.709 0 0
1500.0 29.367848 -20.543867 17.745911 -0.516499 -0.294469 447.769 0 0
1500.0 87.214878 -69.737082 17.853192 0.552270 -1.119730 447.729 0 0
1500.0 121.095001 -17.953747 17.927234 0.993746 -0.292060 448.006 0 0
1500.0 60.842510 53.199631 17.987238 0.074815 0.868733 448.168 0 0
1500.0 27.025895 29.517095 17.742645 -0.549235 0.472739 448.158 0 0
1500.0 15.677610 -9.773630 17.742405 -0.722402 -0.127972 448.190 0 0
1500.0 56.042855 -1.209081 17.778613 -0.086548 0.034008 448.244 0 0
1500.0 108.454568 -7.369816 18.670279 1.060932 -0.200727 448.287 0 0
1500.0 67.974317 17.302801 18.520537 0.196698 0.291531 448.395 0 0
1500.0 90.252237 4.217154 17.945661 0.499960 0.118643 448.610 0 0
1500.0 113.538350 -19.013095 18.087297 0.933475 -0.280966 448.621 0 0
1500.0 74.610011 -11.005883 17.877306 0.273762 -0.245910 448.798 0 0
1500.0 95.539645 5.711425 17.807155 0.576304 0.029836 448.930 0 0
1500.0 91.735739 18.323222 18.098860 0.624804 0.256841 449.042 0 0
1500.0 95.021070 -38.138875 18.116219 0.718004 -0.654989 449.039 0 0
1500.0 111.695816 -0.403211 17.904889 0.840886 -0.057435 449.246 0 0
1500.0 116.984425 31.262948 17.830676 0.907950 0.521310 449.211 0 0
1500.0 100.074386 41.202249 17.903205 0.662866 0.685655 449.175 0 0
1500.0 61.382685 -21.214389 17.761917 0.040742 -0.404640 449.355 0 0
1500.0 52.036903 -20.327712 17.761954 -0.103752 -0.390952 449.351 0 0
1500.0 60.456585 -41.723856 17.830843 -0.011357 -0.625744 449.364 0 0
1500.0 64.706022 65.540919 17.814303 0.146360 1.026695 449.434 0 0
1500.0 122.610713 9.527085 17.872319 1.032558 0.152868 449.763 0 0
1500.0 91.819127 -23.574377 18.120450 0.562665 -0.427511 449.679 0 0
1500.0 51.290300 -20.605670 17.946939 -0.125151 -0.376207 449.584 0 0
1500.0 95.079295 -12.253640 17.757606 0.557951 -0.264327 449.790 0 0
1500.0 63.603584 9.261252 18.380274 0.090395 0.124213 449.603 0 0
1500.0 137.229691 32.524306 18.117583 1.392421 0.577007 449.699 0 0
1500.0 87.066781 16.980999 17.984018 0.494420 0.221778 450.015 0 0
1500.0 80.408692 -18.597973 17.870903 0.344904 -0.355680 449.894 0 0
1500.0 58.433337 10.923388 18.012980 -0.030244 0.133845 450.127 0 0
1500.0 103.515674 -16.797683 17.921174 0.776996 -0.229003 450.323 0 0
1500.0 61.691493 -47.581952 18.040297 0.075075 -0.785312 450.348 0 0
1500.0 42.912749 8.852273 18.181295 -0.218908 0.143519 450.482 0 0
1500.0 36.902629 12.921407 18.149510 -0.320192 0.250206 450.555 0 0
1500.0 80.620628 -13.124124 18.074070 0.386602 -0.274612 450.459 0 0
1500.0 98.220761 2.241106 17.955496 0.640703 -0.001772 450.647 0 0
1500.0 54.695767 -52.249291 18.038589 -0.029547 -0.851438 450.643 0 0
1500.0 83.686660 18.433942 18.147635 0.385970 0.332617 450.738 0 0
1500.0 24.830317 -42.600445 17.750568 -0.512656 -0.718851 450.832 0 0
1500.0 54.594700 -42.440128 17.976011 -0.083359 -0.687535 450.858 0 0
1500.0 64.839566 -99.020225 17.906101 0.192262 -1.691056 450.923 0 0
1500.0 91.830408 57.135255 17.761479 0.449345 0.900430 451.025 0 0
1500.0 5.631862 -24.179968 17.749785 -0.800572 -0.439182 451.020 0 0
1500.0 68.214764 -44.926102 17.866668 0.157934 -0.739150 451.135 0 0
1500.0 71.707070 -60.719399 17.862959 0.220821 -0.973334 451.250 0 0
1500.0 36.571022 -10.842888 17.980238 -0.344771 -0.227059 451.262 0 0
1500.0 50.722105 3.578878 17.850279 -0.153590 0.121618 451.274 0 0
1500.0 30.292349 -0.414361 17.825207 -0.447570 -0.007611 451.403 0 0
1500.0 89.511817 -23.478988 17.899846 0.463211 -0.394127 451.357 0 0
1500.0 86.700734 61.344322 17.761543 0.371222 0.958331 451.355 0 0
1500.0 95.718359 -16.952711 17.862544 0.602710 -0.217108 451.465 0 0
1500.0 110.264231 33.145198 17.778977 0.857197 0.517798 451.450 0 0
1500.0 26.209607 -5.465319 17.978202 -0.501395 -0.144545 451.461 0 0
1500.0 121.292507 -26.150875 18.047500 1.072013 -0.484891 451.478 0 0
1500.0 98.267276 23.563224 17.742941 0.631903 0.338312 451.632 0 0
1500.0 92.931515 -15.887022 18.000029 0.541392 -0.314030 451.574 0 0
1500.0 76.167599 -8.775544 17.873096 0.327731 -0.102411 452.115 0 0
1500.0 115.929930 15.439176 17.831153 0.866718 0.278795 452.048 0 0
1500.0 98.736163 -22.702578 17.996861 0.625462 -0.414684 451.975 0 0
1500.0 61.664376 34.283174 18.126445 0.017051 0.561379 451.913 0 0
1500.0 157.633113 -24.796099 17.840407 1.668165 -0.461192 452.119 0 0
1500.0 67.728273 -45.047037 18.565403 0.242250 -0.868365 452.039 0 0
1500.0 97.747503 26.216926 18.285408 0.699966 0.443806 452.310 0 0
1500.0 92.151641 28.833183 17.928005 0.527313 0.461664 452.557 0 0
1500.0 72.370398 -51.779074 17.993502 0.226797 -0.844903 452.548 0 0
1500.0 4.588953 16.400140 17.784993 -0.855769 0.299212 452.756 0 0
1500.0 87.551133 -13.658245 17.841046 0.525700 -0.168574 452.715 0 0
1500.0 49.026496 53.811223 17.830511 -0.164772 0.810913 452.910 0 0
1500.0 38.303409 -67.905094 17.781268 -0.240094 -1.083150 452.949 0 0
1500.0 99.303937 -6.959224 18.117688 0.678834 -0.097452 453.204 0 0
1500.0 89.310884 9.881990 17.806505 0.486840 0.186504 453.113 0 0
1500.0 120.273341 9.075718 17.755051 0.996509 0.111307 453.059 0 0
1500.0 49.448693 -53.097081 17.903533 -0.096458 -0.869776 453.197 0 0
1500.0 55.601795 45.587128 17.994250 -0.104299 0.752206 453.121 0 0
1500.0 91.618549 -4.523488 17.876907 0.538026 -0.058682 453.357 0 0
1500.0 63.178230 13.703977 17.859902 0.052452 0.252099 453.416 0 0
1500.0 7.840307 -15.332966 17.767105 -0.832234 -0.208556 453.326 0 0
1500.0 26.191842 28.051452 17.922189 -0.537673 0.409793 453.670 0 0
1500.0 126.278616 -37.485344 17.880226 1.167514 -0.573764 453.921 0 0
1500.0 31.080206 -41.348231 17.977626 -0.512528 -0.671549 453.728 0 0
1500.0 54.686737 7.385463 17.861277 -0.000992 0.159987 454.120 0 0
1500.0 -5.245744 -24.310766 17.755743 -0.923265 -0.422284 453.985 0 0
1500.0 106.127069 27.220167 17.831811 0.793538 0.448279 454.096 0 0
1500.0 60.569606 56.371857 17.832258 0.110151 0.887155 453.985 0 0
1500.0 113.534494 1.019741 17.777113 0.854960 0.027690 454.342 0 0
1500.0 -2.002808 2.366339 17.778925 -0.903749 0.081921 454.194 0 0
1500.0 -0.522680 31.028334 17.783727 -0.911009 0.507309 454.338 0 0
1500.0 29.980781 -44.815721 17.917883 -0.475646 -0.689089 454.300 0 0
1500.0 6.275065 -100.640788 18.026141 -0.870236 -1.833053 454.266 0 0
1500.0 23.269432 -2.994985 17.773236 -0.552874 -0.022224 454.522 0 0
1500.0 89.934391 -34.048560 17.793694 0.523411 -0.583820 454.500 0 0
1500.0 91.383254 -26.654613 18.506897 0.713957 -0.468491 454.499 0 0
1500.0 108.823742 8.265866 17.781027 0.784938 0.129620 454.648 0 0
1500.0 93.535264 55.682644 17.875486 0.574206 0.873438 454.703 0 0
1500.0 86.190236 49.692481 17.801219 0.464409 0.787975 454.809 0 0
1500.0 59.595348 54.726935 17.985537 0.067440 0.885899 454.822 0 0
1500.0 92.502151 -7.770620 18.281639 0.596759 -0.188494 454.693 0 0
1500.0 38.185097 45.400596 17.874540 -0.405505 0.722831 454.651 0 0
1500.0 -9.757274 -13.187627 17.786140 -1.036453 -0.141331 455.016 0 0
1500.0 111.186579 -1.255615 18.207642 0.908489 -0.041539 455.007 0 0
1500.0 71.039647 57.108418 18.113035 0.247086 1.049852 455.041 0 0
1500.0 73.188330 -2.363387 18.985956 0.370655 0.027379 455.424 0 0
1500.0 108.814289 -20.048806 18.124666 0.843845 -0.351936 455.230 0 0
1500.0 101.193036 60.503236 17.848476 0.749433 0.930497 455.443 0 0
1500.0 105.168990 -15.916256 18.359478 0.897548 -0.324595 455.570 0 0
1500.0 86.709070 60.216384 17.830766 0.490466 0.921367 455.687 0 0
1500.0 43.575986 23.381387 17.912954 -0.272039 0.393617 455.682 0 0
1500.0 51.964650 26.624375 17.913189 -0.143786 0.443372 455.659 0 0
1500.0 91.258264 -43.481872 17.998494 0.547489 -0.717426 455.785 0 0
1500.0 86.215631 -31.799478 18.061033 0.534288 -0.490877 455.898 0 0
1500.0 75.526554 11.125456 18.133549 0.345607 0.134794 455.930 0 0
1500.0 96.871642 9.534285 17.949189 0.624555 0.153894 455.921 0 0
1500.0 117.803379 -21.165999 17.788498 0.926480 -0.379800 455.942 0 0
1500.0 75.952023 3.744936 18.240444 0.364599 0.054465 455.993 0 0
1500.0 -7.158017 7.454190 17.792759 -0.984343 0.156871 456.012 0 0
1500.0 105.356340 -74.982281 17.751968 0.652024 -1.150038 456.076 0 0
1500.0 86.994966 19.960204 17.971275 0.424332 0.367722 456.011 0 0
1500.0 57.228758 -18.783674 18.230253 -0.072921 -0.352505 455.993 0 0
1500.0 41.916806 -2.028513 17.807180 -0.272326 0.018968 456.149 0 0
1500.0 64.544943 -32.060910 17.870346 0.074965 -0.508595 456.234 0 0
1500.0 110.879886 26.523395 18.033336 0.836646 0.461929 456.148 0 0
1500.0 74.691971 49.877876 17.766534 0.231274 0.774047 456.402 0 0
1500.0 112.775982 37.839212 17.833658 0.862953 0.586970 456.439 0 0
1500.0 85.798324 -18.526810 18.507092 0.482684 -0.343024 456.330 0 0
1500.0 13.296081 -4.834453 17.884504 -0.734004 -0.042571 456.328 0 0
1500.0 8.493682 -0.504723 17.884887 -0.822492 -0.074131 456.374 0 0
1500.0 60.821882 37.910381 18.498050 0.067408 0.672693 456.444 0 0
1500.0 88.667198 -40.896566 18.005746 0.471075 -0.772851 456.317 0 0
1500.0 91.171234 -18.094889 18.968088 0.617105 -0.329050 456.607 0 0
1500.0 122.569075 15.259895 17.835401 1.000539 0.258560 456.740 0 0
1500.0 88.115013 59.538288 17.836259 0.502356 0.895891 456.871 0 0
1500.0 117.854849 19.692974 17.990022 0.967431 0.325345 456.697 0 0
1500.0 108.634061 38.900439 17.990100 0.830864 0.605407 456.826 0 0
1500.0 9.743714 -15.526588 17.905145 -0.778164 -0.198583 456.634 0 0
1500.0 98.228601 14.820858 17.906920 0.696493 0.208285 456.826 0 0
1500.0 71.428226 -32.401991 17.856412 0.218515 -0.571064 456.765 0 0
1500.0 80.023447 -33.198183 18.536813 0.419765 -0.559069 457.032 0 0
1500.0 104.175332 16.935388 18.074944 0.763980 0.313590 457.217 0 0
1500.0 60.091164 49.855882 17.809570 -0.039423 0.753476 457.331 0 0
1500.0 101.276382 -17.328150 17.940800 0.746468 -0.270579 457.060 0 0
1500.0 53.038561 -6.323814 18.109613 -0.089096 -0.148523 457.113 0 0
1500.0 93.146041 -2.627157 17.983030 0.593529 0.027318 457.494 0 0
1500.0 111.332931 -10.659771 17.967405 0.868639 -0.215051 457.559 0 0
1500.0 76.328803 -12.331968 18.087176 0.294787 -0.235751 457.609 0 0
1500.0 34.506373 -8.654060 18.010974 -0.350816 -0.160448 457.670 0 0
1500.0 121.415574 17.991496 17.992098 1.005481 0.296285 457.653 0 0
1500.0 80.842500 -17.519864 18.370527 0.489721 -0.272484 457.569 0 0
1500.0 198.901961 110.588053 17.750777 2.149417 1.596090 457.608 0 0
1500.0 85.825699 27.017533 18.030209 0.526725 0.405003 457.678 0 0
1500.0 83.239932 24.960497 18.010301 0.354860 0.409739 457.767 0 0
1500.0 89.667897 -34.202415 18.576457 0.689829 -0.617863 457.821 0 0
1500.0 44.833886 33.191104 17.820166 -0.230927 0.509819 458.246 0 0
1500.0 69.859619 34.261243 17.821063 0.116915 0.524290 458.302 0 0
1500.0 98.911082 40.781805 17.848661 0.645331 0.613783 458.220 0 0
1500.0 104.999575 -27.535812 17.951488 0.794123 -0.431995 458.171 0 0
1500.0 103.441826 -31.293466 17.951294 0.770319 -0.487674 458.221 0 0
1500.0 107.149308 11.037498 17.976982 0.796092 0.231762 458.314 0 0
1500.0 100.031935 -10.549776 17.928929 0.718407 -0.120707 458.244 0 0
1500.0 64.754087 -30.147991 17.970335 0.057625 -0.493622 457.967 0 0
1500.0 69.994928 -40.817539 17.796725 0.242966 -0.669494 458.083 0 0
1500.0 70.347274 30.991085 17.894276 0.275552 0.489266 458.343 0 0
1500.0 39.572944 8.250881 17.879958 -0.301797 0.055309 458.121 0 0
1500.0 111.828584 32.079108 18.055329 0.896190 0.584945 458.205 0 0
1500.0 92.387497 104.547451 18.019122 0.535001 1.778492 458.344 0 0
1500.0 57.724234 11.345251 18.028800 0.012905 0.222426 458.420 0 0
1500.0 123.696092 -7.939615 17.798435 0.978049 -0.176673 458.420 0 0
1500.0 112.026072 -5.519013 18.222900 0.922645 -0.080201 458.417 0 0
1500.0 112.804807 24.529634 17.901995 0.895458 0.346633 458.371 0 0
1500.0 -57.306296 -25.120170 17.777374 -1.842236 -0.378871 458.537 0 0
1500.0 61.936120 31.638016 17.975275 0.036176 0.586017 458.421 0 0
1500.0 98.666410 -36.273733 18.028728 0.767784 -0.590708 458.440 0 0
1500.0 88.709809 26.240621 17.839430 0.547502 0.381646 458.578 0 0
1500.0 51.560308 16.029229 18.208690 -0.101533 0.241769 458.782 0 0
1500.0 88.694950 2.773297 18.592500 0.553720 0.114028 458.833 0 0
1500.0 117.365829 14.385235 17.949712 0.968839 0.191291 458.844 0 0
1500.0 90.475244 50.789826 17.771339 0.503740 0.831147 458.921 0 0
1500.0 98.533939 -50.845401 17.822510 0.669937 -0.779997 459.122 0 0
1500.0 111.490291 -3.145549 18.035099 0.879709 -0.099919 459.006 0 0
1500.0 99.239540 25.145858 17.887965 0.707933 0.395110 459.156 0 0
1500.0 103.659163 -0.134753 17.877835 0.760627 -0.049837 458.942 0 0
1500.0 91.857552 7.015230 17.890337 0.521152 0.183196 459.110 0 0
1500.0 61.371570 45.145136 18.394334 0.090227 0.841528 459.031 0 0
1500.0 110.703194 24.063445 17.974683 0.829362 0.455812 459.209 0 0
1500.0 101.086584 55.169515 18.263814 0.765136 0.979990 459.211 0 0
1500.0 69.215050 45.674687 18.203895 0.262819 0.897750 459.200 0 0
1500.0 64.932461 12.899199 18.398414 0.194335 0.232912 459.605 0 0
1500.0 -9.182740 -10.232176 17.840741 -1.036547 -0.128302 459.455 0 0
1500.0 118.828358 -7.759467 18.054755 0.995067 -0.088908 459.778 0 0
1500.0 113.648451 30.133813 17.973006 0.875408 0.507459 459.692 0 0
1500.0 58.562625 13.341903 18.291752 0.035399 0.265512 459.907 0 0
1500.0 38.378903 -16.500663 18.063824 -0.325765 -0.293613 459.510 0 0
1500.0 78.275197 4.331426 18.042019 0.319524 0.139292 459.609 0 0
1500.0 69.702508 27.366497 18.027710 0.131814 0.424485 459.852 0 0
1500.0 79.672018 14.388413 17.859713 0.344614 0.297480 459.578 0 0
1500.0 82.549989 -3.039303 17.822799 0.395347 0.028580 459.692 0 0
1500.0 128.056167 -4.138187 17.932220 1.152076 -0.001270 459.830 0 0
1500.0 19.627798 -9.237010 18.059749 -0.606459 -0.182176 459.937 0 0
1500.0 43.277080 33.637298 18.036860 -0.211830 0.581030 460.129 0 0
1500.0 94.400228 68.482329 17.917836 0.649935 1.172128 460.125 0 0
1500.0 137.847296 -27.217008 18.307816 1.438790 -0.489832 460.112 0 0
1500.0 56.796226 -50.242471 18.365208 0.039713 -0.945709 459.985 0 0
1500.0 106.950733 14.947302 17.886330 0.822885 0.225634 460.184 0 0
1500.0 84.388886 13.228772 18.288270 0.421610 0.262511 460.236 0 0
1500.0 87.889363 -0.703269 18.169648 0.557652 0.035078 460.349 0 0
1500.0 60.977846 2.933711 18.067576 0.051177 0.115562 460.361 0 0
1500.0 78.493697 -31.318091 18.106665 0.321037 -0.579505 460.304 0 0
1500.0 121.902845 -12.018831 17.942968 1.003771 -0.181056 460.581 0 0
1500.0 2.519889 -34.300287 17.864673 -0.836509 -0.575064 460.872 0 0
1500.0 77.896082 33.962282 18.328414 0.386696 0.573816 460.698 0 0
1500.0 93.677704 35.909044 18.031738 0.544024 0.608940 460.826 0 0
1500.0 17.198296 29.074114 17.851661 -0.605593 0.515348 460.538 0 0
1500.0 68.297364 33.095439 18.031641 0.135309 0.557488 460.596 0 0
1500.0 86.527933 -8.123843 17.900090 0.438916 -0.207592 460.552 0 0
1500.0 66.377202 -38.473449 18.417485 0.192676 -0.787708 460.528 0 0
1500.0 115.791029 -8.626033 17.914152 0.905099 -0.136833 460.948 0 0
1500.0 102.484314 48.546111 17.883723 0.736095 0.727503 461.027 0 0
1500.0 33.379051 38.447453 18.027439 -0.390401 0.633620 461.108 0 0
1500.0 -20.085390 23.319480 17.966595 -1.409646 0.412732 460.892 0 0
1500.0 74.597180 30.421606 18.069228 0.279830 0.482879 461.282 0 0
1500.0 72.552118 64.673817 17.776675 0.228173 1.005126 461.155 0 0
1500.0 93.009589 0.644658 18.045694 0.571502 -0.061304 461.267 0 0
1500.0 55.025425 46.045909 18.056655 -0.038924 0.759628 461.530 0 0
1500.0 78.152893 18.219785 18.170717 0.401515 0.330376 461.515 0 0
1500.0 103.651162 -9.920181 17.960035 0.841306 -0.139137 461.508 0 0
1500.0 122.745696 -45.107949 18.018554 1.179733 -0.787881 461.429 0 0
1500.0 109.870937 3.469129 18.040408 0.877581 0.050253 461.542 0 0
1500.0 57.911755 53.152664 18.024609 -0.021633 0.848746 461.565 0 0
1500.0 217.611200 10.860181 17.787967 2.476581 0.231441 461.806 0 0
1500.0 132.455835 -10.206457 17.903373 1.200768 -0.229872 461.774 0 0
1500.0 116.306809 -20.107479 17.896236 0.964981 -0.251679 461.789 0 0
1500.0 102.612780 50.548540 18.100384 0.813465 0.943486 461.791 0 0
1500.0 122.244896 14.700787 17.928028 1.000093 0.247739 461.832 0 0
1500.0 108.879394 10.647620 17.917840 0.842750 0.197444 461.866 0 0
1500.0 56.562275 20.213546 18.046875 0.043747 0.334281 462.140 0 0
1500.0 60.764064 -22.806266 18.509106 0.064058 -0.362916 461.995 0 0
1500.0 95.001254 32.249454 18.089472 0.622152 0.544222 462.020 0 0
1500.0 30.933761 -13.673208 18.065283 -0.449049 -0.229118 462.203 0 0
1500.0 96.541309 1.327929 17.874132 0.605290 0.095942 462.330 0 0
1500.0 61.069162 -16.714554 17.892733 0.098522 -0.321290 462.026 0 0
1500.0 -45.288497 -88.287952 17.877575 -1.686368 -1.440186 462.026 0 0
1500.0 72.722302 -3.075246 18.400672 0.369455 -0.078584 462.544 0 0
1500.0 50.111494 -1.328665 17.883896 -0.169275 -0.006771 462.397 0 0
1500.0 0.695301 -16.737484 17.851246 -0.917737 -0.275753 462.490 0 0
1500.0 67.674846 17.158981 18.050486 0.159049 0.334716 462.466 0 0
1500.0 113.766792 -76.381402 17.829832 0.940923 -1.253095 462.486 0 0
1500.0 52.233854 28.850708 18.000768 -0.094039 0.454303 463.044 0 0
1500.0 84.879396 6.948443 17.938761 0.453658 0.082048 462.891 0 0
1500.0 97.814807 -23.521469 17.978348 0.639506 -0.346415 463.148 0 0
1500.0 99.189020 -19.900360 18.313961 0.744984 -0.311675 462.834 0 0
1500.0 7.203798 -39.944724 17.850522 -0.812460 -0.615512 463.171 0 0
1500.0 84.013150 33.297065 17.931418 0.471384 0.529332 463.028 0 0
1500.0 55.909946 -27.367783 18.250954 0.024125 -0.485395 463.249 0 0
1500.0 98.861904 25.649435 17.869668 0.635099 0.462923 462.908 0 0
1500.0 20.515482 32.935247 17.830066 -0.628430 0.456015 462.984 0 0
1500.0 61.699927 -31.858906 18.001113 0.119810 -0.574869 463.031 0 0
1500.0 92.142058 -51.950397 17.885436 0.549764 -0.782302 463.329 0 0
1500.0 5.273910 16.866629 17.827274 -0.853214 0.210728 463.477 0 0
1500.0 51.564690 27.928637 17.981693 -0.145422 0.458152 463.405 0 0
1500.0 90.364267 37.941795 18.033234 0.585636 0.640589 463.375 0 0
1500.0 113.014791 21.416470 17.896963 0.871601 0.421903 463.505 0 0
1500.0 96.921895 -2.233201 17.790762 0.617933 -0.106293 463.696 0 0
1500.0 46.702776 -20.924041 17.874404 -0.143215 -0.394243 463.595 0 0
1500.0 56.736249 11.926667 18.184444 -0.107985 0.196073 463.558 0 0
1500.0 82.995732 61.292555 17.853613 0.370395 0.952644 464.018 0 0
1500.0 6.724687 -44.027325 17.852328 -0.808758 -0.666886 464.073 0 0
1500.0 58.982240 0.743100 18.760535 0.094213 -0.046858 464.042 0 0
1500.0 50.197531 44.509959 17.976108 -0.164661 0.703951 464.038 0 0
1500.0 88.536202 -23.677896 18.521101 0.551837 -0.441608 463.833 0 0
1500.0 50.154332 40.315451 18.222591 -0.132343 0.746517 463.983 0 0
1500.0 62.071065 20.081473 17.831526 -0.011198 0.333996 464.138 0 0
1500.0 65.541386 -18.962098 17.801811 0.186784 -0.315227 464.133 0 0
1500.0 86.176921 -33.356984 18.250085 0.527653 -0.547232 464.255 0 0
1500.0 96.212918 22.738759 17.914163 0.610738 0.330880 464.752 0 0
1500.0 118.033595 -19.348408 17.897229 0.962349 -0.318523 464.597 0 0
1500.0 19.917322 -37.457112 17.858940 -0.578222 -0.638179 464.633 0 0
1500.0 92.042277 19.758534 18.068320 0.595275 0.352822 464.712 0 0
1500.0 14.641963 8.551531 17.858082 -0.727996 0.141302 464.413 0 0
1500.0 31.205652 -34.828647 18.021108 -0.460747 -0.549406 464.555 0 0
1500.0 59.075893 22.277486 17.811513 0.082105 0.380739 464.464 0 0
1500.0 92.779446 -58.522766 18.057085 0.626208 -1.016497 464.664 0 0
1500.0 70.974833 7.715112 18.680902 0.247782 0.178311 464.713 0 0
1500.0 28.972745 -21.776426 17.995320 -0.440689 -0.330909 464.942 0 0
1500.0 72.442082 -62.783072 17.877863 0.261991 -0.986671 464.832 0 0
1500.0 66.628030 -35.484266 17.953785 0.165991 -0.613839 464.778 0 0
1500.0 87.694754 -20.031129 17.807137 0.522308 -0.273022 464.850 0 0
1500.0 78.849442 26.179988 17.807265 0.386174 0.438648 464.838 0 0
1500.0 116.514516 5.029820 18.147356 0.978610 0.109121 465.129 0 0
1500.0 87.480750 -0.742290 17.923168 0.485372 0.004264 465.332 0 0
1500.0 68.793885 28.798531 17.842469 0.096280 0.441853 465.574 0 0
1500.0 82.788863 -37.926994 17.816961 0.410176 -0.556048 465.416 0 0
1500.0 -6.532928 15.993597 17.902495 -1.000765 0.263441 465.498 0 0
1500.0 101.742301 -17.476574 17.880948 0.710731 -0.307852 465.717 0 0
1500.0 25.322599 -16.496343 18.027430 -0.540897 -0.276995 465.660 0 0
1500.0 115.722782 -23.737944 18.084328 1.011227 -0.441817 465.705 0 0
1500.0 102.851586 13.966020 18.521655 0.792606 0.257555 465.786 0 0
1500.0 69.987791 -54.773674 17.788604 0.193941 -0.839333 465.765 0 0
1500.0 46.146343 67.034492 17.814610 -0.135561 1.038742 466.009 0 0
1500.0 97.631986 7.522953 18.408290 0.717736 0.157554 466.091 0 0
1500.0 16.029337 -50.850625 17.781416 -0.600989 -0.823166 465.916 0 0
1500.0 78.030688 1.868016 18.298414 0.438514 0.022695 466.087 0 0
1500.0 91.906941 -48.350486 17.786550 0.577815 -0.747957 466.080 0 0
1500.0 114.996145 -26.026911 17.856723 0.905410 -0.455828 466.067 0 0
1500.0 58.470301 55.452603 17.816918 -0.068647 0.853810 466.077 0 0
1500.0 83.709998 -15.746772 17.871915 0.412348 -0.319388 465.844 0 0
1500.0 122.867554 -19.321452 17.881795 0.985310 -0.339685 466.177 0 0
1500.0 76.483813 37.342563 18.296442 0.329010 0.628121 466.242 0 0
1500.0 112.737982 13.403623 17.796933 0.889494 0.236915 466.197 0 0
1500.0 68.397939 -10.103024 18.494374 0.271200 -0.151751 466.265 0 0
1500.0 75.907066 24.862154 18.114945 0.292290 0.406816 466.269 0 0
1500.0 44.503089 42.164209 17.878230 -0.177163 0.656617 466.253 0 0
1500.0 105.133549 -12.184600 17.828034 0.698376 -0.257850 466.276 0 0
1500.0 41.798013 -5.328208 18.208025 -0.286604 -0.083738 466.282 0 0
1500.0 59.880422 -49.094691 17.826373 0.016439 -0.808966 466.687 0 0
1500.0 95.219078 30.404236 17.978642 0.599566 0.532188 466.419 0 0
1500.0 74.757816 36.983150 17.887089 0.282965 0.634527 466.706 0 0
1500.0 72.032255 20.374756 18.052767 0.186511 0.363414 466.666 0 0
1500.0 41.673726 21.068312 18.051524 -0.278814 0.373507 466.761 0 0
1500.0 83.197618 -4.496394 17.956070 0.399234 -0.146436 466.612 0 0
1500.0 40.806150 1.905171 17.864594 -0.295388 -0.042291 466.386 0 0
1500.0 24.810827 -45.512132 17.867038 -0.500155 -0.788636 466.390 0 0
1500.0 65.131419 -68.776407 17.819871 0.179781 -1.102358 466.887 0 0
1500.0 130.459440 40.717950 18.203068 1.395521 0.706593 466.740 0 0
1500.0 62.014519 -40.395805 18.300517 0.121396 -0.828959 466.757 0 0
1500.0 74.609404 -18.922696 17.810075 0.254019 -0.325561 467.235 0 0
1500.0 0.201707 -27.472489 17.835672 -0.882012 -0.433393 467.059 0 0
1500.0 53.657906 66.904649 17.794168 -0.001747 1.027049 467.292 0 0
1500.0 6.499371 -30.182005 17.792693 -0.785180 -0.531116 467.362 0 0
1500.0 88.018271 10.789246 17.882769 0.540677 0.136222 466.919 0 0
1500.0 78.307563 -3.656280 17.837529 0.381117 -0.014020 467.387 0 0
1500.0 120.878205 -25.772430 18.157020 1.078338 -0.509148 467.012 0 0
1500.0 70.558978 25.184578 18.340331 0.206204 0.537535 467.330 0 0
1500.0 102.274556 2.327087 18.028021 0.725599 -0.035779 467.707 0 0
1500.0 123.048765 33.306627 18.005862 1.040299 0.554251 467.892 0 0
1500.0 51.511191 -24.564011 17.974996 -0.117273 -0.389661 467.466 0 0
1500.0 97.788625 -14.429622 18.013221 0.640343 -0.189884 467.693 0 0
1500.0 116.360274 25.139519 17.824781 0.868283 0.420018 467.455 0 0
1500.0 86.639312 -66.767798 17.843153 0.486185 -1.007641 468.004 0 0
1500.0 82.943424 62.924351 17.795076 0.427932 0.956944 468.069 0 0
1500.0 124.457451 -12.075675 17.794892 1.038109 -0.143563 467.996 0 0
1500.0 115.681565 28.540199 17.810902 0.922850 0.452878 467.643 0 0
1500.0 109.195227 -37.569082 17.826391 0.830236 -0.587823 467.540 0 0
1500.0 39.610293 57.359959 17.904701 -0.266905 0.924719 468.161 0 0
1500.0 1.637666 27.128531 17.809459 -0.910926 0.365126 467.975 0 0
1500.0 27.496783 -49.029423 17.823277 -0.529550 -0.775014 468.020 0 0
1500.0 108.440317 -8.081471 17.871958 0.842920 -0.153069 467.953 0 0
1500.0 80.824021 3.450848 18.226310 0.402967 0.128562 468.062 0 0
1500.0 38.559297 -16.191958 18.172164 -0.326934 -0.264221 467.882 0 0
1500.0 73.230016 -11.462661 18.172632 0.302257 -0.247691 468.066 0 0
1500.0 77.580778 -68.973841 17.819242 0.375962 -1.092821 467.548 0 0
1500.0 72.297112 -6.482621 17.850354 0.243832 -0.177118 467.970 0 0
1500.0 135.241381 13.547971 17.993853 1.356214 0.172733 467.857 0 0
1500.0 60.451524 -13.191859 18.784465 0.068064 -0.241220 467.886 0 0
1500.0 103.074691 -39.171955 18.032171 0.827289 -0.722358 467.651 0 0
1500.0 119.003651 2.451234 17.930118 0.942268 0.058330 468.895 0 0
1500.0 29.955154 -57.390481 17.937106 -0.468937 -0.888708 469.247 0 0
1500.0 67.349014 50.310141 18.142818 0.181319 0.827481 468.340 0 0
1500.0 72.240882 10.775333 18.204538 0.298924 0.173072 468.554 0 0
1500.0 89.699433 18.046804 18.194085 0.517346 0.300852 468.831 0 0
1500.0 78.350479 -1.392884 18.040535 0.305953 -0.087202 468.908 0 0
1500.0 57.022494 11.858547 18.118878 -0.029766 0.208159 469.430 0 0
1500.0 70.618792 -41.511071 17.909663 0.221825 -0.635200 468.904 0 0
1500.0 58.191767 -30.404444 17.885402 0.041885 -0.479993 469.659 0 0
1500.0 24.004069 -37.168618 17.851687 -0.533592 -0.557472 468.733 0 0
1500.0 106.455262 24.172398 17.831864 0.736056 0.386646 469.907 0 0
1500.0 46.081860 -58.851466 17.841580 -0.142529 -0.901242 469.553 0 0
1500.0 114.981929 33.732540 17.892276 0.893458 0.532596 469.312 0 0
1500.0 65.149048 58.460564 17.879665 0.133226 0.933548 468.615 0 0
1500.0 -0.753661 -18.177301 17.820758 -0.949125 -0.305944 468.555 0 0
1500.0 87.853493 -53.394567 18.017170 0.494696 -0.862142 469.268 0 0
1500.0 80.299182 -52.530348 18.019540 0.385410 -0.855658 468.769 0 0
1500.0 105.878460 1.112000 18.088667 0.810966 0.067958 468.347 0 0
1500.0 85.994509 -49.289670 18.084910 0.465473 -0.808376 469.036 0 0
1500.0 85.669079 -40.541458 18.089339 0.464860 -0.684148 468.424 0 0
1500.0 101.477272 -20.008514 18.090487 0.704168 -0.375848 468.294 0 0
1500.0 76.997257 -62.794617 17.864373 0.356447 -0.963927 469.431 0 0
1500.0 94.456970 -48.309964 17.866518 0.622136 -0.755484 468.799 0 0
1500.0 97.312258 -45.384620 17.866707 0.665428 -0.711961 468.759 0 0
1500.0 70.430574 37.389990 18.218902 0.242540 0.639433 468.658 0 0
1500.0 107.880561 5.451337 18.195570 0.867689 0.084402 469.380 0 0
1500.0 106.251831 -34.662455 17.896295 0.716935 -0.595834 468.649 0 0
1500.0 93.869980 -46.328241 17.896121 0.529820 -0.771601 468.677 0 0
1500.0 82.377601 39.843887 18.080330 0.432530 0.671802 468.926 0 0
1500.0 107.840652 -25.661497 17.827503 0.832935 -0.393941 468.714 0 0
1500.0 74.130455 2.053387 18.263376 0.307066 0.107415 468.487 0 0
1500.0 25.483865 -45.124372 17.803180 -0.564130 -0.646400 468.295 0 0
1500.0 54.633695 83.905978 17.809749 -0.116892 1.322276 468.734 0 0
1500.0 78.488211 -11.463795 18.291879 0.447407 -0.175515 469.088 0 0
1500.0 109.404943 -3.092681 17.821343 0.850048 -0.005099 468.702 0 0
1500.0 99.900531 -38.461053 17.896250 0.726268 -0.577853 468.855 0 0
1500.0 74.551785 -11.902536 18.117128 0.289900 -0.260012 468.661 0 0
1500.0 43.150224 -24.555950 18.114614 -0.192662 -0.453465 468.833 0 0
1500.0 69.293565 42.326483 17.938536 0.249392 0.693575 468.855 0 0
1500.0 97.597690 -16.179399 17.970048 0.675791 -0.304027 468.994 0 0
1500.0 32.118211 -26.941649 18.018531 -0.446128 -0.438412 468.894 0 0
1500.0 33.308250 22.830211 18.133655 -0.374133 0.416624 469.535 0 0
1500.0 93.401354 29.053475 17.806125 0.616350 0.455531 469.642 0 0
1500.0 85.062486 -20.108692 18.054116 0.520287 -0.304189 469.845 0 0
1500.0 31.326828 -29.771514 17.874030 -0.484138 -0.446901 469.418 0 0
1500.0 96.257609 8.282488 17.914644 0.584234 0.203420 469.812 0 0
1500.0 71.848798 26.836786 17.878911 0.173569 0.479802 469.636 0 0
1500.0 129.065692 -43.514398 17.867579 1.229171 -0.687960 468.910 0 0
1500.0 142.040767 -15.173066 18.030541 1.473829 -0.238417 468.431 0 0
1500.0 40.227668 -145.361265 17.930273 -0.360465 -2.388946 469.163 0 0
1500.0 135.185134 -1.899592 18.020475 1.342413 0.014186 468.989 0 0
1500.0 89.091471 -61.330906 17.898705 0.585969 -1.039272 469.495 0 0
1500.0 46.817678 41.506061 17.969739 -0.265966 0.683410 469.640 0 0
1500.0 56.509143 11.062067 18.196831 -0.100316 0.255141 469.307 0 0
1500.0 97.781351 -19.456355 17.813693 0.575233 -0.337403 470.035 0 0
1500.0 92.697288 -54.854770 17.795372 0.494318 -0.865211 470.303 0 0
1500.0 104.360670 14.889863 18.278459 0.825408 0.220611 470.267 0 0
1500.0 90.661374 -45.065840 18.277708 0.670722 -0.877499 470.027 0 0
1500.0 115.619063 -32.558533 17.821296 0.927372 -0.486285 470.400 0 0
1500.0 101.503115 51.973931 17.821290 0.716890 0.764674 470.527 0 0
1500.0 -6.777941 -5.207345 17.882921 -1.029580 -0.092045 470.482 0 0
1500.0 120.135745 -24.509373 17.811293 0.987624 -0.324507 470.479 0 0
1500.0 74.564034 25.037889 18.323052 0.381084 0.415874 470.475 0 0
1500.0 10.152381 4.351191 17.837620 -0.757859 0.141537 470.437 0 0
1500.0 64.903404 25.851908 17.909433 0.040877 0.388905 471.239 0 0
1500.0 55.397634 -42.856349 17.935201 -0.032629 -0.644459 470.739 0 0
1500.0 33.704717 7.040898 18.035847 -0.378555 0.092600 470.667 0 0
1500.0 67.040539 -4.603751 17.902804 0.119541 -0.131209 470.983 0 0
1500.0 11.140482 17.289957 17.837796 -0.726399 0.264323 470.614 0 0
1500.0 56.780234 -22.351661 17.853414 -0.028003 -0.381513 471.412 0 0
1500.0 89.162282 29.890713 17.821828 0.496037 0.451249 471.248 0 0
1500.0 86.198403 -47.754142 17.837061 0.445560 -0.731977 471.111 0 0
1500.0 59.102020 54.595354 17.837556 -0.012361 0.839391 471.478 0 0
1500.0 102.842276 -46.022590 17.861351 0.659171 -0.732774 470.606 0 0
1500.0 105.429771 -43.437301 17.867651 0.757511 -0.656730 471.388 0 0
1500.0 49.713576 -62.787953 17.860135 -0.113425 -0.978061 471.648 0 0
1500.0 121.196345 -14.602072 17.823595 0.992759 -0.216490 471.573 0 0
1500.0 121.239753 -25.057051 17.810993 0.991686 -0.328566 471.317 0 0
1500.0 108.622524 37.547720 17.889855 0.823943 0.606034 470.891 0 0
1500.0 120.948904 0.153545 17.890488 1.010559 0.047711 470.723 0 0
1500.0 123.493936 -14.216492 17.822780 0.996809 -0.284351 471.080 0 0
1500.0 116.966879 21.553864 17.924192 0.963436 0.292103 471.094 0 0
1500.0 106.786105 -0.407181 18.252198 0.857881 0.010117 471.761 0 0
1500.0 6.306997 24.572413 17.797735 -0.845317 0.425850 470.781 0 0
1500.0 93.226260 11.779384 18.036585 0.625210 0.131424 470.624 0 0
1500.0 52.845346 18.477476 18.134053 -0.107586 0.316991 470.860 0 0
1500.0 92.889236 35.348994 17.856241 0.614328 0.536555 470.733 0 0
1500.0 -0.687269 117.237790 17.803359 -0.966713 1.778906 471.769 0 0
1500.0 84.090047 15.502529 18.173444 0.494650 0.292027 471.786 0 0
1500.0 66.644598 27.295475 18.136775 0.098657 0.440994 471.462 0 0
1500.0 111.175042 -8.505506 17.802218 0.833346 -0.056749 471.419 0 0
1500.0 40.859968 -30.350031 17.900916 -0.334476 -0.458155 471.177 0 0
1500.0 111.637324 -10.272151 18.399567 0.959777 -0.216344 471.358 0 0
1500.0 63.046745 -28.220870 17.868882 0.029600 -0.497157 471.739 0 0
1500.0 43.393179 16.485159 17.888350 -0.204463 0.332883 471.765 0 0
1500.0 78.020311 81.940944 18.060533 0.341744 1.364183 471.956 0 0
1500.0 56.381916 -41.693781 17.876054 -0.106557 -0.690770 470.863 0 0
1500.0 73.587866 63.220372 18.180337 0.313857 1.104614 471.259 0 0
1500.0 41.959785 -14.815076 18.672409 -0.261741 -0.246396 470.724 0 0
1500.0 13.698150 100.908484 18.009428 -0.734660 1.758828 471.817 0 0
1500.0 63.341239 -25.233515 18.352757 0.056199 -0.394303 471.399 0 0
1500.0 35.707486 38.173268 17.925679 -0.307182 0.605446 472.026 0 0
1500.0 80.174802 -42.707316 17.882127 0.382799 -0.630511 473.106 0 0
1500.0 109.152458 8.758784 17.950437 0.784502 0.175352 473.242 0 0
1500.0 70.767342 -20.536778 18.279695 0.282588 -0.312360 472.739 0 0
1500.0 85.373407 18.363465 18.087562 0.450595 0.304182 472.434 0 0
1500.0 65.282583 10.861311 17.835042 0.159374 0.182299 472.110 0 0
1500.0 66.171776 13.333163 17.910297 0.139848 0.252434 472.719 0 0
1500.0 61.139117 -50.401007 17.932674 0.056727 -0.787365 473.654 0 0
1500.0 65.813602 63.879039 17.814568 0.172201 0.966632 472.395 0 0
1500.0 110.570484 -16.657891 17.917634 0.817896 -0.282266 473.690 0 0
1500.0 117.690401 -26.929547 17.921814 0.957829 -0.425799 472.241 0 0
1500.0 116.649202 32.860235 17.828384 0.885260 0.554035 472.380 0 0
1500.0 120.794003 -6.872488 18.034594 1.028709 -0.097440 472.353 0 0
1500.0 -4.114830 14.452724 17.858597 -0.967617 0.222036 473.728 0 0
1500.0 66.650712 65.882732 17.819317 0.168800 1.033665 472.908 0 0
1500.0 -6.988551 6.956452 17.856787 -1.011918 0.164182 472.194 0 0
1500.0 0.207116 32.524884 17.855525 -0.895996 0.541473 472.816 0 0
1500.0 101.703019 45.684607 17.878598 0.733286 0.703666 472.414 0 0
1500.0 75.449144 -44.251322 18.154599 0.351241 -0.727763 472.923 0 0
1500.0 97.373306 17.154678 17.999099 0.684659 0.222909 472.679 0 0
1500.0 16.059482 32.753472 17.888649 -0.706836 0.511070 472.268 0 0
1500.0 48.152351 -18.490906 18.159498 -0.179576 -0.313856 472.234 0 0
1500.0 122.727315 10.174478 17.822010 1.041485 0.094295 472.139 0 0
1500.0 101.816316 22.220899 17.992222 0.709541 0.419433 472.205 0 0
1500.0 60.073584 48.866556 18.074143 0.015006 0.799097 473.450 0 0
1500.0 87.751344 -14.620579 17.899286 0.538178 -0.259148 472.165 0 0
1500.0 111.342664 4.780251 17.887174 0.888046 0.040469 473.279 0 0
1500.0 110.237324 -22.123183 17.884503 0.866664 -0.366990 473.625 0 0
1500.0 83.701099 -13.859240 17.901193 0.476513 -0.247899 472.025 0 0
1500.0 98.831883 -11.207691 17.980050 0.687786 -0.234634 473.085 0 0
1500.0 68.163473 11.869555 18.100453 0.122834 0.219412 472.654 0 0
1500.0 52.432846 -9.361372 18.101476 -0.120146 -0.108474 472.590 0 0
1500.0 89.333061 11.975030 17.875514 0.528635 0.118195 472.739 0 0
1500.0 109.035809 10.577881 17.864525 0.822869 0.095124 473.664 0 0
1500.0 44.772530 2.152945 18.178146 -0.220905 0.078182 473.645 0 0
1500.0 50.508631 22.359303 18.004790 -0.095012 0.423192 473.245 0 0
1500.0 48.440891 -27.739547 17.862548 -0.158740 -0.508147 473.203 0 0
1500.0 132.558905 86.480917 17.969661 1.212665 1.422560 473.718 0 0
1500.0 129.610447 -99.574071 17.938891 1.207707 -1.635261 472.691 0 0
1500.0 27.729331 72.616145 17.838855 -0.512291 1.213868 473.595 0 0
1500.0 102.534157 -29.540806 17.939388 0.710588 -0.553254 472.623 0 0
1500.0 110.422582 17.397126 17.990594 0.927396 0.316705 473.699 0 0
1500.0 124.576955 20.888516 17.871381 1.045189 0.274607 473.836 0 0
1500.0 22.995830 19.372262 17.884490 -0.616491 0.254622 473.890 0 0
1500.0 35.761549 13.558896 17.966093 -0.356295 0.156369 474.180 0 0
1500.0 76.445823 -3.606705 17.850653 0.327274 -0.054088 474.468 0 0
1500.0 44.496960 28.043145 17.848587 -0.208101 0.458886 474.573 0 0
1500.0 106.646191 -5.925186 17.969135 0.750709 -0.135570 474.528 0 0
1500.0 111.836829 -7.525027 17.802418 0.842280 -0.099742 474.074 0 0
1500.0 9.327298 32.717107 17.863341 -0.764378 0.481484 474.486 0 0
1500.0 119.607126 19.253806 18.020269 1.004568 0.288981 474.302 0 0
1500.0 119.038773 10.298877 17.925917 0.981459 0.205346 473.998 0 0
1500.0 82.219099 -60.234422 17.889788 0.381351 -0.967644 474.666 0 0
1500.0 88.874795 -15.467726 18.359906 0.532867 -0.308237 474.162 0 0
1500.0 32.268676 -49.952925 17.861140 -0.350718 -0.827088 474.039 0 0
1500.0 78.613404 34.671005 18.119940 0.358689 0.602997 474.343 0 0
1500.0 22.205289 -6.810982 18.151393 -0.574194 -0.134693 474.356 0 0
1500.0 68.404056 10.438608 18.138708 0.267970 0.192930 474.325 0 0
1500.0 82.171950 -32.865316 17.940133 0.321229 -0.548547 474.012 0 0
1500.0 111.386465 18.381914 17.851173 0.857899 0.216064 474.831 0 0
1500.0 105.607040 10.228657 17.856004 0.775654 0.092393 474.331 0 0
1500.0 85.651055 -8.218315 18.049778 0.433287 -0.200905 474.818 0 0
1500.0 13.730662 30.268181 17.863480 -0.705688 0.559575 474.436 0 0
1500.0 55.603385 -32.681886 17.915268 0.015729 -0.591783 474.402 0 0
1500.0 124.966551 -11.551957 17.911252 1.168030 -0.162605 474.296 0 0
1500.0 143.812515 -18.596796 18.099419 1.503890 -0.361718 474.744 0 0
1500.0 89.700221 -34.858274 17.937225 0.524397 -0.520728 475.070 0 0
1500.0 14.004563 38.127832 17.863452 -0.669157 0.604232 475.078 0 0
1500.0 104.298973 42.090643 18.014727 0.756618 0.683935 475.034 0 0
1500.0 70.303591 -6.329993 18.213010 0.271672 -0.053409 475.296 0 0
1500.0 86.025557 -13.526256 17.947138 0.460916 -0.148630 475.239 0 0
1500.0 76.517104 -5.345725 17.935203 0.323789 -0.117885 475.341 0 0
1500.0 62.948429 -16.529258 18.229746 0.066550 -0.275907 476.971 0 0
1500.0 80.632994 -16.432878 18.708040 0.400833 -0.287441 478.889 0 0
1500.0 41.834112 30.952664 17.837951 -0.217429 0.505349 475.961 0 0
1500.0 16.379433 -3.268602 17.811239 -0.644236 0.002394 475.676 0 0
1500.0 103.483499 -3.197980 18.050896 0.733257 -0.030898 476.334 0 0
1500.0 43.200083 46.942936 17.908993 -0.215898 0.733833 475.718 0 0
1500.0 93.171127 8.544761 18.037771 0.560591 0.098590 479.017 0 0
1500.0 73.012859 51.916353 17.867591 0.175496 0.796346 475.563 0 0
1500.0 66.063190 34.631086 17.937688 0.116472 0.549784 477.467 0 0
1500.0 88.667505 -28.552612 18.147914 0.497199 -0.459059 477.465 0 0
1500.0 97.292512 -17.494975 17.919903 0.632043 -0.228556 476.860 0 0
1500.0 72.058417 10.151876 17.855378 0.263288 0.164585 477.535 0 0
1500.0 103.440983 2.772010 17.843791 0.711479 0.062177 476.605 0 0
1500.0 40.637516 8.274411 18.143799 -0.268494 0.092019 478.824 0 0
1500.0 37.247779 9.621725 18.138997 -0.316680 0.152660 478.802 0 0
1500.0 47.169782 2.973720 17.820948 -0.136463 0.108895 477.811 0 0
1500.0 84.722130 29.403695 17.883582 0.441011 0.451978 477.950 0 0
1500.0 94.973333 -47.974557 17.933926 0.602124 -0.729813 476.718 0 0
1500.0 88.820759 4.240542 17.897051 0.508426 0.058788 478.398 0 0
1500.0 31.361556 -10.664934 17.904523 -0.390667 -0.214531 478.726 0 0
1500.0 119.955600 -6.432719 17.832436 0.944834 -0.145670 476.524 0 0
1500.0 53.399161 15.685086 17.971361 -0.024155 0.282752 479.317 0 0
1500.0 94.715821 17.497970 17.898309 0.587334 0.216419 478.616 0 0
1500.0 128.731986 -0.377043 17.857029 1.104514 -0.007178 476.824 0 0
1500.0 104.928841 -40.520967 18.026082 0.795038 -0.623597 475.401 0 0
1500.0 91.385882 -16.136199 17.874184 0.507693 -0.288466 479.438 0 0
1500.0 83.083710 -54.822045 17.858932 0.399937 -0.852062 477.829 0 0
1500.0 70.140187 24.158352 17.897017 0.233506 0.377757 479.938 0 0
1500.0 1.809612 30.969881 17.804681 -0.889986 0.478507 477.104 0 0
1500.0 21.220104 37.107950 17.814762 -0.594021 0.555972 478.591 0 0
1500.0 -6.948299 -2.971809 17.802917 -1.040940 -0.016882 475.574 0 0
1500.0 47.221515 -50.745243 17.852133 -0.162746 -0.793027 479.113 0 0
1500.0 19.065065 -43.225131 17.926629 -0.638226 -0.693617 475.382 0 0
1500.0 59.187036 17.697302 18.083568 0.057826 0.312493 481.626 0 0
1500.0 46.427582 -59.219495 17.896199 -0.238775 -0.915623 475.475 0 0
1500.0 64.068962 -0.050895 18.085448 0.167839 0.034513 482.695 0 0
1500.0 76.255713 -15.677602 18.142080 0.315115 -0.277696 482.354 0 0
1500.0 43.651702 -25.704906 18.137310 -0.203910 -0.410796 482.093 0 0
1500.0 52.119840 -50.354236 18.001711 -0.034643 -0.833487 475.643 0 0
1500.0 93.403892 -29.850379 18.106655 0.648213 -0.451060 475.975 0 0
1500.0 85.483848 12.892945 18.191710 0.540913 0.208434 475.663 0 0
1500.0 94.230759 -8.246413 18.117356 0.605848 -0.129250 482.278 0 0
1500.0 102.585097 8.593274 18.113097 0.725907 0.105517 481.895 0 0
1500.0 113.708349 28.942712 17.984627 0.881113 0.457941 479.850 0 0
1500.0 103.748413 40.655407 17.984073 0.764491 0.649278 477.419 0 0
1500.0 24.122518 11.400036 17.941915 -0.585274 0.189051 475.258 0 0
1500.0 30.538133 -36.521768 17.937587 -0.483662 -0.547389 475.610 0 0
1500.0 57.775208 15.055891 18.197480 0.060749 0.305728 475.806 0 0
1500.0 63.172564 4.386143 18.462560 0.144519 0.140120 476.762 0 0
1500.0 89.098983 -56.154190 17.834137 0.413749 -0.881938 479.409 0 0
1500.0 32.299262 -11.824404 17.853535 -0.442965 -0.246011 475.637 0 0
1500.0 24.296021 -72.416386 17.841263 -0.562289 -1.161145 476.790 0 0
1500.0 58.089070 50.850182 17.899905 0.062143 0.832702 476.643 0 0
1500.0 84.067306 60.070636 17.888920 0.445273 0.944522 478.654 0 0
1500.0 71.339103 30.417908 17.911354 0.242793 0.477818 482.505 0 0
1500.0 80.290239 -9.157663 18.162457 0.339603 -0.201642 477.670 0 0
1500.0 93.477894 13.991141 18.128730 0.625815 0.272850 477.102 0 0
1500.0 109.763747 -39.596971 17.992288 0.822809 -0.628644 480.396 0 0
1500.0 -6.716000 10.369948 17.830863 -1.012209 0.126315 480.104 0 0
1500.0 116.965654 16.613297 17.848810 0.897976 0.327218 477.665 0 0
1500.0 85.805437 -2.128544 18.001416 0.509234 -0.082708 476.517 0 0
1500.0 78.008726 -17.140360 17.970143 0.390911 -0.228377 477.692 0 0
1500.0 69.343377 -37.837440 17.899603 0.207913 -0.589468 482.833 0 0
1500.0 5.937613 -38.033577 17.900694 -0.796329 -0.600321 480.916 0 0
1500.0 13.516745 -48.683875 17.898020 -0.702798 -0.772203 479.327 0 0
1500.0 73.583082 61.656041 17.951362 0.297894 0.974443 479.258 0 0
1500.0 79.253083 2.722377 17.975573 0.397957 0.100506 476.626 0 0
1500.0 77.921340 22.528290 17.971749 0.375758 0.405898 476.893 0 0
1500.0 110.706245 38.668535 17.950368 0.831944 0.617954 480.786 0 0
1500.0 14.738157 52.204311 17.880285 -0.700975 0.775864 480.337 0 0
1500.0 51.371417 -62.309870 17.998067 -0.118751 -0.990868 479.419 0 0
1500.0 78.947149 -21.668862 18.018788 0.302595 -0.397563 477.220 0 0
1500.0 84.664263 -18.718607 17.907102 0.498838 -0.291033 477.108 0 0
1500.0 10.621009 -7.753935 17.931502 -0.786217 -0.134365 478.073 0 0
1500.0 9.647247 -4.565927 17.931160 -0.800699 -0.085583 478.106 0 0
1500.0 50.322818 27.547559 17.943595 -0.181944 0.411392 477.108 0 0
1500.0 48.349873 34.794444 17.826591 -0.125973 0.613346 477.123 0 0
1500.0 78.131700 61.570971 18.007780 0.328296 1.052651 475.944 0 0
1500.0 67.463321 -33.916338 18.218169 0.125496 -0.547671 478.553 0 0
1500.0 116.235349 -31.731965 17.876844 0.941851 -0.456090 480.476 0 0
1500.0 80.571232 26.236365 17.897282 0.432708 0.420365 477.536 0 0
1500.0 138.396674 19.044969 17.803196 1.210537 0.365038 478.844 0 0
1500.0 64.009184 -50.637668 17.923620 0.160126 -0.823450 478.655 0 0
1500.0 87.723244 34.524128 18.039645 0.517957 0.590433 478.936 0 0
1500.0 122.744304 8.467693 17.940349 1.033368 0.129037 481.770 0 0
1500.0 117.527625 -19.806165 17.941636 0.976925 -0.289700 480.386 0 0
1500.0 65.988650 20.473646 18.154531 0.215039 0.371465 478.517 0 0
1500.0 42.341788 68.945296 17.950199 -0.189461 1.151000 476.814 0 0
1500.0 103.601662 -3.413148 17.834071 0.766873 -0.040658 479.417 0 0
1500.0 80.744628 46.797597 17.832796 0.401732 0.688338 482.488 0 0
1500.0 107.994036 18.990877 17.829339 0.819785 0.294016 480.516 0 0
1500.0 74.069471 3.851527 18.488929 0.377558 0.115161 479.876 0 0
1500.0 71.870034 -7.577865 17.848118 0.265264 -0.179938 477.465 0 0
1500.0 60.546618 65.113626 17.804049 0.063759 1.039838 480.728 0 0
1500.0 106.162387 -71.077253 18.096553 0.881465 -1.186868 475.313 0 0
1500.0 52.574678 -33.823694 17.952423 -0.064867 -0.598874 478.561 0 0
1500.0 57.792987 33.195593 18.208849 0.062931 0.579203 479.694 0 0
1500.0 121.669295 -3.256994 18.197242 1.119607 0.003017 476.743 0 0
1500.0 12.288400 19.620388 17.858382 -0.732810 0.368801 479.566 0 0
1500.0 108.314576 -56.206647 17.980768 0.873679 -0.889790 478.987 0 0
1500.0 93.873119 -19.280134 18.167627 0.681384 -0.282110 477.972 0 0
1500.0 89.186476 9.000478 18.007174 0.541700 0.072231 479.457 0 0
1500.0 116.500674 13.234684 17.851373 0.958720 0.177779 480.851 0 0
1500.0 106.810597 -27.328560 17.853942 0.817190 -0.437271 480.463 0 0
1500.0 14.883692 -2.626839 18.093537 -0.698050 -0.030194 480.412 0 0
1500.0 104.993924 -38.638501 17.890945 0.762223 -0.638303 481.547 0 0
1500.0 53.570494 109.551803 17.871712 -0.092433 1.811084 478.364 0 0
1500.0 9.587112 47.664984 17.797270 -0.697143 0.778873 482.524 0 0
1500.0 83.475523 49.690051 17.803930 0.412169 0.828064 480.979 0 0
1500.0 166.205699 -7.465721 17.843822 1.695070 -0.068604 481.671 0 0
1500.0 2.858264 6.909312 17.928570 -0.924729 0.043037 477.736 0 0
1500.0 79.114162 -39.201782 17.936736 0.432537 -0.674723 475.265 0 0
1500.0 88.830884 -36.891767 18.085918 0.562349 -0.600935 481.788 0 0
1500.0 21.523211 46.590194 17.997844 -0.591873 0.736331 482.342 0 0
1500.0 23.125107 23.151675 18.009099 -0.578223 0.391029 481.142 0 0
1500.0 87.697670 10.138096 17.848663 0.538595 0.143051 480.149 0 0
1500.0 25.089284 -25.786037 17.830368 -0.501333 -0.475580 480.515 0 0
1500.0 114.355561 -87.116931 17.837089 0.926856 -1.325308 482.270 0 0
1500.0 92.576944 -12.441048 17.929747 0.616199 -0.161638 480.902 0 0
1500.0 109.871521 -21.956051 17.870156 0.866304 -0.372123 481.447 0 0
1500.0 20.289778 17.572080 18.030432 -0.594882 0.331846 481.517 0 0
1500.0 84.272201 -45.453418 17.998699 0.522948 -0.753664 477.184 0 0
1500.0 93.475071 22.928106 18.144651 0.653748 0.334258 482.275 0 0
1500.0 109.225703 -89.425824 17.893670 0.777223 -1.527197 477.062 0 0
1500.0 63.788499 -6.598765 17.860007 0.168098 -0.120601 480.300 0 0
1500.0 83.920312 -43.006018 17.842116 0.473303 -0.676427 481.680 0 0
1500.0 114.492436 2.586595 17.836791 0.933293 0.022610 482.301 0 0
1500.0 111.619607 15.690989 17.837582 0.891082 0.222052 482.195 0 0
1500.0 12.395648 -28.435664 17.916971 -0.698891 -0.507380 482.167 0 0
1500.0 87.314515 -31.090909 18.188365 0.559701 -0.554348 479.435 0 0
1500.0 76.312040 26.017556 17.910877 0.314368 0.477172 481.243 0 0
1500.0 97.092879 37.785821 17.897424 0.624197 0.647007 482.480 0 0
1500.0 65.006682 49.973474 17.933691 0.129860 0.830945 482.879 0 0
1500.0 69.897209 33.053233 18.012919 0.145414 0.556050 481.926 0 0
1500.0 76.135871 -54.047708 17.830524 0.313185 -0.886706 482.826 0 0
1500.0 69.886719 -36.273579 17.842840 0.222556 -0.628854 481.563 0 0
1500.0 84.209189 40.290826 17.966725 0.392123 0.686901 482.491 0 0
1500.0 62.195685 -1.875152 17.867195 0.133517 -0.071809 480.826 0 0
1500.0 80.682622 -5.054637 18.671922 0.488690 -0.145767 482.839 0 0
1500.0 117.223294 -14.939695 18.017927 1.023693 -0.225958 481.478 0 0
1500.0 43.730654 13.396308 17.919472 -0.256161 0.143865 481.559 0 0
1500.0 18.464712 98.451827 17.920430 -0.698080 1.643263 479.588 0 0
1500.0 17.224877 49.687678 17.961272 -0.717213 0.788115 480.573 0 0
1500.0 140.836850 -16.237650 18.029629 1.448426 -0.310416 478.497 0 0
1500.0 68.096463 19.688887 17.908239 0.152163 0.383167 482.197 0 0
1500.0 42.105500 17.557460 18.026617 -0.291951 0.239429 482.609 0 0
1500.0 38.982193 -5.967907 18.167156 -0.347549 -0.126699 479.762 0 0
1500.0 45.168654 -1.913409 18.030371 -0.219298 -0.092898 482.653 0 0
1500.0 63.877041 -22.439783 17.820685 0.116093 -0.423783 482.455 0 0
1500.0 64.343916 3.599055 17.845622 0.162759 0.101339 482.834 0 0
1500.0 148.405888 64.895283 17.881006 1.504846 1.137330 482.201 0 0
1500.0 122.144354 -27.890726 18.085790 1.123198 -0.535865 481.424 0 0
1500.0 150.084412 -15.132125 18.479910 1.763753 -0.230780 478.003 0 0
1500.0 61.541199 2.666352 17.952942 0.120629 0.063910 483.294 0 0
1500.0 77.507377 -3.391665 18.237757 0.331768 0.019959 483.505 0 0
1500.0 89.611037 3.896877 18.053381 0.511916 0.105775 483.988 0 0
1500.0 89.738342 25.335830 17.968456 0.507456 0.408397 483.371 0 0
1500.0 46.477065 -3.938324 17.947794 -0.216471 -0.069139 484.594 0 0
1500.0 51.442473 33.099915 17.847768 -0.153705 0.488174 485.757 0 0
1500.0 99.393448 22.068004 18.041511 0.642188 0.370349 484.386 0 0
1500.0 80.945546 33.342449 18.045033 0.381430 0.526283 484.707 0 0
1500.0 87.425541 16.294335 18.048332 0.470197 0.286872 484.983 0 0
1500.0 21.267808 -44.915350 17.897959 -0.580533 -0.673999 483.405 0 0
1500.0 66.612477 19.462279 17.830717 0.144985 0.337663 484.993 0 0
1500.0 113.542952 -30.658963 17.908672 0.880548 -0.472889 483.180 0 0
1500.0 97.962847 -11.845414 17.856954 0.603447 -0.127333 487.147 0 0
1500.0 90.895666 -10.117583 18.006993 0.514378 -0.201401 486.226 0 0
1500.0 74.037707 -24.775357 17.871764 0.294896 -0.367899 485.938 0 0
1500.0 95.475952 20.922545 17.865813 0.599576 0.274762 485.455 0 0
1500.0 24.457849 -17.153521 17.980405 -0.521854 -0.247554 486.225 0 0
1500.0 -4.860244 13.498818 17.900932 -0.989400 0.203018 483.311 0 0
1500.0 117.167631 -29.186247 17.877279 0.927112 -0.488766 483.146 0 0
1500.0 69.856362 -35.541237 17.898067 0.217285 -0.554522 486.579 0 0
1500.0 104.154733 -42.360507 17.817734 0.678091 -0.684164 484.758 0 0
1500.0 102.304517 -24.030930 18.086674 0.712225 -0.377808 486.793 0 0
1500.0 115.643750 -32.624171 17.826750 0.923044 -0.490195 483.984 0 0
1500.0 70.268046 -28.962533 18.045117 0.255682 -0.437008 488.215 0 0
1500.0 100.927610 14.191141 17.847377 0.677811 0.185396 487.099 0 0
1500.0 102.916939 30.487558 17.842115 0.711217 0.419243 486.579 0 0
1500.0 121.048970 -19.328008 17.830557 1.001675 -0.300939 484.353 0 0
1500.0 121.580682 6.018906 17.833302 0.995446 0.071485 485.312 0 0
1500.0 88.535364 -55.933816 17.834749 0.513288 -0.825192 485.592 0 0
1500.0 62.746597 -25.731248 17.856735 0.135701 -0.375862 487.859 0 0
1500.0 86.697172 -56.954872 17.879672 0.465364 -0.852334 487.158 0 0
1500.0 87.696921 9.162495 18.006278 0.498195 0.154569 488.298 0 0
1500.0 69.971771 65.040687 17.889461 0.204963 1.025272 484.781 0 0
1500.0 69.471182 47.769267 17.936760 0.185660 0.750176 487.058 0 0
1500.0 102.437189 9.237154 18.716120 0.834535 0.115452 485.376 0 0
1500.0 80.432990 -62.468174 17.838093 0.391400 -0.953365 485.376 0 0
1500.0 116.807485 -24.233780 17.840025 0.916597 -0.391149 485.889 0 0
1500.0 85.787743 13.778308 17.969320 0.435582 0.254211 488.808 0 0
1500.0 73.969859 -55.043024 17.839316 0.320244 -0.842589 482.951 0 0
1500.0 58.205169 -19.940400 17.918705 -0.027235 -0.336249 489.135 0 0
1500.0 -84.862773 14.577031 17.805135 -2.162933 0.244245 485.666 0 0
1500.0 94.584175 -41.077770 17.820393 0.580069 -0.629797 487.321 0 0
1500.0 22.184904 -38.327669 17.918272 -0.610876 -0.578070 483.048 0 0
1500.0 11.401965 25.593601 17.892613 -0.715895 0.465719 483.487 0 0
1500.0 4.688178 -0.833451 18.010325 -0.853069 -0.044154 483.952 0 0
1500.0 22.694077 29.422933 17.923821 -0.604851 0.465198 483.327 0 0
1500.0 24.474147 -23.446144 18.019119 -0.533529 -0.421520 483.456 0 0
1500.0 40.632815 -33.232670 18.020577 -0.286578 -0.572421 483.339 0 0
1500.0 58.532496 -61.594402 18.005183 -0.011657 -0.981959 485.038 0 0
1500.0 30.012562 -15.410567 18.025293 -0.407729 -0.271200 490.019 0 0
1500.0 133.682124 -54.109249 17.832797 1.242638 -0.824286 483.100 0 0
1500.0 54.027987 37.253602 17.817713 -0.018221 0.583012 489.169 0 0
1500.0 111.582250 -11.521832 17.808836 0.803218 -0.106534 488.355 0 0
1500.0 44.812532 60.104526 17.802533 -0.151674 0.926271 487.579 0 0
1500.0 23.258239 47.303952 17.803362 -0.488598 0.782761 483.926 0 0
1500.0 103.688297 -47.253201 17.945127 0.742499 -0.735695 486.706 0 0
1500.0 111.033838 -32.269762 17.948904 0.836025 -0.507982 487.846 0 0
1500.0 118.285974 -24.643230 17.936052 0.963515 -0.374249 487.095 0 0
1500.0 43.392503 20.428044 17.991544 -0.261469 0.368437 483.260 0 0
1500.0 78.968667 35.644265 17.984996 0.285347 0.598551 483.772 0 0
1500.0 122.534311 -47.076520 17.814389 0.991916 -0.689440 488.289 0 0
1500.0 100.888937 -10.320407 17.813727 0.629253 -0.212214 489.113 0 0
1500.0 105.537950 -40.910369 17.844637 0.715969 -0.691260 484.929 0 0
1500.0 77.525694 -23.499922 18.631850 0.409213 -0.419031 486.585 0 0
1500.0 69.559815 -17.465313 18.636690 0.267115 -0.302214 492.806 0 0
1500.0 -7.244903 -6.608348 17.898518 -1.026711 -0.060430 485.986 0 0
1500.0 29.912833 58.798733 17.898475 -0.472815 0.914199 486.001 0 0
1500.0 101.065037 21.280559 17.843432 0.681524 0.289443 489.375 0 0
1500.0 25.653086 45.699568 17.811259 -0.510007 0.712684 488.629 0 0
1500.0 89.591432 -57.505667 17.912777 0.519550 -0.909536 486.707 0 0
1500.0 70.332462 -65.322808 17.912737 0.234571 -1.021562 486.928 0 0
1500.0 94.410090 -30.209093 17.881608 0.583313 -0.537657 484.206 0 0
1500.0 61.564064 -43.015381 17.886292 0.073225 -0.675599 489.848 0 0
1500.0 77.844441 -38.302016 17.883833 0.330279 -0.663843 484.003 0 0
1500.0 113.917297 -1.867301 17.877425 0.876608 -0.102299 484.643 0 0
1500.0 80.650782 -10.144192 17.841422 0.416759 -0.113736 483.105 0 0
1500.0 57.794376 35.946202 17.836371 0.059447 0.602748 483.463 0 0
1500.0 123.959905 8.605980 17.816011 1.031577 0.169018 486.928 0 0
1500.0 59.027584 23.130017 17.841855 0.079076 0.406136 483.076 0 0
1500.0 104.351496 -17.633271 17.831062 0.715663 -0.209811 489.480 0 0
1500.0 88.949008 -58.259167 17.803078 0.487920 -0.925936 486.816 0 0
1500.0 102.821222 33.584832 18.121837 0.771422 0.541181 486.302 0 0
1500.0 75.566320 6.266082 18.142782 0.336534 0.123050 491.858 0 0
1500.0 28.737274 -37.588977 17.809863 -0.413114 -0.638751 485.208 0 0
1500.0 43.990602 -35.831637 18.019341 -0.171927 -0.627207 484.268 0 0
1500.0 114.162259 -25.697811 18.125759 0.925253 -0.480726 483.258 0 0
1500.0 78.590831 -37.033697 18.013612 0.358216 -0.639470 484.977 0 0
1500.0 64.115202 33.510097 18.101251 0.183591 0.565856 484.997 0 0
1500.0 84.995330 35.078877 18.097172 0.459543 0.538845 491.184 0 0
1500.0 115.801176 19.404543 18.083188 0.944626 0.339362 487.054 0 0
1500.0 27.215982 -19.064445 17.969934 -0.479411 -0.367589 484.527 0 0
1500.0 23.876760 -31.445432 17.963824 -0.526767 -0.554078 485.033 0 0
1500.0 15.614856 24.098010 17.875264 -0.725054 0.334795 483.679 0 0
1500.0 97.146655 27.349292 17.854747 0.626586 0.403278 490.218 0 0
1500.0 77.045782 -41.688752 17.862078 0.313612 -0.648014 490.352 0 0
1500.0 47.746240 33.367757 18.042536 -0.101659 0.583508 485.056 0 0
1500.0 90.132503 -17.171103 17.824196 0.507461 -0.199352 490.740 0 0
1500.0 97.336186 -11.240354 18.292045 0.712423 -0.213552 486.566 0 0
1500.0 122.627458 10.504012 17.877875 0.999023 0.226699 487.013 0 0
1500.0 72.417091 -65.160066 17.833469 0.267042 -1.007731 488.262 0 0
1500.0 71.411329 -23.674983 17.856938 0.267277 -0.421662 484.439 0 0
1500.0 88.126869 25.628208 18.402030 0.521764 0.458375 487.030 0 0
1500.0 91.638238 61.617717 17.993898 0.591554 0.982038 486.189 0 0
1500.0 40.734499 -56.580637 18.005136 -0.297586 -0.893688 486.963 0 0
1500.0 79.258715 -13.098062 17.908974 0.371669 -0.202608 491.999 0 0
1500.0 81.084491 -10.107571 17.907642 0.441514 -0.178752 484.817 0 0
1500.0 68.142000 -63.935251 17.888558 0.215740 -1.003345 487.524 0 0
1500.0 84.316864 0.825318 18.244170 0.456330 -0.039795 493.447 0 0
1500.0 102.721063 -14.234609 18.528228 0.806000 -0.258206 488.743 0 0
1500.0 44.343077 -55.311852 17.927154 -0.185586 -0.911460 486.986 0 0
1500.0 90.335170 -53.182467 17.923072 0.504465 -0.870097 487.683 0 0
1500.0 37.733950 28.172997 17.850526 -0.375325 0.389607 485.172 0 0
1500.0 80.457462 17.559840 17.971446 0.390279 0.277629 492.635 0 0
1500.0 69.095534 6.554775 18.629676 0.250426 0.169925 487.806 0 0
1500.0 97.566549 -6.798035 17.935359 0.638051 -0.095202 492.233 0 0
1500.0 69.593610 -15.750242 17.844915 0.221168 -0.257253 492.521 0 0
1500.0 75.283353 40.051382 17.878213 0.348869 0.675539 483.643 0 0
1500.0 115.161017 20.512557 17.830984 0.903687 0.374366 487.424 0 0
1500.0 126.753969 -1.239849 17.803525 1.070910 -0.066773 488.906 0 0
1500.0 89.211659 19.046268 18.003792 0.577544 0.284021 486.471 0 0
1500.0 117.953500 20.931182 18.029075 0.958651 0.368953 489.514 0 0
1500.0 133.864620 -8.062219 17.861275 1.289762 -0.082929 483.715 0 0
1500.0 113.400130 3.511593 17.833956 0.864730 -0.020805 487.411 0 0
1500.0 47.210677 -54.033653 17.831744 -0.147142 -0.897466 487.672 0 0
1500.0 122.333156 -9.924796 17.872694 0.999354 -0.102734 491.056 0 0
1500.0 119.882050 -0.266137 17.873038 0.997729 0.038764 488.711 0 0
1500.0 73.628306 0.906573 17.826362 0.286966 0.078090 485.966 0 0
1500.0 96.264028 38.165286 17.806188 0.625324 0.645193 487.654 0 0
1500.0 72.376028 0.628453 17.940749 0.280590 0.006949 494.163 0 0
1500.0 92.613516 52.388709 17.795020 0.484259 0.859309 488.490 0 0
1500.0 94.142882 55.344840 17.792664 0.503138 0.896442 489.048 0 0
1500.0 44.361471 1.676283 17.820683 -0.227186 0.085546 493.800 0 0
1500.0 59.034946 66.302026 17.791483 -0.023052 1.047981 489.861 0 0
1500.0 76.778163 17.337498 17.817282 0.253231 0.340603 486.286 0 0
1500.0 24.472550 48.820222 17.795659 -0.547140 0.806736 488.376 0 0
1500.0 136.838895 20.182055 17.831602 1.212413 0.259593 491.105 0 0
1500.0 26.441779 2.332668 17.909951 -0.523867 0.100524 486.903 0 0
1500.0 67.609154 29.243353 17.910041 0.114528 0.517881 486.897 0 0
1500.0 79.844382 31.004855 17.907085 0.303252 0.543358 487.115 0 0
1500.0 57.200359 64.741278 17.888358 -0.045096 1.027375 489.472 0 0
1500.0 15.645386 44.183893 17.892944 -0.640846 0.694823 491.979 0 0
1500.0 22.188284 55.369777 17.887351 -0.563114 0.881173 489.962 0 0
1500.0 41.364464 -49.924447 17.850597 -0.236097 -0.782713 492.608 0 0
1500.0 91.468261 17.248871 18.480915 0.633931 0.299283 490.779 0 0
1500.0 34.135347 -57.753423 17.884001 -0.317469 -0.935828 489.121 0 0
1500.0 107.716428 25.834072 18.080313 0.793807 0.461334 489.291 0 0
1500.0 87.969756 8.252962 18.133908 0.557314 0.075788 487.856 0 0
1500.0 74.572478 6.932039 18.690849 0.363278 0.148897 497.379 0 0
1500.0 100.360212 53.854702 17.917112 0.752786 0.857326 486.607 0 0
1500.0 113.479168 20.503231 17.845377 0.901674 0.276962 489.978 0 0
1500.0 29.002923 3.145532 17.823838 -0.532028 0.060746 487.612 0 0
1500.0 70.267416 52.750156 17.812599 0.109465 0.821764 488.554 0 0
1500.0 -4.462800 -11.970149 17.802266 -1.013415 -0.168163 490.156 0 0
1500.0 -4.382894 -22.285210 17.801114 -0.997545 -0.318114 491.137 0 0
1500.0 30.201070 62.003139 17.803892 -0.486461 0.927721 491.180 0 0
1500.0 44.895247 -65.697931 17.817188 -0.262205 -1.010967 490.909 0 0
1500.0 -2.978148 -0.677385 17.822672 -0.945293 -0.042320 492.981 0 0
1500.0 31.184097 20.359519 17.918642 -0.423360 0.409167 485.734 0 0
1500.0 37.717752 9.646995 17.863336 -0.392530 0.149697 487.912 0 0
1500.0 36.853721 -27.018609 17.858763 -0.403989 -0.420292 488.233 0 0
1500.0 5.535966 40.184824 17.824769 -0.817404 0.656296 491.403 0 0
1500.0 64.906232 -30.867269 17.835841 0.028119 -0.479885 488.125 0 0
1500.0 35.657358 -27.749202 17.833883 -0.386532 -0.389261 495.037 0 0
1500.0 37.969828 -58.145731 17.816527 -0.381113 -0.880024 489.979 0 0
1500.0 70.800509 64.451909 17.855766 0.247643 0.982459 492.896 0 0
1500.0 60.997541 -3.679555 17.884203 0.100545 -0.008555 495.940 0 0
1500.0 38.785171 -62.705648 17.896576 -0.337510 -0.976084 491.452 0 0
1500.0 43.289646 -0.871896 18.237822 -0.222682 -0.009752 497.342 0 0
1500.0 79.477558 -8.262088 17.888367 0.372250 -0.096330 495.981 0 0
1500.0 84.678346 -12.294914 17.884862 0.494433 -0.169692 488.825 0 0
1500.0 93.507026 30.148716 18.031989 0.563182 0.583583 483.430 0 0
1500.0 64.301318 74.034824 18.025217 0.164743 1.269308 486.329 0 0
1500.0 57.576823 -40.921991 17.873165 0.016537 -0.706057 489.633 0 0
1500.0 99.737555 -47.692071 17.803563 0.672894 -0.708389 493.816 0 0
1500.0 104.717151 11.437748 17.814789 0.730298 0.146273 495.215 0 0
1500.0 58.107483 -39.266501 17.819149 0.073967 -0.627625 489.263 0 0
1500.0 124.334429 2.768746 17.832137 1.046645 0.011403 492.742 0 0
1500.0 10.029771 -28.145367 17.826005 -0.740361 -0.505431 490.486 0 0
1500.0 97.699408 49.481041 17.961418 0.742774 0.826001 485.461 0 0
1500.0 26.064618 15.540408 18.039755 -0.495943 0.220136 495.882 0 0
1500.0 111.584753 -2.211729 17.876464 0.794865 -0.057629 498.426 0 0
1500.0 13.385580 -44.978771 17.812463 -0.650386 -0.724147 494.338 0 0
1500.0 44.832993 -32.811918 17.828152 -0.208672 -0.587094 489.726 0 0
1500.0 55.498777 -54.350797 17.815999 -0.042302 -0.905330 490.879 0 0
1500.0 44.190986 -61.042158 17.812140 -0.204200 -0.957711 494.280 0 0
1500.0 96.743084 70.749896 18.017098 0.705901 1.196932 487.133 0 0
1500.0 83.138104 -61.685634 17.940756 0.367629 -0.980589 493.271 0 0
1500.0 65.187113 -19.900534 17.822390 0.170134 -0.359882 489.399 0 0
1500.0 105.614089 1.793567 18.252583 0.859531 -0.024250 489.146 0 0
1500.0 9.425326 -16.896310 17.836745 -0.758716 -0.217165 495.893 0 0
1500.0 51.036868 66.266574 17.824424 -0.174791 1.015701 492.504 0 0
1500.0 13.106813 39.047584 17.827783 -0.750656 0.615588 491.743 0 0
1500.0 52.256046 -64.093614 17.848851 -0.064440 -1.029502 492.891 0 0
1500.0 94.048247 -4.118548 18.114927 0.662504 -0.057202 491.628 0 0
1500.0 80.289561 24.162721 18.117555 0.454231 0.375002 491.423 0 0
1500.0 57.572010 -65.784015 17.828407 -0.067671 -0.993973 494.963 0 0
1500.0 52.758230 22.015164 17.853034 -0.148163 0.303118 490.057 0 0
1500.0 -2.286275 10.234556 17.829240 -0.974511 0.114761 492.331 0 0
1500.0 83.047937 -36.280993 18.031676 0.464820 -0.603294 491.921 0 0
1500.0 95.237861 19.194106 18.734720 0.690499 0.365109 492.580 0 0
1500.0 56.569138 -30.134336 17.950366 0.033418 -0.531627 491.056 0 0
1500.0 114.720209 -30.170962 17.930153 0.872531 -0.497672 495.540 0 0
1500.0 64.261015 11.524694 18.039457 0.062408 0.210020 498.780 0 0
1500.0 71.938625 15.224348 18.037438 0.188559 0.292089 491.136 0 0
1500.0 74.984430 37.139976 17.976237 0.357345 0.600990 490.531 0 0
1500.0 66.661294 51.259396 17.910640 0.152951 0.880180 490.444 0 0
1500.0 133.318689 -0.682839 17.847511 1.206452 0.041358 492.166 0 0
1500.0 80.723016 -5.249956 18.386651 0.391453 -0.148003 495.594 0 0
1500.0 24.096392 50.655151 17.792904 -0.563538 0.823456 493.299 0 0
1500.0 79.503272 64.959033 17.793015 0.391297 0.959455 493.919 0 0
1500.0 117.217893 -16.219867 17.797471 0.924323 -0.246383 496.164 0 0
1500.0 70.281920 22.872610 17.818883 0.237774 0.309683 498.308 0 0
1500.0 89.317568 19.414239 17.843195 0.499395 0.365401 493.182 0 0
1500.0 97.148218 3.818290 17.843754 0.589666 0.123636 496.340 0 0
1500.0 59.569611 39.553358 17.842321 0.047425 0.641757 496.089 0 0
1500.0 107.474562 -12.067429 18.278969 0.857581 -0.221348 494.496 0 0
1500.0 32.152095 64.992152 17.887509 -0.404012 1.102642 490.870 0 0
1500.0 -0.351595 -27.216971 17.814746 -0.921786 -0.418857 496.160 0 0
1500.0 -7.721358 6.374289 17.812679 -1.045739 0.072110 495.079 0 0
1500.0 39.521866 10.602826 17.863818 -0.322098 0.175375 498.977 0 0
1500.0 -1.370325 -25.990227 17.839387 -0.938798 -0.354161 495.701 0 0
1500.0 29.546350 51.413394 17.842577 -0.496681 0.803899 494.001 0 0
1500.0 17.441613 -48.685802 17.841002 -0.675714 -0.701832 494.344 0 0
1500.0 39.281702 -0.397845 17.864611 -0.325194 0.021059 499.037 0 0
1500.0 80.172649 -54.421459 17.827329 0.339696 -0.900005 493.757 0 0
1500.0 10.210619 -39.269287 17.828708 -0.685067 -0.637881 497.131 0 0
1500.0 65.822489 2.274601 17.995166 0.132614 -0.041912 492.052 0 0
1500.0 147.544007 -46.523315 17.808602 1.366154 -0.713993 496.511 0 0
1500.0 69.951351 -23.729409 18.209285 0.194524 -0.428955 493.447 0 0
1500.0 40.210948 -51.090985 17.813148 -0.258652 -0.855226 493.433 0 0
1500.0 20.629971 -52.531569 17.808130 -0.530358 -0.834121 496.816 0 0
1500.0 88.474967 -58.989148 17.795071 0.526695 -0.889941 494.794 0 0
1500.0 71.558928 16.346520 17.893562 0.295628 0.263446 491.970 0 0
1500.0 118.176028 -9.099695 17.807531 0.901613 -0.187882 497.911 0 0
1500.0 47.251556 59.262663 17.984498 -0.201151 0.934893 494.745 0 0
1500.0 14.291042 20.015756 17.992631 -0.706515 0.350323 493.786 0 0
1500.0 88.847846 41.380236 18.037997 0.466913 0.717868 491.840 0 0
1500.0 119.555684 -10.794991 17.812126 0.961087 -0.143820 497.604 0 0
1500.0 106.212158 -46.853946 17.809026 0.775712 -0.673082 496.898 0 0
1500.0 69.482892 -21.512653 17.818406 0.250476 -0.326638 493.977 0 0
1500.0 98.782533 -20.807359 17.842186 0.590038 -0.387372 493.461 0 0
1500.0 109.869324 7.985290 17.951590 0.938687 0.100441 489.149 0 0
1500.0 -6.595052 -0.708483 17.800734 -1.007556 0.027133 497.514 0 0
1500.0 48.923186 11.369627 17.944221 -0.202365 0.151708 493.117 0 0
1500.0 75.789923 -4.212597 18.191583 0.326270 0.011777 494.160 0 0
1500.0 80.392199 -30.904479 17.990384 0.396333 -0.459020 500.464 0 0
1500.0 43.689305 46.277553 17.855978 -0.230894 0.784900 494.256 0 0
1500.0 12.371416 46.478593 17.852611 -0.734379 0.736760 496.239 0 0
1500.0 21.092811 6.941973 17.871176 -0.628591 0.154309 493.674 0 0
1500.0 -1.136181 21.451660 17.856274 -0.908857 0.354004 498.201 0 0
1500.0 86.254709 1.311995 18.110979 0.527097 -0.030174 494.302 0 0
1500.0 125.173813 4.709967 17.840921 1.040286 0.126995 496.981 0 0
1500.0 -14.232208 -88.824598 17.900982 -1.137358 -1.468398 493.096 0 0
1500.0 59.801059 -22.470598 18.267084 0.011694 -0.457893 487.715 0 0
1500.0 104.793216 -33.599289 18.015824 0.742978 -0.578362 496.529 0 0
1500.0 63.861743 -15.209855 18.037246 0.131878 -0.311129 494.595 0 0
1500.0 107.588915 -33.050074 18.014469 0.782525 -0.568328 496.738 0 0
1500.0 98.934693 22.563225 18.181734 0.727143 0.377900 496.679 0 0
1500.0 82.391293 36.385665 18.029309 0.420214 0.553781 501.611 0 0
1500.0 118.151254 -3.659611 18.005230 0.993340 -0.073054 497.618 0 0
1500.0 83.174687 -10.477857 18.293502 0.453882 -0.133648 505.242 0 0
1500.0 79.863441 36.362329 18.153133 0.370557 0.634376 495.910 0 0
1500.0 107.407367 25.169266 17.850751 0.747057 0.419694 500.787 0 0
1500.0 91.187833 47.777165 17.912208 0.570286 0.768315 497.148 0 0
1500.0 83.765477 20.229247 17.929705 0.425562 0.327554 502.252 0 0
1500.0 122.764383 1.930029 17.981059 1.032114 0.015709 499.742 0 0
1500.0 130.607503 -57.359957 17.809565 1.119059 -0.819020 500.276 0 0
1500.0 108.958343 -37.848274 17.833620 0.783896 -0.641333 497.840 0 0
1500.0 71.823800 -4.436028 17.860645 0.210497 -0.129871 502.830 0 0
1500.0 107.273243 -40.742705 17.835078 0.732504 -0.661247 500.212 0 0
1500.0 119.457221 1.296892 17.836969 0.950486 -0.054023 497.214 0 0
1500.0 67.948765 46.797008 17.824755 0.167736 0.794255 496.323 0 0
1500.0 62.734296 54.512436 17.820025 0.086904 0.905561 496.845 0 0
1500.0 56.603084 64.093917 17.814947 -0.006274 1.004244 499.941 0 0
1500.0 87.737195 -37.065825 17.880655 0.501990 -0.633093 496.972 0 0
1500.0 -3.359632 34.707878 17.819201 -0.983723 0.486662 499.066 0 0
1500.0 93.731035 -29.402378 18.112530 0.574799 -0.468066 503.521 0 0
1500.0 113.735510 -20.479418 17.886533 0.921666 -0.322325 498.737 0 0
1500.0 115.968210 -27.910375 18.015088 0.946855 -0.438213 500.508 0 0
1500.0 42.361348 38.139330 17.919545 -0.291596 0.632987 497.602 0 0
1500.0 104.422550 36.342587 17.819167 0.686169 0.626692 498.405 0 0
1500.0 7.350660 19.355641 17.821832 -0.794758 0.370093 498.075 0 0
1500.0 110.827554 -26.390334 18.020889 0.909773 -0.375789 497.494 0 0
1500.0 38.284209 -31.849414 18.061346 -0.366020 -0.645627 490.075 0 0
1500.0 84.541557 -18.236833 18.134078 0.480539 -0.345999 498.683 0 0
1500.0 49.325971 -29.204885 17.986562 -0.100137 -0.564700 492.416 0 0
1500.0 138.442829 43.227450 17.910282 1.293983 0.691462 499.409 0 0
1500.0 75.719839 -78.947801 17.806660 0.303757 -1.287740 498.132 0 0
1500.0 84.503692 31.078584 17.878542 0.385805 0.504156 505.471 0 0
1500.0 119.526072 14.260305 17.910941 0.997582 0.240072 501.255 0 0
1500.0 118.527344 -14.843294 17.912075 0.987084 -0.194539 500.957 0 0
1500.0 78.914377 0.869095 17.829955 0.385764 -0.035011 498.150 0 0
1500.0 111.154879 24.784608 17.936502 0.861391 0.470459 497.646 0 0
1500.0 76.211701 -84.469800 17.805489 0.207472 -1.322766 500.296 0 0
1500.0 85.141260 46.767573 17.835030 0.485663 0.696634 500.870 0 0
1500.0 77.786227 -33.694805 18.260958 0.333097 -0.592498 499.413 0 0
1500.0 84.801005 -9.790293 18.066118 0.518636 -0.149825 499.970 0 0
1500.0 50.994245 -46.627621 18.099969 -0.092057 -0.779231 501.098 0 0
1500.0 60.638610 -10.743059 18.115637 0.049180 -0.214116 507.679 0 0
1500.0 41.861718 -21.303286 18.111027 -0.233581 -0.400876 500.211 0 0
1500.0 67.408508 59.731979 18.041519 0.176037 1.104639 493.875 0 0
1500.0 65.491350 -9.732837 17.860544 0.122903 -0.203616 507.270 0 0
1500.0 60.179603 -50.447560 17.844725 0.049617 -0.786724 505.959 0 0
1500.0 87.300797 -75.315948 17.827236 0.481337 -1.177676 503.309 0 0
1500.0 82.292700 -41.948684 18.155767 0.471482 -0.687909 501.748 0 0
1500.0 77.522663 17.095122 17.878548 0.383386 0.235696 498.370 0 0
1500.0 81.338790 -0.615313 17.885279 0.433331 0.033670 500.524 0 0
1500.0 74.642847 17.226982 17.843697 0.275783 0.296767 507.789 0 0
1500.0 41.345604 55.893261 17.826601 -0.195365 0.857767 506.219 0 0
1500.0 3.015134 -35.581078 17.891148 -0.848637 -0.561178 505.292 0 0
1500.0 123.801887 -13.174297 17.841172 0.998429 -0.269919 503.563 0 0
1500.0 89.817632 -57.659727 17.840400 0.487626 -0.927082 504.054 0 0
1500.0 100.689194 -34.911633 17.851136 0.625121 -0.568578 506.601 0 0
1500.0 67.566684 -60.823447 17.843033 0.160337 -0.988737 503.045 0 0
1500.0 123.665378 -14.740010 17.840987 0.995243 -0.292949 503.640 0 0
1500.0 93.364185 -55.034704 17.841746 0.532259 -0.875173 505.058 0 0
1500.0 88.128499 -57.388156 17.840929 0.465271 -0.928390 503.667 0 0
1500.0 31.498927 35.736690 17.926679 -0.424133 0.663478 497.982 0 0
1500.0 84.479253 -1.092704 18.249741 0.483977 -0.014173 509.212 0 0
1500.0 101.945406 38.524195 17.910916 0.686916 0.699967 498.672 0 0
1500.0 72.977115 -30.835115 17.836908 0.204695 -0.504336 507.974 0 0
1500.0 133.952382 -44.497556 17.881565 1.319250 -0.753816 497.931 0 0
1500.0 34.285880 12.691484 17.918263 -0.396180 0.294557 497.371 0 0
1500.0 47.409076 32.854042 17.897268 -0.100411 0.562122 502.039 0 0
1500.0 133.756426 -11.610672 18.041555 1.321750 -0.221364 499.269 0 0
1500.0 128.319506 -20.678105 17.842764 1.134517 -0.378045 502.570 0 0
1500.0 116.963816 -3.393745 18.176460 0.991729 -0.050610 505.700 0 0
1500.0 98.962704 -7.642538 18.188084 0.741594 -0.115916 504.243 0 0
1500.0 73.870752 31.493844 17.892749 0.257222 0.506701 509.521 0 0
1500.0 70.700569 21.096634 18.148982 0.165737 0.338586 513.626 0 0
1500.0 116.211348 -7.651837 18.398973 1.104761 -0.219715 494.511 0 0
1500.0 90.323248 0.345087 18.400529 0.694323 0.047104 493.906 0 0
1500.0 125.222436 9.043156 17.800995 1.029122 0.197375 506.618 0 0
1500.0 63.864094 34.911981 17.820946 0.127641 0.609149 503.385 0 0
1500.0 117.357269 26.384548 17.993007 0.944842 0.444501 506.965 0 0
1500.0 91.589349 -2.510913 18.111675 0.599413 0.019885 504.754 0 0
1500.0 70.840205 -43.824815 17.942803 0.202626 -0.687784 510.362 0 0
1500.0 41.637399 8.855296 17.908890 -0.328046 0.108593 502.320 0 0
1500.0 72.037018 -64.505158 17.884056 0.261348 -0.994526 508.150 0 0
1500.0 24.110016 37.941891 17.805354 -0.480545 0.611624 510.506 0 0
1500.0 124.714094 18.036412 17.791479 0.991225 0.341117 507.803 0 0
1500.0 72.827574 46.639070 17.803173 0.230481 0.793436 505.387 0 0
1500.0 50.125846 38.181667 17.809368 -0.119490 0.669157 504.831 0 0
1500.0 109.049822 41.524058 17.792251 0.766331 0.695815 507.163 0 0
1500.0 -5.945273 3.326364 17.795680 -0.966205 0.125834 506.339 0 0
1500.0 83.351254 59.086076 17.792392 0.382127 0.959367 507.109 0 0
1500.0 116.489251 30.200310 17.794520 0.853575 0.511948 509.048 0 0
1500.0 19.377710 21.703253 17.810003 -0.544626 0.377901 510.938 0 0
1500.0 74.004680 -5.510397 18.097351 0.255600 -0.157965 505.226 0 0
1500.0 36.648644 1.210027 17.995290 -0.318660 -0.039988 512.522 0 0
1500.0 86.881367 -17.929018 17.990023 0.421003 -0.339756 505.314 0 0
1500.0 66.265062 49.586099 17.850707 0.094146 0.771351 511.216 0 0
1500.0 20.713803 15.599985 17.856888 -0.548936 0.285972 511.779 0 0
1500.0 62.136694 5.361854 17.866877 0.039094 0.157347 504.682 0 0
1500.0 129.136186 8.479990 18.131251 1.279134 0.134043 501.723 0 0
1500.0 40.983855 36.549945 17.812651 -0.313943 0.528778 511.676 0 0
1500.0 81.698480 -60.229345 17.804265 0.408524 -0.949757 508.058 0 0
1500.0 110.737324 13.445075 17.815508 0.804551 0.145376 511.245 0 0
1500.0 67.446432 -18.741744 17.916890 0.184096 -0.315642 512.954 0 0
1500.0 103.022531 -27.530340 17.901626 0.693420 -0.446573 511.624 0 0
1500.0 78.702383 3.798933 17.917046 0.340275 0.077752 515.840 0 0
1500.0 36.117737 -20.909122 17.915522 -0.402682 -0.350209 505.880 0 0
1500.0 85.436576 -59.477065 17.854703 0.482780 -0.914190 508.479 0 0
1500.0 70.997518 -27.607756 18.087713 0.139686 -0.511362 498.038 0 0
1500.0 31.590099 115.375482 17.819837 -0.480404 1.814469 506.634 0 0
1500.0 -45.980126 -74.638415 17.917864 -1.705348 -1.318098 502.255 0 0
1500.0 36.151616 -13.739042 18.074702 -0.415406 -0.299053 501.154 0 0
1500.0 35.794918 -0.983055 17.861729 -0.321416 -0.082620 513.842 0 0
1500.0 100.704815 -5.880661 18.293199 0.771193 -0.115557 509.075 0 0
1500.0 104.944058 31.693763 18.124852 0.801919 0.610225 503.134 0 0
1500.0 100.831534 -42.847913 17.986210 0.734830 -0.797049 503.165 0 0
1500.0 95.268992 22.443113 17.858081 0.570151 0.374819 514.040 0 0
1500.0 95.493574 -15.757258 17.859170 0.627654 -0.180934 507.918 0 0
1500.0 83.991017 -48.146564 18.409460 0.543660 -0.953217 498.608 0 0
1500.0 57.632926 36.843846 18.076823 0.062708 0.678223 503.856 0 0
1500.0 79.901668 64.679151 17.819816 0.304694 1.060776 509.193 0 0
1500.0 91.534860 -14.594896 18.272641 0.646598 -0.332661 501.453 0 0
1500.0 69.181262 15.322715 18.018781 0.229955 0.306753 508.648 0 0
1500.0 90.692643 -6.151283 17.895981 0.546256 -0.024545 508.465 0 0
1500.0 80.704548 -44.123742 17.851496 0.432408 -0.717118 507.809 0 0
1500.0 88.676300 25.497150 18.086853 0.575803 0.402238 510.189 0 0
1500.0 45.505880 65.028163 17.866342 -0.177353 1.033122 512.402 0 0
1500.0 105.438885 33.061076 18.095333 0.764117 0.606253 507.052 0 0
1500.0 53.861960 -58.538552 17.973261 -0.019773 -1.049845 504.643 0 0
1500.0 107.252405 35.101154 18.172668 0.837472 0.650057 506.999 0 0
1500.0 105.427916 -36.260346 18.173868 0.800942 -0.662427 507.625 0 0
1500.0 118.684679 -1.979798 17.850253 0.948698 -0.040185 514.787 0 0
1500.0 66.210530 51.828355 17.877500 0.090286 0.800592 516.120 0 0
1500.0 19.119866 23.307594 17.879580 -0.626320 0.427125 510.840 0 0
1500.0 11.242379 37.362019 17.871944 -0.697892 0.600564 515.457 0 0
1500.0 53.376475 34.627325 17.886981 -0.091087 0.549289 516.981 0 0
1500.0 84.753577 -22.093944 18.187260 0.491380 -0.478688 502.394 0 0
1500.0 57.573900 -6.286211 18.156034 0.060498 -0.148561 518.634 0 0
1500.0 69.604889 -48.290937 17.872169 0.191844 -0.752885 516.347 0 0
1500.0 59.201999 -61.852511 17.863176 0.044861 -0.960724 515.226 0 0
1500.0 85.250830 -59.110105 17.859744 0.425191 -0.931038 514.490 0 0
1500.0 18.737229 -50.098084 17.861206 -0.561702 -0.824548 512.417 0 0
1500.0 11.825579 -22.453861 17.914230 -0.711047 -0.343698 516.477 0 0
1500.0 22.996129 12.597315 17.920744 -0.602023 0.166887 510.696 0 0
1500.0 14.653511 4.805555 17.919187 -0.666528 0.042467 516.945 0 0
1500.0 54.207827 -53.492842 17.911420 -0.118517 -0.842809 511.532 0 0
1500.0 59.495149 -2.518186 18.217059 -0.000853 -0.016387 511.062 0 0
1500.0 32.717908 -34.862722 17.881048 -0.395578 -0.570102 515.241 0 0
1500.0 157.964172 -45.993358 18.121781 1.823094 -0.899424 502.642 0 0
1500.0 54.311478 -43.573265 18.096266 -0.004620 -0.796197 507.085 0 0
1500.0 86.777900 33.507855 18.123908 0.527873 0.663876 505.028 0 0
1500.0 96.931215 47.592861 17.801039 0.610073 0.741028 516.636 0 0
1500.0 97.885817 -5.836427 17.814327 0.668455 -0.034567 512.029 0 0
1500.0 84.750260 41.398607 17.810263 0.426769 0.640855 517.770 0 0
1500.0 91.499278 6.924929 17.989106 0.600102 0.064696 512.684 0 0
1500.0 119.869565 31.041692 17.990337 1.045531 0.522525 512.225 0 0
1500.0 62.310779 9.811860 18.077695 0.034786 0.106669 512.516 0 0
1500.0 44.558446 -18.638046 18.074307 -0.214595 -0.298389 520.178 0 0
1500.0 -23.085926 -36.290171 17.864633 -1.342031 -0.659644 510.155 0 0
1500.0 84.503636 50.462337 18.035507 0.459103 0.824015 514.886 0 0
1500.0 87.202881 3.598675 17.958346 0.480540 0.087606 520.271 0 0
1500.0 90.459428 -15.350142 17.954533 0.580816 -0.195450 513.515 0 0
1500.0 97.215152 20.701412 17.813113 0.650718 0.379409 513.607 0 0
1500.0 39.027491 -60.656763 17.811417 -0.301661 -0.982051 516.032 0 0
1500.0 29.393699 0.204263 17.879552 -0.480287 0.070144 513.652 0 0
1500.0 -6.291310 20.460319 17.851356 -0.970820 0.365383 517.779 0 0
1500.0 120.375398 14.076369 17.961749 0.992088 0.210178 518.987 0 0
1500.0 129.248693 57.465606 17.883746 1.153780 0.960721 514.435 0 0
1500.0 99.467468 1.203218 18.139620 0.739027 -0.011553 516.392 0 0
1500.0 -5.018288 21.646095 17.852339 -0.973750 0.368564 518.780 0 0
1500.0 32.546134 31.718906 17.868900 -0.444430 0.543076 515.427 0 0
1500.0 44.769201 36.107465 17.870364 -0.256274 0.611926 515.308 0 0
1500.0 23.355653 36.703723 17.862666 -0.581052 0.614497 516.008 0 0
1500.0 158.065876 20.557293 17.817027 1.628829 0.325197 514.987 0 0
1500.0 38.750395 -38.690250 17.896031 -0.326882 -0.578525 521.753 0 0
1500.0 39.853807 -35.326164 17.897824 -0.310654 -0.529951 521.907 0 0
1500.0 34.606106 -45.357775 17.888652 -0.417572 -0.728838 516.273 0 0
1500.0 -7.327347 -2.454387 17.878480 -1.031655 -0.071478 517.961 0 0
1500.0 37.887236 -44.340295 17.890288 -0.368366 -0.715090 516.108 0 0
1500.0 122.287769 11.169245 18.015748 1.028940 0.196725 519.537 0 0
1500.0 1.057915 100.870775 17.873387 -0.941804 1.570435 516.340 0 0
1500.0 63.992230 28.788795 17.857216 0.106834 0.524609 515.719 0 0
1500.0 101.740037 -40.579709 17.858576 0.690353 -0.626644 521.753 0 0
1500.0 97.834841 -52.502764 17.852688 0.646383 -0.813469 520.441 0 0
1500.0 123.149344 8.330638 17.854180 1.010055 0.077698 520.941 0 0
1500.0 22.918869 -29.676269 18.216223 -0.603741 -0.537275 513.172 0 0
1500.0 104.636054 10.459217 17.810171 0.790969 0.159393 517.700 0 0
1500.0 67.037095 26.661630 17.822305 0.215691 0.414906 516.726 0 0
1500.0 68.759290 -51.099411 17.809463 0.238701 -0.786924 517.770 0 0
1500.0 114.999916 -14.838693 17.802367 0.936813 -0.226556 518.645 0 0
1500.0 99.462188 -17.646784 17.928752 0.652792 -0.347423 517.932 0 0
1500.0 86.093427 12.692880 17.972437 0.459607 0.222997 524.626 0 0
1500.0 100.249507 -53.218301 17.862139 0.615285 -0.883700 519.331 0 0
1500.0 111.020605 -20.922937 17.876647 0.809241 -0.354528 524.084 0 0
1500.0 106.063801 -28.577522 17.877254 0.737569 -0.463511 524.158 0 0
1500.0 94.778323 -44.849704 17.875495 0.578169 -0.698196 523.937 0 0
1500.0 89.648952 -57.389431 17.868671 0.514467 -0.894985 522.606 0 0
1500.0 88.110204 -55.043322 17.869600 0.504251 -0.882165 520.941 0 0
1500.0 110.699784 -28.386717 17.928946 0.838019 -0.423247 524.297 0 0
1500.0 123.723809 11.903349 17.851642 1.050713 0.113480 519.363 0 0
1500.0 123.876858 8.892449 17.813933 1.023302 0.089270 524.067 0 0
1500.0 108.725532 33.814639 17.817949 0.830985 0.470607 521.650 0 0
1500.0 143.480927 -56.591017 17.818930 1.328296 -0.835427 524.023 0 0
1500.0 76.420722 -6.442077 17.943114 0.361552 -0.146393 520.437 0 0
1500.0 79.085215 75.640725 18.088774 0.373356 1.380730 514.981 0 0
1500.0 95.707045 -25.997595 17.879531 0.615425 -0.469696 522.833 0 0
1500.0 42.646818 56.966463 17.855236 -0.234056 0.888148 527.546 0 0
1500.0 53.165797 -17.887892 17.862111 -0.162017 -0.302815 520.780 0 0
1500.0 117.445521 -27.146025 17.880409 0.912350 -0.477141 527.204 0 0
1500.0 55.776647 -40.575847 17.896345 -0.007652 -0.699894 525.053 0 0
1500.0 44.963849 -17.440041 18.109686 -0.244020 -0.246749 524.133 0 0
1500.0 47.671134 -7.177348 17.851417 -0.208947 -0.073345 531.818 0 0
1500.0 0.919220 28.143042 17.823187 -0.923817 0.450196 527.041 0 0
1500.0 82.119051 44.436004 17.835987 0.300131 0.713851 525.195 0 0
1500.0 92.857472 -23.437792 17.820937 0.568076 -0.294621 528.417 0 0
1500.0 36.454202 -43.488974 17.836754 -0.405641 -0.638579 525.154 0 0
1500.0 43.007346 -36.154375 17.871448 -0.178726 -0.573235 532.597 0 0
1500.0 71.100223 1.811274 17.879858 0.240885 -0.042952 525.506 0 0
1500.0 116.734356 17.916650 17.853979 0.922894 0.260172 531.638 0 0
1500.0 65.270130 10.201552 17.829569 0.041564 0.123255 526.954 0 0
1500.0 35.353445 -22.001788 18.004011 -0.469575 -0.381447 522.975 0 0
1500.0 35.983884 24.648894 17.870572 -0.303078 0.451480 529.275 0 0
1500.0 86.766331 51.286039 17.801231 0.430989 0.854425 532.031 0 0
1500.0 30.085262 -42.789415 18.074546 -0.469344 -0.796727 527.251 0 0
1500.0 177.943452 -79.243594 17.819946 1.846530 -1.315726 531.152 0 0
1500.0 116.830208 23.194024 17.800940 0.899636 0.286396 539.188 0 0
1500.0 44.093142 60.877986 17.864783 -0.268726 0.954825 540.245 0 0
1500.0 -1.571601 20.278390 17.865681 -0.918015 0.330226 542.988 0 0
1500.0 77.801079 29.312151 17.883763 0.246007 0.494845 538.225 0 0
1500.0 15.394815 51.087654 17.861568 -0.686933 0.791747 541.566 0 0
1500.0 31.942304 -31.784753 17.880576 -0.464008 -0.451716 538.465 0 0
1500.0 26.737087 -36.973621 17.867201 -0.506009 -0.549036 545.404 0 0
1500.0 21.863434 -17.769450 17.934031 -0.638365 -0.234258 544.940 0 0
